INFO | - Epoch 000, ExpID 48327 best_epoch=0 improved=1
INFO | Train - Loss (last batch): 0.00642
INFO | Val - Loss, MSE, MAE: 0.00588, 0.00588, 0.06361
INFO | Test - Best epoch, Loss, MSE, MAE: 0, 0.00541, 0.00541, 0.06072
INFO | Test - Points (EXACT): total_masked=96963 correct=7169 right_rate=7.3935%
INFO | - Epoch 001, ExpID 48327 best_epoch=1 improved=1
INFO | Train - Loss (last batch): 0.00143
INFO | Val - Loss, MSE, MAE: 0.00198, 0.00198, 0.03147
INFO | Test - Best epoch, Loss, MSE, MAE: 1, 0.00189, 0.00189, 0.03108
INFO | Test - Points (EXACT): total_masked=96963 correct=16647 right_rate=17.1684%
INFO | - Epoch 002, ExpID 48327 best_epoch=2 improved=1
INFO | Train - Loss (last batch): 0.00142
INFO | Val - Loss, MSE, MAE: 0.00142, 0.00142, 0.02450
INFO | Test - Best epoch, Loss, MSE, MAE: 2, 0.00134, 0.00134, 0.02410
INFO | Test - Points (EXACT): total_masked=96963 correct=27790 right_rate=28.6604%
INFO | - Epoch 003, ExpID 48327 best_epoch=3 improved=1
INFO | Train - Loss (last batch): 0.00120
INFO | Val - Loss, MSE, MAE: 0.00139, 0.00139, 0.02450
INFO | Test - Best epoch, Loss, MSE, MAE: 3, 0.00133, 0.00133, 0.02435
INFO | Test - Points (EXACT): total_masked=96963 correct=24961 right_rate=25.7428%
INFO | - Epoch 004, ExpID 48327 best_epoch=4 improved=1
INFO | Train - Loss (last batch): 0.00103
INFO | Val - Loss, MSE, MAE: 0.00131, 0.00131, 0.02348
INFO | Test - Best epoch, Loss, MSE, MAE: 4, 0.00124, 0.00124, 0.02319
INFO | Test - Points (EXACT): total_masked=96963 correct=27740 right_rate=28.6089%
INFO | - Epoch 005, ExpID 48327 best_epoch=5 improved=1
INFO | Train - Loss (last batch): 0.00114
INFO | Val - Loss, MSE, MAE: 0.00123, 0.00123, 0.02198
INFO | Test - Best epoch, Loss, MSE, MAE: 5, 0.00115, 0.00115, 0.02167
INFO | Test - Points (EXACT): total_masked=96963 correct=32147 right_rate=33.1539%
INFO | - Epoch 006, ExpID 48327 best_epoch=5 improved=0
INFO | Train - Loss (last batch): 0.00165
INFO | Val - Loss, MSE, MAE: 0.00124, 0.00124, 0.02242
INFO | Test - Best epoch, Loss, MSE, MAE: 5, 0.00115, 0.00115, 0.02167
INFO | Test - Points (EXACT): total_masked=96963 correct=32147 right_rate=33.1539%
INFO | - Epoch 007, ExpID 48327 best_epoch=7 improved=1
INFO | Train - Loss (last batch): 0.00110
INFO | Val - Loss, MSE, MAE: 0.00120, 0.00120, 0.02137
INFO | Test - Best epoch, Loss, MSE, MAE: 7, 0.00113, 0.00113, 0.02108
INFO | Test - Points (EXACT): total_masked=96963 correct=34495 right_rate=35.5754%
INFO | - Epoch 008, ExpID 48327 best_epoch=7 improved=0
INFO | Train - Loss (last batch): 0.00121
INFO | Val - Loss, MSE, MAE: 0.00138, 0.00138, 0.02571
INFO | Test - Best epoch, Loss, MSE, MAE: 7, 0.00113, 0.00113, 0.02108
INFO | Test - Points (EXACT): total_masked=96963 correct=34495 right_rate=35.5754%
INFO | - Epoch 009, ExpID 48327 best_epoch=7 improved=0
INFO | Train - Loss (last batch): 0.00140
INFO | Val - Loss, MSE, MAE: 0.00126, 0.00126, 0.02296
INFO | Test - Best epoch, Loss, MSE, MAE: 7, 0.00113, 0.00113, 0.02108
INFO | Test - Points (EXACT): total_masked=96963 correct=34495 right_rate=35.5754%
INFO | - Epoch 010, ExpID 48327 best_epoch=10 improved=1
INFO | Train - Loss (last batch): 0.00084
INFO | Val - Loss, MSE, MAE: 0.00115, 0.00115, 0.02068
INFO | Test - Best epoch, Loss, MSE, MAE: 10, 0.00107, 0.00107, 0.02027
INFO | Test - Points (EXACT): total_masked=96963 correct=36818 right_rate=37.9712%
INFO | - Epoch 011, ExpID 48327 best_epoch=10 improved=0
INFO | Train - Loss (last batch): 0.00096
INFO | Val - Loss, MSE, MAE: 0.00117, 0.00117, 0.02106
INFO | Test - Best epoch, Loss, MSE, MAE: 10, 0.00107, 0.00107, 0.02027
INFO | Test - Points (EXACT): total_masked=96963 correct=36818 right_rate=37.9712%
INFO | - Epoch 012, ExpID 48327 best_epoch=10 improved=0
INFO | Train - Loss (last batch): 0.00111
INFO | Val - Loss, MSE, MAE: 0.00116, 0.00116, 0.02131
INFO | Test - Best epoch, Loss, MSE, MAE: 10, 0.00107, 0.00107, 0.02027
INFO | Test - Points (EXACT): total_masked=96963 correct=36818 right_rate=37.9712%
INFO | - Epoch 013, ExpID 48327 best_epoch=10 improved=0
INFO | Train - Loss (last batch): 0.00105
INFO | Val - Loss, MSE, MAE: 0.00191, 0.00191, 0.03289
INFO | Test - Best epoch, Loss, MSE, MAE: 10, 0.00107, 0.00107, 0.02027
INFO | Test - Points (EXACT): total_masked=96963 correct=36818 right_rate=37.9712%
INFO | - Epoch 014, ExpID 48327 best_epoch=10 improved=0
INFO | Train - Loss (last batch): 0.00098
INFO | Val - Loss, MSE, MAE: 0.00179, 0.00179, 0.03222
INFO | Test - Best epoch, Loss, MSE, MAE: 10, 0.00107, 0.00107, 0.02027
INFO | Test - Points (EXACT): total_masked=96963 correct=36818 right_rate=37.9712%
INFO | - Epoch 015, ExpID 48327 best_epoch=10 improved=0
INFO | Train - Loss (last batch): 0.00116
INFO | Val - Loss, MSE, MAE: 0.00149, 0.00149, 0.02760
INFO | Test - Best epoch, Loss, MSE, MAE: 10, 0.00107, 0.00107, 0.02027
INFO | Test - Points (EXACT): total_masked=96963 correct=36818 right_rate=37.9712%
INFO | - Epoch 016, ExpID 48327 best_epoch=10 improved=0
INFO | Train - Loss (last batch): 0.00078
INFO | Val - Loss, MSE, MAE: 0.00141, 0.00141, 0.02613
INFO | Test - Best epoch, Loss, MSE, MAE: 10, 0.00107, 0.00107, 0.02027
INFO | Test - Points (EXACT): total_masked=96963 correct=36818 right_rate=37.9712%
INFO | - Epoch 017, ExpID 48327 best_epoch=17 improved=1
INFO | Train - Loss (last batch): 0.00080
INFO | Val - Loss, MSE, MAE: 0.00113, 0.00113, 0.02058
INFO | Test - Best epoch, Loss, MSE, MAE: 17, 0.00106, 0.00106, 0.02023
INFO | Test - Points (EXACT): total_masked=96963 correct=36956 right_rate=38.1135%
INFO | - Epoch 018, ExpID 48327 best_epoch=17 improved=0
INFO | Train - Loss (last batch): 0.00099
INFO | Val - Loss, MSE, MAE: 0.00122, 0.00122, 0.02284
INFO | Test - Best epoch, Loss, MSE, MAE: 17, 0.00106, 0.00106, 0.02023
INFO | Test - Points (EXACT): total_masked=96963 correct=36956 right_rate=38.1135%
INFO | - Epoch 019, ExpID 48327 best_epoch=17 improved=0
INFO | Train - Loss (last batch): 0.00102
INFO | Val - Loss, MSE, MAE: 0.00129, 0.00129, 0.02412
INFO | Test - Best epoch, Loss, MSE, MAE: 17, 0.00106, 0.00106, 0.02023
INFO | Test - Points (EXACT): total_masked=96963 correct=36956 right_rate=38.1135%
INFO | - Epoch 020, ExpID 48327 best_epoch=20 improved=1
INFO | Train - Loss (last batch): 0.00099
INFO | Val - Loss, MSE, MAE: 0.00112, 0.00112, 0.02078
INFO | Test - Best epoch, Loss, MSE, MAE: 20, 0.00104, 0.00104, 0.02034
INFO | Test - Points (EXACT): total_masked=96963 correct=35473 right_rate=36.5841%
INFO | - Epoch 021, ExpID 48327 best_epoch=21 improved=1
INFO | Train - Loss (last batch): 0.00136
INFO | Val - Loss, MSE, MAE: 0.00109, 0.00109, 0.01994
INFO | Test - Best epoch, Loss, MSE, MAE: 21, 0.00102, 0.00102, 0.01960
INFO | Test - Points (EXACT): total_masked=96963 correct=37965 right_rate=39.1541%
INFO | - Epoch 022, ExpID 48327 best_epoch=21 improved=0
INFO | Train - Loss (last batch): 0.00109
INFO | Val - Loss, MSE, MAE: 0.00114, 0.00114, 0.02124
INFO | Test - Best epoch, Loss, MSE, MAE: 21, 0.00102, 0.00102, 0.01960
INFO | Test - Points (EXACT): total_masked=96963 correct=37965 right_rate=39.1541%
INFO | - Epoch 023, ExpID 48327 best_epoch=21 improved=0
INFO | Train - Loss (last batch): 0.00105
INFO | Val - Loss, MSE, MAE: 0.00162, 0.00162, 0.02970
INFO | Test - Best epoch, Loss, MSE, MAE: 21, 0.00102, 0.00102, 0.01960
INFO | Test - Points (EXACT): total_masked=96963 correct=37965 right_rate=39.1541%
INFO | - Epoch 024, ExpID 48327 best_epoch=21 improved=0
INFO | Train - Loss (last batch): 0.00081
INFO | Val - Loss, MSE, MAE: 0.00117, 0.00117, 0.02194
INFO | Test - Best epoch, Loss, MSE, MAE: 21, 0.00102, 0.00102, 0.01960
INFO | Test - Points (EXACT): total_masked=96963 correct=37965 right_rate=39.1541%
INFO | - Epoch 025, ExpID 48327 best_epoch=21 improved=0
INFO | Train - Loss (last batch): 0.00090
INFO | Val - Loss, MSE, MAE: 0.00146, 0.00146, 0.02720
INFO | Test - Best epoch, Loss, MSE, MAE: 21, 0.00102, 0.00102, 0.01960
INFO | Test - Points (EXACT): total_masked=96963 correct=37965 right_rate=39.1541%
INFO | - Epoch 026, ExpID 48327 best_epoch=26 improved=1
INFO | Train - Loss (last batch): 0.00132
INFO | Val - Loss, MSE, MAE: 0.00108, 0.00108, 0.02003
INFO | Test - Best epoch, Loss, MSE, MAE: 26, 0.00101, 0.00101, 0.01967
INFO | Test - Points (EXACT): total_masked=96963 correct=37453 right_rate=38.6261%
INFO | - Epoch 027, ExpID 48327 best_epoch=26 improved=0
INFO | Train - Loss (last batch): 0.00098
INFO | Val - Loss, MSE, MAE: 0.00135, 0.00135, 0.02589
INFO | Test - Best epoch, Loss, MSE, MAE: 26, 0.00101, 0.00101, 0.01967
INFO | Test - Points (EXACT): total_masked=96963 correct=37453 right_rate=38.6261%
INFO | - Epoch 028, ExpID 48327 best_epoch=26 improved=0
INFO | Train - Loss (last batch): 0.00122
INFO | Val - Loss, MSE, MAE: 0.00115, 0.00115, 0.02153
INFO | Test - Best epoch, Loss, MSE, MAE: 26, 0.00101, 0.00101, 0.01967
INFO | Test - Points (EXACT): total_masked=96963 correct=37453 right_rate=38.6261%
INFO | - Epoch 029, ExpID 48327 best_epoch=26 improved=0
INFO | Train - Loss (last batch): 0.00120
INFO | Val - Loss, MSE, MAE: 0.00117, 0.00117, 0.02239
INFO | Test - Best epoch, Loss, MSE, MAE: 26, 0.00101, 0.00101, 0.01967
INFO | Test - Points (EXACT): total_masked=96963 correct=37453 right_rate=38.6261%
INFO | - Epoch 030, ExpID 48327 best_epoch=30 improved=1
INFO | Train - Loss (last batch): 0.00086
INFO | Val - Loss, MSE, MAE: 0.00107, 0.00107, 0.02008
INFO | Test - Best epoch, Loss, MSE, MAE: 30, 0.00101, 0.00101, 0.01982
INFO | Test - Points (EXACT): total_masked=96963 correct=36311 right_rate=37.4483%
INFO | - Epoch 031, ExpID 48327 best_epoch=30 improved=0
INFO | Train - Loss (last batch): 0.00089
INFO | Val - Loss, MSE, MAE: 0.00114, 0.00114, 0.02144
INFO | Test - Best epoch, Loss, MSE, MAE: 30, 0.00101, 0.00101, 0.01982
INFO | Test - Points (EXACT): total_masked=96963 correct=36311 right_rate=37.4483%
INFO | - Epoch 032, ExpID 48327 best_epoch=30 improved=0
INFO | Train - Loss (last batch): 0.00089
INFO | Val - Loss, MSE, MAE: 0.00109, 0.00109, 0.02066
INFO | Test - Best epoch, Loss, MSE, MAE: 30, 0.00101, 0.00101, 0.01982
INFO | Test - Points (EXACT): total_masked=96963 correct=36311 right_rate=37.4483%
INFO | - Epoch 033, ExpID 48327 best_epoch=33 improved=1
INFO | Train - Loss (last batch): 0.00104
INFO | Val - Loss, MSE, MAE: 0.00104, 0.00104, 0.01957
INFO | Test - Best epoch, Loss, MSE, MAE: 33, 0.00098, 0.00098, 0.01918
INFO | Test - Points (EXACT): total_masked=96963 correct=37788 right_rate=38.9716%
INFO | - Epoch 034, ExpID 48327 best_epoch=33 improved=0
INFO | Train - Loss (last batch): 0.00086
INFO | Val - Loss, MSE, MAE: 0.00112, 0.00112, 0.02104
INFO | Test - Best epoch, Loss, MSE, MAE: 33, 0.00098, 0.00098, 0.01918
INFO | Test - Points (EXACT): total_masked=96963 correct=37788 right_rate=38.9716%
INFO | - Epoch 035, ExpID 48327 best_epoch=33 improved=0
INFO | Train - Loss (last batch): 0.00111
INFO | Val - Loss, MSE, MAE: 0.00112, 0.00112, 0.02128
INFO | Test - Best epoch, Loss, MSE, MAE: 33, 0.00098, 0.00098, 0.01918
INFO | Test - Points (EXACT): total_masked=96963 correct=37788 right_rate=38.9716%
INFO | - Epoch 036, ExpID 48327 best_epoch=33 improved=0
INFO | Train - Loss (last batch): 0.00089
INFO | Val - Loss, MSE, MAE: 0.00105, 0.00105, 0.01977
INFO | Test - Best epoch, Loss, MSE, MAE: 33, 0.00098, 0.00098, 0.01918
INFO | Test - Points (EXACT): total_masked=96963 correct=37788 right_rate=38.9716%
INFO | - Epoch 037, ExpID 48327 best_epoch=33 improved=0
INFO | Train - Loss (last batch): 0.00081
INFO | Val - Loss, MSE, MAE: 0.00135, 0.00135, 0.02589
INFO | Test - Best epoch, Loss, MSE, MAE: 33, 0.00098, 0.00098, 0.01918
INFO | Test - Points (EXACT): total_masked=96963 correct=37788 right_rate=38.9716%
INFO | - Epoch 038, ExpID 48327 best_epoch=33 improved=0
INFO | Train - Loss (last batch): 0.00094
INFO | Val - Loss, MSE, MAE: 0.00125, 0.00125, 0.02417
INFO | Test - Best epoch, Loss, MSE, MAE: 33, 0.00098, 0.00098, 0.01918
INFO | Test - Points (EXACT): total_masked=96963 correct=37788 right_rate=38.9716%
INFO | - Epoch 039, ExpID 48327 best_epoch=33 improved=0
INFO | Train - Loss (last batch): 0.00101
INFO | Val - Loss, MSE, MAE: 0.00106, 0.00106, 0.02019
INFO | Test - Best epoch, Loss, MSE, MAE: 33, 0.00098, 0.00098, 0.01918
INFO | Test - Points (EXACT): total_masked=96963 correct=37788 right_rate=38.9716%
INFO | - Epoch 040, ExpID 48327 best_epoch=33 improved=0
INFO | Train - Loss (last batch): 0.00113
INFO | Val - Loss, MSE, MAE: 0.00110, 0.00110, 0.02086
INFO | Test - Best epoch, Loss, MSE, MAE: 33, 0.00098, 0.00098, 0.01918
INFO | Test - Points (EXACT): total_masked=96963 correct=37788 right_rate=38.9716%
INFO | - Epoch 041, ExpID 48327 best_epoch=33 improved=0
INFO | Train - Loss (last batch): 0.00069
INFO | Val - Loss, MSE, MAE: 0.00111, 0.00111, 0.02173
INFO | Test - Best epoch, Loss, MSE, MAE: 33, 0.00098, 0.00098, 0.01918
INFO | Test - Points (EXACT): total_masked=96963 correct=37788 right_rate=38.9716%
INFO | - Epoch 042, ExpID 48327 best_epoch=42 improved=1
INFO | Train - Loss (last batch): 0.00094
INFO | Val - Loss, MSE, MAE: 0.00101, 0.00101, 0.01896
INFO | Test - Best epoch, Loss, MSE, MAE: 42, 0.00096, 0.00096, 0.01869
INFO | Test - Points (EXACT): total_masked=96963 correct=39632 right_rate=40.8733%
INFO | - Epoch 043, ExpID 48327 best_epoch=42 improved=0
INFO | Train - Loss (last batch): 0.00101
INFO | Val - Loss, MSE, MAE: 0.00119, 0.00119, 0.02335
INFO | Test - Best epoch, Loss, MSE, MAE: 42, 0.00096, 0.00096, 0.01869
INFO | Test - Points (EXACT): total_masked=96963 correct=39632 right_rate=40.8733%
INFO | - Epoch 044, ExpID 48327 best_epoch=42 improved=0
INFO | Train - Loss (last batch): 0.00126
INFO | Val - Loss, MSE, MAE: 0.00104, 0.00104, 0.01992
INFO | Test - Best epoch, Loss, MSE, MAE: 42, 0.00096, 0.00096, 0.01869
INFO | Test - Points (EXACT): total_masked=96963 correct=39632 right_rate=40.8733%
INFO | - Epoch 045, ExpID 48327 best_epoch=45 improved=1
INFO | Train - Loss (last batch): 0.00114
INFO | Val - Loss, MSE, MAE: 0.00101, 0.00101, 0.01928
INFO | Test - Best epoch, Loss, MSE, MAE: 45, 0.00096, 0.00096, 0.01899
INFO | Test - Points (EXACT): total_masked=96963 correct=38438 right_rate=39.6419%
INFO | - Epoch 046, ExpID 48327 best_epoch=46 improved=1
INFO | Train - Loss (last batch): 0.00115
INFO | Val - Loss, MSE, MAE: 0.00100, 0.00100, 0.01895
INFO | Test - Best epoch, Loss, MSE, MAE: 46, 0.00095, 0.00095, 0.01876
INFO | Test - Points (EXACT): total_masked=96963 correct=39235 right_rate=40.4639%
INFO | - Epoch 047, ExpID 48327 best_epoch=46 improved=0
INFO | Train - Loss (last batch): 0.00100
INFO | Val - Loss, MSE, MAE: 0.00103, 0.00103, 0.01962
INFO | Test - Best epoch, Loss, MSE, MAE: 46, 0.00095, 0.00095, 0.01876
INFO | Test - Points (EXACT): total_masked=96963 correct=39235 right_rate=40.4639%
INFO | - Epoch 048, ExpID 48327 best_epoch=46 improved=0
INFO | Train - Loss (last batch): 0.00084
INFO | Val - Loss, MSE, MAE: 0.00134, 0.00134, 0.02630
INFO | Test - Best epoch, Loss, MSE, MAE: 46, 0.00095, 0.00095, 0.01876
INFO | Test - Points (EXACT): total_masked=96963 correct=39235 right_rate=40.4639%
INFO | - Epoch 049, ExpID 48327 best_epoch=46 improved=0
INFO | Train - Loss (last batch): 0.00081
INFO | Val - Loss, MSE, MAE: 0.00120, 0.00120, 0.02339
INFO | Test - Best epoch, Loss, MSE, MAE: 46, 0.00095, 0.00095, 0.01876
INFO | Test - Points (EXACT): total_masked=96963 correct=39235 right_rate=40.4639%
INFO | - Epoch 050, ExpID 48327 best_epoch=46 improved=0
INFO | Train - Loss (last batch): 0.00103
INFO | Val - Loss, MSE, MAE: 0.00107, 0.00107, 0.02102
INFO | Test - Best epoch, Loss, MSE, MAE: 46, 0.00095, 0.00095, 0.01876
INFO | Test - Points (EXACT): total_masked=96963 correct=39235 right_rate=40.4639%
INFO | - Epoch 051, ExpID 48327 best_epoch=46 improved=0
INFO | Train - Loss (last batch): 0.00097
INFO | Val - Loss, MSE, MAE: 0.00147, 0.00147, 0.02854
INFO | Test - Best epoch, Loss, MSE, MAE: 46, 0.00095, 0.00095, 0.01876
INFO | Test - Points (EXACT): total_masked=96963 correct=39235 right_rate=40.4639%
INFO | - Epoch 052, ExpID 48327 best_epoch=46 improved=0
INFO | Train - Loss (last batch): 0.00107
INFO | Val - Loss, MSE, MAE: 0.00121, 0.00121, 0.02401
INFO | Test - Best epoch, Loss, MSE, MAE: 46, 0.00095, 0.00095, 0.01876
INFO | Test - Points (EXACT): total_masked=96963 correct=39235 right_rate=40.4639%
INFO | - Epoch 053, ExpID 48327 best_epoch=53 improved=1
INFO | Train - Loss (last batch): 0.00081
INFO | Val - Loss, MSE, MAE: 0.00098, 0.00098, 0.01883
INFO | Test - Best epoch, Loss, MSE, MAE: 53, 0.00093, 0.00093, 0.01862
INFO | Test - Points (EXACT): total_masked=96963 correct=39302 right_rate=40.5330%
INFO | - Epoch 054, ExpID 48327 best_epoch=53 improved=0
INFO | Train - Loss (last batch): 0.00104
INFO | Val - Loss, MSE, MAE: 0.00111, 0.00111, 0.02202
INFO | Test - Best epoch, Loss, MSE, MAE: 53, 0.00093, 0.00093, 0.01862
INFO | Test - Points (EXACT): total_masked=96963 correct=39302 right_rate=40.5330%
INFO | - Epoch 055, ExpID 48327 best_epoch=53 improved=0
INFO | Train - Loss (last batch): 0.00119
INFO | Val - Loss, MSE, MAE: 0.00100, 0.00100, 0.01916
INFO | Test - Best epoch, Loss, MSE, MAE: 53, 0.00093, 0.00093, 0.01862
INFO | Test - Points (EXACT): total_masked=96963 correct=39302 right_rate=40.5330%
INFO | - Epoch 056, ExpID 48327 best_epoch=53 improved=0
INFO | Train - Loss (last batch): 0.00112
INFO | Val - Loss, MSE, MAE: 0.00108, 0.00108, 0.02136
INFO | Test - Best epoch, Loss, MSE, MAE: 53, 0.00093, 0.00093, 0.01862
INFO | Test - Points (EXACT): total_masked=96963 correct=39302 right_rate=40.5330%
INFO | - Epoch 057, ExpID 48327 best_epoch=53 improved=0
INFO | Train - Loss (last batch): 0.00091
INFO | Val - Loss, MSE, MAE: 0.00127, 0.00127, 0.02503
INFO | Test - Best epoch, Loss, MSE, MAE: 53, 0.00093, 0.00093, 0.01862
INFO | Test - Points (EXACT): total_masked=96963 correct=39302 right_rate=40.5330%
INFO | - Epoch 058, ExpID 48327 best_epoch=53 improved=0
INFO | Train - Loss (last batch): 0.00101
INFO | Val - Loss, MSE, MAE: 0.00105, 0.00105, 0.02032
INFO | Test - Best epoch, Loss, MSE, MAE: 53, 0.00093, 0.00093, 0.01862
INFO | Test - Points (EXACT): total_masked=96963 correct=39302 right_rate=40.5330%
INFO | - Epoch 059, ExpID 48327 best_epoch=53 improved=0
INFO | Train - Loss (last batch): 0.00088
INFO | Val - Loss, MSE, MAE: 0.00145, 0.00145, 0.02784
INFO | Test - Best epoch, Loss, MSE, MAE: 53, 0.00093, 0.00093, 0.01862
INFO | Test - Points (EXACT): total_masked=96963 correct=39302 right_rate=40.5330%
INFO | - Epoch 060, ExpID 48327 best_epoch=53 improved=0
INFO | Train - Loss (last batch): 0.00086
INFO | Val - Loss, MSE, MAE: 0.00123, 0.00123, 0.02425
INFO | Test - Best epoch, Loss, MSE, MAE: 53, 0.00093, 0.00093, 0.01862
INFO | Test - Points (EXACT): total_masked=96963 correct=39302 right_rate=40.5330%
INFO | - Epoch 061, ExpID 48327 best_epoch=53 improved=0
INFO | Train - Loss (last batch): 0.00118
INFO | Val - Loss, MSE, MAE: 0.00103, 0.00103, 0.01994
INFO | Test - Best epoch, Loss, MSE, MAE: 53, 0.00093, 0.00093, 0.01862
INFO | Test - Points (EXACT): total_masked=96963 correct=39302 right_rate=40.5330%
INFO | - Epoch 062, ExpID 48327 best_epoch=53 improved=0
INFO | Train - Loss (last batch): 0.00081
INFO | Val - Loss, MSE, MAE: 0.00102, 0.00102, 0.01993
INFO | Test - Best epoch, Loss, MSE, MAE: 53, 0.00093, 0.00093, 0.01862
INFO | Test - Points (EXACT): total_masked=96963 correct=39302 right_rate=40.5330%
INFO | - Epoch 063, ExpID 48327 best_epoch=53 improved=0
INFO | Train - Loss (last batch): 0.00093
INFO | Val - Loss, MSE, MAE: 0.00160, 0.00160, 0.02998
INFO | Test - Best epoch, Loss, MSE, MAE: 53, 0.00093, 0.00093, 0.01862
INFO | Test - Points (EXACT): total_masked=96963 correct=39302 right_rate=40.5330%
INFO | - Epoch 064, ExpID 48327 best_epoch=64 improved=1
INFO | Train - Loss (last batch): 0.00090
INFO | Val - Loss, MSE, MAE: 0.00097, 0.00097, 0.01859
INFO | Test - Best epoch, Loss, MSE, MAE: 64, 0.00093, 0.00093, 0.01857
INFO | Test - Points (EXACT): total_masked=96963 correct=39215 right_rate=40.4433%
INFO | - Epoch 065, ExpID 48327 best_epoch=64 improved=0
INFO | Train - Loss (last batch): 0.00079
INFO | Val - Loss, MSE, MAE: 0.00109, 0.00109, 0.02166
INFO | Test - Best epoch, Loss, MSE, MAE: 64, 0.00093, 0.00093, 0.01857
INFO | Test - Points (EXACT): total_masked=96963 correct=39215 right_rate=40.4433%
INFO | - Epoch 066, ExpID 48327 best_epoch=64 improved=0
INFO | Train - Loss (last batch): 0.00111
INFO | Val - Loss, MSE, MAE: 0.00103, 0.00103, 0.01995
INFO | Test - Best epoch, Loss, MSE, MAE: 64, 0.00093, 0.00093, 0.01857
INFO | Test - Points (EXACT): total_masked=96963 correct=39215 right_rate=40.4433%
INFO | - Epoch 067, ExpID 48327 best_epoch=64 improved=0
INFO | Train - Loss (last batch): 0.00070
INFO | Val - Loss, MSE, MAE: 0.00098, 0.00098, 0.01929
INFO | Test - Best epoch, Loss, MSE, MAE: 64, 0.00093, 0.00093, 0.01857
INFO | Test - Points (EXACT): total_masked=96963 correct=39215 right_rate=40.4433%
INFO | - Epoch 068, ExpID 48327 best_epoch=64 improved=0
INFO | Train - Loss (last batch): 0.00093
INFO | Val - Loss, MSE, MAE: 0.00102, 0.00102, 0.01995
INFO | Test - Best epoch, Loss, MSE, MAE: 64, 0.00093, 0.00093, 0.01857
INFO | Test - Points (EXACT): total_masked=96963 correct=39215 right_rate=40.4433%
INFO | - Epoch 069, ExpID 48327 best_epoch=64 improved=0
INFO | Train - Loss (last batch): 0.00058
INFO | Val - Loss, MSE, MAE: 0.00152, 0.00152, 0.02902
INFO | Test - Best epoch, Loss, MSE, MAE: 64, 0.00093, 0.00093, 0.01857
INFO | Test - Points (EXACT): total_masked=96963 correct=39215 right_rate=40.4433%
INFO | - Epoch 070, ExpID 48327 best_epoch=64 improved=0
INFO | Train - Loss (last batch): 0.00110
INFO | Val - Loss, MSE, MAE: 0.00098, 0.00098, 0.01886
INFO | Test - Best epoch, Loss, MSE, MAE: 64, 0.00093, 0.00093, 0.01857
INFO | Test - Points (EXACT): total_masked=96963 correct=39215 right_rate=40.4433%
INFO | - Epoch 071, ExpID 48327 best_epoch=64 improved=0
INFO | Train - Loss (last batch): 0.00106
INFO | Val - Loss, MSE, MAE: 0.00097, 0.00097, 0.01865
INFO | Test - Best epoch, Loss, MSE, MAE: 64, 0.00093, 0.00093, 0.01857
INFO | Test - Points (EXACT): total_masked=96963 correct=39215 right_rate=40.4433%
INFO | - Epoch 072, ExpID 48327 best_epoch=64 improved=0
INFO | Train - Loss (last batch): 0.00076
INFO | Val - Loss, MSE, MAE: 0.00099, 0.00099, 0.01928
INFO | Test - Best epoch, Loss, MSE, MAE: 64, 0.00093, 0.00093, 0.01857
INFO | Test - Points (EXACT): total_masked=96963 correct=39215 right_rate=40.4433%
INFO | - Epoch 073, ExpID 48327 best_epoch=64 improved=0
INFO | Train - Loss (last batch): 0.00087
INFO | Val - Loss, MSE, MAE: 0.00114, 0.00114, 0.02242
INFO | Test - Best epoch, Loss, MSE, MAE: 64, 0.00093, 0.00093, 0.01857
INFO | Test - Points (EXACT): total_masked=96963 correct=39215 right_rate=40.4433%
INFO | - Epoch 074, ExpID 48327 best_epoch=64 improved=0
INFO | Train - Loss (last batch): 0.00091
INFO | Val - Loss, MSE, MAE: 0.00097, 0.00097, 0.01903
INFO | Test - Best epoch, Loss, MSE, MAE: 64, 0.00093, 0.00093, 0.01857
INFO | Test - Points (EXACT): total_masked=96963 correct=39215 right_rate=40.4433%
INFO | - Epoch 075, ExpID 48327 best_epoch=64 improved=0
INFO | Train - Loss (last batch): 0.00067
INFO | Val - Loss, MSE, MAE: 0.00100, 0.00100, 0.01947
INFO | Test - Best epoch, Loss, MSE, MAE: 64, 0.00093, 0.00093, 0.01857
INFO | Test - Points (EXACT): total_masked=96963 correct=39215 right_rate=40.4433%
INFO | - Epoch 076, ExpID 48327 best_epoch=76 improved=1
INFO | Train - Loss (last batch): 0.00112
INFO | Val - Loss, MSE, MAE: 0.00096, 0.00096, 0.01894
INFO | Test - Best epoch, Loss, MSE, MAE: 76, 0.00093, 0.00093, 0.01884
INFO | Test - Points (EXACT): total_masked=96963 correct=38729 right_rate=39.9420%
INFO | - Epoch 077, ExpID 48327 best_epoch=76 improved=0
INFO | Train - Loss (last batch): 0.00092
INFO | Val - Loss, MSE, MAE: 0.00099, 0.00099, 0.01943
INFO | Test - Best epoch, Loss, MSE, MAE: 76, 0.00093, 0.00093, 0.01884
INFO | Test - Points (EXACT): total_masked=96963 correct=38729 right_rate=39.9420%
INFO | - Epoch 078, ExpID 48327 best_epoch=76 improved=0
INFO | Train - Loss (last batch): 0.00083
INFO | Val - Loss, MSE, MAE: 0.00106, 0.00106, 0.02122
INFO | Test - Best epoch, Loss, MSE, MAE: 76, 0.00093, 0.00093, 0.01884
INFO | Test - Points (EXACT): total_masked=96963 correct=38729 right_rate=39.9420%
INFO | - Epoch 079, ExpID 48327 best_epoch=76 improved=0
INFO | Train - Loss (last batch): 0.00084
INFO | Val - Loss, MSE, MAE: 0.00099, 0.00099, 0.01953
INFO | Test - Best epoch, Loss, MSE, MAE: 76, 0.00093, 0.00093, 0.01884
INFO | Test - Points (EXACT): total_masked=96963 correct=38729 right_rate=39.9420%
INFO | - Epoch 080, ExpID 48327 best_epoch=80 improved=1
INFO | Train - Loss (last batch): 0.00080
INFO | Val - Loss, MSE, MAE: 0.00096, 0.00096, 0.01862
INFO | Test - Best epoch, Loss, MSE, MAE: 80, 0.00093, 0.00093, 0.01856
INFO | Test - Points (EXACT): total_masked=96963 correct=39122 right_rate=40.3473%
INFO | - Epoch 081, ExpID 48327 best_epoch=80 improved=0
INFO | Train - Loss (last batch): 0.00100
INFO | Val - Loss, MSE, MAE: 0.00100, 0.00100, 0.01950
INFO | Test - Best epoch, Loss, MSE, MAE: 80, 0.00093, 0.00093, 0.01856
INFO | Test - Points (EXACT): total_masked=96963 correct=39122 right_rate=40.3473%
INFO | - Epoch 082, ExpID 48327 best_epoch=80 improved=0
INFO | Train - Loss (last batch): 0.00071
INFO | Val - Loss, MSE, MAE: 0.00098, 0.00098, 0.01909
INFO | Test - Best epoch, Loss, MSE, MAE: 80, 0.00093, 0.00093, 0.01856
INFO | Test - Points (EXACT): total_masked=96963 correct=39122 right_rate=40.3473%
INFO | - Epoch 083, ExpID 48327 best_epoch=80 improved=0
INFO | Train - Loss (last batch): 0.00106
INFO | Val - Loss, MSE, MAE: 0.00096, 0.00096, 0.01875
INFO | Test - Best epoch, Loss, MSE, MAE: 80, 0.00093, 0.00093, 0.01856
INFO | Test - Points (EXACT): total_masked=96963 correct=39122 right_rate=40.3473%
INFO | - Epoch 084, ExpID 48327 best_epoch=80 improved=0
INFO | Train - Loss (last batch): 0.00089
INFO | Val - Loss, MSE, MAE: 0.00125, 0.00125, 0.02460
INFO | Test - Best epoch, Loss, MSE, MAE: 80, 0.00093, 0.00093, 0.01856
INFO | Test - Points (EXACT): total_masked=96963 correct=39122 right_rate=40.3473%
INFO | - Epoch 085, ExpID 48327 best_epoch=80 improved=0
INFO | Train - Loss (last batch): 0.00080
INFO | Val - Loss, MSE, MAE: 0.00099, 0.00099, 0.01954
INFO | Test - Best epoch, Loss, MSE, MAE: 80, 0.00093, 0.00093, 0.01856
INFO | Test - Points (EXACT): total_masked=96963 correct=39122 right_rate=40.3473%
INFO | - Epoch 086, ExpID 48327 best_epoch=80 improved=0
INFO | Train - Loss (last batch): 0.00078
INFO | Val - Loss, MSE, MAE: 0.00122, 0.00122, 0.02433
INFO | Test - Best epoch, Loss, MSE, MAE: 80, 0.00093, 0.00093, 0.01856
INFO | Test - Points (EXACT): total_masked=96963 correct=39122 right_rate=40.3473%
INFO | - Epoch 087, ExpID 48327 best_epoch=80 improved=0
INFO | Train - Loss (last batch): 0.00101
INFO | Val - Loss, MSE, MAE: 0.00099, 0.00099, 0.01918
INFO | Test - Best epoch, Loss, MSE, MAE: 80, 0.00093, 0.00093, 0.01856
INFO | Test - Points (EXACT): total_masked=96963 correct=39122 right_rate=40.3473%
INFO | - Epoch 088, ExpID 48327 best_epoch=88 improved=1
INFO | Train - Loss (last batch): 0.00090
INFO | Val - Loss, MSE, MAE: 0.00095, 0.00095, 0.01841
INFO | Test - Best epoch, Loss, MSE, MAE: 88, 0.00091, 0.00091, 0.01838
INFO | Test - Points (EXACT): total_masked=96963 correct=39466 right_rate=40.7021%
INFO | - Epoch 089, ExpID 48327 best_epoch=88 improved=0
INFO | Train - Loss (last batch): 0.00125
INFO | Val - Loss, MSE, MAE: 0.00095, 0.00095, 0.01897
INFO | Test - Best epoch, Loss, MSE, MAE: 88, 0.00091, 0.00091, 0.01838
INFO | Test - Points (EXACT): total_masked=96963 correct=39466 right_rate=40.7021%
INFO | - Epoch 090, ExpID 48327 best_epoch=88 improved=0
INFO | Train - Loss (last batch): 0.00104
INFO | Val - Loss, MSE, MAE: 0.00106, 0.00106, 0.02133
INFO | Test - Best epoch, Loss, MSE, MAE: 88, 0.00091, 0.00091, 0.01838
INFO | Test - Points (EXACT): total_masked=96963 correct=39466 right_rate=40.7021%
INFO | - Epoch 091, ExpID 48327 best_epoch=88 improved=0
INFO | Train - Loss (last batch): 0.00098
INFO | Val - Loss, MSE, MAE: 0.00099, 0.00099, 0.01938
INFO | Test - Best epoch, Loss, MSE, MAE: 88, 0.00091, 0.00091, 0.01838
INFO | Test - Points (EXACT): total_masked=96963 correct=39466 right_rate=40.7021%
INFO | - Epoch 092, ExpID 48327 best_epoch=88 improved=0
INFO | Train - Loss (last batch): 0.00080
INFO | Val - Loss, MSE, MAE: 0.00121, 0.00121, 0.02403
INFO | Test - Best epoch, Loss, MSE, MAE: 88, 0.00091, 0.00091, 0.01838
INFO | Test - Points (EXACT): total_masked=96963 correct=39466 right_rate=40.7021%
INFO | - Epoch 093, ExpID 48327 best_epoch=88 improved=0
INFO | Train - Loss (last batch): 0.00059
INFO | Val - Loss, MSE, MAE: 0.00095, 0.00095, 0.01862
INFO | Test - Best epoch, Loss, MSE, MAE: 88, 0.00091, 0.00091, 0.01838
INFO | Test - Points (EXACT): total_masked=96963 correct=39466 right_rate=40.7021%
INFO | - Epoch 094, ExpID 48327 best_epoch=88 improved=0
INFO | Train - Loss (last batch): 0.00083
INFO | Val - Loss, MSE, MAE: 0.00107, 0.00107, 0.02153
INFO | Test - Best epoch, Loss, MSE, MAE: 88, 0.00091, 0.00091, 0.01838
INFO | Test - Points (EXACT): total_masked=96963 correct=39466 right_rate=40.7021%
INFO | - Epoch 095, ExpID 48327 best_epoch=95 improved=1
INFO | Train - Loss (last batch): 0.00093
INFO | Val - Loss, MSE, MAE: 0.00093, 0.00093, 0.01833
INFO | Test - Best epoch, Loss, MSE, MAE: 95, 0.00091, 0.00091, 0.01823
INFO | Test - Points (EXACT): total_masked=96963 correct=39964 right_rate=41.2157%
INFO | - Epoch 096, ExpID 48327 best_epoch=95 improved=0
INFO | Train - Loss (last batch): 0.00087
INFO | Val - Loss, MSE, MAE: 0.00102, 0.00102, 0.01995
INFO | Test - Best epoch, Loss, MSE, MAE: 95, 0.00091, 0.00091, 0.01823
INFO | Test - Points (EXACT): total_masked=96963 correct=39964 right_rate=41.2157%
INFO | - Epoch 097, ExpID 48327 best_epoch=95 improved=0
INFO | Train - Loss (last batch): 0.00066
INFO | Val - Loss, MSE, MAE: 0.00119, 0.00119, 0.02409
INFO | Test - Best epoch, Loss, MSE, MAE: 95, 0.00091, 0.00091, 0.01823
INFO | Test - Points (EXACT): total_masked=96963 correct=39964 right_rate=41.2157%
INFO | - Epoch 098, ExpID 48327 best_epoch=95 improved=0
INFO | Train - Loss (last batch): 0.00086
INFO | Val - Loss, MSE, MAE: 0.00095, 0.00095, 0.01882
INFO | Test - Best epoch, Loss, MSE, MAE: 95, 0.00091, 0.00091, 0.01823
INFO | Test - Points (EXACT): total_masked=96963 correct=39964 right_rate=41.2157%
INFO | - Epoch 099, ExpID 48327 best_epoch=95 improved=0
INFO | Train - Loss (last batch): 0.00084
INFO | Val - Loss, MSE, MAE: 0.00101, 0.00101, 0.02015
INFO | Test - Best epoch, Loss, MSE, MAE: 95, 0.00091, 0.00091, 0.01823
INFO | Test - Points (EXACT): total_masked=96963 correct=39964 right_rate=41.2157%
INFO | - Epoch 100, ExpID 48327 best_epoch=95 improved=0
INFO | Train - Loss (last batch): 0.00110
INFO | Val - Loss, MSE, MAE: 0.00095, 0.00095, 0.01868
INFO | Test - Best epoch, Loss, MSE, MAE: 95, 0.00091, 0.00091, 0.01823
INFO | Test - Points (EXACT): total_masked=96963 correct=39964 right_rate=41.2157%
INFO | - Epoch 101, ExpID 48327 best_epoch=95 improved=0
INFO | Train - Loss (last batch): 0.00070
INFO | Val - Loss, MSE, MAE: 0.00100, 0.00100, 0.01938
INFO | Test - Best epoch, Loss, MSE, MAE: 95, 0.00091, 0.00091, 0.01823
INFO | Test - Points (EXACT): total_masked=96963 correct=39964 right_rate=41.2157%
INFO | - Epoch 102, ExpID 48327 best_epoch=95 improved=0
INFO | Train - Loss (last batch): 0.00083
INFO | Val - Loss, MSE, MAE: 0.00095, 0.00095, 0.01870
INFO | Test - Best epoch, Loss, MSE, MAE: 95, 0.00091, 0.00091, 0.01823
INFO | Test - Points (EXACT): total_masked=96963 correct=39964 right_rate=41.2157%
INFO | - Epoch 103, ExpID 48327 best_epoch=95 improved=0
INFO | Train - Loss (last batch): 0.00091
INFO | Val - Loss, MSE, MAE: 0.00097, 0.00097, 0.01890
INFO | Test - Best epoch, Loss, MSE, MAE: 95, 0.00091, 0.00091, 0.01823
INFO | Test - Points (EXACT): total_masked=96963 correct=39964 right_rate=41.2157%
INFO | - Epoch 104, ExpID 48327 best_epoch=95 improved=0
INFO | Train - Loss (last batch): 0.00075
INFO | Val - Loss, MSE, MAE: 0.00097, 0.00097, 0.01904
INFO | Test - Best epoch, Loss, MSE, MAE: 95, 0.00091, 0.00091, 0.01823
INFO | Test - Points (EXACT): total_masked=96963 correct=39964 right_rate=41.2157%
INFO | - Epoch 105, ExpID 48327 best_epoch=95 improved=0
INFO | Train - Loss (last batch): 0.00085
INFO | Val - Loss, MSE, MAE: 0.00101, 0.00101, 0.01964
INFO | Test - Best epoch, Loss, MSE, MAE: 95, 0.00091, 0.00091, 0.01823
INFO | Test - Points (EXACT): total_masked=96963 correct=39964 right_rate=41.2157%
INFO | - Epoch 106, ExpID 48327 best_epoch=95 improved=0
INFO | Train - Loss (last batch): 0.00077
INFO | Val - Loss, MSE, MAE: 0.00095, 0.00095, 0.01842
INFO | Test - Best epoch, Loss, MSE, MAE: 95, 0.00091, 0.00091, 0.01823
INFO | Test - Points (EXACT): total_masked=96963 correct=39964 right_rate=41.2157%
INFO | - Epoch 107, ExpID 48327 best_epoch=95 improved=0
INFO | Train - Loss (last batch): 0.00100
INFO | Val - Loss, MSE, MAE: 0.00096, 0.00096, 0.01897
INFO | Test - Best epoch, Loss, MSE, MAE: 95, 0.00091, 0.00091, 0.01823
INFO | Test - Points (EXACT): total_masked=96963 correct=39964 right_rate=41.2157%
INFO | - Epoch 108, ExpID 48327 best_epoch=95 improved=0
INFO | Train - Loss (last batch): 0.00088
INFO | Val - Loss, MSE, MAE: 0.00117, 0.00117, 0.02318
INFO | Test - Best epoch, Loss, MSE, MAE: 95, 0.00091, 0.00091, 0.01823
INFO | Test - Points (EXACT): total_masked=96963 correct=39964 right_rate=41.2157%
INFO | - Epoch 109, ExpID 48327 best_epoch=95 improved=0
INFO | Train - Loss (last batch): 0.00082
INFO | Val - Loss, MSE, MAE: 0.00095, 0.00095, 0.01860
INFO | Test - Best epoch, Loss, MSE, MAE: 95, 0.00091, 0.00091, 0.01823
INFO | Test - Points (EXACT): total_masked=96963 correct=39964 right_rate=41.2157%
INFO | - Epoch 110, ExpID 48327 best_epoch=95 improved=0
INFO | Train - Loss (last batch): 0.00091
INFO | Val - Loss, MSE, MAE: 0.00098, 0.00098, 0.01957
INFO | Test - Best epoch, Loss, MSE, MAE: 95, 0.00091, 0.00091, 0.01823
INFO | Test - Points (EXACT): total_masked=96963 correct=39964 right_rate=41.2157%
INFO | - Epoch 111, ExpID 48327 best_epoch=95 improved=0
INFO | Train - Loss (last batch): 0.00083
INFO | Val - Loss, MSE, MAE: 0.00101, 0.00101, 0.02004
INFO | Test - Best epoch, Loss, MSE, MAE: 95, 0.00091, 0.00091, 0.01823
INFO | Test - Points (EXACT): total_masked=96963 correct=39964 right_rate=41.2157%
INFO | - Epoch 112, ExpID 48327 best_epoch=95 improved=0
INFO | Train - Loss (last batch): 0.00102
INFO | Val - Loss, MSE, MAE: 0.00097, 0.00097, 0.01923
INFO | Test - Best epoch, Loss, MSE, MAE: 95, 0.00091, 0.00091, 0.01823
INFO | Test - Points (EXACT): total_masked=96963 correct=39964 right_rate=41.2157%
INFO | - Epoch 113, ExpID 48327 best_epoch=95 improved=0
INFO | Train - Loss (last batch): 0.00095
INFO | Val - Loss, MSE, MAE: 0.00100, 0.00100, 0.01999
INFO | Test - Best epoch, Loss, MSE, MAE: 95, 0.00091, 0.00091, 0.01823
INFO | Test - Points (EXACT): total_masked=96963 correct=39964 right_rate=41.2157%
INFO | - Epoch 114, ExpID 48327 best_epoch=95 improved=0
INFO | Train - Loss (last batch): 0.00103
INFO | Val - Loss, MSE, MAE: 0.00095, 0.00095, 0.01843
INFO | Test - Best epoch, Loss, MSE, MAE: 95, 0.00091, 0.00091, 0.01823
INFO | Test - Points (EXACT): total_masked=96963 correct=39964 right_rate=41.2157%
INFO | - Epoch 115, ExpID 48327 best_epoch=95 improved=0
INFO | Train - Loss (last batch): 0.00102
INFO | Val - Loss, MSE, MAE: 0.00096, 0.00096, 0.01868
INFO | Test - Best epoch, Loss, MSE, MAE: 95, 0.00091, 0.00091, 0.01823
INFO | Test - Points (EXACT): total_masked=96963 correct=39964 right_rate=41.2157%
INFO | - Epoch 116, ExpID 48327 best_epoch=95 improved=0
INFO | Train - Loss (last batch): 0.00095
INFO | Val - Loss, MSE, MAE: 0.00095, 0.00095, 0.01881
INFO | Test - Best epoch, Loss, MSE, MAE: 95, 0.00091, 0.00091, 0.01823
INFO | Test - Points (EXACT): total_masked=96963 correct=39964 right_rate=41.2157%
INFO | - Epoch 117, ExpID 48327 best_epoch=95 improved=0
INFO | Train - Loss (last batch): 0.00087
INFO | Val - Loss, MSE, MAE: 0.00103, 0.00103, 0.02047
INFO | Test - Best epoch, Loss, MSE, MAE: 95, 0.00091, 0.00091, 0.01823
INFO | Test - Points (EXACT): total_masked=96963 correct=39964 right_rate=41.2157%
INFO | - Epoch 118, ExpID 48327 best_epoch=95 improved=0
INFO | Train - Loss (last batch): 0.00090
INFO | Val - Loss, MSE, MAE: 0.00105, 0.00105, 0.02112
INFO | Test - Best epoch, Loss, MSE, MAE: 95, 0.00091, 0.00091, 0.01823
INFO | Test - Points (EXACT): total_masked=96963 correct=39964 right_rate=41.2157%
INFO | - Epoch 119, ExpID 48327 best_epoch=95 improved=0
INFO | Train - Loss (last batch): 0.00059
INFO | Val - Loss, MSE, MAE: 0.00105, 0.00105, 0.02062
INFO | Test - Best epoch, Loss, MSE, MAE: 95, 0.00091, 0.00091, 0.01823
INFO | Test - Points (EXACT): total_masked=96963 correct=39964 right_rate=41.2157%
INFO | - Epoch 120, ExpID 48327 best_epoch=95 improved=0
INFO | Train - Loss (last batch): 0.00074
INFO | Val - Loss, MSE, MAE: 0.00107, 0.00107, 0.02128
INFO | Test - Best epoch, Loss, MSE, MAE: 95, 0.00091, 0.00091, 0.01823
INFO | Test - Points (EXACT): total_masked=96963 correct=39964 right_rate=41.2157%
INFO | - Epoch 121, ExpID 48327 best_epoch=95 improved=0
INFO | Train - Loss (last batch): 0.00086
INFO | Val - Loss, MSE, MAE: 0.00093, 0.00093, 0.01841
INFO | Test - Best epoch, Loss, MSE, MAE: 95, 0.00091, 0.00091, 0.01823
INFO | Test - Points (EXACT): total_masked=96963 correct=39964 right_rate=41.2157%
INFO | - Epoch 122, ExpID 48327 best_epoch=95 improved=0
INFO | Train - Loss (last batch): 0.00090
INFO | Val - Loss, MSE, MAE: 0.00094, 0.00094, 0.01859
INFO | Test - Best epoch, Loss, MSE, MAE: 95, 0.00091, 0.00091, 0.01823
INFO | Test - Points (EXACT): total_masked=96963 correct=39964 right_rate=41.2157%
INFO | - Epoch 123, ExpID 48327 best_epoch=95 improved=0
INFO | Train - Loss (last batch): 0.00089
INFO | Val - Loss, MSE, MAE: 0.00094, 0.00094, 0.01847
INFO | Test - Best epoch, Loss, MSE, MAE: 95, 0.00091, 0.00091, 0.01823
INFO | Test - Points (EXACT): total_masked=96963 correct=39964 right_rate=41.2157%
INFO | - Epoch 124, ExpID 48327 best_epoch=95 improved=0
INFO | Train - Loss (last batch): 0.00083
INFO | Val - Loss, MSE, MAE: 0.00103, 0.00103, 0.02020
INFO | Test - Best epoch, Loss, MSE, MAE: 95, 0.00091, 0.00091, 0.01823
INFO | Test - Points (EXACT): total_masked=96963 correct=39964 right_rate=41.2157%
INFO | - Epoch 125, ExpID 48327 best_epoch=95 improved=0
INFO | Train - Loss (last batch): 0.00053
INFO | Val - Loss, MSE, MAE: 0.00097, 0.00097, 0.01914
INFO | Test - Best epoch, Loss, MSE, MAE: 95, 0.00091, 0.00091, 0.01823
INFO | Test - Points (EXACT): total_masked=96963 correct=39964 right_rate=41.2157%
INFO | - Epoch 126, ExpID 48327 best_epoch=95 improved=0
INFO | Train - Loss (last batch): 0.00093
INFO | Val - Loss, MSE, MAE: 0.00101, 0.00101, 0.01979
INFO | Test - Best epoch, Loss, MSE, MAE: 95, 0.00091, 0.00091, 0.01823
INFO | Test - Points (EXACT): total_masked=96963 correct=39964 right_rate=41.2157%
INFO | - Epoch 127, ExpID 48327 best_epoch=95 improved=0
INFO | Train - Loss (last batch): 0.00087
INFO | Val - Loss, MSE, MAE: 0.00096, 0.00096, 0.01875
INFO | Test - Best epoch, Loss, MSE, MAE: 95, 0.00091, 0.00091, 0.01823
INFO | Test - Points (EXACT): total_masked=96963 correct=39964 right_rate=41.2157%
INFO | - Epoch 128, ExpID 48327 best_epoch=95 improved=0
INFO | Train - Loss (last batch): 0.00091
INFO | Val - Loss, MSE, MAE: 0.00095, 0.00095, 0.01892
INFO | Test - Best epoch, Loss, MSE, MAE: 95, 0.00091, 0.00091, 0.01823
INFO | Test - Points (EXACT): total_masked=96963 correct=39964 right_rate=41.2157%
INFO | - Epoch 129, ExpID 48327 best_epoch=95 improved=0
INFO | Train - Loss (last batch): 0.00094
INFO | Val - Loss, MSE, MAE: 0.00097, 0.00097, 0.01911
INFO | Test - Best epoch, Loss, MSE, MAE: 95, 0.00091, 0.00091, 0.01823
INFO | Test - Points (EXACT): total_masked=96963 correct=39964 right_rate=41.2157%
INFO | - Epoch 130, ExpID 48327 best_epoch=95 improved=0
INFO | Train - Loss (last batch): 0.00078
INFO | Val - Loss, MSE, MAE: 0.00096, 0.00096, 0.01894
INFO | Test - Best epoch, Loss, MSE, MAE: 95, 0.00091, 0.00091, 0.01823
INFO | Test - Points (EXACT): total_masked=96963 correct=39964 right_rate=41.2157%
INFO | - Epoch 131, ExpID 48327 best_epoch=95 improved=0
INFO | Train - Loss (last batch): 0.00093
INFO | Val - Loss, MSE, MAE: 0.00117, 0.00117, 0.02351
INFO | Test - Best epoch, Loss, MSE, MAE: 95, 0.00091, 0.00091, 0.01823
INFO | Test - Points (EXACT): total_masked=96963 correct=39964 right_rate=41.2157%
INFO | - Epoch 132, ExpID 48327 best_epoch=95 improved=0
INFO | Train - Loss (last batch): 0.00081
INFO | Val - Loss, MSE, MAE: 0.00096, 0.00096, 0.01880
INFO | Test - Best epoch, Loss, MSE, MAE: 95, 0.00091, 0.00091, 0.01823
INFO | Test - Points (EXACT): total_masked=96963 correct=39964 right_rate=41.2157%
INFO | - Epoch 133, ExpID 48327 best_epoch=95 improved=0
INFO | Train - Loss (last batch): 0.00053
INFO | Val - Loss, MSE, MAE: 0.00102, 0.00102, 0.02055
INFO | Test - Best epoch, Loss, MSE, MAE: 95, 0.00091, 0.00091, 0.01823
INFO | Test - Points (EXACT): total_masked=96963 correct=39964 right_rate=41.2157%
INFO | - Epoch 134, ExpID 48327 best_epoch=95 improved=0
INFO | Train - Loss (last batch): 0.00097
INFO | Val - Loss, MSE, MAE: 0.00098, 0.00098, 0.01970
INFO | Test - Best epoch, Loss, MSE, MAE: 95, 0.00091, 0.00091, 0.01823
INFO | Test - Points (EXACT): total_masked=96963 correct=39964 right_rate=41.2157%
INFO | - Epoch 135, ExpID 48327 best_epoch=95 improved=0
INFO | Train - Loss (last batch): 0.00081
INFO | Val - Loss, MSE, MAE: 0.00096, 0.00096, 0.01902
INFO | Test - Best epoch, Loss, MSE, MAE: 95, 0.00091, 0.00091, 0.01823
INFO | Test - Points (EXACT): total_masked=96963 correct=39964 right_rate=41.2157%
INFO | - Epoch 000, ExpID 78418 best_epoch=0 improved=1
INFO | Train - Loss (last batch): 0.00291
INFO | Val - Loss, MSE, MAE: 0.00249, 0.00249, 0.03580
INFO | Test - Best epoch, Loss, MSE, MAE: 0, 0.00241, 0.00241, 0.03531
INFO | Test - Points (EXACT): total_masked=96963 correct=17100 right_rate=17.6356%
INFO | - Epoch 001, ExpID 78418 best_epoch=1 improved=1
INFO | Train - Loss (last batch): 0.00186
INFO | Val - Loss, MSE, MAE: 0.00136, 0.00136, 0.02322
INFO | Test - Best epoch, Loss, MSE, MAE: 1, 0.00129, 0.00129, 0.02283
INFO | Test - Points (EXACT): total_masked=96963 correct=33092 right_rate=34.1285%
INFO | - Epoch 002, ExpID 78418 best_epoch=1 improved=0
INFO | Train - Loss (last batch): 0.00101
INFO | Val - Loss, MSE, MAE: 0.00142, 0.00142, 0.02462
INFO | Test - Best epoch, Loss, MSE, MAE: 1, 0.00129, 0.00129, 0.02283
INFO | Test - Points (EXACT): total_masked=96963 correct=33092 right_rate=34.1285%
INFO | - Epoch 003, ExpID 78418 best_epoch=3 improved=1
INFO | Train - Loss (last batch): 0.00090
INFO | Val - Loss, MSE, MAE: 0.00118, 0.00118, 0.02085
INFO | Test - Best epoch, Loss, MSE, MAE: 3, 0.00111, 0.00111, 0.02043
INFO | Test - Points (EXACT): total_masked=96963 correct=36705 right_rate=37.8546%
INFO | - Epoch 004, ExpID 78418 best_epoch=3 improved=0
INFO | Train - Loss (last batch): 0.00084
INFO | Val - Loss, MSE, MAE: 0.00124, 0.00124, 0.02217
INFO | Test - Best epoch, Loss, MSE, MAE: 3, 0.00111, 0.00111, 0.02043
INFO | Test - Points (EXACT): total_masked=96963 correct=36705 right_rate=37.8546%
INFO | - Epoch 005, ExpID 78418 best_epoch=3 improved=0
INFO | Train - Loss (last batch): 0.00113
INFO | Val - Loss, MSE, MAE: 0.00122, 0.00122, 0.02192
INFO | Test - Best epoch, Loss, MSE, MAE: 3, 0.00111, 0.00111, 0.02043
INFO | Test - Points (EXACT): total_masked=96963 correct=36705 right_rate=37.8546%
INFO | - Epoch 006, ExpID 78418 best_epoch=3 improved=0
INFO | Train - Loss (last batch): 0.00103
INFO | Val - Loss, MSE, MAE: 0.00126, 0.00126, 0.02259
INFO | Test - Best epoch, Loss, MSE, MAE: 3, 0.00111, 0.00111, 0.02043
INFO | Test - Points (EXACT): total_masked=96963 correct=36705 right_rate=37.8546%
INFO | - Epoch 007, ExpID 78418 best_epoch=3 improved=0
INFO | Train - Loss (last batch): 0.00086
INFO | Val - Loss, MSE, MAE: 0.00133, 0.00133, 0.02419
INFO | Test - Best epoch, Loss, MSE, MAE: 3, 0.00111, 0.00111, 0.02043
INFO | Test - Points (EXACT): total_masked=96963 correct=36705 right_rate=37.8546%
INFO | - Epoch 008, ExpID 78418 best_epoch=8 improved=1
INFO | Train - Loss (last batch): 0.00097
INFO | Val - Loss, MSE, MAE: 0.00116, 0.00116, 0.02087
INFO | Test - Best epoch, Loss, MSE, MAE: 8, 0.00109, 0.00109, 0.02047
INFO | Test - Points (EXACT): total_masked=96963 correct=37045 right_rate=38.2053%
INFO | - Epoch 009, ExpID 78418 best_epoch=9 improved=1
INFO | Train - Loss (last batch): 0.00078
INFO | Val - Loss, MSE, MAE: 0.00110, 0.00110, 0.01991
INFO | Test - Best epoch, Loss, MSE, MAE: 9, 0.00102, 0.00102, 0.01944
INFO | Test - Points (EXACT): total_masked=96963 correct=38314 right_rate=39.5140%
INFO | - Epoch 010, ExpID 78418 best_epoch=9 improved=0
INFO | Train - Loss (last batch): 0.00110
INFO | Val - Loss, MSE, MAE: 0.00119, 0.00119, 0.02157
INFO | Test - Best epoch, Loss, MSE, MAE: 9, 0.00102, 0.00102, 0.01944
INFO | Test - Points (EXACT): total_masked=96963 correct=38314 right_rate=39.5140%
INFO | - Epoch 011, ExpID 78418 best_epoch=9 improved=0
INFO | Train - Loss (last batch): 0.00097
INFO | Val - Loss, MSE, MAE: 0.00111, 0.00111, 0.02007
INFO | Test - Best epoch, Loss, MSE, MAE: 9, 0.00102, 0.00102, 0.01944
INFO | Test - Points (EXACT): total_masked=96963 correct=38314 right_rate=39.5140%
INFO | - Epoch 012, ExpID 78418 best_epoch=9 improved=0
INFO | Train - Loss (last batch): 0.00113
INFO | Val - Loss, MSE, MAE: 0.00156, 0.00156, 0.02854
INFO | Test - Best epoch, Loss, MSE, MAE: 9, 0.00102, 0.00102, 0.01944
INFO | Test - Points (EXACT): total_masked=96963 correct=38314 right_rate=39.5140%
INFO | - Epoch 013, ExpID 78418 best_epoch=9 improved=0
INFO | Train - Loss (last batch): 0.00090
INFO | Val - Loss, MSE, MAE: 0.00111, 0.00111, 0.02011
INFO | Test - Best epoch, Loss, MSE, MAE: 9, 0.00102, 0.00102, 0.01944
INFO | Test - Points (EXACT): total_masked=96963 correct=38314 right_rate=39.5140%
INFO | - Epoch 014, ExpID 78418 best_epoch=9 improved=0
INFO | Train - Loss (last batch): 0.00085
INFO | Val - Loss, MSE, MAE: 0.00130, 0.00130, 0.02412
INFO | Test - Best epoch, Loss, MSE, MAE: 9, 0.00102, 0.00102, 0.01944
INFO | Test - Points (EXACT): total_masked=96963 correct=38314 right_rate=39.5140%
INFO | - Epoch 015, ExpID 78418 best_epoch=9 improved=0
INFO | Train - Loss (last batch): 0.00103
INFO | Val - Loss, MSE, MAE: 0.00119, 0.00119, 0.02194
INFO | Test - Best epoch, Loss, MSE, MAE: 9, 0.00102, 0.00102, 0.01944
INFO | Test - Points (EXACT): total_masked=96963 correct=38314 right_rate=39.5140%
INFO | - Epoch 016, ExpID 78418 best_epoch=9 improved=0
INFO | Train - Loss (last batch): 0.00097
INFO | Val - Loss, MSE, MAE: 0.00122, 0.00122, 0.02255
INFO | Test - Best epoch, Loss, MSE, MAE: 9, 0.00102, 0.00102, 0.01944
INFO | Test - Points (EXACT): total_masked=96963 correct=38314 right_rate=39.5140%
INFO | - Epoch 017, ExpID 78418 best_epoch=9 improved=0
INFO | Train - Loss (last batch): 0.00092
INFO | Val - Loss, MSE, MAE: 0.00115, 0.00115, 0.02114
INFO | Test - Best epoch, Loss, MSE, MAE: 9, 0.00102, 0.00102, 0.01944
INFO | Test - Points (EXACT): total_masked=96963 correct=38314 right_rate=39.5140%
INFO | - Epoch 018, ExpID 78418 best_epoch=18 improved=1
INFO | Train - Loss (last batch): 0.00114
INFO | Val - Loss, MSE, MAE: 0.00108, 0.00108, 0.01960
INFO | Test - Best epoch, Loss, MSE, MAE: 18, 0.00100, 0.00100, 0.01922
INFO | Test - Points (EXACT): total_masked=96963 correct=38190 right_rate=39.3862%
INFO | - Epoch 019, ExpID 78418 best_epoch=18 improved=0
INFO | Train - Loss (last batch): 0.00129
INFO | Val - Loss, MSE, MAE: 0.00110, 0.00110, 0.02033
INFO | Test - Best epoch, Loss, MSE, MAE: 18, 0.00100, 0.00100, 0.01922
INFO | Test - Points (EXACT): total_masked=96963 correct=38190 right_rate=39.3862%
INFO | - Epoch 020, ExpID 78418 best_epoch=18 improved=0
INFO | Train - Loss (last batch): 0.00090
INFO | Val - Loss, MSE, MAE: 0.00148, 0.00148, 0.02701
INFO | Test - Best epoch, Loss, MSE, MAE: 18, 0.00100, 0.00100, 0.01922
INFO | Test - Points (EXACT): total_masked=96963 correct=38190 right_rate=39.3862%
INFO | - Epoch 021, ExpID 78418 best_epoch=18 improved=0
INFO | Train - Loss (last batch): 0.00099
INFO | Val - Loss, MSE, MAE: 0.00119, 0.00119, 0.02234
INFO | Test - Best epoch, Loss, MSE, MAE: 18, 0.00100, 0.00100, 0.01922
INFO | Test - Points (EXACT): total_masked=96963 correct=38190 right_rate=39.3862%
INFO | - Epoch 022, ExpID 78418 best_epoch=18 improved=0
INFO | Train - Loss (last batch): 0.00113
INFO | Val - Loss, MSE, MAE: 0.00108, 0.00108, 0.01977
INFO | Test - Best epoch, Loss, MSE, MAE: 18, 0.00100, 0.00100, 0.01922
INFO | Test - Points (EXACT): total_masked=96963 correct=38190 right_rate=39.3862%
INFO | - Epoch 023, ExpID 78418 best_epoch=23 improved=1
INFO | Train - Loss (last batch): 0.00081
INFO | Val - Loss, MSE, MAE: 0.00106, 0.00106, 0.01950
INFO | Test - Best epoch, Loss, MSE, MAE: 23, 0.00099, 0.00099, 0.01913
INFO | Test - Points (EXACT): total_masked=96963 correct=38230 right_rate=39.4274%
INFO | - Epoch 024, ExpID 78418 best_epoch=23 improved=0
INFO | Train - Loss (last batch): 0.00119
INFO | Val - Loss, MSE, MAE: 0.00112, 0.00112, 0.02077
INFO | Test - Best epoch, Loss, MSE, MAE: 23, 0.00099, 0.00099, 0.01913
INFO | Test - Points (EXACT): total_masked=96963 correct=38230 right_rate=39.4274%
INFO | - Epoch 025, ExpID 78418 best_epoch=23 improved=0
INFO | Train - Loss (last batch): 0.00090
INFO | Val - Loss, MSE, MAE: 0.00120, 0.00120, 0.02257
INFO | Test - Best epoch, Loss, MSE, MAE: 23, 0.00099, 0.00099, 0.01913
INFO | Test - Points (EXACT): total_masked=96963 correct=38230 right_rate=39.4274%
INFO | - Epoch 026, ExpID 78418 best_epoch=23 improved=0
INFO | Train - Loss (last batch): 0.00098
INFO | Val - Loss, MSE, MAE: 0.00140, 0.00140, 0.02638
INFO | Test - Best epoch, Loss, MSE, MAE: 23, 0.00099, 0.00099, 0.01913
INFO | Test - Points (EXACT): total_masked=96963 correct=38230 right_rate=39.4274%
INFO | - Epoch 027, ExpID 78418 best_epoch=23 improved=0
INFO | Train - Loss (last batch): 0.00084
INFO | Val - Loss, MSE, MAE: 0.00127, 0.00127, 0.02369
INFO | Test - Best epoch, Loss, MSE, MAE: 23, 0.00099, 0.00099, 0.01913
INFO | Test - Points (EXACT): total_masked=96963 correct=38230 right_rate=39.4274%
INFO | - Epoch 028, ExpID 78418 best_epoch=23 improved=0
INFO | Train - Loss (last batch): 0.00087
INFO | Val - Loss, MSE, MAE: 0.00109, 0.00109, 0.02018
INFO | Test - Best epoch, Loss, MSE, MAE: 23, 0.00099, 0.00099, 0.01913
INFO | Test - Points (EXACT): total_masked=96963 correct=38230 right_rate=39.4274%
INFO | - Epoch 029, ExpID 78418 best_epoch=23 improved=0
INFO | Train - Loss (last batch): 0.00133
INFO | Val - Loss, MSE, MAE: 0.00114, 0.00114, 0.02125
INFO | Test - Best epoch, Loss, MSE, MAE: 23, 0.00099, 0.00099, 0.01913
INFO | Test - Points (EXACT): total_masked=96963 correct=38230 right_rate=39.4274%
INFO | - Epoch 030, ExpID 78418 best_epoch=30 improved=1
INFO | Train - Loss (last batch): 0.00098
INFO | Val - Loss, MSE, MAE: 0.00106, 0.00106, 0.01966
INFO | Test - Best epoch, Loss, MSE, MAE: 30, 0.00098, 0.00098, 0.01925
INFO | Test - Points (EXACT): total_masked=96963 correct=37644 right_rate=38.8231%
INFO | - Epoch 031, ExpID 78418 best_epoch=30 improved=0
INFO | Train - Loss (last batch): 0.00100
INFO | Val - Loss, MSE, MAE: 0.00115, 0.00115, 0.02140
INFO | Test - Best epoch, Loss, MSE, MAE: 30, 0.00098, 0.00098, 0.01925
INFO | Test - Points (EXACT): total_masked=96963 correct=37644 right_rate=38.8231%
INFO | - Epoch 032, ExpID 78418 best_epoch=30 improved=0
INFO | Train - Loss (last batch): 0.00096
INFO | Val - Loss, MSE, MAE: 0.00138, 0.00138, 0.02562
INFO | Test - Best epoch, Loss, MSE, MAE: 30, 0.00098, 0.00098, 0.01925
INFO | Test - Points (EXACT): total_masked=96963 correct=37644 right_rate=38.8231%
INFO | - Epoch 033, ExpID 78418 best_epoch=30 improved=0
INFO | Train - Loss (last batch): 0.00092
INFO | Val - Loss, MSE, MAE: 0.00125, 0.00125, 0.02350
INFO | Test - Best epoch, Loss, MSE, MAE: 30, 0.00098, 0.00098, 0.01925
INFO | Test - Points (EXACT): total_masked=96963 correct=37644 right_rate=38.8231%
INFO | - Epoch 034, ExpID 78418 best_epoch=30 improved=0
INFO | Train - Loss (last batch): 0.00075
INFO | Val - Loss, MSE, MAE: 0.00111, 0.00111, 0.02106
INFO | Test - Best epoch, Loss, MSE, MAE: 30, 0.00098, 0.00098, 0.01925
INFO | Test - Points (EXACT): total_masked=96963 correct=37644 right_rate=38.8231%
INFO | - Epoch 035, ExpID 78418 best_epoch=35 improved=1
INFO | Train - Loss (last batch): 0.00075
INFO | Val - Loss, MSE, MAE: 0.00103, 0.00103, 0.01912
INFO | Test - Best epoch, Loss, MSE, MAE: 35, 0.00096, 0.00096, 0.01879
INFO | Test - Points (EXACT): total_masked=96963 correct=39107 right_rate=40.3319%
INFO | - Epoch 036, ExpID 78418 best_epoch=35 improved=0
INFO | Train - Loss (last batch): 0.00089
INFO | Val - Loss, MSE, MAE: 0.00113, 0.00113, 0.02112
INFO | Test - Best epoch, Loss, MSE, MAE: 35, 0.00096, 0.00096, 0.01879
INFO | Test - Points (EXACT): total_masked=96963 correct=39107 right_rate=40.3319%
INFO | - Epoch 037, ExpID 78418 best_epoch=35 improved=0
INFO | Train - Loss (last batch): 0.00094
INFO | Val - Loss, MSE, MAE: 0.00119, 0.00119, 0.02240
INFO | Test - Best epoch, Loss, MSE, MAE: 35, 0.00096, 0.00096, 0.01879
INFO | Test - Points (EXACT): total_masked=96963 correct=39107 right_rate=40.3319%
INFO | - Epoch 038, ExpID 78418 best_epoch=35 improved=0
INFO | Train - Loss (last batch): 0.00077
INFO | Val - Loss, MSE, MAE: 0.00128, 0.00128, 0.02452
INFO | Test - Best epoch, Loss, MSE, MAE: 35, 0.00096, 0.00096, 0.01879
INFO | Test - Points (EXACT): total_masked=96963 correct=39107 right_rate=40.3319%
INFO | - Epoch 039, ExpID 78418 best_epoch=35 improved=0
INFO | Train - Loss (last batch): 0.00122
INFO | Val - Loss, MSE, MAE: 0.00105, 0.00105, 0.01967
INFO | Test - Best epoch, Loss, MSE, MAE: 35, 0.00096, 0.00096, 0.01879
INFO | Test - Points (EXACT): total_masked=96963 correct=39107 right_rate=40.3319%
INFO | - Epoch 040, ExpID 78418 best_epoch=35 improved=0
INFO | Train - Loss (last batch): 0.00078
INFO | Val - Loss, MSE, MAE: 0.00105, 0.00105, 0.01965
INFO | Test - Best epoch, Loss, MSE, MAE: 35, 0.00096, 0.00096, 0.01879
INFO | Test - Points (EXACT): total_masked=96963 correct=39107 right_rate=40.3319%
INFO | - Epoch 041, ExpID 78418 best_epoch=35 improved=0
INFO | Train - Loss (last batch): 0.00128
INFO | Val - Loss, MSE, MAE: 0.00113, 0.00113, 0.02143
INFO | Test - Best epoch, Loss, MSE, MAE: 35, 0.00096, 0.00096, 0.01879
INFO | Test - Points (EXACT): total_masked=96963 correct=39107 right_rate=40.3319%
INFO | - Epoch 042, ExpID 78418 best_epoch=35 improved=0
INFO | Train - Loss (last batch): 0.00071
INFO | Val - Loss, MSE, MAE: 0.00104, 0.00104, 0.01955
INFO | Test - Best epoch, Loss, MSE, MAE: 35, 0.00096, 0.00096, 0.01879
INFO | Test - Points (EXACT): total_masked=96963 correct=39107 right_rate=40.3319%
INFO | - Epoch 043, ExpID 78418 best_epoch=35 improved=0
INFO | Train - Loss (last batch): 0.00083
INFO | Val - Loss, MSE, MAE: 0.00110, 0.00110, 0.02121
INFO | Test - Best epoch, Loss, MSE, MAE: 35, 0.00096, 0.00096, 0.01879
INFO | Test - Points (EXACT): total_masked=96963 correct=39107 right_rate=40.3319%
INFO | - Epoch 044, ExpID 78418 best_epoch=35 improved=0
INFO | Train - Loss (last batch): 0.00071
INFO | Val - Loss, MSE, MAE: 0.00109, 0.00109, 0.02070
INFO | Test - Best epoch, Loss, MSE, MAE: 35, 0.00096, 0.00096, 0.01879
INFO | Test - Points (EXACT): total_masked=96963 correct=39107 right_rate=40.3319%
INFO | - Epoch 045, ExpID 78418 best_epoch=35 improved=0
INFO | Train - Loss (last batch): 0.00082
INFO | Val - Loss, MSE, MAE: 0.00107, 0.00107, 0.02020
INFO | Test - Best epoch, Loss, MSE, MAE: 35, 0.00096, 0.00096, 0.01879
INFO | Test - Points (EXACT): total_masked=96963 correct=39107 right_rate=40.3319%
INFO | - Epoch 046, ExpID 78418 best_epoch=35 improved=0
INFO | Train - Loss (last batch): 0.00080
INFO | Val - Loss, MSE, MAE: 0.00104, 0.00104, 0.01968
INFO | Test - Best epoch, Loss, MSE, MAE: 35, 0.00096, 0.00096, 0.01879
INFO | Test - Points (EXACT): total_masked=96963 correct=39107 right_rate=40.3319%
INFO | - Epoch 047, ExpID 78418 best_epoch=35 improved=0
INFO | Train - Loss (last batch): 0.00082
INFO | Val - Loss, MSE, MAE: 0.00118, 0.00118, 0.02278
INFO | Test - Best epoch, Loss, MSE, MAE: 35, 0.00096, 0.00096, 0.01879
INFO | Test - Points (EXACT): total_masked=96963 correct=39107 right_rate=40.3319%
INFO | - Epoch 048, ExpID 78418 best_epoch=35 improved=0
INFO | Train - Loss (last batch): 0.00100
INFO | Val - Loss, MSE, MAE: 0.00138, 0.00138, 0.02631
INFO | Test - Best epoch, Loss, MSE, MAE: 35, 0.00096, 0.00096, 0.01879
INFO | Test - Points (EXACT): total_masked=96963 correct=39107 right_rate=40.3319%
INFO | - Epoch 049, ExpID 78418 best_epoch=35 improved=0
INFO | Train - Loss (last batch): 0.00107
INFO | Val - Loss, MSE, MAE: 0.00135, 0.00135, 0.02575
INFO | Test - Best epoch, Loss, MSE, MAE: 35, 0.00096, 0.00096, 0.01879
INFO | Test - Points (EXACT): total_masked=96963 correct=39107 right_rate=40.3319%
INFO | - Epoch 050, ExpID 78418 best_epoch=35 improved=0
INFO | Train - Loss (last batch): 0.00083
INFO | Val - Loss, MSE, MAE: 0.00104, 0.00104, 0.01974
INFO | Test - Best epoch, Loss, MSE, MAE: 35, 0.00096, 0.00096, 0.01879
INFO | Test - Points (EXACT): total_masked=96963 correct=39107 right_rate=40.3319%
INFO | - Epoch 051, ExpID 78418 best_epoch=51 improved=1
INFO | Train - Loss (last batch): 0.00090
INFO | Val - Loss, MSE, MAE: 0.00102, 0.00102, 0.01964
INFO | Test - Best epoch, Loss, MSE, MAE: 51, 0.00096, 0.00096, 0.01927
INFO | Test - Points (EXACT): total_masked=96963 correct=37693 right_rate=38.8736%
INFO | - Epoch 052, ExpID 78418 best_epoch=51 improved=0
INFO | Train - Loss (last batch): 0.00092
INFO | Val - Loss, MSE, MAE: 0.00105, 0.00105, 0.02009
INFO | Test - Best epoch, Loss, MSE, MAE: 51, 0.00096, 0.00096, 0.01927
INFO | Test - Points (EXACT): total_masked=96963 correct=37693 right_rate=38.8736%
INFO | - Epoch 053, ExpID 78418 best_epoch=51 improved=0
INFO | Train - Loss (last batch): 0.00086
INFO | Val - Loss, MSE, MAE: 0.00121, 0.00121, 0.02347
INFO | Test - Best epoch, Loss, MSE, MAE: 51, 0.00096, 0.00096, 0.01927
INFO | Test - Points (EXACT): total_masked=96963 correct=37693 right_rate=38.8736%
INFO | - Epoch 054, ExpID 78418 best_epoch=51 improved=0
INFO | Train - Loss (last batch): 0.00112
INFO | Val - Loss, MSE, MAE: 0.00103, 0.00103, 0.01954
INFO | Test - Best epoch, Loss, MSE, MAE: 51, 0.00096, 0.00096, 0.01927
INFO | Test - Points (EXACT): total_masked=96963 correct=37693 right_rate=38.8736%
INFO | - Epoch 055, ExpID 78418 best_epoch=55 improved=1
INFO | Train - Loss (last batch): 0.00075
INFO | Val - Loss, MSE, MAE: 0.00099, 0.00099, 0.01902
INFO | Test - Best epoch, Loss, MSE, MAE: 55, 0.00093, 0.00093, 0.01870
INFO | Test - Points (EXACT): total_masked=96963 correct=39102 right_rate=40.3267%
INFO | - Epoch 056, ExpID 78418 best_epoch=55 improved=0
INFO | Train - Loss (last batch): 0.00072
INFO | Val - Loss, MSE, MAE: 0.00117, 0.00117, 0.02255
INFO | Test - Best epoch, Loss, MSE, MAE: 55, 0.00093, 0.00093, 0.01870
INFO | Test - Points (EXACT): total_masked=96963 correct=39102 right_rate=40.3267%
INFO | - Epoch 057, ExpID 78418 best_epoch=55 improved=0
INFO | Train - Loss (last batch): 0.00075
INFO | Val - Loss, MSE, MAE: 0.00101, 0.00101, 0.01931
INFO | Test - Best epoch, Loss, MSE, MAE: 55, 0.00093, 0.00093, 0.01870
INFO | Test - Points (EXACT): total_masked=96963 correct=39102 right_rate=40.3267%
INFO | - Epoch 058, ExpID 78418 best_epoch=55 improved=0
INFO | Train - Loss (last batch): 0.00101
INFO | Val - Loss, MSE, MAE: 0.00110, 0.00110, 0.02131
INFO | Test - Best epoch, Loss, MSE, MAE: 55, 0.00093, 0.00093, 0.01870
INFO | Test - Points (EXACT): total_masked=96963 correct=39102 right_rate=40.3267%
INFO | - Epoch 059, ExpID 78418 best_epoch=55 improved=0
INFO | Train - Loss (last batch): 0.00118
INFO | Val - Loss, MSE, MAE: 0.00100, 0.00100, 0.01939
INFO | Test - Best epoch, Loss, MSE, MAE: 55, 0.00093, 0.00093, 0.01870
INFO | Test - Points (EXACT): total_masked=96963 correct=39102 right_rate=40.3267%
INFO | - Epoch 060, ExpID 78418 best_epoch=60 improved=1
INFO | Train - Loss (last batch): 0.00093
INFO | Val - Loss, MSE, MAE: 0.00098, 0.00098, 0.01892
INFO | Test - Best epoch, Loss, MSE, MAE: 60, 0.00094, 0.00094, 0.01877
INFO | Test - Points (EXACT): total_masked=96963 correct=39278 right_rate=40.5082%
INFO | - Epoch 061, ExpID 78418 best_epoch=60 improved=0
INFO | Train - Loss (last batch): 0.00087
INFO | Val - Loss, MSE, MAE: 0.00102, 0.00102, 0.01949
INFO | Test - Best epoch, Loss, MSE, MAE: 60, 0.00094, 0.00094, 0.01877
INFO | Test - Points (EXACT): total_masked=96963 correct=39278 right_rate=40.5082%
INFO | - Epoch 062, ExpID 78418 best_epoch=62 improved=1
INFO | Train - Loss (last batch): 0.00094
INFO | Val - Loss, MSE, MAE: 0.00098, 0.00098, 0.01884
INFO | Test - Best epoch, Loss, MSE, MAE: 62, 0.00093, 0.00093, 0.01874
INFO | Test - Points (EXACT): total_masked=96963 correct=38473 right_rate=39.6780%
INFO | - Epoch 063, ExpID 78418 best_epoch=62 improved=0
INFO | Train - Loss (last batch): 0.00085
INFO | Val - Loss, MSE, MAE: 0.00099, 0.00099, 0.01915
INFO | Test - Best epoch, Loss, MSE, MAE: 62, 0.00093, 0.00093, 0.01874
INFO | Test - Points (EXACT): total_masked=96963 correct=38473 right_rate=39.6780%
INFO | - Epoch 064, ExpID 78418 best_epoch=62 improved=0
INFO | Train - Loss (last batch): 0.00081
INFO | Val - Loss, MSE, MAE: 0.00118, 0.00118, 0.02315
INFO | Test - Best epoch, Loss, MSE, MAE: 62, 0.00093, 0.00093, 0.01874
INFO | Test - Points (EXACT): total_masked=96963 correct=38473 right_rate=39.6780%
INFO | - Epoch 065, ExpID 78418 best_epoch=62 improved=0
INFO | Train - Loss (last batch): 0.00135
INFO | Val - Loss, MSE, MAE: 0.00123, 0.00123, 0.02407
INFO | Test - Best epoch, Loss, MSE, MAE: 62, 0.00093, 0.00093, 0.01874
INFO | Test - Points (EXACT): total_masked=96963 correct=38473 right_rate=39.6780%
INFO | - Epoch 066, ExpID 78418 best_epoch=62 improved=0
INFO | Train - Loss (last batch): 0.00086
INFO | Val - Loss, MSE, MAE: 0.00100, 0.00100, 0.01935
INFO | Test - Best epoch, Loss, MSE, MAE: 62, 0.00093, 0.00093, 0.01874
INFO | Test - Points (EXACT): total_masked=96963 correct=38473 right_rate=39.6780%
INFO | - Epoch 067, ExpID 78418 best_epoch=62 improved=0
INFO | Train - Loss (last batch): 0.00081
INFO | Val - Loss, MSE, MAE: 0.00106, 0.00106, 0.02084
INFO | Test - Best epoch, Loss, MSE, MAE: 62, 0.00093, 0.00093, 0.01874
INFO | Test - Points (EXACT): total_masked=96963 correct=38473 right_rate=39.6780%
INFO | - Epoch 068, ExpID 78418 best_epoch=62 improved=0
INFO | Train - Loss (last batch): 0.00106
INFO | Val - Loss, MSE, MAE: 0.00103, 0.00103, 0.01988
INFO | Test - Best epoch, Loss, MSE, MAE: 62, 0.00093, 0.00093, 0.01874
INFO | Test - Points (EXACT): total_masked=96963 correct=38473 right_rate=39.6780%
INFO | - Epoch 069, ExpID 78418 best_epoch=62 improved=0
INFO | Train - Loss (last batch): 0.00102
INFO | Val - Loss, MSE, MAE: 0.00101, 0.00101, 0.01972
INFO | Test - Best epoch, Loss, MSE, MAE: 62, 0.00093, 0.00093, 0.01874
INFO | Test - Points (EXACT): total_masked=96963 correct=38473 right_rate=39.6780%
INFO | - Epoch 070, ExpID 78418 best_epoch=62 improved=0
INFO | Train - Loss (last batch): 0.00094
INFO | Val - Loss, MSE, MAE: 0.00101, 0.00101, 0.01937
INFO | Test - Best epoch, Loss, MSE, MAE: 62, 0.00093, 0.00093, 0.01874
INFO | Test - Points (EXACT): total_masked=96963 correct=38473 right_rate=39.6780%
INFO | - Epoch 071, ExpID 78418 best_epoch=62 improved=0
INFO | Train - Loss (last batch): 0.00087
INFO | Val - Loss, MSE, MAE: 0.00101, 0.00101, 0.01935
INFO | Test - Best epoch, Loss, MSE, MAE: 62, 0.00093, 0.00093, 0.01874
INFO | Test - Points (EXACT): total_masked=96963 correct=38473 right_rate=39.6780%
INFO | - Epoch 072, ExpID 78418 best_epoch=62 improved=0
INFO | Train - Loss (last batch): 0.00079
INFO | Val - Loss, MSE, MAE: 0.00124, 0.00124, 0.02400
INFO | Test - Best epoch, Loss, MSE, MAE: 62, 0.00093, 0.00093, 0.01874
INFO | Test - Points (EXACT): total_masked=96963 correct=38473 right_rate=39.6780%
INFO | - Epoch 073, ExpID 78418 best_epoch=62 improved=0
INFO | Train - Loss (last batch): 0.00088
INFO | Val - Loss, MSE, MAE: 0.00112, 0.00112, 0.02182
INFO | Test - Best epoch, Loss, MSE, MAE: 62, 0.00093, 0.00093, 0.01874
INFO | Test - Points (EXACT): total_masked=96963 correct=38473 right_rate=39.6780%
INFO | - Epoch 074, ExpID 78418 best_epoch=62 improved=0
INFO | Train - Loss (last batch): 0.00082
INFO | Val - Loss, MSE, MAE: 0.00099, 0.00099, 0.01916
INFO | Test - Best epoch, Loss, MSE, MAE: 62, 0.00093, 0.00093, 0.01874
INFO | Test - Points (EXACT): total_masked=96963 correct=38473 right_rate=39.6780%
INFO | - Epoch 075, ExpID 78418 best_epoch=62 improved=0
INFO | Train - Loss (last batch): 0.00077
INFO | Val - Loss, MSE, MAE: 0.00104, 0.00104, 0.01998
INFO | Test - Best epoch, Loss, MSE, MAE: 62, 0.00093, 0.00093, 0.01874
INFO | Test - Points (EXACT): total_masked=96963 correct=38473 right_rate=39.6780%
INFO | - Epoch 076, ExpID 78418 best_epoch=62 improved=0
INFO | Train - Loss (last batch): 0.00093
INFO | Val - Loss, MSE, MAE: 0.00108, 0.00108, 0.02149
INFO | Test - Best epoch, Loss, MSE, MAE: 62, 0.00093, 0.00093, 0.01874
INFO | Test - Points (EXACT): total_masked=96963 correct=38473 right_rate=39.6780%
INFO | - Epoch 077, ExpID 78418 best_epoch=77 improved=1
INFO | Train - Loss (last batch): 0.00109
INFO | Val - Loss, MSE, MAE: 0.00097, 0.00097, 0.01876
INFO | Test - Best epoch, Loss, MSE, MAE: 77, 0.00093, 0.00093, 0.01861
INFO | Test - Points (EXACT): total_masked=96963 correct=38907 right_rate=40.1256%
INFO | - Epoch 078, ExpID 78418 best_epoch=77 improved=0
INFO | Train - Loss (last batch): 0.00089
INFO | Val - Loss, MSE, MAE: 0.00119, 0.00119, 0.02324
INFO | Test - Best epoch, Loss, MSE, MAE: 77, 0.00093, 0.00093, 0.01861
INFO | Test - Points (EXACT): total_masked=96963 correct=38907 right_rate=40.1256%
INFO | - Epoch 079, ExpID 78418 best_epoch=79 improved=1
INFO | Train - Loss (last batch): 0.00089
INFO | Val - Loss, MSE, MAE: 0.00097, 0.00097, 0.01873
INFO | Test - Best epoch, Loss, MSE, MAE: 79, 0.00093, 0.00093, 0.01867
INFO | Test - Points (EXACT): total_masked=96963 correct=38913 right_rate=40.1318%
INFO | - Epoch 080, ExpID 78418 best_epoch=79 improved=0
INFO | Train - Loss (last batch): 0.00106
INFO | Val - Loss, MSE, MAE: 0.00099, 0.00099, 0.01922
INFO | Test - Best epoch, Loss, MSE, MAE: 79, 0.00093, 0.00093, 0.01867
INFO | Test - Points (EXACT): total_masked=96963 correct=38913 right_rate=40.1318%
INFO | - Epoch 081, ExpID 78418 best_epoch=79 improved=0
INFO | Train - Loss (last batch): 0.00089
INFO | Val - Loss, MSE, MAE: 0.00098, 0.00098, 0.01896
INFO | Test - Best epoch, Loss, MSE, MAE: 79, 0.00093, 0.00093, 0.01867
INFO | Test - Points (EXACT): total_masked=96963 correct=38913 right_rate=40.1318%
INFO | - Epoch 082, ExpID 78418 best_epoch=79 improved=0
INFO | Train - Loss (last batch): 0.00076
INFO | Val - Loss, MSE, MAE: 0.00101, 0.00101, 0.01946
INFO | Test - Best epoch, Loss, MSE, MAE: 79, 0.00093, 0.00093, 0.01867
INFO | Test - Points (EXACT): total_masked=96963 correct=38913 right_rate=40.1318%
INFO | - Epoch 083, ExpID 78418 best_epoch=83 improved=1
INFO | Train - Loss (last batch): 0.00103
INFO | Val - Loss, MSE, MAE: 0.00096, 0.00096, 0.01882
INFO | Test - Best epoch, Loss, MSE, MAE: 83, 0.00092, 0.00092, 0.01866
INFO | Test - Points (EXACT): total_masked=96963 correct=39478 right_rate=40.7145%
INFO | - Epoch 084, ExpID 78418 best_epoch=84 improved=1
INFO | Train - Loss (last batch): 0.00115
INFO | Val - Loss, MSE, MAE: 0.00096, 0.00096, 0.01852
INFO | Test - Best epoch, Loss, MSE, MAE: 84, 0.00092, 0.00092, 0.01851
INFO | Test - Points (EXACT): total_masked=96963 correct=38914 right_rate=40.1328%
INFO | - Epoch 085, ExpID 78418 best_epoch=84 improved=0
INFO | Train - Loss (last batch): 0.00106
INFO | Val - Loss, MSE, MAE: 0.00097, 0.00097, 0.01876
INFO | Test - Best epoch, Loss, MSE, MAE: 84, 0.00092, 0.00092, 0.01851
INFO | Test - Points (EXACT): total_masked=96963 correct=38914 right_rate=40.1328%
INFO | - Epoch 086, ExpID 78418 best_epoch=84 improved=0
INFO | Train - Loss (last batch): 0.00088
INFO | Val - Loss, MSE, MAE: 0.00097, 0.00097, 0.01873
INFO | Test - Best epoch, Loss, MSE, MAE: 84, 0.00092, 0.00092, 0.01851
INFO | Test - Points (EXACT): total_masked=96963 correct=38914 right_rate=40.1328%
INFO | - Epoch 087, ExpID 78418 best_epoch=84 improved=0
INFO | Train - Loss (last batch): 0.00083
INFO | Val - Loss, MSE, MAE: 0.00106, 0.00106, 0.02051
INFO | Test - Best epoch, Loss, MSE, MAE: 84, 0.00092, 0.00092, 0.01851
INFO | Test - Points (EXACT): total_masked=96963 correct=38914 right_rate=40.1328%
INFO | - Epoch 088, ExpID 78418 best_epoch=88 improved=1
INFO | Train - Loss (last batch): 0.00079
INFO | Val - Loss, MSE, MAE: 0.00095, 0.00095, 0.01856
INFO | Test - Best epoch, Loss, MSE, MAE: 88, 0.00093, 0.00093, 0.01849
INFO | Test - Points (EXACT): total_masked=96963 correct=39275 right_rate=40.5051%
INFO | - Epoch 089, ExpID 78418 best_epoch=88 improved=0
INFO | Train - Loss (last batch): 0.00096
INFO | Val - Loss, MSE, MAE: 0.00098, 0.00098, 0.01909
INFO | Test - Best epoch, Loss, MSE, MAE: 88, 0.00093, 0.00093, 0.01849
INFO | Test - Points (EXACT): total_masked=96963 correct=39275 right_rate=40.5051%
INFO | - Epoch 090, ExpID 78418 best_epoch=88 improved=0
INFO | Train - Loss (last batch): 0.00086
INFO | Val - Loss, MSE, MAE: 0.00111, 0.00111, 0.02181
INFO | Test - Best epoch, Loss, MSE, MAE: 88, 0.00093, 0.00093, 0.01849
INFO | Test - Points (EXACT): total_masked=96963 correct=39275 right_rate=40.5051%
INFO | - Epoch 091, ExpID 78418 best_epoch=88 improved=0
INFO | Train - Loss (last batch): 0.00087
INFO | Val - Loss, MSE, MAE: 0.00111, 0.00111, 0.02228
INFO | Test - Best epoch, Loss, MSE, MAE: 88, 0.00093, 0.00093, 0.01849
INFO | Test - Points (EXACT): total_masked=96963 correct=39275 right_rate=40.5051%
INFO | - Epoch 092, ExpID 78418 best_epoch=88 improved=0
INFO | Train - Loss (last batch): 0.00083
INFO | Val - Loss, MSE, MAE: 0.00106, 0.00106, 0.02066
INFO | Test - Best epoch, Loss, MSE, MAE: 88, 0.00093, 0.00093, 0.01849
INFO | Test - Points (EXACT): total_masked=96963 correct=39275 right_rate=40.5051%
INFO | - Epoch 093, ExpID 78418 best_epoch=88 improved=0
INFO | Train - Loss (last batch): 0.00068
INFO | Val - Loss, MSE, MAE: 0.00098, 0.00098, 0.01900
INFO | Test - Best epoch, Loss, MSE, MAE: 88, 0.00093, 0.00093, 0.01849
INFO | Test - Points (EXACT): total_masked=96963 correct=39275 right_rate=40.5051%
INFO | - Epoch 094, ExpID 78418 best_epoch=88 improved=0
INFO | Train - Loss (last batch): 0.00073
INFO | Val - Loss, MSE, MAE: 0.00115, 0.00115, 0.02224
INFO | Test - Best epoch, Loss, MSE, MAE: 88, 0.00093, 0.00093, 0.01849
INFO | Test - Points (EXACT): total_masked=96963 correct=39275 right_rate=40.5051%
INFO | - Epoch 095, ExpID 78418 best_epoch=88 improved=0
INFO | Train - Loss (last batch): 0.00074
INFO | Val - Loss, MSE, MAE: 0.00110, 0.00110, 0.02205
INFO | Test - Best epoch, Loss, MSE, MAE: 88, 0.00093, 0.00093, 0.01849
INFO | Test - Points (EXACT): total_masked=96963 correct=39275 right_rate=40.5051%
INFO | - Epoch 096, ExpID 78418 best_epoch=88 improved=0
INFO | Train - Loss (last batch): 0.00073
INFO | Val - Loss, MSE, MAE: 0.00097, 0.00097, 0.01908
INFO | Test - Best epoch, Loss, MSE, MAE: 88, 0.00093, 0.00093, 0.01849
INFO | Test - Points (EXACT): total_masked=96963 correct=39275 right_rate=40.5051%
INFO | - Epoch 097, ExpID 78418 best_epoch=88 improved=0
INFO | Train - Loss (last batch): 0.00066
INFO | Val - Loss, MSE, MAE: 0.00097, 0.00097, 0.01871
INFO | Test - Best epoch, Loss, MSE, MAE: 88, 0.00093, 0.00093, 0.01849
INFO | Test - Points (EXACT): total_masked=96963 correct=39275 right_rate=40.5051%
INFO | - Epoch 098, ExpID 78418 best_epoch=88 improved=0
INFO | Train - Loss (last batch): 0.00089
INFO | Val - Loss, MSE, MAE: 0.00097, 0.00097, 0.01900
INFO | Test - Best epoch, Loss, MSE, MAE: 88, 0.00093, 0.00093, 0.01849
INFO | Test - Points (EXACT): total_masked=96963 correct=39275 right_rate=40.5051%
INFO | - Epoch 099, ExpID 78418 best_epoch=99 improved=1
INFO | Train - Loss (last batch): 0.00076
INFO | Val - Loss, MSE, MAE: 0.00095, 0.00095, 0.01847
INFO | Test - Best epoch, Loss, MSE, MAE: 99, 0.00091, 0.00091, 0.01833
INFO | Test - Points (EXACT): total_masked=96963 correct=39444 right_rate=40.6794%
INFO | - Epoch 100, ExpID 78418 best_epoch=99 improved=0
INFO | Train - Loss (last batch): 0.00090
INFO | Val - Loss, MSE, MAE: 0.00122, 0.00122, 0.02428
INFO | Test - Best epoch, Loss, MSE, MAE: 99, 0.00091, 0.00091, 0.01833
INFO | Test - Points (EXACT): total_masked=96963 correct=39444 right_rate=40.6794%
INFO | - Epoch 101, ExpID 78418 best_epoch=99 improved=0
INFO | Train - Loss (last batch): 0.00088
INFO | Val - Loss, MSE, MAE: 0.00096, 0.00096, 0.01910
INFO | Test - Best epoch, Loss, MSE, MAE: 99, 0.00091, 0.00091, 0.01833
INFO | Test - Points (EXACT): total_masked=96963 correct=39444 right_rate=40.6794%
INFO | - Epoch 102, ExpID 78418 best_epoch=99 improved=0
INFO | Train - Loss (last batch): 0.00086
INFO | Val - Loss, MSE, MAE: 0.00108, 0.00108, 0.02129
INFO | Test - Best epoch, Loss, MSE, MAE: 99, 0.00091, 0.00091, 0.01833
INFO | Test - Points (EXACT): total_masked=96963 correct=39444 right_rate=40.6794%
INFO | - Epoch 103, ExpID 78418 best_epoch=99 improved=0
INFO | Train - Loss (last batch): 0.00091
INFO | Val - Loss, MSE, MAE: 0.00097, 0.00097, 0.01882
INFO | Test - Best epoch, Loss, MSE, MAE: 99, 0.00091, 0.00091, 0.01833
INFO | Test - Points (EXACT): total_masked=96963 correct=39444 right_rate=40.6794%
INFO | - Epoch 104, ExpID 78418 best_epoch=99 improved=0
INFO | Train - Loss (last batch): 0.00079
INFO | Val - Loss, MSE, MAE: 0.00097, 0.00097, 0.01893
INFO | Test - Best epoch, Loss, MSE, MAE: 99, 0.00091, 0.00091, 0.01833
INFO | Test - Points (EXACT): total_masked=96963 correct=39444 right_rate=40.6794%
INFO | - Epoch 105, ExpID 78418 best_epoch=99 improved=0
INFO | Train - Loss (last batch): 0.00085
INFO | Val - Loss, MSE, MAE: 0.00099, 0.00099, 0.01973
INFO | Test - Best epoch, Loss, MSE, MAE: 99, 0.00091, 0.00091, 0.01833
INFO | Test - Points (EXACT): total_masked=96963 correct=39444 right_rate=40.6794%
INFO | - Epoch 106, ExpID 78418 best_epoch=106 improved=1
INFO | Train - Loss (last batch): 0.00091
INFO | Val - Loss, MSE, MAE: 0.00094, 0.00094, 0.01838
INFO | Test - Best epoch, Loss, MSE, MAE: 106, 0.00091, 0.00091, 0.01832
INFO | Test - Points (EXACT): total_masked=96963 correct=39799 right_rate=41.0456%
INFO | - Epoch 107, ExpID 78418 best_epoch=106 improved=0
INFO | Train - Loss (last batch): 0.00079
INFO | Val - Loss, MSE, MAE: 0.00099, 0.00099, 0.01925
INFO | Test - Best epoch, Loss, MSE, MAE: 106, 0.00091, 0.00091, 0.01832
INFO | Test - Points (EXACT): total_masked=96963 correct=39799 right_rate=41.0456%
INFO | - Epoch 108, ExpID 78418 best_epoch=106 improved=0
INFO | Train - Loss (last batch): 0.00088
INFO | Val - Loss, MSE, MAE: 0.00095, 0.00095, 0.01867
INFO | Test - Best epoch, Loss, MSE, MAE: 106, 0.00091, 0.00091, 0.01832
INFO | Test - Points (EXACT): total_masked=96963 correct=39799 right_rate=41.0456%
INFO | - Epoch 109, ExpID 78418 best_epoch=106 improved=0
INFO | Train - Loss (last batch): 0.00089
INFO | Val - Loss, MSE, MAE: 0.00097, 0.00097, 0.01881
INFO | Test - Best epoch, Loss, MSE, MAE: 106, 0.00091, 0.00091, 0.01832
INFO | Test - Points (EXACT): total_masked=96963 correct=39799 right_rate=41.0456%
INFO | - Epoch 110, ExpID 78418 best_epoch=106 improved=0
INFO | Train - Loss (last batch): 0.00089
INFO | Val - Loss, MSE, MAE: 0.00096, 0.00096, 0.01862
INFO | Test - Best epoch, Loss, MSE, MAE: 106, 0.00091, 0.00091, 0.01832
INFO | Test - Points (EXACT): total_masked=96963 correct=39799 right_rate=41.0456%
INFO | - Epoch 111, ExpID 78418 best_epoch=106 improved=0
INFO | Train - Loss (last batch): 0.00102
INFO | Val - Loss, MSE, MAE: 0.00096, 0.00096, 0.01867
INFO | Test - Best epoch, Loss, MSE, MAE: 106, 0.00091, 0.00091, 0.01832
INFO | Test - Points (EXACT): total_masked=96963 correct=39799 right_rate=41.0456%
INFO | - Epoch 112, ExpID 78418 best_epoch=106 improved=0
INFO | Train - Loss (last batch): 0.00085
INFO | Val - Loss, MSE, MAE: 0.00095, 0.00095, 0.01851
INFO | Test - Best epoch, Loss, MSE, MAE: 106, 0.00091, 0.00091, 0.01832
INFO | Test - Points (EXACT): total_masked=96963 correct=39799 right_rate=41.0456%
INFO | - Epoch 113, ExpID 78418 best_epoch=106 improved=0
INFO | Train - Loss (last batch): 0.00068
INFO | Val - Loss, MSE, MAE: 0.00098, 0.00098, 0.01928
INFO | Test - Best epoch, Loss, MSE, MAE: 106, 0.00091, 0.00091, 0.01832
INFO | Test - Points (EXACT): total_masked=96963 correct=39799 right_rate=41.0456%
INFO | - Epoch 114, ExpID 78418 best_epoch=106 improved=0
INFO | Train - Loss (last batch): 0.00079
INFO | Val - Loss, MSE, MAE: 0.00097, 0.00097, 0.01888
INFO | Test - Best epoch, Loss, MSE, MAE: 106, 0.00091, 0.00091, 0.01832
INFO | Test - Points (EXACT): total_masked=96963 correct=39799 right_rate=41.0456%
INFO | - Epoch 115, ExpID 78418 best_epoch=106 improved=0
INFO | Train - Loss (last batch): 0.00098
INFO | Val - Loss, MSE, MAE: 0.00102, 0.00102, 0.02011
INFO | Test - Best epoch, Loss, MSE, MAE: 106, 0.00091, 0.00091, 0.01832
INFO | Test - Points (EXACT): total_masked=96963 correct=39799 right_rate=41.0456%
INFO | - Epoch 116, ExpID 78418 best_epoch=106 improved=0
INFO | Train - Loss (last batch): 0.00081
INFO | Val - Loss, MSE, MAE: 0.00101, 0.00101, 0.02019
INFO | Test - Best epoch, Loss, MSE, MAE: 106, 0.00091, 0.00091, 0.01832
INFO | Test - Points (EXACT): total_masked=96963 correct=39799 right_rate=41.0456%
INFO | - Epoch 117, ExpID 78418 best_epoch=106 improved=0
INFO | Train - Loss (last batch): 0.00093
INFO | Val - Loss, MSE, MAE: 0.00100, 0.00100, 0.01982
INFO | Test - Best epoch, Loss, MSE, MAE: 106, 0.00091, 0.00091, 0.01832
INFO | Test - Points (EXACT): total_masked=96963 correct=39799 right_rate=41.0456%
INFO | - Epoch 118, ExpID 78418 best_epoch=106 improved=0
INFO | Train - Loss (last batch): 0.00070
INFO | Val - Loss, MSE, MAE: 0.00098, 0.00098, 0.01916
INFO | Test - Best epoch, Loss, MSE, MAE: 106, 0.00091, 0.00091, 0.01832
INFO | Test - Points (EXACT): total_masked=96963 correct=39799 right_rate=41.0456%
INFO | - Epoch 119, ExpID 78418 best_epoch=106 improved=0
INFO | Train - Loss (last batch): 0.00086
INFO | Val - Loss, MSE, MAE: 0.00111, 0.00111, 0.02232
INFO | Test - Best epoch, Loss, MSE, MAE: 106, 0.00091, 0.00091, 0.01832
INFO | Test - Points (EXACT): total_masked=96963 correct=39799 right_rate=41.0456%
INFO | - Epoch 120, ExpID 78418 best_epoch=106 improved=0
INFO | Train - Loss (last batch): 0.00069
INFO | Val - Loss, MSE, MAE: 0.00099, 0.00099, 0.01927
INFO | Test - Best epoch, Loss, MSE, MAE: 106, 0.00091, 0.00091, 0.01832
INFO | Test - Points (EXACT): total_masked=96963 correct=39799 right_rate=41.0456%
INFO | - Epoch 121, ExpID 78418 best_epoch=106 improved=0
INFO | Train - Loss (last batch): 0.00074
INFO | Val - Loss, MSE, MAE: 0.00095, 0.00095, 0.01872
INFO | Test - Best epoch, Loss, MSE, MAE: 106, 0.00091, 0.00091, 0.01832
INFO | Test - Points (EXACT): total_masked=96963 correct=39799 right_rate=41.0456%
INFO | - Epoch 122, ExpID 78418 best_epoch=122 improved=1
INFO | Train - Loss (last batch): 0.00077
INFO | Val - Loss, MSE, MAE: 0.00094, 0.00094, 0.01837
INFO | Test - Best epoch, Loss, MSE, MAE: 122, 0.00091, 0.00091, 0.01830
INFO | Test - Points (EXACT): total_masked=96963 correct=39466 right_rate=40.7021%
INFO | - Epoch 123, ExpID 78418 best_epoch=122 improved=0
INFO | Train - Loss (last batch): 0.00065
INFO | Val - Loss, MSE, MAE: 0.00100, 0.00100, 0.01993
INFO | Test - Best epoch, Loss, MSE, MAE: 122, 0.00091, 0.00091, 0.01830
INFO | Test - Points (EXACT): total_masked=96963 correct=39466 right_rate=40.7021%
INFO | - Epoch 124, ExpID 78418 best_epoch=122 improved=0
INFO | Train - Loss (last batch): 0.00082
INFO | Val - Loss, MSE, MAE: 0.00099, 0.00099, 0.01956
INFO | Test - Best epoch, Loss, MSE, MAE: 122, 0.00091, 0.00091, 0.01830
INFO | Test - Points (EXACT): total_masked=96963 correct=39466 right_rate=40.7021%
INFO | - Epoch 125, ExpID 78418 best_epoch=122 improved=0
INFO | Train - Loss (last batch): 0.00095
INFO | Val - Loss, MSE, MAE: 0.00095, 0.00095, 0.01864
INFO | Test - Best epoch, Loss, MSE, MAE: 122, 0.00091, 0.00091, 0.01830
INFO | Test - Points (EXACT): total_masked=96963 correct=39466 right_rate=40.7021%
INFO | - Epoch 126, ExpID 78418 best_epoch=122 improved=0
INFO | Train - Loss (last batch): 0.00086
INFO | Val - Loss, MSE, MAE: 0.00103, 0.00103, 0.02071
INFO | Test - Best epoch, Loss, MSE, MAE: 122, 0.00091, 0.00091, 0.01830
INFO | Test - Points (EXACT): total_masked=96963 correct=39466 right_rate=40.7021%
INFO | - Epoch 127, ExpID 78418 best_epoch=122 improved=0
INFO | Train - Loss (last batch): 0.00074
INFO | Val - Loss, MSE, MAE: 0.00096, 0.00096, 0.01869
INFO | Test - Best epoch, Loss, MSE, MAE: 122, 0.00091, 0.00091, 0.01830
INFO | Test - Points (EXACT): total_masked=96963 correct=39466 right_rate=40.7021%
INFO | - Epoch 128, ExpID 78418 best_epoch=122 improved=0
INFO | Train - Loss (last batch): 0.00068
INFO | Val - Loss, MSE, MAE: 0.00097, 0.00097, 0.01913
INFO | Test - Best epoch, Loss, MSE, MAE: 122, 0.00091, 0.00091, 0.01830
INFO | Test - Points (EXACT): total_masked=96963 correct=39466 right_rate=40.7021%
INFO | - Epoch 129, ExpID 78418 best_epoch=122 improved=0
INFO | Train - Loss (last batch): 0.00092
INFO | Val - Loss, MSE, MAE: 0.00109, 0.00109, 0.02174
INFO | Test - Best epoch, Loss, MSE, MAE: 122, 0.00091, 0.00091, 0.01830
INFO | Test - Points (EXACT): total_masked=96963 correct=39466 right_rate=40.7021%
INFO | - Epoch 130, ExpID 78418 best_epoch=122 improved=0
INFO | Train - Loss (last batch): 0.00071
INFO | Val - Loss, MSE, MAE: 0.00107, 0.00107, 0.02119
INFO | Test - Best epoch, Loss, MSE, MAE: 122, 0.00091, 0.00091, 0.01830
INFO | Test - Points (EXACT): total_masked=96963 correct=39466 right_rate=40.7021%
INFO | - Epoch 131, ExpID 78418 best_epoch=122 improved=0
INFO | Train - Loss (last batch): 0.00091
INFO | Val - Loss, MSE, MAE: 0.00097, 0.00097, 0.01908
INFO | Test - Best epoch, Loss, MSE, MAE: 122, 0.00091, 0.00091, 0.01830
INFO | Test - Points (EXACT): total_masked=96963 correct=39466 right_rate=40.7021%
INFO | - Epoch 132, ExpID 78418 best_epoch=122 improved=0
INFO | Train - Loss (last batch): 0.00073
INFO | Val - Loss, MSE, MAE: 0.00097, 0.00097, 0.01883
INFO | Test - Best epoch, Loss, MSE, MAE: 122, 0.00091, 0.00091, 0.01830
INFO | Test - Points (EXACT): total_masked=96963 correct=39466 right_rate=40.7021%
INFO | - Epoch 133, ExpID 78418 best_epoch=122 improved=0
INFO | Train - Loss (last batch): 0.00062
INFO | Val - Loss, MSE, MAE: 0.00099, 0.00099, 0.01948
INFO | Test - Best epoch, Loss, MSE, MAE: 122, 0.00091, 0.00091, 0.01830
INFO | Test - Points (EXACT): total_masked=96963 correct=39466 right_rate=40.7021%
INFO | - Epoch 134, ExpID 78418 best_epoch=122 improved=0
INFO | Train - Loss (last batch): 0.00083
INFO | Val - Loss, MSE, MAE: 0.00107, 0.00107, 0.02108
INFO | Test - Best epoch, Loss, MSE, MAE: 122, 0.00091, 0.00091, 0.01830
INFO | Test - Points (EXACT): total_masked=96963 correct=39466 right_rate=40.7021%
INFO | - Epoch 135, ExpID 78418 best_epoch=122 improved=0
INFO | Train - Loss (last batch): 0.00122
INFO | Val - Loss, MSE, MAE: 0.00110, 0.00110, 0.02178
INFO | Test - Best epoch, Loss, MSE, MAE: 122, 0.00091, 0.00091, 0.01830
INFO | Test - Points (EXACT): total_masked=96963 correct=39466 right_rate=40.7021%
INFO | - Epoch 136, ExpID 78418 best_epoch=122 improved=0
INFO | Train - Loss (last batch): 0.00068
INFO | Val - Loss, MSE, MAE: 0.00095, 0.00095, 0.01862
INFO | Test - Best epoch, Loss, MSE, MAE: 122, 0.00091, 0.00091, 0.01830
INFO | Test - Points (EXACT): total_masked=96963 correct=39466 right_rate=40.7021%
INFO | - Epoch 137, ExpID 78418 best_epoch=122 improved=0
INFO | Train - Loss (last batch): 0.00071
INFO | Val - Loss, MSE, MAE: 0.00098, 0.00098, 0.01930
INFO | Test - Best epoch, Loss, MSE, MAE: 122, 0.00091, 0.00091, 0.01830
INFO | Test - Points (EXACT): total_masked=96963 correct=39466 right_rate=40.7021%
INFO | - Epoch 138, ExpID 78418 best_epoch=122 improved=0
INFO | Train - Loss (last batch): 0.00094
INFO | Val - Loss, MSE, MAE: 0.00096, 0.00096, 0.01854
INFO | Test - Best epoch, Loss, MSE, MAE: 122, 0.00091, 0.00091, 0.01830
INFO | Test - Points (EXACT): total_masked=96963 correct=39466 right_rate=40.7021%
INFO | - Epoch 139, ExpID 78418 best_epoch=122 improved=0
INFO | Train - Loss (last batch): 0.00087
INFO | Val - Loss, MSE, MAE: 0.00095, 0.00095, 0.01865
INFO | Test - Best epoch, Loss, MSE, MAE: 122, 0.00091, 0.00091, 0.01830
INFO | Test - Points (EXACT): total_masked=96963 correct=39466 right_rate=40.7021%
INFO | - Epoch 140, ExpID 78418 best_epoch=122 improved=0
INFO | Train - Loss (last batch): 0.00068
INFO | Val - Loss, MSE, MAE: 0.00104, 0.00104, 0.02050
INFO | Test - Best epoch, Loss, MSE, MAE: 122, 0.00091, 0.00091, 0.01830
INFO | Test - Points (EXACT): total_masked=96963 correct=39466 right_rate=40.7021%
INFO | - Epoch 141, ExpID 78418 best_epoch=122 improved=0
INFO | Train - Loss (last batch): 0.00081
INFO | Val - Loss, MSE, MAE: 0.00116, 0.00116, 0.02269
INFO | Test - Best epoch, Loss, MSE, MAE: 122, 0.00091, 0.00091, 0.01830
INFO | Test - Points (EXACT): total_masked=96963 correct=39466 right_rate=40.7021%
INFO | - Epoch 142, ExpID 78418 best_epoch=122 improved=0
INFO | Train - Loss (last batch): 0.00075
INFO | Val - Loss, MSE, MAE: 0.00098, 0.00098, 0.01920
INFO | Test - Best epoch, Loss, MSE, MAE: 122, 0.00091, 0.00091, 0.01830
INFO | Test - Points (EXACT): total_masked=96963 correct=39466 right_rate=40.7021%
INFO | - Epoch 143, ExpID 78418 best_epoch=122 improved=0
INFO | Train - Loss (last batch): 0.00089
INFO | Val - Loss, MSE, MAE: 0.00095, 0.00095, 0.01857
INFO | Test - Best epoch, Loss, MSE, MAE: 122, 0.00091, 0.00091, 0.01830
INFO | Test - Points (EXACT): total_masked=96963 correct=39466 right_rate=40.7021%
INFO | - Epoch 144, ExpID 78418 best_epoch=122 improved=0
INFO | Train - Loss (last batch): 0.00069
INFO | Val - Loss, MSE, MAE: 0.00101, 0.00101, 0.01999
INFO | Test - Best epoch, Loss, MSE, MAE: 122, 0.00091, 0.00091, 0.01830
INFO | Test - Points (EXACT): total_masked=96963 correct=39466 right_rate=40.7021%
INFO | - Epoch 145, ExpID 78418 best_epoch=122 improved=0
INFO | Train - Loss (last batch): 0.00076
INFO | Val - Loss, MSE, MAE: 0.00095, 0.00095, 0.01843
INFO | Test - Best epoch, Loss, MSE, MAE: 122, 0.00091, 0.00091, 0.01830
INFO | Test - Points (EXACT): total_masked=96963 correct=39466 right_rate=40.7021%
INFO | - Epoch 146, ExpID 78418 best_epoch=122 improved=0
INFO | Train - Loss (last batch): 0.00074
INFO | Val - Loss, MSE, MAE: 0.00095, 0.00095, 0.01852
INFO | Test - Best epoch, Loss, MSE, MAE: 122, 0.00091, 0.00091, 0.01830
INFO | Test - Points (EXACT): total_masked=96963 correct=39466 right_rate=40.7021%
INFO | - Epoch 147, ExpID 78418 best_epoch=122 improved=0
INFO | Train - Loss (last batch): 0.00086
INFO | Val - Loss, MSE, MAE: 0.00097, 0.00097, 0.01911
INFO | Test - Best epoch, Loss, MSE, MAE: 122, 0.00091, 0.00091, 0.01830
INFO | Test - Points (EXACT): total_masked=96963 correct=39466 right_rate=40.7021%
INFO | - Epoch 148, ExpID 78418 best_epoch=122 improved=0
INFO | Train - Loss (last batch): 0.00081
INFO | Val - Loss, MSE, MAE: 0.00101, 0.00101, 0.02021
INFO | Test - Best epoch, Loss, MSE, MAE: 122, 0.00091, 0.00091, 0.01830
INFO | Test - Points (EXACT): total_masked=96963 correct=39466 right_rate=40.7021%
INFO | - Epoch 149, ExpID 78418 best_epoch=122 improved=0
INFO | Train - Loss (last batch): 0.00056
INFO | Val - Loss, MSE, MAE: 0.00095, 0.00095, 0.01839
INFO | Test - Best epoch, Loss, MSE, MAE: 122, 0.00091, 0.00091, 0.01830
INFO | Test - Points (EXACT): total_masked=96963 correct=39466 right_rate=40.7021%
INFO | - Epoch 150, ExpID 78418 best_epoch=122 improved=0
INFO | Train - Loss (last batch): 0.00084
INFO | Val - Loss, MSE, MAE: 0.00098, 0.00098, 0.01905
INFO | Test - Best epoch, Loss, MSE, MAE: 122, 0.00091, 0.00091, 0.01830
INFO | Test - Points (EXACT): total_masked=96963 correct=39466 right_rate=40.7021%
INFO | - Epoch 151, ExpID 78418 best_epoch=122 improved=0
INFO | Train - Loss (last batch): 0.00096
INFO | Val - Loss, MSE, MAE: 0.00102, 0.00102, 0.02039
INFO | Test - Best epoch, Loss, MSE, MAE: 122, 0.00091, 0.00091, 0.01830
INFO | Test - Points (EXACT): total_masked=96963 correct=39466 right_rate=40.7021%
INFO | - Epoch 152, ExpID 78418 best_epoch=122 improved=0
INFO | Train - Loss (last batch): 0.00084
INFO | Val - Loss, MSE, MAE: 0.00096, 0.00096, 0.01906
INFO | Test - Best epoch, Loss, MSE, MAE: 122, 0.00091, 0.00091, 0.01830
INFO | Test - Points (EXACT): total_masked=96963 correct=39466 right_rate=40.7021%
INFO | - Epoch 153, ExpID 78418 best_epoch=122 improved=0
INFO | Train - Loss (last batch): 0.00079
INFO | Val - Loss, MSE, MAE: 0.00094, 0.00094, 0.01845
INFO | Test - Best epoch, Loss, MSE, MAE: 122, 0.00091, 0.00091, 0.01830
INFO | Test - Points (EXACT): total_masked=96963 correct=39466 right_rate=40.7021%
INFO | - Epoch 154, ExpID 78418 best_epoch=122 improved=0
INFO | Train - Loss (last batch): 0.00066
INFO | Val - Loss, MSE, MAE: 0.00095, 0.00095, 0.01839
INFO | Test - Best epoch, Loss, MSE, MAE: 122, 0.00091, 0.00091, 0.01830
INFO | Test - Points (EXACT): total_masked=96963 correct=39466 right_rate=40.7021%
INFO | - Epoch 155, ExpID 78418 best_epoch=122 improved=0
INFO | Train - Loss (last batch): 0.00069
INFO | Val - Loss, MSE, MAE: 0.00097, 0.00097, 0.01899
INFO | Test - Best epoch, Loss, MSE, MAE: 122, 0.00091, 0.00091, 0.01830
INFO | Test - Points (EXACT): total_masked=96963 correct=39466 right_rate=40.7021%
INFO | - Epoch 156, ExpID 78418 best_epoch=122 improved=0
INFO | Train - Loss (last batch): 0.00059
INFO | Val - Loss, MSE, MAE: 0.00095, 0.00095, 0.01871
INFO | Test - Best epoch, Loss, MSE, MAE: 122, 0.00091, 0.00091, 0.01830
INFO | Test - Points (EXACT): total_masked=96963 correct=39466 right_rate=40.7021%
INFO | - Epoch 157, ExpID 78418 best_epoch=122 improved=0
INFO | Train - Loss (last batch): 0.00075
INFO | Val - Loss, MSE, MAE: 0.00097, 0.00097, 0.01917
INFO | Test - Best epoch, Loss, MSE, MAE: 122, 0.00091, 0.00091, 0.01830
INFO | Test - Points (EXACT): total_masked=96963 correct=39466 right_rate=40.7021%
INFO | - Epoch 158, ExpID 78418 best_epoch=122 improved=0
INFO | Train - Loss (last batch): 0.00058
INFO | Val - Loss, MSE, MAE: 0.00097, 0.00097, 0.01885
INFO | Test - Best epoch, Loss, MSE, MAE: 122, 0.00091, 0.00091, 0.01830
INFO | Test - Points (EXACT): total_masked=96963 correct=39466 right_rate=40.7021%
INFO | - Epoch 159, ExpID 78418 best_epoch=122 improved=0
INFO | Train - Loss (last batch): 0.00081
INFO | Val - Loss, MSE, MAE: 0.00099, 0.00099, 0.01955
INFO | Test - Best epoch, Loss, MSE, MAE: 122, 0.00091, 0.00091, 0.01830
INFO | Test - Points (EXACT): total_masked=96963 correct=39466 right_rate=40.7021%
INFO | - Epoch 160, ExpID 78418 best_epoch=122 improved=0
INFO | Train - Loss (last batch): 0.00075
INFO | Val - Loss, MSE, MAE: 0.00103, 0.00103, 0.02016
INFO | Test - Best epoch, Loss, MSE, MAE: 122, 0.00091, 0.00091, 0.01830
INFO | Test - Points (EXACT): total_masked=96963 correct=39466 right_rate=40.7021%
INFO | - Epoch 161, ExpID 78418 best_epoch=122 improved=0
INFO | Train - Loss (last batch): 0.00068
INFO | Val - Loss, MSE, MAE: 0.00106, 0.00106, 0.02117
INFO | Test - Best epoch, Loss, MSE, MAE: 122, 0.00091, 0.00091, 0.01830
INFO | Test - Points (EXACT): total_masked=96963 correct=39466 right_rate=40.7021%
INFO | - Epoch 162, ExpID 78418 best_epoch=122 improved=0
INFO | Train - Loss (last batch): 0.00081
INFO | Val - Loss, MSE, MAE: 0.00098, 0.00098, 0.01914
INFO | Test - Best epoch, Loss, MSE, MAE: 122, 0.00091, 0.00091, 0.01830
INFO | Test - Points (EXACT): total_masked=96963 correct=39466 right_rate=40.7021%
INFO | - Epoch 000, ExpID 50751 best_epoch=0 improved=1
INFO | Train - Loss (last batch): 0.00615
INFO | Val - Loss, MSE, MAE: 0.00541, 0.00541, 0.05036
INFO | Test - Best epoch, Loss, MSE, MAE: 0, 0.00518, 0.00518, 0.04876
INFO | Test - Points (EXACT): total_masked=96963 correct=13810 right_rate=14.2425%
INFO | - Epoch 001, ExpID 50751 best_epoch=1 improved=1
INFO | Train - Loss (last batch): 0.00139
INFO | Val - Loss, MSE, MAE: 0.00146, 0.00146, 0.02524
INFO | Test - Best epoch, Loss, MSE, MAE: 1, 0.00139, 0.00139, 0.02498
INFO | Test - Points (EXACT): total_masked=96963 correct=27395 right_rate=28.2530%
INFO | - Epoch 002, ExpID 50751 best_epoch=2 improved=1
INFO | Train - Loss (last batch): 0.00147
INFO | Val - Loss, MSE, MAE: 0.00132, 0.00132, 0.02375
INFO | Test - Best epoch, Loss, MSE, MAE: 2, 0.00127, 0.00127, 0.02351
INFO | Test - Points (EXACT): total_masked=96963 correct=30623 right_rate=31.5821%
INFO | - Epoch 003, ExpID 50751 best_epoch=2 improved=0
INFO | Train - Loss (last batch): 0.00124
INFO | Val - Loss, MSE, MAE: 0.00174, 0.00174, 0.02981
INFO | Test - Best epoch, Loss, MSE, MAE: 2, 0.00127, 0.00127, 0.02351
INFO | Test - Points (EXACT): total_masked=96963 correct=30623 right_rate=31.5821%
INFO | - Epoch 004, ExpID 50751 best_epoch=4 improved=1
INFO | Train - Loss (last batch): 0.00167
INFO | Val - Loss, MSE, MAE: 0.00121, 0.00121, 0.02189
INFO | Test - Best epoch, Loss, MSE, MAE: 4, 0.00115, 0.00115, 0.02169
INFO | Test - Points (EXACT): total_masked=96963 correct=33124 right_rate=34.1615%
INFO | - Epoch 005, ExpID 50751 best_epoch=4 improved=0
INFO | Train - Loss (last batch): 0.00097
INFO | Val - Loss, MSE, MAE: 0.00123, 0.00123, 0.02233
INFO | Test - Best epoch, Loss, MSE, MAE: 4, 0.00115, 0.00115, 0.02169
INFO | Test - Points (EXACT): total_masked=96963 correct=33124 right_rate=34.1615%
INFO | - Epoch 006, ExpID 50751 best_epoch=4 improved=0
INFO | Train - Loss (last batch): 0.00083
INFO | Val - Loss, MSE, MAE: 0.00127, 0.00127, 0.02301
INFO | Test - Best epoch, Loss, MSE, MAE: 4, 0.00115, 0.00115, 0.02169
INFO | Test - Points (EXACT): total_masked=96963 correct=33124 right_rate=34.1615%
INFO | - Epoch 007, ExpID 50751 best_epoch=4 improved=0
INFO | Train - Loss (last batch): 0.00085
INFO | Val - Loss, MSE, MAE: 0.00137, 0.00137, 0.02484
INFO | Test - Best epoch, Loss, MSE, MAE: 4, 0.00115, 0.00115, 0.02169
INFO | Test - Points (EXACT): total_masked=96963 correct=33124 right_rate=34.1615%
INFO | - Epoch 008, ExpID 50751 best_epoch=8 improved=1
INFO | Train - Loss (last batch): 0.00108
INFO | Val - Loss, MSE, MAE: 0.00118, 0.00118, 0.02153
INFO | Test - Best epoch, Loss, MSE, MAE: 8, 0.00111, 0.00111, 0.02124
INFO | Test - Points (EXACT): total_masked=96963 correct=33991 right_rate=35.0556%
INFO | - Epoch 009, ExpID 50751 best_epoch=9 improved=1
INFO | Train - Loss (last batch): 0.00122
INFO | Val - Loss, MSE, MAE: 0.00115, 0.00115, 0.02113
INFO | Test - Best epoch, Loss, MSE, MAE: 9, 0.00109, 0.00109, 0.02084
INFO | Test - Points (EXACT): total_masked=96963 correct=34636 right_rate=35.7208%
INFO | - Epoch 010, ExpID 50751 best_epoch=9 improved=0
INFO | Train - Loss (last batch): 0.00120
INFO | Val - Loss, MSE, MAE: 0.00129, 0.00129, 0.02351
INFO | Test - Best epoch, Loss, MSE, MAE: 9, 0.00109, 0.00109, 0.02084
INFO | Test - Points (EXACT): total_masked=96963 correct=34636 right_rate=35.7208%
INFO | - Epoch 011, ExpID 50751 best_epoch=9 improved=0
INFO | Train - Loss (last batch): 0.00104
INFO | Val - Loss, MSE, MAE: 0.00119, 0.00119, 0.02173
INFO | Test - Best epoch, Loss, MSE, MAE: 9, 0.00109, 0.00109, 0.02084
INFO | Test - Points (EXACT): total_masked=96963 correct=34636 right_rate=35.7208%
INFO | - Epoch 012, ExpID 50751 best_epoch=9 improved=0
INFO | Train - Loss (last batch): 0.00117
INFO | Val - Loss, MSE, MAE: 0.00118, 0.00118, 0.02158
INFO | Test - Best epoch, Loss, MSE, MAE: 9, 0.00109, 0.00109, 0.02084
INFO | Test - Points (EXACT): total_masked=96963 correct=34636 right_rate=35.7208%
INFO | - Epoch 013, ExpID 50751 best_epoch=9 improved=0
INFO | Train - Loss (last batch): 0.00108
INFO | Val - Loss, MSE, MAE: 0.00126, 0.00126, 0.02319
INFO | Test - Best epoch, Loss, MSE, MAE: 9, 0.00109, 0.00109, 0.02084
INFO | Test - Points (EXACT): total_masked=96963 correct=34636 right_rate=35.7208%
INFO | - Epoch 014, ExpID 50751 best_epoch=14 improved=1
INFO | Train - Loss (last batch): 0.00119
INFO | Val - Loss, MSE, MAE: 0.00115, 0.00115, 0.02112
INFO | Test - Best epoch, Loss, MSE, MAE: 14, 0.00107, 0.00107, 0.02076
INFO | Test - Points (EXACT): total_masked=96963 correct=34891 right_rate=35.9838%
INFO | - Epoch 015, ExpID 50751 best_epoch=15 improved=1
INFO | Train - Loss (last batch): 0.00078
INFO | Val - Loss, MSE, MAE: 0.00112, 0.00112, 0.02031
INFO | Test - Best epoch, Loss, MSE, MAE: 15, 0.00104, 0.00104, 0.01992
INFO | Test - Points (EXACT): total_masked=96963 correct=36677 right_rate=37.8258%
INFO | - Epoch 016, ExpID 50751 best_epoch=16 improved=1
INFO | Train - Loss (last batch): 0.00142
INFO | Val - Loss, MSE, MAE: 0.00111, 0.00111, 0.02046
INFO | Test - Best epoch, Loss, MSE, MAE: 16, 0.00104, 0.00104, 0.02008
INFO | Test - Points (EXACT): total_masked=96963 correct=36239 right_rate=37.3740%
INFO | - Epoch 017, ExpID 50751 best_epoch=16 improved=0
INFO | Train - Loss (last batch): 0.00097
INFO | Val - Loss, MSE, MAE: 0.00122, 0.00122, 0.02256
INFO | Test - Best epoch, Loss, MSE, MAE: 16, 0.00104, 0.00104, 0.02008
INFO | Test - Points (EXACT): total_masked=96963 correct=36239 right_rate=37.3740%
INFO | - Epoch 018, ExpID 50751 best_epoch=18 improved=1
INFO | Train - Loss (last batch): 0.00109
INFO | Val - Loss, MSE, MAE: 0.00110, 0.00110, 0.02021
INFO | Test - Best epoch, Loss, MSE, MAE: 18, 0.00102, 0.00102, 0.01979
INFO | Test - Points (EXACT): total_masked=96963 correct=36384 right_rate=37.5236%
INFO | - Epoch 019, ExpID 50751 best_epoch=18 improved=0
INFO | Train - Loss (last batch): 0.00094
INFO | Val - Loss, MSE, MAE: 0.00113, 0.00113, 0.02089
INFO | Test - Best epoch, Loss, MSE, MAE: 18, 0.00102, 0.00102, 0.01979
INFO | Test - Points (EXACT): total_masked=96963 correct=36384 right_rate=37.5236%
INFO | - Epoch 020, ExpID 50751 best_epoch=18 improved=0
INFO | Train - Loss (last batch): 0.00106
INFO | Val - Loss, MSE, MAE: 0.00167, 0.00167, 0.03051
INFO | Test - Best epoch, Loss, MSE, MAE: 18, 0.00102, 0.00102, 0.01979
INFO | Test - Points (EXACT): total_masked=96963 correct=36384 right_rate=37.5236%
INFO | - Epoch 021, ExpID 50751 best_epoch=18 improved=0
INFO | Train - Loss (last batch): 0.00076
INFO | Val - Loss, MSE, MAE: 0.00126, 0.00126, 0.02348
INFO | Test - Best epoch, Loss, MSE, MAE: 18, 0.00102, 0.00102, 0.01979
INFO | Test - Points (EXACT): total_masked=96963 correct=36384 right_rate=37.5236%
INFO | - Epoch 022, ExpID 50751 best_epoch=18 improved=0
INFO | Train - Loss (last batch): 0.00086
INFO | Val - Loss, MSE, MAE: 0.00111, 0.00111, 0.02052
INFO | Test - Best epoch, Loss, MSE, MAE: 18, 0.00102, 0.00102, 0.01979
INFO | Test - Points (EXACT): total_masked=96963 correct=36384 right_rate=37.5236%
INFO | - Epoch 023, ExpID 50751 best_epoch=23 improved=1
INFO | Train - Loss (last batch): 0.00090
INFO | Val - Loss, MSE, MAE: 0.00108, 0.00108, 0.01989
INFO | Test - Best epoch, Loss, MSE, MAE: 23, 0.00100, 0.00100, 0.01944
INFO | Test - Points (EXACT): total_masked=96963 correct=37291 right_rate=38.4590%
INFO | - Epoch 024, ExpID 50751 best_epoch=23 improved=0
INFO | Train - Loss (last batch): 0.00117
INFO | Val - Loss, MSE, MAE: 0.00112, 0.00112, 0.02075
INFO | Test - Best epoch, Loss, MSE, MAE: 23, 0.00100, 0.00100, 0.01944
INFO | Test - Points (EXACT): total_masked=96963 correct=37291 right_rate=38.4590%
INFO | - Epoch 025, ExpID 50751 best_epoch=23 improved=0
INFO | Train - Loss (last batch): 0.00131
INFO | Val - Loss, MSE, MAE: 0.00110, 0.00110, 0.02034
INFO | Test - Best epoch, Loss, MSE, MAE: 23, 0.00100, 0.00100, 0.01944
INFO | Test - Points (EXACT): total_masked=96963 correct=37291 right_rate=38.4590%
INFO | - Epoch 026, ExpID 50751 best_epoch=23 improved=0
INFO | Train - Loss (last batch): 0.00107
INFO | Val - Loss, MSE, MAE: 0.00109, 0.00109, 0.02019
INFO | Test - Best epoch, Loss, MSE, MAE: 23, 0.00100, 0.00100, 0.01944
INFO | Test - Points (EXACT): total_masked=96963 correct=37291 right_rate=38.4590%
INFO | - Epoch 027, ExpID 50751 best_epoch=27 improved=1
INFO | Train - Loss (last batch): 0.00086
INFO | Val - Loss, MSE, MAE: 0.00108, 0.00108, 0.01980
INFO | Test - Best epoch, Loss, MSE, MAE: 27, 0.00100, 0.00100, 0.01937
INFO | Test - Points (EXACT): total_masked=96963 correct=37531 right_rate=38.7065%
INFO | - Epoch 028, ExpID 50751 best_epoch=28 improved=1
INFO | Train - Loss (last batch): 0.00097
INFO | Val - Loss, MSE, MAE: 0.00107, 0.00107, 0.01983
INFO | Test - Best epoch, Loss, MSE, MAE: 28, 0.00099, 0.00099, 0.01935
INFO | Test - Points (EXACT): total_masked=96963 correct=37602 right_rate=38.7797%
INFO | - Epoch 029, ExpID 50751 best_epoch=28 improved=0
INFO | Train - Loss (last batch): 0.00083
INFO | Val - Loss, MSE, MAE: 0.00109, 0.00109, 0.02018
INFO | Test - Best epoch, Loss, MSE, MAE: 28, 0.00099, 0.00099, 0.01935
INFO | Test - Points (EXACT): total_masked=96963 correct=37602 right_rate=38.7797%
INFO | - Epoch 030, ExpID 50751 best_epoch=28 improved=0
INFO | Train - Loss (last batch): 0.00116
INFO | Val - Loss, MSE, MAE: 0.00108, 0.00108, 0.01998
INFO | Test - Best epoch, Loss, MSE, MAE: 28, 0.00099, 0.00099, 0.01935
INFO | Test - Points (EXACT): total_masked=96963 correct=37602 right_rate=38.7797%
INFO | - Epoch 031, ExpID 50751 best_epoch=31 improved=1
INFO | Train - Loss (last batch): 0.00085
INFO | Val - Loss, MSE, MAE: 0.00106, 0.00106, 0.01959
INFO | Test - Best epoch, Loss, MSE, MAE: 31, 0.00099, 0.00099, 0.01917
INFO | Test - Points (EXACT): total_masked=96963 correct=38214 right_rate=39.4109%
INFO | - Epoch 032, ExpID 50751 best_epoch=31 improved=0
INFO | Train - Loss (last batch): 0.00112
INFO | Val - Loss, MSE, MAE: 0.00107, 0.00107, 0.01976
INFO | Test - Best epoch, Loss, MSE, MAE: 31, 0.00099, 0.00099, 0.01917
INFO | Test - Points (EXACT): total_masked=96963 correct=38214 right_rate=39.4109%
INFO | - Epoch 033, ExpID 50751 best_epoch=31 improved=0
INFO | Train - Loss (last batch): 0.00098
INFO | Val - Loss, MSE, MAE: 0.00135, 0.00135, 0.02548
INFO | Test - Best epoch, Loss, MSE, MAE: 31, 0.00099, 0.00099, 0.01917
INFO | Test - Points (EXACT): total_masked=96963 correct=38214 right_rate=39.4109%
INFO | - Epoch 034, ExpID 50751 best_epoch=34 improved=1
INFO | Train - Loss (last batch): 0.00096
INFO | Val - Loss, MSE, MAE: 0.00106, 0.00106, 0.01964
INFO | Test - Best epoch, Loss, MSE, MAE: 34, 0.00099, 0.00099, 0.01927
INFO | Test - Points (EXACT): total_masked=96963 correct=37680 right_rate=38.8602%
INFO | - Epoch 035, ExpID 50751 best_epoch=34 improved=0
INFO | Train - Loss (last batch): 0.00108
INFO | Val - Loss, MSE, MAE: 0.00109, 0.00109, 0.02029
INFO | Test - Best epoch, Loss, MSE, MAE: 34, 0.00099, 0.00099, 0.01927
INFO | Test - Points (EXACT): total_masked=96963 correct=37680 right_rate=38.8602%
INFO | - Epoch 036, ExpID 50751 best_epoch=34 improved=0
INFO | Train - Loss (last batch): 0.00073
INFO | Val - Loss, MSE, MAE: 0.00136, 0.00136, 0.02589
INFO | Test - Best epoch, Loss, MSE, MAE: 34, 0.00099, 0.00099, 0.01927
INFO | Test - Points (EXACT): total_masked=96963 correct=37680 right_rate=38.8602%
INFO | - Epoch 037, ExpID 50751 best_epoch=34 improved=0
INFO | Train - Loss (last batch): 0.00098
INFO | Val - Loss, MSE, MAE: 0.00108, 0.00108, 0.02024
INFO | Test - Best epoch, Loss, MSE, MAE: 34, 0.00099, 0.00099, 0.01927
INFO | Test - Points (EXACT): total_masked=96963 correct=37680 right_rate=38.8602%
INFO | - Epoch 038, ExpID 50751 best_epoch=38 improved=1
INFO | Train - Loss (last batch): 0.00086
INFO | Val - Loss, MSE, MAE: 0.00105, 0.00105, 0.01954
INFO | Test - Best epoch, Loss, MSE, MAE: 38, 0.00098, 0.00098, 0.01916
INFO | Test - Points (EXACT): total_masked=96963 correct=38298 right_rate=39.4975%
INFO | - Epoch 039, ExpID 50751 best_epoch=39 improved=1
INFO | Train - Loss (last batch): 0.00111
INFO | Val - Loss, MSE, MAE: 0.00104, 0.00104, 0.01952
INFO | Test - Best epoch, Loss, MSE, MAE: 39, 0.00097, 0.00097, 0.01905
INFO | Test - Points (EXACT): total_masked=96963 correct=38296 right_rate=39.4955%
INFO | - Epoch 040, ExpID 50751 best_epoch=39 improved=0
INFO | Train - Loss (last batch): 0.00090
INFO | Val - Loss, MSE, MAE: 0.00107, 0.00107, 0.02010
INFO | Test - Best epoch, Loss, MSE, MAE: 39, 0.00097, 0.00097, 0.01905
INFO | Test - Points (EXACT): total_masked=96963 correct=38296 right_rate=39.4955%
INFO | - Epoch 041, ExpID 50751 best_epoch=39 improved=0
INFO | Train - Loss (last batch): 0.00092
INFO | Val - Loss, MSE, MAE: 0.00118, 0.00118, 0.02260
INFO | Test - Best epoch, Loss, MSE, MAE: 39, 0.00097, 0.00097, 0.01905
INFO | Test - Points (EXACT): total_masked=96963 correct=38296 right_rate=39.4955%
INFO | - Epoch 042, ExpID 50751 best_epoch=39 improved=0
INFO | Train - Loss (last batch): 0.00110
INFO | Val - Loss, MSE, MAE: 0.00105, 0.00105, 0.01941
INFO | Test - Best epoch, Loss, MSE, MAE: 39, 0.00097, 0.00097, 0.01905
INFO | Test - Points (EXACT): total_masked=96963 correct=38296 right_rate=39.4955%
INFO | - Epoch 043, ExpID 50751 best_epoch=39 improved=0
INFO | Train - Loss (last batch): 0.00074
INFO | Val - Loss, MSE, MAE: 0.00107, 0.00107, 0.02009
INFO | Test - Best epoch, Loss, MSE, MAE: 39, 0.00097, 0.00097, 0.01905
INFO | Test - Points (EXACT): total_masked=96963 correct=38296 right_rate=39.4955%
INFO | - Epoch 044, ExpID 50751 best_epoch=39 improved=0
INFO | Train - Loss (last batch): 0.00074
INFO | Val - Loss, MSE, MAE: 0.00128, 0.00128, 0.02429
INFO | Test - Best epoch, Loss, MSE, MAE: 39, 0.00097, 0.00097, 0.01905
INFO | Test - Points (EXACT): total_masked=96963 correct=38296 right_rate=39.4955%
INFO | - Epoch 045, ExpID 50751 best_epoch=39 improved=0
INFO | Train - Loss (last batch): 0.00078
INFO | Val - Loss, MSE, MAE: 0.00107, 0.00107, 0.02026
INFO | Test - Best epoch, Loss, MSE, MAE: 39, 0.00097, 0.00097, 0.01905
INFO | Test - Points (EXACT): total_masked=96963 correct=38296 right_rate=39.4955%
INFO | - Epoch 046, ExpID 50751 best_epoch=39 improved=0
INFO | Train - Loss (last batch): 0.00113
INFO | Val - Loss, MSE, MAE: 0.00106, 0.00106, 0.01991
INFO | Test - Best epoch, Loss, MSE, MAE: 39, 0.00097, 0.00097, 0.01905
INFO | Test - Points (EXACT): total_masked=96963 correct=38296 right_rate=39.4955%
INFO | - Epoch 047, ExpID 50751 best_epoch=39 improved=0
INFO | Train - Loss (last batch): 0.00080
INFO | Val - Loss, MSE, MAE: 0.00139, 0.00139, 0.02626
INFO | Test - Best epoch, Loss, MSE, MAE: 39, 0.00097, 0.00097, 0.01905
INFO | Test - Points (EXACT): total_masked=96963 correct=38296 right_rate=39.4955%
INFO | - Epoch 048, ExpID 50751 best_epoch=39 improved=0
INFO | Train - Loss (last batch): 0.00111
INFO | Val - Loss, MSE, MAE: 0.00105, 0.00105, 0.01986
INFO | Test - Best epoch, Loss, MSE, MAE: 39, 0.00097, 0.00097, 0.01905
INFO | Test - Points (EXACT): total_masked=96963 correct=38296 right_rate=39.4955%
INFO | - Epoch 049, ExpID 50751 best_epoch=39 improved=0
INFO | Train - Loss (last batch): 0.00127
INFO | Val - Loss, MSE, MAE: 0.00104, 0.00104, 0.01964
INFO | Test - Best epoch, Loss, MSE, MAE: 39, 0.00097, 0.00097, 0.01905
INFO | Test - Points (EXACT): total_masked=96963 correct=38296 right_rate=39.4955%
INFO | - Epoch 050, ExpID 50751 best_epoch=39 improved=0
INFO | Train - Loss (last batch): 0.00104
INFO | Val - Loss, MSE, MAE: 0.00107, 0.00107, 0.02054
INFO | Test - Best epoch, Loss, MSE, MAE: 39, 0.00097, 0.00097, 0.01905
INFO | Test - Points (EXACT): total_masked=96963 correct=38296 right_rate=39.4955%
INFO | - Epoch 051, ExpID 50751 best_epoch=39 improved=0
INFO | Train - Loss (last batch): 0.00102
INFO | Val - Loss, MSE, MAE: 0.00109, 0.00109, 0.02088
INFO | Test - Best epoch, Loss, MSE, MAE: 39, 0.00097, 0.00097, 0.01905
INFO | Test - Points (EXACT): total_masked=96963 correct=38296 right_rate=39.4955%
INFO | - Epoch 052, ExpID 50751 best_epoch=39 improved=0
INFO | Train - Loss (last batch): 0.00080
INFO | Val - Loss, MSE, MAE: 0.00112, 0.00112, 0.02149
INFO | Test - Best epoch, Loss, MSE, MAE: 39, 0.00097, 0.00097, 0.01905
INFO | Test - Points (EXACT): total_masked=96963 correct=38296 right_rate=39.4955%
INFO | - Epoch 053, ExpID 50751 best_epoch=39 improved=0
INFO | Train - Loss (last batch): 0.00098
INFO | Val - Loss, MSE, MAE: 0.00117, 0.00117, 0.02269
INFO | Test - Best epoch, Loss, MSE, MAE: 39, 0.00097, 0.00097, 0.01905
INFO | Test - Points (EXACT): total_masked=96963 correct=38296 right_rate=39.4955%
INFO | - Epoch 054, ExpID 50751 best_epoch=54 improved=1
INFO | Train - Loss (last batch): 0.00097
INFO | Val - Loss, MSE, MAE: 0.00102, 0.00102, 0.01926
INFO | Test - Best epoch, Loss, MSE, MAE: 54, 0.00096, 0.00096, 0.01893
INFO | Test - Points (EXACT): total_masked=96963 correct=38806 right_rate=40.0215%
INFO | - Epoch 055, ExpID 50751 best_epoch=54 improved=0
INFO | Train - Loss (last batch): 0.00105
INFO | Val - Loss, MSE, MAE: 0.00106, 0.00106, 0.02022
INFO | Test - Best epoch, Loss, MSE, MAE: 54, 0.00096, 0.00096, 0.01893
INFO | Test - Points (EXACT): total_masked=96963 correct=38806 right_rate=40.0215%
INFO | - Epoch 056, ExpID 50751 best_epoch=54 improved=0
INFO | Train - Loss (last batch): 0.00079
INFO | Val - Loss, MSE, MAE: 0.00128, 0.00128, 0.02479
INFO | Test - Best epoch, Loss, MSE, MAE: 54, 0.00096, 0.00096, 0.01893
INFO | Test - Points (EXACT): total_masked=96963 correct=38806 right_rate=40.0215%
INFO | - Epoch 057, ExpID 50751 best_epoch=54 improved=0
INFO | Train - Loss (last batch): 0.00099
INFO | Val - Loss, MSE, MAE: 0.00111, 0.00111, 0.02147
INFO | Test - Best epoch, Loss, MSE, MAE: 54, 0.00096, 0.00096, 0.01893
INFO | Test - Points (EXACT): total_masked=96963 correct=38806 right_rate=40.0215%
INFO | - Epoch 058, ExpID 50751 best_epoch=54 improved=0
INFO | Train - Loss (last batch): 0.00106
INFO | Val - Loss, MSE, MAE: 0.00115, 0.00115, 0.02240
INFO | Test - Best epoch, Loss, MSE, MAE: 54, 0.00096, 0.00096, 0.01893
INFO | Test - Points (EXACT): total_masked=96963 correct=38806 right_rate=40.0215%
INFO | - Epoch 059, ExpID 50751 best_epoch=54 improved=0
INFO | Train - Loss (last batch): 0.00127
INFO | Val - Loss, MSE, MAE: 0.00102, 0.00102, 0.01948
INFO | Test - Best epoch, Loss, MSE, MAE: 54, 0.00096, 0.00096, 0.01893
INFO | Test - Points (EXACT): total_masked=96963 correct=38806 right_rate=40.0215%
INFO | - Epoch 060, ExpID 50751 best_epoch=54 improved=0
INFO | Train - Loss (last batch): 0.00091
INFO | Val - Loss, MSE, MAE: 0.00124, 0.00124, 0.02411
INFO | Test - Best epoch, Loss, MSE, MAE: 54, 0.00096, 0.00096, 0.01893
INFO | Test - Points (EXACT): total_masked=96963 correct=38806 right_rate=40.0215%
INFO | - Epoch 061, ExpID 50751 best_epoch=61 improved=1
INFO | Train - Loss (last batch): 0.00093
INFO | Val - Loss, MSE, MAE: 0.00101, 0.00101, 0.01939
INFO | Test - Best epoch, Loss, MSE, MAE: 61, 0.00096, 0.00096, 0.01906
INFO | Test - Points (EXACT): total_masked=96963 correct=38268 right_rate=39.4666%
INFO | - Epoch 062, ExpID 50751 best_epoch=61 improved=0
INFO | Train - Loss (last batch): 0.00091
INFO | Val - Loss, MSE, MAE: 0.00104, 0.00104, 0.02018
INFO | Test - Best epoch, Loss, MSE, MAE: 61, 0.00096, 0.00096, 0.01906
INFO | Test - Points (EXACT): total_masked=96963 correct=38268 right_rate=39.4666%
INFO | - Epoch 063, ExpID 50751 best_epoch=61 improved=0
INFO | Train - Loss (last batch): 0.00110
INFO | Val - Loss, MSE, MAE: 0.00137, 0.00137, 0.02651
INFO | Test - Best epoch, Loss, MSE, MAE: 61, 0.00096, 0.00096, 0.01906
INFO | Test - Points (EXACT): total_masked=96963 correct=38268 right_rate=39.4666%
INFO | - Epoch 064, ExpID 50751 best_epoch=61 improved=0
INFO | Train - Loss (last batch): 0.00103
INFO | Val - Loss, MSE, MAE: 0.00115, 0.00115, 0.02237
INFO | Test - Best epoch, Loss, MSE, MAE: 61, 0.00096, 0.00096, 0.01906
INFO | Test - Points (EXACT): total_masked=96963 correct=38268 right_rate=39.4666%
INFO | - Epoch 065, ExpID 50751 best_epoch=65 improved=1
INFO | Train - Loss (last batch): 0.00074
INFO | Val - Loss, MSE, MAE: 0.00100, 0.00100, 0.01911
INFO | Test - Best epoch, Loss, MSE, MAE: 65, 0.00095, 0.00095, 0.01885
INFO | Test - Points (EXACT): total_masked=96963 correct=38859 right_rate=40.0761%
INFO | - Epoch 066, ExpID 50751 best_epoch=65 improved=0
INFO | Train - Loss (last batch): 0.00114
INFO | Val - Loss, MSE, MAE: 0.00102, 0.00102, 0.02002
INFO | Test - Best epoch, Loss, MSE, MAE: 65, 0.00095, 0.00095, 0.01885
INFO | Test - Points (EXACT): total_masked=96963 correct=38859 right_rate=40.0761%
INFO | - Epoch 067, ExpID 50751 best_epoch=65 improved=0
INFO | Train - Loss (last batch): 0.00095
INFO | Val - Loss, MSE, MAE: 0.00103, 0.00103, 0.01999
INFO | Test - Best epoch, Loss, MSE, MAE: 65, 0.00095, 0.00095, 0.01885
INFO | Test - Points (EXACT): total_masked=96963 correct=38859 right_rate=40.0761%
INFO | - Epoch 068, ExpID 50751 best_epoch=68 improved=1
INFO | Train - Loss (last batch): 0.00084
INFO | Val - Loss, MSE, MAE: 0.00100, 0.00100, 0.01938
INFO | Test - Best epoch, Loss, MSE, MAE: 68, 0.00094, 0.00094, 0.01898
INFO | Test - Points (EXACT): total_masked=96963 correct=38349 right_rate=39.5501%
INFO | - Epoch 069, ExpID 50751 best_epoch=68 improved=0
INFO | Train - Loss (last batch): 0.00097
INFO | Val - Loss, MSE, MAE: 0.00101, 0.00101, 0.01961
INFO | Test - Best epoch, Loss, MSE, MAE: 68, 0.00094, 0.00094, 0.01898
INFO | Test - Points (EXACT): total_masked=96963 correct=38349 right_rate=39.5501%
INFO | - Epoch 070, ExpID 50751 best_epoch=70 improved=1
INFO | Train - Loss (last batch): 0.00077
INFO | Val - Loss, MSE, MAE: 0.00099, 0.00099, 0.01915
INFO | Test - Best epoch, Loss, MSE, MAE: 70, 0.00095, 0.00095, 0.01886
INFO | Test - Points (EXACT): total_masked=96963 correct=38606 right_rate=39.8152%
INFO | - Epoch 071, ExpID 50751 best_epoch=70 improved=0
INFO | Train - Loss (last batch): 0.00109
INFO | Val - Loss, MSE, MAE: 0.00101, 0.00101, 0.01980
INFO | Test - Best epoch, Loss, MSE, MAE: 70, 0.00095, 0.00095, 0.01886
INFO | Test - Points (EXACT): total_masked=96963 correct=38606 right_rate=39.8152%
INFO | - Epoch 072, ExpID 50751 best_epoch=72 improved=1
INFO | Train - Loss (last batch): 0.00101
INFO | Val - Loss, MSE, MAE: 0.00098, 0.00098, 0.01898
INFO | Test - Best epoch, Loss, MSE, MAE: 72, 0.00093, 0.00093, 0.01866
INFO | Test - Points (EXACT): total_masked=96963 correct=39250 right_rate=40.4794%
INFO | - Epoch 073, ExpID 50751 best_epoch=72 improved=0
INFO | Train - Loss (last batch): 0.00110
INFO | Val - Loss, MSE, MAE: 0.00101, 0.00101, 0.01967
INFO | Test - Best epoch, Loss, MSE, MAE: 72, 0.00093, 0.00093, 0.01866
INFO | Test - Points (EXACT): total_masked=96963 correct=39250 right_rate=40.4794%
INFO | - Epoch 074, ExpID 50751 best_epoch=72 improved=0
INFO | Train - Loss (last batch): 0.00083
INFO | Val - Loss, MSE, MAE: 0.00099, 0.00099, 0.01931
INFO | Test - Best epoch, Loss, MSE, MAE: 72, 0.00093, 0.00093, 0.01866
INFO | Test - Points (EXACT): total_masked=96963 correct=39250 right_rate=40.4794%
INFO | - Epoch 075, ExpID 50751 best_epoch=72 improved=0
INFO | Train - Loss (last batch): 0.00108
INFO | Val - Loss, MSE, MAE: 0.00104, 0.00104, 0.02042
INFO | Test - Best epoch, Loss, MSE, MAE: 72, 0.00093, 0.00093, 0.01866
INFO | Test - Points (EXACT): total_masked=96963 correct=39250 right_rate=40.4794%
INFO | - Epoch 076, ExpID 50751 best_epoch=76 improved=1
INFO | Train - Loss (last batch): 0.00101
INFO | Val - Loss, MSE, MAE: 0.00097, 0.00097, 0.01901
INFO | Test - Best epoch, Loss, MSE, MAE: 76, 0.00093, 0.00093, 0.01872
INFO | Test - Points (EXACT): total_masked=96963 correct=39162 right_rate=40.3886%
INFO | - Epoch 077, ExpID 50751 best_epoch=76 improved=0
INFO | Train - Loss (last batch): 0.00105
INFO | Val - Loss, MSE, MAE: 0.00098, 0.00098, 0.01892
INFO | Test - Best epoch, Loss, MSE, MAE: 76, 0.00093, 0.00093, 0.01872
INFO | Test - Points (EXACT): total_masked=96963 correct=39162 right_rate=40.3886%
INFO | - Epoch 078, ExpID 50751 best_epoch=76 improved=0
INFO | Train - Loss (last batch): 0.00087
INFO | Val - Loss, MSE, MAE: 0.00097, 0.00097, 0.01884
INFO | Test - Best epoch, Loss, MSE, MAE: 76, 0.00093, 0.00093, 0.01872
INFO | Test - Points (EXACT): total_masked=96963 correct=39162 right_rate=40.3886%
INFO | - Epoch 079, ExpID 50751 best_epoch=76 improved=0
INFO | Train - Loss (last batch): 0.00078
INFO | Val - Loss, MSE, MAE: 0.00098, 0.00098, 0.01922
INFO | Test - Best epoch, Loss, MSE, MAE: 76, 0.00093, 0.00093, 0.01872
INFO | Test - Points (EXACT): total_masked=96963 correct=39162 right_rate=40.3886%
INFO | - Epoch 080, ExpID 50751 best_epoch=76 improved=0
INFO | Train - Loss (last batch): 0.00093
INFO | Val - Loss, MSE, MAE: 0.00108, 0.00108, 0.02144
INFO | Test - Best epoch, Loss, MSE, MAE: 76, 0.00093, 0.00093, 0.01872
INFO | Test - Points (EXACT): total_masked=96963 correct=39162 right_rate=40.3886%
INFO | - Epoch 081, ExpID 50751 best_epoch=76 improved=0
INFO | Train - Loss (last batch): 0.00103
INFO | Val - Loss, MSE, MAE: 0.00102, 0.00102, 0.02031
INFO | Test - Best epoch, Loss, MSE, MAE: 76, 0.00093, 0.00093, 0.01872
INFO | Test - Points (EXACT): total_masked=96963 correct=39162 right_rate=40.3886%
INFO | - Epoch 082, ExpID 50751 best_epoch=76 improved=0
INFO | Train - Loss (last batch): 0.00085
INFO | Val - Loss, MSE, MAE: 0.00107, 0.00107, 0.02126
INFO | Test - Best epoch, Loss, MSE, MAE: 76, 0.00093, 0.00093, 0.01872
INFO | Test - Points (EXACT): total_masked=96963 correct=39162 right_rate=40.3886%
INFO | - Epoch 083, ExpID 50751 best_epoch=76 improved=0
INFO | Train - Loss (last batch): 0.00107
INFO | Val - Loss, MSE, MAE: 0.00098, 0.00098, 0.01922
INFO | Test - Best epoch, Loss, MSE, MAE: 76, 0.00093, 0.00093, 0.01872
INFO | Test - Points (EXACT): total_masked=96963 correct=39162 right_rate=40.3886%
INFO | - Epoch 084, ExpID 50751 best_epoch=76 improved=0
INFO | Train - Loss (last batch): 0.00079
INFO | Val - Loss, MSE, MAE: 0.00102, 0.00102, 0.02022
INFO | Test - Best epoch, Loss, MSE, MAE: 76, 0.00093, 0.00093, 0.01872
INFO | Test - Points (EXACT): total_masked=96963 correct=39162 right_rate=40.3886%
INFO | - Epoch 085, ExpID 50751 best_epoch=76 improved=0
INFO | Train - Loss (last batch): 0.00096
INFO | Val - Loss, MSE, MAE: 0.00098, 0.00098, 0.01926
INFO | Test - Best epoch, Loss, MSE, MAE: 76, 0.00093, 0.00093, 0.01872
INFO | Test - Points (EXACT): total_masked=96963 correct=39162 right_rate=40.3886%
INFO | - Epoch 086, ExpID 50751 best_epoch=76 improved=0
INFO | Train - Loss (last batch): 0.00105
INFO | Val - Loss, MSE, MAE: 0.00105, 0.00105, 0.02060
INFO | Test - Best epoch, Loss, MSE, MAE: 76, 0.00093, 0.00093, 0.01872
INFO | Test - Points (EXACT): total_masked=96963 correct=39162 right_rate=40.3886%
INFO | - Epoch 087, ExpID 50751 best_epoch=76 improved=0
INFO | Train - Loss (last batch): 0.00081
INFO | Val - Loss, MSE, MAE: 0.00097, 0.00097, 0.01894
INFO | Test - Best epoch, Loss, MSE, MAE: 76, 0.00093, 0.00093, 0.01872
INFO | Test - Points (EXACT): total_masked=96963 correct=39162 right_rate=40.3886%
INFO | - Epoch 088, ExpID 50751 best_epoch=88 improved=1
INFO | Train - Loss (last batch): 0.00086
INFO | Val - Loss, MSE, MAE: 0.00097, 0.00097, 0.01879
INFO | Test - Best epoch, Loss, MSE, MAE: 88, 0.00092, 0.00092, 0.01860
INFO | Test - Points (EXACT): total_masked=96963 correct=38900 right_rate=40.1184%
INFO | - Epoch 089, ExpID 50751 best_epoch=88 improved=0
INFO | Train - Loss (last batch): 0.00074
INFO | Val - Loss, MSE, MAE: 0.00098, 0.00098, 0.01915
INFO | Test - Best epoch, Loss, MSE, MAE: 88, 0.00092, 0.00092, 0.01860
INFO | Test - Points (EXACT): total_masked=96963 correct=38900 right_rate=40.1184%
INFO | - Epoch 090, ExpID 50751 best_epoch=90 improved=1
INFO | Train - Loss (last batch): 0.00088
INFO | Val - Loss, MSE, MAE: 0.00097, 0.00097, 0.01891
INFO | Test - Best epoch, Loss, MSE, MAE: 90, 0.00093, 0.00093, 0.01874
INFO | Test - Points (EXACT): total_masked=96963 correct=38378 right_rate=39.5800%
INFO | - Epoch 091, ExpID 50751 best_epoch=90 improved=0
INFO | Train - Loss (last batch): 0.00096
INFO | Val - Loss, MSE, MAE: 0.00099, 0.00099, 0.01937
INFO | Test - Best epoch, Loss, MSE, MAE: 90, 0.00093, 0.00093, 0.01874
INFO | Test - Points (EXACT): total_masked=96963 correct=38378 right_rate=39.5800%
INFO | - Epoch 092, ExpID 50751 best_epoch=90 improved=0
INFO | Train - Loss (last batch): 0.00079
INFO | Val - Loss, MSE, MAE: 0.00108, 0.00108, 0.02172
INFO | Test - Best epoch, Loss, MSE, MAE: 90, 0.00093, 0.00093, 0.01874
INFO | Test - Points (EXACT): total_masked=96963 correct=38378 right_rate=39.5800%
INFO | - Epoch 093, ExpID 50751 best_epoch=90 improved=0
INFO | Train - Loss (last batch): 0.00095
INFO | Val - Loss, MSE, MAE: 0.00097, 0.00097, 0.01894
INFO | Test - Best epoch, Loss, MSE, MAE: 90, 0.00093, 0.00093, 0.01874
INFO | Test - Points (EXACT): total_masked=96963 correct=38378 right_rate=39.5800%
INFO | - Epoch 094, ExpID 50751 best_epoch=90 improved=0
INFO | Train - Loss (last batch): 0.00077
INFO | Val - Loss, MSE, MAE: 0.00106, 0.00106, 0.02138
INFO | Test - Best epoch, Loss, MSE, MAE: 90, 0.00093, 0.00093, 0.01874
INFO | Test - Points (EXACT): total_masked=96963 correct=38378 right_rate=39.5800%
INFO | - Epoch 095, ExpID 50751 best_epoch=95 improved=1
INFO | Train - Loss (last batch): 0.00085
INFO | Val - Loss, MSE, MAE: 0.00096, 0.00096, 0.01867
INFO | Test - Best epoch, Loss, MSE, MAE: 95, 0.00092, 0.00092, 0.01844
INFO | Test - Points (EXACT): total_masked=96963 correct=39514 right_rate=40.7516%
INFO | - Epoch 096, ExpID 50751 best_epoch=96 improved=1
INFO | Train - Loss (last batch): 0.00059
INFO | Val - Loss, MSE, MAE: 0.00096, 0.00096, 0.01886
INFO | Test - Best epoch, Loss, MSE, MAE: 96, 0.00092, 0.00092, 0.01868
INFO | Test - Points (EXACT): total_masked=96963 correct=38553 right_rate=39.7605%
INFO | - Epoch 097, ExpID 50751 best_epoch=96 improved=0
INFO | Train - Loss (last batch): 0.00071
INFO | Val - Loss, MSE, MAE: 0.00097, 0.00097, 0.01885
INFO | Test - Best epoch, Loss, MSE, MAE: 96, 0.00092, 0.00092, 0.01868
INFO | Test - Points (EXACT): total_masked=96963 correct=38553 right_rate=39.7605%
INFO | - Epoch 098, ExpID 50751 best_epoch=98 improved=1
INFO | Train - Loss (last batch): 0.00072
INFO | Val - Loss, MSE, MAE: 0.00095, 0.00095, 0.01859
INFO | Test - Best epoch, Loss, MSE, MAE: 98, 0.00091, 0.00091, 0.01849
INFO | Test - Points (EXACT): total_masked=96963 correct=39245 right_rate=40.4742%
INFO | - Epoch 099, ExpID 50751 best_epoch=98 improved=0
INFO | Train - Loss (last batch): 0.00076
INFO | Val - Loss, MSE, MAE: 0.00096, 0.00096, 0.01896
INFO | Test - Best epoch, Loss, MSE, MAE: 98, 0.00091, 0.00091, 0.01849
INFO | Test - Points (EXACT): total_masked=96963 correct=39245 right_rate=40.4742%
INFO | - Epoch 100, ExpID 50751 best_epoch=98 improved=0
INFO | Train - Loss (last batch): 0.00080
INFO | Val - Loss, MSE, MAE: 0.00099, 0.00099, 0.01953
INFO | Test - Best epoch, Loss, MSE, MAE: 98, 0.00091, 0.00091, 0.01849
INFO | Test - Points (EXACT): total_masked=96963 correct=39245 right_rate=40.4742%
INFO | - Epoch 101, ExpID 50751 best_epoch=98 improved=0
INFO | Train - Loss (last batch): 0.00085
INFO | Val - Loss, MSE, MAE: 0.00095, 0.00095, 0.01872
INFO | Test - Best epoch, Loss, MSE, MAE: 98, 0.00091, 0.00091, 0.01849
INFO | Test - Points (EXACT): total_masked=96963 correct=39245 right_rate=40.4742%
INFO | - Epoch 102, ExpID 50751 best_epoch=98 improved=0
INFO | Train - Loss (last batch): 0.00079
INFO | Val - Loss, MSE, MAE: 0.00097, 0.00097, 0.01931
INFO | Test - Best epoch, Loss, MSE, MAE: 98, 0.00091, 0.00091, 0.01849
INFO | Test - Points (EXACT): total_masked=96963 correct=39245 right_rate=40.4742%
INFO | - Epoch 103, ExpID 50751 best_epoch=98 improved=0
INFO | Train - Loss (last batch): 0.00091
INFO | Val - Loss, MSE, MAE: 0.00096, 0.00096, 0.01862
INFO | Test - Best epoch, Loss, MSE, MAE: 98, 0.00091, 0.00091, 0.01849
INFO | Test - Points (EXACT): total_masked=96963 correct=39245 right_rate=40.4742%
INFO | - Epoch 104, ExpID 50751 best_epoch=98 improved=0
INFO | Train - Loss (last batch): 0.00102
INFO | Val - Loss, MSE, MAE: 0.00099, 0.00099, 0.01930
INFO | Test - Best epoch, Loss, MSE, MAE: 98, 0.00091, 0.00091, 0.01849
INFO | Test - Points (EXACT): total_masked=96963 correct=39245 right_rate=40.4742%
INFO | - Epoch 105, ExpID 50751 best_epoch=98 improved=0
INFO | Train - Loss (last batch): 0.00079
INFO | Val - Loss, MSE, MAE: 0.00097, 0.00097, 0.01922
INFO | Test - Best epoch, Loss, MSE, MAE: 98, 0.00091, 0.00091, 0.01849
INFO | Test - Points (EXACT): total_masked=96963 correct=39245 right_rate=40.4742%
INFO | - Epoch 106, ExpID 50751 best_epoch=98 improved=0
INFO | Train - Loss (last batch): 0.00069
INFO | Val - Loss, MSE, MAE: 0.00096, 0.00096, 0.01862
INFO | Test - Best epoch, Loss, MSE, MAE: 98, 0.00091, 0.00091, 0.01849
INFO | Test - Points (EXACT): total_masked=96963 correct=39245 right_rate=40.4742%
INFO | - Epoch 107, ExpID 50751 best_epoch=98 improved=0
INFO | Train - Loss (last batch): 0.00072
INFO | Val - Loss, MSE, MAE: 0.00096, 0.00096, 0.01885
INFO | Test - Best epoch, Loss, MSE, MAE: 98, 0.00091, 0.00091, 0.01849
INFO | Test - Points (EXACT): total_masked=96963 correct=39245 right_rate=40.4742%
INFO | - Epoch 108, ExpID 50751 best_epoch=98 improved=0
INFO | Train - Loss (last batch): 0.00070
INFO | Val - Loss, MSE, MAE: 0.00098, 0.00098, 0.01966
INFO | Test - Best epoch, Loss, MSE, MAE: 98, 0.00091, 0.00091, 0.01849
INFO | Test - Points (EXACT): total_masked=96963 correct=39245 right_rate=40.4742%
INFO | - Epoch 109, ExpID 50751 best_epoch=98 improved=0
INFO | Train - Loss (last batch): 0.00072
INFO | Val - Loss, MSE, MAE: 0.00096, 0.00096, 0.01893
INFO | Test - Best epoch, Loss, MSE, MAE: 98, 0.00091, 0.00091, 0.01849
INFO | Test - Points (EXACT): total_masked=96963 correct=39245 right_rate=40.4742%
INFO | - Epoch 110, ExpID 50751 best_epoch=98 improved=0
INFO | Train - Loss (last batch): 0.00079
INFO | Val - Loss, MSE, MAE: 0.00099, 0.00099, 0.01952
INFO | Test - Best epoch, Loss, MSE, MAE: 98, 0.00091, 0.00091, 0.01849
INFO | Test - Points (EXACT): total_masked=96963 correct=39245 right_rate=40.4742%
INFO | - Epoch 111, ExpID 50751 best_epoch=98 improved=0
INFO | Train - Loss (last batch): 0.00071
INFO | Val - Loss, MSE, MAE: 0.00096, 0.00096, 0.01896
INFO | Test - Best epoch, Loss, MSE, MAE: 98, 0.00091, 0.00091, 0.01849
INFO | Test - Points (EXACT): total_masked=96963 correct=39245 right_rate=40.4742%
INFO | - Epoch 112, ExpID 50751 best_epoch=98 improved=0
INFO | Train - Loss (last batch): 0.00074
INFO | Val - Loss, MSE, MAE: 0.00095, 0.00095, 0.01857
INFO | Test - Best epoch, Loss, MSE, MAE: 98, 0.00091, 0.00091, 0.01849
INFO | Test - Points (EXACT): total_masked=96963 correct=39245 right_rate=40.4742%
INFO | - Epoch 113, ExpID 50751 best_epoch=98 improved=0
INFO | Train - Loss (last batch): 0.00091
INFO | Val - Loss, MSE, MAE: 0.00097, 0.00097, 0.01899
INFO | Test - Best epoch, Loss, MSE, MAE: 98, 0.00091, 0.00091, 0.01849
INFO | Test - Points (EXACT): total_masked=96963 correct=39245 right_rate=40.4742%
INFO | - Epoch 114, ExpID 50751 best_epoch=98 improved=0
INFO | Train - Loss (last batch): 0.00079
INFO | Val - Loss, MSE, MAE: 0.00095, 0.00095, 0.01855
INFO | Test - Best epoch, Loss, MSE, MAE: 98, 0.00091, 0.00091, 0.01849
INFO | Test - Points (EXACT): total_masked=96963 correct=39245 right_rate=40.4742%
INFO | - Epoch 115, ExpID 50751 best_epoch=98 improved=0
INFO | Train - Loss (last batch): 0.00077
INFO | Val - Loss, MSE, MAE: 0.00096, 0.00096, 0.01903
INFO | Test - Best epoch, Loss, MSE, MAE: 98, 0.00091, 0.00091, 0.01849
INFO | Test - Points (EXACT): total_masked=96963 correct=39245 right_rate=40.4742%
INFO | - Epoch 116, ExpID 50751 best_epoch=98 improved=0
INFO | Train - Loss (last batch): 0.00097
INFO | Val - Loss, MSE, MAE: 0.00099, 0.00099, 0.01957
INFO | Test - Best epoch, Loss, MSE, MAE: 98, 0.00091, 0.00091, 0.01849
INFO | Test - Points (EXACT): total_masked=96963 correct=39245 right_rate=40.4742%
INFO | - Epoch 117, ExpID 50751 best_epoch=98 improved=0
INFO | Train - Loss (last batch): 0.00072
INFO | Val - Loss, MSE, MAE: 0.00102, 0.00102, 0.01984
INFO | Test - Best epoch, Loss, MSE, MAE: 98, 0.00091, 0.00091, 0.01849
INFO | Test - Points (EXACT): total_masked=96963 correct=39245 right_rate=40.4742%
INFO | - Epoch 118, ExpID 50751 best_epoch=98 improved=0
INFO | Train - Loss (last batch): 0.00091
INFO | Val - Loss, MSE, MAE: 0.00098, 0.00098, 0.01952
INFO | Test - Best epoch, Loss, MSE, MAE: 98, 0.00091, 0.00091, 0.01849
INFO | Test - Points (EXACT): total_masked=96963 correct=39245 right_rate=40.4742%
INFO | - Epoch 119, ExpID 50751 best_epoch=98 improved=0
INFO | Train - Loss (last batch): 0.00069
INFO | Val - Loss, MSE, MAE: 0.00095, 0.00095, 0.01866
INFO | Test - Best epoch, Loss, MSE, MAE: 98, 0.00091, 0.00091, 0.01849
INFO | Test - Points (EXACT): total_masked=96963 correct=39245 right_rate=40.4742%
INFO | - Epoch 120, ExpID 50751 best_epoch=98 improved=0
INFO | Train - Loss (last batch): 0.00082
INFO | Val - Loss, MSE, MAE: 0.00099, 0.00099, 0.01989
INFO | Test - Best epoch, Loss, MSE, MAE: 98, 0.00091, 0.00091, 0.01849
INFO | Test - Points (EXACT): total_masked=96963 correct=39245 right_rate=40.4742%
INFO | - Epoch 121, ExpID 50751 best_epoch=98 improved=0
INFO | Train - Loss (last batch): 0.00080
INFO | Val - Loss, MSE, MAE: 0.00100, 0.00100, 0.01976
INFO | Test - Best epoch, Loss, MSE, MAE: 98, 0.00091, 0.00091, 0.01849
INFO | Test - Points (EXACT): total_masked=96963 correct=39245 right_rate=40.4742%
INFO | - Epoch 122, ExpID 50751 best_epoch=98 improved=0
INFO | Train - Loss (last batch): 0.00065
INFO | Val - Loss, MSE, MAE: 0.00095, 0.00095, 0.01860
INFO | Test - Best epoch, Loss, MSE, MAE: 98, 0.00091, 0.00091, 0.01849
INFO | Test - Points (EXACT): total_masked=96963 correct=39245 right_rate=40.4742%
INFO | - Epoch 123, ExpID 50751 best_epoch=98 improved=0
INFO | Train - Loss (last batch): 0.00068
INFO | Val - Loss, MSE, MAE: 0.00099, 0.00099, 0.01970
INFO | Test - Best epoch, Loss, MSE, MAE: 98, 0.00091, 0.00091, 0.01849
INFO | Test - Points (EXACT): total_masked=96963 correct=39245 right_rate=40.4742%
INFO | - Epoch 124, ExpID 50751 best_epoch=124 improved=1
INFO | Train - Loss (last batch): 0.00074
INFO | Val - Loss, MSE, MAE: 0.00094, 0.00094, 0.01840
INFO | Test - Best epoch, Loss, MSE, MAE: 124, 0.00090, 0.00090, 0.01833
INFO | Test - Points (EXACT): total_masked=96963 correct=39285 right_rate=40.5155%
INFO | - Epoch 125, ExpID 50751 best_epoch=124 improved=0
INFO | Train - Loss (last batch): 0.00068
INFO | Val - Loss, MSE, MAE: 0.00099, 0.00099, 0.01970
INFO | Test - Best epoch, Loss, MSE, MAE: 124, 0.00090, 0.00090, 0.01833
INFO | Test - Points (EXACT): total_masked=96963 correct=39285 right_rate=40.5155%
INFO | - Epoch 126, ExpID 50751 best_epoch=126 improved=1
INFO | Train - Loss (last batch): 0.00096
INFO | Val - Loss, MSE, MAE: 0.00093, 0.00093, 0.01838
INFO | Test - Best epoch, Loss, MSE, MAE: 126, 0.00091, 0.00091, 0.01836
INFO | Test - Points (EXACT): total_masked=96963 correct=39498 right_rate=40.7351%
INFO | - Epoch 127, ExpID 50751 best_epoch=126 improved=0
INFO | Train - Loss (last batch): 0.00096
INFO | Val - Loss, MSE, MAE: 0.00108, 0.00108, 0.02176
INFO | Test - Best epoch, Loss, MSE, MAE: 126, 0.00091, 0.00091, 0.01836
INFO | Test - Points (EXACT): total_masked=96963 correct=39498 right_rate=40.7351%
INFO | - Epoch 128, ExpID 50751 best_epoch=126 improved=0
INFO | Train - Loss (last batch): 0.00105
INFO | Val - Loss, MSE, MAE: 0.00098, 0.00098, 0.01916
INFO | Test - Best epoch, Loss, MSE, MAE: 126, 0.00091, 0.00091, 0.01836
INFO | Test - Points (EXACT): total_masked=96963 correct=39498 right_rate=40.7351%
INFO | - Epoch 129, ExpID 50751 best_epoch=126 improved=0
INFO | Train - Loss (last batch): 0.00080
INFO | Val - Loss, MSE, MAE: 0.00104, 0.00104, 0.02062
INFO | Test - Best epoch, Loss, MSE, MAE: 126, 0.00091, 0.00091, 0.01836
INFO | Test - Points (EXACT): total_masked=96963 correct=39498 right_rate=40.7351%
INFO | - Epoch 130, ExpID 50751 best_epoch=126 improved=0
INFO | Train - Loss (last batch): 0.00099
INFO | Val - Loss, MSE, MAE: 0.00096, 0.00096, 0.01873
INFO | Test - Best epoch, Loss, MSE, MAE: 126, 0.00091, 0.00091, 0.01836
INFO | Test - Points (EXACT): total_masked=96963 correct=39498 right_rate=40.7351%
INFO | - Epoch 131, ExpID 50751 best_epoch=126 improved=0
INFO | Train - Loss (last batch): 0.00073
INFO | Val - Loss, MSE, MAE: 0.00094, 0.00094, 0.01850
INFO | Test - Best epoch, Loss, MSE, MAE: 126, 0.00091, 0.00091, 0.01836
INFO | Test - Points (EXACT): total_masked=96963 correct=39498 right_rate=40.7351%
INFO | - Epoch 132, ExpID 50751 best_epoch=126 improved=0
INFO | Train - Loss (last batch): 0.00068
INFO | Val - Loss, MSE, MAE: 0.00100, 0.00100, 0.02009
INFO | Test - Best epoch, Loss, MSE, MAE: 126, 0.00091, 0.00091, 0.01836
INFO | Test - Points (EXACT): total_masked=96963 correct=39498 right_rate=40.7351%
INFO | - Epoch 133, ExpID 50751 best_epoch=126 improved=0
INFO | Train - Loss (last batch): 0.00072
INFO | Val - Loss, MSE, MAE: 0.00095, 0.00095, 0.01860
INFO | Test - Best epoch, Loss, MSE, MAE: 126, 0.00091, 0.00091, 0.01836
INFO | Test - Points (EXACT): total_masked=96963 correct=39498 right_rate=40.7351%
INFO | - Epoch 134, ExpID 50751 best_epoch=126 improved=0
INFO | Train - Loss (last batch): 0.00095
INFO | Val - Loss, MSE, MAE: 0.00096, 0.00096, 0.01895
INFO | Test - Best epoch, Loss, MSE, MAE: 126, 0.00091, 0.00091, 0.01836
INFO | Test - Points (EXACT): total_masked=96963 correct=39498 right_rate=40.7351%
INFO | - Epoch 135, ExpID 50751 best_epoch=126 improved=0
INFO | Train - Loss (last batch): 0.00077
INFO | Val - Loss, MSE, MAE: 0.00099, 0.00099, 0.01977
INFO | Test - Best epoch, Loss, MSE, MAE: 126, 0.00091, 0.00091, 0.01836
INFO | Test - Points (EXACT): total_masked=96963 correct=39498 right_rate=40.7351%
INFO | - Epoch 136, ExpID 50751 best_epoch=126 improved=0
INFO | Train - Loss (last batch): 0.00068
INFO | Val - Loss, MSE, MAE: 0.00110, 0.00110, 0.02240
INFO | Test - Best epoch, Loss, MSE, MAE: 126, 0.00091, 0.00091, 0.01836
INFO | Test - Points (EXACT): total_masked=96963 correct=39498 right_rate=40.7351%
INFO | - Epoch 137, ExpID 50751 best_epoch=126 improved=0
INFO | Train - Loss (last batch): 0.00082
INFO | Val - Loss, MSE, MAE: 0.00096, 0.00096, 0.01884
INFO | Test - Best epoch, Loss, MSE, MAE: 126, 0.00091, 0.00091, 0.01836
INFO | Test - Points (EXACT): total_masked=96963 correct=39498 right_rate=40.7351%
INFO | - Epoch 138, ExpID 50751 best_epoch=126 improved=0
INFO | Train - Loss (last batch): 0.00077
INFO | Val - Loss, MSE, MAE: 0.00095, 0.00095, 0.01836
INFO | Test - Best epoch, Loss, MSE, MAE: 126, 0.00091, 0.00091, 0.01836
INFO | Test - Points (EXACT): total_masked=96963 correct=39498 right_rate=40.7351%
INFO | - Epoch 139, ExpID 50751 best_epoch=126 improved=0
INFO | Train - Loss (last batch): 0.00083
INFO | Val - Loss, MSE, MAE: 0.00100, 0.00100, 0.01957
INFO | Test - Best epoch, Loss, MSE, MAE: 126, 0.00091, 0.00091, 0.01836
INFO | Test - Points (EXACT): total_masked=96963 correct=39498 right_rate=40.7351%
INFO | - Epoch 140, ExpID 50751 best_epoch=126 improved=0
INFO | Train - Loss (last batch): 0.00095
INFO | Val - Loss, MSE, MAE: 0.00094, 0.00094, 0.01840
INFO | Test - Best epoch, Loss, MSE, MAE: 126, 0.00091, 0.00091, 0.01836
INFO | Test - Points (EXACT): total_masked=96963 correct=39498 right_rate=40.7351%
INFO | - Epoch 141, ExpID 50751 best_epoch=126 improved=0
INFO | Train - Loss (last batch): 0.00074
INFO | Val - Loss, MSE, MAE: 0.00113, 0.00113, 0.02272
INFO | Test - Best epoch, Loss, MSE, MAE: 126, 0.00091, 0.00091, 0.01836
INFO | Test - Points (EXACT): total_masked=96963 correct=39498 right_rate=40.7351%
INFO | - Epoch 142, ExpID 50751 best_epoch=126 improved=0
INFO | Train - Loss (last batch): 0.00088
INFO | Val - Loss, MSE, MAE: 0.00098, 0.00098, 0.01919
INFO | Test - Best epoch, Loss, MSE, MAE: 126, 0.00091, 0.00091, 0.01836
INFO | Test - Points (EXACT): total_masked=96963 correct=39498 right_rate=40.7351%
INFO | - Epoch 143, ExpID 50751 best_epoch=126 improved=0
INFO | Train - Loss (last batch): 0.00075
INFO | Val - Loss, MSE, MAE: 0.00096, 0.00096, 0.01862
INFO | Test - Best epoch, Loss, MSE, MAE: 126, 0.00091, 0.00091, 0.01836
INFO | Test - Points (EXACT): total_masked=96963 correct=39498 right_rate=40.7351%
INFO | - Epoch 144, ExpID 50751 best_epoch=126 improved=0
INFO | Train - Loss (last batch): 0.00072
INFO | Val - Loss, MSE, MAE: 0.00094, 0.00094, 0.01836
INFO | Test - Best epoch, Loss, MSE, MAE: 126, 0.00091, 0.00091, 0.01836
INFO | Test - Points (EXACT): total_masked=96963 correct=39498 right_rate=40.7351%
INFO | - Epoch 145, ExpID 50751 best_epoch=126 improved=0
INFO | Train - Loss (last batch): 0.00071
INFO | Val - Loss, MSE, MAE: 0.00096, 0.00096, 0.01867
INFO | Test - Best epoch, Loss, MSE, MAE: 126, 0.00091, 0.00091, 0.01836
INFO | Test - Points (EXACT): total_masked=96963 correct=39498 right_rate=40.7351%
INFO | - Epoch 146, ExpID 50751 best_epoch=126 improved=0
INFO | Train - Loss (last batch): 0.00083
INFO | Val - Loss, MSE, MAE: 0.00094, 0.00094, 0.01867
INFO | Test - Best epoch, Loss, MSE, MAE: 126, 0.00091, 0.00091, 0.01836
INFO | Test - Points (EXACT): total_masked=96963 correct=39498 right_rate=40.7351%
INFO | - Epoch 147, ExpID 50751 best_epoch=126 improved=0
INFO | Train - Loss (last batch): 0.00069
INFO | Val - Loss, MSE, MAE: 0.00095, 0.00095, 0.01835
INFO | Test - Best epoch, Loss, MSE, MAE: 126, 0.00091, 0.00091, 0.01836
INFO | Test - Points (EXACT): total_masked=96963 correct=39498 right_rate=40.7351%
INFO | - Epoch 148, ExpID 50751 best_epoch=126 improved=0
INFO | Train - Loss (last batch): 0.00079
INFO | Val - Loss, MSE, MAE: 0.00095, 0.00095, 0.01850
INFO | Test - Best epoch, Loss, MSE, MAE: 126, 0.00091, 0.00091, 0.01836
INFO | Test - Points (EXACT): total_masked=96963 correct=39498 right_rate=40.7351%
INFO | - Epoch 149, ExpID 50751 best_epoch=126 improved=0
INFO | Train - Loss (last batch): 0.00066
INFO | Val - Loss, MSE, MAE: 0.00096, 0.00096, 0.01874
INFO | Test - Best epoch, Loss, MSE, MAE: 126, 0.00091, 0.00091, 0.01836
INFO | Test - Points (EXACT): total_masked=96963 correct=39498 right_rate=40.7351%
INFO | - Epoch 150, ExpID 50751 best_epoch=126 improved=0
INFO | Train - Loss (last batch): 0.00088
INFO | Val - Loss, MSE, MAE: 0.00097, 0.00097, 0.01911
INFO | Test - Best epoch, Loss, MSE, MAE: 126, 0.00091, 0.00091, 0.01836
INFO | Test - Points (EXACT): total_masked=96963 correct=39498 right_rate=40.7351%
INFO | - Epoch 151, ExpID 50751 best_epoch=126 improved=0
INFO | Train - Loss (last batch): 0.00082
INFO | Val - Loss, MSE, MAE: 0.00095, 0.00095, 0.01833
INFO | Test - Best epoch, Loss, MSE, MAE: 126, 0.00091, 0.00091, 0.01836
INFO | Test - Points (EXACT): total_masked=96963 correct=39498 right_rate=40.7351%
INFO | - Epoch 152, ExpID 50751 best_epoch=126 improved=0
INFO | Train - Loss (last batch): 0.00083
INFO | Val - Loss, MSE, MAE: 0.00095, 0.00095, 0.01859
INFO | Test - Best epoch, Loss, MSE, MAE: 126, 0.00091, 0.00091, 0.01836
INFO | Test - Points (EXACT): total_masked=96963 correct=39498 right_rate=40.7351%
INFO | - Epoch 153, ExpID 50751 best_epoch=126 improved=0
INFO | Train - Loss (last batch): 0.00098
INFO | Val - Loss, MSE, MAE: 0.00108, 0.00108, 0.02191
INFO | Test - Best epoch, Loss, MSE, MAE: 126, 0.00091, 0.00091, 0.01836
INFO | Test - Points (EXACT): total_masked=96963 correct=39498 right_rate=40.7351%
INFO | - Epoch 154, ExpID 50751 best_epoch=126 improved=0
INFO | Train - Loss (last batch): 0.00068
INFO | Val - Loss, MSE, MAE: 0.00095, 0.00095, 0.01873
INFO | Test - Best epoch, Loss, MSE, MAE: 126, 0.00091, 0.00091, 0.01836
INFO | Test - Points (EXACT): total_masked=96963 correct=39498 right_rate=40.7351%
INFO | - Epoch 155, ExpID 50751 best_epoch=126 improved=0
INFO | Train - Loss (last batch): 0.00074
INFO | Val - Loss, MSE, MAE: 0.00094, 0.00094, 0.01844
INFO | Test - Best epoch, Loss, MSE, MAE: 126, 0.00091, 0.00091, 0.01836
INFO | Test - Points (EXACT): total_masked=96963 correct=39498 right_rate=40.7351%
INFO | - Epoch 156, ExpID 50751 best_epoch=126 improved=0
INFO | Train - Loss (last batch): 0.00066
INFO | Val - Loss, MSE, MAE: 0.00095, 0.00095, 0.01847
INFO | Test - Best epoch, Loss, MSE, MAE: 126, 0.00091, 0.00091, 0.01836
INFO | Test - Points (EXACT): total_masked=96963 correct=39498 right_rate=40.7351%
INFO | - Epoch 157, ExpID 50751 best_epoch=126 improved=0
INFO | Train - Loss (last batch): 0.00084
INFO | Val - Loss, MSE, MAE: 0.00096, 0.00096, 0.01886
INFO | Test - Best epoch, Loss, MSE, MAE: 126, 0.00091, 0.00091, 0.01836
INFO | Test - Points (EXACT): total_masked=96963 correct=39498 right_rate=40.7351%
INFO | - Epoch 158, ExpID 50751 best_epoch=126 improved=0
INFO | Train - Loss (last batch): 0.00076
INFO | Val - Loss, MSE, MAE: 0.00102, 0.00102, 0.02028
INFO | Test - Best epoch, Loss, MSE, MAE: 126, 0.00091, 0.00091, 0.01836
INFO | Test - Points (EXACT): total_masked=96963 correct=39498 right_rate=40.7351%
INFO | - Epoch 159, ExpID 50751 best_epoch=126 improved=0
INFO | Train - Loss (last batch): 0.00065
INFO | Val - Loss, MSE, MAE: 0.00096, 0.00096, 0.01858
INFO | Test - Best epoch, Loss, MSE, MAE: 126, 0.00091, 0.00091, 0.01836
INFO | Test - Points (EXACT): total_masked=96963 correct=39498 right_rate=40.7351%
INFO | - Epoch 160, ExpID 50751 best_epoch=126 improved=0
INFO | Train - Loss (last batch): 0.00098
INFO | Val - Loss, MSE, MAE: 0.00095, 0.00095, 0.01861
INFO | Test - Best epoch, Loss, MSE, MAE: 126, 0.00091, 0.00091, 0.01836
INFO | Test - Points (EXACT): total_masked=96963 correct=39498 right_rate=40.7351%
INFO | - Epoch 161, ExpID 50751 best_epoch=126 improved=0
INFO | Train - Loss (last batch): 0.00077
INFO | Val - Loss, MSE, MAE: 0.00096, 0.00096, 0.01893
INFO | Test - Best epoch, Loss, MSE, MAE: 126, 0.00091, 0.00091, 0.01836
INFO | Test - Points (EXACT): total_masked=96963 correct=39498 right_rate=40.7351%
INFO | - Epoch 162, ExpID 50751 best_epoch=126 improved=0
INFO | Train - Loss (last batch): 0.00073
INFO | Val - Loss, MSE, MAE: 0.00095, 0.00095, 0.01849
INFO | Test - Best epoch, Loss, MSE, MAE: 126, 0.00091, 0.00091, 0.01836
INFO | Test - Points (EXACT): total_masked=96963 correct=39498 right_rate=40.7351%
INFO | - Epoch 163, ExpID 50751 best_epoch=126 improved=0
INFO | Train - Loss (last batch): 0.00082
INFO | Val - Loss, MSE, MAE: 0.00096, 0.00096, 0.01880
INFO | Test - Best epoch, Loss, MSE, MAE: 126, 0.00091, 0.00091, 0.01836
INFO | Test - Points (EXACT): total_masked=96963 correct=39498 right_rate=40.7351%
INFO | - Epoch 164, ExpID 50751 best_epoch=126 improved=0
INFO | Train - Loss (last batch): 0.00082
INFO | Val - Loss, MSE, MAE: 0.00094, 0.00094, 0.01846
INFO | Test - Best epoch, Loss, MSE, MAE: 126, 0.00091, 0.00091, 0.01836
INFO | Test - Points (EXACT): total_masked=96963 correct=39498 right_rate=40.7351%
INFO | - Epoch 165, ExpID 50751 best_epoch=126 improved=0
INFO | Train - Loss (last batch): 0.00075
INFO | Val - Loss, MSE, MAE: 0.00096, 0.00096, 0.01877
INFO | Test - Best epoch, Loss, MSE, MAE: 126, 0.00091, 0.00091, 0.01836
INFO | Test - Points (EXACT): total_masked=96963 correct=39498 right_rate=40.7351%
INFO | - Epoch 166, ExpID 50751 best_epoch=126 improved=0
INFO | Train - Loss (last batch): 0.00092
INFO | Val - Loss, MSE, MAE: 0.00098, 0.00098, 0.01956
INFO | Test - Best epoch, Loss, MSE, MAE: 126, 0.00091, 0.00091, 0.01836
INFO | Test - Points (EXACT): total_masked=96963 correct=39498 right_rate=40.7351%
INFO | - Epoch 000, ExpID 26135 best_epoch=0 improved=1
INFO | Train - Loss (last batch, GLOBAL MSE): 0.011508
INFO | Val   - GLOBAL masked MSE: 0.013275
INFO | Test  - Best epoch=0 GLOBAL masked MSE: 0.013214
INFO | Test  - Points (EXACT, denorm): total_masked=96963 correct=7417 right_rate=7.6493%
INFO | - Epoch 001, ExpID 26135 best_epoch=1 improved=1
INFO | Train - Loss (last batch, GLOBAL MSE): 0.005283
INFO | Val   - GLOBAL masked MSE: 0.006035
INFO | Test  - Best epoch=1 GLOBAL masked MSE: 0.004991
INFO | Test  - Points (EXACT, denorm): total_masked=96963 correct=18975 right_rate=19.5693%
INFO | - Epoch 002, ExpID 26135 best_epoch=2 improved=1
INFO | Train - Loss (last batch, GLOBAL MSE): 0.003124
INFO | Val   - GLOBAL masked MSE: 0.001859
INFO | Test  - Best epoch=2 GLOBAL masked MSE: 0.001714
INFO | Test  - Points (EXACT, denorm): total_masked=96963 correct=20662 right_rate=21.3092%
INFO | - Epoch 003, ExpID 26135 best_epoch=2 improved=0
INFO | Train - Loss (last batch, GLOBAL MSE): 0.001579
INFO | Val   - GLOBAL masked MSE: 0.001977
INFO | - Epoch 004, ExpID 26135 best_epoch=4 improved=1
INFO | Train - Loss (last batch, GLOBAL MSE): 0.001968
INFO | Val   - GLOBAL masked MSE: 0.001532
INFO | Test  - Best epoch=4 GLOBAL masked MSE: 0.001471
INFO | Test  - Points (EXACT, denorm): total_masked=96963 correct=27449 right_rate=28.3087%
INFO | - Epoch 005, ExpID 26135 best_epoch=5 improved=1
INFO | Train - Loss (last batch, GLOBAL MSE): 0.002468
INFO | Val   - GLOBAL masked MSE: 0.001279
INFO | Test  - Best epoch=5 GLOBAL masked MSE: 0.001233
INFO | Test  - Points (EXACT, denorm): total_masked=96963 correct=28663 right_rate=29.5608%
INFO | - Epoch 006, ExpID 26135 best_epoch=5 improved=0
INFO | Train - Loss (last batch, GLOBAL MSE): 0.001741
INFO | Val   - GLOBAL masked MSE: 0.001788
INFO | - Epoch 007, ExpID 26135 best_epoch=5 improved=0
INFO | Train - Loss (last batch, GLOBAL MSE): 0.001910
INFO | Val   - GLOBAL masked MSE: 0.001774
INFO | - Epoch 008, ExpID 26135 best_epoch=5 improved=0
INFO | Train - Loss (last batch, GLOBAL MSE): 0.001237
INFO | Val   - GLOBAL masked MSE: 0.002418
INFO | - Epoch 009, ExpID 26135 best_epoch=5 improved=0
INFO | Train - Loss (last batch, GLOBAL MSE): 0.001287
INFO | Val   - GLOBAL masked MSE: 0.003544
INFO | - Epoch 010, ExpID 26135 best_epoch=5 improved=0
INFO | Train - Loss (last batch, GLOBAL MSE): 0.001261
INFO | Val   - GLOBAL masked MSE: 0.003269
INFO | - Epoch 011, ExpID 26135 best_epoch=5 improved=0
INFO | Train - Loss (last batch, GLOBAL MSE): 0.001137
INFO | Val   - GLOBAL masked MSE: 0.001747
INFO | - Epoch 012, ExpID 26135 best_epoch=5 improved=0
INFO | Train - Loss (last batch, GLOBAL MSE): 0.001012
INFO | Val   - GLOBAL masked MSE: 0.001819
INFO | - Epoch 013, ExpID 26135 best_epoch=5 improved=0
INFO | Train - Loss (last batch, GLOBAL MSE): 0.001038
INFO | Val   - GLOBAL masked MSE: 0.002176
INFO | - Epoch 014, ExpID 26135 best_epoch=5 improved=0
INFO | Train - Loss (last batch, GLOBAL MSE): 0.001279
INFO | Val   - GLOBAL masked MSE: 0.002186
INFO | - Epoch 015, ExpID 26135 best_epoch=5 improved=0
INFO | Train - Loss (last batch, GLOBAL MSE): 0.001279
INFO | Val   - GLOBAL masked MSE: 0.001617
INFO | - Epoch 016, ExpID 26135 best_epoch=5 improved=0
INFO | Train - Loss (last batch, GLOBAL MSE): 0.001246
INFO | Val   - GLOBAL masked MSE: 0.001361
INFO | - Epoch 017, ExpID 26135 best_epoch=5 improved=0
INFO | Train - Loss (last batch, GLOBAL MSE): 0.001140
INFO | Val   - GLOBAL masked MSE: 0.002411
INFO | - Epoch 018, ExpID 26135 best_epoch=5 improved=0
INFO | Train - Loss (last batch, GLOBAL MSE): 0.001247
INFO | Val   - GLOBAL masked MSE: 0.001314
INFO | - Epoch 019, ExpID 26135 best_epoch=5 improved=0
INFO | Train - Loss (last batch, GLOBAL MSE): 0.001075
INFO | Val   - GLOBAL masked MSE: 0.002257
INFO | - Epoch 020, ExpID 26135 best_epoch=20 improved=1
INFO | Train - Loss (last batch, GLOBAL MSE): 0.001029
INFO | Val   - GLOBAL masked MSE: 0.001141
INFO | Test  - Best epoch=20 GLOBAL masked MSE: 0.001073
INFO | Test  - Points (EXACT, denorm): total_masked=96963 correct=35941 right_rate=37.0667%
INFO | - Epoch 021, ExpID 26135 best_epoch=21 improved=1
INFO | Train - Loss (last batch, GLOBAL MSE): 0.001075
INFO | Val   - GLOBAL masked MSE: 0.001118
INFO | Test  - Best epoch=21 GLOBAL masked MSE: 0.001066
INFO | Test  - Points (EXACT, denorm): total_masked=96963 correct=35003 right_rate=36.0993%
INFO | - Epoch 022, ExpID 26135 best_epoch=21 improved=0
INFO | Train - Loss (last batch, GLOBAL MSE): 0.001528
INFO | Val   - GLOBAL masked MSE: 0.001665
INFO | - Epoch 023, ExpID 26135 best_epoch=21 improved=0
INFO | Train - Loss (last batch, GLOBAL MSE): 0.001217
INFO | Val   - GLOBAL masked MSE: 0.002324
INFO | - Epoch 024, ExpID 26135 best_epoch=21 improved=0
INFO | Train - Loss (last batch, GLOBAL MSE): 0.001202
INFO | Val   - GLOBAL masked MSE: 0.001249
INFO | - Epoch 025, ExpID 26135 best_epoch=21 improved=0
INFO | Train - Loss (last batch, GLOBAL MSE): 0.001180
INFO | Val   - GLOBAL masked MSE: 0.002146
INFO | - Epoch 026, ExpID 26135 best_epoch=21 improved=0
INFO | Train - Loss (last batch, GLOBAL MSE): 0.000842
INFO | Val   - GLOBAL masked MSE: 0.001803
INFO | - Epoch 027, ExpID 26135 best_epoch=21 improved=0
INFO | Train - Loss (last batch, GLOBAL MSE): 0.001660
INFO | Val   - GLOBAL masked MSE: 0.002545
INFO | - Epoch 028, ExpID 26135 best_epoch=21 improved=0
INFO | Train - Loss (last batch, GLOBAL MSE): 0.001280
INFO | Val   - GLOBAL masked MSE: 0.001381
INFO | - Epoch 029, ExpID 26135 best_epoch=21 improved=0
INFO | Train - Loss (last batch, GLOBAL MSE): 0.000847
INFO | Val   - GLOBAL masked MSE: 0.001270
INFO | - Epoch 030, ExpID 26135 best_epoch=21 improved=0
INFO | Train - Loss (last batch, GLOBAL MSE): 0.001275
INFO | Val   - GLOBAL masked MSE: 0.001273
INFO | - Epoch 031, ExpID 26135 best_epoch=21 improved=0
INFO | Train - Loss (last batch, GLOBAL MSE): 0.001077
INFO | Val   - GLOBAL masked MSE: 0.001734
INFO | - Epoch 032, ExpID 26135 best_epoch=21 improved=0
INFO | Train - Loss (last batch, GLOBAL MSE): 0.001159
INFO | Val   - GLOBAL masked MSE: 0.001400
INFO | - Epoch 033, ExpID 26135 best_epoch=33 improved=1
INFO | Train - Loss (last batch, GLOBAL MSE): 0.001315
INFO | Val   - GLOBAL masked MSE: 0.001048
INFO | Test  - Best epoch=33 GLOBAL masked MSE: 0.000999
INFO | Test  - Points (EXACT, denorm): total_masked=96963 correct=37057 right_rate=38.2177%
INFO | - Epoch 034, ExpID 26135 best_epoch=33 improved=0
INFO | Train - Loss (last batch, GLOBAL MSE): 0.000719
INFO | Val   - GLOBAL masked MSE: 0.001221
INFO | - Epoch 035, ExpID 26135 best_epoch=33 improved=0
INFO | Train - Loss (last batch, GLOBAL MSE): 0.001101
INFO | Val   - GLOBAL masked MSE: 0.001636
INFO | - Epoch 036, ExpID 26135 best_epoch=33 improved=0
INFO | Train - Loss (last batch, GLOBAL MSE): 0.001344
INFO | Val   - GLOBAL masked MSE: 0.001307
INFO | - Epoch 037, ExpID 26135 best_epoch=33 improved=0
INFO | Train - Loss (last batch, GLOBAL MSE): 0.001140
INFO | Val   - GLOBAL masked MSE: 0.001478
INFO | - Epoch 038, ExpID 26135 best_epoch=33 improved=0
INFO | Train - Loss (last batch, GLOBAL MSE): 0.001038
INFO | Val   - GLOBAL masked MSE: 0.002151
INFO | - Epoch 039, ExpID 26135 best_epoch=33 improved=0
INFO | Train - Loss (last batch, GLOBAL MSE): 0.000758
INFO | Val   - GLOBAL masked MSE: 0.001712
INFO | - Epoch 040, ExpID 26135 best_epoch=33 improved=0
INFO | Train - Loss (last batch, GLOBAL MSE): 0.001564
INFO | Val   - GLOBAL masked MSE: 0.001439
INFO | - Epoch 041, ExpID 26135 best_epoch=33 improved=0
INFO | Train - Loss (last batch, GLOBAL MSE): 0.000948
INFO | Val   - GLOBAL masked MSE: 0.001485
INFO | - Epoch 042, ExpID 26135 best_epoch=33 improved=0
INFO | Train - Loss (last batch, GLOBAL MSE): 0.001214
INFO | Val   - GLOBAL masked MSE: 0.001185
INFO | - Epoch 043, ExpID 26135 best_epoch=43 improved=1
INFO | Train - Loss (last batch, GLOBAL MSE): 0.001265
INFO | Val   - GLOBAL masked MSE: 0.001036
INFO | Test  - Best epoch=43 GLOBAL masked MSE: 0.000989
INFO | Test  - Points (EXACT, denorm): total_masked=96963 correct=38556 right_rate=39.7636%
INFO | - Epoch 044, ExpID 26135 best_epoch=43 improved=0
INFO | Train - Loss (last batch, GLOBAL MSE): 0.000993
INFO | Val   - GLOBAL masked MSE: 0.001759
INFO | - Epoch 045, ExpID 26135 best_epoch=43 improved=0
INFO | Train - Loss (last batch, GLOBAL MSE): 0.001148
INFO | Val   - GLOBAL masked MSE: 0.002112
INFO | - Epoch 046, ExpID 26135 best_epoch=43 improved=0
INFO | Train - Loss (last batch, GLOBAL MSE): 0.001623
INFO | Val   - GLOBAL masked MSE: 0.001043
INFO | - Epoch 047, ExpID 26135 best_epoch=43 improved=0
INFO | Train - Loss (last batch, GLOBAL MSE): 0.000989
INFO | Val   - GLOBAL masked MSE: 0.001094
INFO | - Epoch 048, ExpID 26135 best_epoch=43 improved=0
INFO | Train - Loss (last batch, GLOBAL MSE): 0.000786
INFO | Val   - GLOBAL masked MSE: 0.001860
INFO | - Epoch 049, ExpID 26135 best_epoch=43 improved=0
INFO | Train - Loss (last batch, GLOBAL MSE): 0.000892
INFO | Val   - GLOBAL masked MSE: 0.001084
INFO | - Epoch 050, ExpID 26135 best_epoch=43 improved=0
INFO | Train - Loss (last batch, GLOBAL MSE): 0.000731
INFO | Val   - GLOBAL masked MSE: 0.001661
INFO | - Epoch 051, ExpID 26135 best_epoch=43 improved=0
INFO | Train - Loss (last batch, GLOBAL MSE): 0.001063
INFO | Val   - GLOBAL masked MSE: 0.001207
INFO | - Epoch 052, ExpID 26135 best_epoch=43 improved=0
INFO | Train - Loss (last batch, GLOBAL MSE): 0.000769
INFO | Val   - GLOBAL masked MSE: 0.001342
INFO | - Epoch 053, ExpID 26135 best_epoch=43 improved=0
INFO | Train - Loss (last batch, GLOBAL MSE): 0.000953
INFO | Val   - GLOBAL masked MSE: 0.001111
INFO | - Epoch 054, ExpID 26135 best_epoch=43 improved=0
INFO | Train - Loss (last batch, GLOBAL MSE): 0.000999
INFO | Val   - GLOBAL masked MSE: 0.001479
INFO | - Epoch 055, ExpID 26135 best_epoch=43 improved=0
INFO | Train - Loss (last batch, GLOBAL MSE): 0.000982
INFO | Val   - GLOBAL masked MSE: 0.001660
INFO | - Epoch 056, ExpID 26135 best_epoch=43 improved=0
INFO | Train - Loss (last batch, GLOBAL MSE): 0.001121
INFO | Val   - GLOBAL masked MSE: 0.001176
INFO | - Epoch 057, ExpID 26135 best_epoch=43 improved=0
INFO | Train - Loss (last batch, GLOBAL MSE): 0.001251
INFO | Val   - GLOBAL masked MSE: 0.001041
INFO | - Epoch 058, ExpID 26135 best_epoch=43 improved=0
INFO | Train - Loss (last batch, GLOBAL MSE): 0.001089
INFO | Val   - GLOBAL masked MSE: 0.001953
INFO | - Epoch 059, ExpID 26135 best_epoch=43 improved=0
INFO | Train - Loss (last batch, GLOBAL MSE): 0.000974
INFO | Val   - GLOBAL masked MSE: 0.001107
INFO | - Epoch 060, ExpID 26135 best_epoch=43 improved=0
INFO | Train - Loss (last batch, GLOBAL MSE): 0.000797
INFO | Val   - GLOBAL masked MSE: 0.001536
INFO | - Epoch 061, ExpID 26135 best_epoch=43 improved=0
INFO | Train - Loss (last batch, GLOBAL MSE): 0.000796
INFO | Val   - GLOBAL masked MSE: 0.001433
INFO | - Epoch 062, ExpID 26135 best_epoch=43 improved=0
INFO | Train - Loss (last batch, GLOBAL MSE): 0.000848
INFO | Val   - GLOBAL masked MSE: 0.001208
INFO | - Epoch 063, ExpID 26135 best_epoch=43 improved=0
INFO | Train - Loss (last batch, GLOBAL MSE): 0.001164
INFO | Val   - GLOBAL masked MSE: 0.001230
INFO | - Epoch 064, ExpID 26135 best_epoch=43 improved=0
INFO | Train - Loss (last batch, GLOBAL MSE): 0.000778
INFO | Val   - GLOBAL masked MSE: 0.001744
INFO | - Epoch 065, ExpID 26135 best_epoch=43 improved=0
INFO | Train - Loss (last batch, GLOBAL MSE): 0.001068
INFO | Val   - GLOBAL masked MSE: 0.001226
INFO | - Epoch 066, ExpID 26135 best_epoch=43 improved=0
INFO | Train - Loss (last batch, GLOBAL MSE): 0.001204
INFO | Val   - GLOBAL masked MSE: 0.001502
INFO | - Epoch 067, ExpID 26135 best_epoch=67 improved=1
INFO | Train - Loss (last batch, GLOBAL MSE): 0.000932
INFO | Val   - GLOBAL masked MSE: 0.001024
INFO | Test  - Best epoch=67 GLOBAL masked MSE: 0.000981
INFO | Test  - Points (EXACT, denorm): total_masked=96963 correct=38579 right_rate=39.7873%
INFO | - Epoch 068, ExpID 26135 best_epoch=67 improved=0
INFO | Train - Loss (last batch, GLOBAL MSE): 0.000773
INFO | Val   - GLOBAL masked MSE: 0.001080
INFO | - Epoch 069, ExpID 26135 best_epoch=67 improved=0
INFO | Train - Loss (last batch, GLOBAL MSE): 0.000867
INFO | Val   - GLOBAL masked MSE: 0.001115
INFO | - Epoch 070, ExpID 26135 best_epoch=67 improved=0
INFO | Train - Loss (last batch, GLOBAL MSE): 0.001092
INFO | Val   - GLOBAL masked MSE: 0.001501
INFO | - Epoch 071, ExpID 26135 best_epoch=67 improved=0
INFO | Train - Loss (last batch, GLOBAL MSE): 0.000887
INFO | Val   - GLOBAL masked MSE: 0.001087
INFO | - Epoch 072, ExpID 26135 best_epoch=67 improved=0
INFO | Train - Loss (last batch, GLOBAL MSE): 0.000861
INFO | Val   - GLOBAL masked MSE: 0.001063
INFO | - Epoch 073, ExpID 26135 best_epoch=67 improved=0
INFO | Train - Loss (last batch, GLOBAL MSE): 0.001044
INFO | Val   - GLOBAL masked MSE: 0.001098
INFO | - Epoch 074, ExpID 26135 best_epoch=67 improved=0
INFO | Train - Loss (last batch, GLOBAL MSE): 0.000847
INFO | Val   - GLOBAL masked MSE: 0.001044
INFO | - Epoch 075, ExpID 26135 best_epoch=67 improved=0
INFO | Train - Loss (last batch, GLOBAL MSE): 0.000959
INFO | Val   - GLOBAL masked MSE: 0.001326
INFO | - Epoch 076, ExpID 26135 best_epoch=67 improved=0
INFO | Train - Loss (last batch, GLOBAL MSE): 0.001120
INFO | Val   - GLOBAL masked MSE: 0.001355
INFO | - Epoch 077, ExpID 26135 best_epoch=77 improved=1
INFO | Train - Loss (last batch, GLOBAL MSE): 0.000902
INFO | Val   - GLOBAL masked MSE: 0.001017
INFO | Test  - Best epoch=77 GLOBAL masked MSE: 0.000977
INFO | Test  - Points (EXACT, denorm): total_masked=96963 correct=38112 right_rate=39.3057%
INFO | - Epoch 078, ExpID 26135 best_epoch=77 improved=0
INFO | Train - Loss (last batch, GLOBAL MSE): 0.000801
INFO | Val   - GLOBAL masked MSE: 0.001404
INFO | - Epoch 079, ExpID 26135 best_epoch=77 improved=0
INFO | Train - Loss (last batch, GLOBAL MSE): 0.000760
INFO | Val   - GLOBAL masked MSE: 0.001078
INFO | - Epoch 080, ExpID 26135 best_epoch=77 improved=0
INFO | Train - Loss (last batch, GLOBAL MSE): 0.000915
INFO | Val   - GLOBAL masked MSE: 0.001532
INFO | - Epoch 081, ExpID 26135 best_epoch=77 improved=0
INFO | Train - Loss (last batch, GLOBAL MSE): 0.001076
INFO | Val   - GLOBAL masked MSE: 0.001632
INFO | - Epoch 082, ExpID 26135 best_epoch=82 improved=1
INFO | Train - Loss (last batch, GLOBAL MSE): 0.000779
INFO | Val   - GLOBAL masked MSE: 0.001014
INFO | Test  - Best epoch=82 GLOBAL masked MSE: 0.000973
INFO | Test  - Points (EXACT, denorm): total_masked=96963 correct=38234 right_rate=39.4315%
INFO | - Epoch 083, ExpID 26135 best_epoch=82 improved=0
INFO | Train - Loss (last batch, GLOBAL MSE): 0.000980
INFO | Val   - GLOBAL masked MSE: 0.001164
INFO | - Epoch 084, ExpID 26135 best_epoch=82 improved=0
INFO | Train - Loss (last batch, GLOBAL MSE): 0.000808
INFO | Val   - GLOBAL masked MSE: 0.001110
INFO | - Epoch 085, ExpID 26135 best_epoch=82 improved=0
INFO | Train - Loss (last batch, GLOBAL MSE): 0.000995
INFO | Val   - GLOBAL masked MSE: 0.001250
INFO | - Epoch 086, ExpID 26135 best_epoch=82 improved=0
INFO | Train - Loss (last batch, GLOBAL MSE): 0.000757
INFO | Val   - GLOBAL masked MSE: 0.001108
INFO | - Epoch 087, ExpID 26135 best_epoch=82 improved=0
INFO | Train - Loss (last batch, GLOBAL MSE): 0.000885
INFO | Val   - GLOBAL masked MSE: 0.001325
INFO | - Epoch 088, ExpID 26135 best_epoch=82 improved=0
INFO | Train - Loss (last batch, GLOBAL MSE): 0.000888
INFO | Val   - GLOBAL masked MSE: 0.001488
INFO | - Epoch 089, ExpID 26135 best_epoch=82 improved=0
INFO | Train - Loss (last batch, GLOBAL MSE): 0.000980
INFO | Val   - GLOBAL masked MSE: 0.001774
INFO | - Epoch 090, ExpID 26135 best_epoch=82 improved=0
INFO | Train - Loss (last batch, GLOBAL MSE): 0.000995
INFO | Val   - GLOBAL masked MSE: 0.001093
INFO | - Epoch 091, ExpID 26135 best_epoch=82 improved=0
INFO | Train - Loss (last batch, GLOBAL MSE): 0.001171
INFO | Val   - GLOBAL masked MSE: 0.001563
INFO | - Epoch 092, ExpID 26135 best_epoch=82 improved=0
INFO | Train - Loss (last batch, GLOBAL MSE): 0.001235
INFO | Val   - GLOBAL masked MSE: 0.001112
INFO | - Epoch 093, ExpID 26135 best_epoch=82 improved=0
INFO | Train - Loss (last batch, GLOBAL MSE): 0.001221
INFO | Val   - GLOBAL masked MSE: 0.001772
INFO | - Epoch 094, ExpID 26135 best_epoch=82 improved=0
INFO | Train - Loss (last batch, GLOBAL MSE): 0.000838
INFO | Val   - GLOBAL masked MSE: 0.001236
INFO | - Epoch 095, ExpID 26135 best_epoch=82 improved=0
INFO | Train - Loss (last batch, GLOBAL MSE): 0.000809
INFO | Val   - GLOBAL masked MSE: 0.001241
INFO | - Epoch 096, ExpID 26135 best_epoch=82 improved=0
INFO | Train - Loss (last batch, GLOBAL MSE): 0.000943
INFO | Val   - GLOBAL masked MSE: 0.001418
INFO | - Epoch 097, ExpID 26135 best_epoch=82 improved=0
INFO | Train - Loss (last batch, GLOBAL MSE): 0.001067
INFO | Val   - GLOBAL masked MSE: 0.001150
INFO | - Epoch 098, ExpID 26135 best_epoch=82 improved=0
INFO | Train - Loss (last batch, GLOBAL MSE): 0.001105
INFO | Val   - GLOBAL masked MSE: 0.001496
INFO | - Epoch 099, ExpID 26135 best_epoch=82 improved=0
INFO | Train - Loss (last batch, GLOBAL MSE): 0.000817
INFO | Val   - GLOBAL masked MSE: 0.001438
INFO | - Epoch 100, ExpID 26135 best_epoch=82 improved=0
INFO | Train - Loss (last batch, GLOBAL MSE): 0.001015
INFO | Val   - GLOBAL masked MSE: 0.001042
INFO | - Epoch 101, ExpID 26135 best_epoch=82 improved=0
INFO | Train - Loss (last batch, GLOBAL MSE): 0.001080
INFO | Val   - GLOBAL masked MSE: 0.001343
INFO | - Epoch 102, ExpID 26135 best_epoch=102 improved=1
INFO | Train - Loss (last batch, GLOBAL MSE): 0.001111
INFO | Val   - GLOBAL masked MSE: 0.000997
INFO | Test  - Best epoch=102 GLOBAL masked MSE: 0.000960
INFO | Test  - Points (EXACT, denorm): total_masked=96963 correct=39034 right_rate=40.2566%
INFO | - Epoch 103, ExpID 26135 best_epoch=102 improved=0
INFO | Train - Loss (last batch, GLOBAL MSE): 0.000906
INFO | Val   - GLOBAL masked MSE: 0.001034
INFO | - Epoch 104, ExpID 26135 best_epoch=102 improved=0
INFO | Train - Loss (last batch, GLOBAL MSE): 0.000842
INFO | Val   - GLOBAL masked MSE: 0.001205
INFO | - Epoch 105, ExpID 26135 best_epoch=102 improved=0
INFO | Train - Loss (last batch, GLOBAL MSE): 0.001176
INFO | Val   - GLOBAL masked MSE: 0.001497
INFO | - Epoch 106, ExpID 26135 best_epoch=102 improved=0
INFO | Train - Loss (last batch, GLOBAL MSE): 0.000806
INFO | Val   - GLOBAL masked MSE: 0.001035
INFO | - Epoch 107, ExpID 26135 best_epoch=102 improved=0
INFO | Train - Loss (last batch, GLOBAL MSE): 0.000877
INFO | Val   - GLOBAL masked MSE: 0.001002
INFO | - Epoch 108, ExpID 26135 best_epoch=102 improved=0
INFO | Train - Loss (last batch, GLOBAL MSE): 0.000951
INFO | Val   - GLOBAL masked MSE: 0.001236
INFO | - Epoch 109, ExpID 26135 best_epoch=102 improved=0
INFO | Train - Loss (last batch, GLOBAL MSE): 0.000932
INFO | Val   - GLOBAL masked MSE: 0.001390
INFO | - Epoch 110, ExpID 26135 best_epoch=102 improved=0
INFO | Train - Loss (last batch, GLOBAL MSE): 0.000908
INFO | Val   - GLOBAL masked MSE: 0.001591
INFO | - Epoch 111, ExpID 26135 best_epoch=102 improved=0
INFO | Train - Loss (last batch, GLOBAL MSE): 0.001239
INFO | Val   - GLOBAL masked MSE: 0.001040
INFO | - Epoch 112, ExpID 26135 best_epoch=102 improved=0
INFO | Train - Loss (last batch, GLOBAL MSE): 0.000921
INFO | Val   - GLOBAL masked MSE: 0.001083
INFO | - Epoch 113, ExpID 26135 best_epoch=102 improved=0
INFO | Train - Loss (last batch, GLOBAL MSE): 0.000859
INFO | Val   - GLOBAL masked MSE: 0.001105
INFO | - Epoch 114, ExpID 26135 best_epoch=102 improved=0
INFO | Train - Loss (last batch, GLOBAL MSE): 0.001343
INFO | Val   - GLOBAL masked MSE: 0.001084
INFO | - Epoch 115, ExpID 26135 best_epoch=102 improved=0
INFO | Train - Loss (last batch, GLOBAL MSE): 0.000731
INFO | Val   - GLOBAL masked MSE: 0.001161
INFO | - Epoch 116, ExpID 26135 best_epoch=102 improved=0
INFO | Train - Loss (last batch, GLOBAL MSE): 0.000802
INFO | Val   - GLOBAL masked MSE: 0.001173
INFO | - Epoch 117, ExpID 26135 best_epoch=102 improved=0
INFO | Train - Loss (last batch, GLOBAL MSE): 0.000986
INFO | Val   - GLOBAL masked MSE: 0.001071
INFO | - Epoch 118, ExpID 26135 best_epoch=102 improved=0
INFO | Train - Loss (last batch, GLOBAL MSE): 0.000999
INFO | Val   - GLOBAL masked MSE: 0.000998
INFO | - Epoch 119, ExpID 26135 best_epoch=102 improved=0
INFO | Train - Loss (last batch, GLOBAL MSE): 0.000788
INFO | Val   - GLOBAL masked MSE: 0.001136
INFO | - Epoch 120, ExpID 26135 best_epoch=102 improved=0
INFO | Train - Loss (last batch, GLOBAL MSE): 0.001163
INFO | Val   - GLOBAL masked MSE: 0.001005
INFO | - Epoch 121, ExpID 26135 best_epoch=102 improved=0
INFO | Train - Loss (last batch, GLOBAL MSE): 0.000781
INFO | Val   - GLOBAL masked MSE: 0.001324
INFO | - Epoch 122, ExpID 26135 best_epoch=102 improved=0
INFO | Train - Loss (last batch, GLOBAL MSE): 0.001124
INFO | Val   - GLOBAL masked MSE: 0.001448
INFO | - Epoch 123, ExpID 26135 best_epoch=102 improved=0
INFO | Train - Loss (last batch, GLOBAL MSE): 0.000887
INFO | Val   - GLOBAL masked MSE: 0.001037
INFO | - Epoch 124, ExpID 26135 best_epoch=102 improved=0
INFO | Train - Loss (last batch, GLOBAL MSE): 0.000959
INFO | Val   - GLOBAL masked MSE: 0.001063
INFO | - Epoch 125, ExpID 26135 best_epoch=102 improved=0
INFO | Train - Loss (last batch, GLOBAL MSE): 0.001373
INFO | Val   - GLOBAL masked MSE: 0.001420
INFO | - Epoch 126, ExpID 26135 best_epoch=102 improved=0
INFO | Train - Loss (last batch, GLOBAL MSE): 0.001148
INFO | Val   - GLOBAL masked MSE: 0.001012
INFO | - Epoch 127, ExpID 26135 best_epoch=102 improved=0
INFO | Train - Loss (last batch, GLOBAL MSE): 0.000892
INFO | Val   - GLOBAL masked MSE: 0.001217
INFO | - Epoch 128, ExpID 26135 best_epoch=102 improved=0
INFO | Train - Loss (last batch, GLOBAL MSE): 0.000816
INFO | Val   - GLOBAL masked MSE: 0.001422
INFO | - Epoch 129, ExpID 26135 best_epoch=102 improved=0
INFO | Train - Loss (last batch, GLOBAL MSE): 0.000875
INFO | Val   - GLOBAL masked MSE: 0.001042
INFO | - Epoch 130, ExpID 26135 best_epoch=102 improved=0
INFO | Train - Loss (last batch, GLOBAL MSE): 0.001003
INFO | Val   - GLOBAL masked MSE: 0.001585
INFO | - Epoch 131, ExpID 26135 best_epoch=102 improved=0
INFO | Train - Loss (last batch, GLOBAL MSE): 0.000910
INFO | Val   - GLOBAL masked MSE: 0.001357
INFO | - Epoch 132, ExpID 26135 best_epoch=102 improved=0
INFO | Train - Loss (last batch, GLOBAL MSE): 0.000832
INFO | Val   - GLOBAL masked MSE: 0.001090
INFO | - Epoch 133, ExpID 26135 best_epoch=102 improved=0
INFO | Train - Loss (last batch, GLOBAL MSE): 0.000824
INFO | Val   - GLOBAL masked MSE: 0.001204
INFO | - Epoch 134, ExpID 26135 best_epoch=102 improved=0
INFO | Train - Loss (last batch, GLOBAL MSE): 0.000880
INFO | Val   - GLOBAL masked MSE: 0.001005
INFO | - Epoch 135, ExpID 26135 best_epoch=102 improved=0
INFO | Train - Loss (last batch, GLOBAL MSE): 0.000829
INFO | Val   - GLOBAL masked MSE: 0.001001
INFO | - Epoch 136, ExpID 26135 best_epoch=102 improved=0
INFO | Train - Loss (last batch, GLOBAL MSE): 0.000763
INFO | Val   - GLOBAL masked MSE: 0.001095
INFO | - Epoch 137, ExpID 26135 best_epoch=102 improved=0
INFO | Train - Loss (last batch, GLOBAL MSE): 0.000910
INFO | Val   - GLOBAL masked MSE: 0.001463
INFO | - Epoch 138, ExpID 26135 best_epoch=102 improved=0
INFO | Train - Loss (last batch, GLOBAL MSE): 0.001044
INFO | Val   - GLOBAL masked MSE: 0.001590
INFO | - Epoch 139, ExpID 26135 best_epoch=102 improved=0
INFO | Train - Loss (last batch, GLOBAL MSE): 0.001003
INFO | Val   - GLOBAL masked MSE: 0.001396
INFO | - Epoch 140, ExpID 26135 best_epoch=102 improved=0
INFO | Train - Loss (last batch, GLOBAL MSE): 0.000898
INFO | Val   - GLOBAL masked MSE: 0.001736
INFO | - Epoch 141, ExpID 26135 best_epoch=102 improved=0
INFO | Train - Loss (last batch, GLOBAL MSE): 0.001079
INFO | Val   - GLOBAL masked MSE: 0.001001
INFO | - Epoch 142, ExpID 26135 best_epoch=102 improved=0
INFO | Train - Loss (last batch, GLOBAL MSE): 0.000698
INFO | Val   - GLOBAL masked MSE: 0.001202
INFO | - Epoch 000, ExpID 57885 best_epoch=0 improved=1
INFO | Train - Loss (last batch, scaled): 0.013041
INFO | Val - GLOBAL masked MSE scaled: 0.011025 | real: 0.759821 | real MAE: 0.713001
INFO | Test - Best epoch, GLOBAL masked MSE scaled: 0.010952 | real: 0.754774 | real MAE: 0.701490
INFO | Test - Points (EXACT, real-units): total_masked=96963 correct=7144 right_rate=7.3678%
INFO | - Epoch 001, ExpID 57885 best_epoch=1 improved=1
INFO | Train - Loss (last batch, scaled): 0.003918
INFO | Val - GLOBAL masked MSE scaled: 0.004056 | real: 0.279555 | real MAE: 0.423337
INFO | Test - Best epoch, GLOBAL masked MSE scaled: 0.004115 | real: 0.283589 | real MAE: 0.431706
INFO | Test - Points (EXACT, real-units): total_masked=96963 correct=10882 right_rate=11.2228%
INFO | - Epoch 002, ExpID 57885 best_epoch=1 improved=0
INFO | Train - Loss (last batch, scaled): 0.002432
INFO | Val - GLOBAL masked MSE scaled: 0.004545 | real: 0.313264 | real MAE: 0.465219
INFO | - Epoch 003, ExpID 57885 best_epoch=3 improved=1
INFO | Train - Loss (last batch, scaled): 0.001651
INFO | Val - GLOBAL masked MSE scaled: 0.002096 | real: 0.144427 | real MAE: 0.286222
INFO | Test - Best epoch, GLOBAL masked MSE scaled: 0.002096 | real: 0.144467 | real MAE: 0.289352
INFO | Test - Points (EXACT, real-units): total_masked=96963 correct=16766 right_rate=17.2911%
INFO | - Epoch 004, ExpID 57885 best_epoch=4 improved=1
INFO | Train - Loss (last batch, scaled): 0.001994
INFO | Val - GLOBAL masked MSE scaled: 0.001702 | real: 0.117330 | real MAE: 0.252077
INFO | Test - Best epoch, GLOBAL masked MSE scaled: 0.001676 | real: 0.115512 | real MAE: 0.252858
INFO | Test - Points (EXACT, real-units): total_masked=96963 correct=17432 right_rate=17.9780%
INFO | - Epoch 005, ExpID 57885 best_epoch=5 improved=1
INFO | Train - Loss (last batch, scaled): 0.002036
INFO | Val - GLOBAL masked MSE scaled: 0.001687 | real: 0.116276 | real MAE: 0.249141
INFO | Test - Best epoch, GLOBAL masked MSE scaled: 0.001665 | real: 0.114781 | real MAE: 0.249352
INFO | Test - Points (EXACT, real-units): total_masked=96963 correct=22025 right_rate=22.7148%
INFO | - Epoch 006, ExpID 57885 best_epoch=6 improved=1
INFO | Train - Loss (last batch, scaled): 0.001762
INFO | Val - GLOBAL masked MSE scaled: 0.001466 | real: 0.101022 | real MAE: 0.223717
INFO | Test - Best epoch, GLOBAL masked MSE scaled: 0.001445 | real: 0.099604 | real MAE: 0.224168
INFO | Test - Points (EXACT, real-units): total_masked=96963 correct=25887 right_rate=26.6978%
INFO | - Epoch 007, ExpID 57885 best_epoch=6 improved=0
INFO | Train - Loss (last batch, scaled): 0.001722
INFO | Val - GLOBAL masked MSE scaled: 0.002689 | real: 0.185356 | real MAE: 0.359248
INFO | - Epoch 008, ExpID 57885 best_epoch=6 improved=0
INFO | Train - Loss (last batch, scaled): 0.001344
INFO | Val - GLOBAL masked MSE scaled: 0.003063 | real: 0.211107 | real MAE: 0.392755
INFO | - Epoch 009, ExpID 57885 best_epoch=9 improved=1
INFO | Train - Loss (last batch, scaled): 0.001502
INFO | Val - GLOBAL masked MSE scaled: 0.001301 | real: 0.089658 | real MAE: 0.204215
INFO | Test - Best epoch, GLOBAL masked MSE scaled: 0.001271 | real: 0.087602 | real MAE: 0.203843
INFO | Test - Points (EXACT, real-units): total_masked=96963 correct=28817 right_rate=29.7196%
INFO | - Epoch 010, ExpID 57885 best_epoch=9 improved=0
INFO | Train - Loss (last batch, scaled): 0.001051
INFO | Val - GLOBAL masked MSE scaled: 0.002153 | real: 0.148412 | real MAE: 0.311414
INFO | - Epoch 011, ExpID 57885 best_epoch=9 improved=0
INFO | Train - Loss (last batch, scaled): 0.001387
INFO | Val - GLOBAL masked MSE scaled: 0.002333 | real: 0.160817 | real MAE: 0.330370
INFO | - Epoch 012, ExpID 57885 best_epoch=9 improved=0
INFO | Train - Loss (last batch, scaled): 0.001097
INFO | Val - GLOBAL masked MSE scaled: 0.002225 | real: 0.153363 | real MAE: 0.320016
INFO | - Epoch 013, ExpID 57885 best_epoch=13 improved=1
INFO | Train - Loss (last batch, scaled): 0.001496
INFO | Val - GLOBAL masked MSE scaled: 0.001238 | real: 0.085302 | real MAE: 0.197989
INFO | Test - Best epoch, GLOBAL masked MSE scaled: 0.001211 | real: 0.083473 | real MAE: 0.197759
INFO | Test - Points (EXACT, real-units): total_masked=96963 correct=27469 right_rate=28.3294%
INFO | - Epoch 014, ExpID 57885 best_epoch=13 improved=0
INFO | Train - Loss (last batch, scaled): 0.001123
INFO | Val - GLOBAL masked MSE scaled: 0.001735 | real: 0.119547 | real MAE: 0.267630
INFO | - Epoch 015, ExpID 57885 best_epoch=13 improved=0
INFO | Train - Loss (last batch, scaled): 0.001381
INFO | Val - GLOBAL masked MSE scaled: 0.001301 | real: 0.089691 | real MAE: 0.209310
INFO | - Epoch 016, ExpID 57885 best_epoch=13 improved=0
INFO | Train - Loss (last batch, scaled): 0.001124
INFO | Val - GLOBAL masked MSE scaled: 0.001896 | real: 0.130690 | real MAE: 0.287296
INFO | - Epoch 017, ExpID 57885 best_epoch=13 improved=0
INFO | Train - Loss (last batch, scaled): 0.000868
INFO | Val - GLOBAL masked MSE scaled: 0.001349 | real: 0.092976 | real MAE: 0.215943
INFO | - Epoch 018, ExpID 57885 best_epoch=13 improved=0
INFO | Train - Loss (last batch, scaled): 0.000820
INFO | Val - GLOBAL masked MSE scaled: 0.001871 | real: 0.128947 | real MAE: 0.284219
INFO | - Epoch 019, ExpID 57885 best_epoch=13 improved=0
INFO | Train - Loss (last batch, scaled): 0.000942
INFO | Val - GLOBAL masked MSE scaled: 0.001754 | real: 0.120904 | real MAE: 0.271408
INFO | - Epoch 020, ExpID 57885 best_epoch=13 improved=0
INFO | Train - Loss (last batch, scaled): 0.001095
INFO | Val - GLOBAL masked MSE scaled: 0.001527 | real: 0.105240 | real MAE: 0.241419
INFO | - Epoch 021, ExpID 57885 best_epoch=13 improved=0
INFO | Train - Loss (last batch, scaled): 0.001129
INFO | Val - GLOBAL masked MSE scaled: 0.001502 | real: 0.103514 | real MAE: 0.238719
INFO | - Epoch 022, ExpID 57885 best_epoch=13 improved=0
INFO | Train - Loss (last batch, scaled): 0.001020
INFO | Val - GLOBAL masked MSE scaled: 0.003071 | real: 0.211655 | real MAE: 0.393896
INFO | - Epoch 023, ExpID 57885 best_epoch=13 improved=0
INFO | Train - Loss (last batch, scaled): 0.001067
INFO | Val - GLOBAL masked MSE scaled: 0.001251 | real: 0.086213 | real MAE: 0.202781
INFO | - Epoch 024, ExpID 57885 best_epoch=13 improved=0
INFO | Train - Loss (last batch, scaled): 0.001079
INFO | Val - GLOBAL masked MSE scaled: 0.001773 | real: 0.122201 | real MAE: 0.272461
INFO | - Epoch 025, ExpID 57885 best_epoch=13 improved=0
INFO | Train - Loss (last batch, scaled): 0.000958
INFO | Val - GLOBAL masked MSE scaled: 0.002091 | real: 0.144110 | real MAE: 0.309476
INFO | - Epoch 026, ExpID 57885 best_epoch=13 improved=0
INFO | Train - Loss (last batch, scaled): 0.001420
INFO | Val - GLOBAL masked MSE scaled: 0.001335 | real: 0.091987 | real MAE: 0.215936
INFO | - Epoch 027, ExpID 57885 best_epoch=27 improved=1
INFO | Train - Loss (last batch, scaled): 0.001078
INFO | Val - GLOBAL masked MSE scaled: 0.001054 | real: 0.072624 | real MAE: 0.166490
INFO | Test - Best epoch, GLOBAL masked MSE scaled: 0.001024 | real: 0.070601 | real MAE: 0.165674
INFO | Test - Points (EXACT, real-units): total_masked=96963 correct=37192 right_rate=38.3569%
INFO | - Epoch 028, ExpID 57885 best_epoch=27 improved=0
INFO | Train - Loss (last batch, scaled): 0.000925
INFO | Val - GLOBAL masked MSE scaled: 0.001659 | real: 0.114352 | real MAE: 0.258846
INFO | - Epoch 029, ExpID 57885 best_epoch=27 improved=0
INFO | Train - Loss (last batch, scaled): 0.001005
INFO | Val - GLOBAL masked MSE scaled: 0.001950 | real: 0.134373 | real MAE: 0.293159
INFO | - Epoch 030, ExpID 57885 best_epoch=27 improved=0
INFO | Train - Loss (last batch, scaled): 0.000773
INFO | Val - GLOBAL masked MSE scaled: 0.001689 | real: 0.116399 | real MAE: 0.263481
INFO | - Epoch 031, ExpID 57885 best_epoch=27 improved=0
INFO | Train - Loss (last batch, scaled): 0.000972
INFO | Val - GLOBAL masked MSE scaled: 0.001706 | real: 0.117578 | real MAE: 0.266109
INFO | - Epoch 032, ExpID 57885 best_epoch=27 improved=0
INFO | Train - Loss (last batch, scaled): 0.000742
INFO | Val - GLOBAL masked MSE scaled: 0.002039 | real: 0.140525 | real MAE: 0.303503
INFO | - Epoch 033, ExpID 57885 best_epoch=27 improved=0
INFO | Train - Loss (last batch, scaled): 0.000844
INFO | Val - GLOBAL masked MSE scaled: 0.001549 | real: 0.106729 | real MAE: 0.247174
INFO | - Epoch 034, ExpID 57885 best_epoch=27 improved=0
INFO | Train - Loss (last batch, scaled): 0.001020
INFO | Val - GLOBAL masked MSE scaled: 0.002092 | real: 0.144169 | real MAE: 0.308484
INFO | - Epoch 035, ExpID 57885 best_epoch=27 improved=0
INFO | Train - Loss (last batch, scaled): 0.001103
INFO | Val - GLOBAL masked MSE scaled: 0.001851 | real: 0.127602 | real MAE: 0.280507
INFO | - Epoch 036, ExpID 57885 best_epoch=27 improved=0
INFO | Train - Loss (last batch, scaled): 0.000856
INFO | Val - GLOBAL masked MSE scaled: 0.001772 | real: 0.122156 | real MAE: 0.273049
INFO | - Epoch 037, ExpID 57885 best_epoch=27 improved=0
INFO | Train - Loss (last batch, scaled): 0.000855
INFO | Val - GLOBAL masked MSE scaled: 0.001882 | real: 0.129692 | real MAE: 0.286240
INFO | - Epoch 038, ExpID 57885 best_epoch=27 improved=0
INFO | Train - Loss (last batch, scaled): 0.001094
INFO | Val - GLOBAL masked MSE scaled: 0.001652 | real: 0.113862 | real MAE: 0.259578
INFO | - Epoch 039, ExpID 57885 best_epoch=27 improved=0
INFO | Train - Loss (last batch, scaled): 0.000849
INFO | Val - GLOBAL masked MSE scaled: 0.001429 | real: 0.098487 | real MAE: 0.229764
INFO | - Epoch 040, ExpID 57885 best_epoch=27 improved=0
INFO | Train - Loss (last batch, scaled): 0.000983
INFO | Val - GLOBAL masked MSE scaled: 0.001686 | real: 0.116172 | real MAE: 0.261987
INFO | - Epoch 041, ExpID 57885 best_epoch=27 improved=0
INFO | Train - Loss (last batch, scaled): 0.001207
INFO | Val - GLOBAL masked MSE scaled: 0.001581 | real: 0.108974 | real MAE: 0.250803
INFO | - Epoch 042, ExpID 57885 best_epoch=27 improved=0
INFO | Train - Loss (last batch, scaled): 0.000938
INFO | Val - GLOBAL masked MSE scaled: 0.001270 | real: 0.087560 | real MAE: 0.207323
INFO | - Epoch 043, ExpID 57885 best_epoch=27 improved=0
INFO | Train - Loss (last batch, scaled): 0.001020
INFO | Val - GLOBAL masked MSE scaled: 0.001328 | real: 0.091491 | real MAE: 0.214510
INFO | - Epoch 044, ExpID 57885 best_epoch=27 improved=0
INFO | Train - Loss (last batch, scaled): 0.000780
INFO | Val - GLOBAL masked MSE scaled: 0.001095 | real: 0.075441 | real MAE: 0.176149
INFO | - Epoch 045, ExpID 57885 best_epoch=27 improved=0
INFO | Train - Loss (last batch, scaled): 0.000887
INFO | Val - GLOBAL masked MSE scaled: 0.001567 | real: 0.107967 | real MAE: 0.248319
INFO | - Epoch 046, ExpID 57885 best_epoch=27 improved=0
INFO | Train - Loss (last batch, scaled): 0.000584
INFO | Val - GLOBAL masked MSE scaled: 0.001455 | real: 0.100312 | real MAE: 0.234831
INFO | - Epoch 047, ExpID 57885 best_epoch=27 improved=0
INFO | Train - Loss (last batch, scaled): 0.000777
INFO | Val - GLOBAL masked MSE scaled: 0.001221 | real: 0.084121 | real MAE: 0.198888
INFO | - Epoch 048, ExpID 57885 best_epoch=27 improved=0
INFO | Train - Loss (last batch, scaled): 0.000989
INFO | Val - GLOBAL masked MSE scaled: 0.001588 | real: 0.109478 | real MAE: 0.251260
INFO | - Epoch 049, ExpID 57885 best_epoch=27 improved=0
INFO | Train - Loss (last batch, scaled): 0.000945
INFO | Val - GLOBAL masked MSE scaled: 0.001761 | real: 0.121376 | real MAE: 0.271610
INFO | - Epoch 050, ExpID 57885 best_epoch=27 improved=0
INFO | Train - Loss (last batch, scaled): 0.000952
INFO | Val - GLOBAL masked MSE scaled: 0.001454 | real: 0.100184 | real MAE: 0.234476
INFO | - Epoch 051, ExpID 57885 best_epoch=27 improved=0
INFO | Train - Loss (last batch, scaled): 0.001235
INFO | Val - GLOBAL masked MSE scaled: 0.001561 | real: 0.107605 | real MAE: 0.248896
INFO | - Epoch 052, ExpID 57885 best_epoch=27 improved=0
INFO | Train - Loss (last batch, scaled): 0.000670
INFO | Val - GLOBAL masked MSE scaled: 0.001288 | real: 0.088788 | real MAE: 0.210770
INFO | - Epoch 053, ExpID 57885 best_epoch=27 improved=0
INFO | Train - Loss (last batch, scaled): 0.001074
INFO | Val - GLOBAL masked MSE scaled: 0.001073 | real: 0.073966 | real MAE: 0.174586
INFO | - Epoch 054, ExpID 57885 best_epoch=27 improved=0
INFO | Train - Loss (last batch, scaled): 0.000902
INFO | Val - GLOBAL masked MSE scaled: 0.001509 | real: 0.104000 | real MAE: 0.239653
INFO | - Epoch 055, ExpID 57885 best_epoch=27 improved=0
INFO | Train - Loss (last batch, scaled): 0.000688
INFO | Val - GLOBAL masked MSE scaled: 0.001198 | real: 0.082600 | real MAE: 0.196628
INFO | - Epoch 056, ExpID 57885 best_epoch=56 improved=1
INFO | Train - Loss (last batch, scaled): 0.000911
INFO | Val - GLOBAL masked MSE scaled: 0.001038 | real: 0.071511 | real MAE: 0.169040
INFO | Test - Best epoch, GLOBAL masked MSE scaled: 0.001021 | real: 0.070399 | real MAE: 0.169042
INFO | Test - Points (EXACT, real-units): total_masked=96963 correct=33723 right_rate=34.7792%
INFO | - Epoch 057, ExpID 57885 best_epoch=56 improved=0
INFO | Train - Loss (last batch, scaled): 0.001343
INFO | Val - GLOBAL masked MSE scaled: 0.001289 | real: 0.088835 | real MAE: 0.210969
INFO | - Epoch 058, ExpID 57885 best_epoch=56 improved=0
INFO | Train - Loss (last batch, scaled): 0.001027
INFO | Val - GLOBAL masked MSE scaled: 0.001374 | real: 0.094684 | real MAE: 0.223427
INFO | - Epoch 059, ExpID 57885 best_epoch=56 improved=0
INFO | Train - Loss (last batch, scaled): 0.000836
INFO | Val - GLOBAL masked MSE scaled: 0.001279 | real: 0.088175 | real MAE: 0.210143
INFO | - Epoch 060, ExpID 57885 best_epoch=56 improved=0
INFO | Train - Loss (last batch, scaled): 0.000935
INFO | Val - GLOBAL masked MSE scaled: 0.001361 | real: 0.093803 | real MAE: 0.220196
INFO | - Epoch 061, ExpID 57885 best_epoch=56 improved=0
INFO | Train - Loss (last batch, scaled): 0.000960
INFO | Val - GLOBAL masked MSE scaled: 0.001132 | real: 0.078003 | real MAE: 0.185126
INFO | - Epoch 062, ExpID 57885 best_epoch=56 improved=0
INFO | Train - Loss (last batch, scaled): 0.000898
INFO | Val - GLOBAL masked MSE scaled: 0.001097 | real: 0.075579 | real MAE: 0.180250
INFO | - Epoch 063, ExpID 57885 best_epoch=63 improved=1
INFO | Train - Loss (last batch, scaled): 0.000971
INFO | Val - GLOBAL masked MSE scaled: 0.001027 | real: 0.070762 | real MAE: 0.166956
INFO | Test - Best epoch, GLOBAL masked MSE scaled: 0.001004 | real: 0.069224 | real MAE: 0.166282
INFO | Test - Points (EXACT, real-units): total_masked=96963 correct=34334 right_rate=35.4094%
INFO | - Epoch 064, ExpID 57885 best_epoch=63 improved=0
INFO | Train - Loss (last batch, scaled): 0.000994
INFO | Val - GLOBAL masked MSE scaled: 0.001420 | real: 0.097877 | real MAE: 0.229186
INFO | - Epoch 065, ExpID 57885 best_epoch=63 improved=0
INFO | Train - Loss (last batch, scaled): 0.001165
INFO | Val - GLOBAL masked MSE scaled: 0.001416 | real: 0.097622 | real MAE: 0.230138
INFO | - Epoch 066, ExpID 57885 best_epoch=63 improved=0
INFO | Train - Loss (last batch, scaled): 0.001005
INFO | Val - GLOBAL masked MSE scaled: 0.001424 | real: 0.098161 | real MAE: 0.230162
INFO | - Epoch 067, ExpID 57885 best_epoch=63 improved=0
INFO | Train - Loss (last batch, scaled): 0.000828
INFO | Val - GLOBAL masked MSE scaled: 0.001560 | real: 0.107530 | real MAE: 0.248861
INFO | - Epoch 068, ExpID 57885 best_epoch=68 improved=1
INFO | Train - Loss (last batch, scaled): 0.000833
INFO | Val - GLOBAL masked MSE scaled: 0.000999 | real: 0.068876 | real MAE: 0.163146
INFO | Test - Best epoch, GLOBAL masked MSE scaled: 0.000976 | real: 0.067267 | real MAE: 0.162424
INFO | Test - Points (EXACT, real-units): total_masked=96963 correct=35460 right_rate=36.5707%
INFO | - Epoch 069, ExpID 57885 best_epoch=68 improved=0
INFO | Train - Loss (last batch, scaled): 0.000888
INFO | Val - GLOBAL masked MSE scaled: 0.001019 | real: 0.070251 | real MAE: 0.165803
INFO | - Epoch 070, ExpID 57885 best_epoch=68 improved=0
INFO | Train - Loss (last batch, scaled): 0.001073
INFO | Val - GLOBAL masked MSE scaled: 0.001028 | real: 0.070863 | real MAE: 0.168719
INFO | - Epoch 071, ExpID 57885 best_epoch=68 improved=0
INFO | Train - Loss (last batch, scaled): 0.000768
INFO | Val - GLOBAL masked MSE scaled: 0.001246 | real: 0.085899 | real MAE: 0.204928
INFO | - Epoch 072, ExpID 57885 best_epoch=72 improved=1
INFO | Train - Loss (last batch, scaled): 0.001125
INFO | Val - GLOBAL masked MSE scaled: 0.000994 | real: 0.068527 | real MAE: 0.162462
INFO | Test - Best epoch, GLOBAL masked MSE scaled: 0.000977 | real: 0.067361 | real MAE: 0.162464
INFO | Test - Points (EXACT, real-units): total_masked=96963 correct=36355 right_rate=37.4937%
INFO | - Epoch 073, ExpID 57885 best_epoch=73 improved=1
INFO | Train - Loss (last batch, scaled): 0.000855
INFO | Val - GLOBAL masked MSE scaled: 0.000983 | real: 0.067725 | real MAE: 0.160280
INFO | Test - Best epoch, GLOBAL masked MSE scaled: 0.000965 | real: 0.066512 | real MAE: 0.160500
INFO | Test - Points (EXACT, real-units): total_masked=96963 correct=36588 right_rate=37.7340%
INFO | - Epoch 074, ExpID 57885 best_epoch=73 improved=0
INFO | Train - Loss (last batch, scaled): 0.000861
INFO | Val - GLOBAL masked MSE scaled: 0.001412 | real: 0.097338 | real MAE: 0.226922
INFO | - Epoch 075, ExpID 57885 best_epoch=73 improved=0
INFO | Train - Loss (last batch, scaled): 0.000968
INFO | Val - GLOBAL masked MSE scaled: 0.001020 | real: 0.070303 | real MAE: 0.167759
INFO | - Epoch 076, ExpID 57885 best_epoch=73 improved=0
INFO | Train - Loss (last batch, scaled): 0.000779
INFO | Val - GLOBAL masked MSE scaled: 0.001081 | real: 0.074477 | real MAE: 0.177656
INFO | - Epoch 077, ExpID 57885 best_epoch=73 improved=0
INFO | Train - Loss (last batch, scaled): 0.000859
INFO | Val - GLOBAL masked MSE scaled: 0.001015 | real: 0.069931 | real MAE: 0.168071
INFO | - Epoch 078, ExpID 57885 best_epoch=73 improved=0
INFO | Train - Loss (last batch, scaled): 0.000960
INFO | Val - GLOBAL masked MSE scaled: 0.001089 | real: 0.075085 | real MAE: 0.179613
INFO | - Epoch 079, ExpID 57885 best_epoch=73 improved=0
INFO | Train - Loss (last batch, scaled): 0.000723
INFO | Val - GLOBAL masked MSE scaled: 0.001421 | real: 0.097910 | real MAE: 0.229472
INFO | - Epoch 080, ExpID 57885 best_epoch=73 improved=0
INFO | Train - Loss (last batch, scaled): 0.001103
INFO | Val - GLOBAL masked MSE scaled: 0.001296 | real: 0.089312 | real MAE: 0.212505
INFO | - Epoch 081, ExpID 57885 best_epoch=73 improved=0
INFO | Train - Loss (last batch, scaled): 0.000800
INFO | Val - GLOBAL masked MSE scaled: 0.001000 | real: 0.068950 | real MAE: 0.164007
INFO | - Epoch 082, ExpID 57885 best_epoch=73 improved=0
INFO | Train - Loss (last batch, scaled): 0.000868
INFO | Val - GLOBAL masked MSE scaled: 0.001017 | real: 0.070102 | real MAE: 0.167554
INFO | - Epoch 083, ExpID 57885 best_epoch=73 improved=0
INFO | Train - Loss (last batch, scaled): 0.001064
INFO | Val - GLOBAL masked MSE scaled: 0.001355 | real: 0.093406 | real MAE: 0.221182
INFO | - Epoch 084, ExpID 57885 best_epoch=73 improved=0
INFO | Train - Loss (last batch, scaled): 0.000985
INFO | Val - GLOBAL masked MSE scaled: 0.001273 | real: 0.087718 | real MAE: 0.210137
INFO | - Epoch 085, ExpID 57885 best_epoch=85 improved=1
INFO | Train - Loss (last batch, scaled): 0.000896
INFO | Val - GLOBAL masked MSE scaled: 0.000976 | real: 0.067270 | real MAE: 0.158497
INFO | Test - Best epoch, GLOBAL masked MSE scaled: 0.000954 | real: 0.065733 | real MAE: 0.158133
INFO | Test - Points (EXACT, real-units): total_masked=96963 correct=37599 right_rate=38.7766%
INFO | - Epoch 086, ExpID 57885 best_epoch=85 improved=0
INFO | Train - Loss (last batch, scaled): 0.001190
INFO | Val - GLOBAL masked MSE scaled: 0.001293 | real: 0.089093 | real MAE: 0.207925
INFO | - Epoch 087, ExpID 57885 best_epoch=85 improved=0
INFO | Train - Loss (last batch, scaled): 0.000928
INFO | Val - GLOBAL masked MSE scaled: 0.001130 | real: 0.077859 | real MAE: 0.187919
INFO | - Epoch 088, ExpID 57885 best_epoch=85 improved=0
INFO | Train - Loss (last batch, scaled): 0.001006
INFO | Val - GLOBAL masked MSE scaled: 0.001181 | real: 0.081382 | real MAE: 0.196906
INFO | - Epoch 089, ExpID 57885 best_epoch=85 improved=0
INFO | Train - Loss (last batch, scaled): 0.000692
INFO | Val - GLOBAL masked MSE scaled: 0.001503 | real: 0.103603 | real MAE: 0.242250
INFO | - Epoch 090, ExpID 57885 best_epoch=85 improved=0
INFO | Train - Loss (last batch, scaled): 0.001016
INFO | Val - GLOBAL masked MSE scaled: 0.000976 | real: 0.067293 | real MAE: 0.160970
INFO | - Epoch 091, ExpID 57885 best_epoch=85 improved=0
INFO | Train - Loss (last batch, scaled): 0.000834
INFO | Val - GLOBAL masked MSE scaled: 0.001168 | real: 0.080525 | real MAE: 0.193396
INFO | - Epoch 092, ExpID 57885 best_epoch=85 improved=0
INFO | Train - Loss (last batch, scaled): 0.000768
INFO | Val - GLOBAL masked MSE scaled: 0.001117 | real: 0.076974 | real MAE: 0.185498
INFO | - Epoch 093, ExpID 57885 best_epoch=85 improved=0
INFO | Train - Loss (last batch, scaled): 0.000756
INFO | Val - GLOBAL masked MSE scaled: 0.001097 | real: 0.075586 | real MAE: 0.182601
INFO | - Epoch 094, ExpID 57885 best_epoch=85 improved=0
INFO | Train - Loss (last batch, scaled): 0.000726
INFO | Val - GLOBAL masked MSE scaled: 0.001376 | real: 0.094800 | real MAE: 0.224548
INFO | - Epoch 095, ExpID 57885 best_epoch=85 improved=0
INFO | Train - Loss (last batch, scaled): 0.000856
INFO | Val - GLOBAL masked MSE scaled: 0.001010 | real: 0.069635 | real MAE: 0.167673
INFO | - Epoch 096, ExpID 57885 best_epoch=85 improved=0
INFO | Train - Loss (last batch, scaled): 0.000834
INFO | Val - GLOBAL masked MSE scaled: 0.001245 | real: 0.085809 | real MAE: 0.206035
INFO | - Epoch 097, ExpID 57885 best_epoch=85 improved=0
INFO | Train - Loss (last batch, scaled): 0.000765
INFO | Val - GLOBAL masked MSE scaled: 0.001332 | real: 0.091801 | real MAE: 0.220546
INFO | - Epoch 098, ExpID 57885 best_epoch=85 improved=0
INFO | Train - Loss (last batch, scaled): 0.000651
INFO | Val - GLOBAL masked MSE scaled: 0.001218 | real: 0.083940 | real MAE: 0.200568
INFO | - Epoch 099, ExpID 57885 best_epoch=85 improved=0
INFO | Train - Loss (last batch, scaled): 0.001242
INFO | Val - GLOBAL masked MSE scaled: 0.001004 | real: 0.069181 | real MAE: 0.165970
INFO | - Epoch 100, ExpID 57885 best_epoch=100 improved=1
INFO | Train - Loss (last batch, scaled): 0.000884
INFO | Val - GLOBAL masked MSE scaled: 0.000962 | real: 0.066301 | real MAE: 0.159815
INFO | Test - Best epoch, GLOBAL masked MSE scaled: 0.000955 | real: 0.065816 | real MAE: 0.159935
INFO | Test - Points (EXACT, real-units): total_masked=96963 correct=37311 right_rate=38.4796%
INFO | - Epoch 101, ExpID 57885 best_epoch=100 improved=0
INFO | Train - Loss (last batch, scaled): 0.000831
INFO | Val - GLOBAL masked MSE scaled: 0.001063 | real: 0.073257 | real MAE: 0.175068
INFO | - Epoch 102, ExpID 57885 best_epoch=100 improved=0
INFO | Train - Loss (last batch, scaled): 0.000826
INFO | Val - GLOBAL masked MSE scaled: 0.001094 | real: 0.075391 | real MAE: 0.181963
INFO | - Epoch 103, ExpID 57885 best_epoch=100 improved=0
INFO | Train - Loss (last batch, scaled): 0.000816
INFO | Val - GLOBAL masked MSE scaled: 0.001079 | real: 0.074398 | real MAE: 0.180841
INFO | - Epoch 104, ExpID 57885 best_epoch=100 improved=0
INFO | Train - Loss (last batch, scaled): 0.000848
INFO | Val - GLOBAL masked MSE scaled: 0.001323 | real: 0.091214 | real MAE: 0.217263
INFO | - Epoch 105, ExpID 57885 best_epoch=100 improved=0
INFO | Train - Loss (last batch, scaled): 0.001085
INFO | Val - GLOBAL masked MSE scaled: 0.001457 | real: 0.100401 | real MAE: 0.229081
INFO | - Epoch 106, ExpID 57885 best_epoch=100 improved=0
INFO | Train - Loss (last batch, scaled): 0.001003
INFO | Val - GLOBAL masked MSE scaled: 0.001313 | real: 0.090509 | real MAE: 0.215124
INFO | - Epoch 107, ExpID 57885 best_epoch=100 improved=0
INFO | Train - Loss (last batch, scaled): 0.001234
INFO | Val - GLOBAL masked MSE scaled: 0.001586 | real: 0.109336 | real MAE: 0.250976
INFO | - Epoch 108, ExpID 57885 best_epoch=100 improved=0
INFO | Train - Loss (last batch, scaled): 0.000960
INFO | Val - GLOBAL masked MSE scaled: 0.001221 | real: 0.084120 | real MAE: 0.203878
INFO | - Epoch 109, ExpID 57885 best_epoch=109 improved=1
INFO | Train - Loss (last batch, scaled): 0.000622
INFO | Val - GLOBAL masked MSE scaled: 0.000953 | real: 0.065692 | real MAE: 0.157654
INFO | Test - Best epoch, GLOBAL masked MSE scaled: 0.000938 | real: 0.064616 | real MAE: 0.157439
INFO | Test - Points (EXACT, real-units): total_masked=96963 correct=37197 right_rate=38.3621%
INFO | - Epoch 110, ExpID 57885 best_epoch=109 improved=0
INFO | Train - Loss (last batch, scaled): 0.000733
INFO | Val - GLOBAL masked MSE scaled: 0.001051 | real: 0.072422 | real MAE: 0.176295
INFO | - Epoch 111, ExpID 57885 best_epoch=109 improved=0
INFO | Train - Loss (last batch, scaled): 0.000737
INFO | Val - GLOBAL masked MSE scaled: 0.001356 | real: 0.093487 | real MAE: 0.219605
INFO | - Epoch 112, ExpID 57885 best_epoch=109 improved=0
INFO | Train - Loss (last batch, scaled): 0.000605
INFO | Val - GLOBAL masked MSE scaled: 0.001006 | real: 0.069305 | real MAE: 0.166979
INFO | - Epoch 113, ExpID 57885 best_epoch=109 improved=0
INFO | Train - Loss (last batch, scaled): 0.001066
INFO | Val - GLOBAL masked MSE scaled: 0.001037 | real: 0.071438 | real MAE: 0.173183
INFO | - Epoch 114, ExpID 57885 best_epoch=114 improved=1
INFO | Train - Loss (last batch, scaled): 0.000728
INFO | Val - GLOBAL masked MSE scaled: 0.000945 | real: 0.065150 | real MAE: 0.157699
INFO | Test - Best epoch, GLOBAL masked MSE scaled: 0.000931 | real: 0.064175 | real MAE: 0.157149
INFO | Test - Points (EXACT, real-units): total_masked=96963 correct=38275 right_rate=39.4738%
INFO | - Epoch 115, ExpID 57885 best_epoch=114 improved=0
INFO | Train - Loss (last batch, scaled): 0.000932
INFO | Val - GLOBAL masked MSE scaled: 0.001367 | real: 0.094210 | real MAE: 0.224849
INFO | - Epoch 116, ExpID 57885 best_epoch=114 improved=0
INFO | Train - Loss (last batch, scaled): 0.000738
INFO | Val - GLOBAL masked MSE scaled: 0.001225 | real: 0.084447 | real MAE: 0.205195
INFO | - Epoch 117, ExpID 57885 best_epoch=114 improved=0
INFO | Train - Loss (last batch, scaled): 0.001019
INFO | Val - GLOBAL masked MSE scaled: 0.001063 | real: 0.073252 | real MAE: 0.178428
INFO | - Epoch 118, ExpID 57885 best_epoch=114 improved=0
INFO | Train - Loss (last batch, scaled): 0.000786
INFO | Val - GLOBAL masked MSE scaled: 0.001018 | real: 0.070146 | real MAE: 0.170945
INFO | - Epoch 119, ExpID 57885 best_epoch=119 improved=1
INFO | Train - Loss (last batch, scaled): 0.000804
INFO | Val - GLOBAL masked MSE scaled: 0.000929 | real: 0.064018 | real MAE: 0.154112
INFO | Test - Best epoch, GLOBAL masked MSE scaled: 0.000919 | real: 0.063333 | real MAE: 0.154446
INFO | Test - Points (EXACT, real-units): total_masked=96963 correct=38897 right_rate=40.1153%
INFO | - Epoch 120, ExpID 57885 best_epoch=120 improved=1
INFO | Train - Loss (last batch, scaled): 0.000964
INFO | Val - GLOBAL masked MSE scaled: 0.000921 | real: 0.063487 | real MAE: 0.154391
INFO | Test - Best epoch, GLOBAL masked MSE scaled: 0.000916 | real: 0.063101 | real MAE: 0.153781
INFO | Test - Points (EXACT, real-units): total_masked=96963 correct=39539 right_rate=40.7774%
INFO | - Epoch 121, ExpID 57885 best_epoch=120 improved=0
INFO | Train - Loss (last batch, scaled): 0.000921
INFO | Val - GLOBAL masked MSE scaled: 0.001148 | real: 0.079110 | real MAE: 0.190277
INFO | - Epoch 122, ExpID 57885 best_epoch=120 improved=0
INFO | Train - Loss (last batch, scaled): 0.000785
INFO | Val - GLOBAL masked MSE scaled: 0.000946 | real: 0.065219 | real MAE: 0.157799
INFO | - Epoch 123, ExpID 57885 best_epoch=120 improved=0
INFO | Train - Loss (last batch, scaled): 0.000807
INFO | Val - GLOBAL masked MSE scaled: 0.000967 | real: 0.066653 | real MAE: 0.163308
INFO | - Epoch 124, ExpID 57885 best_epoch=120 improved=0
INFO | Train - Loss (last batch, scaled): 0.000850
INFO | Val - GLOBAL masked MSE scaled: 0.000966 | real: 0.066571 | real MAE: 0.161665
INFO | - Epoch 125, ExpID 57885 best_epoch=125 improved=1
INFO | Train - Loss (last batch, scaled): 0.000796
INFO | Val - GLOBAL masked MSE scaled: 0.000913 | real: 0.062952 | real MAE: 0.152666
INFO | Test - Best epoch, GLOBAL masked MSE scaled: 0.000916 | real: 0.063128 | real MAE: 0.152729
INFO | Test - Points (EXACT, real-units): total_masked=96963 correct=39707 right_rate=40.9507%
INFO | - Epoch 126, ExpID 57885 best_epoch=125 improved=0
INFO | Train - Loss (last batch, scaled): 0.000811
INFO | Val - GLOBAL masked MSE scaled: 0.000945 | real: 0.065134 | real MAE: 0.159189
INFO | - Epoch 127, ExpID 57885 best_epoch=125 improved=0
INFO | Train - Loss (last batch, scaled): 0.000872
INFO | Val - GLOBAL masked MSE scaled: 0.001208 | real: 0.083224 | real MAE: 0.200089
INFO | - Epoch 128, ExpID 57885 best_epoch=125 improved=0
INFO | Train - Loss (last batch, scaled): 0.000626
INFO | Val - GLOBAL masked MSE scaled: 0.001204 | real: 0.083000 | real MAE: 0.198668
INFO | - Epoch 129, ExpID 57885 best_epoch=125 improved=0
INFO | Train - Loss (last batch, scaled): 0.000737
INFO | Val - GLOBAL masked MSE scaled: 0.000927 | real: 0.063878 | real MAE: 0.155982
INFO | - Epoch 130, ExpID 57885 best_epoch=125 improved=0
INFO | Train - Loss (last batch, scaled): 0.001004
INFO | Val - GLOBAL masked MSE scaled: 0.000994 | real: 0.068536 | real MAE: 0.167693
INFO | - Epoch 131, ExpID 57885 best_epoch=125 improved=0
INFO | Train - Loss (last batch, scaled): 0.000819
INFO | Val - GLOBAL masked MSE scaled: 0.000985 | real: 0.067913 | real MAE: 0.166131
INFO | - Epoch 132, ExpID 57885 best_epoch=125 improved=0
INFO | Train - Loss (last batch, scaled): 0.000856
INFO | Val - GLOBAL masked MSE scaled: 0.001091 | real: 0.075185 | real MAE: 0.181795
INFO | - Epoch 133, ExpID 57885 best_epoch=125 improved=0
INFO | Train - Loss (last batch, scaled): 0.000667
INFO | Val - GLOBAL masked MSE scaled: 0.001133 | real: 0.078117 | real MAE: 0.188813
INFO | - Epoch 134, ExpID 57885 best_epoch=134 improved=1
INFO | Train - Loss (last batch, scaled): 0.000727
INFO | Val - GLOBAL masked MSE scaled: 0.000907 | real: 0.062489 | real MAE: 0.150710
INFO | Test - Best epoch, GLOBAL masked MSE scaled: 0.000899 | real: 0.061990 | real MAE: 0.150791
INFO | Test - Points (EXACT, real-units): total_masked=96963 correct=40237 right_rate=41.4973%
INFO | - Epoch 135, ExpID 57885 best_epoch=134 improved=0
INFO | Train - Loss (last batch, scaled): 0.000650
INFO | Val - GLOBAL masked MSE scaled: 0.001108 | real: 0.076334 | real MAE: 0.186928
INFO | - Epoch 136, ExpID 57885 best_epoch=134 improved=0
INFO | Train - Loss (last batch, scaled): 0.000786
INFO | Val - GLOBAL masked MSE scaled: 0.000963 | real: 0.066339 | real MAE: 0.162065
INFO | - Epoch 137, ExpID 57885 best_epoch=134 improved=0
INFO | Train - Loss (last batch, scaled): 0.000872
INFO | Val - GLOBAL masked MSE scaled: 0.001316 | real: 0.090677 | real MAE: 0.216460
INFO | - Epoch 138, ExpID 57885 best_epoch=134 improved=0
INFO | Train - Loss (last batch, scaled): 0.001058
INFO | Val - GLOBAL masked MSE scaled: 0.001045 | real: 0.072016 | real MAE: 0.176428
INFO | - Epoch 139, ExpID 57885 best_epoch=134 improved=0
INFO | Train - Loss (last batch, scaled): 0.000949
INFO | Val - GLOBAL masked MSE scaled: 0.001112 | real: 0.076663 | real MAE: 0.187387
INFO | - Epoch 140, ExpID 57885 best_epoch=134 improved=0
INFO | Train - Loss (last batch, scaled): 0.000754
INFO | Val - GLOBAL masked MSE scaled: 0.001030 | real: 0.070966 | real MAE: 0.174561
INFO | - Epoch 141, ExpID 57885 best_epoch=134 improved=0
INFO | Train - Loss (last batch, scaled): 0.000857
INFO | Val - GLOBAL masked MSE scaled: 0.000926 | real: 0.063845 | real MAE: 0.154762
INFO | - Epoch 142, ExpID 57885 best_epoch=134 improved=0
INFO | Train - Loss (last batch, scaled): 0.000868
INFO | Val - GLOBAL masked MSE scaled: 0.001209 | real: 0.083356 | real MAE: 0.201109
INFO | - Epoch 143, ExpID 57885 best_epoch=134 improved=0
INFO | Train - Loss (last batch, scaled): 0.000742
INFO | Val - GLOBAL masked MSE scaled: 0.000919 | real: 0.063353 | real MAE: 0.154189
INFO | - Epoch 144, ExpID 57885 best_epoch=134 improved=0
INFO | Train - Loss (last batch, scaled): 0.000847
INFO | Val - GLOBAL masked MSE scaled: 0.001011 | real: 0.069689 | real MAE: 0.169375
INFO | - Epoch 145, ExpID 57885 best_epoch=134 improved=0
INFO | Train - Loss (last batch, scaled): 0.000958
INFO | Val - GLOBAL masked MSE scaled: 0.001426 | real: 0.098291 | real MAE: 0.229563
INFO | - Epoch 146, ExpID 57885 best_epoch=134 improved=0
INFO | Train - Loss (last batch, scaled): 0.000973
INFO | Val - GLOBAL masked MSE scaled: 0.001035 | real: 0.071349 | real MAE: 0.174627
INFO | - Epoch 147, ExpID 57885 best_epoch=134 improved=0
INFO | Train - Loss (last batch, scaled): 0.000901
INFO | Val - GLOBAL masked MSE scaled: 0.000932 | real: 0.064252 | real MAE: 0.158054
INFO | - Epoch 148, ExpID 57885 best_epoch=134 improved=0
INFO | Train - Loss (last batch, scaled): 0.000912
INFO | Val - GLOBAL masked MSE scaled: 0.001051 | real: 0.072434 | real MAE: 0.177146
INFO | - Epoch 149, ExpID 57885 best_epoch=134 improved=0
INFO | Train - Loss (last batch, scaled): 0.001160
INFO | Val - GLOBAL masked MSE scaled: 0.000953 | real: 0.065691 | real MAE: 0.163433
INFO | - Epoch 150, ExpID 57885 best_epoch=134 improved=0
INFO | Train - Loss (last batch, scaled): 0.001080
INFO | Val - GLOBAL masked MSE scaled: 0.001008 | real: 0.069464 | real MAE: 0.172365
INFO | - Epoch 151, ExpID 57885 best_epoch=134 improved=0
INFO | Train - Loss (last batch, scaled): 0.000762
INFO | Val - GLOBAL masked MSE scaled: 0.000958 | real: 0.066048 | real MAE: 0.163581
INFO | - Epoch 152, ExpID 57885 best_epoch=134 improved=0
INFO | Train - Loss (last batch, scaled): 0.000804
INFO | Val - GLOBAL masked MSE scaled: 0.000939 | real: 0.064681 | real MAE: 0.158001
INFO | - Epoch 153, ExpID 57885 best_epoch=134 improved=0
INFO | Train - Loss (last batch, scaled): 0.000648
INFO | Val - GLOBAL masked MSE scaled: 0.000961 | real: 0.066202 | real MAE: 0.163417
INFO | - Epoch 154, ExpID 57885 best_epoch=134 improved=0
INFO | Train - Loss (last batch, scaled): 0.001087
INFO | Val - GLOBAL masked MSE scaled: 0.001068 | real: 0.073578 | real MAE: 0.178581
INFO | - Epoch 155, ExpID 57885 best_epoch=134 improved=0
INFO | Train - Loss (last batch, scaled): 0.001205
INFO | Val - GLOBAL masked MSE scaled: 0.001053 | real: 0.072546 | real MAE: 0.179246
INFO | - Epoch 156, ExpID 57885 best_epoch=134 improved=0
INFO | Train - Loss (last batch, scaled): 0.000802
INFO | Val - GLOBAL masked MSE scaled: 0.000924 | real: 0.063655 | real MAE: 0.155690
INFO | - Epoch 157, ExpID 57885 best_epoch=134 improved=0
INFO | Train - Loss (last batch, scaled): 0.000688
INFO | Val - GLOBAL masked MSE scaled: 0.000966 | real: 0.066580 | real MAE: 0.163461
INFO | - Epoch 158, ExpID 57885 best_epoch=134 improved=0
INFO | Train - Loss (last batch, scaled): 0.000986
INFO | Val - GLOBAL masked MSE scaled: 0.001217 | real: 0.083879 | real MAE: 0.201712
INFO | - Epoch 159, ExpID 57885 best_epoch=134 improved=0
INFO | Train - Loss (last batch, scaled): 0.000889
INFO | Val - GLOBAL masked MSE scaled: 0.000949 | real: 0.065413 | real MAE: 0.161170
INFO | - Epoch 160, ExpID 57885 best_epoch=134 improved=0
INFO | Train - Loss (last batch, scaled): 0.000879
INFO | Val - GLOBAL masked MSE scaled: 0.000967 | real: 0.066663 | real MAE: 0.164750
INFO | - Epoch 161, ExpID 57885 best_epoch=134 improved=0
INFO | Train - Loss (last batch, scaled): 0.000852
INFO | Val - GLOBAL masked MSE scaled: 0.001151 | real: 0.079303 | real MAE: 0.194144
INFO | - Epoch 162, ExpID 57885 best_epoch=134 improved=0
INFO | Train - Loss (last batch, scaled): 0.000719
INFO | Val - GLOBAL masked MSE scaled: 0.001024 | real: 0.070585 | real MAE: 0.173194
INFO | - Epoch 163, ExpID 57885 best_epoch=134 improved=0
INFO | Train - Loss (last batch, scaled): 0.000823
INFO | Val - GLOBAL masked MSE scaled: 0.000959 | real: 0.066067 | real MAE: 0.164164
INFO | - Epoch 164, ExpID 57885 best_epoch=134 improved=0
INFO | Train - Loss (last batch, scaled): 0.000785
INFO | Val - GLOBAL masked MSE scaled: 0.000918 | real: 0.063240 | real MAE: 0.153672
INFO | - Epoch 165, ExpID 57885 best_epoch=134 improved=0
INFO | Train - Loss (last batch, scaled): 0.000726
INFO | Val - GLOBAL masked MSE scaled: 0.000941 | real: 0.064831 | real MAE: 0.160131
INFO | - Epoch 166, ExpID 57885 best_epoch=166 improved=1
INFO | Train - Loss (last batch, scaled): 0.000830
INFO | Val - GLOBAL masked MSE scaled: 0.000905 | real: 0.062403 | real MAE: 0.154058
INFO | Test - Best epoch, GLOBAL masked MSE scaled: 0.000896 | real: 0.061738 | real MAE: 0.153688
INFO | Test - Points (EXACT, real-units): total_masked=96963 correct=39572 right_rate=40.8114%
INFO | - Epoch 167, ExpID 57885 best_epoch=166 improved=0
INFO | Train - Loss (last batch, scaled): 0.000986
INFO | Val - GLOBAL masked MSE scaled: 0.001023 | real: 0.070479 | real MAE: 0.173966
INFO | - Epoch 168, ExpID 57885 best_epoch=166 improved=0
INFO | Train - Loss (last batch, scaled): 0.000909
INFO | Val - GLOBAL masked MSE scaled: 0.001408 | real: 0.097053 | real MAE: 0.226265
INFO | - Epoch 169, ExpID 57885 best_epoch=166 improved=0
INFO | Train - Loss (last batch, scaled): 0.000768
INFO | Val - GLOBAL masked MSE scaled: 0.001012 | real: 0.069726 | real MAE: 0.173336
INFO | - Epoch 170, ExpID 57885 best_epoch=166 improved=0
INFO | Train - Loss (last batch, scaled): 0.000887
INFO | Val - GLOBAL masked MSE scaled: 0.000938 | real: 0.064623 | real MAE: 0.161062
INFO | - Epoch 171, ExpID 57885 best_epoch=166 improved=0
INFO | Train - Loss (last batch, scaled): 0.000886
INFO | Val - GLOBAL masked MSE scaled: 0.000932 | real: 0.064261 | real MAE: 0.160935
INFO | - Epoch 172, ExpID 57885 best_epoch=166 improved=0
INFO | Train - Loss (last batch, scaled): 0.000695
INFO | Val - GLOBAL masked MSE scaled: 0.001354 | real: 0.093302 | real MAE: 0.223036
INFO | - Epoch 173, ExpID 57885 best_epoch=166 improved=0
INFO | Train - Loss (last batch, scaled): 0.000837
INFO | Val - GLOBAL masked MSE scaled: 0.000964 | real: 0.066455 | real MAE: 0.164760
INFO | - Epoch 174, ExpID 57885 best_epoch=166 improved=0
INFO | Train - Loss (last batch, scaled): 0.000764
INFO | Val - GLOBAL masked MSE scaled: 0.000995 | real: 0.068590 | real MAE: 0.170340
INFO | - Epoch 175, ExpID 57885 best_epoch=166 improved=0
INFO | Train - Loss (last batch, scaled): 0.000765
INFO | Val - GLOBAL masked MSE scaled: 0.000966 | real: 0.066573 | real MAE: 0.165253
INFO | - Epoch 176, ExpID 57885 best_epoch=166 improved=0
INFO | Train - Loss (last batch, scaled): 0.000912
INFO | Val - GLOBAL masked MSE scaled: 0.001088 | real: 0.075001 | real MAE: 0.185400
INFO | - Epoch 177, ExpID 57885 best_epoch=166 improved=0
INFO | Train - Loss (last batch, scaled): 0.000697
INFO | Val - GLOBAL masked MSE scaled: 0.001000 | real: 0.068892 | real MAE: 0.170566
INFO | - Epoch 178, ExpID 57885 best_epoch=166 improved=0
INFO | Train - Loss (last batch, scaled): 0.001039
INFO | Val - GLOBAL masked MSE scaled: 0.001023 | real: 0.070521 | real MAE: 0.173590
INFO | - Epoch 179, ExpID 57885 best_epoch=166 improved=0
INFO | Train - Loss (last batch, scaled): 0.000696
INFO | Val - GLOBAL masked MSE scaled: 0.000937 | real: 0.064544 | real MAE: 0.161114
INFO | - Epoch 180, ExpID 57885 best_epoch=166 improved=0
INFO | Train - Loss (last batch, scaled): 0.000681
INFO | Val - GLOBAL masked MSE scaled: 0.000957 | real: 0.065984 | real MAE: 0.163395
INFO | - Epoch 181, ExpID 57885 best_epoch=166 improved=0
INFO | Train - Loss (last batch, scaled): 0.001267
INFO | Val - GLOBAL masked MSE scaled: 0.001160 | real: 0.079967 | real MAE: 0.193029
INFO | - Epoch 182, ExpID 57885 best_epoch=166 improved=0
INFO | Train - Loss (last batch, scaled): 0.000628
INFO | Val - GLOBAL masked MSE scaled: 0.000937 | real: 0.064585 | real MAE: 0.158861
INFO | - Epoch 183, ExpID 57885 best_epoch=166 improved=0
INFO | Train - Loss (last batch, scaled): 0.000790
INFO | Val - GLOBAL masked MSE scaled: 0.001081 | real: 0.074529 | real MAE: 0.184010
INFO | - Epoch 184, ExpID 57885 best_epoch=166 improved=0
INFO | Train - Loss (last batch, scaled): 0.000938
INFO | Val - GLOBAL masked MSE scaled: 0.001203 | real: 0.082943 | real MAE: 0.201681
INFO | - Epoch 185, ExpID 57885 best_epoch=166 improved=0
INFO | Train - Loss (last batch, scaled): 0.000906
INFO | Val - GLOBAL masked MSE scaled: 0.001337 | real: 0.092168 | real MAE: 0.219309
INFO | - Epoch 186, ExpID 57885 best_epoch=166 improved=0
INFO | Train - Loss (last batch, scaled): 0.000757
INFO | Val - GLOBAL masked MSE scaled: 0.000974 | real: 0.067096 | real MAE: 0.168389
INFO | - Epoch 187, ExpID 57885 best_epoch=166 improved=0
INFO | Train - Loss (last batch, scaled): 0.001080
INFO | Val - GLOBAL masked MSE scaled: 0.001009 | real: 0.069518 | real MAE: 0.171008
INFO | - Epoch 188, ExpID 57885 best_epoch=166 improved=0
INFO | Train - Loss (last batch, scaled): 0.000775
INFO | Val - GLOBAL masked MSE scaled: 0.000950 | real: 0.065491 | real MAE: 0.165676
INFO | - Epoch 189, ExpID 57885 best_epoch=166 improved=0
INFO | Train - Loss (last batch, scaled): 0.000759
INFO | Val - GLOBAL masked MSE scaled: 0.000952 | real: 0.065615 | real MAE: 0.163476
INFO | - Epoch 190, ExpID 57885 best_epoch=166 improved=0
INFO | Train - Loss (last batch, scaled): 0.000847
INFO | Val - GLOBAL masked MSE scaled: 0.001033 | real: 0.071198 | real MAE: 0.177395
INFO | - Epoch 191, ExpID 57885 best_epoch=166 improved=0
INFO | Train - Loss (last batch, scaled): 0.000814
INFO | Val - GLOBAL masked MSE scaled: 0.000960 | real: 0.066183 | real MAE: 0.165165
INFO | - Epoch 192, ExpID 57885 best_epoch=166 improved=0
INFO | Train - Loss (last batch, scaled): 0.000963
INFO | Val - GLOBAL masked MSE scaled: 0.001160 | real: 0.079932 | real MAE: 0.190017
INFO | - Epoch 193, ExpID 57885 best_epoch=166 improved=0
INFO | Train - Loss (last batch, scaled): 0.000794
INFO | Val - GLOBAL masked MSE scaled: 0.001062 | real: 0.073167 | real MAE: 0.179478
INFO | - Epoch 194, ExpID 57885 best_epoch=166 improved=0
INFO | Train - Loss (last batch, scaled): 0.000761
INFO | Val - GLOBAL masked MSE scaled: 0.000941 | real: 0.064844 | real MAE: 0.162683
INFO | - Epoch 195, ExpID 57885 best_epoch=166 improved=0
INFO | Train - Loss (last batch, scaled): 0.000652
INFO | Val - GLOBAL masked MSE scaled: 0.000991 | real: 0.068287 | real MAE: 0.168959
INFO | - Epoch 196, ExpID 57885 best_epoch=166 improved=0
INFO | Train - Loss (last batch, scaled): 0.000832
INFO | Val - GLOBAL masked MSE scaled: 0.001059 | real: 0.073004 | real MAE: 0.181975
INFO | - Epoch 197, ExpID 57885 best_epoch=166 improved=0
INFO | Train - Loss (last batch, scaled): 0.000611
INFO | Val - GLOBAL masked MSE scaled: 0.001053 | real: 0.072584 | real MAE: 0.181831
INFO | - Epoch 198, ExpID 57885 best_epoch=166 improved=0
INFO | Train - Loss (last batch, scaled): 0.000816
INFO | Val - GLOBAL masked MSE scaled: 0.000988 | real: 0.068093 | real MAE: 0.170356
INFO | - Epoch 199, ExpID 57885 best_epoch=166 improved=0
INFO | Train - Loss (last batch, scaled): 0.000853
INFO | Val - GLOBAL masked MSE scaled: 0.001074 | real: 0.073994 | real MAE: 0.183136
INFO | - Epoch 200, ExpID 57885 best_epoch=166 improved=0
INFO | Train - Loss (last batch, scaled): 0.000596
INFO | Val - GLOBAL masked MSE scaled: 0.000927 | real: 0.063908 | real MAE: 0.158820
INFO | - Epoch 201, ExpID 57885 best_epoch=166 improved=0
INFO | Train - Loss (last batch, scaled): 0.000628
INFO | Val - GLOBAL masked MSE scaled: 0.000956 | real: 0.065917 | real MAE: 0.164076
INFO | - Epoch 202, ExpID 57885 best_epoch=166 improved=0
INFO | Train - Loss (last batch, scaled): 0.000835
INFO | Val - GLOBAL masked MSE scaled: 0.000971 | real: 0.066941 | real MAE: 0.167713
INFO | - Epoch 203, ExpID 57885 best_epoch=166 improved=0
INFO | Train - Loss (last batch, scaled): 0.000763
INFO | Val - GLOBAL masked MSE scaled: 0.000921 | real: 0.063469 | real MAE: 0.158257
INFO | - Epoch 204, ExpID 57885 best_epoch=166 improved=0
INFO | Train - Loss (last batch, scaled): 0.000794
INFO | Val - GLOBAL masked MSE scaled: 0.000926 | real: 0.063825 | real MAE: 0.159837
INFO | - Epoch 205, ExpID 57885 best_epoch=166 improved=0
INFO | Train - Loss (last batch, scaled): 0.000688
INFO | Val - GLOBAL masked MSE scaled: 0.000979 | real: 0.067450 | real MAE: 0.167676
INFO | - Epoch 206, ExpID 57885 best_epoch=166 improved=0
INFO | Train - Loss (last batch, scaled): 0.000725
INFO | Val - GLOBAL masked MSE scaled: 0.000984 | real: 0.067850 | real MAE: 0.169614
