INFO | - Epoch 000, ExpID 7543
INFO | Train - Loss (one batch): 0.01417
INFO | Val - Loss, MSE, RMSE, MAE: 0.01406, 0.01406, 0.11761, 0.09081
INFO | Test - Best epoch 0, Loss, MSE, RMSE, MAE: 0.01342, 0.01342, 0.11494, 0.08954
INFO | Time spent: 11.73s
INFO | - Epoch 001, ExpID 7543
INFO | Train - Loss (one batch): 0.00362
INFO | Val - Loss, MSE, RMSE, MAE: 0.00437, 0.00437, 0.06563, 0.04654
INFO | Test - Best epoch 1, Loss, MSE, RMSE, MAE: 0.00412, 0.00412, 0.06379, 0.04528
INFO | Time spent: 3.27s
INFO | - Epoch 002, ExpID 7543
INFO | Train - Loss (one batch): 0.00377
INFO | Val - Loss, MSE, RMSE, MAE: 0.00345, 0.00345, 0.05808, 0.03641
INFO | Test - Best epoch 2, Loss, MSE, RMSE, MAE: 0.00327, 0.00327, 0.05665, 0.03558
INFO | Time spent: 3.27s
INFO | - Epoch 003, ExpID 7543
INFO | Train - Loss (one batch): 0.00351
INFO | Val - Loss, MSE, RMSE, MAE: 0.00374, 0.00374, 0.06049, 0.04019
INFO | Test - Best epoch 2, Loss, MSE, RMSE, MAE: 0.00355, 0.00355, 0.05916, 0.03950
INFO | Time spent: 3.25s
INFO | - Epoch 004, ExpID 7543
INFO | Train - Loss (one batch): 0.00287
INFO | Val - Loss, MSE, RMSE, MAE: 0.00348, 0.00348, 0.05831, 0.03687
INFO | Test - Best epoch 2, Loss, MSE, RMSE, MAE: 0.00330, 0.00330, 0.05700, 0.03620
INFO | Time spent: 3.25s
INFO | - Epoch 005, ExpID 7543
INFO | Train - Loss (one batch): 0.00328
INFO | Val - Loss, MSE, RMSE, MAE: 0.00334, 0.00334, 0.05707, 0.03557
INFO | Test - Best epoch 5, Loss, MSE, RMSE, MAE: 0.00315, 0.00315, 0.05563, 0.03483
INFO | Time spent: 3.24s
INFO | - Epoch 006, ExpID 7543
INFO | Train - Loss (one batch): 0.00351
INFO | Val - Loss, MSE, RMSE, MAE: 0.00332, 0.00332, 0.05688, 0.03552
INFO | Test - Best epoch 6, Loss, MSE, RMSE, MAE: 0.00314, 0.00314, 0.05558, 0.03484
INFO | Time spent: 3.25s
INFO | - Epoch 007, ExpID 7543
INFO | Train - Loss (one batch): 0.00254
INFO | Val - Loss, MSE, RMSE, MAE: 0.00338, 0.00338, 0.05740, 0.03574
INFO | Test - Best epoch 6, Loss, MSE, RMSE, MAE: 0.00318, 0.00318, 0.05591, 0.03481
INFO | Time spent: 3.29s
INFO | - Epoch 008, ExpID 7543
INFO | Train - Loss (one batch): 0.00232
INFO | Val - Loss, MSE, RMSE, MAE: 0.00339, 0.00339, 0.05749, 0.03689
INFO | Test - Best epoch 6, Loss, MSE, RMSE, MAE: 0.00320, 0.00320, 0.05616, 0.03620
INFO | Time spent: 3.26s
INFO | - Epoch 009, ExpID 7543
INFO | Train - Loss (one batch): 0.00293
INFO | Val - Loss, MSE, RMSE, MAE: 0.00363, 0.00363, 0.05959, 0.04051
INFO | Test - Best epoch 6, Loss, MSE, RMSE, MAE: 0.00343, 0.00343, 0.05818, 0.03972
INFO | Time spent: 3.27s
INFO | - Epoch 010, ExpID 7543
INFO | Train - Loss (one batch): 0.00229
INFO | Val - Loss, MSE, RMSE, MAE: 0.00326, 0.00326, 0.05638, 0.03583
INFO | Test - Best epoch 10, Loss, MSE, RMSE, MAE: 0.00308, 0.00308, 0.05506, 0.03514
INFO | Time spent: 3.25s
INFO | - Epoch 011, ExpID 7543
INFO | Train - Loss (one batch): 0.00274
INFO | Val - Loss, MSE, RMSE, MAE: 0.00381, 0.00381, 0.06116, 0.04294
INFO | Test - Best epoch 10, Loss, MSE, RMSE, MAE: 0.00363, 0.00363, 0.05986, 0.04223
INFO | Time spent: 3.26s
INFO | - Epoch 012, ExpID 7543
INFO | Train - Loss (one batch): 0.00196
INFO | Val - Loss, MSE, RMSE, MAE: 0.00315, 0.00315, 0.05536, 0.03433
INFO | Test - Best epoch 12, Loss, MSE, RMSE, MAE: 0.00297, 0.00297, 0.05406, 0.03368
INFO | Time spent: 3.26s
INFO | - Epoch 013, ExpID 7543
INFO | Train - Loss (one batch): 0.00293
INFO | Val - Loss, MSE, RMSE, MAE: 0.00315, 0.00315, 0.05542, 0.03468
INFO | Test - Best epoch 12, Loss, MSE, RMSE, MAE: 0.00298, 0.00298, 0.05412, 0.03406
INFO | Time spent: 3.31s
INFO | - Epoch 014, ExpID 7543
INFO | Train - Loss (one batch): 0.00273
INFO | Val - Loss, MSE, RMSE, MAE: 0.00338, 0.00338, 0.05742, 0.03800
INFO | Test - Best epoch 12, Loss, MSE, RMSE, MAE: 0.00319, 0.00319, 0.05607, 0.03724
INFO | Time spent: 3.26s
INFO | - Epoch 015, ExpID 7543
INFO | Train - Loss (one batch): 0.00259
INFO | Val - Loss, MSE, RMSE, MAE: 0.00311, 0.00311, 0.05505, 0.03418
INFO | Test - Best epoch 15, Loss, MSE, RMSE, MAE: 0.00294, 0.00294, 0.05374, 0.03347
INFO | Time spent: 3.34s
INFO | - Epoch 016, ExpID 7543
INFO | Train - Loss (one batch): 0.00295
INFO | Val - Loss, MSE, RMSE, MAE: 0.00307, 0.00307, 0.05467, 0.03364
INFO | Test - Best epoch 16, Loss, MSE, RMSE, MAE: 0.00290, 0.00290, 0.05343, 0.03309
INFO | Time spent: 3.32s
INFO | - Epoch 017, ExpID 7543
INFO | Train - Loss (one batch): 0.00371
INFO | Val - Loss, MSE, RMSE, MAE: 0.00335, 0.00335, 0.05712, 0.03753
INFO | Test - Best epoch 16, Loss, MSE, RMSE, MAE: 0.00314, 0.00314, 0.05553, 0.03651
INFO | Time spent: 3.31s
INFO | - Epoch 018, ExpID 7543
INFO | Train - Loss (one batch): 0.00256
INFO | Val - Loss, MSE, RMSE, MAE: 0.00323, 0.00323, 0.05617, 0.03642
INFO | Test - Best epoch 16, Loss, MSE, RMSE, MAE: 0.00309, 0.00309, 0.05520, 0.03615
INFO | Time spent: 3.28s
INFO | - Epoch 019, ExpID 7543
INFO | Train - Loss (one batch): 0.00228
INFO | Val - Loss, MSE, RMSE, MAE: 0.00313, 0.00313, 0.05525, 0.03503
INFO | Test - Best epoch 16, Loss, MSE, RMSE, MAE: 0.00296, 0.00296, 0.05392, 0.03436
INFO | Time spent: 3.25s
INFO | - Epoch 020, ExpID 7543
INFO | Train - Loss (one batch): 0.00324
INFO | Val - Loss, MSE, RMSE, MAE: 0.00316, 0.00316, 0.05559, 0.03543
INFO | Test - Best epoch 16, Loss, MSE, RMSE, MAE: 0.00302, 0.00302, 0.05453, 0.03503
INFO | Time spent: 3.28s
INFO | - Epoch 021, ExpID 7543
INFO | Train - Loss (one batch): 0.00269
INFO | Val - Loss, MSE, RMSE, MAE: 0.00360, 0.00360, 0.05936, 0.04066
INFO | Test - Best epoch 16, Loss, MSE, RMSE, MAE: 0.00341, 0.00341, 0.05801, 0.03980
INFO | Time spent: 3.21s
INFO | - Epoch 022, ExpID 7543
INFO | Train - Loss (one batch): 0.00232
INFO | Val - Loss, MSE, RMSE, MAE: 0.00303, 0.00303, 0.05433, 0.03374
INFO | Test - Best epoch 22, Loss, MSE, RMSE, MAE: 0.00287, 0.00287, 0.05313, 0.03329
INFO | Time spent: 3.26s
INFO | - Epoch 023, ExpID 7543
INFO | Train - Loss (one batch): 0.00276
INFO | Val - Loss, MSE, RMSE, MAE: 0.00303, 0.00303, 0.05428, 0.03350
INFO | Test - Best epoch 23, Loss, MSE, RMSE, MAE: 0.00286, 0.00286, 0.05307, 0.03301
INFO | Time spent: 3.25s
INFO | - Epoch 024, ExpID 7543
INFO | Train - Loss (one batch): 0.00259
INFO | Val - Loss, MSE, RMSE, MAE: 0.00310, 0.00310, 0.05496, 0.03479
INFO | Test - Best epoch 23, Loss, MSE, RMSE, MAE: 0.00293, 0.00293, 0.05369, 0.03412
INFO | Time spent: 3.29s
INFO | - Epoch 025, ExpID 7543
INFO | Train - Loss (one batch): 0.00246
INFO | Val - Loss, MSE, RMSE, MAE: 0.00305, 0.00305, 0.05452, 0.03395
INFO | Test - Best epoch 23, Loss, MSE, RMSE, MAE: 0.00289, 0.00289, 0.05329, 0.03340
INFO | Time spent: 3.26s
INFO | - Epoch 026, ExpID 7543
INFO | Train - Loss (one batch): 0.00327
INFO | Val - Loss, MSE, RMSE, MAE: 0.00375, 0.00375, 0.06069, 0.04278
INFO | Test - Best epoch 23, Loss, MSE, RMSE, MAE: 0.00359, 0.00359, 0.05954, 0.04211
INFO | Time spent: 3.26s
INFO | - Epoch 027, ExpID 7543
INFO | Train - Loss (one batch): 0.00239
INFO | Val - Loss, MSE, RMSE, MAE: 0.00313, 0.00313, 0.05526, 0.03465
INFO | Test - Best epoch 23, Loss, MSE, RMSE, MAE: 0.00296, 0.00296, 0.05397, 0.03395
INFO | Time spent: 3.27s
INFO | - Epoch 028, ExpID 7543
INFO | Train - Loss (one batch): 0.00270
INFO | Val - Loss, MSE, RMSE, MAE: 0.00300, 0.00300, 0.05402, 0.03331
INFO | Test - Best epoch 28, Loss, MSE, RMSE, MAE: 0.00284, 0.00284, 0.05285, 0.03277
INFO | Time spent: 3.25s
INFO | - Epoch 029, ExpID 7543
INFO | Train - Loss (one batch): 0.00219
INFO | Val - Loss, MSE, RMSE, MAE: 0.00308, 0.00308, 0.05476, 0.03398
INFO | Test - Best epoch 28, Loss, MSE, RMSE, MAE: 0.00292, 0.00292, 0.05358, 0.03348
INFO | Time spent: 3.53s
INFO | - Epoch 030, ExpID 7543
INFO | Train - Loss (one batch): 0.00234
INFO | Val - Loss, MSE, RMSE, MAE: 0.00305, 0.00305, 0.05452, 0.03435
INFO | Test - Best epoch 28, Loss, MSE, RMSE, MAE: 0.00288, 0.00288, 0.05321, 0.03364
INFO | Time spent: 3.27s
INFO | - Epoch 031, ExpID 7543
INFO | Train - Loss (one batch): 0.00314
INFO | Val - Loss, MSE, RMSE, MAE: 0.00302, 0.00302, 0.05426, 0.03380
INFO | Test - Best epoch 28, Loss, MSE, RMSE, MAE: 0.00287, 0.00287, 0.05316, 0.03342
INFO | Time spent: 3.27s
INFO | - Epoch 032, ExpID 7543
INFO | Train - Loss (one batch): 0.00378
INFO | Val - Loss, MSE, RMSE, MAE: 0.00298, 0.00298, 0.05384, 0.03330
INFO | Test - Best epoch 32, Loss, MSE, RMSE, MAE: 0.00282, 0.00282, 0.05266, 0.03286
INFO | Time spent: 3.27s
INFO | - Epoch 033, ExpID 7543
INFO | Train - Loss (one batch): 0.00293
INFO | Val - Loss, MSE, RMSE, MAE: 0.00299, 0.00299, 0.05394, 0.03342
INFO | Test - Best epoch 32, Loss, MSE, RMSE, MAE: 0.00283, 0.00283, 0.05274, 0.03291
INFO | Time spent: 3.26s
INFO | - Epoch 034, ExpID 7543
INFO | Train - Loss (one batch): 0.00236
INFO | Val - Loss, MSE, RMSE, MAE: 0.00298, 0.00298, 0.05389, 0.03343
INFO | Test - Best epoch 32, Loss, MSE, RMSE, MAE: 0.00283, 0.00283, 0.05276, 0.03305
INFO | Time spent: 3.25s
INFO | - Epoch 035, ExpID 7543
INFO | Train - Loss (one batch): 0.00259
INFO | Val - Loss, MSE, RMSE, MAE: 0.00298, 0.00298, 0.05391, 0.03363
INFO | Test - Best epoch 32, Loss, MSE, RMSE, MAE: 0.00284, 0.00284, 0.05286, 0.03333
INFO | Time spent: 3.28s
INFO | - Epoch 036, ExpID 7543
INFO | Train - Loss (one batch): 0.00231
INFO | Val - Loss, MSE, RMSE, MAE: 0.00301, 0.00301, 0.05410, 0.03403
INFO | Test - Best epoch 32, Loss, MSE, RMSE, MAE: 0.00284, 0.00284, 0.05280, 0.03338
INFO | Time spent: 3.26s
INFO | - Epoch 037, ExpID 7543
INFO | Train - Loss (one batch): 0.00258
INFO | Val - Loss, MSE, RMSE, MAE: 0.00298, 0.00298, 0.05392, 0.03351
INFO | Test - Best epoch 32, Loss, MSE, RMSE, MAE: 0.00284, 0.00284, 0.05291, 0.03323
INFO | Time spent: 3.26s
INFO | - Epoch 038, ExpID 7543
INFO | Train - Loss (one batch): 0.00243
INFO | Val - Loss, MSE, RMSE, MAE: 0.00316, 0.00316, 0.05552, 0.03591
INFO | Test - Best epoch 32, Loss, MSE, RMSE, MAE: 0.00300, 0.00300, 0.05432, 0.03541
INFO | Time spent: 3.25s
INFO | - Epoch 039, ExpID 7543
INFO | Train - Loss (one batch): 0.00266
INFO | Val - Loss, MSE, RMSE, MAE: 0.00294, 0.00294, 0.05355, 0.03320
INFO | Test - Best epoch 39, Loss, MSE, RMSE, MAE: 0.00280, 0.00280, 0.05251, 0.03281
INFO | Time spent: 3.24s
INFO | - Epoch 040, ExpID 7543
INFO | Train - Loss (one batch): 0.00252
INFO | Val - Loss, MSE, RMSE, MAE: 0.00313, 0.00313, 0.05527, 0.03619
INFO | Test - Best epoch 39, Loss, MSE, RMSE, MAE: 0.00297, 0.00297, 0.05408, 0.03557
INFO | Time spent: 3.26s
INFO | - Epoch 041, ExpID 7543
INFO | Train - Loss (one batch): 0.00237
INFO | Val - Loss, MSE, RMSE, MAE: 0.00294, 0.00294, 0.05348, 0.03296
INFO | Test - Best epoch 41, Loss, MSE, RMSE, MAE: 0.00279, 0.00279, 0.05235, 0.03253
INFO | Time spent: 3.26s
INFO | - Epoch 042, ExpID 7543
INFO | Train - Loss (one batch): 0.00279
INFO | Val - Loss, MSE, RMSE, MAE: 0.00294, 0.00294, 0.05351, 0.03286
INFO | Test - Best epoch 41, Loss, MSE, RMSE, MAE: 0.00280, 0.00280, 0.05244, 0.03251
INFO | Time spent: 3.26s
INFO | - Epoch 043, ExpID 7543
INFO | Train - Loss (one batch): 0.00380
INFO | Val - Loss, MSE, RMSE, MAE: 0.00331, 0.00331, 0.05688, 0.03836
INFO | Test - Best epoch 41, Loss, MSE, RMSE, MAE: 0.00313, 0.00313, 0.05547, 0.03757
INFO | Time spent: 3.26s
INFO | - Epoch 044, ExpID 7543
INFO | Train - Loss (one batch): 0.00374
INFO | Val - Loss, MSE, RMSE, MAE: 0.00299, 0.00299, 0.05408, 0.03449
INFO | Test - Best epoch 41, Loss, MSE, RMSE, MAE: 0.00289, 0.00289, 0.05337, 0.03443
INFO | Time spent: 3.38s
INFO | - Epoch 045, ExpID 7543
INFO | Train - Loss (one batch): 0.00251
INFO | Val - Loss, MSE, RMSE, MAE: 0.00298, 0.00298, 0.05394, 0.03411
INFO | Test - Best epoch 41, Loss, MSE, RMSE, MAE: 0.00286, 0.00286, 0.05312, 0.03393
INFO | Time spent: 3.25s
INFO | - Epoch 046, ExpID 7543
INFO | Train - Loss (one batch): 0.00308
INFO | Val - Loss, MSE, RMSE, MAE: 0.00295, 0.00295, 0.05360, 0.03337
INFO | Test - Best epoch 41, Loss, MSE, RMSE, MAE: 0.00281, 0.00281, 0.05254, 0.03299
INFO | Time spent: 3.43s
INFO | - Epoch 047, ExpID 7543
INFO | Train - Loss (one batch): 0.00269
INFO | Val - Loss, MSE, RMSE, MAE: 0.00291, 0.00291, 0.05323, 0.03280
INFO | Test - Best epoch 47, Loss, MSE, RMSE, MAE: 0.00278, 0.00278, 0.05225, 0.03255
INFO | Time spent: 3.41s
INFO | - Epoch 048, ExpID 7543
INFO | Train - Loss (one batch): 0.00268
INFO | Val - Loss, MSE, RMSE, MAE: 0.00302, 0.00302, 0.05430, 0.03473
INFO | Test - Best epoch 47, Loss, MSE, RMSE, MAE: 0.00289, 0.00289, 0.05337, 0.03435
INFO | Time spent: 3.26s
INFO | - Epoch 049, ExpID 7543
INFO | Train - Loss (one batch): 0.00257
INFO | Val - Loss, MSE, RMSE, MAE: 0.00305, 0.00305, 0.05452, 0.03435
INFO | Test - Best epoch 47, Loss, MSE, RMSE, MAE: 0.00290, 0.00290, 0.05341, 0.03384
INFO | Time spent: 3.26s
INFO | - Epoch 050, ExpID 7543
INFO | Train - Loss (one batch): 0.00339
INFO | Val - Loss, MSE, RMSE, MAE: 0.00292, 0.00292, 0.05331, 0.03297
INFO | Test - Best epoch 47, Loss, MSE, RMSE, MAE: 0.00278, 0.00278, 0.05229, 0.03269
INFO | Time spent: 3.27s
INFO | - Epoch 051, ExpID 7543
INFO | Train - Loss (one batch): 0.00282
INFO | Val - Loss, MSE, RMSE, MAE: 0.00299, 0.00299, 0.05395, 0.03433
INFO | Test - Best epoch 47, Loss, MSE, RMSE, MAE: 0.00285, 0.00285, 0.05290, 0.03392
INFO | Time spent: 3.26s
INFO | - Epoch 052, ExpID 7543
INFO | Train - Loss (one batch): 0.00273
INFO | Val - Loss, MSE, RMSE, MAE: 0.00321, 0.00321, 0.05603, 0.03717
INFO | Test - Best epoch 47, Loss, MSE, RMSE, MAE: 0.00306, 0.00306, 0.05495, 0.03660
INFO | Time spent: 3.26s
INFO | - Epoch 053, ExpID 7543
INFO | Train - Loss (one batch): 0.00217
INFO | Val - Loss, MSE, RMSE, MAE: 0.00293, 0.00293, 0.05341, 0.03325
INFO | Test - Best epoch 47, Loss, MSE, RMSE, MAE: 0.00281, 0.00281, 0.05262, 0.03319
INFO | Time spent: 3.26s
INFO | - Epoch 054, ExpID 7543
INFO | Train - Loss (one batch): 0.00221
INFO | Val - Loss, MSE, RMSE, MAE: 0.00291, 0.00291, 0.05320, 0.03267
INFO | Test - Best epoch 54, Loss, MSE, RMSE, MAE: 0.00277, 0.00277, 0.05220, 0.03230
INFO | Time spent: 3.27s
INFO | - Epoch 055, ExpID 7543
INFO | Train - Loss (one batch): 0.00305
INFO | Val - Loss, MSE, RMSE, MAE: 0.00336, 0.00336, 0.05733, 0.03902
INFO | Test - Best epoch 54, Loss, MSE, RMSE, MAE: 0.00318, 0.00318, 0.05599, 0.03827
INFO | Time spent: 3.27s
INFO | - Epoch 056, ExpID 7543
INFO | Train - Loss (one batch): 0.00279
INFO | Val - Loss, MSE, RMSE, MAE: 0.00293, 0.00293, 0.05345, 0.03358
INFO | Test - Best epoch 54, Loss, MSE, RMSE, MAE: 0.00281, 0.00281, 0.05257, 0.03355
INFO | Time spent: 3.26s
INFO | - Epoch 057, ExpID 7543
INFO | Train - Loss (one batch): 0.00273
INFO | Val - Loss, MSE, RMSE, MAE: 0.00298, 0.00298, 0.05393, 0.03404
INFO | Test - Best epoch 54, Loss, MSE, RMSE, MAE: 0.00284, 0.00284, 0.05287, 0.03374
INFO | Time spent: 3.26s
INFO | - Epoch 058, ExpID 7543
INFO | Train - Loss (one batch): 0.00278
INFO | Val - Loss, MSE, RMSE, MAE: 0.00292, 0.00292, 0.05342, 0.03352
INFO | Test - Best epoch 54, Loss, MSE, RMSE, MAE: 0.00281, 0.00281, 0.05256, 0.03331
INFO | Time spent: 3.28s
INFO | - Epoch 059, ExpID 7543
INFO | Train - Loss (one batch): 0.00207
INFO | Val - Loss, MSE, RMSE, MAE: 0.00321, 0.00321, 0.05607, 0.03676
INFO | Test - Best epoch 54, Loss, MSE, RMSE, MAE: 0.00307, 0.00307, 0.05504, 0.03628
INFO | Time spent: 3.26s
INFO | - Epoch 060, ExpID 7543
INFO | Train - Loss (one batch): 0.00345
INFO | Val - Loss, MSE, RMSE, MAE: 0.00297, 0.00297, 0.05384, 0.03391
INFO | Test - Best epoch 54, Loss, MSE, RMSE, MAE: 0.00284, 0.00284, 0.05288, 0.03359
INFO | Time spent: 3.27s
INFO | - Epoch 061, ExpID 7543
INFO | Train - Loss (one batch): 0.00285
INFO | Val - Loss, MSE, RMSE, MAE: 0.00293, 0.00293, 0.05344, 0.03394
INFO | Test - Best epoch 54, Loss, MSE, RMSE, MAE: 0.00283, 0.00283, 0.05280, 0.03395
INFO | Time spent: 3.26s
INFO | - Epoch 062, ExpID 7543
INFO | Train - Loss (one batch): 0.00260
INFO | Val - Loss, MSE, RMSE, MAE: 0.00294, 0.00294, 0.05359, 0.03397
INFO | Test - Best epoch 54, Loss, MSE, RMSE, MAE: 0.00284, 0.00284, 0.05287, 0.03382
INFO | Time spent: 3.27s
INFO | - Epoch 063, ExpID 7543
INFO | Train - Loss (one batch): 0.00209
INFO | Val - Loss, MSE, RMSE, MAE: 0.00285, 0.00285, 0.05266, 0.03245
INFO | Test - Best epoch 63, Loss, MSE, RMSE, MAE: 0.00273, 0.00273, 0.05186, 0.03235
INFO | Time spent: 3.25s
INFO | - Epoch 064, ExpID 7543
INFO | Train - Loss (one batch): 0.00232
INFO | Val - Loss, MSE, RMSE, MAE: 0.00290, 0.00290, 0.05315, 0.03321
INFO | Test - Best epoch 63, Loss, MSE, RMSE, MAE: 0.00278, 0.00278, 0.05224, 0.03294
INFO | Time spent: 3.25s
INFO | - Epoch 065, ExpID 7543
INFO | Train - Loss (one batch): 0.00284
INFO | Val - Loss, MSE, RMSE, MAE: 0.00310, 0.00310, 0.05509, 0.03602
INFO | Test - Best epoch 63, Loss, MSE, RMSE, MAE: 0.00300, 0.00300, 0.05438, 0.03588
INFO | Time spent: 3.25s
INFO | - Epoch 066, ExpID 7543
INFO | Train - Loss (one batch): 0.00220
INFO | Val - Loss, MSE, RMSE, MAE: 0.00288, 0.00288, 0.05299, 0.03289
INFO | Test - Best epoch 63, Loss, MSE, RMSE, MAE: 0.00276, 0.00276, 0.05210, 0.03270
INFO | Time spent: 3.24s
INFO | - Epoch 067, ExpID 7543
INFO | Train - Loss (one batch): 0.00248
INFO | Val - Loss, MSE, RMSE, MAE: 0.00286, 0.00286, 0.05275, 0.03272
INFO | Test - Best epoch 63, Loss, MSE, RMSE, MAE: 0.00274, 0.00274, 0.05194, 0.03250
INFO | Time spent: 3.27s
INFO | - Epoch 068, ExpID 7543
INFO | Train - Loss (one batch): 0.00356
INFO | Val - Loss, MSE, RMSE, MAE: 0.00285, 0.00285, 0.05273, 0.03252
INFO | Test - Best epoch 63, Loss, MSE, RMSE, MAE: 0.00274, 0.00274, 0.05188, 0.03233
INFO | Time spent: 3.26s
INFO | - Epoch 069, ExpID 7543
INFO | Train - Loss (one batch): 0.00271
INFO | Val - Loss, MSE, RMSE, MAE: 0.00286, 0.00286, 0.05278, 0.03296
INFO | Test - Best epoch 63, Loss, MSE, RMSE, MAE: 0.00276, 0.00276, 0.05208, 0.03288
INFO | Time spent: 3.27s
INFO | - Epoch 070, ExpID 7543
INFO | Train - Loss (one batch): 0.00332
INFO | Val - Loss, MSE, RMSE, MAE: 0.00287, 0.00287, 0.05291, 0.03301
INFO | Test - Best epoch 63, Loss, MSE, RMSE, MAE: 0.00277, 0.00277, 0.05215, 0.03287
INFO | Time spent: 3.26s
INFO | - Epoch 071, ExpID 7543
INFO | Train - Loss (one batch): 0.00233
INFO | Val - Loss, MSE, RMSE, MAE: 0.00290, 0.00290, 0.05316, 0.03329
INFO | Test - Best epoch 63, Loss, MSE, RMSE, MAE: 0.00278, 0.00278, 0.05231, 0.03310
INFO | Time spent: 3.24s
INFO | - Epoch 072, ExpID 7543
INFO | Train - Loss (one batch): 0.00321
INFO | Val - Loss, MSE, RMSE, MAE: 0.00288, 0.00288, 0.05305, 0.03355
INFO | Test - Best epoch 63, Loss, MSE, RMSE, MAE: 0.00279, 0.00279, 0.05240, 0.03352
INFO | Time spent: 3.38s
INFO | - Epoch 073, ExpID 7543
INFO | Train - Loss (one batch): 0.00349
INFO | Val - Loss, MSE, RMSE, MAE: 0.00286, 0.00286, 0.05286, 0.03302
INFO | Test - Best epoch 63, Loss, MSE, RMSE, MAE: 0.00277, 0.00277, 0.05222, 0.03299
INFO | Time spent: 3.26s
INFO | - Epoch 074, ExpID 7543
INFO | Train - Loss (one batch): 0.00273
INFO | Val - Loss, MSE, RMSE, MAE: 0.00291, 0.00291, 0.05331, 0.03364
INFO | Test - Best epoch 63, Loss, MSE, RMSE, MAE: 0.00281, 0.00281, 0.05262, 0.03347
INFO | Time spent: 3.26s
INFO | - Epoch 075, ExpID 7543
INFO | Train - Loss (one batch): 0.00257
INFO | Val - Loss, MSE, RMSE, MAE: 0.00284, 0.00284, 0.05264, 0.03282
INFO | Test - Best epoch 63, Loss, MSE, RMSE, MAE: 0.00275, 0.00275, 0.05198, 0.03272
INFO | Time spent: 3.27s
INFO | - Epoch 076, ExpID 7543
INFO | Train - Loss (one batch): 0.00258
INFO | Val - Loss, MSE, RMSE, MAE: 0.00284, 0.00284, 0.05263, 0.03258
INFO | Test - Best epoch 63, Loss, MSE, RMSE, MAE: 0.00274, 0.00274, 0.05190, 0.03246
INFO | Time spent: 3.25s
INFO | - Epoch 077, ExpID 7543
INFO | Train - Loss (one batch): 0.00269
INFO | Val - Loss, MSE, RMSE, MAE: 0.00288, 0.00288, 0.05301, 0.03339
INFO | Test - Best epoch 63, Loss, MSE, RMSE, MAE: 0.00276, 0.00276, 0.05209, 0.03298
INFO | Time spent: 3.27s
INFO | - Epoch 078, ExpID 7543
INFO | Train - Loss (one batch): 0.00263
INFO | Val - Loss, MSE, RMSE, MAE: 0.00284, 0.00284, 0.05263, 0.03296
INFO | Test - Best epoch 63, Loss, MSE, RMSE, MAE: 0.00275, 0.00275, 0.05203, 0.03284
INFO | Time spent: 3.41s
INFO | - Epoch 079, ExpID 7543
INFO | Train - Loss (one batch): 0.00207
INFO | Val - Loss, MSE, RMSE, MAE: 0.00295, 0.00295, 0.05359, 0.03455
INFO | Test - Best epoch 63, Loss, MSE, RMSE, MAE: 0.00283, 0.00283, 0.05275, 0.03416
INFO | Time spent: 3.26s
INFO | - Epoch 080, ExpID 7543
INFO | Train - Loss (one batch): 0.00265
INFO | Val - Loss, MSE, RMSE, MAE: 0.00301, 0.00301, 0.05429, 0.03576
INFO | Test - Best epoch 63, Loss, MSE, RMSE, MAE: 0.00295, 0.00295, 0.05397, 0.03597
INFO | Time spent: 3.24s
INFO | - Epoch 081, ExpID 7543
INFO | Train - Loss (one batch): 0.00212
INFO | Val - Loss, MSE, RMSE, MAE: 0.00287, 0.00287, 0.05288, 0.03304
INFO | Test - Best epoch 63, Loss, MSE, RMSE, MAE: 0.00274, 0.00274, 0.05192, 0.03269
INFO | Time spent: 3.38s
INFO | - Epoch 082, ExpID 7543
INFO | Train - Loss (one batch): 0.00321
INFO | Val - Loss, MSE, RMSE, MAE: 0.00300, 0.00300, 0.05422, 0.03535
INFO | Test - Best epoch 63, Loss, MSE, RMSE, MAE: 0.00292, 0.00292, 0.05371, 0.03537
INFO | Time spent: 3.25s
INFO | - Epoch 083, ExpID 7543
INFO | Train - Loss (one batch): 0.00227
INFO | Val - Loss, MSE, RMSE, MAE: 0.00283, 0.00283, 0.05254, 0.03256
INFO | Test - Best epoch 83, Loss, MSE, RMSE, MAE: 0.00273, 0.00273, 0.05183, 0.03236
INFO | Time spent: 3.25s
INFO | - Epoch 084, ExpID 7543
INFO | Train - Loss (one batch): 0.00231
INFO | Val - Loss, MSE, RMSE, MAE: 0.00286, 0.00286, 0.05277, 0.03307
INFO | Test - Best epoch 83, Loss, MSE, RMSE, MAE: 0.00277, 0.00277, 0.05219, 0.03303
INFO | Time spent: 3.51s
INFO | - Epoch 085, ExpID 7543
INFO | Train - Loss (one batch): 0.00228
INFO | Val - Loss, MSE, RMSE, MAE: 0.00289, 0.00289, 0.05304, 0.03274
INFO | Test - Best epoch 83, Loss, MSE, RMSE, MAE: 0.00276, 0.00276, 0.05204, 0.03243
INFO | Time spent: 3.26s
INFO | - Epoch 086, ExpID 7543
INFO | Train - Loss (one batch): 0.00177
INFO | Val - Loss, MSE, RMSE, MAE: 0.00289, 0.00289, 0.05304, 0.03300
INFO | Test - Best epoch 83, Loss, MSE, RMSE, MAE: 0.00278, 0.00278, 0.05228, 0.03277
INFO | Time spent: 3.25s
INFO | - Epoch 087, ExpID 7543
INFO | Train - Loss (one batch): 0.00246
INFO | Val - Loss, MSE, RMSE, MAE: 0.00282, 0.00282, 0.05237, 0.03253
INFO | Test - Best epoch 87, Loss, MSE, RMSE, MAE: 0.00270, 0.00270, 0.05157, 0.03226
INFO | Time spent: 3.26s
INFO | - Epoch 088, ExpID 7543
INFO | Train - Loss (one batch): 0.00266
INFO | Val - Loss, MSE, RMSE, MAE: 0.00288, 0.00288, 0.05304, 0.03386
INFO | Test - Best epoch 87, Loss, MSE, RMSE, MAE: 0.00279, 0.00279, 0.05246, 0.03380
INFO | Time spent: 3.26s
INFO | - Epoch 089, ExpID 7543
INFO | Train - Loss (one batch): 0.00228
INFO | Val - Loss, MSE, RMSE, MAE: 0.00282, 0.00282, 0.05240, 0.03273
INFO | Test - Best epoch 87, Loss, MSE, RMSE, MAE: 0.00271, 0.00271, 0.05164, 0.03252
INFO | Time spent: 3.26s
INFO | - Epoch 090, ExpID 7543
INFO | Train - Loss (one batch): 0.00244
INFO | Val - Loss, MSE, RMSE, MAE: 0.00284, 0.00284, 0.05257, 0.03296
INFO | Test - Best epoch 87, Loss, MSE, RMSE, MAE: 0.00272, 0.00272, 0.05176, 0.03266
INFO | Time spent: 3.25s
INFO | - Epoch 091, ExpID 7543
INFO | Train - Loss (one batch): 0.00231
INFO | Val - Loss, MSE, RMSE, MAE: 0.00280, 0.00280, 0.05228, 0.03250
INFO | Test - Best epoch 87, Loss, MSE, RMSE, MAE: 0.00272, 0.00272, 0.05169, 0.03239
INFO | Time spent: 3.40s
INFO | - Epoch 092, ExpID 7543
INFO | Train - Loss (one batch): 0.00233
INFO | Val - Loss, MSE, RMSE, MAE: 0.00291, 0.00291, 0.05333, 0.03436
INFO | Test - Best epoch 87, Loss, MSE, RMSE, MAE: 0.00283, 0.00283, 0.05275, 0.03429
INFO | Time spent: 3.25s
INFO | - Epoch 093, ExpID 7543
INFO | Train - Loss (one batch): 0.00353
INFO | Val - Loss, MSE, RMSE, MAE: 0.00288, 0.00288, 0.05301, 0.03364
INFO | Test - Best epoch 87, Loss, MSE, RMSE, MAE: 0.00277, 0.00277, 0.05223, 0.03330
INFO | Time spent: 3.27s
INFO | - Epoch 094, ExpID 7543
INFO | Train - Loss (one batch): 0.00237
INFO | Val - Loss, MSE, RMSE, MAE: 0.00280, 0.00280, 0.05223, 0.03218
INFO | Test - Best epoch 94, Loss, MSE, RMSE, MAE: 0.00269, 0.00269, 0.05147, 0.03198
INFO | Time spent: 3.25s
INFO | - Epoch 095, ExpID 7543
INFO | Train - Loss (one batch): 0.00294
INFO | Val - Loss, MSE, RMSE, MAE: 0.00290, 0.00290, 0.05310, 0.03379
INFO | Test - Best epoch 94, Loss, MSE, RMSE, MAE: 0.00277, 0.00277, 0.05219, 0.03334
INFO | Time spent: 3.27s
INFO | - Epoch 096, ExpID 7543
INFO | Train - Loss (one batch): 0.00252
INFO | Val - Loss, MSE, RMSE, MAE: 0.00281, 0.00281, 0.05225, 0.03242
INFO | Test - Best epoch 96, Loss, MSE, RMSE, MAE: 0.00269, 0.00269, 0.05142, 0.03215
INFO | Time spent: 3.26s
INFO | - Epoch 097, ExpID 7543
INFO | Train - Loss (one batch): 0.00212
INFO | Val - Loss, MSE, RMSE, MAE: 0.00283, 0.00283, 0.05245, 0.03277
INFO | Test - Best epoch 96, Loss, MSE, RMSE, MAE: 0.00270, 0.00270, 0.05153, 0.03252
INFO | Time spent: 3.26s
INFO | - Epoch 098, ExpID 7543
INFO | Train - Loss (one batch): 0.00273
INFO | Val - Loss, MSE, RMSE, MAE: 0.00298, 0.00298, 0.05394, 0.03472
INFO | Test - Best epoch 96, Loss, MSE, RMSE, MAE: 0.00288, 0.00288, 0.05328, 0.03445
INFO | Time spent: 3.26s
INFO | - Epoch 099, ExpID 7543
INFO | Train - Loss (one batch): 0.00278
INFO | Val - Loss, MSE, RMSE, MAE: 0.00281, 0.00281, 0.05231, 0.03253
INFO | Test - Best epoch 96, Loss, MSE, RMSE, MAE: 0.00270, 0.00270, 0.05156, 0.03240
INFO | Time spent: 3.27s
INFO | - Epoch 100, ExpID 7543
INFO | Train - Loss (one batch): 0.00279
INFO | Val - Loss, MSE, RMSE, MAE: 0.00285, 0.00285, 0.05276, 0.03343
INFO | Test - Best epoch 96, Loss, MSE, RMSE, MAE: 0.00276, 0.00276, 0.05216, 0.03337
INFO | Time spent: 3.27s
INFO | - Epoch 101, ExpID 7543
INFO | Train - Loss (one batch): 0.00217
INFO | Val - Loss, MSE, RMSE, MAE: 0.00297, 0.00297, 0.05380, 0.03451
INFO | Test - Best epoch 96, Loss, MSE, RMSE, MAE: 0.00283, 0.00283, 0.05273, 0.03401
INFO | Time spent: 3.28s
INFO | - Epoch 102, ExpID 7543
INFO | Train - Loss (one batch): 0.00284
INFO | Val - Loss, MSE, RMSE, MAE: 0.00287, 0.00287, 0.05296, 0.03357
INFO | Test - Best epoch 96, Loss, MSE, RMSE, MAE: 0.00278, 0.00278, 0.05234, 0.03360
INFO | Time spent: 3.28s
INFO | - Epoch 103, ExpID 7543
INFO | Train - Loss (one batch): 0.00268
INFO | Val - Loss, MSE, RMSE, MAE: 0.00287, 0.00287, 0.05291, 0.03346
INFO | Test - Best epoch 96, Loss, MSE, RMSE, MAE: 0.00276, 0.00276, 0.05212, 0.03325
INFO | Time spent: 3.26s
INFO | - Epoch 104, ExpID 7543
INFO | Train - Loss (one batch): 0.00243
INFO | Val - Loss, MSE, RMSE, MAE: 0.00307, 0.00307, 0.05482, 0.03614
INFO | Test - Best epoch 96, Loss, MSE, RMSE, MAE: 0.00297, 0.00297, 0.05420, 0.03615
INFO | Time spent: 3.27s
INFO | - Epoch 105, ExpID 7543
INFO | Train - Loss (one batch): 0.00286
INFO | Val - Loss, MSE, RMSE, MAE: 0.00284, 0.00284, 0.05260, 0.03307
INFO | Test - Best epoch 96, Loss, MSE, RMSE, MAE: 0.00276, 0.00276, 0.05211, 0.03311
INFO | Time spent: 3.26s
INFO | - Epoch 106, ExpID 7543
INFO | Train - Loss (one batch): 0.00270
INFO | Val - Loss, MSE, RMSE, MAE: 0.00292, 0.00292, 0.05334, 0.03389
INFO | Test - Best epoch 96, Loss, MSE, RMSE, MAE: 0.00280, 0.00280, 0.05256, 0.03383
INFO | Time spent: 3.25s
INFO | - Epoch 107, ExpID 7543
INFO | Train - Loss (one batch): 0.00230
INFO | Val - Loss, MSE, RMSE, MAE: 0.00279, 0.00279, 0.05218, 0.03258
INFO | Test - Best epoch 96, Loss, MSE, RMSE, MAE: 0.00271, 0.00271, 0.05166, 0.03261
INFO | Time spent: 3.24s
INFO | - Epoch 108, ExpID 7543
INFO | Train - Loss (one batch): 0.00262
INFO | Val - Loss, MSE, RMSE, MAE: 0.00280, 0.00280, 0.05224, 0.03278
INFO | Test - Best epoch 96, Loss, MSE, RMSE, MAE: 0.00271, 0.00271, 0.05167, 0.03262
INFO | Time spent: 3.27s
INFO | - Epoch 109, ExpID 7543
INFO | Train - Loss (one batch): 0.00297
INFO | Val - Loss, MSE, RMSE, MAE: 0.00292, 0.00292, 0.05336, 0.03399
INFO | Test - Best epoch 96, Loss, MSE, RMSE, MAE: 0.00280, 0.00280, 0.05254, 0.03366
INFO | Time spent: 3.41s
INFO | - Epoch 110, ExpID 7543
INFO | Train - Loss (one batch): 0.00341
INFO | Val - Loss, MSE, RMSE, MAE: 0.00288, 0.00288, 0.05296, 0.03328
INFO | Test - Best epoch 96, Loss, MSE, RMSE, MAE: 0.00275, 0.00275, 0.05198, 0.03288
INFO | Time spent: 3.26s
INFO | - Epoch 111, ExpID 7543
INFO | Train - Loss (one batch): 0.00250
INFO | Val - Loss, MSE, RMSE, MAE: 0.00281, 0.00281, 0.05234, 0.03268
INFO | Test - Best epoch 96, Loss, MSE, RMSE, MAE: 0.00271, 0.00271, 0.05163, 0.03249
INFO | Time spent: 3.26s
INFO | - Epoch 112, ExpID 7543
INFO | Train - Loss (one batch): 0.00258
INFO | Val - Loss, MSE, RMSE, MAE: 0.00286, 0.00286, 0.05286, 0.03362
INFO | Test - Best epoch 96, Loss, MSE, RMSE, MAE: 0.00276, 0.00276, 0.05211, 0.03343
INFO | Time spent: 3.30s
INFO | - Epoch 113, ExpID 7543
INFO | Train - Loss (one batch): 0.00280
INFO | Val - Loss, MSE, RMSE, MAE: 0.00283, 0.00283, 0.05244, 0.03253
INFO | Test - Best epoch 96, Loss, MSE, RMSE, MAE: 0.00270, 0.00270, 0.05155, 0.03216
INFO | Time spent: 3.35s
INFO | - Epoch 114, ExpID 7543
INFO | Train - Loss (one batch): 0.00319
INFO | Val - Loss, MSE, RMSE, MAE: 0.00279, 0.00279, 0.05216, 0.03252
INFO | Test - Best epoch 114, Loss, MSE, RMSE, MAE: 0.00269, 0.00269, 0.05141, 0.03237
INFO | Time spent: 3.27s
INFO | - Epoch 115, ExpID 7543
INFO | Train - Loss (one batch): 0.00274
INFO | Val - Loss, MSE, RMSE, MAE: 0.00279, 0.00279, 0.05215, 0.03245
INFO | Test - Best epoch 115, Loss, MSE, RMSE, MAE: 0.00267, 0.00267, 0.05123, 0.03216
INFO | Time spent: 3.28s
INFO | - Epoch 116, ExpID 7543
INFO | Train - Loss (one batch): 0.00233
INFO | Val - Loss, MSE, RMSE, MAE: 0.00279, 0.00279, 0.05212, 0.03239
INFO | Test - Best epoch 115, Loss, MSE, RMSE, MAE: 0.00268, 0.00268, 0.05135, 0.03225
INFO | Time spent: 3.33s
INFO | - Epoch 117, ExpID 7543
INFO | Train - Loss (one batch): 0.00335
INFO | Val - Loss, MSE, RMSE, MAE: 0.00288, 0.00288, 0.05307, 0.03395
INFO | Test - Best epoch 115, Loss, MSE, RMSE, MAE: 0.00278, 0.00278, 0.05237, 0.03392
INFO | Time spent: 3.26s
INFO | - Epoch 118, ExpID 7543
INFO | Train - Loss (one batch): 0.00279
INFO | Val - Loss, MSE, RMSE, MAE: 0.00288, 0.00288, 0.05303, 0.03374
INFO | Test - Best epoch 115, Loss, MSE, RMSE, MAE: 0.00277, 0.00277, 0.05228, 0.03360
INFO | Time spent: 3.25s
INFO | - Epoch 119, ExpID 7543
INFO | Train - Loss (one batch): 0.00216
INFO | Val - Loss, MSE, RMSE, MAE: 0.00282, 0.00282, 0.05244, 0.03298
INFO | Test - Best epoch 115, Loss, MSE, RMSE, MAE: 0.00273, 0.00273, 0.05184, 0.03294
INFO | Time spent: 3.27s
INFO | - Epoch 120, ExpID 7543
INFO | Train - Loss (one batch): 0.00193
INFO | Val - Loss, MSE, RMSE, MAE: 0.00286, 0.00286, 0.05288, 0.03366
INFO | Test - Best epoch 115, Loss, MSE, RMSE, MAE: 0.00278, 0.00278, 0.05231, 0.03367
INFO | Time spent: 3.26s
INFO | - Epoch 121, ExpID 7543
INFO | Train - Loss (one batch): 0.00201
INFO | Val - Loss, MSE, RMSE, MAE: 0.00283, 0.00283, 0.05252, 0.03279
INFO | Test - Best epoch 115, Loss, MSE, RMSE, MAE: 0.00271, 0.00271, 0.05164, 0.03248
INFO | Time spent: 3.27s
INFO | - Epoch 122, ExpID 7543
INFO | Train - Loss (one batch): 0.00271
INFO | Val - Loss, MSE, RMSE, MAE: 0.00282, 0.00282, 0.05240, 0.03276
INFO | Test - Best epoch 115, Loss, MSE, RMSE, MAE: 0.00272, 0.00272, 0.05175, 0.03260
INFO | Time spent: 3.25s
INFO | - Epoch 123, ExpID 7543
INFO | Train - Loss (one batch): 0.00231
INFO | Val - Loss, MSE, RMSE, MAE: 0.00281, 0.00281, 0.05226, 0.03261
INFO | Test - Best epoch 115, Loss, MSE, RMSE, MAE: 0.00269, 0.00269, 0.05140, 0.03235
INFO | Time spent: 3.26s
INFO | - Epoch 124, ExpID 7543
INFO | Train - Loss (one batch): 0.00291
INFO | Val - Loss, MSE, RMSE, MAE: 0.00288, 0.00288, 0.05302, 0.03415
INFO | Test - Best epoch 115, Loss, MSE, RMSE, MAE: 0.00279, 0.00279, 0.05247, 0.03411
INFO | Time spent: 3.39s
INFO | - Epoch 125, ExpID 7543
INFO | Train - Loss (one batch): 0.00311
INFO | Val - Loss, MSE, RMSE, MAE: 0.00288, 0.00288, 0.05298, 0.03366
INFO | Test - Best epoch 115, Loss, MSE, RMSE, MAE: 0.00278, 0.00278, 0.05229, 0.03360
INFO | Time spent: 3.48s
INFO | - Epoch 126, ExpID 7543
INFO | Train - Loss (one batch): 0.00271
INFO | Val - Loss, MSE, RMSE, MAE: 0.00290, 0.00290, 0.05329, 0.03447
INFO | Test - Best epoch 115, Loss, MSE, RMSE, MAE: 0.00282, 0.00282, 0.05275, 0.03452
INFO | Time spent: 3.31s
INFO | - Epoch 127, ExpID 7543
INFO | Train - Loss (one batch): 0.00243
INFO | Val - Loss, MSE, RMSE, MAE: 0.00287, 0.00287, 0.05291, 0.03406
INFO | Test - Best epoch 115, Loss, MSE, RMSE, MAE: 0.00280, 0.00280, 0.05255, 0.03424
INFO | Time spent: 3.26s
INFO | - Epoch 128, ExpID 7543
INFO | Train - Loss (one batch): 0.00261
INFO | Val - Loss, MSE, RMSE, MAE: 0.00282, 0.00282, 0.05239, 0.03282
INFO | Test - Best epoch 115, Loss, MSE, RMSE, MAE: 0.00272, 0.00272, 0.05169, 0.03277
INFO | Time spent: 3.24s
INFO | - Epoch 129, ExpID 7543
INFO | Train - Loss (one batch): 0.00171
INFO | Val - Loss, MSE, RMSE, MAE: 0.00280, 0.00280, 0.05226, 0.03243
INFO | Test - Best epoch 115, Loss, MSE, RMSE, MAE: 0.00270, 0.00270, 0.05152, 0.03235
INFO | Time spent: 3.26s
INFO | - Epoch 130, ExpID 7543
INFO | Train - Loss (one batch): 0.00238
INFO | Val - Loss, MSE, RMSE, MAE: 0.00282, 0.00282, 0.05233, 0.03260
INFO | Test - Best epoch 115, Loss, MSE, RMSE, MAE: 0.00269, 0.00269, 0.05142, 0.03220
INFO | Time spent: 3.25s
INFO | - Epoch 131, ExpID 7543
INFO | Train - Loss (one batch): 0.00233
INFO | Val - Loss, MSE, RMSE, MAE: 0.00282, 0.00282, 0.05243, 0.03274
INFO | Test - Best epoch 115, Loss, MSE, RMSE, MAE: 0.00271, 0.00271, 0.05168, 0.03267
INFO | Time spent: 3.34s
INFO | - Epoch 132, ExpID 7543
INFO | Train - Loss (one batch): 0.00232
INFO | Val - Loss, MSE, RMSE, MAE: 0.00296, 0.00296, 0.05378, 0.03439
INFO | Test - Best epoch 115, Loss, MSE, RMSE, MAE: 0.00285, 0.00285, 0.05301, 0.03406
INFO | Time spent: 3.25s
INFO | - Epoch 133, ExpID 7543
INFO | Train - Loss (one batch): 0.00184
INFO | Val - Loss, MSE, RMSE, MAE: 0.00287, 0.00287, 0.05299, 0.03397
INFO | Test - Best epoch 115, Loss, MSE, RMSE, MAE: 0.00280, 0.00280, 0.05254, 0.03407
INFO | Time spent: 3.27s
INFO | - Epoch 134, ExpID 7543
INFO | Train - Loss (one batch): 0.00291
INFO | Val - Loss, MSE, RMSE, MAE: 0.00278, 0.00278, 0.05202, 0.03240
INFO | Test - Best epoch 134, Loss, MSE, RMSE, MAE: 0.00267, 0.00267, 0.05123, 0.03210
INFO | Time spent: 3.25s
INFO | - Epoch 135, ExpID 7543
INFO | Train - Loss (one batch): 0.00243
INFO | Val - Loss, MSE, RMSE, MAE: 0.00289, 0.00289, 0.05312, 0.03429
INFO | Test - Best epoch 134, Loss, MSE, RMSE, MAE: 0.00282, 0.00282, 0.05272, 0.03434
INFO | Time spent: 3.24s
INFO | - Epoch 136, ExpID 7543
INFO | Train - Loss (one batch): 0.00243
INFO | Val - Loss, MSE, RMSE, MAE: 0.00278, 0.00278, 0.05202, 0.03251
INFO | Test - Best epoch 134, Loss, MSE, RMSE, MAE: 0.00269, 0.00269, 0.05141, 0.03244
INFO | Time spent: 3.25s
INFO | - Epoch 137, ExpID 7543
INFO | Train - Loss (one batch): 0.00224
INFO | Val - Loss, MSE, RMSE, MAE: 0.00281, 0.00281, 0.05228, 0.03305
INFO | Test - Best epoch 134, Loss, MSE, RMSE, MAE: 0.00271, 0.00271, 0.05161, 0.03286
INFO | Time spent: 3.35s
INFO | - Epoch 138, ExpID 7543
INFO | Train - Loss (one batch): 0.00296
INFO | Val - Loss, MSE, RMSE, MAE: 0.00297, 0.00297, 0.05381, 0.03511
INFO | Test - Best epoch 134, Loss, MSE, RMSE, MAE: 0.00282, 0.00282, 0.05268, 0.03450
INFO | Time spent: 3.26s
INFO | - Epoch 139, ExpID 7543
INFO | Train - Loss (one batch): 0.00255
INFO | Val - Loss, MSE, RMSE, MAE: 0.00277, 0.00277, 0.05190, 0.03217
INFO | Test - Best epoch 139, Loss, MSE, RMSE, MAE: 0.00266, 0.00266, 0.05115, 0.03203
INFO | Time spent: 3.25s
INFO | - Epoch 140, ExpID 7543
INFO | Train - Loss (one batch): 0.00190
INFO | Val - Loss, MSE, RMSE, MAE: 0.00282, 0.00282, 0.05239, 0.03274
INFO | Test - Best epoch 139, Loss, MSE, RMSE, MAE: 0.00271, 0.00271, 0.05164, 0.03253
INFO | Time spent: 3.27s
INFO | - Epoch 141, ExpID 7543
INFO | Train - Loss (one batch): 0.00290
INFO | Val - Loss, MSE, RMSE, MAE: 0.00277, 0.00277, 0.05189, 0.03227
INFO | Test - Best epoch 139, Loss, MSE, RMSE, MAE: 0.00266, 0.00266, 0.05116, 0.03217
INFO | Time spent: 3.25s
INFO | - Epoch 142, ExpID 7543
INFO | Train - Loss (one batch): 0.00267
INFO | Val - Loss, MSE, RMSE, MAE: 0.00280, 0.00280, 0.05223, 0.03311
INFO | Test - Best epoch 139, Loss, MSE, RMSE, MAE: 0.00272, 0.00272, 0.05175, 0.03326
INFO | Time spent: 3.25s
INFO | - Epoch 143, ExpID 7543
INFO | Train - Loss (one batch): 0.00216
INFO | Val - Loss, MSE, RMSE, MAE: 0.00281, 0.00281, 0.05226, 0.03283
INFO | Test - Best epoch 139, Loss, MSE, RMSE, MAE: 0.00270, 0.00270, 0.05154, 0.03266
INFO | Time spent: 3.26s
INFO | - Epoch 144, ExpID 7543
INFO | Train - Loss (one batch): 0.00268
INFO | Val - Loss, MSE, RMSE, MAE: 0.00275, 0.00275, 0.05169, 0.03189
INFO | Test - Best epoch 144, Loss, MSE, RMSE, MAE: 0.00266, 0.00266, 0.05109, 0.03191
INFO | Time spent: 3.27s
INFO | - Epoch 145, ExpID 7543
INFO | Train - Loss (one batch): 0.00278
INFO | Val - Loss, MSE, RMSE, MAE: 0.00282, 0.00282, 0.05240, 0.03329
INFO | Test - Best epoch 144, Loss, MSE, RMSE, MAE: 0.00272, 0.00272, 0.05171, 0.03311
INFO | Time spent: 3.26s
INFO | - Epoch 146, ExpID 7543
INFO | Train - Loss (one batch): 0.00234
INFO | Val - Loss, MSE, RMSE, MAE: 0.00286, 0.00286, 0.05281, 0.03361
INFO | Test - Best epoch 144, Loss, MSE, RMSE, MAE: 0.00275, 0.00275, 0.05204, 0.03349
INFO | Time spent: 3.25s
INFO | - Epoch 147, ExpID 7543
INFO | Train - Loss (one batch): 0.00267
INFO | Val - Loss, MSE, RMSE, MAE: 0.00277, 0.00277, 0.05196, 0.03233
INFO | Test - Best epoch 144, Loss, MSE, RMSE, MAE: 0.00267, 0.00267, 0.05126, 0.03216
INFO | Time spent: 3.26s
INFO | - Epoch 148, ExpID 7543
INFO | Train - Loss (one batch): 0.00307
INFO | Val - Loss, MSE, RMSE, MAE: 0.00276, 0.00276, 0.05181, 0.03230
INFO | Test - Best epoch 144, Loss, MSE, RMSE, MAE: 0.00266, 0.00266, 0.05114, 0.03223
INFO | Time spent: 3.26s
INFO | - Epoch 149, ExpID 7543
INFO | Train - Loss (one batch): 0.00216
INFO | Val - Loss, MSE, RMSE, MAE: 0.00276, 0.00276, 0.05189, 0.03239
INFO | Test - Best epoch 144, Loss, MSE, RMSE, MAE: 0.00267, 0.00267, 0.05126, 0.03238
INFO | Time spent: 3.40s
INFO | - Epoch 150, ExpID 7543
INFO | Train - Loss (one batch): 0.00217
INFO | Val - Loss, MSE, RMSE, MAE: 0.00278, 0.00278, 0.05205, 0.03271
INFO | Test - Best epoch 144, Loss, MSE, RMSE, MAE: 0.00269, 0.00269, 0.05137, 0.03244
INFO | Time spent: 3.26s
INFO | - Epoch 151, ExpID 7543
INFO | Train - Loss (one batch): 0.00276
INFO | Val - Loss, MSE, RMSE, MAE: 0.00281, 0.00281, 0.05229, 0.03298
INFO | Test - Best epoch 144, Loss, MSE, RMSE, MAE: 0.00268, 0.00268, 0.05133, 0.03264
INFO | Time spent: 3.26s
INFO | - Epoch 152, ExpID 7543
INFO | Train - Loss (one batch): 0.00229
INFO | Val - Loss, MSE, RMSE, MAE: 0.00284, 0.00284, 0.05258, 0.03314
INFO | Test - Best epoch 144, Loss, MSE, RMSE, MAE: 0.00273, 0.00273, 0.05180, 0.03300
INFO | Time spent: 3.25s
INFO | - Epoch 153, ExpID 7543
INFO | Train - Loss (one batch): 0.00187
INFO | Val - Loss, MSE, RMSE, MAE: 0.00276, 0.00276, 0.05182, 0.03201
INFO | Test - Best epoch 144, Loss, MSE, RMSE, MAE: 0.00266, 0.00266, 0.05115, 0.03206
INFO | Time spent: 3.26s
INFO | - Epoch 154, ExpID 7543
INFO | Train - Loss (one batch): 0.00286
INFO | Val - Loss, MSE, RMSE, MAE: 0.00284, 0.00284, 0.05263, 0.03369
INFO | Test - Best epoch 144, Loss, MSE, RMSE, MAE: 0.00276, 0.00276, 0.05210, 0.03381
INFO | Time spent: 3.28s
INFO | - Epoch 155, ExpID 7543
INFO | Train - Loss (one batch): 0.00192
INFO | Val - Loss, MSE, RMSE, MAE: 0.00277, 0.00277, 0.05188, 0.03208
INFO | Test - Best epoch 155, Loss, MSE, RMSE, MAE: 0.00264, 0.00264, 0.05097, 0.03183
INFO | Time spent: 3.30s
INFO | - Epoch 156, ExpID 7543
INFO | Train - Loss (one batch): 0.00356
INFO | Val - Loss, MSE, RMSE, MAE: 0.00279, 0.00279, 0.05208, 0.03212
INFO | Test - Best epoch 155, Loss, MSE, RMSE, MAE: 0.00267, 0.00267, 0.05129, 0.03196
INFO | Time spent: 3.26s
INFO | - Epoch 157, ExpID 7543
INFO | Train - Loss (one batch): 0.00242
INFO | Val - Loss, MSE, RMSE, MAE: 0.00288, 0.00288, 0.05298, 0.03359
INFO | Test - Best epoch 155, Loss, MSE, RMSE, MAE: 0.00277, 0.00277, 0.05220, 0.03338
INFO | Time spent: 3.30s
INFO | - Epoch 158, ExpID 7543
INFO | Train - Loss (one batch): 0.00244
INFO | Val - Loss, MSE, RMSE, MAE: 0.00283, 0.00283, 0.05241, 0.03306
INFO | Test - Best epoch 155, Loss, MSE, RMSE, MAE: 0.00269, 0.00269, 0.05146, 0.03271
INFO | Time spent: 3.24s
INFO | - Epoch 159, ExpID 7543
INFO | Train - Loss (one batch): 0.00220
INFO | Val - Loss, MSE, RMSE, MAE: 0.00278, 0.00278, 0.05206, 0.03243
INFO | Test - Best epoch 155, Loss, MSE, RMSE, MAE: 0.00270, 0.00270, 0.05154, 0.03254
INFO | Time spent: 3.32s
INFO | - Epoch 160, ExpID 7543
INFO | Train - Loss (one batch): 0.00246
INFO | Val - Loss, MSE, RMSE, MAE: 0.00280, 0.00280, 0.05219, 0.03294
INFO | Test - Best epoch 155, Loss, MSE, RMSE, MAE: 0.00271, 0.00271, 0.05166, 0.03311
INFO | Time spent: 3.26s
INFO | - Epoch 161, ExpID 7543
INFO | Train - Loss (one batch): 0.00228
INFO | Val - Loss, MSE, RMSE, MAE: 0.00319, 0.00319, 0.05596, 0.03811
INFO | Test - Best epoch 155, Loss, MSE, RMSE, MAE: 0.00313, 0.00313, 0.05564, 0.03843
INFO | Time spent: 3.24s
INFO | - Epoch 162, ExpID 7543
INFO | Train - Loss (one batch): 0.00222
INFO | Val - Loss, MSE, RMSE, MAE: 0.00281, 0.00281, 0.05233, 0.03288
INFO | Test - Best epoch 155, Loss, MSE, RMSE, MAE: 0.00271, 0.00271, 0.05166, 0.03282
INFO | Time spent: 3.37s
INFO | - Epoch 163, ExpID 7543
INFO | Train - Loss (one batch): 0.00264
INFO | Val - Loss, MSE, RMSE, MAE: 0.00280, 0.00280, 0.05221, 0.03254
INFO | Test - Best epoch 155, Loss, MSE, RMSE, MAE: 0.00269, 0.00269, 0.05141, 0.03233
INFO | Time spent: 3.40s
INFO | - Epoch 164, ExpID 7543
INFO | Train - Loss (one batch): 0.00211
INFO | Val - Loss, MSE, RMSE, MAE: 0.00281, 0.00281, 0.05236, 0.03285
INFO | Test - Best epoch 155, Loss, MSE, RMSE, MAE: 0.00273, 0.00273, 0.05185, 0.03290
INFO | Time spent: 3.24s
INFO | - Epoch 165, ExpID 7543
INFO | Train - Loss (one batch): 0.00201
INFO | Val - Loss, MSE, RMSE, MAE: 0.00275, 0.00275, 0.05175, 0.03211
INFO | Test - Best epoch 155, Loss, MSE, RMSE, MAE: 0.00265, 0.00265, 0.05102, 0.03208
INFO | Time spent: 3.26s
INFO | - Epoch 166, ExpID 7543
INFO | Train - Loss (one batch): 0.00283
INFO | Val - Loss, MSE, RMSE, MAE: 0.00292, 0.00292, 0.05337, 0.03447
INFO | Test - Best epoch 155, Loss, MSE, RMSE, MAE: 0.00283, 0.00283, 0.05277, 0.03442
INFO | Time spent: 3.26s
INFO | - Epoch 167, ExpID 7543
INFO | Train - Loss (one batch): 0.00211
INFO | Val - Loss, MSE, RMSE, MAE: 0.00293, 0.00293, 0.05348, 0.03478
INFO | Test - Best epoch 155, Loss, MSE, RMSE, MAE: 0.00282, 0.00282, 0.05272, 0.03451
INFO | Time spent: 3.26s
INFO | - Epoch 168, ExpID 7543
INFO | Train - Loss (one batch): 0.00228
INFO | Val - Loss, MSE, RMSE, MAE: 0.00281, 0.00281, 0.05230, 0.03274
INFO | Test - Best epoch 155, Loss, MSE, RMSE, MAE: 0.00269, 0.00269, 0.05149, 0.03260
INFO | Time spent: 3.25s
INFO | - Epoch 169, ExpID 7543
INFO | Train - Loss (one batch): 0.00167
INFO | Val - Loss, MSE, RMSE, MAE: 0.00282, 0.00282, 0.05234, 0.03247
INFO | Test - Best epoch 155, Loss, MSE, RMSE, MAE: 0.00269, 0.00269, 0.05146, 0.03232
INFO | Time spent: 3.26s
INFO | - Epoch 170, ExpID 7543
INFO | Train - Loss (one batch): 0.00280
INFO | Val - Loss, MSE, RMSE, MAE: 0.00276, 0.00276, 0.05189, 0.03252
INFO | Test - Best epoch 155, Loss, MSE, RMSE, MAE: 0.00266, 0.00266, 0.05119, 0.03243
INFO | Time spent: 3.27s
INFO | - Epoch 171, ExpID 7543
INFO | Train - Loss (one batch): 0.00185
INFO | Val - Loss, MSE, RMSE, MAE: 0.00283, 0.00283, 0.05244, 0.03295
INFO | Test - Best epoch 155, Loss, MSE, RMSE, MAE: 0.00270, 0.00270, 0.05147, 0.03264
INFO | Time spent: 3.44s
INFO | - Epoch 172, ExpID 7543
INFO | Train - Loss (one batch): 0.00235
INFO | Val - Loss, MSE, RMSE, MAE: 0.00283, 0.00283, 0.05250, 0.03314
INFO | Test - Best epoch 155, Loss, MSE, RMSE, MAE: 0.00271, 0.00271, 0.05163, 0.03288
INFO | Time spent: 3.32s
INFO | - Epoch 173, ExpID 7543
INFO | Train - Loss (one batch): 0.00246
INFO | Val - Loss, MSE, RMSE, MAE: 0.00278, 0.00278, 0.05201, 0.03259
INFO | Test - Best epoch 155, Loss, MSE, RMSE, MAE: 0.00268, 0.00268, 0.05139, 0.03260
INFO | Time spent: 3.29s
INFO | - Epoch 174, ExpID 7543
INFO | Train - Loss (one batch): 0.00230
INFO | Val - Loss, MSE, RMSE, MAE: 0.00281, 0.00281, 0.05223, 0.03236
INFO | Test - Best epoch 155, Loss, MSE, RMSE, MAE: 0.00269, 0.00269, 0.05138, 0.03214
INFO | Time spent: 3.32s
INFO | - Epoch 175, ExpID 7543
INFO | Train - Loss (one batch): 0.00248
INFO | Val - Loss, MSE, RMSE, MAE: 0.00279, 0.00279, 0.05211, 0.03266
INFO | Test - Best epoch 155, Loss, MSE, RMSE, MAE: 0.00268, 0.00268, 0.05131, 0.03245
INFO | Time spent: 3.33s
INFO | - Epoch 176, ExpID 7543
INFO | Train - Loss (one batch): 0.00197
INFO | Val - Loss, MSE, RMSE, MAE: 0.00303, 0.00303, 0.05448, 0.03605
INFO | Test - Best epoch 155, Loss, MSE, RMSE, MAE: 0.00292, 0.00292, 0.05369, 0.03588
INFO | Time spent: 3.29s
INFO | - Epoch 177, ExpID 7543
INFO | Train - Loss (one batch): 0.00192
INFO | Val - Loss, MSE, RMSE, MAE: 0.00281, 0.00281, 0.05227, 0.03276
INFO | Test - Best epoch 155, Loss, MSE, RMSE, MAE: 0.00272, 0.00272, 0.05172, 0.03276
INFO | Time spent: 3.28s
INFO | - Epoch 178, ExpID 7543
INFO | Train - Loss (one batch): 0.00294
INFO | Val - Loss, MSE, RMSE, MAE: 0.00329, 0.00329, 0.05682, 0.03939
INFO | Test - Best epoch 155, Loss, MSE, RMSE, MAE: 0.00321, 0.00321, 0.05637, 0.03941
INFO | Time spent: 3.36s
INFO | - Epoch 179, ExpID 7543
INFO | Train - Loss (one batch): 0.00214
INFO | Val - Loss, MSE, RMSE, MAE: 0.00284, 0.00284, 0.05265, 0.03346
INFO | Test - Best epoch 155, Loss, MSE, RMSE, MAE: 0.00276, 0.00276, 0.05215, 0.03356
INFO | Time spent: 3.53s
INFO | - Epoch 180, ExpID 7543
INFO | Train - Loss (one batch): 0.00174
INFO | Val - Loss, MSE, RMSE, MAE: 0.00285, 0.00285, 0.05272, 0.03369
INFO | Test - Best epoch 155, Loss, MSE, RMSE, MAE: 0.00275, 0.00275, 0.05204, 0.03356
INFO | Time spent: 3.47s
INFO | - Epoch 181, ExpID 7543
INFO | Train - Loss (one batch): 0.00225
INFO | Val - Loss, MSE, RMSE, MAE: 0.00278, 0.00278, 0.05197, 0.03252
INFO | Test - Best epoch 155, Loss, MSE, RMSE, MAE: 0.00266, 0.00266, 0.05118, 0.03243
INFO | Time spent: 3.27s
INFO | - Epoch 182, ExpID 7543
INFO | Train - Loss (one batch): 0.00200
INFO | Val - Loss, MSE, RMSE, MAE: 0.00275, 0.00275, 0.05173, 0.03207
INFO | Test - Best epoch 182, Loss, MSE, RMSE, MAE: 0.00264, 0.00264, 0.05095, 0.03194
INFO | Time spent: 3.27s
INFO | - Epoch 183, ExpID 7543
INFO | Train - Loss (one batch): 0.00237
INFO | Val - Loss, MSE, RMSE, MAE: 0.00286, 0.00286, 0.05282, 0.03352
INFO | Test - Best epoch 182, Loss, MSE, RMSE, MAE: 0.00278, 0.00278, 0.05229, 0.03366
INFO | Time spent: 3.26s
INFO | - Epoch 184, ExpID 7543
INFO | Train - Loss (one batch): 0.00227
INFO | Val - Loss, MSE, RMSE, MAE: 0.00305, 0.00305, 0.05470, 0.03666
INFO | Test - Best epoch 182, Loss, MSE, RMSE, MAE: 0.00298, 0.00298, 0.05428, 0.03670
INFO | Time spent: 3.27s
INFO | - Epoch 185, ExpID 7543
INFO | Train - Loss (one batch): 0.00228
INFO | Val - Loss, MSE, RMSE, MAE: 0.00283, 0.00283, 0.05250, 0.03321
INFO | Test - Best epoch 182, Loss, MSE, RMSE, MAE: 0.00273, 0.00273, 0.05186, 0.03318
INFO | Time spent: 3.27s
INFO | - Epoch 186, ExpID 7543
INFO | Train - Loss (one batch): 0.00224
INFO | Val - Loss, MSE, RMSE, MAE: 0.00276, 0.00276, 0.05186, 0.03213
INFO | Test - Best epoch 182, Loss, MSE, RMSE, MAE: 0.00266, 0.00266, 0.05112, 0.03199
INFO | Time spent: 3.30s
INFO | - Epoch 187, ExpID 7543
INFO | Train - Loss (one batch): 0.00218
INFO | Val - Loss, MSE, RMSE, MAE: 0.00280, 0.00280, 0.05217, 0.03280
INFO | Test - Best epoch 182, Loss, MSE, RMSE, MAE: 0.00267, 0.00267, 0.05125, 0.03241
INFO | Time spent: 3.26s
INFO | - Epoch 188, ExpID 7543
INFO | Train - Loss (one batch): 0.00271
INFO | Val - Loss, MSE, RMSE, MAE: 0.00282, 0.00282, 0.05245, 0.03346
INFO | Test - Best epoch 182, Loss, MSE, RMSE, MAE: 0.00276, 0.00276, 0.05208, 0.03345
INFO | Time spent: 3.25s
INFO | - Epoch 189, ExpID 7543
INFO | Train - Loss (one batch): 0.00205
INFO | Val - Loss, MSE, RMSE, MAE: 0.00275, 0.00275, 0.05166, 0.03188
INFO | Test - Best epoch 182, Loss, MSE, RMSE, MAE: 0.00265, 0.00265, 0.05102, 0.03187
INFO | Time spent: 3.27s
INFO | - Epoch 190, ExpID 7543
INFO | Train - Loss (one batch): 0.00223
INFO | Val - Loss, MSE, RMSE, MAE: 0.00298, 0.00298, 0.05391, 0.03530
INFO | Test - Best epoch 182, Loss, MSE, RMSE, MAE: 0.00288, 0.00288, 0.05332, 0.03531
INFO | Time spent: 3.26s
INFO | - Epoch 191, ExpID 7543
INFO | Train - Loss (one batch): 0.00191
INFO | Val - Loss, MSE, RMSE, MAE: 0.00282, 0.00282, 0.05233, 0.03223
INFO | Test - Best epoch 182, Loss, MSE, RMSE, MAE: 0.00268, 0.00268, 0.05129, 0.03202
INFO | Time spent: 3.27s
INFO | - Epoch 192, ExpID 7543
INFO | Train - Loss (one batch): 0.00227
INFO | Val - Loss, MSE, RMSE, MAE: 0.00281, 0.00281, 0.05229, 0.03281
INFO | Test - Best epoch 182, Loss, MSE, RMSE, MAE: 0.00271, 0.00271, 0.05165, 0.03283
INFO | Time spent: 3.42s
INFO | - Epoch 193, ExpID 7543
INFO | Train - Loss (one batch): 0.00225
INFO | Val - Loss, MSE, RMSE, MAE: 0.00282, 0.00282, 0.05240, 0.03321
INFO | Test - Best epoch 182, Loss, MSE, RMSE, MAE: 0.00272, 0.00272, 0.05176, 0.03315
INFO | Time spent: 3.46s
INFO | - Epoch 194, ExpID 7543
INFO | Train - Loss (one batch): 0.00224
INFO | Val - Loss, MSE, RMSE, MAE: 0.00278, 0.00278, 0.05198, 0.03218
INFO | Test - Best epoch 182, Loss, MSE, RMSE, MAE: 0.00266, 0.00266, 0.05114, 0.03203
INFO | Time spent: 3.23s
INFO | - Epoch 195, ExpID 7543
INFO | Train - Loss (one batch): 0.00184
INFO | Val - Loss, MSE, RMSE, MAE: 0.00278, 0.00278, 0.05201, 0.03227
INFO | Test - Best epoch 182, Loss, MSE, RMSE, MAE: 0.00267, 0.00267, 0.05121, 0.03215
INFO | Time spent: 3.28s
INFO | - Epoch 196, ExpID 7543
INFO | Train - Loss (one batch): 0.00161
INFO | Val - Loss, MSE, RMSE, MAE: 0.00285, 0.00285, 0.05269, 0.03345
INFO | Test - Best epoch 182, Loss, MSE, RMSE, MAE: 0.00274, 0.00274, 0.05194, 0.03329
INFO | Time spent: 3.25s
INFO | - Epoch 197, ExpID 7543
INFO | Train - Loss (one batch): 0.00266
INFO | Val - Loss, MSE, RMSE, MAE: 0.00280, 0.00280, 0.05212, 0.03225
INFO | Test - Best epoch 182, Loss, MSE, RMSE, MAE: 0.00266, 0.00266, 0.05112, 0.03180
INFO | Time spent: 3.24s
INFO | - Epoch 198, ExpID 7543
INFO | Train - Loss (one batch): 0.00226
INFO | Val - Loss, MSE, RMSE, MAE: 0.00281, 0.00281, 0.05222, 0.03276
INFO | Test - Best epoch 182, Loss, MSE, RMSE, MAE: 0.00270, 0.00270, 0.05150, 0.03253
INFO | Time spent: 3.39s
INFO | - Epoch 199, ExpID 7543
INFO | Train - Loss (one batch): 0.00256
INFO | Val - Loss, MSE, RMSE, MAE: 0.00281, 0.00281, 0.05227, 0.03286
INFO | Test - Best epoch 182, Loss, MSE, RMSE, MAE: 0.00271, 0.00271, 0.05161, 0.03272
INFO | Time spent: 3.21s
INFO | - Epoch 200, ExpID 7543
INFO | Train - Loss (one batch): 0.00180
INFO | Val - Loss, MSE, RMSE, MAE: 0.00281, 0.00281, 0.05226, 0.03278
INFO | Test - Best epoch 182, Loss, MSE, RMSE, MAE: 0.00269, 0.00269, 0.05135, 0.03245
INFO | Time spent: 3.26s
INFO | - Epoch 201, ExpID 7543
INFO | Train - Loss (one batch): 0.00263
INFO | Val - Loss, MSE, RMSE, MAE: 0.00280, 0.00280, 0.05222, 0.03298
INFO | Test - Best epoch 182, Loss, MSE, RMSE, MAE: 0.00272, 0.00272, 0.05165, 0.03290
INFO | Time spent: 3.25s
INFO | - Epoch 202, ExpID 7543
INFO | Train - Loss (one batch): 0.00194
INFO | Val - Loss, MSE, RMSE, MAE: 0.00283, 0.00283, 0.05247, 0.03322
INFO | Test - Best epoch 182, Loss, MSE, RMSE, MAE: 0.00272, 0.00272, 0.05171, 0.03301
INFO | Time spent: 3.25s
INFO | - Epoch 203, ExpID 7543
INFO | Train - Loss (one batch): 0.00183
INFO | Val - Loss, MSE, RMSE, MAE: 0.00284, 0.00284, 0.05255, 0.03307
INFO | Test - Best epoch 182, Loss, MSE, RMSE, MAE: 0.00274, 0.00274, 0.05194, 0.03299
INFO | Time spent: 3.41s
INFO | - Epoch 204, ExpID 7543
INFO | Train - Loss (one batch): 0.00257
INFO | Val - Loss, MSE, RMSE, MAE: 0.00277, 0.00277, 0.05187, 0.03218
INFO | Test - Best epoch 182, Loss, MSE, RMSE, MAE: 0.00267, 0.00267, 0.05122, 0.03201
INFO | Time spent: 3.29s
INFO | - Epoch 205, ExpID 7543
INFO | Train - Loss (one batch): 0.00183
INFO | Val - Loss, MSE, RMSE, MAE: 0.00279, 0.00279, 0.05206, 0.03223
INFO | Test - Best epoch 182, Loss, MSE, RMSE, MAE: 0.00269, 0.00269, 0.05135, 0.03207
INFO | Time spent: 3.27s
INFO | - Epoch 206, ExpID 7543
INFO | Train - Loss (one batch): 0.00178
INFO | Val - Loss, MSE, RMSE, MAE: 0.00287, 0.00287, 0.05290, 0.03333
INFO | Test - Best epoch 182, Loss, MSE, RMSE, MAE: 0.00277, 0.00277, 0.05219, 0.03335
INFO | Time spent: 3.25s
INFO | - Epoch 207, ExpID 7543
INFO | Train - Loss (one batch): 0.00249
INFO | Val - Loss, MSE, RMSE, MAE: 0.00279, 0.00279, 0.05214, 0.03269
INFO | Test - Best epoch 182, Loss, MSE, RMSE, MAE: 0.00269, 0.00269, 0.05142, 0.03250
INFO | Time spent: 3.31s
INFO | - Epoch 208, ExpID 7543
INFO | Train - Loss (one batch): 0.00256
INFO | Val - Loss, MSE, RMSE, MAE: 0.00280, 0.00280, 0.05216, 0.03274
INFO | Test - Best epoch 182, Loss, MSE, RMSE, MAE: 0.00272, 0.00272, 0.05172, 0.03272
INFO | Time spent: 3.25s
INFO | - Epoch 209, ExpID 7543
INFO | Train - Loss (one batch): 0.00201
INFO | Val - Loss, MSE, RMSE, MAE: 0.00283, 0.00283, 0.05241, 0.03270
INFO | Test - Best epoch 182, Loss, MSE, RMSE, MAE: 0.00272, 0.00272, 0.05167, 0.03245
INFO | Time spent: 3.27s
INFO | - Epoch 210, ExpID 7543
INFO | Train - Loss (one batch): 0.00172
INFO | Val - Loss, MSE, RMSE, MAE: 0.00285, 0.00285, 0.05258, 0.03314
INFO | Test - Best epoch 182, Loss, MSE, RMSE, MAE: 0.00273, 0.00273, 0.05175, 0.03276
INFO | Time spent: 3.25s
INFO | - Epoch 211, ExpID 7543
INFO | Train - Loss (one batch): 0.00262
INFO | Val - Loss, MSE, RMSE, MAE: 0.00279, 0.00279, 0.05209, 0.03255
INFO | Test - Best epoch 182, Loss, MSE, RMSE, MAE: 0.00270, 0.00270, 0.05144, 0.03234
INFO | Time spent: 3.26s
INFO | - Epoch 212, ExpID 7543
INFO | Train - Loss (one batch): 0.00211
INFO | Val - Loss, MSE, RMSE, MAE: 0.00274, 0.00274, 0.05160, 0.03176
INFO | Test - Best epoch 182, Loss, MSE, RMSE, MAE: 0.00265, 0.00265, 0.05100, 0.03168
INFO | Time spent: 3.40s
INFO | - Epoch 213, ExpID 7543
INFO | Train - Loss (one batch): 0.00182
INFO | Val - Loss, MSE, RMSE, MAE: 0.00277, 0.00277, 0.05189, 0.03210
INFO | Test - Best epoch 182, Loss, MSE, RMSE, MAE: 0.00269, 0.00269, 0.05131, 0.03200
INFO | Time spent: 3.26s
INFO | - Epoch 214, ExpID 7543
INFO | Train - Loss (one batch): 0.00188
INFO | Val - Loss, MSE, RMSE, MAE: 0.00278, 0.00278, 0.05198, 0.03218
INFO | Test - Best epoch 182, Loss, MSE, RMSE, MAE: 0.00268, 0.00268, 0.05126, 0.03201
INFO | Time spent: 3.26s
INFO | - Epoch 215, ExpID 7543
INFO | Train - Loss (one batch): 0.00238
INFO | Val - Loss, MSE, RMSE, MAE: 0.00280, 0.00280, 0.05214, 0.03248
INFO | Test - Best epoch 182, Loss, MSE, RMSE, MAE: 0.00270, 0.00270, 0.05147, 0.03247
INFO | Time spent: 3.35s
INFO | - Epoch 216, ExpID 7543
INFO | Train - Loss (one batch): 0.00151
INFO | Val - Loss, MSE, RMSE, MAE: 0.00280, 0.00280, 0.05216, 0.03255
INFO | Test - Best epoch 182, Loss, MSE, RMSE, MAE: 0.00269, 0.00269, 0.05137, 0.03232
INFO | Time spent: 3.48s
INFO | - Epoch 217, ExpID 7543
INFO | Train - Loss (one batch): 0.00198
INFO | Val - Loss, MSE, RMSE, MAE: 0.00290, 0.00290, 0.05310, 0.03396
INFO | Test - Best epoch 182, Loss, MSE, RMSE, MAE: 0.00280, 0.00280, 0.05248, 0.03399
INFO | Time spent: 3.28s
INFO | - Epoch 218, ExpID 7543
INFO | Train - Loss (one batch): 0.00275
INFO | Val - Loss, MSE, RMSE, MAE: 0.00285, 0.00285, 0.05267, 0.03345
INFO | Test - Best epoch 182, Loss, MSE, RMSE, MAE: 0.00276, 0.00276, 0.05209, 0.03347
INFO | Time spent: 3.28s
INFO | - Epoch 219, ExpID 7543
INFO | Train - Loss (one batch): 0.00185
INFO | Val - Loss, MSE, RMSE, MAE: 0.00293, 0.00293, 0.05351, 0.03442
INFO | Test - Best epoch 182, Loss, MSE, RMSE, MAE: 0.00284, 0.00284, 0.05288, 0.03432
INFO | Time spent: 3.26s
INFO | - Epoch 220, ExpID 7543
INFO | Train - Loss (one batch): 0.00210
INFO | Val - Loss, MSE, RMSE, MAE: 0.00283, 0.00283, 0.05249, 0.03329
INFO | Test - Best epoch 182, Loss, MSE, RMSE, MAE: 0.00274, 0.00274, 0.05186, 0.03313
INFO | Time spent: 3.25s
INFO | - Epoch 221, ExpID 7543
INFO | Train - Loss (one batch): 0.00260
INFO | Val - Loss, MSE, RMSE, MAE: 0.00281, 0.00281, 0.05225, 0.03266
INFO | Test - Best epoch 182, Loss, MSE, RMSE, MAE: 0.00271, 0.00271, 0.05155, 0.03250
INFO | Time spent: 3.26s
INFO | - Epoch 222, ExpID 7543
INFO | Train - Loss (one batch): 0.00200
INFO | Val - Loss, MSE, RMSE, MAE: 0.00280, 0.00280, 0.05215, 0.03255
INFO | Test - Best epoch 182, Loss, MSE, RMSE, MAE: 0.00269, 0.00269, 0.05142, 0.03229
INFO | Time spent: 3.25s
INFO | - Epoch 223, ExpID 7543
INFO | Train - Loss (one batch): 0.00225
INFO | Val - Loss, MSE, RMSE, MAE: 0.00290, 0.00290, 0.05306, 0.03374
INFO | Test - Best epoch 182, Loss, MSE, RMSE, MAE: 0.00279, 0.00279, 0.05225, 0.03336
INFO | Time spent: 3.25s
INFO | - Epoch 224, ExpID 7543
INFO | Train - Loss (one batch): 0.00206
INFO | Val - Loss, MSE, RMSE, MAE: 0.00290, 0.00290, 0.05322, 0.03417
INFO | Test - Best epoch 182, Loss, MSE, RMSE, MAE: 0.00285, 0.00285, 0.05297, 0.03439
INFO | Time spent: 3.24s
INFO | - Epoch 225, ExpID 7543
INFO | Train - Loss (one batch): 0.00193
INFO | Val - Loss, MSE, RMSE, MAE: 0.00292, 0.00292, 0.05335, 0.03440
INFO | Test - Best epoch 182, Loss, MSE, RMSE, MAE: 0.00283, 0.00283, 0.05276, 0.03434
INFO | Time spent: 3.27s
INFO | - Epoch 226, ExpID 7543
INFO | Train - Loss (one batch): 0.00306
INFO | Val - Loss, MSE, RMSE, MAE: 0.00295, 0.00295, 0.05365, 0.03444
INFO | Test - Best epoch 182, Loss, MSE, RMSE, MAE: 0.00283, 0.00283, 0.05277, 0.03420
INFO | Time spent: 3.30s
INFO | - Epoch 227, ExpID 7543
INFO | Train - Loss (one batch): 0.00261
INFO | Val - Loss, MSE, RMSE, MAE: 0.00280, 0.00280, 0.05214, 0.03225
INFO | Test - Best epoch 182, Loss, MSE, RMSE, MAE: 0.00270, 0.00270, 0.05142, 0.03206
INFO | Time spent: 3.24s
INFO | - Epoch 228, ExpID 7543
INFO | Train - Loss (one batch): 0.00163
INFO | Val - Loss, MSE, RMSE, MAE: 0.00279, 0.00279, 0.05202, 0.03214
INFO | Test - Best epoch 182, Loss, MSE, RMSE, MAE: 0.00268, 0.00268, 0.05124, 0.03188
INFO | Time spent: 3.26s
INFO | - Epoch 229, ExpID 7543
INFO | Train - Loss (one batch): 0.00245
INFO | Val - Loss, MSE, RMSE, MAE: 0.00279, 0.00279, 0.05203, 0.03230
INFO | Test - Best epoch 182, Loss, MSE, RMSE, MAE: 0.00269, 0.00269, 0.05140, 0.03216
INFO | Time spent: 3.25s
INFO | - Epoch 230, ExpID 7543
INFO | Train - Loss (one batch): 0.00218
INFO | Val - Loss, MSE, RMSE, MAE: 0.00285, 0.00285, 0.05255, 0.03262
INFO | Test - Best epoch 182, Loss, MSE, RMSE, MAE: 0.00274, 0.00274, 0.05180, 0.03244
INFO | Time spent: 3.29s
INFO | - Epoch 231, ExpID 7543
INFO | Train - Loss (one batch): 0.00238
INFO | Val - Loss, MSE, RMSE, MAE: 0.00304, 0.00304, 0.05449, 0.03610
INFO | Test - Best epoch 182, Loss, MSE, RMSE, MAE: 0.00296, 0.00296, 0.05404, 0.03607
INFO | Time spent: 3.26s
INFO | - Epoch 232, ExpID 7543
INFO | Train - Loss (one batch): 0.00205
INFO | Val - Loss, MSE, RMSE, MAE: 0.00282, 0.00282, 0.05240, 0.03282
INFO | Test - Best epoch 182, Loss, MSE, RMSE, MAE: 0.00274, 0.00274, 0.05185, 0.03291
INFO | Time spent: 3.26s
INFO | - Epoch 233, ExpID 7543
INFO | Train - Loss (one batch): 0.00294
INFO | Val - Loss, MSE, RMSE, MAE: 0.00280, 0.00280, 0.05219, 0.03255
INFO | Test - Best epoch 182, Loss, MSE, RMSE, MAE: 0.00272, 0.00272, 0.05166, 0.03249
INFO | Time spent: 3.26s
INFO | - Epoch 234, ExpID 7543
INFO | Train - Loss (one batch): 0.00269
INFO | Val - Loss, MSE, RMSE, MAE: 0.00282, 0.00282, 0.05230, 0.03240
INFO | Test - Best epoch 182, Loss, MSE, RMSE, MAE: 0.00272, 0.00272, 0.05164, 0.03223
INFO | Time spent: 3.23s
INFO | - Epoch 235, ExpID 7543
INFO | Train - Loss (one batch): 0.00273
INFO | Val - Loss, MSE, RMSE, MAE: 0.00285, 0.00285, 0.05266, 0.03302
INFO | Test - Best epoch 182, Loss, MSE, RMSE, MAE: 0.00273, 0.00273, 0.05180, 0.03275
INFO | Time spent: 3.27s
INFO | - Epoch 236, ExpID 7543
INFO | Train - Loss (one batch): 0.00256
INFO | Val - Loss, MSE, RMSE, MAE: 0.00277, 0.00277, 0.05186, 0.03196
INFO | Test - Best epoch 182, Loss, MSE, RMSE, MAE: 0.00267, 0.00267, 0.05113, 0.03179
INFO | Time spent: 3.27s
INFO | - Epoch 237, ExpID 7543
INFO | Train - Loss (one batch): 0.00229
INFO | Val - Loss, MSE, RMSE, MAE: 0.00282, 0.00282, 0.05232, 0.03268
INFO | Test - Best epoch 182, Loss, MSE, RMSE, MAE: 0.00271, 0.00271, 0.05153, 0.03246
INFO | Time spent: 3.24s
INFO | - Epoch 238, ExpID 7543
INFO | Train - Loss (one batch): 0.00226
INFO | Val - Loss, MSE, RMSE, MAE: 0.00294, 0.00294, 0.05350, 0.03438
INFO | Test - Best epoch 182, Loss, MSE, RMSE, MAE: 0.00285, 0.00285, 0.05298, 0.03445
INFO | Time spent: 3.43s
INFO | - Epoch 239, ExpID 7543
INFO | Train - Loss (one batch): 0.00212
INFO | Val - Loss, MSE, RMSE, MAE: 0.00281, 0.00281, 0.05225, 0.03212
INFO | Test - Best epoch 182, Loss, MSE, RMSE, MAE: 0.00273, 0.00273, 0.05170, 0.03199
INFO | Time spent: 3.26s
INFO | - Epoch 240, ExpID 7543
INFO | Train - Loss (one batch): 0.00253
INFO | Val - Loss, MSE, RMSE, MAE: 0.00281, 0.00281, 0.05226, 0.03242
INFO | Test - Best epoch 182, Loss, MSE, RMSE, MAE: 0.00272, 0.00272, 0.05170, 0.03249
INFO | Time spent: 3.26s
INFO | - Epoch 241, ExpID 7543
INFO | Train - Loss (one batch): 0.00230
INFO | Val - Loss, MSE, RMSE, MAE: 0.00280, 0.00280, 0.05225, 0.03282
INFO | Test - Best epoch 182, Loss, MSE, RMSE, MAE: 0.00273, 0.00273, 0.05178, 0.03277
INFO | Time spent: 3.26s
INFO | - Epoch 242, ExpID 7543
INFO | Train - Loss (one batch): 0.00161
INFO | Val - Loss, MSE, RMSE, MAE: 0.00280, 0.00280, 0.05212, 0.03203
INFO | Test - Best epoch 182, Loss, MSE, RMSE, MAE: 0.00271, 0.00271, 0.05146, 0.03178
INFO | Time spent: 3.42s
INFO | - Epoch 243, ExpID 7543
INFO | Train - Loss (one batch): 0.00200
INFO | Val - Loss, MSE, RMSE, MAE: 0.00302, 0.00302, 0.05430, 0.03562
INFO | Test - Best epoch 182, Loss, MSE, RMSE, MAE: 0.00294, 0.00294, 0.05375, 0.03547
INFO | Time spent: 3.26s
INFO | - Epoch 244, ExpID 7543
INFO | Train - Loss (one batch): 0.00213
INFO | Val - Loss, MSE, RMSE, MAE: 0.00282, 0.00282, 0.05235, 0.03232
INFO | Test - Best epoch 182, Loss, MSE, RMSE, MAE: 0.00272, 0.00272, 0.05167, 0.03205
INFO | Time spent: 3.25s
INFO | - Epoch 245, ExpID 7543
INFO | Train - Loss (one batch): 0.00226
INFO | Val - Loss, MSE, RMSE, MAE: 0.00284, 0.00284, 0.05249, 0.03250
INFO | Test - Best epoch 182, Loss, MSE, RMSE, MAE: 0.00272, 0.00272, 0.05165, 0.03224
INFO | Time spent: 3.28s
INFO | - Epoch 246, ExpID 7543
INFO | Train - Loss (one batch): 0.00228
INFO | Val - Loss, MSE, RMSE, MAE: 0.00286, 0.00286, 0.05274, 0.03295
INFO | Test - Best epoch 182, Loss, MSE, RMSE, MAE: 0.00276, 0.00276, 0.05205, 0.03287
INFO | Time spent: 3.25s
INFO | - Epoch 247, ExpID 7543
INFO | Train - Loss (one batch): 0.00247
INFO | Val - Loss, MSE, RMSE, MAE: 0.00276, 0.00276, 0.05178, 0.03189
INFO | Test - Best epoch 182, Loss, MSE, RMSE, MAE: 0.00267, 0.00267, 0.05113, 0.03178
INFO | Time spent: 3.25s
INFO | - Epoch 248, ExpID 7543
INFO | Train - Loss (one batch): 0.00216
INFO | Val - Loss, MSE, RMSE, MAE: 0.00285, 0.00285, 0.05271, 0.03342
INFO | Test - Best epoch 182, Loss, MSE, RMSE, MAE: 0.00279, 0.00279, 0.05237, 0.03344
INFO | Time spent: 3.26s
INFO | - Epoch 249, ExpID 7543
INFO | Train - Loss (one batch): 0.00174
INFO | Val - Loss, MSE, RMSE, MAE: 0.00282, 0.00282, 0.05235, 0.03229
INFO | Test - Best epoch 182, Loss, MSE, RMSE, MAE: 0.00271, 0.00271, 0.05151, 0.03206
INFO | Time spent: 3.24s
INFO | - Epoch 250, ExpID 7543
INFO | Train - Loss (one batch): 0.00166
INFO | Val - Loss, MSE, RMSE, MAE: 0.00281, 0.00281, 0.05228, 0.03270
INFO | Test - Best epoch 182, Loss, MSE, RMSE, MAE: 0.00272, 0.00272, 0.05165, 0.03267
INFO | Time spent: 3.21s
INFO | - Epoch 251, ExpID 7543
INFO | Train - Loss (one batch): 0.00198
INFO | Val - Loss, MSE, RMSE, MAE: 0.00283, 0.00283, 0.05246, 0.03264
INFO | Test - Best epoch 182, Loss, MSE, RMSE, MAE: 0.00272, 0.00272, 0.05165, 0.03236
INFO | Time spent: 3.27s
INFO | - Epoch 252, ExpID 7543
INFO | Train - Loss (one batch): 0.00166
INFO | Val - Loss, MSE, RMSE, MAE: 0.00286, 0.00286, 0.05272, 0.03291
INFO | Test - Best epoch 182, Loss, MSE, RMSE, MAE: 0.00278, 0.00278, 0.05216, 0.03264
INFO | Time spent: 3.26s
INFO | - Epoch 253, ExpID 7543
INFO | Train - Loss (one batch): 0.00219
INFO | Val - Loss, MSE, RMSE, MAE: 0.00281, 0.00281, 0.05228, 0.03251
INFO | Test - Best epoch 182, Loss, MSE, RMSE, MAE: 0.00275, 0.00275, 0.05188, 0.03249
INFO | Time spent: 3.26s
INFO | - Epoch 254, ExpID 7543
INFO | Train - Loss (one batch): 0.00208
INFO | Val - Loss, MSE, RMSE, MAE: 0.00292, 0.00292, 0.05334, 0.03380
INFO | Test - Best epoch 182, Loss, MSE, RMSE, MAE: 0.00283, 0.00283, 0.05276, 0.03373
INFO | Time spent: 3.26s
INFO | - Epoch 255, ExpID 7543
INFO | Train - Loss (one batch): 0.00247
INFO | Val - Loss, MSE, RMSE, MAE: 0.00284, 0.00284, 0.05254, 0.03282
INFO | Test - Best epoch 182, Loss, MSE, RMSE, MAE: 0.00276, 0.00276, 0.05209, 0.03287
INFO | Time spent: 3.27s
INFO | - Epoch 256, ExpID 7543
INFO | Train - Loss (one batch): 0.00200
INFO | Val - Loss, MSE, RMSE, MAE: 0.00290, 0.00290, 0.05307, 0.03348
INFO | Test - Best epoch 182, Loss, MSE, RMSE, MAE: 0.00278, 0.00278, 0.05224, 0.03308
INFO | Time spent: 3.25s
INFO | - Epoch 257, ExpID 7543
INFO | Train - Loss (one batch): 0.00198
INFO | Val - Loss, MSE, RMSE, MAE: 0.00282, 0.00282, 0.05230, 0.03234
INFO | Test - Best epoch 182, Loss, MSE, RMSE, MAE: 0.00274, 0.00274, 0.05184, 0.03244
INFO | Time spent: 3.26s
INFO | - Epoch 258, ExpID 7543
INFO | Train - Loss (one batch): 0.00259
INFO | Val - Loss, MSE, RMSE, MAE: 0.00282, 0.00282, 0.05231, 0.03235
INFO | Test - Best epoch 182, Loss, MSE, RMSE, MAE: 0.00274, 0.00274, 0.05178, 0.03221
INFO | Time spent: 3.28s
INFO | - Epoch 259, ExpID 7543
INFO | Train - Loss (one batch): 0.00251
INFO | Val - Loss, MSE, RMSE, MAE: 0.00285, 0.00285, 0.05262, 0.03316
INFO | Test - Best epoch 182, Loss, MSE, RMSE, MAE: 0.00278, 0.00278, 0.05222, 0.03304
INFO | Time spent: 3.25s
INFO | - Epoch 260, ExpID 7543
INFO | Train - Loss (one batch): 0.00196
INFO | Val - Loss, MSE, RMSE, MAE: 0.00299, 0.00299, 0.05402, 0.03524
INFO | Test - Best epoch 182, Loss, MSE, RMSE, MAE: 0.00291, 0.00291, 0.05352, 0.03521
INFO | Time spent: 3.26s
INFO | - Epoch 261, ExpID 7543
INFO | Train - Loss (one batch): 0.00284
INFO | Val - Loss, MSE, RMSE, MAE: 0.00301, 0.00301, 0.05425, 0.03578
INFO | Test - Best epoch 182, Loss, MSE, RMSE, MAE: 0.00294, 0.00294, 0.05378, 0.03573
INFO | Time spent: 3.26s
INFO | - Epoch 262, ExpID 7543
INFO | Train - Loss (one batch): 0.00263
INFO | Val - Loss, MSE, RMSE, MAE: 0.00285, 0.00285, 0.05258, 0.03246
INFO | Test - Best epoch 182, Loss, MSE, RMSE, MAE: 0.00275, 0.00275, 0.05193, 0.03230
INFO | Time spent: 3.27s
INFO | - Epoch 263, ExpID 7543
INFO | Train - Loss (one batch): 0.00205
INFO | Val - Loss, MSE, RMSE, MAE: 0.00281, 0.00281, 0.05218, 0.03216
INFO | Test - Best epoch 182, Loss, MSE, RMSE, MAE: 0.00271, 0.00271, 0.05154, 0.03198
INFO | Time spent: 3.32s
INFO | - Epoch 264, ExpID 7543
INFO | Train - Loss (one batch): 0.00172
INFO | Val - Loss, MSE, RMSE, MAE: 0.00283, 0.00283, 0.05245, 0.03230
INFO | Test - Best epoch 182, Loss, MSE, RMSE, MAE: 0.00276, 0.00276, 0.05199, 0.03214
INFO | Time spent: 3.44s
INFO | - Epoch 265, ExpID 7543
INFO | Train - Loss (one batch): 0.00182
INFO | Val - Loss, MSE, RMSE, MAE: 0.00284, 0.00284, 0.05247, 0.03252
INFO | Test - Best epoch 182, Loss, MSE, RMSE, MAE: 0.00274, 0.00274, 0.05181, 0.03224
INFO | Time spent: 3.24s
INFO | - Epoch 266, ExpID 7543
INFO | Train - Loss (one batch): 0.00172
INFO | Val - Loss, MSE, RMSE, MAE: 0.00286, 0.00286, 0.05268, 0.03270
INFO | Test - Best epoch 182, Loss, MSE, RMSE, MAE: 0.00275, 0.00275, 0.05188, 0.03240
INFO | Time spent: 3.25s
INFO | - Epoch 267, ExpID 7543
INFO | Train - Loss (one batch): 0.00203
INFO | Val - Loss, MSE, RMSE, MAE: 0.00282, 0.00282, 0.05227, 0.03221
INFO | Test - Best epoch 182, Loss, MSE, RMSE, MAE: 0.00273, 0.00273, 0.05166, 0.03197
INFO | Time spent: 3.26s
INFO | - Epoch 268, ExpID 7543
INFO | Train - Loss (one batch): 0.00186
INFO | Val - Loss, MSE, RMSE, MAE: 0.00288, 0.00288, 0.05288, 0.03299
INFO | Test - Best epoch 182, Loss, MSE, RMSE, MAE: 0.00279, 0.00279, 0.05229, 0.03297
INFO | Time spent: 3.25s
INFO | - Epoch 269, ExpID 7543
INFO | Train - Loss (one batch): 0.00198
INFO | Val - Loss, MSE, RMSE, MAE: 0.00285, 0.00285, 0.05262, 0.03278
INFO | Test - Best epoch 182, Loss, MSE, RMSE, MAE: 0.00276, 0.00276, 0.05200, 0.03265
INFO | Time spent: 3.25s
INFO | - Epoch 270, ExpID 7543
INFO | Train - Loss (one batch): 0.00236
INFO | Val - Loss, MSE, RMSE, MAE: 0.00288, 0.00288, 0.05296, 0.03324
INFO | Test - Best epoch 182, Loss, MSE, RMSE, MAE: 0.00279, 0.00279, 0.05231, 0.03299
INFO | Time spent: 3.27s
INFO | - Epoch 271, ExpID 7543
INFO | Train - Loss (one batch): 0.00205
INFO | Val - Loss, MSE, RMSE, MAE: 0.00281, 0.00281, 0.05219, 0.03194
INFO | Test - Best epoch 182, Loss, MSE, RMSE, MAE: 0.00272, 0.00272, 0.05168, 0.03188
INFO | Time spent: 3.26s
INFO | - Epoch 272, ExpID 7543
INFO | Train - Loss (one batch): 0.00160
INFO | Val - Loss, MSE, RMSE, MAE: 0.00283, 0.00283, 0.05244, 0.03287
INFO | Test - Best epoch 182, Loss, MSE, RMSE, MAE: 0.00275, 0.00275, 0.05190, 0.03288
INFO | Time spent: 3.28s
INFO | - Epoch 273, ExpID 7543
INFO | Train - Loss (one batch): 0.00205
INFO | Val - Loss, MSE, RMSE, MAE: 0.00287, 0.00287, 0.05281, 0.03275
INFO | Test - Best epoch 182, Loss, MSE, RMSE, MAE: 0.00277, 0.00277, 0.05207, 0.03237
INFO | Time spent: 3.32s
INFO | - Epoch 274, ExpID 7543
INFO | Train - Loss (one batch): 0.00209
INFO | Val - Loss, MSE, RMSE, MAE: 0.00282, 0.00282, 0.05234, 0.03226
INFO | Test - Best epoch 182, Loss, MSE, RMSE, MAE: 0.00273, 0.00273, 0.05164, 0.03208
INFO | Time spent: 3.30s
INFO | - Epoch 275, ExpID 7543
INFO | Train - Loss (one batch): 0.00225
INFO | Val - Loss, MSE, RMSE, MAE: 0.00283, 0.00283, 0.05244, 0.03259
INFO | Test - Best epoch 182, Loss, MSE, RMSE, MAE: 0.00273, 0.00273, 0.05171, 0.03237
INFO | Time spent: 3.31s
INFO | - Epoch 276, ExpID 7543
INFO | Train - Loss (one batch): 0.00226
INFO | Val - Loss, MSE, RMSE, MAE: 0.00285, 0.00285, 0.05263, 0.03273
INFO | Test - Best epoch 182, Loss, MSE, RMSE, MAE: 0.00275, 0.00275, 0.05192, 0.03264
INFO | Time spent: 3.30s
INFO | - Epoch 277, ExpID 7543
INFO | Train - Loss (one batch): 0.00187
INFO | Val - Loss, MSE, RMSE, MAE: 0.00292, 0.00292, 0.05339, 0.03440
INFO | Test - Best epoch 182, Loss, MSE, RMSE, MAE: 0.00286, 0.00286, 0.05297, 0.03444
INFO | Time spent: 3.30s
INFO | - Epoch 278, ExpID 7543
INFO | Train - Loss (one batch): 0.00185
INFO | Val - Loss, MSE, RMSE, MAE: 0.00283, 0.00283, 0.05241, 0.03222
INFO | Test - Best epoch 182, Loss, MSE, RMSE, MAE: 0.00275, 0.00275, 0.05187, 0.03214
INFO | Time spent: 3.32s
INFO | - Epoch 279, ExpID 7543
INFO | Train - Loss (one batch): 0.00224
INFO | Val - Loss, MSE, RMSE, MAE: 0.00291, 0.00291, 0.05321, 0.03364
INFO | Test - Best epoch 182, Loss, MSE, RMSE, MAE: 0.00283, 0.00283, 0.05274, 0.03358
INFO | Time spent: 3.30s
INFO | - Epoch 280, ExpID 7543
INFO | Train - Loss (one batch): 0.00191
INFO | Val - Loss, MSE, RMSE, MAE: 0.00288, 0.00288, 0.05289, 0.03304
INFO | Test - Best epoch 182, Loss, MSE, RMSE, MAE: 0.00277, 0.00277, 0.05212, 0.03284
INFO | Time spent: 3.54s
INFO | - Epoch 281, ExpID 7543
INFO | Train - Loss (one batch): 0.00219
INFO | Val - Loss, MSE, RMSE, MAE: 0.00284, 0.00284, 0.05248, 0.03248
INFO | Test - Best epoch 182, Loss, MSE, RMSE, MAE: 0.00274, 0.00274, 0.05180, 0.03227
INFO | Time spent: 3.50s
INFO | - Epoch 282, ExpID 7543
INFO | Train - Loss (one batch): 0.00268
INFO | Val - Loss, MSE, RMSE, MAE: 0.00282, 0.00282, 0.05230, 0.03228
INFO | Test - Best epoch 182, Loss, MSE, RMSE, MAE: 0.00274, 0.00274, 0.05181, 0.03222
INFO | Time spent: 3.41s
INFO | - Epoch 283, ExpID 7543
INFO | Train - Loss (one batch): 0.00200
INFO | Val - Loss, MSE, RMSE, MAE: 0.00306, 0.00306, 0.05469, 0.03624
INFO | Test - Best epoch 182, Loss, MSE, RMSE, MAE: 0.00300, 0.00300, 0.05434, 0.03618
INFO | Time spent: 3.54s
INFO | - Epoch 284, ExpID 7543
INFO | Train - Loss (one batch): 0.00182
INFO | Val - Loss, MSE, RMSE, MAE: 0.00281, 0.00281, 0.05224, 0.03221
INFO | Test - Best epoch 182, Loss, MSE, RMSE, MAE: 0.00272, 0.00272, 0.05160, 0.03218
INFO | Time spent: 3.27s
INFO | - Epoch 285, ExpID 7543
INFO | Train - Loss (one batch): 0.00241
INFO | Val - Loss, MSE, RMSE, MAE: 0.00284, 0.00284, 0.05254, 0.03246
INFO | Test - Best epoch 182, Loss, MSE, RMSE, MAE: 0.00276, 0.00276, 0.05196, 0.03225
INFO | Time spent: 3.59s
INFO | - Epoch 286, ExpID 7543
INFO | Train - Loss (one batch): 0.00147
INFO | Val - Loss, MSE, RMSE, MAE: 0.00283, 0.00283, 0.05244, 0.03262
INFO | Test - Best epoch 182, Loss, MSE, RMSE, MAE: 0.00276, 0.00276, 0.05195, 0.03244
INFO | Time spent: 3.30s
INFO | - Epoch 287, ExpID 7543
INFO | Train - Loss (one batch): 0.00158
INFO | Val - Loss, MSE, RMSE, MAE: 0.00284, 0.00284, 0.05255, 0.03275
INFO | Test - Best epoch 182, Loss, MSE, RMSE, MAE: 0.00278, 0.00278, 0.05219, 0.03273
INFO | Time spent: 3.31s
INFO | - Epoch 288, ExpID 7543
INFO | Train - Loss (one batch): 0.00229
INFO | Val - Loss, MSE, RMSE, MAE: 0.00290, 0.00290, 0.05319, 0.03368
INFO | Test - Best epoch 182, Loss, MSE, RMSE, MAE: 0.00282, 0.00282, 0.05259, 0.03367
INFO | Time spent: 3.34s
INFO | - Epoch 289, ExpID 7543
INFO | Train - Loss (one batch): 0.00227
INFO | Val - Loss, MSE, RMSE, MAE: 0.00286, 0.00286, 0.05278, 0.03271
INFO | Test - Best epoch 182, Loss, MSE, RMSE, MAE: 0.00277, 0.00277, 0.05210, 0.03261
INFO | Time spent: 3.33s
INFO | - Epoch 290, ExpID 7543
INFO | Train - Loss (one batch): 0.00163
INFO | Val - Loss, MSE, RMSE, MAE: 0.00286, 0.00286, 0.05269, 0.03288
INFO | Test - Best epoch 182, Loss, MSE, RMSE, MAE: 0.00278, 0.00278, 0.05216, 0.03268
INFO | Time spent: 3.30s
INFO | - Epoch 291, ExpID 7543
INFO | Train - Loss (one batch): 0.00180
INFO | Val - Loss, MSE, RMSE, MAE: 0.00288, 0.00288, 0.05290, 0.03300
INFO | Test - Best epoch 182, Loss, MSE, RMSE, MAE: 0.00280, 0.00280, 0.05241, 0.03318
INFO | Time spent: 3.31s
INFO | - Epoch 292, ExpID 7543
INFO | Train - Loss (one batch): 0.00179
INFO | Val - Loss, MSE, RMSE, MAE: 0.00284, 0.00284, 0.05252, 0.03241
INFO | Test - Best epoch 182, Loss, MSE, RMSE, MAE: 0.00276, 0.00276, 0.05195, 0.03229
INFO | Time spent: 3.30s
INFO | - Epoch 293, ExpID 7543
INFO | Train - Loss (one batch): 0.00228
INFO | Val - Loss, MSE, RMSE, MAE: 0.00284, 0.00284, 0.05245, 0.03210
INFO | Test - Best epoch 182, Loss, MSE, RMSE, MAE: 0.00274, 0.00274, 0.05171, 0.03185
INFO | Time spent: 3.41s
INFO | - Epoch 294, ExpID 7543
INFO | Train - Loss (one batch): 0.00219
INFO | Val - Loss, MSE, RMSE, MAE: 0.00286, 0.00286, 0.05275, 0.03263
INFO | Test - Best epoch 182, Loss, MSE, RMSE, MAE: 0.00282, 0.00282, 0.05265, 0.03286
INFO | Time spent: 3.31s
INFO | - Epoch 295, ExpID 7543
INFO | Train - Loss (one batch): 0.00289
INFO | Val - Loss, MSE, RMSE, MAE: 0.00285, 0.00285, 0.05263, 0.03233
INFO | Test - Best epoch 182, Loss, MSE, RMSE, MAE: 0.00276, 0.00276, 0.05193, 0.03200
INFO | Time spent: 3.30s
INFO | - Epoch 296, ExpID 7543
INFO | Train - Loss (one batch): 0.00249
INFO | Val - Loss, MSE, RMSE, MAE: 0.00290, 0.00290, 0.05301, 0.03289
INFO | Test - Best epoch 182, Loss, MSE, RMSE, MAE: 0.00280, 0.00280, 0.05231, 0.03270
INFO | Time spent: 3.32s
INFO | - Epoch 297, ExpID 7543
INFO | Train - Loss (one batch): 0.00201
INFO | Val - Loss, MSE, RMSE, MAE: 0.00282, 0.00282, 0.05236, 0.03262
INFO | Test - Best epoch 182, Loss, MSE, RMSE, MAE: 0.00274, 0.00274, 0.05179, 0.03243
INFO | Time spent: 3.32s
INFO | - Epoch 298, ExpID 7543
INFO | Train - Loss (one batch): 0.00183
INFO | Val - Loss, MSE, RMSE, MAE: 0.00288, 0.00288, 0.05287, 0.03279
INFO | Test - Best epoch 182, Loss, MSE, RMSE, MAE: 0.00275, 0.00275, 0.05195, 0.03243
INFO | Time spent: 3.30s
INFO | - Epoch 299, ExpID 7543
INFO | Train - Loss (one batch): 0.00184
INFO | Val - Loss, MSE, RMSE, MAE: 0.00281, 0.00281, 0.05229, 0.03216
INFO | Test - Best epoch 182, Loss, MSE, RMSE, MAE: 0.00274, 0.00274, 0.05182, 0.03222
INFO | Time spent: 3.30s
INFO | - Epoch 000, ExpID 98629
INFO | Train - Loss (one batch): 0.01298
INFO | Val - Loss, MSE, RMSE, MAE: 0.01134, 0.01134, 0.10606, 0.08322
INFO | Test - Best epoch 0, Loss, MSE, RMSE, MAE: 0.01143, 0.01143, 0.10651, 0.08397
INFO | Time spent: 4.30s
INFO | - Epoch 001, ExpID 98629
INFO | Train - Loss (one batch): 0.00445
INFO | Val - Loss, MSE, RMSE, MAE: 0.00386, 0.00386, 0.06152, 0.04099
INFO | Test - Best epoch 1, Loss, MSE, RMSE, MAE: 0.00372, 0.00372, 0.06052, 0.04015
INFO | Time spent: 3.19s
INFO | - Epoch 002, ExpID 98629
INFO | Train - Loss (one batch): 0.00433
INFO | Val - Loss, MSE, RMSE, MAE: 0.00399, 0.00399, 0.06255, 0.04246
INFO | Test - Best epoch 1, Loss, MSE, RMSE, MAE: 0.00383, 0.00383, 0.06150, 0.04150
INFO | Time spent: 3.33s
INFO | - Epoch 003, ExpID 98629
INFO | Train - Loss (one batch): 0.00289
INFO | Val - Loss, MSE, RMSE, MAE: 0.00325, 0.00325, 0.05633, 0.03553
INFO | Test - Best epoch 3, Loss, MSE, RMSE, MAE: 0.00314, 0.00314, 0.05562, 0.03495
INFO | Time spent: 3.19s
INFO | - Epoch 004, ExpID 98629
INFO | Train - Loss (one batch): 0.00404
INFO | Val - Loss, MSE, RMSE, MAE: 0.00402, 0.00402, 0.06287, 0.04385
INFO | Test - Best epoch 3, Loss, MSE, RMSE, MAE: 0.00386, 0.00386, 0.06173, 0.04283
INFO | Time spent: 3.20s
INFO | - Epoch 005, ExpID 98629
INFO | Train - Loss (one batch): 0.00315
INFO | Val - Loss, MSE, RMSE, MAE: 0.00360, 0.00360, 0.05938, 0.03970
INFO | Test - Best epoch 3, Loss, MSE, RMSE, MAE: 0.00346, 0.00346, 0.05843, 0.03887
INFO | Time spent: 3.21s
INFO | - Epoch 006, ExpID 98629
INFO | Train - Loss (one batch): 0.00293
INFO | Val - Loss, MSE, RMSE, MAE: 0.00336, 0.00336, 0.05735, 0.03744
INFO | Test - Best epoch 3, Loss, MSE, RMSE, MAE: 0.00324, 0.00324, 0.05649, 0.03670
INFO | Time spent: 3.17s
INFO | - Epoch 007, ExpID 98629
INFO | Train - Loss (one batch): 0.00294
INFO | Val - Loss, MSE, RMSE, MAE: 0.00436, 0.00436, 0.06561, 0.04881
INFO | Test - Best epoch 3, Loss, MSE, RMSE, MAE: 0.00423, 0.00423, 0.06475, 0.04811
INFO | Time spent: 3.18s
INFO | - Epoch 008, ExpID 98629
INFO | Train - Loss (one batch): 0.00257
INFO | Val - Loss, MSE, RMSE, MAE: 0.00315, 0.00315, 0.05544, 0.03462
INFO | Test - Best epoch 8, Loss, MSE, RMSE, MAE: 0.00303, 0.00303, 0.05459, 0.03407
INFO | Time spent: 3.21s
INFO | - Epoch 009, ExpID 98629
INFO | Train - Loss (one batch): 0.00452
INFO | Val - Loss, MSE, RMSE, MAE: 0.00308, 0.00308, 0.05489, 0.03409
INFO | Test - Best epoch 9, Loss, MSE, RMSE, MAE: 0.00298, 0.00298, 0.05409, 0.03355
INFO | Time spent: 3.19s
INFO | - Epoch 010, ExpID 98629
INFO | Train - Loss (one batch): 0.00333
INFO | Val - Loss, MSE, RMSE, MAE: 0.00400, 0.00400, 0.06272, 0.04492
INFO | Test - Best epoch 9, Loss, MSE, RMSE, MAE: 0.00386, 0.00386, 0.06180, 0.04414
INFO | Time spent: 3.20s
INFO | - Epoch 011, ExpID 98629
INFO | Train - Loss (one batch): 0.00214
INFO | Val - Loss, MSE, RMSE, MAE: 0.00457, 0.00457, 0.06717, 0.05002
INFO | Test - Best epoch 9, Loss, MSE, RMSE, MAE: 0.00441, 0.00441, 0.06612, 0.04910
INFO | Time spent: 3.18s
INFO | - Epoch 012, ExpID 98629
INFO | Train - Loss (one batch): 0.00294
INFO | Val - Loss, MSE, RMSE, MAE: 0.00301, 0.00301, 0.05419, 0.03314
INFO | Test - Best epoch 12, Loss, MSE, RMSE, MAE: 0.00291, 0.00291, 0.05349, 0.03271
INFO | Time spent: 3.18s
INFO | - Epoch 013, ExpID 98629
INFO | Train - Loss (one batch): 0.00218
INFO | Val - Loss, MSE, RMSE, MAE: 0.00325, 0.00325, 0.05635, 0.03620
INFO | Test - Best epoch 12, Loss, MSE, RMSE, MAE: 0.00313, 0.00313, 0.05553, 0.03552
INFO | Time spent: 3.19s
INFO | - Epoch 014, ExpID 98629
INFO | Train - Loss (one batch): 0.00355
INFO | Val - Loss, MSE, RMSE, MAE: 0.00348, 0.00348, 0.05844, 0.03950
INFO | Test - Best epoch 12, Loss, MSE, RMSE, MAE: 0.00337, 0.00337, 0.05761, 0.03876
INFO | Time spent: 3.19s
INFO | - Epoch 015, ExpID 98629
INFO | Train - Loss (one batch): 0.00252
INFO | Val - Loss, MSE, RMSE, MAE: 0.00308, 0.00308, 0.05486, 0.03408
INFO | Test - Best epoch 12, Loss, MSE, RMSE, MAE: 0.00298, 0.00298, 0.05409, 0.03344
INFO | Time spent: 3.20s
INFO | - Epoch 016, ExpID 98629
INFO | Train - Loss (one batch): 0.00301
INFO | Val - Loss, MSE, RMSE, MAE: 0.00320, 0.00320, 0.05593, 0.03561
INFO | Test - Best epoch 12, Loss, MSE, RMSE, MAE: 0.00309, 0.00309, 0.05508, 0.03484
INFO | Time spent: 3.21s
INFO | - Epoch 017, ExpID 98629
INFO | Train - Loss (one batch): 0.00276
INFO | Val - Loss, MSE, RMSE, MAE: 0.00361, 0.00361, 0.05948, 0.04111
INFO | Test - Best epoch 12, Loss, MSE, RMSE, MAE: 0.00348, 0.00348, 0.05860, 0.04028
INFO | Time spent: 3.18s
INFO | - Epoch 018, ExpID 98629
INFO | Train - Loss (one batch): 0.00401
INFO | Val - Loss, MSE, RMSE, MAE: 0.00371, 0.00371, 0.06046, 0.04263
INFO | Test - Best epoch 12, Loss, MSE, RMSE, MAE: 0.00360, 0.00360, 0.05967, 0.04194
INFO | Time spent: 3.21s
INFO | - Epoch 019, ExpID 98629
INFO | Train - Loss (one batch): 0.00251
INFO | Val - Loss, MSE, RMSE, MAE: 0.00322, 0.00322, 0.05618, 0.03628
INFO | Test - Best epoch 12, Loss, MSE, RMSE, MAE: 0.00313, 0.00313, 0.05554, 0.03578
INFO | Time spent: 3.19s
INFO | - Epoch 020, ExpID 98629
INFO | Train - Loss (one batch): 0.00279
INFO | Val - Loss, MSE, RMSE, MAE: 0.00349, 0.00349, 0.05851, 0.04002
INFO | Test - Best epoch 12, Loss, MSE, RMSE, MAE: 0.00337, 0.00337, 0.05767, 0.03924
INFO | Time spent: 3.30s
INFO | - Epoch 021, ExpID 98629
INFO | Train - Loss (one batch): 0.00319
INFO | Val - Loss, MSE, RMSE, MAE: 0.00331, 0.00331, 0.05694, 0.03770
INFO | Test - Best epoch 12, Loss, MSE, RMSE, MAE: 0.00319, 0.00319, 0.05609, 0.03688
INFO | Time spent: 3.21s
INFO | - Epoch 022, ExpID 98629
INFO | Train - Loss (one batch): 0.00378
INFO | Val - Loss, MSE, RMSE, MAE: 0.00297, 0.00297, 0.05386, 0.03332
INFO | Test - Best epoch 22, Loss, MSE, RMSE, MAE: 0.00289, 0.00289, 0.05331, 0.03300
INFO | Time spent: 3.20s
INFO | - Epoch 023, ExpID 98629
INFO | Train - Loss (one batch): 0.00228
INFO | Val - Loss, MSE, RMSE, MAE: 0.00400, 0.00400, 0.06280, 0.04605
INFO | Test - Best epoch 22, Loss, MSE, RMSE, MAE: 0.00390, 0.00390, 0.06216, 0.04550
INFO | Time spent: 3.18s
INFO | - Epoch 024, ExpID 98629
INFO | Train - Loss (one batch): 0.00317
INFO | Val - Loss, MSE, RMSE, MAE: 0.00306, 0.00306, 0.05466, 0.03379
INFO | Test - Best epoch 22, Loss, MSE, RMSE, MAE: 0.00296, 0.00296, 0.05388, 0.03303
INFO | Time spent: 3.18s
INFO | - Epoch 025, ExpID 98629
INFO | Train - Loss (one batch): 0.00338
INFO | Val - Loss, MSE, RMSE, MAE: 0.00352, 0.00352, 0.05881, 0.04054
INFO | Test - Best epoch 22, Loss, MSE, RMSE, MAE: 0.00342, 0.00342, 0.05809, 0.03984
INFO | Time spent: 3.18s
INFO | - Epoch 026, ExpID 98629
INFO | Train - Loss (one batch): 0.00278
INFO | Val - Loss, MSE, RMSE, MAE: 0.00342, 0.00342, 0.05783, 0.03845
INFO | Test - Best epoch 22, Loss, MSE, RMSE, MAE: 0.00329, 0.00329, 0.05698, 0.03764
INFO | Time spent: 3.22s
INFO | - Epoch 027, ExpID 98629
INFO | Train - Loss (one batch): 0.00280
INFO | Val - Loss, MSE, RMSE, MAE: 0.00327, 0.00327, 0.05651, 0.03677
INFO | Test - Best epoch 22, Loss, MSE, RMSE, MAE: 0.00314, 0.00314, 0.05558, 0.03580
INFO | Time spent: 3.20s
INFO | - Epoch 028, ExpID 98629
INFO | Train - Loss (one batch): 0.00295
INFO | Val - Loss, MSE, RMSE, MAE: 0.00345, 0.00345, 0.05816, 0.03989
INFO | Test - Best epoch 22, Loss, MSE, RMSE, MAE: 0.00336, 0.00336, 0.05760, 0.03949
INFO | Time spent: 3.19s
INFO | - Epoch 029, ExpID 98629
INFO | Train - Loss (one batch): 0.00251
INFO | Val - Loss, MSE, RMSE, MAE: 0.00333, 0.00333, 0.05709, 0.03812
INFO | Test - Best epoch 22, Loss, MSE, RMSE, MAE: 0.00322, 0.00322, 0.05637, 0.03745
INFO | Time spent: 3.20s
INFO | - Epoch 030, ExpID 98629
INFO | Train - Loss (one batch): 0.00226
INFO | Val - Loss, MSE, RMSE, MAE: 0.00317, 0.00317, 0.05565, 0.03618
INFO | Test - Best epoch 22, Loss, MSE, RMSE, MAE: 0.00306, 0.00306, 0.05492, 0.03548
INFO | Time spent: 3.20s
INFO | - Epoch 031, ExpID 98629
INFO | Train - Loss (one batch): 0.00309
INFO | Val - Loss, MSE, RMSE, MAE: 0.00344, 0.00344, 0.05804, 0.03959
INFO | Test - Best epoch 22, Loss, MSE, RMSE, MAE: 0.00333, 0.00333, 0.05736, 0.03904
INFO | Time spent: 3.20s
INFO | - Epoch 032, ExpID 98629
INFO | Train - Loss (one batch): 0.00269
INFO | Val - Loss, MSE, RMSE, MAE: 0.00340, 0.00340, 0.05767, 0.03910
INFO | Test - Best epoch 22, Loss, MSE, RMSE, MAE: 0.00328, 0.00328, 0.05683, 0.03820
INFO | Time spent: 3.22s
INFO | - Epoch 033, ExpID 98629
INFO | Train - Loss (one batch): 0.00344
INFO | Val - Loss, MSE, RMSE, MAE: 0.00353, 0.00353, 0.05892, 0.04142
INFO | Test - Best epoch 22, Loss, MSE, RMSE, MAE: 0.00347, 0.00347, 0.05861, 0.04136
INFO | Time spent: 3.20s
INFO | - Epoch 034, ExpID 98629
INFO | Train - Loss (one batch): 0.00273
INFO | Val - Loss, MSE, RMSE, MAE: 0.00316, 0.00316, 0.05549, 0.03549
INFO | Test - Best epoch 22, Loss, MSE, RMSE, MAE: 0.00304, 0.00304, 0.05465, 0.03465
INFO | Time spent: 3.34s
INFO | - Epoch 035, ExpID 98629
INFO | Train - Loss (one batch): 0.00293
INFO | Val - Loss, MSE, RMSE, MAE: 0.00304, 0.00304, 0.05449, 0.03443
INFO | Test - Best epoch 22, Loss, MSE, RMSE, MAE: 0.00294, 0.00294, 0.05374, 0.03366
INFO | Time spent: 3.18s
INFO | - Epoch 036, ExpID 98629
INFO | Train - Loss (one batch): 0.00324
INFO | Val - Loss, MSE, RMSE, MAE: 0.00310, 0.00310, 0.05500, 0.03477
INFO | Test - Best epoch 22, Loss, MSE, RMSE, MAE: 0.00300, 0.00300, 0.05427, 0.03417
INFO | Time spent: 3.44s
INFO | - Epoch 037, ExpID 98629
INFO | Train - Loss (one batch): 0.00292
INFO | Val - Loss, MSE, RMSE, MAE: 0.00304, 0.00304, 0.05450, 0.03454
INFO | Test - Best epoch 22, Loss, MSE, RMSE, MAE: 0.00296, 0.00296, 0.05397, 0.03409
INFO | Time spent: 3.19s
INFO | - Epoch 038, ExpID 98629
INFO | Train - Loss (one batch): 0.00200
INFO | Val - Loss, MSE, RMSE, MAE: 0.00296, 0.00296, 0.05372, 0.03325
INFO | Test - Best epoch 38, Loss, MSE, RMSE, MAE: 0.00288, 0.00288, 0.05320, 0.03285
INFO | Time spent: 3.20s
INFO | - Epoch 039, ExpID 98629
INFO | Train - Loss (one batch): 0.00241
INFO | Val - Loss, MSE, RMSE, MAE: 0.00345, 0.00345, 0.05815, 0.03993
INFO | Test - Best epoch 38, Loss, MSE, RMSE, MAE: 0.00335, 0.00335, 0.05755, 0.03942
INFO | Time spent: 3.22s
INFO | - Epoch 040, ExpID 98629
INFO | Train - Loss (one batch): 0.00277
INFO | Val - Loss, MSE, RMSE, MAE: 0.00341, 0.00341, 0.05787, 0.03975
INFO | Test - Best epoch 38, Loss, MSE, RMSE, MAE: 0.00333, 0.00333, 0.05740, 0.03937
INFO | Time spent: 3.35s
INFO | - Epoch 041, ExpID 98629
INFO | Train - Loss (one batch): 0.00315
INFO | Val - Loss, MSE, RMSE, MAE: 0.00322, 0.00322, 0.05611, 0.03720
INFO | Test - Best epoch 38, Loss, MSE, RMSE, MAE: 0.00313, 0.00313, 0.05558, 0.03680
INFO | Time spent: 3.20s
INFO | - Epoch 042, ExpID 98629
INFO | Train - Loss (one batch): 0.00276
INFO | Val - Loss, MSE, RMSE, MAE: 0.00317, 0.00317, 0.05567, 0.03623
INFO | Test - Best epoch 38, Loss, MSE, RMSE, MAE: 0.00307, 0.00307, 0.05501, 0.03572
INFO | Time spent: 3.20s
INFO | - Epoch 043, ExpID 98629
INFO | Train - Loss (one batch): 0.00300
INFO | Val - Loss, MSE, RMSE, MAE: 0.00292, 0.00292, 0.05331, 0.03256
INFO | Test - Best epoch 43, Loss, MSE, RMSE, MAE: 0.00282, 0.00282, 0.05265, 0.03201
INFO | Time spent: 3.35s
INFO | - Epoch 044, ExpID 98629
INFO | Train - Loss (one batch): 0.00190
INFO | Val - Loss, MSE, RMSE, MAE: 0.00293, 0.00293, 0.05346, 0.03326
INFO | Test - Best epoch 43, Loss, MSE, RMSE, MAE: 0.00285, 0.00285, 0.05296, 0.03293
INFO | Time spent: 3.25s
INFO | - Epoch 045, ExpID 98629
INFO | Train - Loss (one batch): 0.00299
INFO | Val - Loss, MSE, RMSE, MAE: 0.00297, 0.00297, 0.05380, 0.03336
INFO | Test - Best epoch 43, Loss, MSE, RMSE, MAE: 0.00289, 0.00289, 0.05330, 0.03298
INFO | Time spent: 3.19s
INFO | - Epoch 046, ExpID 98629
INFO | Train - Loss (one batch): 0.00350
INFO | Val - Loss, MSE, RMSE, MAE: 0.00306, 0.00306, 0.05470, 0.03516
INFO | Test - Best epoch 43, Loss, MSE, RMSE, MAE: 0.00300, 0.00300, 0.05437, 0.03499
INFO | Time spent: 3.21s
INFO | - Epoch 047, ExpID 98629
INFO | Train - Loss (one batch): 0.00287
INFO | Val - Loss, MSE, RMSE, MAE: 0.00319, 0.00319, 0.05592, 0.03744
INFO | Test - Best epoch 43, Loss, MSE, RMSE, MAE: 0.00312, 0.00312, 0.05547, 0.03715
INFO | Time spent: 3.19s
INFO | - Epoch 048, ExpID 98629
INFO | Train - Loss (one batch): 0.00224
INFO | Val - Loss, MSE, RMSE, MAE: 0.00297, 0.00297, 0.05384, 0.03348
INFO | Test - Best epoch 43, Loss, MSE, RMSE, MAE: 0.00291, 0.00291, 0.05348, 0.03334
INFO | Time spent: 3.19s
INFO | - Epoch 049, ExpID 98629
INFO | Train - Loss (one batch): 0.00242
INFO | Val - Loss, MSE, RMSE, MAE: 0.00297, 0.00297, 0.05390, 0.03422
INFO | Test - Best epoch 43, Loss, MSE, RMSE, MAE: 0.00290, 0.00290, 0.05347, 0.03402
INFO | Time spent: 3.20s
INFO | - Epoch 050, ExpID 98629
INFO | Train - Loss (one batch): 0.00349
INFO | Val - Loss, MSE, RMSE, MAE: 0.00302, 0.00302, 0.05438, 0.03469
INFO | Test - Best epoch 43, Loss, MSE, RMSE, MAE: 0.00294, 0.00294, 0.05383, 0.03434
INFO | Time spent: 3.20s
INFO | - Epoch 051, ExpID 98629
INFO | Train - Loss (one batch): 0.00212
INFO | Val - Loss, MSE, RMSE, MAE: 0.00293, 0.00293, 0.05350, 0.03372
INFO | Test - Best epoch 43, Loss, MSE, RMSE, MAE: 0.00286, 0.00286, 0.05308, 0.03353
INFO | Time spent: 3.38s
INFO | - Epoch 052, ExpID 98629
INFO | Train - Loss (one batch): 0.00189
INFO | Val - Loss, MSE, RMSE, MAE: 0.00295, 0.00295, 0.05367, 0.03351
INFO | Test - Best epoch 43, Loss, MSE, RMSE, MAE: 0.00288, 0.00288, 0.05315, 0.03319
INFO | Time spent: 3.19s
INFO | - Epoch 053, ExpID 98629
INFO | Train - Loss (one batch): 0.00259
INFO | Val - Loss, MSE, RMSE, MAE: 0.00339, 0.00339, 0.05772, 0.03998
INFO | Test - Best epoch 43, Loss, MSE, RMSE, MAE: 0.00333, 0.00333, 0.05736, 0.03983
INFO | Time spent: 3.20s
INFO | - Epoch 054, ExpID 98629
INFO | Train - Loss (one batch): 0.00316
INFO | Val - Loss, MSE, RMSE, MAE: 0.00283, 0.00283, 0.05258, 0.03200
INFO | Test - Best epoch 54, Loss, MSE, RMSE, MAE: 0.00277, 0.00277, 0.05215, 0.03180
INFO | Time spent: 3.20s
INFO | - Epoch 055, ExpID 98629
INFO | Train - Loss (one batch): 0.00235
INFO | Val - Loss, MSE, RMSE, MAE: 0.00288, 0.00288, 0.05299, 0.03296
INFO | Test - Best epoch 54, Loss, MSE, RMSE, MAE: 0.00282, 0.00282, 0.05265, 0.03288
INFO | Time spent: 3.20s
INFO | - Epoch 056, ExpID 98629
INFO | Train - Loss (one batch): 0.00374
INFO | Val - Loss, MSE, RMSE, MAE: 0.00281, 0.00281, 0.05237, 0.03190
INFO | Test - Best epoch 56, Loss, MSE, RMSE, MAE: 0.00274, 0.00274, 0.05192, 0.03170
INFO | Time spent: 3.21s
INFO | - Epoch 057, ExpID 98629
INFO | Train - Loss (one batch): 0.00268
INFO | Val - Loss, MSE, RMSE, MAE: 0.00285, 0.00285, 0.05272, 0.03226
INFO | Test - Best epoch 56, Loss, MSE, RMSE, MAE: 0.00278, 0.00278, 0.05228, 0.03198
INFO | Time spent: 3.22s
INFO | - Epoch 058, ExpID 98629
INFO | Train - Loss (one batch): 0.00301
INFO | Val - Loss, MSE, RMSE, MAE: 0.00295, 0.00295, 0.05364, 0.03367
INFO | Test - Best epoch 56, Loss, MSE, RMSE, MAE: 0.00287, 0.00287, 0.05314, 0.03338
INFO | Time spent: 3.23s
INFO | - Epoch 059, ExpID 98629
INFO | Train - Loss (one batch): 0.00260
INFO | Val - Loss, MSE, RMSE, MAE: 0.00299, 0.00299, 0.05402, 0.03398
INFO | Test - Best epoch 56, Loss, MSE, RMSE, MAE: 0.00290, 0.00290, 0.05335, 0.03344
INFO | Time spent: 3.21s
INFO | - Epoch 060, ExpID 98629
INFO | Train - Loss (one batch): 0.00403
INFO | Val - Loss, MSE, RMSE, MAE: 0.00292, 0.00292, 0.05337, 0.03325
INFO | Test - Best epoch 56, Loss, MSE, RMSE, MAE: 0.00284, 0.00284, 0.05282, 0.03284
INFO | Time spent: 3.21s
INFO | - Epoch 061, ExpID 98629
INFO | Train - Loss (one batch): 0.00219
INFO | Val - Loss, MSE, RMSE, MAE: 0.00287, 0.00287, 0.05293, 0.03263
INFO | Test - Best epoch 56, Loss, MSE, RMSE, MAE: 0.00280, 0.00280, 0.05242, 0.03227
INFO | Time spent: 3.21s
INFO | - Epoch 062, ExpID 98629
INFO | Train - Loss (one batch): 0.00285
INFO | Val - Loss, MSE, RMSE, MAE: 0.00282, 0.00282, 0.05242, 0.03207
INFO | Test - Best epoch 56, Loss, MSE, RMSE, MAE: 0.00276, 0.00276, 0.05208, 0.03207
INFO | Time spent: 3.21s
INFO | - Epoch 063, ExpID 98629
INFO | Train - Loss (one batch): 0.00268
INFO | Val - Loss, MSE, RMSE, MAE: 0.00303, 0.00303, 0.05447, 0.03573
INFO | Test - Best epoch 56, Loss, MSE, RMSE, MAE: 0.00299, 0.00299, 0.05430, 0.03581
INFO | Time spent: 3.21s
INFO | - Epoch 064, ExpID 98629
INFO | Train - Loss (one batch): 0.00233
INFO | Val - Loss, MSE, RMSE, MAE: 0.00295, 0.00295, 0.05371, 0.03464
INFO | Test - Best epoch 56, Loss, MSE, RMSE, MAE: 0.00290, 0.00290, 0.05343, 0.03464
INFO | Time spent: 3.17s
INFO | - Epoch 065, ExpID 98629
INFO | Train - Loss (one batch): 0.00323
INFO | Val - Loss, MSE, RMSE, MAE: 0.00281, 0.00281, 0.05230, 0.03199
INFO | Test - Best epoch 65, Loss, MSE, RMSE, MAE: 0.00274, 0.00274, 0.05187, 0.03179
INFO | Time spent: 3.20s
INFO | - Epoch 066, ExpID 98629
INFO | Train - Loss (one batch): 0.00203
INFO | Val - Loss, MSE, RMSE, MAE: 0.00286, 0.00286, 0.05279, 0.03251
INFO | Test - Best epoch 65, Loss, MSE, RMSE, MAE: 0.00278, 0.00278, 0.05232, 0.03226
INFO | Time spent: 3.20s
INFO | - Epoch 067, ExpID 98629
INFO | Train - Loss (one batch): 0.00289
INFO | Val - Loss, MSE, RMSE, MAE: 0.00313, 0.00313, 0.05536, 0.03693
INFO | Test - Best epoch 65, Loss, MSE, RMSE, MAE: 0.00307, 0.00307, 0.05508, 0.03689
INFO | Time spent: 3.38s
INFO | - Epoch 068, ExpID 98629
INFO | Train - Loss (one batch): 0.00281
INFO | Val - Loss, MSE, RMSE, MAE: 0.00288, 0.00288, 0.05303, 0.03330
INFO | Test - Best epoch 65, Loss, MSE, RMSE, MAE: 0.00281, 0.00281, 0.05261, 0.03315
INFO | Time spent: 3.24s
INFO | - Epoch 069, ExpID 98629
INFO | Train - Loss (one batch): 0.00241
INFO | Val - Loss, MSE, RMSE, MAE: 0.00282, 0.00282, 0.05246, 0.03213
INFO | Test - Best epoch 65, Loss, MSE, RMSE, MAE: 0.00275, 0.00275, 0.05199, 0.03185
INFO | Time spent: 3.21s
INFO | - Epoch 070, ExpID 98629
INFO | Train - Loss (one batch): 0.00267
INFO | Val - Loss, MSE, RMSE, MAE: 0.00289, 0.00289, 0.05308, 0.03315
INFO | Test - Best epoch 65, Loss, MSE, RMSE, MAE: 0.00281, 0.00281, 0.05253, 0.03282
INFO | Time spent: 3.45s
INFO | - Epoch 071, ExpID 98629
INFO | Train - Loss (one batch): 0.00237
INFO | Val - Loss, MSE, RMSE, MAE: 0.00277, 0.00277, 0.05194, 0.03177
INFO | Test - Best epoch 71, Loss, MSE, RMSE, MAE: 0.00271, 0.00271, 0.05156, 0.03161
INFO | Time spent: 3.18s
INFO | - Epoch 072, ExpID 98629
INFO | Train - Loss (one batch): 0.00301
INFO | Val - Loss, MSE, RMSE, MAE: 0.00278, 0.00278, 0.05206, 0.03211
INFO | Test - Best epoch 72, Loss, MSE, RMSE, MAE: 0.00271, 0.00271, 0.05156, 0.03172
INFO | Time spent: 3.20s
INFO | - Epoch 073, ExpID 98629
INFO | Train - Loss (one batch): 0.00307
INFO | Val - Loss, MSE, RMSE, MAE: 0.00279, 0.00279, 0.05211, 0.03172
INFO | Test - Best epoch 72, Loss, MSE, RMSE, MAE: 0.00273, 0.00273, 0.05179, 0.03166
INFO | Time spent: 3.19s
INFO | - Epoch 074, ExpID 98629
INFO | Train - Loss (one batch): 0.00206
INFO | Val - Loss, MSE, RMSE, MAE: 0.00284, 0.00284, 0.05265, 0.03290
INFO | Test - Best epoch 72, Loss, MSE, RMSE, MAE: 0.00278, 0.00278, 0.05225, 0.03278
INFO | Time spent: 3.35s
INFO | - Epoch 075, ExpID 98629
INFO | Train - Loss (one batch): 0.00204
INFO | Val - Loss, MSE, RMSE, MAE: 0.00276, 0.00276, 0.05188, 0.03187
INFO | Test - Best epoch 72, Loss, MSE, RMSE, MAE: 0.00271, 0.00271, 0.05157, 0.03177
INFO | Time spent: 3.41s
INFO | - Epoch 076, ExpID 98629
INFO | Train - Loss (one batch): 0.00264
INFO | Val - Loss, MSE, RMSE, MAE: 0.00278, 0.00278, 0.05205, 0.03194
INFO | Test - Best epoch 72, Loss, MSE, RMSE, MAE: 0.00273, 0.00273, 0.05176, 0.03181
INFO | Time spent: 3.20s
INFO | - Epoch 077, ExpID 98629
INFO | Train - Loss (one batch): 0.00291
INFO | Val - Loss, MSE, RMSE, MAE: 0.00274, 0.00274, 0.05167, 0.03143
INFO | Test - Best epoch 77, Loss, MSE, RMSE, MAE: 0.00269, 0.00269, 0.05141, 0.03145
INFO | Time spent: 3.20s
INFO | - Epoch 078, ExpID 98629
INFO | Train - Loss (one batch): 0.00253
INFO | Val - Loss, MSE, RMSE, MAE: 0.00294, 0.00294, 0.05364, 0.03426
INFO | Test - Best epoch 77, Loss, MSE, RMSE, MAE: 0.00288, 0.00288, 0.05332, 0.03422
INFO | Time spent: 3.20s
INFO | - Epoch 079, ExpID 98629
INFO | Train - Loss (one batch): 0.00279
INFO | Val - Loss, MSE, RMSE, MAE: 0.00276, 0.00276, 0.05191, 0.03192
INFO | Test - Best epoch 77, Loss, MSE, RMSE, MAE: 0.00269, 0.00269, 0.05145, 0.03173
INFO | Time spent: 3.19s
INFO | - Epoch 080, ExpID 98629
INFO | Train - Loss (one batch): 0.00208
INFO | Val - Loss, MSE, RMSE, MAE: 0.00275, 0.00275, 0.05184, 0.03164
INFO | Test - Best epoch 77, Loss, MSE, RMSE, MAE: 0.00271, 0.00271, 0.05163, 0.03169
INFO | Time spent: 3.21s
INFO | - Epoch 081, ExpID 98629
INFO | Train - Loss (one batch): 0.00226
INFO | Val - Loss, MSE, RMSE, MAE: 0.00276, 0.00276, 0.05192, 0.03198
INFO | Test - Best epoch 77, Loss, MSE, RMSE, MAE: 0.00271, 0.00271, 0.05158, 0.03181
INFO | Time spent: 3.18s
INFO | - Epoch 082, ExpID 98629
INFO | Train - Loss (one batch): 0.00329
INFO | Val - Loss, MSE, RMSE, MAE: 0.00278, 0.00278, 0.05207, 0.03222
INFO | Test - Best epoch 77, Loss, MSE, RMSE, MAE: 0.00272, 0.00272, 0.05170, 0.03204
INFO | Time spent: 3.31s
INFO | - Epoch 083, ExpID 98629
INFO | Train - Loss (one batch): 0.00194
INFO | Val - Loss, MSE, RMSE, MAE: 0.00272, 0.00272, 0.05152, 0.03146
INFO | Test - Best epoch 83, Loss, MSE, RMSE, MAE: 0.00268, 0.00268, 0.05130, 0.03153
INFO | Time spent: 3.34s
INFO | - Epoch 084, ExpID 98629
INFO | Train - Loss (one batch): 0.00251
INFO | Val - Loss, MSE, RMSE, MAE: 0.00279, 0.00279, 0.05215, 0.03205
INFO | Test - Best epoch 83, Loss, MSE, RMSE, MAE: 0.00272, 0.00272, 0.05174, 0.03184
INFO | Time spent: 3.22s
INFO | - Epoch 085, ExpID 98629
INFO | Train - Loss (one batch): 0.00328
INFO | Val - Loss, MSE, RMSE, MAE: 0.00285, 0.00285, 0.05277, 0.03318
INFO | Test - Best epoch 83, Loss, MSE, RMSE, MAE: 0.00279, 0.00279, 0.05243, 0.03315
INFO | Time spent: 3.21s
INFO | - Epoch 086, ExpID 98629
INFO | Train - Loss (one batch): 0.00253
INFO | Val - Loss, MSE, RMSE, MAE: 0.00277, 0.00277, 0.05201, 0.03172
INFO | Test - Best epoch 83, Loss, MSE, RMSE, MAE: 0.00271, 0.00271, 0.05161, 0.03151
INFO | Time spent: 3.20s
INFO | - Epoch 087, ExpID 98629
INFO | Train - Loss (one batch): 0.00235
INFO | Val - Loss, MSE, RMSE, MAE: 0.00288, 0.00288, 0.05303, 0.03400
INFO | Test - Best epoch 83, Loss, MSE, RMSE, MAE: 0.00282, 0.00282, 0.05269, 0.03389
INFO | Time spent: 3.32s
INFO | - Epoch 088, ExpID 98629
INFO | Train - Loss (one batch): 0.00221
INFO | Val - Loss, MSE, RMSE, MAE: 0.00271, 0.00271, 0.05143, 0.03146
INFO | Test - Best epoch 88, Loss, MSE, RMSE, MAE: 0.00267, 0.00267, 0.05121, 0.03145
INFO | Time spent: 3.30s
INFO | - Epoch 089, ExpID 98629
INFO | Train - Loss (one batch): 0.00246
INFO | Val - Loss, MSE, RMSE, MAE: 0.00279, 0.00279, 0.05216, 0.03202
INFO | Test - Best epoch 88, Loss, MSE, RMSE, MAE: 0.00273, 0.00273, 0.05184, 0.03201
INFO | Time spent: 3.21s
INFO | - Epoch 090, ExpID 98629
INFO | Train - Loss (one batch): 0.00218
INFO | Val - Loss, MSE, RMSE, MAE: 0.00284, 0.00284, 0.05271, 0.03337
INFO | Test - Best epoch 88, Loss, MSE, RMSE, MAE: 0.00279, 0.00279, 0.05244, 0.03342
INFO | Time spent: 3.21s
INFO | - Epoch 091, ExpID 98629
INFO | Train - Loss (one batch): 0.00212
INFO | Val - Loss, MSE, RMSE, MAE: 0.00283, 0.00283, 0.05262, 0.03326
INFO | Test - Best epoch 88, Loss, MSE, RMSE, MAE: 0.00280, 0.00280, 0.05255, 0.03357
INFO | Time spent: 3.17s
INFO | - Epoch 092, ExpID 98629
INFO | Train - Loss (one batch): 0.00271
INFO | Val - Loss, MSE, RMSE, MAE: 0.00286, 0.00286, 0.05285, 0.03337
INFO | Test - Best epoch 88, Loss, MSE, RMSE, MAE: 0.00280, 0.00280, 0.05247, 0.03329
INFO | Time spent: 3.20s
INFO | - Epoch 093, ExpID 98629
INFO | Train - Loss (one batch): 0.00240
INFO | Val - Loss, MSE, RMSE, MAE: 0.00271, 0.00271, 0.05139, 0.03158
INFO | Test - Best epoch 93, Loss, MSE, RMSE, MAE: 0.00267, 0.00267, 0.05122, 0.03164
INFO | Time spent: 3.20s
INFO | - Epoch 094, ExpID 98629
INFO | Train - Loss (one batch): 0.00277
INFO | Val - Loss, MSE, RMSE, MAE: 0.00277, 0.00277, 0.05199, 0.03201
INFO | Test - Best epoch 93, Loss, MSE, RMSE, MAE: 0.00271, 0.00271, 0.05156, 0.03182
INFO | Time spent: 3.20s
INFO | - Epoch 095, ExpID 98629
INFO | Train - Loss (one batch): 0.00180
INFO | Val - Loss, MSE, RMSE, MAE: 0.00280, 0.00280, 0.05227, 0.03271
INFO | Test - Best epoch 93, Loss, MSE, RMSE, MAE: 0.00275, 0.00275, 0.05201, 0.03275
INFO | Time spent: 3.21s
INFO | - Epoch 096, ExpID 98629
INFO | Train - Loss (one batch): 0.00237
INFO | Val - Loss, MSE, RMSE, MAE: 0.00272, 0.00272, 0.05155, 0.03165
INFO | Test - Best epoch 93, Loss, MSE, RMSE, MAE: 0.00268, 0.00268, 0.05134, 0.03169
INFO | Time spent: 3.21s
INFO | - Epoch 097, ExpID 98629
INFO | Train - Loss (one batch): 0.00245
INFO | Val - Loss, MSE, RMSE, MAE: 0.00286, 0.00286, 0.05287, 0.03345
INFO | Test - Best epoch 93, Loss, MSE, RMSE, MAE: 0.00279, 0.00279, 0.05249, 0.03340
INFO | Time spent: 3.19s
INFO | - Epoch 098, ExpID 98629
INFO | Train - Loss (one batch): 0.00332
INFO | Val - Loss, MSE, RMSE, MAE: 0.00272, 0.00272, 0.05147, 0.03155
INFO | Test - Best epoch 98, Loss, MSE, RMSE, MAE: 0.00267, 0.00267, 0.05118, 0.03150
INFO | Time spent: 3.20s
INFO | - Epoch 099, ExpID 98629
INFO | Train - Loss (one batch): 0.00323
INFO | Val - Loss, MSE, RMSE, MAE: 0.00271, 0.00271, 0.05140, 0.03139
INFO | Test - Best epoch 99, Loss, MSE, RMSE, MAE: 0.00264, 0.00264, 0.05096, 0.03119
INFO | Time spent: 3.19s
INFO | - Epoch 100, ExpID 98629
INFO | Train - Loss (one batch): 0.00253
INFO | Val - Loss, MSE, RMSE, MAE: 0.00274, 0.00274, 0.05169, 0.03209
INFO | Test - Best epoch 99, Loss, MSE, RMSE, MAE: 0.00269, 0.00269, 0.05142, 0.03210
INFO | Time spent: 3.19s
INFO | - Epoch 101, ExpID 98629
INFO | Train - Loss (one batch): 0.00234
INFO | Val - Loss, MSE, RMSE, MAE: 0.00271, 0.00271, 0.05141, 0.03137
INFO | Test - Best epoch 99, Loss, MSE, RMSE, MAE: 0.00266, 0.00266, 0.05109, 0.03136
INFO | Time spent: 3.19s
INFO | - Epoch 102, ExpID 98629
INFO | Train - Loss (one batch): 0.00303
INFO | Val - Loss, MSE, RMSE, MAE: 0.00286, 0.00286, 0.05291, 0.03398
INFO | Test - Best epoch 99, Loss, MSE, RMSE, MAE: 0.00282, 0.00282, 0.05273, 0.03424
INFO | Time spent: 3.21s
INFO | - Epoch 103, ExpID 98629
INFO | Train - Loss (one batch): 0.00325
INFO | Val - Loss, MSE, RMSE, MAE: 0.00272, 0.00272, 0.05145, 0.03149
INFO | Test - Best epoch 99, Loss, MSE, RMSE, MAE: 0.00265, 0.00265, 0.05101, 0.03157
INFO | Time spent: 3.20s
INFO | - Epoch 104, ExpID 98629
INFO | Train - Loss (one batch): 0.00220
INFO | Val - Loss, MSE, RMSE, MAE: 0.00272, 0.00272, 0.05157, 0.03200
INFO | Test - Best epoch 99, Loss, MSE, RMSE, MAE: 0.00268, 0.00268, 0.05133, 0.03192
INFO | Time spent: 3.18s
INFO | - Epoch 105, ExpID 98629
INFO | Train - Loss (one batch): 0.00227
INFO | Val - Loss, MSE, RMSE, MAE: 0.00290, 0.00290, 0.05329, 0.03445
INFO | Test - Best epoch 99, Loss, MSE, RMSE, MAE: 0.00285, 0.00285, 0.05303, 0.03462
INFO | Time spent: 3.20s
INFO | - Epoch 106, ExpID 98629
INFO | Train - Loss (one batch): 0.00218
INFO | Val - Loss, MSE, RMSE, MAE: 0.00273, 0.00273, 0.05157, 0.03171
INFO | Test - Best epoch 99, Loss, MSE, RMSE, MAE: 0.00266, 0.00266, 0.05117, 0.03184
INFO | Time spent: 3.21s
INFO | - Epoch 107, ExpID 98629
INFO | Train - Loss (one batch): 0.00222
INFO | Val - Loss, MSE, RMSE, MAE: 0.00284, 0.00284, 0.05270, 0.03307
INFO | Test - Best epoch 99, Loss, MSE, RMSE, MAE: 0.00279, 0.00279, 0.05239, 0.03316
INFO | Time spent: 3.18s
INFO | - Epoch 108, ExpID 98629
INFO | Train - Loss (one batch): 0.00283
INFO | Val - Loss, MSE, RMSE, MAE: 0.00274, 0.00274, 0.05171, 0.03203
INFO | Test - Best epoch 99, Loss, MSE, RMSE, MAE: 0.00269, 0.00269, 0.05146, 0.03202
INFO | Time spent: 3.19s
INFO | - Epoch 109, ExpID 98629
INFO | Train - Loss (one batch): 0.00211
INFO | Val - Loss, MSE, RMSE, MAE: 0.00287, 0.00287, 0.05295, 0.03368
INFO | Test - Best epoch 99, Loss, MSE, RMSE, MAE: 0.00279, 0.00279, 0.05247, 0.03363
INFO | Time spent: 3.20s
INFO | - Epoch 110, ExpID 98629
INFO | Train - Loss (one batch): 0.00205
INFO | Val - Loss, MSE, RMSE, MAE: 0.00276, 0.00276, 0.05191, 0.03239
INFO | Test - Best epoch 99, Loss, MSE, RMSE, MAE: 0.00271, 0.00271, 0.05160, 0.03247
INFO | Time spent: 3.20s
INFO | - Epoch 111, ExpID 98629
INFO | Train - Loss (one batch): 0.00237
INFO | Val - Loss, MSE, RMSE, MAE: 0.00271, 0.00271, 0.05142, 0.03143
INFO | Test - Best epoch 111, Loss, MSE, RMSE, MAE: 0.00264, 0.00264, 0.05091, 0.03138
INFO | Time spent: 3.18s
INFO | - Epoch 112, ExpID 98629
INFO | Train - Loss (one batch): 0.00253
INFO | Val - Loss, MSE, RMSE, MAE: 0.00268, 0.00268, 0.05115, 0.03126
INFO | Test - Best epoch 112, Loss, MSE, RMSE, MAE: 0.00263, 0.00263, 0.05084, 0.03128
INFO | Time spent: 3.17s
INFO | - Epoch 113, ExpID 98629
INFO | Train - Loss (one batch): 0.00244
INFO | Val - Loss, MSE, RMSE, MAE: 0.00268, 0.00268, 0.05109, 0.03108
INFO | Test - Best epoch 113, Loss, MSE, RMSE, MAE: 0.00262, 0.00262, 0.05077, 0.03115
INFO | Time spent: 3.20s
INFO | - Epoch 114, ExpID 98629
INFO | Train - Loss (one batch): 0.00244
INFO | Val - Loss, MSE, RMSE, MAE: 0.00275, 0.00275, 0.05179, 0.03223
INFO | Test - Best epoch 113, Loss, MSE, RMSE, MAE: 0.00268, 0.00268, 0.05134, 0.03239
INFO | Time spent: 3.19s
INFO | - Epoch 115, ExpID 98629
INFO | Train - Loss (one batch): 0.00163
INFO | Val - Loss, MSE, RMSE, MAE: 0.00269, 0.00269, 0.05119, 0.03098
INFO | Test - Best epoch 115, Loss, MSE, RMSE, MAE: 0.00261, 0.00261, 0.05065, 0.03090
INFO | Time spent: 3.20s
INFO | - Epoch 116, ExpID 98629
INFO | Train - Loss (one batch): 0.00213
INFO | Val - Loss, MSE, RMSE, MAE: 0.00294, 0.00294, 0.05369, 0.03539
INFO | Test - Best epoch 115, Loss, MSE, RMSE, MAE: 0.00288, 0.00288, 0.05326, 0.03523
INFO | Time spent: 3.20s
INFO | - Epoch 117, ExpID 98629
INFO | Train - Loss (one batch): 0.00163
INFO | Val - Loss, MSE, RMSE, MAE: 0.00293, 0.00293, 0.05359, 0.03504
INFO | Test - Best epoch 115, Loss, MSE, RMSE, MAE: 0.00286, 0.00286, 0.05313, 0.03511
INFO | Time spent: 3.18s
INFO | - Epoch 118, ExpID 98629
INFO | Train - Loss (one batch): 0.00268
INFO | Val - Loss, MSE, RMSE, MAE: 0.00274, 0.00274, 0.05166, 0.03195
INFO | Test - Best epoch 115, Loss, MSE, RMSE, MAE: 0.00265, 0.00265, 0.05101, 0.03166
INFO | Time spent: 3.26s
INFO | - Epoch 119, ExpID 98629
INFO | Train - Loss (one batch): 0.00183
INFO | Val - Loss, MSE, RMSE, MAE: 0.00269, 0.00269, 0.05122, 0.03117
INFO | Test - Best epoch 115, Loss, MSE, RMSE, MAE: 0.00264, 0.00264, 0.05094, 0.03123
INFO | Time spent: 3.35s
INFO | - Epoch 120, ExpID 98629
INFO | Train - Loss (one batch): 0.00312
INFO | Val - Loss, MSE, RMSE, MAE: 0.00270, 0.00270, 0.05137, 0.03154
INFO | Test - Best epoch 115, Loss, MSE, RMSE, MAE: 0.00265, 0.00265, 0.05100, 0.03153
INFO | Time spent: 3.20s
INFO | - Epoch 121, ExpID 98629
INFO | Train - Loss (one batch): 0.00219
INFO | Val - Loss, MSE, RMSE, MAE: 0.00281, 0.00281, 0.05237, 0.03300
INFO | Test - Best epoch 115, Loss, MSE, RMSE, MAE: 0.00271, 0.00271, 0.05169, 0.03275
INFO | Time spent: 3.19s
INFO | - Epoch 122, ExpID 98629
INFO | Train - Loss (one batch): 0.00270
INFO | Val - Loss, MSE, RMSE, MAE: 0.00268, 0.00268, 0.05116, 0.03123
INFO | Test - Best epoch 115, Loss, MSE, RMSE, MAE: 0.00263, 0.00263, 0.05083, 0.03111
INFO | Time spent: 3.36s
INFO | - Epoch 123, ExpID 98629
INFO | Train - Loss (one batch): 0.00190
INFO | Val - Loss, MSE, RMSE, MAE: 0.00273, 0.00273, 0.05162, 0.03173
INFO | Test - Best epoch 115, Loss, MSE, RMSE, MAE: 0.00267, 0.00267, 0.05123, 0.03174
INFO | Time spent: 3.19s
INFO | - Epoch 124, ExpID 98629
INFO | Train - Loss (one batch): 0.00271
INFO | Val - Loss, MSE, RMSE, MAE: 0.00274, 0.00274, 0.05173, 0.03263
INFO | Test - Best epoch 115, Loss, MSE, RMSE, MAE: 0.00267, 0.00267, 0.05133, 0.03273
INFO | Time spent: 3.19s
INFO | - Epoch 125, ExpID 98629
INFO | Train - Loss (one batch): 0.00273
INFO | Val - Loss, MSE, RMSE, MAE: 0.00277, 0.00277, 0.05208, 0.03282
INFO | Test - Best epoch 115, Loss, MSE, RMSE, MAE: 0.00270, 0.00270, 0.05161, 0.03284
INFO | Time spent: 3.20s
INFO | - Epoch 126, ExpID 98629
INFO | Train - Loss (one batch): 0.00252
INFO | Val - Loss, MSE, RMSE, MAE: 0.00269, 0.00269, 0.05121, 0.03133
INFO | Test - Best epoch 126, Loss, MSE, RMSE, MAE: 0.00261, 0.00261, 0.05065, 0.03104
INFO | Time spent: 3.20s
INFO | - Epoch 127, ExpID 98629
INFO | Train - Loss (one batch): 0.00189
INFO | Val - Loss, MSE, RMSE, MAE: 0.00273, 0.00273, 0.05157, 0.03178
INFO | Test - Best epoch 126, Loss, MSE, RMSE, MAE: 0.00266, 0.00266, 0.05111, 0.03163
INFO | Time spent: 3.20s
INFO | - Epoch 128, ExpID 98629
INFO | Train - Loss (one batch): 0.00231
INFO | Val - Loss, MSE, RMSE, MAE: 0.00269, 0.00269, 0.05123, 0.03139
INFO | Test - Best epoch 128, Loss, MSE, RMSE, MAE: 0.00260, 0.00260, 0.05059, 0.03112
INFO | Time spent: 3.29s
INFO | - Epoch 129, ExpID 98629
INFO | Train - Loss (one batch): 0.00207
INFO | Val - Loss, MSE, RMSE, MAE: 0.00278, 0.00278, 0.05215, 0.03260
INFO | Test - Best epoch 128, Loss, MSE, RMSE, MAE: 0.00272, 0.00272, 0.05172, 0.03246
INFO | Time spent: 3.23s
INFO | - Epoch 130, ExpID 98629
INFO | Train - Loss (one batch): 0.00263
INFO | Val - Loss, MSE, RMSE, MAE: 0.00281, 0.00281, 0.05242, 0.03336
INFO | Test - Best epoch 128, Loss, MSE, RMSE, MAE: 0.00273, 0.00273, 0.05185, 0.03320
INFO | Time spent: 3.22s
INFO | - Epoch 131, ExpID 98629
INFO | Train - Loss (one batch): 0.00291
INFO | Val - Loss, MSE, RMSE, MAE: 0.00288, 0.00288, 0.05304, 0.03397
INFO | Test - Best epoch 128, Loss, MSE, RMSE, MAE: 0.00278, 0.00278, 0.05234, 0.03373
INFO | Time spent: 3.20s
INFO | - Epoch 132, ExpID 98629
INFO | Train - Loss (one batch): 0.00230
INFO | Val - Loss, MSE, RMSE, MAE: 0.00286, 0.00286, 0.05290, 0.03414
INFO | Test - Best epoch 128, Loss, MSE, RMSE, MAE: 0.00281, 0.00281, 0.05260, 0.03438
INFO | Time spent: 3.19s
INFO | - Epoch 133, ExpID 98629
INFO | Train - Loss (one batch): 0.00268
INFO | Val - Loss, MSE, RMSE, MAE: 0.00272, 0.00272, 0.05157, 0.03190
INFO | Test - Best epoch 128, Loss, MSE, RMSE, MAE: 0.00267, 0.00267, 0.05123, 0.03208
INFO | Time spent: 3.20s
INFO | - Epoch 134, ExpID 98629
INFO | Train - Loss (one batch): 0.00280
INFO | Val - Loss, MSE, RMSE, MAE: 0.00274, 0.00274, 0.05171, 0.03242
INFO | Test - Best epoch 128, Loss, MSE, RMSE, MAE: 0.00267, 0.00267, 0.05126, 0.03244
INFO | Time spent: 3.21s
INFO | - Epoch 135, ExpID 98629
INFO | Train - Loss (one batch): 0.00237
INFO | Val - Loss, MSE, RMSE, MAE: 0.00269, 0.00269, 0.05119, 0.03159
INFO | Test - Best epoch 128, Loss, MSE, RMSE, MAE: 0.00265, 0.00265, 0.05108, 0.03183
INFO | Time spent: 3.20s
INFO | - Epoch 136, ExpID 98629
INFO | Train - Loss (one batch): 0.00268
INFO | Val - Loss, MSE, RMSE, MAE: 0.00274, 0.00274, 0.05171, 0.03199
INFO | Test - Best epoch 128, Loss, MSE, RMSE, MAE: 0.00267, 0.00267, 0.05118, 0.03196
INFO | Time spent: 3.40s
INFO | - Epoch 137, ExpID 98629
INFO | Train - Loss (one batch): 0.00233
INFO | Val - Loss, MSE, RMSE, MAE: 0.00278, 0.00278, 0.05216, 0.03299
INFO | Test - Best epoch 128, Loss, MSE, RMSE, MAE: 0.00270, 0.00270, 0.05159, 0.03302
INFO | Time spent: 3.21s
INFO | - Epoch 138, ExpID 98629
INFO | Train - Loss (one batch): 0.00241
INFO | Val - Loss, MSE, RMSE, MAE: 0.00287, 0.00287, 0.05301, 0.03446
INFO | Test - Best epoch 128, Loss, MSE, RMSE, MAE: 0.00278, 0.00278, 0.05235, 0.03409
INFO | Time spent: 3.20s
INFO | - Epoch 139, ExpID 98629
INFO | Train - Loss (one batch): 0.00253
INFO | Val - Loss, MSE, RMSE, MAE: 0.00270, 0.00270, 0.05132, 0.03132
INFO | Test - Best epoch 128, Loss, MSE, RMSE, MAE: 0.00260, 0.00260, 0.05059, 0.03112
INFO | Time spent: 3.19s
INFO | - Epoch 140, ExpID 98629
INFO | Train - Loss (one batch): 0.00230
INFO | Val - Loss, MSE, RMSE, MAE: 0.00268, 0.00268, 0.05112, 0.03117
INFO | Test - Best epoch 128, Loss, MSE, RMSE, MAE: 0.00262, 0.00262, 0.05077, 0.03115
INFO | Time spent: 3.22s
INFO | - Epoch 141, ExpID 98629
INFO | Train - Loss (one batch): 0.00247
INFO | Val - Loss, MSE, RMSE, MAE: 0.00269, 0.00269, 0.05117, 0.03137
INFO | Test - Best epoch 128, Loss, MSE, RMSE, MAE: 0.00261, 0.00261, 0.05064, 0.03132
INFO | Time spent: 3.21s
INFO | - Epoch 142, ExpID 98629
INFO | Train - Loss (one batch): 0.00243
INFO | Val - Loss, MSE, RMSE, MAE: 0.00272, 0.00272, 0.05156, 0.03190
INFO | Test - Best epoch 128, Loss, MSE, RMSE, MAE: 0.00265, 0.00265, 0.05102, 0.03167
INFO | Time spent: 3.43s
INFO | - Epoch 143, ExpID 98629
INFO | Train - Loss (one batch): 0.00251
INFO | Val - Loss, MSE, RMSE, MAE: 0.00273, 0.00273, 0.05162, 0.03207
INFO | Test - Best epoch 128, Loss, MSE, RMSE, MAE: 0.00266, 0.00266, 0.05112, 0.03206
INFO | Time spent: 3.22s
INFO | - Epoch 144, ExpID 98629
INFO | Train - Loss (one batch): 0.00267
INFO | Val - Loss, MSE, RMSE, MAE: 0.00268, 0.00268, 0.05109, 0.03110
INFO | Test - Best epoch 144, Loss, MSE, RMSE, MAE: 0.00260, 0.00260, 0.05054, 0.03101
INFO | Time spent: 3.19s
INFO | - Epoch 145, ExpID 98629
INFO | Train - Loss (one batch): 0.00201
INFO | Val - Loss, MSE, RMSE, MAE: 0.00267, 0.00267, 0.05103, 0.03106
INFO | Test - Best epoch 145, Loss, MSE, RMSE, MAE: 0.00260, 0.00260, 0.05053, 0.03090
INFO | Time spent: 3.20s
INFO | - Epoch 146, ExpID 98629
INFO | Train - Loss (one batch): 0.00184
INFO | Val - Loss, MSE, RMSE, MAE: 0.00263, 0.00263, 0.05064, 0.03083
INFO | Test - Best epoch 146, Loss, MSE, RMSE, MAE: 0.00258, 0.00258, 0.05030, 0.03077
INFO | Time spent: 3.22s
INFO | - Epoch 147, ExpID 98629
INFO | Train - Loss (one batch): 0.00219
INFO | Val - Loss, MSE, RMSE, MAE: 0.00285, 0.00285, 0.05278, 0.03383
INFO | Test - Best epoch 146, Loss, MSE, RMSE, MAE: 0.00277, 0.00277, 0.05219, 0.03362
INFO | Time spent: 3.19s
INFO | - Epoch 148, ExpID 98629
INFO | Train - Loss (one batch): 0.00209
INFO | Val - Loss, MSE, RMSE, MAE: 0.00268, 0.00268, 0.05114, 0.03176
INFO | Test - Best epoch 146, Loss, MSE, RMSE, MAE: 0.00262, 0.00262, 0.05068, 0.03156
INFO | Time spent: 3.17s
INFO | - Epoch 149, ExpID 98629
INFO | Train - Loss (one batch): 0.00246
INFO | Val - Loss, MSE, RMSE, MAE: 0.00268, 0.00268, 0.05106, 0.03133
INFO | Test - Best epoch 146, Loss, MSE, RMSE, MAE: 0.00262, 0.00262, 0.05078, 0.03146
INFO | Time spent: 3.20s
INFO | - Epoch 150, ExpID 98629
INFO | Train - Loss (one batch): 0.00216
INFO | Val - Loss, MSE, RMSE, MAE: 0.00267, 0.00267, 0.05102, 0.03113
INFO | Test - Best epoch 146, Loss, MSE, RMSE, MAE: 0.00260, 0.00260, 0.05059, 0.03120
INFO | Time spent: 3.19s
INFO | - Epoch 151, ExpID 98629
INFO | Train - Loss (one batch): 0.00239
INFO | Val - Loss, MSE, RMSE, MAE: 0.00268, 0.00268, 0.05115, 0.03128
INFO | Test - Best epoch 146, Loss, MSE, RMSE, MAE: 0.00261, 0.00261, 0.05060, 0.03111
INFO | Time spent: 3.19s
INFO | - Epoch 152, ExpID 98629
INFO | Train - Loss (one batch): 0.00190
INFO | Val - Loss, MSE, RMSE, MAE: 0.00265, 0.00265, 0.05086, 0.03078
INFO | Test - Best epoch 146, Loss, MSE, RMSE, MAE: 0.00260, 0.00260, 0.05056, 0.03085
INFO | Time spent: 3.19s
INFO | - Epoch 153, ExpID 98629
INFO | Train - Loss (one batch): 0.00264
INFO | Val - Loss, MSE, RMSE, MAE: 0.00274, 0.00274, 0.05170, 0.03255
INFO | Test - Best epoch 146, Loss, MSE, RMSE, MAE: 0.00268, 0.00268, 0.05138, 0.03253
INFO | Time spent: 3.21s
INFO | - Epoch 154, ExpID 98629
INFO | Train - Loss (one batch): 0.00202
INFO | Val - Loss, MSE, RMSE, MAE: 0.00263, 0.00263, 0.05059, 0.03060
INFO | Test - Best epoch 146, Loss, MSE, RMSE, MAE: 0.00258, 0.00258, 0.05036, 0.03076
INFO | Time spent: 3.27s
INFO | - Epoch 155, ExpID 98629
INFO | Train - Loss (one batch): 0.00203
INFO | Val - Loss, MSE, RMSE, MAE: 0.00279, 0.00279, 0.05226, 0.03349
INFO | Test - Best epoch 146, Loss, MSE, RMSE, MAE: 0.00274, 0.00274, 0.05192, 0.03343
INFO | Time spent: 3.32s
INFO | - Epoch 156, ExpID 98629
INFO | Train - Loss (one batch): 0.00236
INFO | Val - Loss, MSE, RMSE, MAE: 0.00267, 0.00267, 0.05106, 0.03112
INFO | Test - Best epoch 146, Loss, MSE, RMSE, MAE: 0.00262, 0.00262, 0.05068, 0.03119
INFO | Time spent: 3.42s
INFO | - Epoch 157, ExpID 98629
INFO | Train - Loss (one batch): 0.00157
INFO | Val - Loss, MSE, RMSE, MAE: 0.00264, 0.00264, 0.05075, 0.03111
INFO | Test - Best epoch 146, Loss, MSE, RMSE, MAE: 0.00261, 0.00261, 0.05061, 0.03129
INFO | Time spent: 3.18s
INFO | - Epoch 158, ExpID 98629
INFO | Train - Loss (one batch): 0.00218
INFO | Val - Loss, MSE, RMSE, MAE: 0.00269, 0.00269, 0.05117, 0.03160
INFO | Test - Best epoch 146, Loss, MSE, RMSE, MAE: 0.00265, 0.00265, 0.05102, 0.03184
INFO | Time spent: 3.29s
INFO | - Epoch 159, ExpID 98629
INFO | Train - Loss (one batch): 0.00228
INFO | Val - Loss, MSE, RMSE, MAE: 0.00264, 0.00264, 0.05075, 0.03062
INFO | Test - Best epoch 146, Loss, MSE, RMSE, MAE: 0.00260, 0.00260, 0.05049, 0.03064
INFO | Time spent: 3.20s
INFO | - Epoch 160, ExpID 98629
INFO | Train - Loss (one batch): 0.00206
INFO | Val - Loss, MSE, RMSE, MAE: 0.00276, 0.00276, 0.05196, 0.03302
INFO | Test - Best epoch 146, Loss, MSE, RMSE, MAE: 0.00270, 0.00270, 0.05153, 0.03300
INFO | Time spent: 3.19s
INFO | - Epoch 161, ExpID 98629
INFO | Train - Loss (one batch): 0.00222
INFO | Val - Loss, MSE, RMSE, MAE: 0.00270, 0.00270, 0.05134, 0.03126
INFO | Test - Best epoch 146, Loss, MSE, RMSE, MAE: 0.00265, 0.00265, 0.05105, 0.03115
INFO | Time spent: 3.19s
INFO | - Epoch 162, ExpID 98629
INFO | Train - Loss (one batch): 0.00232
INFO | Val - Loss, MSE, RMSE, MAE: 0.00274, 0.00274, 0.05160, 0.03167
INFO | Test - Best epoch 146, Loss, MSE, RMSE, MAE: 0.00265, 0.00265, 0.05103, 0.03154
INFO | Time spent: 3.20s
INFO | - Epoch 163, ExpID 98629
INFO | Train - Loss (one batch): 0.00223
INFO | Val - Loss, MSE, RMSE, MAE: 0.00277, 0.00277, 0.05191, 0.03254
INFO | Test - Best epoch 146, Loss, MSE, RMSE, MAE: 0.00270, 0.00270, 0.05152, 0.03257
INFO | Time spent: 3.20s
INFO | - Epoch 164, ExpID 98629
INFO | Train - Loss (one batch): 0.00215
INFO | Val - Loss, MSE, RMSE, MAE: 0.00281, 0.00281, 0.05241, 0.03395
INFO | Test - Best epoch 146, Loss, MSE, RMSE, MAE: 0.00276, 0.00276, 0.05208, 0.03388
INFO | Time spent: 3.41s
INFO | - Epoch 165, ExpID 98629
INFO | Train - Loss (one batch): 0.00199
INFO | Val - Loss, MSE, RMSE, MAE: 0.00273, 0.00273, 0.05162, 0.03197
INFO | Test - Best epoch 146, Loss, MSE, RMSE, MAE: 0.00268, 0.00268, 0.05134, 0.03201
INFO | Time spent: 3.18s
INFO | - Epoch 166, ExpID 98629
INFO | Train - Loss (one batch): 0.00168
INFO | Val - Loss, MSE, RMSE, MAE: 0.00271, 0.00271, 0.05133, 0.03168
INFO | Test - Best epoch 146, Loss, MSE, RMSE, MAE: 0.00263, 0.00263, 0.05086, 0.03144
INFO | Time spent: 3.20s
INFO | - Epoch 167, ExpID 98629
INFO | Train - Loss (one batch): 0.00194
INFO | Val - Loss, MSE, RMSE, MAE: 0.00278, 0.00278, 0.05208, 0.03332
INFO | Test - Best epoch 146, Loss, MSE, RMSE, MAE: 0.00272, 0.00272, 0.05178, 0.03344
INFO | Time spent: 3.21s
INFO | - Epoch 168, ExpID 98629
INFO | Train - Loss (one batch): 0.00237
INFO | Val - Loss, MSE, RMSE, MAE: 0.00264, 0.00264, 0.05073, 0.03095
INFO | Test - Best epoch 146, Loss, MSE, RMSE, MAE: 0.00259, 0.00259, 0.05039, 0.03087
INFO | Time spent: 3.19s
INFO | - Epoch 169, ExpID 98629
INFO | Train - Loss (one batch): 0.00326
INFO | Val - Loss, MSE, RMSE, MAE: 0.00265, 0.00265, 0.05085, 0.03127
INFO | Test - Best epoch 146, Loss, MSE, RMSE, MAE: 0.00261, 0.00261, 0.05066, 0.03129
INFO | Time spent: 3.18s
INFO | - Epoch 170, ExpID 98629
INFO | Train - Loss (one batch): 0.00228
INFO | Val - Loss, MSE, RMSE, MAE: 0.00267, 0.00267, 0.05101, 0.03150
INFO | Test - Best epoch 146, Loss, MSE, RMSE, MAE: 0.00261, 0.00261, 0.05060, 0.03138
INFO | Time spent: 3.20s
INFO | - Epoch 171, ExpID 98629
INFO | Train - Loss (one batch): 0.00233
INFO | Val - Loss, MSE, RMSE, MAE: 0.00267, 0.00267, 0.05107, 0.03148
INFO | Test - Best epoch 146, Loss, MSE, RMSE, MAE: 0.00263, 0.00263, 0.05084, 0.03157
INFO | Time spent: 3.20s
INFO | - Epoch 172, ExpID 98629
INFO | Train - Loss (one batch): 0.00201
INFO | Val - Loss, MSE, RMSE, MAE: 0.00276, 0.00276, 0.05184, 0.03227
INFO | Test - Best epoch 146, Loss, MSE, RMSE, MAE: 0.00268, 0.00268, 0.05133, 0.03199
INFO | Time spent: 3.21s
INFO | - Epoch 173, ExpID 98629
INFO | Train - Loss (one batch): 0.00210
INFO | Val - Loss, MSE, RMSE, MAE: 0.00268, 0.00268, 0.05110, 0.03103
INFO | Test - Best epoch 146, Loss, MSE, RMSE, MAE: 0.00261, 0.00261, 0.05064, 0.03105
INFO | Time spent: 3.22s
INFO | - Epoch 174, ExpID 98629
INFO | Train - Loss (one batch): 0.00193
INFO | Val - Loss, MSE, RMSE, MAE: 0.00267, 0.00267, 0.05106, 0.03175
INFO | Test - Best epoch 146, Loss, MSE, RMSE, MAE: 0.00262, 0.00262, 0.05075, 0.03171
INFO | Time spent: 3.34s
INFO | - Epoch 175, ExpID 98629
INFO | Train - Loss (one batch): 0.00243
INFO | Val - Loss, MSE, RMSE, MAE: 0.00272, 0.00272, 0.05148, 0.03248
INFO | Test - Best epoch 146, Loss, MSE, RMSE, MAE: 0.00267, 0.00267, 0.05129, 0.03246
INFO | Time spent: 3.21s
INFO | - Epoch 176, ExpID 98629
INFO | Train - Loss (one batch): 0.00230
INFO | Val - Loss, MSE, RMSE, MAE: 0.00271, 0.00271, 0.05144, 0.03229
INFO | Test - Best epoch 146, Loss, MSE, RMSE, MAE: 0.00266, 0.00266, 0.05118, 0.03229
INFO | Time spent: 3.21s
INFO | - Epoch 177, ExpID 98629
INFO | Train - Loss (one batch): 0.00199
INFO | Val - Loss, MSE, RMSE, MAE: 0.00266, 0.00266, 0.05090, 0.03131
INFO | Test - Best epoch 146, Loss, MSE, RMSE, MAE: 0.00260, 0.00260, 0.05051, 0.03123
INFO | Time spent: 3.22s
INFO | - Epoch 178, ExpID 98629
INFO | Train - Loss (one batch): 0.00232
INFO | Val - Loss, MSE, RMSE, MAE: 0.00278, 0.00278, 0.05211, 0.03292
INFO | Test - Best epoch 146, Loss, MSE, RMSE, MAE: 0.00272, 0.00272, 0.05173, 0.03300
INFO | Time spent: 3.20s
INFO | - Epoch 179, ExpID 98629
INFO | Train - Loss (one batch): 0.00243
INFO | Val - Loss, MSE, RMSE, MAE: 0.00269, 0.00269, 0.05120, 0.03189
INFO | Test - Best epoch 146, Loss, MSE, RMSE, MAE: 0.00266, 0.00266, 0.05113, 0.03213
INFO | Time spent: 3.21s
INFO | - Epoch 180, ExpID 98629
INFO | Train - Loss (one batch): 0.00272
INFO | Val - Loss, MSE, RMSE, MAE: 0.00267, 0.00267, 0.05094, 0.03087
INFO | Test - Best epoch 146, Loss, MSE, RMSE, MAE: 0.00261, 0.00261, 0.05057, 0.03089
INFO | Time spent: 3.17s
INFO | - Epoch 181, ExpID 98629
INFO | Train - Loss (one batch): 0.00238
INFO | Val - Loss, MSE, RMSE, MAE: 0.00272, 0.00272, 0.05146, 0.03212
INFO | Test - Best epoch 146, Loss, MSE, RMSE, MAE: 0.00265, 0.00265, 0.05102, 0.03199
INFO | Time spent: 3.21s
INFO | - Epoch 182, ExpID 98629
INFO | Train - Loss (one batch): 0.00149
INFO | Val - Loss, MSE, RMSE, MAE: 0.00267, 0.00267, 0.05100, 0.03163
INFO | Test - Best epoch 146, Loss, MSE, RMSE, MAE: 0.00262, 0.00262, 0.05078, 0.03160
INFO | Time spent: 3.19s
INFO | - Epoch 183, ExpID 98629
INFO | Train - Loss (one batch): 0.00267
INFO | Val - Loss, MSE, RMSE, MAE: 0.00265, 0.00265, 0.05085, 0.03121
INFO | Test - Best epoch 146, Loss, MSE, RMSE, MAE: 0.00259, 0.00259, 0.05049, 0.03116
INFO | Time spent: 3.20s
INFO | - Epoch 184, ExpID 98629
INFO | Train - Loss (one batch): 0.00209
INFO | Val - Loss, MSE, RMSE, MAE: 0.00267, 0.00267, 0.05097, 0.03117
INFO | Test - Best epoch 146, Loss, MSE, RMSE, MAE: 0.00260, 0.00260, 0.05053, 0.03113
INFO | Time spent: 3.20s
INFO | - Epoch 185, ExpID 98629
INFO | Train - Loss (one batch): 0.00169
INFO | Val - Loss, MSE, RMSE, MAE: 0.00265, 0.00265, 0.05082, 0.03110
INFO | Test - Best epoch 146, Loss, MSE, RMSE, MAE: 0.00261, 0.00261, 0.05067, 0.03124
INFO | Time spent: 3.20s
INFO | - Epoch 186, ExpID 98629
INFO | Train - Loss (one batch): 0.00220
INFO | Val - Loss, MSE, RMSE, MAE: 0.00268, 0.00268, 0.05112, 0.03145
INFO | Test - Best epoch 146, Loss, MSE, RMSE, MAE: 0.00261, 0.00261, 0.05063, 0.03126
INFO | Time spent: 3.21s
INFO | - Epoch 187, ExpID 98629
INFO | Train - Loss (one batch): 0.00178
INFO | Val - Loss, MSE, RMSE, MAE: 0.00274, 0.00274, 0.05167, 0.03226
INFO | Test - Best epoch 146, Loss, MSE, RMSE, MAE: 0.00266, 0.00266, 0.05114, 0.03213
INFO | Time spent: 3.20s
INFO | - Epoch 188, ExpID 98629
INFO | Train - Loss (one batch): 0.00204
INFO | Val - Loss, MSE, RMSE, MAE: 0.00266, 0.00266, 0.05095, 0.03155
INFO | Test - Best epoch 146, Loss, MSE, RMSE, MAE: 0.00263, 0.00263, 0.05088, 0.03184
INFO | Time spent: 3.19s
INFO | - Epoch 189, ExpID 98629
INFO | Train - Loss (one batch): 0.00284
INFO | Val - Loss, MSE, RMSE, MAE: 0.00274, 0.00274, 0.05172, 0.03206
INFO | Test - Best epoch 146, Loss, MSE, RMSE, MAE: 0.00268, 0.00268, 0.05132, 0.03200
INFO | Time spent: 3.16s
INFO | - Epoch 190, ExpID 98629
INFO | Train - Loss (one batch): 0.00230
INFO | Val - Loss, MSE, RMSE, MAE: 0.00269, 0.00269, 0.05119, 0.03199
INFO | Test - Best epoch 146, Loss, MSE, RMSE, MAE: 0.00264, 0.00264, 0.05090, 0.03186
INFO | Time spent: 3.21s
INFO | - Epoch 191, ExpID 98629
INFO | Train - Loss (one batch): 0.00245
INFO | Val - Loss, MSE, RMSE, MAE: 0.00268, 0.00268, 0.05109, 0.03165
INFO | Test - Best epoch 146, Loss, MSE, RMSE, MAE: 0.00265, 0.00265, 0.05104, 0.03174
INFO | Time spent: 3.21s
INFO | - Epoch 192, ExpID 98629
INFO | Train - Loss (one batch): 0.00269
INFO | Val - Loss, MSE, RMSE, MAE: 0.00265, 0.00265, 0.05080, 0.03110
INFO | Test - Best epoch 146, Loss, MSE, RMSE, MAE: 0.00260, 0.00260, 0.05053, 0.03104
INFO | Time spent: 3.22s
INFO | - Epoch 193, ExpID 98629
INFO | Train - Loss (one batch): 0.00257
INFO | Val - Loss, MSE, RMSE, MAE: 0.00268, 0.00268, 0.05108, 0.03140
INFO | Test - Best epoch 146, Loss, MSE, RMSE, MAE: 0.00262, 0.00262, 0.05076, 0.03136
INFO | Time spent: 3.21s
INFO | - Epoch 194, ExpID 98629
INFO | Train - Loss (one batch): 0.00151
INFO | Val - Loss, MSE, RMSE, MAE: 0.00266, 0.00266, 0.05085, 0.03086
INFO | Test - Best epoch 146, Loss, MSE, RMSE, MAE: 0.00261, 0.00261, 0.05068, 0.03088
INFO | Time spent: 3.20s
INFO | - Epoch 195, ExpID 98629
INFO | Train - Loss (one batch): 0.00172
INFO | Val - Loss, MSE, RMSE, MAE: 0.00264, 0.00264, 0.05068, 0.03091
INFO | Test - Best epoch 146, Loss, MSE, RMSE, MAE: 0.00260, 0.00260, 0.05054, 0.03101
INFO | Time spent: 3.18s
INFO | - Epoch 196, ExpID 98629
INFO | Train - Loss (one batch): 0.00347
INFO | Val - Loss, MSE, RMSE, MAE: 0.00268, 0.00268, 0.05104, 0.03118
INFO | Test - Best epoch 146, Loss, MSE, RMSE, MAE: 0.00261, 0.00261, 0.05061, 0.03100
INFO | Time spent: 3.21s
INFO | - Epoch 197, ExpID 98629
INFO | Train - Loss (one batch): 0.00256
INFO | Val - Loss, MSE, RMSE, MAE: 0.00300, 0.00300, 0.05426, 0.03620
INFO | Test - Best epoch 146, Loss, MSE, RMSE, MAE: 0.00296, 0.00296, 0.05400, 0.03614
INFO | Time spent: 3.19s
INFO | - Epoch 198, ExpID 98629
INFO | Train - Loss (one batch): 0.00286
INFO | Val - Loss, MSE, RMSE, MAE: 0.00270, 0.00270, 0.05123, 0.03135
INFO | Test - Best epoch 146, Loss, MSE, RMSE, MAE: 0.00264, 0.00264, 0.05086, 0.03124
INFO | Time spent: 3.27s
INFO | - Epoch 199, ExpID 98629
INFO | Train - Loss (one batch): 0.00263
INFO | Val - Loss, MSE, RMSE, MAE: 0.00265, 0.00265, 0.05084, 0.03112
INFO | Test - Best epoch 146, Loss, MSE, RMSE, MAE: 0.00260, 0.00260, 0.05053, 0.03116
INFO | Time spent: 3.21s
INFO | - Epoch 200, ExpID 98629
INFO | Train - Loss (one batch): 0.00200
INFO | Val - Loss, MSE, RMSE, MAE: 0.00280, 0.00280, 0.05233, 0.03334
INFO | Test - Best epoch 146, Loss, MSE, RMSE, MAE: 0.00274, 0.00274, 0.05191, 0.03340
INFO | Time spent: 3.19s
INFO | - Epoch 201, ExpID 98629
INFO | Train - Loss (one batch): 0.00253
INFO | Val - Loss, MSE, RMSE, MAE: 0.00267, 0.00267, 0.05095, 0.03102
INFO | Test - Best epoch 146, Loss, MSE, RMSE, MAE: 0.00261, 0.00261, 0.05062, 0.03107
INFO | Time spent: 3.20s
INFO | - Epoch 202, ExpID 98629
INFO | Train - Loss (one batch): 0.00161
INFO | Val - Loss, MSE, RMSE, MAE: 0.00291, 0.00291, 0.05334, 0.03480
INFO | Test - Best epoch 146, Loss, MSE, RMSE, MAE: 0.00284, 0.00284, 0.05290, 0.03470
INFO | Time spent: 3.22s
INFO | - Epoch 203, ExpID 98629
INFO | Train - Loss (one batch): 0.00242
INFO | Val - Loss, MSE, RMSE, MAE: 0.00277, 0.00277, 0.05196, 0.03259
INFO | Test - Best epoch 146, Loss, MSE, RMSE, MAE: 0.00269, 0.00269, 0.05148, 0.03253
INFO | Time spent: 3.28s
INFO | - Epoch 204, ExpID 98629
INFO | Train - Loss (one batch): 0.00262
INFO | Val - Loss, MSE, RMSE, MAE: 0.00269, 0.00269, 0.05120, 0.03129
INFO | Test - Best epoch 146, Loss, MSE, RMSE, MAE: 0.00262, 0.00262, 0.05077, 0.03122
INFO | Time spent: 3.19s
INFO | - Epoch 205, ExpID 98629
INFO | Train - Loss (one batch): 0.00159
INFO | Val - Loss, MSE, RMSE, MAE: 0.00265, 0.00265, 0.05082, 0.03087
INFO | Test - Best epoch 146, Loss, MSE, RMSE, MAE: 0.00259, 0.00259, 0.05045, 0.03085
INFO | Time spent: 3.21s
INFO | - Epoch 206, ExpID 98629
INFO | Train - Loss (one batch): 0.00176
INFO | Val - Loss, MSE, RMSE, MAE: 0.00267, 0.00267, 0.05100, 0.03104
INFO | Test - Best epoch 146, Loss, MSE, RMSE, MAE: 0.00261, 0.00261, 0.05058, 0.03102
INFO | Time spent: 3.21s
INFO | - Epoch 207, ExpID 98629
INFO | Train - Loss (one batch): 0.00228
INFO | Val - Loss, MSE, RMSE, MAE: 0.00268, 0.00268, 0.05103, 0.03087
INFO | Test - Best epoch 146, Loss, MSE, RMSE, MAE: 0.00260, 0.00260, 0.05053, 0.03086
INFO | Time spent: 3.24s
INFO | - Epoch 208, ExpID 98629
INFO | Train - Loss (one batch): 0.00163
INFO | Val - Loss, MSE, RMSE, MAE: 0.00283, 0.00283, 0.05243, 0.03286
INFO | Test - Best epoch 146, Loss, MSE, RMSE, MAE: 0.00270, 0.00270, 0.05142, 0.03251
INFO | Time spent: 3.26s
INFO | - Epoch 209, ExpID 98629
INFO | Train - Loss (one batch): 0.00263
INFO | Val - Loss, MSE, RMSE, MAE: 0.00271, 0.00271, 0.05132, 0.03161
INFO | Test - Best epoch 146, Loss, MSE, RMSE, MAE: 0.00263, 0.00263, 0.05079, 0.03141
INFO | Time spent: 3.22s
INFO | - Epoch 210, ExpID 98629
INFO | Train - Loss (one batch): 0.00154
INFO | Val - Loss, MSE, RMSE, MAE: 0.00272, 0.00272, 0.05148, 0.03211
INFO | Test - Best epoch 146, Loss, MSE, RMSE, MAE: 0.00265, 0.00265, 0.05104, 0.03177
INFO | Time spent: 3.21s
INFO | - Epoch 211, ExpID 98629
INFO | Train - Loss (one batch): 0.00251
INFO | Val - Loss, MSE, RMSE, MAE: 0.00265, 0.00265, 0.05080, 0.03088
INFO | Test - Best epoch 146, Loss, MSE, RMSE, MAE: 0.00258, 0.00258, 0.05031, 0.03071
INFO | Time spent: 3.20s
INFO | - Epoch 212, ExpID 98629
INFO | Train - Loss (one batch): 0.00216
INFO | Val - Loss, MSE, RMSE, MAE: 0.00267, 0.00267, 0.05097, 0.03130
INFO | Test - Best epoch 146, Loss, MSE, RMSE, MAE: 0.00261, 0.00261, 0.05069, 0.03139
INFO | Time spent: 3.25s
INFO | - Epoch 213, ExpID 98629
INFO | Train - Loss (one batch): 0.00266
INFO | Val - Loss, MSE, RMSE, MAE: 0.00266, 0.00266, 0.05088, 0.03087
INFO | Test - Best epoch 146, Loss, MSE, RMSE, MAE: 0.00260, 0.00260, 0.05057, 0.03097
INFO | Time spent: 3.21s
INFO | - Epoch 214, ExpID 98629
INFO | Train - Loss (one batch): 0.00216
INFO | Val - Loss, MSE, RMSE, MAE: 0.00271, 0.00271, 0.05135, 0.03139
INFO | Test - Best epoch 146, Loss, MSE, RMSE, MAE: 0.00264, 0.00264, 0.05090, 0.03125
INFO | Time spent: 3.21s
INFO | - Epoch 215, ExpID 98629
INFO | Train - Loss (one batch): 0.00253
INFO | Val - Loss, MSE, RMSE, MAE: 0.00270, 0.00270, 0.05130, 0.03172
INFO | Test - Best epoch 146, Loss, MSE, RMSE, MAE: 0.00264, 0.00264, 0.05097, 0.03167
INFO | Time spent: 3.20s
INFO | - Epoch 216, ExpID 98629
INFO | Train - Loss (one batch): 0.00224
INFO | Val - Loss, MSE, RMSE, MAE: 0.00266, 0.00266, 0.05091, 0.03111
INFO | Test - Best epoch 146, Loss, MSE, RMSE, MAE: 0.00261, 0.00261, 0.05062, 0.03099
INFO | Time spent: 3.21s
INFO | - Epoch 217, ExpID 98629
INFO | Train - Loss (one batch): 0.00225
INFO | Val - Loss, MSE, RMSE, MAE: 0.00268, 0.00268, 0.05109, 0.03106
INFO | Test - Best epoch 146, Loss, MSE, RMSE, MAE: 0.00261, 0.00261, 0.05065, 0.03102
INFO | Time spent: 3.22s
INFO | - Epoch 218, ExpID 98629
INFO | Train - Loss (one batch): 0.00177
INFO | Val - Loss, MSE, RMSE, MAE: 0.00266, 0.00266, 0.05088, 0.03110
INFO | Test - Best epoch 146, Loss, MSE, RMSE, MAE: 0.00261, 0.00261, 0.05063, 0.03118
INFO | Time spent: 3.21s
INFO | - Epoch 219, ExpID 98629
INFO | Train - Loss (one batch): 0.00228
INFO | Val - Loss, MSE, RMSE, MAE: 0.00270, 0.00270, 0.05129, 0.03150
INFO | Test - Best epoch 146, Loss, MSE, RMSE, MAE: 0.00264, 0.00264, 0.05093, 0.03154
INFO | Time spent: 3.22s
INFO | - Epoch 220, ExpID 98629
INFO | Train - Loss (one batch): 0.00217
INFO | Val - Loss, MSE, RMSE, MAE: 0.00268, 0.00268, 0.05101, 0.03094
INFO | Test - Best epoch 146, Loss, MSE, RMSE, MAE: 0.00259, 0.00259, 0.05041, 0.03073
INFO | Time spent: 3.22s
INFO | - Epoch 221, ExpID 98629
INFO | Train - Loss (one batch): 0.00237
INFO | Val - Loss, MSE, RMSE, MAE: 0.00270, 0.00270, 0.05129, 0.03157
INFO | Test - Best epoch 146, Loss, MSE, RMSE, MAE: 0.00264, 0.00264, 0.05086, 0.03151
INFO | Time spent: 3.23s
INFO | - Epoch 222, ExpID 98629
INFO | Train - Loss (one batch): 0.00197
INFO | Val - Loss, MSE, RMSE, MAE: 0.00279, 0.00279, 0.05216, 0.03340
INFO | Test - Best epoch 146, Loss, MSE, RMSE, MAE: 0.00272, 0.00272, 0.05173, 0.03309
INFO | Time spent: 3.21s
INFO | - Epoch 223, ExpID 98629
INFO | Train - Loss (one batch): 0.00214
INFO | Val - Loss, MSE, RMSE, MAE: 0.00272, 0.00272, 0.05151, 0.03206
INFO | Test - Best epoch 146, Loss, MSE, RMSE, MAE: 0.00266, 0.00266, 0.05120, 0.03208
INFO | Time spent: 3.22s
INFO | - Epoch 224, ExpID 98629
INFO | Train - Loss (one batch): 0.00255
INFO | Val - Loss, MSE, RMSE, MAE: 0.00274, 0.00274, 0.05167, 0.03210
INFO | Test - Best epoch 146, Loss, MSE, RMSE, MAE: 0.00271, 0.00271, 0.05161, 0.03239
INFO | Time spent: 3.44s
INFO | - Epoch 225, ExpID 98629
INFO | Train - Loss (one batch): 0.00263
INFO | Val - Loss, MSE, RMSE, MAE: 0.00271, 0.00271, 0.05142, 0.03190
INFO | Test - Best epoch 146, Loss, MSE, RMSE, MAE: 0.00266, 0.00266, 0.05107, 0.03198
INFO | Time spent: 3.20s
INFO | - Epoch 226, ExpID 98629
INFO | Train - Loss (one batch): 0.00195
INFO | Val - Loss, MSE, RMSE, MAE: 0.00268, 0.00268, 0.05110, 0.03123
INFO | Test - Best epoch 146, Loss, MSE, RMSE, MAE: 0.00263, 0.00263, 0.05078, 0.03108
INFO | Time spent: 3.20s
INFO | - Epoch 227, ExpID 98629
INFO | Train - Loss (one batch): 0.00177
INFO | Val - Loss, MSE, RMSE, MAE: 0.00271, 0.00271, 0.05135, 0.03196
INFO | Test - Best epoch 146, Loss, MSE, RMSE, MAE: 0.00267, 0.00267, 0.05119, 0.03200
INFO | Time spent: 3.20s
INFO | - Epoch 228, ExpID 98629
INFO | Train - Loss (one batch): 0.00241
INFO | Val - Loss, MSE, RMSE, MAE: 0.00271, 0.00271, 0.05144, 0.03217
INFO | Test - Best epoch 146, Loss, MSE, RMSE, MAE: 0.00267, 0.00267, 0.05126, 0.03237
INFO | Time spent: 3.23s
INFO | - Epoch 229, ExpID 98629
INFO | Train - Loss (one batch): 0.00240
INFO | Val - Loss, MSE, RMSE, MAE: 0.00263, 0.00263, 0.05058, 0.03056
INFO | Test - Best epoch 146, Loss, MSE, RMSE, MAE: 0.00258, 0.00258, 0.05033, 0.03068
INFO | Time spent: 3.21s
INFO | - Epoch 230, ExpID 98629
INFO | Train - Loss (one batch): 0.00236
INFO | Val - Loss, MSE, RMSE, MAE: 0.00267, 0.00267, 0.05100, 0.03154
INFO | Test - Best epoch 146, Loss, MSE, RMSE, MAE: 0.00262, 0.00262, 0.05078, 0.03169
INFO | Time spent: 3.23s
INFO | - Epoch 231, ExpID 98629
INFO | Train - Loss (one batch): 0.00202
INFO | Val - Loss, MSE, RMSE, MAE: 0.00267, 0.00267, 0.05098, 0.03102
INFO | Test - Best epoch 146, Loss, MSE, RMSE, MAE: 0.00263, 0.00263, 0.05086, 0.03112
INFO | Time spent: 3.22s
INFO | - Epoch 232, ExpID 98629
INFO | Train - Loss (one batch): 0.00190
INFO | Val - Loss, MSE, RMSE, MAE: 0.00268, 0.00268, 0.05103, 0.03095
INFO | Test - Best epoch 146, Loss, MSE, RMSE, MAE: 0.00260, 0.00260, 0.05049, 0.03085
INFO | Time spent: 3.22s
INFO | - Epoch 233, ExpID 98629
INFO | Train - Loss (one batch): 0.00204
INFO | Val - Loss, MSE, RMSE, MAE: 0.00274, 0.00274, 0.05169, 0.03250
INFO | Test - Best epoch 146, Loss, MSE, RMSE, MAE: 0.00270, 0.00270, 0.05148, 0.03244
INFO | Time spent: 3.22s
INFO | - Epoch 234, ExpID 98629
INFO | Train - Loss (one batch): 0.00214
INFO | Val - Loss, MSE, RMSE, MAE: 0.00270, 0.00270, 0.05129, 0.03189
INFO | Test - Best epoch 146, Loss, MSE, RMSE, MAE: 0.00265, 0.00265, 0.05108, 0.03191
INFO | Time spent: 3.21s
INFO | - Epoch 235, ExpID 98629
INFO | Train - Loss (one batch): 0.00202
INFO | Val - Loss, MSE, RMSE, MAE: 0.00270, 0.00270, 0.05120, 0.03126
INFO | Test - Best epoch 146, Loss, MSE, RMSE, MAE: 0.00264, 0.00264, 0.05091, 0.03120
INFO | Time spent: 3.22s
INFO | - Epoch 236, ExpID 98629
INFO | Train - Loss (one batch): 0.00181
INFO | Val - Loss, MSE, RMSE, MAE: 0.00269, 0.00269, 0.05110, 0.03089
INFO | Test - Best epoch 146, Loss, MSE, RMSE, MAE: 0.00263, 0.00263, 0.05083, 0.03097
INFO | Time spent: 3.21s
INFO | - Epoch 237, ExpID 98629
INFO | Train - Loss (one batch): 0.00191
INFO | Val - Loss, MSE, RMSE, MAE: 0.00270, 0.00270, 0.05128, 0.03162
INFO | Test - Best epoch 146, Loss, MSE, RMSE, MAE: 0.00264, 0.00264, 0.05095, 0.03162
INFO | Time spent: 3.22s
INFO | - Epoch 238, ExpID 98629
INFO | Train - Loss (one batch): 0.00293
INFO | Val - Loss, MSE, RMSE, MAE: 0.00270, 0.00270, 0.05125, 0.03142
INFO | Test - Best epoch 146, Loss, MSE, RMSE, MAE: 0.00264, 0.00264, 0.05092, 0.03129
INFO | Time spent: 3.21s
INFO | - Epoch 239, ExpID 98629
INFO | Train - Loss (one batch): 0.00258
INFO | Val - Loss, MSE, RMSE, MAE: 0.00267, 0.00267, 0.05100, 0.03096
INFO | Test - Best epoch 146, Loss, MSE, RMSE, MAE: 0.00259, 0.00259, 0.05046, 0.03075
INFO | Time spent: 3.21s
INFO | - Epoch 240, ExpID 98629
INFO | Train - Loss (one batch): 0.00165
INFO | Val - Loss, MSE, RMSE, MAE: 0.00266, 0.00266, 0.05091, 0.03084
INFO | Test - Best epoch 146, Loss, MSE, RMSE, MAE: 0.00260, 0.00260, 0.05053, 0.03091
INFO | Time spent: 3.46s
INFO | - Epoch 241, ExpID 98629
INFO | Train - Loss (one batch): 0.00203
INFO | Val - Loss, MSE, RMSE, MAE: 0.00267, 0.00267, 0.05099, 0.03121
INFO | Test - Best epoch 146, Loss, MSE, RMSE, MAE: 0.00263, 0.00263, 0.05081, 0.03149
INFO | Time spent: 3.19s
INFO | - Epoch 242, ExpID 98629
INFO | Train - Loss (one batch): 0.00243
INFO | Val - Loss, MSE, RMSE, MAE: 0.00279, 0.00279, 0.05214, 0.03287
INFO | Test - Best epoch 146, Loss, MSE, RMSE, MAE: 0.00272, 0.00272, 0.05170, 0.03271
INFO | Time spent: 3.22s
INFO | - Epoch 243, ExpID 98629
INFO | Train - Loss (one batch): 0.00198
INFO | Val - Loss, MSE, RMSE, MAE: 0.00271, 0.00271, 0.05143, 0.03210
INFO | Test - Best epoch 146, Loss, MSE, RMSE, MAE: 0.00267, 0.00267, 0.05124, 0.03220
INFO | Time spent: 3.18s
INFO | - Epoch 244, ExpID 98629
INFO | Train - Loss (one batch): 0.00282
INFO | Val - Loss, MSE, RMSE, MAE: 0.00268, 0.00268, 0.05110, 0.03113
INFO | Test - Best epoch 146, Loss, MSE, RMSE, MAE: 0.00262, 0.00262, 0.05074, 0.03121
INFO | Time spent: 3.22s
INFO | - Epoch 245, ExpID 98629
INFO | Train - Loss (one batch): 0.00181
INFO | Val - Loss, MSE, RMSE, MAE: 0.00272, 0.00272, 0.05143, 0.03181
INFO | Test - Best epoch 146, Loss, MSE, RMSE, MAE: 0.00266, 0.00266, 0.05118, 0.03191
INFO | Time spent: 3.20s
INFO | - Epoch 246, ExpID 98629
INFO | Train - Loss (one batch): 0.00208
INFO | Val - Loss, MSE, RMSE, MAE: 0.00272, 0.00272, 0.05150, 0.03211
INFO | Test - Best epoch 146, Loss, MSE, RMSE, MAE: 0.00266, 0.00266, 0.05116, 0.03218
INFO | Time spent: 3.21s
INFO | - Epoch 247, ExpID 98629
INFO | Train - Loss (one batch): 0.00253
INFO | Val - Loss, MSE, RMSE, MAE: 0.00272, 0.00272, 0.05144, 0.03124
INFO | Test - Best epoch 146, Loss, MSE, RMSE, MAE: 0.00265, 0.00265, 0.05092, 0.03128
INFO | Time spent: 3.22s
INFO | - Epoch 248, ExpID 98629
INFO | Train - Loss (one batch): 0.00219
INFO | Val - Loss, MSE, RMSE, MAE: 0.00279, 0.00279, 0.05215, 0.03308
INFO | Test - Best epoch 146, Loss, MSE, RMSE, MAE: 0.00274, 0.00274, 0.05194, 0.03321
INFO | Time spent: 3.22s
INFO | - Epoch 249, ExpID 98629
INFO | Train - Loss (one batch): 0.00177
INFO | Val - Loss, MSE, RMSE, MAE: 0.00271, 0.00271, 0.05134, 0.03124
INFO | Test - Best epoch 146, Loss, MSE, RMSE, MAE: 0.00262, 0.00262, 0.05073, 0.03106
INFO | Time spent: 3.22s
INFO | - Epoch 250, ExpID 98629
INFO | Train - Loss (one batch): 0.00235
INFO | Val - Loss, MSE, RMSE, MAE: 0.00270, 0.00270, 0.05124, 0.03110
INFO | Test - Best epoch 146, Loss, MSE, RMSE, MAE: 0.00260, 0.00260, 0.05050, 0.03113
INFO | Time spent: 3.21s
INFO | - Epoch 251, ExpID 98629
INFO | Train - Loss (one batch): 0.00274
INFO | Val - Loss, MSE, RMSE, MAE: 0.00272, 0.00272, 0.05148, 0.03204
INFO | Test - Best epoch 146, Loss, MSE, RMSE, MAE: 0.00267, 0.00267, 0.05129, 0.03233
INFO | Time spent: 3.24s
INFO | - Epoch 252, ExpID 98629
INFO | Train - Loss (one batch): 0.00225
INFO | Val - Loss, MSE, RMSE, MAE: 0.00281, 0.00281, 0.05232, 0.03336
INFO | Test - Best epoch 146, Loss, MSE, RMSE, MAE: 0.00273, 0.00273, 0.05180, 0.03311
INFO | Time spent: 3.22s
INFO | - Epoch 253, ExpID 98629
INFO | Train - Loss (one batch): 0.00219
INFO | Val - Loss, MSE, RMSE, MAE: 0.00270, 0.00270, 0.05128, 0.03162
INFO | Test - Best epoch 146, Loss, MSE, RMSE, MAE: 0.00264, 0.00264, 0.05099, 0.03156
INFO | Time spent: 3.23s
INFO | - Epoch 254, ExpID 98629
INFO | Train - Loss (one batch): 0.00167
INFO | Val - Loss, MSE, RMSE, MAE: 0.00280, 0.00280, 0.05224, 0.03305
INFO | Test - Best epoch 146, Loss, MSE, RMSE, MAE: 0.00275, 0.00275, 0.05198, 0.03326
INFO | Time spent: 3.23s
INFO | - Epoch 255, ExpID 98629
INFO | Train - Loss (one batch): 0.00186
INFO | Val - Loss, MSE, RMSE, MAE: 0.00271, 0.00271, 0.05132, 0.03136
INFO | Test - Best epoch 146, Loss, MSE, RMSE, MAE: 0.00265, 0.00265, 0.05098, 0.03132
INFO | Time spent: 3.46s
INFO | - Epoch 256, ExpID 98629
INFO | Train - Loss (one batch): 0.00255
INFO | Val - Loss, MSE, RMSE, MAE: 0.00274, 0.00274, 0.05162, 0.03199
INFO | Test - Best epoch 146, Loss, MSE, RMSE, MAE: 0.00266, 0.00266, 0.05113, 0.03204
INFO | Time spent: 3.22s
INFO | - Epoch 257, ExpID 98629
INFO | Train - Loss (one batch): 0.00254
INFO | Val - Loss, MSE, RMSE, MAE: 0.00270, 0.00270, 0.05129, 0.03139
INFO | Test - Best epoch 146, Loss, MSE, RMSE, MAE: 0.00264, 0.00264, 0.05093, 0.03138
INFO | Time spent: 3.20s
INFO | - Epoch 258, ExpID 98629
INFO | Train - Loss (one batch): 0.00188
INFO | Val - Loss, MSE, RMSE, MAE: 0.00275, 0.00275, 0.05179, 0.03241
INFO | Test - Best epoch 146, Loss, MSE, RMSE, MAE: 0.00270, 0.00270, 0.05148, 0.03246
INFO | Time spent: 3.22s
INFO | - Epoch 259, ExpID 98629
INFO | Train - Loss (one batch): 0.00198
INFO | Val - Loss, MSE, RMSE, MAE: 0.00271, 0.00271, 0.05127, 0.03131
INFO | Test - Best epoch 146, Loss, MSE, RMSE, MAE: 0.00262, 0.00262, 0.05068, 0.03124
INFO | Time spent: 3.20s
INFO | - Epoch 260, ExpID 98629
INFO | Train - Loss (one batch): 0.00211
INFO | Val - Loss, MSE, RMSE, MAE: 0.00279, 0.00279, 0.05208, 0.03247
INFO | Test - Best epoch 146, Loss, MSE, RMSE, MAE: 0.00272, 0.00272, 0.05175, 0.03258
INFO | Time spent: 3.21s
INFO | - Epoch 261, ExpID 98629
INFO | Train - Loss (one batch): 0.00228
INFO | Val - Loss, MSE, RMSE, MAE: 0.00275, 0.00275, 0.05174, 0.03209
INFO | Test - Best epoch 146, Loss, MSE, RMSE, MAE: 0.00269, 0.00269, 0.05148, 0.03233
INFO | Time spent: 3.23s
INFO | - Epoch 262, ExpID 98629
INFO | Train - Loss (one batch): 0.00185
INFO | Val - Loss, MSE, RMSE, MAE: 0.00273, 0.00273, 0.05163, 0.03234
INFO | Test - Best epoch 146, Loss, MSE, RMSE, MAE: 0.00268, 0.00268, 0.05134, 0.03228
INFO | Time spent: 3.20s
INFO | - Epoch 263, ExpID 98629
INFO | Train - Loss (one batch): 0.00187
INFO | Val - Loss, MSE, RMSE, MAE: 0.00270, 0.00270, 0.05132, 0.03153
INFO | Test - Best epoch 146, Loss, MSE, RMSE, MAE: 0.00265, 0.00265, 0.05099, 0.03167
INFO | Time spent: 3.21s
INFO | - Epoch 264, ExpID 98629
INFO | Train - Loss (one batch): 0.00186
INFO | Val - Loss, MSE, RMSE, MAE: 0.00267, 0.00267, 0.05095, 0.03109
INFO | Test - Best epoch 146, Loss, MSE, RMSE, MAE: 0.00261, 0.00261, 0.05068, 0.03107
INFO | Time spent: 3.22s
INFO | - Epoch 265, ExpID 98629
INFO | Train - Loss (one batch): 0.00200
INFO | Val - Loss, MSE, RMSE, MAE: 0.00273, 0.00273, 0.05155, 0.03216
INFO | Test - Best epoch 146, Loss, MSE, RMSE, MAE: 0.00268, 0.00268, 0.05132, 0.03234
INFO | Time spent: 3.20s
INFO | - Epoch 266, ExpID 98629
INFO | Train - Loss (one batch): 0.00223
INFO | Val - Loss, MSE, RMSE, MAE: 0.00268, 0.00268, 0.05112, 0.03115
INFO | Test - Best epoch 146, Loss, MSE, RMSE, MAE: 0.00263, 0.00263, 0.05074, 0.03115
INFO | Time spent: 3.20s
INFO | - Epoch 267, ExpID 98629
INFO | Train - Loss (one batch): 0.00150
INFO | Val - Loss, MSE, RMSE, MAE: 0.00280, 0.00280, 0.05229, 0.03304
INFO | Test - Best epoch 146, Loss, MSE, RMSE, MAE: 0.00276, 0.00276, 0.05217, 0.03328
INFO | Time spent: 3.21s
INFO | - Epoch 268, ExpID 98629
INFO | Train - Loss (one batch): 0.00207
INFO | Val - Loss, MSE, RMSE, MAE: 0.00285, 0.00285, 0.05279, 0.03377
INFO | Test - Best epoch 146, Loss, MSE, RMSE, MAE: 0.00279, 0.00279, 0.05236, 0.03362
INFO | Time spent: 3.21s
INFO | - Epoch 269, ExpID 98629
INFO | Train - Loss (one batch): 0.00231
INFO | Val - Loss, MSE, RMSE, MAE: 0.00267, 0.00267, 0.05102, 0.03096
INFO | Test - Best epoch 146, Loss, MSE, RMSE, MAE: 0.00263, 0.00263, 0.05079, 0.03112
INFO | Time spent: 3.20s
INFO | - Epoch 270, ExpID 98629
INFO | Train - Loss (one batch): 0.00216
INFO | Val - Loss, MSE, RMSE, MAE: 0.00271, 0.00271, 0.05138, 0.03142
INFO | Test - Best epoch 146, Loss, MSE, RMSE, MAE: 0.00265, 0.00265, 0.05104, 0.03154
INFO | Time spent: 3.22s
INFO | - Epoch 271, ExpID 98629
INFO | Train - Loss (one batch): 0.00184
INFO | Val - Loss, MSE, RMSE, MAE: 0.00275, 0.00275, 0.05165, 0.03162
INFO | Test - Best epoch 146, Loss, MSE, RMSE, MAE: 0.00267, 0.00267, 0.05119, 0.03154
INFO | Time spent: 3.23s
INFO | - Epoch 272, ExpID 98629
INFO | Train - Loss (one batch): 0.00194
INFO | Val - Loss, MSE, RMSE, MAE: 0.00266, 0.00266, 0.05096, 0.03113
INFO | Test - Best epoch 146, Loss, MSE, RMSE, MAE: 0.00261, 0.00261, 0.05066, 0.03134
INFO | Time spent: 3.21s
INFO | - Epoch 273, ExpID 98629
INFO | Train - Loss (one batch): 0.00162
INFO | Val - Loss, MSE, RMSE, MAE: 0.00269, 0.00269, 0.05124, 0.03163
INFO | Test - Best epoch 146, Loss, MSE, RMSE, MAE: 0.00265, 0.00265, 0.05105, 0.03153
INFO | Time spent: 3.20s
INFO | - Epoch 274, ExpID 98629
INFO | Train - Loss (one batch): 0.00188
INFO | Val - Loss, MSE, RMSE, MAE: 0.00271, 0.00271, 0.05136, 0.03161
INFO | Test - Best epoch 146, Loss, MSE, RMSE, MAE: 0.00267, 0.00267, 0.05122, 0.03180
INFO | Time spent: 3.21s
INFO | - Epoch 275, ExpID 98629
INFO | Train - Loss (one batch): 0.00183
INFO | Val - Loss, MSE, RMSE, MAE: 0.00268, 0.00268, 0.05113, 0.03123
INFO | Test - Best epoch 146, Loss, MSE, RMSE, MAE: 0.00264, 0.00264, 0.05094, 0.03149
INFO | Time spent: 3.20s
INFO | - Epoch 276, ExpID 98629
INFO | Train - Loss (one batch): 0.00178
INFO | Val - Loss, MSE, RMSE, MAE: 0.00270, 0.00270, 0.05125, 0.03126
INFO | Test - Best epoch 146, Loss, MSE, RMSE, MAE: 0.00262, 0.00262, 0.05068, 0.03108
INFO | Time spent: 3.23s
INFO | - Epoch 277, ExpID 98629
INFO | Train - Loss (one batch): 0.00215
INFO | Val - Loss, MSE, RMSE, MAE: 0.00275, 0.00275, 0.05174, 0.03232
INFO | Test - Best epoch 146, Loss, MSE, RMSE, MAE: 0.00269, 0.00269, 0.05139, 0.03242
INFO | Time spent: 3.21s
INFO | - Epoch 278, ExpID 98629
INFO | Train - Loss (one batch): 0.00187
INFO | Val - Loss, MSE, RMSE, MAE: 0.00271, 0.00271, 0.05134, 0.03130
INFO | Test - Best epoch 146, Loss, MSE, RMSE, MAE: 0.00266, 0.00266, 0.05111, 0.03151
INFO | Time spent: 3.22s
INFO | - Epoch 279, ExpID 98629
INFO | Train - Loss (one batch): 0.00174
INFO | Val - Loss, MSE, RMSE, MAE: 0.00272, 0.00272, 0.05145, 0.03195
INFO | Test - Best epoch 146, Loss, MSE, RMSE, MAE: 0.00264, 0.00264, 0.05097, 0.03200
INFO | Time spent: 3.22s
INFO | - Epoch 280, ExpID 98629
INFO | Train - Loss (one batch): 0.00234
INFO | Val - Loss, MSE, RMSE, MAE: 0.00270, 0.00270, 0.05126, 0.03159
INFO | Test - Best epoch 146, Loss, MSE, RMSE, MAE: 0.00264, 0.00264, 0.05097, 0.03170
INFO | Time spent: 3.21s
INFO | - Epoch 281, ExpID 98629
INFO | Train - Loss (one batch): 0.00149
INFO | Val - Loss, MSE, RMSE, MAE: 0.00273, 0.00273, 0.05149, 0.03170
INFO | Test - Best epoch 146, Loss, MSE, RMSE, MAE: 0.00266, 0.00266, 0.05108, 0.03184
INFO | Time spent: 3.20s
INFO | - Epoch 282, ExpID 98629
INFO | Train - Loss (one batch): 0.00202
INFO | Val - Loss, MSE, RMSE, MAE: 0.00268, 0.00268, 0.05111, 0.03101
INFO | Test - Best epoch 146, Loss, MSE, RMSE, MAE: 0.00263, 0.00263, 0.05077, 0.03124
INFO | Time spent: 3.22s
INFO | - Epoch 283, ExpID 98629
INFO | Train - Loss (one batch): 0.00183
INFO | Val - Loss, MSE, RMSE, MAE: 0.00266, 0.00266, 0.05086, 0.03085
INFO | Test - Best epoch 146, Loss, MSE, RMSE, MAE: 0.00261, 0.00261, 0.05061, 0.03099
INFO | Time spent: 3.19s
INFO | - Epoch 284, ExpID 98629
INFO | Train - Loss (one batch): 0.00185
INFO | Val - Loss, MSE, RMSE, MAE: 0.00271, 0.00271, 0.05142, 0.03196
INFO | Test - Best epoch 146, Loss, MSE, RMSE, MAE: 0.00267, 0.00267, 0.05120, 0.03218
INFO | Time spent: 3.20s
INFO | - Epoch 285, ExpID 98629
INFO | Train - Loss (one batch): 0.00224
INFO | Val - Loss, MSE, RMSE, MAE: 0.00275, 0.00275, 0.05177, 0.03208
INFO | Test - Best epoch 146, Loss, MSE, RMSE, MAE: 0.00271, 0.00271, 0.05168, 0.03226
INFO | Time spent: 3.22s
INFO | - Epoch 286, ExpID 98629
INFO | Train - Loss (one batch): 0.00211
INFO | Val - Loss, MSE, RMSE, MAE: 0.00269, 0.00269, 0.05124, 0.03173
INFO | Test - Best epoch 146, Loss, MSE, RMSE, MAE: 0.00267, 0.00267, 0.05119, 0.03196
INFO | Time spent: 3.18s
INFO | - Epoch 287, ExpID 98629
INFO | Train - Loss (one batch): 0.00168
INFO | Val - Loss, MSE, RMSE, MAE: 0.00272, 0.00272, 0.05138, 0.03112
INFO | Test - Best epoch 146, Loss, MSE, RMSE, MAE: 0.00263, 0.00263, 0.05084, 0.03102
INFO | Time spent: 3.20s
INFO | - Epoch 288, ExpID 98629
INFO | Train - Loss (one batch): 0.00184
INFO | Val - Loss, MSE, RMSE, MAE: 0.00268, 0.00268, 0.05112, 0.03125
INFO | Test - Best epoch 146, Loss, MSE, RMSE, MAE: 0.00264, 0.00264, 0.05088, 0.03135
INFO | Time spent: 3.20s
INFO | - Epoch 289, ExpID 98629
INFO | Train - Loss (one batch): 0.00232
INFO | Val - Loss, MSE, RMSE, MAE: 0.00272, 0.00272, 0.05144, 0.03155
INFO | Test - Best epoch 146, Loss, MSE, RMSE, MAE: 0.00264, 0.00264, 0.05095, 0.03168
INFO | Time spent: 3.20s
INFO | - Epoch 290, ExpID 98629
INFO | Train - Loss (one batch): 0.00188
INFO | Val - Loss, MSE, RMSE, MAE: 0.00267, 0.00267, 0.05097, 0.03110
INFO | Test - Best epoch 146, Loss, MSE, RMSE, MAE: 0.00261, 0.00261, 0.05059, 0.03120
INFO | Time spent: 3.20s
INFO | - Epoch 291, ExpID 98629
INFO | Train - Loss (one batch): 0.00267
INFO | Val - Loss, MSE, RMSE, MAE: 0.00271, 0.00271, 0.05132, 0.03156
INFO | Test - Best epoch 146, Loss, MSE, RMSE, MAE: 0.00264, 0.00264, 0.05098, 0.03174
INFO | Time spent: 3.21s
INFO | - Epoch 292, ExpID 98629
INFO | Train - Loss (one batch): 0.00180
INFO | Val - Loss, MSE, RMSE, MAE: 0.00271, 0.00271, 0.05136, 0.03165
INFO | Test - Best epoch 146, Loss, MSE, RMSE, MAE: 0.00267, 0.00267, 0.05117, 0.03180
INFO | Time spent: 3.22s
INFO | - Epoch 293, ExpID 98629
INFO | Train - Loss (one batch): 0.00182
INFO | Val - Loss, MSE, RMSE, MAE: 0.00277, 0.00277, 0.05197, 0.03223
INFO | Test - Best epoch 146, Loss, MSE, RMSE, MAE: 0.00274, 0.00274, 0.05183, 0.03239
INFO | Time spent: 3.22s
INFO | - Epoch 294, ExpID 98629
INFO | Train - Loss (one batch): 0.00192
INFO | Val - Loss, MSE, RMSE, MAE: 0.00271, 0.00271, 0.05145, 0.03184
INFO | Test - Best epoch 146, Loss, MSE, RMSE, MAE: 0.00266, 0.00266, 0.05117, 0.03187
INFO | Time spent: 3.21s
INFO | - Epoch 295, ExpID 98629
INFO | Train - Loss (one batch): 0.00202
INFO | Val - Loss, MSE, RMSE, MAE: 0.00269, 0.00269, 0.05118, 0.03147
INFO | Test - Best epoch 146, Loss, MSE, RMSE, MAE: 0.00263, 0.00263, 0.05084, 0.03150
INFO | Time spent: 3.20s
INFO | - Epoch 296, ExpID 98629
INFO | Train - Loss (one batch): 0.00255
INFO | Val - Loss, MSE, RMSE, MAE: 0.00270, 0.00270, 0.05130, 0.03163
INFO | Test - Best epoch 146, Loss, MSE, RMSE, MAE: 0.00266, 0.00266, 0.05113, 0.03162
INFO | Time spent: 3.23s
INFO | - Epoch 297, ExpID 98629
INFO | Train - Loss (one batch): 0.00209
INFO | Val - Loss, MSE, RMSE, MAE: 0.00267, 0.00267, 0.05102, 0.03119
INFO | Test - Best epoch 146, Loss, MSE, RMSE, MAE: 0.00262, 0.00262, 0.05069, 0.03118
INFO | Time spent: 3.21s
INFO | - Epoch 298, ExpID 98629
INFO | Train - Loss (one batch): 0.00246
INFO | Val - Loss, MSE, RMSE, MAE: 0.00277, 0.00277, 0.05196, 0.03281
INFO | Test - Best epoch 146, Loss, MSE, RMSE, MAE: 0.00271, 0.00271, 0.05168, 0.03300
INFO | Time spent: 3.40s
INFO | - Epoch 299, ExpID 98629
INFO | Train - Loss (one batch): 0.00229
INFO | Val - Loss, MSE, RMSE, MAE: 0.00274, 0.00274, 0.05160, 0.03151
INFO | Test - Best epoch 146, Loss, MSE, RMSE, MAE: 0.00268, 0.00268, 0.05130, 0.03150
INFO | Time spent: 3.22s
INFO | - Epoch 000, ExpID 30211
INFO | Train - Loss (one batch): 0.00677
INFO | Val - Loss, MSE, RMSE, MAE: 0.00584, 0.00584, 0.07594, 0.05561
INFO | Test - Best epoch 0, Loss, MSE, RMSE, MAE: 0.00570, 0.00570, 0.07516, 0.05488
INFO | Time spent: 4.36s
INFO | - Epoch 001, ExpID 30211
INFO | Train - Loss (one batch): 0.00330
INFO | Val - Loss, MSE, RMSE, MAE: 0.00330, 0.00330, 0.05682, 0.03626
INFO | Test - Best epoch 1, Loss, MSE, RMSE, MAE: 0.00315, 0.00315, 0.05564, 0.03553
INFO | Time spent: 3.16s
INFO | - Epoch 002, ExpID 30211
INFO | Train - Loss (one batch): 0.00288
INFO | Val - Loss, MSE, RMSE, MAE: 0.00308, 0.00308, 0.05477, 0.03366
INFO | Test - Best epoch 2, Loss, MSE, RMSE, MAE: 0.00295, 0.00295, 0.05384, 0.03314
INFO | Time spent: 3.17s
INFO | - Epoch 003, ExpID 30211
INFO | Train - Loss (one batch): 0.00322
INFO | Val - Loss, MSE, RMSE, MAE: 0.00321, 0.00321, 0.05597, 0.03528
INFO | Test - Best epoch 2, Loss, MSE, RMSE, MAE: 0.00301, 0.00301, 0.05443, 0.03395
INFO | Time spent: 3.16s
INFO | - Epoch 004, ExpID 30211
INFO | Train - Loss (one batch): 0.00262
INFO | Val - Loss, MSE, RMSE, MAE: 0.00314, 0.00314, 0.05535, 0.03498
INFO | Test - Best epoch 2, Loss, MSE, RMSE, MAE: 0.00301, 0.00301, 0.05442, 0.03413
INFO | Time spent: 3.15s
INFO | - Epoch 005, ExpID 30211
INFO | Train - Loss (one batch): 0.00381
INFO | Val - Loss, MSE, RMSE, MAE: 0.00299, 0.00299, 0.05399, 0.03284
INFO | Test - Best epoch 5, Loss, MSE, RMSE, MAE: 0.00287, 0.00287, 0.05313, 0.03235
INFO | Time spent: 3.17s
INFO | - Epoch 006, ExpID 30211
INFO | Train - Loss (one batch): 0.00230
INFO | Val - Loss, MSE, RMSE, MAE: 0.00331, 0.00331, 0.05692, 0.03780
INFO | Test - Best epoch 5, Loss, MSE, RMSE, MAE: 0.00303, 0.00303, 0.05461, 0.03486
INFO | Time spent: 3.16s
INFO | - Epoch 007, ExpID 30211
INFO | Train - Loss (one batch): 0.00316
INFO | Val - Loss, MSE, RMSE, MAE: 0.00310, 0.00310, 0.05500, 0.03467
INFO | Test - Best epoch 5, Loss, MSE, RMSE, MAE: 0.00302, 0.00302, 0.05450, 0.03462
INFO | Time spent: 3.14s
INFO | - Epoch 008, ExpID 30211
INFO | Train - Loss (one batch): 0.00276
INFO | Val - Loss, MSE, RMSE, MAE: 0.00303, 0.00303, 0.05440, 0.03399
INFO | Test - Best epoch 5, Loss, MSE, RMSE, MAE: 0.00299, 0.00299, 0.05426, 0.03434
INFO | Time spent: 3.16s
INFO | - Epoch 009, ExpID 30211
INFO | Train - Loss (one batch): 0.00260
INFO | Val - Loss, MSE, RMSE, MAE: 0.00293, 0.00293, 0.05349, 0.03237
INFO | Test - Best epoch 9, Loss, MSE, RMSE, MAE: 0.00283, 0.00283, 0.05274, 0.03198
INFO | Time spent: 3.16s
INFO | - Epoch 010, ExpID 30211
INFO | Train - Loss (one batch): 0.00331
INFO | Val - Loss, MSE, RMSE, MAE: 0.00305, 0.00305, 0.05449, 0.03358
INFO | Test - Best epoch 9, Loss, MSE, RMSE, MAE: 0.00288, 0.00288, 0.05320, 0.03246
INFO | Time spent: 3.16s
INFO | - Epoch 011, ExpID 30211
INFO | Train - Loss (one batch): 0.00264
INFO | Val - Loss, MSE, RMSE, MAE: 0.00301, 0.00301, 0.05418, 0.03398
INFO | Test - Best epoch 9, Loss, MSE, RMSE, MAE: 0.00289, 0.00289, 0.05327, 0.03284
INFO | Time spent: 3.16s
INFO | - Epoch 012, ExpID 30211
INFO | Train - Loss (one batch): 0.00357
INFO | Val - Loss, MSE, RMSE, MAE: 0.00322, 0.00322, 0.05616, 0.03719
INFO | Test - Best epoch 9, Loss, MSE, RMSE, MAE: 0.00294, 0.00294, 0.05380, 0.03383
INFO | Time spent: 3.16s
INFO | - Epoch 013, ExpID 30211
INFO | Train - Loss (one batch): 0.00318
INFO | Val - Loss, MSE, RMSE, MAE: 0.00300, 0.00300, 0.05416, 0.03368
INFO | Test - Best epoch 9, Loss, MSE, RMSE, MAE: 0.00294, 0.00294, 0.05373, 0.03373
INFO | Time spent: 3.14s
INFO | - Epoch 014, ExpID 30211
INFO | Train - Loss (one batch): 0.00231
INFO | Val - Loss, MSE, RMSE, MAE: 0.00335, 0.00335, 0.05731, 0.03849
INFO | Test - Best epoch 9, Loss, MSE, RMSE, MAE: 0.00299, 0.00299, 0.05423, 0.03448
INFO | Time spent: 3.15s
INFO | - Epoch 015, ExpID 30211
INFO | Train - Loss (one batch): 0.00304
INFO | Val - Loss, MSE, RMSE, MAE: 0.00338, 0.00338, 0.05761, 0.03973
INFO | Test - Best epoch 9, Loss, MSE, RMSE, MAE: 0.00303, 0.00303, 0.05461, 0.03518
INFO | Time spent: 3.17s
INFO | - Epoch 016, ExpID 30211
INFO | Train - Loss (one batch): 0.00187
INFO | Val - Loss, MSE, RMSE, MAE: 0.00315, 0.00315, 0.05541, 0.03505
INFO | Test - Best epoch 9, Loss, MSE, RMSE, MAE: 0.00303, 0.00303, 0.05458, 0.03505
INFO | Time spent: 3.16s
INFO | - Epoch 017, ExpID 30211
INFO | Train - Loss (one batch): 0.00287
INFO | Val - Loss, MSE, RMSE, MAE: 0.00294, 0.00294, 0.05361, 0.03335
INFO | Test - Best epoch 9, Loss, MSE, RMSE, MAE: 0.00301, 0.00301, 0.05439, 0.03482
INFO | Time spent: 3.16s
INFO | - Epoch 018, ExpID 30211
INFO | Train - Loss (one batch): 0.00256
INFO | Val - Loss, MSE, RMSE, MAE: 0.00289, 0.00289, 0.05306, 0.03213
INFO | Test - Best epoch 18, Loss, MSE, RMSE, MAE: 0.00280, 0.00280, 0.05245, 0.03184
INFO | Time spent: 3.17s
INFO | - Epoch 019, ExpID 30211
INFO | Train - Loss (one batch): 0.00226
INFO | Val - Loss, MSE, RMSE, MAE: 0.00322, 0.00322, 0.05616, 0.03685
INFO | Test - Best epoch 18, Loss, MSE, RMSE, MAE: 0.00298, 0.00298, 0.05414, 0.03433
INFO | Time spent: 3.16s
INFO | - Epoch 020, ExpID 30211
INFO | Train - Loss (one batch): 0.00243
INFO | Val - Loss, MSE, RMSE, MAE: 0.00324, 0.00324, 0.05632, 0.03781
INFO | Test - Best epoch 18, Loss, MSE, RMSE, MAE: 0.00304, 0.00304, 0.05468, 0.03540
INFO | Time spent: 3.15s
INFO | - Epoch 021, ExpID 30211
INFO | Train - Loss (one batch): 0.00260
INFO | Val - Loss, MSE, RMSE, MAE: 0.00287, 0.00287, 0.05290, 0.03216
INFO | Test - Best epoch 21, Loss, MSE, RMSE, MAE: 0.00279, 0.00279, 0.05234, 0.03192
INFO | Time spent: 3.16s
INFO | - Epoch 022, ExpID 30211
INFO | Train - Loss (one batch): 0.00267
INFO | Val - Loss, MSE, RMSE, MAE: 0.00326, 0.00326, 0.05654, 0.03806
INFO | Test - Best epoch 21, Loss, MSE, RMSE, MAE: 0.00298, 0.00298, 0.05411, 0.03480
INFO | Time spent: 3.16s
INFO | - Epoch 023, ExpID 30211
INFO | Train - Loss (one batch): 0.00239
INFO | Val - Loss, MSE, RMSE, MAE: 0.00296, 0.00296, 0.05375, 0.03322
INFO | Test - Best epoch 21, Loss, MSE, RMSE, MAE: 0.00294, 0.00294, 0.05374, 0.03406
INFO | Time spent: 3.15s
INFO | - Epoch 024, ExpID 30211
INFO | Train - Loss (one batch): 0.00283
INFO | Val - Loss, MSE, RMSE, MAE: 0.00293, 0.00293, 0.05347, 0.03306
INFO | Test - Best epoch 21, Loss, MSE, RMSE, MAE: 0.00292, 0.00292, 0.05356, 0.03376
INFO | Time spent: 3.16s
INFO | - Epoch 025, ExpID 30211
INFO | Train - Loss (one batch): 0.00228
INFO | Val - Loss, MSE, RMSE, MAE: 0.00288, 0.00288, 0.05303, 0.03220
INFO | Test - Best epoch 21, Loss, MSE, RMSE, MAE: 0.00290, 0.00290, 0.05337, 0.03340
INFO | Time spent: 3.16s
INFO | - Epoch 026, ExpID 30211
INFO | Train - Loss (one batch): 0.00201
INFO | Val - Loss, MSE, RMSE, MAE: 0.00295, 0.00295, 0.05368, 0.03349
INFO | Test - Best epoch 21, Loss, MSE, RMSE, MAE: 0.00290, 0.00290, 0.05335, 0.03338
INFO | Time spent: 3.16s
INFO | - Epoch 027, ExpID 30211
INFO | Train - Loss (one batch): 0.00312
INFO | Val - Loss, MSE, RMSE, MAE: 0.00315, 0.00315, 0.05551, 0.03675
INFO | Test - Best epoch 21, Loss, MSE, RMSE, MAE: 0.00292, 0.00292, 0.05358, 0.03382
INFO | Time spent: 3.16s
INFO | - Epoch 028, ExpID 30211
INFO | Train - Loss (one batch): 0.00231
INFO | Val - Loss, MSE, RMSE, MAE: 0.00333, 0.00333, 0.05714, 0.03913
INFO | Test - Best epoch 21, Loss, MSE, RMSE, MAE: 0.00296, 0.00296, 0.05394, 0.03443
INFO | Time spent: 3.15s
INFO | - Epoch 029, ExpID 30211
INFO | Train - Loss (one batch): 0.00253
INFO | Val - Loss, MSE, RMSE, MAE: 0.00291, 0.00291, 0.05330, 0.03302
INFO | Test - Best epoch 21, Loss, MSE, RMSE, MAE: 0.00295, 0.00295, 0.05382, 0.03424
INFO | Time spent: 3.17s
INFO | - Epoch 030, ExpID 30211
INFO | Train - Loss (one batch): 0.00378
INFO | Val - Loss, MSE, RMSE, MAE: 0.00283, 0.00283, 0.05256, 0.03194
INFO | Test - Best epoch 30, Loss, MSE, RMSE, MAE: 0.00277, 0.00277, 0.05218, 0.03182
INFO | Time spent: 3.15s
INFO | - Epoch 031, ExpID 30211
INFO | Train - Loss (one batch): 0.00281
INFO | Val - Loss, MSE, RMSE, MAE: 0.00296, 0.00296, 0.05374, 0.03340
INFO | Test - Best epoch 30, Loss, MSE, RMSE, MAE: 0.00282, 0.00282, 0.05261, 0.03232
INFO | Time spent: 3.15s
INFO | - Epoch 032, ExpID 30211
INFO | Train - Loss (one batch): 0.00288
INFO | Val - Loss, MSE, RMSE, MAE: 0.00285, 0.00285, 0.05268, 0.03251
INFO | Test - Best epoch 30, Loss, MSE, RMSE, MAE: 0.00280, 0.00280, 0.05247, 0.03230
INFO | Time spent: 3.15s
INFO | - Epoch 033, ExpID 30211
INFO | Train - Loss (one batch): 0.00357
INFO | Val - Loss, MSE, RMSE, MAE: 0.00303, 0.00303, 0.05447, 0.03526
INFO | Test - Best epoch 30, Loss, MSE, RMSE, MAE: 0.00285, 0.00285, 0.05289, 0.03301
INFO | Time spent: 3.15s
INFO | - Epoch 034, ExpID 30211
INFO | Train - Loss (one batch): 0.00238
INFO | Val - Loss, MSE, RMSE, MAE: 0.00288, 0.00288, 0.05298, 0.03306
INFO | Test - Best epoch 30, Loss, MSE, RMSE, MAE: 0.00284, 0.00284, 0.05282, 0.03297
INFO | Time spent: 3.16s
INFO | - Epoch 035, ExpID 30211
INFO | Train - Loss (one batch): 0.00292
INFO | Val - Loss, MSE, RMSE, MAE: 0.00284, 0.00284, 0.05257, 0.03211
INFO | Test - Best epoch 30, Loss, MSE, RMSE, MAE: 0.00283, 0.00283, 0.05272, 0.03280
INFO | Time spent: 3.15s
INFO | - Epoch 036, ExpID 30211
INFO | Train - Loss (one batch): 0.00256
INFO | Val - Loss, MSE, RMSE, MAE: 0.00295, 0.00295, 0.05370, 0.03437
INFO | Test - Best epoch 30, Loss, MSE, RMSE, MAE: 0.00284, 0.00284, 0.05279, 0.03299
INFO | Time spent: 3.15s
INFO | - Epoch 037, ExpID 30211
INFO | Train - Loss (one batch): 0.00260
INFO | Val - Loss, MSE, RMSE, MAE: 0.00281, 0.00281, 0.05231, 0.03180
INFO | Test - Best epoch 37, Loss, MSE, RMSE, MAE: 0.00275, 0.00275, 0.05194, 0.03168
INFO | Time spent: 3.16s
INFO | - Epoch 038, ExpID 30211
INFO | Train - Loss (one batch): 0.00236
INFO | Val - Loss, MSE, RMSE, MAE: 0.00282, 0.00282, 0.05244, 0.03216
INFO | Test - Best epoch 37, Loss, MSE, RMSE, MAE: 0.00276, 0.00276, 0.05203, 0.03189
INFO | Time spent: 3.16s
INFO | - Epoch 039, ExpID 30211
INFO | Train - Loss (one batch): 0.00239
INFO | Val - Loss, MSE, RMSE, MAE: 0.00279, 0.00279, 0.05219, 0.03187
INFO | Test - Best epoch 39, Loss, MSE, RMSE, MAE: 0.00274, 0.00274, 0.05185, 0.03171
INFO | Time spent: 3.16s
INFO | - Epoch 040, ExpID 30211
INFO | Train - Loss (one batch): 0.00295
INFO | Val - Loss, MSE, RMSE, MAE: 0.00286, 0.00286, 0.05279, 0.03293
INFO | Test - Best epoch 39, Loss, MSE, RMSE, MAE: 0.00277, 0.00277, 0.05217, 0.03228
INFO | Time spent: 3.16s
INFO | - Epoch 041, ExpID 30211
INFO | Train - Loss (one batch): 0.00271
INFO | Val - Loss, MSE, RMSE, MAE: 0.00281, 0.00281, 0.05238, 0.03238
INFO | Test - Best epoch 39, Loss, MSE, RMSE, MAE: 0.00276, 0.00276, 0.05211, 0.03226
INFO | Time spent: 3.15s
INFO | - Epoch 042, ExpID 30211
INFO | Train - Loss (one batch): 0.00195
INFO | Val - Loss, MSE, RMSE, MAE: 0.00291, 0.00291, 0.05330, 0.03366
INFO | Test - Best epoch 39, Loss, MSE, RMSE, MAE: 0.00279, 0.00279, 0.05235, 0.03261
INFO | Time spent: 3.15s
INFO | - Epoch 043, ExpID 30211
INFO | Train - Loss (one batch): 0.00269
INFO | Val - Loss, MSE, RMSE, MAE: 0.00280, 0.00280, 0.05221, 0.03223
INFO | Test - Best epoch 39, Loss, MSE, RMSE, MAE: 0.00278, 0.00278, 0.05224, 0.03250
INFO | Time spent: 3.17s
INFO | - Epoch 044, ExpID 30211
INFO | Train - Loss (one batch): 0.00333
INFO | Val - Loss, MSE, RMSE, MAE: 0.00298, 0.00298, 0.05394, 0.03460
INFO | Test - Best epoch 39, Loss, MSE, RMSE, MAE: 0.00280, 0.00280, 0.05246, 0.03283
INFO | Time spent: 3.15s
INFO | - Epoch 045, ExpID 30211
INFO | Train - Loss (one batch): 0.00244
INFO | Val - Loss, MSE, RMSE, MAE: 0.00280, 0.00280, 0.05222, 0.03221
INFO | Test - Best epoch 39, Loss, MSE, RMSE, MAE: 0.00279, 0.00279, 0.05236, 0.03272
INFO | Time spent: 3.15s
INFO | - Epoch 046, ExpID 30211
INFO | Train - Loss (one batch): 0.00299
INFO | Val - Loss, MSE, RMSE, MAE: 0.00275, 0.00275, 0.05174, 0.03149
INFO | Test - Best epoch 46, Loss, MSE, RMSE, MAE: 0.00269, 0.00269, 0.05143, 0.03143
INFO | Time spent: 3.16s
INFO | - Epoch 047, ExpID 30211
INFO | Train - Loss (one batch): 0.00248
INFO | Val - Loss, MSE, RMSE, MAE: 0.00302, 0.00302, 0.05441, 0.03572
INFO | Test - Best epoch 46, Loss, MSE, RMSE, MAE: 0.00283, 0.00283, 0.05276, 0.03357
INFO | Time spent: 3.17s
INFO | - Epoch 048, ExpID 30211
INFO | Train - Loss (one batch): 0.00298
INFO | Val - Loss, MSE, RMSE, MAE: 0.00291, 0.00291, 0.05335, 0.03414
INFO | Test - Best epoch 46, Loss, MSE, RMSE, MAE: 0.00283, 0.00283, 0.05280, 0.03372
INFO | Time spent: 3.16s
INFO | - Epoch 049, ExpID 30211
INFO | Train - Loss (one batch): 0.00248
INFO | Val - Loss, MSE, RMSE, MAE: 0.00273, 0.00273, 0.05157, 0.03136
INFO | Test - Best epoch 49, Loss, MSE, RMSE, MAE: 0.00268, 0.00268, 0.05132, 0.03134
INFO | Time spent: 3.15s
INFO | - Epoch 050, ExpID 30211
INFO | Train - Loss (one batch): 0.00329
INFO | Val - Loss, MSE, RMSE, MAE: 0.00278, 0.00278, 0.05207, 0.03188
INFO | Test - Best epoch 49, Loss, MSE, RMSE, MAE: 0.00270, 0.00270, 0.05150, 0.03153
INFO | Time spent: 3.16s
INFO | - Epoch 051, ExpID 30211
INFO | Train - Loss (one batch): 0.00239
INFO | Val - Loss, MSE, RMSE, MAE: 0.00282, 0.00282, 0.05237, 0.03198
INFO | Test - Best epoch 49, Loss, MSE, RMSE, MAE: 0.00272, 0.00272, 0.05166, 0.03163
INFO | Time spent: 3.16s
INFO | - Epoch 052, ExpID 30211
INFO | Train - Loss (one batch): 0.00219
INFO | Val - Loss, MSE, RMSE, MAE: 0.00272, 0.00272, 0.05146, 0.03145
INFO | Test - Best epoch 52, Loss, MSE, RMSE, MAE: 0.00267, 0.00267, 0.05119, 0.03143
INFO | Time spent: 3.15s
INFO | - Epoch 053, ExpID 30211
INFO | Train - Loss (one batch): 0.00350
INFO | Val - Loss, MSE, RMSE, MAE: 0.00296, 0.00296, 0.05373, 0.03462
INFO | Test - Best epoch 52, Loss, MSE, RMSE, MAE: 0.00278, 0.00278, 0.05226, 0.03293
INFO | Time spent: 3.15s
INFO | - Epoch 054, ExpID 30211
INFO | Train - Loss (one batch): 0.00262
INFO | Val - Loss, MSE, RMSE, MAE: 0.00284, 0.00284, 0.05267, 0.03317
INFO | Test - Best epoch 52, Loss, MSE, RMSE, MAE: 0.00278, 0.00278, 0.05230, 0.03298
INFO | Time spent: 3.15s
INFO | - Epoch 055, ExpID 30211
INFO | Train - Loss (one batch): 0.00238
INFO | Val - Loss, MSE, RMSE, MAE: 0.00276, 0.00276, 0.05185, 0.03187
INFO | Test - Best epoch 52, Loss, MSE, RMSE, MAE: 0.00276, 0.00276, 0.05210, 0.03267
INFO | Time spent: 3.16s
INFO | - Epoch 056, ExpID 30211
INFO | Train - Loss (one batch): 0.00211
INFO | Val - Loss, MSE, RMSE, MAE: 0.00278, 0.00278, 0.05206, 0.03246
INFO | Test - Best epoch 52, Loss, MSE, RMSE, MAE: 0.00275, 0.00275, 0.05204, 0.03262
INFO | Time spent: 3.16s
INFO | - Epoch 057, ExpID 30211
INFO | Train - Loss (one batch): 0.00251
INFO | Val - Loss, MSE, RMSE, MAE: 0.00336, 0.00336, 0.05751, 0.04077
INFO | Test - Best epoch 52, Loss, MSE, RMSE, MAE: 0.00284, 0.00284, 0.05287, 0.03395
INFO | Time spent: 3.16s
INFO | - Epoch 058, ExpID 30211
INFO | Train - Loss (one batch): 0.00260
INFO | Val - Loss, MSE, RMSE, MAE: 0.00272, 0.00272, 0.05143, 0.03146
INFO | Test - Best epoch 58, Loss, MSE, RMSE, MAE: 0.00267, 0.00267, 0.05120, 0.03148
INFO | Time spent: 3.16s
INFO | - Epoch 059, ExpID 30211
INFO | Train - Loss (one batch): 0.00269
INFO | Val - Loss, MSE, RMSE, MAE: 0.00280, 0.00280, 0.05222, 0.03309
INFO | Test - Best epoch 58, Loss, MSE, RMSE, MAE: 0.00269, 0.00269, 0.05146, 0.03216
INFO | Time spent: 3.16s
INFO | - Epoch 060, ExpID 30211
INFO | Train - Loss (one batch): 0.00240
INFO | Val - Loss, MSE, RMSE, MAE: 0.00273, 0.00273, 0.05153, 0.03192
INFO | Test - Best epoch 58, Loss, MSE, RMSE, MAE: 0.00269, 0.00269, 0.05142, 0.03211
INFO | Time spent: 3.16s
INFO | - Epoch 061, ExpID 30211
INFO | Train - Loss (one batch): 0.00296
INFO | Val - Loss, MSE, RMSE, MAE: 0.00289, 0.00289, 0.05312, 0.03427
INFO | Test - Best epoch 58, Loss, MSE, RMSE, MAE: 0.00272, 0.00272, 0.05174, 0.03263
INFO | Time spent: 3.15s
INFO | - Epoch 062, ExpID 30211
INFO | Train - Loss (one batch): 0.00249
INFO | Val - Loss, MSE, RMSE, MAE: 0.00272, 0.00272, 0.05150, 0.03186
INFO | Test - Best epoch 58, Loss, MSE, RMSE, MAE: 0.00271, 0.00271, 0.05163, 0.03249
INFO | Time spent: 3.15s
INFO | - Epoch 063, ExpID 30211
INFO | Train - Loss (one batch): 0.00267
INFO | Val - Loss, MSE, RMSE, MAE: 0.00283, 0.00283, 0.05257, 0.03326
INFO | Test - Best epoch 58, Loss, MSE, RMSE, MAE: 0.00272, 0.00272, 0.05174, 0.03261
INFO | Time spent: 3.15s
INFO | - Epoch 064, ExpID 30211
INFO | Train - Loss (one batch): 0.00287
INFO | Val - Loss, MSE, RMSE, MAE: 0.00273, 0.00273, 0.05161, 0.03189
INFO | Test - Best epoch 58, Loss, MSE, RMSE, MAE: 0.00272, 0.00272, 0.05168, 0.03249
INFO | Time spent: 3.15s
INFO | - Epoch 065, ExpID 30211
INFO | Train - Loss (one batch): 0.00241
INFO | Val - Loss, MSE, RMSE, MAE: 0.00275, 0.00275, 0.05172, 0.03191
INFO | Test - Best epoch 58, Loss, MSE, RMSE, MAE: 0.00271, 0.00271, 0.05164, 0.03241
INFO | Time spent: 3.16s
INFO | - Epoch 066, ExpID 30211
INFO | Train - Loss (one batch): 0.00270
INFO | Val - Loss, MSE, RMSE, MAE: 0.00292, 0.00292, 0.05339, 0.03492
INFO | Test - Best epoch 58, Loss, MSE, RMSE, MAE: 0.00273, 0.00273, 0.05179, 0.03266
INFO | Time spent: 3.16s
INFO | - Epoch 067, ExpID 30211
INFO | Train - Loss (one batch): 0.00242
INFO | Val - Loss, MSE, RMSE, MAE: 0.00270, 0.00270, 0.05130, 0.03125
INFO | Test - Best epoch 67, Loss, MSE, RMSE, MAE: 0.00264, 0.00264, 0.05094, 0.03116
INFO | Time spent: 3.15s
INFO | - Epoch 068, ExpID 30211
INFO | Train - Loss (one batch): 0.00243
INFO | Val - Loss, MSE, RMSE, MAE: 0.00270, 0.00270, 0.05124, 0.03129
INFO | Test - Best epoch 68, Loss, MSE, RMSE, MAE: 0.00265, 0.00265, 0.05098, 0.03132
INFO | Time spent: 3.16s
INFO | - Epoch 069, ExpID 30211
INFO | Train - Loss (one batch): 0.00291
INFO | Val - Loss, MSE, RMSE, MAE: 0.00283, 0.00283, 0.05256, 0.03334
INFO | Test - Best epoch 68, Loss, MSE, RMSE, MAE: 0.00270, 0.00270, 0.05149, 0.03221
INFO | Time spent: 3.15s
INFO | - Epoch 070, ExpID 30211
INFO | Train - Loss (one batch): 0.00211
INFO | Val - Loss, MSE, RMSE, MAE: 0.00280, 0.00280, 0.05227, 0.03262
INFO | Test - Best epoch 68, Loss, MSE, RMSE, MAE: 0.00271, 0.00271, 0.05165, 0.03232
INFO | Time spent: 3.15s
INFO | - Epoch 071, ExpID 30211
INFO | Train - Loss (one batch): 0.00245
INFO | Val - Loss, MSE, RMSE, MAE: 0.00271, 0.00271, 0.05144, 0.03182
INFO | Test - Best epoch 68, Loss, MSE, RMSE, MAE: 0.00270, 0.00270, 0.05154, 0.03221
INFO | Time spent: 3.16s
INFO | - Epoch 072, ExpID 30211
INFO | Train - Loss (one batch): 0.00281
INFO | Val - Loss, MSE, RMSE, MAE: 0.00274, 0.00274, 0.05167, 0.03197
INFO | Test - Best epoch 68, Loss, MSE, RMSE, MAE: 0.00270, 0.00270, 0.05148, 0.03213
INFO | Time spent: 3.16s
INFO | - Epoch 073, ExpID 30211
INFO | Train - Loss (one batch): 0.00260
INFO | Val - Loss, MSE, RMSE, MAE: 0.00281, 0.00281, 0.05238, 0.03334
INFO | Test - Best epoch 68, Loss, MSE, RMSE, MAE: 0.00271, 0.00271, 0.05160, 0.03234
INFO | Time spent: 3.16s
INFO | - Epoch 074, ExpID 30211
INFO | Train - Loss (one batch): 0.00257
INFO | Val - Loss, MSE, RMSE, MAE: 0.00269, 0.00269, 0.05117, 0.03132
INFO | Test - Best epoch 74, Loss, MSE, RMSE, MAE: 0.00263, 0.00263, 0.05082, 0.03124
INFO | Time spent: 3.16s
INFO | - Epoch 075, ExpID 30211
INFO | Train - Loss (one batch): 0.00270
INFO | Val - Loss, MSE, RMSE, MAE: 0.00283, 0.00283, 0.05256, 0.03397
INFO | Test - Best epoch 74, Loss, MSE, RMSE, MAE: 0.00271, 0.00271, 0.05162, 0.03268
INFO | Time spent: 3.15s
INFO | - Epoch 076, ExpID 30211
INFO | Train - Loss (one batch): 0.00190
INFO | Val - Loss, MSE, RMSE, MAE: 0.00293, 0.00293, 0.05352, 0.03507
INFO | Test - Best epoch 74, Loss, MSE, RMSE, MAE: 0.00276, 0.00276, 0.05215, 0.03350
INFO | Time spent: 3.15s
INFO | - Epoch 077, ExpID 30211
INFO | Train - Loss (one batch): 0.00243
INFO | Val - Loss, MSE, RMSE, MAE: 0.00273, 0.00273, 0.05152, 0.03173
INFO | Test - Best epoch 74, Loss, MSE, RMSE, MAE: 0.00274, 0.00274, 0.05193, 0.03306
INFO | Time spent: 3.16s
INFO | - Epoch 078, ExpID 30211
INFO | Train - Loss (one batch): 0.00222
INFO | Val - Loss, MSE, RMSE, MAE: 0.00269, 0.00269, 0.05120, 0.03129
INFO | Test - Best epoch 74, Loss, MSE, RMSE, MAE: 0.00272, 0.00272, 0.05172, 0.03269
INFO | Time spent: 3.15s
INFO | - Epoch 079, ExpID 30211
INFO | Train - Loss (one batch): 0.00251
INFO | Val - Loss, MSE, RMSE, MAE: 0.00268, 0.00268, 0.05104, 0.03122
INFO | Test - Best epoch 79, Loss, MSE, RMSE, MAE: 0.00263, 0.00263, 0.05088, 0.03130
INFO | Time spent: 3.17s
INFO | - Epoch 080, ExpID 30211
INFO | Train - Loss (one batch): 0.00333
INFO | Val - Loss, MSE, RMSE, MAE: 0.00301, 0.00301, 0.05432, 0.03644
INFO | Test - Best epoch 79, Loss, MSE, RMSE, MAE: 0.00279, 0.00279, 0.05239, 0.03383
INFO | Time spent: 3.15s
INFO | - Epoch 081, ExpID 30211
INFO | Train - Loss (one batch): 0.00255
INFO | Val - Loss, MSE, RMSE, MAE: 0.00277, 0.00277, 0.05194, 0.03290
INFO | Test - Best epoch 79, Loss, MSE, RMSE, MAE: 0.00276, 0.00276, 0.05214, 0.03354
INFO | Time spent: 3.15s
INFO | - Epoch 082, ExpID 30211
INFO | Train - Loss (one batch): 0.00326
INFO | Val - Loss, MSE, RMSE, MAE: 0.00268, 0.00268, 0.05106, 0.03116
INFO | Test - Best epoch 79, Loss, MSE, RMSE, MAE: 0.00273, 0.00273, 0.05180, 0.03293
INFO | Time spent: 3.16s
INFO | - Epoch 083, ExpID 30211
INFO | Train - Loss (one batch): 0.00258
INFO | Val - Loss, MSE, RMSE, MAE: 0.00270, 0.00270, 0.05125, 0.03150
INFO | Test - Best epoch 79, Loss, MSE, RMSE, MAE: 0.00271, 0.00271, 0.05165, 0.03266
INFO | Time spent: 3.14s
INFO | - Epoch 084, ExpID 30211
INFO | Train - Loss (one batch): 0.00325
INFO | Val - Loss, MSE, RMSE, MAE: 0.00275, 0.00275, 0.05174, 0.03225
INFO | Test - Best epoch 79, Loss, MSE, RMSE, MAE: 0.00271, 0.00271, 0.05162, 0.03260
INFO | Time spent: 3.16s
INFO | - Epoch 085, ExpID 30211
INFO | Train - Loss (one batch): 0.00257
INFO | Val - Loss, MSE, RMSE, MAE: 0.00277, 0.00277, 0.05196, 0.03262
INFO | Test - Best epoch 79, Loss, MSE, RMSE, MAE: 0.00271, 0.00271, 0.05164, 0.03261
INFO | Time spent: 3.16s
INFO | - Epoch 086, ExpID 30211
INFO | Train - Loss (one batch): 0.00184
INFO | Val - Loss, MSE, RMSE, MAE: 0.00268, 0.00268, 0.05108, 0.03121
INFO | Test - Best epoch 79, Loss, MSE, RMSE, MAE: 0.00270, 0.00270, 0.05153, 0.03244
INFO | Time spent: 3.15s
INFO | - Epoch 087, ExpID 30211
INFO | Train - Loss (one batch): 0.00177
INFO | Val - Loss, MSE, RMSE, MAE: 0.00266, 0.00266, 0.05088, 0.03071
INFO | Test - Best epoch 87, Loss, MSE, RMSE, MAE: 0.00261, 0.00261, 0.05067, 0.03084
INFO | Time spent: 3.15s
INFO | - Epoch 088, ExpID 30211
INFO | Train - Loss (one batch): 0.00206
INFO | Val - Loss, MSE, RMSE, MAE: 0.00271, 0.00271, 0.05135, 0.03145
INFO | Test - Best epoch 87, Loss, MSE, RMSE, MAE: 0.00263, 0.00263, 0.05081, 0.03113
INFO | Time spent: 3.16s
INFO | - Epoch 089, ExpID 30211
INFO | Train - Loss (one batch): 0.00325
INFO | Val - Loss, MSE, RMSE, MAE: 0.00271, 0.00271, 0.05139, 0.03205
INFO | Test - Best epoch 87, Loss, MSE, RMSE, MAE: 0.00264, 0.00264, 0.05096, 0.03149
INFO | Time spent: 3.15s
INFO | - Epoch 090, ExpID 30211
INFO | Train - Loss (one batch): 0.00235
INFO | Val - Loss, MSE, RMSE, MAE: 0.00281, 0.00281, 0.05236, 0.03325
INFO | Test - Best epoch 87, Loss, MSE, RMSE, MAE: 0.00268, 0.00268, 0.05129, 0.03199
INFO | Time spent: 3.15s
INFO | - Epoch 091, ExpID 30211
INFO | Train - Loss (one batch): 0.00271
INFO | Val - Loss, MSE, RMSE, MAE: 0.00272, 0.00272, 0.05144, 0.03164
INFO | Test - Best epoch 87, Loss, MSE, RMSE, MAE: 0.00267, 0.00267, 0.05126, 0.03190
INFO | Time spent: 3.16s
INFO | - Epoch 092, ExpID 30211
INFO | Train - Loss (one batch): 0.00232
INFO | Val - Loss, MSE, RMSE, MAE: 0.00267, 0.00267, 0.05095, 0.03093
INFO | Test - Best epoch 87, Loss, MSE, RMSE, MAE: 0.00266, 0.00266, 0.05114, 0.03173
INFO | Time spent: 3.15s
INFO | - Epoch 093, ExpID 30211
INFO | Train - Loss (one batch): 0.00278
INFO | Val - Loss, MSE, RMSE, MAE: 0.00272, 0.00272, 0.05151, 0.03210
INFO | Test - Best epoch 87, Loss, MSE, RMSE, MAE: 0.00266, 0.00266, 0.05114, 0.03179
INFO | Time spent: 3.15s
INFO | - Epoch 094, ExpID 30211
INFO | Train - Loss (one batch): 0.00192
INFO | Val - Loss, MSE, RMSE, MAE: 0.00267, 0.00267, 0.05093, 0.03086
INFO | Test - Best epoch 87, Loss, MSE, RMSE, MAE: 0.00265, 0.00265, 0.05107, 0.03169
INFO | Time spent: 3.16s
INFO | - Epoch 095, ExpID 30211
INFO | Train - Loss (one batch): 0.00195
INFO | Val - Loss, MSE, RMSE, MAE: 0.00266, 0.00266, 0.05093, 0.03093
INFO | Test - Best epoch 87, Loss, MSE, RMSE, MAE: 0.00265, 0.00265, 0.05102, 0.03162
INFO | Time spent: 3.15s
INFO | - Epoch 096, ExpID 30211
INFO | Train - Loss (one batch): 0.00287
INFO | Val - Loss, MSE, RMSE, MAE: 0.00267, 0.00267, 0.05095, 0.03109
INFO | Test - Best epoch 87, Loss, MSE, RMSE, MAE: 0.00264, 0.00264, 0.05098, 0.03156
INFO | Time spent: 3.15s
INFO | - Epoch 097, ExpID 30211
INFO | Train - Loss (one batch): 0.00259
INFO | Val - Loss, MSE, RMSE, MAE: 0.00268, 0.00268, 0.05107, 0.03149
INFO | Test - Best epoch 87, Loss, MSE, RMSE, MAE: 0.00264, 0.00264, 0.05097, 0.03156
INFO | Time spent: 3.15s
INFO | - Epoch 098, ExpID 30211
INFO | Train - Loss (one batch): 0.00240
INFO | Val - Loss, MSE, RMSE, MAE: 0.00278, 0.00278, 0.05206, 0.03285
INFO | Test - Best epoch 87, Loss, MSE, RMSE, MAE: 0.00265, 0.00265, 0.05104, 0.03168
INFO | Time spent: 3.15s
INFO | - Epoch 099, ExpID 30211
INFO | Train - Loss (one batch): 0.00258
INFO | Val - Loss, MSE, RMSE, MAE: 0.00271, 0.00271, 0.05135, 0.03143
INFO | Test - Best epoch 87, Loss, MSE, RMSE, MAE: 0.00265, 0.00265, 0.05104, 0.03167
INFO | Time spent: 3.16s
INFO | - Epoch 100, ExpID 30211
INFO | Train - Loss (one batch): 0.00266
INFO | Val - Loss, MSE, RMSE, MAE: 0.00268, 0.00268, 0.05107, 0.03134
INFO | Test - Best epoch 87, Loss, MSE, RMSE, MAE: 0.00265, 0.00265, 0.05103, 0.03165
INFO | Time spent: 3.16s
INFO | - Epoch 101, ExpID 30211
INFO | Train - Loss (one batch): 0.00246
INFO | Val - Loss, MSE, RMSE, MAE: 0.00268, 0.00268, 0.05108, 0.03110
INFO | Test - Best epoch 87, Loss, MSE, RMSE, MAE: 0.00265, 0.00265, 0.05103, 0.03163
INFO | Time spent: 3.16s
INFO | - Epoch 102, ExpID 30211
INFO | Train - Loss (one batch): 0.00170
INFO | Val - Loss, MSE, RMSE, MAE: 0.00275, 0.00275, 0.05183, 0.03264
INFO | Test - Best epoch 87, Loss, MSE, RMSE, MAE: 0.00266, 0.00266, 0.05108, 0.03171
INFO | Time spent: 3.16s
INFO | - Epoch 103, ExpID 30211
INFO | Train - Loss (one batch): 0.00200
INFO | Val - Loss, MSE, RMSE, MAE: 0.00271, 0.00271, 0.05138, 0.03151
INFO | Test - Best epoch 87, Loss, MSE, RMSE, MAE: 0.00266, 0.00266, 0.05110, 0.03172
INFO | Time spent: 3.15s
INFO | - Epoch 104, ExpID 30211
INFO | Train - Loss (one batch): 0.00254
INFO | Val - Loss, MSE, RMSE, MAE: 0.00266, 0.00266, 0.05087, 0.03085
INFO | Test - Best epoch 87, Loss, MSE, RMSE, MAE: 0.00265, 0.00265, 0.05107, 0.03167
INFO | Time spent: 3.16s
INFO | - Epoch 105, ExpID 30211
INFO | Train - Loss (one batch): 0.00306
INFO | Val - Loss, MSE, RMSE, MAE: 0.00269, 0.00269, 0.05116, 0.03172
INFO | Test - Best epoch 87, Loss, MSE, RMSE, MAE: 0.00265, 0.00265, 0.05108, 0.03169
INFO | Time spent: 3.15s
INFO | - Epoch 106, ExpID 30211
INFO | Train - Loss (one batch): 0.00194
INFO | Val - Loss, MSE, RMSE, MAE: 0.00274, 0.00274, 0.05164, 0.03176
INFO | Test - Best epoch 87, Loss, MSE, RMSE, MAE: 0.00266, 0.00266, 0.05108, 0.03169
INFO | Time spent: 3.15s
INFO | - Epoch 107, ExpID 30211
INFO | Train - Loss (one batch): 0.00261
INFO | Val - Loss, MSE, RMSE, MAE: 0.00277, 0.00277, 0.05196, 0.03273
INFO | Test - Best epoch 87, Loss, MSE, RMSE, MAE: 0.00266, 0.00266, 0.05110, 0.03174
INFO | Time spent: 3.16s
INFO | - Epoch 108, ExpID 30211
INFO | Train - Loss (one batch): 0.00240
INFO | Val - Loss, MSE, RMSE, MAE: 0.00276, 0.00276, 0.05179, 0.03216
INFO | Test - Best epoch 87, Loss, MSE, RMSE, MAE: 0.00266, 0.00266, 0.05113, 0.03176
INFO | Time spent: 3.15s
INFO | - Epoch 109, ExpID 30211
INFO | Train - Loss (one batch): 0.00267
INFO | Val - Loss, MSE, RMSE, MAE: 0.00273, 0.00273, 0.05162, 0.03193
INFO | Test - Best epoch 87, Loss, MSE, RMSE, MAE: 0.00266, 0.00266, 0.05114, 0.03177
INFO | Time spent: 3.15s
INFO | - Epoch 110, ExpID 30211
INFO | Train - Loss (one batch): 0.00189
INFO | Val - Loss, MSE, RMSE, MAE: 0.00267, 0.00267, 0.05095, 0.03093
INFO | Test - Best epoch 87, Loss, MSE, RMSE, MAE: 0.00266, 0.00266, 0.05113, 0.03175
INFO | Time spent: 3.16s
INFO | - Epoch 111, ExpID 30211
INFO | Train - Loss (one batch): 0.00201
INFO | Val - Loss, MSE, RMSE, MAE: 0.00269, 0.00269, 0.05119, 0.03134
INFO | Test - Best epoch 87, Loss, MSE, RMSE, MAE: 0.00266, 0.00266, 0.05112, 0.03174
INFO | Time spent: 3.16s
INFO | - Epoch 112, ExpID 30211
INFO | Train - Loss (one batch): 0.00241
INFO | Val - Loss, MSE, RMSE, MAE: 0.00277, 0.00277, 0.05195, 0.03302
INFO | Test - Best epoch 87, Loss, MSE, RMSE, MAE: 0.00266, 0.00266, 0.05115, 0.03180
INFO | Time spent: 3.15s
INFO | - Epoch 113, ExpID 30211
INFO | Train - Loss (one batch): 0.00236
INFO | Val - Loss, MSE, RMSE, MAE: 0.00265, 0.00265, 0.05080, 0.03108
INFO | Test - Best epoch 113, Loss, MSE, RMSE, MAE: 0.00262, 0.00262, 0.05074, 0.03121
INFO | Time spent: 3.16s
INFO | - Epoch 114, ExpID 30211
INFO | Train - Loss (one batch): 0.00226
INFO | Val - Loss, MSE, RMSE, MAE: 0.00266, 0.00266, 0.05084, 0.03094
INFO | Test - Best epoch 113, Loss, MSE, RMSE, MAE: 0.00262, 0.00262, 0.05073, 0.03121
INFO | Time spent: 3.17s
INFO | - Epoch 115, ExpID 30211
INFO | Train - Loss (one batch): 0.00219
INFO | Val - Loss, MSE, RMSE, MAE: 0.00267, 0.00267, 0.05099, 0.03101
INFO | Test - Best epoch 113, Loss, MSE, RMSE, MAE: 0.00262, 0.00262, 0.05069, 0.03119
INFO | Time spent: 3.15s
INFO | - Epoch 116, ExpID 30211
INFO | Train - Loss (one batch): 0.00253
INFO | Val - Loss, MSE, RMSE, MAE: 0.00275, 0.00275, 0.05177, 0.03226
INFO | Test - Best epoch 113, Loss, MSE, RMSE, MAE: 0.00264, 0.00264, 0.05097, 0.03151
INFO | Time spent: 3.14s
INFO | - Epoch 117, ExpID 30211
INFO | Train - Loss (one batch): 0.00206
INFO | Val - Loss, MSE, RMSE, MAE: 0.00270, 0.00270, 0.05122, 0.03149
INFO | Test - Best epoch 113, Loss, MSE, RMSE, MAE: 0.00266, 0.00266, 0.05108, 0.03160
INFO | Time spent: 3.16s
INFO | - Epoch 118, ExpID 30211
INFO | Train - Loss (one batch): 0.00210
INFO | Val - Loss, MSE, RMSE, MAE: 0.00267, 0.00267, 0.05100, 0.03112
INFO | Test - Best epoch 113, Loss, MSE, RMSE, MAE: 0.00265, 0.00265, 0.05101, 0.03154
INFO | Time spent: 3.15s
INFO | - Epoch 119, ExpID 30211
INFO | Train - Loss (one batch): 0.00180
INFO | Val - Loss, MSE, RMSE, MAE: 0.00275, 0.00275, 0.05171, 0.03177
INFO | Test - Best epoch 113, Loss, MSE, RMSE, MAE: 0.00266, 0.00266, 0.05110, 0.03160
INFO | Time spent: 3.16s
INFO | - Epoch 120, ExpID 30211
INFO | Train - Loss (one batch): 0.00201
INFO | Val - Loss, MSE, RMSE, MAE: 0.00265, 0.00265, 0.05078, 0.03088
INFO | Test - Best epoch 120, Loss, MSE, RMSE, MAE: 0.00262, 0.00262, 0.05069, 0.03116
INFO | Time spent: 3.16s
INFO | - Epoch 121, ExpID 30211
INFO | Train - Loss (one batch): 0.00190
INFO | Val - Loss, MSE, RMSE, MAE: 0.00270, 0.00270, 0.05130, 0.03118
INFO | Test - Best epoch 120, Loss, MSE, RMSE, MAE: 0.00262, 0.00262, 0.05076, 0.03114
INFO | Time spent: 3.15s
INFO | - Epoch 122, ExpID 30211
INFO | Train - Loss (one batch): 0.00217
INFO | Val - Loss, MSE, RMSE, MAE: 0.00273, 0.00273, 0.05153, 0.03219
INFO | Test - Best epoch 120, Loss, MSE, RMSE, MAE: 0.00264, 0.00264, 0.05096, 0.03153
INFO | Time spent: 3.16s
INFO | - Epoch 123, ExpID 30211
INFO | Train - Loss (one batch): 0.00159
INFO | Val - Loss, MSE, RMSE, MAE: 0.00271, 0.00271, 0.05140, 0.03171
INFO | Test - Best epoch 120, Loss, MSE, RMSE, MAE: 0.00265, 0.00265, 0.05098, 0.03158
INFO | Time spent: 3.16s
INFO | - Epoch 124, ExpID 30211
INFO | Train - Loss (one batch): 0.00201
INFO | Val - Loss, MSE, RMSE, MAE: 0.00268, 0.00268, 0.05107, 0.03100
INFO | Test - Best epoch 120, Loss, MSE, RMSE, MAE: 0.00264, 0.00264, 0.05095, 0.03149
INFO | Time spent: 3.15s
INFO | - Epoch 125, ExpID 30211
INFO | Train - Loss (one batch): 0.00182
INFO | Val - Loss, MSE, RMSE, MAE: 0.00268, 0.00268, 0.05105, 0.03123
INFO | Test - Best epoch 120, Loss, MSE, RMSE, MAE: 0.00264, 0.00264, 0.05092, 0.03147
INFO | Time spent: 3.14s
INFO | - Epoch 126, ExpID 30211
INFO | Train - Loss (one batch): 0.00186
INFO | Val - Loss, MSE, RMSE, MAE: 0.00268, 0.00268, 0.05105, 0.03113
INFO | Test - Best epoch 120, Loss, MSE, RMSE, MAE: 0.00263, 0.00263, 0.05087, 0.03145
INFO | Time spent: 3.16s
INFO | - Epoch 127, ExpID 30211
INFO | Train - Loss (one batch): 0.00237
INFO | Val - Loss, MSE, RMSE, MAE: 0.00269, 0.00269, 0.05116, 0.03120
INFO | Test - Best epoch 120, Loss, MSE, RMSE, MAE: 0.00264, 0.00264, 0.05089, 0.03147
INFO | Time spent: 3.14s
INFO | - Epoch 128, ExpID 30211
INFO | Train - Loss (one batch): 0.00189
INFO | Val - Loss, MSE, RMSE, MAE: 0.00271, 0.00271, 0.05139, 0.03176
INFO | Test - Best epoch 120, Loss, MSE, RMSE, MAE: 0.00264, 0.00264, 0.05093, 0.03153
INFO | Time spent: 3.16s
INFO | - Epoch 129, ExpID 30211
INFO | Train - Loss (one batch): 0.00225
INFO | Val - Loss, MSE, RMSE, MAE: 0.00271, 0.00271, 0.05132, 0.03137
INFO | Test - Best epoch 120, Loss, MSE, RMSE, MAE: 0.00264, 0.00264, 0.05092, 0.03152
INFO | Time spent: 3.16s
INFO | - Epoch 130, ExpID 30211
INFO | Train - Loss (one batch): 0.00227
INFO | Val - Loss, MSE, RMSE, MAE: 0.00272, 0.00272, 0.05144, 0.03165
INFO | Test - Best epoch 120, Loss, MSE, RMSE, MAE: 0.00264, 0.00264, 0.05096, 0.03155
INFO | Time spent: 3.46s
INFO | - Epoch 131, ExpID 30211
INFO | Train - Loss (one batch): 0.00187
INFO | Val - Loss, MSE, RMSE, MAE: 0.00274, 0.00274, 0.05167, 0.03212
INFO | Test - Best epoch 120, Loss, MSE, RMSE, MAE: 0.00265, 0.00265, 0.05098, 0.03159
INFO | Time spent: 3.15s
INFO | - Epoch 132, ExpID 30211
INFO | Train - Loss (one batch): 0.00224
INFO | Val - Loss, MSE, RMSE, MAE: 0.00268, 0.00268, 0.05105, 0.03122
INFO | Test - Best epoch 120, Loss, MSE, RMSE, MAE: 0.00264, 0.00264, 0.05096, 0.03158
INFO | Time spent: 3.15s
INFO | - Epoch 133, ExpID 30211
INFO | Train - Loss (one batch): 0.00188
INFO | Val - Loss, MSE, RMSE, MAE: 0.00269, 0.00269, 0.05118, 0.03123
INFO | Test - Best epoch 120, Loss, MSE, RMSE, MAE: 0.00264, 0.00264, 0.05096, 0.03157
INFO | Time spent: 3.15s
INFO | - Epoch 134, ExpID 30211
INFO | Train - Loss (one batch): 0.00196
INFO | Val - Loss, MSE, RMSE, MAE: 0.00304, 0.00304, 0.05449, 0.03574
INFO | Test - Best epoch 120, Loss, MSE, RMSE, MAE: 0.00267, 0.00267, 0.05117, 0.03185
INFO | Time spent: 3.15s
INFO | - Epoch 135, ExpID 30211
INFO | Train - Loss (one batch): 0.00150
INFO | Val - Loss, MSE, RMSE, MAE: 0.00278, 0.00278, 0.05206, 0.03231
INFO | Test - Best epoch 120, Loss, MSE, RMSE, MAE: 0.00267, 0.00267, 0.05121, 0.03187
INFO | Time spent: 3.14s
INFO | - Epoch 136, ExpID 30211
INFO | Train - Loss (one batch): 0.00193
INFO | Val - Loss, MSE, RMSE, MAE: 0.00269, 0.00269, 0.05115, 0.03111
INFO | Test - Best epoch 120, Loss, MSE, RMSE, MAE: 0.00267, 0.00267, 0.05118, 0.03183
INFO | Time spent: 3.16s
INFO | - Epoch 137, ExpID 30211
INFO | Train - Loss (one batch): 0.00222
INFO | Val - Loss, MSE, RMSE, MAE: 0.00278, 0.00278, 0.05205, 0.03204
INFO | Test - Best epoch 120, Loss, MSE, RMSE, MAE: 0.00267, 0.00267, 0.05122, 0.03185
INFO | Time spent: 3.15s
INFO | - Epoch 138, ExpID 30211
INFO | Train - Loss (one batch): 0.00229
INFO | Val - Loss, MSE, RMSE, MAE: 0.00272, 0.00272, 0.05147, 0.03161
INFO | Test - Best epoch 120, Loss, MSE, RMSE, MAE: 0.00267, 0.00267, 0.05122, 0.03186
INFO | Time spent: 3.15s
INFO | - Epoch 139, ExpID 30211
INFO | Train - Loss (one batch): 0.00163
INFO | Val - Loss, MSE, RMSE, MAE: 0.00274, 0.00274, 0.05159, 0.03139
INFO | Test - Best epoch 120, Loss, MSE, RMSE, MAE: 0.00267, 0.00267, 0.05122, 0.03184
INFO | Time spent: 3.16s
INFO | - Epoch 140, ExpID 30211
INFO | Train - Loss (one batch): 0.00252
INFO | Val - Loss, MSE, RMSE, MAE: 0.00275, 0.00275, 0.05175, 0.03249
INFO | Test - Best epoch 120, Loss, MSE, RMSE, MAE: 0.00267, 0.00267, 0.05122, 0.03187
INFO | Time spent: 3.15s
INFO | - Epoch 141, ExpID 30211
INFO | Train - Loss (one batch): 0.00231
INFO | Val - Loss, MSE, RMSE, MAE: 0.00273, 0.00273, 0.05154, 0.03204
INFO | Test - Best epoch 120, Loss, MSE, RMSE, MAE: 0.00267, 0.00267, 0.05122, 0.03189
INFO | Time spent: 3.19s
INFO | - Epoch 142, ExpID 30211
INFO | Train - Loss (one batch): 0.00221
INFO | Val - Loss, MSE, RMSE, MAE: 0.00271, 0.00271, 0.05126, 0.03122
INFO | Test - Best epoch 120, Loss, MSE, RMSE, MAE: 0.00267, 0.00267, 0.05122, 0.03186
INFO | Time spent: 3.17s
INFO | - Epoch 143, ExpID 30211
INFO | Train - Loss (one batch): 0.00244
INFO | Val - Loss, MSE, RMSE, MAE: 0.00287, 0.00287, 0.05293, 0.03364
INFO | Test - Best epoch 120, Loss, MSE, RMSE, MAE: 0.00268, 0.00268, 0.05128, 0.03194
INFO | Time spent: 3.15s
INFO | - Epoch 144, ExpID 30211
INFO | Train - Loss (one batch): 0.00236
INFO | Val - Loss, MSE, RMSE, MAE: 0.00272, 0.00272, 0.05139, 0.03128
INFO | Test - Best epoch 120, Loss, MSE, RMSE, MAE: 0.00268, 0.00268, 0.05127, 0.03191
INFO | Time spent: 3.15s
INFO | - Epoch 145, ExpID 30211
INFO | Train - Loss (one batch): 0.00257
INFO | Val - Loss, MSE, RMSE, MAE: 0.00271, 0.00271, 0.05138, 0.03160
INFO | Test - Best epoch 120, Loss, MSE, RMSE, MAE: 0.00268, 0.00268, 0.05127, 0.03191
INFO | Time spent: 3.15s
INFO | - Epoch 146, ExpID 30211
INFO | Train - Loss (one batch): 0.00198
INFO | Val - Loss, MSE, RMSE, MAE: 0.00268, 0.00268, 0.05102, 0.03116
INFO | Test - Best epoch 120, Loss, MSE, RMSE, MAE: 0.00267, 0.00267, 0.05125, 0.03188
INFO | Time spent: 3.14s
INFO | - Epoch 147, ExpID 30211
INFO | Train - Loss (one batch): 0.00147
INFO | Val - Loss, MSE, RMSE, MAE: 0.00272, 0.00272, 0.05136, 0.03140
INFO | Test - Best epoch 120, Loss, MSE, RMSE, MAE: 0.00267, 0.00267, 0.05126, 0.03187
INFO | Time spent: 3.14s
INFO | - Epoch 148, ExpID 30211
INFO | Train - Loss (one batch): 0.00211
INFO | Val - Loss, MSE, RMSE, MAE: 0.00272, 0.00272, 0.05144, 0.03161
INFO | Test - Best epoch 120, Loss, MSE, RMSE, MAE: 0.00267, 0.00267, 0.05125, 0.03187
INFO | Time spent: 3.16s
INFO | - Epoch 149, ExpID 30211
INFO | Train - Loss (one batch): 0.00208
INFO | Val - Loss, MSE, RMSE, MAE: 0.00269, 0.00269, 0.05113, 0.03112
INFO | Test - Best epoch 120, Loss, MSE, RMSE, MAE: 0.00267, 0.00267, 0.05123, 0.03185
INFO | Time spent: 3.15s
INFO | - Epoch 150, ExpID 30211
INFO | Train - Loss (one batch): 0.00288
INFO | Val - Loss, MSE, RMSE, MAE: 0.00274, 0.00274, 0.05160, 0.03148
INFO | Test - Best epoch 120, Loss, MSE, RMSE, MAE: 0.00267, 0.00267, 0.05123, 0.03183
INFO | Time spent: 3.15s
INFO | - Epoch 151, ExpID 30211
INFO | Train - Loss (one batch): 0.00282
INFO | Val - Loss, MSE, RMSE, MAE: 0.00271, 0.00271, 0.05133, 0.03110
INFO | Test - Best epoch 120, Loss, MSE, RMSE, MAE: 0.00267, 0.00267, 0.05123, 0.03182
INFO | Time spent: 3.15s
INFO | - Epoch 152, ExpID 30211
INFO | Train - Loss (one batch): 0.00227
INFO | Val - Loss, MSE, RMSE, MAE: 0.00272, 0.00272, 0.05140, 0.03121
INFO | Test - Best epoch 120, Loss, MSE, RMSE, MAE: 0.00267, 0.00267, 0.05123, 0.03180
INFO | Time spent: 3.15s
INFO | - Epoch 153, ExpID 30211
INFO | Train - Loss (one batch): 0.00258
INFO | Val - Loss, MSE, RMSE, MAE: 0.00279, 0.00279, 0.05200, 0.03205
INFO | Test - Best epoch 120, Loss, MSE, RMSE, MAE: 0.00267, 0.00267, 0.05124, 0.03181
INFO | Time spent: 3.15s
INFO | - Epoch 154, ExpID 30211
INFO | Train - Loss (one batch): 0.00248
INFO | Val - Loss, MSE, RMSE, MAE: 0.00269, 0.00269, 0.05113, 0.03100
INFO | Test - Best epoch 120, Loss, MSE, RMSE, MAE: 0.00267, 0.00267, 0.05123, 0.03179
INFO | Time spent: 3.14s
INFO | - Epoch 155, ExpID 30211
INFO | Train - Loss (one batch): 0.00177
INFO | Val - Loss, MSE, RMSE, MAE: 0.00278, 0.00278, 0.05202, 0.03248
INFO | Test - Best epoch 120, Loss, MSE, RMSE, MAE: 0.00267, 0.00267, 0.05125, 0.03181
INFO | Time spent: 3.15s
INFO | - Epoch 156, ExpID 30211
INFO | Train - Loss (one batch): 0.00220
INFO | Val - Loss, MSE, RMSE, MAE: 0.00275, 0.00275, 0.05174, 0.03174
INFO | Test - Best epoch 120, Loss, MSE, RMSE, MAE: 0.00267, 0.00267, 0.05126, 0.03182
INFO | Time spent: 3.15s
INFO | - Epoch 157, ExpID 30211
INFO | Train - Loss (one batch): 0.00214
INFO | Val - Loss, MSE, RMSE, MAE: 0.00274, 0.00274, 0.05160, 0.03148
INFO | Test - Best epoch 120, Loss, MSE, RMSE, MAE: 0.00267, 0.00267, 0.05126, 0.03181
INFO | Time spent: 3.15s
INFO | - Epoch 158, ExpID 30211
INFO | Train - Loss (one batch): 0.00206
INFO | Val - Loss, MSE, RMSE, MAE: 0.00270, 0.00270, 0.05128, 0.03101
INFO | Test - Best epoch 120, Loss, MSE, RMSE, MAE: 0.00267, 0.00267, 0.05126, 0.03180
INFO | Time spent: 3.32s
INFO | - Epoch 159, ExpID 30211
INFO | Train - Loss (one batch): 0.00271
INFO | Val - Loss, MSE, RMSE, MAE: 0.00269, 0.00269, 0.05114, 0.03094
INFO | Test - Best epoch 120, Loss, MSE, RMSE, MAE: 0.00267, 0.00267, 0.05125, 0.03178
INFO | Time spent: 3.17s
INFO | - Epoch 160, ExpID 30211
INFO | Train - Loss (one batch): 0.00244
INFO | Val - Loss, MSE, RMSE, MAE: 0.00271, 0.00271, 0.05129, 0.03114
INFO | Test - Best epoch 120, Loss, MSE, RMSE, MAE: 0.00267, 0.00267, 0.05124, 0.03177
INFO | Time spent: 3.15s
INFO | - Epoch 161, ExpID 30211
INFO | Train - Loss (one batch): 0.00202
INFO | Val - Loss, MSE, RMSE, MAE: 0.00277, 0.00277, 0.05191, 0.03180
INFO | Test - Best epoch 120, Loss, MSE, RMSE, MAE: 0.00267, 0.00267, 0.05125, 0.03177
INFO | Time spent: 3.15s
INFO | - Epoch 162, ExpID 30211
INFO | Train - Loss (one batch): 0.00211
INFO | Val - Loss, MSE, RMSE, MAE: 0.00274, 0.00274, 0.05165, 0.03167
INFO | Test - Best epoch 120, Loss, MSE, RMSE, MAE: 0.00267, 0.00267, 0.05125, 0.03177
INFO | Time spent: 3.15s
INFO | - Epoch 163, ExpID 30211
INFO | Train - Loss (one batch): 0.00174
INFO | Val - Loss, MSE, RMSE, MAE: 0.00276, 0.00276, 0.05181, 0.03166
INFO | Test - Best epoch 120, Loss, MSE, RMSE, MAE: 0.00267, 0.00267, 0.05126, 0.03177
INFO | Time spent: 3.16s
INFO | - Epoch 164, ExpID 30211
INFO | Train - Loss (one batch): 0.00231
INFO | Val - Loss, MSE, RMSE, MAE: 0.00271, 0.00271, 0.05134, 0.03133
INFO | Test - Best epoch 120, Loss, MSE, RMSE, MAE: 0.00267, 0.00267, 0.05125, 0.03176
INFO | Time spent: 3.16s
INFO | - Epoch 165, ExpID 30211
INFO | Train - Loss (one batch): 0.00221
INFO | Val - Loss, MSE, RMSE, MAE: 0.00272, 0.00272, 0.05142, 0.03123
INFO | Test - Best epoch 120, Loss, MSE, RMSE, MAE: 0.00267, 0.00267, 0.05125, 0.03176
INFO | Time spent: 3.14s
INFO | - Epoch 166, ExpID 30211
INFO | Train - Loss (one batch): 0.00238
INFO | Val - Loss, MSE, RMSE, MAE: 0.00270, 0.00270, 0.05125, 0.03101
INFO | Test - Best epoch 120, Loss, MSE, RMSE, MAE: 0.00267, 0.00267, 0.05125, 0.03174
INFO | Time spent: 3.14s
INFO | - Epoch 167, ExpID 30211
INFO | Train - Loss (one batch): 0.00290
INFO | Val - Loss, MSE, RMSE, MAE: 0.00275, 0.00275, 0.05167, 0.03155
INFO | Test - Best epoch 120, Loss, MSE, RMSE, MAE: 0.00267, 0.00267, 0.05125, 0.03174
INFO | Time spent: 3.15s
INFO | - Epoch 168, ExpID 30211
INFO | Train - Loss (one batch): 0.00197
INFO | Val - Loss, MSE, RMSE, MAE: 0.00270, 0.00270, 0.05124, 0.03105
INFO | Test - Best epoch 120, Loss, MSE, RMSE, MAE: 0.00267, 0.00267, 0.05124, 0.03173
INFO | Time spent: 3.15s
INFO | - Epoch 169, ExpID 30211
INFO | Train - Loss (one batch): 0.00167
INFO | Val - Loss, MSE, RMSE, MAE: 0.00274, 0.00274, 0.05160, 0.03156
INFO | Test - Best epoch 120, Loss, MSE, RMSE, MAE: 0.00267, 0.00267, 0.05124, 0.03172
INFO | Time spent: 3.15s
INFO | - Epoch 170, ExpID 30211
INFO | Train - Loss (one batch): 0.00163
INFO | Val - Loss, MSE, RMSE, MAE: 0.00271, 0.00271, 0.05135, 0.03135
INFO | Test - Best epoch 120, Loss, MSE, RMSE, MAE: 0.00267, 0.00267, 0.05124, 0.03172
INFO | Time spent: 3.14s
INFO | - Epoch 171, ExpID 30211
INFO | Train - Loss (one batch): 0.00233
INFO | Val - Loss, MSE, RMSE, MAE: 0.00271, 0.00271, 0.05131, 0.03121
INFO | Test - Best epoch 120, Loss, MSE, RMSE, MAE: 0.00267, 0.00267, 0.05124, 0.03171
INFO | Time spent: 3.32s
INFO | - Epoch 172, ExpID 30211
INFO | Train - Loss (one batch): 0.00222
INFO | Val - Loss, MSE, RMSE, MAE: 0.00284, 0.00284, 0.05269, 0.03368
INFO | Test - Best epoch 120, Loss, MSE, RMSE, MAE: 0.00268, 0.00268, 0.05127, 0.03175
INFO | Time spent: 3.24s
INFO | - Epoch 173, ExpID 30211
INFO | Train - Loss (one batch): 0.00264
INFO | Val - Loss, MSE, RMSE, MAE: 0.00273, 0.00273, 0.05149, 0.03171
INFO | Test - Best epoch 120, Loss, MSE, RMSE, MAE: 0.00268, 0.00268, 0.05127, 0.03175
INFO | Time spent: 3.19s
INFO | - Epoch 174, ExpID 30211
INFO | Train - Loss (one batch): 0.00236
INFO | Val - Loss, MSE, RMSE, MAE: 0.00271, 0.00271, 0.05134, 0.03149
INFO | Test - Best epoch 120, Loss, MSE, RMSE, MAE: 0.00268, 0.00268, 0.05127, 0.03175
INFO | Time spent: 3.16s
INFO | - Epoch 175, ExpID 30211
INFO | Train - Loss (one batch): 0.00233
INFO | Val - Loss, MSE, RMSE, MAE: 0.00271, 0.00271, 0.05136, 0.03139
INFO | Test - Best epoch 120, Loss, MSE, RMSE, MAE: 0.00268, 0.00268, 0.05127, 0.03175
INFO | Time spent: 3.15s
INFO | - Epoch 176, ExpID 30211
INFO | Train - Loss (one batch): 0.00179
INFO | Val - Loss, MSE, RMSE, MAE: 0.00274, 0.00274, 0.05161, 0.03145
INFO | Test - Best epoch 120, Loss, MSE, RMSE, MAE: 0.00268, 0.00268, 0.05127, 0.03175
INFO | Time spent: 3.15s
INFO | - Epoch 177, ExpID 30211
INFO | Train - Loss (one batch): 0.00174
INFO | Val - Loss, MSE, RMSE, MAE: 0.00272, 0.00272, 0.05144, 0.03142
INFO | Test - Best epoch 120, Loss, MSE, RMSE, MAE: 0.00268, 0.00268, 0.05128, 0.03175
INFO | Time spent: 3.18s
INFO | - Epoch 178, ExpID 30211
INFO | Train - Loss (one batch): 0.00211
INFO | Val - Loss, MSE, RMSE, MAE: 0.00275, 0.00275, 0.05167, 0.03184
INFO | Test - Best epoch 120, Loss, MSE, RMSE, MAE: 0.00268, 0.00268, 0.05128, 0.03175
INFO | Time spent: 3.14s
INFO | - Epoch 179, ExpID 30211
INFO | Train - Loss (one batch): 0.00192
INFO | Val - Loss, MSE, RMSE, MAE: 0.00276, 0.00276, 0.05186, 0.03186
INFO | Test - Best epoch 120, Loss, MSE, RMSE, MAE: 0.00268, 0.00268, 0.05128, 0.03175
INFO | Time spent: 3.15s
INFO | - Epoch 180, ExpID 30211
INFO | Train - Loss (one batch): 0.00225
INFO | Val - Loss, MSE, RMSE, MAE: 0.00275, 0.00275, 0.05167, 0.03172
INFO | Test - Best epoch 120, Loss, MSE, RMSE, MAE: 0.00268, 0.00268, 0.05129, 0.03175
INFO | Time spent: 3.15s
INFO | - Epoch 181, ExpID 30211
INFO | Train - Loss (one batch): 0.00251
INFO | Val - Loss, MSE, RMSE, MAE: 0.00275, 0.00275, 0.05170, 0.03207
INFO | Test - Best epoch 120, Loss, MSE, RMSE, MAE: 0.00268, 0.00268, 0.05129, 0.03176
INFO | Time spent: 3.15s
INFO | - Epoch 182, ExpID 30211
INFO | Train - Loss (one batch): 0.00261
INFO | Val - Loss, MSE, RMSE, MAE: 0.00276, 0.00276, 0.05181, 0.03249
INFO | Test - Best epoch 120, Loss, MSE, RMSE, MAE: 0.00268, 0.00268, 0.05130, 0.03177
INFO | Time spent: 3.15s
INFO | - Epoch 183, ExpID 30211
INFO | Train - Loss (one batch): 0.00218
INFO | Val - Loss, MSE, RMSE, MAE: 0.00271, 0.00271, 0.05133, 0.03110
INFO | Test - Best epoch 120, Loss, MSE, RMSE, MAE: 0.00268, 0.00268, 0.05129, 0.03176
INFO | Time spent: 3.15s
INFO | - Epoch 184, ExpID 30211
INFO | Train - Loss (one batch): 0.00204
INFO | Val - Loss, MSE, RMSE, MAE: 0.00274, 0.00274, 0.05160, 0.03203
INFO | Test - Best epoch 120, Loss, MSE, RMSE, MAE: 0.00268, 0.00268, 0.05130, 0.03177
INFO | Time spent: 3.14s
INFO | - Epoch 185, ExpID 30211
INFO | Train - Loss (one batch): 0.00250
INFO | Val - Loss, MSE, RMSE, MAE: 0.00284, 0.00284, 0.05260, 0.03324
INFO | Test - Best epoch 120, Loss, MSE, RMSE, MAE: 0.00268, 0.00268, 0.05132, 0.03179
INFO | Time spent: 3.15s
INFO | - Epoch 186, ExpID 30211
INFO | Train - Loss (one batch): 0.00173
INFO | Val - Loss, MSE, RMSE, MAE: 0.00282, 0.00282, 0.05242, 0.03315
INFO | Test - Best epoch 120, Loss, MSE, RMSE, MAE: 0.00268, 0.00268, 0.05133, 0.03182
INFO | Time spent: 3.15s
INFO | - Epoch 187, ExpID 30211
INFO | Train - Loss (one batch): 0.00184
INFO | Val - Loss, MSE, RMSE, MAE: 0.00269, 0.00269, 0.05117, 0.03114
INFO | Test - Best epoch 120, Loss, MSE, RMSE, MAE: 0.00268, 0.00268, 0.05133, 0.03181
INFO | Time spent: 3.15s
INFO | - Epoch 188, ExpID 30211
INFO | Train - Loss (one batch): 0.00198
INFO | Val - Loss, MSE, RMSE, MAE: 0.00275, 0.00275, 0.05176, 0.03191
INFO | Test - Best epoch 120, Loss, MSE, RMSE, MAE: 0.00268, 0.00268, 0.05134, 0.03182
INFO | Time spent: 3.16s
INFO | - Epoch 189, ExpID 30211
INFO | Train - Loss (one batch): 0.00171
INFO | Val - Loss, MSE, RMSE, MAE: 0.00274, 0.00274, 0.05165, 0.03154
INFO | Test - Best epoch 120, Loss, MSE, RMSE, MAE: 0.00268, 0.00268, 0.05134, 0.03182
INFO | Time spent: 3.17s
INFO | - Epoch 190, ExpID 30211
INFO | Train - Loss (one batch): 0.00220
INFO | Val - Loss, MSE, RMSE, MAE: 0.00292, 0.00292, 0.05338, 0.03469
INFO | Test - Best epoch 120, Loss, MSE, RMSE, MAE: 0.00269, 0.00269, 0.05136, 0.03186
INFO | Time spent: 3.15s
INFO | - Epoch 191, ExpID 30211
INFO | Train - Loss (one batch): 0.00243
INFO | Val - Loss, MSE, RMSE, MAE: 0.00268, 0.00268, 0.05110, 0.03119
INFO | Test - Best epoch 120, Loss, MSE, RMSE, MAE: 0.00269, 0.00269, 0.05136, 0.03185
INFO | Time spent: 3.14s
INFO | - Epoch 192, ExpID 30211
INFO | Train - Loss (one batch): 0.00208
INFO | Val - Loss, MSE, RMSE, MAE: 0.00272, 0.00272, 0.05148, 0.03127
INFO | Test - Best epoch 120, Loss, MSE, RMSE, MAE: 0.00269, 0.00269, 0.05136, 0.03185
INFO | Time spent: 3.16s
INFO | - Epoch 193, ExpID 30211
INFO | Train - Loss (one batch): 0.00201
INFO | Val - Loss, MSE, RMSE, MAE: 0.00271, 0.00271, 0.05136, 0.03141
INFO | Test - Best epoch 120, Loss, MSE, RMSE, MAE: 0.00269, 0.00269, 0.05136, 0.03184
INFO | Time spent: 3.15s
INFO | - Epoch 194, ExpID 30211
INFO | Train - Loss (one batch): 0.00230
INFO | Val - Loss, MSE, RMSE, MAE: 0.00275, 0.00275, 0.05168, 0.03166
INFO | Test - Best epoch 120, Loss, MSE, RMSE, MAE: 0.00269, 0.00269, 0.05136, 0.03184
INFO | Time spent: 3.14s
INFO | - Epoch 195, ExpID 30211
INFO | Train - Loss (one batch): 0.00130
INFO | Val - Loss, MSE, RMSE, MAE: 0.00272, 0.00272, 0.05142, 0.03158
INFO | Test - Best epoch 120, Loss, MSE, RMSE, MAE: 0.00269, 0.00269, 0.05136, 0.03184
INFO | Time spent: 3.16s
INFO | - Epoch 196, ExpID 30211
INFO | Train - Loss (one batch): 0.00185
INFO | Val - Loss, MSE, RMSE, MAE: 0.00277, 0.00277, 0.05191, 0.03216
INFO | Test - Best epoch 120, Loss, MSE, RMSE, MAE: 0.00269, 0.00269, 0.05137, 0.03185
INFO | Time spent: 3.24s
INFO | - Epoch 197, ExpID 30211
INFO | Train - Loss (one batch): 0.00212
INFO | Val - Loss, MSE, RMSE, MAE: 0.00276, 0.00276, 0.05187, 0.03246
INFO | Test - Best epoch 120, Loss, MSE, RMSE, MAE: 0.00269, 0.00269, 0.05137, 0.03186
INFO | Time spent: 3.39s
INFO | - Epoch 198, ExpID 30211
INFO | Train - Loss (one batch): 0.00173
INFO | Val - Loss, MSE, RMSE, MAE: 0.00271, 0.00271, 0.05137, 0.03135
INFO | Test - Best epoch 120, Loss, MSE, RMSE, MAE: 0.00269, 0.00269, 0.05137, 0.03185
INFO | Time spent: 3.15s
INFO | - Epoch 199, ExpID 30211
INFO | Train - Loss (one batch): 0.00186
INFO | Val - Loss, MSE, RMSE, MAE: 0.00274, 0.00274, 0.05162, 0.03186
INFO | Test - Best epoch 120, Loss, MSE, RMSE, MAE: 0.00269, 0.00269, 0.05138, 0.03186
INFO | Time spent: 3.15s
INFO | - Epoch 200, ExpID 30211
INFO | Train - Loss (one batch): 0.00188
INFO | Val - Loss, MSE, RMSE, MAE: 0.00281, 0.00281, 0.05237, 0.03294
INFO | Test - Best epoch 120, Loss, MSE, RMSE, MAE: 0.00269, 0.00269, 0.05139, 0.03187
INFO | Time spent: 3.16s
INFO | - Epoch 201, ExpID 30211
INFO | Train - Loss (one batch): 0.00182
INFO | Val - Loss, MSE, RMSE, MAE: 0.00270, 0.00270, 0.05125, 0.03114
INFO | Test - Best epoch 120, Loss, MSE, RMSE, MAE: 0.00269, 0.00269, 0.05139, 0.03186
INFO | Time spent: 3.15s
INFO | - Epoch 202, ExpID 30211
INFO | Train - Loss (one batch): 0.00193
INFO | Val - Loss, MSE, RMSE, MAE: 0.00270, 0.00270, 0.05129, 0.03145
INFO | Test - Best epoch 120, Loss, MSE, RMSE, MAE: 0.00269, 0.00269, 0.05139, 0.03186
INFO | Time spent: 3.16s
INFO | - Epoch 203, ExpID 30211
INFO | Train - Loss (one batch): 0.00184
INFO | Val - Loss, MSE, RMSE, MAE: 0.00277, 0.00277, 0.05194, 0.03199
INFO | Test - Best epoch 120, Loss, MSE, RMSE, MAE: 0.00269, 0.00269, 0.05139, 0.03186
INFO | Time spent: 3.15s
INFO | - Epoch 204, ExpID 30211
INFO | Train - Loss (one batch): 0.00164
INFO | Val - Loss, MSE, RMSE, MAE: 0.00281, 0.00281, 0.05231, 0.03259
INFO | Test - Best epoch 120, Loss, MSE, RMSE, MAE: 0.00269, 0.00269, 0.05140, 0.03188
INFO | Time spent: 3.15s
INFO | - Epoch 205, ExpID 30211
INFO | Train - Loss (one batch): 0.00269
INFO | Val - Loss, MSE, RMSE, MAE: 0.00273, 0.00273, 0.05158, 0.03158
INFO | Test - Best epoch 120, Loss, MSE, RMSE, MAE: 0.00269, 0.00269, 0.05141, 0.03188
INFO | Time spent: 3.42s
INFO | - Epoch 206, ExpID 30211
INFO | Train - Loss (one batch): 0.00220
INFO | Val - Loss, MSE, RMSE, MAE: 0.00273, 0.00273, 0.05148, 0.03163
INFO | Test - Best epoch 120, Loss, MSE, RMSE, MAE: 0.00269, 0.00269, 0.05141, 0.03187
INFO | Time spent: 3.15s
INFO | - Epoch 207, ExpID 30211
INFO | Train - Loss (one batch): 0.00207
INFO | Val - Loss, MSE, RMSE, MAE: 0.00280, 0.00280, 0.05221, 0.03218
INFO | Test - Best epoch 120, Loss, MSE, RMSE, MAE: 0.00269, 0.00269, 0.05141, 0.03188
INFO | Time spent: 3.15s
INFO | - Epoch 208, ExpID 30211
INFO | Train - Loss (one batch): 0.00218
INFO | Val - Loss, MSE, RMSE, MAE: 0.00274, 0.00274, 0.05167, 0.03179
INFO | Test - Best epoch 120, Loss, MSE, RMSE, MAE: 0.00269, 0.00269, 0.05142, 0.03188
INFO | Time spent: 3.15s
INFO | - Epoch 209, ExpID 30211
INFO | Train - Loss (one batch): 0.00176
INFO | Val - Loss, MSE, RMSE, MAE: 0.00270, 0.00270, 0.05125, 0.03130
INFO | Test - Best epoch 120, Loss, MSE, RMSE, MAE: 0.00269, 0.00269, 0.05142, 0.03188
INFO | Time spent: 3.16s
INFO | - Epoch 210, ExpID 30211
INFO | Train - Loss (one batch): 0.00251
INFO | Val - Loss, MSE, RMSE, MAE: 0.00272, 0.00272, 0.05144, 0.03121
INFO | Test - Best epoch 120, Loss, MSE, RMSE, MAE: 0.00269, 0.00269, 0.05141, 0.03187
INFO | Time spent: 3.15s
INFO | - Epoch 211, ExpID 30211
INFO | Train - Loss (one batch): 0.00157
INFO | Val - Loss, MSE, RMSE, MAE: 0.00271, 0.00271, 0.05136, 0.03131
INFO | Test - Best epoch 120, Loss, MSE, RMSE, MAE: 0.00269, 0.00269, 0.05141, 0.03187
INFO | Time spent: 3.30s
INFO | - Epoch 212, ExpID 30211
INFO | Train - Loss (one batch): 0.00239
INFO | Val - Loss, MSE, RMSE, MAE: 0.00272, 0.00272, 0.05143, 0.03171
INFO | Test - Best epoch 120, Loss, MSE, RMSE, MAE: 0.00269, 0.00269, 0.05142, 0.03187
INFO | Time spent: 3.15s
INFO | - Epoch 213, ExpID 30211
INFO | Train - Loss (one batch): 0.00284
INFO | Val - Loss, MSE, RMSE, MAE: 0.00272, 0.00272, 0.05143, 0.03157
INFO | Test - Best epoch 120, Loss, MSE, RMSE, MAE: 0.00269, 0.00269, 0.05141, 0.03187
INFO | Time spent: 3.15s
INFO | - Epoch 214, ExpID 30211
INFO | Train - Loss (one batch): 0.00223
INFO | Val - Loss, MSE, RMSE, MAE: 0.00271, 0.00271, 0.05132, 0.03143
INFO | Test - Best epoch 120, Loss, MSE, RMSE, MAE: 0.00269, 0.00269, 0.05141, 0.03186
INFO | Time spent: 3.16s
INFO | - Epoch 215, ExpID 30211
INFO | Train - Loss (one batch): 0.00233
INFO | Val - Loss, MSE, RMSE, MAE: 0.00274, 0.00274, 0.05160, 0.03166
INFO | Test - Best epoch 120, Loss, MSE, RMSE, MAE: 0.00269, 0.00269, 0.05141, 0.03186
INFO | Time spent: 3.15s
INFO | - Epoch 216, ExpID 30211
INFO | Train - Loss (one batch): 0.00250
INFO | Val - Loss, MSE, RMSE, MAE: 0.00272, 0.00272, 0.05143, 0.03128
INFO | Test - Best epoch 120, Loss, MSE, RMSE, MAE: 0.00269, 0.00269, 0.05142, 0.03186
INFO | Time spent: 3.15s
INFO | - Epoch 217, ExpID 30211
INFO | Train - Loss (one batch): 0.00236
INFO | Val - Loss, MSE, RMSE, MAE: 0.00272, 0.00272, 0.05147, 0.03147
INFO | Test - Best epoch 120, Loss, MSE, RMSE, MAE: 0.00269, 0.00269, 0.05142, 0.03186
INFO | Time spent: 3.15s
INFO | - Epoch 218, ExpID 30211
INFO | Train - Loss (one batch): 0.00173
INFO | Val - Loss, MSE, RMSE, MAE: 0.00272, 0.00272, 0.05139, 0.03128
INFO | Test - Best epoch 120, Loss, MSE, RMSE, MAE: 0.00269, 0.00269, 0.05141, 0.03185
INFO | Time spent: 3.45s
INFO | - Epoch 219, ExpID 30211
INFO | Train - Loss (one batch): 0.00207
INFO | Val - Loss, MSE, RMSE, MAE: 0.00275, 0.00275, 0.05172, 0.03184
INFO | Test - Best epoch 120, Loss, MSE, RMSE, MAE: 0.00269, 0.00269, 0.05142, 0.03186
INFO | Time spent: 3.18s
INFO | - Epoch 220, ExpID 30211
INFO | Train - Loss (one batch): 0.00155
INFO | Val - Loss, MSE, RMSE, MAE: 0.00274, 0.00274, 0.05165, 0.03177
INFO | Test - Best epoch 120, Loss, MSE, RMSE, MAE: 0.00269, 0.00269, 0.05142, 0.03186
INFO | Time spent: 3.23s
INFO | - Epoch 221, ExpID 30211
INFO | Train - Loss (one batch): 0.00168
INFO | Val - Loss, MSE, RMSE, MAE: 0.00272, 0.00272, 0.05147, 0.03155
INFO | Test - Best epoch 120, Loss, MSE, RMSE, MAE: 0.00269, 0.00269, 0.05141, 0.03186
INFO | Time spent: 3.18s
INFO | - Epoch 222, ExpID 30211
INFO | Train - Loss (one batch): 0.00179
INFO | Val - Loss, MSE, RMSE, MAE: 0.00272, 0.00272, 0.05138, 0.03113
INFO | Test - Best epoch 120, Loss, MSE, RMSE, MAE: 0.00269, 0.00269, 0.05141, 0.03185
INFO | Time spent: 3.15s
INFO | - Epoch 223, ExpID 30211
INFO | Train - Loss (one batch): 0.00209
INFO | Val - Loss, MSE, RMSE, MAE: 0.00278, 0.00278, 0.05201, 0.03207
INFO | Test - Best epoch 120, Loss, MSE, RMSE, MAE: 0.00269, 0.00269, 0.05142, 0.03185
INFO | Time spent: 3.21s
INFO | - Epoch 224, ExpID 30211
INFO | Train - Loss (one batch): 0.00200
INFO | Val - Loss, MSE, RMSE, MAE: 0.00275, 0.00275, 0.05172, 0.03149
INFO | Test - Best epoch 120, Loss, MSE, RMSE, MAE: 0.00269, 0.00269, 0.05142, 0.03185
INFO | Time spent: 3.16s
INFO | - Epoch 225, ExpID 30211
INFO | Train - Loss (one batch): 0.00145
INFO | Val - Loss, MSE, RMSE, MAE: 0.00276, 0.00276, 0.05179, 0.03191
INFO | Test - Best epoch 120, Loss, MSE, RMSE, MAE: 0.00269, 0.00269, 0.05142, 0.03185
INFO | Time spent: 3.16s
INFO | - Epoch 226, ExpID 30211
INFO | Train - Loss (one batch): 0.00148
INFO | Val - Loss, MSE, RMSE, MAE: 0.00276, 0.00276, 0.05180, 0.03181
INFO | Test - Best epoch 120, Loss, MSE, RMSE, MAE: 0.00269, 0.00269, 0.05142, 0.03185
INFO | Time spent: 3.15s
INFO | - Epoch 227, ExpID 30211
INFO | Train - Loss (one batch): 0.00216
INFO | Val - Loss, MSE, RMSE, MAE: 0.00279, 0.00279, 0.05211, 0.03206
INFO | Test - Best epoch 120, Loss, MSE, RMSE, MAE: 0.00269, 0.00269, 0.05143, 0.03186
INFO | Time spent: 3.17s
INFO | - Epoch 228, ExpID 30211
INFO | Train - Loss (one batch): 0.00174
INFO | Val - Loss, MSE, RMSE, MAE: 0.00276, 0.00276, 0.05183, 0.03157
INFO | Test - Best epoch 120, Loss, MSE, RMSE, MAE: 0.00269, 0.00269, 0.05143, 0.03186
INFO | Time spent: 3.36s
INFO | - Epoch 229, ExpID 30211
INFO | Train - Loss (one batch): 0.00184
INFO | Val - Loss, MSE, RMSE, MAE: 0.00273, 0.00273, 0.05152, 0.03140
INFO | Test - Best epoch 120, Loss, MSE, RMSE, MAE: 0.00269, 0.00269, 0.05143, 0.03186
INFO | Time spent: 3.14s
INFO | - Epoch 230, ExpID 30211
INFO | Train - Loss (one batch): 0.00191
INFO | Val - Loss, MSE, RMSE, MAE: 0.00279, 0.00279, 0.05208, 0.03172
INFO | Test - Best epoch 120, Loss, MSE, RMSE, MAE: 0.00269, 0.00269, 0.05144, 0.03186
INFO | Time spent: 3.17s
INFO | - Epoch 231, ExpID 30211
INFO | Train - Loss (one batch): 0.00164
INFO | Val - Loss, MSE, RMSE, MAE: 0.00279, 0.00279, 0.05204, 0.03208
INFO | Test - Best epoch 120, Loss, MSE, RMSE, MAE: 0.00269, 0.00269, 0.05144, 0.03186
INFO | Time spent: 3.15s
INFO | - Epoch 232, ExpID 30211
INFO | Train - Loss (one batch): 0.00198
INFO | Val - Loss, MSE, RMSE, MAE: 0.00279, 0.00279, 0.05205, 0.03198
INFO | Test - Best epoch 120, Loss, MSE, RMSE, MAE: 0.00270, 0.00270, 0.05145, 0.03186
INFO | Time spent: 3.21s
INFO | - Epoch 233, ExpID 30211
INFO | Train - Loss (one batch): 0.00202
INFO | Val - Loss, MSE, RMSE, MAE: 0.00278, 0.00278, 0.05200, 0.03208
INFO | Test - Best epoch 120, Loss, MSE, RMSE, MAE: 0.00270, 0.00270, 0.05145, 0.03186
INFO | Time spent: 3.16s
INFO | - Epoch 234, ExpID 30211
INFO | Train - Loss (one batch): 0.00242
INFO | Val - Loss, MSE, RMSE, MAE: 0.00274, 0.00274, 0.05166, 0.03150
INFO | Test - Best epoch 120, Loss, MSE, RMSE, MAE: 0.00270, 0.00270, 0.05145, 0.03186
INFO | Time spent: 3.16s
INFO | - Epoch 235, ExpID 30211
INFO | Train - Loss (one batch): 0.00176
INFO | Val - Loss, MSE, RMSE, MAE: 0.00276, 0.00276, 0.05178, 0.03179
INFO | Test - Best epoch 120, Loss, MSE, RMSE, MAE: 0.00270, 0.00270, 0.05146, 0.03187
INFO | Time spent: 3.15s
INFO | - Epoch 236, ExpID 30211
INFO | Train - Loss (one batch): 0.00248
INFO | Val - Loss, MSE, RMSE, MAE: 0.00274, 0.00274, 0.05165, 0.03171
INFO | Test - Best epoch 120, Loss, MSE, RMSE, MAE: 0.00270, 0.00270, 0.05146, 0.03187
INFO | Time spent: 3.16s
INFO | - Epoch 237, ExpID 30211
INFO | Train - Loss (one batch): 0.00220
INFO | Val - Loss, MSE, RMSE, MAE: 0.00274, 0.00274, 0.05159, 0.03163
INFO | Test - Best epoch 120, Loss, MSE, RMSE, MAE: 0.00270, 0.00270, 0.05146, 0.03186
INFO | Time spent: 3.16s
INFO | - Epoch 238, ExpID 30211
INFO | Train - Loss (one batch): 0.00257
INFO | Val - Loss, MSE, RMSE, MAE: 0.00277, 0.00277, 0.05191, 0.03188
INFO | Test - Best epoch 120, Loss, MSE, RMSE, MAE: 0.00270, 0.00270, 0.05146, 0.03187
INFO | Time spent: 3.15s
INFO | - Epoch 239, ExpID 30211
INFO | Train - Loss (one batch): 0.00195
INFO | Val - Loss, MSE, RMSE, MAE: 0.00275, 0.00275, 0.05167, 0.03162
INFO | Test - Best epoch 120, Loss, MSE, RMSE, MAE: 0.00270, 0.00270, 0.05146, 0.03186
INFO | Time spent: 3.15s
INFO | - Epoch 240, ExpID 30211
INFO | Train - Loss (one batch): 0.00242
INFO | Val - Loss, MSE, RMSE, MAE: 0.00277, 0.00277, 0.05187, 0.03177
INFO | Test - Best epoch 120, Loss, MSE, RMSE, MAE: 0.00270, 0.00270, 0.05146, 0.03186
INFO | Time spent: 3.16s
INFO | - Epoch 241, ExpID 30211
INFO | Train - Loss (one batch): 0.00221
INFO | Val - Loss, MSE, RMSE, MAE: 0.00271, 0.00271, 0.05139, 0.03139
INFO | Test - Best epoch 120, Loss, MSE, RMSE, MAE: 0.00270, 0.00270, 0.05146, 0.03186
INFO | Time spent: 3.24s
INFO | - Epoch 242, ExpID 30211
INFO | Train - Loss (one batch): 0.00172
INFO | Val - Loss, MSE, RMSE, MAE: 0.00280, 0.00280, 0.05219, 0.03265
INFO | Test - Best epoch 120, Loss, MSE, RMSE, MAE: 0.00270, 0.00270, 0.05147, 0.03187
INFO | Time spent: 3.16s
INFO | - Epoch 243, ExpID 30211
INFO | Train - Loss (one batch): 0.00240
INFO | Val - Loss, MSE, RMSE, MAE: 0.00280, 0.00280, 0.05219, 0.03276
INFO | Test - Best epoch 120, Loss, MSE, RMSE, MAE: 0.00270, 0.00270, 0.05147, 0.03188
INFO | Time spent: 3.16s
INFO | - Epoch 244, ExpID 30211
INFO | Train - Loss (one batch): 0.00166
INFO | Val - Loss, MSE, RMSE, MAE: 0.00284, 0.00284, 0.05264, 0.03333
INFO | Test - Best epoch 120, Loss, MSE, RMSE, MAE: 0.00270, 0.00270, 0.05148, 0.03189
INFO | Time spent: 3.15s
INFO | - Epoch 245, ExpID 30211
INFO | Train - Loss (one batch): 0.00169
INFO | Val - Loss, MSE, RMSE, MAE: 0.00284, 0.00284, 0.05260, 0.03334
INFO | Test - Best epoch 120, Loss, MSE, RMSE, MAE: 0.00270, 0.00270, 0.05149, 0.03190
INFO | Time spent: 3.15s
INFO | - Epoch 246, ExpID 30211
INFO | Train - Loss (one batch): 0.00189
INFO | Val - Loss, MSE, RMSE, MAE: 0.00275, 0.00275, 0.05169, 0.03167
INFO | Test - Best epoch 120, Loss, MSE, RMSE, MAE: 0.00270, 0.00270, 0.05149, 0.03191
INFO | Time spent: 3.17s
INFO | - Epoch 247, ExpID 30211
INFO | Train - Loss (one batch): 0.00168
INFO | Val - Loss, MSE, RMSE, MAE: 0.00281, 0.00281, 0.05229, 0.03243
INFO | Test - Best epoch 120, Loss, MSE, RMSE, MAE: 0.00270, 0.00270, 0.05150, 0.03191
INFO | Time spent: 3.15s
INFO | - Epoch 248, ExpID 30211
INFO | Train - Loss (one batch): 0.00209
INFO | Val - Loss, MSE, RMSE, MAE: 0.00280, 0.00280, 0.05223, 0.03242
INFO | Test - Best epoch 120, Loss, MSE, RMSE, MAE: 0.00270, 0.00270, 0.05150, 0.03191
INFO | Time spent: 3.16s
INFO | - Epoch 249, ExpID 30211
INFO | Train - Loss (one batch): 0.00180
INFO | Val - Loss, MSE, RMSE, MAE: 0.00275, 0.00275, 0.05165, 0.03133
INFO | Test - Best epoch 120, Loss, MSE, RMSE, MAE: 0.00270, 0.00270, 0.05150, 0.03191
INFO | Time spent: 3.16s
INFO | - Epoch 250, ExpID 30211
INFO | Train - Loss (one batch): 0.00240
INFO | Val - Loss, MSE, RMSE, MAE: 0.00277, 0.00277, 0.05184, 0.03163
INFO | Test - Best epoch 120, Loss, MSE, RMSE, MAE: 0.00270, 0.00270, 0.05150, 0.03191
INFO | Time spent: 3.15s
INFO | - Epoch 251, ExpID 30211
INFO | Train - Loss (one batch): 0.00174
INFO | Val - Loss, MSE, RMSE, MAE: 0.00279, 0.00279, 0.05204, 0.03175
INFO | Test - Best epoch 120, Loss, MSE, RMSE, MAE: 0.00270, 0.00270, 0.05150, 0.03191
INFO | Time spent: 3.16s
INFO | - Epoch 252, ExpID 30211
INFO | Train - Loss (one batch): 0.00174
INFO | Val - Loss, MSE, RMSE, MAE: 0.00278, 0.00278, 0.05195, 0.03206
INFO | Test - Best epoch 120, Loss, MSE, RMSE, MAE: 0.00270, 0.00270, 0.05151, 0.03191
INFO | Time spent: 3.16s
INFO | - Epoch 253, ExpID 30211
INFO | Train - Loss (one batch): 0.00187
INFO | Val - Loss, MSE, RMSE, MAE: 0.00276, 0.00276, 0.05187, 0.03189
INFO | Test - Best epoch 120, Loss, MSE, RMSE, MAE: 0.00270, 0.00270, 0.05151, 0.03191
INFO | Time spent: 3.16s
INFO | - Epoch 254, ExpID 30211
INFO | Train - Loss (one batch): 0.00170
INFO | Val - Loss, MSE, RMSE, MAE: 0.00278, 0.00278, 0.05202, 0.03215
INFO | Test - Best epoch 120, Loss, MSE, RMSE, MAE: 0.00270, 0.00270, 0.05151, 0.03191
INFO | Time spent: 3.15s
INFO | - Epoch 255, ExpID 30211
INFO | Train - Loss (one batch): 0.00193
INFO | Val - Loss, MSE, RMSE, MAE: 0.00277, 0.00277, 0.05188, 0.03171
INFO | Test - Best epoch 120, Loss, MSE, RMSE, MAE: 0.00270, 0.00270, 0.05151, 0.03191
INFO | Time spent: 3.16s
INFO | - Epoch 256, ExpID 30211
INFO | Train - Loss (one batch): 0.00163
INFO | Val - Loss, MSE, RMSE, MAE: 0.00274, 0.00274, 0.05170, 0.03178
INFO | Test - Best epoch 120, Loss, MSE, RMSE, MAE: 0.00270, 0.00270, 0.05151, 0.03191
INFO | Time spent: 3.15s
INFO | - Epoch 257, ExpID 30211
INFO | Train - Loss (one batch): 0.00213
INFO | Val - Loss, MSE, RMSE, MAE: 0.00276, 0.00276, 0.05183, 0.03221
INFO | Test - Best epoch 120, Loss, MSE, RMSE, MAE: 0.00270, 0.00270, 0.05151, 0.03192
INFO | Time spent: 3.15s
INFO | - Epoch 258, ExpID 30211
INFO | Train - Loss (one batch): 0.00188
INFO | Val - Loss, MSE, RMSE, MAE: 0.00276, 0.00276, 0.05182, 0.03170
INFO | Test - Best epoch 120, Loss, MSE, RMSE, MAE: 0.00270, 0.00270, 0.05152, 0.03191
INFO | Time spent: 3.15s
INFO | - Epoch 259, ExpID 30211
INFO | Train - Loss (one batch): 0.00210
INFO | Val - Loss, MSE, RMSE, MAE: 0.00276, 0.00276, 0.05187, 0.03206
INFO | Test - Best epoch 120, Loss, MSE, RMSE, MAE: 0.00270, 0.00270, 0.05152, 0.03192
INFO | Time spent: 3.15s
INFO | - Epoch 260, ExpID 30211
INFO | Train - Loss (one batch): 0.00217
INFO | Val - Loss, MSE, RMSE, MAE: 0.00274, 0.00274, 0.05167, 0.03147
INFO | Test - Best epoch 120, Loss, MSE, RMSE, MAE: 0.00270, 0.00270, 0.05152, 0.03191
INFO | Time spent: 3.15s
INFO | - Epoch 261, ExpID 30211
INFO | Train - Loss (one batch): 0.00207
INFO | Val - Loss, MSE, RMSE, MAE: 0.00283, 0.00283, 0.05253, 0.03263
INFO | Test - Best epoch 120, Loss, MSE, RMSE, MAE: 0.00270, 0.00270, 0.05152, 0.03192
INFO | Time spent: 3.15s
INFO | - Epoch 262, ExpID 30211
INFO | Train - Loss (one batch): 0.00200
INFO | Val - Loss, MSE, RMSE, MAE: 0.00273, 0.00273, 0.05153, 0.03140
INFO | Test - Best epoch 120, Loss, MSE, RMSE, MAE: 0.00270, 0.00270, 0.05152, 0.03192
INFO | Time spent: 3.15s
INFO | - Epoch 263, ExpID 30211
INFO | Train - Loss (one batch): 0.00185
INFO | Val - Loss, MSE, RMSE, MAE: 0.00287, 0.00287, 0.05285, 0.03315
INFO | Test - Best epoch 120, Loss, MSE, RMSE, MAE: 0.00270, 0.00270, 0.05153, 0.03193
INFO | Time spent: 3.19s
INFO | - Epoch 264, ExpID 30211
INFO | Train - Loss (one batch): 0.00132
INFO | Val - Loss, MSE, RMSE, MAE: 0.00273, 0.00273, 0.05155, 0.03148
INFO | Test - Best epoch 120, Loss, MSE, RMSE, MAE: 0.00270, 0.00270, 0.05153, 0.03192
INFO | Time spent: 3.39s
INFO | - Epoch 265, ExpID 30211
INFO | Train - Loss (one batch): 0.00177
INFO | Val - Loss, MSE, RMSE, MAE: 0.00277, 0.00277, 0.05194, 0.03215
INFO | Test - Best epoch 120, Loss, MSE, RMSE, MAE: 0.00270, 0.00270, 0.05153, 0.03193
INFO | Time spent: 3.26s
INFO | - Epoch 266, ExpID 30211
INFO | Train - Loss (one batch): 0.00153
INFO | Val - Loss, MSE, RMSE, MAE: 0.00279, 0.00279, 0.05208, 0.03221
INFO | Test - Best epoch 120, Loss, MSE, RMSE, MAE: 0.00270, 0.00270, 0.05153, 0.03193
INFO | Time spent: 3.16s
INFO | - Epoch 267, ExpID 30211
INFO | Train - Loss (one batch): 0.00185
INFO | Val - Loss, MSE, RMSE, MAE: 0.00280, 0.00280, 0.05218, 0.03215
INFO | Test - Best epoch 120, Loss, MSE, RMSE, MAE: 0.00270, 0.00270, 0.05154, 0.03193
INFO | Time spent: 3.14s
INFO | - Epoch 268, ExpID 30211
INFO | Train - Loss (one batch): 0.00208
INFO | Val - Loss, MSE, RMSE, MAE: 0.00275, 0.00275, 0.05170, 0.03165
INFO | Test - Best epoch 120, Loss, MSE, RMSE, MAE: 0.00270, 0.00270, 0.05154, 0.03193
INFO | Time spent: 3.34s
INFO | - Epoch 269, ExpID 30211
INFO | Train - Loss (one batch): 0.00154
INFO | Val - Loss, MSE, RMSE, MAE: 0.00274, 0.00274, 0.05162, 0.03152
INFO | Test - Best epoch 120, Loss, MSE, RMSE, MAE: 0.00270, 0.00270, 0.05154, 0.03193
INFO | Time spent: 3.36s
INFO | - Epoch 270, ExpID 30211
INFO | Train - Loss (one batch): 0.00141
INFO | Val - Loss, MSE, RMSE, MAE: 0.00276, 0.00276, 0.05180, 0.03190
INFO | Test - Best epoch 120, Loss, MSE, RMSE, MAE: 0.00270, 0.00270, 0.05154, 0.03193
INFO | Time spent: 3.15s
INFO | - Epoch 271, ExpID 30211
INFO | Train - Loss (one batch): 0.00154
INFO | Val - Loss, MSE, RMSE, MAE: 0.00278, 0.00278, 0.05199, 0.03215
INFO | Test - Best epoch 120, Loss, MSE, RMSE, MAE: 0.00270, 0.00270, 0.05154, 0.03193
INFO | Time spent: 3.15s
INFO | - Epoch 272, ExpID 30211
INFO | Train - Loss (one batch): 0.00204
INFO | Val - Loss, MSE, RMSE, MAE: 0.00277, 0.00277, 0.05195, 0.03181
INFO | Test - Best epoch 120, Loss, MSE, RMSE, MAE: 0.00271, 0.00271, 0.05154, 0.03193
INFO | Time spent: 3.15s
INFO | - Epoch 273, ExpID 30211
INFO | Train - Loss (one batch): 0.00183
INFO | Val - Loss, MSE, RMSE, MAE: 0.00277, 0.00277, 0.05194, 0.03175
INFO | Test - Best epoch 120, Loss, MSE, RMSE, MAE: 0.00271, 0.00271, 0.05155, 0.03193
INFO | Time spent: 3.16s
INFO | - Epoch 274, ExpID 30211
INFO | Train - Loss (one batch): 0.00187
INFO | Val - Loss, MSE, RMSE, MAE: 0.00276, 0.00276, 0.05185, 0.03164
INFO | Test - Best epoch 120, Loss, MSE, RMSE, MAE: 0.00271, 0.00271, 0.05155, 0.03193
INFO | Time spent: 3.35s
INFO | - Epoch 275, ExpID 30211
INFO | Train - Loss (one batch): 0.00204
INFO | Val - Loss, MSE, RMSE, MAE: 0.00276, 0.00276, 0.05180, 0.03216
INFO | Test - Best epoch 120, Loss, MSE, RMSE, MAE: 0.00271, 0.00271, 0.05155, 0.03193
INFO | Time spent: 3.16s
INFO | - Epoch 276, ExpID 30211
INFO | Train - Loss (one batch): 0.00147
INFO | Val - Loss, MSE, RMSE, MAE: 0.00276, 0.00276, 0.05176, 0.03151
INFO | Test - Best epoch 120, Loss, MSE, RMSE, MAE: 0.00271, 0.00271, 0.05155, 0.03193
INFO | Time spent: 3.16s
INFO | - Epoch 277, ExpID 30211
INFO | Train - Loss (one batch): 0.00156
INFO | Val - Loss, MSE, RMSE, MAE: 0.00276, 0.00276, 0.05187, 0.03182
INFO | Test - Best epoch 120, Loss, MSE, RMSE, MAE: 0.00271, 0.00271, 0.05155, 0.03193
INFO | Time spent: 3.15s
INFO | - Epoch 278, ExpID 30211
INFO | Train - Loss (one batch): 0.00152
INFO | Val - Loss, MSE, RMSE, MAE: 0.00288, 0.00288, 0.05293, 0.03313
INFO | Test - Best epoch 120, Loss, MSE, RMSE, MAE: 0.00271, 0.00271, 0.05156, 0.03194
INFO | Time spent: 3.25s
INFO | - Epoch 279, ExpID 30211
INFO | Train - Loss (one batch): 0.00196
INFO | Val - Loss, MSE, RMSE, MAE: 0.00289, 0.00289, 0.05305, 0.03405
INFO | Test - Best epoch 120, Loss, MSE, RMSE, MAE: 0.00271, 0.00271, 0.05157, 0.03196
INFO | Time spent: 3.15s
INFO | - Epoch 280, ExpID 30211
INFO | Train - Loss (one batch): 0.00189
INFO | Val - Loss, MSE, RMSE, MAE: 0.00280, 0.00280, 0.05213, 0.03185
INFO | Test - Best epoch 120, Loss, MSE, RMSE, MAE: 0.00271, 0.00271, 0.05157, 0.03196
INFO | Time spent: 3.29s
INFO | - Epoch 281, ExpID 30211
INFO | Train - Loss (one batch): 0.00157
INFO | Val - Loss, MSE, RMSE, MAE: 0.00273, 0.00273, 0.05157, 0.03160
INFO | Test - Best epoch 120, Loss, MSE, RMSE, MAE: 0.00271, 0.00271, 0.05158, 0.03196
INFO | Time spent: 3.15s
INFO | - Epoch 282, ExpID 30211
INFO | Train - Loss (one batch): 0.00190
INFO | Val - Loss, MSE, RMSE, MAE: 0.00278, 0.00278, 0.05202, 0.03198
INFO | Test - Best epoch 120, Loss, MSE, RMSE, MAE: 0.00271, 0.00271, 0.05158, 0.03196
INFO | Time spent: 3.26s
INFO | - Epoch 283, ExpID 30211
INFO | Train - Loss (one batch): 0.00276
INFO | Val - Loss, MSE, RMSE, MAE: 0.00278, 0.00278, 0.05203, 0.03218
INFO | Test - Best epoch 120, Loss, MSE, RMSE, MAE: 0.00271, 0.00271, 0.05158, 0.03196
INFO | Time spent: 3.39s
INFO | - Epoch 284, ExpID 30211
INFO | Train - Loss (one batch): 0.00217
INFO | Val - Loss, MSE, RMSE, MAE: 0.00287, 0.00287, 0.05291, 0.03378
INFO | Test - Best epoch 120, Loss, MSE, RMSE, MAE: 0.00271, 0.00271, 0.05159, 0.03197
INFO | Time spent: 3.15s
INFO | - Epoch 285, ExpID 30211
INFO | Train - Loss (one batch): 0.00177
INFO | Val - Loss, MSE, RMSE, MAE: 0.00275, 0.00275, 0.05176, 0.03151
INFO | Test - Best epoch 120, Loss, MSE, RMSE, MAE: 0.00271, 0.00271, 0.05159, 0.03197
INFO | Time spent: 3.44s
INFO | - Epoch 286, ExpID 30211
INFO | Train - Loss (one batch): 0.00161
INFO | Val - Loss, MSE, RMSE, MAE: 0.00284, 0.00284, 0.05259, 0.03299
INFO | Test - Best epoch 120, Loss, MSE, RMSE, MAE: 0.00271, 0.00271, 0.05160, 0.03198
INFO | Time spent: 3.16s
INFO | - Epoch 287, ExpID 30211
INFO | Train - Loss (one batch): 0.00173
INFO | Val - Loss, MSE, RMSE, MAE: 0.00275, 0.00275, 0.05174, 0.03167
INFO | Test - Best epoch 120, Loss, MSE, RMSE, MAE: 0.00271, 0.00271, 0.05160, 0.03198
INFO | Time spent: 3.16s
INFO | - Epoch 288, ExpID 30211
INFO | Train - Loss (one batch): 0.00206
INFO | Val - Loss, MSE, RMSE, MAE: 0.00280, 0.00280, 0.05217, 0.03237
INFO | Test - Best epoch 120, Loss, MSE, RMSE, MAE: 0.00271, 0.00271, 0.05160, 0.03198
INFO | Time spent: 3.15s
INFO | - Epoch 289, ExpID 30211
INFO | Train - Loss (one batch): 0.00165
INFO | Val - Loss, MSE, RMSE, MAE: 0.00285, 0.00285, 0.05260, 0.03229
INFO | Test - Best epoch 120, Loss, MSE, RMSE, MAE: 0.00271, 0.00271, 0.05161, 0.03198
INFO | Time spent: 3.15s
INFO | - Epoch 290, ExpID 30211
INFO | Train - Loss (one batch): 0.00166
INFO | Val - Loss, MSE, RMSE, MAE: 0.00277, 0.00277, 0.05197, 0.03183
INFO | Test - Best epoch 120, Loss, MSE, RMSE, MAE: 0.00271, 0.00271, 0.05161, 0.03198
INFO | Time spent: 3.17s
INFO | - Epoch 291, ExpID 30211
INFO | Train - Loss (one batch): 0.00170
INFO | Val - Loss, MSE, RMSE, MAE: 0.00279, 0.00279, 0.05212, 0.03191
INFO | Test - Best epoch 120, Loss, MSE, RMSE, MAE: 0.00271, 0.00271, 0.05161, 0.03198
INFO | Time spent: 3.15s
INFO | - Epoch 292, ExpID 30211
INFO | Train - Loss (one batch): 0.00200
INFO | Val - Loss, MSE, RMSE, MAE: 0.00278, 0.00278, 0.05200, 0.03184
INFO | Test - Best epoch 120, Loss, MSE, RMSE, MAE: 0.00271, 0.00271, 0.05161, 0.03198
INFO | Time spent: 3.14s
INFO | - Epoch 293, ExpID 30211
INFO | Train - Loss (one batch): 0.00208
INFO | Val - Loss, MSE, RMSE, MAE: 0.00281, 0.00281, 0.05231, 0.03287
INFO | Test - Best epoch 120, Loss, MSE, RMSE, MAE: 0.00271, 0.00271, 0.05162, 0.03199
INFO | Time spent: 3.16s
INFO | - Epoch 294, ExpID 30211
INFO | Train - Loss (one batch): 0.00166
INFO | Val - Loss, MSE, RMSE, MAE: 0.00279, 0.00279, 0.05207, 0.03181
INFO | Test - Best epoch 120, Loss, MSE, RMSE, MAE: 0.00271, 0.00271, 0.05162, 0.03199
INFO | Time spent: 3.15s
INFO | - Epoch 295, ExpID 30211
INFO | Train - Loss (one batch): 0.00187
INFO | Val - Loss, MSE, RMSE, MAE: 0.00276, 0.00276, 0.05180, 0.03214
INFO | Test - Best epoch 120, Loss, MSE, RMSE, MAE: 0.00271, 0.00271, 0.05162, 0.03199
INFO | Time spent: 3.16s
INFO | - Epoch 296, ExpID 30211
INFO | Train - Loss (one batch): 0.00164
INFO | Val - Loss, MSE, RMSE, MAE: 0.00277, 0.00277, 0.05190, 0.03173
INFO | Test - Best epoch 120, Loss, MSE, RMSE, MAE: 0.00271, 0.00271, 0.05162, 0.03199
INFO | Time spent: 3.15s
INFO | - Epoch 297, ExpID 30211
INFO | Train - Loss (one batch): 0.00163
INFO | Val - Loss, MSE, RMSE, MAE: 0.00275, 0.00275, 0.05174, 0.03154
INFO | Test - Best epoch 120, Loss, MSE, RMSE, MAE: 0.00271, 0.00271, 0.05162, 0.03198
INFO | Time spent: 3.15s
INFO | - Epoch 298, ExpID 30211
INFO | Train - Loss (one batch): 0.00184
INFO | Val - Loss, MSE, RMSE, MAE: 0.00278, 0.00278, 0.05195, 0.03182
INFO | Test - Best epoch 120, Loss, MSE, RMSE, MAE: 0.00271, 0.00271, 0.05162, 0.03199
INFO | Time spent: 3.16s
INFO | - Epoch 299, ExpID 30211
INFO | Train - Loss (one batch): 0.00266
INFO | Val - Loss, MSE, RMSE, MAE: 0.00275, 0.00275, 0.05176, 0.03156
INFO | Test - Best epoch 120, Loss, MSE, RMSE, MAE: 0.00271, 0.00271, 0.05162, 0.03198
INFO | Time spent: 3.16s
INFO | - Epoch 000, ExpID 22993
INFO | Train - Loss (one batch): 0.00369
INFO | Val - Loss, MSE, RMSE, MAE: 0.00575, 0.00575, 0.07536, 0.05679
INFO | Test - Best epoch 0, Loss, MSE, RMSE, MAE: 0.00547, 0.00547, 0.07351, 0.05509
INFO | Time spent: 4.34s
INFO | - Epoch 001, ExpID 22993
INFO | Train - Loss (one batch): 0.00373
INFO | Val - Loss, MSE, RMSE, MAE: 0.00374, 0.00374, 0.06065, 0.04182
INFO | Test - Best epoch 1, Loss, MSE, RMSE, MAE: 0.00362, 0.00362, 0.05973, 0.04105
INFO | Time spent: 3.19s
INFO | - Epoch 002, ExpID 22993
INFO | Train - Loss (one batch): 0.00401
INFO | Val - Loss, MSE, RMSE, MAE: 0.00320, 0.00320, 0.05589, 0.03480
INFO | Test - Best epoch 2, Loss, MSE, RMSE, MAE: 0.00310, 0.00310, 0.05524, 0.03442
INFO | Time spent: 3.22s
INFO | - Epoch 003, ExpID 22993
INFO | Train - Loss (one batch): 0.00204
INFO | Val - Loss, MSE, RMSE, MAE: 0.00332, 0.00332, 0.05704, 0.03751
INFO | Test - Best epoch 2, Loss, MSE, RMSE, MAE: 0.00316, 0.00316, 0.05577, 0.03576
INFO | Time spent: 3.23s
INFO | - Epoch 004, ExpID 22993
INFO | Train - Loss (one batch): 0.00177
INFO | Val - Loss, MSE, RMSE, MAE: 0.00391, 0.00391, 0.06208, 0.04494
INFO | Test - Best epoch 2, Loss, MSE, RMSE, MAE: 0.00337, 0.00337, 0.05761, 0.03865
INFO | Time spent: 3.22s
INFO | - Epoch 005, ExpID 22993
INFO | Train - Loss (one batch): 0.00249
INFO | Val - Loss, MSE, RMSE, MAE: 0.00329, 0.00329, 0.05672, 0.03680
INFO | Test - Best epoch 2, Loss, MSE, RMSE, MAE: 0.00332, 0.00332, 0.05718, 0.03810
INFO | Time spent: 3.21s
INFO | - Epoch 006, ExpID 22993
INFO | Train - Loss (one batch): 0.00275
INFO | Val - Loss, MSE, RMSE, MAE: 0.00309, 0.00309, 0.05497, 0.03396
INFO | Test - Best epoch 6, Loss, MSE, RMSE, MAE: 0.00298, 0.00298, 0.05413, 0.03354
INFO | Time spent: 3.36s
INFO | - Epoch 007, ExpID 22993
INFO | Train - Loss (one batch): 0.00284
INFO | Val - Loss, MSE, RMSE, MAE: 0.00347, 0.00347, 0.05841, 0.03996
INFO | Test - Best epoch 6, Loss, MSE, RMSE, MAE: 0.00317, 0.00317, 0.05580, 0.03644
INFO | Time spent: 3.46s
INFO | - Epoch 008, ExpID 22993
INFO | Train - Loss (one batch): 0.00318
INFO | Val - Loss, MSE, RMSE, MAE: 0.00316, 0.00316, 0.05553, 0.03507
INFO | Test - Best epoch 6, Loss, MSE, RMSE, MAE: 0.00313, 0.00313, 0.05546, 0.03585
INFO | Time spent: 3.22s
INFO | - Epoch 009, ExpID 22993
INFO | Train - Loss (one batch): 0.00278
INFO | Val - Loss, MSE, RMSE, MAE: 0.00333, 0.00333, 0.05718, 0.03839
INFO | Test - Best epoch 6, Loss, MSE, RMSE, MAE: 0.00315, 0.00315, 0.05568, 0.03635
INFO | Time spent: 3.22s
INFO | - Epoch 010, ExpID 22993
INFO | Train - Loss (one batch): 0.00265
INFO | Val - Loss, MSE, RMSE, MAE: 0.00339, 0.00339, 0.05773, 0.03888
INFO | Test - Best epoch 6, Loss, MSE, RMSE, MAE: 0.00318, 0.00318, 0.05593, 0.03677
INFO | Time spent: 3.23s
INFO | - Epoch 011, ExpID 22993
INFO | Train - Loss (one batch): 0.00301
INFO | Val - Loss, MSE, RMSE, MAE: 0.00380, 0.00380, 0.06117, 0.04399
INFO | Test - Best epoch 6, Loss, MSE, RMSE, MAE: 0.00326, 0.00326, 0.05667, 0.03789
INFO | Time spent: 3.24s
INFO | - Epoch 012, ExpID 22993
INFO | Train - Loss (one batch): 0.00367
INFO | Val - Loss, MSE, RMSE, MAE: 0.00301, 0.00301, 0.05425, 0.03333
INFO | Test - Best epoch 12, Loss, MSE, RMSE, MAE: 0.00292, 0.00292, 0.05360, 0.03307
INFO | Time spent: 3.23s
INFO | - Epoch 013, ExpID 22993
INFO | Train - Loss (one batch): 0.00339
INFO | Val - Loss, MSE, RMSE, MAE: 0.00304, 0.00304, 0.05453, 0.03445
INFO | Test - Best epoch 12, Loss, MSE, RMSE, MAE: 0.00293, 0.00293, 0.05368, 0.03352
INFO | Time spent: 3.23s
INFO | - Epoch 014, ExpID 22993
INFO | Train - Loss (one batch): 0.00244
INFO | Val - Loss, MSE, RMSE, MAE: 0.00300, 0.00300, 0.05415, 0.03355
INFO | Test - Best epoch 14, Loss, MSE, RMSE, MAE: 0.00291, 0.00291, 0.05350, 0.03320
INFO | Time spent: 3.22s
INFO | - Epoch 015, ExpID 22993
INFO | Train - Loss (one batch): 0.00231
INFO | Val - Loss, MSE, RMSE, MAE: 0.00308, 0.00308, 0.05487, 0.03401
INFO | Test - Best epoch 14, Loss, MSE, RMSE, MAE: 0.00296, 0.00296, 0.05393, 0.03348
INFO | Time spent: 3.22s
INFO | - Epoch 016, ExpID 22993
INFO | Train - Loss (one batch): 0.00297
INFO | Val - Loss, MSE, RMSE, MAE: 0.00310, 0.00310, 0.05511, 0.03512
INFO | Test - Best epoch 14, Loss, MSE, RMSE, MAE: 0.00298, 0.00298, 0.05413, 0.03393
INFO | Time spent: 3.23s
INFO | - Epoch 017, ExpID 22993
INFO | Train - Loss (one batch): 0.00271
INFO | Val - Loss, MSE, RMSE, MAE: 0.00360, 0.00360, 0.05954, 0.04229
INFO | Test - Best epoch 14, Loss, MSE, RMSE, MAE: 0.00311, 0.00311, 0.05532, 0.03588
INFO | Time spent: 3.17s
INFO | - Epoch 018, ExpID 22993
INFO | Train - Loss (one batch): 0.00291
INFO | Val - Loss, MSE, RMSE, MAE: 0.00297, 0.00297, 0.05387, 0.03326
INFO | Test - Best epoch 18, Loss, MSE, RMSE, MAE: 0.00290, 0.00290, 0.05337, 0.03308
INFO | Time spent: 3.22s
INFO | - Epoch 019, ExpID 22993
INFO | Train - Loss (one batch): 0.00264
INFO | Val - Loss, MSE, RMSE, MAE: 0.00294, 0.00294, 0.05357, 0.03274
INFO | Test - Best epoch 19, Loss, MSE, RMSE, MAE: 0.00287, 0.00287, 0.05310, 0.03266
INFO | Time spent: 3.20s
INFO | - Epoch 020, ExpID 22993
INFO | Train - Loss (one batch): 0.00304
INFO | Val - Loss, MSE, RMSE, MAE: 0.00304, 0.00304, 0.05453, 0.03467
INFO | Test - Best epoch 19, Loss, MSE, RMSE, MAE: 0.00292, 0.00292, 0.05357, 0.03357
INFO | Time spent: 3.23s
INFO | - Epoch 021, ExpID 22993
INFO | Train - Loss (one batch): 0.00236
INFO | Val - Loss, MSE, RMSE, MAE: 0.00291, 0.00291, 0.05328, 0.03248
INFO | Test - Best epoch 21, Loss, MSE, RMSE, MAE: 0.00284, 0.00284, 0.05284, 0.03238
INFO | Time spent: 3.42s
INFO | - Epoch 022, ExpID 22993
INFO | Train - Loss (one batch): 0.00331
INFO | Val - Loss, MSE, RMSE, MAE: 0.00291, 0.00291, 0.05332, 0.03258
INFO | Test - Best epoch 21, Loss, MSE, RMSE, MAE: 0.00284, 0.00284, 0.05283, 0.03236
INFO | Time spent: 3.22s
INFO | - Epoch 023, ExpID 22993
INFO | Train - Loss (one batch): 0.00303
INFO | Val - Loss, MSE, RMSE, MAE: 0.00305, 0.00305, 0.05464, 0.03494
INFO | Test - Best epoch 21, Loss, MSE, RMSE, MAE: 0.00289, 0.00289, 0.05328, 0.03315
INFO | Time spent: 3.22s
INFO | - Epoch 024, ExpID 22993
INFO | Train - Loss (one batch): 0.00273
INFO | Val - Loss, MSE, RMSE, MAE: 0.00297, 0.00297, 0.05390, 0.03378
INFO | Test - Best epoch 21, Loss, MSE, RMSE, MAE: 0.00289, 0.00289, 0.05334, 0.03329
INFO | Time spent: 3.21s
INFO | - Epoch 025, ExpID 22993
INFO | Train - Loss (one batch): 0.00252
INFO | Val - Loss, MSE, RMSE, MAE: 0.00303, 0.00303, 0.05449, 0.03498
INFO | Test - Best epoch 21, Loss, MSE, RMSE, MAE: 0.00291, 0.00291, 0.05348, 0.03359
INFO | Time spent: 3.24s
INFO | - Epoch 026, ExpID 22993
INFO | Train - Loss (one batch): 0.00253
INFO | Val - Loss, MSE, RMSE, MAE: 0.00291, 0.00291, 0.05328, 0.03285
INFO | Test - Best epoch 26, Loss, MSE, RMSE, MAE: 0.00285, 0.00285, 0.05293, 0.03283
INFO | Time spent: 3.23s
INFO | - Epoch 027, ExpID 22993
INFO | Train - Loss (one batch): 0.00349
INFO | Val - Loss, MSE, RMSE, MAE: 0.00302, 0.00302, 0.05433, 0.03430
INFO | Test - Best epoch 26, Loss, MSE, RMSE, MAE: 0.00289, 0.00289, 0.05335, 0.03337
INFO | Time spent: 3.21s
INFO | - Epoch 028, ExpID 22993
INFO | Train - Loss (one batch): 0.00273
INFO | Val - Loss, MSE, RMSE, MAE: 0.00319, 0.00319, 0.05594, 0.03708
INFO | Test - Best epoch 26, Loss, MSE, RMSE, MAE: 0.00298, 0.00298, 0.05411, 0.03458
INFO | Time spent: 3.30s
INFO | - Epoch 029, ExpID 22993
INFO | Train - Loss (one batch): 0.00222
INFO | Val - Loss, MSE, RMSE, MAE: 0.00300, 0.00300, 0.05422, 0.03450
INFO | Test - Best epoch 26, Loss, MSE, RMSE, MAE: 0.00297, 0.00297, 0.05406, 0.03454
INFO | Time spent: 3.22s
INFO | - Epoch 030, ExpID 22993
INFO | Train - Loss (one batch): 0.00204
INFO | Val - Loss, MSE, RMSE, MAE: 0.00307, 0.00307, 0.05481, 0.03560
INFO | Test - Best epoch 26, Loss, MSE, RMSE, MAE: 0.00298, 0.00298, 0.05415, 0.03475
INFO | Time spent: 3.20s
INFO | - Epoch 031, ExpID 22993
INFO | Train - Loss (one batch): 0.00280
INFO | Val - Loss, MSE, RMSE, MAE: 0.00298, 0.00298, 0.05402, 0.03394
INFO | Test - Best epoch 26, Loss, MSE, RMSE, MAE: 0.00297, 0.00297, 0.05406, 0.03457
INFO | Time spent: 3.34s
INFO | - Epoch 032, ExpID 22993
INFO | Train - Loss (one batch): 0.00332
INFO | Val - Loss, MSE, RMSE, MAE: 0.00306, 0.00306, 0.05471, 0.03539
INFO | Test - Best epoch 26, Loss, MSE, RMSE, MAE: 0.00297, 0.00297, 0.05410, 0.03468
INFO | Time spent: 3.20s
INFO | - Epoch 033, ExpID 22993
INFO | Train - Loss (one batch): 0.00254
INFO | Val - Loss, MSE, RMSE, MAE: 0.00287, 0.00287, 0.05290, 0.03221
INFO | Test - Best epoch 33, Loss, MSE, RMSE, MAE: 0.00280, 0.00280, 0.05244, 0.03201
INFO | Time spent: 3.21s
INFO | - Epoch 034, ExpID 22993
INFO | Train - Loss (one batch): 0.00252
INFO | Val - Loss, MSE, RMSE, MAE: 0.00303, 0.00303, 0.05444, 0.03512
INFO | Test - Best epoch 33, Loss, MSE, RMSE, MAE: 0.00288, 0.00288, 0.05318, 0.03347
INFO | Time spent: 3.23s
INFO | - Epoch 035, ExpID 22993
INFO | Train - Loss (one batch): 0.00265
INFO | Val - Loss, MSE, RMSE, MAE: 0.00284, 0.00284, 0.05264, 0.03218
INFO | Test - Best epoch 35, Loss, MSE, RMSE, MAE: 0.00278, 0.00278, 0.05228, 0.03210
INFO | Time spent: 3.21s
INFO | - Epoch 036, ExpID 22993
INFO | Train - Loss (one batch): 0.00238
INFO | Val - Loss, MSE, RMSE, MAE: 0.00327, 0.00327, 0.05671, 0.03862
INFO | Test - Best epoch 35, Loss, MSE, RMSE, MAE: 0.00300, 0.00300, 0.05431, 0.03530
INFO | Time spent: 3.40s
INFO | - Epoch 037, ExpID 22993
INFO | Train - Loss (one batch): 0.00278
INFO | Val - Loss, MSE, RMSE, MAE: 0.00301, 0.00301, 0.05429, 0.03465
INFO | Test - Best epoch 35, Loss, MSE, RMSE, MAE: 0.00298, 0.00298, 0.05418, 0.03505
INFO | Time spent: 3.21s
INFO | - Epoch 038, ExpID 22993
INFO | Train - Loss (one batch): 0.00324
INFO | Val - Loss, MSE, RMSE, MAE: 0.00348, 0.00348, 0.05854, 0.04135
INFO | Test - Best epoch 35, Loss, MSE, RMSE, MAE: 0.00309, 0.00309, 0.05515, 0.03656
INFO | Time spent: 3.22s
INFO | - Epoch 039, ExpID 22993
INFO | Train - Loss (one batch): 0.00253
INFO | Val - Loss, MSE, RMSE, MAE: 0.00300, 0.00300, 0.05415, 0.03486
INFO | Test - Best epoch 35, Loss, MSE, RMSE, MAE: 0.00306, 0.00306, 0.05488, 0.03621
INFO | Time spent: 3.22s
INFO | - Epoch 040, ExpID 22993
INFO | Train - Loss (one batch): 0.00220
INFO | Val - Loss, MSE, RMSE, MAE: 0.00282, 0.00282, 0.05247, 0.03180
INFO | Test - Best epoch 40, Loss, MSE, RMSE, MAE: 0.00276, 0.00276, 0.05205, 0.03165
INFO | Time spent: 3.21s
INFO | - Epoch 041, ExpID 22993
INFO | Train - Loss (one batch): 0.00263
INFO | Val - Loss, MSE, RMSE, MAE: 0.00296, 0.00296, 0.05382, 0.03428
INFO | Test - Best epoch 40, Loss, MSE, RMSE, MAE: 0.00283, 0.00283, 0.05277, 0.03297
INFO | Time spent: 3.21s
INFO | - Epoch 042, ExpID 22993
INFO | Train - Loss (one batch): 0.00204
INFO | Val - Loss, MSE, RMSE, MAE: 0.00289, 0.00289, 0.05315, 0.03320
INFO | Test - Best epoch 40, Loss, MSE, RMSE, MAE: 0.00283, 0.00283, 0.05280, 0.03304
INFO | Time spent: 3.22s
INFO | - Epoch 043, ExpID 22993
INFO | Train - Loss (one batch): 0.00283
INFO | Val - Loss, MSE, RMSE, MAE: 0.00280, 0.00280, 0.05228, 0.03163
INFO | Test - Best epoch 43, Loss, MSE, RMSE, MAE: 0.00275, 0.00275, 0.05200, 0.03165
INFO | Time spent: 3.23s
INFO | - Epoch 044, ExpID 22993
INFO | Train - Loss (one batch): 0.00216
INFO | Val - Loss, MSE, RMSE, MAE: 0.00295, 0.00295, 0.05376, 0.03389
INFO | Test - Best epoch 43, Loss, MSE, RMSE, MAE: 0.00282, 0.00282, 0.05270, 0.03272
INFO | Time spent: 3.24s
INFO | - Epoch 045, ExpID 22993
INFO | Train - Loss (one batch): 0.00284
INFO | Val - Loss, MSE, RMSE, MAE: 0.00300, 0.00300, 0.05424, 0.03476
INFO | Test - Best epoch 43, Loss, MSE, RMSE, MAE: 0.00287, 0.00287, 0.05309, 0.03335
INFO | Time spent: 3.20s
INFO | - Epoch 046, ExpID 22993
INFO | Train - Loss (one batch): 0.00264
INFO | Val - Loss, MSE, RMSE, MAE: 0.00280, 0.00280, 0.05229, 0.03164
INFO | Test - Best epoch 46, Loss, MSE, RMSE, MAE: 0.00275, 0.00275, 0.05200, 0.03160
INFO | Time spent: 3.20s
INFO | - Epoch 047, ExpID 22993
INFO | Train - Loss (one batch): 0.00392
INFO | Val - Loss, MSE, RMSE, MAE: 0.00298, 0.00298, 0.05400, 0.03464
INFO | Test - Best epoch 46, Loss, MSE, RMSE, MAE: 0.00283, 0.00283, 0.05278, 0.03304
INFO | Time spent: 3.22s
INFO | - Epoch 048, ExpID 22993
INFO | Train - Loss (one batch): 0.00325
INFO | Val - Loss, MSE, RMSE, MAE: 0.00290, 0.00290, 0.05327, 0.03347
INFO | Test - Best epoch 46, Loss, MSE, RMSE, MAE: 0.00284, 0.00284, 0.05287, 0.03320
INFO | Time spent: 3.23s
INFO | - Epoch 049, ExpID 22993
INFO | Train - Loss (one batch): 0.00309
INFO | Val - Loss, MSE, RMSE, MAE: 0.00290, 0.00290, 0.05323, 0.03346
INFO | Test - Best epoch 46, Loss, MSE, RMSE, MAE: 0.00284, 0.00284, 0.05288, 0.03323
INFO | Time spent: 3.21s
INFO | - Epoch 050, ExpID 22993
INFO | Train - Loss (one batch): 0.00181
INFO | Val - Loss, MSE, RMSE, MAE: 0.00282, 0.00282, 0.05252, 0.03245
INFO | Test - Best epoch 46, Loss, MSE, RMSE, MAE: 0.00283, 0.00283, 0.05276, 0.03308
INFO | Time spent: 3.22s
INFO | - Epoch 051, ExpID 22993
INFO | Train - Loss (one batch): 0.00231
INFO | Val - Loss, MSE, RMSE, MAE: 0.00288, 0.00288, 0.05308, 0.03317
INFO | Test - Best epoch 46, Loss, MSE, RMSE, MAE: 0.00283, 0.00283, 0.05277, 0.03309
INFO | Time spent: 3.20s
INFO | - Epoch 052, ExpID 22993
INFO | Train - Loss (one batch): 0.00285
INFO | Val - Loss, MSE, RMSE, MAE: 0.00278, 0.00278, 0.05207, 0.03163
INFO | Test - Best epoch 52, Loss, MSE, RMSE, MAE: 0.00273, 0.00273, 0.05182, 0.03156
INFO | Time spent: 3.21s
INFO | - Epoch 053, ExpID 22993
INFO | Train - Loss (one batch): 0.00283
INFO | Val - Loss, MSE, RMSE, MAE: 0.00285, 0.00285, 0.05273, 0.03277
INFO | Test - Best epoch 52, Loss, MSE, RMSE, MAE: 0.00276, 0.00276, 0.05212, 0.03211
INFO | Time spent: 3.21s
INFO | - Epoch 054, ExpID 22993
INFO | Train - Loss (one batch): 0.00284
INFO | Val - Loss, MSE, RMSE, MAE: 0.00291, 0.00291, 0.05334, 0.03393
INFO | Test - Best epoch 52, Loss, MSE, RMSE, MAE: 0.00280, 0.00280, 0.05243, 0.03268
INFO | Time spent: 3.21s
INFO | - Epoch 055, ExpID 22993
INFO | Train - Loss (one batch): 0.00242
INFO | Val - Loss, MSE, RMSE, MAE: 0.00299, 0.00299, 0.05410, 0.03500
INFO | Test - Best epoch 52, Loss, MSE, RMSE, MAE: 0.00283, 0.00283, 0.05277, 0.03324
INFO | Time spent: 3.20s
INFO | - Epoch 056, ExpID 22993
INFO | Train - Loss (one batch): 0.00211
INFO | Val - Loss, MSE, RMSE, MAE: 0.00281, 0.00281, 0.05240, 0.03224
INFO | Test - Best epoch 52, Loss, MSE, RMSE, MAE: 0.00282, 0.00282, 0.05266, 0.03305
INFO | Time spent: 3.21s
INFO | - Epoch 057, ExpID 22993
INFO | Train - Loss (one batch): 0.00244
INFO | Val - Loss, MSE, RMSE, MAE: 0.00281, 0.00281, 0.05242, 0.03250
INFO | Test - Best epoch 52, Loss, MSE, RMSE, MAE: 0.00281, 0.00281, 0.05259, 0.03297
INFO | Time spent: 3.35s
INFO | - Epoch 058, ExpID 22993
INFO | Train - Loss (one batch): 0.00241
INFO | Val - Loss, MSE, RMSE, MAE: 0.00279, 0.00279, 0.05217, 0.03229
INFO | Test - Best epoch 52, Loss, MSE, RMSE, MAE: 0.00280, 0.00280, 0.05250, 0.03287
INFO | Time spent: 3.48s
INFO | - Epoch 059, ExpID 22993
INFO | Train - Loss (one batch): 0.00197
INFO | Val - Loss, MSE, RMSE, MAE: 0.00294, 0.00294, 0.05366, 0.03451
INFO | Test - Best epoch 52, Loss, MSE, RMSE, MAE: 0.00282, 0.00282, 0.05264, 0.03309
INFO | Time spent: 3.29s
INFO | - Epoch 060, ExpID 22993
INFO | Train - Loss (one batch): 0.00178
INFO | Val - Loss, MSE, RMSE, MAE: 0.00281, 0.00281, 0.05244, 0.03247
INFO | Test - Best epoch 52, Loss, MSE, RMSE, MAE: 0.00281, 0.00281, 0.05260, 0.03303
INFO | Time spent: 3.27s
INFO | - Epoch 061, ExpID 22993
INFO | Train - Loss (one batch): 0.00245
INFO | Val - Loss, MSE, RMSE, MAE: 0.00295, 0.00295, 0.05377, 0.03465
INFO | Test - Best epoch 52, Loss, MSE, RMSE, MAE: 0.00283, 0.00283, 0.05272, 0.03321
INFO | Time spent: 3.29s
INFO | - Epoch 062, ExpID 22993
INFO | Train - Loss (one batch): 0.00314
INFO | Val - Loss, MSE, RMSE, MAE: 0.00295, 0.00295, 0.05370, 0.03461
INFO | Test - Best epoch 52, Loss, MSE, RMSE, MAE: 0.00284, 0.00284, 0.05281, 0.03334
INFO | Time spent: 3.52s
INFO | - Epoch 063, ExpID 22993
INFO | Train - Loss (one batch): 0.00260
INFO | Val - Loss, MSE, RMSE, MAE: 0.00276, 0.00276, 0.05186, 0.03163
INFO | Test - Best epoch 63, Loss, MSE, RMSE, MAE: 0.00272, 0.00272, 0.05174, 0.03160
INFO | Time spent: 3.25s
INFO | - Epoch 064, ExpID 22993
INFO | Train - Loss (one batch): 0.00236
INFO | Val - Loss, MSE, RMSE, MAE: 0.00276, 0.00276, 0.05194, 0.03168
INFO | Test - Best epoch 63, Loss, MSE, RMSE, MAE: 0.00273, 0.00273, 0.05184, 0.03169
INFO | Time spent: 3.26s
INFO | - Epoch 065, ExpID 22993
INFO | Train - Loss (one batch): 0.00378
INFO | Val - Loss, MSE, RMSE, MAE: 0.00286, 0.00286, 0.05288, 0.03329
INFO | Test - Best epoch 63, Loss, MSE, RMSE, MAE: 0.00277, 0.00277, 0.05219, 0.03230
INFO | Time spent: 3.29s
INFO | - Epoch 066, ExpID 22993
INFO | Train - Loss (one batch): 0.00215
INFO | Val - Loss, MSE, RMSE, MAE: 0.00284, 0.00284, 0.05274, 0.03322
INFO | Test - Best epoch 63, Loss, MSE, RMSE, MAE: 0.00279, 0.00279, 0.05236, 0.03258
INFO | Time spent: 3.28s
INFO | - Epoch 067, ExpID 22993
INFO | Train - Loss (one batch): 0.00228
INFO | Val - Loss, MSE, RMSE, MAE: 0.00279, 0.00279, 0.05218, 0.03196
INFO | Test - Best epoch 63, Loss, MSE, RMSE, MAE: 0.00278, 0.00278, 0.05230, 0.03244
INFO | Time spent: 3.27s
INFO | - Epoch 068, ExpID 22993
INFO | Train - Loss (one batch): 0.00240
INFO | Val - Loss, MSE, RMSE, MAE: 0.00276, 0.00276, 0.05190, 0.03170
INFO | Test - Best epoch 63, Loss, MSE, RMSE, MAE: 0.00277, 0.00277, 0.05223, 0.03232
INFO | Time spent: 3.34s
INFO | - Epoch 069, ExpID 22993
INFO | Train - Loss (one batch): 0.00226
INFO | Val - Loss, MSE, RMSE, MAE: 0.00308, 0.00308, 0.05499, 0.03618
INFO | Test - Best epoch 63, Loss, MSE, RMSE, MAE: 0.00282, 0.00282, 0.05263, 0.03290
INFO | Time spent: 3.21s
INFO | - Epoch 070, ExpID 22993
INFO | Train - Loss (one batch): 0.00261
INFO | Val - Loss, MSE, RMSE, MAE: 0.00280, 0.00280, 0.05235, 0.03264
INFO | Test - Best epoch 63, Loss, MSE, RMSE, MAE: 0.00281, 0.00281, 0.05260, 0.03288
INFO | Time spent: 3.21s
INFO | - Epoch 071, ExpID 22993
INFO | Train - Loss (one batch): 0.00236
INFO | Val - Loss, MSE, RMSE, MAE: 0.00276, 0.00276, 0.05196, 0.03181
INFO | Test - Best epoch 63, Loss, MSE, RMSE, MAE: 0.00281, 0.00281, 0.05254, 0.03279
INFO | Time spent: 3.21s
INFO | - Epoch 072, ExpID 22993
INFO | Train - Loss (one batch): 0.00206
INFO | Val - Loss, MSE, RMSE, MAE: 0.00282, 0.00282, 0.05246, 0.03302
INFO | Test - Best epoch 63, Loss, MSE, RMSE, MAE: 0.00280, 0.00280, 0.05253, 0.03283
INFO | Time spent: 3.21s
INFO | - Epoch 073, ExpID 22993
INFO | Train - Loss (one batch): 0.00277
INFO | Val - Loss, MSE, RMSE, MAE: 0.00301, 0.00301, 0.05429, 0.03600
INFO | Test - Best epoch 63, Loss, MSE, RMSE, MAE: 0.00282, 0.00282, 0.05267, 0.03311
INFO | Time spent: 3.36s
INFO | - Epoch 074, ExpID 22993
INFO | Train - Loss (one batch): 0.00228
INFO | Val - Loss, MSE, RMSE, MAE: 0.00277, 0.00277, 0.05203, 0.03215
INFO | Test - Best epoch 63, Loss, MSE, RMSE, MAE: 0.00281, 0.00281, 0.05262, 0.03304
INFO | Time spent: 3.40s
INFO | - Epoch 075, ExpID 22993
INFO | Train - Loss (one batch): 0.00250
INFO | Val - Loss, MSE, RMSE, MAE: 0.00275, 0.00275, 0.05183, 0.03203
INFO | Test - Best epoch 75, Loss, MSE, RMSE, MAE: 0.00272, 0.00272, 0.05170, 0.03203
INFO | Time spent: 3.21s
INFO | - Epoch 076, ExpID 22993
INFO | Train - Loss (one batch): 0.00224
INFO | Val - Loss, MSE, RMSE, MAE: 0.00277, 0.00277, 0.05199, 0.03201
INFO | Test - Best epoch 75, Loss, MSE, RMSE, MAE: 0.00273, 0.00273, 0.05176, 0.03207
INFO | Time spent: 3.21s
INFO | - Epoch 077, ExpID 22993
INFO | Train - Loss (one batch): 0.00267
INFO | Val - Loss, MSE, RMSE, MAE: 0.00286, 0.00286, 0.05292, 0.03342
INFO | Test - Best epoch 75, Loss, MSE, RMSE, MAE: 0.00276, 0.00276, 0.05212, 0.03261
INFO | Time spent: 3.43s
INFO | - Epoch 078, ExpID 22993
INFO | Train - Loss (one batch): 0.00247
INFO | Val - Loss, MSE, RMSE, MAE: 0.00284, 0.00284, 0.05269, 0.03353
INFO | Test - Best epoch 75, Loss, MSE, RMSE, MAE: 0.00277, 0.00277, 0.05223, 0.03285
INFO | Time spent: 3.20s
INFO | - Epoch 079, ExpID 22993
INFO | Train - Loss (one batch): 0.00308
INFO | Val - Loss, MSE, RMSE, MAE: 0.00274, 0.00274, 0.05171, 0.03142
INFO | Test - Best epoch 79, Loss, MSE, RMSE, MAE: 0.00270, 0.00270, 0.05156, 0.03145
INFO | Time spent: 3.22s
INFO | - Epoch 080, ExpID 22993
INFO | Train - Loss (one batch): 0.00310
INFO | Val - Loss, MSE, RMSE, MAE: 0.00311, 0.00311, 0.05519, 0.03700
INFO | Test - Best epoch 79, Loss, MSE, RMSE, MAE: 0.00287, 0.00287, 0.05310, 0.03411
INFO | Time spent: 3.21s
INFO | - Epoch 081, ExpID 22993
INFO | Train - Loss (one batch): 0.00212
INFO | Val - Loss, MSE, RMSE, MAE: 0.00280, 0.00280, 0.05227, 0.03280
INFO | Test - Best epoch 79, Loss, MSE, RMSE, MAE: 0.00284, 0.00284, 0.05281, 0.03371
INFO | Time spent: 3.21s
INFO | - Epoch 082, ExpID 22993
INFO | Train - Loss (one batch): 0.00171
INFO | Val - Loss, MSE, RMSE, MAE: 0.00293, 0.00293, 0.05356, 0.03440
INFO | Test - Best epoch 79, Loss, MSE, RMSE, MAE: 0.00285, 0.00285, 0.05297, 0.03391
INFO | Time spent: 3.21s
INFO | - Epoch 083, ExpID 22993
INFO | Train - Loss (one batch): 0.00212
INFO | Val - Loss, MSE, RMSE, MAE: 0.00273, 0.00273, 0.05159, 0.03135
INFO | Test - Best epoch 83, Loss, MSE, RMSE, MAE: 0.00268, 0.00268, 0.05133, 0.03128
INFO | Time spent: 3.20s
INFO | - Epoch 084, ExpID 22993
INFO | Train - Loss (one batch): 0.00251
INFO | Val - Loss, MSE, RMSE, MAE: 0.00271, 0.00271, 0.05139, 0.03140
INFO | Test - Best epoch 84, Loss, MSE, RMSE, MAE: 0.00268, 0.00268, 0.05134, 0.03153
INFO | Time spent: 3.30s
INFO | - Epoch 085, ExpID 22993
INFO | Train - Loss (one batch): 0.00386
INFO | Val - Loss, MSE, RMSE, MAE: 0.00271, 0.00271, 0.05141, 0.03134
INFO | Test - Best epoch 84, Loss, MSE, RMSE, MAE: 0.00268, 0.00268, 0.05134, 0.03149
INFO | Time spent: 3.23s
INFO | - Epoch 086, ExpID 22993
INFO | Train - Loss (one batch): 0.00210
INFO | Val - Loss, MSE, RMSE, MAE: 0.00274, 0.00274, 0.05168, 0.03153
INFO | Test - Best epoch 84, Loss, MSE, RMSE, MAE: 0.00269, 0.00269, 0.05141, 0.03154
INFO | Time spent: 3.21s
INFO | - Epoch 087, ExpID 22993
INFO | Train - Loss (one batch): 0.00214
INFO | Val - Loss, MSE, RMSE, MAE: 0.00289, 0.00289, 0.05316, 0.03379
INFO | Test - Best epoch 84, Loss, MSE, RMSE, MAE: 0.00273, 0.00273, 0.05184, 0.03214
INFO | Time spent: 3.22s
INFO | - Epoch 088, ExpID 22993
INFO | Train - Loss (one batch): 0.00307
INFO | Val - Loss, MSE, RMSE, MAE: 0.00277, 0.00277, 0.05200, 0.03271
INFO | Test - Best epoch 84, Loss, MSE, RMSE, MAE: 0.00274, 0.00274, 0.05189, 0.03230
INFO | Time spent: 3.31s
INFO | - Epoch 089, ExpID 22993
INFO | Train - Loss (one batch): 0.00234
INFO | Val - Loss, MSE, RMSE, MAE: 0.00289, 0.00289, 0.05321, 0.03451
INFO | Test - Best epoch 84, Loss, MSE, RMSE, MAE: 0.00276, 0.00276, 0.05208, 0.03267
INFO | Time spent: 3.21s
INFO | - Epoch 090, ExpID 22993
INFO | Train - Loss (one batch): 0.00233
INFO | Val - Loss, MSE, RMSE, MAE: 0.00276, 0.00276, 0.05191, 0.03201
INFO | Test - Best epoch 84, Loss, MSE, RMSE, MAE: 0.00275, 0.00275, 0.05204, 0.03258
INFO | Time spent: 3.33s
INFO | - Epoch 091, ExpID 22993
INFO | Train - Loss (one batch): 0.00231
INFO | Val - Loss, MSE, RMSE, MAE: 0.00291, 0.00291, 0.05340, 0.03465
INFO | Test - Best epoch 84, Loss, MSE, RMSE, MAE: 0.00277, 0.00277, 0.05220, 0.03287
INFO | Time spent: 3.21s
INFO | - Epoch 092, ExpID 22993
INFO | Train - Loss (one batch): 0.00229
INFO | Val - Loss, MSE, RMSE, MAE: 0.00268, 0.00268, 0.05114, 0.03078
INFO | Test - Best epoch 92, Loss, MSE, RMSE, MAE: 0.00266, 0.00266, 0.05113, 0.03101
INFO | Time spent: 3.22s
INFO | - Epoch 093, ExpID 22993
INFO | Train - Loss (one batch): 0.00207
INFO | Val - Loss, MSE, RMSE, MAE: 0.00270, 0.00270, 0.05129, 0.03127
INFO | Test - Best epoch 92, Loss, MSE, RMSE, MAE: 0.00267, 0.00267, 0.05119, 0.03124
INFO | Time spent: 3.22s
INFO | - Epoch 094, ExpID 22993
INFO | Train - Loss (one batch): 0.00240
INFO | Val - Loss, MSE, RMSE, MAE: 0.00269, 0.00269, 0.05116, 0.03091
INFO | Test - Best epoch 92, Loss, MSE, RMSE, MAE: 0.00266, 0.00266, 0.05116, 0.03116
INFO | Time spent: 3.23s
INFO | - Epoch 095, ExpID 22993
INFO | Train - Loss (one batch): 0.00332
INFO | Val - Loss, MSE, RMSE, MAE: 0.00270, 0.00270, 0.05135, 0.03129
INFO | Test - Best epoch 92, Loss, MSE, RMSE, MAE: 0.00266, 0.00266, 0.05116, 0.03118
INFO | Time spent: 3.21s
INFO | - Epoch 096, ExpID 22993
INFO | Train - Loss (one batch): 0.00266
INFO | Val - Loss, MSE, RMSE, MAE: 0.00273, 0.00273, 0.05161, 0.03145
INFO | Test - Best epoch 92, Loss, MSE, RMSE, MAE: 0.00267, 0.00267, 0.05122, 0.03126
INFO | Time spent: 3.23s
INFO | - Epoch 097, ExpID 22993
INFO | Train - Loss (one batch): 0.00286
INFO | Val - Loss, MSE, RMSE, MAE: 0.00271, 0.00271, 0.05140, 0.03117
INFO | Test - Best epoch 92, Loss, MSE, RMSE, MAE: 0.00267, 0.00267, 0.05123, 0.03126
INFO | Time spent: 3.23s
INFO | - Epoch 098, ExpID 22993
INFO | Train - Loss (one batch): 0.00220
INFO | Val - Loss, MSE, RMSE, MAE: 0.00273, 0.00273, 0.05158, 0.03145
INFO | Test - Best epoch 92, Loss, MSE, RMSE, MAE: 0.00267, 0.00267, 0.05126, 0.03129
INFO | Time spent: 3.20s
INFO | - Epoch 099, ExpID 22993
INFO | Train - Loss (one batch): 0.00262
INFO | Val - Loss, MSE, RMSE, MAE: 0.00282, 0.00282, 0.05254, 0.03355
INFO | Test - Best epoch 92, Loss, MSE, RMSE, MAE: 0.00269, 0.00269, 0.05140, 0.03158
INFO | Time spent: 3.22s
INFO | - Epoch 100, ExpID 22993
INFO | Train - Loss (one batch): 0.00313
INFO | Val - Loss, MSE, RMSE, MAE: 0.00278, 0.00278, 0.05212, 0.03251
INFO | Test - Best epoch 92, Loss, MSE, RMSE, MAE: 0.00270, 0.00270, 0.05147, 0.03169
INFO | Time spent: 3.24s
INFO | - Epoch 101, ExpID 22993
INFO | Train - Loss (one batch): 0.00222
INFO | Val - Loss, MSE, RMSE, MAE: 0.00270, 0.00270, 0.05130, 0.03087
INFO | Test - Best epoch 92, Loss, MSE, RMSE, MAE: 0.00269, 0.00269, 0.05144, 0.03162
INFO | Time spent: 3.21s
INFO | - Epoch 102, ExpID 22993
INFO | Train - Loss (one batch): 0.00323
INFO | Val - Loss, MSE, RMSE, MAE: 0.00277, 0.00277, 0.05200, 0.03204
INFO | Test - Best epoch 92, Loss, MSE, RMSE, MAE: 0.00270, 0.00270, 0.05147, 0.03166
INFO | Time spent: 3.21s
INFO | - Epoch 103, ExpID 22993
INFO | Train - Loss (one batch): 0.00214
INFO | Val - Loss, MSE, RMSE, MAE: 0.00289, 0.00289, 0.05320, 0.03414
INFO | Test - Best epoch 92, Loss, MSE, RMSE, MAE: 0.00271, 0.00271, 0.05159, 0.03186
INFO | Time spent: 3.22s
INFO | - Epoch 104, ExpID 22993
INFO | Train - Loss (one batch): 0.00255
INFO | Val - Loss, MSE, RMSE, MAE: 0.00279, 0.00279, 0.05224, 0.03287
INFO | Test - Best epoch 92, Loss, MSE, RMSE, MAE: 0.00271, 0.00271, 0.05162, 0.03195
INFO | Time spent: 3.22s
INFO | - Epoch 105, ExpID 22993
INFO | Train - Loss (one batch): 0.00305
INFO | Val - Loss, MSE, RMSE, MAE: 0.00269, 0.00269, 0.05123, 0.03121
INFO | Test - Best epoch 92, Loss, MSE, RMSE, MAE: 0.00271, 0.00271, 0.05160, 0.03191
INFO | Time spent: 3.48s
INFO | - Epoch 106, ExpID 22993
INFO | Train - Loss (one batch): 0.00183
INFO | Val - Loss, MSE, RMSE, MAE: 0.00271, 0.00271, 0.05143, 0.03128
INFO | Test - Best epoch 92, Loss, MSE, RMSE, MAE: 0.00271, 0.00271, 0.05157, 0.03186
INFO | Time spent: 3.25s
INFO | - Epoch 107, ExpID 22993
INFO | Train - Loss (one batch): 0.00195
INFO | Val - Loss, MSE, RMSE, MAE: 0.00269, 0.00269, 0.05125, 0.03120
INFO | Test - Best epoch 92, Loss, MSE, RMSE, MAE: 0.00270, 0.00270, 0.05154, 0.03183
INFO | Time spent: 3.26s
INFO | - Epoch 108, ExpID 22993
INFO | Train - Loss (one batch): 0.00199
INFO | Val - Loss, MSE, RMSE, MAE: 0.00279, 0.00279, 0.05218, 0.03237
INFO | Test - Best epoch 92, Loss, MSE, RMSE, MAE: 0.00271, 0.00271, 0.05158, 0.03187
INFO | Time spent: 3.47s
INFO | - Epoch 109, ExpID 22993
INFO | Train - Loss (one batch): 0.00204
INFO | Val - Loss, MSE, RMSE, MAE: 0.00270, 0.00270, 0.05126, 0.03129
INFO | Test - Best epoch 92, Loss, MSE, RMSE, MAE: 0.00270, 0.00270, 0.05155, 0.03184
INFO | Time spent: 3.25s
INFO | - Epoch 110, ExpID 22993
INFO | Train - Loss (one batch): 0.00320
INFO | Val - Loss, MSE, RMSE, MAE: 0.00268, 0.00268, 0.05111, 0.03116
INFO | Test - Best epoch 110, Loss, MSE, RMSE, MAE: 0.00267, 0.00267, 0.05124, 0.03144
INFO | Time spent: 3.47s
INFO | - Epoch 111, ExpID 22993
INFO | Train - Loss (one batch): 0.00214
INFO | Val - Loss, MSE, RMSE, MAE: 0.00275, 0.00275, 0.05176, 0.03202
INFO | Test - Best epoch 110, Loss, MSE, RMSE, MAE: 0.00269, 0.00269, 0.05142, 0.03171
INFO | Time spent: 3.28s
INFO | - Epoch 112, ExpID 22993
INFO | Train - Loss (one batch): 0.00226
INFO | Val - Loss, MSE, RMSE, MAE: 0.00268, 0.00268, 0.05114, 0.03101
INFO | Test - Best epoch 110, Loss, MSE, RMSE, MAE: 0.00268, 0.00268, 0.05130, 0.03153
INFO | Time spent: 3.28s
INFO | - Epoch 113, ExpID 22993
INFO | Train - Loss (one batch): 0.00275
INFO | Val - Loss, MSE, RMSE, MAE: 0.00266, 0.00266, 0.05094, 0.03079
INFO | Test - Best epoch 113, Loss, MSE, RMSE, MAE: 0.00264, 0.00264, 0.05096, 0.03102
INFO | Time spent: 3.25s
INFO | - Epoch 114, ExpID 22993
INFO | Train - Loss (one batch): 0.00250
INFO | Val - Loss, MSE, RMSE, MAE: 0.00272, 0.00272, 0.05153, 0.03188
INFO | Test - Best epoch 113, Loss, MSE, RMSE, MAE: 0.00267, 0.00267, 0.05119, 0.03148
INFO | Time spent: 3.23s
INFO | - Epoch 115, ExpID 22993
INFO | Train - Loss (one batch): 0.00255
INFO | Val - Loss, MSE, RMSE, MAE: 0.00268, 0.00268, 0.05115, 0.03093
INFO | Test - Best epoch 113, Loss, MSE, RMSE, MAE: 0.00266, 0.00266, 0.05115, 0.03128
INFO | Time spent: 3.20s
INFO | - Epoch 116, ExpID 22993
INFO | Train - Loss (one batch): 0.00218
INFO | Val - Loss, MSE, RMSE, MAE: 0.00276, 0.00276, 0.05194, 0.03215
INFO | Test - Best epoch 113, Loss, MSE, RMSE, MAE: 0.00268, 0.00268, 0.05133, 0.03150
INFO | Time spent: 3.21s
INFO | - Epoch 117, ExpID 22993
INFO | Train - Loss (one batch): 0.00307
INFO | Val - Loss, MSE, RMSE, MAE: 0.00267, 0.00267, 0.05099, 0.03100
INFO | Test - Best epoch 113, Loss, MSE, RMSE, MAE: 0.00268, 0.00268, 0.05126, 0.03141
INFO | Time spent: 3.32s
INFO | - Epoch 118, ExpID 22993
INFO | Train - Loss (one batch): 0.00228
INFO | Val - Loss, MSE, RMSE, MAE: 0.00267, 0.00267, 0.05105, 0.03113
INFO | Test - Best epoch 113, Loss, MSE, RMSE, MAE: 0.00267, 0.00267, 0.05123, 0.03142
INFO | Time spent: 3.22s
INFO | - Epoch 119, ExpID 22993
INFO | Train - Loss (one batch): 0.00220
INFO | Val - Loss, MSE, RMSE, MAE: 0.00269, 0.00269, 0.05126, 0.03127
INFO | Test - Best epoch 113, Loss, MSE, RMSE, MAE: 0.00267, 0.00267, 0.05123, 0.03142
INFO | Time spent: 3.40s
INFO | - Epoch 120, ExpID 22993
INFO | Train - Loss (one batch): 0.00304
INFO | Val - Loss, MSE, RMSE, MAE: 0.00274, 0.00274, 0.05169, 0.03193
INFO | Test - Best epoch 113, Loss, MSE, RMSE, MAE: 0.00268, 0.00268, 0.05129, 0.03150
INFO | Time spent: 3.21s
INFO | - Epoch 121, ExpID 22993
INFO | Train - Loss (one batch): 0.00192
INFO | Val - Loss, MSE, RMSE, MAE: 0.00277, 0.00277, 0.05202, 0.03221
INFO | Test - Best epoch 113, Loss, MSE, RMSE, MAE: 0.00269, 0.00269, 0.05137, 0.03161
INFO | Time spent: 3.21s
INFO | - Epoch 122, ExpID 22993
INFO | Train - Loss (one batch): 0.00259
INFO | Val - Loss, MSE, RMSE, MAE: 0.00271, 0.00271, 0.05136, 0.03159
INFO | Test - Best epoch 113, Loss, MSE, RMSE, MAE: 0.00268, 0.00268, 0.05136, 0.03160
INFO | Time spent: 3.21s
INFO | - Epoch 123, ExpID 22993
INFO | Train - Loss (one batch): 0.00224
INFO | Val - Loss, MSE, RMSE, MAE: 0.00272, 0.00272, 0.05155, 0.03160
INFO | Test - Best epoch 113, Loss, MSE, RMSE, MAE: 0.00269, 0.00269, 0.05137, 0.03162
INFO | Time spent: 3.27s
INFO | - Epoch 124, ExpID 22993
INFO | Train - Loss (one batch): 0.00233
INFO | Val - Loss, MSE, RMSE, MAE: 0.00270, 0.00270, 0.05123, 0.03124
INFO | Test - Best epoch 113, Loss, MSE, RMSE, MAE: 0.00268, 0.00268, 0.05135, 0.03159
INFO | Time spent: 3.43s
INFO | - Epoch 125, ExpID 22993
INFO | Train - Loss (one batch): 0.00181
INFO | Val - Loss, MSE, RMSE, MAE: 0.00272, 0.00272, 0.05147, 0.03170
INFO | Test - Best epoch 113, Loss, MSE, RMSE, MAE: 0.00268, 0.00268, 0.05133, 0.03161
INFO | Time spent: 3.21s
INFO | - Epoch 126, ExpID 22993
INFO | Train - Loss (one batch): 0.00239
INFO | Val - Loss, MSE, RMSE, MAE: 0.00269, 0.00269, 0.05120, 0.03127
INFO | Test - Best epoch 113, Loss, MSE, RMSE, MAE: 0.00268, 0.00268, 0.05133, 0.03161
INFO | Time spent: 3.23s
INFO | - Epoch 127, ExpID 22993
INFO | Train - Loss (one batch): 0.00211
INFO | Val - Loss, MSE, RMSE, MAE: 0.00277, 0.00277, 0.05198, 0.03204
INFO | Test - Best epoch 113, Loss, MSE, RMSE, MAE: 0.00268, 0.00268, 0.05136, 0.03166
INFO | Time spent: 3.40s
INFO | - Epoch 128, ExpID 22993
INFO | Train - Loss (one batch): 0.00233
INFO | Val - Loss, MSE, RMSE, MAE: 0.00269, 0.00269, 0.05118, 0.03120
INFO | Test - Best epoch 113, Loss, MSE, RMSE, MAE: 0.00268, 0.00268, 0.05135, 0.03164
INFO | Time spent: 3.21s
INFO | - Epoch 129, ExpID 22993
INFO | Train - Loss (one batch): 0.00180
INFO | Val - Loss, MSE, RMSE, MAE: 0.00276, 0.00276, 0.05186, 0.03191
INFO | Test - Best epoch 113, Loss, MSE, RMSE, MAE: 0.00269, 0.00269, 0.05137, 0.03168
INFO | Time spent: 3.43s
INFO | - Epoch 130, ExpID 22993
INFO | Train - Loss (one batch): 0.00222
INFO | Val - Loss, MSE, RMSE, MAE: 0.00267, 0.00267, 0.05101, 0.03080
INFO | Test - Best epoch 113, Loss, MSE, RMSE, MAE: 0.00268, 0.00268, 0.05135, 0.03164
INFO | Time spent: 3.20s
INFO | - Epoch 131, ExpID 22993
INFO | Train - Loss (one batch): 0.00220
INFO | Val - Loss, MSE, RMSE, MAE: 0.00270, 0.00270, 0.05124, 0.03098
INFO | Test - Best epoch 113, Loss, MSE, RMSE, MAE: 0.00268, 0.00268, 0.05134, 0.03161
INFO | Time spent: 3.19s
INFO | - Epoch 132, ExpID 22993
INFO | Train - Loss (one batch): 0.00182
INFO | Val - Loss, MSE, RMSE, MAE: 0.00267, 0.00267, 0.05095, 0.03063
INFO | Test - Best epoch 113, Loss, MSE, RMSE, MAE: 0.00268, 0.00268, 0.05131, 0.03157
INFO | Time spent: 3.23s
INFO | - Epoch 133, ExpID 22993
INFO | Train - Loss (one batch): 0.00256
INFO | Val - Loss, MSE, RMSE, MAE: 0.00275, 0.00275, 0.05179, 0.03190
INFO | Test - Best epoch 113, Loss, MSE, RMSE, MAE: 0.00268, 0.00268, 0.05132, 0.03159
INFO | Time spent: 3.21s
INFO | - Epoch 134, ExpID 22993
INFO | Train - Loss (one batch): 0.00208
INFO | Val - Loss, MSE, RMSE, MAE: 0.00274, 0.00274, 0.05166, 0.03202
INFO | Test - Best epoch 113, Loss, MSE, RMSE, MAE: 0.00268, 0.00268, 0.05134, 0.03163
INFO | Time spent: 3.20s
INFO | - Epoch 135, ExpID 22993
INFO | Train - Loss (one batch): 0.00180
INFO | Val - Loss, MSE, RMSE, MAE: 0.00272, 0.00272, 0.05153, 0.03159
INFO | Test - Best epoch 113, Loss, MSE, RMSE, MAE: 0.00268, 0.00268, 0.05134, 0.03163
INFO | Time spent: 3.22s
INFO | - Epoch 136, ExpID 22993
INFO | Train - Loss (one batch): 0.00180
INFO | Val - Loss, MSE, RMSE, MAE: 0.00268, 0.00268, 0.05107, 0.03088
INFO | Test - Best epoch 113, Loss, MSE, RMSE, MAE: 0.00268, 0.00268, 0.05133, 0.03161
INFO | Time spent: 3.21s
INFO | - Epoch 137, ExpID 22993
INFO | Train - Loss (one batch): 0.00172
INFO | Val - Loss, MSE, RMSE, MAE: 0.00279, 0.00279, 0.05221, 0.03329
INFO | Test - Best epoch 113, Loss, MSE, RMSE, MAE: 0.00268, 0.00268, 0.05136, 0.03168
INFO | Time spent: 3.20s
INFO | - Epoch 138, ExpID 22993
INFO | Train - Loss (one batch): 0.00224
INFO | Val - Loss, MSE, RMSE, MAE: 0.00279, 0.00279, 0.05213, 0.03264
INFO | Test - Best epoch 113, Loss, MSE, RMSE, MAE: 0.00269, 0.00269, 0.05139, 0.03174
INFO | Time spent: 3.22s
INFO | - Epoch 139, ExpID 22993
INFO | Train - Loss (one batch): 0.00250
INFO | Val - Loss, MSE, RMSE, MAE: 0.00271, 0.00271, 0.05133, 0.03111
INFO | Test - Best epoch 113, Loss, MSE, RMSE, MAE: 0.00269, 0.00269, 0.05137, 0.03171
INFO | Time spent: 3.21s
INFO | - Epoch 140, ExpID 22993
INFO | Train - Loss (one batch): 0.00219
INFO | Val - Loss, MSE, RMSE, MAE: 0.00271, 0.00271, 0.05135, 0.03086
INFO | Test - Best epoch 113, Loss, MSE, RMSE, MAE: 0.00268, 0.00268, 0.05136, 0.03168
INFO | Time spent: 3.20s
INFO | - Epoch 141, ExpID 22993
INFO | Train - Loss (one batch): 0.00210
INFO | Val - Loss, MSE, RMSE, MAE: 0.00282, 0.00282, 0.05249, 0.03343
INFO | Test - Best epoch 113, Loss, MSE, RMSE, MAE: 0.00269, 0.00269, 0.05139, 0.03174
INFO | Time spent: 3.19s
INFO | - Epoch 142, ExpID 22993
INFO | Train - Loss (one batch): 0.00213
INFO | Val - Loss, MSE, RMSE, MAE: 0.00271, 0.00271, 0.05138, 0.03106
INFO | Test - Best epoch 113, Loss, MSE, RMSE, MAE: 0.00269, 0.00269, 0.05138, 0.03172
INFO | Time spent: 3.39s
INFO | - Epoch 143, ExpID 22993
INFO | Train - Loss (one batch): 0.00278
INFO | Val - Loss, MSE, RMSE, MAE: 0.00269, 0.00269, 0.05117, 0.03119
INFO | Test - Best epoch 113, Loss, MSE, RMSE, MAE: 0.00269, 0.00269, 0.05138, 0.03171
INFO | Time spent: 3.15s
INFO | - Epoch 144, ExpID 22993
INFO | Train - Loss (one batch): 0.00162
INFO | Val - Loss, MSE, RMSE, MAE: 0.00267, 0.00267, 0.05099, 0.03077
INFO | Test - Best epoch 113, Loss, MSE, RMSE, MAE: 0.00268, 0.00268, 0.05136, 0.03168
INFO | Time spent: 3.28s
INFO | - Epoch 145, ExpID 22993
INFO | Train - Loss (one batch): 0.00282
INFO | Val - Loss, MSE, RMSE, MAE: 0.00272, 0.00272, 0.05148, 0.03159
INFO | Test - Best epoch 113, Loss, MSE, RMSE, MAE: 0.00268, 0.00268, 0.05136, 0.03168
INFO | Time spent: 3.15s
INFO | - Epoch 146, ExpID 22993
INFO | Train - Loss (one batch): 0.00232
INFO | Val - Loss, MSE, RMSE, MAE: 0.00282, 0.00282, 0.05248, 0.03321
INFO | Test - Best epoch 113, Loss, MSE, RMSE, MAE: 0.00269, 0.00269, 0.05138, 0.03173
INFO | Time spent: 3.16s
INFO | - Epoch 147, ExpID 22993
INFO | Train - Loss (one batch): 0.00242
INFO | Val - Loss, MSE, RMSE, MAE: 0.00279, 0.00279, 0.05220, 0.03225
INFO | Test - Best epoch 113, Loss, MSE, RMSE, MAE: 0.00269, 0.00269, 0.05140, 0.03175
INFO | Time spent: 3.16s
INFO | - Epoch 148, ExpID 22993
INFO | Train - Loss (one batch): 0.00157
INFO | Val - Loss, MSE, RMSE, MAE: 0.00273, 0.00273, 0.05162, 0.03206
INFO | Test - Best epoch 113, Loss, MSE, RMSE, MAE: 0.00269, 0.00269, 0.05139, 0.03175
INFO | Time spent: 3.16s
INFO | - Epoch 149, ExpID 22993
INFO | Train - Loss (one batch): 0.00263
INFO | Val - Loss, MSE, RMSE, MAE: 0.00269, 0.00269, 0.05122, 0.03144
INFO | Test - Best epoch 113, Loss, MSE, RMSE, MAE: 0.00269, 0.00269, 0.05139, 0.03175
INFO | Time spent: 3.16s
INFO | - Epoch 150, ExpID 22993
INFO | Train - Loss (one batch): 0.00196
INFO | Val - Loss, MSE, RMSE, MAE: 0.00276, 0.00276, 0.05190, 0.03180
INFO | Test - Best epoch 113, Loss, MSE, RMSE, MAE: 0.00269, 0.00269, 0.05140, 0.03175
INFO | Time spent: 3.15s
INFO | - Epoch 151, ExpID 22993
INFO | Train - Loss (one batch): 0.00243
INFO | Val - Loss, MSE, RMSE, MAE: 0.00271, 0.00271, 0.05142, 0.03144
INFO | Test - Best epoch 113, Loss, MSE, RMSE, MAE: 0.00269, 0.00269, 0.05140, 0.03176
INFO | Time spent: 3.17s
INFO | - Epoch 152, ExpID 22993
INFO | Train - Loss (one batch): 0.00203
INFO | Val - Loss, MSE, RMSE, MAE: 0.00273, 0.00273, 0.05161, 0.03200
INFO | Test - Best epoch 113, Loss, MSE, RMSE, MAE: 0.00269, 0.00269, 0.05140, 0.03177
INFO | Time spent: 3.15s
INFO | - Epoch 153, ExpID 22993
INFO | Train - Loss (one batch): 0.00289
INFO | Val - Loss, MSE, RMSE, MAE: 0.00270, 0.00270, 0.05126, 0.03125
INFO | Test - Best epoch 113, Loss, MSE, RMSE, MAE: 0.00269, 0.00269, 0.05139, 0.03176
INFO | Time spent: 3.28s
INFO | - Epoch 154, ExpID 22993
INFO | Train - Loss (one batch): 0.00204
INFO | Val - Loss, MSE, RMSE, MAE: 0.00275, 0.00275, 0.05172, 0.03202
INFO | Test - Best epoch 113, Loss, MSE, RMSE, MAE: 0.00269, 0.00269, 0.05140, 0.03177
INFO | Time spent: 3.25s
INFO | - Epoch 155, ExpID 22993
INFO | Train - Loss (one batch): 0.00239
INFO | Val - Loss, MSE, RMSE, MAE: 0.00274, 0.00274, 0.05163, 0.03182
INFO | Test - Best epoch 113, Loss, MSE, RMSE, MAE: 0.00269, 0.00269, 0.05140, 0.03178
INFO | Time spent: 3.39s
INFO | - Epoch 156, ExpID 22993
INFO | Train - Loss (one batch): 0.00220
INFO | Val - Loss, MSE, RMSE, MAE: 0.00282, 0.00282, 0.05243, 0.03326
INFO | Test - Best epoch 113, Loss, MSE, RMSE, MAE: 0.00269, 0.00269, 0.05143, 0.03181
INFO | Time spent: 3.16s
INFO | - Epoch 157, ExpID 22993
INFO | Train - Loss (one batch): 0.00199
INFO | Val - Loss, MSE, RMSE, MAE: 0.00268, 0.00268, 0.05108, 0.03107
INFO | Test - Best epoch 113, Loss, MSE, RMSE, MAE: 0.00269, 0.00269, 0.05141, 0.03179
INFO | Time spent: 3.16s
INFO | - Epoch 158, ExpID 22993
INFO | Train - Loss (one batch): 0.00252
INFO | Val - Loss, MSE, RMSE, MAE: 0.00276, 0.00276, 0.05189, 0.03215
INFO | Test - Best epoch 113, Loss, MSE, RMSE, MAE: 0.00269, 0.00269, 0.05141, 0.03180
INFO | Time spent: 3.15s
INFO | - Epoch 159, ExpID 22993
INFO | Train - Loss (one batch): 0.00194
INFO | Val - Loss, MSE, RMSE, MAE: 0.00271, 0.00271, 0.05135, 0.03094
INFO | Test - Best epoch 113, Loss, MSE, RMSE, MAE: 0.00269, 0.00269, 0.05140, 0.03178
INFO | Time spent: 3.16s
INFO | - Epoch 160, ExpID 22993
INFO | Train - Loss (one batch): 0.00195
INFO | Val - Loss, MSE, RMSE, MAE: 0.00270, 0.00270, 0.05129, 0.03134
INFO | Test - Best epoch 113, Loss, MSE, RMSE, MAE: 0.00269, 0.00269, 0.05140, 0.03177
INFO | Time spent: 3.16s
INFO | - Epoch 161, ExpID 22993
INFO | Train - Loss (one batch): 0.00299
INFO | Val - Loss, MSE, RMSE, MAE: 0.00268, 0.00268, 0.05113, 0.03130
INFO | Test - Best epoch 113, Loss, MSE, RMSE, MAE: 0.00269, 0.00269, 0.05139, 0.03176
INFO | Time spent: 3.15s
INFO | - Epoch 162, ExpID 22993
INFO | Train - Loss (one batch): 0.00262
INFO | Val - Loss, MSE, RMSE, MAE: 0.00273, 0.00273, 0.05161, 0.03187
INFO | Test - Best epoch 113, Loss, MSE, RMSE, MAE: 0.00269, 0.00269, 0.05140, 0.03177
INFO | Time spent: 3.16s
INFO | - Epoch 163, ExpID 22993
INFO | Train - Loss (one batch): 0.00268
INFO | Val - Loss, MSE, RMSE, MAE: 0.00272, 0.00272, 0.05140, 0.03117
INFO | Test - Best epoch 113, Loss, MSE, RMSE, MAE: 0.00269, 0.00269, 0.05138, 0.03176
INFO | Time spent: 3.16s
INFO | - Epoch 164, ExpID 22993
INFO | Train - Loss (one batch): 0.00209
INFO | Val - Loss, MSE, RMSE, MAE: 0.00274, 0.00274, 0.05168, 0.03172
INFO | Test - Best epoch 113, Loss, MSE, RMSE, MAE: 0.00269, 0.00269, 0.05138, 0.03176
INFO | Time spent: 3.21s
INFO | - Epoch 165, ExpID 22993
INFO | Train - Loss (one batch): 0.00243
INFO | Val - Loss, MSE, RMSE, MAE: 0.00270, 0.00270, 0.05126, 0.03130
INFO | Test - Best epoch 113, Loss, MSE, RMSE, MAE: 0.00269, 0.00269, 0.05138, 0.03175
INFO | Time spent: 3.15s
INFO | - Epoch 166, ExpID 22993
INFO | Train - Loss (one batch): 0.00197
INFO | Val - Loss, MSE, RMSE, MAE: 0.00267, 0.00267, 0.05103, 0.03092
INFO | Test - Best epoch 113, Loss, MSE, RMSE, MAE: 0.00269, 0.00269, 0.05137, 0.03174
INFO | Time spent: 3.16s
INFO | - Epoch 167, ExpID 22993
INFO | Train - Loss (one batch): 0.00228
INFO | Val - Loss, MSE, RMSE, MAE: 0.00270, 0.00270, 0.05122, 0.03101
INFO | Test - Best epoch 113, Loss, MSE, RMSE, MAE: 0.00268, 0.00268, 0.05136, 0.03172
INFO | Time spent: 3.20s
INFO | - Epoch 168, ExpID 22993
INFO | Train - Loss (one batch): 0.00204
INFO | Val - Loss, MSE, RMSE, MAE: 0.00270, 0.00270, 0.05124, 0.03102
INFO | Test - Best epoch 113, Loss, MSE, RMSE, MAE: 0.00268, 0.00268, 0.05135, 0.03171
INFO | Time spent: 3.16s
INFO | - Epoch 169, ExpID 22993
INFO | Train - Loss (one batch): 0.00297
INFO | Val - Loss, MSE, RMSE, MAE: 0.00268, 0.00268, 0.05109, 0.03083
INFO | Test - Best epoch 113, Loss, MSE, RMSE, MAE: 0.00268, 0.00268, 0.05135, 0.03170
INFO | Time spent: 3.15s
INFO | - Epoch 170, ExpID 22993
INFO | Train - Loss (one batch): 0.00229
INFO | Val - Loss, MSE, RMSE, MAE: 0.00271, 0.00271, 0.05139, 0.03162
INFO | Test - Best epoch 113, Loss, MSE, RMSE, MAE: 0.00268, 0.00268, 0.05134, 0.03170
INFO | Time spent: 3.16s
INFO | - Epoch 171, ExpID 22993
INFO | Train - Loss (one batch): 0.00313
INFO | Val - Loss, MSE, RMSE, MAE: 0.00268, 0.00268, 0.05107, 0.03086
INFO | Test - Best epoch 113, Loss, MSE, RMSE, MAE: 0.00268, 0.00268, 0.05133, 0.03169
INFO | Time spent: 3.38s
INFO | - Epoch 172, ExpID 22993
INFO | Train - Loss (one batch): 0.00211
INFO | Val - Loss, MSE, RMSE, MAE: 0.00278, 0.00278, 0.05210, 0.03194
INFO | Test - Best epoch 113, Loss, MSE, RMSE, MAE: 0.00268, 0.00268, 0.05134, 0.03169
INFO | Time spent: 3.16s
INFO | - Epoch 173, ExpID 22993
INFO | Train - Loss (one batch): 0.00248
INFO | Val - Loss, MSE, RMSE, MAE: 0.00267, 0.00267, 0.05103, 0.03077
INFO | Test - Best epoch 113, Loss, MSE, RMSE, MAE: 0.00268, 0.00268, 0.05133, 0.03168
INFO | Time spent: 3.15s
INFO | - Epoch 174, ExpID 22993
INFO | Train - Loss (one batch): 0.00202
INFO | Val - Loss, MSE, RMSE, MAE: 0.00270, 0.00270, 0.05124, 0.03098
INFO | Test - Best epoch 113, Loss, MSE, RMSE, MAE: 0.00268, 0.00268, 0.05133, 0.03167
INFO | Time spent: 3.15s
INFO | - Epoch 175, ExpID 22993
INFO | Train - Loss (one batch): 0.00225
INFO | Val - Loss, MSE, RMSE, MAE: 0.00282, 0.00282, 0.05245, 0.03314
INFO | Test - Best epoch 113, Loss, MSE, RMSE, MAE: 0.00268, 0.00268, 0.05134, 0.03169
INFO | Time spent: 3.16s
INFO | - Epoch 176, ExpID 22993
INFO | Train - Loss (one batch): 0.00194
INFO | Val - Loss, MSE, RMSE, MAE: 0.00277, 0.00277, 0.05197, 0.03257
INFO | Test - Best epoch 113, Loss, MSE, RMSE, MAE: 0.00268, 0.00268, 0.05136, 0.03171
INFO | Time spent: 3.17s
INFO | - Epoch 177, ExpID 22993
INFO | Train - Loss (one batch): 0.00260
INFO | Val - Loss, MSE, RMSE, MAE: 0.00273, 0.00273, 0.05149, 0.03124
INFO | Test - Best epoch 113, Loss, MSE, RMSE, MAE: 0.00268, 0.00268, 0.05135, 0.03171
INFO | Time spent: 3.15s
INFO | - Epoch 178, ExpID 22993
INFO | Train - Loss (one batch): 0.00209
INFO | Val - Loss, MSE, RMSE, MAE: 0.00268, 0.00268, 0.05111, 0.03107
INFO | Test - Best epoch 113, Loss, MSE, RMSE, MAE: 0.00268, 0.00268, 0.05135, 0.03170
INFO | Time spent: 3.15s
INFO | - Epoch 179, ExpID 22993
INFO | Train - Loss (one batch): 0.00233
INFO | Val - Loss, MSE, RMSE, MAE: 0.00272, 0.00272, 0.05145, 0.03103
INFO | Test - Best epoch 113, Loss, MSE, RMSE, MAE: 0.00268, 0.00268, 0.05134, 0.03169
INFO | Time spent: 3.17s
INFO | - Epoch 180, ExpID 22993
INFO | Train - Loss (one batch): 0.00225
INFO | Val - Loss, MSE, RMSE, MAE: 0.00270, 0.00270, 0.05127, 0.03110
INFO | Test - Best epoch 113, Loss, MSE, RMSE, MAE: 0.00268, 0.00268, 0.05134, 0.03168
INFO | Time spent: 3.15s
INFO | - Epoch 181, ExpID 22993
INFO | Train - Loss (one batch): 0.00143
INFO | Val - Loss, MSE, RMSE, MAE: 0.00274, 0.00274, 0.05169, 0.03176
INFO | Test - Best epoch 113, Loss, MSE, RMSE, MAE: 0.00268, 0.00268, 0.05134, 0.03169
INFO | Time spent: 3.15s
INFO | - Epoch 182, ExpID 22993
INFO | Train - Loss (one batch): 0.00205
INFO | Val - Loss, MSE, RMSE, MAE: 0.00268, 0.00268, 0.05104, 0.03093
INFO | Test - Best epoch 113, Loss, MSE, RMSE, MAE: 0.00268, 0.00268, 0.05133, 0.03168
INFO | Time spent: 3.16s
INFO | - Epoch 183, ExpID 22993
INFO | Train - Loss (one batch): 0.00260
INFO | Val - Loss, MSE, RMSE, MAE: 0.00267, 0.00267, 0.05093, 0.03108
INFO | Test - Best epoch 113, Loss, MSE, RMSE, MAE: 0.00268, 0.00268, 0.05133, 0.03167
INFO | Time spent: 3.15s
INFO | - Epoch 184, ExpID 22993
INFO | Train - Loss (one batch): 0.00120
INFO | Val - Loss, MSE, RMSE, MAE: 0.00282, 0.00282, 0.05249, 0.03325
INFO | Test - Best epoch 113, Loss, MSE, RMSE, MAE: 0.00268, 0.00268, 0.05134, 0.03170
INFO | Time spent: 3.15s
INFO | - Epoch 185, ExpID 22993
INFO | Train - Loss (one batch): 0.00181
INFO | Val - Loss, MSE, RMSE, MAE: 0.00270, 0.00270, 0.05131, 0.03128
INFO | Test - Best epoch 113, Loss, MSE, RMSE, MAE: 0.00268, 0.00268, 0.05134, 0.03169
INFO | Time spent: 3.16s
INFO | - Epoch 186, ExpID 22993
INFO | Train - Loss (one batch): 0.00135
INFO | Val - Loss, MSE, RMSE, MAE: 0.00276, 0.00276, 0.05185, 0.03164
INFO | Test - Best epoch 113, Loss, MSE, RMSE, MAE: 0.00268, 0.00268, 0.05134, 0.03169
INFO | Time spent: 3.15s
INFO | - Epoch 187, ExpID 22993
INFO | Train - Loss (one batch): 0.00185
INFO | Val - Loss, MSE, RMSE, MAE: 0.00270, 0.00270, 0.05128, 0.03120
INFO | Test - Best epoch 113, Loss, MSE, RMSE, MAE: 0.00268, 0.00268, 0.05134, 0.03169
INFO | Time spent: 3.16s
INFO | - Epoch 188, ExpID 22993
INFO | Train - Loss (one batch): 0.00211
INFO | Val - Loss, MSE, RMSE, MAE: 0.00275, 0.00275, 0.05178, 0.03203
INFO | Test - Best epoch 113, Loss, MSE, RMSE, MAE: 0.00268, 0.00268, 0.05134, 0.03169
INFO | Time spent: 3.16s
INFO | - Epoch 189, ExpID 22993
INFO | Train - Loss (one batch): 0.00180
INFO | Val - Loss, MSE, RMSE, MAE: 0.00269, 0.00269, 0.05121, 0.03119
INFO | Test - Best epoch 113, Loss, MSE, RMSE, MAE: 0.00268, 0.00268, 0.05134, 0.03169
INFO | Time spent: 3.15s
INFO | - Epoch 190, ExpID 22993
INFO | Train - Loss (one batch): 0.00180
INFO | Val - Loss, MSE, RMSE, MAE: 0.00268, 0.00268, 0.05107, 0.03099
INFO | Test - Best epoch 113, Loss, MSE, RMSE, MAE: 0.00268, 0.00268, 0.05133, 0.03168
INFO | Time spent: 3.15s
INFO | - Epoch 191, ExpID 22993
INFO | Train - Loss (one batch): 0.00172
INFO | Val - Loss, MSE, RMSE, MAE: 0.00273, 0.00273, 0.05157, 0.03197
INFO | Test - Best epoch 113, Loss, MSE, RMSE, MAE: 0.00268, 0.00268, 0.05134, 0.03169
INFO | Time spent: 3.15s
INFO | - Epoch 192, ExpID 22993
INFO | Train - Loss (one batch): 0.00192
INFO | Val - Loss, MSE, RMSE, MAE: 0.00274, 0.00274, 0.05168, 0.03165
INFO | Test - Best epoch 113, Loss, MSE, RMSE, MAE: 0.00268, 0.00268, 0.05134, 0.03169
INFO | Time spent: 3.16s
INFO | - Epoch 193, ExpID 22993
INFO | Train - Loss (one batch): 0.00190
INFO | Val - Loss, MSE, RMSE, MAE: 0.00280, 0.00280, 0.05220, 0.03268
INFO | Test - Best epoch 113, Loss, MSE, RMSE, MAE: 0.00268, 0.00268, 0.05134, 0.03170
INFO | Time spent: 3.15s
INFO | - Epoch 194, ExpID 22993
INFO | Train - Loss (one batch): 0.00260
INFO | Val - Loss, MSE, RMSE, MAE: 0.00277, 0.00277, 0.05191, 0.03195
INFO | Test - Best epoch 113, Loss, MSE, RMSE, MAE: 0.00268, 0.00268, 0.05134, 0.03170
INFO | Time spent: 3.15s
INFO | - Epoch 195, ExpID 22993
INFO | Train - Loss (one batch): 0.00208
INFO | Val - Loss, MSE, RMSE, MAE: 0.00293, 0.00293, 0.05349, 0.03445
INFO | Test - Best epoch 113, Loss, MSE, RMSE, MAE: 0.00268, 0.00268, 0.05136, 0.03173
INFO | Time spent: 3.15s
INFO | - Epoch 196, ExpID 22993
INFO | Train - Loss (one batch): 0.00193
INFO | Val - Loss, MSE, RMSE, MAE: 0.00273, 0.00273, 0.05156, 0.03157
INFO | Test - Best epoch 113, Loss, MSE, RMSE, MAE: 0.00268, 0.00268, 0.05136, 0.03173
INFO | Time spent: 3.16s
INFO | - Epoch 197, ExpID 22993
INFO | Train - Loss (one batch): 0.00198
INFO | Val - Loss, MSE, RMSE, MAE: 0.00274, 0.00274, 0.05158, 0.03143
INFO | Test - Best epoch 113, Loss, MSE, RMSE, MAE: 0.00268, 0.00268, 0.05135, 0.03172
INFO | Time spent: 3.26s
INFO | - Epoch 198, ExpID 22993
INFO | Train - Loss (one batch): 0.00164
INFO | Val - Loss, MSE, RMSE, MAE: 0.00275, 0.00275, 0.05169, 0.03148
INFO | Test - Best epoch 113, Loss, MSE, RMSE, MAE: 0.00268, 0.00268, 0.05135, 0.03172
INFO | Time spent: 3.16s
INFO | - Epoch 199, ExpID 22993
INFO | Train - Loss (one batch): 0.00211
INFO | Val - Loss, MSE, RMSE, MAE: 0.00276, 0.00276, 0.05177, 0.03115
INFO | Test - Best epoch 113, Loss, MSE, RMSE, MAE: 0.00268, 0.00268, 0.05135, 0.03171
INFO | Time spent: 3.14s
INFO | - Epoch 200, ExpID 22993
INFO | Train - Loss (one batch): 0.00228
INFO | Val - Loss, MSE, RMSE, MAE: 0.00277, 0.00277, 0.05196, 0.03189
INFO | Test - Best epoch 113, Loss, MSE, RMSE, MAE: 0.00268, 0.00268, 0.05135, 0.03171
INFO | Time spent: 3.30s
INFO | - Epoch 201, ExpID 22993
INFO | Train - Loss (one batch): 0.00178
INFO | Val - Loss, MSE, RMSE, MAE: 0.00272, 0.00272, 0.05141, 0.03122
INFO | Test - Best epoch 113, Loss, MSE, RMSE, MAE: 0.00268, 0.00268, 0.05135, 0.03171
INFO | Time spent: 3.15s
INFO | - Epoch 202, ExpID 22993
INFO | Train - Loss (one batch): 0.00236
INFO | Val - Loss, MSE, RMSE, MAE: 0.00273, 0.00273, 0.05150, 0.03125
INFO | Test - Best epoch 113, Loss, MSE, RMSE, MAE: 0.00268, 0.00268, 0.05134, 0.03170
INFO | Time spent: 3.16s
INFO | - Epoch 203, ExpID 22993
INFO | Train - Loss (one batch): 0.00147
INFO | Val - Loss, MSE, RMSE, MAE: 0.00277, 0.00277, 0.05190, 0.03167
INFO | Test - Best epoch 113, Loss, MSE, RMSE, MAE: 0.00268, 0.00268, 0.05134, 0.03170
INFO | Time spent: 3.25s
INFO | - Epoch 204, ExpID 22993
INFO | Train - Loss (one batch): 0.00208
INFO | Val - Loss, MSE, RMSE, MAE: 0.00294, 0.00294, 0.05360, 0.03480
INFO | Test - Best epoch 113, Loss, MSE, RMSE, MAE: 0.00269, 0.00269, 0.05137, 0.03173
INFO | Time spent: 3.37s
INFO | - Epoch 205, ExpID 22993
INFO | Train - Loss (one batch): 0.00235
INFO | Val - Loss, MSE, RMSE, MAE: 0.00272, 0.00272, 0.05145, 0.03128
INFO | Test - Best epoch 113, Loss, MSE, RMSE, MAE: 0.00269, 0.00269, 0.05136, 0.03173
INFO | Time spent: 3.15s
INFO | - Epoch 206, ExpID 22993
INFO | Train - Loss (one batch): 0.00176
INFO | Val - Loss, MSE, RMSE, MAE: 0.00282, 0.00282, 0.05244, 0.03301
INFO | Test - Best epoch 113, Loss, MSE, RMSE, MAE: 0.00269, 0.00269, 0.05137, 0.03175
INFO | Time spent: 3.37s
INFO | - Epoch 207, ExpID 22993
INFO | Train - Loss (one batch): 0.00318
INFO | Val - Loss, MSE, RMSE, MAE: 0.00270, 0.00270, 0.05122, 0.03116
INFO | Test - Best epoch 113, Loss, MSE, RMSE, MAE: 0.00269, 0.00269, 0.05137, 0.03174
INFO | Time spent: 3.31s
INFO | - Epoch 208, ExpID 22993
INFO | Train - Loss (one batch): 0.00213
INFO | Val - Loss, MSE, RMSE, MAE: 0.00271, 0.00271, 0.05140, 0.03139
INFO | Test - Best epoch 113, Loss, MSE, RMSE, MAE: 0.00269, 0.00269, 0.05137, 0.03174
INFO | Time spent: 3.15s
INFO | - Epoch 209, ExpID 22993
INFO | Train - Loss (one batch): 0.00213
INFO | Val - Loss, MSE, RMSE, MAE: 0.00271, 0.00271, 0.05140, 0.03137
INFO | Test - Best epoch 113, Loss, MSE, RMSE, MAE: 0.00269, 0.00269, 0.05137, 0.03174
INFO | Time spent: 3.16s
INFO | - Epoch 210, ExpID 22993
INFO | Train - Loss (one batch): 0.00227
INFO | Val - Loss, MSE, RMSE, MAE: 0.00272, 0.00272, 0.05142, 0.03154
INFO | Test - Best epoch 113, Loss, MSE, RMSE, MAE: 0.00269, 0.00269, 0.05136, 0.03174
INFO | Time spent: 3.15s
INFO | - Epoch 211, ExpID 22993
INFO | Train - Loss (one batch): 0.00208
INFO | Val - Loss, MSE, RMSE, MAE: 0.00271, 0.00271, 0.05130, 0.03150
INFO | Test - Best epoch 113, Loss, MSE, RMSE, MAE: 0.00269, 0.00269, 0.05136, 0.03174
INFO | Time spent: 3.46s
INFO | - Epoch 212, ExpID 22993
INFO | Train - Loss (one batch): 0.00278
INFO | Val - Loss, MSE, RMSE, MAE: 0.00272, 0.00272, 0.05145, 0.03109
INFO | Test - Best epoch 113, Loss, MSE, RMSE, MAE: 0.00268, 0.00268, 0.05136, 0.03173
INFO | Time spent: 3.08s
INFO | - Epoch 213, ExpID 22993
INFO | Train - Loss (one batch): 0.00204
INFO | Val - Loss, MSE, RMSE, MAE: 0.00273, 0.00273, 0.05150, 0.03184
INFO | Test - Best epoch 113, Loss, MSE, RMSE, MAE: 0.00268, 0.00268, 0.05136, 0.03173
INFO | Time spent: 3.09s
INFO | - Epoch 214, ExpID 22993
INFO | Train - Loss (one batch): 0.00219
INFO | Val - Loss, MSE, RMSE, MAE: 0.00273, 0.00273, 0.05154, 0.03119
INFO | Test - Best epoch 113, Loss, MSE, RMSE, MAE: 0.00268, 0.00268, 0.05136, 0.03173
INFO | Time spent: 3.10s
INFO | - Epoch 215, ExpID 22993
INFO | Train - Loss (one batch): 0.00222
INFO | Val - Loss, MSE, RMSE, MAE: 0.00274, 0.00274, 0.05163, 0.03127
INFO | Test - Best epoch 113, Loss, MSE, RMSE, MAE: 0.00268, 0.00268, 0.05136, 0.03172
INFO | Time spent: 3.09s
INFO | - Epoch 216, ExpID 22993
INFO | Train - Loss (one batch): 0.00213
INFO | Val - Loss, MSE, RMSE, MAE: 0.00274, 0.00274, 0.05167, 0.03139
INFO | Test - Best epoch 113, Loss, MSE, RMSE, MAE: 0.00268, 0.00268, 0.05135, 0.03172
INFO | Time spent: 3.14s
INFO | - Epoch 217, ExpID 22993
INFO | Train - Loss (one batch): 0.00211
INFO | Val - Loss, MSE, RMSE, MAE: 0.00277, 0.00277, 0.05191, 0.03239
INFO | Test - Best epoch 113, Loss, MSE, RMSE, MAE: 0.00268, 0.00268, 0.05136, 0.03172
INFO | Time spent: 3.15s
INFO | - Epoch 218, ExpID 22993
INFO | Train - Loss (one batch): 0.00191
INFO | Val - Loss, MSE, RMSE, MAE: 0.00278, 0.00278, 0.05202, 0.03176
INFO | Test - Best epoch 113, Loss, MSE, RMSE, MAE: 0.00268, 0.00268, 0.05136, 0.03172
INFO | Time spent: 3.15s
INFO | - Epoch 219, ExpID 22993
INFO | Train - Loss (one batch): 0.00275
INFO | Val - Loss, MSE, RMSE, MAE: 0.00275, 0.00275, 0.05173, 0.03154
INFO | Test - Best epoch 113, Loss, MSE, RMSE, MAE: 0.00268, 0.00268, 0.05136, 0.03172
INFO | Time spent: 3.14s
INFO | - Epoch 220, ExpID 22993
INFO | Train - Loss (one batch): 0.00190
INFO | Val - Loss, MSE, RMSE, MAE: 0.00270, 0.00270, 0.05127, 0.03108
INFO | Test - Best epoch 113, Loss, MSE, RMSE, MAE: 0.00268, 0.00268, 0.05135, 0.03172
INFO | Time spent: 3.30s
INFO | - Epoch 221, ExpID 22993
INFO | Train - Loss (one batch): 0.00165
INFO | Val - Loss, MSE, RMSE, MAE: 0.00269, 0.00269, 0.05112, 0.03086
INFO | Test - Best epoch 113, Loss, MSE, RMSE, MAE: 0.00268, 0.00268, 0.05135, 0.03171
INFO | Time spent: 3.16s
INFO | - Epoch 222, ExpID 22993
INFO | Train - Loss (one batch): 0.00258
INFO | Val - Loss, MSE, RMSE, MAE: 0.00285, 0.00285, 0.05272, 0.03311
INFO | Test - Best epoch 113, Loss, MSE, RMSE, MAE: 0.00268, 0.00268, 0.05136, 0.03172
INFO | Time spent: 3.22s
INFO | - Epoch 223, ExpID 22993
INFO | Train - Loss (one batch): 0.00207
INFO | Val - Loss, MSE, RMSE, MAE: 0.00270, 0.00270, 0.05128, 0.03130
INFO | Test - Best epoch 113, Loss, MSE, RMSE, MAE: 0.00268, 0.00268, 0.05136, 0.03172
INFO | Time spent: 3.16s
INFO | - Epoch 224, ExpID 22993
INFO | Train - Loss (one batch): 0.00200
INFO | Val - Loss, MSE, RMSE, MAE: 0.00274, 0.00274, 0.05166, 0.03173
INFO | Test - Best epoch 113, Loss, MSE, RMSE, MAE: 0.00268, 0.00268, 0.05136, 0.03172
INFO | Time spent: 3.16s
INFO | - Epoch 225, ExpID 22993
INFO | Train - Loss (one batch): 0.00185
INFO | Val - Loss, MSE, RMSE, MAE: 0.00271, 0.00271, 0.05131, 0.03111
INFO | Test - Best epoch 113, Loss, MSE, RMSE, MAE: 0.00268, 0.00268, 0.05135, 0.03172
INFO | Time spent: 3.16s
INFO | - Epoch 226, ExpID 22993
INFO | Train - Loss (one batch): 0.00252
INFO | Val - Loss, MSE, RMSE, MAE: 0.00271, 0.00271, 0.05134, 0.03124
INFO | Test - Best epoch 113, Loss, MSE, RMSE, MAE: 0.00268, 0.00268, 0.05135, 0.03171
INFO | Time spent: 3.16s
INFO | - Epoch 227, ExpID 22993
INFO | Train - Loss (one batch): 0.00184
INFO | Val - Loss, MSE, RMSE, MAE: 0.00272, 0.00272, 0.05144, 0.03135
INFO | Test - Best epoch 113, Loss, MSE, RMSE, MAE: 0.00268, 0.00268, 0.05135, 0.03171
INFO | Time spent: 3.17s
INFO | - Epoch 228, ExpID 22993
INFO | Train - Loss (one batch): 0.00208
INFO | Val - Loss, MSE, RMSE, MAE: 0.00269, 0.00269, 0.05118, 0.03112
INFO | Test - Best epoch 113, Loss, MSE, RMSE, MAE: 0.00268, 0.00268, 0.05135, 0.03171
INFO | Time spent: 3.38s
INFO | - Epoch 229, ExpID 22993
INFO | Train - Loss (one batch): 0.00261
INFO | Val - Loss, MSE, RMSE, MAE: 0.00272, 0.00272, 0.05153, 0.03172
INFO | Test - Best epoch 113, Loss, MSE, RMSE, MAE: 0.00268, 0.00268, 0.05134, 0.03171
INFO | Time spent: 3.16s
INFO | - Epoch 230, ExpID 22993
INFO | Train - Loss (one batch): 0.00168
INFO | Val - Loss, MSE, RMSE, MAE: 0.00273, 0.00273, 0.05151, 0.03155
INFO | Test - Best epoch 113, Loss, MSE, RMSE, MAE: 0.00268, 0.00268, 0.05134, 0.03171
INFO | Time spent: 3.16s
INFO | - Epoch 231, ExpID 22993
INFO | Train - Loss (one batch): 0.00179
INFO | Val - Loss, MSE, RMSE, MAE: 0.00275, 0.00275, 0.05175, 0.03172
INFO | Test - Best epoch 113, Loss, MSE, RMSE, MAE: 0.00268, 0.00268, 0.05135, 0.03171
INFO | Time spent: 3.32s
INFO | - Epoch 232, ExpID 22993
INFO | Train - Loss (one batch): 0.00257
INFO | Val - Loss, MSE, RMSE, MAE: 0.00281, 0.00281, 0.05238, 0.03296
INFO | Test - Best epoch 113, Loss, MSE, RMSE, MAE: 0.00268, 0.00268, 0.05135, 0.03172
INFO | Time spent: 3.39s
INFO | - Epoch 233, ExpID 22993
INFO | Train - Loss (one batch): 0.00178
INFO | Val - Loss, MSE, RMSE, MAE: 0.00277, 0.00277, 0.05187, 0.03173
INFO | Test - Best epoch 113, Loss, MSE, RMSE, MAE: 0.00268, 0.00268, 0.05135, 0.03172
INFO | Time spent: 3.15s
INFO | - Epoch 234, ExpID 22993
INFO | Train - Loss (one batch): 0.00170
INFO | Val - Loss, MSE, RMSE, MAE: 0.00285, 0.00285, 0.05274, 0.03373
INFO | Test - Best epoch 113, Loss, MSE, RMSE, MAE: 0.00268, 0.00268, 0.05136, 0.03174
INFO | Time spent: 3.16s
INFO | - Epoch 235, ExpID 22993
INFO | Train - Loss (one batch): 0.00167
INFO | Val - Loss, MSE, RMSE, MAE: 0.00269, 0.00269, 0.05116, 0.03096
INFO | Test - Best epoch 113, Loss, MSE, RMSE, MAE: 0.00268, 0.00268, 0.05136, 0.03173
INFO | Time spent: 3.15s
INFO | - Epoch 236, ExpID 22993
INFO | Train - Loss (one batch): 0.00215
INFO | Val - Loss, MSE, RMSE, MAE: 0.00275, 0.00275, 0.05173, 0.03137
INFO | Test - Best epoch 113, Loss, MSE, RMSE, MAE: 0.00268, 0.00268, 0.05135, 0.03173
INFO | Time spent: 3.16s
INFO | - Epoch 237, ExpID 22993
INFO | Train - Loss (one batch): 0.00189
INFO | Val - Loss, MSE, RMSE, MAE: 0.00275, 0.00275, 0.05174, 0.03175
INFO | Test - Best epoch 113, Loss, MSE, RMSE, MAE: 0.00268, 0.00268, 0.05136, 0.03173
INFO | Time spent: 3.15s
INFO | - Epoch 238, ExpID 22993
INFO | Train - Loss (one batch): 0.00223
INFO | Val - Loss, MSE, RMSE, MAE: 0.00273, 0.00273, 0.05158, 0.03142
INFO | Test - Best epoch 113, Loss, MSE, RMSE, MAE: 0.00268, 0.00268, 0.05135, 0.03173
INFO | Time spent: 3.15s
INFO | - Epoch 239, ExpID 22993
INFO | Train - Loss (one batch): 0.00236
INFO | Val - Loss, MSE, RMSE, MAE: 0.00277, 0.00277, 0.05193, 0.03249
INFO | Test - Best epoch 113, Loss, MSE, RMSE, MAE: 0.00268, 0.00268, 0.05136, 0.03173
INFO | Time spent: 3.17s
INFO | - Epoch 240, ExpID 22993
INFO | Train - Loss (one batch): 0.00173
INFO | Val - Loss, MSE, RMSE, MAE: 0.00274, 0.00274, 0.05156, 0.03142
INFO | Test - Best epoch 113, Loss, MSE, RMSE, MAE: 0.00268, 0.00268, 0.05136, 0.03173
INFO | Time spent: 3.37s
INFO | - Epoch 241, ExpID 22993
INFO | Train - Loss (one batch): 0.00189
INFO | Val - Loss, MSE, RMSE, MAE: 0.00276, 0.00276, 0.05180, 0.03157
INFO | Test - Best epoch 113, Loss, MSE, RMSE, MAE: 0.00268, 0.00268, 0.05136, 0.03173
INFO | Time spent: 3.15s
INFO | - Epoch 242, ExpID 22993
INFO | Train - Loss (one batch): 0.00203
INFO | Val - Loss, MSE, RMSE, MAE: 0.00278, 0.00278, 0.05201, 0.03226
INFO | Test - Best epoch 113, Loss, MSE, RMSE, MAE: 0.00269, 0.00269, 0.05136, 0.03174
INFO | Time spent: 3.16s
INFO | - Epoch 243, ExpID 22993
INFO | Train - Loss (one batch): 0.00183
INFO | Val - Loss, MSE, RMSE, MAE: 0.00276, 0.00276, 0.05179, 0.03189
INFO | Test - Best epoch 113, Loss, MSE, RMSE, MAE: 0.00269, 0.00269, 0.05136, 0.03174
INFO | Time spent: 3.15s
INFO | - Epoch 244, ExpID 22993
INFO | Train - Loss (one batch): 0.00232
INFO | Val - Loss, MSE, RMSE, MAE: 0.00268, 0.00268, 0.05109, 0.03092
INFO | Test - Best epoch 113, Loss, MSE, RMSE, MAE: 0.00268, 0.00268, 0.05136, 0.03173
INFO | Time spent: 3.34s
INFO | - Epoch 245, ExpID 22993
INFO | Train - Loss (one batch): 0.00259
INFO | Val - Loss, MSE, RMSE, MAE: 0.00273, 0.00273, 0.05153, 0.03166
INFO | Test - Best epoch 113, Loss, MSE, RMSE, MAE: 0.00268, 0.00268, 0.05136, 0.03173
INFO | Time spent: 3.33s
INFO | - Epoch 246, ExpID 22993
INFO | Train - Loss (one batch): 0.00219
INFO | Val - Loss, MSE, RMSE, MAE: 0.00269, 0.00269, 0.05113, 0.03117
INFO | Test - Best epoch 113, Loss, MSE, RMSE, MAE: 0.00268, 0.00268, 0.05135, 0.03173
INFO | Time spent: 3.16s
INFO | - Epoch 247, ExpID 22993
INFO | Train - Loss (one batch): 0.00199
INFO | Val - Loss, MSE, RMSE, MAE: 0.00276, 0.00276, 0.05179, 0.03172
INFO | Test - Best epoch 113, Loss, MSE, RMSE, MAE: 0.00268, 0.00268, 0.05136, 0.03173
INFO | Time spent: 3.15s
INFO | - Epoch 248, ExpID 22993
INFO | Train - Loss (one batch): 0.00191
INFO | Val - Loss, MSE, RMSE, MAE: 0.00274, 0.00274, 0.05164, 0.03159
INFO | Test - Best epoch 113, Loss, MSE, RMSE, MAE: 0.00269, 0.00269, 0.05136, 0.03173
INFO | Time spent: 3.16s
INFO | - Epoch 249, ExpID 22993
INFO | Train - Loss (one batch): 0.00225
INFO | Val - Loss, MSE, RMSE, MAE: 0.00268, 0.00268, 0.05106, 0.03096
INFO | Test - Best epoch 113, Loss, MSE, RMSE, MAE: 0.00268, 0.00268, 0.05136, 0.03173
INFO | Time spent: 3.15s
INFO | - Epoch 250, ExpID 22993
INFO | Train - Loss (one batch): 0.00113
INFO | Val - Loss, MSE, RMSE, MAE: 0.00275, 0.00275, 0.05170, 0.03179
INFO | Test - Best epoch 113, Loss, MSE, RMSE, MAE: 0.00268, 0.00268, 0.05136, 0.03173
INFO | Time spent: 3.16s
INFO | - Epoch 251, ExpID 22993
INFO | Train - Loss (one batch): 0.00188
INFO | Val - Loss, MSE, RMSE, MAE: 0.00270, 0.00270, 0.05121, 0.03106
INFO | Test - Best epoch 113, Loss, MSE, RMSE, MAE: 0.00268, 0.00268, 0.05135, 0.03172
INFO | Time spent: 3.17s
INFO | - Epoch 252, ExpID 22993
INFO | Train - Loss (one batch): 0.00185
INFO | Val - Loss, MSE, RMSE, MAE: 0.00272, 0.00272, 0.05138, 0.03109
INFO | Test - Best epoch 113, Loss, MSE, RMSE, MAE: 0.00268, 0.00268, 0.05135, 0.03172
INFO | Time spent: 3.16s
INFO | - Epoch 253, ExpID 22993
INFO | Train - Loss (one batch): 0.00155
INFO | Val - Loss, MSE, RMSE, MAE: 0.00272, 0.00272, 0.05141, 0.03151
INFO | Test - Best epoch 113, Loss, MSE, RMSE, MAE: 0.00268, 0.00268, 0.05135, 0.03172
INFO | Time spent: 3.18s
INFO | - Epoch 254, ExpID 22993
INFO | Train - Loss (one batch): 0.00197
INFO | Val - Loss, MSE, RMSE, MAE: 0.00276, 0.00276, 0.05184, 0.03187
INFO | Test - Best epoch 113, Loss, MSE, RMSE, MAE: 0.00268, 0.00268, 0.05135, 0.03172
INFO | Time spent: 3.16s
INFO | - Epoch 255, ExpID 22993
INFO | Train - Loss (one batch): 0.00194
INFO | Val - Loss, MSE, RMSE, MAE: 0.00276, 0.00276, 0.05181, 0.03230
INFO | Test - Best epoch 113, Loss, MSE, RMSE, MAE: 0.00268, 0.00268, 0.05136, 0.03173
INFO | Time spent: 3.38s
INFO | - Epoch 256, ExpID 22993
INFO | Train - Loss (one batch): 0.00226
INFO | Val - Loss, MSE, RMSE, MAE: 0.00277, 0.00277, 0.05191, 0.03196
INFO | Test - Best epoch 113, Loss, MSE, RMSE, MAE: 0.00269, 0.00269, 0.05136, 0.03173
INFO | Time spent: 3.15s
INFO | - Epoch 257, ExpID 22993
INFO | Train - Loss (one batch): 0.00140
INFO | Val - Loss, MSE, RMSE, MAE: 0.00271, 0.00271, 0.05139, 0.03125
INFO | Test - Best epoch 113, Loss, MSE, RMSE, MAE: 0.00268, 0.00268, 0.05136, 0.03173
INFO | Time spent: 3.16s
INFO | - Epoch 258, ExpID 22993
INFO | Train - Loss (one batch): 0.00268
INFO | Val - Loss, MSE, RMSE, MAE: 0.00274, 0.00274, 0.05164, 0.03149
INFO | Test - Best epoch 113, Loss, MSE, RMSE, MAE: 0.00269, 0.00269, 0.05136, 0.03173
INFO | Time spent: 3.16s
INFO | - Epoch 259, ExpID 22993
INFO | Train - Loss (one batch): 0.00166
INFO | Val - Loss, MSE, RMSE, MAE: 0.00277, 0.00277, 0.05196, 0.03185
INFO | Test - Best epoch 113, Loss, MSE, RMSE, MAE: 0.00269, 0.00269, 0.05136, 0.03173
INFO | Time spent: 3.15s
INFO | - Epoch 260, ExpID 22993
INFO | Train - Loss (one batch): 0.00211
INFO | Val - Loss, MSE, RMSE, MAE: 0.00274, 0.00274, 0.05163, 0.03164
INFO | Test - Best epoch 113, Loss, MSE, RMSE, MAE: 0.00269, 0.00269, 0.05136, 0.03173
INFO | Time spent: 3.16s
INFO | - Epoch 261, ExpID 22993
INFO | Train - Loss (one batch): 0.00208
INFO | Val - Loss, MSE, RMSE, MAE: 0.00276, 0.00276, 0.05174, 0.03158
INFO | Test - Best epoch 113, Loss, MSE, RMSE, MAE: 0.00269, 0.00269, 0.05136, 0.03173
INFO | Time spent: 3.17s
INFO | - Epoch 262, ExpID 22993
INFO | Train - Loss (one batch): 0.00190
INFO | Val - Loss, MSE, RMSE, MAE: 0.00273, 0.00273, 0.05155, 0.03167
INFO | Test - Best epoch 113, Loss, MSE, RMSE, MAE: 0.00269, 0.00269, 0.05136, 0.03173
INFO | Time spent: 3.16s
INFO | - Epoch 263, ExpID 22993
INFO | Train - Loss (one batch): 0.00217
INFO | Val - Loss, MSE, RMSE, MAE: 0.00273, 0.00273, 0.05153, 0.03133
INFO | Test - Best epoch 113, Loss, MSE, RMSE, MAE: 0.00269, 0.00269, 0.05136, 0.03173
INFO | Time spent: 3.15s
INFO | - Epoch 264, ExpID 22993
INFO | Train - Loss (one batch): 0.00242
INFO | Val - Loss, MSE, RMSE, MAE: 0.00272, 0.00272, 0.05137, 0.03121
INFO | Test - Best epoch 113, Loss, MSE, RMSE, MAE: 0.00269, 0.00269, 0.05136, 0.03172
INFO | Time spent: 3.20s
INFO | - Epoch 265, ExpID 22993
INFO | Train - Loss (one batch): 0.00209
INFO | Val - Loss, MSE, RMSE, MAE: 0.00275, 0.00275, 0.05172, 0.03134
INFO | Test - Best epoch 113, Loss, MSE, RMSE, MAE: 0.00269, 0.00269, 0.05136, 0.03172
INFO | Time spent: 3.26s
INFO | - Epoch 266, ExpID 22993
INFO | Train - Loss (one batch): 0.00171
INFO | Val - Loss, MSE, RMSE, MAE: 0.00277, 0.00277, 0.05191, 0.03202
INFO | Test - Best epoch 113, Loss, MSE, RMSE, MAE: 0.00269, 0.00269, 0.05136, 0.03173
INFO | Time spent: 3.27s
INFO | - Epoch 267, ExpID 22993
INFO | Train - Loss (one batch): 0.00190
INFO | Val - Loss, MSE, RMSE, MAE: 0.00275, 0.00275, 0.05167, 0.03174
INFO | Test - Best epoch 113, Loss, MSE, RMSE, MAE: 0.00269, 0.00269, 0.05136, 0.03172
INFO | Time spent: 3.21s
INFO | - Epoch 268, ExpID 22993
INFO | Train - Loss (one batch): 0.00251
INFO | Val - Loss, MSE, RMSE, MAE: 0.00273, 0.00273, 0.05152, 0.03142
INFO | Test - Best epoch 113, Loss, MSE, RMSE, MAE: 0.00269, 0.00269, 0.05136, 0.03172
INFO | Time spent: 3.15s
INFO | - Epoch 269, ExpID 22993
INFO | Train - Loss (one batch): 0.00221
INFO | Val - Loss, MSE, RMSE, MAE: 0.00282, 0.00282, 0.05238, 0.03268
INFO | Test - Best epoch 113, Loss, MSE, RMSE, MAE: 0.00269, 0.00269, 0.05137, 0.03173
INFO | Time spent: 3.16s
INFO | - Epoch 270, ExpID 22993
INFO | Train - Loss (one batch): 0.00227
INFO | Val - Loss, MSE, RMSE, MAE: 0.00270, 0.00270, 0.05127, 0.03105
INFO | Test - Best epoch 113, Loss, MSE, RMSE, MAE: 0.00269, 0.00269, 0.05137, 0.03173
INFO | Time spent: 3.16s
INFO | - Epoch 271, ExpID 22993
INFO | Train - Loss (one batch): 0.00160
INFO | Val - Loss, MSE, RMSE, MAE: 0.00274, 0.00274, 0.05163, 0.03140
INFO | Test - Best epoch 113, Loss, MSE, RMSE, MAE: 0.00269, 0.00269, 0.05137, 0.03172
INFO | Time spent: 3.35s
INFO | - Epoch 272, ExpID 22993
INFO | Train - Loss (one batch): 0.00185
INFO | Val - Loss, MSE, RMSE, MAE: 0.00274, 0.00274, 0.05163, 0.03160
INFO | Test - Best epoch 113, Loss, MSE, RMSE, MAE: 0.00269, 0.00269, 0.05137, 0.03172
INFO | Time spent: 3.16s
INFO | - Epoch 273, ExpID 22993
INFO | Train - Loss (one batch): 0.00209
INFO | Val - Loss, MSE, RMSE, MAE: 0.00277, 0.00277, 0.05185, 0.03163
INFO | Test - Best epoch 113, Loss, MSE, RMSE, MAE: 0.00269, 0.00269, 0.05137, 0.03172
INFO | Time spent: 3.15s
INFO | - Epoch 274, ExpID 22993
INFO | Train - Loss (one batch): 0.00203
INFO | Val - Loss, MSE, RMSE, MAE: 0.00274, 0.00274, 0.05167, 0.03184
INFO | Test - Best epoch 113, Loss, MSE, RMSE, MAE: 0.00269, 0.00269, 0.05137, 0.03173
INFO | Time spent: 3.15s
INFO | - Epoch 275, ExpID 22993
INFO | Train - Loss (one batch): 0.00199
INFO | Val - Loss, MSE, RMSE, MAE: 0.00280, 0.00280, 0.05218, 0.03241
INFO | Test - Best epoch 113, Loss, MSE, RMSE, MAE: 0.00269, 0.00269, 0.05138, 0.03173
INFO | Time spent: 3.16s
INFO | - Epoch 276, ExpID 22993
INFO | Train - Loss (one batch): 0.00118
INFO | Val - Loss, MSE, RMSE, MAE: 0.00275, 0.00275, 0.05173, 0.03178
INFO | Test - Best epoch 113, Loss, MSE, RMSE, MAE: 0.00269, 0.00269, 0.05138, 0.03173
INFO | Time spent: 3.16s
INFO | - Epoch 277, ExpID 22993
INFO | Train - Loss (one batch): 0.00247
INFO | Val - Loss, MSE, RMSE, MAE: 0.00271, 0.00271, 0.05132, 0.03117
INFO | Test - Best epoch 113, Loss, MSE, RMSE, MAE: 0.00269, 0.00269, 0.05138, 0.03173
INFO | Time spent: 3.15s
INFO | - Epoch 278, ExpID 22993
INFO | Train - Loss (one batch): 0.00211
INFO | Val - Loss, MSE, RMSE, MAE: 0.00270, 0.00270, 0.05126, 0.03123
INFO | Test - Best epoch 113, Loss, MSE, RMSE, MAE: 0.00269, 0.00269, 0.05137, 0.03173
INFO | Time spent: 3.16s
INFO | - Epoch 279, ExpID 22993
INFO | Train - Loss (one batch): 0.00161
INFO | Val - Loss, MSE, RMSE, MAE: 0.00275, 0.00275, 0.05170, 0.03155
INFO | Test - Best epoch 113, Loss, MSE, RMSE, MAE: 0.00269, 0.00269, 0.05137, 0.03173
INFO | Time spent: 3.15s
INFO | - Epoch 280, ExpID 22993
INFO | Train - Loss (one batch): 0.00201
INFO | Val - Loss, MSE, RMSE, MAE: 0.00272, 0.00272, 0.05140, 0.03149
INFO | Test - Best epoch 113, Loss, MSE, RMSE, MAE: 0.00269, 0.00269, 0.05137, 0.03173
INFO | Time spent: 3.15s
INFO | - Epoch 281, ExpID 22993
INFO | Train - Loss (one batch): 0.00197
INFO | Val - Loss, MSE, RMSE, MAE: 0.00279, 0.00279, 0.05209, 0.03245
INFO | Test - Best epoch 113, Loss, MSE, RMSE, MAE: 0.00269, 0.00269, 0.05138, 0.03173
INFO | Time spent: 3.16s
INFO | - Epoch 282, ExpID 22993
INFO | Train - Loss (one batch): 0.00164
INFO | Val - Loss, MSE, RMSE, MAE: 0.00283, 0.00283, 0.05245, 0.03253
INFO | Test - Best epoch 113, Loss, MSE, RMSE, MAE: 0.00269, 0.00269, 0.05138, 0.03174
INFO | Time spent: 3.15s
INFO | - Epoch 283, ExpID 22993
INFO | Train - Loss (one batch): 0.00194
INFO | Val - Loss, MSE, RMSE, MAE: 0.00274, 0.00274, 0.05166, 0.03179
INFO | Test - Best epoch 113, Loss, MSE, RMSE, MAE: 0.00269, 0.00269, 0.05138, 0.03174
INFO | Time spent: 3.15s
INFO | - Epoch 284, ExpID 22993
INFO | Train - Loss (one batch): 0.00209
INFO | Val - Loss, MSE, RMSE, MAE: 0.00271, 0.00271, 0.05136, 0.03126
INFO | Test - Best epoch 113, Loss, MSE, RMSE, MAE: 0.00269, 0.00269, 0.05138, 0.03174
INFO | Time spent: 3.15s
INFO | - Epoch 285, ExpID 22993
INFO | Train - Loss (one batch): 0.00224
INFO | Val - Loss, MSE, RMSE, MAE: 0.00275, 0.00275, 0.05174, 0.03137
INFO | Test - Best epoch 113, Loss, MSE, RMSE, MAE: 0.00269, 0.00269, 0.05138, 0.03173
INFO | Time spent: 3.16s
INFO | - Epoch 286, ExpID 22993
INFO | Train - Loss (one batch): 0.00196
INFO | Val - Loss, MSE, RMSE, MAE: 0.00279, 0.00279, 0.05216, 0.03220
INFO | Test - Best epoch 113, Loss, MSE, RMSE, MAE: 0.00269, 0.00269, 0.05138, 0.03174
INFO | Time spent: 3.17s
INFO | - Epoch 287, ExpID 22993
INFO | Train - Loss (one batch): 0.00184
INFO | Val - Loss, MSE, RMSE, MAE: 0.00272, 0.00272, 0.05136, 0.03143
INFO | Test - Best epoch 113, Loss, MSE, RMSE, MAE: 0.00269, 0.00269, 0.05138, 0.03174
INFO | Time spent: 3.16s
INFO | - Epoch 288, ExpID 22993
INFO | Train - Loss (one batch): 0.00200
INFO | Val - Loss, MSE, RMSE, MAE: 0.00280, 0.00280, 0.05225, 0.03273
INFO | Test - Best epoch 113, Loss, MSE, RMSE, MAE: 0.00269, 0.00269, 0.05139, 0.03174
INFO | Time spent: 3.16s
INFO | - Epoch 289, ExpID 22993
INFO | Train - Loss (one batch): 0.00202
INFO | Val - Loss, MSE, RMSE, MAE: 0.00273, 0.00273, 0.05153, 0.03145
INFO | Test - Best epoch 113, Loss, MSE, RMSE, MAE: 0.00269, 0.00269, 0.05139, 0.03174
INFO | Time spent: 3.16s
INFO | - Epoch 290, ExpID 22993
INFO | Train - Loss (one batch): 0.00162
INFO | Val - Loss, MSE, RMSE, MAE: 0.00274, 0.00274, 0.05162, 0.03176
INFO | Test - Best epoch 113, Loss, MSE, RMSE, MAE: 0.00269, 0.00269, 0.05139, 0.03174
INFO | Time spent: 3.15s
INFO | - Epoch 291, ExpID 22993
INFO | Train - Loss (one batch): 0.00200
INFO | Val - Loss, MSE, RMSE, MAE: 0.00273, 0.00273, 0.05152, 0.03153
INFO | Test - Best epoch 113, Loss, MSE, RMSE, MAE: 0.00269, 0.00269, 0.05139, 0.03174
INFO | Time spent: 3.47s
INFO | - Epoch 292, ExpID 22993
INFO | Train - Loss (one batch): 0.00194
INFO | Val - Loss, MSE, RMSE, MAE: 0.00273, 0.00273, 0.05151, 0.03132
INFO | Test - Best epoch 113, Loss, MSE, RMSE, MAE: 0.00269, 0.00269, 0.05139, 0.03174
INFO | Time spent: 3.17s
INFO | - Epoch 293, ExpID 22993
INFO | Train - Loss (one batch): 0.00181
INFO | Val - Loss, MSE, RMSE, MAE: 0.00278, 0.00278, 0.05197, 0.03194
INFO | Test - Best epoch 113, Loss, MSE, RMSE, MAE: 0.00269, 0.00269, 0.05139, 0.03174
INFO | Time spent: 3.15s
INFO | - Epoch 294, ExpID 22993
INFO | Train - Loss (one batch): 0.00178
INFO | Val - Loss, MSE, RMSE, MAE: 0.00275, 0.00275, 0.05170, 0.03168
INFO | Test - Best epoch 113, Loss, MSE, RMSE, MAE: 0.00269, 0.00269, 0.05139, 0.03174
INFO | Time spent: 3.16s
INFO | - Epoch 295, ExpID 22993
INFO | Train - Loss (one batch): 0.00150
INFO | Val - Loss, MSE, RMSE, MAE: 0.00272, 0.00272, 0.05143, 0.03157
INFO | Test - Best epoch 113, Loss, MSE, RMSE, MAE: 0.00269, 0.00269, 0.05139, 0.03174
INFO | Time spent: 3.17s
INFO | - Epoch 296, ExpID 22993
INFO | Train - Loss (one batch): 0.00193
INFO | Val - Loss, MSE, RMSE, MAE: 0.00276, 0.00276, 0.05182, 0.03194
INFO | Test - Best epoch 113, Loss, MSE, RMSE, MAE: 0.00269, 0.00269, 0.05139, 0.03174
INFO | Time spent: 3.25s
INFO | - Epoch 297, ExpID 22993
INFO | Train - Loss (one batch): 0.00198
INFO | Val - Loss, MSE, RMSE, MAE: 0.00279, 0.00279, 0.05215, 0.03211
INFO | Test - Best epoch 113, Loss, MSE, RMSE, MAE: 0.00269, 0.00269, 0.05139, 0.03175
INFO | Time spent: 3.15s
INFO | - Epoch 298, ExpID 22993
INFO | Train - Loss (one batch): 0.00184
INFO | Val - Loss, MSE, RMSE, MAE: 0.00274, 0.00274, 0.05157, 0.03115
INFO | Test - Best epoch 113, Loss, MSE, RMSE, MAE: 0.00269, 0.00269, 0.05139, 0.03174
INFO | Time spent: 3.15s
INFO | - Epoch 299, ExpID 22993
INFO | Train - Loss (one batch): 0.00188
INFO | Val - Loss, MSE, RMSE, MAE: 0.00272, 0.00272, 0.05140, 0.03154
INFO | Test - Best epoch 113, Loss, MSE, RMSE, MAE: 0.00269, 0.00269, 0.05140, 0.03175
INFO | Time spent: 3.15s
INFO | - Epoch 000, ExpID 77295
INFO | Train - Loss (one batch): 0.01379
INFO | Val - Loss, MSE, RMSE, MAE: 0.01482, 0.01482, 0.12060, 0.09356
INFO | Test - Best epoch 0, Loss, MSE, RMSE, MAE: 0.01403, 0.01403, 0.11735, 0.09144
INFO | Time spent: 4.57s
INFO | - Epoch 001, ExpID 77295
INFO | Train - Loss (one batch): 0.00475
INFO | Val - Loss, MSE, RMSE, MAE: 0.00534, 0.00534, 0.07271, 0.05381
INFO | Test - Best epoch 1, Loss, MSE, RMSE, MAE: 0.00499, 0.00499, 0.07027, 0.05208
INFO | Time spent: 3.36s
INFO | - Epoch 002, ExpID 77295
INFO | Train - Loss (one batch): 0.00398
INFO | Val - Loss, MSE, RMSE, MAE: 0.00382, 0.00382, 0.06130, 0.04183
INFO | Test - Best epoch 2, Loss, MSE, RMSE, MAE: 0.00367, 0.00367, 0.06019, 0.04116
INFO | Time spent: 3.63s
INFO | - Epoch 003, ExpID 77295
INFO | Train - Loss (one batch): 0.00299
INFO | Val - Loss, MSE, RMSE, MAE: 0.00430, 0.00430, 0.06505, 0.04559
INFO | Test - Best epoch 2, Loss, MSE, RMSE, MAE: 0.00389, 0.00389, 0.06201, 0.04302
INFO | Time spent: 3.34s
INFO | - Epoch 004, ExpID 77295
INFO | Train - Loss (one batch): 0.00264
INFO | Val - Loss, MSE, RMSE, MAE: 0.00359, 0.00359, 0.05933, 0.03871
INFO | Test - Best epoch 4, Loss, MSE, RMSE, MAE: 0.00341, 0.00341, 0.05801, 0.03800
INFO | Time spent: 3.34s
INFO | - Epoch 005, ExpID 77295
INFO | Train - Loss (one batch): 0.00330
INFO | Val - Loss, MSE, RMSE, MAE: 0.00331, 0.00331, 0.05679, 0.03522
INFO | Test - Best epoch 5, Loss, MSE, RMSE, MAE: 0.00312, 0.00312, 0.05540, 0.03448
INFO | Time spent: 3.36s
INFO | - Epoch 006, ExpID 77295
INFO | Train - Loss (one batch): 0.00337
INFO | Val - Loss, MSE, RMSE, MAE: 0.00328, 0.00328, 0.05655, 0.03530
INFO | Test - Best epoch 6, Loss, MSE, RMSE, MAE: 0.00310, 0.00310, 0.05522, 0.03466
INFO | Time spent: 3.35s
INFO | - Epoch 007, ExpID 77295
INFO | Train - Loss (one batch): 0.00261
INFO | Val - Loss, MSE, RMSE, MAE: 0.00331, 0.00331, 0.05689, 0.03617
INFO | Test - Best epoch 6, Loss, MSE, RMSE, MAE: 0.00312, 0.00312, 0.05541, 0.03511
INFO | Time spent: 3.35s
INFO | - Epoch 008, ExpID 77295
INFO | Train - Loss (one batch): 0.00266
INFO | Val - Loss, MSE, RMSE, MAE: 0.00336, 0.00336, 0.05723, 0.03610
INFO | Test - Best epoch 6, Loss, MSE, RMSE, MAE: 0.00314, 0.00314, 0.05555, 0.03519
INFO | Time spent: 3.35s
INFO | - Epoch 009, ExpID 77295
INFO | Train - Loss (one batch): 0.00312
INFO | Val - Loss, MSE, RMSE, MAE: 0.00307, 0.00307, 0.05475, 0.03420
INFO | Test - Best epoch 9, Loss, MSE, RMSE, MAE: 0.00292, 0.00292, 0.05359, 0.03374
INFO | Time spent: 3.34s
INFO | - Epoch 010, ExpID 77295
INFO | Train - Loss (one batch): 0.00235
INFO | Val - Loss, MSE, RMSE, MAE: 0.00317, 0.00317, 0.05562, 0.03486
INFO | Test - Best epoch 9, Loss, MSE, RMSE, MAE: 0.00296, 0.00296, 0.05400, 0.03406
INFO | Time spent: 3.39s
INFO | - Epoch 011, ExpID 77295
INFO | Train - Loss (one batch): 0.00252
INFO | Val - Loss, MSE, RMSE, MAE: 0.00306, 0.00306, 0.05464, 0.03371
INFO | Test - Best epoch 11, Loss, MSE, RMSE, MAE: 0.00290, 0.00290, 0.05342, 0.03316
INFO | Time spent: 3.35s
INFO | - Epoch 012, ExpID 77295
INFO | Train - Loss (one batch): 0.00291
INFO | Val - Loss, MSE, RMSE, MAE: 0.00320, 0.00320, 0.05591, 0.03556
INFO | Test - Best epoch 11, Loss, MSE, RMSE, MAE: 0.00297, 0.00297, 0.05402, 0.03406
INFO | Time spent: 3.32s
INFO | - Epoch 013, ExpID 77295
INFO | Train - Loss (one batch): 0.00229
INFO | Val - Loss, MSE, RMSE, MAE: 0.00315, 0.00315, 0.05551, 0.03484
INFO | Test - Best epoch 11, Loss, MSE, RMSE, MAE: 0.00298, 0.00298, 0.05414, 0.03417
INFO | Time spent: 3.33s
INFO | - Epoch 014, ExpID 77295
INFO | Train - Loss (one batch): 0.00218
INFO | Val - Loss, MSE, RMSE, MAE: 0.00313, 0.00313, 0.05525, 0.03491
INFO | Test - Best epoch 11, Loss, MSE, RMSE, MAE: 0.00298, 0.00298, 0.05413, 0.03424
INFO | Time spent: 3.34s
INFO | - Epoch 015, ExpID 77295
INFO | Train - Loss (one batch): 0.00243
INFO | Val - Loss, MSE, RMSE, MAE: 0.00338, 0.00338, 0.05749, 0.03891
INFO | Test - Best epoch 11, Loss, MSE, RMSE, MAE: 0.00302, 0.00302, 0.05454, 0.03503
INFO | Time spent: 3.35s
INFO | - Epoch 016, ExpID 77295
INFO | Train - Loss (one batch): 0.00356
INFO | Val - Loss, MSE, RMSE, MAE: 0.00301, 0.00301, 0.05418, 0.03325
INFO | Test - Best epoch 16, Loss, MSE, RMSE, MAE: 0.00286, 0.00286, 0.05301, 0.03275
INFO | Time spent: 3.33s
INFO | - Epoch 017, ExpID 77295
INFO | Train - Loss (one batch): 0.00283
INFO | Val - Loss, MSE, RMSE, MAE: 0.00349, 0.00349, 0.05847, 0.04038
INFO | Test - Best epoch 16, Loss, MSE, RMSE, MAE: 0.00309, 0.00309, 0.05511, 0.03618
INFO | Time spent: 3.30s
INFO | - Epoch 018, ExpID 77295
INFO | Train - Loss (one batch): 0.00307
INFO | Val - Loss, MSE, RMSE, MAE: 0.00317, 0.00317, 0.05572, 0.03608
INFO | Test - Best epoch 16, Loss, MSE, RMSE, MAE: 0.00308, 0.00308, 0.05502, 0.03608
INFO | Time spent: 3.31s
INFO | - Epoch 019, ExpID 77295
INFO | Train - Loss (one batch): 0.00260
INFO | Val - Loss, MSE, RMSE, MAE: 0.00306, 0.00306, 0.05462, 0.03415
INFO | Test - Best epoch 16, Loss, MSE, RMSE, MAE: 0.00303, 0.00303, 0.05463, 0.03545
INFO | Time spent: 3.28s
INFO | - Epoch 020, ExpID 77295
INFO | Train - Loss (one batch): 0.00297
INFO | Val - Loss, MSE, RMSE, MAE: 0.00305, 0.00305, 0.05453, 0.03403
INFO | Test - Best epoch 16, Loss, MSE, RMSE, MAE: 0.00301, 0.00301, 0.05439, 0.03506
INFO | Time spent: 3.31s
INFO | - Epoch 021, ExpID 77295
INFO | Train - Loss (one batch): 0.00360
INFO | Val - Loss, MSE, RMSE, MAE: 0.00313, 0.00313, 0.05528, 0.03578
INFO | Test - Best epoch 16, Loss, MSE, RMSE, MAE: 0.00300, 0.00300, 0.05434, 0.03509
INFO | Time spent: 3.29s
INFO | - Epoch 022, ExpID 77295
INFO | Train - Loss (one batch): 0.00223
INFO | Val - Loss, MSE, RMSE, MAE: 0.00393, 0.00393, 0.06218, 0.04547
INFO | Test - Best epoch 16, Loss, MSE, RMSE, MAE: 0.00311, 0.00311, 0.05528, 0.03645
INFO | Time spent: 3.30s
INFO | - Epoch 023, ExpID 77295
INFO | Train - Loss (one batch): 0.00331
INFO | Val - Loss, MSE, RMSE, MAE: 0.00302, 0.00302, 0.05432, 0.03378
INFO | Test - Best epoch 16, Loss, MSE, RMSE, MAE: 0.00308, 0.00308, 0.05500, 0.03603
INFO | Time spent: 3.31s
INFO | - Epoch 024, ExpID 77295
INFO | Train - Loss (one batch): 0.00252
INFO | Val - Loss, MSE, RMSE, MAE: 0.00309, 0.00309, 0.05493, 0.03454
INFO | Test - Best epoch 16, Loss, MSE, RMSE, MAE: 0.00306, 0.00306, 0.05487, 0.03581
INFO | Time spent: 3.30s
INFO | - Epoch 025, ExpID 77295
INFO | Train - Loss (one batch): 0.00288
INFO | Val - Loss, MSE, RMSE, MAE: 0.00312, 0.00312, 0.05524, 0.03568
INFO | Test - Best epoch 16, Loss, MSE, RMSE, MAE: 0.00305, 0.00305, 0.05479, 0.03574
INFO | Time spent: 3.29s
INFO | - Epoch 026, ExpID 77295
INFO | Train - Loss (one batch): 0.00284
INFO | Val - Loss, MSE, RMSE, MAE: 0.00297, 0.00297, 0.05386, 0.03311
INFO | Test - Best epoch 26, Loss, MSE, RMSE, MAE: 0.00283, 0.00283, 0.05271, 0.03257
INFO | Time spent: 3.29s
INFO | - Epoch 027, ExpID 77295
INFO | Train - Loss (one batch): 0.00276
INFO | Val - Loss, MSE, RMSE, MAE: 0.00302, 0.00302, 0.05428, 0.03423
INFO | Test - Best epoch 26, Loss, MSE, RMSE, MAE: 0.00285, 0.00285, 0.05291, 0.03313
INFO | Time spent: 3.31s
INFO | - Epoch 028, ExpID 77295
INFO | Train - Loss (one batch): 0.00286
INFO | Val - Loss, MSE, RMSE, MAE: 0.00316, 0.00316, 0.05564, 0.03595
INFO | Test - Best epoch 26, Loss, MSE, RMSE, MAE: 0.00291, 0.00291, 0.05348, 0.03392
INFO | Time spent: 3.31s
INFO | - Epoch 029, ExpID 77295
INFO | Train - Loss (one batch): 0.00258
INFO | Val - Loss, MSE, RMSE, MAE: 0.00313, 0.00313, 0.05535, 0.03484
INFO | Test - Best epoch 26, Loss, MSE, RMSE, MAE: 0.00292, 0.00292, 0.05362, 0.03395
INFO | Time spent: 3.30s
INFO | - Epoch 030, ExpID 77295
INFO | Train - Loss (one batch): 0.00272
INFO | Val - Loss, MSE, RMSE, MAE: 0.00299, 0.00299, 0.05406, 0.03372
INFO | Test - Best epoch 26, Loss, MSE, RMSE, MAE: 0.00291, 0.00291, 0.05348, 0.03379
INFO | Time spent: 3.28s
INFO | - Epoch 031, ExpID 77295
INFO | Train - Loss (one batch): 0.00347
INFO | Val - Loss, MSE, RMSE, MAE: 0.00296, 0.00296, 0.05376, 0.03332
INFO | Test - Best epoch 31, Loss, MSE, RMSE, MAE: 0.00282, 0.00282, 0.05264, 0.03277
INFO | Time spent: 3.32s
INFO | - Epoch 032, ExpID 77295
INFO | Train - Loss (one batch): 0.00323
INFO | Val - Loss, MSE, RMSE, MAE: 0.00316, 0.00316, 0.05557, 0.03647
INFO | Test - Best epoch 31, Loss, MSE, RMSE, MAE: 0.00291, 0.00291, 0.05347, 0.03427
INFO | Time spent: 3.31s
INFO | - Epoch 033, ExpID 77295
INFO | Train - Loss (one batch): 0.00241
INFO | Val - Loss, MSE, RMSE, MAE: 0.00315, 0.00315, 0.05554, 0.03611
INFO | Test - Best epoch 31, Loss, MSE, RMSE, MAE: 0.00294, 0.00294, 0.05374, 0.03466
INFO | Time spent: 3.29s
INFO | - Epoch 034, ExpID 77295
INFO | Train - Loss (one batch): 0.00230
INFO | Val - Loss, MSE, RMSE, MAE: 0.00296, 0.00296, 0.05378, 0.03297
INFO | Test - Best epoch 31, Loss, MSE, RMSE, MAE: 0.00291, 0.00291, 0.05347, 0.03410
INFO | Time spent: 3.28s
INFO | - Epoch 035, ExpID 77295
INFO | Train - Loss (one batch): 0.00225
INFO | Val - Loss, MSE, RMSE, MAE: 0.00297, 0.00297, 0.05382, 0.03334
INFO | Test - Best epoch 31, Loss, MSE, RMSE, MAE: 0.00289, 0.00289, 0.05333, 0.03386
INFO | Time spent: 3.29s
INFO | - Epoch 036, ExpID 77295
INFO | Train - Loss (one batch): 0.00350
INFO | Val - Loss, MSE, RMSE, MAE: 0.00292, 0.00292, 0.05335, 0.03287
INFO | Test - Best epoch 36, Loss, MSE, RMSE, MAE: 0.00278, 0.00278, 0.05228, 0.03240
INFO | Time spent: 3.28s
INFO | - Epoch 037, ExpID 77295
INFO | Train - Loss (one batch): 0.00272
INFO | Val - Loss, MSE, RMSE, MAE: 0.00303, 0.00303, 0.05443, 0.03466
INFO | Test - Best epoch 36, Loss, MSE, RMSE, MAE: 0.00284, 0.00284, 0.05282, 0.03329
INFO | Time spent: 3.31s
INFO | - Epoch 038, ExpID 77295
INFO | Train - Loss (one batch): 0.00259
INFO | Val - Loss, MSE, RMSE, MAE: 0.00296, 0.00296, 0.05371, 0.03338
INFO | Test - Best epoch 36, Loss, MSE, RMSE, MAE: 0.00283, 0.00283, 0.05276, 0.03316
INFO | Time spent: 3.29s
INFO | - Epoch 039, ExpID 77295
INFO | Train - Loss (one batch): 0.00329
INFO | Val - Loss, MSE, RMSE, MAE: 0.00294, 0.00294, 0.05358, 0.03336
INFO | Test - Best epoch 36, Loss, MSE, RMSE, MAE: 0.00282, 0.00282, 0.05268, 0.03308
INFO | Time spent: 3.29s
INFO | - Epoch 040, ExpID 77295
INFO | Train - Loss (one batch): 0.00198
INFO | Val - Loss, MSE, RMSE, MAE: 0.00290, 0.00290, 0.05324, 0.03271
INFO | Test - Best epoch 40, Loss, MSE, RMSE, MAE: 0.00277, 0.00277, 0.05222, 0.03235
INFO | Time spent: 3.31s
INFO | - Epoch 041, ExpID 77295
INFO | Train - Loss (one batch): 0.00251
INFO | Val - Loss, MSE, RMSE, MAE: 0.00290, 0.00290, 0.05318, 0.03300
INFO | Test - Best epoch 41, Loss, MSE, RMSE, MAE: 0.00277, 0.00277, 0.05218, 0.03262
INFO | Time spent: 3.29s
INFO | - Epoch 042, ExpID 77295
INFO | Train - Loss (one batch): 0.00264
INFO | Val - Loss, MSE, RMSE, MAE: 0.00304, 0.00304, 0.05455, 0.03466
INFO | Test - Best epoch 41, Loss, MSE, RMSE, MAE: 0.00283, 0.00283, 0.05281, 0.03339
INFO | Time spent: 3.30s
INFO | - Epoch 043, ExpID 77295
INFO | Train - Loss (one batch): 0.00232
INFO | Val - Loss, MSE, RMSE, MAE: 0.00295, 0.00295, 0.05363, 0.03327
INFO | Test - Best epoch 41, Loss, MSE, RMSE, MAE: 0.00282, 0.00282, 0.05266, 0.03311
INFO | Time spent: 3.29s
INFO | - Epoch 044, ExpID 77295
INFO | Train - Loss (one batch): 0.00260
INFO | Val - Loss, MSE, RMSE, MAE: 0.00300, 0.00300, 0.05419, 0.03433
INFO | Test - Best epoch 41, Loss, MSE, RMSE, MAE: 0.00283, 0.00283, 0.05281, 0.03336
INFO | Time spent: 3.28s
INFO | - Epoch 045, ExpID 77295
INFO | Train - Loss (one batch): 0.00238
INFO | Val - Loss, MSE, RMSE, MAE: 0.00294, 0.00294, 0.05359, 0.03373
INFO | Test - Best epoch 41, Loss, MSE, RMSE, MAE: 0.00283, 0.00283, 0.05280, 0.03340
INFO | Time spent: 3.28s
INFO | - Epoch 046, ExpID 77295
INFO | Train - Loss (one batch): 0.00277
INFO | Val - Loss, MSE, RMSE, MAE: 0.00299, 0.00299, 0.05408, 0.03445
INFO | Test - Best epoch 41, Loss, MSE, RMSE, MAE: 0.00284, 0.00284, 0.05284, 0.03349
INFO | Time spent: 3.30s
INFO | - Epoch 047, ExpID 77295
INFO | Train - Loss (one batch): 0.00225
INFO | Val - Loss, MSE, RMSE, MAE: 0.00289, 0.00289, 0.05309, 0.03271
INFO | Test - Best epoch 47, Loss, MSE, RMSE, MAE: 0.00274, 0.00274, 0.05188, 0.03220
INFO | Time spent: 3.30s
INFO | - Epoch 048, ExpID 77295
INFO | Train - Loss (one batch): 0.00248
INFO | Val - Loss, MSE, RMSE, MAE: 0.00323, 0.00323, 0.05636, 0.03796
INFO | Test - Best epoch 47, Loss, MSE, RMSE, MAE: 0.00294, 0.00294, 0.05379, 0.03510
INFO | Time spent: 3.28s
INFO | - Epoch 049, ExpID 77295
INFO | Train - Loss (one batch): 0.00347
INFO | Val - Loss, MSE, RMSE, MAE: 0.00303, 0.00303, 0.05441, 0.03458
INFO | Test - Best epoch 47, Loss, MSE, RMSE, MAE: 0.00292, 0.00292, 0.05358, 0.03475
INFO | Time spent: 3.29s
INFO | - Epoch 050, ExpID 77295
INFO | Train - Loss (one batch): 0.00263
INFO | Val - Loss, MSE, RMSE, MAE: 0.00292, 0.00292, 0.05339, 0.03329
INFO | Test - Best epoch 47, Loss, MSE, RMSE, MAE: 0.00288, 0.00288, 0.05326, 0.03428
INFO | Time spent: 3.31s
INFO | - Epoch 051, ExpID 77295
INFO | Train - Loss (one batch): 0.00328
INFO | Val - Loss, MSE, RMSE, MAE: 0.00320, 0.00320, 0.05604, 0.03667
INFO | Test - Best epoch 47, Loss, MSE, RMSE, MAE: 0.00292, 0.00292, 0.05362, 0.03469
INFO | Time spent: 3.28s
INFO | - Epoch 052, ExpID 77295
INFO | Train - Loss (one batch): 0.00228
INFO | Val - Loss, MSE, RMSE, MAE: 0.00287, 0.00287, 0.05293, 0.03262
INFO | Test - Best epoch 52, Loss, MSE, RMSE, MAE: 0.00274, 0.00274, 0.05195, 0.03222
INFO | Time spent: 3.29s
INFO | - Epoch 053, ExpID 77295
INFO | Train - Loss (one batch): 0.00277
INFO | Val - Loss, MSE, RMSE, MAE: 0.00286, 0.00286, 0.05280, 0.03266
INFO | Test - Best epoch 53, Loss, MSE, RMSE, MAE: 0.00275, 0.00275, 0.05199, 0.03247
INFO | Time spent: 3.29s
INFO | - Epoch 054, ExpID 77295
INFO | Train - Loss (one batch): 0.00233
INFO | Val - Loss, MSE, RMSE, MAE: 0.00287, 0.00287, 0.05292, 0.03275
INFO | Test - Best epoch 53, Loss, MSE, RMSE, MAE: 0.00275, 0.00275, 0.05203, 0.03247
INFO | Time spent: 3.29s
INFO | - Epoch 055, ExpID 77295
INFO | Train - Loss (one batch): 0.00248
INFO | Val - Loss, MSE, RMSE, MAE: 0.00290, 0.00290, 0.05325, 0.03366
INFO | Test - Best epoch 53, Loss, MSE, RMSE, MAE: 0.00277, 0.00277, 0.05219, 0.03282
INFO | Time spent: 3.31s
INFO | - Epoch 056, ExpID 77295
INFO | Train - Loss (one batch): 0.00282
INFO | Val - Loss, MSE, RMSE, MAE: 0.00289, 0.00289, 0.05310, 0.03259
INFO | Test - Best epoch 53, Loss, MSE, RMSE, MAE: 0.00276, 0.00276, 0.05214, 0.03266
INFO | Time spent: 3.30s
INFO | - Epoch 057, ExpID 77295
INFO | Train - Loss (one batch): 0.00262
INFO | Val - Loss, MSE, RMSE, MAE: 0.00284, 0.00284, 0.05268, 0.03265
INFO | Test - Best epoch 57, Loss, MSE, RMSE, MAE: 0.00273, 0.00273, 0.05184, 0.03249
INFO | Time spent: 3.29s
INFO | - Epoch 058, ExpID 77295
INFO | Train - Loss (one batch): 0.00234
INFO | Val - Loss, MSE, RMSE, MAE: 0.00312, 0.00312, 0.05528, 0.03655
INFO | Test - Best epoch 57, Loss, MSE, RMSE, MAE: 0.00287, 0.00287, 0.05316, 0.03435
INFO | Time spent: 3.30s
INFO | - Epoch 059, ExpID 77295
INFO | Train - Loss (one batch): 0.00214
INFO | Val - Loss, MSE, RMSE, MAE: 0.00288, 0.00288, 0.05299, 0.03283
INFO | Test - Best epoch 57, Loss, MSE, RMSE, MAE: 0.00282, 0.00282, 0.05273, 0.03362
INFO | Time spent: 3.31s
INFO | - Epoch 060, ExpID 77295
INFO | Train - Loss (one batch): 0.00210
INFO | Val - Loss, MSE, RMSE, MAE: 0.00291, 0.00291, 0.05331, 0.03374
INFO | Test - Best epoch 57, Loss, MSE, RMSE, MAE: 0.00282, 0.00282, 0.05272, 0.03361
INFO | Time spent: 3.29s
INFO | - Epoch 061, ExpID 77295
INFO | Train - Loss (one batch): 0.00259
INFO | Val - Loss, MSE, RMSE, MAE: 0.00289, 0.00289, 0.05309, 0.03316
INFO | Test - Best epoch 57, Loss, MSE, RMSE, MAE: 0.00281, 0.00281, 0.05262, 0.03343
INFO | Time spent: 3.28s
INFO | - Epoch 062, ExpID 77295
INFO | Train - Loss (one batch): 0.00264
INFO | Val - Loss, MSE, RMSE, MAE: 0.00292, 0.00292, 0.05353, 0.03433
INFO | Test - Best epoch 57, Loss, MSE, RMSE, MAE: 0.00282, 0.00282, 0.05269, 0.03359
INFO | Time spent: 3.30s
INFO | - Epoch 063, ExpID 77295
INFO | Train - Loss (one batch): 0.00297
INFO | Val - Loss, MSE, RMSE, MAE: 0.00308, 0.00308, 0.05493, 0.03609
INFO | Test - Best epoch 57, Loss, MSE, RMSE, MAE: 0.00284, 0.00284, 0.05291, 0.03393
INFO | Time spent: 3.30s
INFO | - Epoch 064, ExpID 77295
INFO | Train - Loss (one batch): 0.00257
INFO | Val - Loss, MSE, RMSE, MAE: 0.00284, 0.00284, 0.05266, 0.03316
INFO | Test - Best epoch 64, Loss, MSE, RMSE, MAE: 0.00276, 0.00276, 0.05208, 0.03307
INFO | Time spent: 3.29s
INFO | - Epoch 065, ExpID 77295
INFO | Train - Loss (one batch): 0.00330
INFO | Val - Loss, MSE, RMSE, MAE: 0.00285, 0.00285, 0.05277, 0.03277
INFO | Test - Best epoch 64, Loss, MSE, RMSE, MAE: 0.00275, 0.00275, 0.05205, 0.03279
INFO | Time spent: 3.29s
INFO | - Epoch 066, ExpID 77295
INFO | Train - Loss (one batch): 0.00305
INFO | Val - Loss, MSE, RMSE, MAE: 0.00304, 0.00304, 0.05452, 0.03592
INFO | Test - Best epoch 64, Loss, MSE, RMSE, MAE: 0.00281, 0.00281, 0.05258, 0.03368
INFO | Time spent: 3.29s
INFO | - Epoch 067, ExpID 77295
INFO | Train - Loss (one batch): 0.00228
INFO | Val - Loss, MSE, RMSE, MAE: 0.00281, 0.00281, 0.05244, 0.03254
INFO | Test - Best epoch 67, Loss, MSE, RMSE, MAE: 0.00273, 0.00273, 0.05185, 0.03251
INFO | Time spent: 3.27s
INFO | - Epoch 068, ExpID 77295
INFO | Train - Loss (one batch): 0.00306
INFO | Val - Loss, MSE, RMSE, MAE: 0.00281, 0.00281, 0.05240, 0.03261
INFO | Test - Best epoch 68, Loss, MSE, RMSE, MAE: 0.00273, 0.00273, 0.05182, 0.03242
INFO | Time spent: 3.31s
INFO | - Epoch 069, ExpID 77295
INFO | Train - Loss (one batch): 0.00314
INFO | Val - Loss, MSE, RMSE, MAE: 0.00296, 0.00296, 0.05381, 0.03490
INFO | Test - Best epoch 68, Loss, MSE, RMSE, MAE: 0.00280, 0.00280, 0.05253, 0.03358
INFO | Time spent: 3.28s
INFO | - Epoch 070, ExpID 77295
INFO | Train - Loss (one batch): 0.00366
INFO | Val - Loss, MSE, RMSE, MAE: 0.00285, 0.00285, 0.05278, 0.03320
INFO | Test - Best epoch 68, Loss, MSE, RMSE, MAE: 0.00279, 0.00279, 0.05240, 0.03339
INFO | Time spent: 3.29s
INFO | - Epoch 071, ExpID 77295
INFO | Train - Loss (one batch): 0.00256
INFO | Val - Loss, MSE, RMSE, MAE: 0.00291, 0.00291, 0.05330, 0.03371
INFO | Test - Best epoch 68, Loss, MSE, RMSE, MAE: 0.00279, 0.00279, 0.05243, 0.03339
INFO | Time spent: 3.30s
INFO | - Epoch 072, ExpID 77295
INFO | Train - Loss (one batch): 0.00224
INFO | Val - Loss, MSE, RMSE, MAE: 0.00283, 0.00283, 0.05259, 0.03284
INFO | Test - Best epoch 68, Loss, MSE, RMSE, MAE: 0.00278, 0.00278, 0.05234, 0.03327
INFO | Time spent: 3.32s
INFO | - Epoch 073, ExpID 77295
INFO | Train - Loss (one batch): 0.00322
INFO | Val - Loss, MSE, RMSE, MAE: 0.00280, 0.00280, 0.05225, 0.03234
INFO | Test - Best epoch 73, Loss, MSE, RMSE, MAE: 0.00271, 0.00271, 0.05156, 0.03212
INFO | Time spent: 3.29s
INFO | - Epoch 074, ExpID 77295
INFO | Train - Loss (one batch): 0.00275
INFO | Val - Loss, MSE, RMSE, MAE: 0.00282, 0.00282, 0.05245, 0.03253
INFO | Test - Best epoch 73, Loss, MSE, RMSE, MAE: 0.00272, 0.00272, 0.05167, 0.03219
INFO | Time spent: 3.31s
INFO | - Epoch 075, ExpID 77295
INFO | Train - Loss (one batch): 0.00208
INFO | Val - Loss, MSE, RMSE, MAE: 0.00281, 0.00281, 0.05233, 0.03235
INFO | Test - Best epoch 73, Loss, MSE, RMSE, MAE: 0.00272, 0.00272, 0.05168, 0.03216
INFO | Time spent: 3.26s
INFO | - Epoch 076, ExpID 77295
INFO | Train - Loss (one batch): 0.00258
INFO | Val - Loss, MSE, RMSE, MAE: 0.00296, 0.00296, 0.05387, 0.03505
INFO | Test - Best epoch 73, Loss, MSE, RMSE, MAE: 0.00276, 0.00276, 0.05214, 0.03292
INFO | Time spent: 3.30s
INFO | - Epoch 077, ExpID 77295
INFO | Train - Loss (one batch): 0.00255
INFO | Val - Loss, MSE, RMSE, MAE: 0.00299, 0.00299, 0.05402, 0.03505
INFO | Test - Best epoch 73, Loss, MSE, RMSE, MAE: 0.00279, 0.00279, 0.05236, 0.03326
INFO | Time spent: 3.29s
INFO | - Epoch 078, ExpID 77295
INFO | Train - Loss (one batch): 0.00291
INFO | Val - Loss, MSE, RMSE, MAE: 0.00281, 0.00281, 0.05232, 0.03253
INFO | Test - Best epoch 73, Loss, MSE, RMSE, MAE: 0.00278, 0.00278, 0.05226, 0.03311
INFO | Time spent: 3.31s
INFO | - Epoch 079, ExpID 77295
INFO | Train - Loss (one batch): 0.00257
INFO | Val - Loss, MSE, RMSE, MAE: 0.00287, 0.00287, 0.05290, 0.03357
INFO | Test - Best epoch 73, Loss, MSE, RMSE, MAE: 0.00278, 0.00278, 0.05226, 0.03313
INFO | Time spent: 3.32s
INFO | - Epoch 080, ExpID 77295
INFO | Train - Loss (one batch): 0.00257
INFO | Val - Loss, MSE, RMSE, MAE: 0.00282, 0.00282, 0.05247, 0.03285
INFO | Test - Best epoch 73, Loss, MSE, RMSE, MAE: 0.00277, 0.00277, 0.05220, 0.03304
INFO | Time spent: 3.29s
INFO | - Epoch 081, ExpID 77295
INFO | Train - Loss (one batch): 0.00250
INFO | Val - Loss, MSE, RMSE, MAE: 0.00279, 0.00279, 0.05213, 0.03232
INFO | Test - Best epoch 81, Loss, MSE, RMSE, MAE: 0.00269, 0.00269, 0.05148, 0.03211
INFO | Time spent: 3.46s
INFO | - Epoch 082, ExpID 77295
INFO | Train - Loss (one batch): 0.00213
INFO | Val - Loss, MSE, RMSE, MAE: 0.00286, 0.00286, 0.05278, 0.03264
INFO | Test - Best epoch 81, Loss, MSE, RMSE, MAE: 0.00272, 0.00272, 0.05170, 0.03210
INFO | Time spent: 3.28s
INFO | - Epoch 083, ExpID 77295
INFO | Train - Loss (one batch): 0.00230
INFO | Val - Loss, MSE, RMSE, MAE: 0.00312, 0.00312, 0.05535, 0.03720
INFO | Test - Best epoch 81, Loss, MSE, RMSE, MAE: 0.00283, 0.00283, 0.05277, 0.03380
INFO | Time spent: 3.32s
INFO | - Epoch 084, ExpID 77295
INFO | Train - Loss (one batch): 0.00197
INFO | Val - Loss, MSE, RMSE, MAE: 0.00284, 0.00284, 0.05273, 0.03324
INFO | Test - Best epoch 81, Loss, MSE, RMSE, MAE: 0.00282, 0.00282, 0.05266, 0.03368
INFO | Time spent: 3.30s
INFO | - Epoch 085, ExpID 77295
INFO | Train - Loss (one batch): 0.00211
INFO | Val - Loss, MSE, RMSE, MAE: 0.00302, 0.00302, 0.05440, 0.03570
INFO | Test - Best epoch 81, Loss, MSE, RMSE, MAE: 0.00284, 0.00284, 0.05290, 0.03408
INFO | Time spent: 3.30s
INFO | - Epoch 086, ExpID 77295
INFO | Train - Loss (one batch): 0.00236
INFO | Val - Loss, MSE, RMSE, MAE: 0.00288, 0.00288, 0.05303, 0.03396
INFO | Test - Best epoch 81, Loss, MSE, RMSE, MAE: 0.00283, 0.00283, 0.05284, 0.03405
INFO | Time spent: 3.28s
INFO | - Epoch 087, ExpID 77295
INFO | Train - Loss (one batch): 0.00246
INFO | Val - Loss, MSE, RMSE, MAE: 0.00282, 0.00282, 0.05248, 0.03276
INFO | Test - Best epoch 81, Loss, MSE, RMSE, MAE: 0.00282, 0.00282, 0.05267, 0.03383
INFO | Time spent: 3.29s
INFO | - Epoch 088, ExpID 77295
INFO | Train - Loss (one batch): 0.00331
INFO | Val - Loss, MSE, RMSE, MAE: 0.00279, 0.00279, 0.05218, 0.03248
INFO | Test - Best epoch 81, Loss, MSE, RMSE, MAE: 0.00281, 0.00281, 0.05255, 0.03367
INFO | Time spent: 3.31s
INFO | - Epoch 089, ExpID 77295
INFO | Train - Loss (one batch): 0.00293
INFO | Val - Loss, MSE, RMSE, MAE: 0.00284, 0.00284, 0.05268, 0.03323
INFO | Test - Best epoch 81, Loss, MSE, RMSE, MAE: 0.00280, 0.00280, 0.05251, 0.03362
INFO | Time spent: 3.30s
INFO | - Epoch 090, ExpID 77295
INFO | Train - Loss (one batch): 0.00235
INFO | Val - Loss, MSE, RMSE, MAE: 0.00282, 0.00282, 0.05248, 0.03303
INFO | Test - Best epoch 81, Loss, MSE, RMSE, MAE: 0.00280, 0.00280, 0.05246, 0.03355
INFO | Time spent: 3.29s
INFO | - Epoch 091, ExpID 77295
INFO | Train - Loss (one batch): 0.00238
INFO | Val - Loss, MSE, RMSE, MAE: 0.00288, 0.00288, 0.05310, 0.03365
INFO | Test - Best epoch 81, Loss, MSE, RMSE, MAE: 0.00280, 0.00280, 0.05247, 0.03356
INFO | Time spent: 3.30s
INFO | - Epoch 092, ExpID 77295
INFO | Train - Loss (one batch): 0.00175
INFO | Val - Loss, MSE, RMSE, MAE: 0.00291, 0.00291, 0.05338, 0.03422
INFO | Test - Best epoch 81, Loss, MSE, RMSE, MAE: 0.00280, 0.00280, 0.05251, 0.03363
INFO | Time spent: 3.29s
INFO | - Epoch 093, ExpID 77295
INFO | Train - Loss (one batch): 0.00249
INFO | Val - Loss, MSE, RMSE, MAE: 0.00295, 0.00295, 0.05373, 0.03477
INFO | Test - Best epoch 81, Loss, MSE, RMSE, MAE: 0.00281, 0.00281, 0.05256, 0.03371
INFO | Time spent: 3.30s
INFO | - Epoch 094, ExpID 77295
INFO | Train - Loss (one batch): 0.00253
INFO | Val - Loss, MSE, RMSE, MAE: 0.00284, 0.00284, 0.05262, 0.03316
INFO | Test - Best epoch 81, Loss, MSE, RMSE, MAE: 0.00280, 0.00280, 0.05253, 0.03368
INFO | Time spent: 3.29s
INFO | - Epoch 095, ExpID 77295
INFO | Train - Loss (one batch): 0.00257
INFO | Val - Loss, MSE, RMSE, MAE: 0.00288, 0.00288, 0.05297, 0.03264
INFO | Test - Best epoch 81, Loss, MSE, RMSE, MAE: 0.00280, 0.00280, 0.05247, 0.03357
INFO | Time spent: 3.29s
INFO | - Epoch 096, ExpID 77295
INFO | Train - Loss (one batch): 0.00258
INFO | Val - Loss, MSE, RMSE, MAE: 0.00281, 0.00281, 0.05230, 0.03207
INFO | Test - Best epoch 81, Loss, MSE, RMSE, MAE: 0.00279, 0.00279, 0.05241, 0.03346
INFO | Time spent: 3.29s
INFO | - Epoch 097, ExpID 77295
INFO | Train - Loss (one batch): 0.00301
INFO | Val - Loss, MSE, RMSE, MAE: 0.00280, 0.00280, 0.05224, 0.03218
INFO | Test - Best epoch 81, Loss, MSE, RMSE, MAE: 0.00278, 0.00278, 0.05235, 0.03338
INFO | Time spent: 3.35s
INFO | - Epoch 098, ExpID 77295
INFO | Train - Loss (one batch): 0.00243
INFO | Val - Loss, MSE, RMSE, MAE: 0.00287, 0.00287, 0.05287, 0.03316
INFO | Test - Best epoch 81, Loss, MSE, RMSE, MAE: 0.00278, 0.00278, 0.05233, 0.03336
INFO | Time spent: 3.29s
INFO | - Epoch 099, ExpID 77295
INFO | Train - Loss (one batch): 0.00241
INFO | Val - Loss, MSE, RMSE, MAE: 0.00281, 0.00281, 0.05231, 0.03252
INFO | Test - Best epoch 81, Loss, MSE, RMSE, MAE: 0.00278, 0.00278, 0.05228, 0.03329
INFO | Time spent: 3.31s
INFO | - Epoch 100, ExpID 77295
INFO | Train - Loss (one batch): 0.00220
INFO | Val - Loss, MSE, RMSE, MAE: 0.00281, 0.00281, 0.05233, 0.03244
INFO | Test - Best epoch 81, Loss, MSE, RMSE, MAE: 0.00277, 0.00277, 0.05226, 0.03325
INFO | Time spent: 3.30s
INFO | - Epoch 101, ExpID 77295
INFO | Train - Loss (one batch): 0.00211
INFO | Val - Loss, MSE, RMSE, MAE: 0.00282, 0.00282, 0.05244, 0.03277
INFO | Test - Best epoch 81, Loss, MSE, RMSE, MAE: 0.00277, 0.00277, 0.05223, 0.03322
INFO | Time spent: 3.29s
INFO | - Epoch 102, ExpID 77295
INFO | Train - Loss (one batch): 0.00200
INFO | Val - Loss, MSE, RMSE, MAE: 0.00291, 0.00291, 0.05328, 0.03324
INFO | Test - Best epoch 81, Loss, MSE, RMSE, MAE: 0.00277, 0.00277, 0.05224, 0.03321
INFO | Time spent: 3.37s
INFO | - Epoch 103, ExpID 77295
INFO | Train - Loss (one batch): 0.00265
INFO | Val - Loss, MSE, RMSE, MAE: 0.00281, 0.00281, 0.05236, 0.03237
INFO | Test - Best epoch 81, Loss, MSE, RMSE, MAE: 0.00277, 0.00277, 0.05220, 0.03316
INFO | Time spent: 3.29s
INFO | - Epoch 104, ExpID 77295
INFO | Train - Loss (one batch): 0.00216
INFO | Val - Loss, MSE, RMSE, MAE: 0.00290, 0.00290, 0.05324, 0.03385
INFO | Test - Best epoch 81, Loss, MSE, RMSE, MAE: 0.00277, 0.00277, 0.05222, 0.03318
INFO | Time spent: 3.28s
INFO | - Epoch 105, ExpID 77295
INFO | Train - Loss (one batch): 0.00245
INFO | Val - Loss, MSE, RMSE, MAE: 0.00289, 0.00289, 0.05316, 0.03371
INFO | Test - Best epoch 81, Loss, MSE, RMSE, MAE: 0.00277, 0.00277, 0.05222, 0.03320
INFO | Time spent: 3.29s
INFO | - Epoch 106, ExpID 77295
INFO | Train - Loss (one batch): 0.00256
INFO | Val - Loss, MSE, RMSE, MAE: 0.00282, 0.00282, 0.05244, 0.03263
INFO | Test - Best epoch 81, Loss, MSE, RMSE, MAE: 0.00277, 0.00277, 0.05219, 0.03316
INFO | Time spent: 3.29s
INFO | - Epoch 107, ExpID 77295
INFO | Train - Loss (one batch): 0.00268
INFO | Val - Loss, MSE, RMSE, MAE: 0.00285, 0.00285, 0.05275, 0.03326
INFO | Test - Best epoch 81, Loss, MSE, RMSE, MAE: 0.00277, 0.00277, 0.05219, 0.03317
INFO | Time spent: 3.31s
INFO | - Epoch 108, ExpID 77295
INFO | Train - Loss (one batch): 0.00304
INFO | Val - Loss, MSE, RMSE, MAE: 0.00296, 0.00296, 0.05383, 0.03483
INFO | Test - Best epoch 81, Loss, MSE, RMSE, MAE: 0.00277, 0.00277, 0.05222, 0.03323
INFO | Time spent: 3.28s
INFO | - Epoch 109, ExpID 77295
INFO | Train - Loss (one batch): 0.00305
INFO | Val - Loss, MSE, RMSE, MAE: 0.00286, 0.00286, 0.05280, 0.03262
INFO | Test - Best epoch 81, Loss, MSE, RMSE, MAE: 0.00277, 0.00277, 0.05220, 0.03320
INFO | Time spent: 3.30s
INFO | - Epoch 110, ExpID 77295
INFO | Train - Loss (one batch): 0.00231
INFO | Val - Loss, MSE, RMSE, MAE: 0.00279, 0.00279, 0.05211, 0.03195
INFO | Test - Best epoch 81, Loss, MSE, RMSE, MAE: 0.00277, 0.00277, 0.05217, 0.03314
INFO | Time spent: 3.26s
INFO | - Epoch 111, ExpID 77295
INFO | Train - Loss (one batch): 0.00226
INFO | Val - Loss, MSE, RMSE, MAE: 0.00279, 0.00279, 0.05215, 0.03208
INFO | Test - Best epoch 81, Loss, MSE, RMSE, MAE: 0.00276, 0.00276, 0.05214, 0.03310
INFO | Time spent: 3.25s
INFO | - Epoch 112, ExpID 77295
INFO | Train - Loss (one batch): 0.00328
INFO | Val - Loss, MSE, RMSE, MAE: 0.00289, 0.00289, 0.05308, 0.03382
INFO | Test - Best epoch 81, Loss, MSE, RMSE, MAE: 0.00276, 0.00276, 0.05213, 0.03311
INFO | Time spent: 3.24s
INFO | - Epoch 113, ExpID 77295
INFO | Train - Loss (one batch): 0.00286
INFO | Val - Loss, MSE, RMSE, MAE: 0.00289, 0.00289, 0.05314, 0.03395
INFO | Test - Best epoch 81, Loss, MSE, RMSE, MAE: 0.00276, 0.00276, 0.05214, 0.03313
INFO | Time spent: 3.25s
INFO | - Epoch 114, ExpID 77295
INFO | Train - Loss (one batch): 0.00308
INFO | Val - Loss, MSE, RMSE, MAE: 0.00279, 0.00279, 0.05210, 0.03208
INFO | Test - Best epoch 114, Loss, MSE, RMSE, MAE: 0.00269, 0.00269, 0.05142, 0.03193
INFO | Time spent: 3.24s
INFO | - Epoch 115, ExpID 77295
INFO | Train - Loss (one batch): 0.00213
INFO | Val - Loss, MSE, RMSE, MAE: 0.00280, 0.00280, 0.05229, 0.03265
INFO | Test - Best epoch 114, Loss, MSE, RMSE, MAE: 0.00270, 0.00270, 0.05155, 0.03228
INFO | Time spent: 3.37s
INFO | - Epoch 116, ExpID 77295
INFO | Train - Loss (one batch): 0.00231
INFO | Val - Loss, MSE, RMSE, MAE: 0.00279, 0.00279, 0.05214, 0.03228
INFO | Test - Best epoch 114, Loss, MSE, RMSE, MAE: 0.00270, 0.00270, 0.05150, 0.03219
INFO | Time spent: 3.23s
INFO | - Epoch 117, ExpID 77295
INFO | Train - Loss (one batch): 0.00181
INFO | Val - Loss, MSE, RMSE, MAE: 0.00288, 0.00288, 0.05297, 0.03339
INFO | Test - Best epoch 114, Loss, MSE, RMSE, MAE: 0.00271, 0.00271, 0.05161, 0.03240
INFO | Time spent: 3.25s
INFO | - Epoch 118, ExpID 77295
INFO | Train - Loss (one batch): 0.00223
INFO | Val - Loss, MSE, RMSE, MAE: 0.00281, 0.00281, 0.05236, 0.03215
INFO | Test - Best epoch 114, Loss, MSE, RMSE, MAE: 0.00270, 0.00270, 0.05155, 0.03228
INFO | Time spent: 3.25s
INFO | - Epoch 119, ExpID 77295
INFO | Train - Loss (one batch): 0.00238
INFO | Val - Loss, MSE, RMSE, MAE: 0.00296, 0.00296, 0.05373, 0.03460
INFO | Test - Best epoch 114, Loss, MSE, RMSE, MAE: 0.00273, 0.00273, 0.05178, 0.03262
INFO | Time spent: 3.24s
INFO | - Epoch 120, ExpID 77295
INFO | Train - Loss (one batch): 0.00212
INFO | Val - Loss, MSE, RMSE, MAE: 0.00281, 0.00281, 0.05231, 0.03229
INFO | Test - Best epoch 114, Loss, MSE, RMSE, MAE: 0.00272, 0.00272, 0.05172, 0.03255
INFO | Time spent: 3.24s
INFO | - Epoch 121, ExpID 77295
INFO | Train - Loss (one batch): 0.00187
INFO | Val - Loss, MSE, RMSE, MAE: 0.00290, 0.00290, 0.05315, 0.03316
INFO | Test - Best epoch 114, Loss, MSE, RMSE, MAE: 0.00273, 0.00273, 0.05177, 0.03259
INFO | Time spent: 3.23s
INFO | - Epoch 122, ExpID 77295
INFO | Train - Loss (one batch): 0.00185
INFO | Val - Loss, MSE, RMSE, MAE: 0.00279, 0.00279, 0.05217, 0.03210
INFO | Test - Best epoch 114, Loss, MSE, RMSE, MAE: 0.00272, 0.00272, 0.05174, 0.03251
INFO | Time spent: 3.24s
INFO | - Epoch 123, ExpID 77295
INFO | Train - Loss (one batch): 0.00206
INFO | Val - Loss, MSE, RMSE, MAE: 0.00283, 0.00283, 0.05251, 0.03239
INFO | Test - Best epoch 114, Loss, MSE, RMSE, MAE: 0.00272, 0.00272, 0.05172, 0.03246
INFO | Time spent: 3.25s
INFO | - Epoch 124, ExpID 77295
INFO | Train - Loss (one batch): 0.00189
INFO | Val - Loss, MSE, RMSE, MAE: 0.00280, 0.00280, 0.05224, 0.03217
INFO | Test - Best epoch 114, Loss, MSE, RMSE, MAE: 0.00272, 0.00272, 0.05167, 0.03240
INFO | Time spent: 3.24s
INFO | - Epoch 125, ExpID 77295
INFO | Train - Loss (one batch): 0.00217
INFO | Val - Loss, MSE, RMSE, MAE: 0.00288, 0.00288, 0.05302, 0.03362
INFO | Test - Best epoch 114, Loss, MSE, RMSE, MAE: 0.00272, 0.00272, 0.05172, 0.03248
INFO | Time spent: 3.25s
INFO | - Epoch 126, ExpID 77295
INFO | Train - Loss (one batch): 0.00228
INFO | Val - Loss, MSE, RMSE, MAE: 0.00283, 0.00283, 0.05252, 0.03253
INFO | Test - Best epoch 114, Loss, MSE, RMSE, MAE: 0.00272, 0.00272, 0.05171, 0.03247
INFO | Time spent: 3.25s
INFO | - Epoch 127, ExpID 77295
INFO | Train - Loss (one batch): 0.00321
INFO | Val - Loss, MSE, RMSE, MAE: 0.00281, 0.00281, 0.05225, 0.03208
INFO | Test - Best epoch 114, Loss, MSE, RMSE, MAE: 0.00272, 0.00272, 0.05167, 0.03242
INFO | Time spent: 3.24s
INFO | - Epoch 128, ExpID 77295
INFO | Train - Loss (one batch): 0.00195
INFO | Val - Loss, MSE, RMSE, MAE: 0.00280, 0.00280, 0.05228, 0.03240
INFO | Test - Best epoch 114, Loss, MSE, RMSE, MAE: 0.00272, 0.00272, 0.05166, 0.03240
INFO | Time spent: 3.24s
INFO | - Epoch 129, ExpID 77295
INFO | Train - Loss (one batch): 0.00242
INFO | Val - Loss, MSE, RMSE, MAE: 0.00280, 0.00280, 0.05223, 0.03229
INFO | Test - Best epoch 114, Loss, MSE, RMSE, MAE: 0.00271, 0.00271, 0.05164, 0.03238
INFO | Time spent: 3.25s
INFO | - Epoch 130, ExpID 77295
INFO | Train - Loss (one batch): 0.00289
INFO | Val - Loss, MSE, RMSE, MAE: 0.00284, 0.00284, 0.05266, 0.03295
INFO | Test - Best epoch 114, Loss, MSE, RMSE, MAE: 0.00272, 0.00272, 0.05166, 0.03240
INFO | Time spent: 3.24s
INFO | - Epoch 131, ExpID 77295
INFO | Train - Loss (one batch): 0.00301
INFO | Val - Loss, MSE, RMSE, MAE: 0.00285, 0.00285, 0.05271, 0.03287
INFO | Test - Best epoch 114, Loss, MSE, RMSE, MAE: 0.00272, 0.00272, 0.05166, 0.03241
INFO | Time spent: 3.25s
INFO | - Epoch 132, ExpID 77295
INFO | Train - Loss (one batch): 0.00160
INFO | Val - Loss, MSE, RMSE, MAE: 0.00316, 0.00316, 0.05566, 0.03747
INFO | Test - Best epoch 114, Loss, MSE, RMSE, MAE: 0.00273, 0.00273, 0.05184, 0.03267
INFO | Time spent: 3.25s
INFO | - Epoch 133, ExpID 77295
INFO | Train - Loss (one batch): 0.00184
INFO | Val - Loss, MSE, RMSE, MAE: 0.00282, 0.00282, 0.05239, 0.03234
INFO | Test - Best epoch 114, Loss, MSE, RMSE, MAE: 0.00273, 0.00273, 0.05182, 0.03265
INFO | Time spent: 3.24s
INFO | - Epoch 134, ExpID 77295
INFO | Train - Loss (one batch): 0.00218
INFO | Val - Loss, MSE, RMSE, MAE: 0.00282, 0.00282, 0.05240, 0.03249
INFO | Test - Best epoch 114, Loss, MSE, RMSE, MAE: 0.00273, 0.00273, 0.05181, 0.03263
INFO | Time spent: 3.32s
INFO | - Epoch 135, ExpID 77295
INFO | Train - Loss (one batch): 0.00208
INFO | Val - Loss, MSE, RMSE, MAE: 0.00294, 0.00294, 0.05358, 0.03423
INFO | Test - Best epoch 114, Loss, MSE, RMSE, MAE: 0.00273, 0.00273, 0.05185, 0.03270
INFO | Time spent: 3.24s
INFO | - Epoch 136, ExpID 77295
INFO | Train - Loss (one batch): 0.00207
INFO | Val - Loss, MSE, RMSE, MAE: 0.00286, 0.00286, 0.05277, 0.03283
INFO | Test - Best epoch 114, Loss, MSE, RMSE, MAE: 0.00273, 0.00273, 0.05185, 0.03269
INFO | Time spent: 3.25s
INFO | - Epoch 137, ExpID 77295
INFO | Train - Loss (one batch): 0.00159
INFO | Val - Loss, MSE, RMSE, MAE: 0.00292, 0.00292, 0.05327, 0.03324
INFO | Test - Best epoch 114, Loss, MSE, RMSE, MAE: 0.00273, 0.00273, 0.05185, 0.03269
INFO | Time spent: 3.25s
INFO | - Epoch 138, ExpID 77295
INFO | Train - Loss (one batch): 0.00227
INFO | Val - Loss, MSE, RMSE, MAE: 0.00284, 0.00284, 0.05253, 0.03255
INFO | Test - Best epoch 114, Loss, MSE, RMSE, MAE: 0.00273, 0.00273, 0.05184, 0.03267
INFO | Time spent: 3.22s
INFO | - Epoch 139, ExpID 77295
INFO | Train - Loss (one batch): 0.00251
INFO | Val - Loss, MSE, RMSE, MAE: 0.00278, 0.00278, 0.05202, 0.03185
INFO | Test - Best epoch 139, Loss, MSE, RMSE, MAE: 0.00269, 0.00269, 0.05140, 0.03174
INFO | Time spent: 3.24s
INFO | - Epoch 140, ExpID 77295
INFO | Train - Loss (one batch): 0.00202
INFO | Val - Loss, MSE, RMSE, MAE: 0.00287, 0.00287, 0.05278, 0.03271
INFO | Test - Best epoch 139, Loss, MSE, RMSE, MAE: 0.00272, 0.00272, 0.05166, 0.03212
INFO | Time spent: 3.25s
INFO | - Epoch 141, ExpID 77295
INFO | Train - Loss (one batch): 0.00194
INFO | Val - Loss, MSE, RMSE, MAE: 0.00281, 0.00281, 0.05232, 0.03223
INFO | Test - Best epoch 139, Loss, MSE, RMSE, MAE: 0.00271, 0.00271, 0.05155, 0.03208
INFO | Time spent: 3.24s
INFO | - Epoch 142, ExpID 77295
INFO | Train - Loss (one batch): 0.00220
INFO | Val - Loss, MSE, RMSE, MAE: 0.00289, 0.00289, 0.05307, 0.03348
INFO | Test - Best epoch 139, Loss, MSE, RMSE, MAE: 0.00272, 0.00272, 0.05168, 0.03239
INFO | Time spent: 3.26s
INFO | - Epoch 143, ExpID 77295
INFO | Train - Loss (one batch): 0.00247
INFO | Val - Loss, MSE, RMSE, MAE: 0.00286, 0.00286, 0.05271, 0.03249
INFO | Test - Best epoch 139, Loss, MSE, RMSE, MAE: 0.00272, 0.00272, 0.05167, 0.03234
INFO | Time spent: 3.24s
INFO | - Epoch 144, ExpID 77295
INFO | Train - Loss (one batch): 0.00246
INFO | Val - Loss, MSE, RMSE, MAE: 0.00283, 0.00283, 0.05246, 0.03208
INFO | Test - Best epoch 139, Loss, MSE, RMSE, MAE: 0.00272, 0.00272, 0.05166, 0.03227
INFO | Time spent: 3.25s
INFO | - Epoch 145, ExpID 77295
INFO | Train - Loss (one batch): 0.00237
INFO | Val - Loss, MSE, RMSE, MAE: 0.00283, 0.00283, 0.05250, 0.03217
INFO | Test - Best epoch 139, Loss, MSE, RMSE, MAE: 0.00272, 0.00272, 0.05165, 0.03222
INFO | Time spent: 3.25s
INFO | - Epoch 146, ExpID 77295
INFO | Train - Loss (one batch): 0.00208
INFO | Val - Loss, MSE, RMSE, MAE: 0.00303, 0.00303, 0.05440, 0.03555
INFO | Test - Best epoch 139, Loss, MSE, RMSE, MAE: 0.00274, 0.00274, 0.05191, 0.03262
INFO | Time spent: 3.33s
INFO | - Epoch 147, ExpID 77295
INFO | Train - Loss (one batch): 0.00234
INFO | Val - Loss, MSE, RMSE, MAE: 0.00282, 0.00282, 0.05233, 0.03216
INFO | Test - Best epoch 139, Loss, MSE, RMSE, MAE: 0.00274, 0.00274, 0.05184, 0.03252
INFO | Time spent: 3.36s
INFO | - Epoch 148, ExpID 77295
INFO | Train - Loss (one batch): 0.00210
INFO | Val - Loss, MSE, RMSE, MAE: 0.00287, 0.00287, 0.05288, 0.03284
INFO | Test - Best epoch 139, Loss, MSE, RMSE, MAE: 0.00274, 0.00274, 0.05184, 0.03252
INFO | Time spent: 3.25s
INFO | - Epoch 149, ExpID 77295
INFO | Train - Loss (one batch): 0.00218
INFO | Val - Loss, MSE, RMSE, MAE: 0.00283, 0.00283, 0.05254, 0.03261
INFO | Test - Best epoch 139, Loss, MSE, RMSE, MAE: 0.00274, 0.00274, 0.05184, 0.03252
INFO | Time spent: 3.24s
INFO | - Epoch 150, ExpID 77295
INFO | Train - Loss (one batch): 0.00205
INFO | Val - Loss, MSE, RMSE, MAE: 0.00294, 0.00294, 0.05351, 0.03404
INFO | Test - Best epoch 139, Loss, MSE, RMSE, MAE: 0.00274, 0.00274, 0.05191, 0.03263
INFO | Time spent: 3.24s
INFO | - Epoch 151, ExpID 77295
INFO | Train - Loss (one batch): 0.00228
INFO | Val - Loss, MSE, RMSE, MAE: 0.00289, 0.00289, 0.05313, 0.03338
INFO | Test - Best epoch 139, Loss, MSE, RMSE, MAE: 0.00275, 0.00275, 0.05195, 0.03269
INFO | Time spent: 3.24s
INFO | - Epoch 152, ExpID 77295
INFO | Train - Loss (one batch): 0.00191
INFO | Val - Loss, MSE, RMSE, MAE: 0.00299, 0.00299, 0.05401, 0.03506
INFO | Test - Best epoch 139, Loss, MSE, RMSE, MAE: 0.00276, 0.00276, 0.05204, 0.03283
INFO | Time spent: 3.24s
INFO | - Epoch 153, ExpID 77295
INFO | Train - Loss (one batch): 0.00209
INFO | Val - Loss, MSE, RMSE, MAE: 0.00290, 0.00290, 0.05317, 0.03336
INFO | Test - Best epoch 139, Loss, MSE, RMSE, MAE: 0.00276, 0.00276, 0.05205, 0.03284
INFO | Time spent: 3.24s
INFO | - Epoch 154, ExpID 77295
INFO | Train - Loss (one batch): 0.00247
INFO | Val - Loss, MSE, RMSE, MAE: 0.00291, 0.00291, 0.05328, 0.03381
INFO | Test - Best epoch 139, Loss, MSE, RMSE, MAE: 0.00276, 0.00276, 0.05208, 0.03290
INFO | Time spent: 3.24s
INFO | - Epoch 155, ExpID 77295
INFO | Train - Loss (one batch): 0.00282
INFO | Val - Loss, MSE, RMSE, MAE: 0.00289, 0.00289, 0.05303, 0.03346
INFO | Test - Best epoch 139, Loss, MSE, RMSE, MAE: 0.00276, 0.00276, 0.05209, 0.03291
INFO | Time spent: 3.23s
INFO | - Epoch 156, ExpID 77295
INFO | Train - Loss (one batch): 0.00185
INFO | Val - Loss, MSE, RMSE, MAE: 0.00279, 0.00279, 0.05217, 0.03228
INFO | Test - Best epoch 139, Loss, MSE, RMSE, MAE: 0.00276, 0.00276, 0.05205, 0.03287
INFO | Time spent: 3.25s
INFO | - Epoch 157, ExpID 77295
INFO | Train - Loss (one batch): 0.00249
INFO | Val - Loss, MSE, RMSE, MAE: 0.00294, 0.00294, 0.05350, 0.03399
INFO | Test - Best epoch 139, Loss, MSE, RMSE, MAE: 0.00276, 0.00276, 0.05209, 0.03291
INFO | Time spent: 3.26s
INFO | - Epoch 158, ExpID 77295
INFO | Train - Loss (one batch): 0.00260
INFO | Val - Loss, MSE, RMSE, MAE: 0.00283, 0.00283, 0.05248, 0.03223
INFO | Test - Best epoch 139, Loss, MSE, RMSE, MAE: 0.00276, 0.00276, 0.05205, 0.03286
INFO | Time spent: 3.25s
INFO | - Epoch 159, ExpID 77295
INFO | Train - Loss (one batch): 0.00216
INFO | Val - Loss, MSE, RMSE, MAE: 0.00282, 0.00282, 0.05241, 0.03239
INFO | Test - Best epoch 139, Loss, MSE, RMSE, MAE: 0.00276, 0.00276, 0.05204, 0.03283
INFO | Time spent: 3.24s
INFO | - Epoch 160, ExpID 77295
INFO | Train - Loss (one batch): 0.00299
INFO | Val - Loss, MSE, RMSE, MAE: 0.00307, 0.00307, 0.05484, 0.03589
INFO | Test - Best epoch 139, Loss, MSE, RMSE, MAE: 0.00277, 0.00277, 0.05213, 0.03296
INFO | Time spent: 3.27s
INFO | - Epoch 161, ExpID 77295
INFO | Train - Loss (one batch): 0.00292
INFO | Val - Loss, MSE, RMSE, MAE: 0.00284, 0.00284, 0.05262, 0.03266
INFO | Test - Best epoch 139, Loss, MSE, RMSE, MAE: 0.00276, 0.00276, 0.05212, 0.03294
INFO | Time spent: 3.25s
INFO | - Epoch 162, ExpID 77295
INFO | Train - Loss (one batch): 0.00146
INFO | Val - Loss, MSE, RMSE, MAE: 0.00284, 0.00284, 0.05256, 0.03246
INFO | Test - Best epoch 139, Loss, MSE, RMSE, MAE: 0.00276, 0.00276, 0.05210, 0.03291
INFO | Time spent: 3.24s
INFO | - Epoch 163, ExpID 77295
INFO | Train - Loss (one batch): 0.00211
INFO | Val - Loss, MSE, RMSE, MAE: 0.00284, 0.00284, 0.05254, 0.03255
INFO | Test - Best epoch 139, Loss, MSE, RMSE, MAE: 0.00276, 0.00276, 0.05208, 0.03289
INFO | Time spent: 3.26s
INFO | - Epoch 164, ExpID 77295
INFO | Train - Loss (one batch): 0.00211
INFO | Val - Loss, MSE, RMSE, MAE: 0.00288, 0.00288, 0.05290, 0.03279
INFO | Test - Best epoch 139, Loss, MSE, RMSE, MAE: 0.00276, 0.00276, 0.05207, 0.03287
INFO | Time spent: 3.23s
INFO | - Epoch 165, ExpID 77295
INFO | Train - Loss (one batch): 0.00231
INFO | Val - Loss, MSE, RMSE, MAE: 0.00288, 0.00288, 0.05289, 0.03283
INFO | Test - Best epoch 139, Loss, MSE, RMSE, MAE: 0.00276, 0.00276, 0.05207, 0.03286
INFO | Time spent: 3.23s
INFO | - Epoch 166, ExpID 77295
INFO | Train - Loss (one batch): 0.00187
INFO | Val - Loss, MSE, RMSE, MAE: 0.00289, 0.00289, 0.05301, 0.03312
INFO | Test - Best epoch 139, Loss, MSE, RMSE, MAE: 0.00276, 0.00276, 0.05208, 0.03286
INFO | Time spent: 3.26s
INFO | - Epoch 167, ExpID 77295
INFO | Train - Loss (one batch): 0.00225
INFO | Val - Loss, MSE, RMSE, MAE: 0.00287, 0.00287, 0.05281, 0.03255
INFO | Test - Best epoch 139, Loss, MSE, RMSE, MAE: 0.00276, 0.00276, 0.05207, 0.03284
INFO | Time spent: 3.31s
INFO | - Epoch 168, ExpID 77295
INFO | Train - Loss (one batch): 0.00222
INFO | Val - Loss, MSE, RMSE, MAE: 0.00293, 0.00293, 0.05344, 0.03430
INFO | Test - Best epoch 139, Loss, MSE, RMSE, MAE: 0.00276, 0.00276, 0.05210, 0.03289
INFO | Time spent: 3.24s
INFO | - Epoch 169, ExpID 77295
INFO | Train - Loss (one batch): 0.00197
INFO | Val - Loss, MSE, RMSE, MAE: 0.00284, 0.00284, 0.05254, 0.03251
INFO | Test - Best epoch 139, Loss, MSE, RMSE, MAE: 0.00276, 0.00276, 0.05208, 0.03287
INFO | Time spent: 3.24s
INFO | - Epoch 170, ExpID 77295
INFO | Train - Loss (one batch): 0.00255
INFO | Val - Loss, MSE, RMSE, MAE: 0.00283, 0.00283, 0.05243, 0.03213
INFO | Test - Best epoch 139, Loss, MSE, RMSE, MAE: 0.00276, 0.00276, 0.05206, 0.03283
INFO | Time spent: 3.24s
INFO | - Epoch 171, ExpID 77295
INFO | Train - Loss (one batch): 0.00211
INFO | Val - Loss, MSE, RMSE, MAE: 0.00289, 0.00289, 0.05309, 0.03367
INFO | Test - Best epoch 139, Loss, MSE, RMSE, MAE: 0.00276, 0.00276, 0.05208, 0.03286
INFO | Time spent: 3.25s
INFO | - Epoch 172, ExpID 77295
INFO | Train - Loss (one batch): 0.00237
INFO | Val - Loss, MSE, RMSE, MAE: 0.00286, 0.00286, 0.05272, 0.03275
INFO | Test - Best epoch 139, Loss, MSE, RMSE, MAE: 0.00276, 0.00276, 0.05207, 0.03285
INFO | Time spent: 3.23s
INFO | - Epoch 173, ExpID 77295
INFO | Train - Loss (one batch): 0.00225
INFO | Val - Loss, MSE, RMSE, MAE: 0.00288, 0.00288, 0.05291, 0.03266
INFO | Test - Best epoch 139, Loss, MSE, RMSE, MAE: 0.00276, 0.00276, 0.05206, 0.03283
INFO | Time spent: 3.25s
INFO | - Epoch 174, ExpID 77295
INFO | Train - Loss (one batch): 0.00279
INFO | Val - Loss, MSE, RMSE, MAE: 0.00299, 0.00299, 0.05391, 0.03422
INFO | Test - Best epoch 139, Loss, MSE, RMSE, MAE: 0.00276, 0.00276, 0.05208, 0.03286
INFO | Time spent: 3.24s
INFO | - Epoch 175, ExpID 77295
INFO | Train - Loss (one batch): 0.00218
INFO | Val - Loss, MSE, RMSE, MAE: 0.00288, 0.00288, 0.05291, 0.03284
INFO | Test - Best epoch 139, Loss, MSE, RMSE, MAE: 0.00276, 0.00276, 0.05208, 0.03286
INFO | Time spent: 3.41s
INFO | - Epoch 176, ExpID 77295
INFO | Train - Loss (one batch): 0.00299
INFO | Val - Loss, MSE, RMSE, MAE: 0.00286, 0.00286, 0.05282, 0.03332
INFO | Test - Best epoch 139, Loss, MSE, RMSE, MAE: 0.00276, 0.00276, 0.05208, 0.03286
INFO | Time spent: 3.25s
INFO | - Epoch 177, ExpID 77295
INFO | Train - Loss (one batch): 0.00166
INFO | Val - Loss, MSE, RMSE, MAE: 0.00305, 0.00305, 0.05454, 0.03512
INFO | Test - Best epoch 139, Loss, MSE, RMSE, MAE: 0.00277, 0.00277, 0.05212, 0.03291
INFO | Time spent: 3.25s
INFO | - Epoch 178, ExpID 77295
INFO | Train - Loss (one batch): 0.00214
INFO | Val - Loss, MSE, RMSE, MAE: 0.00285, 0.00285, 0.05264, 0.03244
INFO | Test - Best epoch 139, Loss, MSE, RMSE, MAE: 0.00277, 0.00277, 0.05211, 0.03289
INFO | Time spent: 3.24s
INFO | - Epoch 179, ExpID 77295
INFO | Train - Loss (one batch): 0.00164
INFO | Val - Loss, MSE, RMSE, MAE: 0.00284, 0.00284, 0.05254, 0.03267
INFO | Test - Best epoch 139, Loss, MSE, RMSE, MAE: 0.00276, 0.00276, 0.05211, 0.03288
INFO | Time spent: 3.31s
INFO | - Epoch 180, ExpID 77295
INFO | Train - Loss (one batch): 0.00203
INFO | Val - Loss, MSE, RMSE, MAE: 0.00280, 0.00280, 0.05223, 0.03217
INFO | Test - Best epoch 139, Loss, MSE, RMSE, MAE: 0.00276, 0.00276, 0.05209, 0.03287
INFO | Time spent: 3.30s
INFO | - Epoch 181, ExpID 77295
INFO | Train - Loss (one batch): 0.00247
INFO | Val - Loss, MSE, RMSE, MAE: 0.00307, 0.00307, 0.05479, 0.03594
INFO | Test - Best epoch 139, Loss, MSE, RMSE, MAE: 0.00277, 0.00277, 0.05214, 0.03294
INFO | Time spent: 3.31s
INFO | - Epoch 182, ExpID 77295
INFO | Train - Loss (one batch): 0.00177
INFO | Val - Loss, MSE, RMSE, MAE: 0.00285, 0.00285, 0.05266, 0.03246
INFO | Test - Best epoch 139, Loss, MSE, RMSE, MAE: 0.00277, 0.00277, 0.05213, 0.03292
INFO | Time spent: 3.33s
INFO | - Epoch 183, ExpID 77295
INFO | Train - Loss (one batch): 0.00163
INFO | Val - Loss, MSE, RMSE, MAE: 0.00288, 0.00288, 0.05291, 0.03269
INFO | Test - Best epoch 139, Loss, MSE, RMSE, MAE: 0.00277, 0.00277, 0.05213, 0.03291
INFO | Time spent: 3.32s
INFO | - Epoch 184, ExpID 77295
INFO | Train - Loss (one batch): 0.00182
INFO | Val - Loss, MSE, RMSE, MAE: 0.00284, 0.00284, 0.05257, 0.03262
INFO | Test - Best epoch 139, Loss, MSE, RMSE, MAE: 0.00277, 0.00277, 0.05212, 0.03290
INFO | Time spent: 3.62s
INFO | - Epoch 185, ExpID 77295
INFO | Train - Loss (one batch): 0.00227
INFO | Val - Loss, MSE, RMSE, MAE: 0.00292, 0.00292, 0.05337, 0.03361
INFO | Test - Best epoch 139, Loss, MSE, RMSE, MAE: 0.00277, 0.00277, 0.05213, 0.03292
INFO | Time spent: 3.46s
INFO | - Epoch 186, ExpID 77295
INFO | Train - Loss (one batch): 0.00278
INFO | Val - Loss, MSE, RMSE, MAE: 0.00281, 0.00281, 0.05225, 0.03218
INFO | Test - Best epoch 139, Loss, MSE, RMSE, MAE: 0.00277, 0.00277, 0.05212, 0.03290
INFO | Time spent: 3.29s
INFO | - Epoch 187, ExpID 77295
INFO | Train - Loss (one batch): 0.00204
INFO | Val - Loss, MSE, RMSE, MAE: 0.00287, 0.00287, 0.05285, 0.03278
INFO | Test - Best epoch 139, Loss, MSE, RMSE, MAE: 0.00277, 0.00277, 0.05212, 0.03289
INFO | Time spent: 3.31s
INFO | - Epoch 188, ExpID 77295
INFO | Train - Loss (one batch): 0.00252
INFO | Val - Loss, MSE, RMSE, MAE: 0.00303, 0.00303, 0.05436, 0.03522
INFO | Test - Best epoch 139, Loss, MSE, RMSE, MAE: 0.00277, 0.00277, 0.05214, 0.03293
INFO | Time spent: 3.48s
INFO | - Epoch 189, ExpID 77295
INFO | Train - Loss (one batch): 0.00171
INFO | Val - Loss, MSE, RMSE, MAE: 0.00296, 0.00296, 0.05369, 0.03430
INFO | Test - Best epoch 139, Loss, MSE, RMSE, MAE: 0.00277, 0.00277, 0.05216, 0.03295
INFO | Time spent: 3.31s
INFO | - Epoch 190, ExpID 77295
INFO | Train - Loss (one batch): 0.00246
INFO | Val - Loss, MSE, RMSE, MAE: 0.00288, 0.00288, 0.05292, 0.03270
INFO | Test - Best epoch 139, Loss, MSE, RMSE, MAE: 0.00277, 0.00277, 0.05216, 0.03294
INFO | Time spent: 3.32s
INFO | - Epoch 191, ExpID 77295
INFO | Train - Loss (one batch): 0.00186
INFO | Val - Loss, MSE, RMSE, MAE: 0.00284, 0.00284, 0.05259, 0.03227
INFO | Test - Best epoch 139, Loss, MSE, RMSE, MAE: 0.00277, 0.00277, 0.05215, 0.03292
INFO | Time spent: 3.31s
INFO | - Epoch 192, ExpID 77295
INFO | Train - Loss (one batch): 0.00258
INFO | Val - Loss, MSE, RMSE, MAE: 0.00288, 0.00288, 0.05285, 0.03280
INFO | Test - Best epoch 139, Loss, MSE, RMSE, MAE: 0.00277, 0.00277, 0.05214, 0.03291
INFO | Time spent: 3.29s
INFO | - Epoch 193, ExpID 77295
INFO | Train - Loss (one batch): 0.00242
INFO | Val - Loss, MSE, RMSE, MAE: 0.00286, 0.00286, 0.05270, 0.03264
INFO | Test - Best epoch 139, Loss, MSE, RMSE, MAE: 0.00277, 0.00277, 0.05214, 0.03290
INFO | Time spent: 3.55s
INFO | - Epoch 194, ExpID 77295
INFO | Train - Loss (one batch): 0.00186
INFO | Val - Loss, MSE, RMSE, MAE: 0.00302, 0.00302, 0.05435, 0.03550
INFO | Test - Best epoch 139, Loss, MSE, RMSE, MAE: 0.00277, 0.00277, 0.05217, 0.03295
INFO | Time spent: 3.27s
INFO | - Epoch 195, ExpID 77295
INFO | Train - Loss (one batch): 0.00186
INFO | Val - Loss, MSE, RMSE, MAE: 0.00285, 0.00285, 0.05263, 0.03261
INFO | Test - Best epoch 139, Loss, MSE, RMSE, MAE: 0.00277, 0.00277, 0.05216, 0.03294
INFO | Time spent: 3.29s
INFO | - Epoch 196, ExpID 77295
INFO | Train - Loss (one batch): 0.00172
INFO | Val - Loss, MSE, RMSE, MAE: 0.00293, 0.00293, 0.05339, 0.03365
INFO | Test - Best epoch 139, Loss, MSE, RMSE, MAE: 0.00277, 0.00277, 0.05217, 0.03295
INFO | Time spent: 3.29s
INFO | - Epoch 197, ExpID 77295
INFO | Train - Loss (one batch): 0.00231
INFO | Val - Loss, MSE, RMSE, MAE: 0.00307, 0.00307, 0.05472, 0.03493
INFO | Test - Best epoch 139, Loss, MSE, RMSE, MAE: 0.00277, 0.00277, 0.05220, 0.03298
INFO | Time spent: 3.29s
INFO | - Epoch 198, ExpID 77295
INFO | Train - Loss (one batch): 0.00216
INFO | Val - Loss, MSE, RMSE, MAE: 0.00283, 0.00283, 0.05253, 0.03261
INFO | Test - Best epoch 139, Loss, MSE, RMSE, MAE: 0.00277, 0.00277, 0.05220, 0.03297
INFO | Time spent: 3.25s
INFO | - Epoch 199, ExpID 77295
INFO | Train - Loss (one batch): 0.00226
INFO | Val - Loss, MSE, RMSE, MAE: 0.00290, 0.00290, 0.05312, 0.03279
INFO | Test - Best epoch 139, Loss, MSE, RMSE, MAE: 0.00277, 0.00277, 0.05220, 0.03297
INFO | Time spent: 3.25s
INFO | - Epoch 200, ExpID 77295
INFO | Train - Loss (one batch): 0.00200
INFO | Val - Loss, MSE, RMSE, MAE: 0.00286, 0.00286, 0.05271, 0.03272
INFO | Test - Best epoch 139, Loss, MSE, RMSE, MAE: 0.00277, 0.00277, 0.05219, 0.03296
INFO | Time spent: 3.42s
INFO | - Epoch 201, ExpID 77295
INFO | Train - Loss (one batch): 0.00220
INFO | Val - Loss, MSE, RMSE, MAE: 0.00286, 0.00286, 0.05270, 0.03280
INFO | Test - Best epoch 139, Loss, MSE, RMSE, MAE: 0.00277, 0.00277, 0.05219, 0.03296
INFO | Time spent: 3.23s
INFO | - Epoch 202, ExpID 77295
INFO | Train - Loss (one batch): 0.00234
INFO | Val - Loss, MSE, RMSE, MAE: 0.00290, 0.00290, 0.05309, 0.03261
INFO | Test - Best epoch 139, Loss, MSE, RMSE, MAE: 0.00277, 0.00277, 0.05220, 0.03295
INFO | Time spent: 3.25s
INFO | - Epoch 203, ExpID 77295
INFO | Train - Loss (one batch): 0.00253
INFO | Val - Loss, MSE, RMSE, MAE: 0.00287, 0.00287, 0.05287, 0.03313
INFO | Test - Best epoch 139, Loss, MSE, RMSE, MAE: 0.00278, 0.00278, 0.05220, 0.03295
INFO | Time spent: 3.24s
INFO | - Epoch 204, ExpID 77295
INFO | Train - Loss (one batch): 0.00203
INFO | Val - Loss, MSE, RMSE, MAE: 0.00293, 0.00293, 0.05338, 0.03314
INFO | Test - Best epoch 139, Loss, MSE, RMSE, MAE: 0.00278, 0.00278, 0.05221, 0.03295
INFO | Time spent: 3.24s
INFO | - Epoch 205, ExpID 77295
INFO | Train - Loss (one batch): 0.00210
INFO | Val - Loss, MSE, RMSE, MAE: 0.00288, 0.00288, 0.05294, 0.03275
INFO | Test - Best epoch 139, Loss, MSE, RMSE, MAE: 0.00278, 0.00278, 0.05221, 0.03295
INFO | Time spent: 3.25s
INFO | - Epoch 206, ExpID 77295
INFO | Train - Loss (one batch): 0.00176
INFO | Val - Loss, MSE, RMSE, MAE: 0.00287, 0.00287, 0.05277, 0.03281
INFO | Test - Best epoch 139, Loss, MSE, RMSE, MAE: 0.00278, 0.00278, 0.05220, 0.03294
INFO | Time spent: 3.24s
INFO | - Epoch 207, ExpID 77295
INFO | Train - Loss (one batch): 0.00238
INFO | Val - Loss, MSE, RMSE, MAE: 0.00287, 0.00287, 0.05276, 0.03264
INFO | Test - Best epoch 139, Loss, MSE, RMSE, MAE: 0.00278, 0.00278, 0.05220, 0.03294
INFO | Time spent: 3.25s
INFO | - Epoch 208, ExpID 77295
INFO | Train - Loss (one batch): 0.00173
INFO | Val - Loss, MSE, RMSE, MAE: 0.00285, 0.00285, 0.05264, 0.03317
INFO | Test - Best epoch 139, Loss, MSE, RMSE, MAE: 0.00278, 0.00278, 0.05221, 0.03294
INFO | Time spent: 3.25s
INFO | - Epoch 209, ExpID 77295
INFO | Train - Loss (one batch): 0.00206
INFO | Val - Loss, MSE, RMSE, MAE: 0.00282, 0.00282, 0.05237, 0.03232
INFO | Test - Best epoch 139, Loss, MSE, RMSE, MAE: 0.00278, 0.00278, 0.05220, 0.03293
INFO | Time spent: 3.26s
INFO | - Epoch 210, ExpID 77295
INFO | Train - Loss (one batch): 0.00182
INFO | Val - Loss, MSE, RMSE, MAE: 0.00285, 0.00285, 0.05261, 0.03235
INFO | Test - Best epoch 139, Loss, MSE, RMSE, MAE: 0.00278, 0.00278, 0.05220, 0.03292
INFO | Time spent: 3.25s
INFO | - Epoch 211, ExpID 77295
INFO | Train - Loss (one batch): 0.00216
INFO | Val - Loss, MSE, RMSE, MAE: 0.00283, 0.00283, 0.05243, 0.03240
INFO | Test - Best epoch 139, Loss, MSE, RMSE, MAE: 0.00278, 0.00278, 0.05220, 0.03291
INFO | Time spent: 3.25s
INFO | - Epoch 212, ExpID 77295
INFO | Train - Loss (one batch): 0.00216
INFO | Val - Loss, MSE, RMSE, MAE: 0.00289, 0.00289, 0.05303, 0.03322
INFO | Test - Best epoch 139, Loss, MSE, RMSE, MAE: 0.00278, 0.00278, 0.05220, 0.03292
INFO | Time spent: 3.25s
INFO | - Epoch 213, ExpID 77295
INFO | Train - Loss (one batch): 0.00161
INFO | Val - Loss, MSE, RMSE, MAE: 0.00286, 0.00286, 0.05267, 0.03233
INFO | Test - Best epoch 139, Loss, MSE, RMSE, MAE: 0.00277, 0.00277, 0.05220, 0.03290
INFO | Time spent: 3.44s
INFO | - Epoch 214, ExpID 77295
INFO | Train - Loss (one batch): 0.00344
INFO | Val - Loss, MSE, RMSE, MAE: 0.00299, 0.00299, 0.05396, 0.03460
INFO | Test - Best epoch 139, Loss, MSE, RMSE, MAE: 0.00278, 0.00278, 0.05221, 0.03293
INFO | Time spent: 3.25s
INFO | - Epoch 215, ExpID 77295
INFO | Train - Loss (one batch): 0.00226
INFO | Val - Loss, MSE, RMSE, MAE: 0.00284, 0.00284, 0.05252, 0.03222
INFO | Test - Best epoch 139, Loss, MSE, RMSE, MAE: 0.00278, 0.00278, 0.05221, 0.03291
INFO | Time spent: 3.26s
INFO | - Epoch 216, ExpID 77295
INFO | Train - Loss (one batch): 0.00157
INFO | Val - Loss, MSE, RMSE, MAE: 0.00282, 0.00282, 0.05236, 0.03202
INFO | Test - Best epoch 139, Loss, MSE, RMSE, MAE: 0.00278, 0.00278, 0.05220, 0.03290
INFO | Time spent: 3.25s
INFO | - Epoch 217, ExpID 77295
INFO | Train - Loss (one batch): 0.00185
INFO | Val - Loss, MSE, RMSE, MAE: 0.00287, 0.00287, 0.05282, 0.03262
INFO | Test - Best epoch 139, Loss, MSE, RMSE, MAE: 0.00278, 0.00278, 0.05220, 0.03289
INFO | Time spent: 3.31s
INFO | - Epoch 218, ExpID 77295
INFO | Train - Loss (one batch): 0.00246
INFO | Val - Loss, MSE, RMSE, MAE: 0.00284, 0.00284, 0.05251, 0.03231
INFO | Test - Best epoch 139, Loss, MSE, RMSE, MAE: 0.00278, 0.00278, 0.05220, 0.03288
INFO | Time spent: 3.26s
INFO | - Epoch 219, ExpID 77295
INFO | Train - Loss (one batch): 0.00170
INFO | Val - Loss, MSE, RMSE, MAE: 0.00286, 0.00286, 0.05269, 0.03254
INFO | Test - Best epoch 139, Loss, MSE, RMSE, MAE: 0.00278, 0.00278, 0.05220, 0.03288
INFO | Time spent: 3.46s
INFO | - Epoch 220, ExpID 77295
INFO | Train - Loss (one batch): 0.00216
INFO | Val - Loss, MSE, RMSE, MAE: 0.00290, 0.00290, 0.05307, 0.03309
INFO | Test - Best epoch 139, Loss, MSE, RMSE, MAE: 0.00278, 0.00278, 0.05220, 0.03288
INFO | Time spent: 3.24s
INFO | - Epoch 221, ExpID 77295
INFO | Train - Loss (one batch): 0.00215
INFO | Val - Loss, MSE, RMSE, MAE: 0.00285, 0.00285, 0.05264, 0.03243
INFO | Test - Best epoch 139, Loss, MSE, RMSE, MAE: 0.00278, 0.00278, 0.05220, 0.03287
INFO | Time spent: 3.26s
INFO | - Epoch 222, ExpID 77295
INFO | Train - Loss (one batch): 0.00180
INFO | Val - Loss, MSE, RMSE, MAE: 0.00290, 0.00290, 0.05310, 0.03351
INFO | Test - Best epoch 139, Loss, MSE, RMSE, MAE: 0.00278, 0.00278, 0.05220, 0.03288
INFO | Time spent: 3.24s
INFO | - Epoch 223, ExpID 77295
INFO | Train - Loss (one batch): 0.00239
INFO | Val - Loss, MSE, RMSE, MAE: 0.00285, 0.00285, 0.05266, 0.03241
INFO | Test - Best epoch 139, Loss, MSE, RMSE, MAE: 0.00278, 0.00278, 0.05220, 0.03287
INFO | Time spent: 3.25s
INFO | - Epoch 224, ExpID 77295
INFO | Train - Loss (one batch): 0.00183
INFO | Val - Loss, MSE, RMSE, MAE: 0.00286, 0.00286, 0.05268, 0.03232
INFO | Test - Best epoch 139, Loss, MSE, RMSE, MAE: 0.00278, 0.00278, 0.05220, 0.03286
INFO | Time spent: 3.28s
INFO | - Epoch 225, ExpID 77295
INFO | Train - Loss (one batch): 0.00215
INFO | Val - Loss, MSE, RMSE, MAE: 0.00286, 0.00286, 0.05268, 0.03250
INFO | Test - Best epoch 139, Loss, MSE, RMSE, MAE: 0.00278, 0.00278, 0.05220, 0.03286
INFO | Time spent: 3.25s
INFO | - Epoch 226, ExpID 77295
INFO | Train - Loss (one batch): 0.00178
INFO | Val - Loss, MSE, RMSE, MAE: 0.00294, 0.00294, 0.05348, 0.03359
INFO | Test - Best epoch 139, Loss, MSE, RMSE, MAE: 0.00278, 0.00278, 0.05221, 0.03287
INFO | Time spent: 3.23s
INFO | - Epoch 227, ExpID 77295
INFO | Train - Loss (one batch): 0.00271
INFO | Val - Loss, MSE, RMSE, MAE: 0.00284, 0.00284, 0.05249, 0.03214
INFO | Test - Best epoch 139, Loss, MSE, RMSE, MAE: 0.00278, 0.00278, 0.05221, 0.03286
INFO | Time spent: 3.24s
INFO | - Epoch 228, ExpID 77295
INFO | Train - Loss (one batch): 0.00189
INFO | Val - Loss, MSE, RMSE, MAE: 0.00285, 0.00285, 0.05265, 0.03240
INFO | Test - Best epoch 139, Loss, MSE, RMSE, MAE: 0.00278, 0.00278, 0.05221, 0.03285
INFO | Time spent: 3.25s
INFO | - Epoch 229, ExpID 77295
INFO | Train - Loss (one batch): 0.00200
INFO | Val - Loss, MSE, RMSE, MAE: 0.00285, 0.00285, 0.05257, 0.03229
INFO | Test - Best epoch 139, Loss, MSE, RMSE, MAE: 0.00278, 0.00278, 0.05221, 0.03285
INFO | Time spent: 3.23s
INFO | - Epoch 230, ExpID 77295
INFO | Train - Loss (one batch): 0.00191
INFO | Val - Loss, MSE, RMSE, MAE: 0.00291, 0.00291, 0.05319, 0.03351
INFO | Test - Best epoch 139, Loss, MSE, RMSE, MAE: 0.00278, 0.00278, 0.05221, 0.03285
INFO | Time spent: 3.45s
INFO | - Epoch 231, ExpID 77295
INFO | Train - Loss (one batch): 0.00203
INFO | Val - Loss, MSE, RMSE, MAE: 0.00288, 0.00288, 0.05287, 0.03249
INFO | Test - Best epoch 139, Loss, MSE, RMSE, MAE: 0.00278, 0.00278, 0.05221, 0.03285
INFO | Time spent: 3.25s
INFO | - Epoch 232, ExpID 77295
INFO | Train - Loss (one batch): 0.00181
INFO | Val - Loss, MSE, RMSE, MAE: 0.00283, 0.00283, 0.05241, 0.03213
INFO | Test - Best epoch 139, Loss, MSE, RMSE, MAE: 0.00278, 0.00278, 0.05221, 0.03284
INFO | Time spent: 3.24s
INFO | - Epoch 233, ExpID 77295
INFO | Train - Loss (one batch): 0.00206
INFO | Val - Loss, MSE, RMSE, MAE: 0.00281, 0.00281, 0.05223, 0.03205
INFO | Test - Best epoch 139, Loss, MSE, RMSE, MAE: 0.00278, 0.00278, 0.05221, 0.03283
INFO | Time spent: 3.26s
INFO | - Epoch 234, ExpID 77295
INFO | Train - Loss (one batch): 0.00165
INFO | Val - Loss, MSE, RMSE, MAE: 0.00286, 0.00286, 0.05269, 0.03295
INFO | Test - Best epoch 139, Loss, MSE, RMSE, MAE: 0.00278, 0.00278, 0.05221, 0.03283
INFO | Time spent: 3.25s
INFO | - Epoch 235, ExpID 77295
INFO | Train - Loss (one batch): 0.00213
INFO | Val - Loss, MSE, RMSE, MAE: 0.00291, 0.00291, 0.05323, 0.03330
INFO | Test - Best epoch 139, Loss, MSE, RMSE, MAE: 0.00278, 0.00278, 0.05222, 0.03284
INFO | Time spent: 3.24s
INFO | - Epoch 236, ExpID 77295
INFO | Train - Loss (one batch): 0.00241
INFO | Val - Loss, MSE, RMSE, MAE: 0.00284, 0.00284, 0.05246, 0.03214
INFO | Test - Best epoch 139, Loss, MSE, RMSE, MAE: 0.00278, 0.00278, 0.05221, 0.03283
INFO | Time spent: 3.26s
INFO | - Epoch 237, ExpID 77295
INFO | Train - Loss (one batch): 0.00190
INFO | Val - Loss, MSE, RMSE, MAE: 0.00289, 0.00289, 0.05298, 0.03307
INFO | Test - Best epoch 139, Loss, MSE, RMSE, MAE: 0.00278, 0.00278, 0.05222, 0.03283
INFO | Time spent: 3.24s
INFO | - Epoch 238, ExpID 77295
INFO | Train - Loss (one batch): 0.00177
INFO | Val - Loss, MSE, RMSE, MAE: 0.00283, 0.00283, 0.05239, 0.03221
INFO | Test - Best epoch 139, Loss, MSE, RMSE, MAE: 0.00278, 0.00278, 0.05222, 0.03282
INFO | Time spent: 3.24s
INFO | - Epoch 239, ExpID 77295
INFO | Train - Loss (one batch): 0.00178
INFO | Val - Loss, MSE, RMSE, MAE: 0.00283, 0.00283, 0.05243, 0.03216
INFO | Test - Best epoch 139, Loss, MSE, RMSE, MAE: 0.00278, 0.00278, 0.05221, 0.03281
INFO | Time spent: 3.26s
INFO | - Epoch 240, ExpID 77295
INFO | Train - Loss (one batch): 0.00200
INFO | Val - Loss, MSE, RMSE, MAE: 0.00283, 0.00283, 0.05244, 0.03227
INFO | Test - Best epoch 139, Loss, MSE, RMSE, MAE: 0.00278, 0.00278, 0.05221, 0.03281
INFO | Time spent: 3.23s
INFO | - Epoch 241, ExpID 77295
INFO | Train - Loss (one batch): 0.00215
INFO | Val - Loss, MSE, RMSE, MAE: 0.00294, 0.00294, 0.05348, 0.03374
INFO | Test - Best epoch 139, Loss, MSE, RMSE, MAE: 0.00278, 0.00278, 0.05222, 0.03282
INFO | Time spent: 3.26s
INFO | - Epoch 242, ExpID 77295
INFO | Train - Loss (one batch): 0.00173
INFO | Val - Loss, MSE, RMSE, MAE: 0.00292, 0.00292, 0.05324, 0.03344
INFO | Test - Best epoch 139, Loss, MSE, RMSE, MAE: 0.00278, 0.00278, 0.05223, 0.03282
INFO | Time spent: 3.35s
INFO | - Epoch 243, ExpID 77295
INFO | Train - Loss (one batch): 0.00241
INFO | Val - Loss, MSE, RMSE, MAE: 0.00289, 0.00289, 0.05302, 0.03299
INFO | Test - Best epoch 139, Loss, MSE, RMSE, MAE: 0.00278, 0.00278, 0.05223, 0.03282
INFO | Time spent: 3.25s
INFO | - Epoch 244, ExpID 77295
INFO | Train - Loss (one batch): 0.00164
INFO | Val - Loss, MSE, RMSE, MAE: 0.00286, 0.00286, 0.05267, 0.03242
INFO | Test - Best epoch 139, Loss, MSE, RMSE, MAE: 0.00278, 0.00278, 0.05223, 0.03282
INFO | Time spent: 3.47s
INFO | - Epoch 245, ExpID 77295
INFO | Train - Loss (one batch): 0.00185
INFO | Val - Loss, MSE, RMSE, MAE: 0.00288, 0.00288, 0.05285, 0.03236
INFO | Test - Best epoch 139, Loss, MSE, RMSE, MAE: 0.00278, 0.00278, 0.05224, 0.03281
INFO | Time spent: 3.26s
INFO | - Epoch 246, ExpID 77295
INFO | Train - Loss (one batch): 0.00229
INFO | Val - Loss, MSE, RMSE, MAE: 0.00281, 0.00281, 0.05224, 0.03212
INFO | Test - Best epoch 139, Loss, MSE, RMSE, MAE: 0.00278, 0.00278, 0.05224, 0.03281
INFO | Time spent: 3.26s
INFO | - Epoch 247, ExpID 77295
INFO | Train - Loss (one batch): 0.00225
INFO | Val - Loss, MSE, RMSE, MAE: 0.00291, 0.00291, 0.05323, 0.03345
INFO | Test - Best epoch 139, Loss, MSE, RMSE, MAE: 0.00278, 0.00278, 0.05224, 0.03282
INFO | Time spent: 3.24s
INFO | - Epoch 248, ExpID 77295
INFO | Train - Loss (one batch): 0.00216
INFO | Val - Loss, MSE, RMSE, MAE: 0.00292, 0.00292, 0.05319, 0.03289
INFO | Test - Best epoch 139, Loss, MSE, RMSE, MAE: 0.00278, 0.00278, 0.05225, 0.03282
INFO | Time spent: 3.25s
INFO | - Epoch 249, ExpID 77295
INFO | Train - Loss (one batch): 0.00255
INFO | Val - Loss, MSE, RMSE, MAE: 0.00308, 0.00308, 0.05472, 0.03530
INFO | Test - Best epoch 139, Loss, MSE, RMSE, MAE: 0.00278, 0.00278, 0.05227, 0.03284
INFO | Time spent: 3.41s
INFO | - Epoch 250, ExpID 77295
INFO | Train - Loss (one batch): 0.00242
INFO | Val - Loss, MSE, RMSE, MAE: 0.00282, 0.00282, 0.05236, 0.03213
INFO | Test - Best epoch 139, Loss, MSE, RMSE, MAE: 0.00278, 0.00278, 0.05226, 0.03283
INFO | Time spent: 3.23s
INFO | - Epoch 251, ExpID 77295
INFO | Train - Loss (one batch): 0.00207
INFO | Val - Loss, MSE, RMSE, MAE: 0.00298, 0.00298, 0.05382, 0.03450
INFO | Test - Best epoch 139, Loss, MSE, RMSE, MAE: 0.00278, 0.00278, 0.05228, 0.03285
INFO | Time spent: 3.24s
INFO | - Epoch 252, ExpID 77295
INFO | Train - Loss (one batch): 0.00144
INFO | Val - Loss, MSE, RMSE, MAE: 0.00285, 0.00285, 0.05261, 0.03244
INFO | Test - Best epoch 139, Loss, MSE, RMSE, MAE: 0.00278, 0.00278, 0.05228, 0.03285
INFO | Time spent: 3.25s
INFO | - Epoch 253, ExpID 77295
INFO | Train - Loss (one batch): 0.00134
INFO | Val - Loss, MSE, RMSE, MAE: 0.00286, 0.00286, 0.05262, 0.03226
INFO | Test - Best epoch 139, Loss, MSE, RMSE, MAE: 0.00278, 0.00278, 0.05228, 0.03284
INFO | Time spent: 3.25s
INFO | - Epoch 254, ExpID 77295
INFO | Train - Loss (one batch): 0.00172
INFO | Val - Loss, MSE, RMSE, MAE: 0.00286, 0.00286, 0.05277, 0.03271
INFO | Test - Best epoch 139, Loss, MSE, RMSE, MAE: 0.00279, 0.00279, 0.05228, 0.03284
INFO | Time spent: 3.25s
INFO | - Epoch 255, ExpID 77295
INFO | Train - Loss (one batch): 0.00193
INFO | Val - Loss, MSE, RMSE, MAE: 0.00291, 0.00291, 0.05313, 0.03306
INFO | Test - Best epoch 139, Loss, MSE, RMSE, MAE: 0.00279, 0.00279, 0.05229, 0.03285
INFO | Time spent: 3.32s
INFO | - Epoch 256, ExpID 77295
INFO | Train - Loss (one batch): 0.00157
INFO | Val - Loss, MSE, RMSE, MAE: 0.00288, 0.00288, 0.05287, 0.03263
INFO | Test - Best epoch 139, Loss, MSE, RMSE, MAE: 0.00279, 0.00279, 0.05229, 0.03285
INFO | Time spent: 3.24s
INFO | - Epoch 257, ExpID 77295
INFO | Train - Loss (one batch): 0.00218
INFO | Val - Loss, MSE, RMSE, MAE: 0.00291, 0.00291, 0.05321, 0.03347
INFO | Test - Best epoch 139, Loss, MSE, RMSE, MAE: 0.00279, 0.00279, 0.05230, 0.03285
INFO | Time spent: 3.25s
INFO | - Epoch 258, ExpID 77295
INFO | Train - Loss (one batch): 0.00149
INFO | Val - Loss, MSE, RMSE, MAE: 0.00290, 0.00290, 0.05308, 0.03284
INFO | Test - Best epoch 139, Loss, MSE, RMSE, MAE: 0.00279, 0.00279, 0.05231, 0.03285
INFO | Time spent: 3.52s
INFO | - Epoch 259, ExpID 77295
INFO | Train - Loss (one batch): 0.00245
INFO | Val - Loss, MSE, RMSE, MAE: 0.00290, 0.00290, 0.05302, 0.03260
INFO | Test - Best epoch 139, Loss, MSE, RMSE, MAE: 0.00279, 0.00279, 0.05231, 0.03285
INFO | Time spent: 3.24s
INFO | - Epoch 260, ExpID 77295
INFO | Train - Loss (one batch): 0.00203
INFO | Val - Loss, MSE, RMSE, MAE: 0.00284, 0.00284, 0.05252, 0.03238
INFO | Test - Best epoch 139, Loss, MSE, RMSE, MAE: 0.00279, 0.00279, 0.05231, 0.03284
INFO | Time spent: 3.25s
INFO | - Epoch 261, ExpID 77295
INFO | Train - Loss (one batch): 0.00174
INFO | Val - Loss, MSE, RMSE, MAE: 0.00290, 0.00290, 0.05302, 0.03270
INFO | Test - Best epoch 139, Loss, MSE, RMSE, MAE: 0.00279, 0.00279, 0.05231, 0.03284
INFO | Time spent: 3.25s
INFO | - Epoch 262, ExpID 77295
INFO | Train - Loss (one batch): 0.00183
INFO | Val - Loss, MSE, RMSE, MAE: 0.00291, 0.00291, 0.05320, 0.03306
INFO | Test - Best epoch 139, Loss, MSE, RMSE, MAE: 0.00279, 0.00279, 0.05231, 0.03285
INFO | Time spent: 3.36s
INFO | - Epoch 263, ExpID 77295
INFO | Train - Loss (one batch): 0.00155
INFO | Val - Loss, MSE, RMSE, MAE: 0.00291, 0.00291, 0.05320, 0.03300
INFO | Test - Best epoch 139, Loss, MSE, RMSE, MAE: 0.00279, 0.00279, 0.05232, 0.03285
INFO | Time spent: 3.42s
INFO | - Epoch 264, ExpID 77295
INFO | Train - Loss (one batch): 0.00178
INFO | Val - Loss, MSE, RMSE, MAE: 0.00289, 0.00289, 0.05296, 0.03288
INFO | Test - Best epoch 139, Loss, MSE, RMSE, MAE: 0.00279, 0.00279, 0.05232, 0.03285
INFO | Time spent: 3.42s
INFO | - Epoch 265, ExpID 77295
INFO | Train - Loss (one batch): 0.00187
INFO | Val - Loss, MSE, RMSE, MAE: 0.00289, 0.00289, 0.05299, 0.03301
INFO | Test - Best epoch 139, Loss, MSE, RMSE, MAE: 0.00279, 0.00279, 0.05232, 0.03285
INFO | Time spent: 3.26s
INFO | - Epoch 266, ExpID 77295
INFO | Train - Loss (one batch): 0.00146
INFO | Val - Loss, MSE, RMSE, MAE: 0.00288, 0.00288, 0.05286, 0.03231
INFO | Test - Best epoch 139, Loss, MSE, RMSE, MAE: 0.00279, 0.00279, 0.05232, 0.03284
INFO | Time spent: 3.25s
INFO | - Epoch 267, ExpID 77295
INFO | Train - Loss (one batch): 0.00211
INFO | Val - Loss, MSE, RMSE, MAE: 0.00290, 0.00290, 0.05314, 0.03320
INFO | Test - Best epoch 139, Loss, MSE, RMSE, MAE: 0.00279, 0.00279, 0.05232, 0.03285
INFO | Time spent: 3.25s
INFO | - Epoch 268, ExpID 77295
INFO | Train - Loss (one batch): 0.00151
INFO | Val - Loss, MSE, RMSE, MAE: 0.00288, 0.00288, 0.05282, 0.03261
INFO | Test - Best epoch 139, Loss, MSE, RMSE, MAE: 0.00279, 0.00279, 0.05232, 0.03284
INFO | Time spent: 3.43s
INFO | - Epoch 269, ExpID 77295
INFO | Train - Loss (one batch): 0.00195
INFO | Val - Loss, MSE, RMSE, MAE: 0.00286, 0.00286, 0.05269, 0.03221
INFO | Test - Best epoch 139, Loss, MSE, RMSE, MAE: 0.00279, 0.00279, 0.05232, 0.03284
INFO | Time spent: 3.25s
INFO | - Epoch 270, ExpID 77295
INFO | Train - Loss (one batch): 0.00195
INFO | Val - Loss, MSE, RMSE, MAE: 0.00291, 0.00291, 0.05315, 0.03268
INFO | Test - Best epoch 139, Loss, MSE, RMSE, MAE: 0.00279, 0.00279, 0.05233, 0.03284
INFO | Time spent: 3.45s
INFO | - Epoch 271, ExpID 77295
INFO | Train - Loss (one batch): 0.00249
INFO | Val - Loss, MSE, RMSE, MAE: 0.00287, 0.00287, 0.05279, 0.03244
INFO | Test - Best epoch 139, Loss, MSE, RMSE, MAE: 0.00279, 0.00279, 0.05233, 0.03284
INFO | Time spent: 3.25s
INFO | - Epoch 272, ExpID 77295
INFO | Train - Loss (one batch): 0.00191
INFO | Val - Loss, MSE, RMSE, MAE: 0.00295, 0.00295, 0.05362, 0.03386
INFO | Test - Best epoch 139, Loss, MSE, RMSE, MAE: 0.00279, 0.00279, 0.05234, 0.03284
INFO | Time spent: 3.35s
INFO | - Epoch 273, ExpID 77295
INFO | Train - Loss (one batch): 0.00171
INFO | Val - Loss, MSE, RMSE, MAE: 0.00295, 0.00295, 0.05349, 0.03334
INFO | Test - Best epoch 139, Loss, MSE, RMSE, MAE: 0.00279, 0.00279, 0.05234, 0.03285
INFO | Time spent: 3.29s
INFO | - Epoch 274, ExpID 77295
INFO | Train - Loss (one batch): 0.00159
INFO | Val - Loss, MSE, RMSE, MAE: 0.00283, 0.00283, 0.05245, 0.03212
INFO | Test - Best epoch 139, Loss, MSE, RMSE, MAE: 0.00279, 0.00279, 0.05234, 0.03284
INFO | Time spent: 3.31s
INFO | - Epoch 275, ExpID 77295
INFO | Train - Loss (one batch): 0.00174
INFO | Val - Loss, MSE, RMSE, MAE: 0.00287, 0.00287, 0.05281, 0.03248
INFO | Test - Best epoch 139, Loss, MSE, RMSE, MAE: 0.00279, 0.00279, 0.05234, 0.03284
INFO | Time spent: 3.33s
INFO | - Epoch 276, ExpID 77295
INFO | Train - Loss (one batch): 0.00210
INFO | Val - Loss, MSE, RMSE, MAE: 0.00291, 0.00291, 0.05325, 0.03354
INFO | Test - Best epoch 139, Loss, MSE, RMSE, MAE: 0.00279, 0.00279, 0.05235, 0.03285
INFO | Time spent: 3.32s
INFO | - Epoch 277, ExpID 77295
INFO | Train - Loss (one batch): 0.00197
INFO | Val - Loss, MSE, RMSE, MAE: 0.00289, 0.00289, 0.05297, 0.03306
INFO | Test - Best epoch 139, Loss, MSE, RMSE, MAE: 0.00279, 0.00279, 0.05235, 0.03285
INFO | Time spent: 3.30s
INFO | - Epoch 278, ExpID 77295
INFO | Train - Loss (one batch): 0.00173
INFO | Val - Loss, MSE, RMSE, MAE: 0.00289, 0.00289, 0.05301, 0.03278
INFO | Test - Best epoch 139, Loss, MSE, RMSE, MAE: 0.00279, 0.00279, 0.05236, 0.03285
INFO | Time spent: 3.24s
INFO | - Epoch 279, ExpID 77295
INFO | Train - Loss (one batch): 0.00182
INFO | Val - Loss, MSE, RMSE, MAE: 0.00291, 0.00291, 0.05318, 0.03295
INFO | Test - Best epoch 139, Loss, MSE, RMSE, MAE: 0.00279, 0.00279, 0.05236, 0.03285
INFO | Time spent: 3.26s
INFO | - Epoch 280, ExpID 77295
INFO | Train - Loss (one batch): 0.00225
INFO | Val - Loss, MSE, RMSE, MAE: 0.00295, 0.00295, 0.05357, 0.03385
INFO | Test - Best epoch 139, Loss, MSE, RMSE, MAE: 0.00279, 0.00279, 0.05237, 0.03286
INFO | Time spent: 3.24s
INFO | - Epoch 281, ExpID 77295
INFO | Train - Loss (one batch): 0.00229
INFO | Val - Loss, MSE, RMSE, MAE: 0.00290, 0.00290, 0.05303, 0.03261
INFO | Test - Best epoch 139, Loss, MSE, RMSE, MAE: 0.00279, 0.00279, 0.05237, 0.03286
INFO | Time spent: 3.24s
INFO | - Epoch 282, ExpID 77295
INFO | Train - Loss (one batch): 0.00234
INFO | Val - Loss, MSE, RMSE, MAE: 0.00288, 0.00288, 0.05293, 0.03292
INFO | Test - Best epoch 139, Loss, MSE, RMSE, MAE: 0.00279, 0.00279, 0.05237, 0.03286
INFO | Time spent: 3.46s
INFO | - Epoch 283, ExpID 77295
INFO | Train - Loss (one batch): 0.00158
INFO | Val - Loss, MSE, RMSE, MAE: 0.00284, 0.00284, 0.05249, 0.03239
INFO | Test - Best epoch 139, Loss, MSE, RMSE, MAE: 0.00279, 0.00279, 0.05237, 0.03285
INFO | Time spent: 3.24s
INFO | - Epoch 284, ExpID 77295
INFO | Train - Loss (one batch): 0.00176
INFO | Val - Loss, MSE, RMSE, MAE: 0.00289, 0.00289, 0.05307, 0.03289
INFO | Test - Best epoch 139, Loss, MSE, RMSE, MAE: 0.00280, 0.00280, 0.05238, 0.03285
INFO | Time spent: 3.26s
INFO | - Epoch 285, ExpID 77295
INFO | Train - Loss (one batch): 0.00168
INFO | Val - Loss, MSE, RMSE, MAE: 0.00293, 0.00293, 0.05334, 0.03304
INFO | Test - Best epoch 139, Loss, MSE, RMSE, MAE: 0.00280, 0.00280, 0.05238, 0.03286
INFO | Time spent: 3.24s
INFO | - Epoch 286, ExpID 77295
INFO | Train - Loss (one batch): 0.00199
INFO | Val - Loss, MSE, RMSE, MAE: 0.00297, 0.00297, 0.05377, 0.03392
INFO | Test - Best epoch 139, Loss, MSE, RMSE, MAE: 0.00280, 0.00280, 0.05239, 0.03286
INFO | Time spent: 3.24s
INFO | - Epoch 287, ExpID 77295
INFO | Train - Loss (one batch): 0.00151
INFO | Val - Loss, MSE, RMSE, MAE: 0.00298, 0.00298, 0.05383, 0.03407
INFO | Test - Best epoch 139, Loss, MSE, RMSE, MAE: 0.00280, 0.00280, 0.05240, 0.03287
INFO | Time spent: 3.25s
INFO | - Epoch 288, ExpID 77295
INFO | Train - Loss (one batch): 0.00210
INFO | Val - Loss, MSE, RMSE, MAE: 0.00291, 0.00291, 0.05312, 0.03266
INFO | Test - Best epoch 139, Loss, MSE, RMSE, MAE: 0.00280, 0.00280, 0.05240, 0.03287
INFO | Time spent: 3.26s
INFO | - Epoch 289, ExpID 77295
INFO | Train - Loss (one batch): 0.00157
INFO | Val - Loss, MSE, RMSE, MAE: 0.00288, 0.00288, 0.05286, 0.03249
INFO | Test - Best epoch 139, Loss, MSE, RMSE, MAE: 0.00280, 0.00280, 0.05240, 0.03287
INFO | Time spent: 3.26s
INFO | - Epoch 290, ExpID 77295
INFO | Train - Loss (one batch): 0.00200
INFO | Val - Loss, MSE, RMSE, MAE: 0.00284, 0.00284, 0.05249, 0.03241
INFO | Test - Best epoch 139, Loss, MSE, RMSE, MAE: 0.00280, 0.00280, 0.05240, 0.03287
INFO | Time spent: 3.24s
INFO | - Epoch 291, ExpID 77295
INFO | Train - Loss (one batch): 0.00140
INFO | Val - Loss, MSE, RMSE, MAE: 0.00298, 0.00298, 0.05388, 0.03432
INFO | Test - Best epoch 139, Loss, MSE, RMSE, MAE: 0.00280, 0.00280, 0.05241, 0.03288
INFO | Time spent: 3.26s
INFO | - Epoch 292, ExpID 77295
INFO | Train - Loss (one batch): 0.00211
INFO | Val - Loss, MSE, RMSE, MAE: 0.00292, 0.00292, 0.05329, 0.03274
INFO | Test - Best epoch 139, Loss, MSE, RMSE, MAE: 0.00280, 0.00280, 0.05242, 0.03288
INFO | Time spent: 3.25s
INFO | - Epoch 293, ExpID 77295
INFO | Train - Loss (one batch): 0.00244
INFO | Val - Loss, MSE, RMSE, MAE: 0.00298, 0.00298, 0.05383, 0.03379
INFO | Test - Best epoch 139, Loss, MSE, RMSE, MAE: 0.00280, 0.00280, 0.05242, 0.03288
INFO | Time spent: 3.35s
INFO | - Epoch 294, ExpID 77295
INFO | Train - Loss (one batch): 0.00205
INFO | Val - Loss, MSE, RMSE, MAE: 0.00291, 0.00291, 0.05319, 0.03292
INFO | Test - Best epoch 139, Loss, MSE, RMSE, MAE: 0.00280, 0.00280, 0.05243, 0.03288
INFO | Time spent: 3.27s
INFO | - Epoch 295, ExpID 77295
INFO | Train - Loss (one batch): 0.00244
INFO | Val - Loss, MSE, RMSE, MAE: 0.00289, 0.00289, 0.05300, 0.03265
INFO | Test - Best epoch 139, Loss, MSE, RMSE, MAE: 0.00280, 0.00280, 0.05243, 0.03288
INFO | Time spent: 3.25s
INFO | - Epoch 296, ExpID 77295
INFO | Train - Loss (one batch): 0.00220
INFO | Val - Loss, MSE, RMSE, MAE: 0.00285, 0.00285, 0.05261, 0.03247
INFO | Test - Best epoch 139, Loss, MSE, RMSE, MAE: 0.00280, 0.00280, 0.05243, 0.03288
INFO | Time spent: 3.25s
INFO | - Epoch 297, ExpID 77295
INFO | Train - Loss (one batch): 0.00160
INFO | Val - Loss, MSE, RMSE, MAE: 0.00292, 0.00292, 0.05332, 0.03357
INFO | Test - Best epoch 139, Loss, MSE, RMSE, MAE: 0.00280, 0.00280, 0.05244, 0.03289
INFO | Time spent: 3.25s
INFO | - Epoch 298, ExpID 77295
INFO | Train - Loss (one batch): 0.00208
INFO | Val - Loss, MSE, RMSE, MAE: 0.00290, 0.00290, 0.05313, 0.03286
INFO | Test - Best epoch 139, Loss, MSE, RMSE, MAE: 0.00280, 0.00280, 0.05244, 0.03289
INFO | Time spent: 3.25s
INFO | - Epoch 299, ExpID 77295
INFO | Train - Loss (one batch): 0.00166
INFO | Val - Loss, MSE, RMSE, MAE: 0.00291, 0.00291, 0.05315, 0.03277
INFO | Test - Best epoch 139, Loss, MSE, RMSE, MAE: 0.00280, 0.00280, 0.05245, 0.03289
INFO | Time spent: 3.26s
