INFO | EPOCH_009 | RANDOM 15 masked points (true, pred, diff, abs_err):
INFO | EPOCH_009 | [B=47, T=9, D=5] true=0.627270 pred=0.920996 diff=+0.293727 abs_err=0.293727
INFO | EPOCH_009 | [B=53, T=11, D=9] true=1.626727 pred=1.491847 diff=-0.134879 abs_err=0.134879
INFO | EPOCH_009 | [B=50, T=24, D=8] true=0.250360 pred=0.503384 diff=+0.253024 abs_err=0.253024
INFO | EPOCH_009 | [B=40, T=0, D=7] true=1.445439 pred=1.727796 diff=+0.282358 abs_err=0.282358
INFO | EPOCH_009 | [B=34, T=18, D=7] true=1.148207 pred=1.352250 diff=+0.204043 abs_err=0.204043
INFO | EPOCH_009 | [B=35, T=18, D=9] true=2.216741 pred=1.918465 diff=-0.298276 abs_err=0.298276
INFO | EPOCH_009 | [B=54, T=19, D=5] true=0.639238 pred=0.658906 diff=+0.019668 abs_err=0.019668
INFO | EPOCH_009 | [B=59, T=5, D=3] true=2.767415 pred=2.765566 diff=-0.001849 abs_err=0.001849
INFO | EPOCH_009 | [B=23, T=9, D=5] true=0.026703 pred=0.188934 diff=+0.162231 abs_err=0.162231
INFO | EPOCH_009 | [B=1, T=29, D=3] true=1.720781 pred=2.059933 diff=+0.339152 abs_err=0.339152
INFO | EPOCH_009 | [B=18, T=13, D=11] true=0.680897 pred=0.627425 diff=-0.053472 abs_err=0.053472
INFO | EPOCH_009 | [B=29, T=21, D=6] true=4.669146 pred=4.749718 diff=+0.080572 abs_err=0.080572
INFO | EPOCH_009 | [B=26, T=10, D=10] true=1.538313 pred=1.475263 diff=-0.063051 abs_err=0.063051
INFO | EPOCH_009 | [B=29, T=10, D=5] true=0.285864 pred=0.179741 diff=-0.106123 abs_err=0.106123
INFO | EPOCH_009 | [B=38, T=9, D=5] true=0.198798 pred=0.156738 diff=-0.042060 abs_err=0.042060
INFO | EPOCH_009 | TOP 5 WORST masked points (largest abs_err):
INFO | EPOCH_009 | [B=26, T=8, D=6] true=1.595185 pred=4.699222 diff=+3.104037 abs_err=3.104037
INFO | EPOCH_009 | [B=44, T=20, D=6] true=0.108967 pred=2.866219 diff=+2.757252 abs_err=2.757252
INFO | EPOCH_009 | [B=44, T=18, D=6] true=0.127504 pred=2.865620 diff=+2.738116 abs_err=2.738116
INFO | EPOCH_009 | [B=9, T=18, D=6] true=3.577968 pred=1.090337 diff=-2.487631 abs_err=2.487631
INFO | EPOCH_009 | [B=39, T=11, D=6] true=1.873883 pred=4.342316 diff=+2.468433 abs_err=2.468433
INFO | EPOCH_009 | TOP 5 BEST/CORRECT masked points (smallest abs_err):
INFO | EPOCH_009 | [B=62, T=28, D=1] true=2.603200 pred=2.603217 diff=+0.000017 abs_err=0.000017
INFO | EPOCH_009 | [B=52, T=25, D=4] true=1.025081 pred=1.025025 diff=-0.000056 abs_err=0.000056
INFO | EPOCH_009 | [B=46, T=16, D=7] true=1.423912 pred=1.423988 diff=+0.000076 abs_err=0.000076
INFO | EPOCH_009 | [B=35, T=27, D=7] true=1.239438 pred=1.239346 diff=-0.000092 abs_err=0.000092
INFO | EPOCH_009 | [B=53, T=0, D=3] true=2.743921 pred=2.743796 diff=-0.000124 abs_err=0.000124
INFO | EPOCH_019 | RANDOM 15 masked points (true, pred, diff, abs_err):
INFO | EPOCH_019 | [B=62, T=0, D=2] true=-0.047254 pred=0.105522 diff=+0.152776 abs_err=0.152776
INFO | EPOCH_019 | [B=42, T=24, D=10] true=2.123599 pred=1.802757 diff=-0.320842 abs_err=0.320842
INFO | EPOCH_019 | [B=49, T=11, D=6] true=3.566688 pred=3.626245 diff=+0.059557 abs_err=0.059557
INFO | EPOCH_019 | [B=30, T=9, D=10] true=1.415996 pred=1.512966 diff=+0.096971 abs_err=0.096971
INFO | EPOCH_019 | [B=49, T=4, D=1] true=2.443527 pred=1.753902 diff=-0.689625 abs_err=0.689625
INFO | EPOCH_019 | [B=29, T=15, D=1] true=1.415971 pred=1.791571 diff=+0.375601 abs_err=0.375601
INFO | EPOCH_019 | [B=33, T=4, D=4] true=1.510291 pred=1.593520 diff=+0.083229 abs_err=0.083229
INFO | EPOCH_019 | [B=6, T=9, D=9] true=3.477813 pred=3.410533 diff=-0.067280 abs_err=0.067280
INFO | EPOCH_019 | [B=58, T=27, D=9] true=2.921625 pred=2.947963 diff=+0.026338 abs_err=0.026338
INFO | EPOCH_019 | [B=18, T=26, D=6] true=2.736954 pred=2.781436 diff=+0.044482 abs_err=0.044482
INFO | EPOCH_019 | [B=56, T=0, D=3] true=2.082506 pred=2.151116 diff=+0.068610 abs_err=0.068610
INFO | EPOCH_019 | [B=33, T=1, D=2] true=0.315655 pred=0.488549 diff=+0.172894 abs_err=0.172894
INFO | EPOCH_019 | [B=24, T=27, D=11] true=0.644640 pred=0.593631 diff=-0.051009 abs_err=0.051009
INFO | EPOCH_019 | [B=23, T=4, D=11] true=0.536907 pred=0.560257 diff=+0.023350 abs_err=0.023350
INFO | EPOCH_019 | [B=33, T=9, D=5] true=0.211479 pred=0.331183 diff=+0.119704 abs_err=0.119704
INFO | EPOCH_019 | TOP 5 WORST masked points (largest abs_err):
INFO | EPOCH_019 | [B=47, T=24, D=6] true=1.678643 pred=4.598339 diff=+2.919696 abs_err=2.919696
INFO | EPOCH_019 | [B=14, T=11, D=6] true=0.115726 pred=3.025880 diff=+2.910155 abs_err=2.910155
INFO | EPOCH_019 | [B=14, T=5, D=6] true=0.146037 pred=3.026274 diff=+2.880238 abs_err=2.880238
INFO | EPOCH_019 | [B=47, T=28, D=9] true=1.413674 pred=4.059924 diff=+2.646250 abs_err=2.646250
INFO | EPOCH_019 | [B=7, T=7, D=0] true=3.767489 pred=1.349723 diff=-2.417767 abs_err=2.417767
INFO | EPOCH_019 | TOP 5 BEST/CORRECT masked points (smallest abs_err):
INFO | EPOCH_019 | [B=44, T=13, D=10] true=2.125111 pred=2.125099 diff=-0.000011 abs_err=0.000011
INFO | EPOCH_019 | [B=25, T=9, D=4] true=2.240417 pred=2.240455 diff=+0.000038 abs_err=0.000038
INFO | EPOCH_019 | [B=27, T=2, D=0] true=2.693975 pred=2.693933 diff=-0.000042 abs_err=0.000042
INFO | EPOCH_019 | [B=5, T=10, D=11] true=0.491976 pred=0.491918 diff=-0.000058 abs_err=0.000058
INFO | EPOCH_019 | [B=18, T=22, D=1] true=1.436351 pred=1.436416 diff=+0.000064 abs_err=0.000064
INFO | EPOCH_029 | RANDOM 15 masked points (true, pred, diff, abs_err):
INFO | EPOCH_029 | [B=34, T=9, D=3] true=2.920918 pred=3.002483 diff=+0.081565 abs_err=0.081565
INFO | EPOCH_029 | [B=42, T=17, D=1] true=1.146467 pred=1.108980 diff=-0.037488 abs_err=0.037488
INFO | EPOCH_029 | [B=56, T=13, D=11] true=0.314162 pred=1.183472 diff=+0.869310 abs_err=0.869310
INFO | EPOCH_029 | [B=42, T=29, D=3] true=2.786059 pred=2.800384 diff=+0.014325 abs_err=0.014325
INFO | EPOCH_029 | [B=52, T=3, D=9] true=3.067523 pred=3.104696 diff=+0.037173 abs_err=0.037173
INFO | EPOCH_029 | [B=29, T=2, D=11] true=0.684973 pred=0.688419 diff=+0.003445 abs_err=0.003445
INFO | EPOCH_029 | [B=24, T=13, D=4] true=2.130442 pred=2.070143 diff=-0.060299 abs_err=0.060299
INFO | EPOCH_029 | [B=16, T=22, D=3] true=1.600835 pred=2.515607 diff=+0.914772 abs_err=0.914772
INFO | EPOCH_029 | [B=13, T=7, D=0] true=2.410899 pred=2.813483 diff=+0.402584 abs_err=0.402584
INFO | EPOCH_029 | [B=35, T=12, D=3] true=2.780965 pred=2.759443 diff=-0.021522 abs_err=0.021522
INFO | EPOCH_029 | [B=27, T=6, D=6] true=3.436007 pred=3.453476 diff=+0.017469 abs_err=0.017469
INFO | EPOCH_029 | [B=17, T=24, D=5] true=0.113847 pred=0.337704 diff=+0.223857 abs_err=0.223857
INFO | EPOCH_029 | [B=60, T=9, D=6] true=1.652762 pred=2.069555 diff=+0.416793 abs_err=0.416793
INFO | EPOCH_029 | [B=42, T=25, D=11] true=0.086927 pred=0.260110 diff=+0.173184 abs_err=0.173184
INFO | EPOCH_029 | [B=43, T=23, D=5] true=0.403782 pred=0.081793 diff=-0.321989 abs_err=0.321989
INFO | EPOCH_029 | TOP 5 WORST masked points (largest abs_err):
INFO | EPOCH_029 | [B=55, T=27, D=9] true=1.255944 pred=3.918022 diff=+2.662078 abs_err=2.662078
INFO | EPOCH_029 | [B=45, T=4, D=0] true=0.990548 pred=3.198860 diff=+2.208313 abs_err=2.208313
INFO | EPOCH_029 | [B=0, T=28, D=9] true=3.682978 pred=1.536648 diff=-2.146330 abs_err=2.146330
INFO | EPOCH_029 | [B=6, T=22, D=9] true=3.751000 pred=1.683055 diff=-2.067945 abs_err=2.067945
INFO | EPOCH_029 | [B=6, T=29, D=9] true=3.729564 pred=1.685695 diff=-2.043869 abs_err=2.043869
INFO | EPOCH_029 | TOP 5 BEST/CORRECT masked points (smallest abs_err):
INFO | EPOCH_029 | [B=4, T=24, D=8] true=1.040231 pred=1.040240 diff=+0.000009 abs_err=0.000009
INFO | EPOCH_029 | [B=51, T=16, D=2] true=0.174021 pred=0.174011 diff=-0.000010 abs_err=0.000010
INFO | EPOCH_029 | [B=37, T=15, D=1] true=2.164214 pred=2.164282 diff=+0.000068 abs_err=0.000068
INFO | EPOCH_029 | [B=38, T=3, D=1] true=2.145668 pred=2.145595 diff=-0.000073 abs_err=0.000073
INFO | EPOCH_029 | [B=38, T=16, D=4] true=2.274950 pred=2.275058 diff=+0.000107 abs_err=0.000107
INFO | EPOCH_039 | RANDOM 15 masked points (true, pred, diff, abs_err):
INFO | EPOCH_039 | [B=42, T=21, D=10] true=1.236063 pred=1.400372 diff=+0.164309 abs_err=0.164309
INFO | EPOCH_039 | [B=61, T=29, D=6] true=2.735356 pred=2.711497 diff=-0.023859 abs_err=0.023859
INFO | EPOCH_039 | [B=33, T=12, D=8] true=1.005708 pred=0.918798 diff=-0.086910 abs_err=0.086910
INFO | EPOCH_039 | [B=43, T=17, D=3] true=3.368973 pred=3.262552 diff=-0.106421 abs_err=0.106421
INFO | EPOCH_039 | [B=42, T=8, D=11] true=1.258240 pred=0.192141 diff=-1.066099 abs_err=1.066099
INFO | EPOCH_039 | [B=42, T=12, D=0] true=3.348459 pred=3.301565 diff=-0.046894 abs_err=0.046894
INFO | EPOCH_039 | [B=30, T=0, D=2] true=0.050455 pred=0.103907 diff=+0.053452 abs_err=0.053452
INFO | EPOCH_039 | [B=52, T=18, D=11] true=0.262025 pred=0.337746 diff=+0.075721 abs_err=0.075721
INFO | EPOCH_039 | [B=51, T=22, D=7] true=1.317256 pred=1.202381 diff=-0.114875 abs_err=0.114875
INFO | EPOCH_039 | [B=37, T=11, D=7] true=1.253938 pred=1.517899 diff=+0.263960 abs_err=0.263960
INFO | EPOCH_039 | [B=34, T=5, D=9] true=4.329258 pred=4.231528 diff=-0.097730 abs_err=0.097730
INFO | EPOCH_039 | [B=32, T=6, D=6] true=2.859606 pred=2.955181 diff=+0.095575 abs_err=0.095575
INFO | EPOCH_039 | [B=34, T=0, D=4] true=1.328949 pred=1.291910 diff=-0.037039 abs_err=0.037039
INFO | EPOCH_039 | [B=31, T=21, D=2] true=0.188284 pred=0.130433 diff=-0.057851 abs_err=0.057851
INFO | EPOCH_039 | [B=50, T=19, D=5] true=0.592027 pred=0.131091 diff=-0.460937 abs_err=0.460937
INFO | EPOCH_039 | TOP 5 WORST masked points (largest abs_err):
INFO | EPOCH_039 | [B=17, T=6, D=6] true=0.042953 pred=3.824539 diff=+3.781587 abs_err=3.781587
INFO | EPOCH_039 | [B=17, T=2, D=6] true=0.050544 pred=3.826154 diff=+3.775610 abs_err=3.775610
INFO | EPOCH_039 | [B=46, T=13, D=6] true=0.022954 pred=3.059035 diff=+3.036081 abs_err=3.036081
INFO | EPOCH_039 | [B=46, T=10, D=6] true=0.025506 pred=3.059360 diff=+3.033854 abs_err=3.033854
INFO | EPOCH_039 | [B=37, T=28, D=6] true=5.711285 pred=3.138801 diff=-2.572484 abs_err=2.572484
INFO | EPOCH_039 | TOP 5 BEST/CORRECT masked points (smallest abs_err):
INFO | EPOCH_039 | [B=39, T=22, D=2] true=0.425548 pred=0.425546 diff=-0.000001 abs_err=0.000001
INFO | EPOCH_039 | [B=63, T=14, D=9] true=2.917533 pred=2.917535 diff=+0.000002 abs_err=0.000002
INFO | EPOCH_039 | [B=56, T=26, D=8] true=0.934908 pred=0.934911 diff=+0.000003 abs_err=0.000003
INFO | EPOCH_039 | [B=47, T=11, D=10] true=1.310563 pred=1.310544 diff=-0.000020 abs_err=0.000020
INFO | EPOCH_039 | [B=43, T=23, D=4] true=1.418150 pred=1.418112 diff=-0.000039 abs_err=0.000039
INFO | EPOCH_049 | RANDOM 15 masked points (true, pred, diff, abs_err):
INFO | EPOCH_049 | [B=52, T=1, D=10] true=1.342328 pred=1.277833 diff=-0.064494 abs_err=0.064494
INFO | EPOCH_049 | [B=44, T=8, D=7] true=3.667841 pred=2.084595 diff=-1.583246 abs_err=1.583246
INFO | EPOCH_049 | [B=51, T=20, D=4] true=1.066295 pred=1.505483 diff=+0.439188 abs_err=0.439188
INFO | EPOCH_049 | [B=21, T=25, D=7] true=1.580043 pred=1.500503 diff=-0.079540 abs_err=0.079540
INFO | EPOCH_049 | [B=32, T=18, D=10] true=2.557846 pred=2.542727 diff=-0.015120 abs_err=0.015120
INFO | EPOCH_049 | [B=61, T=14, D=8] true=0.087576 pred=0.200485 diff=+0.112909 abs_err=0.112909
INFO | EPOCH_049 | [B=3, T=26, D=1] true=1.205310 pred=1.283523 diff=+0.078213 abs_err=0.078213
INFO | EPOCH_049 | [B=14, T=4, D=0] true=2.155492 pred=1.967135 diff=-0.188356 abs_err=0.188356
INFO | EPOCH_049 | [B=7, T=2, D=8] true=0.833226 pred=0.750458 diff=-0.082768 abs_err=0.082768
INFO | EPOCH_049 | [B=3, T=30, D=10] true=1.244931 pred=1.863426 diff=+0.618495 abs_err=0.618495
INFO | EPOCH_049 | [B=7, T=15, D=1] true=1.212801 pred=1.236939 diff=+0.024138 abs_err=0.024138
INFO | EPOCH_049 | [B=6, T=13, D=11] true=0.575743 pred=0.579637 diff=+0.003894 abs_err=0.003894
INFO | EPOCH_049 | [B=10, T=2, D=1] true=1.720483 pred=1.477407 diff=-0.243076 abs_err=0.243076
INFO | EPOCH_049 | [B=12, T=15, D=9] true=3.336527 pred=2.440962 diff=-0.895565 abs_err=0.895565
INFO | EPOCH_049 | [B=51, T=4, D=7] true=1.299854 pred=1.305033 diff=+0.005179 abs_err=0.005179
INFO | EPOCH_049 | TOP 5 WORST masked points (largest abs_err):
INFO | EPOCH_049 | [B=26, T=5, D=9] true=0.757862 pred=3.374475 diff=+2.616613 abs_err=2.616613
INFO | EPOCH_049 | [B=49, T=14, D=11] true=2.130419 pred=-0.066207 diff=-2.196626 abs_err=2.196626
INFO | EPOCH_049 | [B=49, T=14, D=10] true=0.506230 pred=2.675313 diff=+2.169083 abs_err=2.169083
INFO | EPOCH_049 | [B=53, T=23, D=9] true=3.769167 pred=1.607971 diff=-2.161196 abs_err=2.161196
INFO | EPOCH_049 | [B=53, T=25, D=9] true=3.762194 pred=1.614778 diff=-2.147416 abs_err=2.147416
INFO | EPOCH_049 | TOP 5 BEST/CORRECT masked points (smallest abs_err):
INFO | EPOCH_049 | [B=42, T=23, D=1] true=2.258970 pred=2.258986 diff=+0.000015 abs_err=0.000015
INFO | EPOCH_049 | [B=44, T=4, D=3] true=2.383818 pred=2.383836 diff=+0.000018 abs_err=0.000018
INFO | EPOCH_049 | [B=10, T=20, D=0] true=4.107475 pred=4.107456 diff=-0.000020 abs_err=0.000020
INFO | EPOCH_049 | [B=46, T=15, D=5] true=0.025495 pred=0.025472 diff=-0.000024 abs_err=0.000024
INFO | EPOCH_049 | [B=53, T=12, D=1] true=1.859602 pred=1.859574 diff=-0.000028 abs_err=0.000028
INFO | EPOCH_059 | RANDOM 15 masked points (true, pred, diff, abs_err):
INFO | EPOCH_059 | [B=44, T=24, D=5] true=-0.107444 pred=0.074294 diff=+0.181738 abs_err=0.181738
INFO | EPOCH_059 | [B=12, T=9, D=4] true=1.584067 pred=1.394967 diff=-0.189100 abs_err=0.189100
INFO | EPOCH_059 | [B=60, T=31, D=9] true=2.818807 pred=2.923834 diff=+0.105026 abs_err=0.105026
INFO | EPOCH_059 | [B=35, T=6, D=3] true=3.160465 pred=3.123620 diff=-0.036844 abs_err=0.036844
INFO | EPOCH_059 | [B=26, T=6, D=11] true=0.852659 pred=0.786267 diff=-0.066391 abs_err=0.066391
INFO | EPOCH_059 | [B=34, T=3, D=3] true=3.037707 pred=3.510309 diff=+0.472603 abs_err=0.472603
INFO | EPOCH_059 | [B=3, T=21, D=7] true=0.945307 pred=1.269794 diff=+0.324487 abs_err=0.324487
INFO | EPOCH_059 | [B=39, T=2, D=5] true=0.417780 pred=0.291219 diff=-0.126561 abs_err=0.126561
INFO | EPOCH_059 | [B=53, T=10, D=4] true=1.392902 pred=1.430594 diff=+0.037692 abs_err=0.037692
INFO | EPOCH_059 | [B=22, T=30, D=5] true=0.423086 pred=0.389790 diff=-0.033296 abs_err=0.033296
INFO | EPOCH_059 | [B=50, T=1, D=0] true=2.738587 pred=2.567359 diff=-0.171228 abs_err=0.171228
INFO | EPOCH_059 | [B=52, T=19, D=1] true=1.829972 pred=1.560973 diff=-0.268999 abs_err=0.268999
INFO | EPOCH_059 | [B=9, T=22, D=8] true=-0.183899 pred=0.186881 diff=+0.370780 abs_err=0.370780
INFO | EPOCH_059 | [B=13, T=16, D=9] true=4.180791 pred=4.138795 diff=-0.041996 abs_err=0.041996
INFO | EPOCH_059 | [B=20, T=9, D=4] true=1.341486 pred=1.308200 diff=-0.033287 abs_err=0.033287
INFO | EPOCH_059 | TOP 5 WORST masked points (largest abs_err):
INFO | EPOCH_059 | [B=35, T=20, D=3] true=0.534949 pred=3.119785 diff=+2.584836 abs_err=2.584836
INFO | EPOCH_059 | [B=51, T=24, D=6] true=3.759710 pred=1.493514 diff=-2.266196 abs_err=2.266196
INFO | EPOCH_059 | [B=63, T=23, D=3] true=1.364607 pred=3.474040 diff=+2.109433 abs_err=2.109433
INFO | EPOCH_059 | [B=46, T=14, D=2] true=2.224028 pred=0.140727 diff=-2.083301 abs_err=2.083301
INFO | EPOCH_059 | [B=1, T=15, D=3] true=1.012525 pred=3.081723 diff=+2.069198 abs_err=2.069198
INFO | EPOCH_059 | TOP 5 BEST/CORRECT masked points (smallest abs_err):
INFO | EPOCH_059 | [B=40, T=28, D=1] true=2.470906 pred=2.470900 diff=-0.000007 abs_err=0.000007
INFO | EPOCH_059 | [B=53, T=13, D=5] true=0.421603 pred=0.421612 diff=+0.000009 abs_err=0.000009
INFO | EPOCH_059 | [B=7, T=14, D=1] true=1.314287 pred=1.314274 diff=-0.000013 abs_err=0.000013
INFO | EPOCH_059 | [B=52, T=1, D=4] true=1.447394 pred=1.447415 diff=+0.000021 abs_err=0.000021
INFO | EPOCH_059 | [B=7, T=0, D=0] true=3.252460 pred=3.252488 diff=+0.000028 abs_err=0.000028
INFO | EPOCH_069 | RANDOM 15 masked points (true, pred, diff, abs_err):
INFO | EPOCH_069 | [B=47, T=16, D=3] true=1.611941 pred=1.574220 diff=-0.037720 abs_err=0.037720
INFO | EPOCH_069 | [B=14, T=19, D=4] true=1.749521 pred=2.108666 diff=+0.359144 abs_err=0.359144
INFO | EPOCH_069 | [B=8, T=29, D=11] true=0.729212 pred=0.885587 diff=+0.156375 abs_err=0.156375
INFO | EPOCH_069 | [B=49, T=18, D=2] true=0.330599 pred=0.319860 diff=-0.010739 abs_err=0.010739
INFO | EPOCH_069 | [B=35, T=19, D=3] true=2.662234 pred=3.308112 diff=+0.645877 abs_err=0.645877
INFO | EPOCH_069 | [B=53, T=31, D=7] true=2.222585 pred=2.346602 diff=+0.124017 abs_err=0.124017
INFO | EPOCH_069 | [B=5, T=0, D=3] true=3.293720 pred=3.404801 diff=+0.111081 abs_err=0.111081
INFO | EPOCH_069 | [B=39, T=13, D=2] true=0.464605 pred=0.562761 diff=+0.098157 abs_err=0.098157
INFO | EPOCH_069 | [B=61, T=27, D=5] true=0.233516 pred=0.308688 diff=+0.075172 abs_err=0.075172
INFO | EPOCH_069 | [B=59, T=9, D=5] true=-0.096977 pred=0.041896 diff=+0.138873 abs_err=0.138873
INFO | EPOCH_069 | [B=27, T=1, D=3] true=3.882000 pred=4.061572 diff=+0.179571 abs_err=0.179571
INFO | EPOCH_069 | [B=8, T=0, D=3] true=3.428159 pred=3.422121 diff=-0.006038 abs_err=0.006038
INFO | EPOCH_069 | [B=1, T=29, D=0] true=3.279133 pred=3.294553 diff=+0.015420 abs_err=0.015420
INFO | EPOCH_069 | [B=5, T=27, D=7] true=1.650637 pred=1.569437 diff=-0.081200 abs_err=0.081200
INFO | EPOCH_069 | [B=18, T=20, D=9] true=2.952117 pred=3.200278 diff=+0.248161 abs_err=0.248161
INFO | EPOCH_069 | TOP 5 WORST masked points (largest abs_err):
INFO | EPOCH_069 | [B=7, T=3, D=0] true=5.087778 pred=2.470731 diff=-2.617047 abs_err=2.617047
INFO | EPOCH_069 | [B=39, T=23, D=3] true=1.330343 pred=3.900251 diff=+2.569908 abs_err=2.569908
INFO | EPOCH_069 | [B=22, T=25, D=5] true=-2.117338 pred=0.283177 diff=+2.400515 abs_err=2.400515
INFO | EPOCH_069 | [B=60, T=21, D=6] true=1.315996 pred=3.685272 diff=+2.369276 abs_err=2.369276
INFO | EPOCH_069 | [B=60, T=15, D=6] true=1.323426 pred=3.676884 diff=+2.353458 abs_err=2.353458
INFO | EPOCH_069 | TOP 5 BEST/CORRECT masked points (smallest abs_err):
INFO | EPOCH_069 | [B=60, T=25, D=10] true=1.376709 pred=1.376695 diff=-0.000014 abs_err=0.000014
INFO | EPOCH_069 | [B=35, T=17, D=7] true=2.290833 pred=2.290848 diff=+0.000015 abs_err=0.000015
INFO | EPOCH_069 | [B=57, T=8, D=0] true=2.899808 pred=2.899827 diff=+0.000019 abs_err=0.000019
INFO | EPOCH_069 | [B=19, T=5, D=1] true=1.554051 pred=1.554017 diff=-0.000034 abs_err=0.000034
INFO | EPOCH_069 | [B=9, T=6, D=7] true=1.357814 pred=1.357775 diff=-0.000039 abs_err=0.000039
INFO | EPOCH_079 | RANDOM 15 masked points (true, pred, diff, abs_err):
INFO | EPOCH_079 | [B=56, T=29, D=7] true=1.864883 pred=1.490683 diff=-0.374200 abs_err=0.374200
INFO | EPOCH_079 | [B=43, T=8, D=2] true=0.246798 pred=0.183673 diff=-0.063124 abs_err=0.063124
INFO | EPOCH_079 | [B=40, T=13, D=1] true=2.247114 pred=2.165921 diff=-0.081193 abs_err=0.081193
INFO | EPOCH_079 | [B=55, T=9, D=4] true=1.111115 pred=1.348464 diff=+0.237350 abs_err=0.237350
INFO | EPOCH_079 | [B=19, T=25, D=3] true=0.721989 pred=1.854466 diff=+1.132476 abs_err=1.132476
INFO | EPOCH_079 | [B=30, T=3, D=3] true=3.298886 pred=3.194115 diff=-0.104771 abs_err=0.104771
INFO | EPOCH_079 | [B=24, T=22, D=3] true=2.874750 pred=2.639654 diff=-0.235096 abs_err=0.235096
INFO | EPOCH_079 | [B=61, T=17, D=5] true=0.347884 pred=0.345018 diff=-0.002867 abs_err=0.002867
INFO | EPOCH_079 | [B=6, T=27, D=10] true=1.174944 pred=0.986081 diff=-0.188863 abs_err=0.188863
INFO | EPOCH_079 | [B=44, T=16, D=11] true=0.656324 pred=0.690947 diff=+0.034622 abs_err=0.034622
INFO | EPOCH_079 | [B=52, T=31, D=3] true=3.894582 pred=3.610849 diff=-0.283733 abs_err=0.283733
INFO | EPOCH_079 | [B=36, T=31, D=5] true=0.492200 pred=0.321085 diff=-0.171115 abs_err=0.171115
INFO | EPOCH_079 | [B=15, T=15, D=5] true=0.179906 pred=0.273242 diff=+0.093336 abs_err=0.093336
INFO | EPOCH_079 | [B=32, T=5, D=6] true=1.274492 pred=1.238848 diff=-0.035644 abs_err=0.035644
INFO | EPOCH_079 | [B=9, T=4, D=4] true=1.351807 pred=1.228063 diff=-0.123744 abs_err=0.123744
INFO | EPOCH_079 | TOP 5 WORST masked points (largest abs_err):
INFO | EPOCH_079 | [B=25, T=9, D=9] true=3.972294 pred=1.799161 diff=-2.173133 abs_err=2.173133
INFO | EPOCH_079 | [B=49, T=15, D=11] true=2.076173 pred=0.253700 diff=-1.822473 abs_err=1.822473
INFO | EPOCH_079 | [B=41, T=26, D=9] true=3.495204 pred=1.695848 diff=-1.799356 abs_err=1.799356
INFO | EPOCH_079 | [B=29, T=4, D=10] true=0.463057 pred=2.258451 diff=+1.795394 abs_err=1.795394
INFO | EPOCH_079 | [B=49, T=9, D=11] true=2.033089 pred=0.237790 diff=-1.795299 abs_err=1.795299
INFO | EPOCH_079 | TOP 5 BEST/CORRECT masked points (smallest abs_err):
INFO | EPOCH_079 | [B=59, T=0, D=8] true=0.708191 pred=0.708185 diff=-0.000006 abs_err=0.000006
INFO | EPOCH_079 | [B=28, T=6, D=8] true=0.942008 pred=0.941964 diff=-0.000044 abs_err=0.000044
INFO | EPOCH_079 | [B=2, T=5, D=2] true=0.171131 pred=0.171021 diff=-0.000110 abs_err=0.000110
INFO | EPOCH_079 | [B=12, T=7, D=0] true=3.181194 pred=3.181321 diff=+0.000127 abs_err=0.000127
INFO | EPOCH_079 | [B=4, T=30, D=2] true=0.406582 pred=0.406427 diff=-0.000156 abs_err=0.000156
INFO | EPOCH_089 | RANDOM 15 masked points (true, pred, diff, abs_err):
INFO | EPOCH_089 | [B=17, T=5, D=7] true=1.997254 pred=1.899610 diff=-0.097644 abs_err=0.097644
INFO | EPOCH_089 | [B=14, T=1, D=1] true=1.548890 pred=1.496860 diff=-0.052030 abs_err=0.052030
INFO | EPOCH_089 | [B=48, T=15, D=4] true=2.162551 pred=1.813279 diff=-0.349272 abs_err=0.349272
INFO | EPOCH_089 | [B=32, T=18, D=6] true=1.562236 pred=1.310817 diff=-0.251419 abs_err=0.251419
INFO | EPOCH_089 | [B=46, T=16, D=1] true=1.903916 pred=1.538953 diff=-0.364962 abs_err=0.364962
INFO | EPOCH_089 | [B=23, T=19, D=3] true=3.319011 pred=3.277461 diff=-0.041551 abs_err=0.041551
INFO | EPOCH_089 | [B=11, T=20, D=6] true=1.225728 pred=1.498982 diff=+0.273255 abs_err=0.273255
INFO | EPOCH_089 | [B=20, T=24, D=10] true=2.415269 pred=2.427149 diff=+0.011880 abs_err=0.011880
INFO | EPOCH_089 | [B=62, T=10, D=4] true=2.596431 pred=2.442044 diff=-0.154386 abs_err=0.154386
INFO | EPOCH_089 | [B=47, T=22, D=0] true=1.778673 pred=2.769659 diff=+0.990986 abs_err=0.990986
INFO | EPOCH_089 | [B=15, T=16, D=9] true=1.812154 pred=1.756675 diff=-0.055479 abs_err=0.055479
INFO | EPOCH_089 | [B=29, T=29, D=3] true=3.360370 pred=3.077363 diff=-0.283008 abs_err=0.283008
INFO | EPOCH_089 | [B=20, T=8, D=3] true=2.432340 pred=1.733347 diff=-0.698993 abs_err=0.698993
INFO | EPOCH_089 | [B=54, T=17, D=1] true=2.749676 pred=2.596259 diff=-0.153417 abs_err=0.153417
INFO | EPOCH_089 | [B=53, T=23, D=11] true=0.405473 pred=0.401744 diff=-0.003729 abs_err=0.003729
INFO | EPOCH_089 | TOP 5 WORST masked points (largest abs_err):
INFO | EPOCH_089 | [B=9, T=8, D=6] true=3.547465 pred=0.626966 diff=-2.920500 abs_err=2.920500
INFO | EPOCH_089 | [B=9, T=18, D=6] true=3.577968 pred=0.660557 diff=-2.917411 abs_err=2.917411
INFO | EPOCH_089 | [B=44, T=20, D=6] true=0.108967 pred=2.702213 diff=+2.593246 abs_err=2.593246
INFO | EPOCH_089 | [B=44, T=18, D=6] true=0.127504 pred=2.708145 diff=+2.580641 abs_err=2.580641
INFO | EPOCH_089 | [B=33, T=10, D=9] true=3.742375 pred=1.203035 diff=-2.539340 abs_err=2.539340
INFO | EPOCH_089 | TOP 5 BEST/CORRECT masked points (smallest abs_err):
INFO | EPOCH_089 | [B=16, T=11, D=11] true=0.541147 pred=0.541142 diff=-0.000005 abs_err=0.000005
INFO | EPOCH_089 | [B=59, T=26, D=10] true=2.343938 pred=2.343978 diff=+0.000041 abs_err=0.000041
INFO | EPOCH_089 | [B=20, T=9, D=10] true=1.369341 pred=1.369407 diff=+0.000066 abs_err=0.000066
INFO | EPOCH_089 | [B=34, T=23, D=1] true=1.691635 pred=1.691752 diff=+0.000116 abs_err=0.000116
INFO | EPOCH_089 | [B=36, T=19, D=2] true=0.494784 pred=0.494906 diff=+0.000122 abs_err=0.000122
INFO | EPOCH_099 | RANDOM 15 masked points (true, pred, diff, abs_err):
INFO | EPOCH_099 | [B=33, T=9, D=4] true=2.075699 pred=2.086835 diff=+0.011136 abs_err=0.011136
INFO | EPOCH_099 | [B=4, T=6, D=11] true=0.618682 pred=0.557467 diff=-0.061215 abs_err=0.061215
INFO | EPOCH_099 | [B=20, T=30, D=4] true=2.248312 pred=2.269279 diff=+0.020967 abs_err=0.020967
INFO | EPOCH_099 | [B=3, T=0, D=2] true=0.090124 pred=0.088428 diff=-0.001697 abs_err=0.001697
INFO | EPOCH_099 | [B=45, T=24, D=10] true=1.507328 pred=1.390764 diff=-0.116564 abs_err=0.116564
INFO | EPOCH_099 | [B=29, T=21, D=11] true=0.508238 pred=0.563390 diff=+0.055151 abs_err=0.055151
INFO | EPOCH_099 | [B=40, T=23, D=6] true=2.777683 pred=2.883264 diff=+0.105581 abs_err=0.105581
INFO | EPOCH_099 | [B=18, T=3, D=7] true=2.474683 pred=2.523234 diff=+0.048551 abs_err=0.048551
INFO | EPOCH_099 | [B=46, T=5, D=4] true=1.822887 pred=1.741847 diff=-0.081040 abs_err=0.081040
INFO | EPOCH_099 | [B=42, T=7, D=8] true=1.037671 pred=0.998707 diff=-0.038964 abs_err=0.038964
INFO | EPOCH_099 | [B=6, T=19, D=11] true=0.429109 pred=0.422621 diff=-0.006488 abs_err=0.006488
INFO | EPOCH_099 | [B=19, T=13, D=4] true=1.601870 pred=1.519581 diff=-0.082290 abs_err=0.082290
INFO | EPOCH_099 | [B=36, T=23, D=2] true=-0.224443 pred=0.165863 diff=+0.390306 abs_err=0.390306
INFO | EPOCH_099 | [B=37, T=13, D=4] true=1.682965 pred=1.666952 diff=-0.016012 abs_err=0.016012
INFO | EPOCH_099 | [B=27, T=27, D=1] true=1.726079 pred=1.773637 diff=+0.047558 abs_err=0.047558
INFO | EPOCH_099 | TOP 5 WORST masked points (largest abs_err):
INFO | EPOCH_099 | [B=26, T=8, D=6] true=1.595185 pred=4.550619 diff=+2.955434 abs_err=2.955434
INFO | EPOCH_099 | [B=14, T=11, D=6] true=0.115726 pred=2.857838 diff=+2.742112 abs_err=2.742112
INFO | EPOCH_099 | [B=14, T=5, D=6] true=0.146037 pred=2.871001 diff=+2.724964 abs_err=2.724964
INFO | EPOCH_099 | [B=53, T=1, D=10] true=3.218401 pred=0.839788 diff=-2.378613 abs_err=2.378613
INFO | EPOCH_099 | [B=12, T=20, D=11] true=2.590584 pred=0.243530 diff=-2.347054 abs_err=2.347054
INFO | EPOCH_099 | TOP 5 BEST/CORRECT masked points (smallest abs_err):
INFO | EPOCH_099 | [B=14, T=14, D=2] true=0.444470 pred=0.444446 diff=-0.000024 abs_err=0.000024
INFO | EPOCH_099 | [B=51, T=11, D=5] true=-0.055934 pred=-0.055901 diff=+0.000034 abs_err=0.000034
INFO | EPOCH_099 | [B=1, T=3, D=6] true=3.386611 pred=3.386646 diff=+0.000035 abs_err=0.000035
INFO | EPOCH_099 | [B=5, T=23, D=1] true=1.338100 pred=1.338052 diff=-0.000047 abs_err=0.000047
INFO | EPOCH_099 | [B=7, T=2, D=4] true=1.003038 pred=1.002939 diff=-0.000099 abs_err=0.000099
INFO | EPOCH_109 | RANDOM 15 masked points (true, pred, diff, abs_err):
INFO | EPOCH_109 | [B=26, T=2, D=5] true=-0.152521 pred=-0.039162 diff=+0.113359 abs_err=0.113359
INFO | EPOCH_109 | [B=29, T=8, D=11] true=0.449968 pred=0.455869 diff=+0.005901 abs_err=0.005901
INFO | EPOCH_109 | [B=24, T=23, D=2] true=0.311823 pred=0.307736 diff=-0.004088 abs_err=0.004088
INFO | EPOCH_109 | [B=9, T=11, D=5] true=0.449186 pred=0.267150 diff=-0.182036 abs_err=0.182036
INFO | EPOCH_109 | [B=18, T=19, D=5] true=0.179784 pred=0.062630 diff=-0.117154 abs_err=0.117154
INFO | EPOCH_109 | [B=2, T=22, D=11] true=1.017967 pred=0.816606 diff=-0.201360 abs_err=0.201360
INFO | EPOCH_109 | [B=53, T=7, D=5] true=0.003153 pred=0.111133 diff=+0.107980 abs_err=0.107980
INFO | EPOCH_109 | [B=58, T=27, D=0] true=1.905097 pred=2.463392 diff=+0.558295 abs_err=0.558295
INFO | EPOCH_109 | [B=12, T=25, D=5] true=0.355749 pred=0.258738 diff=-0.097010 abs_err=0.097010
INFO | EPOCH_109 | [B=52, T=19, D=2] true=-0.023354 pred=0.050384 diff=+0.073738 abs_err=0.073738
INFO | EPOCH_109 | [B=42, T=23, D=5] true=0.075830 pred=-0.008540 diff=-0.084370 abs_err=0.084370
INFO | EPOCH_109 | [B=36, T=7, D=9] true=3.929164 pred=3.818338 diff=-0.110825 abs_err=0.110825
INFO | EPOCH_109 | [B=22, T=27, D=4] true=1.184278 pred=1.521838 diff=+0.337561 abs_err=0.337561
INFO | EPOCH_109 | [B=6, T=8, D=6] true=1.076628 pred=1.152504 diff=+0.075876 abs_err=0.075876
INFO | EPOCH_109 | [B=52, T=9, D=1] true=1.908099 pred=1.597434 diff=-0.310665 abs_err=0.310665
INFO | EPOCH_109 | TOP 5 WORST masked points (largest abs_err):
INFO | EPOCH_109 | [B=47, T=24, D=6] true=1.678643 pred=4.378471 diff=+2.699829 abs_err=2.699829
INFO | EPOCH_109 | [B=47, T=28, D=9] true=1.413674 pred=3.865567 diff=+2.451894 abs_err=2.451894
INFO | EPOCH_109 | [B=7, T=7, D=0] true=3.767489 pred=1.550118 diff=-2.217371 abs_err=2.217371
INFO | EPOCH_109 | [B=0, T=28, D=9] true=3.682978 pred=1.504117 diff=-2.178861 abs_err=2.178861
INFO | EPOCH_109 | [B=60, T=7, D=9] true=3.882581 pred=1.724830 diff=-2.157751 abs_err=2.157751
INFO | EPOCH_109 | TOP 5 BEST/CORRECT masked points (smallest abs_err):
INFO | EPOCH_109 | [B=37, T=15, D=5] true=0.144102 pred=0.144092 diff=-0.000010 abs_err=0.000010
INFO | EPOCH_109 | [B=15, T=30, D=6] true=1.196965 pred=1.196857 diff=-0.000108 abs_err=0.000108
INFO | EPOCH_109 | [B=17, T=12, D=2] true=0.386282 pred=0.386160 diff=-0.000122 abs_err=0.000122
INFO | EPOCH_109 | [B=46, T=26, D=7] true=1.369098 pred=1.368962 diff=-0.000136 abs_err=0.000136
INFO | EPOCH_109 | [B=54, T=21, D=1] true=1.641789 pred=1.641934 diff=+0.000145 abs_err=0.000145
INFO | EPOCH_119 | RANDOM 15 masked points (true, pred, diff, abs_err):
INFO | EPOCH_119 | [B=34, T=14, D=5] true=-0.133231 pred=0.217955 diff=+0.351186 abs_err=0.351186
INFO | EPOCH_119 | [B=17, T=16, D=11] true=0.463974 pred=0.600447 diff=+0.136473 abs_err=0.136473
INFO | EPOCH_119 | [B=24, T=13, D=2] true=-0.082466 pred=-0.068836 diff=+0.013630 abs_err=0.013630
INFO | EPOCH_119 | [B=33, T=1, D=8] true=0.580895 pred=0.780847 diff=+0.199952 abs_err=0.199952
INFO | EPOCH_119 | [B=6, T=3, D=4] true=1.423838 pred=1.408921 diff=-0.014917 abs_err=0.014917
INFO | EPOCH_119 | [B=8, T=3, D=3] true=3.377589 pred=3.236785 diff=-0.140805 abs_err=0.140805
INFO | EPOCH_119 | [B=3, T=28, D=11] true=0.233914 pred=0.341080 diff=+0.107166 abs_err=0.107166
INFO | EPOCH_119 | [B=13, T=1, D=0] true=2.846418 pred=2.922848 diff=+0.076430 abs_err=0.076430
INFO | EPOCH_119 | [B=50, T=11, D=11] true=0.518573 pred=0.346393 diff=-0.172179 abs_err=0.172179
INFO | EPOCH_119 | [B=54, T=3, D=6] true=4.867504 pred=4.673735 diff=-0.193769 abs_err=0.193769
INFO | EPOCH_119 | [B=34, T=23, D=9] true=3.200991 pred=2.913718 diff=-0.287274 abs_err=0.287274
INFO | EPOCH_119 | [B=52, T=23, D=1] true=2.215749 pred=1.818263 diff=-0.397485 abs_err=0.397485
INFO | EPOCH_119 | [B=33, T=7, D=9] true=2.784018 pred=2.847576 diff=+0.063559 abs_err=0.063559
INFO | EPOCH_119 | [B=38, T=22, D=4] true=1.314261 pred=1.435010 diff=+0.120750 abs_err=0.120750
INFO | EPOCH_119 | [B=10, T=8, D=4] true=1.440868 pred=1.166066 diff=-0.274803 abs_err=0.274803
INFO | EPOCH_119 | TOP 5 WORST masked points (largest abs_err):
INFO | EPOCH_119 | [B=17, T=6, D=6] true=0.042953 pred=3.731705 diff=+3.688752 abs_err=3.688752
INFO | EPOCH_119 | [B=17, T=2, D=6] true=0.050544 pred=3.735850 diff=+3.685305 abs_err=3.685305
INFO | EPOCH_119 | [B=37, T=28, D=6] true=5.711285 pred=3.161032 diff=-2.550253 abs_err=2.550253
INFO | EPOCH_119 | [B=32, T=28, D=3] true=1.292231 pred=3.706378 diff=+2.414146 abs_err=2.414146
INFO | EPOCH_119 | [B=55, T=27, D=9] true=1.255944 pred=3.534247 diff=+2.278303 abs_err=2.278303
INFO | EPOCH_119 | TOP 5 BEST/CORRECT masked points (smallest abs_err):
INFO | EPOCH_119 | [B=37, T=8, D=3] true=2.750892 pred=2.750885 diff=-0.000007 abs_err=0.000007
INFO | EPOCH_119 | [B=37, T=11, D=9] true=1.600627 pred=1.600684 diff=+0.000057 abs_err=0.000057
INFO | EPOCH_119 | [B=20, T=27, D=0] true=2.820541 pred=2.820612 diff=+0.000071 abs_err=0.000071
INFO | EPOCH_119 | [B=49, T=22, D=4] true=1.418092 pred=1.418163 diff=+0.000072 abs_err=0.000072
INFO | EPOCH_119 | [B=24, T=2, D=3] true=3.105099 pred=3.105178 diff=+0.000078 abs_err=0.000078
INFO | EPOCH_129 | RANDOM 15 masked points (true, pred, diff, abs_err):
INFO | EPOCH_129 | [B=8, T=7, D=2] true=0.175422 pred=0.307328 diff=+0.131907 abs_err=0.131907
INFO | EPOCH_129 | [B=19, T=8, D=11] true=0.674949 pred=0.532985 diff=-0.141965 abs_err=0.141965
INFO | EPOCH_129 | [B=12, T=15, D=8] true=0.249060 pred=0.377626 diff=+0.128566 abs_err=0.128566
INFO | EPOCH_129 | [B=18, T=22, D=7] true=1.525464 pred=1.503095 diff=-0.022369 abs_err=0.022369
INFO | EPOCH_129 | [B=38, T=18, D=9] true=4.340091 pred=4.208177 diff=-0.131914 abs_err=0.131914
INFO | EPOCH_129 | [B=36, T=0, D=10] true=1.368468 pred=1.447058 diff=+0.078590 abs_err=0.078590
INFO | EPOCH_129 | [B=40, T=27, D=10] true=2.842610 pred=2.619507 diff=-0.223103 abs_err=0.223103
INFO | EPOCH_129 | [B=48, T=28, D=5] true=-0.000927 pred=0.361659 diff=+0.362586 abs_err=0.362586
INFO | EPOCH_129 | [B=9, T=13, D=2] true=0.153986 pred=0.290885 diff=+0.136899 abs_err=0.136899
INFO | EPOCH_129 | [B=8, T=8, D=4] true=2.395990 pred=2.345893 diff=-0.050097 abs_err=0.050097
INFO | EPOCH_129 | [B=9, T=7, D=1] true=2.516585 pred=2.479464 diff=-0.037122 abs_err=0.037122
INFO | EPOCH_129 | [B=47, T=14, D=0] true=2.469204 pred=2.494947 diff=+0.025743 abs_err=0.025743
INFO | EPOCH_129 | [B=35, T=1, D=9] true=1.686673 pred=1.697792 diff=+0.011118 abs_err=0.011118
INFO | EPOCH_129 | [B=5, T=9, D=7] true=1.519288 pred=1.378608 diff=-0.140680 abs_err=0.140680
INFO | EPOCH_129 | [B=12, T=28, D=2] true=0.500543 pred=0.491093 diff=-0.009450 abs_err=0.009450
INFO | EPOCH_129 | TOP 5 WORST masked points (largest abs_err):
INFO | EPOCH_129 | [B=46, T=13, D=6] true=0.022954 pred=3.219003 diff=+3.196049 abs_err=3.196049
INFO | EPOCH_129 | [B=46, T=10, D=6] true=0.025506 pred=3.220472 diff=+3.194965 abs_err=3.194965
INFO | EPOCH_129 | [B=26, T=5, D=9] true=0.757862 pred=3.524635 diff=+2.766773 abs_err=2.766773
INFO | EPOCH_129 | [B=0, T=17, D=10] true=0.392161 pred=2.718008 diff=+2.325848 abs_err=2.325848
INFO | EPOCH_129 | [B=0, T=13, D=10] true=0.403840 pred=2.718170 diff=+2.314330 abs_err=2.314330
INFO | EPOCH_129 | TOP 5 BEST/CORRECT masked points (smallest abs_err):
INFO | EPOCH_129 | [B=53, T=17, D=10] true=1.383786 pred=1.383784 diff=-0.000002 abs_err=0.000002
INFO | EPOCH_129 | [B=37, T=14, D=4] true=2.268003 pred=2.268008 diff=+0.000005 abs_err=0.000005
INFO | EPOCH_129 | [B=56, T=7, D=9] true=2.935652 pred=2.935659 diff=+0.000007 abs_err=0.000007
INFO | EPOCH_129 | [B=37, T=9, D=8] true=-0.031986 pred=-0.031977 diff=+0.000009 abs_err=0.000009
INFO | EPOCH_129 | [B=41, T=16, D=0] true=3.380401 pred=3.380391 diff=-0.000010 abs_err=0.000010
INFO | EPOCH_139 | RANDOM 15 masked points (true, pred, diff, abs_err):
INFO | EPOCH_139 | [B=63, T=25, D=7] true=2.111240 pred=1.718724 diff=-0.392516 abs_err=0.392516
INFO | EPOCH_139 | [B=29, T=18, D=9] true=3.122408 pred=2.933009 diff=-0.189399 abs_err=0.189399
INFO | EPOCH_139 | [B=26, T=32, D=3] true=2.100668 pred=2.328279 diff=+0.227611 abs_err=0.227611
INFO | EPOCH_139 | [B=8, T=28, D=6] true=4.273119 pred=3.949342 diff=-0.323776 abs_err=0.323776
INFO | EPOCH_139 | [B=55, T=7, D=1] true=1.723307 pred=1.800844 diff=+0.077537 abs_err=0.077537
INFO | EPOCH_139 | [B=6, T=25, D=3] true=3.419514 pred=3.466144 diff=+0.046630 abs_err=0.046630
INFO | EPOCH_139 | [B=61, T=14, D=1] true=1.321992 pred=1.703182 diff=+0.381190 abs_err=0.381190
INFO | EPOCH_139 | [B=4, T=10, D=1] true=1.929912 pred=1.892405 diff=-0.037508 abs_err=0.037508
INFO | EPOCH_139 | [B=28, T=25, D=4] true=1.879745 pred=1.839494 diff=-0.040251 abs_err=0.040251
INFO | EPOCH_139 | [B=2, T=18, D=11] true=0.771883 pred=0.741911 diff=-0.029973 abs_err=0.029973
INFO | EPOCH_139 | [B=10, T=12, D=6] true=2.197686 pred=2.222179 diff=+0.024493 abs_err=0.024493
INFO | EPOCH_139 | [B=54, T=13, D=0] true=2.153965 pred=2.093298 diff=-0.060667 abs_err=0.060667
INFO | EPOCH_139 | [B=5, T=0, D=3] true=3.467121 pred=3.427657 diff=-0.039464 abs_err=0.039464
INFO | EPOCH_139 | [B=40, T=27, D=5] true=0.346225 pred=0.429710 diff=+0.083485 abs_err=0.083485
INFO | EPOCH_139 | [B=58, T=24, D=6] true=3.127714 pred=3.319707 diff=+0.191993 abs_err=0.191993
INFO | EPOCH_139 | TOP 5 WORST masked points (largest abs_err):
INFO | EPOCH_139 | [B=51, T=24, D=6] true=3.759710 pred=1.517469 diff=-2.242241 abs_err=2.242241
INFO | EPOCH_139 | [B=63, T=23, D=3] true=1.364607 pred=3.458810 diff=+2.094202 abs_err=2.094202
INFO | EPOCH_139 | [B=36, T=17, D=9] true=3.693735 pred=1.621181 diff=-2.072554 abs_err=2.072554
INFO | EPOCH_139 | [B=51, T=26, D=0] true=3.701226 pred=1.648042 diff=-2.053184 abs_err=2.053184
INFO | EPOCH_139 | [B=36, T=28, D=9] true=3.660822 pred=1.623110 diff=-2.037712 abs_err=2.037712
INFO | EPOCH_139 | TOP 5 BEST/CORRECT masked points (smallest abs_err):
INFO | EPOCH_139 | [B=26, T=26, D=1] true=1.883727 pred=1.883703 diff=-0.000024 abs_err=0.000024
INFO | EPOCH_139 | [B=10, T=15, D=6] true=2.235744 pred=2.235719 diff=-0.000025 abs_err=0.000025
INFO | EPOCH_139 | [B=1, T=17, D=11] true=0.176401 pred=0.176452 diff=+0.000051 abs_err=0.000051
INFO | EPOCH_139 | [B=31, T=8, D=10] true=2.061070 pred=2.061134 diff=+0.000064 abs_err=0.000064
INFO | EPOCH_139 | [B=4, T=9, D=9] true=0.601713 pred=0.601780 diff=+0.000067 abs_err=0.000067
INFO | EPOCH_149 | RANDOM 15 masked points (true, pred, diff, abs_err):
INFO | EPOCH_149 | [B=9, T=27, D=7] true=1.269838 pred=1.363364 diff=+0.093526 abs_err=0.093526
INFO | EPOCH_149 | [B=40, T=7, D=3] true=2.710387 pred=2.705441 diff=-0.004946 abs_err=0.004946
INFO | EPOCH_149 | [B=29, T=3, D=7] true=1.328639 pred=1.407602 diff=+0.078963 abs_err=0.078963
INFO | EPOCH_149 | [B=9, T=9, D=9] true=2.971333 pred=2.952744 diff=-0.018589 abs_err=0.018589
INFO | EPOCH_149 | [B=29, T=0, D=4] true=1.426226 pred=1.468131 diff=+0.041905 abs_err=0.041905
INFO | EPOCH_149 | [B=46, T=9, D=4] true=2.442017 pred=2.192464 diff=-0.249553 abs_err=0.249553
INFO | EPOCH_149 | [B=58, T=10, D=5] true=0.489082 pred=0.430143 diff=-0.058940 abs_err=0.058940
INFO | EPOCH_149 | [B=17, T=9, D=3] true=3.898346 pred=3.754990 diff=-0.143356 abs_err=0.143356
INFO | EPOCH_149 | [B=58, T=12, D=8] true=0.687404 pred=0.460060 diff=-0.227344 abs_err=0.227344
INFO | EPOCH_149 | [B=53, T=24, D=7] true=2.357746 pred=2.227064 diff=-0.130682 abs_err=0.130682
INFO | EPOCH_149 | [B=30, T=5, D=7] true=1.438447 pred=1.423639 diff=-0.014808 abs_err=0.014808
INFO | EPOCH_149 | [B=32, T=15, D=6] true=3.064976 pred=2.814855 diff=-0.250122 abs_err=0.250122
INFO | EPOCH_149 | [B=13, T=24, D=9] true=3.062854 pred=3.060076 diff=-0.002778 abs_err=0.002778
INFO | EPOCH_149 | [B=42, T=14, D=11] true=0.603078 pred=0.697351 diff=+0.094273 abs_err=0.094273
INFO | EPOCH_149 | [B=53, T=7, D=3] true=3.021121 pred=3.036859 diff=+0.015738 abs_err=0.015738
INFO | EPOCH_149 | TOP 5 WORST masked points (largest abs_err):
INFO | EPOCH_149 | [B=35, T=20, D=3] true=0.534949 pred=3.146405 diff=+2.611456 abs_err=2.611456
INFO | EPOCH_149 | [B=1, T=15, D=3] true=1.012525 pred=3.108826 diff=+2.096301 abs_err=2.096301
INFO | EPOCH_149 | [B=46, T=14, D=2] true=2.224028 pred=0.143002 diff=-2.081026 abs_err=2.081026
INFO | EPOCH_149 | [B=37, T=25, D=0] true=0.800751 pred=2.817760 diff=+2.017009 abs_err=2.017009
INFO | EPOCH_149 | [B=35, T=20, D=5] true=2.149199 pred=0.221263 diff=-1.927935 abs_err=1.927935
INFO | EPOCH_149 | TOP 5 BEST/CORRECT masked points (smallest abs_err):
INFO | EPOCH_149 | [B=26, T=11, D=1] true=1.448308 pred=1.448301 diff=-0.000007 abs_err=0.000007
INFO | EPOCH_149 | [B=61, T=31, D=4] true=1.489936 pred=1.489967 diff=+0.000031 abs_err=0.000031
INFO | EPOCH_149 | [B=30, T=2, D=3] true=3.444943 pred=3.444986 diff=+0.000043 abs_err=0.000043
INFO | EPOCH_149 | [B=4, T=5, D=5] true=0.288576 pred=0.288650 diff=+0.000074 abs_err=0.000074
INFO | EPOCH_149 | [B=43, T=13, D=2] true=0.350382 pred=0.350458 diff=+0.000076 abs_err=0.000076
INFO | EPOCH_159 | RANDOM 15 masked points (true, pred, diff, abs_err):
INFO | EPOCH_159 | [B=1, T=13, D=0] true=2.258127 pred=2.451105 diff=+0.192977 abs_err=0.192977
INFO | EPOCH_159 | [B=23, T=17, D=9] true=2.205830 pred=2.521246 diff=+0.315416 abs_err=0.315416
INFO | EPOCH_159 | [B=43, T=20, D=0] true=2.767627 pred=2.696634 diff=-0.070993 abs_err=0.070993
INFO | EPOCH_159 | [B=11, T=18, D=1] true=1.574110 pred=1.560284 diff=-0.013826 abs_err=0.013826
INFO | EPOCH_159 | [B=23, T=16, D=1] true=1.683967 pred=1.816712 diff=+0.132745 abs_err=0.132745
INFO | EPOCH_159 | [B=8, T=18, D=3] true=2.053612 pred=2.247249 diff=+0.193636 abs_err=0.193636
INFO | EPOCH_159 | [B=30, T=14, D=2] true=0.544087 pred=0.384045 diff=-0.160042 abs_err=0.160042
INFO | EPOCH_159 | [B=53, T=5, D=5] true=0.198522 pred=0.183994 diff=-0.014529 abs_err=0.014529
INFO | EPOCH_159 | [B=11, T=4, D=6] true=2.908777 pred=2.709783 diff=-0.198994 abs_err=0.198994
INFO | EPOCH_159 | [B=53, T=23, D=7] true=1.243162 pred=1.288370 diff=+0.045207 abs_err=0.045207
INFO | EPOCH_159 | [B=46, T=22, D=2] true=0.097631 pred=0.801253 diff=+0.703623 abs_err=0.703623
INFO | EPOCH_159 | [B=60, T=14, D=4] true=1.405782 pred=1.374087 diff=-0.031694 abs_err=0.031694
INFO | EPOCH_159 | [B=14, T=8, D=11] true=0.184970 pred=0.196920 diff=+0.011950 abs_err=0.011950
INFO | EPOCH_159 | [B=60, T=11, D=3] true=1.409441 pred=1.530381 diff=+0.120941 abs_err=0.120941
INFO | EPOCH_159 | [B=63, T=2, D=4] true=1.253984 pred=1.290972 diff=+0.036987 abs_err=0.036987
INFO | EPOCH_159 | TOP 5 WORST masked points (largest abs_err):
INFO | EPOCH_159 | [B=7, T=3, D=0] true=5.087778 pred=2.338367 diff=-2.749412 abs_err=2.749412
INFO | EPOCH_159 | [B=39, T=23, D=3] true=1.330343 pred=3.628786 diff=+2.298443 abs_err=2.298443
INFO | EPOCH_159 | [B=22, T=25, D=5] true=-2.117338 pred=0.176863 diff=+2.294200 abs_err=2.294200
INFO | EPOCH_159 | [B=7, T=3, D=2] true=2.372046 pred=0.087251 diff=-2.284794 abs_err=2.284794
INFO | EPOCH_159 | [B=58, T=19, D=6] true=3.603509 pred=1.408851 diff=-2.194658 abs_err=2.194658
INFO | EPOCH_159 | TOP 5 BEST/CORRECT masked points (smallest abs_err):
INFO | EPOCH_159 | [B=45, T=3, D=3] true=1.356222 pred=1.356268 diff=+0.000045 abs_err=0.000045
INFO | EPOCH_159 | [B=24, T=7, D=2] true=0.031029 pred=0.031090 diff=+0.000061 abs_err=0.000061
INFO | EPOCH_159 | [B=35, T=10, D=6] true=2.850102 pred=2.850168 diff=+0.000066 abs_err=0.000066
INFO | EPOCH_159 | [B=3, T=7, D=9] true=2.017871 pred=2.017940 diff=+0.000069 abs_err=0.000069
INFO | EPOCH_159 | [B=38, T=21, D=0] true=1.777057 pred=1.776982 diff=-0.000074 abs_err=0.000074
INFO | EPOCH_169 | RANDOM 15 masked points (true, pred, diff, abs_err):
INFO | EPOCH_169 | [B=45, T=5, D=11] true=0.916145 pred=0.765076 diff=-0.151068 abs_err=0.151068
INFO | EPOCH_169 | [B=14, T=8, D=11] true=0.872473 pred=0.435769 diff=-0.436703 abs_err=0.436703
INFO | EPOCH_169 | [B=11, T=6, D=0] true=3.630370 pred=3.402476 diff=-0.227894 abs_err=0.227894
INFO | EPOCH_169 | [B=48, T=22, D=3] true=2.267440 pred=2.151309 diff=-0.116130 abs_err=0.116130
INFO | EPOCH_169 | [B=47, T=0, D=7] true=1.355017 pred=1.264229 diff=-0.090788 abs_err=0.090788
INFO | EPOCH_169 | [B=2, T=18, D=9] true=2.387378 pred=2.313544 diff=-0.073834 abs_err=0.073834
INFO | EPOCH_169 | [B=18, T=13, D=8] true=0.263045 pred=0.493448 diff=+0.230403 abs_err=0.230403
INFO | EPOCH_169 | [B=24, T=23, D=9] true=2.978814 pred=3.116757 diff=+0.137944 abs_err=0.137944
INFO | EPOCH_169 | [B=14, T=3, D=3] true=3.501604 pred=3.343259 diff=-0.158345 abs_err=0.158345
INFO | EPOCH_169 | [B=44, T=2, D=10] true=1.850505 pred=1.141316 diff=-0.709189 abs_err=0.709189
INFO | EPOCH_169 | [B=23, T=11, D=11] true=0.922087 pred=0.807759 diff=-0.114328 abs_err=0.114328
INFO | EPOCH_169 | [B=63, T=28, D=8] true=1.243757 pred=1.063201 diff=-0.180555 abs_err=0.180555
INFO | EPOCH_169 | [B=2, T=21, D=4] true=1.231986 pred=1.295292 diff=+0.063306 abs_err=0.063306
INFO | EPOCH_169 | [B=15, T=1, D=3] true=2.510056 pred=2.659525 diff=+0.149469 abs_err=0.149469
INFO | EPOCH_169 | [B=51, T=20, D=9] true=3.297305 pred=3.274768 diff=-0.022537 abs_err=0.022537
INFO | EPOCH_169 | TOP 5 WORST masked points (largest abs_err):
INFO | EPOCH_169 | [B=28, T=19, D=11] true=-1.985981 pred=0.523859 diff=+2.509840 abs_err=2.509840
INFO | EPOCH_169 | [B=43, T=7, D=11] true=2.397161 pred=-0.001049 diff=-2.398211 abs_err=2.398211
INFO | EPOCH_169 | [B=33, T=10, D=9] true=3.742375 pred=1.411484 diff=-2.330891 abs_err=2.330891
INFO | EPOCH_169 | [B=28, T=19, D=10] true=3.777889 pred=1.505920 diff=-2.271969 abs_err=2.271969
INFO | EPOCH_169 | [B=44, T=6, D=0] true=3.616072 pred=1.389674 diff=-2.226398 abs_err=2.226398
INFO | EPOCH_169 | TOP 5 BEST/CORRECT masked points (smallest abs_err):
INFO | EPOCH_169 | [B=52, T=31, D=5] true=0.131434 pred=0.131454 diff=+0.000019 abs_err=0.000019
INFO | EPOCH_169 | [B=7, T=12, D=5] true=0.260383 pred=0.260362 diff=-0.000021 abs_err=0.000021
INFO | EPOCH_169 | [B=3, T=4, D=7] true=1.586648 pred=1.586626 diff=-0.000021 abs_err=0.000021
INFO | EPOCH_169 | [B=35, T=0, D=8] true=0.344424 pred=0.344390 diff=-0.000034 abs_err=0.000034
INFO | EPOCH_169 | [B=30, T=7, D=1] true=1.368619 pred=1.368696 diff=+0.000077 abs_err=0.000077
INFO | EPOCH_179 | RANDOM 15 masked points (true, pred, diff, abs_err):
INFO | EPOCH_179 | [B=33, T=16, D=5] true=0.102782 pred=0.011835 diff=-0.090948 abs_err=0.090948
INFO | EPOCH_179 | [B=29, T=20, D=3] true=3.188368 pred=3.055282 diff=-0.133086 abs_err=0.133086
INFO | EPOCH_179 | [B=54, T=9, D=7] true=1.428277 pred=1.397479 diff=-0.030798 abs_err=0.030798
INFO | EPOCH_179 | [B=1, T=32, D=7] true=1.333114 pred=1.359002 diff=+0.025888 abs_err=0.025888
INFO | EPOCH_179 | [B=48, T=7, D=5] true=0.790484 pred=0.641172 diff=-0.149312 abs_err=0.149312
INFO | EPOCH_179 | [B=63, T=4, D=1] true=1.360864 pred=1.339795 diff=-0.021069 abs_err=0.021069
INFO | EPOCH_179 | [B=23, T=25, D=6] true=4.762866 pred=4.753521 diff=-0.009345 abs_err=0.009345
INFO | EPOCH_179 | [B=10, T=21, D=2] true=0.220085 pred=0.165874 diff=-0.054210 abs_err=0.054210
INFO | EPOCH_179 | [B=63, T=14, D=5] true=0.309743 pred=0.256711 diff=-0.053032 abs_err=0.053032
INFO | EPOCH_179 | [B=39, T=2, D=5] true=0.089423 pred=0.024059 diff=-0.065365 abs_err=0.065365
INFO | EPOCH_179 | [B=37, T=21, D=4] true=1.564772 pred=1.395961 diff=-0.168811 abs_err=0.168811
INFO | EPOCH_179 | [B=29, T=29, D=5] true=-0.005894 pred=0.417198 diff=+0.423093 abs_err=0.423093
INFO | EPOCH_179 | [B=15, T=7, D=3] true=1.823113 pred=1.558608 diff=-0.264505 abs_err=0.264505
INFO | EPOCH_179 | [B=57, T=24, D=5] true=0.414006 pred=0.227906 diff=-0.186100 abs_err=0.186100
INFO | EPOCH_179 | [B=32, T=20, D=0] true=1.822188 pred=2.010252 diff=+0.188065 abs_err=0.188065
INFO | EPOCH_179 | TOP 5 WORST masked points (largest abs_err):
INFO | EPOCH_179 | [B=26, T=8, D=6] true=1.595185 pred=4.282017 diff=+2.686832 abs_err=2.686832
INFO | EPOCH_179 | [B=18, T=11, D=6] true=3.456601 pred=0.990197 diff=-2.466404 abs_err=2.466404
INFO | EPOCH_179 | [B=12, T=20, D=11] true=2.590584 pred=0.168126 diff=-2.422458 abs_err=2.422458
INFO | EPOCH_179 | [B=16, T=0, D=6] true=3.570038 pred=1.155101 diff=-2.414937 abs_err=2.414937
INFO | EPOCH_179 | [B=16, T=3, D=6] true=3.513163 pred=1.163318 diff=-2.349845 abs_err=2.349845
INFO | EPOCH_179 | TOP 5 BEST/CORRECT masked points (smallest abs_err):
INFO | EPOCH_179 | [B=49, T=32, D=4] true=1.019158 pred=1.019134 diff=-0.000024 abs_err=0.000024
INFO | EPOCH_179 | [B=39, T=20, D=10] true=1.718484 pred=1.718459 diff=-0.000025 abs_err=0.000025
INFO | EPOCH_179 | [B=52, T=7, D=6] true=2.660458 pred=2.660517 diff=+0.000058 abs_err=0.000058
INFO | EPOCH_179 | [B=61, T=19, D=4] true=0.987518 pred=0.987606 diff=+0.000089 abs_err=0.000089
INFO | EPOCH_179 | [B=39, T=19, D=4] true=1.602216 pred=1.602309 diff=+0.000093 abs_err=0.000093
INFO | EPOCH_189 | RANDOM 15 masked points (true, pred, diff, abs_err):
INFO | EPOCH_189 | [B=9, T=11, D=11] true=0.942283 pred=1.002688 diff=+0.060405 abs_err=0.060405
INFO | EPOCH_189 | [B=32, T=30, D=10] true=1.263219 pred=1.328955 diff=+0.065735 abs_err=0.065735
INFO | EPOCH_189 | [B=30, T=3, D=2] true=0.417112 pred=0.383459 diff=-0.033653 abs_err=0.033653
INFO | EPOCH_189 | [B=42, T=19, D=2] true=0.268280 pred=0.293215 diff=+0.024935 abs_err=0.024935
INFO | EPOCH_189 | [B=35, T=6, D=11] true=0.749563 pred=0.996496 diff=+0.246933 abs_err=0.246933
INFO | EPOCH_189 | [B=59, T=17, D=10] true=1.752541 pred=1.662272 diff=-0.090269 abs_err=0.090269
INFO | EPOCH_189 | [B=62, T=14, D=0] true=2.454699 pred=2.149071 diff=-0.305629 abs_err=0.305629
INFO | EPOCH_189 | [B=6, T=8, D=1] true=1.371251 pred=1.292370 diff=-0.078880 abs_err=0.078880
INFO | EPOCH_189 | [B=63, T=25, D=4] true=2.310207 pred=2.019394 diff=-0.290813 abs_err=0.290813
INFO | EPOCH_189 | [B=23, T=16, D=7] true=2.445556 pred=2.399242 diff=-0.046314 abs_err=0.046314
INFO | EPOCH_189 | [B=9, T=2, D=10] true=1.408418 pred=1.444910 diff=+0.036492 abs_err=0.036492
INFO | EPOCH_189 | [B=19, T=6, D=1] true=2.424891 pred=2.411015 diff=-0.013876 abs_err=0.013876
INFO | EPOCH_189 | [B=43, T=3, D=2] true=-0.149014 pred=0.087016 diff=+0.236030 abs_err=0.236030
INFO | EPOCH_189 | [B=39, T=11, D=3] true=2.663859 pred=2.496213 diff=-0.167646 abs_err=0.167646
INFO | EPOCH_189 | [B=62, T=24, D=3] true=1.984740 pred=1.854161 diff=-0.130579 abs_err=0.130579
INFO | EPOCH_189 | TOP 5 WORST masked points (largest abs_err):
INFO | EPOCH_189 | [B=47, T=24, D=6] true=1.678643 pred=4.580206 diff=+2.901564 abs_err=2.901564
INFO | EPOCH_189 | [B=47, T=28, D=9] true=1.413674 pred=4.018931 diff=+2.605258 abs_err=2.605258
INFO | EPOCH_189 | [B=53, T=1, D=10] true=3.218401 pred=0.778609 diff=-2.439792 abs_err=2.439792
INFO | EPOCH_189 | [B=63, T=15, D=6] true=0.098340 pred=2.456637 diff=+2.358297 abs_err=2.358297
INFO | EPOCH_189 | [B=14, T=11, D=6] true=0.115726 pred=2.449303 diff=+2.333577 abs_err=2.333577
INFO | EPOCH_189 | TOP 5 BEST/CORRECT masked points (smallest abs_err):
INFO | EPOCH_189 | [B=26, T=1, D=9] true=2.751942 pred=2.751960 diff=+0.000018 abs_err=0.000018
INFO | EPOCH_189 | [B=30, T=2, D=4] true=2.222443 pred=2.222408 diff=-0.000035 abs_err=0.000035
INFO | EPOCH_189 | [B=41, T=3, D=3] true=3.248417 pred=3.248356 diff=-0.000061 abs_err=0.000061
INFO | EPOCH_189 | [B=23, T=13, D=2] true=0.414621 pred=0.414546 diff=-0.000075 abs_err=0.000075
INFO | EPOCH_189 | [B=23, T=18, D=11] true=0.482419 pred=0.482498 diff=+0.000079 abs_err=0.000079
INFO | EPOCH_199 | RANDOM 15 masked points (true, pred, diff, abs_err):
INFO | EPOCH_199 | [B=53, T=14, D=4] true=1.791367 pred=2.021096 diff=+0.229729 abs_err=0.229729
INFO | EPOCH_199 | [B=9, T=7, D=4] true=2.293356 pred=2.110170 diff=-0.183186 abs_err=0.183186
INFO | EPOCH_199 | [B=3, T=1, D=10] true=2.295346 pred=2.123339 diff=-0.172007 abs_err=0.172007
INFO | EPOCH_199 | [B=24, T=17, D=0] true=3.073921 pred=3.005162 diff=-0.068759 abs_err=0.068759
INFO | EPOCH_199 | [B=42, T=4, D=7] true=1.330662 pred=1.179056 diff=-0.151606 abs_err=0.151606
INFO | EPOCH_199 | [B=33, T=7, D=5] true=0.048142 pred=0.052975 diff=+0.004833 abs_err=0.004833
INFO | EPOCH_199 | [B=53, T=8, D=9] true=2.355920 pred=2.318948 diff=-0.036972 abs_err=0.036972
INFO | EPOCH_199 | [B=39, T=11, D=10] true=1.884774 pred=2.036373 diff=+0.151599 abs_err=0.151599
INFO | EPOCH_199 | [B=27, T=9, D=2] true=-0.248696 pred=-0.181747 diff=+0.066949 abs_err=0.066949
INFO | EPOCH_199 | [B=22, T=8, D=6] true=2.664065 pred=2.701808 diff=+0.037743 abs_err=0.037743
INFO | EPOCH_199 | [B=1, T=26, D=3] true=3.387005 pred=3.018406 diff=-0.368599 abs_err=0.368599
INFO | EPOCH_199 | [B=41, T=5, D=2] true=0.557470 pred=0.412541 diff=-0.144929 abs_err=0.144929
INFO | EPOCH_199 | [B=3, T=12, D=2] true=-0.153502 pred=-0.080105 diff=+0.073397 abs_err=0.073397
INFO | EPOCH_199 | [B=39, T=10, D=8] true=0.186926 pred=0.236551 diff=+0.049625 abs_err=0.049625
INFO | EPOCH_199 | [B=14, T=2, D=11] true=0.538722 pred=0.491009 diff=-0.047713 abs_err=0.047713
INFO | EPOCH_199 | TOP 5 WORST masked points (largest abs_err):
INFO | EPOCH_199 | [B=8, T=0, D=9] true=3.707034 pred=1.481219 diff=-2.225815 abs_err=2.225815
INFO | EPOCH_199 | [B=0, T=28, D=9] true=3.682978 pred=1.501052 diff=-2.181926 abs_err=2.181926
INFO | EPOCH_199 | [B=8, T=3, D=9] true=3.632441 pred=1.501960 diff=-2.130481 abs_err=2.130481
INFO | EPOCH_199 | [B=55, T=27, D=9] true=1.255944 pred=3.357826 diff=+2.101882 abs_err=2.101882
INFO | EPOCH_199 | [B=45, T=21, D=1] true=3.038777 pred=0.972668 diff=-2.066109 abs_err=2.066109
INFO | EPOCH_199 | TOP 5 BEST/CORRECT masked points (smallest abs_err):
INFO | EPOCH_199 | [B=33, T=11, D=3] true=2.898595 pred=2.898560 diff=-0.000035 abs_err=0.000035
INFO | EPOCH_199 | [B=38, T=28, D=6] true=1.121515 pred=1.121558 diff=+0.000044 abs_err=0.000044
INFO | EPOCH_199 | [B=40, T=21, D=5] true=0.034468 pred=0.034523 diff=+0.000055 abs_err=0.000055
INFO | EPOCH_199 | [B=28, T=10, D=7] true=1.331834 pred=1.331908 diff=+0.000074 abs_err=0.000074
INFO | EPOCH_199 | [B=35, T=20, D=8] true=0.280643 pred=0.280559 diff=-0.000084 abs_err=0.000084
INFO | EPOCH_209 | RANDOM 15 masked points (true, pred, diff, abs_err):
INFO | EPOCH_209 | [B=43, T=8, D=0] true=3.250776 pred=3.144411 diff=-0.106365 abs_err=0.106365
INFO | EPOCH_209 | [B=4, T=1, D=0] true=2.991469 pred=2.858929 diff=-0.132540 abs_err=0.132540
INFO | EPOCH_209 | [B=58, T=27, D=10] true=1.680574 pred=1.360188 diff=-0.320385 abs_err=0.320385
INFO | EPOCH_209 | [B=38, T=19, D=8] true=0.271332 pred=0.326701 diff=+0.055369 abs_err=0.055369
INFO | EPOCH_209 | [B=18, T=28, D=6] true=3.116310 pred=2.808096 diff=-0.308214 abs_err=0.308214
INFO | EPOCH_209 | [B=5, T=13, D=4] true=1.764795 pred=1.695653 diff=-0.069142 abs_err=0.069142
INFO | EPOCH_209 | [B=22, T=17, D=5] true=0.165953 pred=0.222364 diff=+0.056411 abs_err=0.056411
INFO | EPOCH_209 | [B=32, T=28, D=0] true=3.462036 pred=3.260215 diff=-0.201822 abs_err=0.201822
INFO | EPOCH_209 | [B=53, T=14, D=1] true=1.242716 pred=1.381849 diff=+0.139133 abs_err=0.139133
INFO | EPOCH_209 | [B=28, T=28, D=10] true=2.326905 pred=2.218525 diff=-0.108380 abs_err=0.108380
INFO | EPOCH_209 | [B=41, T=2, D=11] true=0.128202 pred=0.196249 diff=+0.068046 abs_err=0.068046
INFO | EPOCH_209 | [B=0, T=1, D=1] true=2.448137 pred=2.273108 diff=-0.175029 abs_err=0.175029
INFO | EPOCH_209 | [B=40, T=23, D=0] true=3.359760 pred=3.268374 diff=-0.091385 abs_err=0.091385
INFO | EPOCH_209 | [B=10, T=2, D=0] true=2.390772 pred=2.594513 diff=+0.203741 abs_err=0.203741
INFO | EPOCH_209 | [B=55, T=17, D=10] true=1.387470 pred=1.331249 diff=-0.056221 abs_err=0.056221
INFO | EPOCH_209 | TOP 5 WORST masked points (largest abs_err):
INFO | EPOCH_209 | [B=17, T=6, D=6] true=0.042953 pred=3.598157 diff=+3.555205 abs_err=3.555205
INFO | EPOCH_209 | [B=17, T=2, D=6] true=0.050544 pred=3.605114 diff=+3.554570 abs_err=3.554570
INFO | EPOCH_209 | [B=46, T=10, D=6] true=0.025506 pred=3.005381 diff=+2.979875 abs_err=2.979875
INFO | EPOCH_209 | [B=46, T=13, D=6] true=0.022954 pred=3.000335 diff=+2.977381 abs_err=2.977381
INFO | EPOCH_209 | [B=37, T=28, D=6] true=5.711285 pred=3.125743 diff=-2.585542 abs_err=2.585542
INFO | EPOCH_209 | TOP 5 BEST/CORRECT masked points (smallest abs_err):
INFO | EPOCH_209 | [B=47, T=26, D=0] true=3.087933 pred=3.087928 diff=-0.000005 abs_err=0.000005
INFO | EPOCH_209 | [B=28, T=9, D=1] true=1.970852 pred=1.970872 diff=+0.000020 abs_err=0.000020
INFO | EPOCH_209 | [B=21, T=8, D=3] true=1.865896 pred=1.865916 diff=+0.000021 abs_err=0.000021
INFO | EPOCH_209 | [B=47, T=29, D=6] true=3.078174 pred=3.078203 diff=+0.000029 abs_err=0.000029
INFO | EPOCH_209 | [B=23, T=14, D=4] true=1.891235 pred=1.891300 diff=+0.000064 abs_err=0.000064
INFO | EPOCH_219 | RANDOM 15 masked points (true, pred, diff, abs_err):
INFO | EPOCH_219 | [B=18, T=27, D=7] true=1.889734 pred=1.964857 diff=+0.075123 abs_err=0.075123
INFO | EPOCH_219 | [B=46, T=2, D=9] true=3.183732 pred=3.059062 diff=-0.124670 abs_err=0.124670
INFO | EPOCH_219 | [B=62, T=1, D=10] true=1.235978 pred=1.246094 diff=+0.010116 abs_err=0.010116
INFO | EPOCH_219 | [B=46, T=18, D=3] true=3.229183 pred=2.171729 diff=-1.057454 abs_err=1.057454
INFO | EPOCH_219 | [B=35, T=27, D=9] true=1.052107 pred=1.496923 diff=+0.444816 abs_err=0.444816
INFO | EPOCH_219 | [B=55, T=1, D=6] true=2.558880 pred=2.345849 diff=-0.213031 abs_err=0.213031
INFO | EPOCH_219 | [B=42, T=19, D=2] true=0.249573 pred=0.239130 diff=-0.010442 abs_err=0.010442
INFO | EPOCH_219 | [B=26, T=1, D=7] true=1.919253 pred=1.724823 diff=-0.194429 abs_err=0.194429
INFO | EPOCH_219 | [B=2, T=31, D=8] true=0.194987 pred=0.077649 diff=-0.117338 abs_err=0.117338
INFO | EPOCH_219 | [B=33, T=16, D=3] true=3.513509 pred=3.420079 diff=-0.093430 abs_err=0.093430
INFO | EPOCH_219 | [B=36, T=16, D=5] true=0.251477 pred=0.266126 diff=+0.014648 abs_err=0.014648
INFO | EPOCH_219 | [B=13, T=17, D=1] true=1.626102 pred=1.253692 diff=-0.372410 abs_err=0.372410
INFO | EPOCH_219 | [B=55, T=1, D=10] true=1.700246 pred=1.335127 diff=-0.365119 abs_err=0.365119
INFO | EPOCH_219 | [B=49, T=10, D=7] true=2.458401 pred=2.373477 diff=-0.084924 abs_err=0.084924
INFO | EPOCH_219 | [B=32, T=7, D=10] true=2.165364 pred=2.397571 diff=+0.232207 abs_err=0.232207
INFO | EPOCH_219 | TOP 5 WORST masked points (largest abs_err):
INFO | EPOCH_219 | [B=26, T=5, D=9] true=0.757862 pred=3.500747 diff=+2.742885 abs_err=2.742885
INFO | EPOCH_219 | [B=49, T=14, D=11] true=2.130419 pred=-0.244283 diff=-2.374702 abs_err=2.374702
INFO | EPOCH_219 | [B=49, T=14, D=10] true=0.506230 pred=2.709208 diff=+2.202979 abs_err=2.202979
INFO | EPOCH_219 | [B=51, T=26, D=0] true=3.701226 pred=1.540787 diff=-2.160439 abs_err=2.160439
INFO | EPOCH_219 | [B=60, T=26, D=9] true=3.425601 pred=1.318257 diff=-2.107344 abs_err=2.107344
INFO | EPOCH_219 | TOP 5 BEST/CORRECT masked points (smallest abs_err):
INFO | EPOCH_219 | [B=47, T=8, D=1] true=2.344441 pred=2.344457 diff=+0.000016 abs_err=0.000016
INFO | EPOCH_219 | [B=20, T=12, D=2] true=0.091831 pred=0.091862 diff=+0.000031 abs_err=0.000031
INFO | EPOCH_219 | [B=43, T=17, D=2] true=0.332236 pred=0.332181 diff=-0.000055 abs_err=0.000055
INFO | EPOCH_219 | [B=3, T=18, D=6] true=2.785285 pred=2.785345 diff=+0.000060 abs_err=0.000060
INFO | EPOCH_219 | [B=54, T=23, D=11] true=1.106638 pred=1.106765 diff=+0.000126 abs_err=0.000126
INFO | EPOCH_229 | RANDOM 15 masked points (true, pred, diff, abs_err):
INFO | EPOCH_229 | [B=42, T=4, D=2] true=-0.137353 pred=0.040530 diff=+0.177884 abs_err=0.177884
INFO | EPOCH_229 | [B=59, T=7, D=0] true=3.194268 pred=3.104327 diff=-0.089941 abs_err=0.089941
INFO | EPOCH_229 | [B=28, T=29, D=3] true=3.394046 pred=3.427801 diff=+0.033755 abs_err=0.033755
INFO | EPOCH_229 | [B=50, T=28, D=9] true=1.565392 pred=1.790985 diff=+0.225593 abs_err=0.225593
INFO | EPOCH_229 | [B=13, T=14, D=3] true=3.366652 pred=3.339033 diff=-0.027619 abs_err=0.027619
INFO | EPOCH_229 | [B=12, T=21, D=0] true=3.371156 pred=3.184101 diff=-0.187055 abs_err=0.187055
INFO | EPOCH_229 | [B=61, T=16, D=8] true=1.384898 pred=1.226981 diff=-0.157917 abs_err=0.157917
INFO | EPOCH_229 | [B=47, T=0, D=7] true=1.710989 pred=1.646444 diff=-0.064544 abs_err=0.064544
INFO | EPOCH_229 | [B=22, T=21, D=4] true=1.429411 pred=1.321457 diff=-0.107953 abs_err=0.107953
INFO | EPOCH_229 | [B=30, T=28, D=1] true=1.378938 pred=1.366013 diff=-0.012925 abs_err=0.012925
INFO | EPOCH_229 | [B=46, T=21, D=0] true=2.844957 pred=2.831372 diff=-0.013584 abs_err=0.013584
INFO | EPOCH_229 | [B=32, T=16, D=1] true=1.664616 pred=1.242475 diff=-0.422141 abs_err=0.422141
INFO | EPOCH_229 | [B=3, T=13, D=6] true=4.936509 pred=4.733097 diff=-0.203412 abs_err=0.203412
INFO | EPOCH_229 | [B=36, T=19, D=4] true=2.354621 pred=2.116939 diff=-0.237683 abs_err=0.237683
INFO | EPOCH_229 | [B=27, T=7, D=5] true=0.262039 pred=0.037350 diff=-0.224690 abs_err=0.224690
INFO | EPOCH_229 | TOP 5 WORST masked points (largest abs_err):
INFO | EPOCH_229 | [B=35, T=20, D=3] true=0.534949 pred=3.240772 diff=+2.705823 abs_err=2.705823
INFO | EPOCH_229 | [B=51, T=24, D=6] true=3.759710 pred=1.513295 diff=-2.246415 abs_err=2.246415
INFO | EPOCH_229 | [B=46, T=14, D=2] true=2.224028 pred=0.047362 diff=-2.176666 abs_err=2.176666
INFO | EPOCH_229 | [B=63, T=23, D=3] true=1.364607 pred=3.506067 diff=+2.141460 abs_err=2.141460
INFO | EPOCH_229 | [B=36, T=17, D=9] true=3.693735 pred=1.597911 diff=-2.095824 abs_err=2.095824
INFO | EPOCH_229 | TOP 5 BEST/CORRECT masked points (smallest abs_err):
INFO | EPOCH_229 | [B=62, T=14, D=2] true=0.465161 pred=0.465277 diff=+0.000117 abs_err=0.000117
INFO | EPOCH_229 | [B=32, T=0, D=5] true=0.322398 pred=0.322522 diff=+0.000124 abs_err=0.000124
INFO | EPOCH_229 | [B=47, T=25, D=3] true=2.498404 pred=2.498276 diff=-0.000127 abs_err=0.000127
INFO | EPOCH_229 | [B=58, T=19, D=4] true=1.530237 pred=1.530107 diff=-0.000130 abs_err=0.000130
INFO | EPOCH_229 | [B=53, T=4, D=3] true=3.044803 pred=3.044662 diff=-0.000140 abs_err=0.000140
INFO | EPOCH_239 | RANDOM 15 masked points (true, pred, diff, abs_err):
INFO | EPOCH_239 | [B=31, T=18, D=3] true=4.177955 pred=3.758536 diff=-0.419419 abs_err=0.419419
INFO | EPOCH_239 | [B=51, T=6, D=6] true=0.868886 pred=0.876861 diff=+0.007975 abs_err=0.007975
INFO | EPOCH_239 | [B=23, T=8, D=4] true=1.934857 pred=1.533003 diff=-0.401855 abs_err=0.401855
INFO | EPOCH_239 | [B=27, T=5, D=4] true=1.460874 pred=1.440033 diff=-0.020840 abs_err=0.020840
INFO | EPOCH_239 | [B=1, T=27, D=6] true=2.713804 pred=2.658856 diff=-0.054948 abs_err=0.054948
INFO | EPOCH_239 | [B=54, T=23, D=10] true=2.223065 pred=2.214857 diff=-0.008208 abs_err=0.008208
INFO | EPOCH_239 | [B=10, T=20, D=8] true=1.302198 pred=1.212724 diff=-0.089474 abs_err=0.089474
INFO | EPOCH_239 | [B=27, T=17, D=11] true=0.515587 pred=0.463911 diff=-0.051676 abs_err=0.051676
INFO | EPOCH_239 | [B=28, T=3, D=11] true=0.508653 pred=0.476439 diff=-0.032214 abs_err=0.032214
INFO | EPOCH_239 | [B=57, T=18, D=5] true=-0.005743 pred=0.059437 diff=+0.065180 abs_err=0.065180
INFO | EPOCH_239 | [B=51, T=8, D=2] true=0.154712 pred=0.215885 diff=+0.061173 abs_err=0.061173
INFO | EPOCH_239 | [B=10, T=10, D=4] true=1.252482 pred=1.249773 diff=-0.002708 abs_err=0.002708
INFO | EPOCH_239 | [B=44, T=6, D=9] true=3.661004 pred=2.901281 diff=-0.759723 abs_err=0.759723
INFO | EPOCH_239 | [B=60, T=16, D=0] true=2.884378 pred=2.886823 diff=+0.002445 abs_err=0.002445
INFO | EPOCH_239 | [B=19, T=11, D=3] true=3.700805 pred=3.591133 diff=-0.109672 abs_err=0.109672
INFO | EPOCH_239 | TOP 5 WORST masked points (largest abs_err):
INFO | EPOCH_239 | [B=7, T=3, D=0] true=5.087778 pred=2.358288 diff=-2.729490 abs_err=2.729490
INFO | EPOCH_239 | [B=58, T=19, D=6] true=3.603509 pred=1.291980 diff=-2.311529 abs_err=2.311529
INFO | EPOCH_239 | [B=7, T=3, D=2] true=2.372046 pred=0.075109 diff=-2.296937 abs_err=2.296937
INFO | EPOCH_239 | [B=22, T=25, D=5] true=-2.117338 pred=0.058453 diff=+2.175791 abs_err=2.175791
INFO | EPOCH_239 | [B=60, T=8, D=6] true=1.323833 pred=3.455472 diff=+2.131639 abs_err=2.131639
INFO | EPOCH_239 | TOP 5 BEST/CORRECT masked points (smallest abs_err):
INFO | EPOCH_239 | [B=20, T=29, D=11] true=0.479279 pred=0.479281 diff=+0.000002 abs_err=0.000002
INFO | EPOCH_239 | [B=21, T=10, D=1] true=1.421786 pred=1.421793 diff=+0.000007 abs_err=0.000007
INFO | EPOCH_239 | [B=2, T=2, D=8] true=0.900953 pred=0.900963 diff=+0.000010 abs_err=0.000010
INFO | EPOCH_239 | [B=27, T=12, D=2] true=0.196002 pred=0.196028 diff=+0.000026 abs_err=0.000026
INFO | EPOCH_239 | [B=18, T=25, D=4] true=1.423380 pred=1.423354 diff=-0.000026 abs_err=0.000026
INFO | EPOCH_249 | RANDOM 15 masked points (true, pred, diff, abs_err):
INFO | EPOCH_249 | [B=21, T=16, D=8] true=1.298931 pred=1.380284 diff=+0.081353 abs_err=0.081353
INFO | EPOCH_249 | [B=63, T=14, D=10] true=1.998094 pred=1.871812 diff=-0.126282 abs_err=0.126282
INFO | EPOCH_249 | [B=16, T=15, D=5] true=0.018283 pred=0.074467 diff=+0.056184 abs_err=0.056184
INFO | EPOCH_249 | [B=18, T=6, D=4] true=1.501872 pred=1.696903 diff=+0.195031 abs_err=0.195031
INFO | EPOCH_249 | [B=44, T=29, D=5] true=0.600130 pred=0.371748 diff=-0.228381 abs_err=0.228381
INFO | EPOCH_249 | [B=23, T=23, D=7] true=1.816288 pred=1.978406 diff=+0.162118 abs_err=0.162118
INFO | EPOCH_249 | [B=50, T=9, D=5] true=0.312083 pred=0.211242 diff=-0.100840 abs_err=0.100840
INFO | EPOCH_249 | [B=39, T=9, D=8] true=0.695604 pred=0.562329 diff=-0.133275 abs_err=0.133275
INFO | EPOCH_249 | [B=16, T=12, D=0] true=3.401216 pred=3.468038 diff=+0.066822 abs_err=0.066822
INFO | EPOCH_249 | [B=26, T=12, D=6] true=3.275950 pred=3.226544 diff=-0.049406 abs_err=0.049406
INFO | EPOCH_249 | [B=24, T=1, D=4] true=1.924262 pred=1.751665 diff=-0.172597 abs_err=0.172597
INFO | EPOCH_249 | [B=33, T=1, D=6] true=1.182051 pred=1.454861 diff=+0.272810 abs_err=0.272810
INFO | EPOCH_249 | [B=33, T=19, D=10] true=0.605386 pred=1.357298 diff=+0.751912 abs_err=0.751912
INFO | EPOCH_249 | [B=49, T=21, D=4] true=1.950257 pred=2.258354 diff=+0.308097 abs_err=0.308097
INFO | EPOCH_249 | [B=16, T=12, D=2] true=0.021878 pred=0.218725 diff=+0.196847 abs_err=0.196847
INFO | EPOCH_249 | TOP 5 WORST masked points (largest abs_err):
INFO | EPOCH_249 | [B=25, T=9, D=9] true=3.972294 pred=2.003966 diff=-1.968328 abs_err=1.968328
INFO | EPOCH_249 | [B=41, T=26, D=9] true=3.495204 pred=1.581002 diff=-1.914201 abs_err=1.914201
INFO | EPOCH_249 | [B=35, T=24, D=9] true=3.480727 pred=1.599739 diff=-1.880987 abs_err=1.880987
INFO | EPOCH_249 | [B=28, T=13, D=9] true=0.453934 pred=2.329717 diff=+1.875783 abs_err=1.875783
INFO | EPOCH_249 | [B=49, T=9, D=10] true=0.435262 pred=2.201589 diff=+1.766328 abs_err=1.766328
INFO | EPOCH_249 | TOP 5 BEST/CORRECT masked points (smallest abs_err):
INFO | EPOCH_249 | [B=31, T=16, D=11] true=0.841506 pred=0.841482 diff=-0.000024 abs_err=0.000024
INFO | EPOCH_249 | [B=16, T=9, D=10] true=1.781842 pred=1.781817 diff=-0.000025 abs_err=0.000025
INFO | EPOCH_249 | [B=45, T=16, D=7] true=1.421718 pred=1.421768 diff=+0.000050 abs_err=0.000050
INFO | EPOCH_249 | [B=57, T=28, D=7] true=1.466764 pred=1.466828 diff=+0.000064 abs_err=0.000064
INFO | EPOCH_249 | [B=61, T=0, D=5] true=0.348231 pred=0.348127 diff=-0.000104 abs_err=0.000104
INFO | EPOCH_259 | RANDOM 15 masked points (true, pred, diff, abs_err):
INFO | EPOCH_259 | [B=6, T=0, D=4] true=1.119649 pred=1.138242 diff=+0.018592 abs_err=0.018592
INFO | EPOCH_259 | [B=59, T=15, D=6] true=1.155587 pred=1.211673 diff=+0.056086 abs_err=0.056086
INFO | EPOCH_259 | [B=37, T=28, D=2] true=0.132679 pred=0.076551 diff=-0.056128 abs_err=0.056128
INFO | EPOCH_259 | [B=48, T=16, D=6] true=1.285115 pred=1.482594 diff=+0.197479 abs_err=0.197479
INFO | EPOCH_259 | [B=36, T=7, D=6] true=4.993888 pred=4.537573 diff=-0.456315 abs_err=0.456315
INFO | EPOCH_259 | [B=17, T=16, D=7] true=1.254852 pred=1.660591 diff=+0.405739 abs_err=0.405739
INFO | EPOCH_259 | [B=40, T=15, D=0] true=3.032347 pred=3.153673 diff=+0.121326 abs_err=0.121326
INFO | EPOCH_259 | [B=17, T=18, D=2] true=0.358090 pred=0.256546 diff=-0.101544 abs_err=0.101544
INFO | EPOCH_259 | [B=23, T=17, D=2] true=0.425512 pred=0.389664 diff=-0.035849 abs_err=0.035849
INFO | EPOCH_259 | [B=15, T=15, D=8] true=0.576152 pred=0.965374 diff=+0.389221 abs_err=0.389221
INFO | EPOCH_259 | [B=19, T=15, D=10] true=2.430091 pred=2.434903 diff=+0.004812 abs_err=0.004812
INFO | EPOCH_259 | [B=47, T=23, D=9] true=1.841430 pred=1.814225 diff=-0.027205 abs_err=0.027205
INFO | EPOCH_259 | [B=48, T=21, D=8] true=1.256838 pred=1.410106 diff=+0.153269 abs_err=0.153269
INFO | EPOCH_259 | [B=7, T=0, D=1] true=1.275931 pred=1.256774 diff=-0.019157 abs_err=0.019157
INFO | EPOCH_259 | [B=3, T=17, D=0] true=2.505780 pred=2.930448 diff=+0.424668 abs_err=0.424668
INFO | EPOCH_259 | TOP 5 WORST masked points (largest abs_err):
INFO | EPOCH_259 | [B=28, T=19, D=11] true=-1.985981 pred=0.513096 diff=+2.499076 abs_err=2.499076
INFO | EPOCH_259 | [B=9, T=18, D=6] true=3.577968 pred=1.112009 diff=-2.465959 abs_err=2.465959
INFO | EPOCH_259 | [B=9, T=8, D=6] true=3.547465 pred=1.105397 diff=-2.442068 abs_err=2.442068
INFO | EPOCH_259 | [B=43, T=7, D=11] true=2.397161 pred=-0.027599 diff=-2.424761 abs_err=2.424761
INFO | EPOCH_259 | [B=18, T=11, D=6] true=3.456601 pred=1.078146 diff=-2.378455 abs_err=2.378455
INFO | EPOCH_259 | TOP 5 BEST/CORRECT masked points (smallest abs_err):
INFO | EPOCH_259 | [B=25, T=27, D=8] true=0.368526 pred=0.368528 diff=+0.000001 abs_err=0.000001
INFO | EPOCH_259 | [B=34, T=10, D=9] true=1.612994 pred=1.613003 diff=+0.000009 abs_err=0.000009
INFO | EPOCH_259 | [B=19, T=6, D=9] true=1.797306 pred=1.797288 diff=-0.000019 abs_err=0.000019
INFO | EPOCH_259 | [B=57, T=16, D=0] true=2.693845 pred=2.693879 diff=+0.000034 abs_err=0.000034
INFO | EPOCH_259 | [B=0, T=4, D=6] true=2.071340 pred=2.071303 diff=-0.000037 abs_err=0.000037
INFO | EPOCH_269 | RANDOM 15 masked points (true, pred, diff, abs_err):
INFO | EPOCH_269 | [B=28, T=25, D=8] true=0.457035 pred=0.602091 diff=+0.145056 abs_err=0.145056
INFO | EPOCH_269 | [B=28, T=11, D=3] true=2.806080 pred=2.718310 diff=-0.087770 abs_err=0.087770
INFO | EPOCH_269 | [B=48, T=3, D=3] true=3.207887 pred=3.131189 diff=-0.076698 abs_err=0.076698
INFO | EPOCH_269 | [B=14, T=18, D=0] true=2.656079 pred=3.052492 diff=+0.396413 abs_err=0.396413
INFO | EPOCH_269 | [B=34, T=5, D=7] true=1.942786 pred=1.603624 diff=-0.339161 abs_err=0.339161
INFO | EPOCH_269 | [B=50, T=8, D=3] true=3.188455 pred=3.135128 diff=-0.053328 abs_err=0.053328
INFO | EPOCH_269 | [B=52, T=28, D=3] true=3.249704 pred=3.079019 diff=-0.170685 abs_err=0.170685
INFO | EPOCH_269 | [B=12, T=2, D=1] true=1.327713 pred=1.344146 diff=+0.016433 abs_err=0.016433
INFO | EPOCH_269 | [B=63, T=8, D=9] true=3.488430 pred=3.262650 diff=-0.225780 abs_err=0.225780
INFO | EPOCH_269 | [B=15, T=9, D=0] true=2.070138 pred=2.153338 diff=+0.083201 abs_err=0.083201
INFO | EPOCH_269 | [B=56, T=22, D=2] true=0.223041 pred=0.242663 diff=+0.019622 abs_err=0.019622
INFO | EPOCH_269 | [B=47, T=17, D=1] true=1.403806 pred=1.376178 diff=-0.027629 abs_err=0.027629
INFO | EPOCH_269 | [B=59, T=20, D=10] true=1.888349 pred=1.846372 diff=-0.041977 abs_err=0.041977
INFO | EPOCH_269 | [B=44, T=30, D=9] true=3.191846 pred=2.662459 diff=-0.529387 abs_err=0.529387
INFO | EPOCH_269 | [B=14, T=19, D=4] true=2.190587 pred=1.790344 diff=-0.400242 abs_err=0.400242
INFO | EPOCH_269 | TOP 5 WORST masked points (largest abs_err):
INFO | EPOCH_269 | [B=26, T=8, D=6] true=1.595185 pred=4.331264 diff=+2.736079 abs_err=2.736079
INFO | EPOCH_269 | [B=14, T=5, D=6] true=0.146037 pred=2.677895 diff=+2.531859 abs_err=2.531859
INFO | EPOCH_269 | [B=14, T=11, D=6] true=0.115726 pred=2.629835 diff=+2.514109 abs_err=2.514109
INFO | EPOCH_269 | [B=12, T=20, D=11] true=2.590584 pred=0.203197 diff=-2.387387 abs_err=2.387387
INFO | EPOCH_269 | [B=48, T=24, D=9] true=5.107965 pred=2.731630 diff=-2.376334 abs_err=2.376334
INFO | EPOCH_269 | TOP 5 BEST/CORRECT masked points (smallest abs_err):
INFO | EPOCH_269 | [B=62, T=4, D=4] true=1.510806 pred=1.510835 diff=+0.000029 abs_err=0.000029
INFO | EPOCH_269 | [B=21, T=8, D=10] true=2.325387 pred=2.325426 diff=+0.000038 abs_err=0.000038
INFO | EPOCH_269 | [B=14, T=0, D=10] true=1.826118 pred=1.826161 diff=+0.000043 abs_err=0.000043
INFO | EPOCH_269 | [B=8, T=14, D=5] true=0.235583 pred=0.235536 diff=-0.000047 abs_err=0.000047
INFO | EPOCH_269 | [B=15, T=0, D=1] true=1.345785 pred=1.345844 diff=+0.000059 abs_err=0.000059
INFO | EPOCH_279 | RANDOM 15 masked points (true, pred, diff, abs_err):
INFO | EPOCH_279 | [B=33, T=29, D=2] true=0.363824 pred=0.506236 diff=+0.142412 abs_err=0.142412
INFO | EPOCH_279 | [B=17, T=31, D=5] true=0.167961 pred=0.158046 diff=-0.009915 abs_err=0.009915
INFO | EPOCH_279 | [B=0, T=9, D=0] true=2.621813 pred=2.568263 diff=-0.053550 abs_err=0.053550
INFO | EPOCH_279 | [B=41, T=19, D=4] true=1.038303 pred=1.090522 diff=+0.052219 abs_err=0.052219
INFO | EPOCH_279 | [B=63, T=19, D=10] true=1.098155 pred=1.200980 diff=+0.102825 abs_err=0.102825
INFO | EPOCH_279 | [B=20, T=30, D=7] true=1.666227 pred=1.492777 diff=-0.173450 abs_err=0.173450
INFO | EPOCH_279 | [B=47, T=19, D=0] true=2.990619 pred=2.799467 diff=-0.191152 abs_err=0.191152
INFO | EPOCH_279 | [B=63, T=23, D=1] true=2.957569 pred=2.517606 diff=-0.439963 abs_err=0.439963
INFO | EPOCH_279 | [B=55, T=22, D=7] true=2.045471 pred=1.634690 diff=-0.410782 abs_err=0.410782
INFO | EPOCH_279 | [B=2, T=16, D=6] true=0.889793 pred=1.170217 diff=+0.280424 abs_err=0.280424
INFO | EPOCH_279 | [B=34, T=19, D=10] true=1.576912 pred=1.327564 diff=-0.249348 abs_err=0.249348
INFO | EPOCH_279 | [B=18, T=7, D=4] true=1.833343 pred=1.531940 diff=-0.301403 abs_err=0.301403
INFO | EPOCH_279 | [B=28, T=3, D=7] true=1.855481 pred=1.802001 diff=-0.053479 abs_err=0.053479
INFO | EPOCH_279 | [B=0, T=13, D=7] true=1.625468 pred=2.033358 diff=+0.407890 abs_err=0.407890
INFO | EPOCH_279 | [B=4, T=11, D=11] true=0.350528 pred=0.558795 diff=+0.208266 abs_err=0.208266
INFO | EPOCH_279 | TOP 5 WORST masked points (largest abs_err):
INFO | EPOCH_279 | [B=47, T=24, D=6] true=1.678643 pred=4.458852 diff=+2.780209 abs_err=2.780209
INFO | EPOCH_279 | [B=47, T=28, D=9] true=1.413674 pred=3.947970 diff=+2.534297 abs_err=2.534297
INFO | EPOCH_279 | [B=45, T=4, D=0] true=0.990548 pred=3.038552 diff=+2.048004 abs_err=2.048004
INFO | EPOCH_279 | [B=60, T=7, D=9] true=3.882581 pred=1.851974 diff=-2.030607 abs_err=2.030607
INFO | EPOCH_279 | [B=0, T=28, D=9] true=3.682978 pred=1.752749 diff=-1.930229 abs_err=1.930229
INFO | EPOCH_279 | TOP 5 BEST/CORRECT masked points (smallest abs_err):
INFO | EPOCH_279 | [B=52, T=15, D=0] true=3.406952 pred=3.406905 diff=-0.000047 abs_err=0.000047
INFO | EPOCH_279 | [B=41, T=17, D=0] true=2.884213 pred=2.884161 diff=-0.000052 abs_err=0.000052
INFO | EPOCH_279 | [B=17, T=25, D=2] true=0.399237 pred=0.399154 diff=-0.000082 abs_err=0.000082
INFO | EPOCH_279 | [B=57, T=0, D=3] true=3.140022 pred=3.139925 diff=-0.000097 abs_err=0.000097
INFO | EPOCH_279 | [B=52, T=2, D=2] true=0.079570 pred=0.079705 diff=+0.000136 abs_err=0.000136
INFO | EPOCH_289 | RANDOM 15 masked points (true, pred, diff, abs_err):
INFO | EPOCH_289 | [B=37, T=15, D=1] true=2.164214 pred=2.175222 diff=+0.011009 abs_err=0.011009
INFO | EPOCH_289 | [B=58, T=20, D=10] true=1.810708 pred=1.416689 diff=-0.394019 abs_err=0.394019
INFO | EPOCH_289 | [B=8, T=29, D=1] true=1.665910 pred=1.705801 diff=+0.039892 abs_err=0.039892
INFO | EPOCH_289 | [B=55, T=14, D=5] true=-0.024474 pred=0.207697 diff=+0.232172 abs_err=0.232172
INFO | EPOCH_289 | [B=14, T=10, D=4] true=2.062874 pred=1.974248 diff=-0.088626 abs_err=0.088626
INFO | EPOCH_289 | [B=41, T=6, D=0] true=2.742267 pred=2.757885 diff=+0.015618 abs_err=0.015618
INFO | EPOCH_289 | [B=52, T=0, D=4] true=1.756895 pred=1.815308 diff=+0.058414 abs_err=0.058414
INFO | EPOCH_289 | [B=24, T=14, D=7] true=2.451096 pred=2.513448 diff=+0.062352 abs_err=0.062352
INFO | EPOCH_289 | [B=62, T=10, D=7] true=1.625344 pred=1.788922 diff=+0.163578 abs_err=0.163578
INFO | EPOCH_289 | [B=8, T=17, D=5] true=0.698132 pred=0.576650 diff=-0.121482 abs_err=0.121482
INFO | EPOCH_289 | [B=45, T=17, D=9] true=3.556304 pred=1.615085 diff=-1.941219 abs_err=1.941219
INFO | EPOCH_289 | [B=60, T=4, D=4] true=2.041826 pred=2.112208 diff=+0.070382 abs_err=0.070382
INFO | EPOCH_289 | [B=43, T=1, D=4] true=2.297096 pred=2.258062 diff=-0.039033 abs_err=0.039033
INFO | EPOCH_289 | [B=5, T=6, D=3] true=3.426328 pred=3.171295 diff=-0.255033 abs_err=0.255033
INFO | EPOCH_289 | [B=16, T=25, D=1] true=1.925891 pred=1.883924 diff=-0.041967 abs_err=0.041967
INFO | EPOCH_289 | TOP 5 WORST masked points (largest abs_err):
INFO | EPOCH_289 | [B=17, T=2, D=6] true=0.050544 pred=3.531161 diff=+3.480617 abs_err=3.480617
INFO | EPOCH_289 | [B=17, T=6, D=6] true=0.042953 pred=3.499931 diff=+3.456978 abs_err=3.456978
INFO | EPOCH_289 | [B=37, T=28, D=6] true=5.711285 pred=3.127300 diff=-2.583986 abs_err=2.583986
INFO | EPOCH_289 | [B=32, T=28, D=3] true=1.292231 pred=3.435621 diff=+2.143390 abs_err=2.143390
INFO | EPOCH_289 | [B=32, T=3, D=3] true=1.371797 pred=3.350547 diff=+1.978750 abs_err=1.978750
INFO | EPOCH_289 | TOP 5 BEST/CORRECT masked points (smallest abs_err):
INFO | EPOCH_289 | [B=31, T=1, D=9] true=2.967601 pred=2.967607 diff=+0.000006 abs_err=0.000006
INFO | EPOCH_289 | [B=35, T=22, D=5] true=0.394939 pred=0.394893 diff=-0.000046 abs_err=0.000046
INFO | EPOCH_289 | [B=51, T=27, D=4] true=1.842189 pred=1.842138 diff=-0.000052 abs_err=0.000052
INFO | EPOCH_289 | [B=31, T=7, D=2] true=0.100010 pred=0.099957 diff=-0.000053 abs_err=0.000053
INFO | EPOCH_289 | [B=33, T=18, D=2] true=0.636992 pred=0.637070 diff=+0.000079 abs_err=0.000079
INFO | EPOCH_299 | RANDOM 15 masked points (true, pred, diff, abs_err):
INFO | EPOCH_299 | [B=14, T=0, D=8] true=0.772000 pred=0.811883 diff=+0.039883 abs_err=0.039883
INFO | EPOCH_299 | [B=25, T=23, D=9] true=3.508796 pred=4.131955 diff=+0.623158 abs_err=0.623158
INFO | EPOCH_299 | [B=6, T=12, D=9] true=1.435191 pred=1.656352 diff=+0.221161 abs_err=0.221161
INFO | EPOCH_299 | [B=21, T=28, D=3] true=2.373908 pred=1.911116 diff=-0.462792 abs_err=0.462792
INFO | EPOCH_299 | [B=12, T=19, D=3] true=4.194034 pred=4.136022 diff=-0.058012 abs_err=0.058012
INFO | EPOCH_299 | [B=14, T=1, D=9] true=1.482288 pred=1.686662 diff=+0.204374 abs_err=0.204374
INFO | EPOCH_299 | [B=49, T=7, D=7] true=1.641528 pred=1.871853 diff=+0.230325 abs_err=0.230325
INFO | EPOCH_299 | [B=11, T=22, D=4] true=2.032915 pred=2.202449 diff=+0.169534 abs_err=0.169534
INFO | EPOCH_299 | [B=47, T=6, D=8] true=-0.260275 pred=-0.281805 diff=-0.021530 abs_err=0.021530
INFO | EPOCH_299 | [B=36, T=9, D=8] true=-0.121161 pred=0.132111 diff=+0.253272 abs_err=0.253272
INFO | EPOCH_299 | [B=27, T=17, D=6] true=3.580197 pred=3.587444 diff=+0.007246 abs_err=0.007246
INFO | EPOCH_299 | [B=15, T=0, D=7] true=2.398306 pred=2.402988 diff=+0.004683 abs_err=0.004683
INFO | EPOCH_299 | [B=42, T=21, D=8] true=0.042688 pred=-0.003838 diff=-0.046526 abs_err=0.046526
INFO | EPOCH_299 | [B=44, T=9, D=11] true=-0.248573 pred=-0.296335 diff=-0.047762 abs_err=0.047762
INFO | EPOCH_299 | [B=35, T=4, D=7] true=2.796137 pred=2.152348 diff=-0.643789 abs_err=0.643789
INFO | EPOCH_299 | TOP 5 WORST masked points (largest abs_err):
INFO | EPOCH_299 | [B=46, T=10, D=6] true=0.025506 pred=3.229374 diff=+3.203868 abs_err=3.203868
INFO | EPOCH_299 | [B=46, T=13, D=6] true=0.022954 pred=3.226241 diff=+3.203287 abs_err=3.203287
INFO | EPOCH_299 | [B=26, T=5, D=9] true=0.757862 pred=3.528049 diff=+2.770187 abs_err=2.770187
INFO | EPOCH_299 | [B=49, T=14, D=10] true=0.506230 pred=2.781014 diff=+2.274784 abs_err=2.274784
INFO | EPOCH_299 | [B=1, T=7, D=9] true=3.523103 pred=1.271931 diff=-2.251172 abs_err=2.251172
INFO | EPOCH_299 | TOP 5 BEST/CORRECT masked points (smallest abs_err):
INFO | EPOCH_299 | [B=53, T=17, D=8] true=1.080866 pred=1.080879 diff=+0.000013 abs_err=0.000013
INFO | EPOCH_299 | [B=0, T=22, D=11] true=0.891188 pred=0.891204 diff=+0.000016 abs_err=0.000016
INFO | EPOCH_299 | [B=33, T=19, D=9] true=4.183608 pred=4.183591 diff=-0.000016 abs_err=0.000016
INFO | EPOCH_299 | [B=63, T=21, D=11] true=0.867191 pred=0.867222 diff=+0.000031 abs_err=0.000031
INFO | EPOCH_299 | [B=54, T=28, D=3] true=3.556792 pred=3.556823 diff=+0.000031 abs_err=0.000031
INFO | EPOCH_009 | RANDOM 15 masked points (true, pred, diff, abs_err):
INFO | EPOCH_009 | [B=6, T=22, D=6] true=1.464899 pred=1.113591 diff=-0.351308 abs_err=0.351308
INFO | EPOCH_009 | [B=25, T=26, D=6] true=4.446414 pred=4.173732 diff=-0.272681 abs_err=0.272681
INFO | EPOCH_009 | [B=54, T=12, D=5] true=0.617375 pred=0.609529 diff=-0.007846 abs_err=0.007846
INFO | EPOCH_009 | [B=31, T=27, D=2] true=0.256111 pred=0.043524 diff=-0.212587 abs_err=0.212587
INFO | EPOCH_009 | [B=4, T=17, D=6] true=1.732495 pred=1.735821 diff=+0.003327 abs_err=0.003327
INFO | EPOCH_009 | [B=57, T=18, D=2] true=0.060469 pred=0.336236 diff=+0.275768 abs_err=0.275768
INFO | EPOCH_009 | [B=1, T=5, D=8] true=0.524670 pred=0.530908 diff=+0.006238 abs_err=0.006238
INFO | EPOCH_009 | [B=38, T=29, D=3] true=2.962107 pred=3.034174 diff=+0.072067 abs_err=0.072067
INFO | EPOCH_009 | [B=35, T=20, D=6] true=2.376660 pred=1.729341 diff=-0.647319 abs_err=0.647319
INFO | EPOCH_009 | [B=53, T=11, D=11] true=0.449516 pred=0.341452 diff=-0.108064 abs_err=0.108064
INFO | EPOCH_009 | [B=44, T=11, D=6] true=2.748708 pred=2.671827 diff=-0.076880 abs_err=0.076880
INFO | EPOCH_009 | [B=12, T=20, D=9] true=1.653303 pred=1.327101 diff=-0.326203 abs_err=0.326203
INFO | EPOCH_009 | [B=34, T=13, D=5] true=0.184806 pred=-0.007882 diff=-0.192688 abs_err=0.192688
INFO | EPOCH_009 | [B=51, T=12, D=4] true=1.035437 pred=1.024896 diff=-0.010541 abs_err=0.010541
INFO | EPOCH_009 | [B=19, T=7, D=1] true=1.506192 pred=1.241338 diff=-0.264854 abs_err=0.264854
INFO | EPOCH_009 | TOP 5 WORST masked points (largest abs_err):
INFO | EPOCH_009 | [B=26, T=8, D=6] true=1.595185 pred=4.442117 diff=+2.846932 abs_err=2.846932
INFO | EPOCH_009 | [B=44, T=20, D=6] true=0.108967 pred=2.701731 diff=+2.592764 abs_err=2.592764
INFO | EPOCH_009 | [B=44, T=18, D=6] true=0.127504 pred=2.700801 diff=+2.573297 abs_err=2.573297
INFO | EPOCH_009 | [B=16, T=0, D=6] true=3.570038 pred=1.119600 diff=-2.450438 abs_err=2.450438
INFO | EPOCH_009 | [B=39, T=11, D=6] true=1.873883 pred=4.309684 diff=+2.435801 abs_err=2.435801
INFO | EPOCH_009 | TOP 5 BEST/CORRECT masked points (smallest abs_err):
INFO | EPOCH_009 | [B=42, T=2, D=4] true=0.910946 pred=0.911015 diff=+0.000069 abs_err=0.000069
INFO | EPOCH_009 | [B=35, T=13, D=1] true=1.603667 pred=1.603578 diff=-0.000089 abs_err=0.000089
INFO | EPOCH_009 | [B=23, T=26, D=1] true=1.362973 pred=1.362874 diff=-0.000100 abs_err=0.000100
INFO | EPOCH_009 | [B=14, T=24, D=3] true=1.824638 pred=1.824519 diff=-0.000119 abs_err=0.000119
INFO | EPOCH_009 | [B=12, T=2, D=1] true=1.327713 pred=1.327848 diff=+0.000135 abs_err=0.000135
INFO | EPOCH_019 | RANDOM 15 masked points (true, pred, diff, abs_err):
INFO | EPOCH_019 | [B=28, T=16, D=0] true=2.669898 pred=2.535185 diff=-0.134713 abs_err=0.134713
INFO | EPOCH_019 | [B=43, T=2, D=3] true=3.282876 pred=3.162399 diff=-0.120478 abs_err=0.120478
INFO | EPOCH_019 | [B=17, T=21, D=0] true=2.656545 pred=2.286838 diff=-0.369707 abs_err=0.369707
INFO | EPOCH_019 | [B=23, T=17, D=1] true=2.483824 pred=2.335990 diff=-0.147834 abs_err=0.147834
INFO | EPOCH_019 | [B=41, T=21, D=0] true=2.895227 pred=2.974680 diff=+0.079453 abs_err=0.079453
INFO | EPOCH_019 | [B=52, T=6, D=9] true=4.774171 pred=4.489491 diff=-0.284680 abs_err=0.284680
INFO | EPOCH_019 | [B=50, T=18, D=2] true=0.112387 pred=-0.090159 diff=-0.202546 abs_err=0.202546
INFO | EPOCH_019 | [B=44, T=23, D=1] true=1.509624 pred=1.419066 diff=-0.090558 abs_err=0.090558
INFO | EPOCH_019 | [B=47, T=26, D=3] true=3.524219 pred=3.341394 diff=-0.182825 abs_err=0.182825
INFO | EPOCH_019 | [B=7, T=15, D=11] true=0.495429 pred=0.416739 diff=-0.078690 abs_err=0.078690
INFO | EPOCH_019 | [B=60, T=7, D=9] true=3.882581 pred=1.663395 diff=-2.219186 abs_err=2.219186
INFO | EPOCH_019 | [B=55, T=16, D=1] true=1.589409 pred=1.620432 diff=+0.031024 abs_err=0.031024
INFO | EPOCH_019 | [B=34, T=12, D=9] true=4.140152 pred=4.203520 diff=+0.063369 abs_err=0.063369
INFO | EPOCH_019 | [B=41, T=11, D=8] true=0.209851 pred=0.341306 diff=+0.131455 abs_err=0.131455
INFO | EPOCH_019 | [B=41, T=1, D=2] true=-0.198591 pred=0.220516 diff=+0.419106 abs_err=0.419106
INFO | EPOCH_019 | TOP 5 WORST masked points (largest abs_err):
INFO | EPOCH_019 | [B=47, T=28, D=9] true=1.413674 pred=4.099443 diff=+2.685770 abs_err=2.685770
INFO | EPOCH_019 | [B=47, T=24, D=6] true=1.678643 pred=4.342289 diff=+2.663646 abs_err=2.663646
INFO | EPOCH_019 | [B=14, T=11, D=6] true=0.115726 pred=2.711485 diff=+2.595759 abs_err=2.595759
INFO | EPOCH_019 | [B=7, T=7, D=0] true=3.767489 pred=1.198864 diff=-2.568626 abs_err=2.568626
INFO | EPOCH_019 | [B=14, T=5, D=6] true=0.146037 pred=2.709402 diff=+2.563365 abs_err=2.563365
INFO | EPOCH_019 | TOP 5 BEST/CORRECT masked points (smallest abs_err):
INFO | EPOCH_019 | [B=11, T=10, D=4] true=1.607211 pred=1.607198 diff=-0.000014 abs_err=0.000014
INFO | EPOCH_019 | [B=52, T=18, D=5] true=-0.065179 pred=-0.065235 diff=-0.000057 abs_err=0.000057
INFO | EPOCH_019 | [B=57, T=24, D=0] true=2.421803 pred=2.421896 diff=+0.000093 abs_err=0.000093
INFO | EPOCH_019 | [B=62, T=25, D=1] true=1.693425 pred=1.693529 diff=+0.000104 abs_err=0.000104
INFO | EPOCH_019 | [B=27, T=10, D=0] true=2.995664 pred=2.995560 diff=-0.000104 abs_err=0.000104
INFO | EPOCH_029 | RANDOM 15 masked points (true, pred, diff, abs_err):
INFO | EPOCH_029 | [B=5, T=24, D=5] true=0.297749 pred=0.173330 diff=-0.124419 abs_err=0.124419
INFO | EPOCH_029 | [B=9, T=2, D=8] true=0.238237 pred=0.303767 diff=+0.065530 abs_err=0.065530
INFO | EPOCH_029 | [B=60, T=19, D=1] true=1.819129 pred=1.634523 diff=-0.184606 abs_err=0.184606
INFO | EPOCH_029 | [B=54, T=19, D=3] true=3.939931 pred=3.203905 diff=-0.736026 abs_err=0.736026
INFO | EPOCH_029 | [B=26, T=11, D=9] true=3.740304 pred=3.466204 diff=-0.274100 abs_err=0.274100
INFO | EPOCH_029 | [B=63, T=28, D=0] true=2.905535 pred=2.682109 diff=-0.223426 abs_err=0.223426
INFO | EPOCH_029 | [B=6, T=0, D=1] true=2.239956 pred=2.436843 diff=+0.196888 abs_err=0.196888
INFO | EPOCH_029 | [B=61, T=7, D=11] true=0.161963 pred=-0.055167 diff=-0.217130 abs_err=0.217130
INFO | EPOCH_029 | [B=53, T=22, D=8] true=1.243658 pred=1.333041 diff=+0.089383 abs_err=0.089383
INFO | EPOCH_029 | [B=2, T=21, D=1] true=1.697614 pred=1.709147 diff=+0.011533 abs_err=0.011533
INFO | EPOCH_029 | [B=54, T=15, D=7] true=1.590926 pred=1.373534 diff=-0.217392 abs_err=0.217392
INFO | EPOCH_029 | [B=32, T=0, D=10] true=1.574547 pred=1.398466 diff=-0.176081 abs_err=0.176081
INFO | EPOCH_029 | [B=56, T=3, D=3] true=4.157321 pred=3.717912 diff=-0.439409 abs_err=0.439409
INFO | EPOCH_029 | [B=7, T=22, D=1] true=1.853258 pred=1.634340 diff=-0.218918 abs_err=0.218918
INFO | EPOCH_029 | [B=32, T=14, D=4] true=1.004286 pred=0.969088 diff=-0.035198 abs_err=0.035198
INFO | EPOCH_029 | TOP 5 WORST masked points (largest abs_err):
INFO | EPOCH_029 | [B=0, T=28, D=9] true=3.682978 pred=1.234782 diff=-2.448196 abs_err=2.448196
INFO | EPOCH_029 | [B=8, T=0, D=9] true=3.707034 pred=1.322979 diff=-2.384056 abs_err=2.384056
INFO | EPOCH_029 | [B=55, T=27, D=9] true=1.255944 pred=3.602450 diff=+2.346506 abs_err=2.346506
INFO | EPOCH_029 | [B=6, T=22, D=9] true=3.751000 pred=1.435207 diff=-2.315793 abs_err=2.315793
INFO | EPOCH_029 | [B=8, T=3, D=9] true=3.632441 pred=1.328393 diff=-2.304048 abs_err=2.304048
INFO | EPOCH_029 | TOP 5 BEST/CORRECT masked points (smallest abs_err):
INFO | EPOCH_029 | [B=53, T=9, D=1] true=2.024276 pred=2.024254 diff=-0.000021 abs_err=0.000021
INFO | EPOCH_029 | [B=6, T=10, D=5] true=0.490204 pred=0.490154 diff=-0.000050 abs_err=0.000050
INFO | EPOCH_029 | [B=42, T=15, D=11] true=0.513276 pred=0.513383 diff=+0.000107 abs_err=0.000107
INFO | EPOCH_029 | [B=23, T=10, D=8] true=0.063083 pred=0.063198 diff=+0.000115 abs_err=0.000115
INFO | EPOCH_029 | [B=54, T=14, D=2] true=0.167196 pred=0.167316 diff=+0.000120 abs_err=0.000120
INFO | EPOCH_039 | RANDOM 15 masked points (true, pred, diff, abs_err):
INFO | EPOCH_039 | [B=46, T=10, D=4] true=1.130413 pred=1.211557 diff=+0.081144 abs_err=0.081144
INFO | EPOCH_039 | [B=3, T=26, D=6] true=1.030951 pred=1.715886 diff=+0.684935 abs_err=0.684935
INFO | EPOCH_039 | [B=7, T=12, D=8] true=0.328792 pred=0.496589 diff=+0.167798 abs_err=0.167798
INFO | EPOCH_039 | [B=34, T=14, D=4] true=1.327878 pred=1.364563 diff=+0.036685 abs_err=0.036685
INFO | EPOCH_039 | [B=12, T=21, D=2] true=0.373063 pred=0.553007 diff=+0.179944 abs_err=0.179944
INFO | EPOCH_039 | [B=33, T=18, D=7] true=1.448474 pred=1.543647 diff=+0.095173 abs_err=0.095173
INFO | EPOCH_039 | [B=14, T=0, D=8] true=1.541367 pred=1.431519 diff=-0.109848 abs_err=0.109848
INFO | EPOCH_039 | [B=18, T=24, D=5] true=0.356688 pred=0.527731 diff=+0.171042 abs_err=0.171042
INFO | EPOCH_039 | [B=55, T=28, D=11] true=0.199039 pred=0.519602 diff=+0.320563 abs_err=0.320563
INFO | EPOCH_039 | [B=11, T=22, D=2] true=0.137227 pred=0.171990 diff=+0.034764 abs_err=0.034764
INFO | EPOCH_039 | [B=26, T=21, D=8] true=0.146230 pred=1.327622 diff=+1.181391 abs_err=1.181391
INFO | EPOCH_039 | [B=31, T=16, D=11] true=0.240962 pred=0.466403 diff=+0.225441 abs_err=0.225441
INFO | EPOCH_039 | [B=6, T=3, D=3] true=2.417330 pred=2.419586 diff=+0.002257 abs_err=0.002257
INFO | EPOCH_039 | [B=11, T=3, D=9] true=2.280108 pred=2.482497 diff=+0.202389 abs_err=0.202389
INFO | EPOCH_039 | [B=36, T=7, D=11] true=0.041010 pred=0.361888 diff=+0.320878 abs_err=0.320878
INFO | EPOCH_039 | TOP 5 WORST masked points (largest abs_err):
INFO | EPOCH_039 | [B=17, T=6, D=6] true=0.042953 pred=4.026976 diff=+3.984023 abs_err=3.984023
INFO | EPOCH_039 | [B=17, T=2, D=6] true=0.050544 pred=4.026050 diff=+3.975506 abs_err=3.975506
INFO | EPOCH_039 | [B=46, T=13, D=6] true=0.022954 pred=3.378797 diff=+3.355842 abs_err=3.355842
INFO | EPOCH_039 | [B=46, T=10, D=6] true=0.025506 pred=3.377968 diff=+3.352462 abs_err=3.352462
INFO | EPOCH_039 | [B=37, T=28, D=6] true=5.711285 pred=3.258709 diff=-2.452576 abs_err=2.452576
INFO | EPOCH_039 | TOP 5 BEST/CORRECT masked points (smallest abs_err):
INFO | EPOCH_039 | [B=36, T=3, D=11] true=0.361205 pred=0.361220 diff=+0.000015 abs_err=0.000015
INFO | EPOCH_039 | [B=55, T=7, D=10] true=1.373381 pred=1.373365 diff=-0.000015 abs_err=0.000015
INFO | EPOCH_039 | [B=29, T=22, D=0] true=3.337073 pred=3.337095 diff=+0.000023 abs_err=0.000023
INFO | EPOCH_039 | [B=44, T=17, D=3] true=3.466504 pred=3.466456 diff=-0.000048 abs_err=0.000048
INFO | EPOCH_039 | [B=26, T=2, D=6] true=2.892125 pred=2.892068 diff=-0.000057 abs_err=0.000057
INFO | EPOCH_049 | RANDOM 15 masked points (true, pred, diff, abs_err):
INFO | EPOCH_049 | [B=33, T=12, D=10] true=2.681259 pred=2.644629 diff=-0.036630 abs_err=0.036630
INFO | EPOCH_049 | [B=13, T=10, D=0] true=4.075788 pred=4.275676 diff=+0.199888 abs_err=0.199888
INFO | EPOCH_049 | [B=36, T=0, D=7] true=2.368448 pred=2.236883 diff=-0.131565 abs_err=0.131565
INFO | EPOCH_049 | [B=29, T=23, D=1] true=1.858306 pred=1.918084 diff=+0.059778 abs_err=0.059778
INFO | EPOCH_049 | [B=44, T=16, D=9] true=0.980950 pred=1.140763 diff=+0.159814 abs_err=0.159814
INFO | EPOCH_049 | [B=0, T=5, D=6] true=1.317364 pred=1.267653 diff=-0.049711 abs_err=0.049711
INFO | EPOCH_049 | [B=56, T=5, D=2] true=-0.263343 pred=0.084729 diff=+0.348073 abs_err=0.348073
INFO | EPOCH_049 | [B=57, T=1, D=10] true=0.984750 pred=1.230617 diff=+0.245867 abs_err=0.245867
INFO | EPOCH_049 | [B=11, T=11, D=9] true=3.475356 pred=3.406071 diff=-0.069285 abs_err=0.069285
INFO | EPOCH_049 | [B=42, T=30, D=1] true=2.114852 pred=1.960339 diff=-0.154513 abs_err=0.154513
INFO | EPOCH_049 | [B=0, T=21, D=2] true=0.005834 pred=0.042934 diff=+0.037100 abs_err=0.037100
INFO | EPOCH_049 | [B=0, T=2, D=7] true=1.219202 pred=1.184411 diff=-0.034791 abs_err=0.034791
INFO | EPOCH_049 | [B=1, T=19, D=9] true=2.944756 pred=2.866563 diff=-0.078193 abs_err=0.078193
INFO | EPOCH_049 | [B=47, T=12, D=8] true=-0.141607 pred=-0.005644 diff=+0.135963 abs_err=0.135963
INFO | EPOCH_049 | [B=13, T=5, D=11] true=1.061728 pred=0.905002 diff=-0.156726 abs_err=0.156726
INFO | EPOCH_049 | TOP 5 WORST masked points (largest abs_err):
INFO | EPOCH_049 | [B=26, T=5, D=9] true=0.757862 pred=3.557597 diff=+2.799735 abs_err=2.799735
INFO | EPOCH_049 | [B=49, T=14, D=11] true=2.130419 pred=-0.199536 diff=-2.329954 abs_err=2.329954
INFO | EPOCH_049 | [B=53, T=23, D=9] true=3.769167 pred=1.499009 diff=-2.270158 abs_err=2.270158
INFO | EPOCH_049 | [B=53, T=25, D=9] true=3.762194 pred=1.503745 diff=-2.258449 abs_err=2.258449
INFO | EPOCH_049 | [B=51, T=26, D=0] true=3.701226 pred=1.494737 diff=-2.206490 abs_err=2.206490
INFO | EPOCH_049 | TOP 5 BEST/CORRECT masked points (smallest abs_err):
INFO | EPOCH_049 | [B=11, T=6, D=11] true=0.977541 pred=0.977513 diff=-0.000028 abs_err=0.000028
INFO | EPOCH_049 | [B=51, T=3, D=3] true=1.435228 pred=1.435184 diff=-0.000044 abs_err=0.000044
INFO | EPOCH_049 | [B=27, T=22, D=4] true=1.707925 pred=1.707975 diff=+0.000050 abs_err=0.000050
INFO | EPOCH_049 | [B=51, T=17, D=6] true=1.362422 pred=1.362484 diff=+0.000062 abs_err=0.000062
INFO | EPOCH_049 | [B=3, T=25, D=7] true=1.259644 pred=1.259724 diff=+0.000080 abs_err=0.000080
INFO | EPOCH_059 | RANDOM 15 masked points (true, pred, diff, abs_err):
INFO | EPOCH_059 | [B=5, T=9, D=10] true=1.264377 pred=1.239479 diff=-0.024897 abs_err=0.024897
INFO | EPOCH_059 | [B=28, T=0, D=9] true=4.213305 pred=4.242871 diff=+0.029565 abs_err=0.029565
INFO | EPOCH_059 | [B=17, T=6, D=6] true=4.436995 pred=4.778547 diff=+0.341552 abs_err=0.341552
INFO | EPOCH_059 | [B=54, T=16, D=5] true=0.486690 pred=0.304550 diff=-0.182140 abs_err=0.182140
INFO | EPOCH_059 | [B=18, T=23, D=3] true=3.467726 pred=3.370593 diff=-0.097133 abs_err=0.097133
INFO | EPOCH_059 | [B=23, T=9, D=6] true=4.694814 pred=4.593405 diff=-0.101409 abs_err=0.101409
INFO | EPOCH_059 | [B=19, T=4, D=11] true=0.207082 pred=0.291314 diff=+0.084232 abs_err=0.084232
INFO | EPOCH_059 | [B=34, T=8, D=6] true=0.822476 pred=1.093229 diff=+0.270753 abs_err=0.270753
INFO | EPOCH_059 | [B=24, T=17, D=11] true=0.231654 pred=0.251212 diff=+0.019558 abs_err=0.019558
INFO | EPOCH_059 | [B=11, T=14, D=6] true=4.371546 pred=4.437889 diff=+0.066342 abs_err=0.066342
INFO | EPOCH_059 | [B=29, T=18, D=2] true=0.364292 pred=0.416168 diff=+0.051877 abs_err=0.051877
INFO | EPOCH_059 | [B=55, T=1, D=9] true=2.054159 pred=1.933142 diff=-0.121018 abs_err=0.121018
INFO | EPOCH_059 | [B=16, T=22, D=0] true=3.557517 pred=3.483768 diff=-0.073749 abs_err=0.073749
INFO | EPOCH_059 | [B=57, T=18, D=3] true=3.641652 pred=2.364250 diff=-1.277402 abs_err=1.277402
INFO | EPOCH_059 | [B=42, T=27, D=2] true=0.507414 pred=0.232144 diff=-0.275270 abs_err=0.275270
INFO | EPOCH_059 | TOP 5 WORST masked points (largest abs_err):
INFO | EPOCH_059 | [B=35, T=20, D=3] true=0.534949 pred=3.181593 diff=+2.646644 abs_err=2.646644
INFO | EPOCH_059 | [B=51, T=24, D=6] true=3.759710 pred=1.452565 diff=-2.307145 abs_err=2.307145
INFO | EPOCH_059 | [B=46, T=14, D=2] true=2.224028 pred=0.107644 diff=-2.116384 abs_err=2.116384
INFO | EPOCH_059 | [B=36, T=17, D=9] true=3.693735 pred=1.587168 diff=-2.106567 abs_err=2.106567
INFO | EPOCH_059 | [B=63, T=23, D=3] true=1.364607 pred=3.461475 diff=+2.096868 abs_err=2.096868
INFO | EPOCH_059 | TOP 5 BEST/CORRECT masked points (smallest abs_err):
INFO | EPOCH_059 | [B=31, T=11, D=1] true=1.339043 pred=1.339069 diff=+0.000026 abs_err=0.000026
INFO | EPOCH_059 | [B=40, T=13, D=9] true=3.552873 pred=3.552902 diff=+0.000029 abs_err=0.000029
INFO | EPOCH_059 | [B=62, T=9, D=3] true=3.025161 pred=3.025131 diff=-0.000030 abs_err=0.000030
INFO | EPOCH_059 | [B=31, T=19, D=5] true=0.285159 pred=0.285193 diff=+0.000033 abs_err=0.000033
INFO | EPOCH_059 | [B=60, T=0, D=10] true=1.826915 pred=1.826962 diff=+0.000048 abs_err=0.000048
INFO | EPOCH_069 | RANDOM 15 masked points (true, pred, diff, abs_err):
INFO | EPOCH_069 | [B=58, T=18, D=11] true=0.495924 pred=0.427258 diff=-0.068666 abs_err=0.068666
INFO | EPOCH_069 | [B=4, T=0, D=6] true=2.689578 pred=2.718866 diff=+0.029288 abs_err=0.029288
INFO | EPOCH_069 | [B=17, T=21, D=2] true=0.260926 pred=0.242518 diff=-0.018408 abs_err=0.018408
INFO | EPOCH_069 | [B=58, T=9, D=10] true=2.219425 pred=2.322257 diff=+0.102831 abs_err=0.102831
INFO | EPOCH_069 | [B=41, T=26, D=2] true=0.015414 pred=0.091272 diff=+0.075858 abs_err=0.075858
INFO | EPOCH_069 | [B=25, T=21, D=6] true=2.837464 pred=2.692235 diff=-0.145229 abs_err=0.145229
INFO | EPOCH_069 | [B=62, T=3, D=11] true=0.333607 pred=0.394316 diff=+0.060709 abs_err=0.060709
INFO | EPOCH_069 | [B=55, T=29, D=7] true=1.341860 pred=1.314601 diff=-0.027259 abs_err=0.027259
INFO | EPOCH_069 | [B=53, T=3, D=4] true=1.351310 pred=1.407055 diff=+0.055745 abs_err=0.055745
INFO | EPOCH_069 | [B=1, T=27, D=1] true=1.715527 pred=1.947873 diff=+0.232346 abs_err=0.232346
INFO | EPOCH_069 | [B=6, T=2, D=5] true=0.333988 pred=0.421674 diff=+0.087686 abs_err=0.087686
INFO | EPOCH_069 | [B=43, T=29, D=0] true=1.639276 pred=1.775167 diff=+0.135891 abs_err=0.135891
INFO | EPOCH_069 | [B=9, T=13, D=6] true=2.682453 pred=2.632760 diff=-0.049693 abs_err=0.049693
INFO | EPOCH_069 | [B=13, T=11, D=2] true=0.276101 pred=0.201298 diff=-0.074804 abs_err=0.074804
INFO | EPOCH_069 | [B=1, T=31, D=5] true=0.495070 pred=0.536155 diff=+0.041085 abs_err=0.041085
INFO | EPOCH_069 | TOP 5 WORST masked points (largest abs_err):
INFO | EPOCH_069 | [B=39, T=23, D=3] true=1.330343 pred=4.237039 diff=+2.906696 abs_err=2.906696
INFO | EPOCH_069 | [B=60, T=21, D=6] true=1.315996 pred=3.952571 diff=+2.636575 abs_err=2.636575
INFO | EPOCH_069 | [B=7, T=3, D=0] true=5.087778 pred=2.455498 diff=-2.632280 abs_err=2.632280
INFO | EPOCH_069 | [B=60, T=15, D=6] true=1.323426 pred=3.952547 diff=+2.629121 abs_err=2.629121
INFO | EPOCH_069 | [B=60, T=8, D=6] true=1.323833 pred=3.952158 diff=+2.628325 abs_err=2.628325
INFO | EPOCH_069 | TOP 5 BEST/CORRECT masked points (smallest abs_err):
INFO | EPOCH_069 | [B=8, T=4, D=3] true=3.428636 pred=3.428648 diff=+0.000012 abs_err=0.000012
INFO | EPOCH_069 | [B=3, T=23, D=10] true=1.421756 pred=1.421714 diff=-0.000042 abs_err=0.000042
INFO | EPOCH_069 | [B=27, T=11, D=9] true=3.268532 pred=3.268487 diff=-0.000045 abs_err=0.000045
INFO | EPOCH_069 | [B=50, T=28, D=7] true=1.314483 pred=1.314429 diff=-0.000054 abs_err=0.000054
INFO | EPOCH_069 | [B=54, T=17, D=10] true=1.358843 pred=1.358909 diff=+0.000066 abs_err=0.000066
INFO | EPOCH_079 | RANDOM 15 masked points (true, pred, diff, abs_err):
INFO | EPOCH_079 | [B=0, T=18, D=3] true=3.654985 pred=3.694509 diff=+0.039523 abs_err=0.039523
INFO | EPOCH_079 | [B=61, T=8, D=9] true=4.164839 pred=4.125926 diff=-0.038913 abs_err=0.038913
INFO | EPOCH_079 | [B=58, T=16, D=9] true=3.357717 pred=3.358547 diff=+0.000830 abs_err=0.000830
INFO | EPOCH_079 | [B=61, T=19, D=6] true=3.662037 pred=3.349218 diff=-0.312819 abs_err=0.312819
INFO | EPOCH_079 | [B=4, T=0, D=8] true=0.620275 pred=0.545412 diff=-0.074863 abs_err=0.074863
INFO | EPOCH_079 | [B=45, T=10, D=6] true=2.990322 pred=2.741509 diff=-0.248812 abs_err=0.248812
INFO | EPOCH_079 | [B=15, T=15, D=3] true=3.530305 pred=3.577845 diff=+0.047540 abs_err=0.047540
INFO | EPOCH_079 | [B=39, T=22, D=3] true=3.306843 pred=3.338924 diff=+0.032081 abs_err=0.032081
INFO | EPOCH_079 | [B=24, T=8, D=5] true=-0.072910 pred=0.155309 diff=+0.228219 abs_err=0.228219
INFO | EPOCH_079 | [B=15, T=29, D=11] true=0.734903 pred=0.564928 diff=-0.169975 abs_err=0.169975
INFO | EPOCH_079 | [B=41, T=5, D=0] true=2.754249 pred=2.718136 diff=-0.036113 abs_err=0.036113
INFO | EPOCH_079 | [B=53, T=13, D=6] true=1.654796 pred=1.807873 diff=+0.153076 abs_err=0.153076
INFO | EPOCH_079 | [B=14, T=16, D=2] true=0.432013 pred=0.371819 diff=-0.060194 abs_err=0.060194
INFO | EPOCH_079 | [B=29, T=20, D=7] true=2.126720 pred=2.239198 diff=+0.112478 abs_err=0.112478
INFO | EPOCH_079 | [B=32, T=14, D=3] true=2.494854 pred=2.610926 diff=+0.116072 abs_err=0.116072
INFO | EPOCH_079 | TOP 5 WORST masked points (largest abs_err):
INFO | EPOCH_079 | [B=25, T=9, D=9] true=3.972294 pred=1.843387 diff=-2.128907 abs_err=2.128907
INFO | EPOCH_079 | [B=29, T=4, D=10] true=0.463057 pred=2.376836 diff=+1.913779 abs_err=1.913779
INFO | EPOCH_079 | [B=29, T=7, D=10] true=0.487208 pred=2.376839 diff=+1.889631 abs_err=1.889631
INFO | EPOCH_079 | [B=49, T=9, D=10] true=0.435262 pred=2.299927 diff=+1.864666 abs_err=1.864666
INFO | EPOCH_079 | [B=28, T=13, D=10] true=0.457716 pred=2.317814 diff=+1.860098 abs_err=1.860098
INFO | EPOCH_079 | TOP 5 BEST/CORRECT masked points (smallest abs_err):
INFO | EPOCH_079 | [B=41, T=10, D=3] true=2.646874 pred=2.646873 diff=-0.000000 abs_err=0.000000
INFO | EPOCH_079 | [B=1, T=7, D=0] true=3.564982 pred=3.564995 diff=+0.000013 abs_err=0.000013
INFO | EPOCH_079 | [B=36, T=10, D=2] true=0.474932 pred=0.474902 diff=-0.000030 abs_err=0.000030
INFO | EPOCH_079 | [B=40, T=4, D=7] true=2.335902 pred=2.335937 diff=+0.000035 abs_err=0.000035
INFO | EPOCH_079 | [B=55, T=10, D=7] true=1.601677 pred=1.601713 diff=+0.000036 abs_err=0.000036
INFO | EPOCH_089 | RANDOM 15 masked points (true, pred, diff, abs_err):
INFO | EPOCH_089 | [B=44, T=13, D=11] true=-0.003851 pred=0.253965 diff=+0.257817 abs_err=0.257817
INFO | EPOCH_089 | [B=18, T=16, D=1] true=1.276758 pred=1.486471 diff=+0.209713 abs_err=0.209713
INFO | EPOCH_089 | [B=13, T=22, D=3] true=2.543846 pred=2.658552 diff=+0.114706 abs_err=0.114706
INFO | EPOCH_089 | [B=15, T=11, D=7] true=1.969330 pred=1.986111 diff=+0.016781 abs_err=0.016781
INFO | EPOCH_089 | [B=30, T=22, D=10] true=1.467279 pred=1.584107 diff=+0.116829 abs_err=0.116829
INFO | EPOCH_089 | [B=31, T=7, D=2] true=0.584450 pred=0.425773 diff=-0.158677 abs_err=0.158677
INFO | EPOCH_089 | [B=50, T=22, D=10] true=2.318935 pred=2.354546 diff=+0.035611 abs_err=0.035611
INFO | EPOCH_089 | [B=12, T=0, D=3] true=2.719193 pred=2.581256 diff=-0.137937 abs_err=0.137937
INFO | EPOCH_089 | [B=44, T=12, D=4] true=1.573253 pred=1.642254 diff=+0.069001 abs_err=0.069001
INFO | EPOCH_089 | [B=4, T=29, D=6] true=1.525613 pred=1.078592 diff=-0.447021 abs_err=0.447021
INFO | EPOCH_089 | [B=17, T=1, D=9] true=1.609052 pred=1.618549 diff=+0.009498 abs_err=0.009498
INFO | EPOCH_089 | [B=20, T=26, D=3] true=2.167377 pred=2.377464 diff=+0.210087 abs_err=0.210087
INFO | EPOCH_089 | [B=39, T=24, D=4] true=1.544933 pred=1.549871 diff=+0.004938 abs_err=0.004938
INFO | EPOCH_089 | [B=18, T=22, D=4] true=1.632138 pred=1.356084 diff=-0.276054 abs_err=0.276054
INFO | EPOCH_089 | [B=20, T=21, D=5] true=-0.367490 pred=-0.019241 diff=+0.348250 abs_err=0.348250
INFO | EPOCH_089 | TOP 5 WORST masked points (largest abs_err):
INFO | EPOCH_089 | [B=44, T=20, D=6] true=0.108967 pred=2.713805 diff=+2.604838 abs_err=2.604838
INFO | EPOCH_089 | [B=44, T=18, D=6] true=0.127504 pred=2.712295 diff=+2.584791 abs_err=2.584791
INFO | EPOCH_089 | [B=28, T=19, D=11] true=-1.985981 pred=0.560213 diff=+2.546194 abs_err=2.546194
INFO | EPOCH_089 | [B=43, T=7, D=11] true=2.397161 pred=-0.030517 diff=-2.427678 abs_err=2.427678
INFO | EPOCH_089 | [B=16, T=0, D=6] true=3.570038 pred=1.176176 diff=-2.393862 abs_err=2.393862
INFO | EPOCH_089 | TOP 5 BEST/CORRECT masked points (smallest abs_err):
INFO | EPOCH_089 | [B=1, T=15, D=8] true=1.227755 pred=1.227787 diff=+0.000033 abs_err=0.000033
INFO | EPOCH_089 | [B=54, T=27, D=11] true=0.441204 pred=0.441157 diff=-0.000047 abs_err=0.000047
INFO | EPOCH_089 | [B=12, T=27, D=7] true=1.969758 pred=1.969693 diff=-0.000066 abs_err=0.000066
INFO | EPOCH_089 | [B=22, T=27, D=8] true=0.734193 pred=0.734273 diff=+0.000080 abs_err=0.000080
INFO | EPOCH_089 | [B=5, T=3, D=7] true=1.738984 pred=1.739100 diff=+0.000116 abs_err=0.000116
INFO | EPOCH_099 | RANDOM 15 masked points (true, pred, diff, abs_err):
INFO | EPOCH_099 | [B=54, T=30, D=0] true=1.809696 pred=2.023616 diff=+0.213920 abs_err=0.213920
INFO | EPOCH_099 | [B=34, T=1, D=8] true=1.246577 pred=1.244309 diff=-0.002268 abs_err=0.002268
INFO | EPOCH_099 | [B=14, T=8, D=5] true=0.491060 pred=0.453180 diff=-0.037880 abs_err=0.037880
INFO | EPOCH_099 | [B=61, T=18, D=10] true=2.083615 pred=1.738738 diff=-0.344877 abs_err=0.344877
INFO | EPOCH_099 | [B=39, T=13, D=1] true=1.244251 pred=1.910516 diff=+0.666264 abs_err=0.666264
INFO | EPOCH_099 | [B=58, T=10, D=0] true=2.533041 pred=2.621485 diff=+0.088443 abs_err=0.088443
INFO | EPOCH_099 | [B=20, T=25, D=2] true=0.449449 pred=0.451279 diff=+0.001830 abs_err=0.001830
INFO | EPOCH_099 | [B=58, T=3, D=7] true=1.666294 pred=1.803307 diff=+0.137013 abs_err=0.137013
INFO | EPOCH_099 | [B=6, T=14, D=9] true=3.205303 pred=2.582841 diff=-0.622462 abs_err=0.622462
INFO | EPOCH_099 | [B=1, T=6, D=6] true=3.410108 pred=3.421885 diff=+0.011778 abs_err=0.011778
INFO | EPOCH_099 | [B=13, T=18, D=5] true=0.421337 pred=0.436552 diff=+0.015215 abs_err=0.015215
INFO | EPOCH_099 | [B=29, T=13, D=0] true=2.689022 pred=2.725926 diff=+0.036905 abs_err=0.036905
INFO | EPOCH_099 | [B=3, T=25, D=4] true=1.022736 pred=1.016221 diff=-0.006514 abs_err=0.006514
INFO | EPOCH_099 | [B=14, T=2, D=6] true=4.384666 pred=4.494310 diff=+0.109643 abs_err=0.109643
INFO | EPOCH_099 | [B=37, T=0, D=2] true=0.120157 pred=0.172550 diff=+0.052393 abs_err=0.052393
INFO | EPOCH_099 | TOP 5 WORST masked points (largest abs_err):
INFO | EPOCH_099 | [B=26, T=8, D=6] true=1.595185 pred=4.435441 diff=+2.840256 abs_err=2.840256
INFO | EPOCH_099 | [B=14, T=11, D=6] true=0.115726 pred=2.742649 diff=+2.626923 abs_err=2.626923
INFO | EPOCH_099 | [B=14, T=5, D=6] true=0.146037 pred=2.739664 diff=+2.593627 abs_err=2.593627
INFO | EPOCH_099 | [B=63, T=15, D=6] true=0.098340 pred=2.495158 diff=+2.396818 abs_err=2.396818
INFO | EPOCH_099 | [B=53, T=1, D=10] true=3.218401 pred=0.960517 diff=-2.257883 abs_err=2.257883
INFO | EPOCH_099 | TOP 5 BEST/CORRECT masked points (smallest abs_err):
INFO | EPOCH_099 | [B=15, T=14, D=1] true=1.379894 pred=1.379914 diff=+0.000020 abs_err=0.000020
INFO | EPOCH_099 | [B=7, T=2, D=4] true=1.003038 pred=1.003012 diff=-0.000026 abs_err=0.000026
INFO | EPOCH_099 | [B=7, T=27, D=4] true=1.032099 pred=1.032066 diff=-0.000033 abs_err=0.000033
INFO | EPOCH_099 | [B=62, T=17, D=3] true=3.965558 pred=3.965508 diff=-0.000050 abs_err=0.000050
INFO | EPOCH_099 | [B=63, T=25, D=4] true=1.033439 pred=1.033495 diff=+0.000057 abs_err=0.000057
INFO | EPOCH_109 | RANDOM 15 masked points (true, pred, diff, abs_err):
INFO | EPOCH_109 | [B=31, T=10, D=11] true=0.618987 pred=0.481937 diff=-0.137049 abs_err=0.137049
INFO | EPOCH_109 | [B=26, T=26, D=10] true=2.124843 pred=2.251461 diff=+0.126618 abs_err=0.126618
INFO | EPOCH_109 | [B=48, T=0, D=10] true=1.456491 pred=1.637335 diff=+0.180844 abs_err=0.180844
INFO | EPOCH_109 | [B=54, T=5, D=10] true=1.421883 pred=1.404397 diff=-0.017486 abs_err=0.017486
INFO | EPOCH_109 | [B=19, T=23, D=3] true=1.711898 pred=1.869642 diff=+0.157743 abs_err=0.157743
INFO | EPOCH_109 | [B=32, T=14, D=3] true=2.921023 pred=2.977155 diff=+0.056132 abs_err=0.056132
INFO | EPOCH_109 | [B=30, T=12, D=5] true=0.081215 pred=0.036529 diff=-0.044687 abs_err=0.044687
INFO | EPOCH_109 | [B=8, T=30, D=1] true=2.709805 pred=2.137888 diff=-0.571917 abs_err=0.571917
INFO | EPOCH_109 | [B=6, T=26, D=3] true=2.569654 pred=2.481910 diff=-0.087744 abs_err=0.087744
INFO | EPOCH_109 | [B=63, T=3, D=8] true=0.513275 pred=0.734132 diff=+0.220858 abs_err=0.220858
INFO | EPOCH_109 | [B=9, T=26, D=4] true=2.230992 pred=2.067930 diff=-0.163062 abs_err=0.163062
INFO | EPOCH_109 | [B=32, T=10, D=9] true=3.975546 pred=4.111671 diff=+0.136125 abs_err=0.136125
INFO | EPOCH_109 | [B=23, T=15, D=1] true=1.554637 pred=1.352314 diff=-0.202322 abs_err=0.202322
INFO | EPOCH_109 | [B=60, T=4, D=10] true=1.156896 pred=1.183131 diff=+0.026235 abs_err=0.026235
INFO | EPOCH_109 | [B=19, T=19, D=2] true=0.449350 pred=0.376602 diff=-0.072747 abs_err=0.072747
INFO | EPOCH_109 | TOP 5 WORST masked points (largest abs_err):
INFO | EPOCH_109 | [B=47, T=24, D=6] true=1.678643 pred=4.607496 diff=+2.928853 abs_err=2.928853
INFO | EPOCH_109 | [B=47, T=28, D=9] true=1.413674 pred=4.263856 diff=+2.850183 abs_err=2.850183
INFO | EPOCH_109 | [B=7, T=7, D=0] true=3.767489 pred=1.510904 diff=-2.256585 abs_err=2.256585
INFO | EPOCH_109 | [B=45, T=4, D=0] true=0.990548 pred=3.184497 diff=+2.193949 abs_err=2.193949
INFO | EPOCH_109 | [B=0, T=28, D=9] true=3.682978 pred=1.628389 diff=-2.054589 abs_err=2.054589
INFO | EPOCH_109 | TOP 5 BEST/CORRECT masked points (smallest abs_err):
INFO | EPOCH_109 | [B=30, T=1, D=8] true=0.224633 pred=0.224650 diff=+0.000017 abs_err=0.000017
INFO | EPOCH_109 | [B=57, T=25, D=11] true=0.695464 pred=0.695401 diff=-0.000063 abs_err=0.000063
INFO | EPOCH_109 | [B=39, T=21, D=5] true=0.081778 pred=0.081842 diff=+0.000064 abs_err=0.000064
INFO | EPOCH_109 | [B=62, T=22, D=11] true=0.757290 pred=0.757358 diff=+0.000068 abs_err=0.000068
INFO | EPOCH_109 | [B=47, T=19, D=2] true=0.110688 pred=0.110769 diff=+0.000081 abs_err=0.000081
INFO | EPOCH_119 | RANDOM 15 masked points (true, pred, diff, abs_err):
INFO | EPOCH_119 | [B=11, T=3, D=9] true=2.280108 pred=2.474828 diff=+0.194720 abs_err=0.194720
INFO | EPOCH_119 | [B=61, T=21, D=9] true=2.132847 pred=2.680316 diff=+0.547469 abs_err=0.547469
INFO | EPOCH_119 | [B=57, T=17, D=6] true=3.980524 pred=3.709306 diff=-0.271218 abs_err=0.271218
INFO | EPOCH_119 | [B=0, T=7, D=10] true=1.210753 pred=1.120371 diff=-0.090382 abs_err=0.090382
INFO | EPOCH_119 | [B=42, T=17, D=9] true=4.496449 pred=4.300870 diff=-0.195579 abs_err=0.195579
INFO | EPOCH_119 | [B=9, T=9, D=6] true=2.997962 pred=2.842102 diff=-0.155860 abs_err=0.155860
INFO | EPOCH_119 | [B=50, T=12, D=1] true=1.403283 pred=1.298788 diff=-0.104495 abs_err=0.104495
INFO | EPOCH_119 | [B=25, T=0, D=8] true=0.033292 pred=0.119598 diff=+0.086307 abs_err=0.086307
INFO | EPOCH_119 | [B=33, T=18, D=2] true=0.636992 pred=0.584188 diff=-0.052804 abs_err=0.052804
INFO | EPOCH_119 | [B=6, T=0, D=10] true=1.430547 pred=1.411501 diff=-0.019046 abs_err=0.019046
INFO | EPOCH_119 | [B=15, T=25, D=1] true=1.781449 pred=1.921896 diff=+0.140447 abs_err=0.140447
INFO | EPOCH_119 | [B=5, T=23, D=3] true=3.378483 pred=3.105054 diff=-0.273429 abs_err=0.273429
INFO | EPOCH_119 | [B=22, T=19, D=5] true=-0.002162 pred=0.143194 diff=+0.145357 abs_err=0.145357
INFO | EPOCH_119 | [B=54, T=26, D=3] true=3.996880 pred=3.282890 diff=-0.713990 abs_err=0.713990
INFO | EPOCH_119 | [B=2, T=0, D=9] true=2.124507 pred=2.195997 diff=+0.071490 abs_err=0.071490
INFO | EPOCH_119 | TOP 5 WORST masked points (largest abs_err):
INFO | EPOCH_119 | [B=17, T=6, D=6] true=0.042953 pred=4.050150 diff=+4.007197 abs_err=4.007197
INFO | EPOCH_119 | [B=17, T=2, D=6] true=0.050544 pred=4.050846 diff=+4.000302 abs_err=4.000302
INFO | EPOCH_119 | [B=55, T=27, D=9] true=1.255944 pred=3.831442 diff=+2.575498 abs_err=2.575498
INFO | EPOCH_119 | [B=31, T=11, D=3] true=1.384696 pred=3.811999 diff=+2.427303 abs_err=2.427303
INFO | EPOCH_119 | [B=37, T=28, D=6] true=5.711285 pred=3.286783 diff=-2.424502 abs_err=2.424502
INFO | EPOCH_119 | TOP 5 BEST/CORRECT masked points (smallest abs_err):
INFO | EPOCH_119 | [B=29, T=13, D=6] true=2.906679 pred=2.906654 diff=-0.000025 abs_err=0.000025
INFO | EPOCH_119 | [B=4, T=28, D=5] true=0.536653 pred=0.536702 diff=+0.000049 abs_err=0.000049
INFO | EPOCH_119 | [B=33, T=5, D=3] true=2.598590 pred=2.598648 diff=+0.000058 abs_err=0.000058
INFO | EPOCH_119 | [B=23, T=1, D=7] true=2.551498 pred=2.551432 diff=-0.000067 abs_err=0.000067
INFO | EPOCH_119 | [B=36, T=14, D=5] true=0.424389 pred=0.424322 diff=-0.000067 abs_err=0.000067
INFO | EPOCH_129 | RANDOM 15 masked points (true, pred, diff, abs_err):
INFO | EPOCH_129 | [B=50, T=3, D=5] true=0.492538 pred=0.310153 diff=-0.182385 abs_err=0.182385
INFO | EPOCH_129 | [B=7, T=10, D=2] true=0.324712 pred=0.079838 diff=-0.244874 abs_err=0.244874
INFO | EPOCH_129 | [B=45, T=18, D=6] true=3.377639 pred=3.369282 diff=-0.008357 abs_err=0.008357
INFO | EPOCH_129 | [B=51, T=12, D=0] true=3.001993 pred=2.928511 diff=-0.073482 abs_err=0.073482
INFO | EPOCH_129 | [B=35, T=0, D=6] true=4.440224 pred=4.600289 diff=+0.160065 abs_err=0.160065
INFO | EPOCH_129 | [B=33, T=13, D=2] true=0.427968 pred=0.406061 diff=-0.021907 abs_err=0.021907
INFO | EPOCH_129 | [B=53, T=26, D=9] true=2.916962 pred=2.897156 diff=-0.019806 abs_err=0.019806
INFO | EPOCH_129 | [B=3, T=25, D=8] true=1.066814 pred=0.918146 diff=-0.148668 abs_err=0.148668
INFO | EPOCH_129 | [B=58, T=12, D=9] true=2.914979 pred=2.921075 diff=+0.006096 abs_err=0.006096
INFO | EPOCH_129 | [B=41, T=23, D=8] true=0.210549 pred=0.271913 diff=+0.061364 abs_err=0.061364
INFO | EPOCH_129 | [B=46, T=6, D=7] true=2.622532 pred=2.078704 diff=-0.543828 abs_err=0.543828
INFO | EPOCH_129 | [B=6, T=15, D=3] true=4.195580 pred=3.454673 diff=-0.740907 abs_err=0.740907
INFO | EPOCH_129 | [B=63, T=17, D=9] true=1.645573 pred=2.046510 diff=+0.400937 abs_err=0.400937
INFO | EPOCH_129 | [B=33, T=28, D=7] true=1.478142 pred=1.433250 diff=-0.044893 abs_err=0.044893
INFO | EPOCH_129 | [B=11, T=15, D=2] true=0.448355 pred=0.329094 diff=-0.119261 abs_err=0.119261
INFO | EPOCH_129 | TOP 5 WORST masked points (largest abs_err):
INFO | EPOCH_129 | [B=46, T=13, D=6] true=0.022954 pred=3.190465 diff=+3.167511 abs_err=3.167511
INFO | EPOCH_129 | [B=46, T=10, D=6] true=0.025506 pred=3.189463 diff=+3.163957 abs_err=3.163957
INFO | EPOCH_129 | [B=26, T=5, D=9] true=0.757862 pred=3.500279 diff=+2.742418 abs_err=2.742418
INFO | EPOCH_129 | [B=49, T=13, D=0] true=5.045780 pred=2.742487 diff=-2.303292 abs_err=2.303292
INFO | EPOCH_129 | [B=49, T=14, D=11] true=2.130419 pred=-0.160088 diff=-2.290507 abs_err=2.290507
INFO | EPOCH_129 | TOP 5 BEST/CORRECT masked points (smallest abs_err):
INFO | EPOCH_129 | [B=8, T=0, D=11] true=0.463210 pred=0.463226 diff=+0.000015 abs_err=0.000015
INFO | EPOCH_129 | [B=0, T=26, D=1] true=1.263032 pred=1.263074 diff=+0.000042 abs_err=0.000042
INFO | EPOCH_129 | [B=61, T=10, D=8] true=0.152761 pred=0.152803 diff=+0.000042 abs_err=0.000042
INFO | EPOCH_129 | [B=57, T=13, D=10] true=1.348366 pred=1.348436 diff=+0.000070 abs_err=0.000070
INFO | EPOCH_129 | [B=8, T=0, D=9] true=1.367931 pred=1.368003 diff=+0.000072 abs_err=0.000072
INFO | EPOCH_139 | RANDOM 15 masked points (true, pred, diff, abs_err):
INFO | EPOCH_139 | [B=5, T=21, D=8] true=0.044017 pred=0.070751 diff=+0.026734 abs_err=0.026734
INFO | EPOCH_139 | [B=39, T=5, D=1] true=2.436924 pred=2.338194 diff=-0.098730 abs_err=0.098730
INFO | EPOCH_139 | [B=60, T=4, D=9] true=3.609800 pred=3.263496 diff=-0.346304 abs_err=0.346304
INFO | EPOCH_139 | [B=49, T=27, D=11] true=0.981111 pred=0.708378 diff=-0.272734 abs_err=0.272734
INFO | EPOCH_139 | [B=25, T=19, D=1] true=1.954979 pred=1.757788 diff=-0.197191 abs_err=0.197191
INFO | EPOCH_139 | [B=42, T=3, D=8] true=0.202914 pred=0.211012 diff=+0.008098 abs_err=0.008098
INFO | EPOCH_139 | [B=34, T=25, D=4] true=2.602520 pred=2.245495 diff=-0.357025 abs_err=0.357025
INFO | EPOCH_139 | [B=37, T=0, D=5] true=0.484960 pred=0.346273 diff=-0.138687 abs_err=0.138687
INFO | EPOCH_139 | [B=11, T=5, D=7] true=1.407728 pred=1.483953 diff=+0.076225 abs_err=0.076225
INFO | EPOCH_139 | [B=46, T=13, D=3] true=2.557845 pred=2.599814 diff=+0.041969 abs_err=0.041969
INFO | EPOCH_139 | [B=0, T=18, D=0] true=2.299730 pred=2.248025 diff=-0.051705 abs_err=0.051705
INFO | EPOCH_139 | [B=57, T=8, D=2] true=-0.054329 pred=0.341846 diff=+0.396175 abs_err=0.396175
INFO | EPOCH_139 | [B=32, T=13, D=1] true=2.351579 pred=2.418151 diff=+0.066572 abs_err=0.066572
INFO | EPOCH_139 | [B=29, T=29, D=9] true=1.616038 pred=1.932099 diff=+0.316061 abs_err=0.316061
INFO | EPOCH_139 | [B=35, T=16, D=0] true=3.353330 pred=3.266945 diff=-0.086385 abs_err=0.086385
INFO | EPOCH_139 | TOP 5 WORST masked points (largest abs_err):
INFO | EPOCH_139 | [B=51, T=24, D=6] true=3.759710 pred=1.456636 diff=-2.303074 abs_err=2.303074
INFO | EPOCH_139 | [B=53, T=23, D=9] true=3.769167 pred=1.579344 diff=-2.189823 abs_err=2.189823
INFO | EPOCH_139 | [B=53, T=25, D=9] true=3.762194 pred=1.586939 diff=-2.175255 abs_err=2.175255
INFO | EPOCH_139 | [B=53, T=6, D=9] true=3.672971 pred=1.539195 diff=-2.133776 abs_err=2.133776
INFO | EPOCH_139 | [B=36, T=17, D=9] true=3.693735 pred=1.595250 diff=-2.098485 abs_err=2.098485
INFO | EPOCH_139 | TOP 5 BEST/CORRECT masked points (smallest abs_err):
INFO | EPOCH_139 | [B=36, T=12, D=7] true=2.448701 pred=2.448703 diff=+0.000001 abs_err=0.000001
INFO | EPOCH_139 | [B=42, T=24, D=3] true=2.483707 pred=2.483714 diff=+0.000007 abs_err=0.000007
INFO | EPOCH_139 | [B=14, T=4, D=1] true=1.226895 pred=1.226879 diff=-0.000016 abs_err=0.000016
INFO | EPOCH_139 | [B=50, T=7, D=3] true=1.838711 pred=1.838689 diff=-0.000022 abs_err=0.000022
INFO | EPOCH_139 | [B=24, T=0, D=4] true=1.881426 pred=1.881486 diff=+0.000061 abs_err=0.000061
INFO | EPOCH_149 | RANDOM 15 masked points (true, pred, diff, abs_err):
INFO | EPOCH_149 | [B=52, T=17, D=10] true=2.270497 pred=2.296072 diff=+0.025574 abs_err=0.025574
INFO | EPOCH_149 | [B=45, T=25, D=2] true=-0.257988 pred=-0.077087 diff=+0.180901 abs_err=0.180901
INFO | EPOCH_149 | [B=14, T=9, D=3] true=3.910390 pred=3.842851 diff=-0.067539 abs_err=0.067539
INFO | EPOCH_149 | [B=32, T=14, D=11] true=0.784962 pred=0.507526 diff=-0.277436 abs_err=0.277436
INFO | EPOCH_149 | [B=54, T=1, D=11] true=0.252882 pred=0.789771 diff=+0.536888 abs_err=0.536888
INFO | EPOCH_149 | [B=52, T=13, D=9] true=3.701963 pred=2.671003 diff=-1.030960 abs_err=1.030960
INFO | EPOCH_149 | [B=41, T=1, D=2] true=0.346291 pred=0.345589 diff=-0.000702 abs_err=0.000702
INFO | EPOCH_149 | [B=63, T=11, D=8] true=0.641550 pred=0.582885 diff=-0.058665 abs_err=0.058665
INFO | EPOCH_149 | [B=50, T=24, D=1] true=1.460079 pred=1.502977 diff=+0.042898 abs_err=0.042898
INFO | EPOCH_149 | [B=14, T=19, D=10] true=1.078730 pred=1.102201 diff=+0.023472 abs_err=0.023472
INFO | EPOCH_149 | [B=37, T=10, D=6] true=1.912133 pred=2.559766 diff=+0.647633 abs_err=0.647633
INFO | EPOCH_149 | [B=7, T=5, D=10] true=1.271100 pred=1.222694 diff=-0.048406 abs_err=0.048406
INFO | EPOCH_149 | [B=16, T=17, D=3] true=3.883819 pred=3.930771 diff=+0.046952 abs_err=0.046952
INFO | EPOCH_149 | [B=30, T=0, D=1] true=1.381926 pred=1.332156 diff=-0.049770 abs_err=0.049770
INFO | EPOCH_149 | [B=11, T=29, D=5] true=0.215400 pred=0.178338 diff=-0.037062 abs_err=0.037062
INFO | EPOCH_149 | TOP 5 WORST masked points (largest abs_err):
INFO | EPOCH_149 | [B=35, T=20, D=3] true=0.534949 pred=3.246641 diff=+2.711692 abs_err=2.711692
INFO | EPOCH_149 | [B=37, T=25, D=0] true=0.800751 pred=2.892721 diff=+2.091970 abs_err=2.091970
INFO | EPOCH_149 | [B=46, T=14, D=2] true=2.224028 pred=0.149837 diff=-2.074191 abs_err=2.074191
INFO | EPOCH_149 | [B=35, T=13, D=3] true=1.276481 pred=3.248946 diff=+1.972465 abs_err=1.972465
INFO | EPOCH_149 | [B=46, T=14, D=0] true=5.050667 pred=3.089134 diff=-1.961534 abs_err=1.961534
INFO | EPOCH_149 | TOP 5 BEST/CORRECT masked points (smallest abs_err):
INFO | EPOCH_149 | [B=61, T=24, D=4] true=2.020574 pred=2.020574 diff=-0.000000 abs_err=0.000000
INFO | EPOCH_149 | [B=10, T=5, D=11] true=0.822457 pred=0.822473 diff=+0.000016 abs_err=0.000016
INFO | EPOCH_149 | [B=58, T=3, D=1] true=2.409461 pred=2.409478 diff=+0.000017 abs_err=0.000017
INFO | EPOCH_149 | [B=24, T=6, D=11] true=0.472894 pred=0.472870 diff=-0.000024 abs_err=0.000024
INFO | EPOCH_149 | [B=13, T=28, D=1] true=1.384976 pred=1.385024 diff=+0.000048 abs_err=0.000048
INFO | EPOCH_159 | RANDOM 15 masked points (true, pred, diff, abs_err):
INFO | EPOCH_159 | [B=27, T=3, D=6] true=2.471968 pred=2.581719 diff=+0.109751 abs_err=0.109751
INFO | EPOCH_159 | [B=54, T=27, D=4] true=1.401107 pred=1.442350 diff=+0.041243 abs_err=0.041243
INFO | EPOCH_159 | [B=57, T=7, D=5] true=0.069156 pred=0.104515 diff=+0.035359 abs_err=0.035359
INFO | EPOCH_159 | [B=52, T=12, D=5] true=0.185873 pred=0.228682 diff=+0.042809 abs_err=0.042809
INFO | EPOCH_159 | [B=37, T=25, D=2] true=-0.065765 pred=0.157023 diff=+0.222789 abs_err=0.222789
INFO | EPOCH_159 | [B=4, T=19, D=6] true=2.054052 pred=2.069091 diff=+0.015038 abs_err=0.015038
INFO | EPOCH_159 | [B=26, T=15, D=1] true=1.740480 pred=1.818831 diff=+0.078352 abs_err=0.078352
INFO | EPOCH_159 | [B=60, T=17, D=1] true=1.585976 pred=1.590009 diff=+0.004033 abs_err=0.004033
INFO | EPOCH_159 | [B=11, T=18, D=0] true=3.285857 pred=3.390760 diff=+0.104903 abs_err=0.104903
INFO | EPOCH_159 | [B=58, T=21, D=3] true=3.205836 pred=3.377285 diff=+0.171449 abs_err=0.171449
INFO | EPOCH_159 | [B=56, T=13, D=10] true=1.478218 pred=1.378296 diff=-0.099922 abs_err=0.099922
INFO | EPOCH_159 | [B=0, T=16, D=10] true=1.352445 pred=1.475000 diff=+0.122555 abs_err=0.122555
INFO | EPOCH_159 | [B=4, T=1, D=5] true=0.230305 pred=0.313308 diff=+0.083002 abs_err=0.083002
INFO | EPOCH_159 | [B=15, T=15, D=4] true=1.978406 pred=1.875002 diff=-0.103404 abs_err=0.103404
INFO | EPOCH_159 | [B=29, T=8, D=5] true=0.491407 pred=0.322262 diff=-0.169145 abs_err=0.169145
INFO | EPOCH_159 | TOP 5 WORST masked points (largest abs_err):
INFO | EPOCH_159 | [B=7, T=3, D=0] true=5.087778 pred=2.466086 diff=-2.621692 abs_err=2.621692
INFO | EPOCH_159 | [B=39, T=23, D=3] true=1.330343 pred=3.635157 diff=+2.304814 abs_err=2.304814
INFO | EPOCH_159 | [B=60, T=21, D=6] true=1.315996 pred=3.598434 diff=+2.282438 abs_err=2.282438
INFO | EPOCH_159 | [B=7, T=3, D=2] true=2.372046 pred=0.090416 diff=-2.281629 abs_err=2.281629
INFO | EPOCH_159 | [B=60, T=8, D=6] true=1.323833 pred=3.603845 diff=+2.280012 abs_err=2.280012
INFO | EPOCH_159 | TOP 5 BEST/CORRECT masked points (smallest abs_err):
INFO | EPOCH_159 | [B=62, T=8, D=9] true=2.453596 pred=2.453592 diff=-0.000004 abs_err=0.000004
INFO | EPOCH_159 | [B=33, T=1, D=1] true=2.145419 pred=2.145409 diff=-0.000009 abs_err=0.000009
INFO | EPOCH_159 | [B=40, T=10, D=10] true=1.797122 pred=1.797105 diff=-0.000017 abs_err=0.000017
INFO | EPOCH_159 | [B=11, T=29, D=1] true=2.067721 pred=2.067695 diff=-0.000026 abs_err=0.000026
INFO | EPOCH_159 | [B=46, T=17, D=5] true=0.225057 pred=0.225134 diff=+0.000077 abs_err=0.000077
INFO | EPOCH_169 | RANDOM 15 masked points (true, pred, diff, abs_err):
INFO | EPOCH_169 | [B=7, T=9, D=0] true=3.577623 pred=3.426502 diff=-0.151121 abs_err=0.151121
INFO | EPOCH_169 | [B=19, T=12, D=11] true=-0.092207 pred=0.327845 diff=+0.420052 abs_err=0.420052
INFO | EPOCH_169 | [B=15, T=0, D=6] true=3.643654 pred=3.749561 diff=+0.105906 abs_err=0.105906
INFO | EPOCH_169 | [B=44, T=7, D=11] true=0.768783 pred=0.825993 diff=+0.057210 abs_err=0.057210
INFO | EPOCH_169 | [B=32, T=16, D=6] true=2.629261 pred=2.730465 diff=+0.101203 abs_err=0.101203
INFO | EPOCH_169 | [B=48, T=24, D=9] true=3.453104 pred=3.072691 diff=-0.380413 abs_err=0.380413
INFO | EPOCH_169 | [B=29, T=23, D=6] true=2.799972 pred=2.806572 diff=+0.006601 abs_err=0.006601
INFO | EPOCH_169 | [B=6, T=15, D=9] true=1.677453 pred=1.689867 diff=+0.012414 abs_err=0.012414
INFO | EPOCH_169 | [B=31, T=29, D=1] true=1.898180 pred=1.665382 diff=-0.232798 abs_err=0.232798
INFO | EPOCH_169 | [B=49, T=25, D=3] true=3.870973 pred=3.740417 diff=-0.130556 abs_err=0.130556
INFO | EPOCH_169 | [B=47, T=9, D=2] true=0.348134 pred=0.305327 diff=-0.042806 abs_err=0.042806
INFO | EPOCH_169 | [B=31, T=26, D=11] true=0.015594 pred=-0.030572 diff=-0.046166 abs_err=0.046166
INFO | EPOCH_169 | [B=16, T=20, D=8] true=1.340098 pred=0.960964 diff=-0.379134 abs_err=0.379134
INFO | EPOCH_169 | [B=16, T=23, D=4] true=2.635060 pred=2.410736 diff=-0.224324 abs_err=0.224324
INFO | EPOCH_169 | [B=12, T=15, D=0] true=2.720323 pred=2.715994 diff=-0.004328 abs_err=0.004328
INFO | EPOCH_169 | TOP 5 WORST masked points (largest abs_err):
INFO | EPOCH_169 | [B=28, T=19, D=11] true=-1.985981 pred=0.550516 diff=+2.536497 abs_err=2.536497
INFO | EPOCH_169 | [B=33, T=10, D=9] true=3.742375 pred=1.231573 diff=-2.510802 abs_err=2.510802
INFO | EPOCH_169 | [B=44, T=6, D=0] true=3.616072 pred=1.191334 diff=-2.424738 abs_err=2.424738
INFO | EPOCH_169 | [B=43, T=7, D=11] true=2.397161 pred=0.003869 diff=-2.393292 abs_err=2.393292
INFO | EPOCH_169 | [B=28, T=19, D=10] true=3.777889 pred=1.467751 diff=-2.310138 abs_err=2.310138
INFO | EPOCH_169 | TOP 5 BEST/CORRECT masked points (smallest abs_err):
INFO | EPOCH_169 | [B=38, T=24, D=6] true=2.810342 pred=2.810305 diff=-0.000036 abs_err=0.000036
INFO | EPOCH_169 | [B=47, T=15, D=4] true=1.459033 pred=1.459083 diff=+0.000049 abs_err=0.000049
INFO | EPOCH_169 | [B=0, T=1, D=4] true=1.254296 pred=1.254241 diff=-0.000055 abs_err=0.000055
INFO | EPOCH_169 | [B=41, T=19, D=7] true=1.608249 pred=1.608405 diff=+0.000156 abs_err=0.000156
INFO | EPOCH_169 | [B=2, T=4, D=9] true=4.110569 pred=4.110728 diff=+0.000158 abs_err=0.000158
INFO | EPOCH_179 | RANDOM 15 masked points (true, pred, diff, abs_err):
INFO | EPOCH_179 | [B=21, T=7, D=11] true=-0.108622 pred=0.250375 diff=+0.358997 abs_err=0.358997
INFO | EPOCH_179 | [B=50, T=8, D=9] true=1.569699 pred=1.790565 diff=+0.220866 abs_err=0.220866
INFO | EPOCH_179 | [B=38, T=1, D=0] true=2.327729 pred=2.363962 diff=+0.036233 abs_err=0.036233
INFO | EPOCH_179 | [B=41, T=7, D=10] true=1.584392 pred=1.316694 diff=-0.267697 abs_err=0.267697
INFO | EPOCH_179 | [B=2, T=12, D=5] true=-0.100500 pred=-0.067326 diff=+0.033174 abs_err=0.033174
INFO | EPOCH_179 | [B=35, T=27, D=8] true=1.362364 pred=0.999253 diff=-0.363111 abs_err=0.363111
INFO | EPOCH_179 | [B=3, T=5, D=6] true=1.585119 pred=1.379983 diff=-0.205136 abs_err=0.205136
INFO | EPOCH_179 | [B=57, T=11, D=3] true=2.438384 pred=2.632953 diff=+0.194569 abs_err=0.194569
INFO | EPOCH_179 | [B=62, T=6, D=4] true=1.082293 pred=0.991542 diff=-0.090751 abs_err=0.090751
INFO | EPOCH_179 | [B=27, T=16, D=5] true=0.328264 pred=0.071435 diff=-0.256828 abs_err=0.256828
INFO | EPOCH_179 | [B=25, T=22, D=11] true=0.463358 pred=0.082064 diff=-0.381294 abs_err=0.381294
INFO | EPOCH_179 | [B=49, T=29, D=8] true=0.454260 pred=0.366598 diff=-0.087662 abs_err=0.087662
INFO | EPOCH_179 | [B=36, T=23, D=7] true=1.391295 pred=1.277368 diff=-0.113927 abs_err=0.113927
INFO | EPOCH_179 | [B=28, T=6, D=7] true=1.062800 pred=1.310591 diff=+0.247791 abs_err=0.247791
INFO | EPOCH_179 | [B=36, T=19, D=0] true=3.171698 pred=3.174711 diff=+0.003013 abs_err=0.003013
INFO | EPOCH_179 | TOP 5 WORST masked points (largest abs_err):
INFO | EPOCH_179 | [B=26, T=8, D=6] true=1.595185 pred=4.336039 diff=+2.740854 abs_err=2.740854
INFO | EPOCH_179 | [B=44, T=20, D=6] true=0.108967 pred=2.606374 diff=+2.497407 abs_err=2.497407
INFO | EPOCH_179 | [B=44, T=18, D=6] true=0.127504 pred=2.607486 diff=+2.479982 abs_err=2.479982
INFO | EPOCH_179 | [B=9, T=18, D=6] true=3.577968 pred=1.171892 diff=-2.406076 abs_err=2.406076
INFO | EPOCH_179 | [B=16, T=0, D=6] true=3.570038 pred=1.169877 diff=-2.400161 abs_err=2.400161
INFO | EPOCH_179 | TOP 5 BEST/CORRECT masked points (smallest abs_err):
INFO | EPOCH_179 | [B=63, T=19, D=2] true=0.441920 pred=0.441924 diff=+0.000004 abs_err=0.000004
INFO | EPOCH_179 | [B=62, T=23, D=3] true=2.469030 pred=2.469022 diff=-0.000008 abs_err=0.000008
INFO | EPOCH_179 | [B=12, T=21, D=1] true=1.383111 pred=1.383063 diff=-0.000048 abs_err=0.000048
INFO | EPOCH_179 | [B=59, T=25, D=4] true=2.289254 pred=2.289189 diff=-0.000065 abs_err=0.000065
INFO | EPOCH_179 | [B=2, T=21, D=5] true=-0.061677 pred=-0.061760 diff=-0.000083 abs_err=0.000083
INFO | EPOCH_189 | RANDOM 15 masked points (true, pred, diff, abs_err):
INFO | EPOCH_189 | [B=33, T=24, D=9] true=1.873103 pred=1.678282 diff=-0.194820 abs_err=0.194820
INFO | EPOCH_189 | [B=62, T=19, D=10] true=2.168105 pred=2.061027 diff=-0.107078 abs_err=0.107078
INFO | EPOCH_189 | [B=12, T=2, D=1] true=1.997763 pred=1.856429 diff=-0.141333 abs_err=0.141333
INFO | EPOCH_189 | [B=22, T=22, D=6] true=2.792894 pred=2.830452 diff=+0.037558 abs_err=0.037558
INFO | EPOCH_189 | [B=43, T=12, D=3] true=2.337407 pred=2.345057 diff=+0.007650 abs_err=0.007650
INFO | EPOCH_189 | [B=19, T=14, D=3] true=2.730254 pred=2.700596 diff=-0.029658 abs_err=0.029658
INFO | EPOCH_189 | [B=8, T=0, D=5] true=0.361081 pred=0.381972 diff=+0.020891 abs_err=0.020891
INFO | EPOCH_189 | [B=58, T=8, D=9] true=2.301178 pred=2.158604 diff=-0.142574 abs_err=0.142574
INFO | EPOCH_189 | [B=4, T=21, D=10] true=1.524919 pred=1.516436 diff=-0.008483 abs_err=0.008483
INFO | EPOCH_189 | [B=6, T=7, D=2] true=0.164943 pred=0.139479 diff=-0.025463 abs_err=0.025463
INFO | EPOCH_189 | [B=51, T=28, D=11] true=0.259347 pred=0.570378 diff=+0.311031 abs_err=0.311031
INFO | EPOCH_189 | [B=18, T=25, D=2] true=0.362260 pred=0.411430 diff=+0.049171 abs_err=0.049171
INFO | EPOCH_189 | [B=29, T=0, D=2] true=0.384512 pred=0.359286 diff=-0.025226 abs_err=0.025226
INFO | EPOCH_189 | [B=33, T=13, D=11] true=0.235319 pred=0.223966 diff=-0.011353 abs_err=0.011353
INFO | EPOCH_189 | [B=26, T=13, D=5] true=0.592144 pred=0.525167 diff=-0.066977 abs_err=0.066977
INFO | EPOCH_189 | TOP 5 WORST masked points (largest abs_err):
INFO | EPOCH_189 | [B=47, T=24, D=6] true=1.678643 pred=4.591678 diff=+2.913035 abs_err=2.913035
INFO | EPOCH_189 | [B=49, T=7, D=9] true=5.105003 pred=2.209828 diff=-2.895175 abs_err=2.895175
INFO | EPOCH_189 | [B=49, T=13, D=9] true=5.089466 pred=2.201692 diff=-2.887774 abs_err=2.887774
INFO | EPOCH_189 | [B=49, T=3, D=9] true=5.089140 pred=2.213798 diff=-2.875342 abs_err=2.875342
INFO | EPOCH_189 | [B=47, T=28, D=9] true=1.413674 pred=4.188197 diff=+2.774524 abs_err=2.774524
INFO | EPOCH_189 | TOP 5 BEST/CORRECT masked points (smallest abs_err):
INFO | EPOCH_189 | [B=29, T=7, D=10] true=2.328417 pred=2.328439 diff=+0.000023 abs_err=0.000023
INFO | EPOCH_189 | [B=28, T=17, D=10] true=2.336077 pred=2.336109 diff=+0.000032 abs_err=0.000032
INFO | EPOCH_189 | [B=16, T=10, D=10] true=2.086114 pred=2.086169 diff=+0.000055 abs_err=0.000055
INFO | EPOCH_189 | [B=21, T=23, D=5] true=0.524478 pred=0.524407 diff=-0.000071 abs_err=0.000071
INFO | EPOCH_189 | [B=26, T=3, D=7] true=2.448009 pred=2.447934 diff=-0.000076 abs_err=0.000076
INFO | EPOCH_199 | RANDOM 15 masked points (true, pred, diff, abs_err):
INFO | EPOCH_199 | [B=28, T=8, D=5] true=-0.049302 pred=0.007195 diff=+0.056497 abs_err=0.056497
INFO | EPOCH_199 | [B=57, T=8, D=6] true=2.732990 pred=3.153363 diff=+0.420373 abs_err=0.420373
INFO | EPOCH_199 | [B=55, T=0, D=10] true=1.836409 pred=1.782921 diff=-0.053488 abs_err=0.053488
INFO | EPOCH_199 | [B=45, T=16, D=4] true=1.424216 pred=1.082692 diff=-0.341524 abs_err=0.341524
INFO | EPOCH_199 | [B=61, T=26, D=4] true=2.279094 pred=1.904908 diff=-0.374186 abs_err=0.374186
INFO | EPOCH_199 | [B=34, T=19, D=10] true=1.576912 pred=1.334786 diff=-0.242127 abs_err=0.242127
INFO | EPOCH_199 | [B=46, T=12, D=7] true=1.059446 pred=0.993295 diff=-0.066151 abs_err=0.066151
INFO | EPOCH_199 | [B=2, T=17, D=10] true=2.153577 pred=2.101041 diff=-0.052536 abs_err=0.052536
INFO | EPOCH_199 | [B=22, T=1, D=6] true=2.594976 pred=2.819441 diff=+0.224465 abs_err=0.224465
INFO | EPOCH_199 | [B=28, T=26, D=1] true=1.426335 pred=1.270065 diff=-0.156271 abs_err=0.156271
INFO | EPOCH_199 | [B=61, T=7, D=4] true=1.461033 pred=1.355608 diff=-0.105425 abs_err=0.105425
INFO | EPOCH_199 | [B=41, T=0, D=0] true=2.752295 pred=2.703556 diff=-0.048739 abs_err=0.048739
INFO | EPOCH_199 | [B=25, T=6, D=10] true=1.380953 pred=1.358965 diff=-0.021988 abs_err=0.021988
INFO | EPOCH_199 | [B=10, T=27, D=2] true=0.366180 pred=0.487579 diff=+0.121399 abs_err=0.121399
INFO | EPOCH_199 | [B=46, T=16, D=2] true=0.537055 pred=0.458464 diff=-0.078591 abs_err=0.078591
INFO | EPOCH_199 | TOP 5 WORST masked points (largest abs_err):
INFO | EPOCH_199 | [B=0, T=28, D=9] true=3.682978 pred=1.440639 diff=-2.242339 abs_err=2.242339
INFO | EPOCH_199 | [B=12, T=18, D=9] true=3.666526 pred=1.425217 diff=-2.241309 abs_err=2.241309
INFO | EPOCH_199 | [B=55, T=27, D=9] true=1.255944 pred=3.454513 diff=+2.198570 abs_err=2.198570
INFO | EPOCH_199 | [B=15, T=17, D=9] true=3.643659 pred=1.489593 diff=-2.154066 abs_err=2.154066
INFO | EPOCH_199 | [B=12, T=0, D=9] true=3.569950 pred=1.440929 diff=-2.129020 abs_err=2.129020
INFO | EPOCH_199 | TOP 5 BEST/CORRECT masked points (smallest abs_err):
INFO | EPOCH_199 | [B=18, T=16, D=0] true=2.822120 pred=2.822143 diff=+0.000023 abs_err=0.000023
INFO | EPOCH_199 | [B=16, T=25, D=2] true=-0.201535 pred=-0.201501 diff=+0.000034 abs_err=0.000034
INFO | EPOCH_199 | [B=59, T=23, D=9] true=2.236825 pred=2.236885 diff=+0.000060 abs_err=0.000060
INFO | EPOCH_199 | [B=22, T=26, D=9] true=2.864626 pred=2.864691 diff=+0.000065 abs_err=0.000065
INFO | EPOCH_199 | [B=37, T=7, D=0] true=2.898250 pred=2.898333 diff=+0.000084 abs_err=0.000084
INFO | EPOCH_209 | RANDOM 15 masked points (true, pred, diff, abs_err):
INFO | EPOCH_209 | [B=59, T=5, D=9] true=2.953632 pred=2.982708 diff=+0.029076 abs_err=0.029076
INFO | EPOCH_209 | [B=61, T=4, D=2] true=0.142406 pred=0.124332 diff=-0.018075 abs_err=0.018075
INFO | EPOCH_209 | [B=60, T=30, D=10] true=1.386361 pred=1.384972 diff=-0.001388 abs_err=0.001388
INFO | EPOCH_209 | [B=20, T=18, D=11] true=0.680934 pred=0.374614 diff=-0.306320 abs_err=0.306320
INFO | EPOCH_209 | [B=30, T=5, D=11] true=0.103529 pred=0.187088 diff=+0.083559 abs_err=0.083559
INFO | EPOCH_209 | [B=23, T=25, D=11] true=0.643813 pred=0.950143 diff=+0.306330 abs_err=0.306330
INFO | EPOCH_209 | [B=11, T=12, D=0] true=2.407120 pred=2.496466 diff=+0.089346 abs_err=0.089346
INFO | EPOCH_209 | [B=3, T=20, D=3] true=3.229619 pred=3.193802 diff=-0.035817 abs_err=0.035817
INFO | EPOCH_209 | [B=1, T=27, D=2] true=0.163369 pred=-0.073570 diff=-0.236939 abs_err=0.236939
INFO | EPOCH_209 | [B=32, T=23, D=9] true=2.917846 pred=2.919722 diff=+0.001875 abs_err=0.001875
INFO | EPOCH_209 | [B=42, T=23, D=9] true=4.263399 pred=4.342153 diff=+0.078754 abs_err=0.078754
INFO | EPOCH_209 | [B=5, T=0, D=2] true=0.556033 pred=0.599772 diff=+0.043739 abs_err=0.043739
INFO | EPOCH_209 | [B=25, T=1, D=2] true=-0.102957 pred=-0.093487 diff=+0.009470 abs_err=0.009470
INFO | EPOCH_209 | [B=18, T=10, D=2] true=0.573522 pred=0.572702 diff=-0.000820 abs_err=0.000820
INFO | EPOCH_209 | [B=47, T=26, D=8] true=1.023757 pred=1.187039 diff=+0.163283 abs_err=0.163283
INFO | EPOCH_209 | TOP 5 WORST masked points (largest abs_err):
INFO | EPOCH_209 | [B=17, T=6, D=6] true=0.042953 pred=3.550469 diff=+3.507517 abs_err=3.507517
INFO | EPOCH_209 | [B=17, T=2, D=6] true=0.050544 pred=3.552749 diff=+3.502205 abs_err=3.502205
INFO | EPOCH_209 | [B=46, T=10, D=6] true=0.025506 pred=3.147364 diff=+3.121858 abs_err=3.121858
INFO | EPOCH_209 | [B=46, T=13, D=6] true=0.022954 pred=3.143630 diff=+3.120676 abs_err=3.120676
INFO | EPOCH_209 | [B=37, T=28, D=6] true=5.711285 pred=3.205742 diff=-2.505543 abs_err=2.505543
INFO | EPOCH_209 | TOP 5 BEST/CORRECT masked points (smallest abs_err):
INFO | EPOCH_209 | [B=6, T=15, D=0] true=2.086629 pred=2.086646 diff=+0.000017 abs_err=0.000017
INFO | EPOCH_209 | [B=41, T=13, D=9] true=4.284024 pred=4.284051 diff=+0.000027 abs_err=0.000027
INFO | EPOCH_209 | [B=60, T=18, D=4] true=1.176783 pred=1.176848 diff=+0.000065 abs_err=0.000065
INFO | EPOCH_209 | [B=12, T=1, D=2] true=0.210365 pred=0.210296 diff=-0.000069 abs_err=0.000069
INFO | EPOCH_209 | [B=22, T=21, D=8] true=1.095623 pred=1.095694 diff=+0.000071 abs_err=0.000071
INFO | EPOCH_219 | RANDOM 15 masked points (true, pred, diff, abs_err):
INFO | EPOCH_219 | [B=33, T=5, D=7] true=2.483461 pred=2.350784 diff=-0.132677 abs_err=0.132677
INFO | EPOCH_219 | [B=1, T=25, D=1] true=1.825398 pred=1.923563 diff=+0.098165 abs_err=0.098165
INFO | EPOCH_219 | [B=0, T=16, D=6] true=0.746919 pred=1.550442 diff=+0.803524 abs_err=0.803524
INFO | EPOCH_219 | [B=44, T=2, D=10] true=2.954888 pred=2.553433 diff=-0.401455 abs_err=0.401455
INFO | EPOCH_219 | [B=39, T=14, D=8] true=0.973569 pred=0.915894 diff=-0.057675 abs_err=0.057675
INFO | EPOCH_219 | [B=23, T=19, D=8] true=1.212671 pred=0.794252 diff=-0.418420 abs_err=0.418420
INFO | EPOCH_219 | [B=12, T=18, D=1] true=1.081795 pred=1.321380 diff=+0.239585 abs_err=0.239585
INFO | EPOCH_219 | [B=24, T=10, D=11] true=0.681762 pred=0.562669 diff=-0.119093 abs_err=0.119093
INFO | EPOCH_219 | [B=60, T=27, D=2] true=0.123915 pred=0.229457 diff=+0.105542 abs_err=0.105542
INFO | EPOCH_219 | [B=44, T=13, D=9] true=1.840501 pred=1.394567 diff=-0.445934 abs_err=0.445934
INFO | EPOCH_219 | [B=5, T=0, D=5] true=0.196243 pred=0.124048 diff=-0.072195 abs_err=0.072195
INFO | EPOCH_219 | [B=43, T=21, D=8] true=0.533732 pred=0.102181 diff=-0.431551 abs_err=0.431551
INFO | EPOCH_219 | [B=1, T=27, D=1] true=1.196617 pred=1.308118 diff=+0.111501 abs_err=0.111501
INFO | EPOCH_219 | [B=55, T=7, D=3] true=2.903612 pred=2.415982 diff=-0.487630 abs_err=0.487630
INFO | EPOCH_219 | [B=3, T=30, D=11] true=0.168316 pred=0.781244 diff=+0.612927 abs_err=0.612927
INFO | EPOCH_219 | TOP 5 WORST masked points (largest abs_err):
INFO | EPOCH_219 | [B=26, T=5, D=9] true=0.757862 pred=3.430346 diff=+2.672484 abs_err=2.672484
INFO | EPOCH_219 | [B=49, T=14, D=11] true=2.130419 pred=-0.121862 diff=-2.252281 abs_err=2.252281
INFO | EPOCH_219 | [B=49, T=14, D=10] true=0.506230 pred=2.667579 diff=+2.161350 abs_err=2.161350
INFO | EPOCH_219 | [B=53, T=23, D=9] true=3.769167 pred=1.690582 diff=-2.078586 abs_err=2.078586
INFO | EPOCH_219 | [B=53, T=25, D=9] true=3.762194 pred=1.702972 diff=-2.059222 abs_err=2.059222
INFO | EPOCH_219 | TOP 5 BEST/CORRECT masked points (smallest abs_err):
INFO | EPOCH_219 | [B=31, T=13, D=9] true=1.814592 pred=1.814579 diff=-0.000013 abs_err=0.000013
INFO | EPOCH_219 | [B=29, T=11, D=1] true=1.985034 pred=1.985013 diff=-0.000021 abs_err=0.000021
INFO | EPOCH_219 | [B=41, T=29, D=0] true=2.506428 pred=2.506370 diff=-0.000058 abs_err=0.000058
INFO | EPOCH_219 | [B=44, T=14, D=1] true=1.988887 pred=1.988816 diff=-0.000072 abs_err=0.000072
INFO | EPOCH_219 | [B=29, T=13, D=5] true=-0.192638 pred=-0.192561 diff=+0.000077 abs_err=0.000077
INFO | EPOCH_229 | RANDOM 15 masked points (true, pred, diff, abs_err):
INFO | EPOCH_229 | [B=57, T=17, D=4] true=1.535828 pred=1.546864 diff=+0.011036 abs_err=0.011036
INFO | EPOCH_229 | [B=14, T=20, D=11] true=0.099847 pred=0.328235 diff=+0.228388 abs_err=0.228388
INFO | EPOCH_229 | [B=9, T=26, D=0] true=2.997651 pred=3.316770 diff=+0.319119 abs_err=0.319119
INFO | EPOCH_229 | [B=24, T=12, D=1] true=1.402370 pred=1.457939 diff=+0.055570 abs_err=0.055570
INFO | EPOCH_229 | [B=23, T=3, D=5] true=0.443380 pred=0.442524 diff=-0.000856 abs_err=0.000856
INFO | EPOCH_229 | [B=25, T=4, D=3] true=2.441947 pred=2.354723 diff=-0.087224 abs_err=0.087224
INFO | EPOCH_229 | [B=24, T=7, D=3] true=2.917781 pred=2.931121 diff=+0.013340 abs_err=0.013340
INFO | EPOCH_229 | [B=36, T=10, D=4] true=2.287920 pred=2.149719 diff=-0.138201 abs_err=0.138201
INFO | EPOCH_229 | [B=30, T=15, D=9] true=1.597973 pred=1.830872 diff=+0.232899 abs_err=0.232899
INFO | EPOCH_229 | [B=59, T=3, D=2] true=0.035052 pred=0.036415 diff=+0.001362 abs_err=0.001362
INFO | EPOCH_229 | [B=33, T=14, D=1] true=1.854000 pred=1.714146 diff=-0.139854 abs_err=0.139854
INFO | EPOCH_229 | [B=42, T=1, D=11] true=0.566316 pred=0.797303 diff=+0.230987 abs_err=0.230987
INFO | EPOCH_229 | [B=26, T=23, D=11] true=0.776283 pred=0.849401 diff=+0.073118 abs_err=0.073118
INFO | EPOCH_229 | [B=33, T=25, D=7] true=1.308475 pred=1.587017 diff=+0.278542 abs_err=0.278542
INFO | EPOCH_229 | [B=63, T=5, D=4] true=1.571414 pred=1.539397 diff=-0.032017 abs_err=0.032017
INFO | EPOCH_229 | TOP 5 WORST masked points (largest abs_err):
INFO | EPOCH_229 | [B=35, T=20, D=3] true=0.534949 pred=3.288570 diff=+2.753621 abs_err=2.753621
INFO | EPOCH_229 | [B=63, T=23, D=3] true=1.364607 pred=3.537296 diff=+2.172688 abs_err=2.172688
INFO | EPOCH_229 | [B=46, T=14, D=2] true=2.224028 pred=0.167160 diff=-2.056868 abs_err=2.056868
INFO | EPOCH_229 | [B=51, T=24, D=6] true=3.759710 pred=1.720098 diff=-2.039612 abs_err=2.039612
INFO | EPOCH_229 | [B=36, T=17, D=9] true=3.693735 pred=1.669929 diff=-2.023806 abs_err=2.023806
INFO | EPOCH_229 | TOP 5 BEST/CORRECT masked points (smallest abs_err):
INFO | EPOCH_229 | [B=53, T=12, D=0] true=2.083784 pred=2.083761 diff=-0.000022 abs_err=0.000022
INFO | EPOCH_229 | [B=16, T=0, D=4] true=1.267903 pred=1.267868 diff=-0.000034 abs_err=0.000034
INFO | EPOCH_229 | [B=56, T=19, D=4] true=1.547840 pred=1.547728 diff=-0.000112 abs_err=0.000112
INFO | EPOCH_229 | [B=27, T=15, D=0] true=2.497351 pred=2.497466 diff=+0.000114 abs_err=0.000114
INFO | EPOCH_229 | [B=44, T=16, D=4] true=2.018848 pred=2.018983 diff=+0.000135 abs_err=0.000135
INFO | EPOCH_239 | RANDOM 15 masked points (true, pred, diff, abs_err):
INFO | EPOCH_239 | [B=4, T=25, D=4] true=1.274265 pred=1.406480 diff=+0.132215 abs_err=0.132215
INFO | EPOCH_239 | [B=25, T=20, D=4] true=1.466702 pred=1.434744 diff=-0.031958 abs_err=0.031958
INFO | EPOCH_239 | [B=48, T=25, D=11] true=0.124711 pred=0.680029 diff=+0.555319 abs_err=0.555319
INFO | EPOCH_239 | [B=35, T=27, D=4] true=1.498544 pred=2.091910 diff=+0.593365 abs_err=0.593365
INFO | EPOCH_239 | [B=26, T=5, D=11] true=0.494564 pred=0.507204 diff=+0.012640 abs_err=0.012640
INFO | EPOCH_239 | [B=1, T=25, D=2] true=0.516197 pred=0.489129 diff=-0.027068 abs_err=0.027068
INFO | EPOCH_239 | [B=39, T=24, D=8] true=1.312488 pred=1.381557 diff=+0.069069 abs_err=0.069069
INFO | EPOCH_239 | [B=52, T=6, D=9] true=1.136429 pred=1.230662 diff=+0.094233 abs_err=0.094233
INFO | EPOCH_239 | [B=6, T=6, D=3] true=3.293507 pred=3.374565 diff=+0.081058 abs_err=0.081058
INFO | EPOCH_239 | [B=15, T=24, D=4] true=1.427607 pred=1.428390 diff=+0.000784 abs_err=0.000784
INFO | EPOCH_239 | [B=20, T=1, D=4] true=1.491770 pred=1.426146 diff=-0.065624 abs_err=0.065624
INFO | EPOCH_239 | [B=42, T=21, D=8] true=0.486539 pred=0.494182 diff=+0.007643 abs_err=0.007643
INFO | EPOCH_239 | [B=36, T=7, D=0] true=2.297208 pred=2.530121 diff=+0.232913 abs_err=0.232913
INFO | EPOCH_239 | [B=13, T=11, D=1] true=1.418136 pred=1.491534 diff=+0.073398 abs_err=0.073398
INFO | EPOCH_239 | [B=57, T=8, D=7] true=1.568943 pred=1.343786 diff=-0.225158 abs_err=0.225158
INFO | EPOCH_239 | TOP 5 WORST masked points (largest abs_err):
INFO | EPOCH_239 | [B=7, T=3, D=0] true=5.087778 pred=2.443908 diff=-2.643870 abs_err=2.643870
INFO | EPOCH_239 | [B=7, T=3, D=2] true=2.372046 pred=0.043051 diff=-2.328995 abs_err=2.328995
INFO | EPOCH_239 | [B=58, T=19, D=6] true=3.603509 pred=1.283469 diff=-2.320040 abs_err=2.320040
INFO | EPOCH_239 | [B=22, T=25, D=5] true=-2.117338 pred=0.164841 diff=+2.282179 abs_err=2.282179
INFO | EPOCH_239 | [B=60, T=8, D=6] true=1.323833 pred=3.502941 diff=+2.179108 abs_err=2.179108
INFO | EPOCH_239 | TOP 5 BEST/CORRECT masked points (smallest abs_err):
INFO | EPOCH_239 | [B=61, T=4, D=5] true=0.239997 pred=0.239985 diff=-0.000013 abs_err=0.000013
INFO | EPOCH_239 | [B=19, T=15, D=1] true=1.384689 pred=1.384667 diff=-0.000022 abs_err=0.000022
INFO | EPOCH_239 | [B=3, T=0, D=10] true=1.423405 pred=1.423461 diff=+0.000056 abs_err=0.000056
INFO | EPOCH_239 | [B=3, T=0, D=11] true=0.889180 pred=0.889108 diff=-0.000072 abs_err=0.000072
INFO | EPOCH_239 | [B=48, T=7, D=10] true=1.386063 pred=1.386146 diff=+0.000083 abs_err=0.000083
INFO | EPOCH_249 | RANDOM 15 masked points (true, pred, diff, abs_err):
INFO | EPOCH_249 | [B=20, T=7, D=0] true=3.552740 pred=3.386802 diff=-0.165938 abs_err=0.165938
INFO | EPOCH_249 | [B=50, T=10, D=2] true=0.349501 pred=0.181296 diff=-0.168205 abs_err=0.168205
INFO | EPOCH_249 | [B=56, T=4, D=3] true=2.641490 pred=2.701614 diff=+0.060124 abs_err=0.060124
INFO | EPOCH_249 | [B=30, T=17, D=1] true=2.399269 pred=2.188262 diff=-0.211007 abs_err=0.211007
INFO | EPOCH_249 | [B=14, T=0, D=6] true=4.613681 pred=4.820063 diff=+0.206382 abs_err=0.206382
INFO | EPOCH_249 | [B=54, T=9, D=9] true=3.277544 pred=3.237119 diff=-0.040425 abs_err=0.040425
INFO | EPOCH_249 | [B=0, T=0, D=8] true=0.435418 pred=0.441573 diff=+0.006155 abs_err=0.006155
INFO | EPOCH_249 | [B=5, T=12, D=10] true=-0.039075 pred=1.328997 diff=+1.368073 abs_err=1.368073
INFO | EPOCH_249 | [B=56, T=18, D=3] true=2.582533 pred=2.797156 diff=+0.214623 abs_err=0.214623
INFO | EPOCH_249 | [B=1, T=13, D=3] true=3.682382 pred=3.661406 diff=-0.020976 abs_err=0.020976
INFO | EPOCH_249 | [B=36, T=3, D=10] true=2.106117 pred=2.225078 diff=+0.118961 abs_err=0.118961
INFO | EPOCH_249 | [B=61, T=2, D=3] true=3.420981 pred=3.298364 diff=-0.122616 abs_err=0.122616
INFO | EPOCH_249 | [B=51, T=15, D=3] true=3.867124 pred=3.834704 diff=-0.032419 abs_err=0.032419
INFO | EPOCH_249 | [B=12, T=24, D=9] true=4.326332 pred=4.226646 diff=-0.099686 abs_err=0.099686
INFO | EPOCH_249 | [B=16, T=25, D=2] true=-0.141048 pred=0.224534 diff=+0.365582 abs_err=0.365582
INFO | EPOCH_249 | TOP 5 WORST masked points (largest abs_err):
INFO | EPOCH_249 | [B=25, T=9, D=9] true=3.972294 pred=1.753908 diff=-2.218386 abs_err=2.218386
INFO | EPOCH_249 | [B=49, T=15, D=9] true=0.388073 pred=2.343536 diff=+1.955463 abs_err=1.955463
INFO | EPOCH_249 | [B=49, T=9, D=9] true=0.447583 pred=2.333056 diff=+1.885473 abs_err=1.885473
INFO | EPOCH_249 | [B=49, T=19, D=9] true=0.462125 pred=2.345724 diff=+1.883599 abs_err=1.883599
INFO | EPOCH_249 | [B=28, T=13, D=10] true=0.457716 pred=2.290819 diff=+1.833103 abs_err=1.833103
INFO | EPOCH_249 | TOP 5 BEST/CORRECT masked points (smallest abs_err):
INFO | EPOCH_249 | [B=14, T=7, D=7] true=1.444758 pred=1.444753 diff=-0.000005 abs_err=0.000005
INFO | EPOCH_249 | [B=24, T=14, D=7] true=1.868420 pred=1.868357 diff=-0.000063 abs_err=0.000063
INFO | EPOCH_249 | [B=52, T=15, D=4] true=1.880397 pred=1.880331 diff=-0.000066 abs_err=0.000066
INFO | EPOCH_249 | [B=54, T=26, D=4] true=1.511434 pred=1.511365 diff=-0.000069 abs_err=0.000069
INFO | EPOCH_249 | [B=24, T=7, D=6] true=2.595390 pred=2.595317 diff=-0.000072 abs_err=0.000072
INFO | EPOCH_259 | RANDOM 15 masked points (true, pred, diff, abs_err):
INFO | EPOCH_259 | [B=36, T=13, D=8] true=0.463858 pred=0.522170 diff=+0.058312 abs_err=0.058312
INFO | EPOCH_259 | [B=12, T=29, D=0] true=2.753760 pred=2.711901 diff=-0.041858 abs_err=0.041858
INFO | EPOCH_259 | [B=12, T=30, D=11] true=0.300700 pred=0.338421 diff=+0.037720 abs_err=0.037720
INFO | EPOCH_259 | [B=25, T=23, D=5] true=0.188080 pred=0.249499 diff=+0.061419 abs_err=0.061419
INFO | EPOCH_259 | [B=20, T=28, D=9] true=2.718783 pred=2.559173 diff=-0.159610 abs_err=0.159610
INFO | EPOCH_259 | [B=29, T=28, D=6] true=4.883039 pred=4.384079 diff=-0.498960 abs_err=0.498960
INFO | EPOCH_259 | [B=43, T=19, D=4] true=1.740971 pred=1.067416 diff=-0.673555 abs_err=0.673555
INFO | EPOCH_259 | [B=1, T=28, D=7] true=1.344104 pred=1.395983 diff=+0.051878 abs_err=0.051878
INFO | EPOCH_259 | [B=44, T=30, D=6] true=1.684510 pred=2.505492 diff=+0.820982 abs_err=0.820982
INFO | EPOCH_259 | [B=0, T=30, D=6] true=3.425810 pred=3.202127 diff=-0.223683 abs_err=0.223683
INFO | EPOCH_259 | [B=10, T=31, D=9] true=1.746708 pred=1.723421 diff=-0.023287 abs_err=0.023287
INFO | EPOCH_259 | [B=53, T=16, D=4] true=2.392789 pred=2.351154 diff=-0.041634 abs_err=0.041634
INFO | EPOCH_259 | [B=20, T=5, D=3] true=2.317213 pred=1.904559 diff=-0.412654 abs_err=0.412654
INFO | EPOCH_259 | [B=35, T=0, D=6] true=2.400741 pred=2.267722 diff=-0.133019 abs_err=0.133019
INFO | EPOCH_259 | [B=24, T=23, D=2] true=0.394706 pred=0.406798 diff=+0.012092 abs_err=0.012092
INFO | EPOCH_259 | TOP 5 WORST masked points (largest abs_err):
INFO | EPOCH_259 | [B=28, T=19, D=11] true=-1.985981 pred=0.555166 diff=+2.541146 abs_err=2.541146
INFO | EPOCH_259 | [B=9, T=18, D=6] true=3.577968 pred=1.132825 diff=-2.445143 abs_err=2.445143
INFO | EPOCH_259 | [B=33, T=10, D=9] true=3.742375 pred=1.305060 diff=-2.437315 abs_err=2.437315
INFO | EPOCH_259 | [B=9, T=8, D=6] true=3.547465 pred=1.110341 diff=-2.437124 abs_err=2.437124
INFO | EPOCH_259 | [B=44, T=20, D=6] true=0.108967 pred=2.520376 diff=+2.411409 abs_err=2.411409
INFO | EPOCH_259 | TOP 5 BEST/CORRECT masked points (smallest abs_err):
INFO | EPOCH_259 | [B=16, T=16, D=3] true=2.525331 pred=2.525331 diff=+0.000000 abs_err=0.000000
INFO | EPOCH_259 | [B=1, T=4, D=8] true=1.153044 pred=1.153041 diff=-0.000003 abs_err=0.000003
INFO | EPOCH_259 | [B=0, T=12, D=10] true=1.855026 pred=1.855015 diff=-0.000011 abs_err=0.000011
INFO | EPOCH_259 | [B=22, T=19, D=5] true=0.269323 pred=0.269311 diff=-0.000012 abs_err=0.000012
INFO | EPOCH_259 | [B=8, T=12, D=11] true=0.295640 pred=0.295583 diff=-0.000057 abs_err=0.000057
INFO | EPOCH_269 | RANDOM 15 masked points (true, pred, diff, abs_err):
INFO | EPOCH_269 | [B=17, T=12, D=1] true=1.437583 pred=1.412094 diff=-0.025489 abs_err=0.025489
INFO | EPOCH_269 | [B=12, T=2, D=0] true=3.235355 pred=3.250621 diff=+0.015266 abs_err=0.015266
INFO | EPOCH_269 | [B=26, T=26, D=5] true=0.522849 pred=0.324196 diff=-0.198653 abs_err=0.198653
INFO | EPOCH_269 | [B=18, T=18, D=1] true=1.423319 pred=1.383068 diff=-0.040251 abs_err=0.040251
INFO | EPOCH_269 | [B=28, T=2, D=9] true=4.086701 pred=3.692286 diff=-0.394415 abs_err=0.394415
INFO | EPOCH_269 | [B=43, T=22, D=1] true=1.488967 pred=1.514442 diff=+0.025475 abs_err=0.025475
INFO | EPOCH_269 | [B=41, T=3, D=6] true=2.742636 pred=2.939845 diff=+0.197209 abs_err=0.197209
INFO | EPOCH_269 | [B=18, T=17, D=7] true=1.160353 pred=1.151664 diff=-0.008689 abs_err=0.008689
INFO | EPOCH_269 | [B=19, T=15, D=3] true=3.357537 pred=3.385547 diff=+0.028010 abs_err=0.028010
INFO | EPOCH_269 | [B=17, T=29, D=11] true=0.525318 pred=0.550995 diff=+0.025678 abs_err=0.025678
INFO | EPOCH_269 | [B=43, T=9, D=6] true=2.727886 pred=2.776156 diff=+0.048270 abs_err=0.048270
INFO | EPOCH_269 | [B=6, T=9, D=7] true=1.873407 pred=1.671776 diff=-0.201630 abs_err=0.201630
INFO | EPOCH_269 | [B=4, T=30, D=6] true=1.941947 pred=1.967038 diff=+0.025091 abs_err=0.025091
INFO | EPOCH_269 | [B=58, T=7, D=0] true=2.444794 pred=2.623919 diff=+0.179124 abs_err=0.179124
INFO | EPOCH_269 | [B=31, T=20, D=4] true=2.210506 pred=2.235229 diff=+0.024723 abs_err=0.024723
INFO | EPOCH_269 | TOP 5 WORST masked points (largest abs_err):
INFO | EPOCH_269 | [B=26, T=8, D=6] true=1.595185 pred=4.476264 diff=+2.881079 abs_err=2.881079
INFO | EPOCH_269 | [B=14, T=11, D=6] true=0.115726 pred=2.916746 diff=+2.801020 abs_err=2.801020
INFO | EPOCH_269 | [B=14, T=5, D=6] true=0.146037 pred=2.889399 diff=+2.743362 abs_err=2.743362
INFO | EPOCH_269 | [B=53, T=1, D=11] true=-1.173275 pred=1.368619 diff=+2.541894 abs_err=2.541894
INFO | EPOCH_269 | [B=63, T=15, D=6] true=0.098340 pred=2.506013 diff=+2.407673 abs_err=2.407673
INFO | EPOCH_269 | TOP 5 BEST/CORRECT masked points (smallest abs_err):
INFO | EPOCH_269 | [B=25, T=9, D=4] true=2.240417 pred=2.240424 diff=+0.000008 abs_err=0.000008
INFO | EPOCH_269 | [B=59, T=0, D=11] true=0.800760 pred=0.800778 diff=+0.000018 abs_err=0.000018
INFO | EPOCH_269 | [B=49, T=32, D=3] true=3.241044 pred=3.241063 diff=+0.000019 abs_err=0.000019
INFO | EPOCH_269 | [B=13, T=6, D=1] true=1.381554 pred=1.381531 diff=-0.000024 abs_err=0.000024
INFO | EPOCH_269 | [B=30, T=1, D=9] true=1.620299 pred=1.620344 diff=+0.000046 abs_err=0.000046
INFO | EPOCH_279 | RANDOM 15 masked points (true, pred, diff, abs_err):
INFO | EPOCH_279 | [B=6, T=23, D=4] true=1.651956 pred=1.694718 diff=+0.042761 abs_err=0.042761
INFO | EPOCH_279 | [B=49, T=27, D=6] true=4.308629 pred=4.288645 diff=-0.019984 abs_err=0.019984
INFO | EPOCH_279 | [B=40, T=18, D=2] true=0.362340 pred=0.342128 diff=-0.020212 abs_err=0.020212
INFO | EPOCH_279 | [B=33, T=31, D=5] true=0.347359 pred=0.264838 diff=-0.082522 abs_err=0.082522
INFO | EPOCH_279 | [B=8, T=7, D=6] true=1.642150 pred=1.488592 diff=-0.153558 abs_err=0.153558
INFO | EPOCH_279 | [B=23, T=18, D=3] true=2.940578 pred=2.866373 diff=-0.074204 abs_err=0.074204
INFO | EPOCH_279 | [B=41, T=16, D=10] true=1.300530 pred=1.323466 diff=+0.022936 abs_err=0.022936
INFO | EPOCH_279 | [B=27, T=18, D=11] true=0.659772 pred=0.572994 diff=-0.086778 abs_err=0.086778
INFO | EPOCH_279 | [B=61, T=13, D=9] true=2.823476 pred=2.836401 diff=+0.012925 abs_err=0.012925
INFO | EPOCH_279 | [B=63, T=9, D=2] true=-0.098447 pred=-0.024605 diff=+0.073842 abs_err=0.073842
INFO | EPOCH_279 | [B=58, T=0, D=0] true=3.268625 pred=3.230211 diff=-0.038414 abs_err=0.038414
INFO | EPOCH_279 | [B=57, T=21, D=7] true=1.203418 pred=1.471875 diff=+0.268457 abs_err=0.268457
INFO | EPOCH_279 | [B=53, T=12, D=8] true=0.642621 pred=0.554854 diff=-0.087767 abs_err=0.087767
INFO | EPOCH_279 | [B=9, T=29, D=9] true=1.367999 pred=2.336659 diff=+0.968660 abs_err=0.968660
INFO | EPOCH_279 | [B=34, T=25, D=9] true=4.170080 pred=4.225090 diff=+0.055010 abs_err=0.055010
INFO | EPOCH_279 | TOP 5 WORST masked points (largest abs_err):
INFO | EPOCH_279 | [B=47, T=24, D=6] true=1.678643 pred=4.612138 diff=+2.933496 abs_err=2.933496
INFO | EPOCH_279 | [B=47, T=28, D=9] true=1.413674 pred=4.177640 diff=+2.763967 abs_err=2.763967
INFO | EPOCH_279 | [B=7, T=7, D=0] true=3.767489 pred=1.450369 diff=-2.317121 abs_err=2.317121
INFO | EPOCH_279 | [B=45, T=4, D=0] true=0.990548 pred=3.165638 diff=+2.175091 abs_err=2.175091
INFO | EPOCH_279 | [B=8, T=0, D=9] true=3.707034 pred=1.568093 diff=-2.138941 abs_err=2.138941
INFO | EPOCH_279 | TOP 5 BEST/CORRECT masked points (smallest abs_err):
INFO | EPOCH_279 | [B=41, T=19, D=3] true=2.932808 pred=2.932776 diff=-0.000032 abs_err=0.000032
INFO | EPOCH_279 | [B=2, T=10, D=10] true=2.176956 pred=2.176911 diff=-0.000045 abs_err=0.000045
INFO | EPOCH_279 | [B=54, T=27, D=3] true=2.373710 pred=2.373664 diff=-0.000046 abs_err=0.000046
INFO | EPOCH_279 | [B=46, T=7, D=8] true=0.293254 pred=0.293303 diff=+0.000049 abs_err=0.000049
INFO | EPOCH_279 | [B=43, T=4, D=10] true=1.311981 pred=1.311931 diff=-0.000050 abs_err=0.000050
INFO | EPOCH_289 | RANDOM 15 masked points (true, pred, diff, abs_err):
INFO | EPOCH_289 | [B=43, T=17, D=4] true=1.389522 pred=1.395944 diff=+0.006422 abs_err=0.006422
INFO | EPOCH_289 | [B=1, T=26, D=5] true=0.807918 pred=0.475499 diff=-0.332418 abs_err=0.332418
INFO | EPOCH_289 | [B=51, T=8, D=10] true=0.444181 pred=1.336276 diff=+0.892095 abs_err=0.892095
INFO | EPOCH_289 | [B=46, T=16, D=0] true=2.763166 pred=2.753739 diff=-0.009427 abs_err=0.009427
INFO | EPOCH_289 | [B=44, T=1, D=6] true=5.097549 pred=4.478954 diff=-0.618595 abs_err=0.618595
INFO | EPOCH_289 | [B=7, T=13, D=11] true=0.311147 pred=0.296263 diff=-0.014884 abs_err=0.014884
INFO | EPOCH_289 | [B=28, T=1, D=1] true=1.958006 pred=1.694788 diff=-0.263218 abs_err=0.263218
INFO | EPOCH_289 | [B=10, T=18, D=3] true=3.540358 pred=3.143583 diff=-0.396775 abs_err=0.396775
INFO | EPOCH_289 | [B=52, T=25, D=5] true=0.245498 pred=0.025469 diff=-0.220029 abs_err=0.220029
INFO | EPOCH_289 | [B=8, T=28, D=3] true=3.016558 pred=2.893052 diff=-0.123505 abs_err=0.123505
INFO | EPOCH_289 | [B=59, T=14, D=3] true=3.340621 pred=3.003581 diff=-0.337040 abs_err=0.337040
INFO | EPOCH_289 | [B=38, T=11, D=10] true=1.145172 pred=1.433706 diff=+0.288534 abs_err=0.288534
INFO | EPOCH_289 | [B=8, T=20, D=9] true=2.535703 pred=2.151950 diff=-0.383753 abs_err=0.383753
INFO | EPOCH_289 | [B=8, T=5, D=0] true=3.234412 pred=3.207143 diff=-0.027269 abs_err=0.027269
INFO | EPOCH_289 | [B=23, T=6, D=2] true=-0.198690 pred=-0.116444 diff=+0.082245 abs_err=0.082245
INFO | EPOCH_289 | TOP 5 WORST masked points (largest abs_err):
INFO | EPOCH_289 | [B=17, T=6, D=6] true=0.042953 pred=3.457651 diff=+3.414698 abs_err=3.414698
INFO | EPOCH_289 | [B=17, T=2, D=6] true=0.050544 pred=3.463694 diff=+3.413150 abs_err=3.413150
INFO | EPOCH_289 | [B=37, T=28, D=6] true=5.711285 pred=3.167078 diff=-2.544207 abs_err=2.544207
INFO | EPOCH_289 | [B=55, T=27, D=9] true=1.255944 pred=3.340313 diff=+2.084370 abs_err=2.084370
INFO | EPOCH_289 | [B=31, T=11, D=3] true=1.384696 pred=3.465353 diff=+2.080657 abs_err=2.080657
INFO | EPOCH_289 | TOP 5 BEST/CORRECT masked points (smallest abs_err):
INFO | EPOCH_289 | [B=7, T=22, D=2] true=-0.045952 pred=-0.045967 diff=-0.000014 abs_err=0.000014
INFO | EPOCH_289 | [B=7, T=0, D=10] true=1.479861 pred=1.479878 diff=+0.000018 abs_err=0.000018
INFO | EPOCH_289 | [B=38, T=22, D=9] true=1.659766 pred=1.659793 diff=+0.000027 abs_err=0.000027
INFO | EPOCH_289 | [B=1, T=31, D=2] true=0.012437 pred=0.012492 diff=+0.000055 abs_err=0.000055
INFO | EPOCH_289 | [B=21, T=22, D=5] true=0.080944 pred=0.080883 diff=-0.000061 abs_err=0.000061
INFO | EPOCH_299 | RANDOM 15 masked points (true, pred, diff, abs_err):
INFO | EPOCH_299 | [B=36, T=18, D=4] true=1.310390 pred=1.299523 diff=-0.010868 abs_err=0.010868
INFO | EPOCH_299 | [B=20, T=1, D=2] true=0.315824 pred=0.219292 diff=-0.096532 abs_err=0.096532
INFO | EPOCH_299 | [B=31, T=12, D=5] true=0.440633 pred=0.389699 diff=-0.050934 abs_err=0.050934
INFO | EPOCH_299 | [B=24, T=24, D=11] true=0.602358 pred=0.548377 diff=-0.053981 abs_err=0.053981
INFO | EPOCH_299 | [B=22, T=25, D=8] true=1.215994 pred=1.068190 diff=-0.147804 abs_err=0.147804
INFO | EPOCH_299 | [B=37, T=26, D=8] true=0.547959 pred=0.048732 diff=-0.499227 abs_err=0.499227
INFO | EPOCH_299 | [B=9, T=25, D=6] true=0.995186 pred=1.081268 diff=+0.086082 abs_err=0.086082
INFO | EPOCH_299 | [B=62, T=15, D=4] true=1.275380 pred=1.157144 diff=-0.118235 abs_err=0.118235
INFO | EPOCH_299 | [B=52, T=1, D=7] true=2.502379 pred=2.487924 diff=-0.014455 abs_err=0.014455
INFO | EPOCH_299 | [B=9, T=4, D=7] true=1.547132 pred=1.247386 diff=-0.299746 abs_err=0.299746
INFO | EPOCH_299 | [B=61, T=9, D=0] true=2.072005 pred=2.066987 diff=-0.005019 abs_err=0.005019
INFO | EPOCH_299 | [B=52, T=27, D=1] true=1.890891 pred=2.080280 diff=+0.189389 abs_err=0.189389
INFO | EPOCH_299 | [B=3, T=4, D=2] true=0.758276 pred=0.444869 diff=-0.313407 abs_err=0.313407
INFO | EPOCH_299 | [B=59, T=15, D=1] true=1.583770 pred=1.569649 diff=-0.014121 abs_err=0.014121
INFO | EPOCH_299 | [B=6, T=22, D=4] true=2.344697 pred=2.366157 diff=+0.021461 abs_err=0.021461
INFO | EPOCH_299 | TOP 5 WORST masked points (largest abs_err):
INFO | EPOCH_299 | [B=46, T=10, D=6] true=0.025506 pred=3.214198 diff=+3.188692 abs_err=3.188692
INFO | EPOCH_299 | [B=46, T=13, D=6] true=0.022954 pred=3.205415 diff=+3.182461 abs_err=3.182461
INFO | EPOCH_299 | [B=26, T=5, D=9] true=0.757862 pred=3.514939 diff=+2.757077 abs_err=2.757077
INFO | EPOCH_299 | [B=49, T=14, D=11] true=2.130419 pred=-0.132099 diff=-2.262517 abs_err=2.262517
INFO | EPOCH_299 | [B=17, T=16, D=6] true=3.318204 pred=1.066342 diff=-2.251862 abs_err=2.251862
INFO | EPOCH_299 | TOP 5 BEST/CORRECT masked points (smallest abs_err):
INFO | EPOCH_299 | [B=34, T=16, D=10] true=1.410212 pred=1.410140 diff=-0.000072 abs_err=0.000072
INFO | EPOCH_299 | [B=51, T=4, D=11] true=0.595771 pred=0.595867 diff=+0.000096 abs_err=0.000096
INFO | EPOCH_299 | [B=62, T=13, D=11] true=0.869069 pred=0.869201 diff=+0.000132 abs_err=0.000132
INFO | EPOCH_299 | [B=63, T=18, D=1] true=1.876444 pred=1.876590 diff=+0.000146 abs_err=0.000146
INFO | EPOCH_299 | [B=34, T=11, D=6] true=4.428584 pred=4.428387 diff=-0.000196 abs_err=0.000196
INFO | EPOCH_009 | RANDOM 15 masked points (true, pred, diff, abs_err):
INFO | EPOCH_009 | [B=27, T=10, D=0] true=3.497432 pred=3.603567 diff=+0.106135 abs_err=0.106135
INFO | EPOCH_009 | [B=13, T=14, D=1] true=1.382381 pred=1.418442 diff=+0.036061 abs_err=0.036061
INFO | EPOCH_009 | [B=61, T=8, D=2] true=0.335993 pred=0.471364 diff=+0.135371 abs_err=0.135371
INFO | EPOCH_009 | [B=42, T=1, D=6] true=3.097621 pred=3.281241 diff=+0.183620 abs_err=0.183620
INFO | EPOCH_009 | [B=45, T=9, D=4] true=2.056696 pred=2.010000 diff=-0.046695 abs_err=0.046695
INFO | EPOCH_009 | [B=20, T=3, D=1] true=1.299790 pred=1.309706 diff=+0.009915 abs_err=0.009915
INFO | EPOCH_009 | [B=52, T=5, D=0] true=2.488270 pred=2.861970 diff=+0.373700 abs_err=0.373700
INFO | EPOCH_009 | [B=0, T=3, D=1] true=1.189205 pred=1.389061 diff=+0.199857 abs_err=0.199857
INFO | EPOCH_009 | [B=58, T=29, D=4] true=0.925389 pred=1.188496 diff=+0.263107 abs_err=0.263107
INFO | EPOCH_009 | [B=61, T=26, D=6] true=1.294461 pred=1.337321 diff=+0.042861 abs_err=0.042861
INFO | EPOCH_009 | [B=50, T=4, D=2] true=0.364383 pred=0.398589 diff=+0.034207 abs_err=0.034207
INFO | EPOCH_009 | [B=16, T=13, D=2] true=0.360005 pred=0.346220 diff=-0.013785 abs_err=0.013785
INFO | EPOCH_009 | [B=1, T=0, D=4] true=1.991915 pred=2.235885 diff=+0.243970 abs_err=0.243970
INFO | EPOCH_009 | [B=28, T=17, D=4] true=0.889914 pred=1.057871 diff=+0.167957 abs_err=0.167957
INFO | EPOCH_009 | [B=27, T=11, D=7] true=1.593351 pred=1.687123 diff=+0.093773 abs_err=0.093773
INFO | EPOCH_009 | TOP 5 WORST masked points (largest abs_err):
INFO | EPOCH_009 | [B=26, T=8, D=6] true=1.595185 pred=4.604667 diff=+3.009482 abs_err=3.009482
INFO | EPOCH_009 | [B=44, T=20, D=6] true=0.108967 pred=2.873724 diff=+2.764756 abs_err=2.764756
INFO | EPOCH_009 | [B=44, T=18, D=6] true=0.127504 pred=2.870593 diff=+2.743089 abs_err=2.743089
INFO | EPOCH_009 | [B=39, T=11, D=6] true=1.873883 pred=4.250852 diff=+2.376969 abs_err=2.376969
INFO | EPOCH_009 | [B=12, T=20, D=11] true=2.590584 pred=0.263931 diff=-2.326653 abs_err=2.326653
INFO | EPOCH_009 | TOP 5 BEST/CORRECT masked points (smallest abs_err):
INFO | EPOCH_009 | [B=39, T=3, D=8] true=1.227871 pred=1.227883 diff=+0.000011 abs_err=0.000011
INFO | EPOCH_009 | [B=61, T=6, D=8] true=0.431912 pred=0.431953 diff=+0.000041 abs_err=0.000041
INFO | EPOCH_009 | [B=61, T=1, D=2] true=0.496792 pred=0.496737 diff=-0.000055 abs_err=0.000055
INFO | EPOCH_009 | [B=35, T=7, D=8] true=1.144440 pred=1.144502 diff=+0.000062 abs_err=0.000062
INFO | EPOCH_009 | [B=4, T=5, D=4] true=2.097373 pred=2.097437 diff=+0.000064 abs_err=0.000064
INFO | EPOCH_019 | RANDOM 15 masked points (true, pred, diff, abs_err):
INFO | EPOCH_019 | [B=47, T=11, D=11] true=0.186275 pred=0.352324 diff=+0.166049 abs_err=0.166049
INFO | EPOCH_019 | [B=40, T=11, D=11] true=-0.111107 pred=0.294368 diff=+0.405475 abs_err=0.405475
INFO | EPOCH_019 | [B=46, T=11, D=11] true=-0.042275 pred=0.093973 diff=+0.136248 abs_err=0.136248
INFO | EPOCH_019 | [B=20, T=30, D=6] true=2.801849 pred=2.994998 diff=+0.193149 abs_err=0.193149
INFO | EPOCH_019 | [B=20, T=9, D=2] true=0.447655 pred=0.469391 diff=+0.021736 abs_err=0.021736
INFO | EPOCH_019 | [B=36, T=19, D=7] true=1.898492 pred=2.111516 diff=+0.213024 abs_err=0.213024
INFO | EPOCH_019 | [B=56, T=0, D=11] true=0.674248 pred=0.808154 diff=+0.133906 abs_err=0.133906
INFO | EPOCH_019 | [B=34, T=24, D=4] true=1.699327 pred=2.080388 diff=+0.381061 abs_err=0.381061
INFO | EPOCH_019 | [B=62, T=6, D=1] true=1.824339 pred=1.838086 diff=+0.013747 abs_err=0.013747
INFO | EPOCH_019 | [B=33, T=10, D=0] true=2.387957 pred=2.600860 diff=+0.212903 abs_err=0.212903
INFO | EPOCH_019 | [B=59, T=1, D=9] true=2.017721 pred=2.028469 diff=+0.010748 abs_err=0.010748
INFO | EPOCH_019 | [B=33, T=4, D=1] true=2.087074 pred=2.342227 diff=+0.255152 abs_err=0.255152
INFO | EPOCH_019 | [B=49, T=13, D=11] true=2.273408 pred=1.124632 diff=-1.148776 abs_err=1.148776
INFO | EPOCH_019 | [B=33, T=18, D=5] true=0.372655 pred=0.429337 diff=+0.056682 abs_err=0.056682
INFO | EPOCH_019 | [B=19, T=7, D=1] true=1.328653 pred=1.453933 diff=+0.125280 abs_err=0.125280
INFO | EPOCH_019 | TOP 5 WORST masked points (largest abs_err):
INFO | EPOCH_019 | [B=47, T=24, D=6] true=1.678643 pred=4.685032 diff=+3.006390 abs_err=3.006390
INFO | EPOCH_019 | [B=14, T=11, D=6] true=0.115726 pred=3.055902 diff=+2.940176 abs_err=2.940176
INFO | EPOCH_019 | [B=47, T=28, D=9] true=1.413674 pred=4.330910 diff=+2.917237 abs_err=2.917237
INFO | EPOCH_019 | [B=14, T=5, D=6] true=0.146037 pred=3.050277 diff=+2.904241 abs_err=2.904241
INFO | EPOCH_019 | [B=53, T=1, D=11] true=-1.173275 pred=1.498339 diff=+2.671614 abs_err=2.671614
INFO | EPOCH_019 | TOP 5 BEST/CORRECT masked points (smallest abs_err):
INFO | EPOCH_019 | [B=58, T=26, D=0] true=2.609161 pred=2.609133 diff=-0.000027 abs_err=0.000027
INFO | EPOCH_019 | [B=32, T=0, D=9] true=3.392794 pred=3.392884 diff=+0.000090 abs_err=0.000090
INFO | EPOCH_019 | [B=54, T=2, D=3] true=3.898668 pred=3.898557 diff=-0.000111 abs_err=0.000111
INFO | EPOCH_019 | [B=31, T=17, D=9] true=2.914180 pred=2.914034 diff=-0.000146 abs_err=0.000146
INFO | EPOCH_019 | [B=40, T=18, D=10] true=2.044888 pred=2.044740 diff=-0.000149 abs_err=0.000149
INFO | EPOCH_029 | RANDOM 15 masked points (true, pred, diff, abs_err):
INFO | EPOCH_029 | [B=25, T=1, D=1] true=1.701264 pred=1.664178 diff=-0.037086 abs_err=0.037086
INFO | EPOCH_029 | [B=0, T=21, D=11] true=0.569251 pred=0.796715 diff=+0.227463 abs_err=0.227463
INFO | EPOCH_029 | [B=16, T=16, D=0] true=2.314398 pred=2.420823 diff=+0.106425 abs_err=0.106425
INFO | EPOCH_029 | [B=22, T=6, D=3] true=2.425226 pred=2.600722 diff=+0.175496 abs_err=0.175496
INFO | EPOCH_029 | [B=13, T=19, D=11] true=0.551642 pred=0.557469 diff=+0.005827 abs_err=0.005827
INFO | EPOCH_029 | [B=48, T=18, D=8] true=0.800642 pred=0.849158 diff=+0.048515 abs_err=0.048515
INFO | EPOCH_029 | [B=15, T=1, D=3] true=3.144182 pred=3.145029 diff=+0.000847 abs_err=0.000847
INFO | EPOCH_029 | [B=29, T=9, D=2] true=-0.106058 pred=-0.040357 diff=+0.065702 abs_err=0.065702
INFO | EPOCH_029 | [B=18, T=12, D=4] true=2.075572 pred=2.073314 diff=-0.002258 abs_err=0.002258
INFO | EPOCH_029 | [B=37, T=28, D=3] true=2.773632 pred=2.766909 diff=-0.006724 abs_err=0.006724
INFO | EPOCH_029 | [B=43, T=25, D=10] true=1.917692 pred=1.989576 diff=+0.071885 abs_err=0.071885
INFO | EPOCH_029 | [B=59, T=17, D=5] true=0.433248 pred=0.397792 diff=-0.035455 abs_err=0.035455
INFO | EPOCH_029 | [B=57, T=9, D=9] true=2.818044 pred=2.943516 diff=+0.125471 abs_err=0.125471
INFO | EPOCH_029 | [B=15, T=13, D=10] true=1.327280 pred=1.339844 diff=+0.012564 abs_err=0.012564
INFO | EPOCH_029 | [B=40, T=22, D=9] true=1.594028 pred=1.583633 diff=-0.010395 abs_err=0.010395
INFO | EPOCH_029 | TOP 5 WORST masked points (largest abs_err):
INFO | EPOCH_029 | [B=55, T=27, D=9] true=1.255944 pred=3.674651 diff=+2.418707 abs_err=2.418707
INFO | EPOCH_029 | [B=45, T=4, D=0] true=0.990548 pred=3.203497 diff=+2.212949 abs_err=2.212949
INFO | EPOCH_029 | [B=0, T=28, D=9] true=3.682978 pred=1.474261 diff=-2.208717 abs_err=2.208717
INFO | EPOCH_029 | [B=15, T=17, D=9] true=3.643659 pred=1.489674 diff=-2.153985 abs_err=2.153985
INFO | EPOCH_029 | [B=8, T=0, D=9] true=3.707034 pred=1.595207 diff=-2.111827 abs_err=2.111827
INFO | EPOCH_029 | TOP 5 BEST/CORRECT masked points (smallest abs_err):
INFO | EPOCH_029 | [B=57, T=8, D=7] true=1.938568 pred=1.938553 diff=-0.000015 abs_err=0.000015
INFO | EPOCH_029 | [B=2, T=5, D=9] true=2.939983 pred=2.939948 diff=-0.000035 abs_err=0.000035
INFO | EPOCH_029 | [B=25, T=2, D=8] true=1.334110 pred=1.334066 diff=-0.000044 abs_err=0.000044
INFO | EPOCH_029 | [B=13, T=27, D=1] true=2.642048 pred=2.642123 diff=+0.000075 abs_err=0.000075
INFO | EPOCH_029 | [B=22, T=27, D=1] true=1.954368 pred=1.954293 diff=-0.000076 abs_err=0.000076
INFO | EPOCH_039 | RANDOM 15 masked points (true, pred, diff, abs_err):
INFO | EPOCH_039 | [B=21, T=23, D=3] true=3.189170 pred=3.215996 diff=+0.026827 abs_err=0.026827
INFO | EPOCH_039 | [B=0, T=28, D=0] true=2.812397 pred=2.833508 diff=+0.021110 abs_err=0.021110
INFO | EPOCH_039 | [B=57, T=6, D=1] true=1.640192 pred=1.161871 diff=-0.478320 abs_err=0.478320
INFO | EPOCH_039 | [B=34, T=6, D=1] true=1.857864 pred=1.862471 diff=+0.004607 abs_err=0.004607
INFO | EPOCH_039 | [B=44, T=3, D=0] true=3.240793 pred=3.456343 diff=+0.215550 abs_err=0.215550
INFO | EPOCH_039 | [B=38, T=4, D=8] true=0.042898 pred=0.143068 diff=+0.100170 abs_err=0.100170
INFO | EPOCH_039 | [B=55, T=25, D=1] true=1.232303 pred=1.248387 diff=+0.016084 abs_err=0.016084
INFO | EPOCH_039 | [B=28, T=3, D=7] true=2.617126 pred=2.604499 diff=-0.012627 abs_err=0.012627
INFO | EPOCH_039 | [B=24, T=18, D=8] true=1.004797 pred=1.020203 diff=+0.015406 abs_err=0.015406
INFO | EPOCH_039 | [B=24, T=28, D=8] true=0.990347 pred=1.021330 diff=+0.030983 abs_err=0.030983
INFO | EPOCH_039 | [B=35, T=20, D=10] true=2.048369 pred=1.910378 diff=-0.137991 abs_err=0.137991
INFO | EPOCH_039 | [B=20, T=24, D=6] true=1.920727 pred=1.725804 diff=-0.194924 abs_err=0.194924
INFO | EPOCH_039 | [B=61, T=15, D=5] true=0.949160 pred=0.817072 diff=-0.132087 abs_err=0.132087
INFO | EPOCH_039 | [B=9, T=11, D=7] true=2.309995 pred=2.501435 diff=+0.191440 abs_err=0.191440
INFO | EPOCH_039 | [B=47, T=0, D=8] true=1.113854 pred=1.204625 diff=+0.090770 abs_err=0.090770
INFO | EPOCH_039 | TOP 5 WORST masked points (largest abs_err):
INFO | EPOCH_039 | [B=17, T=6, D=6] true=0.042953 pred=3.637276 diff=+3.594323 abs_err=3.594323
INFO | EPOCH_039 | [B=17, T=2, D=6] true=0.050544 pred=3.636041 diff=+3.585497 abs_err=3.585497
INFO | EPOCH_039 | [B=46, T=13, D=6] true=0.022954 pred=3.366021 diff=+3.343066 abs_err=3.343066
INFO | EPOCH_039 | [B=46, T=10, D=6] true=0.025506 pred=3.365162 diff=+3.339656 abs_err=3.339656
INFO | EPOCH_039 | [B=37, T=28, D=6] true=5.711285 pred=3.236605 diff=-2.474680 abs_err=2.474680
INFO | EPOCH_039 | TOP 5 BEST/CORRECT masked points (smallest abs_err):
INFO | EPOCH_039 | [B=58, T=26, D=1] true=1.229159 pred=1.229177 diff=+0.000018 abs_err=0.000018
INFO | EPOCH_039 | [B=16, T=25, D=2] true=0.562097 pred=0.562077 diff=-0.000020 abs_err=0.000020
INFO | EPOCH_039 | [B=29, T=25, D=0] true=3.285647 pred=3.285686 diff=+0.000039 abs_err=0.000039
INFO | EPOCH_039 | [B=33, T=3, D=9] true=2.873468 pred=2.873530 diff=+0.000062 abs_err=0.000062
INFO | EPOCH_039 | [B=57, T=5, D=7] true=1.218297 pred=1.218234 diff=-0.000063 abs_err=0.000063
INFO | EPOCH_049 | RANDOM 15 masked points (true, pred, diff, abs_err):
INFO | EPOCH_049 | [B=26, T=28, D=3] true=3.758737 pred=3.709794 diff=-0.048943 abs_err=0.048943
INFO | EPOCH_049 | [B=14, T=21, D=8] true=0.702296 pred=0.829031 diff=+0.126735 abs_err=0.126735
INFO | EPOCH_049 | [B=8, T=21, D=9] true=1.791509 pred=1.836450 diff=+0.044941 abs_err=0.044941
INFO | EPOCH_049 | [B=45, T=28, D=9] true=3.174787 pred=3.260831 diff=+0.086044 abs_err=0.086044
INFO | EPOCH_049 | [B=50, T=24, D=4] true=1.381427 pred=1.735937 diff=+0.354511 abs_err=0.354511
INFO | EPOCH_049 | [B=7, T=9, D=6] true=3.288005 pred=3.250386 diff=-0.037619 abs_err=0.037619
INFO | EPOCH_049 | [B=40, T=4, D=0] true=2.469965 pred=2.479958 diff=+0.009993 abs_err=0.009993
INFO | EPOCH_049 | [B=39, T=11, D=2] true=0.407219 pred=0.395081 diff=-0.012138 abs_err=0.012138
INFO | EPOCH_049 | [B=53, T=23, D=10] true=1.610218 pred=1.459888 diff=-0.150330 abs_err=0.150330
INFO | EPOCH_049 | [B=25, T=6, D=3] true=3.258336 pred=2.943408 diff=-0.314928 abs_err=0.314928
INFO | EPOCH_049 | [B=35, T=12, D=10] true=2.429111 pred=2.255485 diff=-0.173626 abs_err=0.173626
INFO | EPOCH_049 | [B=9, T=28, D=9] true=3.469590 pred=3.504363 diff=+0.034772 abs_err=0.034772
INFO | EPOCH_049 | [B=58, T=26, D=11] true=0.391456 pred=0.302588 diff=-0.088869 abs_err=0.088869
INFO | EPOCH_049 | [B=48, T=7, D=1] true=2.273562 pred=2.404087 diff=+0.130525 abs_err=0.130525
INFO | EPOCH_049 | [B=38, T=32, D=6] true=1.254677 pred=1.148978 diff=-0.105699 abs_err=0.105699
INFO | EPOCH_049 | TOP 5 WORST masked points (largest abs_err):
INFO | EPOCH_049 | [B=26, T=5, D=9] true=0.757862 pred=3.567479 diff=+2.809617 abs_err=2.809617
INFO | EPOCH_049 | [B=49, T=14, D=10] true=0.506230 pred=2.797137 diff=+2.290907 abs_err=2.290907
INFO | EPOCH_049 | [B=51, T=26, D=0] true=3.701226 pred=1.484828 diff=-2.216398 abs_err=2.216398
INFO | EPOCH_049 | [B=53, T=23, D=9] true=3.769167 pred=1.555281 diff=-2.213886 abs_err=2.213886
INFO | EPOCH_049 | [B=53, T=25, D=9] true=3.762194 pred=1.557324 diff=-2.204869 abs_err=2.204869
INFO | EPOCH_049 | TOP 5 BEST/CORRECT masked points (smallest abs_err):
INFO | EPOCH_049 | [B=47, T=16, D=0] true=2.495079 pred=2.495056 diff=-0.000023 abs_err=0.000023
INFO | EPOCH_049 | [B=38, T=9, D=1] true=2.383151 pred=2.383128 diff=-0.000023 abs_err=0.000023
INFO | EPOCH_049 | [B=59, T=29, D=4] true=1.898478 pred=1.898517 diff=+0.000039 abs_err=0.000039
INFO | EPOCH_049 | [B=0, T=29, D=11] true=0.870910 pred=0.870960 diff=+0.000050 abs_err=0.000050
INFO | EPOCH_049 | [B=19, T=2, D=10] true=1.942874 pred=1.942815 diff=-0.000059 abs_err=0.000059
INFO | EPOCH_059 | RANDOM 15 masked points (true, pred, diff, abs_err):
INFO | EPOCH_059 | [B=36, T=29, D=9] true=3.843127 pred=3.779212 diff=-0.063915 abs_err=0.063915
INFO | EPOCH_059 | [B=39, T=3, D=1] true=1.729036 pred=1.731300 diff=+0.002264 abs_err=0.002264
INFO | EPOCH_059 | [B=51, T=14, D=10] true=1.374384 pred=1.422384 diff=+0.048000 abs_err=0.048000
INFO | EPOCH_059 | [B=34, T=20, D=11] true=0.294545 pred=0.124088 diff=-0.170457 abs_err=0.170457
INFO | EPOCH_059 | [B=15, T=1, D=1] true=1.407985 pred=1.415578 diff=+0.007593 abs_err=0.007593
INFO | EPOCH_059 | [B=33, T=18, D=0] true=2.771213 pred=2.730524 diff=-0.040689 abs_err=0.040689
INFO | EPOCH_059 | [B=18, T=0, D=3] true=3.418831 pred=3.381935 diff=-0.036896 abs_err=0.036896
INFO | EPOCH_059 | [B=58, T=1, D=9] true=2.801842 pred=2.841437 diff=+0.039595 abs_err=0.039595
INFO | EPOCH_059 | [B=41, T=19, D=3] true=3.409420 pred=3.181602 diff=-0.227817 abs_err=0.227817
INFO | EPOCH_059 | [B=37, T=12, D=7] true=2.441355 pred=2.096446 diff=-0.344909 abs_err=0.344909
INFO | EPOCH_059 | [B=4, T=12, D=4] true=1.492349 pred=1.367699 diff=-0.124650 abs_err=0.124650
INFO | EPOCH_059 | [B=4, T=3, D=0] true=2.747998 pred=2.824395 diff=+0.076397 abs_err=0.076397
INFO | EPOCH_059 | [B=17, T=18, D=0] true=3.196224 pred=3.254847 diff=+0.058623 abs_err=0.058623
INFO | EPOCH_059 | [B=26, T=1, D=0] true=2.152460 pred=2.315493 diff=+0.163032 abs_err=0.163032
INFO | EPOCH_059 | [B=18, T=19, D=5] true=0.482474 pred=0.367837 diff=-0.114637 abs_err=0.114637
INFO | EPOCH_059 | TOP 5 WORST masked points (largest abs_err):
INFO | EPOCH_059 | [B=35, T=20, D=3] true=0.534949 pred=3.248964 diff=+2.714015 abs_err=2.714015
INFO | EPOCH_059 | [B=51, T=24, D=6] true=3.759710 pred=1.476478 diff=-2.283232 abs_err=2.283232
INFO | EPOCH_059 | [B=63, T=23, D=3] true=1.364607 pred=3.508252 diff=+2.143645 abs_err=2.143645
INFO | EPOCH_059 | [B=36, T=17, D=9] true=3.693735 pred=1.600753 diff=-2.092983 abs_err=2.092983
INFO | EPOCH_059 | [B=46, T=14, D=2] true=2.224028 pred=0.151408 diff=-2.072619 abs_err=2.072619
INFO | EPOCH_059 | TOP 5 BEST/CORRECT masked points (smallest abs_err):
INFO | EPOCH_059 | [B=26, T=27, D=3] true=3.372978 pred=3.372986 diff=+0.000008 abs_err=0.000008
INFO | EPOCH_059 | [B=43, T=23, D=0] true=3.033509 pred=3.033477 diff=-0.000032 abs_err=0.000032
INFO | EPOCH_059 | [B=45, T=2, D=10] true=1.754240 pred=1.754276 diff=+0.000035 abs_err=0.000035
INFO | EPOCH_059 | [B=6, T=7, D=5] true=0.201241 pred=0.201202 diff=-0.000039 abs_err=0.000039
INFO | EPOCH_059 | [B=47, T=6, D=0] true=2.822232 pred=2.822272 diff=+0.000040 abs_err=0.000040
INFO | EPOCH_069 | RANDOM 15 masked points (true, pred, diff, abs_err):
INFO | EPOCH_069 | [B=41, T=9, D=6] true=2.015423 pred=1.965972 diff=-0.049451 abs_err=0.049451
INFO | EPOCH_069 | [B=56, T=22, D=0] true=2.889475 pred=2.894314 diff=+0.004839 abs_err=0.004839
INFO | EPOCH_069 | [B=61, T=11, D=0] true=2.597404 pred=2.815358 diff=+0.217954 abs_err=0.217954
INFO | EPOCH_069 | [B=34, T=21, D=11] true=0.890773 pred=0.786643 diff=-0.104130 abs_err=0.104130
INFO | EPOCH_069 | [B=62, T=29, D=10] true=1.365183 pred=1.509773 diff=+0.144590 abs_err=0.144590
INFO | EPOCH_069 | [B=4, T=3, D=9] true=2.866201 pred=2.826894 diff=-0.039308 abs_err=0.039308
INFO | EPOCH_069 | [B=10, T=14, D=2] true=0.417585 pred=0.417171 diff=-0.000414 abs_err=0.000414
INFO | EPOCH_069 | [B=55, T=7, D=9] true=1.778463 pred=2.677323 diff=+0.898860 abs_err=0.898860
INFO | EPOCH_069 | [B=4, T=14, D=4] true=1.581067 pred=1.637819 diff=+0.056752 abs_err=0.056752
INFO | EPOCH_069 | [B=40, T=1, D=0] true=2.798493 pred=2.673363 diff=-0.125130 abs_err=0.125130
INFO | EPOCH_069 | [B=56, T=18, D=1] true=2.394830 pred=2.277905 diff=-0.116925 abs_err=0.116925
INFO | EPOCH_069 | [B=0, T=24, D=8] true=0.941494 pred=0.927058 diff=-0.014437 abs_err=0.014437
INFO | EPOCH_069 | [B=25, T=19, D=10] true=1.275991 pred=1.303317 diff=+0.027327 abs_err=0.027327
INFO | EPOCH_069 | [B=47, T=32, D=10] true=2.406557 pred=2.375613 diff=-0.030944 abs_err=0.030944
INFO | EPOCH_069 | [B=21, T=18, D=3] true=3.834226 pred=3.447330 diff=-0.386896 abs_err=0.386896
INFO | EPOCH_069 | TOP 5 WORST masked points (largest abs_err):
INFO | EPOCH_069 | [B=7, T=3, D=0] true=5.087778 pred=2.411634 diff=-2.676144 abs_err=2.676144
INFO | EPOCH_069 | [B=39, T=23, D=3] true=1.330343 pred=3.617072 diff=+2.286729 abs_err=2.286729
INFO | EPOCH_069 | [B=7, T=3, D=2] true=2.372046 pred=0.135430 diff=-2.236616 abs_err=2.236616
INFO | EPOCH_069 | [B=22, T=25, D=5] true=-2.117338 pred=0.043128 diff=+2.160466 abs_err=2.160466
INFO | EPOCH_069 | [B=37, T=25, D=0] true=0.800751 pred=2.942477 diff=+2.141726 abs_err=2.141726
INFO | EPOCH_069 | TOP 5 BEST/CORRECT masked points (smallest abs_err):
INFO | EPOCH_069 | [B=54, T=12, D=1] true=2.249640 pred=2.249643 diff=+0.000003 abs_err=0.000003
INFO | EPOCH_069 | [B=50, T=8, D=3] true=1.528834 pred=1.528841 diff=+0.000006 abs_err=0.000006
INFO | EPOCH_069 | [B=3, T=20, D=11] true=0.886761 pred=0.886752 diff=-0.000009 abs_err=0.000009
INFO | EPOCH_069 | [B=44, T=25, D=1] true=2.266746 pred=2.266761 diff=+0.000015 abs_err=0.000015
INFO | EPOCH_069 | [B=53, T=7, D=10] true=1.365810 pred=1.365793 diff=-0.000017 abs_err=0.000017
INFO | EPOCH_079 | RANDOM 15 masked points (true, pred, diff, abs_err):
INFO | EPOCH_079 | [B=41, T=10, D=3] true=3.265178 pred=3.316286 diff=+0.051108 abs_err=0.051108
INFO | EPOCH_079 | [B=5, T=9, D=7] true=1.590597 pred=1.638729 diff=+0.048132 abs_err=0.048132
INFO | EPOCH_079 | [B=45, T=17, D=3] true=3.503987 pred=3.423291 diff=-0.080696 abs_err=0.080696
INFO | EPOCH_079 | [B=8, T=5, D=1] true=1.568704 pred=1.360798 diff=-0.207907 abs_err=0.207907
INFO | EPOCH_079 | [B=29, T=28, D=3] true=3.293267 pred=3.287645 diff=-0.005623 abs_err=0.005623
INFO | EPOCH_079 | [B=63, T=12, D=4] true=1.229982 pred=1.340243 diff=+0.110260 abs_err=0.110260
INFO | EPOCH_079 | [B=5, T=14, D=3] true=3.696794 pred=3.643956 diff=-0.052838 abs_err=0.052838
INFO | EPOCH_079 | [B=13, T=10, D=1] true=2.049051 pred=1.669840 diff=-0.379211 abs_err=0.379211
INFO | EPOCH_079 | [B=11, T=27, D=7] true=1.582979 pred=1.616892 diff=+0.033912 abs_err=0.033912
INFO | EPOCH_079 | [B=57, T=8, D=8] true=0.700104 pred=0.693167 diff=-0.006937 abs_err=0.006937
INFO | EPOCH_079 | [B=61, T=21, D=3] true=3.707058 pred=3.632162 diff=-0.074896 abs_err=0.074896
INFO | EPOCH_079 | [B=38, T=23, D=10] true=2.412222 pred=2.369827 diff=-0.042395 abs_err=0.042395
INFO | EPOCH_079 | [B=4, T=22, D=4] true=1.270667 pred=1.381130 diff=+0.110463 abs_err=0.110463
INFO | EPOCH_079 | [B=3, T=13, D=7] true=1.521106 pred=1.560683 diff=+0.039577 abs_err=0.039577
INFO | EPOCH_079 | [B=47, T=25, D=3] true=3.587625 pred=3.608113 diff=+0.020488 abs_err=0.020488
INFO | EPOCH_079 | TOP 5 WORST masked points (largest abs_err):
INFO | EPOCH_079 | [B=25, T=9, D=9] true=3.972294 pred=1.676284 diff=-2.296011 abs_err=2.296011
INFO | EPOCH_079 | [B=49, T=9, D=10] true=0.435262 pred=2.355536 diff=+1.920275 abs_err=1.920275
INFO | EPOCH_079 | [B=49, T=15, D=10] true=0.483593 pred=2.354420 diff=+1.870827 abs_err=1.870827
INFO | EPOCH_079 | [B=29, T=4, D=10] true=0.463057 pred=2.329250 diff=+1.866193 abs_err=1.866193
INFO | EPOCH_079 | [B=28, T=13, D=10] true=0.457716 pred=2.302413 diff=+1.844698 abs_err=1.844698
INFO | EPOCH_079 | TOP 5 BEST/CORRECT masked points (smallest abs_err):
INFO | EPOCH_079 | [B=6, T=2, D=1] true=1.546272 pred=1.546278 diff=+0.000006 abs_err=0.000006
INFO | EPOCH_079 | [B=35, T=20, D=7] true=1.606580 pred=1.606568 diff=-0.000012 abs_err=0.000012
INFO | EPOCH_079 | [B=44, T=27, D=6] true=1.333296 pred=1.333269 diff=-0.000027 abs_err=0.000027
INFO | EPOCH_079 | [B=33, T=2, D=9] true=1.755515 pred=1.755478 diff=-0.000037 abs_err=0.000037
INFO | EPOCH_079 | [B=59, T=12, D=8] true=0.786089 pred=0.786139 diff=+0.000050 abs_err=0.000050
INFO | EPOCH_089 | RANDOM 15 masked points (true, pred, diff, abs_err):
INFO | EPOCH_089 | [B=0, T=27, D=4] true=1.682811 pred=1.484819 diff=-0.197993 abs_err=0.197993
INFO | EPOCH_089 | [B=1, T=19, D=5] true=-0.323044 pred=-0.002417 diff=+0.320627 abs_err=0.320627
INFO | EPOCH_089 | [B=57, T=29, D=11] true=0.460244 pred=0.457002 diff=-0.003242 abs_err=0.003242
INFO | EPOCH_089 | [B=48, T=9, D=8] true=1.110625 pred=1.315983 diff=+0.205358 abs_err=0.205358
INFO | EPOCH_089 | [B=3, T=1, D=4] true=2.740071 pred=2.403632 diff=-0.336439 abs_err=0.336439
INFO | EPOCH_089 | [B=23, T=21, D=5] true=0.359689 pred=0.171147 diff=-0.188542 abs_err=0.188542
INFO | EPOCH_089 | [B=6, T=6, D=5] true=-0.326857 pred=-0.131483 diff=+0.195374 abs_err=0.195374
INFO | EPOCH_089 | [B=28, T=21, D=9] true=4.542820 pred=4.169653 diff=-0.373168 abs_err=0.373168
INFO | EPOCH_089 | [B=14, T=9, D=9] true=1.789229 pred=1.706297 diff=-0.082932 abs_err=0.082932
INFO | EPOCH_089 | [B=3, T=12, D=8] true=0.690049 pred=0.724867 diff=+0.034818 abs_err=0.034818
INFO | EPOCH_089 | [B=16, T=19, D=8] true=0.592656 pred=0.521949 diff=-0.070707 abs_err=0.070707
INFO | EPOCH_089 | [B=29, T=23, D=4] true=1.881169 pred=1.812318 diff=-0.068851 abs_err=0.068851
INFO | EPOCH_089 | [B=32, T=22, D=3] true=1.284699 pred=1.627395 diff=+0.342696 abs_err=0.342696
INFO | EPOCH_089 | [B=41, T=3, D=8] true=0.713396 pred=0.707300 diff=-0.006096 abs_err=0.006096
INFO | EPOCH_089 | [B=22, T=19, D=3] true=3.208235 pred=3.573710 diff=+0.365475 abs_err=0.365475
INFO | EPOCH_089 | TOP 5 WORST masked points (largest abs_err):
INFO | EPOCH_089 | [B=16, T=0, D=6] true=3.570038 pred=1.059593 diff=-2.510445 abs_err=2.510445
INFO | EPOCH_089 | [B=18, T=11, D=6] true=3.456601 pred=0.953210 diff=-2.503391 abs_err=2.503391
INFO | EPOCH_089 | [B=28, T=19, D=11] true=-1.985981 pred=0.482999 diff=+2.468980 abs_err=2.468980
INFO | EPOCH_089 | [B=16, T=3, D=6] true=3.513163 pred=1.061484 diff=-2.451679 abs_err=2.451679
INFO | EPOCH_089 | [B=43, T=7, D=11] true=2.397161 pred=-0.030189 diff=-2.427351 abs_err=2.427351
INFO | EPOCH_089 | TOP 5 BEST/CORRECT masked points (smallest abs_err):
INFO | EPOCH_089 | [B=54, T=0, D=9] true=1.574738 pred=1.574746 diff=+0.000008 abs_err=0.000008
INFO | EPOCH_089 | [B=0, T=21, D=4] true=1.867501 pred=1.867510 diff=+0.000009 abs_err=0.000009
INFO | EPOCH_089 | [B=50, T=7, D=7] true=2.549170 pred=2.549138 diff=-0.000032 abs_err=0.000032
INFO | EPOCH_089 | [B=15, T=8, D=5] true=0.236375 pred=0.236419 diff=+0.000044 abs_err=0.000044
INFO | EPOCH_089 | [B=17, T=9, D=8] true=0.801922 pred=0.801862 diff=-0.000060 abs_err=0.000060
INFO | EPOCH_099 | RANDOM 15 masked points (true, pred, diff, abs_err):
INFO | EPOCH_099 | [B=25, T=18, D=11] true=0.145368 pred=0.201615 diff=+0.056247 abs_err=0.056247
INFO | EPOCH_099 | [B=1, T=16, D=4] true=1.678769 pred=2.139112 diff=+0.460343 abs_err=0.460343
INFO | EPOCH_099 | [B=10, T=24, D=6] true=4.360353 pred=4.017859 diff=-0.342494 abs_err=0.342494
INFO | EPOCH_099 | [B=58, T=11, D=0] true=4.169044 pred=3.854857 diff=-0.314187 abs_err=0.314187
INFO | EPOCH_099 | [B=56, T=2, D=9] true=2.598122 pred=2.333519 diff=-0.264603 abs_err=0.264603
INFO | EPOCH_099 | [B=9, T=7, D=6] true=3.228740 pred=3.307086 diff=+0.078345 abs_err=0.078345
INFO | EPOCH_099 | [B=36, T=31, D=8] true=1.427056 pred=1.216187 diff=-0.210869 abs_err=0.210869
INFO | EPOCH_099 | [B=56, T=17, D=4] true=1.417842 pred=1.366896 diff=-0.050946 abs_err=0.050946
INFO | EPOCH_099 | [B=58, T=2, D=4] true=0.918336 pred=1.208445 diff=+0.290109 abs_err=0.290109
INFO | EPOCH_099 | [B=55, T=28, D=2] true=0.286998 pred=0.200097 diff=-0.086901 abs_err=0.086901
INFO | EPOCH_099 | [B=61, T=20, D=2] true=0.523549 pred=0.451008 diff=-0.072541 abs_err=0.072541
INFO | EPOCH_099 | [B=7, T=8, D=3] true=3.158716 pred=2.919504 diff=-0.239212 abs_err=0.239212
INFO | EPOCH_099 | [B=46, T=20, D=5] true=0.793752 pred=0.766860 diff=-0.026893 abs_err=0.026893
INFO | EPOCH_099 | [B=14, T=19, D=5] true=0.183266 pred=0.262021 diff=+0.078756 abs_err=0.078756
INFO | EPOCH_099 | [B=51, T=29, D=2] true=0.045234 pred=0.049236 diff=+0.004001 abs_err=0.004001
INFO | EPOCH_099 | TOP 5 WORST masked points (largest abs_err):
INFO | EPOCH_099 | [B=26, T=8, D=6] true=1.595185 pred=4.373804 diff=+2.778619 abs_err=2.778619
INFO | EPOCH_099 | [B=53, T=1, D=11] true=-1.173275 pred=1.398622 diff=+2.571897 abs_err=2.571897
INFO | EPOCH_099 | [B=12, T=20, D=11] true=2.590584 pred=0.261770 diff=-2.328814 abs_err=2.328814
INFO | EPOCH_099 | [B=14, T=11, D=6] true=0.115726 pred=2.396403 diff=+2.280678 abs_err=2.280678
INFO | EPOCH_099 | [B=47, T=22, D=9] true=5.246898 pred=2.971085 diff=-2.275812 abs_err=2.275812
INFO | EPOCH_099 | TOP 5 BEST/CORRECT masked points (smallest abs_err):
INFO | EPOCH_099 | [B=25, T=5, D=4] true=1.553883 pred=1.553828 diff=-0.000055 abs_err=0.000055
INFO | EPOCH_099 | [B=2, T=28, D=1] true=1.349144 pred=1.349069 diff=-0.000075 abs_err=0.000075
INFO | EPOCH_099 | [B=21, T=3, D=8] true=0.281023 pred=0.280942 diff=-0.000081 abs_err=0.000081
INFO | EPOCH_099 | [B=20, T=0, D=5] true=0.410975 pred=0.410887 diff=-0.000088 abs_err=0.000088
INFO | EPOCH_099 | [B=14, T=19, D=10] true=1.252984 pred=1.252869 diff=-0.000114 abs_err=0.000114
INFO | EPOCH_109 | RANDOM 15 masked points (true, pred, diff, abs_err):
INFO | EPOCH_109 | [B=48, T=6, D=8] true=0.617846 pred=0.900460 diff=+0.282614 abs_err=0.282614
INFO | EPOCH_109 | [B=27, T=15, D=10] true=1.506583 pred=1.522318 diff=+0.015735 abs_err=0.015735
INFO | EPOCH_109 | [B=58, T=4, D=6] true=2.405924 pred=2.215965 diff=-0.189958 abs_err=0.189958
INFO | EPOCH_109 | [B=51, T=8, D=9] true=3.887051 pred=4.031730 diff=+0.144679 abs_err=0.144679
INFO | EPOCH_109 | [B=57, T=6, D=10] true=1.771844 pred=1.759872 diff=-0.011972 abs_err=0.011972
INFO | EPOCH_109 | [B=22, T=9, D=9] true=2.761883 pred=2.756341 diff=-0.005542 abs_err=0.005542
INFO | EPOCH_109 | [B=25, T=14, D=0] true=3.055650 pred=2.986142 diff=-0.069508 abs_err=0.069508
INFO | EPOCH_109 | [B=53, T=9, D=4] true=1.743734 pred=1.674026 diff=-0.069708 abs_err=0.069708
INFO | EPOCH_109 | [B=25, T=14, D=5] true=0.338312 pred=0.300579 diff=-0.037733 abs_err=0.037733
INFO | EPOCH_109 | [B=18, T=29, D=3] true=1.778126 pred=1.856202 diff=+0.078076 abs_err=0.078076
INFO | EPOCH_109 | [B=61, T=12, D=8] true=0.729185 pred=0.690180 diff=-0.039004 abs_err=0.039004
INFO | EPOCH_109 | [B=24, T=23, D=9] true=3.241061 pred=3.212919 diff=-0.028143 abs_err=0.028143
INFO | EPOCH_109 | [B=35, T=9, D=10] true=1.388701 pred=1.318800 diff=-0.069901 abs_err=0.069901
INFO | EPOCH_109 | [B=5, T=23, D=10] true=2.103659 pred=2.148151 diff=+0.044492 abs_err=0.044492
INFO | EPOCH_109 | [B=5, T=9, D=1] true=1.486168 pred=1.633383 diff=+0.147215 abs_err=0.147215
INFO | EPOCH_109 | TOP 5 WORST masked points (largest abs_err):
INFO | EPOCH_109 | [B=47, T=24, D=6] true=1.678643 pred=4.754920 diff=+3.076277 abs_err=3.076277
INFO | EPOCH_109 | [B=47, T=28, D=9] true=1.413674 pred=4.285790 diff=+2.872117 abs_err=2.872117
INFO | EPOCH_109 | [B=7, T=7, D=0] true=3.767489 pred=1.475783 diff=-2.291707 abs_err=2.291707
INFO | EPOCH_109 | [B=45, T=4, D=0] true=0.990548 pred=3.160882 diff=+2.170334 abs_err=2.170334
INFO | EPOCH_109 | [B=8, T=0, D=9] true=3.707034 pred=1.598454 diff=-2.108581 abs_err=2.108581
INFO | EPOCH_109 | TOP 5 BEST/CORRECT masked points (smallest abs_err):
INFO | EPOCH_109 | [B=60, T=3, D=8] true=0.975703 pred=0.975706 diff=+0.000003 abs_err=0.000003
INFO | EPOCH_109 | [B=12, T=12, D=3] true=2.570359 pred=2.570381 diff=+0.000021 abs_err=0.000021
INFO | EPOCH_109 | [B=46, T=16, D=5] true=0.449811 pred=0.449747 diff=-0.000064 abs_err=0.000064
INFO | EPOCH_109 | [B=60, T=6, D=0] true=1.857268 pred=1.857192 diff=-0.000077 abs_err=0.000077
INFO | EPOCH_109 | [B=59, T=17, D=10] true=1.248988 pred=1.248899 diff=-0.000089 abs_err=0.000089
INFO | EPOCH_119 | RANDOM 15 masked points (true, pred, diff, abs_err):
INFO | EPOCH_119 | [B=7, T=6, D=1] true=1.895913 pred=1.760133 diff=-0.135780 abs_err=0.135780
INFO | EPOCH_119 | [B=51, T=4, D=6] true=4.902371 pred=4.937799 diff=+0.035428 abs_err=0.035428
INFO | EPOCH_119 | [B=12, T=21, D=5] true=0.171432 pred=0.284197 diff=+0.112766 abs_err=0.112766
INFO | EPOCH_119 | [B=15, T=14, D=4] true=2.249605 pred=1.775684 diff=-0.473922 abs_err=0.473922
INFO | EPOCH_119 | [B=37, T=13, D=0] true=2.763741 pred=2.743032 diff=-0.020709 abs_err=0.020709
INFO | EPOCH_119 | [B=60, T=30, D=9] true=2.716051 pred=2.045216 diff=-0.670835 abs_err=0.670835
INFO | EPOCH_119 | [B=44, T=2, D=6] true=1.121247 pred=1.076192 diff=-0.045055 abs_err=0.045055
INFO | EPOCH_119 | [B=60, T=2, D=1] true=1.618116 pred=1.364474 diff=-0.253642 abs_err=0.253642
INFO | EPOCH_119 | [B=11, T=25, D=2] true=0.151307 pred=0.148054 diff=-0.003253 abs_err=0.003253
INFO | EPOCH_119 | [B=39, T=13, D=7] true=0.996404 pred=1.243309 diff=+0.246905 abs_err=0.246905
INFO | EPOCH_119 | [B=31, T=15, D=8] true=0.977484 pred=1.002080 diff=+0.024597 abs_err=0.024597
INFO | EPOCH_119 | [B=42, T=8, D=3] true=2.747658 pred=2.764466 diff=+0.016808 abs_err=0.016808
INFO | EPOCH_119 | [B=26, T=15, D=2] true=-0.222782 pred=-0.204037 diff=+0.018745 abs_err=0.018745
INFO | EPOCH_119 | [B=18, T=21, D=8] true=1.025074 pred=1.216518 diff=+0.191444 abs_err=0.191444
INFO | EPOCH_119 | [B=25, T=2, D=7] true=2.432064 pred=2.425428 diff=-0.006636 abs_err=0.006636
INFO | EPOCH_119 | TOP 5 WORST masked points (largest abs_err):
INFO | EPOCH_119 | [B=17, T=6, D=6] true=0.042953 pred=3.897349 diff=+3.854396 abs_err=3.854396
INFO | EPOCH_119 | [B=17, T=2, D=6] true=0.050544 pred=3.898613 diff=+3.848068 abs_err=3.848068
INFO | EPOCH_119 | [B=55, T=27, D=9] true=1.255944 pred=3.754021 diff=+2.498077 abs_err=2.498077
INFO | EPOCH_119 | [B=37, T=28, D=6] true=5.711285 pred=3.234370 diff=-2.476915 abs_err=2.476915
INFO | EPOCH_119 | [B=31, T=11, D=3] true=1.384696 pred=3.666166 diff=+2.281470 abs_err=2.281470
INFO | EPOCH_119 | TOP 5 BEST/CORRECT masked points (smallest abs_err):
INFO | EPOCH_119 | [B=4, T=15, D=9] true=2.073133 pred=2.073133 diff=-0.000000 abs_err=0.000000
INFO | EPOCH_119 | [B=25, T=27, D=2] true=-0.196065 pred=-0.196055 diff=+0.000010 abs_err=0.000010
INFO | EPOCH_119 | [B=16, T=14, D=3] true=3.157296 pred=3.157310 diff=+0.000014 abs_err=0.000014
INFO | EPOCH_119 | [B=44, T=26, D=5] true=0.445000 pred=0.445024 diff=+0.000023 abs_err=0.000023
INFO | EPOCH_119 | [B=2, T=12, D=1] true=1.701660 pred=1.701626 diff=-0.000033 abs_err=0.000033
INFO | EPOCH_129 | RANDOM 15 masked points (true, pred, diff, abs_err):
INFO | EPOCH_129 | [B=62, T=20, D=10] true=1.350944 pred=1.321911 diff=-0.029033 abs_err=0.029033
INFO | EPOCH_129 | [B=29, T=23, D=1] true=1.858306 pred=1.916505 diff=+0.058199 abs_err=0.058199
INFO | EPOCH_129 | [B=17, T=3, D=1] true=1.108750 pred=1.276428 diff=+0.167679 abs_err=0.167679
INFO | EPOCH_129 | [B=48, T=10, D=11] true=0.848191 pred=0.760260 diff=-0.087930 abs_err=0.087930
INFO | EPOCH_129 | [B=25, T=29, D=9] true=3.714792 pred=3.509610 diff=-0.205183 abs_err=0.205183
INFO | EPOCH_129 | [B=2, T=22, D=10] true=1.259293 pred=1.335440 diff=+0.076146 abs_err=0.076146
INFO | EPOCH_129 | [B=37, T=12, D=9] true=1.286625 pred=1.533410 diff=+0.246785 abs_err=0.246785
INFO | EPOCH_129 | [B=14, T=6, D=2] true=0.437591 pred=0.357904 diff=-0.079687 abs_err=0.079687
INFO | EPOCH_129 | [B=23, T=14, D=7] true=1.930238 pred=1.678205 diff=-0.252033 abs_err=0.252033
INFO | EPOCH_129 | [B=45, T=14, D=5] true=0.371189 pred=0.281469 diff=-0.089720 abs_err=0.089720
INFO | EPOCH_129 | [B=31, T=17, D=1] true=1.354188 pred=1.347915 diff=-0.006273 abs_err=0.006273
INFO | EPOCH_129 | [B=10, T=26, D=9] true=3.471913 pred=3.514587 diff=+0.042674 abs_err=0.042674
INFO | EPOCH_129 | [B=51, T=17, D=7] true=2.445713 pred=2.401868 diff=-0.043845 abs_err=0.043845
INFO | EPOCH_129 | [B=56, T=18, D=2] true=0.450650 pred=0.513218 diff=+0.062568 abs_err=0.062568
INFO | EPOCH_129 | [B=39, T=21, D=0] true=2.518339 pred=2.504138 diff=-0.014200 abs_err=0.014200
INFO | EPOCH_129 | TOP 5 WORST masked points (largest abs_err):
INFO | EPOCH_129 | [B=46, T=13, D=6] true=0.022954 pred=3.298084 diff=+3.275129 abs_err=3.275129
INFO | EPOCH_129 | [B=46, T=10, D=6] true=0.025506 pred=3.297972 diff=+3.272466 abs_err=3.272466
INFO | EPOCH_129 | [B=26, T=5, D=9] true=0.757862 pred=3.573994 diff=+2.816133 abs_err=2.816133
INFO | EPOCH_129 | [B=17, T=16, D=6] true=3.318204 pred=0.931756 diff=-2.386448 abs_err=2.386448
INFO | EPOCH_129 | [B=49, T=13, D=0] true=5.045780 pred=2.693733 diff=-2.352047 abs_err=2.352047
INFO | EPOCH_129 | TOP 5 BEST/CORRECT masked points (smallest abs_err):
INFO | EPOCH_129 | [B=40, T=26, D=8] true=0.032665 pred=0.032665 diff=-0.000000 abs_err=0.000000
INFO | EPOCH_129 | [B=28, T=24, D=0] true=3.377354 pred=3.377371 diff=+0.000017 abs_err=0.000017
INFO | EPOCH_129 | [B=23, T=7, D=8] true=1.232043 pred=1.232008 diff=-0.000035 abs_err=0.000035
INFO | EPOCH_129 | [B=41, T=3, D=5] true=0.299480 pred=0.299516 diff=+0.000036 abs_err=0.000036
INFO | EPOCH_129 | [B=11, T=10, D=6] true=3.257885 pred=3.257923 diff=+0.000038 abs_err=0.000038
INFO | EPOCH_139 | RANDOM 15 masked points (true, pred, diff, abs_err):
INFO | EPOCH_139 | [B=4, T=23, D=2] true=-0.215275 pred=-0.083537 diff=+0.131737 abs_err=0.131737
INFO | EPOCH_139 | [B=33, T=10, D=9] true=1.595106 pred=1.588180 diff=-0.006926 abs_err=0.006926
INFO | EPOCH_139 | [B=29, T=27, D=7] true=2.328082 pred=2.321687 diff=-0.006396 abs_err=0.006396
INFO | EPOCH_139 | [B=8, T=5, D=4] true=1.181803 pred=1.334019 diff=+0.152216 abs_err=0.152216
INFO | EPOCH_139 | [B=31, T=14, D=1] true=2.444588 pred=1.986096 diff=-0.458492 abs_err=0.458492
INFO | EPOCH_139 | [B=58, T=2, D=7] true=1.634350 pred=1.545377 diff=-0.088973 abs_err=0.088973
INFO | EPOCH_139 | [B=51, T=9, D=0] true=1.398149 pred=1.480874 diff=+0.082725 abs_err=0.082725
INFO | EPOCH_139 | [B=41, T=1, D=5] true=0.371216 pred=0.438724 diff=+0.067508 abs_err=0.067508
INFO | EPOCH_139 | [B=20, T=7, D=11] true=0.745427 pred=0.815831 diff=+0.070404 abs_err=0.070404
INFO | EPOCH_139 | [B=25, T=10, D=11] true=0.744157 pred=0.788506 diff=+0.044349 abs_err=0.044349
INFO | EPOCH_139 | [B=19, T=25, D=2] true=0.327720 pred=0.372675 diff=+0.044955 abs_err=0.044955
INFO | EPOCH_139 | [B=31, T=2, D=11] true=0.333014 pred=0.711922 diff=+0.378908 abs_err=0.378908
INFO | EPOCH_139 | [B=10, T=0, D=4] true=1.280714 pred=1.294362 diff=+0.013648 abs_err=0.013648
INFO | EPOCH_139 | [B=7, T=1, D=6] true=1.160382 pred=1.400517 diff=+0.240135 abs_err=0.240135
INFO | EPOCH_139 | [B=8, T=24, D=9] true=1.985237 pred=1.948838 diff=-0.036399 abs_err=0.036399
INFO | EPOCH_139 | TOP 5 WORST masked points (largest abs_err):
INFO | EPOCH_139 | [B=51, T=26, D=0] true=3.701226 pred=1.468960 diff=-2.232266 abs_err=2.232266
INFO | EPOCH_139 | [B=63, T=23, D=3] true=1.364607 pred=3.504559 diff=+2.139952 abs_err=2.139952
INFO | EPOCH_139 | [B=58, T=14, D=3] true=1.426142 pred=3.475708 diff=+2.049567 abs_err=2.049567
INFO | EPOCH_139 | [B=52, T=2, D=0] true=3.753596 pred=1.705208 diff=-2.048388 abs_err=2.048388
INFO | EPOCH_139 | [B=51, T=24, D=6] true=3.759710 pred=1.720822 diff=-2.038888 abs_err=2.038888
INFO | EPOCH_139 | TOP 5 BEST/CORRECT masked points (smallest abs_err):
INFO | EPOCH_139 | [B=62, T=0, D=3] true=3.838564 pred=3.838567 diff=+0.000003 abs_err=0.000003
INFO | EPOCH_139 | [B=26, T=15, D=1] true=1.723096 pred=1.723082 diff=-0.000013 abs_err=0.000013
INFO | EPOCH_139 | [B=48, T=11, D=8] true=0.249882 pred=0.249843 diff=-0.000039 abs_err=0.000039
INFO | EPOCH_139 | [B=63, T=1, D=9] true=3.764129 pred=3.764087 diff=-0.000042 abs_err=0.000042
INFO | EPOCH_139 | [B=52, T=1, D=6] true=1.794574 pred=1.794631 diff=+0.000056 abs_err=0.000056
INFO | EPOCH_149 | RANDOM 15 masked points (true, pred, diff, abs_err):
INFO | EPOCH_149 | [B=41, T=23, D=1] true=1.698259 pred=2.094507 diff=+0.396249 abs_err=0.396249
INFO | EPOCH_149 | [B=6, T=17, D=1] true=1.362083 pred=1.340526 diff=-0.021558 abs_err=0.021558
INFO | EPOCH_149 | [B=17, T=18, D=1] true=1.411858 pred=1.408865 diff=-0.002994 abs_err=0.002994
INFO | EPOCH_149 | [B=7, T=23, D=6] true=3.061156 pred=3.279622 diff=+0.218466 abs_err=0.218466
INFO | EPOCH_149 | [B=49, T=20, D=8] true=0.297563 pred=0.241285 diff=-0.056278 abs_err=0.056278
INFO | EPOCH_149 | [B=27, T=4, D=6] true=3.039322 pred=3.147378 diff=+0.108056 abs_err=0.108056
INFO | EPOCH_149 | [B=26, T=8, D=1] true=1.421260 pred=1.443015 diff=+0.021756 abs_err=0.021756
INFO | EPOCH_149 | [B=61, T=7, D=5] true=0.386369 pred=0.525494 diff=+0.139124 abs_err=0.139124
INFO | EPOCH_149 | [B=25, T=29, D=3] true=3.376667 pred=3.458695 diff=+0.082028 abs_err=0.082028
INFO | EPOCH_149 | [B=44, T=24, D=3] true=2.739056 pred=2.723105 diff=-0.015951 abs_err=0.015951
INFO | EPOCH_149 | [B=55, T=14, D=10] true=1.274664 pred=1.415227 diff=+0.140563 abs_err=0.140563
INFO | EPOCH_149 | [B=1, T=12, D=10] true=1.402832 pred=1.452976 diff=+0.050144 abs_err=0.050144
INFO | EPOCH_149 | [B=30, T=27, D=10] true=1.497840 pred=1.394967 diff=-0.102873 abs_err=0.102873
INFO | EPOCH_149 | [B=21, T=21, D=0] true=3.537138 pred=3.572943 diff=+0.035805 abs_err=0.035805
INFO | EPOCH_149 | [B=11, T=15, D=9] true=4.357696 pred=4.181741 diff=-0.175955 abs_err=0.175955
INFO | EPOCH_149 | TOP 5 WORST masked points (largest abs_err):
INFO | EPOCH_149 | [B=35, T=20, D=3] true=0.534949 pred=3.311507 diff=+2.776558 abs_err=2.776558
INFO | EPOCH_149 | [B=37, T=25, D=0] true=0.800751 pred=2.930753 diff=+2.130002 abs_err=2.130002
INFO | EPOCH_149 | [B=35, T=13, D=3] true=1.276481 pred=3.315114 diff=+2.038633 abs_err=2.038633
INFO | EPOCH_149 | [B=61, T=15, D=10] true=0.352888 pred=2.376700 diff=+2.023812 abs_err=2.023812
INFO | EPOCH_149 | [B=37, T=10, D=7] true=0.099188 pred=2.052597 diff=+1.953410 abs_err=1.953410
INFO | EPOCH_149 | TOP 5 BEST/CORRECT masked points (smallest abs_err):
INFO | EPOCH_149 | [B=2, T=4, D=1] true=1.320845 pred=1.320855 diff=+0.000010 abs_err=0.000010
INFO | EPOCH_149 | [B=21, T=5, D=1] true=1.412563 pred=1.412580 diff=+0.000017 abs_err=0.000017
INFO | EPOCH_149 | [B=14, T=8, D=1] true=1.414187 pred=1.414158 diff=-0.000030 abs_err=0.000030
INFO | EPOCH_149 | [B=20, T=19, D=1] true=1.411461 pred=1.411426 diff=-0.000035 abs_err=0.000035
INFO | EPOCH_149 | [B=46, T=28, D=2] true=0.341894 pred=0.341849 diff=-0.000045 abs_err=0.000045
INFO | EPOCH_159 | RANDOM 15 masked points (true, pred, diff, abs_err):
INFO | EPOCH_159 | [B=34, T=24, D=8] true=1.313461 pred=1.416617 diff=+0.103157 abs_err=0.103157
INFO | EPOCH_159 | [B=61, T=10, D=5] true=0.346043 pred=0.399835 diff=+0.053792 abs_err=0.053792
INFO | EPOCH_159 | [B=47, T=7, D=4] true=1.919162 pred=2.004712 diff=+0.085550 abs_err=0.085550
INFO | EPOCH_159 | [B=24, T=16, D=8] true=0.091108 pred=0.234908 diff=+0.143800 abs_err=0.143800
INFO | EPOCH_159 | [B=2, T=23, D=5] true=0.207167 pred=0.347275 diff=+0.140108 abs_err=0.140108
INFO | EPOCH_159 | [B=39, T=20, D=4] true=1.986344 pred=2.217472 diff=+0.231128 abs_err=0.231128
INFO | EPOCH_159 | [B=56, T=17, D=1] true=1.590416 pred=1.624251 diff=+0.033834 abs_err=0.033834
INFO | EPOCH_159 | [B=57, T=31, D=5] true=-0.063893 pred=0.122378 diff=+0.186271 abs_err=0.186271
INFO | EPOCH_159 | [B=56, T=16, D=11] true=0.585347 pred=0.635246 diff=+0.049899 abs_err=0.049899
INFO | EPOCH_159 | [B=38, T=25, D=2] true=-0.175077 pred=0.137179 diff=+0.312256 abs_err=0.312256
INFO | EPOCH_159 | [B=43, T=2, D=3] true=2.692285 pred=2.683849 diff=-0.008436 abs_err=0.008436
INFO | EPOCH_159 | [B=36, T=5, D=4] true=2.511137 pred=2.480455 diff=-0.030682 abs_err=0.030682
INFO | EPOCH_159 | [B=21, T=12, D=10] true=2.024648 pred=2.049566 diff=+0.024917 abs_err=0.024917
INFO | EPOCH_159 | [B=49, T=18, D=3] true=1.703745 pred=1.748505 diff=+0.044760 abs_err=0.044760
INFO | EPOCH_159 | [B=63, T=30, D=9] true=4.046141 pred=3.440841 diff=-0.605300 abs_err=0.605300
INFO | EPOCH_159 | TOP 5 WORST masked points (largest abs_err):
INFO | EPOCH_159 | [B=7, T=3, D=0] true=5.087778 pred=2.383936 diff=-2.703842 abs_err=2.703842
INFO | EPOCH_159 | [B=7, T=3, D=2] true=2.372046 pred=0.051935 diff=-2.320111 abs_err=2.320111
INFO | EPOCH_159 | [B=60, T=8, D=6] true=1.323833 pred=3.634022 diff=+2.310189 abs_err=2.310189
INFO | EPOCH_159 | [B=60, T=15, D=6] true=1.323426 pred=3.626633 diff=+2.303207 abs_err=2.303207
INFO | EPOCH_159 | [B=60, T=21, D=6] true=1.315996 pred=3.617276 diff=+2.301280 abs_err=2.301280
INFO | EPOCH_159 | TOP 5 BEST/CORRECT masked points (smallest abs_err):
INFO | EPOCH_159 | [B=9, T=24, D=5] true=0.197185 pred=0.197189 diff=+0.000004 abs_err=0.000004
INFO | EPOCH_159 | [B=34, T=10, D=7] true=2.486140 pred=2.486154 diff=+0.000014 abs_err=0.000014
INFO | EPOCH_159 | [B=52, T=12, D=4] true=1.916308 pred=1.916285 diff=-0.000023 abs_err=0.000023
INFO | EPOCH_159 | [B=4, T=27, D=1] true=1.799345 pred=1.799295 diff=-0.000050 abs_err=0.000050
INFO | EPOCH_159 | [B=19, T=24, D=2] true=0.203768 pred=0.203713 diff=-0.000056 abs_err=0.000056
INFO | EPOCH_169 | RANDOM 15 masked points (true, pred, diff, abs_err):
INFO | EPOCH_169 | [B=44, T=21, D=1] true=1.730219 pred=1.313492 diff=-0.416727 abs_err=0.416727
INFO | EPOCH_169 | [B=14, T=2, D=9] true=1.746709 pred=1.738080 diff=-0.008629 abs_err=0.008629
INFO | EPOCH_169 | [B=23, T=2, D=0] true=2.120713 pred=2.315918 diff=+0.195205 abs_err=0.195205
INFO | EPOCH_169 | [B=12, T=24, D=8] true=0.569534 pred=0.680756 diff=+0.111222 abs_err=0.111222
INFO | EPOCH_169 | [B=35, T=22, D=9] true=3.047339 pred=3.087659 diff=+0.040320 abs_err=0.040320
INFO | EPOCH_169 | [B=57, T=21, D=6] true=3.187338 pred=3.592187 diff=+0.404849 abs_err=0.404849
INFO | EPOCH_169 | [B=15, T=3, D=11] true=0.250273 pred=0.335998 diff=+0.085725 abs_err=0.085725
INFO | EPOCH_169 | [B=8, T=11, D=5] true=0.523183 pred=0.501497 diff=-0.021687 abs_err=0.021687
INFO | EPOCH_169 | [B=6, T=9, D=4] true=1.246645 pred=1.296293 diff=+0.049649 abs_err=0.049649
INFO | EPOCH_169 | [B=18, T=2, D=3] true=2.544966 pred=2.590135 diff=+0.045169 abs_err=0.045169
INFO | EPOCH_169 | [B=25, T=9, D=8] true=1.126317 pred=1.352035 diff=+0.225718 abs_err=0.225718
INFO | EPOCH_169 | [B=58, T=29, D=1] true=1.285126 pred=1.344302 diff=+0.059175 abs_err=0.059175
INFO | EPOCH_169 | [B=25, T=15, D=9] true=1.927388 pred=2.063895 diff=+0.136507 abs_err=0.136507
INFO | EPOCH_169 | [B=42, T=15, D=7] true=2.783698 pred=1.798116 diff=-0.985582 abs_err=0.985582
INFO | EPOCH_169 | [B=14, T=26, D=7] true=1.279437 pred=1.575940 diff=+0.296503 abs_err=0.296503
INFO | EPOCH_169 | TOP 5 WORST masked points (largest abs_err):
INFO | EPOCH_169 | [B=43, T=7, D=11] true=2.397161 pred=-0.244886 diff=-2.642047 abs_err=2.642047
INFO | EPOCH_169 | [B=28, T=19, D=10] true=3.777889 pred=1.285643 diff=-2.492246 abs_err=2.492246
INFO | EPOCH_169 | [B=33, T=10, D=9] true=3.742375 pred=1.255509 diff=-2.486866 abs_err=2.486866
INFO | EPOCH_169 | [B=28, T=19, D=11] true=-1.985981 pred=0.476299 diff=+2.462280 abs_err=2.462280
INFO | EPOCH_169 | [B=45, T=19, D=9] true=3.510067 pred=1.117584 diff=-2.392482 abs_err=2.392482
INFO | EPOCH_169 | TOP 5 BEST/CORRECT masked points (smallest abs_err):
INFO | EPOCH_169 | [B=40, T=31, D=4] true=1.430623 pred=1.430607 diff=-0.000017 abs_err=0.000017
INFO | EPOCH_169 | [B=15, T=21, D=4] true=1.636436 pred=1.636468 diff=+0.000032 abs_err=0.000032
INFO | EPOCH_169 | [B=44, T=11, D=8] true=1.098275 pred=1.098310 diff=+0.000035 abs_err=0.000035
INFO | EPOCH_169 | [B=11, T=2, D=9] true=1.691766 pred=1.691706 diff=-0.000060 abs_err=0.000060
INFO | EPOCH_169 | [B=61, T=7, D=9] true=3.448659 pred=3.448725 diff=+0.000066 abs_err=0.000066
INFO | EPOCH_179 | RANDOM 15 masked points (true, pred, diff, abs_err):
INFO | EPOCH_179 | [B=36, T=23, D=1] true=1.642886 pred=1.622646 diff=-0.020240 abs_err=0.020240
INFO | EPOCH_179 | [B=12, T=6, D=6] true=1.151616 pred=1.447277 diff=+0.295661 abs_err=0.295661
INFO | EPOCH_179 | [B=44, T=31, D=8] true=1.024022 pred=1.066968 diff=+0.042946 abs_err=0.042946
INFO | EPOCH_179 | [B=53, T=8, D=1] true=2.493245 pred=2.719913 diff=+0.226669 abs_err=0.226669
INFO | EPOCH_179 | [B=54, T=28, D=2] true=0.356068 pred=0.401523 diff=+0.045455 abs_err=0.045455
INFO | EPOCH_179 | [B=42, T=20, D=1] true=1.464524 pred=1.416934 diff=-0.047590 abs_err=0.047590
INFO | EPOCH_179 | [B=6, T=27, D=11] true=0.591387 pred=0.488499 diff=-0.102888 abs_err=0.102888
INFO | EPOCH_179 | [B=25, T=19, D=1] true=1.076017 pred=1.071092 diff=-0.004925 abs_err=0.004925
INFO | EPOCH_179 | [B=25, T=30, D=0] true=3.412467 pred=3.434013 diff=+0.021545 abs_err=0.021545
INFO | EPOCH_179 | [B=61, T=19, D=5] true=0.364869 pred=0.432087 diff=+0.067218 abs_err=0.067218
INFO | EPOCH_179 | [B=20, T=18, D=1] true=1.319103 pred=1.365363 diff=+0.046260 abs_err=0.046260
INFO | EPOCH_179 | [B=42, T=4, D=2] true=0.183072 pred=0.223279 diff=+0.040207 abs_err=0.040207
INFO | EPOCH_179 | [B=18, T=3, D=2] true=0.315008 pred=0.428456 diff=+0.113448 abs_err=0.113448
INFO | EPOCH_179 | [B=55, T=28, D=5] true=0.570063 pred=0.650322 diff=+0.080259 abs_err=0.080259
INFO | EPOCH_179 | [B=55, T=15, D=11] true=0.869517 pred=0.898408 diff=+0.028891 abs_err=0.028891
INFO | EPOCH_179 | TOP 5 WORST masked points (largest abs_err):
INFO | EPOCH_179 | [B=26, T=8, D=6] true=1.595185 pred=4.535331 diff=+2.940146 abs_err=2.940146
INFO | EPOCH_179 | [B=10, T=12, D=6] true=3.585814 pred=1.065592 diff=-2.520222 abs_err=2.520222
INFO | EPOCH_179 | [B=10, T=5, D=6] true=3.547001 pred=1.052711 diff=-2.494291 abs_err=2.494291
INFO | EPOCH_179 | [B=39, T=11, D=6] true=1.873883 pred=4.362346 diff=+2.488463 abs_err=2.488463
INFO | EPOCH_179 | [B=10, T=15, D=6] true=3.558124 pred=1.071937 diff=-2.486187 abs_err=2.486187
INFO | EPOCH_179 | TOP 5 BEST/CORRECT masked points (smallest abs_err):
INFO | EPOCH_179 | [B=54, T=19, D=3] true=2.668203 pred=2.668222 diff=+0.000019 abs_err=0.000019
INFO | EPOCH_179 | [B=16, T=16, D=5] true=0.451217 pred=0.451238 diff=+0.000021 abs_err=0.000021
INFO | EPOCH_179 | [B=19, T=8, D=4] true=1.581684 pred=1.581650 diff=-0.000034 abs_err=0.000034
INFO | EPOCH_179 | [B=50, T=25, D=7] true=1.423683 pred=1.423718 diff=+0.000034 abs_err=0.000034
INFO | EPOCH_179 | [B=56, T=11, D=5] true=0.378804 pred=0.378842 diff=+0.000038 abs_err=0.000038
INFO | EPOCH_189 | RANDOM 15 masked points (true, pred, diff, abs_err):
INFO | EPOCH_189 | [B=53, T=28, D=1] true=1.764572 pred=1.384336 diff=-0.380236 abs_err=0.380236
INFO | EPOCH_189 | [B=23, T=10, D=10] true=2.051704 pred=2.016905 diff=-0.034799 abs_err=0.034799
INFO | EPOCH_189 | [B=5, T=4, D=10] true=1.525062 pred=1.485495 diff=-0.039567 abs_err=0.039567
INFO | EPOCH_189 | [B=14, T=20, D=3] true=2.661522 pred=2.593145 diff=-0.068377 abs_err=0.068377
INFO | EPOCH_189 | [B=15, T=9, D=2] true=0.163783 pred=0.002863 diff=-0.160920 abs_err=0.160920
INFO | EPOCH_189 | [B=33, T=6, D=10] true=1.340587 pred=1.209416 diff=-0.131170 abs_err=0.131170
INFO | EPOCH_189 | [B=26, T=11, D=2] true=0.292792 pred=0.389840 diff=+0.097048 abs_err=0.097048
INFO | EPOCH_189 | [B=44, T=28, D=7] true=2.165498 pred=2.117877 diff=-0.047621 abs_err=0.047621
INFO | EPOCH_189 | [B=17, T=2, D=1] true=1.206722 pred=1.271385 diff=+0.064663 abs_err=0.064663
INFO | EPOCH_189 | [B=4, T=11, D=9] true=3.484759 pred=3.470569 diff=-0.014189 abs_err=0.014189
INFO | EPOCH_189 | [B=30, T=18, D=1] true=2.504166 pred=2.461557 diff=-0.042609 abs_err=0.042609
INFO | EPOCH_189 | [B=21, T=24, D=8] true=0.266880 pred=0.285505 diff=+0.018625 abs_err=0.018625
INFO | EPOCH_189 | [B=59, T=12, D=1] true=2.155285 pred=1.840444 diff=-0.314840 abs_err=0.314840
INFO | EPOCH_189 | [B=44, T=21, D=4] true=1.613905 pred=1.543309 diff=-0.070596 abs_err=0.070596
INFO | EPOCH_189 | [B=60, T=10, D=11] true=0.673263 pred=0.834735 diff=+0.161473 abs_err=0.161473
INFO | EPOCH_189 | TOP 5 WORST masked points (largest abs_err):
INFO | EPOCH_189 | [B=47, T=24, D=6] true=1.678643 pred=4.631126 diff=+2.952483 abs_err=2.952483
INFO | EPOCH_189 | [B=47, T=28, D=9] true=1.413674 pred=4.130409 diff=+2.716736 abs_err=2.716736
INFO | EPOCH_189 | [B=53, T=1, D=11] true=-1.173275 pred=1.444246 diff=+2.617520 abs_err=2.617520
INFO | EPOCH_189 | [B=53, T=1, D=10] true=3.218401 pred=0.712922 diff=-2.505478 abs_err=2.505478
INFO | EPOCH_189 | [B=14, T=5, D=6] true=0.146037 pred=2.582825 diff=+2.436789 abs_err=2.436789
INFO | EPOCH_189 | TOP 5 BEST/CORRECT masked points (smallest abs_err):
INFO | EPOCH_189 | [B=23, T=3, D=6] true=2.805350 pred=2.805348 diff=-0.000001 abs_err=0.000001
INFO | EPOCH_189 | [B=31, T=3, D=2] true=0.361326 pred=0.361315 diff=-0.000010 abs_err=0.000010
INFO | EPOCH_189 | [B=14, T=23, D=9] true=2.709255 pred=2.709239 diff=-0.000016 abs_err=0.000016
INFO | EPOCH_189 | [B=44, T=28, D=6] true=2.990652 pred=2.990671 diff=+0.000019 abs_err=0.000019
INFO | EPOCH_189 | [B=53, T=15, D=1] true=1.939281 pred=1.939302 diff=+0.000022 abs_err=0.000022
INFO | EPOCH_199 | RANDOM 15 masked points (true, pred, diff, abs_err):
INFO | EPOCH_199 | [B=49, T=8, D=8] true=0.608472 pred=0.814973 diff=+0.206501 abs_err=0.206501
INFO | EPOCH_199 | [B=41, T=23, D=5] true=0.413495 pred=0.378253 diff=-0.035242 abs_err=0.035242
INFO | EPOCH_199 | [B=49, T=17, D=7] true=2.441752 pred=2.295157 diff=-0.146595 abs_err=0.146595
INFO | EPOCH_199 | [B=4, T=13, D=2] true=0.373367 pred=0.410763 diff=+0.037396 abs_err=0.037396
INFO | EPOCH_199 | [B=20, T=6, D=0] true=1.995973 pred=2.050729 diff=+0.054756 abs_err=0.054756
INFO | EPOCH_199 | [B=28, T=27, D=10] true=1.632391 pred=1.598090 diff=-0.034301 abs_err=0.034301
INFO | EPOCH_199 | [B=53, T=23, D=5] true=0.427049 pred=0.117096 diff=-0.309953 abs_err=0.309953
INFO | EPOCH_199 | [B=52, T=16, D=6] true=2.244898 pred=1.733045 diff=-0.511852 abs_err=0.511852
INFO | EPOCH_199 | [B=5, T=3, D=5] true=0.430118 pred=0.230998 diff=-0.199120 abs_err=0.199120
INFO | EPOCH_199 | [B=9, T=19, D=9] true=2.913064 pred=2.818856 diff=-0.094209 abs_err=0.094209
INFO | EPOCH_199 | [B=54, T=20, D=2] true=0.532720 pred=0.296463 diff=-0.236257 abs_err=0.236257
INFO | EPOCH_199 | [B=54, T=22, D=5] true=0.189051 pred=0.268925 diff=+0.079874 abs_err=0.079874
INFO | EPOCH_199 | [B=15, T=25, D=4] true=1.799649 pred=2.006017 diff=+0.206368 abs_err=0.206368
INFO | EPOCH_199 | [B=58, T=0, D=10] true=1.937624 pred=1.862067 diff=-0.075557 abs_err=0.075557
INFO | EPOCH_199 | [B=26, T=10, D=10] true=1.171118 pred=1.252424 diff=+0.081306 abs_err=0.081306
INFO | EPOCH_199 | TOP 5 WORST masked points (largest abs_err):
INFO | EPOCH_199 | [B=15, T=17, D=9] true=3.643659 pred=1.448366 diff=-2.195293 abs_err=2.195293
INFO | EPOCH_199 | [B=55, T=27, D=9] true=1.255944 pred=3.439415 diff=+2.183472 abs_err=2.183472
INFO | EPOCH_199 | [B=45, T=4, D=0] true=0.990548 pred=3.150611 diff=+2.160063 abs_err=2.160063
INFO | EPOCH_199 | [B=2, T=23, D=9] true=3.635791 pred=1.522962 diff=-2.112828 abs_err=2.112828
INFO | EPOCH_199 | [B=2, T=20, D=9] true=3.614427 pred=1.529089 diff=-2.085337 abs_err=2.085337
INFO | EPOCH_199 | TOP 5 BEST/CORRECT masked points (smallest abs_err):
INFO | EPOCH_199 | [B=33, T=2, D=7] true=1.313948 pred=1.313965 diff=+0.000017 abs_err=0.000017
INFO | EPOCH_199 | [B=6, T=22, D=10] true=1.161023 pred=1.161001 diff=-0.000021 abs_err=0.000021
INFO | EPOCH_199 | [B=54, T=0, D=2] true=0.205159 pred=0.205189 diff=+0.000030 abs_err=0.000030
INFO | EPOCH_199 | [B=4, T=9, D=0] true=3.194835 pred=3.194872 diff=+0.000037 abs_err=0.000037
INFO | EPOCH_199 | [B=23, T=12, D=0] true=2.842218 pred=2.842267 diff=+0.000049 abs_err=0.000049
INFO | EPOCH_209 | RANDOM 15 masked points (true, pred, diff, abs_err):
INFO | EPOCH_209 | [B=62, T=14, D=1] true=1.182654 pred=1.237032 diff=+0.054378 abs_err=0.054378
INFO | EPOCH_209 | [B=29, T=26, D=0] true=3.285274 pred=3.371912 diff=+0.086638 abs_err=0.086638
INFO | EPOCH_209 | [B=60, T=28, D=9] true=2.883687 pred=3.659665 diff=+0.775978 abs_err=0.775978
INFO | EPOCH_209 | [B=53, T=27, D=0] true=3.346373 pred=3.241398 diff=-0.104975 abs_err=0.104975
INFO | EPOCH_209 | [B=7, T=8, D=7] true=2.447789 pred=2.399410 diff=-0.048379 abs_err=0.048379
INFO | EPOCH_209 | [B=46, T=10, D=7] true=3.403411 pred=2.060892 diff=-1.342519 abs_err=1.342519
INFO | EPOCH_209 | [B=29, T=23, D=6] true=2.961390 pred=2.871052 diff=-0.090338 abs_err=0.090338
INFO | EPOCH_209 | [B=45, T=21, D=5] true=0.218998 pred=0.327004 diff=+0.108006 abs_err=0.108006
INFO | EPOCH_209 | [B=51, T=13, D=0] true=3.379595 pred=3.318924 diff=-0.060671 abs_err=0.060671
INFO | EPOCH_209 | [B=45, T=29, D=8] true=0.161747 pred=0.323168 diff=+0.161421 abs_err=0.161421
INFO | EPOCH_209 | [B=23, T=23, D=11] true=0.652650 pred=0.704986 diff=+0.052336 abs_err=0.052336
INFO | EPOCH_209 | [B=52, T=1, D=0] true=2.997776 pred=3.167734 diff=+0.169958 abs_err=0.169958
INFO | EPOCH_209 | [B=14, T=6, D=2] true=0.556634 pred=0.408839 diff=-0.147795 abs_err=0.147795
INFO | EPOCH_209 | [B=34, T=4, D=8] true=0.594154 pred=0.084287 diff=-0.509867 abs_err=0.509867
INFO | EPOCH_209 | [B=54, T=12, D=6] true=5.066864 pred=4.949932 diff=-0.116931 abs_err=0.116931
INFO | EPOCH_209 | TOP 5 WORST masked points (largest abs_err):
INFO | EPOCH_209 | [B=17, T=6, D=6] true=0.042953 pred=3.994110 diff=+3.951158 abs_err=3.951158
INFO | EPOCH_209 | [B=17, T=2, D=6] true=0.050544 pred=3.995942 diff=+3.945398 abs_err=3.945398
INFO | EPOCH_209 | [B=46, T=10, D=6] true=0.025506 pred=3.341264 diff=+3.315758 abs_err=3.315758
INFO | EPOCH_209 | [B=46, T=13, D=6] true=0.022954 pred=3.330232 diff=+3.307277 abs_err=3.307277
INFO | EPOCH_209 | [B=37, T=28, D=6] true=5.711285 pred=3.229949 diff=-2.481336 abs_err=2.481336
INFO | EPOCH_209 | TOP 5 BEST/CORRECT masked points (smallest abs_err):
INFO | EPOCH_209 | [B=48, T=23, D=6] true=4.596637 pred=4.596601 diff=-0.000036 abs_err=0.000036
INFO | EPOCH_209 | [B=33, T=24, D=4] true=1.323664 pred=1.323626 diff=-0.000038 abs_err=0.000038
INFO | EPOCH_209 | [B=40, T=13, D=11] true=0.161180 pred=0.161220 diff=+0.000040 abs_err=0.000040
INFO | EPOCH_209 | [B=63, T=30, D=11] true=0.878112 pred=0.878068 diff=-0.000044 abs_err=0.000044
INFO | EPOCH_209 | [B=55, T=4, D=10] true=1.421683 pred=1.421634 diff=-0.000049 abs_err=0.000049
INFO | EPOCH_219 | RANDOM 15 masked points (true, pred, diff, abs_err):
INFO | EPOCH_219 | [B=0, T=23, D=8] true=-0.638499 pred=0.200594 diff=+0.839092 abs_err=0.839092
INFO | EPOCH_219 | [B=34, T=25, D=11] true=0.632929 pred=0.655480 diff=+0.022551 abs_err=0.022551
INFO | EPOCH_219 | [B=12, T=12, D=9] true=2.462488 pred=2.877280 diff=+0.414792 abs_err=0.414792
INFO | EPOCH_219 | [B=15, T=26, D=1] true=1.142283 pred=1.438067 diff=+0.295784 abs_err=0.295784
INFO | EPOCH_219 | [B=31, T=11, D=5] true=0.057671 pred=-0.098580 diff=-0.156251 abs_err=0.156251
INFO | EPOCH_219 | [B=57, T=30, D=5] true=0.522568 pred=0.205100 diff=-0.317468 abs_err=0.317468
INFO | EPOCH_219 | [B=50, T=11, D=5] true=0.161625 pred=0.251221 diff=+0.089596 abs_err=0.089596
INFO | EPOCH_219 | [B=16, T=9, D=8] true=1.323122 pred=1.296832 diff=-0.026289 abs_err=0.026289
INFO | EPOCH_219 | [B=10, T=1, D=11] true=0.749997 pred=0.789305 diff=+0.039308 abs_err=0.039308
INFO | EPOCH_219 | [B=57, T=10, D=3] true=2.090568 pred=1.736004 diff=-0.354564 abs_err=0.354564
INFO | EPOCH_219 | [B=28, T=24, D=11] true=0.706049 pred=0.712908 diff=+0.006859 abs_err=0.006859
INFO | EPOCH_219 | [B=4, T=19, D=8] true=0.907287 pred=0.974096 diff=+0.066809 abs_err=0.066809
INFO | EPOCH_219 | [B=23, T=23, D=3] true=3.284602 pred=3.041457 diff=-0.243145 abs_err=0.243145
INFO | EPOCH_219 | [B=21, T=9, D=6] true=3.861827 pred=3.308300 diff=-0.553527 abs_err=0.553527
INFO | EPOCH_219 | [B=17, T=0, D=0] true=4.417220 pred=4.433211 diff=+0.015991 abs_err=0.015991
INFO | EPOCH_219 | TOP 5 WORST masked points (largest abs_err):
INFO | EPOCH_219 | [B=26, T=5, D=9] true=0.757862 pred=3.601349 diff=+2.843488 abs_err=2.843488
INFO | EPOCH_219 | [B=51, T=26, D=0] true=3.701226 pred=1.388158 diff=-2.313068 abs_err=2.313068
INFO | EPOCH_219 | [B=49, T=14, D=10] true=0.506230 pred=2.812056 diff=+2.305826 abs_err=2.305826
INFO | EPOCH_219 | [B=55, T=13, D=9] true=0.115999 pred=2.236869 diff=+2.120870 abs_err=2.120870
INFO | EPOCH_219 | [B=53, T=9, D=6] true=3.705956 pred=1.596843 diff=-2.109113 abs_err=2.109113
INFO | EPOCH_219 | TOP 5 BEST/CORRECT masked points (smallest abs_err):
INFO | EPOCH_219 | [B=17, T=9, D=11] true=0.686886 pred=0.686953 diff=+0.000067 abs_err=0.000067
INFO | EPOCH_219 | [B=37, T=28, D=3] true=2.387616 pred=2.387684 diff=+0.000067 abs_err=0.000067
INFO | EPOCH_219 | [B=22, T=29, D=0] true=3.358778 pred=3.358855 diff=+0.000077 abs_err=0.000077
INFO | EPOCH_219 | [B=39, T=9, D=9] true=3.018364 pred=3.018462 diff=+0.000098 abs_err=0.000098
INFO | EPOCH_219 | [B=15, T=11, D=5] true=0.273349 pred=0.273449 diff=+0.000100 abs_err=0.000100
INFO | EPOCH_229 | RANDOM 15 masked points (true, pred, diff, abs_err):
INFO | EPOCH_229 | [B=24, T=4, D=3] true=3.384374 pred=3.410705 diff=+0.026332 abs_err=0.026332
INFO | EPOCH_229 | [B=14, T=9, D=10] true=1.083726 pred=1.076963 diff=-0.006763 abs_err=0.006763
INFO | EPOCH_229 | [B=33, T=22, D=1] true=2.388248 pred=2.389939 diff=+0.001691 abs_err=0.001691
INFO | EPOCH_229 | [B=53, T=4, D=5] true=0.425347 pred=0.450143 diff=+0.024796 abs_err=0.024796
INFO | EPOCH_229 | [B=61, T=8, D=2] true=0.379670 pred=0.285253 diff=-0.094417 abs_err=0.094417
INFO | EPOCH_229 | [B=1, T=15, D=5] true=0.945339 pred=0.317223 diff=-0.628116 abs_err=0.628116
INFO | EPOCH_229 | [B=4, T=19, D=2] true=0.256054 pred=0.306910 diff=+0.050856 abs_err=0.050856
INFO | EPOCH_229 | [B=36, T=18, D=6] true=1.177647 pred=1.223523 diff=+0.045876 abs_err=0.045876
INFO | EPOCH_229 | [B=12, T=24, D=11] true=0.404300 pred=0.385799 diff=-0.018502 abs_err=0.018502
INFO | EPOCH_229 | [B=34, T=21, D=7] true=2.178459 pred=2.254379 diff=+0.075920 abs_err=0.075920
INFO | EPOCH_229 | [B=43, T=25, D=0] true=2.932148 pred=2.857592 diff=-0.074557 abs_err=0.074557
INFO | EPOCH_229 | [B=7, T=9, D=6] true=3.034267 pred=3.205070 diff=+0.170802 abs_err=0.170802
INFO | EPOCH_229 | [B=36, T=5, D=10] true=1.261814 pred=1.595980 diff=+0.334166 abs_err=0.334166
INFO | EPOCH_229 | [B=60, T=18, D=3] true=3.085871 pred=3.138722 diff=+0.052852 abs_err=0.052852
INFO | EPOCH_229 | [B=57, T=1, D=2] true=0.567273 pred=0.494591 diff=-0.072682 abs_err=0.072682
INFO | EPOCH_229 | TOP 5 WORST masked points (largest abs_err):
INFO | EPOCH_229 | [B=35, T=20, D=3] true=0.534949 pred=3.312607 diff=+2.777657 abs_err=2.777657
INFO | EPOCH_229 | [B=51, T=24, D=6] true=3.759710 pred=1.447485 diff=-2.312225 abs_err=2.312225
INFO | EPOCH_229 | [B=46, T=14, D=0] true=5.050667 pred=2.902663 diff=-2.148004 abs_err=2.148004
INFO | EPOCH_229 | [B=63, T=23, D=3] true=1.364607 pred=3.493349 diff=+2.128741 abs_err=2.128741
INFO | EPOCH_229 | [B=36, T=17, D=9] true=3.693735 pred=1.606663 diff=-2.087072 abs_err=2.087072
INFO | EPOCH_229 | TOP 5 BEST/CORRECT masked points (smallest abs_err):
INFO | EPOCH_229 | [B=44, T=6, D=2] true=0.498536 pred=0.498514 diff=-0.000022 abs_err=0.000022
INFO | EPOCH_229 | [B=54, T=2, D=9] true=1.969530 pred=1.969503 diff=-0.000027 abs_err=0.000027
INFO | EPOCH_229 | [B=48, T=5, D=5] true=0.270823 pred=0.270769 diff=-0.000054 abs_err=0.000054
INFO | EPOCH_229 | [B=24, T=12, D=1] true=1.402370 pred=1.402447 diff=+0.000077 abs_err=0.000077
INFO | EPOCH_229 | [B=25, T=21, D=7] true=1.729443 pred=1.729535 diff=+0.000093 abs_err=0.000093
INFO | EPOCH_239 | RANDOM 15 masked points (true, pred, diff, abs_err):
INFO | EPOCH_239 | [B=42, T=27, D=10] true=2.442600 pred=2.360132 diff=-0.082469 abs_err=0.082469
INFO | EPOCH_239 | [B=46, T=4, D=5] true=-0.055366 pred=0.084394 diff=+0.139760 abs_err=0.139760
INFO | EPOCH_239 | [B=10, T=25, D=9] true=3.035127 pred=3.096022 diff=+0.060895 abs_err=0.060895
INFO | EPOCH_239 | [B=17, T=24, D=11] true=0.397331 pred=0.495199 diff=+0.097868 abs_err=0.097868
INFO | EPOCH_239 | [B=44, T=8, D=0] true=2.823162 pred=2.883978 diff=+0.060816 abs_err=0.060816
INFO | EPOCH_239 | [B=47, T=21, D=9] true=1.094295 pred=1.331623 diff=+0.237328 abs_err=0.237328
INFO | EPOCH_239 | [B=53, T=14, D=5] true=0.528942 pred=0.521889 diff=-0.007053 abs_err=0.007053
INFO | EPOCH_239 | [B=21, T=0, D=4] true=1.837809 pred=1.988526 diff=+0.150717 abs_err=0.150717
INFO | EPOCH_239 | [B=8, T=16, D=6] true=2.944350 pred=2.968045 diff=+0.023695 abs_err=0.023695
INFO | EPOCH_239 | [B=42, T=21, D=6] true=1.079709 pred=1.513334 diff=+0.433625 abs_err=0.433625
INFO | EPOCH_239 | [B=4, T=0, D=6] true=2.109071 pred=2.157840 diff=+0.048769 abs_err=0.048769
INFO | EPOCH_239 | [B=2, T=3, D=3] true=2.295514 pred=2.302931 diff=+0.007417 abs_err=0.007417
INFO | EPOCH_239 | [B=42, T=26, D=3] true=1.594517 pred=1.439806 diff=-0.154711 abs_err=0.154711
INFO | EPOCH_239 | [B=43, T=8, D=11] true=0.844400 pred=0.897964 diff=+0.053563 abs_err=0.053563
INFO | EPOCH_239 | [B=39, T=26, D=0] true=3.017533 pred=3.212015 diff=+0.194482 abs_err=0.194482
INFO | EPOCH_239 | TOP 5 WORST masked points (largest abs_err):
INFO | EPOCH_239 | [B=7, T=3, D=0] true=5.087778 pred=2.413041 diff=-2.674737 abs_err=2.674737
INFO | EPOCH_239 | [B=60, T=21, D=6] true=1.315996 pred=3.712160 diff=+2.396164 abs_err=2.396164
INFO | EPOCH_239 | [B=60, T=15, D=6] true=1.323426 pred=3.710720 diff=+2.387294 abs_err=2.387294
INFO | EPOCH_239 | [B=60, T=8, D=6] true=1.323833 pred=3.708554 diff=+2.384722 abs_err=2.384722
INFO | EPOCH_239 | [B=22, T=25, D=5] true=-2.117338 pred=0.144479 diff=+2.261817 abs_err=2.261817
INFO | EPOCH_239 | TOP 5 BEST/CORRECT masked points (smallest abs_err):
INFO | EPOCH_239 | [B=13, T=13, D=0] true=3.683049 pred=3.682985 diff=-0.000064 abs_err=0.000064
INFO | EPOCH_239 | [B=27, T=0, D=9] true=3.045928 pred=3.045862 diff=-0.000066 abs_err=0.000066
INFO | EPOCH_239 | [B=55, T=23, D=9] true=1.101312 pred=1.101226 diff=-0.000087 abs_err=0.000087
INFO | EPOCH_239 | [B=0, T=14, D=4] true=1.556970 pred=1.557087 diff=+0.000117 abs_err=0.000117
INFO | EPOCH_239 | [B=46, T=13, D=3] true=2.720493 pred=2.720628 diff=+0.000136 abs_err=0.000136
INFO | EPOCH_249 | RANDOM 15 masked points (true, pred, diff, abs_err):
INFO | EPOCH_249 | [B=51, T=26, D=3] true=3.891387 pred=3.879281 diff=-0.012106 abs_err=0.012106
INFO | EPOCH_249 | [B=18, T=25, D=5] true=0.200244 pred=0.251441 diff=+0.051196 abs_err=0.051196
INFO | EPOCH_249 | [B=56, T=17, D=6] true=2.672545 pred=2.819415 diff=+0.146870 abs_err=0.146870
INFO | EPOCH_249 | [B=10, T=9, D=7] true=1.839551 pred=1.496210 diff=-0.343341 abs_err=0.343341
INFO | EPOCH_249 | [B=13, T=9, D=5] true=0.470993 pred=0.348976 diff=-0.122017 abs_err=0.122017
INFO | EPOCH_249 | [B=2, T=22, D=1] true=1.439175 pred=1.482585 diff=+0.043409 abs_err=0.043409
INFO | EPOCH_249 | [B=63, T=11, D=11] true=0.977413 pred=0.861658 diff=-0.115755 abs_err=0.115755
INFO | EPOCH_249 | [B=62, T=23, D=4] true=1.833033 pred=1.868399 diff=+0.035366 abs_err=0.035366
INFO | EPOCH_249 | [B=14, T=0, D=0] true=3.642865 pred=3.630226 diff=-0.012639 abs_err=0.012639
INFO | EPOCH_249 | [B=26, T=1, D=3] true=2.462897 pred=2.434527 diff=-0.028370 abs_err=0.028370
INFO | EPOCH_249 | [B=47, T=25, D=4] true=1.773431 pred=1.880535 diff=+0.107104 abs_err=0.107104
INFO | EPOCH_249 | [B=52, T=10, D=6] true=3.624693 pred=3.362540 diff=-0.262152 abs_err=0.262152
INFO | EPOCH_249 | [B=48, T=3, D=6] true=1.468322 pred=1.463700 diff=-0.004623 abs_err=0.004623
INFO | EPOCH_249 | [B=63, T=14, D=7] true=1.575605 pred=1.602395 diff=+0.026789 abs_err=0.026789
INFO | EPOCH_249 | [B=46, T=13, D=4] true=1.872738 pred=2.046571 diff=+0.173832 abs_err=0.173832
INFO | EPOCH_249 | TOP 5 WORST masked points (largest abs_err):
INFO | EPOCH_249 | [B=25, T=9, D=9] true=3.972294 pred=1.881807 diff=-2.090487 abs_err=2.090487
INFO | EPOCH_249 | [B=29, T=4, D=10] true=0.463057 pred=2.411776 diff=+1.948719 abs_err=1.948719
INFO | EPOCH_249 | [B=29, T=7, D=10] true=0.487208 pred=2.408226 diff=+1.921018 abs_err=1.921018
INFO | EPOCH_249 | [B=49, T=9, D=11] true=2.033089 pred=0.132947 diff=-1.900142 abs_err=1.900142
INFO | EPOCH_249 | [B=49, T=15, D=11] true=2.076173 pred=0.187907 diff=-1.888266 abs_err=1.888266
INFO | EPOCH_249 | TOP 5 BEST/CORRECT masked points (smallest abs_err):
INFO | EPOCH_249 | [B=0, T=26, D=8] true=0.368249 pred=0.368242 diff=-0.000007 abs_err=0.000007
INFO | EPOCH_249 | [B=46, T=8, D=4] true=1.374717 pred=1.374732 diff=+0.000015 abs_err=0.000015
INFO | EPOCH_249 | [B=40, T=30, D=1] true=2.261136 pred=2.261154 diff=+0.000018 abs_err=0.000018
INFO | EPOCH_249 | [B=5, T=3, D=7] true=1.481272 pred=1.481253 diff=-0.000019 abs_err=0.000019
INFO | EPOCH_249 | [B=40, T=8, D=9] true=1.620223 pred=1.620197 diff=-0.000026 abs_err=0.000026
INFO | EPOCH_259 | RANDOM 15 masked points (true, pred, diff, abs_err):
INFO | EPOCH_259 | [B=17, T=19, D=7] true=1.991721 pred=2.098235 diff=+0.106514 abs_err=0.106514
INFO | EPOCH_259 | [B=26, T=30, D=9] true=3.957063 pred=4.285257 diff=+0.328194 abs_err=0.328194
INFO | EPOCH_259 | [B=31, T=7, D=1] true=1.184798 pred=1.027323 diff=-0.157475 abs_err=0.157475
INFO | EPOCH_259 | [B=15, T=6, D=0] true=1.810532 pred=1.856600 diff=+0.046068 abs_err=0.046068
INFO | EPOCH_259 | [B=55, T=11, D=6] true=1.246506 pred=1.156778 diff=-0.089729 abs_err=0.089729
INFO | EPOCH_259 | [B=7, T=16, D=10] true=1.290622 pred=1.390433 diff=+0.099811 abs_err=0.099811
INFO | EPOCH_259 | [B=39, T=3, D=11] true=0.632326 pred=0.555825 diff=-0.076502 abs_err=0.076502
INFO | EPOCH_259 | [B=11, T=7, D=2] true=0.342215 pred=0.200238 diff=-0.141977 abs_err=0.141977
INFO | EPOCH_259 | [B=45, T=14, D=2] true=0.234275 pred=0.250644 diff=+0.016369 abs_err=0.016369
INFO | EPOCH_259 | [B=1, T=10, D=11] true=1.168182 pred=0.897900 diff=-0.270282 abs_err=0.270282
INFO | EPOCH_259 | [B=4, T=11, D=5] true=-0.135367 pred=0.322773 diff=+0.458140 abs_err=0.458140
INFO | EPOCH_259 | [B=61, T=8, D=1] true=2.594409 pred=2.554159 diff=-0.040251 abs_err=0.040251
INFO | EPOCH_259 | [B=36, T=9, D=10] true=1.359826 pred=1.303231 diff=-0.056595 abs_err=0.056595
INFO | EPOCH_259 | [B=7, T=7, D=7] true=1.778083 pred=1.866444 diff=+0.088361 abs_err=0.088361
INFO | EPOCH_259 | [B=22, T=11, D=6] true=1.943376 pred=1.775648 diff=-0.167728 abs_err=0.167728
INFO | EPOCH_259 | TOP 5 WORST masked points (largest abs_err):
INFO | EPOCH_259 | [B=43, T=7, D=11] true=2.397161 pred=-0.338679 diff=-2.735840 abs_err=2.735840
INFO | EPOCH_259 | [B=19, T=25, D=6] true=3.670713 pred=1.130490 diff=-2.540223 abs_err=2.540223
INFO | EPOCH_259 | [B=39, T=11, D=6] true=1.873883 pred=4.399630 diff=+2.525747 abs_err=2.525747
INFO | EPOCH_259 | [B=19, T=28, D=6] true=3.644612 pred=1.134714 diff=-2.509898 abs_err=2.509898
INFO | EPOCH_259 | [B=16, T=0, D=6] true=3.570038 pred=1.076105 diff=-2.493933 abs_err=2.493933
INFO | EPOCH_259 | TOP 5 BEST/CORRECT masked points (smallest abs_err):
INFO | EPOCH_259 | [B=33, T=16, D=5] true=0.102782 pred=0.102722 diff=-0.000061 abs_err=0.000061
INFO | EPOCH_259 | [B=56, T=21, D=5] true=0.607287 pred=0.607211 diff=-0.000076 abs_err=0.000076
INFO | EPOCH_259 | [B=56, T=13, D=8] true=0.392326 pred=0.392241 diff=-0.000085 abs_err=0.000085
INFO | EPOCH_259 | [B=32, T=22, D=1] true=1.122331 pred=1.122142 diff=-0.000188 abs_err=0.000188
INFO | EPOCH_259 | [B=27, T=29, D=4] true=1.616071 pred=1.616266 diff=+0.000195 abs_err=0.000195
INFO | EPOCH_269 | RANDOM 15 masked points (true, pred, diff, abs_err):
INFO | EPOCH_269 | [B=8, T=2, D=6] true=3.446065 pred=3.434546 diff=-0.011518 abs_err=0.011518
INFO | EPOCH_269 | [B=57, T=8, D=9] true=3.121639 pred=3.077830 diff=-0.043809 abs_err=0.043809
INFO | EPOCH_269 | [B=0, T=15, D=4] true=2.246024 pred=2.448007 diff=+0.201983 abs_err=0.201983
INFO | EPOCH_269 | [B=47, T=9, D=1] true=1.536605 pred=1.612069 diff=+0.075464 abs_err=0.075464
INFO | EPOCH_269 | [B=31, T=27, D=2] true=0.256111 pred=-0.033605 diff=-0.289716 abs_err=0.289716
INFO | EPOCH_269 | [B=37, T=11, D=1] true=1.914036 pred=1.674980 diff=-0.239056 abs_err=0.239056
INFO | EPOCH_269 | [B=35, T=25, D=11] true=0.546506 pred=0.524201 diff=-0.022305 abs_err=0.022305
INFO | EPOCH_269 | [B=42, T=17, D=2] true=0.411771 pred=0.371897 diff=-0.039874 abs_err=0.039874
INFO | EPOCH_269 | [B=59, T=8, D=3] true=4.078390 pred=4.203466 diff=+0.125076 abs_err=0.125076
INFO | EPOCH_269 | [B=8, T=26, D=2] true=0.612943 pred=0.594307 diff=-0.018636 abs_err=0.018636
INFO | EPOCH_269 | [B=5, T=3, D=1] true=1.338623 pred=1.340314 diff=+0.001691 abs_err=0.001691
INFO | EPOCH_269 | [B=54, T=23, D=0] true=3.011099 pred=3.107021 diff=+0.095922 abs_err=0.095922
INFO | EPOCH_269 | [B=24, T=11, D=6] true=1.152442 pred=1.134077 diff=-0.018365 abs_err=0.018365
INFO | EPOCH_269 | [B=60, T=0, D=4] true=1.725151 pred=1.346712 diff=-0.378439 abs_err=0.378439
INFO | EPOCH_269 | [B=41, T=21, D=9] true=2.590436 pred=2.724343 diff=+0.133908 abs_err=0.133908
INFO | EPOCH_269 | TOP 5 WORST masked points (largest abs_err):
INFO | EPOCH_269 | [B=26, T=8, D=6] true=1.595185 pred=4.606956 diff=+3.011770 abs_err=3.011770
INFO | EPOCH_269 | [B=53, T=1, D=11] true=-1.173275 pred=1.582822 diff=+2.756097 abs_err=2.756097
INFO | EPOCH_269 | [B=54, T=1, D=9] true=5.269440 pred=2.643588 diff=-2.625852 abs_err=2.625852
INFO | EPOCH_269 | [B=14, T=11, D=6] true=0.115726 pred=2.691323 diff=+2.575597 abs_err=2.575597
INFO | EPOCH_269 | [B=14, T=5, D=6] true=0.146037 pred=2.698481 diff=+2.552444 abs_err=2.552444
INFO | EPOCH_269 | TOP 5 BEST/CORRECT masked points (smallest abs_err):
INFO | EPOCH_269 | [B=18, T=2, D=4] true=2.263094 pred=2.263130 diff=+0.000036 abs_err=0.000036
INFO | EPOCH_269 | [B=18, T=4, D=1] true=2.420670 pred=2.420591 diff=-0.000080 abs_err=0.000080
INFO | EPOCH_269 | [B=44, T=21, D=4] true=1.052622 pred=1.052708 diff=+0.000086 abs_err=0.000086
INFO | EPOCH_269 | [B=17, T=7, D=4] true=1.580605 pred=1.580705 diff=+0.000100 abs_err=0.000100
INFO | EPOCH_269 | [B=42, T=9, D=9] true=2.997828 pred=2.997682 diff=-0.000145 abs_err=0.000145
INFO | EPOCH_279 | RANDOM 15 masked points (true, pred, diff, abs_err):
INFO | EPOCH_279 | [B=52, T=16, D=7] true=1.495564 pred=1.814615 diff=+0.319051 abs_err=0.319051
INFO | EPOCH_279 | [B=11, T=22, D=5] true=0.473639 pred=0.516931 diff=+0.043293 abs_err=0.043293
INFO | EPOCH_279 | [B=4, T=4, D=10] true=1.980915 pred=2.171223 diff=+0.190308 abs_err=0.190308
INFO | EPOCH_279 | [B=39, T=10, D=10] true=1.420440 pred=1.322245 diff=-0.098195 abs_err=0.098195
INFO | EPOCH_279 | [B=8, T=21, D=7] true=1.850186 pred=1.821616 diff=-0.028569 abs_err=0.028569
INFO | EPOCH_279 | [B=27, T=8, D=11] true=0.502580 pred=0.585143 diff=+0.082563 abs_err=0.082563
INFO | EPOCH_279 | [B=12, T=13, D=1] true=2.706822 pred=2.823556 diff=+0.116734 abs_err=0.116734
INFO | EPOCH_279 | [B=1, T=21, D=3] true=3.267364 pred=3.509868 diff=+0.242504 abs_err=0.242504
INFO | EPOCH_279 | [B=29, T=17, D=5] true=-0.122045 pred=0.070578 diff=+0.192623 abs_err=0.192623
INFO | EPOCH_279 | [B=8, T=6, D=7] true=2.310936 pred=2.256155 diff=-0.054781 abs_err=0.054781
INFO | EPOCH_279 | [B=28, T=23, D=9] true=2.570214 pred=2.545736 diff=-0.024477 abs_err=0.024477
INFO | EPOCH_279 | [B=24, T=16, D=11] true=1.043856 pred=0.888537 diff=-0.155319 abs_err=0.155319
INFO | EPOCH_279 | [B=41, T=23, D=5] true=0.058737 pred=-0.007127 diff=-0.065863 abs_err=0.065863
INFO | EPOCH_279 | [B=37, T=3, D=1] true=1.309625 pred=1.367523 diff=+0.057899 abs_err=0.057899
INFO | EPOCH_279 | [B=4, T=1, D=5] true=0.243894 pred=0.272725 diff=+0.028831 abs_err=0.028831
INFO | EPOCH_279 | TOP 5 WORST masked points (largest abs_err):
INFO | EPOCH_279 | [B=47, T=24, D=6] true=1.678643 pred=4.673246 diff=+2.994604 abs_err=2.994604
INFO | EPOCH_279 | [B=47, T=28, D=9] true=1.413674 pred=4.263842 diff=+2.850169 abs_err=2.850169
INFO | EPOCH_279 | [B=7, T=7, D=0] true=3.767489 pred=1.410534 diff=-2.356956 abs_err=2.356956
INFO | EPOCH_279 | [B=45, T=4, D=0] true=0.990548 pred=3.188697 diff=+2.198149 abs_err=2.198149
INFO | EPOCH_279 | [B=3, T=27, D=9] true=3.570496 pred=1.381644 diff=-2.188851 abs_err=2.188851
INFO | EPOCH_279 | TOP 5 BEST/CORRECT masked points (smallest abs_err):
INFO | EPOCH_279 | [B=54, T=4, D=2] true=0.251089 pred=0.251104 diff=+0.000015 abs_err=0.000015
INFO | EPOCH_279 | [B=38, T=7, D=8] true=0.208158 pred=0.208192 diff=+0.000034 abs_err=0.000034
INFO | EPOCH_279 | [B=15, T=29, D=10] true=2.068318 pred=2.068278 diff=-0.000040 abs_err=0.000040
INFO | EPOCH_279 | [B=35, T=23, D=10] true=1.517841 pred=1.517903 diff=+0.000061 abs_err=0.000061
INFO | EPOCH_279 | [B=29, T=6, D=9] true=2.524148 pred=2.524211 diff=+0.000063 abs_err=0.000063
INFO | EPOCH_289 | RANDOM 15 masked points (true, pred, diff, abs_err):
INFO | EPOCH_289 | [B=58, T=13, D=8] true=1.079519 pred=0.722746 diff=-0.356773 abs_err=0.356773
INFO | EPOCH_289 | [B=34, T=24, D=9] true=1.611113 pred=1.394371 diff=-0.216741 abs_err=0.216741
INFO | EPOCH_289 | [B=49, T=19, D=4] true=1.685952 pred=1.806285 diff=+0.120334 abs_err=0.120334
INFO | EPOCH_289 | [B=43, T=0, D=10] true=1.906512 pred=1.967359 diff=+0.060847 abs_err=0.060847
INFO | EPOCH_289 | [B=63, T=28, D=1] true=1.474435 pred=1.785759 diff=+0.311324 abs_err=0.311324
INFO | EPOCH_289 | [B=48, T=0, D=4] true=2.157736 pred=2.203164 diff=+0.045428 abs_err=0.045428
INFO | EPOCH_289 | [B=48, T=24, D=7] true=2.695003 pred=2.312364 diff=-0.382639 abs_err=0.382639
INFO | EPOCH_289 | [B=12, T=11, D=10] true=1.840425 pred=1.365868 diff=-0.474557 abs_err=0.474557
INFO | EPOCH_289 | [B=27, T=5, D=11] true=0.705738 pred=0.707288 diff=+0.001550 abs_err=0.001550
INFO | EPOCH_289 | [B=28, T=27, D=11] true=0.389160 pred=0.353984 diff=-0.035176 abs_err=0.035176
INFO | EPOCH_289 | [B=27, T=17, D=4] true=1.995664 pred=1.869001 diff=-0.126662 abs_err=0.126662
INFO | EPOCH_289 | [B=46, T=4, D=3] true=2.795496 pred=2.741752 diff=-0.053743 abs_err=0.053743
INFO | EPOCH_289 | [B=61, T=9, D=6] true=2.889556 pred=3.283349 diff=+0.393793 abs_err=0.393793
INFO | EPOCH_289 | [B=42, T=27, D=1] true=2.115516 pred=2.145827 diff=+0.030312 abs_err=0.030312
INFO | EPOCH_289 | [B=15, T=14, D=5] true=0.160973 pred=0.191073 diff=+0.030100 abs_err=0.030100
INFO | EPOCH_289 | TOP 5 WORST masked points (largest abs_err):
INFO | EPOCH_289 | [B=17, T=2, D=6] true=0.050544 pred=4.009235 diff=+3.958691 abs_err=3.958691
INFO | EPOCH_289 | [B=17, T=6, D=6] true=0.042953 pred=3.989051 diff=+3.946098 abs_err=3.946098
INFO | EPOCH_289 | [B=55, T=27, D=9] true=1.255944 pred=3.775599 diff=+2.519655 abs_err=2.519655
INFO | EPOCH_289 | [B=37, T=28, D=6] true=5.711285 pred=3.240609 diff=-2.470676 abs_err=2.470676
INFO | EPOCH_289 | [B=31, T=11, D=3] true=1.384696 pred=3.595706 diff=+2.211010 abs_err=2.211010
INFO | EPOCH_289 | TOP 5 BEST/CORRECT masked points (smallest abs_err):
INFO | EPOCH_289 | [B=24, T=7, D=1] true=1.931646 pred=1.931641 diff=-0.000005 abs_err=0.000005
INFO | EPOCH_289 | [B=39, T=6, D=8] true=0.301827 pred=0.301818 diff=-0.000009 abs_err=0.000009
INFO | EPOCH_289 | [B=13, T=0, D=3] true=3.167878 pred=3.167861 diff=-0.000016 abs_err=0.000016
INFO | EPOCH_289 | [B=4, T=24, D=7] true=1.029824 pred=1.029861 diff=+0.000038 abs_err=0.000038
INFO | EPOCH_289 | [B=36, T=2, D=0] true=2.750074 pred=2.750036 diff=-0.000039 abs_err=0.000039
INFO | EPOCH_299 | RANDOM 15 masked points (true, pred, diff, abs_err):
INFO | EPOCH_299 | [B=20, T=5, D=5] true=0.362929 pred=0.292811 diff=-0.070117 abs_err=0.070117
INFO | EPOCH_299 | [B=25, T=16, D=0] true=3.611514 pred=3.619136 diff=+0.007622 abs_err=0.007622
INFO | EPOCH_299 | [B=36, T=26, D=10] true=1.537849 pred=1.325147 diff=-0.212702 abs_err=0.212702
INFO | EPOCH_299 | [B=0, T=21, D=0] true=2.181386 pred=1.733397 diff=-0.447989 abs_err=0.447989
INFO | EPOCH_299 | [B=46, T=15, D=0] true=2.421419 pred=2.524926 diff=+0.103507 abs_err=0.103507
INFO | EPOCH_299 | [B=15, T=22, D=11] true=0.703710 pred=0.666047 diff=-0.037663 abs_err=0.037663
INFO | EPOCH_299 | [B=12, T=19, D=6] true=1.098418 pred=1.089767 diff=-0.008651 abs_err=0.008651
INFO | EPOCH_299 | [B=53, T=13, D=5] true=0.058026 pred=0.301237 diff=+0.243210 abs_err=0.243210
INFO | EPOCH_299 | [B=57, T=14, D=1] true=1.184558 pred=1.227150 diff=+0.042592 abs_err=0.042592
INFO | EPOCH_299 | [B=63, T=25, D=2] true=-0.084497 pred=0.271644 diff=+0.356142 abs_err=0.356142
INFO | EPOCH_299 | [B=40, T=20, D=5] true=0.469509 pred=0.464104 diff=-0.005405 abs_err=0.005405
INFO | EPOCH_299 | [B=16, T=0, D=9] true=3.468065 pred=3.469129 diff=+0.001065 abs_err=0.001065
INFO | EPOCH_299 | [B=5, T=17, D=4] true=1.277562 pred=1.248368 diff=-0.029195 abs_err=0.029195
INFO | EPOCH_299 | [B=60, T=15, D=8] true=0.898909 pred=0.961663 diff=+0.062754 abs_err=0.062754
INFO | EPOCH_299 | [B=58, T=22, D=11] true=0.139215 pred=0.118397 diff=-0.020818 abs_err=0.020818
INFO | EPOCH_299 | TOP 5 WORST masked points (largest abs_err):
INFO | EPOCH_299 | [B=46, T=10, D=6] true=0.025506 pred=3.291952 diff=+3.266446 abs_err=3.266446
INFO | EPOCH_299 | [B=46, T=13, D=6] true=0.022954 pred=3.258044 diff=+3.235090 abs_err=3.235090
INFO | EPOCH_299 | [B=26, T=5, D=9] true=0.757862 pred=3.593552 diff=+2.835690 abs_err=2.835690
INFO | EPOCH_299 | [B=49, T=13, D=2] true=2.202316 pred=-0.083566 diff=-2.285882 abs_err=2.285882
INFO | EPOCH_299 | [B=49, T=14, D=10] true=0.506230 pred=2.748883 diff=+2.242653 abs_err=2.242653
INFO | EPOCH_299 | TOP 5 BEST/CORRECT masked points (smallest abs_err):
INFO | EPOCH_299 | [B=63, T=9, D=6] true=2.737570 pred=2.737558 diff=-0.000012 abs_err=0.000012
INFO | EPOCH_299 | [B=49, T=12, D=0] true=2.474386 pred=2.474363 diff=-0.000024 abs_err=0.000024
INFO | EPOCH_299 | [B=1, T=26, D=9] true=2.935086 pred=2.935042 diff=-0.000044 abs_err=0.000044
INFO | EPOCH_299 | [B=2, T=19, D=1] true=1.226470 pred=1.226422 diff=-0.000048 abs_err=0.000048
INFO | EPOCH_299 | [B=29, T=21, D=5] true=0.431747 pred=0.431795 diff=+0.000048 abs_err=0.000048
INFO | EPOCH_009 | RANDOM 15 masked points (true, pred, diff, abs_err):
INFO | EPOCH_009 | [B=23, T=23, D=10] true=0.868822 pred=1.292268 diff=+0.423447 abs_err=0.423447
INFO | EPOCH_009 | [B=31, T=1, D=6] true=4.345087 pred=4.741211 diff=+0.396125 abs_err=0.396125
INFO | EPOCH_009 | [B=14, T=20, D=3] true=3.374150 pred=3.427445 diff=+0.053296 abs_err=0.053296
INFO | EPOCH_009 | [B=40, T=28, D=5] true=0.457322 pred=0.286785 diff=-0.170537 abs_err=0.170537
INFO | EPOCH_009 | [B=48, T=20, D=7] true=2.364028 pred=2.550784 diff=+0.186756 abs_err=0.186756
INFO | EPOCH_009 | [B=36, T=5, D=1] true=1.690940 pred=1.669043 diff=-0.021897 abs_err=0.021897
INFO | EPOCH_009 | [B=61, T=11, D=9] true=1.461476 pred=1.646624 diff=+0.185147 abs_err=0.185147
INFO | EPOCH_009 | [B=1, T=3, D=0] true=2.149547 pred=2.167674 diff=+0.018127 abs_err=0.018127
INFO | EPOCH_009 | [B=6, T=2, D=6] true=2.284018 pred=2.301472 diff=+0.017454 abs_err=0.017454
INFO | EPOCH_009 | [B=63, T=12, D=0] true=2.799217 pred=2.908359 diff=+0.109142 abs_err=0.109142
INFO | EPOCH_009 | [B=0, T=19, D=3] true=2.525799 pred=2.595766 diff=+0.069967 abs_err=0.069967
INFO | EPOCH_009 | [B=47, T=8, D=8] true=1.055480 pred=1.130232 diff=+0.074752 abs_err=0.074752
INFO | EPOCH_009 | [B=2, T=0, D=1] true=1.217134 pred=1.184284 diff=-0.032851 abs_err=0.032851
INFO | EPOCH_009 | [B=6, T=28, D=11] true=0.905993 pred=0.933656 diff=+0.027663 abs_err=0.027663
INFO | EPOCH_009 | [B=47, T=29, D=9] true=1.482974 pred=1.968322 diff=+0.485348 abs_err=0.485348
INFO | EPOCH_009 | TOP 5 WORST masked points (largest abs_err):
INFO | EPOCH_009 | [B=26, T=8, D=6] true=1.595185 pred=4.477621 diff=+2.882436 abs_err=2.882436
INFO | EPOCH_009 | [B=44, T=20, D=6] true=0.108967 pred=2.841821 diff=+2.732854 abs_err=2.732854
INFO | EPOCH_009 | [B=44, T=18, D=6] true=0.127504 pred=2.837986 diff=+2.710482 abs_err=2.710482
INFO | EPOCH_009 | [B=39, T=11, D=6] true=1.873883 pred=4.359076 diff=+2.485193 abs_err=2.485193
INFO | EPOCH_009 | [B=16, T=0, D=6] true=3.570038 pred=1.167351 diff=-2.402687 abs_err=2.402687
INFO | EPOCH_009 | TOP 5 BEST/CORRECT masked points (smallest abs_err):
INFO | EPOCH_009 | [B=34, T=26, D=5] true=0.095759 pred=0.095752 diff=-0.000007 abs_err=0.000007
INFO | EPOCH_009 | [B=36, T=4, D=7] true=1.263970 pred=1.264020 diff=+0.000049 abs_err=0.000049
INFO | EPOCH_009 | [B=28, T=0, D=6] true=4.643368 pred=4.643430 diff=+0.000062 abs_err=0.000062
INFO | EPOCH_009 | [B=27, T=18, D=5] true=0.396413 pred=0.396340 diff=-0.000073 abs_err=0.000073
INFO | EPOCH_009 | [B=7, T=25, D=0] true=1.785727 pred=1.785641 diff=-0.000086 abs_err=0.000086
INFO | EPOCH_019 | RANDOM 15 masked points (true, pred, diff, abs_err):
INFO | EPOCH_019 | [B=42, T=29, D=6] true=2.971751 pred=3.008243 diff=+0.036492 abs_err=0.036492
INFO | EPOCH_019 | [B=39, T=1, D=3] true=3.244062 pred=3.387779 diff=+0.143717 abs_err=0.143717
INFO | EPOCH_019 | [B=36, T=11, D=4] true=1.499065 pred=1.785674 diff=+0.286609 abs_err=0.286609
INFO | EPOCH_019 | [B=34, T=8, D=10] true=1.370861 pred=1.382925 diff=+0.012064 abs_err=0.012064
INFO | EPOCH_019 | [B=32, T=17, D=11] true=0.124477 pred=0.762900 diff=+0.638424 abs_err=0.638424
INFO | EPOCH_019 | [B=20, T=18, D=5] true=0.267494 pred=0.371663 diff=+0.104169 abs_err=0.104169
INFO | EPOCH_019 | [B=35, T=23, D=10] true=1.385821 pred=1.419568 diff=+0.033747 abs_err=0.033747
INFO | EPOCH_019 | [B=53, T=27, D=9] true=3.660142 pred=3.680590 diff=+0.020447 abs_err=0.020447
INFO | EPOCH_019 | [B=59, T=21, D=5] true=0.049477 pred=0.254624 diff=+0.205147 abs_err=0.205147
INFO | EPOCH_019 | [B=6, T=26, D=2] true=0.087687 pred=0.148050 diff=+0.060363 abs_err=0.060363
INFO | EPOCH_019 | [B=7, T=32, D=2] true=0.587099 pred=0.554959 diff=-0.032140 abs_err=0.032140
INFO | EPOCH_019 | [B=11, T=9, D=9] true=2.759776 pred=3.023717 diff=+0.263942 abs_err=0.263942
INFO | EPOCH_019 | [B=2, T=24, D=9] true=3.490680 pred=3.448514 diff=-0.042166 abs_err=0.042166
INFO | EPOCH_019 | [B=31, T=10, D=9] true=1.609127 pred=1.601950 diff=-0.007178 abs_err=0.007178
INFO | EPOCH_019 | [B=57, T=3, D=9] true=2.898660 pred=2.780574 diff=-0.118086 abs_err=0.118086
INFO | EPOCH_019 | TOP 5 WORST masked points (largest abs_err):
INFO | EPOCH_019 | [B=14, T=11, D=6] true=0.115726 pred=2.992321 diff=+2.876595 abs_err=2.876595
INFO | EPOCH_019 | [B=14, T=5, D=6] true=0.146037 pred=2.984565 diff=+2.838528 abs_err=2.838528
INFO | EPOCH_019 | [B=47, T=28, D=9] true=1.413674 pred=4.155696 diff=+2.742023 abs_err=2.742023
INFO | EPOCH_019 | [B=47, T=24, D=6] true=1.678643 pred=4.413096 diff=+2.734454 abs_err=2.734454
INFO | EPOCH_019 | [B=53, T=1, D=11] true=-1.173275 pred=1.397885 diff=+2.571160 abs_err=2.571160
INFO | EPOCH_019 | TOP 5 BEST/CORRECT masked points (smallest abs_err):
INFO | EPOCH_019 | [B=44, T=18, D=4] true=1.632751 pred=1.632728 diff=-0.000023 abs_err=0.000023
INFO | EPOCH_019 | [B=61, T=0, D=0] true=2.511826 pred=2.511785 diff=-0.000041 abs_err=0.000041
INFO | EPOCH_019 | [B=3, T=26, D=11] true=0.972219 pred=0.972269 diff=+0.000050 abs_err=0.000050
INFO | EPOCH_019 | [B=63, T=0, D=11] true=0.772144 pred=0.772194 diff=+0.000050 abs_err=0.000050
INFO | EPOCH_019 | [B=51, T=6, D=1] true=1.487988 pred=1.487926 diff=-0.000062 abs_err=0.000062
INFO | EPOCH_029 | RANDOM 15 masked points (true, pred, diff, abs_err):
INFO | EPOCH_029 | [B=62, T=19, D=9] true=2.028568 pred=2.116999 diff=+0.088431 abs_err=0.088431
INFO | EPOCH_029 | [B=57, T=14, D=0] true=3.729032 pred=3.770971 diff=+0.041939 abs_err=0.041939
INFO | EPOCH_029 | [B=51, T=18, D=7] true=2.260707 pred=2.340904 diff=+0.080198 abs_err=0.080198
INFO | EPOCH_029 | [B=46, T=6, D=1] true=1.102701 pred=1.366682 diff=+0.263982 abs_err=0.263982
INFO | EPOCH_029 | [B=28, T=12, D=0] true=2.953350 pred=3.009042 diff=+0.055692 abs_err=0.055692
INFO | EPOCH_029 | [B=2, T=4, D=6] true=2.614448 pred=2.753334 diff=+0.138886 abs_err=0.138886
INFO | EPOCH_029 | [B=21, T=1, D=10] true=1.299306 pred=1.327973 diff=+0.028667 abs_err=0.028667
INFO | EPOCH_029 | [B=6, T=0, D=1] true=2.239956 pred=2.592542 diff=+0.352586 abs_err=0.352586
INFO | EPOCH_029 | [B=39, T=23, D=8] true=0.184952 pred=0.290788 diff=+0.105837 abs_err=0.105837
INFO | EPOCH_029 | [B=5, T=9, D=11] true=0.444247 pred=0.499991 diff=+0.055744 abs_err=0.055744
INFO | EPOCH_029 | [B=26, T=18, D=0] true=2.754192 pred=3.049736 diff=+0.295544 abs_err=0.295544
INFO | EPOCH_029 | [B=14, T=19, D=0] true=2.847631 pred=2.919467 diff=+0.071836 abs_err=0.071836
INFO | EPOCH_029 | [B=17, T=9, D=7] true=1.966065 pred=2.328588 diff=+0.362523 abs_err=0.362523
INFO | EPOCH_029 | [B=44, T=8, D=8] true=0.313779 pred=0.384001 diff=+0.070221 abs_err=0.070221
INFO | EPOCH_029 | [B=40, T=16, D=10] true=2.371264 pred=1.968380 diff=-0.402884 abs_err=0.402884
INFO | EPOCH_029 | TOP 5 WORST masked points (largest abs_err):
INFO | EPOCH_029 | [B=55, T=27, D=9] true=1.255944 pred=3.795228 diff=+2.539284 abs_err=2.539284
INFO | EPOCH_029 | [B=45, T=4, D=0] true=0.990548 pred=3.282309 diff=+2.291761 abs_err=2.291761
INFO | EPOCH_029 | [B=0, T=28, D=9] true=3.682978 pred=1.538653 diff=-2.144325 abs_err=2.144325
INFO | EPOCH_029 | [B=15, T=17, D=9] true=3.643659 pred=1.534096 diff=-2.109563 abs_err=2.109563
INFO | EPOCH_029 | [B=8, T=0, D=9] true=3.707034 pred=1.651384 diff=-2.055651 abs_err=2.055651
INFO | EPOCH_029 | TOP 5 BEST/CORRECT masked points (smallest abs_err):
INFO | EPOCH_029 | [B=20, T=29, D=11] true=0.670791 pred=0.670865 diff=+0.000074 abs_err=0.000074
INFO | EPOCH_029 | [B=11, T=15, D=3] true=2.543821 pred=2.543901 diff=+0.000080 abs_err=0.000080
INFO | EPOCH_029 | [B=16, T=12, D=7] true=0.928625 pred=0.928527 diff=-0.000098 abs_err=0.000098
INFO | EPOCH_029 | [B=19, T=19, D=1] true=1.929320 pred=1.929205 diff=-0.000115 abs_err=0.000115
INFO | EPOCH_029 | [B=0, T=7, D=10] true=2.259310 pred=2.259190 diff=-0.000119 abs_err=0.000119
INFO | EPOCH_039 | RANDOM 15 masked points (true, pred, diff, abs_err):
INFO | EPOCH_039 | [B=20, T=1, D=10] true=2.405333 pred=2.211219 diff=-0.194114 abs_err=0.194114
INFO | EPOCH_039 | [B=23, T=3, D=0] true=3.290734 pred=3.321935 diff=+0.031201 abs_err=0.031201
INFO | EPOCH_039 | [B=32, T=9, D=4] true=1.300722 pred=1.302674 diff=+0.001951 abs_err=0.001951
INFO | EPOCH_039 | [B=17, T=21, D=4] true=1.881008 pred=2.545550 diff=+0.664542 abs_err=0.664542
INFO | EPOCH_039 | [B=21, T=29, D=8] true=1.028039 pred=1.025192 diff=-0.002847 abs_err=0.002847
INFO | EPOCH_039 | [B=35, T=8, D=9] true=4.367198 pred=4.336095 diff=-0.031104 abs_err=0.031104
INFO | EPOCH_039 | [B=12, T=13, D=0] true=3.143121 pred=2.405263 diff=-0.737857 abs_err=0.737857
INFO | EPOCH_039 | [B=58, T=5, D=0] true=3.870393 pred=3.839634 diff=-0.030759 abs_err=0.030759
INFO | EPOCH_039 | [B=58, T=15, D=8] true=1.167294 pred=0.814985 diff=-0.352309 abs_err=0.352309
INFO | EPOCH_039 | [B=8, T=1, D=1] true=2.325552 pred=2.435593 diff=+0.110041 abs_err=0.110041
INFO | EPOCH_039 | [B=25, T=10, D=6] true=3.119823 pred=3.552963 diff=+0.433141 abs_err=0.433141
INFO | EPOCH_039 | [B=57, T=11, D=5] true=0.886513 pred=0.709612 diff=-0.176901 abs_err=0.176901
INFO | EPOCH_039 | [B=0, T=14, D=0] true=1.981051 pred=1.815373 diff=-0.165678 abs_err=0.165678
INFO | EPOCH_039 | [B=5, T=13, D=11] true=0.563429 pred=0.527897 diff=-0.035532 abs_err=0.035532
INFO | EPOCH_039 | [B=61, T=10, D=11] true=0.044066 pred=0.774788 diff=+0.730722 abs_err=0.730722
INFO | EPOCH_039 | TOP 5 WORST masked points (largest abs_err):
INFO | EPOCH_039 | [B=17, T=6, D=6] true=0.042953 pred=3.975037 diff=+3.932085 abs_err=3.932085
INFO | EPOCH_039 | [B=17, T=2, D=6] true=0.050544 pred=3.971381 diff=+3.920837 abs_err=3.920837
INFO | EPOCH_039 | [B=46, T=13, D=6] true=0.022954 pred=3.468089 diff=+3.445135 abs_err=3.445135
INFO | EPOCH_039 | [B=46, T=10, D=6] true=0.025506 pred=3.466335 diff=+3.440829 abs_err=3.440829
INFO | EPOCH_039 | [B=37, T=28, D=6] true=5.711285 pred=3.253398 diff=-2.457887 abs_err=2.457887
INFO | EPOCH_039 | TOP 5 BEST/CORRECT masked points (smallest abs_err):
INFO | EPOCH_039 | [B=37, T=3, D=9] true=4.345607 pred=4.345600 diff=-0.000008 abs_err=0.000008
INFO | EPOCH_039 | [B=15, T=7, D=8] true=0.419973 pred=0.419940 diff=-0.000033 abs_err=0.000033
INFO | EPOCH_039 | [B=37, T=0, D=0] true=3.175236 pred=3.175287 diff=+0.000052 abs_err=0.000052
INFO | EPOCH_039 | [B=46, T=28, D=2] true=0.309004 pred=0.308946 diff=-0.000058 abs_err=0.000058
INFO | EPOCH_039 | [B=55, T=8, D=1] true=1.243185 pred=1.243108 diff=-0.000077 abs_err=0.000077
INFO | EPOCH_049 | RANDOM 15 masked points (true, pred, diff, abs_err):
INFO | EPOCH_049 | [B=26, T=0, D=5] true=0.537976 pred=0.514793 diff=-0.023183 abs_err=0.023183
INFO | EPOCH_049 | [B=10, T=10, D=0] true=2.024622 pred=2.108360 diff=+0.083738 abs_err=0.083738
INFO | EPOCH_049 | [B=14, T=28, D=3] true=2.425767 pred=1.684796 diff=-0.740971 abs_err=0.740971
INFO | EPOCH_049 | [B=46, T=17, D=6] true=0.966181 pred=0.946924 diff=-0.019256 abs_err=0.019256
INFO | EPOCH_049 | [B=33, T=26, D=2] true=0.524422 pred=0.497247 diff=-0.027174 abs_err=0.027174
INFO | EPOCH_049 | [B=58, T=12, D=1] true=1.426262 pred=1.700222 diff=+0.273960 abs_err=0.273960
INFO | EPOCH_049 | [B=17, T=17, D=2] true=0.466936 pred=0.416704 diff=-0.050232 abs_err=0.050232
INFO | EPOCH_049 | [B=61, T=14, D=6] true=1.870904 pred=1.756704 diff=-0.114200 abs_err=0.114200
INFO | EPOCH_049 | [B=33, T=27, D=7] true=2.702833 pred=2.446978 diff=-0.255855 abs_err=0.255855
INFO | EPOCH_049 | [B=21, T=19, D=4] true=2.244680 pred=2.150640 diff=-0.094040 abs_err=0.094040
INFO | EPOCH_049 | [B=40, T=14, D=1] true=2.410910 pred=2.423988 diff=+0.013078 abs_err=0.013078
INFO | EPOCH_049 | [B=13, T=28, D=5] true=-0.052446 pred=0.591091 diff=+0.643538 abs_err=0.643538
INFO | EPOCH_049 | [B=52, T=27, D=2] true=0.242381 pred=0.406198 diff=+0.163817 abs_err=0.163817
INFO | EPOCH_049 | [B=6, T=15, D=4] true=1.342446 pred=1.207962 diff=-0.134484 abs_err=0.134484
INFO | EPOCH_049 | [B=38, T=12, D=9] true=1.136321 pred=1.308020 diff=+0.171699 abs_err=0.171699
INFO | EPOCH_049 | TOP 5 WORST masked points (largest abs_err):
INFO | EPOCH_049 | [B=26, T=5, D=9] true=0.757862 pred=3.682599 diff=+2.924737 abs_err=2.924737
INFO | EPOCH_049 | [B=49, T=14, D=10] true=0.506230 pred=2.934764 diff=+2.428534 abs_err=2.428534
INFO | EPOCH_049 | [B=30, T=20, D=6] true=0.614586 pred=2.902657 diff=+2.288071 abs_err=2.288071
INFO | EPOCH_049 | [B=49, T=14, D=11] true=2.130419 pred=-0.060602 diff=-2.191021 abs_err=2.191021
INFO | EPOCH_049 | [B=51, T=26, D=0] true=3.701226 pred=1.517299 diff=-2.183927 abs_err=2.183927
INFO | EPOCH_049 | TOP 5 BEST/CORRECT masked points (smallest abs_err):
INFO | EPOCH_049 | [B=2, T=2, D=1] true=1.231250 pred=1.231229 diff=-0.000021 abs_err=0.000021
INFO | EPOCH_049 | [B=63, T=5, D=3] true=2.056407 pred=2.056382 diff=-0.000025 abs_err=0.000025
INFO | EPOCH_049 | [B=3, T=28, D=5] true=0.205085 pred=0.205132 diff=+0.000047 abs_err=0.000047
INFO | EPOCH_049 | [B=44, T=20, D=11] true=0.790587 pred=0.790644 diff=+0.000057 abs_err=0.000057
INFO | EPOCH_049 | [B=38, T=3, D=3] true=2.390352 pred=2.390444 diff=+0.000092 abs_err=0.000092
INFO | EPOCH_059 | RANDOM 15 masked points (true, pred, diff, abs_err):
INFO | EPOCH_059 | [B=0, T=1, D=4] true=0.854701 pred=0.984828 diff=+0.130127 abs_err=0.130127
INFO | EPOCH_059 | [B=53, T=10, D=3] true=3.018839 pred=3.177912 diff=+0.159074 abs_err=0.159074
INFO | EPOCH_059 | [B=61, T=10, D=6] true=2.724144 pred=2.863230 diff=+0.139086 abs_err=0.139086
INFO | EPOCH_059 | [B=20, T=7, D=7] true=1.367684 pred=1.416150 diff=+0.048466 abs_err=0.048466
INFO | EPOCH_059 | [B=55, T=28, D=10] true=1.788599 pred=2.080539 diff=+0.291939 abs_err=0.291939
INFO | EPOCH_059 | [B=57, T=5, D=11] true=1.165192 pred=0.883594 diff=-0.281598 abs_err=0.281598
INFO | EPOCH_059 | [B=49, T=9, D=11] true=0.689002 pred=0.786224 diff=+0.097222 abs_err=0.097222
INFO | EPOCH_059 | [B=26, T=9, D=11] true=0.794443 pred=0.861702 diff=+0.067258 abs_err=0.067258
INFO | EPOCH_059 | [B=51, T=1, D=4] true=1.521931 pred=1.525022 diff=+0.003091 abs_err=0.003091
INFO | EPOCH_059 | [B=46, T=24, D=2] true=0.538290 pred=0.468607 diff=-0.069682 abs_err=0.069682
INFO | EPOCH_059 | [B=43, T=12, D=4] true=1.662091 pred=2.281635 diff=+0.619544 abs_err=0.619544
INFO | EPOCH_059 | [B=20, T=25, D=5] true=0.444882 pred=0.577407 diff=+0.132525 abs_err=0.132525
INFO | EPOCH_059 | [B=1, T=27, D=10] true=1.332935 pred=1.305597 diff=-0.027338 abs_err=0.027338
INFO | EPOCH_059 | [B=63, T=8, D=8] true=1.290000 pred=1.381531 diff=+0.091531 abs_err=0.091531
INFO | EPOCH_059 | [B=63, T=20, D=2] true=0.587585 pred=0.543329 diff=-0.044256 abs_err=0.044256
INFO | EPOCH_059 | TOP 5 WORST masked points (largest abs_err):
INFO | EPOCH_059 | [B=35, T=20, D=3] true=0.534949 pred=3.344299 diff=+2.809350 abs_err=2.809350
INFO | EPOCH_059 | [B=1, T=15, D=3] true=1.012525 pred=3.330946 diff=+2.318421 abs_err=2.318421
INFO | EPOCH_059 | [B=63, T=23, D=3] true=1.364607 pred=3.570086 diff=+2.205478 abs_err=2.205478
INFO | EPOCH_059 | [B=51, T=24, D=6] true=3.759710 pred=1.587696 diff=-2.172014 abs_err=2.172014
INFO | EPOCH_059 | [B=46, T=14, D=2] true=2.224028 pred=0.103769 diff=-2.120259 abs_err=2.120259
INFO | EPOCH_059 | TOP 5 BEST/CORRECT masked points (smallest abs_err):
INFO | EPOCH_059 | [B=4, T=5, D=4] true=1.394636 pred=1.394632 diff=-0.000004 abs_err=0.000004
INFO | EPOCH_059 | [B=46, T=11, D=9] true=2.698275 pred=2.698255 diff=-0.000019 abs_err=0.000019
INFO | EPOCH_059 | [B=39, T=7, D=9] true=3.746216 pred=3.746184 diff=-0.000032 abs_err=0.000032
INFO | EPOCH_059 | [B=32, T=0, D=4] true=0.796568 pred=0.796638 diff=+0.000070 abs_err=0.000070
INFO | EPOCH_059 | [B=25, T=27, D=10] true=1.747569 pred=1.747432 diff=-0.000137 abs_err=0.000137
INFO | EPOCH_069 | RANDOM 15 masked points (true, pred, diff, abs_err):
INFO | EPOCH_069 | [B=15, T=1, D=7] true=1.415397 pred=1.464869 diff=+0.049472 abs_err=0.049472
INFO | EPOCH_069 | [B=16, T=15, D=9] true=2.994944 pred=3.099397 diff=+0.104453 abs_err=0.104453
INFO | EPOCH_069 | [B=61, T=24, D=4] true=2.020574 pred=2.117807 diff=+0.097234 abs_err=0.097234
INFO | EPOCH_069 | [B=51, T=22, D=5] true=0.371941 pred=0.446127 diff=+0.074186 abs_err=0.074186
INFO | EPOCH_069 | [B=12, T=13, D=7] true=2.002473 pred=2.171201 diff=+0.168727 abs_err=0.168727
INFO | EPOCH_069 | [B=32, T=21, D=1] true=2.161882 pred=2.058299 diff=-0.103583 abs_err=0.103583
INFO | EPOCH_069 | [B=19, T=0, D=9] true=2.962033 pred=3.116355 diff=+0.154323 abs_err=0.154323
INFO | EPOCH_069 | [B=29, T=12, D=0] true=4.158781 pred=4.045099 diff=-0.113682 abs_err=0.113682
INFO | EPOCH_069 | [B=20, T=1, D=3] true=1.624408 pred=3.546657 diff=+1.922250 abs_err=1.922250
INFO | EPOCH_069 | [B=15, T=14, D=3] true=3.883056 pred=3.836702 diff=-0.046355 abs_err=0.046355
INFO | EPOCH_069 | [B=21, T=21, D=6] true=3.275423 pred=3.121862 diff=-0.153561 abs_err=0.153561
INFO | EPOCH_069 | [B=23, T=7, D=8] true=0.498758 pred=0.711191 diff=+0.212433 abs_err=0.212433
INFO | EPOCH_069 | [B=4, T=21, D=7] true=1.576944 pred=1.423163 diff=-0.153781 abs_err=0.153781
INFO | EPOCH_069 | [B=31, T=0, D=11] true=0.777206 pred=0.738332 diff=-0.038874 abs_err=0.038874
INFO | EPOCH_069 | [B=52, T=31, D=11] true=0.572186 pred=0.613125 diff=+0.040939 abs_err=0.040939
INFO | EPOCH_069 | TOP 5 WORST masked points (largest abs_err):
INFO | EPOCH_069 | [B=7, T=3, D=0] true=5.087778 pred=2.432584 diff=-2.655194 abs_err=2.655194
INFO | EPOCH_069 | [B=39, T=23, D=3] true=1.330343 pred=3.874670 diff=+2.544327 abs_err=2.544327
INFO | EPOCH_069 | [B=58, T=19, D=6] true=3.603509 pred=1.253994 diff=-2.349515 abs_err=2.349515
INFO | EPOCH_069 | [B=7, T=3, D=2] true=2.372046 pred=0.122426 diff=-2.249619 abs_err=2.249619
INFO | EPOCH_069 | [B=37, T=25, D=0] true=0.800751 pred=3.026742 diff=+2.225991 abs_err=2.225991
INFO | EPOCH_069 | TOP 5 BEST/CORRECT masked points (smallest abs_err):
INFO | EPOCH_069 | [B=57, T=5, D=11] true=0.659302 pred=0.659296 diff=-0.000006 abs_err=0.000006
INFO | EPOCH_069 | [B=14, T=22, D=3] true=3.700314 pred=3.700340 diff=+0.000025 abs_err=0.000025
INFO | EPOCH_069 | [B=29, T=7, D=4] true=1.486236 pred=1.486210 diff=-0.000026 abs_err=0.000026
INFO | EPOCH_069 | [B=8, T=15, D=10] true=1.418692 pred=1.418627 diff=-0.000064 abs_err=0.000064
INFO | EPOCH_069 | [B=20, T=27, D=4] true=1.494314 pred=1.494235 diff=-0.000079 abs_err=0.000079
INFO | EPOCH_079 | RANDOM 15 masked points (true, pred, diff, abs_err):
INFO | EPOCH_079 | [B=31, T=4, D=11] true=0.159710 pred=0.460705 diff=+0.300995 abs_err=0.300995
INFO | EPOCH_079 | [B=0, T=1, D=3] true=3.724732 pred=3.761135 diff=+0.036403 abs_err=0.036403
INFO | EPOCH_079 | [B=46, T=13, D=3] true=2.514006 pred=2.555410 diff=+0.041403 abs_err=0.041403
INFO | EPOCH_079 | [B=25, T=25, D=4] true=1.882771 pred=1.929379 diff=+0.046608 abs_err=0.046608
INFO | EPOCH_079 | [B=13, T=11, D=10] true=1.543794 pred=1.298432 diff=-0.245362 abs_err=0.245362
INFO | EPOCH_079 | [B=6, T=29, D=3] true=3.664396 pred=3.737970 diff=+0.073574 abs_err=0.073574
INFO | EPOCH_079 | [B=16, T=21, D=5] true=0.043036 pred=0.289582 diff=+0.246547 abs_err=0.246547
INFO | EPOCH_079 | [B=59, T=18, D=11] true=0.516806 pred=0.692045 diff=+0.175239 abs_err=0.175239
INFO | EPOCH_079 | [B=53, T=20, D=3] true=3.874282 pred=3.906239 diff=+0.031957 abs_err=0.031957
INFO | EPOCH_079 | [B=50, T=16, D=4] true=1.525820 pred=1.555657 diff=+0.029837 abs_err=0.029837
INFO | EPOCH_079 | [B=14, T=27, D=3] true=3.555663 pred=3.736175 diff=+0.180511 abs_err=0.180511
INFO | EPOCH_079 | [B=7, T=25, D=11] true=0.158000 pred=0.076852 diff=-0.081147 abs_err=0.081147
INFO | EPOCH_079 | [B=18, T=17, D=9] true=3.713660 pred=3.697630 diff=-0.016030 abs_err=0.016030
INFO | EPOCH_079 | [B=10, T=15, D=7] true=1.429389 pred=1.707302 diff=+0.277913 abs_err=0.277913
INFO | EPOCH_079 | [B=63, T=20, D=3] true=3.435125 pred=3.464562 diff=+0.029437 abs_err=0.029437
INFO | EPOCH_079 | TOP 5 WORST masked points (largest abs_err):
INFO | EPOCH_079 | [B=25, T=9, D=9] true=3.972294 pred=1.877491 diff=-2.094803 abs_err=2.094803
INFO | EPOCH_079 | [B=29, T=4, D=10] true=0.463057 pred=2.499511 diff=+2.036455 abs_err=2.036455
INFO | EPOCH_079 | [B=29, T=7, D=10] true=0.487208 pred=2.500474 diff=+2.013265 abs_err=2.013265
INFO | EPOCH_079 | [B=28, T=13, D=10] true=0.457716 pred=2.327337 diff=+1.869622 abs_err=1.869622
INFO | EPOCH_079 | [B=49, T=9, D=10] true=0.435262 pred=2.276870 diff=+1.841609 abs_err=1.841609
INFO | EPOCH_079 | TOP 5 BEST/CORRECT masked points (smallest abs_err):
INFO | EPOCH_079 | [B=14, T=1, D=9] true=4.280560 pred=4.280546 diff=-0.000014 abs_err=0.000014
INFO | EPOCH_079 | [B=3, T=9, D=5] true=0.368840 pred=0.368860 diff=+0.000020 abs_err=0.000020
INFO | EPOCH_079 | [B=9, T=10, D=9] true=4.271111 pred=4.271133 diff=+0.000022 abs_err=0.000022
INFO | EPOCH_079 | [B=45, T=8, D=1] true=1.352812 pred=1.352853 diff=+0.000041 abs_err=0.000041
INFO | EPOCH_079 | [B=43, T=22, D=4] true=1.470194 pred=1.470150 diff=-0.000043 abs_err=0.000043
INFO | EPOCH_089 | RANDOM 15 masked points (true, pred, diff, abs_err):
INFO | EPOCH_089 | [B=0, T=7, D=0] true=2.608631 pred=2.474659 diff=-0.133972 abs_err=0.133972
INFO | EPOCH_089 | [B=26, T=5, D=6] true=4.684985 pred=4.482969 diff=-0.202016 abs_err=0.202016
INFO | EPOCH_089 | [B=46, T=22, D=2] true=0.098429 pred=0.223375 diff=+0.124946 abs_err=0.124946
INFO | EPOCH_089 | [B=42, T=18, D=6] true=1.904721 pred=1.767191 diff=-0.137530 abs_err=0.137530
INFO | EPOCH_089 | [B=56, T=16, D=6] true=1.235873 pred=1.098209 diff=-0.137663 abs_err=0.137663
INFO | EPOCH_089 | [B=31, T=1, D=4] true=1.993754 pred=1.836538 diff=-0.157216 abs_err=0.157216
INFO | EPOCH_089 | [B=13, T=28, D=8] true=0.696705 pred=0.896520 diff=+0.199815 abs_err=0.199815
INFO | EPOCH_089 | [B=5, T=11, D=4] true=1.198261 pred=1.242296 diff=+0.044035 abs_err=0.044035
INFO | EPOCH_089 | [B=57, T=0, D=4] true=2.388660 pred=2.310150 diff=-0.078510 abs_err=0.078510
INFO | EPOCH_089 | [B=0, T=1, D=7] true=1.348188 pred=1.177362 diff=-0.170825 abs_err=0.170825
INFO | EPOCH_089 | [B=21, T=25, D=10] true=2.335463 pred=2.315156 diff=-0.020307 abs_err=0.020307
INFO | EPOCH_089 | [B=41, T=24, D=6] true=3.229584 pred=3.037125 diff=-0.192458 abs_err=0.192458
INFO | EPOCH_089 | [B=3, T=2, D=7] true=1.180873 pred=1.476171 diff=+0.295298 abs_err=0.295298
INFO | EPOCH_089 | [B=59, T=16, D=5] true=0.644229 pred=0.494561 diff=-0.149668 abs_err=0.149668
INFO | EPOCH_089 | [B=20, T=21, D=10] true=2.462653 pred=2.462882 diff=+0.000229 abs_err=0.000229
INFO | EPOCH_089 | TOP 5 WORST masked points (largest abs_err):
INFO | EPOCH_089 | [B=44, T=20, D=6] true=0.108967 pred=2.743713 diff=+2.634745 abs_err=2.634745
INFO | EPOCH_089 | [B=44, T=18, D=6] true=0.127504 pred=2.743536 diff=+2.616032 abs_err=2.616032
INFO | EPOCH_089 | [B=28, T=19, D=11] true=-1.985981 pred=0.582935 diff=+2.568916 abs_err=2.568916
INFO | EPOCH_089 | [B=33, T=10, D=9] true=3.742375 pred=1.335021 diff=-2.407353 abs_err=2.407353
INFO | EPOCH_089 | [B=43, T=7, D=11] true=2.397161 pred=0.004027 diff=-2.393134 abs_err=2.393134
INFO | EPOCH_089 | TOP 5 BEST/CORRECT masked points (smallest abs_err):
INFO | EPOCH_089 | [B=27, T=2, D=11] true=0.814290 pred=0.814285 diff=-0.000005 abs_err=0.000005
INFO | EPOCH_089 | [B=13, T=22, D=5] true=0.234983 pred=0.235025 diff=+0.000041 abs_err=0.000041
INFO | EPOCH_089 | [B=16, T=24, D=0] true=2.755564 pred=2.755492 diff=-0.000072 abs_err=0.000072
INFO | EPOCH_089 | [B=23, T=20, D=1] true=1.078582 pred=1.078483 diff=-0.000099 abs_err=0.000099
INFO | EPOCH_089 | [B=8, T=12, D=4] true=1.191908 pred=1.192009 diff=+0.000101 abs_err=0.000101
INFO | EPOCH_099 | RANDOM 15 masked points (true, pred, diff, abs_err):
INFO | EPOCH_099 | [B=36, T=3, D=7] true=1.614367 pred=1.605383 diff=-0.008984 abs_err=0.008984
INFO | EPOCH_099 | [B=18, T=17, D=1] true=2.394591 pred=2.325027 diff=-0.069564 abs_err=0.069564
INFO | EPOCH_099 | [B=49, T=3, D=6] true=2.765324 pred=2.694953 diff=-0.070370 abs_err=0.070370
INFO | EPOCH_099 | [B=8, T=19, D=1] true=1.557380 pred=1.344127 diff=-0.213253 abs_err=0.213253
INFO | EPOCH_099 | [B=53, T=12, D=8] true=1.029833 pred=0.942514 diff=-0.087319 abs_err=0.087319
INFO | EPOCH_099 | [B=41, T=19, D=7] true=1.395944 pred=1.242334 diff=-0.153610 abs_err=0.153610
INFO | EPOCH_099 | [B=27, T=21, D=6] true=4.009436 pred=3.915782 diff=-0.093654 abs_err=0.093654
INFO | EPOCH_099 | [B=4, T=29, D=2] true=0.269739 pred=0.117519 diff=-0.152220 abs_err=0.152220
INFO | EPOCH_099 | [B=11, T=17, D=5] true=0.486483 pred=0.329858 diff=-0.156625 abs_err=0.156625
INFO | EPOCH_099 | [B=54, T=23, D=5] true=0.148006 pred=0.060910 diff=-0.087095 abs_err=0.087095
INFO | EPOCH_099 | [B=12, T=10, D=5] true=0.424215 pred=0.360969 diff=-0.063246 abs_err=0.063246
INFO | EPOCH_099 | [B=44, T=12, D=4] true=0.999123 pred=1.016717 diff=+0.017594 abs_err=0.017594
INFO | EPOCH_099 | [B=59, T=19, D=0] true=2.592831 pred=2.642731 diff=+0.049900 abs_err=0.049900
INFO | EPOCH_099 | [B=43, T=19, D=7] true=2.132015 pred=2.066340 diff=-0.065675 abs_err=0.065675
INFO | EPOCH_099 | [B=15, T=23, D=2] true=0.182720 pred=0.139045 diff=-0.043675 abs_err=0.043675
INFO | EPOCH_099 | TOP 5 WORST masked points (largest abs_err):
INFO | EPOCH_099 | [B=26, T=8, D=6] true=1.595185 pred=4.203381 diff=+2.608196 abs_err=2.608196
INFO | EPOCH_099 | [B=14, T=11, D=6] true=0.115726 pred=2.689091 diff=+2.573365 abs_err=2.573365
INFO | EPOCH_099 | [B=14, T=5, D=6] true=0.146037 pred=2.681863 diff=+2.535827 abs_err=2.535827
INFO | EPOCH_099 | [B=53, T=1, D=11] true=-1.173275 pred=1.295187 diff=+2.468462 abs_err=2.468462
INFO | EPOCH_099 | [B=53, T=1, D=10] true=3.218401 pred=0.875733 diff=-2.342668 abs_err=2.342668
INFO | EPOCH_099 | TOP 5 BEST/CORRECT masked points (smallest abs_err):
INFO | EPOCH_099 | [B=48, T=28, D=2] true=0.351366 pred=0.351324 diff=-0.000041 abs_err=0.000041
INFO | EPOCH_099 | [B=31, T=18, D=1] true=2.408336 pred=2.408265 diff=-0.000071 abs_err=0.000071
INFO | EPOCH_099 | [B=55, T=21, D=0] true=1.953266 pred=1.953177 diff=-0.000089 abs_err=0.000089
INFO | EPOCH_099 | [B=25, T=4, D=2] true=0.369409 pred=0.369498 diff=+0.000089 abs_err=0.000089
INFO | EPOCH_099 | [B=35, T=12, D=2] true=0.037158 pred=0.037019 diff=-0.000139 abs_err=0.000139
INFO | EPOCH_109 | RANDOM 15 masked points (true, pred, diff, abs_err):
INFO | EPOCH_109 | [B=3, T=5, D=9] true=1.434901 pred=1.777045 diff=+0.342144 abs_err=0.342144
INFO | EPOCH_109 | [B=25, T=26, D=1] true=1.781896 pred=1.504668 diff=-0.277228 abs_err=0.277228
INFO | EPOCH_109 | [B=34, T=9, D=5] true=-0.059913 pred=0.084094 diff=+0.144008 abs_err=0.144008
INFO | EPOCH_109 | [B=63, T=1, D=3] true=2.359633 pred=2.145511 diff=-0.214121 abs_err=0.214121
INFO | EPOCH_109 | [B=49, T=11, D=0] true=3.403345 pred=3.373445 diff=-0.029901 abs_err=0.029901
INFO | EPOCH_109 | [B=8, T=6, D=6] true=0.946654 pred=1.063231 diff=+0.116576 abs_err=0.116576
INFO | EPOCH_109 | [B=55, T=21, D=2] true=0.051068 pred=0.069985 diff=+0.018916 abs_err=0.018916
INFO | EPOCH_109 | [B=21, T=10, D=2] true=0.123395 pred=0.179179 diff=+0.055785 abs_err=0.055785
INFO | EPOCH_109 | [B=22, T=31, D=4] true=1.156488 pred=1.531845 diff=+0.375357 abs_err=0.375357
INFO | EPOCH_109 | [B=30, T=12, D=5] true=0.081215 pred=0.037124 diff=-0.044092 abs_err=0.044092
INFO | EPOCH_109 | [B=51, T=2, D=3] true=3.372511 pred=3.476860 diff=+0.104349 abs_err=0.104349
INFO | EPOCH_109 | [B=4, T=5, D=5] true=0.280198 pred=0.290770 diff=+0.010572 abs_err=0.010572
INFO | EPOCH_109 | [B=7, T=21, D=2] true=0.304012 pred=0.118213 diff=-0.185799 abs_err=0.185799
INFO | EPOCH_109 | [B=55, T=9, D=1] true=2.169151 pred=1.990655 diff=-0.178496 abs_err=0.178496
INFO | EPOCH_109 | [B=21, T=20, D=5] true=0.474963 pred=0.344080 diff=-0.130883 abs_err=0.130883
INFO | EPOCH_109 | TOP 5 WORST masked points (largest abs_err):
INFO | EPOCH_109 | [B=47, T=24, D=6] true=1.678643 pred=4.738249 diff=+3.059607 abs_err=3.059607
INFO | EPOCH_109 | [B=47, T=28, D=9] true=1.413674 pred=4.294252 diff=+2.880579 abs_err=2.880579
INFO | EPOCH_109 | [B=7, T=7, D=0] true=3.767489 pred=1.496677 diff=-2.270813 abs_err=2.270813
INFO | EPOCH_109 | [B=45, T=4, D=0] true=0.990548 pred=3.158794 diff=+2.168246 abs_err=2.168246
INFO | EPOCH_109 | [B=6, T=22, D=9] true=3.751000 pred=1.762544 diff=-1.988456 abs_err=1.988456
INFO | EPOCH_109 | TOP 5 BEST/CORRECT masked points (smallest abs_err):
INFO | EPOCH_109 | [B=19, T=0, D=2] true=0.379401 pred=0.379397 diff=-0.000004 abs_err=0.000004
INFO | EPOCH_109 | [B=60, T=22, D=5] true=0.593215 pred=0.593230 diff=+0.000014 abs_err=0.000014
INFO | EPOCH_109 | [B=41, T=19, D=3] true=2.932808 pred=2.932846 diff=+0.000038 abs_err=0.000038
INFO | EPOCH_109 | [B=40, T=15, D=0] true=3.076984 pred=3.076944 diff=-0.000041 abs_err=0.000041
INFO | EPOCH_109 | [B=46, T=26, D=10] true=1.175492 pred=1.175444 diff=-0.000048 abs_err=0.000048
INFO | EPOCH_119 | RANDOM 15 masked points (true, pred, diff, abs_err):
INFO | EPOCH_119 | [B=6, T=4, D=4] true=1.692780 pred=1.734317 diff=+0.041537 abs_err=0.041537
INFO | EPOCH_119 | [B=57, T=6, D=1] true=1.640192 pred=1.217988 diff=-0.422204 abs_err=0.422204
INFO | EPOCH_119 | [B=55, T=23, D=2] true=0.201953 pred=0.330099 diff=+0.128146 abs_err=0.128146
INFO | EPOCH_119 | [B=14, T=8, D=6] true=3.682958 pred=3.532168 diff=-0.150789 abs_err=0.150789
INFO | EPOCH_119 | [B=51, T=7, D=7] true=1.230797 pred=1.148180 diff=-0.082617 abs_err=0.082617
INFO | EPOCH_119 | [B=58, T=8, D=9] true=4.011429 pred=3.396948 diff=-0.614480 abs_err=0.614480
INFO | EPOCH_119 | [B=3, T=16, D=0] true=3.145891 pred=3.214667 diff=+0.068776 abs_err=0.068776
INFO | EPOCH_119 | [B=8, T=24, D=3] true=2.922771 pred=3.187451 diff=+0.264679 abs_err=0.264679
INFO | EPOCH_119 | [B=50, T=11, D=9] true=4.473432 pred=4.357531 diff=-0.115901 abs_err=0.115901
INFO | EPOCH_119 | [B=58, T=7, D=7] true=1.536483 pred=1.389810 diff=-0.146672 abs_err=0.146672
INFO | EPOCH_119 | [B=15, T=10, D=11] true=0.588019 pred=0.551875 diff=-0.036144 abs_err=0.036144
INFO | EPOCH_119 | [B=24, T=12, D=9] true=3.252517 pred=3.194923 diff=-0.057595 abs_err=0.057595
INFO | EPOCH_119 | [B=21, T=29, D=3] true=3.156639 pred=3.125501 diff=-0.031138 abs_err=0.031138
INFO | EPOCH_119 | [B=44, T=4, D=3] true=3.343612 pred=3.305494 diff=-0.038119 abs_err=0.038119
INFO | EPOCH_119 | [B=39, T=12, D=4] true=1.461227 pred=1.396327 diff=-0.064900 abs_err=0.064900
INFO | EPOCH_119 | TOP 5 WORST masked points (largest abs_err):
INFO | EPOCH_119 | [B=17, T=6, D=6] true=0.042953 pred=3.460810 diff=+3.417857 abs_err=3.417857
INFO | EPOCH_119 | [B=17, T=2, D=6] true=0.050544 pred=3.463253 diff=+3.412709 abs_err=3.412709
INFO | EPOCH_119 | [B=37, T=28, D=6] true=5.711285 pred=3.176551 diff=-2.534734 abs_err=2.534734
INFO | EPOCH_119 | [B=31, T=11, D=3] true=1.384696 pred=3.596284 diff=+2.211588 abs_err=2.211588
INFO | EPOCH_119 | [B=55, T=27, D=9] true=1.255944 pred=3.431378 diff=+2.175434 abs_err=2.175434
INFO | EPOCH_119 | TOP 5 BEST/CORRECT masked points (smallest abs_err):
INFO | EPOCH_119 | [B=47, T=3, D=8] true=0.315207 pred=0.315182 diff=-0.000025 abs_err=0.000025
INFO | EPOCH_119 | [B=31, T=3, D=7] true=2.509938 pred=2.509967 diff=+0.000029 abs_err=0.000029
INFO | EPOCH_119 | [B=49, T=22, D=4] true=1.418092 pred=1.418131 diff=+0.000039 abs_err=0.000039
INFO | EPOCH_119 | [B=6, T=28, D=9] true=2.062062 pred=2.062108 diff=+0.000047 abs_err=0.000047
INFO | EPOCH_119 | [B=43, T=8, D=3] true=2.784309 pred=2.784363 diff=+0.000054 abs_err=0.000054
INFO | EPOCH_129 | RANDOM 15 masked points (true, pred, diff, abs_err):
INFO | EPOCH_129 | [B=54, T=27, D=2] true=0.559847 pred=0.404176 diff=-0.155671 abs_err=0.155671
INFO | EPOCH_129 | [B=32, T=14, D=10] true=2.767452 pred=2.530866 diff=-0.236586 abs_err=0.236586
INFO | EPOCH_129 | [B=26, T=30, D=9] true=3.649124 pred=3.502057 diff=-0.147067 abs_err=0.147067
INFO | EPOCH_129 | [B=14, T=30, D=0] true=4.054718 pred=4.193119 diff=+0.138401 abs_err=0.138401
INFO | EPOCH_129 | [B=21, T=24, D=2] true=0.219540 pred=0.276681 diff=+0.057141 abs_err=0.057141
INFO | EPOCH_129 | [B=46, T=31, D=7] true=3.449074 pred=2.012134 diff=-1.436940 abs_err=1.436940
INFO | EPOCH_129 | [B=5, T=20, D=2] true=0.244140 pred=0.408773 diff=+0.164633 abs_err=0.164633
INFO | EPOCH_129 | [B=23, T=2, D=7] true=1.616538 pred=1.574307 diff=-0.042230 abs_err=0.042230
INFO | EPOCH_129 | [B=28, T=28, D=1] true=1.276293 pred=1.381351 diff=+0.105059 abs_err=0.105059
INFO | EPOCH_129 | [B=60, T=25, D=6] true=1.669475 pred=1.424204 diff=-0.245271 abs_err=0.245271
INFO | EPOCH_129 | [B=59, T=13, D=6] true=0.980723 pred=1.433094 diff=+0.452371 abs_err=0.452371
INFO | EPOCH_129 | [B=38, T=21, D=7] true=2.334332 pred=2.415884 diff=+0.081551 abs_err=0.081551
INFO | EPOCH_129 | [B=49, T=1, D=0] true=2.757179 pred=2.526361 diff=-0.230817 abs_err=0.230817
INFO | EPOCH_129 | [B=40, T=30, D=6] true=1.260716 pred=1.287228 diff=+0.026512 abs_err=0.026512
INFO | EPOCH_129 | [B=36, T=10, D=11] true=0.209527 pred=0.247269 diff=+0.037743 abs_err=0.037743
INFO | EPOCH_129 | TOP 5 WORST masked points (largest abs_err):
INFO | EPOCH_129 | [B=46, T=10, D=6] true=0.025506 pred=3.180391 diff=+3.154885 abs_err=3.154885
INFO | EPOCH_129 | [B=46, T=13, D=6] true=0.022954 pred=3.176259 diff=+3.153305 abs_err=3.153305
INFO | EPOCH_129 | [B=26, T=5, D=9] true=0.757862 pred=3.514049 diff=+2.756187 abs_err=2.756187
INFO | EPOCH_129 | [B=49, T=14, D=11] true=2.130419 pred=-0.141454 diff=-2.271873 abs_err=2.271873
INFO | EPOCH_129 | [B=49, T=13, D=2] true=2.202316 pred=-0.024423 diff=-2.226738 abs_err=2.226738
INFO | EPOCH_129 | TOP 5 BEST/CORRECT masked points (smallest abs_err):
INFO | EPOCH_129 | [B=54, T=13, D=7] true=1.248832 pred=1.248828 diff=-0.000004 abs_err=0.000004
INFO | EPOCH_129 | [B=4, T=1, D=8] true=0.976592 pred=0.976583 diff=-0.000009 abs_err=0.000009
INFO | EPOCH_129 | [B=62, T=30, D=7] true=1.236614 pred=1.236627 diff=+0.000012 abs_err=0.000012
INFO | EPOCH_129 | [B=63, T=17, D=10] true=1.353545 pred=1.353521 diff=-0.000025 abs_err=0.000025
INFO | EPOCH_129 | [B=20, T=26, D=7] true=1.534989 pred=1.535014 diff=+0.000026 abs_err=0.000026
INFO | EPOCH_139 | RANDOM 15 masked points (true, pred, diff, abs_err):
INFO | EPOCH_139 | [B=25, T=5, D=2] true=-0.100883 pred=0.053664 diff=+0.154546 abs_err=0.154546
INFO | EPOCH_139 | [B=35, T=9, D=2] true=0.283166 pred=0.323332 diff=+0.040167 abs_err=0.040167
INFO | EPOCH_139 | [B=30, T=21, D=8] true=0.974412 pred=1.008967 diff=+0.034555 abs_err=0.034555
INFO | EPOCH_139 | [B=0, T=25, D=10] true=1.278620 pred=1.232886 diff=-0.045734 abs_err=0.045734
INFO | EPOCH_139 | [B=47, T=19, D=5] true=0.368348 pred=0.289446 diff=-0.078902 abs_err=0.078902
INFO | EPOCH_139 | [B=35, T=19, D=10] true=2.406503 pred=2.309270 diff=-0.097234 abs_err=0.097234
INFO | EPOCH_139 | [B=27, T=20, D=10] true=1.964768 pred=1.837880 diff=-0.126889 abs_err=0.126889
INFO | EPOCH_139 | [B=62, T=14, D=5] true=0.352365 pred=0.299705 diff=-0.052660 abs_err=0.052660
INFO | EPOCH_139 | [B=63, T=4, D=2] true=0.276973 pred=0.389476 diff=+0.112503 abs_err=0.112503
INFO | EPOCH_139 | [B=21, T=15, D=0] true=3.292096 pred=3.260724 diff=-0.031372 abs_err=0.031372
INFO | EPOCH_139 | [B=13, T=26, D=9] true=3.325027 pred=3.084848 diff=-0.240180 abs_err=0.240180
INFO | EPOCH_139 | [B=34, T=16, D=3] true=3.504745 pred=3.515490 diff=+0.010744 abs_err=0.010744
INFO | EPOCH_139 | [B=34, T=9, D=3] true=2.556774 pred=2.348363 diff=-0.208411 abs_err=0.208411
INFO | EPOCH_139 | [B=47, T=3, D=0] true=3.458228 pred=3.225901 diff=-0.232326 abs_err=0.232326
INFO | EPOCH_139 | [B=56, T=1, D=1] true=1.414584 pred=1.463482 diff=+0.048899 abs_err=0.048899
INFO | EPOCH_139 | TOP 5 WORST masked points (largest abs_err):
INFO | EPOCH_139 | [B=63, T=23, D=3] true=1.364607 pred=3.496481 diff=+2.131874 abs_err=2.131874
INFO | EPOCH_139 | [B=36, T=17, D=9] true=3.693735 pred=1.595945 diff=-2.097790 abs_err=2.097790
INFO | EPOCH_139 | [B=51, T=26, D=0] true=3.701226 pred=1.622089 diff=-2.079138 abs_err=2.079138
INFO | EPOCH_139 | [B=36, T=28, D=9] true=3.660822 pred=1.613962 diff=-2.046860 abs_err=2.046860
INFO | EPOCH_139 | [B=36, T=21, D=9] true=3.633745 pred=1.602429 diff=-2.031315 abs_err=2.031315
INFO | EPOCH_139 | TOP 5 BEST/CORRECT masked points (smallest abs_err):
INFO | EPOCH_139 | [B=43, T=27, D=10] true=1.952721 pred=1.952721 diff=+0.000000 abs_err=0.000000
INFO | EPOCH_139 | [B=61, T=13, D=10] true=1.859979 pred=1.859994 diff=+0.000015 abs_err=0.000015
INFO | EPOCH_139 | [B=51, T=8, D=11] true=0.289902 pred=0.289878 diff=-0.000024 abs_err=0.000024
INFO | EPOCH_139 | [B=25, T=4, D=10] true=2.356150 pred=2.356117 diff=-0.000033 abs_err=0.000033
INFO | EPOCH_139 | [B=49, T=14, D=1] true=1.764272 pred=1.764318 diff=+0.000046 abs_err=0.000046
INFO | EPOCH_149 | RANDOM 15 masked points (true, pred, diff, abs_err):
INFO | EPOCH_149 | [B=0, T=13, D=0] true=3.473228 pred=3.481139 diff=+0.007911 abs_err=0.007911
INFO | EPOCH_149 | [B=11, T=29, D=10] true=1.280824 pred=1.195948 diff=-0.084876 abs_err=0.084876
INFO | EPOCH_149 | [B=9, T=0, D=6] true=3.528522 pred=3.551433 diff=+0.022912 abs_err=0.022912
INFO | EPOCH_149 | [B=56, T=4, D=5] true=0.636966 pred=0.471208 diff=-0.165759 abs_err=0.165759
INFO | EPOCH_149 | [B=61, T=19, D=10] true=1.406731 pred=1.442648 diff=+0.035917 abs_err=0.035917
INFO | EPOCH_149 | [B=62, T=14, D=0] true=3.241684 pred=3.262735 diff=+0.021051 abs_err=0.021051
INFO | EPOCH_149 | [B=1, T=27, D=6] true=2.713804 pred=2.732586 diff=+0.018781 abs_err=0.018781
INFO | EPOCH_149 | [B=56, T=7, D=5] true=0.404021 pred=0.472023 diff=+0.068003 abs_err=0.068003
INFO | EPOCH_149 | [B=0, T=16, D=11] true=0.685873 pred=0.732897 diff=+0.047024 abs_err=0.047024
INFO | EPOCH_149 | [B=0, T=11, D=3] true=3.046288 pred=3.094017 diff=+0.047729 abs_err=0.047729
INFO | EPOCH_149 | [B=15, T=7, D=11] true=0.420941 pred=0.432617 diff=+0.011676 abs_err=0.011676
INFO | EPOCH_149 | [B=0, T=1, D=0] true=3.308061 pred=3.261690 diff=-0.046371 abs_err=0.046371
INFO | EPOCH_149 | [B=63, T=16, D=3] true=3.133891 pred=3.078952 diff=-0.054939 abs_err=0.054939
INFO | EPOCH_149 | [B=62, T=17, D=2] true=0.463578 pred=0.475618 diff=+0.012040 abs_err=0.012040
INFO | EPOCH_149 | [B=49, T=12, D=10] true=2.430308 pred=2.307201 diff=-0.123108 abs_err=0.123108
INFO | EPOCH_149 | TOP 5 WORST masked points (largest abs_err):
INFO | EPOCH_149 | [B=35, T=20, D=3] true=0.534949 pred=3.144092 diff=+2.609143 abs_err=2.609143
INFO | EPOCH_149 | [B=46, T=14, D=2] true=2.224028 pred=0.024470 diff=-2.199557 abs_err=2.199557
INFO | EPOCH_149 | [B=37, T=25, D=0] true=0.800751 pred=2.931792 diff=+2.131041 abs_err=2.131041
INFO | EPOCH_149 | [B=37, T=10, D=7] true=0.099188 pred=2.101253 diff=+2.002065 abs_err=2.002065
INFO | EPOCH_149 | [B=39, T=21, D=9] true=3.685150 pred=1.688843 diff=-1.996306 abs_err=1.996306
INFO | EPOCH_149 | TOP 5 BEST/CORRECT masked points (smallest abs_err):
INFO | EPOCH_149 | [B=33, T=24, D=5] true=0.133503 pred=0.133512 diff=+0.000008 abs_err=0.000008
INFO | EPOCH_149 | [B=25, T=9, D=2] true=0.557479 pred=0.557491 diff=+0.000011 abs_err=0.000011
INFO | EPOCH_149 | [B=18, T=12, D=3] true=3.370539 pred=3.370501 diff=-0.000038 abs_err=0.000038
INFO | EPOCH_149 | [B=49, T=18, D=2] true=0.330599 pred=0.330554 diff=-0.000044 abs_err=0.000044
INFO | EPOCH_149 | [B=15, T=11, D=2] true=0.534429 pred=0.534477 diff=+0.000048 abs_err=0.000048
INFO | EPOCH_159 | RANDOM 15 masked points (true, pred, diff, abs_err):
INFO | EPOCH_159 | [B=22, T=11, D=1] true=1.938681 pred=1.941725 diff=+0.003044 abs_err=0.003044
INFO | EPOCH_159 | [B=10, T=13, D=2] true=0.029551 pred=0.283470 diff=+0.253920 abs_err=0.253920
INFO | EPOCH_159 | [B=43, T=30, D=4] true=1.240677 pred=1.629282 diff=+0.388605 abs_err=0.388605
INFO | EPOCH_159 | [B=63, T=26, D=3] true=3.701192 pred=3.607169 diff=-0.094023 abs_err=0.094023
INFO | EPOCH_159 | [B=15, T=6, D=4] true=2.057087 pred=1.977490 diff=-0.079597 abs_err=0.079597
INFO | EPOCH_159 | [B=54, T=6, D=6] true=0.726061 pred=0.631426 diff=-0.094634 abs_err=0.094634
INFO | EPOCH_159 | [B=55, T=7, D=1] true=1.548996 pred=1.605246 diff=+0.056250 abs_err=0.056250
INFO | EPOCH_159 | [B=55, T=22, D=8] true=0.974566 pred=0.914415 diff=-0.060151 abs_err=0.060151
INFO | EPOCH_159 | [B=56, T=12, D=2] true=0.316279 pred=0.217502 diff=-0.098777 abs_err=0.098777
INFO | EPOCH_159 | [B=25, T=10, D=0] true=2.186654 pred=2.358741 diff=+0.172087 abs_err=0.172087
INFO | EPOCH_159 | [B=9, T=22, D=3] true=3.620939 pred=3.633231 diff=+0.012292 abs_err=0.012292
INFO | EPOCH_159 | [B=14, T=27, D=2] true=-0.160485 pred=-0.196697 diff=-0.036212 abs_err=0.036212
INFO | EPOCH_159 | [B=32, T=23, D=10] true=2.298269 pred=2.157831 diff=-0.140438 abs_err=0.140438
INFO | EPOCH_159 | [B=42, T=6, D=1] true=1.603548 pred=1.630575 diff=+0.027027 abs_err=0.027027
INFO | EPOCH_159 | [B=38, T=11, D=11] true=0.745617 pred=0.820579 diff=+0.074962 abs_err=0.074962
INFO | EPOCH_159 | TOP 5 WORST masked points (largest abs_err):
INFO | EPOCH_159 | [B=7, T=3, D=0] true=5.087778 pred=2.340739 diff=-2.747039 abs_err=2.747039
INFO | EPOCH_159 | [B=39, T=23, D=3] true=1.330343 pred=3.807153 diff=+2.476810 abs_err=2.476810
INFO | EPOCH_159 | [B=7, T=3, D=2] true=2.372046 pred=0.076071 diff=-2.295974 abs_err=2.295974
INFO | EPOCH_159 | [B=25, T=9, D=9] true=3.972294 pred=1.717960 diff=-2.254335 abs_err=2.254335
INFO | EPOCH_159 | [B=58, T=19, D=6] true=3.603509 pred=1.379343 diff=-2.224166 abs_err=2.224166
INFO | EPOCH_159 | TOP 5 BEST/CORRECT masked points (smallest abs_err):
INFO | EPOCH_159 | [B=42, T=11, D=0] true=2.742502 pred=2.742497 diff=-0.000005 abs_err=0.000005
INFO | EPOCH_159 | [B=12, T=3, D=11] true=0.910887 pred=0.910806 diff=-0.000081 abs_err=0.000081
INFO | EPOCH_159 | [B=0, T=25, D=2] true=0.147153 pred=0.147049 diff=-0.000104 abs_err=0.000104
INFO | EPOCH_159 | [B=1, T=3, D=0] true=3.384295 pred=3.384403 diff=+0.000108 abs_err=0.000108
INFO | EPOCH_159 | [B=43, T=16, D=2] true=0.233244 pred=0.233127 diff=-0.000116 abs_err=0.000116
INFO | EPOCH_169 | RANDOM 15 masked points (true, pred, diff, abs_err):
INFO | EPOCH_169 | [B=3, T=15, D=5] true=0.459777 pred=0.431124 diff=-0.028653 abs_err=0.028653
INFO | EPOCH_169 | [B=8, T=31, D=3] true=2.698590 pred=2.679789 diff=-0.018801 abs_err=0.018801
INFO | EPOCH_169 | [B=57, T=22, D=3] true=3.864186 pred=3.822784 diff=-0.041402 abs_err=0.041402
INFO | EPOCH_169 | [B=38, T=20, D=8] true=-0.123419 pred=0.280418 diff=+0.403836 abs_err=0.403836
INFO | EPOCH_169 | [B=48, T=15, D=6] true=3.568448 pred=3.215846 diff=-0.352602 abs_err=0.352602
INFO | EPOCH_169 | [B=2, T=13, D=3] true=2.591623 pred=2.847902 diff=+0.256279 abs_err=0.256279
INFO | EPOCH_169 | [B=57, T=20, D=11] true=0.725807 pred=0.678543 diff=-0.047265 abs_err=0.047265
INFO | EPOCH_169 | [B=43, T=26, D=1] true=1.334196 pred=1.347234 diff=+0.013038 abs_err=0.013038
INFO | EPOCH_169 | [B=0, T=2, D=8] true=1.137961 pred=1.422298 diff=+0.284338 abs_err=0.284338
INFO | EPOCH_169 | [B=17, T=25, D=8] true=1.398414 pred=1.438289 diff=+0.039875 abs_err=0.039875
INFO | EPOCH_169 | [B=6, T=16, D=7] true=1.617187 pred=1.750581 diff=+0.133394 abs_err=0.133394
INFO | EPOCH_169 | [B=45, T=25, D=10] true=1.671865 pred=1.505196 diff=-0.166669 abs_err=0.166669
INFO | EPOCH_169 | [B=26, T=0, D=9] true=3.324821 pred=3.539428 diff=+0.214607 abs_err=0.214607
INFO | EPOCH_169 | [B=10, T=17, D=11] true=0.302368 pred=0.360387 diff=+0.058018 abs_err=0.058018
INFO | EPOCH_169 | [B=23, T=0, D=7] true=2.290267 pred=2.200853 diff=-0.089414 abs_err=0.089414
INFO | EPOCH_169 | TOP 5 WORST masked points (largest abs_err):
INFO | EPOCH_169 | [B=28, T=19, D=11] true=-1.985981 pred=0.570473 diff=+2.556454 abs_err=2.556454
INFO | EPOCH_169 | [B=43, T=7, D=11] true=2.397161 pred=-0.072902 diff=-2.470063 abs_err=2.470063
INFO | EPOCH_169 | [B=44, T=6, D=0] true=3.616072 pred=1.272847 diff=-2.343225 abs_err=2.343225
INFO | EPOCH_169 | [B=33, T=10, D=9] true=3.742375 pred=1.439765 diff=-2.302610 abs_err=2.302610
INFO | EPOCH_169 | [B=28, T=19, D=10] true=3.777889 pred=1.497063 diff=-2.280826 abs_err=2.280826
INFO | EPOCH_169 | TOP 5 BEST/CORRECT masked points (smallest abs_err):
INFO | EPOCH_169 | [B=57, T=14, D=11] true=0.679192 pred=0.679197 diff=+0.000005 abs_err=0.000005
INFO | EPOCH_169 | [B=41, T=30, D=6] true=2.847749 pred=2.847723 diff=-0.000026 abs_err=0.000026
INFO | EPOCH_169 | [B=31, T=26, D=3] true=3.303370 pred=3.303333 diff=-0.000037 abs_err=0.000037
INFO | EPOCH_169 | [B=40, T=21, D=4] true=1.421389 pred=1.421440 diff=+0.000050 abs_err=0.000050
INFO | EPOCH_169 | [B=36, T=25, D=11] true=0.070784 pred=0.070844 diff=+0.000060 abs_err=0.000060
INFO | EPOCH_179 | RANDOM 15 masked points (true, pred, diff, abs_err):
INFO | EPOCH_179 | [B=23, T=6, D=3] true=3.226311 pred=3.398485 diff=+0.172174 abs_err=0.172174
INFO | EPOCH_179 | [B=32, T=26, D=8] true=0.440936 pred=0.418195 diff=-0.022740 abs_err=0.022740
INFO | EPOCH_179 | [B=60, T=15, D=10] true=2.347691 pred=2.428866 diff=+0.081175 abs_err=0.081175
INFO | EPOCH_179 | [B=34, T=23, D=0] true=2.028314 pred=2.068630 diff=+0.040316 abs_err=0.040316
INFO | EPOCH_179 | [B=26, T=22, D=4] true=1.794016 pred=1.874774 diff=+0.080758 abs_err=0.080758
INFO | EPOCH_179 | [B=33, T=13, D=4] true=1.935977 pred=1.907987 diff=-0.027989 abs_err=0.027989
INFO | EPOCH_179 | [B=24, T=11, D=1] true=1.404839 pred=1.381270 diff=-0.023570 abs_err=0.023570
INFO | EPOCH_179 | [B=61, T=21, D=7] true=1.410555 pred=1.415050 diff=+0.004495 abs_err=0.004495
INFO | EPOCH_179 | [B=0, T=4, D=6] true=2.071340 pred=2.590630 diff=+0.519290 abs_err=0.519290
INFO | EPOCH_179 | [B=59, T=13, D=10] true=2.387854 pred=2.446018 diff=+0.058164 abs_err=0.058164
INFO | EPOCH_179 | [B=41, T=30, D=7] true=1.399353 pred=1.341598 diff=-0.057755 abs_err=0.057755
INFO | EPOCH_179 | [B=43, T=25, D=7] true=1.252211 pred=1.313412 diff=+0.061201 abs_err=0.061201
INFO | EPOCH_179 | [B=1, T=18, D=8] true=0.552953 pred=0.604041 diff=+0.051088 abs_err=0.051088
INFO | EPOCH_179 | [B=22, T=2, D=7] true=1.376579 pred=1.282829 diff=-0.093750 abs_err=0.093750
INFO | EPOCH_179 | [B=57, T=9, D=2] true=0.418385 pred=0.475248 diff=+0.056863 abs_err=0.056863
INFO | EPOCH_179 | TOP 5 WORST masked points (largest abs_err):
INFO | EPOCH_179 | [B=26, T=8, D=6] true=1.595185 pred=4.421723 diff=+2.826538 abs_err=2.826538
INFO | EPOCH_179 | [B=39, T=11, D=6] true=1.873883 pred=4.259581 diff=+2.385698 abs_err=2.385698
INFO | EPOCH_179 | [B=14, T=23, D=6] true=3.583014 pred=1.228665 diff=-2.354348 abs_err=2.354348
INFO | EPOCH_179 | [B=16, T=0, D=6] true=3.570038 pred=1.265065 diff=-2.304974 abs_err=2.304974
INFO | EPOCH_179 | [B=12, T=20, D=11] true=2.590584 pred=0.348950 diff=-2.241634 abs_err=2.241634
INFO | EPOCH_179 | TOP 5 BEST/CORRECT masked points (smallest abs_err):
INFO | EPOCH_179 | [B=45, T=17, D=9] true=1.895820 pred=1.895835 diff=+0.000015 abs_err=0.000015
INFO | EPOCH_179 | [B=51, T=4, D=7] true=2.454045 pred=2.454004 diff=-0.000041 abs_err=0.000041
INFO | EPOCH_179 | [B=18, T=12, D=5] true=0.452130 pred=0.452173 diff=+0.000043 abs_err=0.000043
INFO | EPOCH_179 | [B=63, T=25, D=4] true=1.033439 pred=1.033489 diff=+0.000050 abs_err=0.000050
INFO | EPOCH_179 | [B=50, T=5, D=8] true=1.049951 pred=1.050003 diff=+0.000051 abs_err=0.000051
INFO | EPOCH_189 | RANDOM 15 masked points (true, pred, diff, abs_err):
INFO | EPOCH_189 | [B=30, T=6, D=8] true=0.268190 pred=0.255309 diff=-0.012881 abs_err=0.012881
INFO | EPOCH_189 | [B=31, T=30, D=8] true=1.066578 pred=1.493550 diff=+0.426973 abs_err=0.426973
INFO | EPOCH_189 | [B=31, T=23, D=9] true=1.366066 pred=1.588796 diff=+0.222729 abs_err=0.222729
INFO | EPOCH_189 | [B=50, T=1, D=9] true=5.260503 pred=4.422294 diff=-0.838210 abs_err=0.838210
INFO | EPOCH_189 | [B=5, T=0, D=10] true=1.569603 pred=1.562113 diff=-0.007491 abs_err=0.007491
INFO | EPOCH_189 | [B=14, T=0, D=4] true=1.583008 pred=1.798374 diff=+0.215366 abs_err=0.215366
INFO | EPOCH_189 | [B=17, T=0, D=10] true=2.192518 pred=2.194871 diff=+0.002353 abs_err=0.002353
INFO | EPOCH_189 | [B=55, T=13, D=10] true=1.354913 pred=2.007254 diff=+0.652341 abs_err=0.652341
INFO | EPOCH_189 | [B=6, T=24, D=3] true=3.992805 pred=4.022280 diff=+0.029475 abs_err=0.029475
INFO | EPOCH_189 | [B=45, T=17, D=7] true=1.379621 pred=1.425331 diff=+0.045710 abs_err=0.045710
INFO | EPOCH_189 | [B=15, T=12, D=3] true=2.216514 pred=2.456513 diff=+0.239999 abs_err=0.239999
INFO | EPOCH_189 | [B=38, T=23, D=3] true=2.540933 pred=2.604269 diff=+0.063336 abs_err=0.063336
INFO | EPOCH_189 | [B=50, T=5, D=9] true=4.013190 pred=3.991990 diff=-0.021200 abs_err=0.021200
INFO | EPOCH_189 | [B=5, T=9, D=1] true=1.486168 pred=1.428171 diff=-0.057997 abs_err=0.057997
INFO | EPOCH_189 | [B=27, T=25, D=11] true=0.367965 pred=0.639017 diff=+0.271052 abs_err=0.271052
INFO | EPOCH_189 | TOP 5 WORST masked points (largest abs_err):
INFO | EPOCH_189 | [B=47, T=24, D=6] true=1.678643 pred=4.645566 diff=+2.966924 abs_err=2.966924
INFO | EPOCH_189 | [B=47, T=28, D=9] true=1.413674 pred=4.278183 diff=+2.864510 abs_err=2.864510
INFO | EPOCH_189 | [B=14, T=11, D=6] true=0.115726 pred=2.812827 diff=+2.697101 abs_err=2.697101
INFO | EPOCH_189 | [B=14, T=5, D=6] true=0.146037 pred=2.813389 diff=+2.667353 abs_err=2.667353
INFO | EPOCH_189 | [B=53, T=1, D=11] true=-1.173275 pred=1.346446 diff=+2.519721 abs_err=2.519721
INFO | EPOCH_189 | TOP 5 BEST/CORRECT masked points (smallest abs_err):
INFO | EPOCH_189 | [B=56, T=5, D=2] true=0.349890 pred=0.349848 diff=-0.000042 abs_err=0.000042
INFO | EPOCH_189 | [B=38, T=16, D=0] true=2.528429 pred=2.528497 diff=+0.000068 abs_err=0.000068
INFO | EPOCH_189 | [B=30, T=21, D=1] true=2.503365 pred=2.503290 diff=-0.000074 abs_err=0.000074
INFO | EPOCH_189 | [B=0, T=30, D=6] true=3.426340 pred=3.426226 diff=-0.000114 abs_err=0.000114
INFO | EPOCH_189 | [B=42, T=23, D=3] true=3.291479 pred=3.291354 diff=-0.000124 abs_err=0.000124
INFO | EPOCH_199 | RANDOM 15 masked points (true, pred, diff, abs_err):
INFO | EPOCH_199 | [B=20, T=7, D=2] true=-0.209694 pred=-0.047285 diff=+0.162409 abs_err=0.162409
INFO | EPOCH_199 | [B=35, T=6, D=0] true=2.749307 pred=2.828113 diff=+0.078807 abs_err=0.078807
INFO | EPOCH_199 | [B=4, T=30, D=8] true=0.973928 pred=0.949672 diff=-0.024256 abs_err=0.024256
INFO | EPOCH_199 | [B=47, T=22, D=2] true=0.024804 pred=0.016080 diff=-0.008724 abs_err=0.008724
INFO | EPOCH_199 | [B=0, T=22, D=5] true=0.531992 pred=0.347235 diff=-0.184757 abs_err=0.184757
INFO | EPOCH_199 | [B=25, T=1, D=9] true=3.213217 pred=3.183296 diff=-0.029921 abs_err=0.029921
INFO | EPOCH_199 | [B=39, T=4, D=9] true=1.584785 pred=1.580264 diff=-0.004521 abs_err=0.004521
INFO | EPOCH_199 | [B=8, T=0, D=11] true=1.300420 pred=0.443895 diff=-0.856525 abs_err=0.856525
INFO | EPOCH_199 | [B=17, T=25, D=10] true=1.385059 pred=1.316469 diff=-0.068589 abs_err=0.068589
INFO | EPOCH_199 | [B=46, T=22, D=1] true=2.115978 pred=2.126049 diff=+0.010072 abs_err=0.010072
INFO | EPOCH_199 | [B=41, T=29, D=9] true=1.563040 pred=1.679389 diff=+0.116349 abs_err=0.116349
INFO | EPOCH_199 | [B=5, T=14, D=0] true=3.164791 pred=3.106109 diff=-0.058681 abs_err=0.058681
INFO | EPOCH_199 | [B=28, T=5, D=3] true=2.896347 pred=2.915893 diff=+0.019546 abs_err=0.019546
INFO | EPOCH_199 | [B=23, T=24, D=2] true=0.242488 pred=0.267331 diff=+0.024842 abs_err=0.024842
INFO | EPOCH_199 | [B=47, T=5, D=4] true=1.093755 pred=1.212698 diff=+0.118943 abs_err=0.118943
INFO | EPOCH_199 | TOP 5 WORST masked points (largest abs_err):
INFO | EPOCH_199 | [B=55, T=27, D=9] true=1.255944 pred=3.596516 diff=+2.340572 abs_err=2.340572
INFO | EPOCH_199 | [B=45, T=4, D=0] true=0.990548 pred=3.128091 diff=+2.137543 abs_err=2.137543
INFO | EPOCH_199 | [B=15, T=17, D=9] true=3.643659 pred=1.618022 diff=-2.025637 abs_err=2.025637
INFO | EPOCH_199 | [B=33, T=14, D=9] true=3.548971 pred=1.531551 diff=-2.017420 abs_err=2.017420
INFO | EPOCH_199 | [B=45, T=21, D=1] true=3.038777 pred=1.050547 diff=-1.988230 abs_err=1.988230
INFO | EPOCH_199 | TOP 5 BEST/CORRECT masked points (smallest abs_err):
INFO | EPOCH_199 | [B=6, T=13, D=4] true=1.392412 pred=1.392413 diff=+0.000002 abs_err=0.000002
INFO | EPOCH_199 | [B=45, T=25, D=6] true=4.371876 pred=4.371866 diff=-0.000010 abs_err=0.000010
INFO | EPOCH_199 | [B=44, T=2, D=8] true=0.281320 pred=0.281332 diff=+0.000013 abs_err=0.000013
INFO | EPOCH_199 | [B=41, T=14, D=8] true=0.292760 pred=0.292779 diff=+0.000020 abs_err=0.000020
INFO | EPOCH_199 | [B=60, T=20, D=0] true=3.158118 pred=3.158086 diff=-0.000032 abs_err=0.000032
INFO | EPOCH_209 | RANDOM 15 masked points (true, pred, diff, abs_err):
INFO | EPOCH_209 | [B=51, T=10, D=6] true=3.034203 pred=3.066182 diff=+0.031979 abs_err=0.031979
INFO | EPOCH_209 | [B=27, T=20, D=10] true=1.468020 pred=1.260151 diff=-0.207869 abs_err=0.207869
INFO | EPOCH_209 | [B=44, T=11, D=5] true=0.450400 pred=0.340628 diff=-0.109772 abs_err=0.109772
INFO | EPOCH_209 | [B=38, T=24, D=9] true=4.219289 pred=4.307108 diff=+0.087819 abs_err=0.087819
INFO | EPOCH_209 | [B=15, T=8, D=10] true=2.710284 pred=2.428394 diff=-0.281890 abs_err=0.281890
INFO | EPOCH_209 | [B=33, T=17, D=5] true=0.414716 pred=0.422751 diff=+0.008035 abs_err=0.008035
INFO | EPOCH_209 | [B=31, T=7, D=1] true=1.747665 pred=1.891930 diff=+0.144265 abs_err=0.144265
INFO | EPOCH_209 | [B=8, T=11, D=0] true=1.984129 pred=2.148027 diff=+0.163898 abs_err=0.163898
INFO | EPOCH_209 | [B=46, T=11, D=8] true=0.306727 pred=0.315603 diff=+0.008876 abs_err=0.008876
INFO | EPOCH_209 | [B=33, T=4, D=2] true=-0.271133 pred=-0.130616 diff=+0.140517 abs_err=0.140517
INFO | EPOCH_209 | [B=41, T=18, D=6] true=4.577883 pred=4.533423 diff=-0.044460 abs_err=0.044460
INFO | EPOCH_209 | [B=36, T=26, D=6] true=3.203583 pred=3.122693 diff=-0.080890 abs_err=0.080890
INFO | EPOCH_209 | [B=36, T=24, D=1] true=1.658062 pred=1.997002 diff=+0.338941 abs_err=0.338941
INFO | EPOCH_209 | [B=34, T=20, D=0] true=3.104405 pred=3.268532 diff=+0.164127 abs_err=0.164127
INFO | EPOCH_209 | [B=55, T=3, D=11] true=0.968442 pred=0.834792 diff=-0.133650 abs_err=0.133650
INFO | EPOCH_209 | TOP 5 WORST masked points (largest abs_err):
INFO | EPOCH_209 | [B=17, T=2, D=6] true=0.050544 pred=3.440284 diff=+3.389740 abs_err=3.389740
INFO | EPOCH_209 | [B=17, T=6, D=6] true=0.042953 pred=3.418408 diff=+3.375455 abs_err=3.375455
INFO | EPOCH_209 | [B=46, T=10, D=6] true=0.025506 pred=3.132912 diff=+3.107406 abs_err=3.107406
INFO | EPOCH_209 | [B=46, T=13, D=6] true=0.022954 pred=3.102796 diff=+3.079841 abs_err=3.079841
INFO | EPOCH_209 | [B=37, T=28, D=6] true=5.711285 pred=3.187236 diff=-2.524050 abs_err=2.524050
INFO | EPOCH_209 | TOP 5 BEST/CORRECT masked points (smallest abs_err):
INFO | EPOCH_209 | [B=55, T=26, D=3] true=3.504172 pred=3.504166 diff=-0.000006 abs_err=0.000006
INFO | EPOCH_209 | [B=30, T=21, D=11] true=0.665251 pred=0.665279 diff=+0.000028 abs_err=0.000028
INFO | EPOCH_209 | [B=41, T=9, D=0] true=3.348041 pred=3.347999 diff=-0.000042 abs_err=0.000042
INFO | EPOCH_209 | [B=44, T=16, D=11] true=0.270282 pred=0.270236 diff=-0.000046 abs_err=0.000046
INFO | EPOCH_209 | [B=25, T=15, D=4] true=1.230138 pred=1.230071 diff=-0.000067 abs_err=0.000067
INFO | EPOCH_219 | RANDOM 15 masked points (true, pred, diff, abs_err):
INFO | EPOCH_219 | [B=52, T=17, D=2] true=0.168081 pred=0.383571 diff=+0.215490 abs_err=0.215490
INFO | EPOCH_219 | [B=13, T=20, D=2] true=0.381006 pred=0.367283 diff=-0.013723 abs_err=0.013723
INFO | EPOCH_219 | [B=1, T=24, D=3] true=3.362631 pred=3.578370 diff=+0.215739 abs_err=0.215739
INFO | EPOCH_219 | [B=47, T=8, D=1] true=2.344441 pred=2.326624 diff=-0.017817 abs_err=0.017817
INFO | EPOCH_219 | [B=2, T=9, D=2] true=-0.002175 pred=-0.079475 diff=-0.077300 abs_err=0.077300
INFO | EPOCH_219 | [B=39, T=5, D=10] true=2.065104 pred=2.252044 diff=+0.186940 abs_err=0.186940
INFO | EPOCH_219 | [B=47, T=1, D=8] true=1.265654 pred=1.207633 diff=-0.058021 abs_err=0.058021
INFO | EPOCH_219 | [B=47, T=20, D=7] true=1.897586 pred=1.815854 diff=-0.081731 abs_err=0.081731
INFO | EPOCH_219 | [B=33, T=24, D=7] true=3.117419 pred=2.411412 diff=-0.706007 abs_err=0.706007
INFO | EPOCH_219 | [B=49, T=19, D=2] true=0.326552 pred=0.447414 diff=+0.120862 abs_err=0.120862
INFO | EPOCH_219 | [B=6, T=30, D=8] true=0.725988 pred=0.875165 diff=+0.149177 abs_err=0.149177
INFO | EPOCH_219 | [B=43, T=9, D=6] true=1.106762 pred=1.141258 diff=+0.034496 abs_err=0.034496
INFO | EPOCH_219 | [B=29, T=24, D=10] true=1.959110 pred=1.887983 diff=-0.071126 abs_err=0.071126
INFO | EPOCH_219 | [B=57, T=15, D=2] true=0.422628 pred=0.382493 diff=-0.040134 abs_err=0.040134
INFO | EPOCH_219 | [B=39, T=4, D=0] true=2.513468 pred=2.528403 diff=+0.014935 abs_err=0.014935
INFO | EPOCH_219 | TOP 5 WORST masked points (largest abs_err):
INFO | EPOCH_219 | [B=26, T=5, D=9] true=0.757862 pred=3.570971 diff=+2.813110 abs_err=2.813110
INFO | EPOCH_219 | [B=49, T=14, D=11] true=2.130419 pred=-0.268461 diff=-2.398880 abs_err=2.398880
INFO | EPOCH_219 | [B=49, T=14, D=10] true=0.506230 pred=2.816236 diff=+2.310006 abs_err=2.310006
INFO | EPOCH_219 | [B=60, T=26, D=9] true=3.425601 pred=1.349402 diff=-2.076199 abs_err=2.076199
INFO | EPOCH_219 | [B=53, T=9, D=6] true=3.705956 pred=1.642416 diff=-2.063540 abs_err=2.063540
INFO | EPOCH_219 | TOP 5 BEST/CORRECT masked points (smallest abs_err):
INFO | EPOCH_219 | [B=0, T=5, D=7] true=1.190073 pred=1.190073 diff=-0.000001 abs_err=0.000001
INFO | EPOCH_219 | [B=11, T=15, D=0] true=4.383162 pred=4.383179 diff=+0.000016 abs_err=0.000016
INFO | EPOCH_219 | [B=32, T=16, D=5] true=0.296207 pred=0.296227 diff=+0.000021 abs_err=0.000021
INFO | EPOCH_219 | [B=42, T=24, D=7] true=2.469253 pred=2.469288 diff=+0.000035 abs_err=0.000035
INFO | EPOCH_219 | [B=42, T=27, D=5] true=0.286086 pred=0.286046 diff=-0.000040 abs_err=0.000040
INFO | EPOCH_229 | RANDOM 15 masked points (true, pred, diff, abs_err):
INFO | EPOCH_229 | [B=7, T=16, D=8] true=1.440054 pred=1.165279 diff=-0.274775 abs_err=0.274775
INFO | EPOCH_229 | [B=55, T=22, D=8] true=0.960067 pred=0.669623 diff=-0.290444 abs_err=0.290444
INFO | EPOCH_229 | [B=29, T=4, D=0] true=2.842083 pred=2.744966 diff=-0.097117 abs_err=0.097117
INFO | EPOCH_229 | [B=40, T=26, D=11] true=0.729285 pred=0.751256 diff=+0.021971 abs_err=0.021971
INFO | EPOCH_229 | [B=20, T=13, D=10] true=1.031259 pred=1.060067 diff=+0.028807 abs_err=0.028807
INFO | EPOCH_229 | [B=28, T=31, D=9] true=1.986550 pred=2.348459 diff=+0.361909 abs_err=0.361909
INFO | EPOCH_229 | [B=53, T=25, D=0] true=2.166174 pred=2.035243 diff=-0.130931 abs_err=0.130931
INFO | EPOCH_229 | [B=29, T=28, D=2] true=0.339441 pred=0.467985 diff=+0.128544 abs_err=0.128544
INFO | EPOCH_229 | [B=55, T=27, D=2] true=0.498388 pred=0.459595 diff=-0.038793 abs_err=0.038793
INFO | EPOCH_229 | [B=13, T=15, D=6] true=4.531474 pred=4.415668 diff=-0.115806 abs_err=0.115806
INFO | EPOCH_229 | [B=16, T=6, D=2] true=0.586684 pred=0.565486 diff=-0.021197 abs_err=0.021197
INFO | EPOCH_229 | [B=54, T=9, D=4] true=1.483723 pred=1.425673 diff=-0.058051 abs_err=0.058051
INFO | EPOCH_229 | [B=30, T=23, D=3] true=2.320556 pred=2.161111 diff=-0.159445 abs_err=0.159445
INFO | EPOCH_229 | [B=41, T=22, D=10] true=2.488968 pred=2.294145 diff=-0.194823 abs_err=0.194823
INFO | EPOCH_229 | [B=38, T=4, D=7] true=2.539100 pred=2.370738 diff=-0.168363 abs_err=0.168363
INFO | EPOCH_229 | TOP 5 WORST masked points (largest abs_err):
INFO | EPOCH_229 | [B=35, T=20, D=3] true=0.534949 pred=3.124904 diff=+2.589954 abs_err=2.589954
INFO | EPOCH_229 | [B=46, T=14, D=2] true=2.224028 pred=0.061384 diff=-2.162644 abs_err=2.162644
INFO | EPOCH_229 | [B=42, T=22, D=9] true=1.532331 pred=3.680265 diff=+2.147934 abs_err=2.147934
INFO | EPOCH_229 | [B=42, T=12, D=9] true=1.532275 pred=3.673025 diff=+2.140750 abs_err=2.140750
INFO | EPOCH_229 | [B=42, T=8, D=9] true=1.529425 pred=3.670007 diff=+2.140582 abs_err=2.140582
INFO | EPOCH_229 | TOP 5 BEST/CORRECT masked points (smallest abs_err):
INFO | EPOCH_229 | [B=6, T=19, D=11] true=0.252397 pred=0.252393 diff=-0.000003 abs_err=0.000003
INFO | EPOCH_229 | [B=37, T=0, D=4] true=2.247958 pred=2.247967 diff=+0.000010 abs_err=0.000010
INFO | EPOCH_229 | [B=24, T=4, D=6] true=4.579705 pred=4.579716 diff=+0.000011 abs_err=0.000011
INFO | EPOCH_229 | [B=13, T=12, D=7] true=1.343025 pred=1.342999 diff=-0.000026 abs_err=0.000026
INFO | EPOCH_229 | [B=57, T=29, D=0] true=3.256084 pred=3.256047 diff=-0.000037 abs_err=0.000037
INFO | EPOCH_239 | RANDOM 15 masked points (true, pred, diff, abs_err):
INFO | EPOCH_239 | [B=18, T=1, D=8] true=0.487467 pred=0.538341 diff=+0.050874 abs_err=0.050874
INFO | EPOCH_239 | [B=44, T=26, D=1] true=2.764421 pred=1.401329 diff=-1.363092 abs_err=1.363092
INFO | EPOCH_239 | [B=24, T=21, D=1] true=1.781145 pred=1.660074 diff=-0.121071 abs_err=0.121071
INFO | EPOCH_239 | [B=41, T=26, D=0] true=1.966568 pred=2.333742 diff=+0.367174 abs_err=0.367174
INFO | EPOCH_239 | [B=18, T=10, D=4] true=1.509620 pred=1.403150 diff=-0.106470 abs_err=0.106470
INFO | EPOCH_239 | [B=48, T=2, D=9] true=1.796114 pred=2.360351 diff=+0.564237 abs_err=0.564237
INFO | EPOCH_239 | [B=47, T=31, D=2] true=0.276991 pred=0.313440 diff=+0.036449 abs_err=0.036449
INFO | EPOCH_239 | [B=17, T=27, D=2] true=0.253975 pred=0.202165 diff=-0.051809 abs_err=0.051809
INFO | EPOCH_239 | [B=53, T=8, D=1] true=2.280432 pred=2.241649 diff=-0.038783 abs_err=0.038783
INFO | EPOCH_239 | [B=28, T=14, D=4] true=1.498137 pred=1.426761 diff=-0.071376 abs_err=0.071376
INFO | EPOCH_239 | [B=59, T=0, D=9] true=1.442833 pred=1.242449 diff=-0.200384 abs_err=0.200384
INFO | EPOCH_239 | [B=26, T=11, D=2] true=0.209483 pred=0.111089 diff=-0.098394 abs_err=0.098394
INFO | EPOCH_239 | [B=7, T=3, D=9] true=2.945228 pred=2.903912 diff=-0.041316 abs_err=0.041316
INFO | EPOCH_239 | [B=63, T=23, D=10] true=-0.322588 pred=1.553985 diff=+1.876573 abs_err=1.876573
INFO | EPOCH_239 | [B=8, T=9, D=10] true=1.369604 pred=1.367724 diff=-0.001881 abs_err=0.001881
INFO | EPOCH_239 | TOP 5 WORST masked points (largest abs_err):
INFO | EPOCH_239 | [B=7, T=3, D=0] true=5.087778 pred=2.340633 diff=-2.747145 abs_err=2.747145
INFO | EPOCH_239 | [B=7, T=3, D=2] true=2.372046 pred=-0.031372 diff=-2.403417 abs_err=2.403417
INFO | EPOCH_239 | [B=60, T=21, D=6] true=1.315996 pred=3.526111 diff=+2.210115 abs_err=2.210115
INFO | EPOCH_239 | [B=60, T=15, D=6] true=1.323426 pred=3.525472 diff=+2.202046 abs_err=2.202046
INFO | EPOCH_239 | [B=60, T=8, D=6] true=1.323833 pred=3.522866 diff=+2.199033 abs_err=2.199033
INFO | EPOCH_239 | TOP 5 BEST/CORRECT masked points (smallest abs_err):
INFO | EPOCH_239 | [B=53, T=22, D=1] true=2.241507 pred=2.241504 diff=-0.000002 abs_err=0.000002
INFO | EPOCH_239 | [B=1, T=24, D=5] true=0.440258 pred=0.440241 diff=-0.000017 abs_err=0.000017
INFO | EPOCH_239 | [B=7, T=10, D=1] true=1.725099 pred=1.725060 diff=-0.000040 abs_err=0.000040
INFO | EPOCH_239 | [B=0, T=13, D=5] true=0.070595 pred=0.070543 diff=-0.000051 abs_err=0.000051
INFO | EPOCH_239 | [B=57, T=28, D=4] true=1.444225 pred=1.444287 diff=+0.000062 abs_err=0.000062
INFO | EPOCH_249 | RANDOM 15 masked points (true, pred, diff, abs_err):
INFO | EPOCH_249 | [B=10, T=23, D=11] true=0.273667 pred=0.205791 diff=-0.067877 abs_err=0.067877
INFO | EPOCH_249 | [B=19, T=18, D=4] true=1.659019 pred=1.654372 diff=-0.004647 abs_err=0.004647
INFO | EPOCH_249 | [B=22, T=24, D=5] true=-0.101009 pred=-0.019093 diff=+0.081916 abs_err=0.081916
INFO | EPOCH_249 | [B=51, T=19, D=3] true=2.224567 pred=2.199277 diff=-0.025290 abs_err=0.025290
INFO | EPOCH_249 | [B=43, T=29, D=4] true=1.386491 pred=1.471656 diff=+0.085165 abs_err=0.085165
INFO | EPOCH_249 | [B=47, T=29, D=11] true=0.171539 pred=0.357994 diff=+0.186455 abs_err=0.186455
INFO | EPOCH_249 | [B=14, T=31, D=3] true=3.228962 pred=3.334315 diff=+0.105353 abs_err=0.105353
INFO | EPOCH_249 | [B=25, T=7, D=4] true=1.292396 pred=1.598046 diff=+0.305650 abs_err=0.305650
INFO | EPOCH_249 | [B=24, T=31, D=6] true=2.929327 pred=2.790530 diff=-0.138797 abs_err=0.138797
INFO | EPOCH_249 | [B=51, T=27, D=9] true=3.242310 pred=3.238918 diff=-0.003392 abs_err=0.003392
INFO | EPOCH_249 | [B=60, T=24, D=5] true=0.337695 pred=0.235899 diff=-0.101796 abs_err=0.101796
INFO | EPOCH_249 | [B=12, T=16, D=0] true=3.529580 pred=3.598565 diff=+0.068985 abs_err=0.068985
INFO | EPOCH_249 | [B=22, T=7, D=6] true=3.356965 pred=3.515423 diff=+0.158458 abs_err=0.158458
INFO | EPOCH_249 | [B=26, T=8, D=1] true=1.941239 pred=1.892703 diff=-0.048536 abs_err=0.048536
INFO | EPOCH_249 | [B=6, T=20, D=9] true=4.093072 pred=4.130277 diff=+0.037205 abs_err=0.037205
INFO | EPOCH_249 | TOP 5 WORST masked points (largest abs_err):
INFO | EPOCH_249 | [B=25, T=9, D=9] true=3.972294 pred=1.795546 diff=-2.176749 abs_err=2.176749
INFO | EPOCH_249 | [B=49, T=15, D=11] true=2.076173 pred=0.107960 diff=-1.968213 abs_err=1.968213
INFO | EPOCH_249 | [B=49, T=9, D=11] true=2.033089 pred=0.086589 diff=-1.946501 abs_err=1.946501
INFO | EPOCH_249 | [B=49, T=19, D=11] true=2.046684 pred=0.111886 diff=-1.934798 abs_err=1.934798
INFO | EPOCH_249 | [B=29, T=4, D=10] true=0.463057 pred=2.366027 diff=+1.902971 abs_err=1.902971
INFO | EPOCH_249 | TOP 5 BEST/CORRECT masked points (smallest abs_err):
INFO | EPOCH_249 | [B=25, T=20, D=3] true=2.439372 pred=2.439350 diff=-0.000022 abs_err=0.000022
INFO | EPOCH_249 | [B=55, T=24, D=4] true=1.527208 pred=1.527231 diff=+0.000022 abs_err=0.000022
INFO | EPOCH_249 | [B=37, T=6, D=0] true=2.738354 pred=2.738381 diff=+0.000028 abs_err=0.000028
INFO | EPOCH_249 | [B=34, T=16, D=8] true=0.543527 pred=0.543453 diff=-0.000074 abs_err=0.000074
INFO | EPOCH_249 | [B=11, T=30, D=5] true=0.353638 pred=0.353558 diff=-0.000080 abs_err=0.000080
INFO | EPOCH_259 | RANDOM 15 masked points (true, pred, diff, abs_err):
INFO | EPOCH_259 | [B=11, T=20, D=4] true=2.397716 pred=2.576349 diff=+0.178634 abs_err=0.178634
INFO | EPOCH_259 | [B=34, T=5, D=8] true=0.536724 pred=0.402623 diff=-0.134101 abs_err=0.134101
INFO | EPOCH_259 | [B=42, T=8, D=6] true=2.981486 pred=3.103650 diff=+0.122164 abs_err=0.122164
INFO | EPOCH_259 | [B=30, T=9, D=9] true=1.911962 pred=1.344931 diff=-0.567031 abs_err=0.567031
INFO | EPOCH_259 | [B=35, T=8, D=9] true=2.418891 pred=2.024785 diff=-0.394106 abs_err=0.394106
INFO | EPOCH_259 | [B=52, T=17, D=6] true=1.317358 pred=1.127055 diff=-0.190303 abs_err=0.190303
INFO | EPOCH_259 | [B=8, T=21, D=3] true=2.555012 pred=2.670125 diff=+0.115113 abs_err=0.115113
INFO | EPOCH_259 | [B=35, T=12, D=10] true=1.617460 pred=1.283853 diff=-0.333607 abs_err=0.333607
INFO | EPOCH_259 | [B=2, T=3, D=0] true=2.658928 pred=3.025407 diff=+0.366479 abs_err=0.366479
INFO | EPOCH_259 | [B=45, T=2, D=5] true=-0.110653 pred=-0.114557 diff=-0.003904 abs_err=0.003904
INFO | EPOCH_259 | [B=34, T=11, D=4] true=1.050547 pred=1.092582 diff=+0.042035 abs_err=0.042035
INFO | EPOCH_259 | [B=8, T=18, D=8] true=0.657819 pred=0.985384 diff=+0.327565 abs_err=0.327565
INFO | EPOCH_259 | [B=32, T=7, D=4] true=1.167355 pred=1.165351 diff=-0.002004 abs_err=0.002004
INFO | EPOCH_259 | [B=42, T=24, D=0] true=2.843723 pred=2.922992 diff=+0.079269 abs_err=0.079269
INFO | EPOCH_259 | [B=46, T=9, D=7] true=1.764703 pred=1.727724 diff=-0.036979 abs_err=0.036979
INFO | EPOCH_259 | TOP 5 WORST masked points (largest abs_err):
INFO | EPOCH_259 | [B=43, T=7, D=11] true=2.397161 pred=-0.053817 diff=-2.450978 abs_err=2.450978
INFO | EPOCH_259 | [B=33, T=10, D=9] true=3.742375 pred=1.313187 diff=-2.429188 abs_err=2.429188
INFO | EPOCH_259 | [B=34, T=27, D=9] true=3.679060 pred=1.323268 diff=-2.355792 abs_err=2.355792
INFO | EPOCH_259 | [B=13, T=19, D=6] true=3.596637 pred=1.243001 diff=-2.353635 abs_err=2.353635
INFO | EPOCH_259 | [B=9, T=18, D=6] true=3.577968 pred=1.261909 diff=-2.316059 abs_err=2.316059
INFO | EPOCH_259 | TOP 5 BEST/CORRECT masked points (smallest abs_err):
INFO | EPOCH_259 | [B=55, T=12, D=4] true=2.501288 pred=2.501291 diff=+0.000003 abs_err=0.000003
INFO | EPOCH_259 | [B=16, T=1, D=11] true=0.312435 pred=0.312438 diff=+0.000003 abs_err=0.000003
INFO | EPOCH_259 | [B=43, T=29, D=7] true=1.325124 pred=1.325070 diff=-0.000054 abs_err=0.000054
INFO | EPOCH_259 | [B=58, T=25, D=7] true=2.480943 pred=2.480880 diff=-0.000062 abs_err=0.000062
INFO | EPOCH_259 | [B=0, T=7, D=3] true=3.422764 pred=3.422853 diff=+0.000088 abs_err=0.000088
INFO | EPOCH_269 | RANDOM 15 masked points (true, pred, diff, abs_err):
INFO | EPOCH_269 | [B=19, T=17, D=3] true=3.362458 pred=3.378546 diff=+0.016088 abs_err=0.016088
INFO | EPOCH_269 | [B=15, T=26, D=8] true=0.629802 pred=1.277014 diff=+0.647213 abs_err=0.647213
INFO | EPOCH_269 | [B=40, T=7, D=6] true=2.757561 pred=2.992398 diff=+0.234838 abs_err=0.234838
INFO | EPOCH_269 | [B=34, T=2, D=3] true=1.534203 pred=1.828102 diff=+0.293900 abs_err=0.293900
INFO | EPOCH_269 | [B=3, T=6, D=2] true=0.267173 pred=0.153598 diff=-0.113575 abs_err=0.113575
INFO | EPOCH_269 | [B=58, T=13, D=9] true=2.871763 pred=2.972076 diff=+0.100313 abs_err=0.100313
INFO | EPOCH_269 | [B=22, T=4, D=3] true=2.796299 pred=2.811904 diff=+0.015604 abs_err=0.015604
INFO | EPOCH_269 | [B=35, T=10, D=5] true=0.423745 pred=0.023072 diff=-0.400672 abs_err=0.400672
INFO | EPOCH_269 | [B=15, T=14, D=1] true=2.011966 pred=1.613703 diff=-0.398263 abs_err=0.398263
INFO | EPOCH_269 | [B=61, T=6, D=0] true=2.185103 pred=2.420607 diff=+0.235504 abs_err=0.235504
INFO | EPOCH_269 | [B=50, T=5, D=6] true=2.764995 pred=2.831660 diff=+0.066664 abs_err=0.066664
INFO | EPOCH_269 | [B=17, T=22, D=4] true=1.580220 pred=1.651886 diff=+0.071666 abs_err=0.071666
INFO | EPOCH_269 | [B=30, T=6, D=3] true=3.587100 pred=3.481825 diff=-0.105275 abs_err=0.105275
INFO | EPOCH_269 | [B=45, T=20, D=4] true=1.056984 pred=1.087979 diff=+0.030994 abs_err=0.030994
INFO | EPOCH_269 | [B=34, T=12, D=4] true=1.956976 pred=1.962245 diff=+0.005269 abs_err=0.005269
INFO | EPOCH_269 | TOP 5 WORST masked points (largest abs_err):
INFO | EPOCH_269 | [B=26, T=8, D=6] true=1.595185 pred=4.439527 diff=+2.844342 abs_err=2.844342
INFO | EPOCH_269 | [B=53, T=1, D=11] true=-1.173275 pred=1.503890 diff=+2.677165 abs_err=2.677165
INFO | EPOCH_269 | [B=14, T=5, D=6] true=0.146037 pred=2.719171 diff=+2.573134 abs_err=2.573134
INFO | EPOCH_269 | [B=14, T=11, D=6] true=0.115726 pred=2.672820 diff=+2.557095 abs_err=2.557095
INFO | EPOCH_269 | [B=63, T=15, D=6] true=0.098340 pred=2.522357 diff=+2.424017 abs_err=2.424017
INFO | EPOCH_269 | TOP 5 BEST/CORRECT masked points (smallest abs_err):
INFO | EPOCH_269 | [B=3, T=14, D=7] true=2.094638 pred=2.094580 diff=-0.000058 abs_err=0.000058
INFO | EPOCH_269 | [B=19, T=26, D=2] true=0.425131 pred=0.425197 diff=+0.000066 abs_err=0.000066
INFO | EPOCH_269 | [B=19, T=23, D=9] true=1.624553 pred=1.624629 diff=+0.000076 abs_err=0.000076
INFO | EPOCH_269 | [B=26, T=0, D=1] true=2.473412 pred=2.473329 diff=-0.000082 abs_err=0.000082
INFO | EPOCH_269 | [B=45, T=23, D=5] true=0.704741 pred=0.704656 diff=-0.000085 abs_err=0.000085
INFO | EPOCH_279 | RANDOM 15 masked points (true, pred, diff, abs_err):
INFO | EPOCH_279 | [B=22, T=9, D=9] true=2.599700 pred=2.794946 diff=+0.195246 abs_err=0.195246
INFO | EPOCH_279 | [B=28, T=30, D=6] true=4.681960 pred=4.599518 diff=-0.082442 abs_err=0.082442
INFO | EPOCH_279 | [B=28, T=21, D=4] true=1.580991 pred=1.703861 diff=+0.122870 abs_err=0.122870
INFO | EPOCH_279 | [B=18, T=8, D=2] true=0.321329 pred=0.456772 diff=+0.135444 abs_err=0.135444
INFO | EPOCH_279 | [B=41, T=9, D=10] true=1.577029 pred=1.404746 diff=-0.172283 abs_err=0.172283
INFO | EPOCH_279 | [B=40, T=23, D=9] true=4.122311 pred=4.302645 diff=+0.180335 abs_err=0.180335
INFO | EPOCH_279 | [B=13, T=23, D=4] true=1.812720 pred=1.658513 diff=-0.154207 abs_err=0.154207
INFO | EPOCH_279 | [B=14, T=13, D=3] true=2.405248 pred=2.786570 diff=+0.381322 abs_err=0.381322
INFO | EPOCH_279 | [B=14, T=19, D=4] true=1.954486 pred=2.016596 diff=+0.062110 abs_err=0.062110
INFO | EPOCH_279 | [B=53, T=25, D=2] true=0.042413 pred=0.056741 diff=+0.014328 abs_err=0.014328
INFO | EPOCH_279 | [B=16, T=10, D=10] true=2.086114 pred=2.100382 diff=+0.014268 abs_err=0.014268
INFO | EPOCH_279 | [B=10, T=7, D=1] true=3.160687 pred=2.864639 diff=-0.296048 abs_err=0.296048
INFO | EPOCH_279 | [B=5, T=18, D=1] true=2.615017 pred=2.439069 diff=-0.175948 abs_err=0.175948
INFO | EPOCH_279 | [B=15, T=23, D=3] true=2.534430 pred=2.589504 diff=+0.055073 abs_err=0.055073
INFO | EPOCH_279 | [B=52, T=12, D=5] true=0.146421 pred=0.158503 diff=+0.012081 abs_err=0.012081
INFO | EPOCH_279 | TOP 5 WORST masked points (largest abs_err):
INFO | EPOCH_279 | [B=47, T=24, D=6] true=1.678643 pred=4.583307 diff=+2.904665 abs_err=2.904665
INFO | EPOCH_279 | [B=47, T=28, D=9] true=1.413674 pred=4.138011 diff=+2.724337 abs_err=2.724337
INFO | EPOCH_279 | [B=7, T=7, D=0] true=3.767489 pred=1.427867 diff=-2.339623 abs_err=2.339623
INFO | EPOCH_279 | [B=45, T=4, D=0] true=0.990548 pred=3.175084 diff=+2.184536 abs_err=2.184536
INFO | EPOCH_279 | [B=3, T=27, D=9] true=3.570496 pred=1.443188 diff=-2.127307 abs_err=2.127307
INFO | EPOCH_279 | TOP 5 BEST/CORRECT masked points (smallest abs_err):
INFO | EPOCH_279 | [B=63, T=4, D=11] true=0.709893 pred=0.709882 diff=-0.000010 abs_err=0.000010
INFO | EPOCH_279 | [B=38, T=4, D=2] true=0.333552 pred=0.333565 diff=+0.000012 abs_err=0.000012
INFO | EPOCH_279 | [B=41, T=7, D=1] true=1.505191 pred=1.505159 diff=-0.000032 abs_err=0.000032
INFO | EPOCH_279 | [B=58, T=4, D=7] true=1.862034 pred=1.861977 diff=-0.000057 abs_err=0.000057
INFO | EPOCH_279 | [B=54, T=12, D=11] true=0.938206 pred=0.938266 diff=+0.000060 abs_err=0.000060
INFO | EPOCH_289 | RANDOM 15 masked points (true, pred, diff, abs_err):
INFO | EPOCH_289 | [B=49, T=18, D=2] true=0.487147 pred=0.422644 diff=-0.064503 abs_err=0.064503
INFO | EPOCH_289 | [B=36, T=8, D=1] true=2.012091 pred=2.026632 diff=+0.014540 abs_err=0.014540
INFO | EPOCH_289 | [B=49, T=2, D=3] true=2.623564 pred=2.561728 diff=-0.061836 abs_err=0.061836
INFO | EPOCH_289 | [B=33, T=11, D=4] true=1.976700 pred=2.383660 diff=+0.406960 abs_err=0.406960
INFO | EPOCH_289 | [B=16, T=16, D=11] true=0.620738 pred=0.551011 diff=-0.069727 abs_err=0.069727
INFO | EPOCH_289 | [B=27, T=27, D=1] true=1.941736 pred=1.918203 diff=-0.023533 abs_err=0.023533
INFO | EPOCH_289 | [B=40, T=19, D=11] true=-0.114032 pred=-0.018870 diff=+0.095162 abs_err=0.095162
INFO | EPOCH_289 | [B=57, T=10, D=5] true=-0.044739 pred=0.120519 diff=+0.165258 abs_err=0.165258
INFO | EPOCH_289 | [B=39, T=4, D=11] true=0.014383 pred=0.107378 diff=+0.092995 abs_err=0.092995
INFO | EPOCH_289 | [B=47, T=22, D=1] true=2.164505 pred=2.151988 diff=-0.012517 abs_err=0.012517
INFO | EPOCH_289 | [B=3, T=3, D=9] true=2.125345 pred=2.107953 diff=-0.017392 abs_err=0.017392
INFO | EPOCH_289 | [B=31, T=1, D=10] true=2.476353 pred=2.356729 diff=-0.119624 abs_err=0.119624
INFO | EPOCH_289 | [B=47, T=9, D=0] true=2.751778 pred=2.754638 diff=+0.002860 abs_err=0.002860
INFO | EPOCH_289 | [B=8, T=29, D=2] true=0.177850 pred=0.066207 diff=-0.111644 abs_err=0.111644
INFO | EPOCH_289 | [B=3, T=12, D=6] true=1.704367 pred=1.632814 diff=-0.071553 abs_err=0.071553
INFO | EPOCH_289 | TOP 5 WORST masked points (largest abs_err):
INFO | EPOCH_289 | [B=17, T=2, D=6] true=0.050544 pred=3.368814 diff=+3.318269 abs_err=3.318269
INFO | EPOCH_289 | [B=17, T=6, D=6] true=0.042953 pred=3.310705 diff=+3.267752 abs_err=3.267752
INFO | EPOCH_289 | [B=37, T=28, D=6] true=5.711285 pred=3.113969 diff=-2.597317 abs_err=2.597317
INFO | EPOCH_289 | [B=55, T=27, D=9] true=1.255944 pred=3.799660 diff=+2.543716 abs_err=2.543716
INFO | EPOCH_289 | [B=31, T=11, D=3] true=1.384696 pred=3.792688 diff=+2.407992 abs_err=2.407992
INFO | EPOCH_289 | TOP 5 BEST/CORRECT masked points (smallest abs_err):
INFO | EPOCH_289 | [B=31, T=21, D=0] true=3.273476 pred=3.273483 diff=+0.000006 abs_err=0.000006
INFO | EPOCH_289 | [B=44, T=0, D=4] true=2.260427 pred=2.260483 diff=+0.000055 abs_err=0.000055
INFO | EPOCH_289 | [B=56, T=17, D=11] true=0.488796 pred=0.488740 diff=-0.000056 abs_err=0.000056
INFO | EPOCH_289 | [B=24, T=24, D=5] true=0.113927 pred=0.113995 diff=+0.000068 abs_err=0.000068
INFO | EPOCH_289 | [B=3, T=28, D=9] true=2.876699 pred=2.876770 diff=+0.000071 abs_err=0.000071
INFO | EPOCH_299 | RANDOM 15 masked points (true, pred, diff, abs_err):
INFO | EPOCH_299 | [B=3, T=27, D=5] true=0.712657 pred=0.638753 diff=-0.073905 abs_err=0.073905
INFO | EPOCH_299 | [B=18, T=20, D=2] true=0.463250 pred=0.350147 diff=-0.113103 abs_err=0.113103
INFO | EPOCH_299 | [B=14, T=19, D=11] true=0.743992 pred=0.671179 diff=-0.072813 abs_err=0.072813
INFO | EPOCH_299 | [B=2, T=13, D=4] true=1.281660 pred=1.092255 diff=-0.189405 abs_err=0.189405
INFO | EPOCH_299 | [B=36, T=27, D=9] true=1.123721 pred=1.563093 diff=+0.439372 abs_err=0.439372
INFO | EPOCH_299 | [B=21, T=17, D=0] true=1.906277 pred=1.887455 diff=-0.018822 abs_err=0.018822
INFO | EPOCH_299 | [B=56, T=16, D=4] true=1.008608 pred=1.214687 diff=+0.206080 abs_err=0.206080
INFO | EPOCH_299 | [B=27, T=1, D=11] true=0.723136 pred=0.720606 diff=-0.002530 abs_err=0.002530
INFO | EPOCH_299 | [B=37, T=18, D=8] true=-0.096791 pred=0.146569 diff=+0.243360 abs_err=0.243360
INFO | EPOCH_299 | [B=17, T=13, D=7] true=2.732227 pred=2.394758 diff=-0.337469 abs_err=0.337469
INFO | EPOCH_299 | [B=41, T=11, D=8] true=0.182016 pred=0.111019 diff=-0.070996 abs_err=0.070996
INFO | EPOCH_299 | [B=21, T=29, D=6] true=3.306629 pred=3.269443 diff=-0.037187 abs_err=0.037187
INFO | EPOCH_299 | [B=30, T=0, D=6] true=4.423113 pred=4.522002 diff=+0.098888 abs_err=0.098888
INFO | EPOCH_299 | [B=1, T=24, D=8] true=0.562715 pred=0.162674 diff=-0.400041 abs_err=0.400041
INFO | EPOCH_299 | [B=10, T=13, D=2] true=0.350221 pred=0.318513 diff=-0.031708 abs_err=0.031708
INFO | EPOCH_299 | TOP 5 WORST masked points (largest abs_err):
INFO | EPOCH_299 | [B=46, T=10, D=6] true=0.025506 pred=3.484445 diff=+3.458939 abs_err=3.458939
INFO | EPOCH_299 | [B=46, T=13, D=6] true=0.022954 pred=3.462068 diff=+3.439113 abs_err=3.439113
INFO | EPOCH_299 | [B=26, T=5, D=9] true=0.757862 pred=3.587392 diff=+2.829530 abs_err=2.829530
INFO | EPOCH_299 | [B=49, T=14, D=10] true=0.506230 pred=2.760341 diff=+2.254111 abs_err=2.254111
INFO | EPOCH_299 | [B=17, T=16, D=6] true=3.318204 pred=1.074338 diff=-2.243865 abs_err=2.243865
INFO | EPOCH_299 | TOP 5 BEST/CORRECT masked points (smallest abs_err):
INFO | EPOCH_299 | [B=52, T=13, D=6] true=2.774273 pred=2.774237 diff=-0.000036 abs_err=0.000036
INFO | EPOCH_299 | [B=63, T=28, D=1] true=1.252255 pred=1.252209 diff=-0.000046 abs_err=0.000046
INFO | EPOCH_299 | [B=32, T=25, D=0] true=3.319938 pred=3.319994 diff=+0.000056 abs_err=0.000056
INFO | EPOCH_299 | [B=14, T=0, D=8] true=0.386397 pred=0.386330 diff=-0.000067 abs_err=0.000067
INFO | EPOCH_299 | [B=57, T=28, D=11] true=0.189451 pred=0.189349 diff=-0.000103 abs_err=0.000103
INFO | EPOCH_009 | RANDOM 15 masked points (true, pred, diff, abs_err):
INFO | EPOCH_009 | [B=8, T=8, D=3] true=1.923137 pred=1.625962 diff=-0.297175 abs_err=0.297175
INFO | EPOCH_009 | [B=30, T=28, D=10] true=1.869238 pred=2.358745 diff=+0.489507 abs_err=0.489507
INFO | EPOCH_009 | [B=22, T=16, D=3] true=3.704694 pred=2.890085 diff=-0.814610 abs_err=0.814610
INFO | EPOCH_009 | [B=46, T=16, D=8] true=1.032536 pred=0.866376 diff=-0.166160 abs_err=0.166160
INFO | EPOCH_009 | [B=35, T=9, D=2] true=0.386476 pred=0.118899 diff=-0.267577 abs_err=0.267577
INFO | EPOCH_009 | [B=61, T=16, D=4] true=0.979247 pred=0.928404 diff=-0.050843 abs_err=0.050843
INFO | EPOCH_009 | [B=13, T=25, D=8] true=1.328250 pred=0.874130 diff=-0.454121 abs_err=0.454121
INFO | EPOCH_009 | [B=7, T=9, D=10] true=1.400543 pred=1.376526 diff=-0.024017 abs_err=0.024017
INFO | EPOCH_009 | [B=24, T=24, D=7] true=1.174765 pred=0.958004 diff=-0.216761 abs_err=0.216761
INFO | EPOCH_009 | [B=17, T=23, D=7] true=0.401777 pred=1.471243 diff=+1.069466 abs_err=1.069466
INFO | EPOCH_009 | [B=18, T=20, D=10] true=1.202966 pred=1.251784 diff=+0.048818 abs_err=0.048818
INFO | EPOCH_009 | [B=20, T=14, D=3] true=3.362846 pred=3.177421 diff=-0.185426 abs_err=0.185426
INFO | EPOCH_009 | [B=14, T=10, D=5] true=0.492536 pred=0.415428 diff=-0.077108 abs_err=0.077108
INFO | EPOCH_009 | [B=15, T=16, D=11] true=-0.057972 pred=0.125233 diff=+0.183205 abs_err=0.183205
INFO | EPOCH_009 | [B=7, T=13, D=2] true=0.364857 pred=0.136394 diff=-0.228463 abs_err=0.228463
INFO | EPOCH_009 | TOP 5 WORST masked points (largest abs_err):
INFO | EPOCH_009 | [B=26, T=8, D=6] true=1.595185 pred=4.218108 diff=+2.622923 abs_err=2.622923
INFO | EPOCH_009 | [B=16, T=0, D=6] true=3.570038 pred=0.982858 diff=-2.587180 abs_err=2.587180
INFO | EPOCH_009 | [B=9, T=18, D=6] true=3.577968 pred=1.029965 diff=-2.548003 abs_err=2.548003
INFO | EPOCH_009 | [B=18, T=11, D=6] true=3.456601 pred=0.911549 diff=-2.545052 abs_err=2.545052
INFO | EPOCH_009 | [B=9, T=8, D=6] true=3.547465 pred=1.020087 diff=-2.527378 abs_err=2.527378
INFO | EPOCH_009 | TOP 5 BEST/CORRECT masked points (smallest abs_err):
INFO | EPOCH_009 | [B=3, T=0, D=2] true=0.090124 pred=0.090074 diff=-0.000050 abs_err=0.000050
INFO | EPOCH_009 | [B=40, T=6, D=0] true=2.915444 pred=2.915376 diff=-0.000068 abs_err=0.000068
INFO | EPOCH_009 | [B=14, T=20, D=7] true=1.644362 pred=1.644478 diff=+0.000116 abs_err=0.000116
INFO | EPOCH_009 | [B=51, T=17, D=1] true=1.275580 pred=1.275733 diff=+0.000153 abs_err=0.000153
INFO | EPOCH_009 | [B=21, T=7, D=4] true=1.054258 pred=1.054100 diff=-0.000158 abs_err=0.000158
INFO | EPOCH_019 | RANDOM 15 masked points (true, pred, diff, abs_err):
INFO | EPOCH_019 | [B=7, T=3, D=8] true=0.718693 pred=0.710834 diff=-0.007859 abs_err=0.007859
INFO | EPOCH_019 | [B=22, T=14, D=0] true=2.343152 pred=2.342529 diff=-0.000623 abs_err=0.000623
INFO | EPOCH_019 | [B=22, T=22, D=5] true=0.511542 pred=0.605258 diff=+0.093716 abs_err=0.093716
INFO | EPOCH_019 | [B=19, T=6, D=4] true=1.149235 pred=1.543250 diff=+0.394015 abs_err=0.394015
INFO | EPOCH_019 | [B=38, T=15, D=3] true=2.279005 pred=2.664604 diff=+0.385599 abs_err=0.385599
INFO | EPOCH_019 | [B=30, T=14, D=4] true=2.209387 pred=2.279858 diff=+0.070471 abs_err=0.070471
INFO | EPOCH_019 | [B=57, T=29, D=1] true=1.498381 pred=1.824192 diff=+0.325811 abs_err=0.325811
INFO | EPOCH_019 | [B=11, T=30, D=2] true=-0.278205 pred=-0.045529 diff=+0.232676 abs_err=0.232676
INFO | EPOCH_019 | [B=15, T=9, D=2] true=0.163783 pred=0.211354 diff=+0.047571 abs_err=0.047571
INFO | EPOCH_019 | [B=37, T=0, D=0] true=2.304810 pred=2.098704 diff=-0.206106 abs_err=0.206106
INFO | EPOCH_019 | [B=1, T=15, D=0] true=4.151891 pred=4.091253 diff=-0.060638 abs_err=0.060638
INFO | EPOCH_019 | [B=36, T=22, D=10] true=1.300073 pred=1.423797 diff=+0.123724 abs_err=0.123724
INFO | EPOCH_019 | [B=41, T=18, D=11] true=0.040789 pred=0.273869 diff=+0.233079 abs_err=0.233079
INFO | EPOCH_019 | [B=5, T=12, D=3] true=1.744181 pred=1.660923 diff=-0.083259 abs_err=0.083259
INFO | EPOCH_019 | [B=14, T=6, D=1] true=1.569726 pred=1.795679 diff=+0.225954 abs_err=0.225954
INFO | EPOCH_019 | TOP 5 WORST masked points (largest abs_err):
INFO | EPOCH_019 | [B=47, T=24, D=6] true=1.678643 pred=4.676996 diff=+2.998353 abs_err=2.998353
INFO | EPOCH_019 | [B=14, T=11, D=6] true=0.115726 pred=2.986182 diff=+2.870456 abs_err=2.870456
INFO | EPOCH_019 | [B=14, T=5, D=6] true=0.146037 pred=2.987161 diff=+2.841124 abs_err=2.841124
INFO | EPOCH_019 | [B=47, T=28, D=9] true=1.413674 pred=4.158045 diff=+2.744372 abs_err=2.744372
INFO | EPOCH_019 | [B=63, T=15, D=6] true=0.098340 pred=2.446587 diff=+2.348246 abs_err=2.348246
INFO | EPOCH_019 | TOP 5 BEST/CORRECT masked points (smallest abs_err):
INFO | EPOCH_019 | [B=15, T=23, D=4] true=1.367835 pred=1.367848 diff=+0.000013 abs_err=0.000013
INFO | EPOCH_019 | [B=54, T=27, D=0] true=3.443963 pred=3.443903 diff=-0.000060 abs_err=0.000060
INFO | EPOCH_019 | [B=52, T=21, D=8] true=0.492358 pred=0.492290 diff=-0.000068 abs_err=0.000068
INFO | EPOCH_019 | [B=33, T=27, D=10] true=1.368731 pred=1.368807 diff=+0.000076 abs_err=0.000076
INFO | EPOCH_019 | [B=6, T=15, D=0] true=4.090002 pred=4.090079 diff=+0.000077 abs_err=0.000077
INFO | EPOCH_029 | RANDOM 15 masked points (true, pred, diff, abs_err):
INFO | EPOCH_029 | [B=63, T=21, D=0] true=2.708221 pred=2.802370 diff=+0.094149 abs_err=0.094149
INFO | EPOCH_029 | [B=28, T=1, D=0] true=3.205954 pred=3.095358 diff=-0.110597 abs_err=0.110597
INFO | EPOCH_029 | [B=9, T=3, D=11] true=0.400679 pred=0.491053 diff=+0.090373 abs_err=0.090373
INFO | EPOCH_029 | [B=47, T=21, D=5] true=0.641908 pred=0.474416 diff=-0.167492 abs_err=0.167492
INFO | EPOCH_029 | [B=33, T=32, D=4] true=1.078716 pred=1.117753 diff=+0.039037 abs_err=0.039037
INFO | EPOCH_029 | [B=62, T=11, D=0] true=2.801587 pred=2.991409 diff=+0.189822 abs_err=0.189822
INFO | EPOCH_029 | [B=47, T=17, D=6] true=4.273974 pred=4.355904 diff=+0.081930 abs_err=0.081930
INFO | EPOCH_029 | [B=12, T=24, D=1] true=1.937148 pred=1.834193 diff=-0.102955 abs_err=0.102955
INFO | EPOCH_029 | [B=34, T=28, D=3] true=2.786690 pred=2.613632 diff=-0.173058 abs_err=0.173058
INFO | EPOCH_029 | [B=22, T=32, D=1] true=1.349379 pred=1.379867 diff=+0.030488 abs_err=0.030488
INFO | EPOCH_029 | [B=47, T=13, D=10] true=2.396892 pred=2.182379 diff=-0.214513 abs_err=0.214513
INFO | EPOCH_029 | [B=31, T=6, D=11] true=0.571372 pred=0.527084 diff=-0.044289 abs_err=0.044289
INFO | EPOCH_029 | [B=35, T=22, D=0] true=2.893668 pred=3.084811 diff=+0.191143 abs_err=0.191143
INFO | EPOCH_029 | [B=4, T=24, D=6] true=2.646777 pred=2.719413 diff=+0.072635 abs_err=0.072635
INFO | EPOCH_029 | [B=10, T=15, D=0] true=3.306703 pred=3.242218 diff=-0.064485 abs_err=0.064485
INFO | EPOCH_029 | TOP 5 WORST masked points (largest abs_err):
INFO | EPOCH_029 | [B=55, T=27, D=9] true=1.255944 pred=3.886952 diff=+2.631009 abs_err=2.631009
INFO | EPOCH_029 | [B=45, T=4, D=0] true=0.990548 pred=3.207624 diff=+2.217076 abs_err=2.217076
INFO | EPOCH_029 | [B=6, T=22, D=9] true=3.751000 pred=1.650561 diff=-2.100439 abs_err=2.100439
INFO | EPOCH_029 | [B=0, T=28, D=9] true=3.682978 pred=1.582811 diff=-2.100167 abs_err=2.100167
INFO | EPOCH_029 | [B=8, T=0, D=9] true=3.707034 pred=1.618435 diff=-2.088599 abs_err=2.088599
INFO | EPOCH_029 | TOP 5 BEST/CORRECT masked points (smallest abs_err):
INFO | EPOCH_029 | [B=37, T=5, D=9] true=1.656279 pred=1.656314 diff=+0.000035 abs_err=0.000035
INFO | EPOCH_029 | [B=14, T=0, D=1] true=1.923098 pred=1.923062 diff=-0.000037 abs_err=0.000037
INFO | EPOCH_029 | [B=42, T=29, D=3] true=2.786059 pred=2.786008 diff=-0.000051 abs_err=0.000051
INFO | EPOCH_029 | [B=0, T=17, D=10] true=1.193759 pred=1.193813 diff=+0.000054 abs_err=0.000054
INFO | EPOCH_029 | [B=36, T=29, D=0] true=2.749249 pred=2.749183 diff=-0.000067 abs_err=0.000067
INFO | EPOCH_039 | RANDOM 15 masked points (true, pred, diff, abs_err):
INFO | EPOCH_039 | [B=54, T=12, D=1] true=1.242727 pred=1.198992 diff=-0.043735 abs_err=0.043735
INFO | EPOCH_039 | [B=11, T=27, D=4] true=2.001513 pred=1.467334 diff=-0.534179 abs_err=0.534179
INFO | EPOCH_039 | [B=28, T=2, D=2] true=0.159374 pred=0.027130 diff=-0.132244 abs_err=0.132244
INFO | EPOCH_039 | [B=48, T=16, D=6] true=3.211327 pred=2.900470 diff=-0.310857 abs_err=0.310857
INFO | EPOCH_039 | [B=53, T=28, D=4] true=1.058432 pred=1.224419 diff=+0.165987 abs_err=0.165987
INFO | EPOCH_039 | [B=59, T=16, D=0] true=3.804520 pred=3.795251 diff=-0.009269 abs_err=0.009269
INFO | EPOCH_039 | [B=50, T=14, D=8] true=1.070377 pred=0.898376 diff=-0.172001 abs_err=0.172001
INFO | EPOCH_039 | [B=14, T=12, D=4] true=2.048575 pred=1.469615 diff=-0.578960 abs_err=0.578960
INFO | EPOCH_039 | [B=27, T=18, D=6] true=2.877424 pred=2.764148 diff=-0.113276 abs_err=0.113276
INFO | EPOCH_039 | [B=9, T=27, D=2] true=0.452600 pred=0.433430 diff=-0.019170 abs_err=0.019170
INFO | EPOCH_039 | [B=43, T=17, D=5] true=0.369330 pred=0.435298 diff=+0.065968 abs_err=0.065968
INFO | EPOCH_039 | [B=10, T=19, D=3] true=2.291903 pred=2.229233 diff=-0.062670 abs_err=0.062670
INFO | EPOCH_039 | [B=32, T=6, D=6] true=4.395222 pred=4.491242 diff=+0.096020 abs_err=0.096020
INFO | EPOCH_039 | [B=30, T=26, D=1] true=1.394289 pred=1.330284 diff=-0.064005 abs_err=0.064005
INFO | EPOCH_039 | [B=53, T=12, D=6] true=4.755143 pred=4.617629 diff=-0.137515 abs_err=0.137515
INFO | EPOCH_039 | TOP 5 WORST masked points (largest abs_err):
INFO | EPOCH_039 | [B=17, T=6, D=6] true=0.042953 pred=3.993475 diff=+3.950522 abs_err=3.950522
INFO | EPOCH_039 | [B=17, T=2, D=6] true=0.050544 pred=3.994669 diff=+3.944125 abs_err=3.944125
INFO | EPOCH_039 | [B=46, T=13, D=6] true=0.022954 pred=3.219686 diff=+3.196732 abs_err=3.196732
INFO | EPOCH_039 | [B=46, T=10, D=6] true=0.025506 pred=3.221313 diff=+3.195806 abs_err=3.195806
INFO | EPOCH_039 | [B=37, T=28, D=6] true=5.711285 pred=3.122150 diff=-2.589135 abs_err=2.589135
INFO | EPOCH_039 | TOP 5 BEST/CORRECT masked points (smallest abs_err):
INFO | EPOCH_039 | [B=30, T=23, D=5] true=0.485124 pred=0.485102 diff=-0.000022 abs_err=0.000022
INFO | EPOCH_039 | [B=51, T=24, D=2] true=0.362603 pred=0.362518 diff=-0.000084 abs_err=0.000084
INFO | EPOCH_039 | [B=31, T=4, D=9] true=2.819476 pred=2.819389 diff=-0.000087 abs_err=0.000087
INFO | EPOCH_039 | [B=32, T=23, D=5] true=0.429141 pred=0.429021 diff=-0.000120 abs_err=0.000120
INFO | EPOCH_039 | [B=10, T=16, D=3] true=2.631368 pred=2.631203 diff=-0.000166 abs_err=0.000166
INFO | EPOCH_049 | RANDOM 15 masked points (true, pred, diff, abs_err):
INFO | EPOCH_049 | [B=34, T=13, D=10] true=2.969392 pred=2.517361 diff=-0.452031 abs_err=0.452031
INFO | EPOCH_049 | [B=51, T=12, D=1] true=2.745738 pred=2.555949 diff=-0.189789 abs_err=0.189789
INFO | EPOCH_049 | [B=32, T=25, D=9] true=1.367625 pred=1.745302 diff=+0.377677 abs_err=0.377677
INFO | EPOCH_049 | [B=38, T=5, D=7] true=2.388947 pred=2.344249 diff=-0.044698 abs_err=0.044698
INFO | EPOCH_049 | [B=15, T=6, D=3] true=4.191235 pred=4.063125 diff=-0.128110 abs_err=0.128110
INFO | EPOCH_049 | [B=58, T=21, D=8] true=0.263931 pred=0.214648 diff=-0.049283 abs_err=0.049283
INFO | EPOCH_049 | [B=62, T=24, D=7] true=0.995568 pred=1.274138 diff=+0.278570 abs_err=0.278570
INFO | EPOCH_049 | [B=47, T=20, D=2] true=0.467316 pred=0.325782 diff=-0.141534 abs_err=0.141534
INFO | EPOCH_049 | [B=8, T=18, D=7] true=1.179497 pred=1.249142 diff=+0.069645 abs_err=0.069645
INFO | EPOCH_049 | [B=20, T=13, D=8] true=0.677175 pred=0.932141 diff=+0.254966 abs_err=0.254966
INFO | EPOCH_049 | [B=58, T=18, D=5] true=0.273237 pred=0.390057 diff=+0.116820 abs_err=0.116820
INFO | EPOCH_049 | [B=60, T=2, D=10] true=0.577363 pred=1.526628 diff=+0.949265 abs_err=0.949265
INFO | EPOCH_049 | [B=52, T=4, D=5] true=0.540531 pred=0.245723 diff=-0.294809 abs_err=0.294809
INFO | EPOCH_049 | [B=56, T=20, D=8] true=0.099084 pred=0.314047 diff=+0.214963 abs_err=0.214963
INFO | EPOCH_049 | [B=59, T=26, D=10] true=1.274188 pred=1.238166 diff=-0.036022 abs_err=0.036022
INFO | EPOCH_049 | TOP 5 WORST masked points (largest abs_err):
INFO | EPOCH_049 | [B=26, T=5, D=9] true=0.757862 pred=3.549791 diff=+2.791929 abs_err=2.791929
INFO | EPOCH_049 | [B=51, T=26, D=0] true=3.701226 pred=1.529148 diff=-2.172079 abs_err=2.172079
INFO | EPOCH_049 | [B=53, T=23, D=9] true=3.769167 pred=1.605533 diff=-2.163634 abs_err=2.163634
INFO | EPOCH_049 | [B=53, T=25, D=9] true=3.762194 pred=1.614342 diff=-2.147852 abs_err=2.147852
INFO | EPOCH_049 | [B=49, T=14, D=10] true=0.506230 pred=2.649341 diff=+2.143111 abs_err=2.143111
INFO | EPOCH_049 | TOP 5 BEST/CORRECT masked points (smallest abs_err):
INFO | EPOCH_049 | [B=62, T=1, D=9] true=1.851889 pred=1.851883 diff=-0.000006 abs_err=0.000006
INFO | EPOCH_049 | [B=22, T=1, D=11] true=0.598984 pred=0.598896 diff=-0.000088 abs_err=0.000088
INFO | EPOCH_049 | [B=49, T=25, D=9] true=1.585020 pred=1.584906 diff=-0.000114 abs_err=0.000114
INFO | EPOCH_049 | [B=13, T=25, D=8] true=0.775457 pred=0.775581 diff=+0.000124 abs_err=0.000124
INFO | EPOCH_049 | [B=12, T=6, D=11] true=0.933073 pred=0.932937 diff=-0.000136 abs_err=0.000136
INFO | EPOCH_059 | RANDOM 15 masked points (true, pred, diff, abs_err):
INFO | EPOCH_059 | [B=56, T=23, D=2] true=0.195536 pred=0.256376 diff=+0.060840 abs_err=0.060840
INFO | EPOCH_059 | [B=0, T=12, D=4] true=0.842883 pred=0.913804 diff=+0.070921 abs_err=0.070921
INFO | EPOCH_059 | [B=40, T=25, D=1] true=2.129628 pred=1.808810 diff=-0.320818 abs_err=0.320818
INFO | EPOCH_059 | [B=26, T=27, D=10] true=1.883699 pred=1.682878 diff=-0.200821 abs_err=0.200821
INFO | EPOCH_059 | [B=35, T=22, D=4] true=2.129098 pred=2.446478 diff=+0.317379 abs_err=0.317379
INFO | EPOCH_059 | [B=24, T=0, D=11] true=0.801173 pred=0.794976 diff=-0.006197 abs_err=0.006197
INFO | EPOCH_059 | [B=10, T=2, D=10] true=1.221784 pred=1.161309 diff=-0.060475 abs_err=0.060475
INFO | EPOCH_059 | [B=19, T=14, D=11] true=1.180915 pred=0.771261 diff=-0.409654 abs_err=0.409654
INFO | EPOCH_059 | [B=63, T=13, D=2] true=0.529871 pred=0.470125 diff=-0.059746 abs_err=0.059746
INFO | EPOCH_059 | [B=9, T=15, D=8] true=-0.275955 pred=0.208874 diff=+0.484830 abs_err=0.484830
INFO | EPOCH_059 | [B=40, T=24, D=3] true=3.503489 pred=3.695921 diff=+0.192432 abs_err=0.192432
INFO | EPOCH_059 | [B=34, T=10, D=2] true=0.229226 pred=0.325475 diff=+0.096249 abs_err=0.096249
INFO | EPOCH_059 | [B=23, T=6, D=4] true=1.613388 pred=1.408810 diff=-0.204578 abs_err=0.204578
INFO | EPOCH_059 | [B=23, T=16, D=2] true=0.352704 pred=0.247817 diff=-0.104887 abs_err=0.104887
INFO | EPOCH_059 | [B=42, T=3, D=5] true=0.335190 pred=0.399408 diff=+0.064218 abs_err=0.064218
INFO | EPOCH_059 | TOP 5 WORST masked points (largest abs_err):
INFO | EPOCH_059 | [B=35, T=20, D=3] true=0.534949 pred=3.148902 diff=+2.613953 abs_err=2.613953
INFO | EPOCH_059 | [B=51, T=24, D=6] true=3.759710 pred=1.476497 diff=-2.283213 abs_err=2.283213
INFO | EPOCH_059 | [B=63, T=23, D=3] true=1.364607 pred=3.509418 diff=+2.144811 abs_err=2.144811
INFO | EPOCH_059 | [B=1, T=15, D=3] true=1.012525 pred=3.109867 diff=+2.097342 abs_err=2.097342
INFO | EPOCH_059 | [B=46, T=14, D=2] true=2.224028 pred=0.144592 diff=-2.079436 abs_err=2.079436
INFO | EPOCH_059 | TOP 5 BEST/CORRECT masked points (smallest abs_err):
INFO | EPOCH_059 | [B=37, T=32, D=4] true=1.249730 pred=1.249718 diff=-0.000012 abs_err=0.000012
INFO | EPOCH_059 | [B=21, T=13, D=11] true=0.873485 pred=0.873461 diff=-0.000024 abs_err=0.000024
INFO | EPOCH_059 | [B=51, T=2, D=2] true=0.169368 pred=0.169338 diff=-0.000030 abs_err=0.000030
INFO | EPOCH_059 | [B=32, T=11, D=10] true=2.115074 pred=2.115116 diff=+0.000042 abs_err=0.000042
INFO | EPOCH_059 | [B=23, T=11, D=10] true=1.430600 pred=1.430643 diff=+0.000043 abs_err=0.000043
INFO | EPOCH_069 | RANDOM 15 masked points (true, pred, diff, abs_err):
INFO | EPOCH_069 | [B=15, T=26, D=2] true=0.258241 pred=-0.023213 diff=-0.281454 abs_err=0.281454
INFO | EPOCH_069 | [B=45, T=19, D=0] true=0.422081 pred=1.184167 diff=+0.762086 abs_err=0.762086
INFO | EPOCH_069 | [B=53, T=17, D=11] true=0.569476 pred=0.614962 diff=+0.045486 abs_err=0.045486
INFO | EPOCH_069 | [B=5, T=9, D=10] true=1.364046 pred=1.421083 diff=+0.057038 abs_err=0.057038
INFO | EPOCH_069 | [B=44, T=6, D=10] true=2.224000 pred=2.350243 diff=+0.126244 abs_err=0.126244
INFO | EPOCH_069 | [B=34, T=13, D=2] true=-0.195162 pred=-0.046138 diff=+0.149024 abs_err=0.149024
INFO | EPOCH_069 | [B=57, T=1, D=0] true=2.901326 pred=2.874646 diff=-0.026679 abs_err=0.026679
INFO | EPOCH_069 | [B=31, T=1, D=2] true=0.017461 pred=0.314606 diff=+0.297145 abs_err=0.297145
INFO | EPOCH_069 | [B=45, T=24, D=8] true=0.818655 pred=0.716136 diff=-0.102519 abs_err=0.102519
INFO | EPOCH_069 | [B=44, T=25, D=9] true=1.060182 pred=1.232988 diff=+0.172806 abs_err=0.172806
INFO | EPOCH_069 | [B=28, T=4, D=1] true=1.771338 pred=1.755757 diff=-0.015581 abs_err=0.015581
INFO | EPOCH_069 | [B=37, T=12, D=0] true=3.020034 pred=2.842384 diff=-0.177650 abs_err=0.177650
INFO | EPOCH_069 | [B=6, T=25, D=6] true=2.895621 pred=2.588043 diff=-0.307577 abs_err=0.307577
INFO | EPOCH_069 | [B=48, T=29, D=2] true=0.270235 pred=0.217965 diff=-0.052269 abs_err=0.052269
INFO | EPOCH_069 | [B=20, T=29, D=11] true=0.479279 pred=0.602392 diff=+0.123113 abs_err=0.123113
INFO | EPOCH_069 | TOP 5 WORST masked points (largest abs_err):
INFO | EPOCH_069 | [B=7, T=3, D=0] true=5.087778 pred=2.446863 diff=-2.640915 abs_err=2.640915
INFO | EPOCH_069 | [B=39, T=23, D=3] true=1.330343 pred=3.949777 diff=+2.619434 abs_err=2.619434
INFO | EPOCH_069 | [B=60, T=21, D=6] true=1.315996 pred=3.907236 diff=+2.591240 abs_err=2.591240
INFO | EPOCH_069 | [B=60, T=15, D=6] true=1.323426 pred=3.904085 diff=+2.580659 abs_err=2.580659
INFO | EPOCH_069 | [B=60, T=8, D=6] true=1.323833 pred=3.902627 diff=+2.578794 abs_err=2.578794
INFO | EPOCH_069 | TOP 5 BEST/CORRECT masked points (smallest abs_err):
INFO | EPOCH_069 | [B=60, T=30, D=0] true=1.840148 pred=1.840128 diff=-0.000020 abs_err=0.000020
INFO | EPOCH_069 | [B=7, T=5, D=0] true=3.627611 pred=3.627634 diff=+0.000024 abs_err=0.000024
INFO | EPOCH_069 | [B=20, T=18, D=10] true=1.305102 pred=1.305151 diff=+0.000049 abs_err=0.000049
INFO | EPOCH_069 | [B=50, T=26, D=2] true=0.342047 pred=0.341979 diff=-0.000068 abs_err=0.000068
INFO | EPOCH_069 | [B=7, T=4, D=11] true=0.874578 pred=0.874505 diff=-0.000073 abs_err=0.000073
INFO | EPOCH_079 | RANDOM 15 masked points (true, pred, diff, abs_err):
INFO | EPOCH_079 | [B=60, T=12, D=10] true=1.463305 pred=1.345914 diff=-0.117391 abs_err=0.117391
INFO | EPOCH_079 | [B=13, T=4, D=11] true=0.229573 pred=0.581509 diff=+0.351935 abs_err=0.351935
INFO | EPOCH_079 | [B=27, T=5, D=5] true=0.215333 pred=0.238752 diff=+0.023419 abs_err=0.023419
INFO | EPOCH_079 | [B=53, T=14, D=4] true=1.680774 pred=1.739665 diff=+0.058891 abs_err=0.058891
INFO | EPOCH_079 | [B=35, T=12, D=11] true=1.216608 pred=1.020520 diff=-0.196088 abs_err=0.196088
INFO | EPOCH_079 | [B=33, T=20, D=6] true=2.775656 pred=2.659904 diff=-0.115752 abs_err=0.115752
INFO | EPOCH_079 | [B=49, T=3, D=7] true=2.325116 pred=2.225868 diff=-0.099249 abs_err=0.099249
INFO | EPOCH_079 | [B=32, T=11, D=0] true=3.403226 pred=3.342130 diff=-0.061096 abs_err=0.061096
INFO | EPOCH_079 | [B=2, T=26, D=10] true=1.192743 pred=1.159949 diff=-0.032794 abs_err=0.032794
INFO | EPOCH_079 | [B=60, T=25, D=4] true=1.394591 pred=1.307183 diff=-0.087408 abs_err=0.087408
INFO | EPOCH_079 | [B=49, T=20, D=0] true=3.756605 pred=3.614098 diff=-0.142507 abs_err=0.142507
INFO | EPOCH_079 | [B=32, T=1, D=11] true=0.970575 pred=0.879394 diff=-0.091181 abs_err=0.091181
INFO | EPOCH_079 | [B=17, T=24, D=3] true=2.448761 pred=2.749521 diff=+0.300761 abs_err=0.300761
INFO | EPOCH_079 | [B=18, T=19, D=6] true=1.475799 pred=1.869103 diff=+0.393304 abs_err=0.393304
INFO | EPOCH_079 | [B=57, T=13, D=0] true=3.691152 pred=3.533201 diff=-0.157951 abs_err=0.157951
INFO | EPOCH_079 | TOP 5 WORST masked points (largest abs_err):
INFO | EPOCH_079 | [B=25, T=9, D=9] true=3.972294 pred=1.804322 diff=-2.167972 abs_err=2.167972
INFO | EPOCH_079 | [B=49, T=9, D=10] true=0.435262 pred=2.296852 diff=+1.861591 abs_err=1.861591
INFO | EPOCH_079 | [B=28, T=13, D=10] true=0.457716 pred=2.293741 diff=+1.836026 abs_err=1.836026
INFO | EPOCH_079 | [B=29, T=4, D=10] true=0.463057 pred=2.283155 diff=+1.820098 abs_err=1.820098
INFO | EPOCH_079 | [B=49, T=15, D=10] true=0.483593 pred=2.290273 diff=+1.806680 abs_err=1.806680
INFO | EPOCH_079 | TOP 5 BEST/CORRECT masked points (smallest abs_err):
INFO | EPOCH_079 | [B=36, T=4, D=5] true=0.427930 pred=0.427980 diff=+0.000050 abs_err=0.000050
INFO | EPOCH_079 | [B=45, T=10, D=7] true=2.305151 pred=2.305208 diff=+0.000057 abs_err=0.000057
INFO | EPOCH_079 | [B=16, T=29, D=10] true=1.731921 pred=1.732005 diff=+0.000084 abs_err=0.000084
INFO | EPOCH_079 | [B=25, T=16, D=4] true=1.864635 pred=1.864502 diff=-0.000133 abs_err=0.000133
INFO | EPOCH_079 | [B=4, T=22, D=4] true=1.270667 pred=1.270809 diff=+0.000142 abs_err=0.000142
INFO | EPOCH_089 | RANDOM 15 masked points (true, pred, diff, abs_err):
INFO | EPOCH_089 | [B=20, T=16, D=9] true=2.632362 pred=2.358879 diff=-0.273484 abs_err=0.273484
INFO | EPOCH_089 | [B=11, T=12, D=11] true=0.507927 pred=0.521637 diff=+0.013710 abs_err=0.013710
INFO | EPOCH_089 | [B=13, T=10, D=9] true=1.794272 pred=1.788594 diff=-0.005677 abs_err=0.005677
INFO | EPOCH_089 | [B=9, T=11, D=8] true=0.717531 pred=0.484967 diff=-0.232564 abs_err=0.232564
INFO | EPOCH_089 | [B=17, T=20, D=3] true=1.614590 pred=1.782974 diff=+0.168384 abs_err=0.168384
INFO | EPOCH_089 | [B=55, T=0, D=2] true=0.380267 pred=0.296770 diff=-0.083497 abs_err=0.083497
INFO | EPOCH_089 | [B=9, T=15, D=11] true=0.280067 pred=0.288193 diff=+0.008126 abs_err=0.008126
INFO | EPOCH_089 | [B=30, T=23, D=6] true=1.521074 pred=1.176647 diff=-0.344426 abs_err=0.344426
INFO | EPOCH_089 | [B=62, T=27, D=11] true=0.418445 pred=0.384024 diff=-0.034421 abs_err=0.034421
INFO | EPOCH_089 | [B=24, T=26, D=8] true=1.164517 pred=0.895200 diff=-0.269317 abs_err=0.269317
INFO | EPOCH_089 | [B=35, T=25, D=4] true=1.652008 pred=1.446285 diff=-0.205722 abs_err=0.205722
INFO | EPOCH_089 | [B=16, T=2, D=0] true=1.725808 pred=1.746745 diff=+0.020937 abs_err=0.020937
INFO | EPOCH_089 | [B=15, T=13, D=10] true=1.154483 pred=1.402360 diff=+0.247877 abs_err=0.247877
INFO | EPOCH_089 | [B=24, T=3, D=1] true=1.856502 pred=1.779902 diff=-0.076600 abs_err=0.076600
INFO | EPOCH_089 | [B=15, T=23, D=5] true=0.005933 pred=0.034220 diff=+0.028286 abs_err=0.028286
INFO | EPOCH_089 | TOP 5 WORST masked points (largest abs_err):
INFO | EPOCH_089 | [B=28, T=19, D=11] true=-1.985981 pred=0.545830 diff=+2.531811 abs_err=2.531811
INFO | EPOCH_089 | [B=9, T=18, D=6] true=3.577968 pred=1.101949 diff=-2.476019 abs_err=2.476019
INFO | EPOCH_089 | [B=9, T=8, D=6] true=3.547465 pred=1.085706 diff=-2.461760 abs_err=2.461760
INFO | EPOCH_089 | [B=44, T=20, D=6] true=0.108967 pred=2.560962 diff=+2.451995 abs_err=2.451995
INFO | EPOCH_089 | [B=43, T=7, D=11] true=2.397161 pred=-0.043415 diff=-2.440577 abs_err=2.440577
INFO | EPOCH_089 | TOP 5 BEST/CORRECT masked points (smallest abs_err):
INFO | EPOCH_089 | [B=20, T=8, D=10] true=2.516830 pred=2.516839 diff=+0.000008 abs_err=0.000008
INFO | EPOCH_089 | [B=11, T=16, D=7] true=1.483159 pred=1.483145 diff=-0.000013 abs_err=0.000013
INFO | EPOCH_089 | [B=15, T=20, D=7] true=1.976443 pred=1.976458 diff=+0.000015 abs_err=0.000015
INFO | EPOCH_089 | [B=37, T=26, D=5] true=0.096250 pred=0.096282 diff=+0.000032 abs_err=0.000032
INFO | EPOCH_089 | [B=40, T=22, D=2] true=0.227349 pred=0.227314 diff=-0.000035 abs_err=0.000035
INFO | EPOCH_099 | RANDOM 15 masked points (true, pred, diff, abs_err):
INFO | EPOCH_099 | [B=37, T=15, D=9] true=2.457353 pred=2.500142 diff=+0.042789 abs_err=0.042789
INFO | EPOCH_099 | [B=45, T=12, D=7] true=1.401618 pred=1.427057 diff=+0.025439 abs_err=0.025439
INFO | EPOCH_099 | [B=13, T=1, D=10] true=1.937760 pred=1.848619 diff=-0.089141 abs_err=0.089141
INFO | EPOCH_099 | [B=61, T=15, D=7] true=1.382499 pred=1.426987 diff=+0.044488 abs_err=0.044488
INFO | EPOCH_099 | [B=48, T=4, D=1] true=1.404665 pred=1.546313 diff=+0.141648 abs_err=0.141648
INFO | EPOCH_099 | [B=32, T=19, D=7] true=1.644820 pred=1.795048 diff=+0.150229 abs_err=0.150229
INFO | EPOCH_099 | [B=12, T=8, D=3] true=3.473114 pred=3.436456 diff=-0.036658 abs_err=0.036658
INFO | EPOCH_099 | [B=23, T=22, D=4] true=2.328849 pred=2.199602 diff=-0.129247 abs_err=0.129247
INFO | EPOCH_099 | [B=34, T=6, D=0] true=2.124115 pred=2.232769 diff=+0.108655 abs_err=0.108655
INFO | EPOCH_099 | [B=5, T=5, D=2] true=0.290719 pred=0.178721 diff=-0.111998 abs_err=0.111998
INFO | EPOCH_099 | [B=61, T=13, D=3] true=3.996557 pred=3.954356 diff=-0.042200 abs_err=0.042200
INFO | EPOCH_099 | [B=42, T=12, D=0] true=1.826070 pred=2.009624 diff=+0.183555 abs_err=0.183555
INFO | EPOCH_099 | [B=30, T=25, D=2] true=0.043740 pred=0.463047 diff=+0.419306 abs_err=0.419306
INFO | EPOCH_099 | [B=53, T=16, D=5] true=0.936177 pred=0.623354 diff=-0.312823 abs_err=0.312823
INFO | EPOCH_099 | [B=50, T=1, D=10] true=1.233876 pred=1.987610 diff=+0.753734 abs_err=0.753734
INFO | EPOCH_099 | TOP 5 WORST masked points (largest abs_err):
INFO | EPOCH_099 | [B=26, T=8, D=6] true=1.595185 pred=4.454146 diff=+2.858961 abs_err=2.858961
INFO | EPOCH_099 | [B=14, T=11, D=6] true=0.115726 pred=2.741539 diff=+2.625814 abs_err=2.625814
INFO | EPOCH_099 | [B=14, T=5, D=6] true=0.146037 pred=2.749373 diff=+2.603337 abs_err=2.603337
INFO | EPOCH_099 | [B=53, T=1, D=11] true=-1.173275 pred=1.136202 diff=+2.309477 abs_err=2.309477
INFO | EPOCH_099 | [B=63, T=15, D=6] true=0.098340 pred=2.393203 diff=+2.294862 abs_err=2.294862
INFO | EPOCH_099 | TOP 5 BEST/CORRECT masked points (smallest abs_err):
INFO | EPOCH_099 | [B=15, T=0, D=9] true=1.971575 pred=1.971569 diff=-0.000006 abs_err=0.000006
INFO | EPOCH_099 | [B=7, T=5, D=10] true=1.518179 pred=1.518187 diff=+0.000008 abs_err=0.000008
INFO | EPOCH_099 | [B=27, T=16, D=10] true=2.362968 pred=2.362980 diff=+0.000012 abs_err=0.000012
INFO | EPOCH_099 | [B=6, T=0, D=10] true=1.563951 pred=1.563938 diff=-0.000012 abs_err=0.000012
INFO | EPOCH_099 | [B=23, T=1, D=4] true=1.587171 pred=1.587200 diff=+0.000030 abs_err=0.000030
INFO | EPOCH_109 | RANDOM 15 masked points (true, pred, diff, abs_err):
INFO | EPOCH_109 | [B=3, T=23, D=9] true=1.527093 pred=1.908440 diff=+0.381347 abs_err=0.381347
INFO | EPOCH_109 | [B=41, T=30, D=3] true=2.934288 pred=2.848524 diff=-0.085765 abs_err=0.085765
INFO | EPOCH_109 | [B=37, T=27, D=2] true=0.587237 pred=0.420087 diff=-0.167150 abs_err=0.167150
INFO | EPOCH_109 | [B=41, T=10, D=3] true=2.956971 pred=2.854107 diff=-0.102864 abs_err=0.102864
INFO | EPOCH_109 | [B=26, T=4, D=7] true=2.429926 pred=2.185146 diff=-0.244781 abs_err=0.244781
INFO | EPOCH_109 | [B=0, T=18, D=4] true=1.712168 pred=1.895601 diff=+0.183433 abs_err=0.183433
INFO | EPOCH_109 | [B=55, T=23, D=11] true=0.624344 pred=0.628059 diff=+0.003715 abs_err=0.003715
INFO | EPOCH_109 | [B=29, T=10, D=0] true=2.801656 pred=2.864013 diff=+0.062357 abs_err=0.062357
INFO | EPOCH_109 | [B=11, T=10, D=11] true=1.317637 pred=0.484134 diff=-0.833504 abs_err=0.833504
INFO | EPOCH_109 | [B=49, T=11, D=4] true=2.309758 pred=1.794360 diff=-0.515399 abs_err=0.515399
INFO | EPOCH_109 | [B=17, T=26, D=5] true=0.304289 pred=0.110411 diff=-0.193878 abs_err=0.193878
INFO | EPOCH_109 | [B=29, T=25, D=7] true=1.221507 pred=1.248885 diff=+0.027378 abs_err=0.027378
INFO | EPOCH_109 | [B=16, T=16, D=1] true=1.521661 pred=2.208209 diff=+0.686548 abs_err=0.686548
INFO | EPOCH_109 | [B=38, T=3, D=3] true=3.333724 pred=3.283522 diff=-0.050202 abs_err=0.050202
INFO | EPOCH_109 | [B=54, T=32, D=1] true=1.482600 pred=1.648166 diff=+0.165566 abs_err=0.165566
INFO | EPOCH_109 | TOP 5 WORST masked points (largest abs_err):
INFO | EPOCH_109 | [B=47, T=24, D=6] true=1.678643 pred=4.398454 diff=+2.719811 abs_err=2.719811
INFO | EPOCH_109 | [B=47, T=28, D=9] true=1.413674 pred=3.985771 diff=+2.572097 abs_err=2.572097
INFO | EPOCH_109 | [B=7, T=7, D=0] true=3.767489 pred=1.301916 diff=-2.465573 abs_err=2.465573
INFO | EPOCH_109 | [B=0, T=28, D=9] true=3.682978 pred=1.514584 diff=-2.168394 abs_err=2.168394
INFO | EPOCH_109 | [B=6, T=22, D=9] true=3.751000 pred=1.612786 diff=-2.138214 abs_err=2.138214
INFO | EPOCH_109 | TOP 5 BEST/CORRECT masked points (smallest abs_err):
INFO | EPOCH_109 | [B=38, T=20, D=2] true=0.476533 pred=0.476535 diff=+0.000002 abs_err=0.000002
INFO | EPOCH_109 | [B=18, T=0, D=1] true=1.631558 pred=1.631562 diff=+0.000004 abs_err=0.000004
INFO | EPOCH_109 | [B=28, T=22, D=2] true=0.317672 pred=0.317689 diff=+0.000017 abs_err=0.000017
INFO | EPOCH_109 | [B=25, T=4, D=4] true=1.186100 pred=1.186083 diff=-0.000017 abs_err=0.000017
INFO | EPOCH_109 | [B=11, T=1, D=10] true=2.183411 pred=2.183444 diff=+0.000032 abs_err=0.000032
INFO | EPOCH_119 | RANDOM 15 masked points (true, pred, diff, abs_err):
INFO | EPOCH_119 | [B=35, T=17, D=7] true=1.986970 pred=1.969054 diff=-0.017915 abs_err=0.017915
INFO | EPOCH_119 | [B=60, T=28, D=0] true=3.057400 pred=2.862948 diff=-0.194452 abs_err=0.194452
INFO | EPOCH_119 | [B=6, T=2, D=2] true=-0.194397 pred=-0.068386 diff=+0.126011 abs_err=0.126011
INFO | EPOCH_119 | [B=48, T=21, D=2] true=0.445132 pred=0.451765 diff=+0.006633 abs_err=0.006633
INFO | EPOCH_119 | [B=1, T=5, D=9] true=2.933452 pred=2.829570 diff=-0.103883 abs_err=0.103883
INFO | EPOCH_119 | [B=30, T=26, D=0] true=3.274898 pred=3.117171 diff=-0.157727 abs_err=0.157727
INFO | EPOCH_119 | [B=55, T=18, D=11] true=0.828989 pred=0.767300 diff=-0.061688 abs_err=0.061688
INFO | EPOCH_119 | [B=41, T=21, D=3] true=3.321779 pred=3.224772 diff=-0.097007 abs_err=0.097007
INFO | EPOCH_119 | [B=28, T=29, D=2] true=0.108283 pred=0.006196 diff=-0.102087 abs_err=0.102087
INFO | EPOCH_119 | [B=15, T=25, D=0] true=3.580895 pred=3.331051 diff=-0.249844 abs_err=0.249844
INFO | EPOCH_119 | [B=47, T=5, D=4] true=2.234154 pred=2.131119 diff=-0.103035 abs_err=0.103035
INFO | EPOCH_119 | [B=46, T=16, D=1] true=1.100238 pred=1.309537 diff=+0.209299 abs_err=0.209299
INFO | EPOCH_119 | [B=29, T=14, D=9] true=3.294315 pred=3.111413 diff=-0.182902 abs_err=0.182902
INFO | EPOCH_119 | [B=47, T=31, D=10] true=1.988450 pred=2.084795 diff=+0.096345 abs_err=0.096345
INFO | EPOCH_119 | [B=30, T=2, D=11] true=0.663264 pred=0.603972 diff=-0.059292 abs_err=0.059292
INFO | EPOCH_119 | TOP 5 WORST masked points (largest abs_err):
INFO | EPOCH_119 | [B=17, T=2, D=6] true=0.050544 pred=3.771225 diff=+3.720680 abs_err=3.720680
INFO | EPOCH_119 | [B=17, T=6, D=6] true=0.042953 pred=3.758678 diff=+3.715725 abs_err=3.715725
INFO | EPOCH_119 | [B=37, T=28, D=6] true=5.711285 pred=3.060680 diff=-2.650605 abs_err=2.650605
INFO | EPOCH_119 | [B=55, T=27, D=9] true=1.255944 pred=3.663649 diff=+2.407706 abs_err=2.407706
INFO | EPOCH_119 | [B=32, T=28, D=3] true=1.292231 pred=3.629760 diff=+2.337528 abs_err=2.337528
INFO | EPOCH_119 | TOP 5 BEST/CORRECT masked points (smallest abs_err):
INFO | EPOCH_119 | [B=8, T=4, D=1] true=1.567723 pred=1.567750 diff=+0.000026 abs_err=0.000026
INFO | EPOCH_119 | [B=58, T=9, D=1] true=1.350344 pred=1.350296 diff=-0.000048 abs_err=0.000048
INFO | EPOCH_119 | [B=3, T=28, D=10] true=1.188190 pred=1.188241 diff=+0.000051 abs_err=0.000051
INFO | EPOCH_119 | [B=51, T=4, D=2] true=0.093278 pred=0.093356 diff=+0.000078 abs_err=0.000078
INFO | EPOCH_119 | [B=3, T=22, D=3] true=3.199413 pred=3.199325 diff=-0.000089 abs_err=0.000089
INFO | EPOCH_129 | RANDOM 15 masked points (true, pred, diff, abs_err):
INFO | EPOCH_129 | [B=5, T=13, D=7] true=1.501810 pred=1.301971 diff=-0.199839 abs_err=0.199839
INFO | EPOCH_129 | [B=44, T=21, D=2] true=0.356923 pred=0.388816 diff=+0.031893 abs_err=0.031893
INFO | EPOCH_129 | [B=12, T=21, D=10] true=1.641223 pred=1.269987 diff=-0.371236 abs_err=0.371236
INFO | EPOCH_129 | [B=45, T=10, D=1] true=1.860253 pred=1.846016 diff=-0.014236 abs_err=0.014236
INFO | EPOCH_129 | [B=47, T=11, D=4] true=2.264342 pred=2.455922 diff=+0.191581 abs_err=0.191581
INFO | EPOCH_129 | [B=51, T=5, D=1] true=2.734976 pred=2.533366 diff=-0.201610 abs_err=0.201610
INFO | EPOCH_129 | [B=4, T=7, D=0] true=3.731907 pred=3.349269 diff=-0.382639 abs_err=0.382639
INFO | EPOCH_129 | [B=46, T=24, D=8] true=-0.166132 pred=0.237272 diff=+0.403404 abs_err=0.403404
INFO | EPOCH_129 | [B=45, T=3, D=11] true=-0.387648 pred=-0.158302 diff=+0.229347 abs_err=0.229347
INFO | EPOCH_129 | [B=30, T=16, D=2] true=0.216427 pred=0.172541 diff=-0.043886 abs_err=0.043886
INFO | EPOCH_129 | [B=41, T=23, D=4] true=2.273292 pred=2.300544 diff=+0.027252 abs_err=0.027252
INFO | EPOCH_129 | [B=34, T=21, D=4] true=1.333875 pred=1.248823 diff=-0.085052 abs_err=0.085052
INFO | EPOCH_129 | [B=26, T=1, D=8] true=1.368514 pred=1.274957 diff=-0.093556 abs_err=0.093556
INFO | EPOCH_129 | [B=3, T=1, D=1] true=1.181898 pred=1.229365 diff=+0.047467 abs_err=0.047467
INFO | EPOCH_129 | [B=30, T=22, D=2] true=0.340641 pred=0.061205 diff=-0.279437 abs_err=0.279437
INFO | EPOCH_129 | TOP 5 WORST masked points (largest abs_err):
INFO | EPOCH_129 | [B=46, T=10, D=6] true=0.025506 pred=3.073877 diff=+3.048371 abs_err=3.048371
INFO | EPOCH_129 | [B=46, T=13, D=6] true=0.022954 pred=3.060079 diff=+3.037124 abs_err=3.037124
INFO | EPOCH_129 | [B=26, T=5, D=9] true=0.757862 pred=3.461435 diff=+2.703573 abs_err=2.703573
INFO | EPOCH_129 | [B=17, T=16, D=6] true=3.318204 pred=1.077554 diff=-2.240650 abs_err=2.240650
INFO | EPOCH_129 | [B=49, T=13, D=2] true=2.202316 pred=-0.036396 diff=-2.238712 abs_err=2.238712
INFO | EPOCH_129 | TOP 5 BEST/CORRECT masked points (smallest abs_err):
INFO | EPOCH_129 | [B=41, T=5, D=7] true=1.411073 pred=1.411089 diff=+0.000016 abs_err=0.000016
INFO | EPOCH_129 | [B=52, T=0, D=10] true=1.302006 pred=1.302047 diff=+0.000041 abs_err=0.000041
INFO | EPOCH_129 | [B=3, T=23, D=11] true=0.774911 pred=0.774959 diff=+0.000048 abs_err=0.000048
INFO | EPOCH_129 | [B=45, T=15, D=2] true=0.382435 pred=0.382376 diff=-0.000060 abs_err=0.000060
INFO | EPOCH_129 | [B=37, T=13, D=0] true=2.493765 pred=2.493830 diff=+0.000066 abs_err=0.000066
INFO | EPOCH_139 | RANDOM 15 masked points (true, pred, diff, abs_err):
INFO | EPOCH_139 | [B=26, T=30, D=9] true=2.313679 pred=2.007589 diff=-0.306090 abs_err=0.306090
INFO | EPOCH_139 | [B=44, T=9, D=4] true=2.124662 pred=2.045055 diff=-0.079607 abs_err=0.079607
INFO | EPOCH_139 | [B=55, T=19, D=9] true=2.910775 pred=3.257470 diff=+0.346695 abs_err=0.346695
INFO | EPOCH_139 | [B=44, T=9, D=11] true=0.672431 pred=0.739255 diff=+0.066824 abs_err=0.066824
INFO | EPOCH_139 | [B=23, T=16, D=1] true=1.618078 pred=1.313007 diff=-0.305072 abs_err=0.305072
INFO | EPOCH_139 | [B=21, T=14, D=4] true=1.210203 pred=1.195141 diff=-0.015062 abs_err=0.015062
INFO | EPOCH_139 | [B=16, T=26, D=4] true=1.883925 pred=1.643797 diff=-0.240128 abs_err=0.240128
INFO | EPOCH_139 | [B=9, T=21, D=3] true=3.345795 pred=3.412824 diff=+0.067029 abs_err=0.067029
INFO | EPOCH_139 | [B=14, T=7, D=6] true=4.597677 pred=4.650547 diff=+0.052870 abs_err=0.052870
INFO | EPOCH_139 | [B=52, T=6, D=4] true=1.099287 pred=1.199035 diff=+0.099748 abs_err=0.099748
INFO | EPOCH_139 | [B=20, T=31, D=0] true=3.370023 pred=3.415947 diff=+0.045924 abs_err=0.045924
INFO | EPOCH_139 | [B=50, T=4, D=2] true=0.077613 pred=-0.082259 diff=-0.159873 abs_err=0.159873
INFO | EPOCH_139 | [B=42, T=15, D=10] true=1.975433 pred=2.285789 diff=+0.310356 abs_err=0.310356
INFO | EPOCH_139 | [B=41, T=13, D=5] true=0.346983 pred=0.407247 diff=+0.060264 abs_err=0.060264
INFO | EPOCH_139 | [B=2, T=30, D=1] true=1.306189 pred=1.276248 diff=-0.029941 abs_err=0.029941
INFO | EPOCH_139 | TOP 5 WORST masked points (largest abs_err):
INFO | EPOCH_139 | [B=51, T=24, D=6] true=3.759710 pred=1.476708 diff=-2.283002 abs_err=2.283002
INFO | EPOCH_139 | [B=63, T=23, D=3] true=1.364607 pred=3.550498 diff=+2.185891 abs_err=2.185891
INFO | EPOCH_139 | [B=36, T=17, D=9] true=3.693735 pred=1.570908 diff=-2.122827 abs_err=2.122827
INFO | EPOCH_139 | [B=36, T=28, D=9] true=3.660822 pred=1.571628 diff=-2.089194 abs_err=2.089194
INFO | EPOCH_139 | [B=58, T=14, D=3] true=1.426142 pred=3.510678 diff=+2.084536 abs_err=2.084536
INFO | EPOCH_139 | TOP 5 BEST/CORRECT masked points (smallest abs_err):
INFO | EPOCH_139 | [B=34, T=9, D=5] true=0.311840 pred=0.311884 diff=+0.000043 abs_err=0.000043
INFO | EPOCH_139 | [B=22, T=4, D=0] true=3.360309 pred=3.360366 diff=+0.000057 abs_err=0.000057
INFO | EPOCH_139 | [B=36, T=3, D=4] true=1.641598 pred=1.641658 diff=+0.000061 abs_err=0.000061
INFO | EPOCH_139 | [B=19, T=2, D=11] true=0.764396 pred=0.764479 diff=+0.000083 abs_err=0.000083
INFO | EPOCH_139 | [B=10, T=15, D=8] true=1.209849 pred=1.209955 diff=+0.000107 abs_err=0.000107
INFO | EPOCH_149 | RANDOM 15 masked points (true, pred, diff, abs_err):
INFO | EPOCH_149 | [B=27, T=13, D=10] true=1.126300 pred=1.086896 diff=-0.039404 abs_err=0.039404
INFO | EPOCH_149 | [B=2, T=26, D=4] true=1.482679 pred=1.506922 diff=+0.024243 abs_err=0.024243
INFO | EPOCH_149 | [B=50, T=7, D=1] true=2.269195 pred=2.202864 diff=-0.066331 abs_err=0.066331
INFO | EPOCH_149 | [B=27, T=7, D=10] true=1.335979 pred=1.324392 diff=-0.011587 abs_err=0.011587
INFO | EPOCH_149 | [B=20, T=8, D=2] true=0.194285 pred=0.069004 diff=-0.125281 abs_err=0.125281
INFO | EPOCH_149 | [B=45, T=7, D=3] true=2.749603 pred=2.648952 diff=-0.100651 abs_err=0.100651
INFO | EPOCH_149 | [B=26, T=22, D=10] true=1.331425 pred=1.284959 diff=-0.046466 abs_err=0.046466
INFO | EPOCH_149 | [B=8, T=2, D=11] true=0.834529 pred=0.662356 diff=-0.172173 abs_err=0.172173
INFO | EPOCH_149 | [B=29, T=14, D=1] true=1.395296 pred=1.497886 diff=+0.102590 abs_err=0.102590
INFO | EPOCH_149 | [B=54, T=13, D=9] true=3.701689 pred=2.914770 diff=-0.786919 abs_err=0.786919
INFO | EPOCH_149 | [B=4, T=1, D=5] true=0.346710 pred=0.271289 diff=-0.075421 abs_err=0.075421
INFO | EPOCH_149 | [B=59, T=25, D=8] true=0.881154 pred=0.856337 diff=-0.024816 abs_err=0.024816
INFO | EPOCH_149 | [B=35, T=17, D=8] true=1.561302 pred=1.066755 diff=-0.494547 abs_err=0.494547
INFO | EPOCH_149 | [B=29, T=29, D=11] true=0.046492 pred=0.319472 diff=+0.272980 abs_err=0.272980
INFO | EPOCH_149 | [B=11, T=2, D=5] true=0.437728 pred=0.335356 diff=-0.102372 abs_err=0.102372
INFO | EPOCH_149 | TOP 5 WORST masked points (largest abs_err):
INFO | EPOCH_149 | [B=35, T=20, D=3] true=0.534949 pred=3.168671 diff=+2.633722 abs_err=2.633722
INFO | EPOCH_149 | [B=46, T=14, D=2] true=2.224028 pred=0.064127 diff=-2.159901 abs_err=2.159901
INFO | EPOCH_149 | [B=37, T=25, D=0] true=0.800751 pred=2.839345 diff=+2.038594 abs_err=2.038594
INFO | EPOCH_149 | [B=35, T=20, D=5] true=2.149199 pred=0.166426 diff=-1.982772 abs_err=1.982772
INFO | EPOCH_149 | [B=46, T=14, D=0] true=5.050667 pred=3.088115 diff=-1.962552 abs_err=1.962552
INFO | EPOCH_149 | TOP 5 BEST/CORRECT masked points (smallest abs_err):
INFO | EPOCH_149 | [B=5, T=2, D=10] true=1.263396 pred=1.263390 diff=-0.000006 abs_err=0.000006
INFO | EPOCH_149 | [B=2, T=10, D=3] true=2.990907 pred=2.990882 diff=-0.000026 abs_err=0.000026
INFO | EPOCH_149 | [B=55, T=12, D=4] true=1.488222 pred=1.488317 diff=+0.000095 abs_err=0.000095
INFO | EPOCH_149 | [B=20, T=6, D=8] true=0.521014 pred=0.521122 diff=+0.000108 abs_err=0.000108
INFO | EPOCH_149 | [B=52, T=26, D=7] true=1.483263 pred=1.483374 diff=+0.000110 abs_err=0.000110
INFO | EPOCH_159 | RANDOM 15 masked points (true, pred, diff, abs_err):
INFO | EPOCH_159 | [B=36, T=2, D=6] true=1.158092 pred=1.026574 diff=-0.131518 abs_err=0.131518
INFO | EPOCH_159 | [B=13, T=0, D=3] true=3.724627 pred=3.761567 diff=+0.036940 abs_err=0.036940
INFO | EPOCH_159 | [B=43, T=9, D=4] true=2.367667 pred=2.465132 diff=+0.097465 abs_err=0.097465
INFO | EPOCH_159 | [B=26, T=25, D=2] true=0.451154 pred=0.514480 diff=+0.063326 abs_err=0.063326
INFO | EPOCH_159 | [B=44, T=4, D=4] true=2.392775 pred=2.355469 diff=-0.037306 abs_err=0.037306
INFO | EPOCH_159 | [B=28, T=13, D=5] true=0.070326 pred=0.005468 diff=-0.064857 abs_err=0.064857
INFO | EPOCH_159 | [B=51, T=2, D=2] true=0.496003 pred=0.217290 diff=-0.278714 abs_err=0.278714
INFO | EPOCH_159 | [B=47, T=10, D=0] true=2.521241 pred=2.437897 diff=-0.083343 abs_err=0.083343
INFO | EPOCH_159 | [B=30, T=7, D=7] true=1.992171 pred=2.125664 diff=+0.133493 abs_err=0.133493
INFO | EPOCH_159 | [B=23, T=15, D=3] true=4.142201 pred=3.976466 diff=-0.165735 abs_err=0.165735
INFO | EPOCH_159 | [B=5, T=12, D=1] true=1.408817 pred=1.323853 diff=-0.084964 abs_err=0.084964
INFO | EPOCH_159 | [B=26, T=12, D=3] true=2.433503 pred=2.394675 diff=-0.038827 abs_err=0.038827
INFO | EPOCH_159 | [B=34, T=8, D=1] true=2.762655 pred=2.387087 diff=-0.375568 abs_err=0.375568
INFO | EPOCH_159 | [B=31, T=5, D=2] true=0.692221 pred=0.491148 diff=-0.201073 abs_err=0.201073
INFO | EPOCH_159 | [B=13, T=0, D=3] true=3.521794 pred=3.278167 diff=-0.243626 abs_err=0.243626
INFO | EPOCH_159 | TOP 5 WORST masked points (largest abs_err):
INFO | EPOCH_159 | [B=7, T=3, D=0] true=5.087778 pred=2.414654 diff=-2.673124 abs_err=2.673124
INFO | EPOCH_159 | [B=60, T=21, D=6] true=1.315996 pred=3.985118 diff=+2.669122 abs_err=2.669122
INFO | EPOCH_159 | [B=60, T=8, D=6] true=1.323833 pred=3.991777 diff=+2.667944 abs_err=2.667944
INFO | EPOCH_159 | [B=60, T=15, D=6] true=1.323426 pred=3.988858 diff=+2.665431 abs_err=2.665431
INFO | EPOCH_159 | [B=60, T=28, D=6] true=1.497608 pred=3.980543 diff=+2.482936 abs_err=2.482936
INFO | EPOCH_159 | TOP 5 BEST/CORRECT masked points (smallest abs_err):
INFO | EPOCH_159 | [B=9, T=6, D=6] true=2.596075 pred=2.596091 diff=+0.000016 abs_err=0.000016
INFO | EPOCH_159 | [B=57, T=6, D=2] true=-0.014905 pred=-0.014880 diff=+0.000025 abs_err=0.000025
INFO | EPOCH_159 | [B=29, T=24, D=10] true=1.994910 pred=1.994880 diff=-0.000030 abs_err=0.000030
INFO | EPOCH_159 | [B=54, T=6, D=8] true=0.973527 pred=0.973582 diff=+0.000055 abs_err=0.000055
INFO | EPOCH_159 | [B=1, T=22, D=11] true=0.335126 pred=0.335069 diff=-0.000057 abs_err=0.000057
INFO | EPOCH_169 | RANDOM 15 masked points (true, pred, diff, abs_err):
INFO | EPOCH_169 | [B=34, T=9, D=0] true=1.503981 pred=1.610412 diff=+0.106431 abs_err=0.106431
INFO | EPOCH_169 | [B=37, T=8, D=4] true=1.529828 pred=1.503873 diff=-0.025955 abs_err=0.025955
INFO | EPOCH_169 | [B=57, T=25, D=4] true=1.528112 pred=1.474554 diff=-0.053558 abs_err=0.053558
INFO | EPOCH_169 | [B=14, T=28, D=1] true=1.705917 pred=1.936532 diff=+0.230616 abs_err=0.230616
INFO | EPOCH_169 | [B=30, T=24, D=11] true=0.779982 pred=1.053244 diff=+0.273262 abs_err=0.273262
INFO | EPOCH_169 | [B=9, T=9, D=9] true=4.644578 pred=3.951029 diff=-0.693550 abs_err=0.693550
INFO | EPOCH_169 | [B=38, T=2, D=5] true=0.386409 pred=0.440497 diff=+0.054088 abs_err=0.054088
INFO | EPOCH_169 | [B=6, T=1, D=7] true=1.616749 pred=1.620489 diff=+0.003741 abs_err=0.003741
INFO | EPOCH_169 | [B=63, T=4, D=11] true=0.905977 pred=0.752966 diff=-0.153011 abs_err=0.153011
INFO | EPOCH_169 | [B=53, T=19, D=6] true=3.650530 pred=3.627967 diff=-0.022563 abs_err=0.022563
INFO | EPOCH_169 | [B=16, T=21, D=5] true=0.043036 pred=0.204312 diff=+0.161276 abs_err=0.161276
INFO | EPOCH_169 | [B=36, T=0, D=5] true=-0.035386 pred=-0.019733 diff=+0.015653 abs_err=0.015653
INFO | EPOCH_169 | [B=50, T=6, D=5] true=0.181501 pred=0.262730 diff=+0.081229 abs_err=0.081229
INFO | EPOCH_169 | [B=18, T=21, D=2] true=0.704726 pred=0.526908 diff=-0.177819 abs_err=0.177819
INFO | EPOCH_169 | [B=49, T=9, D=3] true=3.060455 pred=2.773344 diff=-0.287111 abs_err=0.287111
INFO | EPOCH_169 | TOP 5 WORST masked points (largest abs_err):
INFO | EPOCH_169 | [B=28, T=19, D=11] true=-1.985981 pred=0.618901 diff=+2.604882 abs_err=2.604882
INFO | EPOCH_169 | [B=43, T=7, D=11] true=2.397161 pred=-0.122981 diff=-2.520143 abs_err=2.520143
INFO | EPOCH_169 | [B=28, T=19, D=10] true=3.777889 pred=1.482758 diff=-2.295131 abs_err=2.295131
INFO | EPOCH_169 | [B=44, T=7, D=6] true=4.005664 pred=1.801418 diff=-2.204246 abs_err=2.204246
INFO | EPOCH_169 | [B=44, T=6, D=0] true=3.616072 pred=1.413844 diff=-2.202228 abs_err=2.202228
INFO | EPOCH_169 | TOP 5 BEST/CORRECT masked points (smallest abs_err):
INFO | EPOCH_169 | [B=31, T=15, D=2] true=0.362839 pred=0.362854 diff=+0.000014 abs_err=0.000014
INFO | EPOCH_169 | [B=40, T=7, D=4] true=1.408957 pred=1.408941 diff=-0.000016 abs_err=0.000016
INFO | EPOCH_169 | [B=4, T=18, D=7] true=1.603565 pred=1.603595 diff=+0.000030 abs_err=0.000030
INFO | EPOCH_169 | [B=5, T=2, D=6] true=4.763608 pred=4.763674 diff=+0.000065 abs_err=0.000065
INFO | EPOCH_169 | [B=8, T=16, D=9] true=4.106701 pred=4.106780 diff=+0.000079 abs_err=0.000079
INFO | EPOCH_179 | RANDOM 15 masked points (true, pred, diff, abs_err):
INFO | EPOCH_179 | [B=38, T=4, D=8] true=1.197677 pred=1.110893 diff=-0.086784 abs_err=0.086784
INFO | EPOCH_179 | [B=6, T=6, D=3] true=1.773413 pred=1.700124 diff=-0.073289 abs_err=0.073289
INFO | EPOCH_179 | [B=59, T=26, D=2] true=0.428691 pred=0.417519 diff=-0.011172 abs_err=0.011172
INFO | EPOCH_179 | [B=34, T=17, D=0] true=1.802863 pred=1.819389 diff=+0.016526 abs_err=0.016526
INFO | EPOCH_179 | [B=61, T=15, D=8] true=0.697681 pred=0.656756 diff=-0.040925 abs_err=0.040925
INFO | EPOCH_179 | [B=14, T=0, D=10] true=1.562876 pred=1.207066 diff=-0.355810 abs_err=0.355810
INFO | EPOCH_179 | [B=0, T=17, D=7] true=1.545451 pred=1.138393 diff=-0.407058 abs_err=0.407058
INFO | EPOCH_179 | [B=29, T=19, D=7] true=1.853187 pred=1.715655 diff=-0.137532 abs_err=0.137532
INFO | EPOCH_179 | [B=10, T=0, D=0] true=2.233357 pred=1.794443 diff=-0.438915 abs_err=0.438915
INFO | EPOCH_179 | [B=60, T=17, D=7] true=2.433442 pred=2.405423 diff=-0.028019 abs_err=0.028019
INFO | EPOCH_179 | [B=56, T=21, D=4] true=1.388893 pred=1.403367 diff=+0.014474 abs_err=0.014474
INFO | EPOCH_179 | [B=42, T=10, D=1] true=1.430371 pred=1.438334 diff=+0.007963 abs_err=0.007963
INFO | EPOCH_179 | [B=8, T=17, D=1] true=1.195319 pred=1.330742 diff=+0.135422 abs_err=0.135422
INFO | EPOCH_179 | [B=56, T=18, D=11] true=0.343357 pred=0.578357 diff=+0.235000 abs_err=0.235000
INFO | EPOCH_179 | [B=31, T=5, D=7] true=1.206510 pred=1.223742 diff=+0.017232 abs_err=0.017232
INFO | EPOCH_179 | TOP 5 WORST masked points (largest abs_err):
INFO | EPOCH_179 | [B=26, T=8, D=6] true=1.595185 pred=4.511686 diff=+2.916501 abs_err=2.916501
INFO | EPOCH_179 | [B=39, T=11, D=6] true=1.873883 pred=4.604228 diff=+2.730345 abs_err=2.730345
INFO | EPOCH_179 | [B=9, T=18, D=6] true=3.577968 pred=1.086444 diff=-2.491524 abs_err=2.491524
INFO | EPOCH_179 | [B=9, T=8, D=6] true=3.547465 pred=1.134202 diff=-2.413263 abs_err=2.413263
INFO | EPOCH_179 | [B=19, T=25, D=6] true=3.670713 pred=1.320230 diff=-2.350484 abs_err=2.350484
INFO | EPOCH_179 | TOP 5 BEST/CORRECT masked points (smallest abs_err):
INFO | EPOCH_179 | [B=8, T=3, D=8] true=0.672965 pred=0.673010 diff=+0.000045 abs_err=0.000045
INFO | EPOCH_179 | [B=51, T=12, D=3] true=3.236323 pred=3.236398 diff=+0.000075 abs_err=0.000075
INFO | EPOCH_179 | [B=43, T=12, D=2] true=0.332881 pred=0.332960 diff=+0.000079 abs_err=0.000079
INFO | EPOCH_179 | [B=50, T=9, D=9] true=3.004510 pred=3.004594 diff=+0.000083 abs_err=0.000083
INFO | EPOCH_179 | [B=2, T=6, D=5] true=0.294006 pred=0.293879 diff=-0.000127 abs_err=0.000127
INFO | EPOCH_189 | RANDOM 15 masked points (true, pred, diff, abs_err):
INFO | EPOCH_189 | [B=27, T=7, D=9] true=1.693237 pred=1.648320 diff=-0.044917 abs_err=0.044917
INFO | EPOCH_189 | [B=0, T=10, D=11] true=0.745111 pred=0.848047 diff=+0.102936 abs_err=0.102936
INFO | EPOCH_189 | [B=56, T=23, D=9] true=2.610412 pred=2.390170 diff=-0.220241 abs_err=0.220241
INFO | EPOCH_189 | [B=38, T=2, D=5] true=0.838564 pred=0.096354 diff=-0.742210 abs_err=0.742210
INFO | EPOCH_189 | [B=10, T=3, D=0] true=3.685311 pred=3.753777 diff=+0.068465 abs_err=0.068465
INFO | EPOCH_189 | [B=57, T=8, D=0] true=2.945075 pred=2.967005 diff=+0.021930 abs_err=0.021930
INFO | EPOCH_189 | [B=28, T=27, D=4] true=2.236957 pred=2.238812 diff=+0.001855 abs_err=0.001855
INFO | EPOCH_189 | [B=30, T=14, D=4] true=2.209387 pred=2.220084 diff=+0.010697 abs_err=0.010697
INFO | EPOCH_189 | [B=57, T=12, D=9] true=2.746392 pred=2.357186 diff=-0.389206 abs_err=0.389206
INFO | EPOCH_189 | [B=61, T=7, D=11] true=0.830106 pred=0.779873 diff=-0.050233 abs_err=0.050233
INFO | EPOCH_189 | [B=21, T=24, D=6] true=1.172140 pred=1.316412 diff=+0.144273 abs_err=0.144273
INFO | EPOCH_189 | [B=22, T=9, D=10] true=2.055351 pred=2.048198 diff=-0.007153 abs_err=0.007153
INFO | EPOCH_189 | [B=50, T=24, D=1] true=1.512065 pred=1.457184 diff=-0.054881 abs_err=0.054881
INFO | EPOCH_189 | [B=20, T=2, D=0] true=2.270028 pred=2.347740 diff=+0.077712 abs_err=0.077712
INFO | EPOCH_189 | [B=8, T=28, D=11] true=1.013232 pred=0.871897 diff=-0.141335 abs_err=0.141335
INFO | EPOCH_189 | TOP 5 WORST masked points (largest abs_err):
INFO | EPOCH_189 | [B=47, T=24, D=6] true=1.678643 pred=4.428270 diff=+2.749627 abs_err=2.749627
INFO | EPOCH_189 | [B=47, T=28, D=9] true=1.413674 pred=3.947330 diff=+2.533657 abs_err=2.533657
INFO | EPOCH_189 | [B=14, T=5, D=6] true=0.146037 pred=2.676355 diff=+2.530318 abs_err=2.530318
INFO | EPOCH_189 | [B=14, T=11, D=6] true=0.115726 pred=2.621221 diff=+2.505495 abs_err=2.505495
INFO | EPOCH_189 | [B=63, T=15, D=6] true=0.098340 pred=2.352561 diff=+2.254221 abs_err=2.254221
INFO | EPOCH_189 | TOP 5 BEST/CORRECT masked points (smallest abs_err):
INFO | EPOCH_189 | [B=42, T=8, D=7] true=2.089305 pred=2.089315 diff=+0.000011 abs_err=0.000011
INFO | EPOCH_189 | [B=42, T=25, D=3] true=2.376952 pred=2.376936 diff=-0.000016 abs_err=0.000016
INFO | EPOCH_189 | [B=42, T=19, D=11] true=0.139995 pred=0.140012 diff=+0.000017 abs_err=0.000017
INFO | EPOCH_189 | [B=28, T=8, D=7] true=2.427139 pred=2.427157 diff=+0.000018 abs_err=0.000018
INFO | EPOCH_189 | [B=7, T=32, D=1] true=1.390790 pred=1.390767 diff=-0.000023 abs_err=0.000023
INFO | EPOCH_199 | RANDOM 15 masked points (true, pred, diff, abs_err):
INFO | EPOCH_199 | [B=14, T=0, D=0] true=2.846129 pred=2.734259 diff=-0.111871 abs_err=0.111871
INFO | EPOCH_199 | [B=32, T=25, D=2] true=0.691852 pred=0.397644 diff=-0.294208 abs_err=0.294208
INFO | EPOCH_199 | [B=36, T=5, D=3] true=2.934366 pred=2.890307 diff=-0.044058 abs_err=0.044058
INFO | EPOCH_199 | [B=24, T=20, D=8] true=1.350476 pred=1.170463 diff=-0.180012 abs_err=0.180012
INFO | EPOCH_199 | [B=4, T=13, D=2] true=0.373367 pred=0.354056 diff=-0.019311 abs_err=0.019311
INFO | EPOCH_199 | [B=4, T=15, D=5] true=0.441624 pred=0.164477 diff=-0.277147 abs_err=0.277147
INFO | EPOCH_199 | [B=8, T=10, D=11] true=0.066667 pred=0.427667 diff=+0.361000 abs_err=0.361000
INFO | EPOCH_199 | [B=41, T=7, D=6] true=1.140744 pred=1.076116 diff=-0.064628 abs_err=0.064628
INFO | EPOCH_199 | [B=59, T=25, D=0] true=3.000080 pred=3.201578 diff=+0.201499 abs_err=0.201499
INFO | EPOCH_199 | [B=61, T=18, D=10] true=1.936303 pred=2.205925 diff=+0.269621 abs_err=0.269621
INFO | EPOCH_199 | [B=59, T=7, D=8] true=0.910532 pred=0.929794 diff=+0.019262 abs_err=0.019262
INFO | EPOCH_199 | [B=51, T=6, D=1] true=1.705581 pred=1.740041 diff=+0.034460 abs_err=0.034460
INFO | EPOCH_199 | [B=6, T=13, D=3] true=3.393704 pred=3.091869 diff=-0.301835 abs_err=0.301835
INFO | EPOCH_199 | [B=48, T=15, D=0] true=3.360790 pred=3.136443 diff=-0.224347 abs_err=0.224347
INFO | EPOCH_199 | [B=18, T=0, D=11] true=0.548522 pred=0.487938 diff=-0.060584 abs_err=0.060584
INFO | EPOCH_199 | TOP 5 WORST masked points (largest abs_err):
INFO | EPOCH_199 | [B=0, T=28, D=9] true=3.682978 pred=1.533724 diff=-2.149254 abs_err=2.149254
INFO | EPOCH_199 | [B=6, T=22, D=9] true=3.751000 pred=1.658698 diff=-2.092302 abs_err=2.092302
INFO | EPOCH_199 | [B=45, T=4, D=0] true=0.990548 pred=3.082026 diff=+2.091478 abs_err=2.091478
INFO | EPOCH_199 | [B=8, T=0, D=9] true=3.707034 pred=1.637822 diff=-2.069212 abs_err=2.069212
INFO | EPOCH_199 | [B=11, T=10, D=9] true=3.719504 pred=1.667697 diff=-2.051806 abs_err=2.051806
INFO | EPOCH_199 | TOP 5 BEST/CORRECT masked points (smallest abs_err):
INFO | EPOCH_199 | [B=44, T=25, D=11] true=0.075600 pred=0.075561 diff=-0.000039 abs_err=0.000039
INFO | EPOCH_199 | [B=37, T=6, D=5] true=0.022925 pred=0.022993 diff=+0.000068 abs_err=0.000068
INFO | EPOCH_199 | [B=45, T=4, D=7] true=2.377485 pred=2.377415 diff=-0.000070 abs_err=0.000070
INFO | EPOCH_199 | [B=43, T=15, D=4] true=1.090669 pred=1.090739 diff=+0.000070 abs_err=0.000070
INFO | EPOCH_199 | [B=62, T=16, D=4] true=1.394868 pred=1.394940 diff=+0.000072 abs_err=0.000072
INFO | EPOCH_209 | RANDOM 15 masked points (true, pred, diff, abs_err):
INFO | EPOCH_209 | [B=15, T=25, D=3] true=2.272958 pred=2.467540 diff=+0.194582 abs_err=0.194582
INFO | EPOCH_209 | [B=14, T=23, D=1] true=1.916557 pred=2.075810 diff=+0.159253 abs_err=0.159253
INFO | EPOCH_209 | [B=13, T=3, D=11] true=1.115789 pred=0.448352 diff=-0.667436 abs_err=0.667436
INFO | EPOCH_209 | [B=43, T=5, D=9] true=3.965964 pred=4.347342 diff=+0.381378 abs_err=0.381378
INFO | EPOCH_209 | [B=17, T=17, D=0] true=3.158588 pred=3.520658 diff=+0.362071 abs_err=0.362071
INFO | EPOCH_209 | [B=34, T=19, D=10] true=1.954021 pred=2.416856 diff=+0.462835 abs_err=0.462835
INFO | EPOCH_209 | [B=31, T=18, D=3] true=3.783848 pred=3.413786 diff=-0.370062 abs_err=0.370062
INFO | EPOCH_209 | [B=63, T=16, D=6] true=2.739493 pred=2.828361 diff=+0.088867 abs_err=0.088867
INFO | EPOCH_209 | [B=49, T=15, D=0] true=3.052179 pred=2.951592 diff=-0.100586 abs_err=0.100586
INFO | EPOCH_209 | [B=31, T=23, D=11] true=0.657978 pred=0.698855 diff=+0.040877 abs_err=0.040877
INFO | EPOCH_209 | [B=23, T=16, D=0] true=2.811031 pred=2.612214 diff=-0.198816 abs_err=0.198816
INFO | EPOCH_209 | [B=24, T=19, D=11] true=0.718846 pred=0.758583 diff=+0.039737 abs_err=0.039737
INFO | EPOCH_209 | [B=47, T=11, D=2] true=0.311322 pred=0.235702 diff=-0.075621 abs_err=0.075621
INFO | EPOCH_209 | [B=6, T=16, D=3] true=2.374726 pred=2.533776 diff=+0.159050 abs_err=0.159050
INFO | EPOCH_209 | [B=57, T=27, D=10] true=1.353494 pred=1.398697 diff=+0.045203 abs_err=0.045203
INFO | EPOCH_209 | TOP 5 WORST masked points (largest abs_err):
INFO | EPOCH_209 | [B=17, T=6, D=6] true=0.042953 pred=4.081351 diff=+4.038398 abs_err=4.038398
INFO | EPOCH_209 | [B=17, T=2, D=6] true=0.050544 pred=4.086163 diff=+4.035619 abs_err=4.035619
INFO | EPOCH_209 | [B=46, T=10, D=6] true=0.025506 pred=3.389593 diff=+3.364087 abs_err=3.364087
INFO | EPOCH_209 | [B=46, T=13, D=6] true=0.022954 pred=3.383859 diff=+3.360905 abs_err=3.360905
INFO | EPOCH_209 | [B=32, T=28, D=3] true=1.292231 pred=4.004984 diff=+2.712753 abs_err=2.712753
INFO | EPOCH_209 | TOP 5 BEST/CORRECT masked points (smallest abs_err):
INFO | EPOCH_209 | [B=57, T=24, D=1] true=1.406748 pred=1.406753 diff=+0.000006 abs_err=0.000006
INFO | EPOCH_209 | [B=4, T=20, D=2] true=0.614560 pred=0.614568 diff=+0.000009 abs_err=0.000009
INFO | EPOCH_209 | [B=15, T=25, D=0] true=3.580895 pred=3.580928 diff=+0.000033 abs_err=0.000033
INFO | EPOCH_209 | [B=50, T=27, D=7] true=1.660268 pred=1.660322 diff=+0.000054 abs_err=0.000054
INFO | EPOCH_209 | [B=41, T=21, D=4] true=1.446475 pred=1.446534 diff=+0.000060 abs_err=0.000060
INFO | EPOCH_219 | RANDOM 15 masked points (true, pred, diff, abs_err):
INFO | EPOCH_219 | [B=47, T=14, D=8] true=1.386880 pred=1.196696 diff=-0.190184 abs_err=0.190184
INFO | EPOCH_219 | [B=6, T=14, D=1] true=1.211423 pred=1.236557 diff=+0.025134 abs_err=0.025134
INFO | EPOCH_219 | [B=58, T=26, D=2] true=0.308312 pred=0.326201 diff=+0.017889 abs_err=0.017889
INFO | EPOCH_219 | [B=43, T=11, D=1] true=2.371081 pred=2.399340 diff=+0.028260 abs_err=0.028260
INFO | EPOCH_219 | [B=31, T=8, D=0] true=3.827223 pred=3.902383 diff=+0.075160 abs_err=0.075160
INFO | EPOCH_219 | [B=21, T=8, D=4] true=2.123373 pred=2.082097 diff=-0.041276 abs_err=0.041276
INFO | EPOCH_219 | [B=37, T=24, D=2] true=0.462474 pred=0.428124 diff=-0.034350 abs_err=0.034350
INFO | EPOCH_219 | [B=34, T=17, D=2] true=0.532905 pred=0.539854 diff=+0.006949 abs_err=0.006949
INFO | EPOCH_219 | [B=52, T=30, D=0] true=1.795695 pred=2.451489 diff=+0.655794 abs_err=0.655794
INFO | EPOCH_219 | [B=34, T=7, D=11] true=0.693247 pred=0.718775 diff=+0.025527 abs_err=0.025527
INFO | EPOCH_219 | [B=27, T=15, D=4] true=1.634409 pred=1.737249 diff=+0.102840 abs_err=0.102840
INFO | EPOCH_219 | [B=37, T=10, D=2] true=0.330573 pred=0.419703 diff=+0.089129 abs_err=0.089129
INFO | EPOCH_219 | [B=48, T=7, D=1] true=2.273562 pred=2.410551 diff=+0.136989 abs_err=0.136989
INFO | EPOCH_219 | [B=45, T=17, D=11] true=0.767928 pred=0.695034 diff=-0.072894 abs_err=0.072894
INFO | EPOCH_219 | [B=2, T=0, D=6] true=2.738797 pred=2.703228 diff=-0.035569 abs_err=0.035569
INFO | EPOCH_219 | TOP 5 WORST masked points (largest abs_err):
INFO | EPOCH_219 | [B=26, T=5, D=9] true=0.757862 pred=3.523629 diff=+2.765767 abs_err=2.765767
INFO | EPOCH_219 | [B=49, T=14, D=11] true=2.130419 pred=-0.193485 diff=-2.323904 abs_err=2.323904
INFO | EPOCH_219 | [B=49, T=14, D=10] true=0.506230 pred=2.815894 diff=+2.309664 abs_err=2.309664
INFO | EPOCH_219 | [B=53, T=9, D=6] true=3.705956 pred=1.615257 diff=-2.090699 abs_err=2.090699
INFO | EPOCH_219 | [B=52, T=2, D=0] true=3.753596 pred=1.721147 diff=-2.032449 abs_err=2.032449
INFO | EPOCH_219 | TOP 5 BEST/CORRECT masked points (smallest abs_err):
INFO | EPOCH_219 | [B=52, T=6, D=10] true=2.327191 pred=2.327172 diff=-0.000020 abs_err=0.000020
INFO | EPOCH_219 | [B=10, T=26, D=11] true=0.721830 pred=0.721810 diff=-0.000020 abs_err=0.000020
INFO | EPOCH_219 | [B=22, T=1, D=11] true=0.598984 pred=0.598961 diff=-0.000023 abs_err=0.000023
INFO | EPOCH_219 | [B=38, T=9, D=1] true=2.383151 pred=2.383123 diff=-0.000028 abs_err=0.000028
INFO | EPOCH_219 | [B=49, T=20, D=10] true=1.511956 pred=1.512018 diff=+0.000061 abs_err=0.000061
INFO | EPOCH_229 | RANDOM 15 masked points (true, pred, diff, abs_err):
INFO | EPOCH_229 | [B=29, T=26, D=10] true=2.194103 pred=2.102131 diff=-0.091973 abs_err=0.091973
INFO | EPOCH_229 | [B=6, T=11, D=1] true=1.301639 pred=1.277855 diff=-0.023784 abs_err=0.023784
INFO | EPOCH_229 | [B=46, T=19, D=6] true=2.725126 pred=3.173133 diff=+0.448007 abs_err=0.448007
INFO | EPOCH_229 | [B=32, T=9, D=5] true=0.391620 pred=0.304806 diff=-0.086814 abs_err=0.086814
INFO | EPOCH_229 | [B=8, T=3, D=11] true=0.465038 pred=0.372073 diff=-0.092965 abs_err=0.092965
INFO | EPOCH_229 | [B=23, T=28, D=8] true=1.158269 pred=1.057724 diff=-0.100545 abs_err=0.100545
INFO | EPOCH_229 | [B=19, T=24, D=1] true=1.413974 pred=1.485969 diff=+0.071995 abs_err=0.071995
INFO | EPOCH_229 | [B=30, T=3, D=2] true=0.315796 pred=0.385079 diff=+0.069283 abs_err=0.069283
INFO | EPOCH_229 | [B=31, T=2, D=7] true=2.235494 pred=2.378532 diff=+0.143038 abs_err=0.143038
INFO | EPOCH_229 | [B=28, T=9, D=5] true=0.200892 pred=0.188166 diff=-0.012726 abs_err=0.012726
INFO | EPOCH_229 | [B=17, T=23, D=4] true=1.370867 pred=1.387576 diff=+0.016710 abs_err=0.016710
INFO | EPOCH_229 | [B=27, T=7, D=2] true=0.029159 pred=0.152427 diff=+0.123268 abs_err=0.123268
INFO | EPOCH_229 | [B=14, T=14, D=5] true=0.603507 pred=0.589850 diff=-0.013657 abs_err=0.013657
INFO | EPOCH_229 | [B=61, T=16, D=6] true=3.936892 pred=3.847006 diff=-0.089886 abs_err=0.089886
INFO | EPOCH_229 | [B=31, T=15, D=11] true=0.349362 pred=0.470218 diff=+0.120857 abs_err=0.120857
INFO | EPOCH_229 | TOP 5 WORST masked points (largest abs_err):
INFO | EPOCH_229 | [B=35, T=20, D=3] true=0.534949 pred=3.234339 diff=+2.699390 abs_err=2.699390
INFO | EPOCH_229 | [B=63, T=23, D=3] true=1.364607 pred=3.473119 diff=+2.108511 abs_err=2.108511
INFO | EPOCH_229 | [B=36, T=17, D=9] true=3.693735 pred=1.599297 diff=-2.094438 abs_err=2.094438
INFO | EPOCH_229 | [B=51, T=24, D=6] true=3.759710 pred=1.683091 diff=-2.076619 abs_err=2.076619
INFO | EPOCH_229 | [B=36, T=28, D=9] true=3.660822 pred=1.596755 diff=-2.064067 abs_err=2.064067
INFO | EPOCH_229 | TOP 5 BEST/CORRECT masked points (smallest abs_err):
INFO | EPOCH_229 | [B=1, T=4, D=4] true=0.834794 pred=0.834809 diff=+0.000015 abs_err=0.000015
INFO | EPOCH_229 | [B=7, T=32, D=2] true=0.493558 pred=0.493595 diff=+0.000037 abs_err=0.000037
INFO | EPOCH_229 | [B=54, T=10, D=1] true=1.312029 pred=1.311989 diff=-0.000040 abs_err=0.000040
INFO | EPOCH_229 | [B=60, T=11, D=3] true=3.086721 pred=3.086791 diff=+0.000070 abs_err=0.000070
INFO | EPOCH_229 | [B=58, T=17, D=1] true=1.330240 pred=1.330149 diff=-0.000091 abs_err=0.000091
INFO | EPOCH_239 | RANDOM 15 masked points (true, pred, diff, abs_err):
INFO | EPOCH_239 | [B=49, T=19, D=6] true=0.814833 pred=1.066424 diff=+0.251591 abs_err=0.251591
INFO | EPOCH_239 | [B=17, T=26, D=5] true=0.165460 pred=0.178581 diff=+0.013121 abs_err=0.013121
INFO | EPOCH_239 | [B=24, T=3, D=7] true=2.441763 pred=2.084321 diff=-0.357442 abs_err=0.357442
INFO | EPOCH_239 | [B=15, T=24, D=5] true=0.166173 pred=0.159772 diff=-0.006401 abs_err=0.006401
INFO | EPOCH_239 | [B=52, T=7, D=6] true=1.394522 pred=1.469324 diff=+0.074801 abs_err=0.074801
INFO | EPOCH_239 | [B=41, T=19, D=9] true=3.676243 pred=1.950919 diff=-1.725324 abs_err=1.725324
INFO | EPOCH_239 | [B=38, T=19, D=10] true=2.273633 pred=2.252522 diff=-0.021111 abs_err=0.021111
INFO | EPOCH_239 | [B=29, T=7, D=4] true=2.032105 pred=2.132860 diff=+0.100755 abs_err=0.100755
INFO | EPOCH_239 | [B=0, T=18, D=3] true=3.124750 pred=3.101027 diff=-0.023723 abs_err=0.023723
INFO | EPOCH_239 | [B=29, T=28, D=2] true=-0.184666 pred=0.280995 diff=+0.465661 abs_err=0.465661
INFO | EPOCH_239 | [B=48, T=19, D=5] true=-0.137203 pred=0.128952 diff=+0.266154 abs_err=0.266154
INFO | EPOCH_239 | [B=47, T=11, D=11] true=1.235082 pred=0.568203 diff=-0.666879 abs_err=0.666879
INFO | EPOCH_239 | [B=62, T=22, D=7] true=2.151869 pred=2.101443 diff=-0.050427 abs_err=0.050427
INFO | EPOCH_239 | [B=19, T=5, D=1] true=1.554051 pred=1.645894 diff=+0.091843 abs_err=0.091843
INFO | EPOCH_239 | [B=24, T=15, D=9] true=3.011438 pred=3.048060 diff=+0.036623 abs_err=0.036623
INFO | EPOCH_239 | TOP 5 WORST masked points (largest abs_err):
INFO | EPOCH_239 | [B=60, T=21, D=6] true=1.315996 pred=4.104385 diff=+2.788389 abs_err=2.788389
INFO | EPOCH_239 | [B=60, T=15, D=6] true=1.323426 pred=4.087656 diff=+2.764230 abs_err=2.764230
INFO | EPOCH_239 | [B=60, T=8, D=6] true=1.323833 pred=4.077791 diff=+2.753958 abs_err=2.753958
INFO | EPOCH_239 | [B=22, T=25, D=5] true=-2.117338 pred=0.576753 diff=+2.694091 abs_err=2.694091
INFO | EPOCH_239 | [B=60, T=28, D=6] true=1.497608 pred=4.120358 diff=+2.622750 abs_err=2.622750
INFO | EPOCH_239 | TOP 5 BEST/CORRECT masked points (smallest abs_err):
INFO | EPOCH_239 | [B=18, T=9, D=8] true=0.625132 pred=0.625118 diff=-0.000013 abs_err=0.000013
INFO | EPOCH_239 | [B=55, T=14, D=2] true=0.092421 pred=0.092453 diff=+0.000032 abs_err=0.000032
INFO | EPOCH_239 | [B=55, T=1, D=1] true=1.585761 pred=1.585807 diff=+0.000046 abs_err=0.000046
INFO | EPOCH_239 | [B=17, T=18, D=9] true=2.986238 pred=2.986294 diff=+0.000056 abs_err=0.000056
INFO | EPOCH_239 | [B=27, T=7, D=9] true=3.048250 pred=3.048317 diff=+0.000067 abs_err=0.000067
INFO | EPOCH_249 | RANDOM 15 masked points (true, pred, diff, abs_err):
INFO | EPOCH_249 | [B=60, T=20, D=7] true=1.737563 pred=1.425161 diff=-0.312402 abs_err=0.312402
INFO | EPOCH_249 | [B=16, T=27, D=6] true=2.904047 pred=2.646281 diff=-0.257766 abs_err=0.257766
INFO | EPOCH_249 | [B=7, T=18, D=4] true=1.233376 pred=1.254217 diff=+0.020841 abs_err=0.020841
INFO | EPOCH_249 | [B=51, T=6, D=7] true=1.461941 pred=1.486999 diff=+0.025059 abs_err=0.025059
INFO | EPOCH_249 | [B=32, T=25, D=1] true=1.345806 pred=1.399668 diff=+0.053862 abs_err=0.053862
INFO | EPOCH_249 | [B=52, T=6, D=7] true=1.582231 pred=1.483912 diff=-0.098319 abs_err=0.098319
INFO | EPOCH_249 | [B=14, T=13, D=4] true=1.489895 pred=1.314385 diff=-0.175510 abs_err=0.175510
INFO | EPOCH_249 | [B=30, T=8, D=4] true=2.256748 pred=2.464847 diff=+0.208099 abs_err=0.208099
INFO | EPOCH_249 | [B=52, T=26, D=10] true=1.670907 pred=1.697967 diff=+0.027059 abs_err=0.027059
INFO | EPOCH_249 | [B=61, T=15, D=10] true=1.255488 pred=1.417441 diff=+0.161952 abs_err=0.161952
INFO | EPOCH_249 | [B=36, T=24, D=1] true=2.460249 pred=2.463349 diff=+0.003100 abs_err=0.003100
INFO | EPOCH_249 | [B=41, T=24, D=4] true=2.466788 pred=2.445393 diff=-0.021394 abs_err=0.021394
INFO | EPOCH_249 | [B=39, T=22, D=4] true=1.438740 pred=1.446312 diff=+0.007572 abs_err=0.007572
INFO | EPOCH_249 | [B=40, T=19, D=11] true=-0.058252 pred=0.197837 diff=+0.256089 abs_err=0.256089
INFO | EPOCH_249 | [B=2, T=5, D=8] true=0.699094 pred=0.482367 diff=-0.216727 abs_err=0.216727
INFO | EPOCH_249 | TOP 5 WORST masked points (largest abs_err):
INFO | EPOCH_249 | [B=49, T=15, D=9] true=0.388073 pred=2.551212 diff=+2.163140 abs_err=2.163140
INFO | EPOCH_249 | [B=49, T=9, D=9] true=0.447583 pred=2.548263 diff=+2.100680 abs_err=2.100680
INFO | EPOCH_249 | [B=49, T=19, D=9] true=0.462125 pred=2.552531 diff=+2.090406 abs_err=2.090406
INFO | EPOCH_249 | [B=25, T=9, D=9] true=3.972294 pred=1.955844 diff=-2.016450 abs_err=2.016450
INFO | EPOCH_249 | [B=49, T=22, D=9] true=0.537623 pred=2.552242 diff=+2.014619 abs_err=2.014619
INFO | EPOCH_249 | TOP 5 BEST/CORRECT masked points (smallest abs_err):
INFO | EPOCH_249 | [B=29, T=5, D=9] true=3.043718 pred=3.043739 diff=+0.000021 abs_err=0.000021
INFO | EPOCH_249 | [B=35, T=12, D=9] true=3.054326 pred=3.054298 diff=-0.000028 abs_err=0.000028
INFO | EPOCH_249 | [B=41, T=26, D=7] true=1.554785 pred=1.554818 diff=+0.000033 abs_err=0.000033
INFO | EPOCH_249 | [B=33, T=6, D=2] true=0.500919 pred=0.500953 diff=+0.000034 abs_err=0.000034
INFO | EPOCH_249 | [B=43, T=10, D=6] true=1.352700 pred=1.352661 diff=-0.000039 abs_err=0.000039
INFO | EPOCH_259 | RANDOM 15 masked points (true, pred, diff, abs_err):
INFO | EPOCH_259 | [B=5, T=25, D=3] true=2.717296 pred=2.525162 diff=-0.192134 abs_err=0.192134
INFO | EPOCH_259 | [B=36, T=10, D=7] true=1.063266 pred=1.113522 diff=+0.050256 abs_err=0.050256
INFO | EPOCH_259 | [B=5, T=13, D=3] true=2.709577 pred=2.537640 diff=-0.171937 abs_err=0.171937
INFO | EPOCH_259 | [B=45, T=14, D=1] true=1.576784 pred=1.670238 diff=+0.093455 abs_err=0.093455
INFO | EPOCH_259 | [B=41, T=28, D=10] true=1.418239 pred=1.307775 diff=-0.110464 abs_err=0.110464
INFO | EPOCH_259 | [B=39, T=21, D=1] true=1.184482 pred=1.403654 diff=+0.219172 abs_err=0.219172
INFO | EPOCH_259 | [B=34, T=26, D=5] true=0.095759 pred=0.146709 diff=+0.050951 abs_err=0.050951
INFO | EPOCH_259 | [B=55, T=12, D=3] true=2.681784 pred=2.644748 diff=-0.037036 abs_err=0.037036
INFO | EPOCH_259 | [B=6, T=15, D=11] true=0.291880 pred=0.350771 diff=+0.058891 abs_err=0.058891
INFO | EPOCH_259 | [B=55, T=4, D=7] true=2.523960 pred=2.529688 diff=+0.005728 abs_err=0.005728
INFO | EPOCH_259 | [B=30, T=26, D=10] true=1.167050 pred=1.691253 diff=+0.524203 abs_err=0.524203
INFO | EPOCH_259 | [B=52, T=23, D=1] true=2.736539 pred=2.546672 diff=-0.189867 abs_err=0.189867
INFO | EPOCH_259 | [B=50, T=11, D=4] true=2.413138 pred=2.369313 diff=-0.043825 abs_err=0.043825
INFO | EPOCH_259 | [B=42, T=26, D=2] true=0.378673 pred=0.172128 diff=-0.206544 abs_err=0.206544
INFO | EPOCH_259 | [B=54, T=10, D=4] true=2.499597 pred=2.577376 diff=+0.077779 abs_err=0.077779
INFO | EPOCH_259 | TOP 5 WORST masked points (largest abs_err):
INFO | EPOCH_259 | [B=39, T=11, D=6] true=1.873883 pred=4.693623 diff=+2.819740 abs_err=2.819740
INFO | EPOCH_259 | [B=28, T=19, D=11] true=-1.985981 pred=0.629839 diff=+2.615820 abs_err=2.615820
INFO | EPOCH_259 | [B=9, T=18, D=6] true=3.577968 pred=1.000103 diff=-2.577865 abs_err=2.577865
INFO | EPOCH_259 | [B=9, T=8, D=6] true=3.547465 pred=0.985219 diff=-2.562246 abs_err=2.562246
INFO | EPOCH_259 | [B=43, T=7, D=11] true=2.397161 pred=-0.149116 diff=-2.546278 abs_err=2.546278
INFO | EPOCH_259 | TOP 5 BEST/CORRECT masked points (smallest abs_err):
INFO | EPOCH_259 | [B=4, T=6, D=4] true=2.533468 pred=2.533494 diff=+0.000026 abs_err=0.000026
INFO | EPOCH_259 | [B=6, T=0, D=3] true=1.800413 pred=1.800467 diff=+0.000054 abs_err=0.000054
INFO | EPOCH_259 | [B=49, T=1, D=10] true=2.695186 pred=2.695253 diff=+0.000067 abs_err=0.000067
INFO | EPOCH_259 | [B=49, T=6, D=1] true=1.815771 pred=1.815691 diff=-0.000080 abs_err=0.000080
INFO | EPOCH_259 | [B=21, T=23, D=3] true=2.309523 pred=2.309439 diff=-0.000084 abs_err=0.000084
INFO | EPOCH_269 | RANDOM 15 masked points (true, pred, diff, abs_err):
INFO | EPOCH_269 | [B=22, T=19, D=11] true=0.198477 pred=0.842556 diff=+0.644078 abs_err=0.644078
INFO | EPOCH_269 | [B=0, T=1, D=4] true=1.006174 pred=1.028012 diff=+0.021838 abs_err=0.021838
INFO | EPOCH_269 | [B=50, T=11, D=1] true=0.914755 pred=1.395652 diff=+0.480898 abs_err=0.480898
INFO | EPOCH_269 | [B=63, T=28, D=4] true=1.010212 pred=1.055039 diff=+0.044827 abs_err=0.044827
INFO | EPOCH_269 | [B=52, T=0, D=5] true=-0.000359 pred=0.033370 diff=+0.033730 abs_err=0.033730
INFO | EPOCH_269 | [B=51, T=26, D=2] true=0.091348 pred=0.144389 diff=+0.053042 abs_err=0.053042
INFO | EPOCH_269 | [B=52, T=1, D=7] true=2.293650 pred=2.205832 diff=-0.087819 abs_err=0.087819
INFO | EPOCH_269 | [B=55, T=21, D=3] true=3.710025 pred=3.232778 diff=-0.477247 abs_err=0.477247
INFO | EPOCH_269 | [B=28, T=26, D=9] true=1.617959 pred=1.611144 diff=-0.006815 abs_err=0.006815
INFO | EPOCH_269 | [B=27, T=15, D=5] true=0.110262 pred=0.282739 diff=+0.172477 abs_err=0.172477
INFO | EPOCH_269 | [B=50, T=2, D=4] true=1.088352 pred=1.039504 diff=-0.048848 abs_err=0.048848
INFO | EPOCH_269 | [B=20, T=16, D=1] true=1.446982 pred=1.368850 diff=-0.078132 abs_err=0.078132
INFO | EPOCH_269 | [B=8, T=22, D=2] true=0.443989 pred=0.550541 diff=+0.106551 abs_err=0.106551
INFO | EPOCH_269 | [B=13, T=22, D=10] true=1.844034 pred=1.975282 diff=+0.131248 abs_err=0.131248
INFO | EPOCH_269 | [B=39, T=9, D=3] true=2.532286 pred=2.629305 diff=+0.097020 abs_err=0.097020
INFO | EPOCH_269 | TOP 5 WORST masked points (largest abs_err):
INFO | EPOCH_269 | [B=26, T=8, D=6] true=1.595185 pred=4.596400 diff=+3.001215 abs_err=3.001215
INFO | EPOCH_269 | [B=14, T=5, D=6] true=0.146037 pred=2.606737 diff=+2.460701 abs_err=2.460701
INFO | EPOCH_269 | [B=14, T=11, D=6] true=0.115726 pred=2.519816 diff=+2.404090 abs_err=2.404090
INFO | EPOCH_269 | [B=63, T=15, D=6] true=0.098340 pred=2.475307 diff=+2.376967 abs_err=2.376967
INFO | EPOCH_269 | [B=12, T=20, D=11] true=2.590584 pred=0.352535 diff=-2.238049 abs_err=2.238049
INFO | EPOCH_269 | TOP 5 BEST/CORRECT masked points (smallest abs_err):
INFO | EPOCH_269 | [B=49, T=20, D=4] true=1.746924 pred=1.746922 diff=-0.000002 abs_err=0.000002
INFO | EPOCH_269 | [B=63, T=11, D=3] true=4.004014 pred=4.004005 diff=-0.000009 abs_err=0.000009
INFO | EPOCH_269 | [B=35, T=16, D=6] true=2.371775 pred=2.371764 diff=-0.000011 abs_err=0.000011
INFO | EPOCH_269 | [B=27, T=23, D=10] true=2.331748 pred=2.331768 diff=+0.000019 abs_err=0.000019
INFO | EPOCH_269 | [B=35, T=11, D=3] true=2.166611 pred=2.166591 diff=-0.000020 abs_err=0.000020
INFO | EPOCH_279 | RANDOM 15 masked points (true, pred, diff, abs_err):
INFO | EPOCH_279 | [B=58, T=27, D=1] true=1.465847 pred=1.659383 diff=+0.193537 abs_err=0.193537
INFO | EPOCH_279 | [B=17, T=13, D=11] true=0.199609 pred=0.376107 diff=+0.176498 abs_err=0.176498
INFO | EPOCH_279 | [B=7, T=13, D=4] true=1.436786 pred=1.656008 diff=+0.219222 abs_err=0.219222
INFO | EPOCH_279 | [B=55, T=0, D=9] true=3.642274 pred=3.531160 diff=-0.111114 abs_err=0.111114
INFO | EPOCH_279 | [B=59, T=28, D=3] true=1.898762 pred=2.035092 diff=+0.136330 abs_err=0.136330
INFO | EPOCH_279 | [B=5, T=14, D=4] true=1.894988 pred=1.916946 diff=+0.021958 abs_err=0.021958
INFO | EPOCH_279 | [B=21, T=2, D=9] true=2.774082 pred=2.689880 diff=-0.084202 abs_err=0.084202
INFO | EPOCH_279 | [B=11, T=3, D=5] true=-0.216450 pred=-0.006358 diff=+0.210093 abs_err=0.210093
INFO | EPOCH_279 | [B=60, T=30, D=1] true=1.671852 pred=1.628870 diff=-0.042982 abs_err=0.042982
INFO | EPOCH_279 | [B=43, T=22, D=10] true=1.320782 pred=1.316504 diff=-0.004279 abs_err=0.004279
INFO | EPOCH_279 | [B=17, T=28, D=11] true=0.559062 pred=0.583778 diff=+0.024715 abs_err=0.024715
INFO | EPOCH_279 | [B=55, T=20, D=3] true=2.804195 pred=2.660309 diff=-0.143887 abs_err=0.143887
INFO | EPOCH_279 | [B=54, T=11, D=11] true=0.444728 pred=0.599334 diff=+0.154605 abs_err=0.154605
INFO | EPOCH_279 | [B=1, T=20, D=5] true=0.515471 pred=0.471027 diff=-0.044444 abs_err=0.044444
INFO | EPOCH_279 | [B=39, T=6, D=0] true=3.036971 pred=2.951140 diff=-0.085831 abs_err=0.085831
INFO | EPOCH_279 | TOP 5 WORST masked points (largest abs_err):
INFO | EPOCH_279 | [B=47, T=24, D=6] true=1.678643 pred=4.553025 diff=+2.874382 abs_err=2.874382
INFO | EPOCH_279 | [B=47, T=28, D=9] true=1.413674 pred=3.728668 diff=+2.314995 abs_err=2.314995
INFO | EPOCH_279 | [B=7, T=7, D=0] true=3.767489 pred=1.534958 diff=-2.232531 abs_err=2.232531
INFO | EPOCH_279 | [B=45, T=4, D=0] true=0.990548 pred=3.184598 diff=+2.194050 abs_err=2.194050
INFO | EPOCH_279 | [B=0, T=28, D=9] true=3.682978 pred=1.558975 diff=-2.124002 abs_err=2.124002
INFO | EPOCH_279 | TOP 5 BEST/CORRECT masked points (smallest abs_err):
INFO | EPOCH_279 | [B=22, T=7, D=1] true=1.343966 pred=1.343945 diff=-0.000022 abs_err=0.000022
INFO | EPOCH_279 | [B=14, T=11, D=2] true=0.569336 pred=0.569314 diff=-0.000022 abs_err=0.000022
INFO | EPOCH_279 | [B=29, T=9, D=10] true=1.873890 pred=1.873864 diff=-0.000026 abs_err=0.000026
INFO | EPOCH_279 | [B=22, T=19, D=10] true=1.389690 pred=1.389740 diff=+0.000050 abs_err=0.000050
INFO | EPOCH_279 | [B=54, T=13, D=3] true=2.397294 pred=2.397345 diff=+0.000051 abs_err=0.000051
INFO | EPOCH_289 | RANDOM 15 masked points (true, pred, diff, abs_err):
INFO | EPOCH_289 | [B=17, T=24, D=6] true=3.427621 pred=3.337780 diff=-0.089841 abs_err=0.089841
INFO | EPOCH_289 | [B=15, T=3, D=8] true=0.408315 pred=0.454502 diff=+0.046187 abs_err=0.046187
INFO | EPOCH_289 | [B=46, T=27, D=0] true=2.763122 pred=2.673734 diff=-0.089387 abs_err=0.089387
INFO | EPOCH_289 | [B=6, T=22, D=4] true=1.593138 pred=1.662575 diff=+0.069438 abs_err=0.069438
INFO | EPOCH_289 | [B=3, T=27, D=2] true=0.033789 pred=-0.057892 diff=-0.091681 abs_err=0.091681
INFO | EPOCH_289 | [B=47, T=27, D=3] true=3.218741 pred=3.302758 diff=+0.084018 abs_err=0.084018
INFO | EPOCH_289 | [B=63, T=17, D=8] true=1.097035 pred=0.651075 diff=-0.445960 abs_err=0.445960
INFO | EPOCH_289 | [B=34, T=2, D=0] true=2.958898 pred=2.783697 diff=-0.175201 abs_err=0.175201
INFO | EPOCH_289 | [B=53, T=17, D=3] true=3.364793 pred=3.419715 diff=+0.054923 abs_err=0.054923
INFO | EPOCH_289 | [B=47, T=29, D=0] true=2.746367 pred=2.664828 diff=-0.081539 abs_err=0.081539
INFO | EPOCH_289 | [B=23, T=19, D=10] true=2.454054 pred=2.278546 diff=-0.175508 abs_err=0.175508
INFO | EPOCH_289 | [B=53, T=6, D=2] true=0.298938 pred=0.227140 diff=-0.071798 abs_err=0.071798
INFO | EPOCH_289 | [B=23, T=12, D=2] true=-0.230826 pred=-0.164819 diff=+0.066006 abs_err=0.066006
INFO | EPOCH_289 | [B=25, T=27, D=1] true=1.930433 pred=1.782308 diff=-0.148125 abs_err=0.148125
INFO | EPOCH_289 | [B=17, T=7, D=11] true=0.916737 pred=0.631917 diff=-0.284820 abs_err=0.284820
INFO | EPOCH_289 | TOP 5 WORST masked points (largest abs_err):
INFO | EPOCH_289 | [B=17, T=2, D=6] true=0.050544 pred=3.725643 diff=+3.675099 abs_err=3.675099
INFO | EPOCH_289 | [B=17, T=6, D=6] true=0.042953 pred=3.709602 diff=+3.666650 abs_err=3.666650
INFO | EPOCH_289 | [B=32, T=28, D=3] true=1.292231 pred=4.138945 diff=+2.846713 abs_err=2.846713
INFO | EPOCH_289 | [B=32, T=3, D=3] true=1.371797 pred=4.070904 diff=+2.699107 abs_err=2.699107
INFO | EPOCH_289 | [B=37, T=28, D=6] true=5.711285 pred=3.017057 diff=-2.694228 abs_err=2.694228
INFO | EPOCH_289 | TOP 5 BEST/CORRECT masked points (smallest abs_err):
INFO | EPOCH_289 | [B=53, T=2, D=11] true=0.189126 pred=0.189150 diff=+0.000024 abs_err=0.000024
INFO | EPOCH_289 | [B=42, T=21, D=9] true=1.661329 pred=1.661363 diff=+0.000034 abs_err=0.000034
INFO | EPOCH_289 | [B=47, T=27, D=11] true=0.294686 pred=0.294730 diff=+0.000044 abs_err=0.000044
INFO | EPOCH_289 | [B=41, T=4, D=0] true=2.743256 pred=2.743191 diff=-0.000064 abs_err=0.000064
INFO | EPOCH_289 | [B=21, T=25, D=10] true=1.265751 pred=1.265679 diff=-0.000072 abs_err=0.000072
INFO | EPOCH_299 | RANDOM 15 masked points (true, pred, diff, abs_err):
INFO | EPOCH_299 | [B=15, T=16, D=9] true=1.402488 pred=1.664220 diff=+0.261733 abs_err=0.261733
INFO | EPOCH_299 | [B=26, T=3, D=7] true=1.304673 pred=1.422097 diff=+0.117424 abs_err=0.117424
INFO | EPOCH_299 | [B=48, T=27, D=0] true=2.943245 pred=2.729263 diff=-0.213981 abs_err=0.213981
INFO | EPOCH_299 | [B=33, T=11, D=6] true=4.411243 pred=4.595398 diff=+0.184155 abs_err=0.184155
INFO | EPOCH_299 | [B=29, T=3, D=11] true=0.787297 pred=0.826664 diff=+0.039367 abs_err=0.039367
INFO | EPOCH_299 | [B=0, T=21, D=2] true=0.441779 pred=0.175380 diff=-0.266399 abs_err=0.266399
INFO | EPOCH_299 | [B=10, T=3, D=1] true=2.684030 pred=2.528234 diff=-0.155796 abs_err=0.155796
INFO | EPOCH_299 | [B=31, T=4, D=11] true=0.359924 pred=0.383883 diff=+0.023960 abs_err=0.023960
INFO | EPOCH_299 | [B=24, T=22, D=3] true=3.492873 pred=3.137630 diff=-0.355242 abs_err=0.355242
INFO | EPOCH_299 | [B=2, T=30, D=0] true=3.196815 pred=3.372423 diff=+0.175608 abs_err=0.175608
INFO | EPOCH_299 | [B=12, T=19, D=4] true=1.418699 pred=1.446330 diff=+0.027631 abs_err=0.027631
INFO | EPOCH_299 | [B=13, T=4, D=0] true=4.107491 pred=4.439540 diff=+0.332049 abs_err=0.332049
INFO | EPOCH_299 | [B=5, T=4, D=11] true=0.651284 pred=0.773667 diff=+0.122383 abs_err=0.122383
INFO | EPOCH_299 | [B=4, T=8, D=6] true=0.977768 pred=1.080613 diff=+0.102845 abs_err=0.102845
INFO | EPOCH_299 | [B=28, T=13, D=9] true=3.787324 pred=3.693462 diff=-0.093862 abs_err=0.093862
INFO | EPOCH_299 | TOP 5 WORST masked points (largest abs_err):
INFO | EPOCH_299 | [B=46, T=10, D=6] true=0.025506 pred=3.315594 diff=+3.290088 abs_err=3.290088
INFO | EPOCH_299 | [B=46, T=13, D=6] true=0.022954 pred=3.265742 diff=+3.242788 abs_err=3.242788
INFO | EPOCH_299 | [B=26, T=5, D=9] true=0.757862 pred=3.601460 diff=+2.843598 abs_err=2.843598
INFO | EPOCH_299 | [B=49, T=14, D=10] true=0.506230 pred=2.848100 diff=+2.341870 abs_err=2.341870
INFO | EPOCH_299 | [B=49, T=13, D=0] true=5.045780 pred=2.724563 diff=-2.321217 abs_err=2.321217
INFO | EPOCH_299 | TOP 5 BEST/CORRECT masked points (smallest abs_err):
INFO | EPOCH_299 | [B=59, T=12, D=0] true=2.179651 pred=2.179637 diff=-0.000014 abs_err=0.000014
INFO | EPOCH_299 | [B=61, T=15, D=3] true=3.476848 pred=3.476830 diff=-0.000018 abs_err=0.000018
INFO | EPOCH_299 | [B=14, T=28, D=0] true=2.437991 pred=2.437966 diff=-0.000025 abs_err=0.000025
INFO | EPOCH_299 | [B=14, T=1, D=10] true=2.574992 pred=2.575042 diff=+0.000050 abs_err=0.000050
INFO | EPOCH_299 | [B=33, T=16, D=4] true=2.349402 pred=2.349321 diff=-0.000081 abs_err=0.000081
