INFO | - Epoch 000, ExpID 21263
INFO | Train - Loss (one batch): 0.00987
INFO | Val - Loss, MSE, RMSE, MAE: 0.01173, 0.01173, 0.10832, 0.08448
INFO | Test - Best epoch 0, Loss, MSE, RMSE, MAE: 0.01107, 0.01107, 0.10523, 0.08107
INFO | Time spent: 3.70s
INFO | - Epoch 001, ExpID 21263
INFO | Train - Loss (one batch): 0.00207
INFO | Val - Loss, MSE, RMSE, MAE: 0.00317, 0.00317, 0.05631, 0.04209
INFO | Test - Best epoch 1, Loss, MSE, RMSE, MAE: 0.00297, 0.00297, 0.05448, 0.04097
INFO | Time spent: 2.87s
INFO | - Epoch 002, ExpID 21263
INFO | Train - Loss (one batch): 0.00155
INFO | Val - Loss, MSE, RMSE, MAE: 0.00130, 0.00130, 0.03603, 0.02310
INFO | Test - Best epoch 2, Loss, MSE, RMSE, MAE: 0.00124, 0.00124, 0.03519, 0.02301
INFO | Time spent: 2.84s
INFO | - Epoch 003, ExpID 21263
INFO | Train - Loss (one batch): 0.00169
INFO | Val - Loss, MSE, RMSE, MAE: 0.00155, 0.00155, 0.03940, 0.02730
INFO | Test - Best epoch 2, Loss, MSE, RMSE, MAE: 0.00124, 0.00124, 0.03519, 0.02301
INFO | Time spent: 2.86s
INFO | - Epoch 004, ExpID 21263
INFO | Train - Loss (one batch): 0.00131
INFO | Val - Loss, MSE, RMSE, MAE: 0.00132, 0.00132, 0.03631, 0.02317
INFO | Test - Best epoch 2, Loss, MSE, RMSE, MAE: 0.00124, 0.00124, 0.03519, 0.02301
INFO | Time spent: 2.99s
INFO | - Epoch 005, ExpID 21263
INFO | Train - Loss (one batch): 0.00125
INFO | Val - Loss, MSE, RMSE, MAE: 0.00145, 0.00145, 0.03803, 0.02644
INFO | Test - Best epoch 2, Loss, MSE, RMSE, MAE: 0.00124, 0.00124, 0.03519, 0.02301
INFO | Time spent: 2.97s
INFO | - Epoch 006, ExpID 21263
INFO | Train - Loss (one batch): 0.00102
INFO | Val - Loss, MSE, RMSE, MAE: 0.00128, 0.00128, 0.03580, 0.02300
INFO | Test - Best epoch 6, Loss, MSE, RMSE, MAE: 0.00121, 0.00121, 0.03478, 0.02289
INFO | Time spent: 3.56s
INFO | - Epoch 007, ExpID 21263
INFO | Train - Loss (one batch): 0.00112
INFO | Val - Loss, MSE, RMSE, MAE: 0.00126, 0.00126, 0.03553, 0.02272
INFO | Test - Best epoch 7, Loss, MSE, RMSE, MAE: 0.00119, 0.00119, 0.03455, 0.02244
INFO | Time spent: 3.54s
INFO | - Epoch 008, ExpID 21263
INFO | Train - Loss (one batch): 0.00093
INFO | Val - Loss, MSE, RMSE, MAE: 0.00139, 0.00139, 0.03733, 0.02526
INFO | Test - Best epoch 7, Loss, MSE, RMSE, MAE: 0.00119, 0.00119, 0.03455, 0.02244
INFO | Time spent: 2.97s
INFO | - Epoch 009, ExpID 21263
INFO | Train - Loss (one batch): 0.00088
INFO | Val - Loss, MSE, RMSE, MAE: 0.00195, 0.00195, 0.04417, 0.03273
INFO | Test - Best epoch 7, Loss, MSE, RMSE, MAE: 0.00119, 0.00119, 0.03455, 0.02244
INFO | Time spent: 2.96s
INFO | - Epoch 010, ExpID 21263
INFO | Train - Loss (one batch): 0.00108
INFO | Val - Loss, MSE, RMSE, MAE: 0.00129, 0.00129, 0.03594, 0.02321
INFO | Test - Best epoch 7, Loss, MSE, RMSE, MAE: 0.00119, 0.00119, 0.03455, 0.02244
INFO | Time spent: 2.94s
INFO | - Epoch 011, ExpID 21263
INFO | Train - Loss (one batch): 0.00133
INFO | Val - Loss, MSE, RMSE, MAE: 0.00148, 0.00148, 0.03853, 0.02659
INFO | Test - Best epoch 7, Loss, MSE, RMSE, MAE: 0.00119, 0.00119, 0.03455, 0.02244
INFO | Time spent: 2.96s
INFO | - Epoch 012, ExpID 21263
INFO | Train - Loss (one batch): 0.00092
INFO | Val - Loss, MSE, RMSE, MAE: 0.00117, 0.00117, 0.03416, 0.02141
INFO | Test - Best epoch 12, Loss, MSE, RMSE, MAE: 0.00109, 0.00109, 0.03305, 0.02108
INFO | Time spent: 3.51s
INFO | - Epoch 013, ExpID 21263
INFO | Train - Loss (one batch): 0.00174
INFO | Val - Loss, MSE, RMSE, MAE: 0.00152, 0.00152, 0.03903, 0.02760
INFO | Test - Best epoch 12, Loss, MSE, RMSE, MAE: 0.00109, 0.00109, 0.03305, 0.02108
INFO | Time spent: 2.95s
INFO | - Epoch 014, ExpID 21263
INFO | Train - Loss (one batch): 0.00096
INFO | Val - Loss, MSE, RMSE, MAE: 0.00124, 0.00124, 0.03516, 0.02267
INFO | Test - Best epoch 12, Loss, MSE, RMSE, MAE: 0.00109, 0.00109, 0.03305, 0.02108
INFO | Time spent: 3.02s
INFO | - Epoch 015, ExpID 21263
INFO | Train - Loss (one batch): 0.00108
INFO | Val - Loss, MSE, RMSE, MAE: 0.00117, 0.00117, 0.03427, 0.02138
INFO | Test - Best epoch 12, Loss, MSE, RMSE, MAE: 0.00109, 0.00109, 0.03305, 0.02108
INFO | Time spent: 2.95s
INFO | - Epoch 016, ExpID 21263
INFO | Train - Loss (one batch): 0.00129
INFO | Val - Loss, MSE, RMSE, MAE: 0.00124, 0.00124, 0.03521, 0.02265
INFO | Test - Best epoch 12, Loss, MSE, RMSE, MAE: 0.00109, 0.00109, 0.03305, 0.02108
INFO | Time spent: 2.98s
INFO | - Epoch 017, ExpID 21263
INFO | Train - Loss (one batch): 0.00132
INFO | Val - Loss, MSE, RMSE, MAE: 0.00193, 0.00193, 0.04391, 0.03378
INFO | Test - Best epoch 12, Loss, MSE, RMSE, MAE: 0.00109, 0.00109, 0.03305, 0.02108
INFO | Time spent: 2.93s
INFO | - Epoch 018, ExpID 21263
INFO | Train - Loss (one batch): 0.00126
INFO | Val - Loss, MSE, RMSE, MAE: 0.00126, 0.00126, 0.03544, 0.02314
INFO | Test - Best epoch 12, Loss, MSE, RMSE, MAE: 0.00109, 0.00109, 0.03305, 0.02108
INFO | Time spent: 2.97s
INFO | - Epoch 019, ExpID 21263
INFO | Train - Loss (one batch): 0.00108
INFO | Val - Loss, MSE, RMSE, MAE: 0.00151, 0.00151, 0.03892, 0.02716
INFO | Test - Best epoch 12, Loss, MSE, RMSE, MAE: 0.00109, 0.00109, 0.03305, 0.02108
INFO | Time spent: 2.95s
INFO | - Epoch 020, ExpID 21263
INFO | Train - Loss (one batch): 0.00096
INFO | Val - Loss, MSE, RMSE, MAE: 0.00113, 0.00113, 0.03364, 0.02092
INFO | Test - Best epoch 20, Loss, MSE, RMSE, MAE: 0.00107, 0.00107, 0.03265, 0.02070
INFO | Time spent: 3.82s
INFO | - Epoch 021, ExpID 21263
INFO | Train - Loss (one batch): 0.00107
INFO | Val - Loss, MSE, RMSE, MAE: 0.00118, 0.00118, 0.03430, 0.02181
INFO | Test - Best epoch 20, Loss, MSE, RMSE, MAE: 0.00107, 0.00107, 0.03265, 0.02070
INFO | Time spent: 3.08s
INFO | - Epoch 022, ExpID 21263
INFO | Train - Loss (one batch): 0.00137
INFO | Val - Loss, MSE, RMSE, MAE: 0.00126, 0.00126, 0.03550, 0.02328
INFO | Test - Best epoch 20, Loss, MSE, RMSE, MAE: 0.00107, 0.00107, 0.03265, 0.02070
INFO | Time spent: 2.97s
INFO | - Epoch 023, ExpID 21263
INFO | Train - Loss (one batch): 0.00107
INFO | Val - Loss, MSE, RMSE, MAE: 0.00129, 0.00129, 0.03596, 0.02426
INFO | Test - Best epoch 20, Loss, MSE, RMSE, MAE: 0.00107, 0.00107, 0.03265, 0.02070
INFO | Time spent: 2.99s
INFO | - Epoch 024, ExpID 21263
INFO | Train - Loss (one batch): 0.00096
INFO | Val - Loss, MSE, RMSE, MAE: 0.00114, 0.00114, 0.03380, 0.02099
INFO | Test - Best epoch 20, Loss, MSE, RMSE, MAE: 0.00107, 0.00107, 0.03265, 0.02070
INFO | Time spent: 2.95s
INFO | - Epoch 025, ExpID 21263
INFO | Train - Loss (one batch): 0.00119
INFO | Val - Loss, MSE, RMSE, MAE: 0.00111, 0.00111, 0.03325, 0.02042
INFO | Test - Best epoch 25, Loss, MSE, RMSE, MAE: 0.00104, 0.00104, 0.03225, 0.02022
INFO | Time spent: 3.55s
INFO | - Epoch 026, ExpID 21263
INFO | Train - Loss (one batch): 0.00085
INFO | Val - Loss, MSE, RMSE, MAE: 0.00110, 0.00110, 0.03318, 0.02030
INFO | Test - Best epoch 26, Loss, MSE, RMSE, MAE: 0.00103, 0.00103, 0.03209, 0.02007
INFO | Time spent: 3.51s
INFO | - Epoch 027, ExpID 21263
INFO | Train - Loss (one batch): 0.00098
INFO | Val - Loss, MSE, RMSE, MAE: 0.00122, 0.00122, 0.03497, 0.02275
INFO | Test - Best epoch 26, Loss, MSE, RMSE, MAE: 0.00103, 0.00103, 0.03209, 0.02007
INFO | Time spent: 3.07s
INFO | - Epoch 028, ExpID 21263
INFO | Train - Loss (one batch): 0.00083
INFO | Val - Loss, MSE, RMSE, MAE: 0.00120, 0.00120, 0.03462, 0.02244
INFO | Test - Best epoch 26, Loss, MSE, RMSE, MAE: 0.00103, 0.00103, 0.03209, 0.02007
INFO | Time spent: 3.22s
INFO | - Epoch 029, ExpID 21263
INFO | Train - Loss (one batch): 0.00107
INFO | Val - Loss, MSE, RMSE, MAE: 0.00118, 0.00118, 0.03440, 0.02194
INFO | Test - Best epoch 26, Loss, MSE, RMSE, MAE: 0.00103, 0.00103, 0.03209, 0.02007
INFO | Time spent: 2.95s
INFO | - Epoch 030, ExpID 21263
INFO | Train - Loss (one batch): 0.00091
INFO | Val - Loss, MSE, RMSE, MAE: 0.00117, 0.00117, 0.03425, 0.02181
INFO | Test - Best epoch 26, Loss, MSE, RMSE, MAE: 0.00103, 0.00103, 0.03209, 0.02007
INFO | Time spent: 2.98s
INFO | - Epoch 031, ExpID 21263
INFO | Train - Loss (one batch): 0.00088
INFO | Val - Loss, MSE, RMSE, MAE: 0.00119, 0.00119, 0.03445, 0.02190
INFO | Test - Best epoch 26, Loss, MSE, RMSE, MAE: 0.00103, 0.00103, 0.03209, 0.02007
INFO | Time spent: 2.95s
INFO | - Epoch 032, ExpID 21263
INFO | Train - Loss (one batch): 0.00102
INFO | Val - Loss, MSE, RMSE, MAE: 0.00115, 0.00115, 0.03388, 0.02145
INFO | Test - Best epoch 26, Loss, MSE, RMSE, MAE: 0.00103, 0.00103, 0.03209, 0.02007
INFO | Time spent: 2.94s
INFO | - Epoch 033, ExpID 21263
INFO | Train - Loss (one batch): 0.00096
INFO | Val - Loss, MSE, RMSE, MAE: 0.00110, 0.00110, 0.03319, 0.02064
INFO | Test - Best epoch 26, Loss, MSE, RMSE, MAE: 0.00103, 0.00103, 0.03209, 0.02007
INFO | Time spent: 2.95s
INFO | - Epoch 034, ExpID 21263
INFO | Train - Loss (one batch): 0.00092
INFO | Val - Loss, MSE, RMSE, MAE: 0.00114, 0.00114, 0.03376, 0.02141
INFO | Test - Best epoch 26, Loss, MSE, RMSE, MAE: 0.00103, 0.00103, 0.03209, 0.02007
INFO | Time spent: 3.08s
INFO | - Epoch 035, ExpID 21263
INFO | Train - Loss (one batch): 0.00112
INFO | Val - Loss, MSE, RMSE, MAE: 0.00172, 0.00172, 0.04144, 0.03111
INFO | Test - Best epoch 26, Loss, MSE, RMSE, MAE: 0.00103, 0.00103, 0.03209, 0.02007
INFO | Time spent: 2.95s
INFO | - Epoch 036, ExpID 21263
INFO | Train - Loss (one batch): 0.00107
INFO | Val - Loss, MSE, RMSE, MAE: 0.00159, 0.00159, 0.03989, 0.02924
INFO | Test - Best epoch 26, Loss, MSE, RMSE, MAE: 0.00103, 0.00103, 0.03209, 0.02007
INFO | Time spent: 3.24s
INFO | - Epoch 037, ExpID 21263
INFO | Train - Loss (one batch): 0.00115
INFO | Val - Loss, MSE, RMSE, MAE: 0.00125, 0.00125, 0.03529, 0.02338
INFO | Test - Best epoch 26, Loss, MSE, RMSE, MAE: 0.00103, 0.00103, 0.03209, 0.02007
INFO | Time spent: 2.99s
INFO | - Epoch 038, ExpID 21263
INFO | Train - Loss (one batch): 0.00116
INFO | Val - Loss, MSE, RMSE, MAE: 0.00108, 0.00108, 0.03286, 0.02028
INFO | Test - Best epoch 38, Loss, MSE, RMSE, MAE: 0.00101, 0.00101, 0.03183, 0.02005
INFO | Time spent: 3.58s
INFO | - Epoch 039, ExpID 21263
INFO | Train - Loss (one batch): 0.00133
INFO | Val - Loss, MSE, RMSE, MAE: 0.00119, 0.00119, 0.03443, 0.02232
INFO | Test - Best epoch 38, Loss, MSE, RMSE, MAE: 0.00101, 0.00101, 0.03183, 0.02005
INFO | Time spent: 2.95s
INFO | - Epoch 040, ExpID 21263
INFO | Train - Loss (one batch): 0.00079
INFO | Val - Loss, MSE, RMSE, MAE: 0.00114, 0.00114, 0.03375, 0.02133
INFO | Test - Best epoch 38, Loss, MSE, RMSE, MAE: 0.00101, 0.00101, 0.03183, 0.02005
INFO | Time spent: 2.96s
INFO | - Epoch 041, ExpID 21263
INFO | Train - Loss (one batch): 0.00098
INFO | Val - Loss, MSE, RMSE, MAE: 0.00108, 0.00108, 0.03279, 0.02002
INFO | Test - Best epoch 41, Loss, MSE, RMSE, MAE: 0.00101, 0.00101, 0.03184, 0.01986
INFO | Time spent: 3.30s
INFO | - Epoch 042, ExpID 21263
INFO | Train - Loss (one batch): 0.00086
INFO | Val - Loss, MSE, RMSE, MAE: 0.00126, 0.00126, 0.03547, 0.02342
INFO | Test - Best epoch 41, Loss, MSE, RMSE, MAE: 0.00101, 0.00101, 0.03184, 0.01986
INFO | Time spent: 2.45s
INFO | - Epoch 043, ExpID 21263
INFO | Train - Loss (one batch): 0.00134
INFO | Val - Loss, MSE, RMSE, MAE: 0.00149, 0.00149, 0.03856, 0.02836
INFO | Test - Best epoch 41, Loss, MSE, RMSE, MAE: 0.00101, 0.00101, 0.03184, 0.01986
INFO | Time spent: 2.59s
INFO | - Epoch 044, ExpID 21263
INFO | Train - Loss (one batch): 0.00093
INFO | Val - Loss, MSE, RMSE, MAE: 0.00106, 0.00106, 0.03256, 0.01997
INFO | Test - Best epoch 44, Loss, MSE, RMSE, MAE: 0.00100, 0.00100, 0.03159, 0.01974
INFO | Time spent: 2.84s
INFO | - Epoch 045, ExpID 21263
INFO | Train - Loss (one batch): 0.00095
INFO | Val - Loss, MSE, RMSE, MAE: 0.00150, 0.00150, 0.03877, 0.02823
INFO | Test - Best epoch 44, Loss, MSE, RMSE, MAE: 0.00100, 0.00100, 0.03159, 0.01974
INFO | Time spent: 2.43s
INFO | - Epoch 046, ExpID 21263
INFO | Train - Loss (one batch): 0.00107
INFO | Val - Loss, MSE, RMSE, MAE: 0.00108, 0.00108, 0.03287, 0.02013
INFO | Test - Best epoch 44, Loss, MSE, RMSE, MAE: 0.00100, 0.00100, 0.03159, 0.01974
INFO | Time spent: 2.41s
INFO | - Epoch 047, ExpID 21263
INFO | Train - Loss (one batch): 0.00096
INFO | Val - Loss, MSE, RMSE, MAE: 0.00106, 0.00106, 0.03258, 0.02009
INFO | Test - Best epoch 44, Loss, MSE, RMSE, MAE: 0.00100, 0.00100, 0.03159, 0.01974
INFO | Time spent: 2.42s
INFO | - Epoch 048, ExpID 21263
INFO | Train - Loss (one batch): 0.00083
INFO | Val - Loss, MSE, RMSE, MAE: 0.00147, 0.00147, 0.03830, 0.02755
INFO | Test - Best epoch 44, Loss, MSE, RMSE, MAE: 0.00100, 0.00100, 0.03159, 0.01974
INFO | Time spent: 2.42s
INFO | - Epoch 049, ExpID 21263
INFO | Train - Loss (one batch): 0.00103
INFO | Val - Loss, MSE, RMSE, MAE: 0.00158, 0.00158, 0.03981, 0.03000
INFO | Test - Best epoch 44, Loss, MSE, RMSE, MAE: 0.00100, 0.00100, 0.03159, 0.01974
INFO | Time spent: 2.42s
INFO | - Epoch 050, ExpID 21263
INFO | Train - Loss (one batch): 0.00136
INFO | Val - Loss, MSE, RMSE, MAE: 0.00119, 0.00119, 0.03443, 0.02223
INFO | Test - Best epoch 44, Loss, MSE, RMSE, MAE: 0.00100, 0.00100, 0.03159, 0.01974
INFO | Time spent: 2.44s
INFO | - Epoch 051, ExpID 21263
INFO | Train - Loss (one batch): 0.00084
INFO | Val - Loss, MSE, RMSE, MAE: 0.00109, 0.00109, 0.03295, 0.02059
INFO | Test - Best epoch 44, Loss, MSE, RMSE, MAE: 0.00100, 0.00100, 0.03159, 0.01974
INFO | Time spent: 2.42s
INFO | - Epoch 052, ExpID 21263
INFO | Train - Loss (one batch): 0.00124
INFO | Val - Loss, MSE, RMSE, MAE: 0.00122, 0.00122, 0.03490, 0.02340
INFO | Test - Best epoch 44, Loss, MSE, RMSE, MAE: 0.00100, 0.00100, 0.03159, 0.01974
INFO | Time spent: 2.43s
INFO | - Epoch 053, ExpID 21263
INFO | Train - Loss (one batch): 0.00131
INFO | Val - Loss, MSE, RMSE, MAE: 0.00133, 0.00133, 0.03649, 0.02566
INFO | Test - Best epoch 44, Loss, MSE, RMSE, MAE: 0.00100, 0.00100, 0.03159, 0.01974
INFO | Time spent: 2.45s
INFO | - Epoch 054, ExpID 21263
INFO | Train - Loss (one batch): 0.00100
INFO | Val - Loss, MSE, RMSE, MAE: 0.00106, 0.00106, 0.03260, 0.02005
INFO | Test - Best epoch 44, Loss, MSE, RMSE, MAE: 0.00100, 0.00100, 0.03159, 0.01974
INFO | Time spent: 2.43s
INFO | - Epoch 055, ExpID 21263
INFO | Train - Loss (one batch): 0.00073
INFO | Val - Loss, MSE, RMSE, MAE: 0.00111, 0.00111, 0.03332, 0.02122
INFO | Test - Best epoch 44, Loss, MSE, RMSE, MAE: 0.00100, 0.00100, 0.03159, 0.01974
INFO | Time spent: 2.43s
INFO | - Epoch 056, ExpID 21263
INFO | Train - Loss (one batch): 0.00104
INFO | Val - Loss, MSE, RMSE, MAE: 0.00106, 0.00106, 0.03263, 0.02007
INFO | Test - Best epoch 44, Loss, MSE, RMSE, MAE: 0.00100, 0.00100, 0.03159, 0.01974
INFO | Time spent: 2.44s
INFO | - Epoch 057, ExpID 21263
INFO | Train - Loss (one batch): 0.00139
INFO | Val - Loss, MSE, RMSE, MAE: 0.00109, 0.00109, 0.03302, 0.02086
INFO | Test - Best epoch 44, Loss, MSE, RMSE, MAE: 0.00100, 0.00100, 0.03159, 0.01974
INFO | Time spent: 2.52s
INFO | - Epoch 058, ExpID 21263
INFO | Train - Loss (one batch): 0.00081
INFO | Val - Loss, MSE, RMSE, MAE: 0.00109, 0.00109, 0.03296, 0.02072
INFO | Test - Best epoch 44, Loss, MSE, RMSE, MAE: 0.00100, 0.00100, 0.03159, 0.01974
INFO | Time spent: 2.41s
INFO | - Epoch 059, ExpID 21263
INFO | Train - Loss (one batch): 0.00096
INFO | Val - Loss, MSE, RMSE, MAE: 0.00117, 0.00117, 0.03420, 0.02250
INFO | Test - Best epoch 44, Loss, MSE, RMSE, MAE: 0.00100, 0.00100, 0.03159, 0.01974
INFO | Time spent: 2.44s
INFO | - Epoch 060, ExpID 21263
INFO | Train - Loss (one batch): 0.00128
INFO | Val - Loss, MSE, RMSE, MAE: 0.00105, 0.00105, 0.03248, 0.02004
INFO | Test - Best epoch 60, Loss, MSE, RMSE, MAE: 0.00101, 0.00101, 0.03175, 0.01989
INFO | Time spent: 2.86s
INFO | - Epoch 061, ExpID 21263
INFO | Train - Loss (one batch): 0.00118
INFO | Val - Loss, MSE, RMSE, MAE: 0.00114, 0.00114, 0.03380, 0.02141
INFO | Test - Best epoch 60, Loss, MSE, RMSE, MAE: 0.00101, 0.00101, 0.03175, 0.01989
INFO | Time spent: 2.42s
INFO | - Epoch 062, ExpID 21263
INFO | Train - Loss (one batch): 0.00124
INFO | Val - Loss, MSE, RMSE, MAE: 0.00118, 0.00118, 0.03430, 0.02246
INFO | Test - Best epoch 60, Loss, MSE, RMSE, MAE: 0.00101, 0.00101, 0.03175, 0.01989
INFO | Time spent: 2.45s
INFO | - Epoch 063, ExpID 21263
INFO | Train - Loss (one batch): 0.00106
INFO | Val - Loss, MSE, RMSE, MAE: 0.00107, 0.00107, 0.03277, 0.02051
INFO | Test - Best epoch 60, Loss, MSE, RMSE, MAE: 0.00101, 0.00101, 0.03175, 0.01989
INFO | Time spent: 2.42s
INFO | - Epoch 064, ExpID 21263
INFO | Train - Loss (one batch): 0.00100
INFO | Val - Loss, MSE, RMSE, MAE: 0.00118, 0.00118, 0.03440, 0.02289
INFO | Test - Best epoch 60, Loss, MSE, RMSE, MAE: 0.00101, 0.00101, 0.03175, 0.01989
INFO | Time spent: 2.44s
INFO | - Epoch 065, ExpID 21263
INFO | Train - Loss (one batch): 0.00089
INFO | Val - Loss, MSE, RMSE, MAE: 0.00108, 0.00108, 0.03279, 0.02049
INFO | Test - Best epoch 60, Loss, MSE, RMSE, MAE: 0.00101, 0.00101, 0.03175, 0.01989
INFO | Time spent: 2.44s
INFO | - Epoch 066, ExpID 21263
INFO | Train - Loss (one batch): 0.00073
INFO | Val - Loss, MSE, RMSE, MAE: 0.00109, 0.00109, 0.03307, 0.02071
INFO | Test - Best epoch 60, Loss, MSE, RMSE, MAE: 0.00101, 0.00101, 0.03175, 0.01989
INFO | Time spent: 2.43s
INFO | - Epoch 067, ExpID 21263
INFO | Train - Loss (one batch): 0.00102
INFO | Val - Loss, MSE, RMSE, MAE: 0.00112, 0.00112, 0.03350, 0.02132
INFO | Test - Best epoch 60, Loss, MSE, RMSE, MAE: 0.00101, 0.00101, 0.03175, 0.01989
INFO | Time spent: 2.46s
INFO | - Epoch 068, ExpID 21263
INFO | Train - Loss (one batch): 0.00096
INFO | Val - Loss, MSE, RMSE, MAE: 0.00129, 0.00129, 0.03587, 0.02477
INFO | Test - Best epoch 60, Loss, MSE, RMSE, MAE: 0.00101, 0.00101, 0.03175, 0.01989
INFO | Time spent: 2.48s
INFO | - Epoch 069, ExpID 21263
INFO | Train - Loss (one batch): 0.00091
INFO | Val - Loss, MSE, RMSE, MAE: 0.00104, 0.00104, 0.03232, 0.01977
INFO | Test - Best epoch 69, Loss, MSE, RMSE, MAE: 0.00100, 0.00100, 0.03161, 0.01974
INFO | Time spent: 2.89s
INFO | - Epoch 070, ExpID 21263
INFO | Train - Loss (one batch): 0.00107
INFO | Val - Loss, MSE, RMSE, MAE: 0.00109, 0.00109, 0.03300, 0.02094
INFO | Test - Best epoch 69, Loss, MSE, RMSE, MAE: 0.00100, 0.00100, 0.03161, 0.01974
INFO | Time spent: 2.50s
INFO | - Epoch 071, ExpID 21263
INFO | Train - Loss (one batch): 0.00096
INFO | Val - Loss, MSE, RMSE, MAE: 0.00108, 0.00108, 0.03283, 0.02083
INFO | Test - Best epoch 69, Loss, MSE, RMSE, MAE: 0.00100, 0.00100, 0.03161, 0.01974
INFO | Time spent: 2.45s
INFO | - Epoch 072, ExpID 21263
INFO | Train - Loss (one batch): 0.00110
INFO | Val - Loss, MSE, RMSE, MAE: 0.00112, 0.00112, 0.03352, 0.02151
INFO | Test - Best epoch 69, Loss, MSE, RMSE, MAE: 0.00100, 0.00100, 0.03161, 0.01974
INFO | Time spent: 2.43s
INFO | - Epoch 073, ExpID 21263
INFO | Train - Loss (one batch): 0.00084
INFO | Val - Loss, MSE, RMSE, MAE: 0.00107, 0.00107, 0.03267, 0.02037
INFO | Test - Best epoch 69, Loss, MSE, RMSE, MAE: 0.00100, 0.00100, 0.03161, 0.01974
INFO | Time spent: 2.44s
INFO | - Epoch 074, ExpID 21263
INFO | Train - Loss (one batch): 0.00093
INFO | Val - Loss, MSE, RMSE, MAE: 0.00155, 0.00155, 0.03940, 0.02919
INFO | Test - Best epoch 69, Loss, MSE, RMSE, MAE: 0.00100, 0.00100, 0.03161, 0.01974
INFO | Time spent: 2.69s
INFO | - Epoch 075, ExpID 21263
INFO | Train - Loss (one batch): 0.00122
INFO | Val - Loss, MSE, RMSE, MAE: 0.00109, 0.00109, 0.03296, 0.02059
INFO | Test - Best epoch 69, Loss, MSE, RMSE, MAE: 0.00100, 0.00100, 0.03161, 0.01974
INFO | Time spent: 2.45s
INFO | - Epoch 076, ExpID 21263
INFO | Train - Loss (one batch): 0.00071
INFO | Val - Loss, MSE, RMSE, MAE: 0.00117, 0.00117, 0.03419, 0.02274
INFO | Test - Best epoch 69, Loss, MSE, RMSE, MAE: 0.00100, 0.00100, 0.03161, 0.01974
INFO | Time spent: 3.03s
INFO | - Epoch 077, ExpID 21263
INFO | Train - Loss (one batch): 0.00164
INFO | Val - Loss, MSE, RMSE, MAE: 0.00108, 0.00108, 0.03284, 0.02107
INFO | Test - Best epoch 69, Loss, MSE, RMSE, MAE: 0.00100, 0.00100, 0.03161, 0.01974
INFO | Time spent: 2.96s
INFO | - Epoch 078, ExpID 21263
INFO | Train - Loss (one batch): 0.00085
INFO | Val - Loss, MSE, RMSE, MAE: 0.00115, 0.00115, 0.03385, 0.02243
INFO | Test - Best epoch 69, Loss, MSE, RMSE, MAE: 0.00100, 0.00100, 0.03161, 0.01974
INFO | Time spent: 2.96s
INFO | - Epoch 079, ExpID 21263
INFO | Train - Loss (one batch): 0.00074
INFO | Val - Loss, MSE, RMSE, MAE: 0.00106, 0.00106, 0.03258, 0.02011
INFO | Test - Best epoch 69, Loss, MSE, RMSE, MAE: 0.00100, 0.00100, 0.03161, 0.01974
INFO | Time spent: 2.96s
INFO | - Epoch 080, ExpID 21263
INFO | Train - Loss (one batch): 0.00097
INFO | Val - Loss, MSE, RMSE, MAE: 0.00102, 0.00102, 0.03195, 0.01957
INFO | Test - Best epoch 80, Loss, MSE, RMSE, MAE: 0.00097, 0.00097, 0.03121, 0.01944
INFO | Time spent: 3.54s
INFO | - Epoch 081, ExpID 21263
INFO | Train - Loss (one batch): 0.00087
INFO | Val - Loss, MSE, RMSE, MAE: 0.00104, 0.00104, 0.03232, 0.02029
INFO | Test - Best epoch 80, Loss, MSE, RMSE, MAE: 0.00097, 0.00097, 0.03121, 0.01944
INFO | Time spent: 3.03s
INFO | - Epoch 082, ExpID 21263
INFO | Train - Loss (one batch): 0.00101
INFO | Val - Loss, MSE, RMSE, MAE: 0.00133, 0.00133, 0.03642, 0.02538
INFO | Test - Best epoch 80, Loss, MSE, RMSE, MAE: 0.00097, 0.00097, 0.03121, 0.01944
INFO | Time spent: 2.86s
INFO | - Epoch 083, ExpID 21263
INFO | Train - Loss (one batch): 0.00078
INFO | Val - Loss, MSE, RMSE, MAE: 0.00111, 0.00111, 0.03330, 0.02149
INFO | Test - Best epoch 80, Loss, MSE, RMSE, MAE: 0.00097, 0.00097, 0.03121, 0.01944
INFO | Time spent: 2.50s
INFO | - Epoch 084, ExpID 21263
INFO | Train - Loss (one batch): 0.00094
INFO | Val - Loss, MSE, RMSE, MAE: 0.00117, 0.00117, 0.03424, 0.02276
INFO | Test - Best epoch 80, Loss, MSE, RMSE, MAE: 0.00097, 0.00097, 0.03121, 0.01944
INFO | Time spent: 2.47s
INFO | - Epoch 085, ExpID 21263
INFO | Train - Loss (one batch): 0.00107
INFO | Val - Loss, MSE, RMSE, MAE: 0.00115, 0.00115, 0.03384, 0.02220
INFO | Test - Best epoch 80, Loss, MSE, RMSE, MAE: 0.00097, 0.00097, 0.03121, 0.01944
INFO | Time spent: 2.49s
INFO | - Epoch 086, ExpID 21263
INFO | Train - Loss (one batch): 0.00094
INFO | Val - Loss, MSE, RMSE, MAE: 0.00102, 0.00102, 0.03198, 0.01950
INFO | Test - Best epoch 80, Loss, MSE, RMSE, MAE: 0.00097, 0.00097, 0.03121, 0.01944
INFO | Time spent: 2.59s
INFO | - Epoch 087, ExpID 21263
INFO | Train - Loss (one batch): 0.00107
INFO | Val - Loss, MSE, RMSE, MAE: 0.00105, 0.00105, 0.03236, 0.02039
INFO | Test - Best epoch 80, Loss, MSE, RMSE, MAE: 0.00097, 0.00097, 0.03121, 0.01944
INFO | Time spent: 2.47s
INFO | - Epoch 088, ExpID 21263
INFO | Train - Loss (one batch): 0.00117
INFO | Val - Loss, MSE, RMSE, MAE: 0.00108, 0.00108, 0.03293, 0.02111
INFO | Test - Best epoch 80, Loss, MSE, RMSE, MAE: 0.00097, 0.00097, 0.03121, 0.01944
INFO | Time spent: 2.52s
INFO | - Epoch 089, ExpID 21263
INFO | Train - Loss (one batch): 0.00101
INFO | Val - Loss, MSE, RMSE, MAE: 0.00104, 0.00104, 0.03220, 0.01998
INFO | Test - Best epoch 80, Loss, MSE, RMSE, MAE: 0.00097, 0.00097, 0.03121, 0.01944
INFO | Time spent: 2.51s
INFO | - Epoch 090, ExpID 21263
INFO | Train - Loss (one batch): 0.00094
INFO | Val - Loss, MSE, RMSE, MAE: 0.00101, 0.00101, 0.03183, 0.01947
INFO | Test - Best epoch 90, Loss, MSE, RMSE, MAE: 0.00097, 0.00097, 0.03110, 0.01939
INFO | Time spent: 2.93s
INFO | - Epoch 091, ExpID 21263
INFO | Train - Loss (one batch): 0.00109
INFO | Val - Loss, MSE, RMSE, MAE: 0.00104, 0.00104, 0.03228, 0.02002
INFO | Test - Best epoch 90, Loss, MSE, RMSE, MAE: 0.00097, 0.00097, 0.03110, 0.01939
INFO | Time spent: 2.51s
INFO | - Epoch 092, ExpID 21263
INFO | Train - Loss (one batch): 0.00134
INFO | Val - Loss, MSE, RMSE, MAE: 0.00110, 0.00110, 0.03316, 0.02132
INFO | Test - Best epoch 90, Loss, MSE, RMSE, MAE: 0.00097, 0.00097, 0.03110, 0.01939
INFO | Time spent: 2.48s
INFO | - Epoch 093, ExpID 21263
INFO | Train - Loss (one batch): 0.00110
INFO | Val - Loss, MSE, RMSE, MAE: 0.00101, 0.00101, 0.03181, 0.01955
INFO | Test - Best epoch 93, Loss, MSE, RMSE, MAE: 0.00097, 0.00097, 0.03107, 0.01946
INFO | Time spent: 2.95s
INFO | - Epoch 094, ExpID 21263
INFO | Train - Loss (one batch): 0.00109
INFO | Val - Loss, MSE, RMSE, MAE: 0.00100, 0.00100, 0.03161, 0.01925
INFO | Test - Best epoch 94, Loss, MSE, RMSE, MAE: 0.00096, 0.00096, 0.03100, 0.01919
INFO | Time spent: 2.95s
INFO | - Epoch 095, ExpID 21263
INFO | Train - Loss (one batch): 0.00102
INFO | Val - Loss, MSE, RMSE, MAE: 0.00104, 0.00104, 0.03230, 0.01992
INFO | Test - Best epoch 94, Loss, MSE, RMSE, MAE: 0.00096, 0.00096, 0.03100, 0.01919
INFO | Time spent: 2.52s
INFO | - Epoch 096, ExpID 21263
INFO | Train - Loss (one batch): 0.00107
INFO | Val - Loss, MSE, RMSE, MAE: 0.00133, 0.00133, 0.03645, 0.02567
INFO | Test - Best epoch 94, Loss, MSE, RMSE, MAE: 0.00096, 0.00096, 0.03100, 0.01919
INFO | Time spent: 2.47s
INFO | - Epoch 097, ExpID 21263
INFO | Train - Loss (one batch): 0.00106
INFO | Val - Loss, MSE, RMSE, MAE: 0.00104, 0.00104, 0.03222, 0.02014
INFO | Test - Best epoch 94, Loss, MSE, RMSE, MAE: 0.00096, 0.00096, 0.03100, 0.01919
INFO | Time spent: 2.48s
INFO | - Epoch 098, ExpID 21263
INFO | Train - Loss (one batch): 0.00092
INFO | Val - Loss, MSE, RMSE, MAE: 0.00102, 0.00102, 0.03189, 0.01961
INFO | Test - Best epoch 94, Loss, MSE, RMSE, MAE: 0.00096, 0.00096, 0.03100, 0.01919
INFO | Time spent: 2.52s
INFO | - Epoch 099, ExpID 21263
INFO | Train - Loss (one batch): 0.00105
INFO | Val - Loss, MSE, RMSE, MAE: 0.00109, 0.00109, 0.03306, 0.02155
INFO | Test - Best epoch 94, Loss, MSE, RMSE, MAE: 0.00096, 0.00096, 0.03100, 0.01919
INFO | Time spent: 2.48s
INFO | - Epoch 100, ExpID 21263
INFO | Train - Loss (one batch): 0.00093
INFO | Val - Loss, MSE, RMSE, MAE: 0.00104, 0.00104, 0.03221, 0.02029
INFO | Test - Best epoch 94, Loss, MSE, RMSE, MAE: 0.00096, 0.00096, 0.03100, 0.01919
INFO | Time spent: 2.64s
INFO | - Epoch 101, ExpID 21263
INFO | Train - Loss (one batch): 0.00067
INFO | Val - Loss, MSE, RMSE, MAE: 0.00103, 0.00103, 0.03211, 0.02025
INFO | Test - Best epoch 94, Loss, MSE, RMSE, MAE: 0.00096, 0.00096, 0.03100, 0.01919
INFO | Time spent: 2.56s
INFO | - Epoch 102, ExpID 21263
INFO | Train - Loss (one batch): 0.00074
INFO | Val - Loss, MSE, RMSE, MAE: 0.00101, 0.00101, 0.03184, 0.01980
INFO | Test - Best epoch 94, Loss, MSE, RMSE, MAE: 0.00096, 0.00096, 0.03100, 0.01919
INFO | Time spent: 2.52s
INFO | - Epoch 103, ExpID 21263
INFO | Train - Loss (one batch): 0.00081
INFO | Val - Loss, MSE, RMSE, MAE: 0.00104, 0.00104, 0.03219, 0.02024
INFO | Test - Best epoch 94, Loss, MSE, RMSE, MAE: 0.00096, 0.00096, 0.03100, 0.01919
INFO | Time spent: 2.73s
INFO | - Epoch 104, ExpID 21263
INFO | Train - Loss (one batch): 0.00082
INFO | Val - Loss, MSE, RMSE, MAE: 0.00109, 0.00109, 0.03307, 0.02155
INFO | Test - Best epoch 94, Loss, MSE, RMSE, MAE: 0.00096, 0.00096, 0.03100, 0.01919
INFO | Time spent: 2.47s
INFO | - Epoch 105, ExpID 21263
INFO | Train - Loss (one batch): 0.00102
INFO | Val - Loss, MSE, RMSE, MAE: 0.00101, 0.00101, 0.03178, 0.01966
INFO | Test - Best epoch 94, Loss, MSE, RMSE, MAE: 0.00096, 0.00096, 0.03100, 0.01919
INFO | Time spent: 2.46s
INFO | - Epoch 106, ExpID 21263
INFO | Train - Loss (one batch): 0.00098
INFO | Val - Loss, MSE, RMSE, MAE: 0.00105, 0.00105, 0.03246, 0.02065
INFO | Test - Best epoch 94, Loss, MSE, RMSE, MAE: 0.00096, 0.00096, 0.03100, 0.01919
INFO | Time spent: 2.47s
INFO | - Epoch 107, ExpID 21263
INFO | Train - Loss (one batch): 0.00089
INFO | Val - Loss, MSE, RMSE, MAE: 0.00102, 0.00102, 0.03192, 0.01963
INFO | Test - Best epoch 94, Loss, MSE, RMSE, MAE: 0.00096, 0.00096, 0.03100, 0.01919
INFO | Time spent: 2.48s
INFO | - Epoch 108, ExpID 21263
INFO | Train - Loss (one batch): 0.00064
INFO | Val - Loss, MSE, RMSE, MAE: 0.00102, 0.00102, 0.03191, 0.01965
INFO | Test - Best epoch 94, Loss, MSE, RMSE, MAE: 0.00096, 0.00096, 0.03100, 0.01919
INFO | Time spent: 2.48s
INFO | - Epoch 109, ExpID 21263
INFO | Train - Loss (one batch): 0.00091
INFO | Val - Loss, MSE, RMSE, MAE: 0.00110, 0.00110, 0.03315, 0.02185
INFO | Test - Best epoch 94, Loss, MSE, RMSE, MAE: 0.00096, 0.00096, 0.03100, 0.01919
INFO | Time spent: 2.48s
INFO | - Epoch 110, ExpID 21263
INFO | Train - Loss (one batch): 0.00091
INFO | Val - Loss, MSE, RMSE, MAE: 0.00108, 0.00108, 0.03279, 0.02109
INFO | Test - Best epoch 94, Loss, MSE, RMSE, MAE: 0.00096, 0.00096, 0.03100, 0.01919
INFO | Time spent: 2.50s
INFO | - Epoch 111, ExpID 21263
INFO | Train - Loss (one batch): 0.00092
INFO | Val - Loss, MSE, RMSE, MAE: 0.00108, 0.00108, 0.03282, 0.02117
INFO | Test - Best epoch 94, Loss, MSE, RMSE, MAE: 0.00096, 0.00096, 0.03100, 0.01919
INFO | Time spent: 2.63s
INFO | - Epoch 112, ExpID 21263
INFO | Train - Loss (one batch): 0.00079
INFO | Val - Loss, MSE, RMSE, MAE: 0.00103, 0.00103, 0.03215, 0.02018
INFO | Test - Best epoch 94, Loss, MSE, RMSE, MAE: 0.00096, 0.00096, 0.03100, 0.01919
INFO | Time spent: 2.48s
INFO | - Epoch 113, ExpID 21263
INFO | Train - Loss (one batch): 0.00107
INFO | Val - Loss, MSE, RMSE, MAE: 0.00100, 0.00100, 0.03156, 0.01934
INFO | Test - Best epoch 113, Loss, MSE, RMSE, MAE: 0.00095, 0.00095, 0.03088, 0.01923
INFO | Time spent: 2.92s
INFO | - Epoch 114, ExpID 21263
INFO | Train - Loss (one batch): 0.00079
INFO | Val - Loss, MSE, RMSE, MAE: 0.00101, 0.00101, 0.03181, 0.01965
INFO | Test - Best epoch 113, Loss, MSE, RMSE, MAE: 0.00095, 0.00095, 0.03088, 0.01923
INFO | Time spent: 2.52s
INFO | - Epoch 115, ExpID 21263
INFO | Train - Loss (one batch): 0.00068
INFO | Val - Loss, MSE, RMSE, MAE: 0.00100, 0.00100, 0.03160, 0.01947
INFO | Test - Best epoch 113, Loss, MSE, RMSE, MAE: 0.00095, 0.00095, 0.03088, 0.01923
INFO | Time spent: 2.49s
INFO | - Epoch 116, ExpID 21263
INFO | Train - Loss (one batch): 0.00098
INFO | Val - Loss, MSE, RMSE, MAE: 0.00101, 0.00101, 0.03177, 0.01945
INFO | Test - Best epoch 113, Loss, MSE, RMSE, MAE: 0.00095, 0.00095, 0.03088, 0.01923
INFO | Time spent: 2.47s
INFO | - Epoch 117, ExpID 21263
INFO | Train - Loss (one batch): 0.00124
INFO | Val - Loss, MSE, RMSE, MAE: 0.00099, 0.00099, 0.03143, 0.01920
INFO | Test - Best epoch 117, Loss, MSE, RMSE, MAE: 0.00095, 0.00095, 0.03080, 0.01911
INFO | Time spent: 2.89s
INFO | - Epoch 118, ExpID 21263
INFO | Train - Loss (one batch): 0.00084
INFO | Val - Loss, MSE, RMSE, MAE: 0.00099, 0.00099, 0.03144, 0.01943
INFO | Test - Best epoch 117, Loss, MSE, RMSE, MAE: 0.00095, 0.00095, 0.03080, 0.01911
INFO | Time spent: 2.54s
INFO | - Epoch 119, ExpID 21263
INFO | Train - Loss (one batch): 0.00095
INFO | Val - Loss, MSE, RMSE, MAE: 0.00102, 0.00102, 0.03190, 0.01996
INFO | Test - Best epoch 117, Loss, MSE, RMSE, MAE: 0.00095, 0.00095, 0.03080, 0.01911
INFO | Time spent: 2.48s
INFO | - Epoch 120, ExpID 21263
INFO | Train - Loss (one batch): 0.00096
INFO | Val - Loss, MSE, RMSE, MAE: 0.00098, 0.00098, 0.03127, 0.01915
INFO | Test - Best epoch 120, Loss, MSE, RMSE, MAE: 0.00094, 0.00094, 0.03074, 0.01906
INFO | Time spent: 2.95s
INFO | - Epoch 121, ExpID 21263
INFO | Train - Loss (one batch): 0.00075
INFO | Val - Loss, MSE, RMSE, MAE: 0.00101, 0.00101, 0.03177, 0.01964
INFO | Test - Best epoch 120, Loss, MSE, RMSE, MAE: 0.00094, 0.00094, 0.03074, 0.01906
INFO | Time spent: 2.72s
INFO | - Epoch 122, ExpID 21263
INFO | Train - Loss (one batch): 0.00114
INFO | Val - Loss, MSE, RMSE, MAE: 0.00099, 0.00099, 0.03140, 0.01912
INFO | Test - Best epoch 120, Loss, MSE, RMSE, MAE: 0.00094, 0.00094, 0.03074, 0.01906
INFO | Time spent: 2.49s
INFO | - Epoch 123, ExpID 21263
INFO | Train - Loss (one batch): 0.00088
INFO | Val - Loss, MSE, RMSE, MAE: 0.00098, 0.00098, 0.03133, 0.01934
INFO | Test - Best epoch 120, Loss, MSE, RMSE, MAE: 0.00094, 0.00094, 0.03074, 0.01906
INFO | Time spent: 2.49s
INFO | - Epoch 124, ExpID 21263
INFO | Train - Loss (one batch): 0.00070
INFO | Val - Loss, MSE, RMSE, MAE: 0.00106, 0.00106, 0.03262, 0.02100
INFO | Test - Best epoch 120, Loss, MSE, RMSE, MAE: 0.00094, 0.00094, 0.03074, 0.01906
INFO | Time spent: 2.47s
INFO | - Epoch 125, ExpID 21263
INFO | Train - Loss (one batch): 0.00116
INFO | Val - Loss, MSE, RMSE, MAE: 0.00098, 0.00098, 0.03128, 0.01927
INFO | Test - Best epoch 120, Loss, MSE, RMSE, MAE: 0.00094, 0.00094, 0.03074, 0.01906
INFO | Time spent: 2.64s
INFO | - Epoch 126, ExpID 21263
INFO | Train - Loss (one batch): 0.00100
INFO | Val - Loss, MSE, RMSE, MAE: 0.00102, 0.00102, 0.03188, 0.01989
INFO | Test - Best epoch 120, Loss, MSE, RMSE, MAE: 0.00094, 0.00094, 0.03074, 0.01906
INFO | Time spent: 2.48s
INFO | - Epoch 127, ExpID 21263
INFO | Train - Loss (one batch): 0.00090
INFO | Val - Loss, MSE, RMSE, MAE: 0.00100, 0.00100, 0.03158, 0.01967
INFO | Test - Best epoch 120, Loss, MSE, RMSE, MAE: 0.00094, 0.00094, 0.03074, 0.01906
INFO | Time spent: 2.70s
INFO | - Epoch 128, ExpID 21263
INFO | Train - Loss (one batch): 0.00095
INFO | Val - Loss, MSE, RMSE, MAE: 0.00102, 0.00102, 0.03189, 0.02034
INFO | Test - Best epoch 120, Loss, MSE, RMSE, MAE: 0.00094, 0.00094, 0.03074, 0.01906
INFO | Time spent: 2.50s
INFO | - Epoch 129, ExpID 21263
INFO | Train - Loss (one batch): 0.00085
INFO | Val - Loss, MSE, RMSE, MAE: 0.00098, 0.00098, 0.03128, 0.01905
INFO | Test - Best epoch 120, Loss, MSE, RMSE, MAE: 0.00094, 0.00094, 0.03074, 0.01906
INFO | Time spent: 2.50s
INFO | - Epoch 130, ExpID 21263
INFO | Train - Loss (one batch): 0.00068
INFO | Val - Loss, MSE, RMSE, MAE: 0.00098, 0.00098, 0.03123, 0.01915
INFO | Test - Best epoch 130, Loss, MSE, RMSE, MAE: 0.00094, 0.00094, 0.03064, 0.01913
INFO | Time spent: 3.02s
INFO | - Epoch 131, ExpID 21263
INFO | Train - Loss (one batch): 0.00096
INFO | Val - Loss, MSE, RMSE, MAE: 0.00100, 0.00100, 0.03168, 0.02003
INFO | Test - Best epoch 130, Loss, MSE, RMSE, MAE: 0.00094, 0.00094, 0.03064, 0.01913
INFO | Time spent: 2.69s
INFO | - Epoch 132, ExpID 21263
INFO | Train - Loss (one batch): 0.00094
INFO | Val - Loss, MSE, RMSE, MAE: 0.00098, 0.00098, 0.03136, 0.01919
INFO | Test - Best epoch 130, Loss, MSE, RMSE, MAE: 0.00094, 0.00094, 0.03064, 0.01913
INFO | Time spent: 2.51s
INFO | - Epoch 133, ExpID 21263
INFO | Train - Loss (one batch): 0.00100
INFO | Val - Loss, MSE, RMSE, MAE: 0.00108, 0.00108, 0.03284, 0.02156
INFO | Test - Best epoch 130, Loss, MSE, RMSE, MAE: 0.00094, 0.00094, 0.03064, 0.01913
INFO | Time spent: 2.47s
INFO | - Epoch 134, ExpID 21263
INFO | Train - Loss (one batch): 0.00082
INFO | Val - Loss, MSE, RMSE, MAE: 0.00103, 0.00103, 0.03212, 0.02033
INFO | Test - Best epoch 130, Loss, MSE, RMSE, MAE: 0.00094, 0.00094, 0.03064, 0.01913
INFO | Time spent: 2.48s
INFO | - Epoch 135, ExpID 21263
INFO | Train - Loss (one batch): 0.00103
INFO | Val - Loss, MSE, RMSE, MAE: 0.00097, 0.00097, 0.03121, 0.01913
INFO | Test - Best epoch 135, Loss, MSE, RMSE, MAE: 0.00094, 0.00094, 0.03074, 0.01909
INFO | Time spent: 2.92s
INFO | - Epoch 136, ExpID 21263
INFO | Train - Loss (one batch): 0.00083
INFO | Val - Loss, MSE, RMSE, MAE: 0.00098, 0.00098, 0.03138, 0.01931
INFO | Test - Best epoch 135, Loss, MSE, RMSE, MAE: 0.00094, 0.00094, 0.03074, 0.01909
INFO | Time spent: 2.48s
INFO | - Epoch 137, ExpID 21263
INFO | Train - Loss (one batch): 0.00104
INFO | Val - Loss, MSE, RMSE, MAE: 0.00098, 0.00098, 0.03129, 0.01920
INFO | Test - Best epoch 135, Loss, MSE, RMSE, MAE: 0.00094, 0.00094, 0.03074, 0.01909
INFO | Time spent: 2.52s
INFO | - Epoch 138, ExpID 21263
INFO | Train - Loss (one batch): 0.00097
INFO | Val - Loss, MSE, RMSE, MAE: 0.00098, 0.00098, 0.03125, 0.01940
INFO | Test - Best epoch 135, Loss, MSE, RMSE, MAE: 0.00094, 0.00094, 0.03074, 0.01909
INFO | Time spent: 2.49s
INFO | - Epoch 139, ExpID 21263
INFO | Train - Loss (one batch): 0.00088
INFO | Val - Loss, MSE, RMSE, MAE: 0.00103, 0.00103, 0.03214, 0.02062
INFO | Test - Best epoch 135, Loss, MSE, RMSE, MAE: 0.00094, 0.00094, 0.03074, 0.01909
INFO | Time spent: 2.49s
INFO | - Epoch 140, ExpID 21263
INFO | Train - Loss (one batch): 0.00086
INFO | Val - Loss, MSE, RMSE, MAE: 0.00097, 0.00097, 0.03117, 0.01889
INFO | Test - Best epoch 140, Loss, MSE, RMSE, MAE: 0.00093, 0.00093, 0.03050, 0.01882
INFO | Time spent: 3.00s
INFO | - Epoch 141, ExpID 21263
INFO | Train - Loss (one batch): 0.00070
INFO | Val - Loss, MSE, RMSE, MAE: 0.00108, 0.00108, 0.03282, 0.02144
INFO | Test - Best epoch 140, Loss, MSE, RMSE, MAE: 0.00093, 0.00093, 0.03050, 0.01882
INFO | Time spent: 2.50s
INFO | - Epoch 142, ExpID 21263
INFO | Train - Loss (one batch): 0.00088
INFO | Val - Loss, MSE, RMSE, MAE: 0.00098, 0.00098, 0.03128, 0.01919
INFO | Test - Best epoch 140, Loss, MSE, RMSE, MAE: 0.00093, 0.00093, 0.03050, 0.01882
INFO | Time spent: 2.46s
INFO | - Epoch 143, ExpID 21263
INFO | Train - Loss (one batch): 0.00075
INFO | Val - Loss, MSE, RMSE, MAE: 0.00099, 0.00099, 0.03152, 0.01971
INFO | Test - Best epoch 140, Loss, MSE, RMSE, MAE: 0.00093, 0.00093, 0.03050, 0.01882
INFO | Time spent: 2.55s
INFO | - Epoch 144, ExpID 21263
INFO | Train - Loss (one batch): 0.00111
INFO | Val - Loss, MSE, RMSE, MAE: 0.00112, 0.00112, 0.03350, 0.02225
INFO | Test - Best epoch 140, Loss, MSE, RMSE, MAE: 0.00093, 0.00093, 0.03050, 0.01882
INFO | Time spent: 2.49s
INFO | - Epoch 145, ExpID 21263
INFO | Train - Loss (one batch): 0.00087
INFO | Val - Loss, MSE, RMSE, MAE: 0.00096, 0.00096, 0.03106, 0.01885
INFO | Test - Best epoch 145, Loss, MSE, RMSE, MAE: 0.00093, 0.00093, 0.03043, 0.01872
INFO | Time spent: 2.91s
INFO | - Epoch 146, ExpID 21263
INFO | Train - Loss (one batch): 0.00071
INFO | Val - Loss, MSE, RMSE, MAE: 0.00104, 0.00104, 0.03220, 0.02079
INFO | Test - Best epoch 145, Loss, MSE, RMSE, MAE: 0.00093, 0.00093, 0.03043, 0.01872
INFO | Time spent: 2.50s
INFO | - Epoch 147, ExpID 21263
INFO | Train - Loss (one batch): 0.00117
INFO | Val - Loss, MSE, RMSE, MAE: 0.00096, 0.00096, 0.03097, 0.01888
INFO | Test - Best epoch 147, Loss, MSE, RMSE, MAE: 0.00093, 0.00093, 0.03047, 0.01887
INFO | Time spent: 2.92s
INFO | - Epoch 148, ExpID 21263
INFO | Train - Loss (one batch): 0.00092
INFO | Val - Loss, MSE, RMSE, MAE: 0.00097, 0.00097, 0.03119, 0.01926
INFO | Test - Best epoch 147, Loss, MSE, RMSE, MAE: 0.00093, 0.00093, 0.03047, 0.01887
INFO | Time spent: 2.49s
INFO | - Epoch 149, ExpID 21263
INFO | Train - Loss (one batch): 0.00106
INFO | Val - Loss, MSE, RMSE, MAE: 0.00099, 0.00099, 0.03142, 0.01963
INFO | Test - Best epoch 147, Loss, MSE, RMSE, MAE: 0.00093, 0.00093, 0.03047, 0.01887
INFO | Time spent: 2.53s
INFO | - Epoch 150, ExpID 21263
INFO | Train - Loss (one batch): 0.00070
INFO | Val - Loss, MSE, RMSE, MAE: 0.00114, 0.00114, 0.03381, 0.02268
INFO | Test - Best epoch 147, Loss, MSE, RMSE, MAE: 0.00093, 0.00093, 0.03047, 0.01887
INFO | Time spent: 2.65s
INFO | - Epoch 151, ExpID 21263
INFO | Train - Loss (one batch): 0.00089
INFO | Val - Loss, MSE, RMSE, MAE: 0.00097, 0.00097, 0.03119, 0.01897
INFO | Test - Best epoch 147, Loss, MSE, RMSE, MAE: 0.00093, 0.00093, 0.03047, 0.01887
INFO | Time spent: 2.53s
INFO | - Epoch 152, ExpID 21263
INFO | Train - Loss (one batch): 0.00069
INFO | Val - Loss, MSE, RMSE, MAE: 0.00100, 0.00100, 0.03160, 0.01941
INFO | Test - Best epoch 147, Loss, MSE, RMSE, MAE: 0.00093, 0.00093, 0.03047, 0.01887
INFO | Time spent: 2.41s
INFO | - Epoch 153, ExpID 21263
INFO | Train - Loss (one batch): 0.00082
INFO | Val - Loss, MSE, RMSE, MAE: 0.00098, 0.00098, 0.03125, 0.01916
INFO | Test - Best epoch 147, Loss, MSE, RMSE, MAE: 0.00093, 0.00093, 0.03047, 0.01887
INFO | Time spent: 2.41s
INFO | - Epoch 154, ExpID 21263
INFO | Train - Loss (one batch): 0.00076
INFO | Val - Loss, MSE, RMSE, MAE: 0.00098, 0.00098, 0.03123, 0.01917
INFO | Test - Best epoch 147, Loss, MSE, RMSE, MAE: 0.00093, 0.00093, 0.03047, 0.01887
INFO | Time spent: 2.40s
INFO | - Epoch 155, ExpID 21263
INFO | Train - Loss (one batch): 0.00099
INFO | Val - Loss, MSE, RMSE, MAE: 0.00111, 0.00111, 0.03337, 0.02237
INFO | Test - Best epoch 147, Loss, MSE, RMSE, MAE: 0.00093, 0.00093, 0.03047, 0.01887
INFO | Time spent: 2.42s
INFO | - Epoch 156, ExpID 21263
INFO | Train - Loss (one batch): 0.00100
INFO | Val - Loss, MSE, RMSE, MAE: 0.00099, 0.00099, 0.03143, 0.01961
INFO | Test - Best epoch 147, Loss, MSE, RMSE, MAE: 0.00093, 0.00093, 0.03047, 0.01887
INFO | Time spent: 2.41s
INFO | - Epoch 157, ExpID 21263
INFO | Train - Loss (one batch): 0.00071
INFO | Val - Loss, MSE, RMSE, MAE: 0.00109, 0.00109, 0.03297, 0.02182
INFO | Test - Best epoch 147, Loss, MSE, RMSE, MAE: 0.00093, 0.00093, 0.03047, 0.01887
INFO | Time spent: 2.40s
INFO | - Epoch 158, ExpID 21263
INFO | Train - Loss (one batch): 0.00074
INFO | Val - Loss, MSE, RMSE, MAE: 0.00098, 0.00098, 0.03127, 0.01947
INFO | Test - Best epoch 147, Loss, MSE, RMSE, MAE: 0.00093, 0.00093, 0.03047, 0.01887
INFO | Time spent: 2.42s
INFO | - Epoch 159, ExpID 21263
INFO | Train - Loss (one batch): 0.00087
INFO | Val - Loss, MSE, RMSE, MAE: 0.00101, 0.00101, 0.03181, 0.02036
INFO | Test - Best epoch 147, Loss, MSE, RMSE, MAE: 0.00093, 0.00093, 0.03047, 0.01887
INFO | Time spent: 2.41s
INFO | - Epoch 160, ExpID 21263
INFO | Train - Loss (one batch): 0.00082
INFO | Val - Loss, MSE, RMSE, MAE: 0.00107, 0.00107, 0.03265, 0.02149
INFO | Test - Best epoch 147, Loss, MSE, RMSE, MAE: 0.00093, 0.00093, 0.03047, 0.01887
INFO | Time spent: 2.42s
INFO | - Epoch 161, ExpID 21263
INFO | Train - Loss (one batch): 0.00069
INFO | Val - Loss, MSE, RMSE, MAE: 0.00097, 0.00097, 0.03111, 0.01886
INFO | Test - Best epoch 147, Loss, MSE, RMSE, MAE: 0.00093, 0.00093, 0.03047, 0.01887
INFO | Time spent: 2.41s
INFO | - Epoch 162, ExpID 21263
INFO | Train - Loss (one batch): 0.00074
INFO | Val - Loss, MSE, RMSE, MAE: 0.00098, 0.00098, 0.03126, 0.01925
INFO | Test - Best epoch 147, Loss, MSE, RMSE, MAE: 0.00093, 0.00093, 0.03047, 0.01887
INFO | Time spent: 2.41s
INFO | - Epoch 163, ExpID 21263
INFO | Train - Loss (one batch): 0.00116
INFO | Val - Loss, MSE, RMSE, MAE: 0.00096, 0.00096, 0.03091, 0.01878
INFO | Test - Best epoch 163, Loss, MSE, RMSE, MAE: 0.00092, 0.00092, 0.03032, 0.01872
INFO | Time spent: 2.83s
INFO | - Epoch 164, ExpID 21263
INFO | Train - Loss (one batch): 0.00075
INFO | Val - Loss, MSE, RMSE, MAE: 0.00100, 0.00100, 0.03157, 0.01939
INFO | Test - Best epoch 163, Loss, MSE, RMSE, MAE: 0.00092, 0.00092, 0.03032, 0.01872
INFO | Time spent: 2.47s
INFO | - Epoch 165, ExpID 21263
INFO | Train - Loss (one batch): 0.00081
INFO | Val - Loss, MSE, RMSE, MAE: 0.00100, 0.00100, 0.03160, 0.01976
INFO | Test - Best epoch 163, Loss, MSE, RMSE, MAE: 0.00092, 0.00092, 0.03032, 0.01872
INFO | Time spent: 2.43s
INFO | - Epoch 166, ExpID 21263
INFO | Train - Loss (one batch): 0.00058
INFO | Val - Loss, MSE, RMSE, MAE: 0.00101, 0.00101, 0.03183, 0.01993
INFO | Test - Best epoch 163, Loss, MSE, RMSE, MAE: 0.00092, 0.00092, 0.03032, 0.01872
INFO | Time spent: 2.41s
INFO | - Epoch 167, ExpID 21263
INFO | Train - Loss (one batch): 0.00081
INFO | Val - Loss, MSE, RMSE, MAE: 0.00112, 0.00112, 0.03353, 0.02217
INFO | Test - Best epoch 163, Loss, MSE, RMSE, MAE: 0.00092, 0.00092, 0.03032, 0.01872
INFO | Time spent: 2.40s
INFO | - Epoch 168, ExpID 21263
INFO | Train - Loss (one batch): 0.00079
INFO | Val - Loss, MSE, RMSE, MAE: 0.00098, 0.00098, 0.03138, 0.01932
INFO | Test - Best epoch 163, Loss, MSE, RMSE, MAE: 0.00092, 0.00092, 0.03032, 0.01872
INFO | Time spent: 2.63s
INFO | - Epoch 169, ExpID 21263
INFO | Train - Loss (one batch): 0.00099
INFO | Val - Loss, MSE, RMSE, MAE: 0.00098, 0.00098, 0.03132, 0.01927
INFO | Test - Best epoch 163, Loss, MSE, RMSE, MAE: 0.00092, 0.00092, 0.03032, 0.01872
INFO | Time spent: 2.53s
INFO | - Epoch 170, ExpID 21263
INFO | Train - Loss (one batch): 0.00088
INFO | Val - Loss, MSE, RMSE, MAE: 0.00098, 0.00098, 0.03128, 0.01932
INFO | Test - Best epoch 163, Loss, MSE, RMSE, MAE: 0.00092, 0.00092, 0.03032, 0.01872
INFO | Time spent: 2.42s
INFO | - Epoch 171, ExpID 21263
INFO | Train - Loss (one batch): 0.00082
INFO | Val - Loss, MSE, RMSE, MAE: 0.00102, 0.00102, 0.03187, 0.02041
INFO | Test - Best epoch 163, Loss, MSE, RMSE, MAE: 0.00092, 0.00092, 0.03032, 0.01872
INFO | Time spent: 2.43s
INFO | - Epoch 172, ExpID 21263
INFO | Train - Loss (one batch): 0.00116
INFO | Val - Loss, MSE, RMSE, MAE: 0.00101, 0.00101, 0.03185, 0.02020
INFO | Test - Best epoch 163, Loss, MSE, RMSE, MAE: 0.00092, 0.00092, 0.03032, 0.01872
INFO | Time spent: 2.42s
INFO | - Epoch 173, ExpID 21263
INFO | Train - Loss (one batch): 0.00082
INFO | Val - Loss, MSE, RMSE, MAE: 0.00096, 0.00096, 0.03102, 0.01908
INFO | Test - Best epoch 163, Loss, MSE, RMSE, MAE: 0.00092, 0.00092, 0.03032, 0.01872
INFO | Time spent: 2.41s
INFO | - Epoch 174, ExpID 21263
INFO | Train - Loss (one batch): 0.00076
INFO | Val - Loss, MSE, RMSE, MAE: 0.00096, 0.00096, 0.03106, 0.01934
INFO | Test - Best epoch 163, Loss, MSE, RMSE, MAE: 0.00092, 0.00092, 0.03032, 0.01872
INFO | Time spent: 2.59s
INFO | - Epoch 175, ExpID 21263
INFO | Train - Loss (one batch): 0.00067
INFO | Val - Loss, MSE, RMSE, MAE: 0.00097, 0.00097, 0.03108, 0.01922
INFO | Test - Best epoch 163, Loss, MSE, RMSE, MAE: 0.00092, 0.00092, 0.03032, 0.01872
INFO | Time spent: 2.54s
INFO | - Epoch 176, ExpID 21263
INFO | Train - Loss (one batch): 0.00066
INFO | Val - Loss, MSE, RMSE, MAE: 0.00098, 0.00098, 0.03125, 0.01917
INFO | Test - Best epoch 163, Loss, MSE, RMSE, MAE: 0.00092, 0.00092, 0.03032, 0.01872
INFO | Time spent: 2.43s
INFO | - Epoch 177, ExpID 21263
INFO | Train - Loss (one batch): 0.00064
INFO | Val - Loss, MSE, RMSE, MAE: 0.00097, 0.00097, 0.03117, 0.01894
INFO | Test - Best epoch 163, Loss, MSE, RMSE, MAE: 0.00092, 0.00092, 0.03032, 0.01872
INFO | Time spent: 2.42s
INFO | - Epoch 178, ExpID 21263
INFO | Train - Loss (one batch): 0.00091
INFO | Val - Loss, MSE, RMSE, MAE: 0.00099, 0.00099, 0.03142, 0.01954
INFO | Test - Best epoch 163, Loss, MSE, RMSE, MAE: 0.00092, 0.00092, 0.03032, 0.01872
INFO | Time spent: 2.47s
INFO | - Epoch 179, ExpID 21263
INFO | Train - Loss (one batch): 0.00072
INFO | Val - Loss, MSE, RMSE, MAE: 0.00108, 0.00108, 0.03291, 0.02167
INFO | Test - Best epoch 163, Loss, MSE, RMSE, MAE: 0.00092, 0.00092, 0.03032, 0.01872
INFO | Time spent: 2.41s
INFO | - Epoch 180, ExpID 21263
INFO | Train - Loss (one batch): 0.00113
INFO | Val - Loss, MSE, RMSE, MAE: 0.00097, 0.00097, 0.03107, 0.01900
INFO | Test - Best epoch 163, Loss, MSE, RMSE, MAE: 0.00092, 0.00092, 0.03032, 0.01872
INFO | Time spent: 2.43s
INFO | - Epoch 181, ExpID 21263
INFO | Train - Loss (one batch): 0.00100
INFO | Val - Loss, MSE, RMSE, MAE: 0.00098, 0.00098, 0.03129, 0.01954
INFO | Test - Best epoch 163, Loss, MSE, RMSE, MAE: 0.00092, 0.00092, 0.03032, 0.01872
INFO | Time spent: 2.42s
INFO | - Epoch 182, ExpID 21263
INFO | Train - Loss (one batch): 0.00096
INFO | Val - Loss, MSE, RMSE, MAE: 0.00097, 0.00097, 0.03120, 0.01931
INFO | Test - Best epoch 163, Loss, MSE, RMSE, MAE: 0.00092, 0.00092, 0.03032, 0.01872
INFO | Time spent: 2.58s
INFO | - Epoch 183, ExpID 21263
INFO | Train - Loss (one batch): 0.00107
INFO | Val - Loss, MSE, RMSE, MAE: 0.00098, 0.00098, 0.03129, 0.01915
INFO | Test - Best epoch 163, Loss, MSE, RMSE, MAE: 0.00092, 0.00092, 0.03032, 0.01872
INFO | Time spent: 2.41s
INFO | - Epoch 184, ExpID 21263
INFO | Train - Loss (one batch): 0.00069
INFO | Val - Loss, MSE, RMSE, MAE: 0.00104, 0.00104, 0.03232, 0.02103
INFO | Test - Best epoch 163, Loss, MSE, RMSE, MAE: 0.00092, 0.00092, 0.03032, 0.01872
INFO | Time spent: 2.58s
INFO | - Epoch 185, ExpID 21263
INFO | Train - Loss (one batch): 0.00061
INFO | Val - Loss, MSE, RMSE, MAE: 0.00095, 0.00095, 0.03089, 0.01900
INFO | Test - Best epoch 185, Loss, MSE, RMSE, MAE: 0.00093, 0.00093, 0.03043, 0.01890
INFO | Time spent: 2.86s
INFO | - Epoch 186, ExpID 21263
INFO | Train - Loss (one batch): 0.00074
INFO | Val - Loss, MSE, RMSE, MAE: 0.00103, 0.00103, 0.03216, 0.02069
INFO | Test - Best epoch 185, Loss, MSE, RMSE, MAE: 0.00093, 0.00093, 0.03043, 0.01890
INFO | Time spent: 2.58s
INFO | - Epoch 187, ExpID 21263
INFO | Train - Loss (one batch): 0.00114
INFO | Val - Loss, MSE, RMSE, MAE: 0.00099, 0.00099, 0.03145, 0.01947
INFO | Test - Best epoch 185, Loss, MSE, RMSE, MAE: 0.00093, 0.00093, 0.03043, 0.01890
INFO | Time spent: 2.45s
INFO | - Epoch 188, ExpID 21263
INFO | Train - Loss (one batch): 0.00075
INFO | Val - Loss, MSE, RMSE, MAE: 0.00099, 0.00099, 0.03151, 0.01970
INFO | Test - Best epoch 185, Loss, MSE, RMSE, MAE: 0.00093, 0.00093, 0.03043, 0.01890
INFO | Time spent: 2.44s
INFO | - Epoch 189, ExpID 21263
INFO | Train - Loss (one batch): 0.00072
INFO | Val - Loss, MSE, RMSE, MAE: 0.00095, 0.00095, 0.03083, 0.01880
INFO | Test - Best epoch 189, Loss, MSE, RMSE, MAE: 0.00091, 0.00091, 0.03018, 0.01861
INFO | Time spent: 2.91s
INFO | - Epoch 190, ExpID 21263
INFO | Train - Loss (one batch): 0.00077
INFO | Val - Loss, MSE, RMSE, MAE: 0.00095, 0.00095, 0.03089, 0.01904
INFO | Test - Best epoch 189, Loss, MSE, RMSE, MAE: 0.00091, 0.00091, 0.03018, 0.01861
INFO | Time spent: 2.67s
INFO | - Epoch 191, ExpID 21263
INFO | Train - Loss (one batch): 0.00102
INFO | Val - Loss, MSE, RMSE, MAE: 0.00106, 0.00106, 0.03254, 0.02143
INFO | Test - Best epoch 189, Loss, MSE, RMSE, MAE: 0.00091, 0.00091, 0.03018, 0.01861
INFO | Time spent: 2.41s
INFO | - Epoch 192, ExpID 21263
INFO | Train - Loss (one batch): 0.00082
INFO | Val - Loss, MSE, RMSE, MAE: 0.00096, 0.00096, 0.03095, 0.01874
INFO | Test - Best epoch 189, Loss, MSE, RMSE, MAE: 0.00091, 0.00091, 0.03018, 0.01861
INFO | Time spent: 2.43s
INFO | - Epoch 193, ExpID 21263
INFO | Train - Loss (one batch): 0.00067
INFO | Val - Loss, MSE, RMSE, MAE: 0.00096, 0.00096, 0.03097, 0.01903
INFO | Test - Best epoch 189, Loss, MSE, RMSE, MAE: 0.00091, 0.00091, 0.03018, 0.01861
INFO | Time spent: 2.42s
INFO | - Epoch 194, ExpID 21263
INFO | Train - Loss (one batch): 0.00095
INFO | Val - Loss, MSE, RMSE, MAE: 0.00097, 0.00097, 0.03121, 0.01922
INFO | Test - Best epoch 189, Loss, MSE, RMSE, MAE: 0.00091, 0.00091, 0.03018, 0.01861
INFO | Time spent: 2.52s
INFO | - Epoch 195, ExpID 21263
INFO | Train - Loss (one batch): 0.00096
INFO | Val - Loss, MSE, RMSE, MAE: 0.00098, 0.00098, 0.03127, 0.01926
INFO | Test - Best epoch 189, Loss, MSE, RMSE, MAE: 0.00091, 0.00091, 0.03018, 0.01861
INFO | Time spent: 2.44s
INFO | - Epoch 196, ExpID 21263
INFO | Train - Loss (one batch): 0.00070
INFO | Val - Loss, MSE, RMSE, MAE: 0.00096, 0.00096, 0.03106, 0.01926
INFO | Test - Best epoch 189, Loss, MSE, RMSE, MAE: 0.00091, 0.00091, 0.03018, 0.01861
INFO | Time spent: 2.43s
INFO | - Epoch 197, ExpID 21263
INFO | Train - Loss (one batch): 0.00077
INFO | Val - Loss, MSE, RMSE, MAE: 0.00105, 0.00105, 0.03241, 0.02120
INFO | Test - Best epoch 189, Loss, MSE, RMSE, MAE: 0.00091, 0.00091, 0.03018, 0.01861
INFO | Time spent: 2.40s
INFO | - Epoch 198, ExpID 21263
INFO | Train - Loss (one batch): 0.00082
INFO | Val - Loss, MSE, RMSE, MAE: 0.00099, 0.00099, 0.03146, 0.01970
INFO | Test - Best epoch 189, Loss, MSE, RMSE, MAE: 0.00091, 0.00091, 0.03018, 0.01861
INFO | Time spent: 2.44s
INFO | - Epoch 199, ExpID 21263
INFO | Train - Loss (one batch): 0.00095
INFO | Val - Loss, MSE, RMSE, MAE: 0.00098, 0.00098, 0.03135, 0.01923
INFO | Test - Best epoch 189, Loss, MSE, RMSE, MAE: 0.00091, 0.00091, 0.03018, 0.01861
INFO | Time spent: 2.41s
INFO | - Epoch 200, ExpID 21263
INFO | Train - Loss (one batch): 0.00087
INFO | Val - Loss, MSE, RMSE, MAE: 0.00100, 0.00100, 0.03154, 0.01969
INFO | Test - Best epoch 189, Loss, MSE, RMSE, MAE: 0.00091, 0.00091, 0.03018, 0.01861
INFO | Time spent: 2.39s
INFO | - Epoch 201, ExpID 21263
INFO | Train - Loss (one batch): 0.00075
INFO | Val - Loss, MSE, RMSE, MAE: 0.00096, 0.00096, 0.03103, 0.01906
INFO | Test - Best epoch 189, Loss, MSE, RMSE, MAE: 0.00091, 0.00091, 0.03018, 0.01861
INFO | Time spent: 2.42s
INFO | - Epoch 202, ExpID 21263
INFO | Train - Loss (one batch): 0.00078
INFO | Val - Loss, MSE, RMSE, MAE: 0.00108, 0.00108, 0.03293, 0.02156
INFO | Test - Best epoch 189, Loss, MSE, RMSE, MAE: 0.00091, 0.00091, 0.03018, 0.01861
INFO | Time spent: 2.42s
INFO | - Epoch 203, ExpID 21263
INFO | Train - Loss (one batch): 0.00079
INFO | Val - Loss, MSE, RMSE, MAE: 0.00097, 0.00097, 0.03120, 0.01928
INFO | Test - Best epoch 189, Loss, MSE, RMSE, MAE: 0.00091, 0.00091, 0.03018, 0.01861
INFO | Time spent: 2.41s
INFO | - Epoch 204, ExpID 21263
INFO | Train - Loss (one batch): 0.00077
INFO | Val - Loss, MSE, RMSE, MAE: 0.00116, 0.00116, 0.03407, 0.02331
INFO | Test - Best epoch 189, Loss, MSE, RMSE, MAE: 0.00091, 0.00091, 0.03018, 0.01861
INFO | Time spent: 2.43s
INFO | - Epoch 205, ExpID 21263
INFO | Train - Loss (one batch): 0.00082
INFO | Val - Loss, MSE, RMSE, MAE: 0.00101, 0.00101, 0.03186, 0.02028
INFO | Test - Best epoch 189, Loss, MSE, RMSE, MAE: 0.00091, 0.00091, 0.03018, 0.01861
INFO | Time spent: 2.43s
INFO | - Epoch 206, ExpID 21263
INFO | Train - Loss (one batch): 0.00092
INFO | Val - Loss, MSE, RMSE, MAE: 0.00095, 0.00095, 0.03081, 0.01874
INFO | Test - Best epoch 206, Loss, MSE, RMSE, MAE: 0.00091, 0.00091, 0.03024, 0.01865
INFO | Time spent: 2.82s
INFO | - Epoch 207, ExpID 21263
INFO | Train - Loss (one batch): 0.00116
INFO | Val - Loss, MSE, RMSE, MAE: 0.00113, 0.00113, 0.03368, 0.02239
INFO | Test - Best epoch 206, Loss, MSE, RMSE, MAE: 0.00091, 0.00091, 0.03024, 0.01865
INFO | Time spent: 2.44s
INFO | - Epoch 208, ExpID 21263
INFO | Train - Loss (one batch): 0.00098
INFO | Val - Loss, MSE, RMSE, MAE: 0.00097, 0.00097, 0.03112, 0.01887
INFO | Test - Best epoch 206, Loss, MSE, RMSE, MAE: 0.00091, 0.00091, 0.03024, 0.01865
INFO | Time spent: 2.43s
INFO | - Epoch 209, ExpID 21263
INFO | Train - Loss (one batch): 0.00070
INFO | Val - Loss, MSE, RMSE, MAE: 0.00104, 0.00104, 0.03226, 0.02068
INFO | Test - Best epoch 206, Loss, MSE, RMSE, MAE: 0.00091, 0.00091, 0.03024, 0.01865
INFO | Time spent: 2.44s
INFO | - Epoch 210, ExpID 21263
INFO | Train - Loss (one batch): 0.00061
INFO | Val - Loss, MSE, RMSE, MAE: 0.00098, 0.00098, 0.03135, 0.01912
INFO | Test - Best epoch 206, Loss, MSE, RMSE, MAE: 0.00091, 0.00091, 0.03024, 0.01865
INFO | Time spent: 2.43s
INFO | - Epoch 211, ExpID 21263
INFO | Train - Loss (one batch): 0.00110
INFO | Val - Loss, MSE, RMSE, MAE: 0.00099, 0.00099, 0.03154, 0.01979
INFO | Test - Best epoch 206, Loss, MSE, RMSE, MAE: 0.00091, 0.00091, 0.03024, 0.01865
INFO | Time spent: 2.44s
INFO | - Epoch 212, ExpID 21263
INFO | Train - Loss (one batch): 0.00071
INFO | Val - Loss, MSE, RMSE, MAE: 0.00100, 0.00100, 0.03161, 0.01980
INFO | Test - Best epoch 206, Loss, MSE, RMSE, MAE: 0.00091, 0.00091, 0.03024, 0.01865
INFO | Time spent: 2.39s
INFO | - Epoch 213, ExpID 21263
INFO | Train - Loss (one batch): 0.00081
INFO | Val - Loss, MSE, RMSE, MAE: 0.00106, 0.00106, 0.03263, 0.02155
INFO | Test - Best epoch 206, Loss, MSE, RMSE, MAE: 0.00091, 0.00091, 0.03024, 0.01865
INFO | Time spent: 2.40s
INFO | - Epoch 214, ExpID 21263
INFO | Train - Loss (one batch): 0.00073
INFO | Val - Loss, MSE, RMSE, MAE: 0.00096, 0.00096, 0.03100, 0.01897
INFO | Test - Best epoch 206, Loss, MSE, RMSE, MAE: 0.00091, 0.00091, 0.03024, 0.01865
INFO | Time spent: 2.40s
INFO | - Epoch 215, ExpID 21263
INFO | Train - Loss (one batch): 0.00049
INFO | Val - Loss, MSE, RMSE, MAE: 0.00096, 0.00096, 0.03101, 0.01927
INFO | Test - Best epoch 206, Loss, MSE, RMSE, MAE: 0.00091, 0.00091, 0.03024, 0.01865
INFO | Time spent: 2.42s
INFO | - Epoch 216, ExpID 21263
INFO | Train - Loss (one batch): 0.00061
INFO | Val - Loss, MSE, RMSE, MAE: 0.00096, 0.00096, 0.03104, 0.01879
INFO | Test - Best epoch 206, Loss, MSE, RMSE, MAE: 0.00091, 0.00091, 0.03024, 0.01865
INFO | Time spent: 2.44s
INFO | - Epoch 217, ExpID 21263
INFO | Train - Loss (one batch): 0.00075
INFO | Val - Loss, MSE, RMSE, MAE: 0.00099, 0.00099, 0.03139, 0.01953
INFO | Test - Best epoch 206, Loss, MSE, RMSE, MAE: 0.00091, 0.00091, 0.03024, 0.01865
INFO | Time spent: 2.40s
INFO | - Epoch 218, ExpID 21263
INFO | Train - Loss (one batch): 0.00075
INFO | Val - Loss, MSE, RMSE, MAE: 0.00101, 0.00101, 0.03172, 0.01998
INFO | Test - Best epoch 206, Loss, MSE, RMSE, MAE: 0.00091, 0.00091, 0.03024, 0.01865
INFO | Time spent: 2.40s
INFO | - Epoch 219, ExpID 21263
INFO | Train - Loss (one batch): 0.00086
INFO | Val - Loss, MSE, RMSE, MAE: 0.00112, 0.00112, 0.03348, 0.02272
INFO | Test - Best epoch 206, Loss, MSE, RMSE, MAE: 0.00091, 0.00091, 0.03024, 0.01865
INFO | Time spent: 2.41s
INFO | - Epoch 220, ExpID 21263
INFO | Train - Loss (one batch): 0.00075
INFO | Val - Loss, MSE, RMSE, MAE: 0.00100, 0.00100, 0.03154, 0.01994
INFO | Test - Best epoch 206, Loss, MSE, RMSE, MAE: 0.00091, 0.00091, 0.03024, 0.01865
INFO | Time spent: 2.52s
INFO | - Epoch 221, ExpID 21263
INFO | Train - Loss (one batch): 0.00078
INFO | Val - Loss, MSE, RMSE, MAE: 0.00098, 0.00098, 0.03136, 0.01939
INFO | Test - Best epoch 206, Loss, MSE, RMSE, MAE: 0.00091, 0.00091, 0.03024, 0.01865
INFO | Time spent: 2.42s
INFO | - Epoch 222, ExpID 21263
INFO | Train - Loss (one batch): 0.00090
INFO | Val - Loss, MSE, RMSE, MAE: 0.00098, 0.00098, 0.03132, 0.01911
INFO | Test - Best epoch 206, Loss, MSE, RMSE, MAE: 0.00091, 0.00091, 0.03024, 0.01865
INFO | Time spent: 2.44s
INFO | - Epoch 223, ExpID 21263
INFO | Train - Loss (one batch): 0.00088
INFO | Val - Loss, MSE, RMSE, MAE: 0.00096, 0.00096, 0.03104, 0.01892
INFO | Test - Best epoch 206, Loss, MSE, RMSE, MAE: 0.00091, 0.00091, 0.03024, 0.01865
INFO | Time spent: 2.42s
INFO | - Epoch 224, ExpID 21263
INFO | Train - Loss (one batch): 0.00080
INFO | Val - Loss, MSE, RMSE, MAE: 0.00096, 0.00096, 0.03096, 0.01918
INFO | Test - Best epoch 206, Loss, MSE, RMSE, MAE: 0.00091, 0.00091, 0.03024, 0.01865
INFO | Time spent: 2.43s
INFO | - Epoch 225, ExpID 21263
INFO | Train - Loss (one batch): 0.00071
INFO | Val - Loss, MSE, RMSE, MAE: 0.00102, 0.00102, 0.03191, 0.02046
INFO | Test - Best epoch 206, Loss, MSE, RMSE, MAE: 0.00091, 0.00091, 0.03024, 0.01865
INFO | Time spent: 2.42s
INFO | - Epoch 226, ExpID 21263
INFO | Train - Loss (one batch): 0.00069
INFO | Val - Loss, MSE, RMSE, MAE: 0.00096, 0.00096, 0.03094, 0.01874
INFO | Test - Best epoch 206, Loss, MSE, RMSE, MAE: 0.00091, 0.00091, 0.03024, 0.01865
INFO | Time spent: 2.43s
INFO | - Epoch 227, ExpID 21263
INFO | Train - Loss (one batch): 0.00096
INFO | Val - Loss, MSE, RMSE, MAE: 0.00113, 0.00113, 0.03367, 0.02260
INFO | Test - Best epoch 206, Loss, MSE, RMSE, MAE: 0.00091, 0.00091, 0.03024, 0.01865
INFO | Time spent: 2.42s
INFO | - Epoch 228, ExpID 21263
INFO | Train - Loss (one batch): 0.00088
INFO | Val - Loss, MSE, RMSE, MAE: 0.00101, 0.00101, 0.03182, 0.02028
INFO | Test - Best epoch 206, Loss, MSE, RMSE, MAE: 0.00091, 0.00091, 0.03024, 0.01865
INFO | Time spent: 2.42s
INFO | - Epoch 229, ExpID 21263
INFO | Train - Loss (one batch): 0.00068
INFO | Val - Loss, MSE, RMSE, MAE: 0.00096, 0.00096, 0.03105, 0.01902
INFO | Test - Best epoch 206, Loss, MSE, RMSE, MAE: 0.00091, 0.00091, 0.03024, 0.01865
INFO | Time spent: 3.02s
INFO | - Epoch 230, ExpID 21263
INFO | Train - Loss (one batch): 0.00079
INFO | Val - Loss, MSE, RMSE, MAE: 0.00099, 0.00099, 0.03146, 0.01941
INFO | Test - Best epoch 206, Loss, MSE, RMSE, MAE: 0.00091, 0.00091, 0.03024, 0.01865
INFO | Time spent: 3.00s
INFO | - Epoch 231, ExpID 21263
INFO | Train - Loss (one batch): 0.00092
INFO | Val - Loss, MSE, RMSE, MAE: 0.00098, 0.00098, 0.03127, 0.01940
INFO | Test - Best epoch 206, Loss, MSE, RMSE, MAE: 0.00091, 0.00091, 0.03024, 0.01865
INFO | Time spent: 2.94s
INFO | - Epoch 232, ExpID 21263
INFO | Train - Loss (one batch): 0.00087
INFO | Val - Loss, MSE, RMSE, MAE: 0.00098, 0.00098, 0.03132, 0.01938
INFO | Test - Best epoch 206, Loss, MSE, RMSE, MAE: 0.00091, 0.00091, 0.03024, 0.01865
INFO | Time spent: 2.93s
INFO | - Epoch 233, ExpID 21263
INFO | Train - Loss (one batch): 0.00083
INFO | Val - Loss, MSE, RMSE, MAE: 0.00104, 0.00104, 0.03228, 0.02077
INFO | Test - Best epoch 206, Loss, MSE, RMSE, MAE: 0.00091, 0.00091, 0.03024, 0.01865
INFO | Time spent: 3.23s
INFO | - Epoch 234, ExpID 21263
INFO | Train - Loss (one batch): 0.00071
INFO | Val - Loss, MSE, RMSE, MAE: 0.00096, 0.00096, 0.03098, 0.01902
INFO | Test - Best epoch 206, Loss, MSE, RMSE, MAE: 0.00091, 0.00091, 0.03024, 0.01865
INFO | Time spent: 2.96s
INFO | - Epoch 235, ExpID 21263
INFO | Train - Loss (one batch): 0.00075
INFO | Val - Loss, MSE, RMSE, MAE: 0.00095, 0.00095, 0.03086, 0.01873
INFO | Test - Best epoch 206, Loss, MSE, RMSE, MAE: 0.00091, 0.00091, 0.03024, 0.01865
INFO | Time spent: 2.95s
INFO | - Epoch 236, ExpID 21263
INFO | Train - Loss (one batch): 0.00091
INFO | Val - Loss, MSE, RMSE, MAE: 0.00096, 0.00096, 0.03096, 0.01888
INFO | Test - Best epoch 206, Loss, MSE, RMSE, MAE: 0.00091, 0.00091, 0.03024, 0.01865
INFO | Time spent: 2.96s
INFO | - Epoch 237, ExpID 21263
INFO | Train - Loss (one batch): 0.00083
INFO | Val - Loss, MSE, RMSE, MAE: 0.00099, 0.00099, 0.03152, 0.01984
INFO | Test - Best epoch 206, Loss, MSE, RMSE, MAE: 0.00091, 0.00091, 0.03024, 0.01865
INFO | Time spent: 2.94s
INFO | - Epoch 238, ExpID 21263
INFO | Train - Loss (one batch): 0.00071
INFO | Val - Loss, MSE, RMSE, MAE: 0.00095, 0.00095, 0.03080, 0.01892
INFO | Test - Best epoch 238, Loss, MSE, RMSE, MAE: 0.00092, 0.00092, 0.03032, 0.01881
INFO | Time spent: 3.49s
INFO | - Epoch 239, ExpID 21263
INFO | Train - Loss (one batch): 0.00063
INFO | Val - Loss, MSE, RMSE, MAE: 0.00096, 0.00096, 0.03101, 0.01885
INFO | Test - Best epoch 238, Loss, MSE, RMSE, MAE: 0.00092, 0.00092, 0.03032, 0.01881
INFO | Time spent: 2.94s
INFO | - Epoch 240, ExpID 21263
INFO | Train - Loss (one batch): 0.00075
INFO | Val - Loss, MSE, RMSE, MAE: 0.00102, 0.00102, 0.03192, 0.02019
INFO | Test - Best epoch 238, Loss, MSE, RMSE, MAE: 0.00092, 0.00092, 0.03032, 0.01881
INFO | Time spent: 2.94s
INFO | - Epoch 241, ExpID 21263
INFO | Train - Loss (one batch): 0.00065
INFO | Val - Loss, MSE, RMSE, MAE: 0.00097, 0.00097, 0.03113, 0.01921
INFO | Test - Best epoch 238, Loss, MSE, RMSE, MAE: 0.00092, 0.00092, 0.03032, 0.01881
INFO | Time spent: 2.95s
INFO | - Epoch 242, ExpID 21263
INFO | Train - Loss (one batch): 0.00083
INFO | Val - Loss, MSE, RMSE, MAE: 0.00096, 0.00096, 0.03098, 0.01887
INFO | Test - Best epoch 238, Loss, MSE, RMSE, MAE: 0.00092, 0.00092, 0.03032, 0.01881
INFO | Time spent: 2.92s
INFO | - Epoch 243, ExpID 21263
INFO | Train - Loss (one batch): 0.00108
INFO | Val - Loss, MSE, RMSE, MAE: 0.00097, 0.00097, 0.03122, 0.01942
INFO | Test - Best epoch 238, Loss, MSE, RMSE, MAE: 0.00092, 0.00092, 0.03032, 0.01881
INFO | Time spent: 2.94s
INFO | - Epoch 244, ExpID 21263
INFO | Train - Loss (one batch): 0.00083
INFO | Val - Loss, MSE, RMSE, MAE: 0.00102, 0.00102, 0.03189, 0.02013
INFO | Test - Best epoch 238, Loss, MSE, RMSE, MAE: 0.00092, 0.00092, 0.03032, 0.01881
INFO | Time spent: 2.95s
INFO | - Epoch 245, ExpID 21263
INFO | Train - Loss (one batch): 0.00103
INFO | Val - Loss, MSE, RMSE, MAE: 0.00097, 0.00097, 0.03116, 0.01949
INFO | Test - Best epoch 238, Loss, MSE, RMSE, MAE: 0.00092, 0.00092, 0.03032, 0.01881
INFO | Time spent: 2.93s
INFO | - Epoch 246, ExpID 21263
INFO | Train - Loss (one batch): 0.00077
INFO | Val - Loss, MSE, RMSE, MAE: 0.00097, 0.00097, 0.03122, 0.01926
INFO | Test - Best epoch 238, Loss, MSE, RMSE, MAE: 0.00092, 0.00092, 0.03032, 0.01881
INFO | Time spent: 2.96s
INFO | - Epoch 247, ExpID 21263
INFO | Train - Loss (one batch): 0.00066
INFO | Val - Loss, MSE, RMSE, MAE: 0.00097, 0.00097, 0.03109, 0.01899
INFO | Test - Best epoch 238, Loss, MSE, RMSE, MAE: 0.00092, 0.00092, 0.03032, 0.01881
INFO | Time spent: 2.99s
INFO | - Epoch 248, ExpID 21263
INFO | Train - Loss (one batch): 0.00095
INFO | Val - Loss, MSE, RMSE, MAE: 0.00100, 0.00100, 0.03162, 0.02007
INFO | Test - Best epoch 238, Loss, MSE, RMSE, MAE: 0.00092, 0.00092, 0.03032, 0.01881
INFO | Time spent: 2.95s
INFO | - Epoch 249, ExpID 21263
INFO | Train - Loss (one batch): 0.00080
INFO | Val - Loss, MSE, RMSE, MAE: 0.00095, 0.00095, 0.03080, 0.01858
INFO | Test - Best epoch 238, Loss, MSE, RMSE, MAE: 0.00092, 0.00092, 0.03032, 0.01881
INFO | Time spent: 2.95s
INFO | - Epoch 250, ExpID 21263
INFO | Train - Loss (one batch): 0.00053
INFO | Val - Loss, MSE, RMSE, MAE: 0.00095, 0.00095, 0.03080, 0.01870
INFO | Test - Best epoch 238, Loss, MSE, RMSE, MAE: 0.00092, 0.00092, 0.03032, 0.01881
INFO | Time spent: 2.95s
INFO | - Epoch 251, ExpID 21263
INFO | Train - Loss (one batch): 0.00110
INFO | Val - Loss, MSE, RMSE, MAE: 0.00095, 0.00095, 0.03086, 0.01879
INFO | Test - Best epoch 238, Loss, MSE, RMSE, MAE: 0.00092, 0.00092, 0.03032, 0.01881
INFO | Time spent: 2.92s
INFO | - Epoch 252, ExpID 21263
INFO | Train - Loss (one batch): 0.00077
INFO | Val - Loss, MSE, RMSE, MAE: 0.00096, 0.00096, 0.03101, 0.01889
INFO | Test - Best epoch 238, Loss, MSE, RMSE, MAE: 0.00092, 0.00092, 0.03032, 0.01881
INFO | Time spent: 2.93s
INFO | - Epoch 253, ExpID 21263
INFO | Train - Loss (one batch): 0.00058
INFO | Val - Loss, MSE, RMSE, MAE: 0.00096, 0.00096, 0.03097, 0.01893
INFO | Test - Best epoch 238, Loss, MSE, RMSE, MAE: 0.00092, 0.00092, 0.03032, 0.01881
INFO | Time spent: 2.93s
INFO | - Epoch 254, ExpID 21263
INFO | Train - Loss (one batch): 0.00081
INFO | Val - Loss, MSE, RMSE, MAE: 0.00097, 0.00097, 0.03107, 0.01920
INFO | Test - Best epoch 238, Loss, MSE, RMSE, MAE: 0.00092, 0.00092, 0.03032, 0.01881
INFO | Time spent: 2.94s
INFO | - Epoch 255, ExpID 21263
INFO | Train - Loss (one batch): 0.00094
INFO | Val - Loss, MSE, RMSE, MAE: 0.00096, 0.00096, 0.03104, 0.01911
INFO | Test - Best epoch 238, Loss, MSE, RMSE, MAE: 0.00092, 0.00092, 0.03032, 0.01881
INFO | Time spent: 3.00s
INFO | - Epoch 256, ExpID 21263
INFO | Train - Loss (one batch): 0.00075
INFO | Val - Loss, MSE, RMSE, MAE: 0.00096, 0.00096, 0.03093, 0.01860
INFO | Test - Best epoch 238, Loss, MSE, RMSE, MAE: 0.00092, 0.00092, 0.03032, 0.01881
INFO | Time spent: 2.91s
INFO | - Epoch 257, ExpID 21263
INFO | Train - Loss (one batch): 0.00117
INFO | Val - Loss, MSE, RMSE, MAE: 0.00104, 0.00104, 0.03221, 0.02083
INFO | Test - Best epoch 238, Loss, MSE, RMSE, MAE: 0.00092, 0.00092, 0.03032, 0.01881
INFO | Time spent: 3.13s
INFO | - Epoch 258, ExpID 21263
INFO | Train - Loss (one batch): 0.00070
INFO | Val - Loss, MSE, RMSE, MAE: 0.00096, 0.00096, 0.03096, 0.01867
INFO | Test - Best epoch 238, Loss, MSE, RMSE, MAE: 0.00092, 0.00092, 0.03032, 0.01881
INFO | Time spent: 2.96s
INFO | - Epoch 259, ExpID 21263
INFO | Train - Loss (one batch): 0.00087
INFO | Val - Loss, MSE, RMSE, MAE: 0.00107, 0.00107, 0.03273, 0.02120
INFO | Test - Best epoch 238, Loss, MSE, RMSE, MAE: 0.00092, 0.00092, 0.03032, 0.01881
INFO | Time spent: 2.95s
INFO | - Epoch 260, ExpID 21263
INFO | Train - Loss (one batch): 0.00090
INFO | Val - Loss, MSE, RMSE, MAE: 0.00100, 0.00100, 0.03160, 0.01979
INFO | Test - Best epoch 238, Loss, MSE, RMSE, MAE: 0.00092, 0.00092, 0.03032, 0.01881
INFO | Time spent: 2.97s
INFO | - Epoch 261, ExpID 21263
INFO | Train - Loss (one batch): 0.00088
INFO | Val - Loss, MSE, RMSE, MAE: 0.00099, 0.00099, 0.03141, 0.01949
INFO | Test - Best epoch 238, Loss, MSE, RMSE, MAE: 0.00092, 0.00092, 0.03032, 0.01881
INFO | Time spent: 2.64s
INFO | - Epoch 262, ExpID 21263
INFO | Train - Loss (one batch): 0.00078
INFO | Val - Loss, MSE, RMSE, MAE: 0.00097, 0.00097, 0.03120, 0.01934
INFO | Test - Best epoch 238, Loss, MSE, RMSE, MAE: 0.00092, 0.00092, 0.03032, 0.01881
INFO | Time spent: 2.40s
INFO | - Epoch 263, ExpID 21263
INFO | Train - Loss (one batch): 0.00063
INFO | Val - Loss, MSE, RMSE, MAE: 0.00096, 0.00096, 0.03097, 0.01893
INFO | Test - Best epoch 238, Loss, MSE, RMSE, MAE: 0.00092, 0.00092, 0.03032, 0.01881
INFO | Time spent: 2.43s
INFO | - Epoch 264, ExpID 21263
INFO | Train - Loss (one batch): 0.00082
INFO | Val - Loss, MSE, RMSE, MAE: 0.00097, 0.00097, 0.03119, 0.01920
INFO | Test - Best epoch 238, Loss, MSE, RMSE, MAE: 0.00092, 0.00092, 0.03032, 0.01881
INFO | Time spent: 2.42s
INFO | - Epoch 265, ExpID 21263
INFO | Train - Loss (one batch): 0.00090
INFO | Val - Loss, MSE, RMSE, MAE: 0.00096, 0.00096, 0.03092, 0.01877
INFO | Test - Best epoch 238, Loss, MSE, RMSE, MAE: 0.00092, 0.00092, 0.03032, 0.01881
INFO | Time spent: 2.42s
INFO | - Epoch 266, ExpID 21263
INFO | Train - Loss (one batch): 0.00070
INFO | Val - Loss, MSE, RMSE, MAE: 0.00095, 0.00095, 0.03084, 0.01870
INFO | Test - Best epoch 238, Loss, MSE, RMSE, MAE: 0.00092, 0.00092, 0.03032, 0.01881
INFO | Time spent: 2.41s
INFO | - Epoch 267, ExpID 21263
INFO | Train - Loss (one batch): 0.00072
INFO | Val - Loss, MSE, RMSE, MAE: 0.00098, 0.00098, 0.03138, 0.01936
INFO | Test - Best epoch 238, Loss, MSE, RMSE, MAE: 0.00092, 0.00092, 0.03032, 0.01881
INFO | Time spent: 2.42s
INFO | - Epoch 268, ExpID 21263
INFO | Train - Loss (one batch): 0.00069
INFO | Val - Loss, MSE, RMSE, MAE: 0.00097, 0.00097, 0.03118, 0.01931
INFO | Test - Best epoch 238, Loss, MSE, RMSE, MAE: 0.00092, 0.00092, 0.03032, 0.01881
INFO | Time spent: 2.42s
INFO | - Epoch 269, ExpID 21263
INFO | Train - Loss (one batch): 0.00071
INFO | Val - Loss, MSE, RMSE, MAE: 0.00099, 0.00099, 0.03140, 0.01971
INFO | Test - Best epoch 238, Loss, MSE, RMSE, MAE: 0.00092, 0.00092, 0.03032, 0.01881
INFO | Time spent: 2.43s
INFO | - Epoch 270, ExpID 21263
INFO | Train - Loss (one batch): 0.00082
INFO | Val - Loss, MSE, RMSE, MAE: 0.00102, 0.00102, 0.03187, 0.02013
INFO | Test - Best epoch 238, Loss, MSE, RMSE, MAE: 0.00092, 0.00092, 0.03032, 0.01881
INFO | Time spent: 2.41s
INFO | - Epoch 271, ExpID 21263
INFO | Train - Loss (one batch): 0.00078
INFO | Val - Loss, MSE, RMSE, MAE: 0.00098, 0.00098, 0.03125, 0.01952
INFO | Test - Best epoch 238, Loss, MSE, RMSE, MAE: 0.00092, 0.00092, 0.03032, 0.01881
INFO | Time spent: 2.42s
INFO | - Epoch 272, ExpID 21263
INFO | Train - Loss (one batch): 0.00061
INFO | Val - Loss, MSE, RMSE, MAE: 0.00096, 0.00096, 0.03091, 0.01866
INFO | Test - Best epoch 238, Loss, MSE, RMSE, MAE: 0.00092, 0.00092, 0.03032, 0.01881
INFO | Time spent: 2.48s
INFO | - Epoch 273, ExpID 21263
INFO | Train - Loss (one batch): 0.00105
INFO | Val - Loss, MSE, RMSE, MAE: 0.00108, 0.00108, 0.03282, 0.02158
INFO | Test - Best epoch 238, Loss, MSE, RMSE, MAE: 0.00092, 0.00092, 0.03032, 0.01881
INFO | Time spent: 2.61s
INFO | - Epoch 274, ExpID 21263
INFO | Train - Loss (one batch): 0.00088
INFO | Val - Loss, MSE, RMSE, MAE: 0.00095, 0.00095, 0.03081, 0.01851
INFO | Test - Best epoch 238, Loss, MSE, RMSE, MAE: 0.00092, 0.00092, 0.03032, 0.01881
INFO | Time spent: 2.41s
INFO | - Epoch 275, ExpID 21263
INFO | Train - Loss (one batch): 0.00086
INFO | Val - Loss, MSE, RMSE, MAE: 0.00100, 0.00100, 0.03166, 0.01979
INFO | Test - Best epoch 238, Loss, MSE, RMSE, MAE: 0.00092, 0.00092, 0.03032, 0.01881
INFO | Time spent: 2.51s
INFO | - Epoch 276, ExpID 21263
INFO | Train - Loss (one batch): 0.00078
INFO | Val - Loss, MSE, RMSE, MAE: 0.00095, 0.00095, 0.03079, 0.01865
INFO | Test - Best epoch 276, Loss, MSE, RMSE, MAE: 0.00091, 0.00091, 0.03020, 0.01849
INFO | Time spent: 2.84s
INFO | - Epoch 277, ExpID 21263
INFO | Train - Loss (one batch): 0.00080
INFO | Val - Loss, MSE, RMSE, MAE: 0.00096, 0.00096, 0.03094, 0.01886
INFO | Test - Best epoch 276, Loss, MSE, RMSE, MAE: 0.00091, 0.00091, 0.03020, 0.01849
INFO | Time spent: 2.42s
INFO | - Epoch 278, ExpID 21263
INFO | Train - Loss (one batch): 0.00081
INFO | Val - Loss, MSE, RMSE, MAE: 0.00095, 0.00095, 0.03086, 0.01872
INFO | Test - Best epoch 276, Loss, MSE, RMSE, MAE: 0.00091, 0.00091, 0.03020, 0.01849
INFO | Time spent: 2.40s
INFO | - Epoch 279, ExpID 21263
INFO | Train - Loss (one batch): 0.00063
INFO | Val - Loss, MSE, RMSE, MAE: 0.00096, 0.00096, 0.03092, 0.01900
INFO | Test - Best epoch 276, Loss, MSE, RMSE, MAE: 0.00091, 0.00091, 0.03020, 0.01849
INFO | Time spent: 2.42s
INFO | - Epoch 280, ExpID 21263
INFO | Train - Loss (one batch): 0.00064
INFO | Val - Loss, MSE, RMSE, MAE: 0.00100, 0.00100, 0.03161, 0.01969
INFO | Test - Best epoch 276, Loss, MSE, RMSE, MAE: 0.00091, 0.00091, 0.03020, 0.01849
INFO | Time spent: 2.41s
INFO | - Epoch 281, ExpID 21263
INFO | Train - Loss (one batch): 0.00087
INFO | Val - Loss, MSE, RMSE, MAE: 0.00099, 0.00099, 0.03148, 0.01940
INFO | Test - Best epoch 276, Loss, MSE, RMSE, MAE: 0.00091, 0.00091, 0.03020, 0.01849
INFO | Time spent: 2.46s
INFO | - Epoch 282, ExpID 21263
INFO | Train - Loss (one batch): 0.00073
INFO | Val - Loss, MSE, RMSE, MAE: 0.00097, 0.00097, 0.03122, 0.01931
INFO | Test - Best epoch 276, Loss, MSE, RMSE, MAE: 0.00091, 0.00091, 0.03020, 0.01849
INFO | Time spent: 2.63s
INFO | - Epoch 283, ExpID 21263
INFO | Train - Loss (one batch): 0.00069
INFO | Val - Loss, MSE, RMSE, MAE: 0.00109, 0.00109, 0.03302, 0.02167
INFO | Test - Best epoch 276, Loss, MSE, RMSE, MAE: 0.00091, 0.00091, 0.03020, 0.01849
INFO | Time spent: 2.35s
INFO | - Epoch 284, ExpID 21263
INFO | Train - Loss (one batch): 0.00078
INFO | Val - Loss, MSE, RMSE, MAE: 0.00097, 0.00097, 0.03109, 0.01914
INFO | Test - Best epoch 276, Loss, MSE, RMSE, MAE: 0.00091, 0.00091, 0.03020, 0.01849
INFO | Time spent: 2.39s
INFO | - Epoch 285, ExpID 21263
INFO | Train - Loss (one batch): 0.00065
INFO | Val - Loss, MSE, RMSE, MAE: 0.00098, 0.00098, 0.03130, 0.01934
INFO | Test - Best epoch 276, Loss, MSE, RMSE, MAE: 0.00091, 0.00091, 0.03020, 0.01849
INFO | Time spent: 2.61s
INFO | - Epoch 286, ExpID 21263
INFO | Train - Loss (one batch): 0.00066
INFO | Val - Loss, MSE, RMSE, MAE: 0.00097, 0.00097, 0.03111, 0.01891
INFO | Test - Best epoch 276, Loss, MSE, RMSE, MAE: 0.00091, 0.00091, 0.03020, 0.01849
INFO | Time spent: 2.41s
INFO | - Epoch 287, ExpID 21263
INFO | Train - Loss (one batch): 0.00095
INFO | Val - Loss, MSE, RMSE, MAE: 0.00095, 0.00095, 0.03089, 0.01880
INFO | Test - Best epoch 276, Loss, MSE, RMSE, MAE: 0.00091, 0.00091, 0.03020, 0.01849
INFO | Time spent: 2.39s
INFO | - Epoch 288, ExpID 21263
INFO | Train - Loss (one batch): 0.00068
INFO | Val - Loss, MSE, RMSE, MAE: 0.00096, 0.00096, 0.03103, 0.01892
INFO | Test - Best epoch 276, Loss, MSE, RMSE, MAE: 0.00091, 0.00091, 0.03020, 0.01849
INFO | Time spent: 2.79s
INFO | - Epoch 289, ExpID 21263
INFO | Train - Loss (one batch): 0.00075
INFO | Val - Loss, MSE, RMSE, MAE: 0.00102, 0.00102, 0.03187, 0.02030
INFO | Test - Best epoch 276, Loss, MSE, RMSE, MAE: 0.00091, 0.00091, 0.03020, 0.01849
INFO | Time spent: 2.85s
INFO | - Epoch 290, ExpID 21263
INFO | Train - Loss (one batch): 0.00091
INFO | Val - Loss, MSE, RMSE, MAE: 0.00103, 0.00103, 0.03210, 0.02049
INFO | Test - Best epoch 276, Loss, MSE, RMSE, MAE: 0.00091, 0.00091, 0.03020, 0.01849
INFO | Time spent: 2.40s
INFO | - Epoch 291, ExpID 21263
INFO | Train - Loss (one batch): 0.00085
INFO | Val - Loss, MSE, RMSE, MAE: 0.00098, 0.00098, 0.03123, 0.01956
INFO | Test - Best epoch 276, Loss, MSE, RMSE, MAE: 0.00091, 0.00091, 0.03020, 0.01849
INFO | Time spent: 2.38s
INFO | - Epoch 292, ExpID 21263
INFO | Train - Loss (one batch): 0.00058
INFO | Val - Loss, MSE, RMSE, MAE: 0.00095, 0.00095, 0.03087, 0.01860
INFO | Test - Best epoch 276, Loss, MSE, RMSE, MAE: 0.00091, 0.00091, 0.03020, 0.01849
INFO | Time spent: 2.40s
INFO | - Epoch 293, ExpID 21263
INFO | Train - Loss (one batch): 0.00079
INFO | Val - Loss, MSE, RMSE, MAE: 0.00096, 0.00096, 0.03095, 0.01902
INFO | Test - Best epoch 276, Loss, MSE, RMSE, MAE: 0.00091, 0.00091, 0.03020, 0.01849
INFO | Time spent: 2.39s
INFO | - Epoch 294, ExpID 21263
INFO | Train - Loss (one batch): 0.00088
INFO | Val - Loss, MSE, RMSE, MAE: 0.00096, 0.00096, 0.03092, 0.01861
INFO | Test - Best epoch 276, Loss, MSE, RMSE, MAE: 0.00091, 0.00091, 0.03020, 0.01849
INFO | Time spent: 2.75s
INFO | - Epoch 295, ExpID 21263
INFO | Train - Loss (one batch): 0.00072
INFO | Val - Loss, MSE, RMSE, MAE: 0.00099, 0.00099, 0.03141, 0.01911
INFO | Test - Best epoch 276, Loss, MSE, RMSE, MAE: 0.00091, 0.00091, 0.03020, 0.01849
INFO | Time spent: 3.00s
INFO | - Epoch 296, ExpID 21263
INFO | Train - Loss (one batch): 0.00089
INFO | Val - Loss, MSE, RMSE, MAE: 0.00099, 0.00099, 0.03153, 0.01964
INFO | Test - Best epoch 276, Loss, MSE, RMSE, MAE: 0.00091, 0.00091, 0.03020, 0.01849
INFO | Time spent: 2.90s
INFO | - Epoch 297, ExpID 21263
INFO | Train - Loss (one batch): 0.00051
INFO | Val - Loss, MSE, RMSE, MAE: 0.00094, 0.00094, 0.03072, 0.01855
INFO | Test - Best epoch 297, Loss, MSE, RMSE, MAE: 0.00091, 0.00091, 0.03022, 0.01846
INFO | Time spent: 3.53s
INFO | - Epoch 298, ExpID 21263
INFO | Train - Loss (one batch): 0.00067
INFO | Val - Loss, MSE, RMSE, MAE: 0.00097, 0.00097, 0.03110, 0.01919
INFO | Test - Best epoch 297, Loss, MSE, RMSE, MAE: 0.00091, 0.00091, 0.03022, 0.01846
INFO | Time spent: 2.91s
INFO | - Epoch 299, ExpID 21263
INFO | Train - Loss (one batch): 0.00078
INFO | Val - Loss, MSE, RMSE, MAE: 0.00094, 0.00094, 0.03070, 0.01845
INFO | Test - Best epoch 299, Loss, MSE, RMSE, MAE: 0.00091, 0.00091, 0.03023, 0.01842
INFO | Time spent: 3.44s
INFO | - Epoch 000, ExpID 67378
INFO | Train - Loss (one batch): 0.00865
INFO | Val - Loss, MSE, RMSE, MAE: 0.00863, 0.00863, 0.09290, 0.07521
INFO | Test - Best epoch 0, Loss, MSE, RMSE, MAE: 0.00793, 0.00793, 0.08906, 0.07141
INFO | Time spent: 4.39s
INFO | - Epoch 001, ExpID 67378
INFO | Train - Loss (one batch): 0.00255
INFO | Val - Loss, MSE, RMSE, MAE: 0.00282, 0.00282, 0.05312, 0.04139
INFO | Test - Best epoch 1, Loss, MSE, RMSE, MAE: 0.00282, 0.00282, 0.05311, 0.04193
INFO | Time spent: 3.56s
INFO | - Epoch 002, ExpID 67378
INFO | Train - Loss (one batch): 0.00199
INFO | Val - Loss, MSE, RMSE, MAE: 0.00180, 0.00180, 0.04242, 0.03035
INFO | Test - Best epoch 2, Loss, MSE, RMSE, MAE: 0.00176, 0.00176, 0.04195, 0.03017
INFO | Time spent: 3.59s
INFO | - Epoch 003, ExpID 67378
INFO | Train - Loss (one batch): 0.00121
INFO | Val - Loss, MSE, RMSE, MAE: 0.00166, 0.00166, 0.04076, 0.02873
INFO | Test - Best epoch 3, Loss, MSE, RMSE, MAE: 0.00164, 0.00164, 0.04045, 0.02864
INFO | Time spent: 3.56s
INFO | - Epoch 004, ExpID 67378
INFO | Train - Loss (one batch): 0.00151
INFO | Val - Loss, MSE, RMSE, MAE: 0.00163, 0.00163, 0.04039, 0.02892
INFO | Test - Best epoch 4, Loss, MSE, RMSE, MAE: 0.00161, 0.00161, 0.04008, 0.02882
INFO | Time spent: 3.12s
INFO | - Epoch 005, ExpID 67378
INFO | Train - Loss (one batch): 0.00121
INFO | Val - Loss, MSE, RMSE, MAE: 0.00140, 0.00140, 0.03736, 0.02511
INFO | Test - Best epoch 5, Loss, MSE, RMSE, MAE: 0.00136, 0.00136, 0.03688, 0.02497
INFO | Time spent: 2.87s
INFO | - Epoch 006, ExpID 67378
INFO | Train - Loss (one batch): 0.00135
INFO | Val - Loss, MSE, RMSE, MAE: 0.00153, 0.00153, 0.03914, 0.02786
INFO | Test - Best epoch 5, Loss, MSE, RMSE, MAE: 0.00136, 0.00136, 0.03688, 0.02497
INFO | Time spent: 2.45s
INFO | - Epoch 007, ExpID 67378
INFO | Train - Loss (one batch): 0.00137
INFO | Val - Loss, MSE, RMSE, MAE: 0.00164, 0.00164, 0.04052, 0.02988
INFO | Test - Best epoch 5, Loss, MSE, RMSE, MAE: 0.00136, 0.00136, 0.03688, 0.02497
INFO | Time spent: 2.39s
INFO | - Epoch 008, ExpID 67378
INFO | Train - Loss (one batch): 0.00119
INFO | Val - Loss, MSE, RMSE, MAE: 0.00124, 0.00124, 0.03527, 0.02298
INFO | Test - Best epoch 8, Loss, MSE, RMSE, MAE: 0.00120, 0.00120, 0.03461, 0.02273
INFO | Time spent: 2.83s
INFO | - Epoch 009, ExpID 67378
INFO | Train - Loss (one batch): 0.00118
INFO | Val - Loss, MSE, RMSE, MAE: 0.00123, 0.00123, 0.03513, 0.02265
INFO | Test - Best epoch 9, Loss, MSE, RMSE, MAE: 0.00120, 0.00120, 0.03459, 0.02256
INFO | Time spent: 2.95s
INFO | - Epoch 010, ExpID 67378
INFO | Train - Loss (one batch): 0.00125
INFO | Val - Loss, MSE, RMSE, MAE: 0.00119, 0.00119, 0.03449, 0.02172
INFO | Test - Best epoch 10, Loss, MSE, RMSE, MAE: 0.00115, 0.00115, 0.03395, 0.02162
INFO | Time spent: 3.03s
INFO | - Epoch 011, ExpID 67378
INFO | Train - Loss (one batch): 0.00146
INFO | Val - Loss, MSE, RMSE, MAE: 0.00211, 0.00211, 0.04589, 0.03714
INFO | Test - Best epoch 10, Loss, MSE, RMSE, MAE: 0.00115, 0.00115, 0.03395, 0.02162
INFO | Time spent: 2.54s
INFO | - Epoch 012, ExpID 67378
INFO | Train - Loss (one batch): 0.00098
INFO | Val - Loss, MSE, RMSE, MAE: 0.00112, 0.00112, 0.03352, 0.02049
INFO | Test - Best epoch 12, Loss, MSE, RMSE, MAE: 0.00109, 0.00109, 0.03297, 0.02041
INFO | Time spent: 2.84s
INFO | - Epoch 013, ExpID 67378
INFO | Train - Loss (one batch): 0.00125
INFO | Val - Loss, MSE, RMSE, MAE: 0.00194, 0.00194, 0.04406, 0.03516
INFO | Test - Best epoch 12, Loss, MSE, RMSE, MAE: 0.00109, 0.00109, 0.03297, 0.02041
INFO | Time spent: 2.48s
INFO | - Epoch 014, ExpID 67378
INFO | Train - Loss (one batch): 0.00095
INFO | Val - Loss, MSE, RMSE, MAE: 0.00143, 0.00143, 0.03777, 0.02697
INFO | Test - Best epoch 12, Loss, MSE, RMSE, MAE: 0.00109, 0.00109, 0.03297, 0.02041
INFO | Time spent: 2.44s
INFO | - Epoch 015, ExpID 67378
INFO | Train - Loss (one batch): 0.00128
INFO | Val - Loss, MSE, RMSE, MAE: 0.00120, 0.00120, 0.03458, 0.02214
INFO | Test - Best epoch 12, Loss, MSE, RMSE, MAE: 0.00109, 0.00109, 0.03297, 0.02041
INFO | Time spent: 2.42s
INFO | - Epoch 016, ExpID 67378
INFO | Train - Loss (one batch): 0.00091
INFO | Val - Loss, MSE, RMSE, MAE: 0.00121, 0.00121, 0.03483, 0.02261
INFO | Test - Best epoch 12, Loss, MSE, RMSE, MAE: 0.00109, 0.00109, 0.03297, 0.02041
INFO | Time spent: 2.70s
INFO | - Epoch 017, ExpID 67378
INFO | Train - Loss (one batch): 0.00097
INFO | Val - Loss, MSE, RMSE, MAE: 0.00110, 0.00110, 0.03312, 0.02022
INFO | Test - Best epoch 17, Loss, MSE, RMSE, MAE: 0.00106, 0.00106, 0.03250, 0.02008
INFO | Time spent: 3.52s
INFO | - Epoch 018, ExpID 67378
INFO | Train - Loss (one batch): 0.00085
INFO | Val - Loss, MSE, RMSE, MAE: 0.00110, 0.00110, 0.03323, 0.02029
INFO | Test - Best epoch 17, Loss, MSE, RMSE, MAE: 0.00106, 0.00106, 0.03250, 0.02008
INFO | Time spent: 2.95s
INFO | - Epoch 019, ExpID 67378
INFO | Train - Loss (one batch): 0.00112
INFO | Val - Loss, MSE, RMSE, MAE: 0.00150, 0.00150, 0.03874, 0.02838
INFO | Test - Best epoch 17, Loss, MSE, RMSE, MAE: 0.00106, 0.00106, 0.03250, 0.02008
INFO | Time spent: 2.95s
INFO | - Epoch 020, ExpID 67378
INFO | Train - Loss (one batch): 0.00122
INFO | Val - Loss, MSE, RMSE, MAE: 0.00169, 0.00169, 0.04106, 0.03160
INFO | Test - Best epoch 17, Loss, MSE, RMSE, MAE: 0.00106, 0.00106, 0.03250, 0.02008
INFO | Time spent: 2.97s
INFO | - Epoch 021, ExpID 67378
INFO | Train - Loss (one batch): 0.00098
INFO | Val - Loss, MSE, RMSE, MAE: 0.00145, 0.00145, 0.03813, 0.02771
INFO | Test - Best epoch 17, Loss, MSE, RMSE, MAE: 0.00106, 0.00106, 0.03250, 0.02008
INFO | Time spent: 2.96s
INFO | - Epoch 022, ExpID 67378
INFO | Train - Loss (one batch): 0.00089
INFO | Val - Loss, MSE, RMSE, MAE: 0.00107, 0.00107, 0.03268, 0.01963
INFO | Test - Best epoch 22, Loss, MSE, RMSE, MAE: 0.00103, 0.00103, 0.03203, 0.01949
INFO | Time spent: 3.52s
INFO | - Epoch 023, ExpID 67378
INFO | Train - Loss (one batch): 0.00153
INFO | Val - Loss, MSE, RMSE, MAE: 0.00106, 0.00106, 0.03254, 0.01944
INFO | Test - Best epoch 23, Loss, MSE, RMSE, MAE: 0.00101, 0.00101, 0.03186, 0.01929
INFO | Time spent: 3.51s
INFO | - Epoch 024, ExpID 67378
INFO | Train - Loss (one batch): 0.00108
INFO | Val - Loss, MSE, RMSE, MAE: 0.00112, 0.00112, 0.03350, 0.02088
INFO | Test - Best epoch 23, Loss, MSE, RMSE, MAE: 0.00101, 0.00101, 0.03186, 0.01929
INFO | Time spent: 2.93s
INFO | - Epoch 025, ExpID 67378
INFO | Train - Loss (one batch): 0.00100
INFO | Val - Loss, MSE, RMSE, MAE: 0.00106, 0.00106, 0.03262, 0.01982
INFO | Test - Best epoch 23, Loss, MSE, RMSE, MAE: 0.00101, 0.00101, 0.03186, 0.01929
INFO | Time spent: 2.97s
INFO | - Epoch 026, ExpID 67378
INFO | Train - Loss (one batch): 0.00089
INFO | Val - Loss, MSE, RMSE, MAE: 0.00125, 0.00125, 0.03540, 0.02404
INFO | Test - Best epoch 23, Loss, MSE, RMSE, MAE: 0.00101, 0.00101, 0.03186, 0.01929
INFO | Time spent: 2.96s
INFO | - Epoch 027, ExpID 67378
INFO | Train - Loss (one batch): 0.00091
INFO | Val - Loss, MSE, RMSE, MAE: 0.00113, 0.00113, 0.03368, 0.02127
INFO | Test - Best epoch 23, Loss, MSE, RMSE, MAE: 0.00101, 0.00101, 0.03186, 0.01929
INFO | Time spent: 2.96s
INFO | - Epoch 028, ExpID 67378
INFO | Train - Loss (one batch): 0.00107
INFO | Val - Loss, MSE, RMSE, MAE: 0.00121, 0.00121, 0.03475, 0.02331
INFO | Test - Best epoch 23, Loss, MSE, RMSE, MAE: 0.00101, 0.00101, 0.03186, 0.01929
INFO | Time spent: 2.96s
INFO | - Epoch 029, ExpID 67378
INFO | Train - Loss (one batch): 0.00109
INFO | Val - Loss, MSE, RMSE, MAE: 0.00111, 0.00111, 0.03333, 0.02050
INFO | Test - Best epoch 23, Loss, MSE, RMSE, MAE: 0.00101, 0.00101, 0.03186, 0.01929
INFO | Time spent: 2.96s
INFO | - Epoch 030, ExpID 67378
INFO | Train - Loss (one batch): 0.00099
INFO | Val - Loss, MSE, RMSE, MAE: 0.00127, 0.00127, 0.03570, 0.02465
INFO | Test - Best epoch 23, Loss, MSE, RMSE, MAE: 0.00101, 0.00101, 0.03186, 0.01929
INFO | Time spent: 2.95s
INFO | - Epoch 031, ExpID 67378
INFO | Train - Loss (one batch): 0.00128
INFO | Val - Loss, MSE, RMSE, MAE: 0.00135, 0.00135, 0.03676, 0.02626
INFO | Test - Best epoch 23, Loss, MSE, RMSE, MAE: 0.00101, 0.00101, 0.03186, 0.01929
INFO | Time spent: 2.95s
INFO | - Epoch 032, ExpID 67378
INFO | Train - Loss (one batch): 0.00093
INFO | Val - Loss, MSE, RMSE, MAE: 0.00103, 0.00103, 0.03210, 0.01931
INFO | Test - Best epoch 32, Loss, MSE, RMSE, MAE: 0.00099, 0.00099, 0.03152, 0.01917
INFO | Time spent: 3.78s
INFO | - Epoch 033, ExpID 67378
INFO | Train - Loss (one batch): 0.00072
INFO | Val - Loss, MSE, RMSE, MAE: 0.00106, 0.00106, 0.03260, 0.01995
INFO | Test - Best epoch 32, Loss, MSE, RMSE, MAE: 0.00099, 0.00099, 0.03152, 0.01917
INFO | Time spent: 2.96s
INFO | - Epoch 034, ExpID 67378
INFO | Train - Loss (one batch): 0.00080
INFO | Val - Loss, MSE, RMSE, MAE: 0.00110, 0.00110, 0.03312, 0.02096
INFO | Test - Best epoch 32, Loss, MSE, RMSE, MAE: 0.00099, 0.00099, 0.03152, 0.01917
INFO | Time spent: 2.99s
INFO | - Epoch 035, ExpID 67378
INFO | Train - Loss (one batch): 0.00099
INFO | Val - Loss, MSE, RMSE, MAE: 0.00111, 0.00111, 0.03334, 0.02151
INFO | Test - Best epoch 32, Loss, MSE, RMSE, MAE: 0.00099, 0.00099, 0.03152, 0.01917
INFO | Time spent: 2.97s
INFO | - Epoch 036, ExpID 67378
INFO | Train - Loss (one batch): 0.00088
INFO | Val - Loss, MSE, RMSE, MAE: 0.00110, 0.00110, 0.03316, 0.02118
INFO | Test - Best epoch 32, Loss, MSE, RMSE, MAE: 0.00099, 0.00099, 0.03152, 0.01917
INFO | Time spent: 2.98s
INFO | - Epoch 037, ExpID 67378
INFO | Train - Loss (one batch): 0.00093
INFO | Val - Loss, MSE, RMSE, MAE: 0.00108, 0.00108, 0.03283, 0.02077
INFO | Test - Best epoch 32, Loss, MSE, RMSE, MAE: 0.00099, 0.00099, 0.03152, 0.01917
INFO | Time spent: 2.86s
INFO | - Epoch 038, ExpID 67378
INFO | Train - Loss (one batch): 0.00077
INFO | Val - Loss, MSE, RMSE, MAE: 0.00108, 0.00108, 0.03283, 0.02009
INFO | Test - Best epoch 32, Loss, MSE, RMSE, MAE: 0.00099, 0.00099, 0.03152, 0.01917
INFO | Time spent: 2.51s
INFO | - Epoch 039, ExpID 67378
INFO | Train - Loss (one batch): 0.00116
INFO | Val - Loss, MSE, RMSE, MAE: 0.00110, 0.00110, 0.03317, 0.02129
INFO | Test - Best epoch 32, Loss, MSE, RMSE, MAE: 0.00099, 0.00099, 0.03152, 0.01917
INFO | Time spent: 2.62s
INFO | - Epoch 040, ExpID 67378
INFO | Train - Loss (one batch): 0.00068
INFO | Val - Loss, MSE, RMSE, MAE: 0.00106, 0.00106, 0.03262, 0.02020
INFO | Test - Best epoch 32, Loss, MSE, RMSE, MAE: 0.00099, 0.00099, 0.03152, 0.01917
INFO | Time spent: 2.44s
INFO | - Epoch 041, ExpID 67378
INFO | Train - Loss (one batch): 0.00105
INFO | Val - Loss, MSE, RMSE, MAE: 0.00112, 0.00112, 0.03350, 0.02168
INFO | Test - Best epoch 32, Loss, MSE, RMSE, MAE: 0.00099, 0.00099, 0.03152, 0.01917
INFO | Time spent: 2.43s
INFO | - Epoch 042, ExpID 67378
INFO | Train - Loss (one batch): 0.00065
INFO | Val - Loss, MSE, RMSE, MAE: 0.00129, 0.00129, 0.03594, 0.02511
INFO | Test - Best epoch 32, Loss, MSE, RMSE, MAE: 0.00099, 0.00099, 0.03152, 0.01917
INFO | Time spent: 2.45s
INFO | - Epoch 043, ExpID 67378
INFO | Train - Loss (one batch): 0.00112
INFO | Val - Loss, MSE, RMSE, MAE: 0.00122, 0.00122, 0.03494, 0.02354
INFO | Test - Best epoch 32, Loss, MSE, RMSE, MAE: 0.00099, 0.00099, 0.03152, 0.01917
INFO | Time spent: 2.44s
INFO | - Epoch 044, ExpID 67378
INFO | Train - Loss (one batch): 0.00103
INFO | Val - Loss, MSE, RMSE, MAE: 0.00132, 0.00132, 0.03629, 0.02572
INFO | Test - Best epoch 32, Loss, MSE, RMSE, MAE: 0.00099, 0.00099, 0.03152, 0.01917
INFO | Time spent: 2.42s
INFO | - Epoch 045, ExpID 67378
INFO | Train - Loss (one batch): 0.00092
INFO | Val - Loss, MSE, RMSE, MAE: 0.00136, 0.00136, 0.03693, 0.02648
INFO | Test - Best epoch 32, Loss, MSE, RMSE, MAE: 0.00099, 0.00099, 0.03152, 0.01917
INFO | Time spent: 2.44s
INFO | - Epoch 046, ExpID 67378
INFO | Train - Loss (one batch): 0.00090
INFO | Val - Loss, MSE, RMSE, MAE: 0.00120, 0.00120, 0.03468, 0.02341
INFO | Test - Best epoch 32, Loss, MSE, RMSE, MAE: 0.00099, 0.00099, 0.03152, 0.01917
INFO | Time spent: 2.48s
INFO | - Epoch 047, ExpID 67378
INFO | Train - Loss (one batch): 0.00082
INFO | Val - Loss, MSE, RMSE, MAE: 0.00116, 0.00116, 0.03411, 0.02250
INFO | Test - Best epoch 32, Loss, MSE, RMSE, MAE: 0.00099, 0.00099, 0.03152, 0.01917
INFO | Time spent: 2.41s
INFO | - Epoch 048, ExpID 67378
INFO | Train - Loss (one batch): 0.00068
INFO | Val - Loss, MSE, RMSE, MAE: 0.00123, 0.00123, 0.03509, 0.02379
INFO | Test - Best epoch 32, Loss, MSE, RMSE, MAE: 0.00099, 0.00099, 0.03152, 0.01917
INFO | Time spent: 2.46s
INFO | - Epoch 049, ExpID 67378
INFO | Train - Loss (one batch): 0.00094
INFO | Val - Loss, MSE, RMSE, MAE: 0.00125, 0.00125, 0.03538, 0.02431
INFO | Test - Best epoch 32, Loss, MSE, RMSE, MAE: 0.00099, 0.00099, 0.03152, 0.01917
INFO | Time spent: 2.53s
INFO | - Epoch 050, ExpID 67378
INFO | Train - Loss (one batch): 0.00090
INFO | Val - Loss, MSE, RMSE, MAE: 0.00101, 0.00101, 0.03185, 0.01916
INFO | Test - Best epoch 50, Loss, MSE, RMSE, MAE: 0.00098, 0.00098, 0.03127, 0.01900
INFO | Time spent: 2.90s
INFO | - Epoch 051, ExpID 67378
INFO | Train - Loss (one batch): 0.00095
INFO | Val - Loss, MSE, RMSE, MAE: 0.00101, 0.00101, 0.03180, 0.01907
INFO | Test - Best epoch 51, Loss, MSE, RMSE, MAE: 0.00097, 0.00097, 0.03122, 0.01892
INFO | Time spent: 2.86s
INFO | - Epoch 052, ExpID 67378
INFO | Train - Loss (one batch): 0.00077
INFO | Val - Loss, MSE, RMSE, MAE: 0.00111, 0.00111, 0.03329, 0.02153
INFO | Test - Best epoch 51, Loss, MSE, RMSE, MAE: 0.00097, 0.00097, 0.03122, 0.01892
INFO | Time spent: 2.44s
INFO | - Epoch 053, ExpID 67378
INFO | Train - Loss (one batch): 0.00068
INFO | Val - Loss, MSE, RMSE, MAE: 0.00106, 0.00106, 0.03259, 0.02004
INFO | Test - Best epoch 51, Loss, MSE, RMSE, MAE: 0.00097, 0.00097, 0.03122, 0.01892
INFO | Time spent: 2.42s
INFO | - Epoch 054, ExpID 67378
INFO | Train - Loss (one batch): 0.00085
INFO | Val - Loss, MSE, RMSE, MAE: 0.00108, 0.00108, 0.03289, 0.02062
INFO | Test - Best epoch 51, Loss, MSE, RMSE, MAE: 0.00097, 0.00097, 0.03122, 0.01892
INFO | Time spent: 2.52s
INFO | - Epoch 055, ExpID 67378
INFO | Train - Loss (one batch): 0.00087
INFO | Val - Loss, MSE, RMSE, MAE: 0.00111, 0.00111, 0.03325, 0.02139
INFO | Test - Best epoch 51, Loss, MSE, RMSE, MAE: 0.00097, 0.00097, 0.03122, 0.01892
INFO | Time spent: 2.62s
INFO | - Epoch 056, ExpID 67378
INFO | Train - Loss (one batch): 0.00096
INFO | Val - Loss, MSE, RMSE, MAE: 0.00100, 0.00100, 0.03157, 0.01892
INFO | Test - Best epoch 56, Loss, MSE, RMSE, MAE: 0.00097, 0.00097, 0.03108, 0.01880
INFO | Time spent: 2.93s
INFO | - Epoch 057, ExpID 67378
INFO | Train - Loss (one batch): 0.00101
INFO | Val - Loss, MSE, RMSE, MAE: 0.00101, 0.00101, 0.03177, 0.01925
INFO | Test - Best epoch 56, Loss, MSE, RMSE, MAE: 0.00097, 0.00097, 0.03108, 0.01880
INFO | Time spent: 2.56s
INFO | - Epoch 058, ExpID 67378
INFO | Train - Loss (one batch): 0.00081
INFO | Val - Loss, MSE, RMSE, MAE: 0.00101, 0.00101, 0.03183, 0.01908
INFO | Test - Best epoch 56, Loss, MSE, RMSE, MAE: 0.00097, 0.00097, 0.03108, 0.01880
INFO | Time spent: 2.42s
INFO | - Epoch 059, ExpID 67378
INFO | Train - Loss (one batch): 0.00082
INFO | Val - Loss, MSE, RMSE, MAE: 0.00102, 0.00102, 0.03186, 0.01930
INFO | Test - Best epoch 56, Loss, MSE, RMSE, MAE: 0.00097, 0.00097, 0.03108, 0.01880
INFO | Time spent: 2.45s
INFO | - Epoch 060, ExpID 67378
INFO | Train - Loss (one batch): 0.00091
INFO | Val - Loss, MSE, RMSE, MAE: 0.00099, 0.00099, 0.03149, 0.01889
INFO | Test - Best epoch 60, Loss, MSE, RMSE, MAE: 0.00096, 0.00096, 0.03103, 0.01883
INFO | Time spent: 2.88s
INFO | - Epoch 061, ExpID 67378
INFO | Train - Loss (one batch): 0.00096
INFO | Val - Loss, MSE, RMSE, MAE: 0.00102, 0.00102, 0.03191, 0.01967
INFO | Test - Best epoch 60, Loss, MSE, RMSE, MAE: 0.00096, 0.00096, 0.03103, 0.01883
INFO | Time spent: 2.55s
INFO | - Epoch 062, ExpID 67378
INFO | Train - Loss (one batch): 0.00098
INFO | Val - Loss, MSE, RMSE, MAE: 0.00108, 0.00108, 0.03287, 0.02112
INFO | Test - Best epoch 60, Loss, MSE, RMSE, MAE: 0.00096, 0.00096, 0.03103, 0.01883
INFO | Time spent: 2.54s
INFO | - Epoch 063, ExpID 67378
INFO | Train - Loss (one batch): 0.00079
INFO | Val - Loss, MSE, RMSE, MAE: 0.00099, 0.00099, 0.03152, 0.01889
INFO | Test - Best epoch 60, Loss, MSE, RMSE, MAE: 0.00096, 0.00096, 0.03103, 0.01883
INFO | Time spent: 2.42s
INFO | - Epoch 064, ExpID 67378
INFO | Train - Loss (one batch): 0.00088
INFO | Val - Loss, MSE, RMSE, MAE: 0.00102, 0.00102, 0.03191, 0.01944
INFO | Test - Best epoch 60, Loss, MSE, RMSE, MAE: 0.00096, 0.00096, 0.03103, 0.01883
INFO | Time spent: 2.41s
INFO | - Epoch 065, ExpID 67378
INFO | Train - Loss (one batch): 0.00093
INFO | Val - Loss, MSE, RMSE, MAE: 0.00116, 0.00116, 0.03405, 0.02282
INFO | Test - Best epoch 60, Loss, MSE, RMSE, MAE: 0.00096, 0.00096, 0.03103, 0.01883
INFO | Time spent: 2.56s
INFO | - Epoch 066, ExpID 67378
INFO | Train - Loss (one batch): 0.00088
INFO | Val - Loss, MSE, RMSE, MAE: 0.00101, 0.00101, 0.03179, 0.01957
INFO | Test - Best epoch 60, Loss, MSE, RMSE, MAE: 0.00096, 0.00096, 0.03103, 0.01883
INFO | Time spent: 2.43s
INFO | - Epoch 067, ExpID 67378
INFO | Train - Loss (one batch): 0.00090
INFO | Val - Loss, MSE, RMSE, MAE: 0.00104, 0.00104, 0.03227, 0.02021
INFO | Test - Best epoch 60, Loss, MSE, RMSE, MAE: 0.00096, 0.00096, 0.03103, 0.01883
INFO | Time spent: 2.56s
INFO | - Epoch 068, ExpID 67378
INFO | Train - Loss (one batch): 0.00081
INFO | Val - Loss, MSE, RMSE, MAE: 0.00107, 0.00107, 0.03272, 0.02059
INFO | Test - Best epoch 60, Loss, MSE, RMSE, MAE: 0.00096, 0.00096, 0.03103, 0.01883
INFO | Time spent: 2.43s
INFO | - Epoch 069, ExpID 67378
INFO | Train - Loss (one batch): 0.00139
INFO | Val - Loss, MSE, RMSE, MAE: 0.00104, 0.00104, 0.03220, 0.02010
INFO | Test - Best epoch 60, Loss, MSE, RMSE, MAE: 0.00096, 0.00096, 0.03103, 0.01883
INFO | Time spent: 2.49s
INFO | - Epoch 070, ExpID 67378
INFO | Train - Loss (one batch): 0.00101
INFO | Val - Loss, MSE, RMSE, MAE: 0.00102, 0.00102, 0.03193, 0.01990
INFO | Test - Best epoch 60, Loss, MSE, RMSE, MAE: 0.00096, 0.00096, 0.03103, 0.01883
INFO | Time spent: 2.42s
INFO | - Epoch 071, ExpID 67378
INFO | Train - Loss (one batch): 0.00104
INFO | Val - Loss, MSE, RMSE, MAE: 0.00107, 0.00107, 0.03278, 0.02095
INFO | Test - Best epoch 60, Loss, MSE, RMSE, MAE: 0.00096, 0.00096, 0.03103, 0.01883
INFO | Time spent: 2.43s
INFO | - Epoch 072, ExpID 67378
INFO | Train - Loss (one batch): 0.00097
INFO | Val - Loss, MSE, RMSE, MAE: 0.00099, 0.00099, 0.03139, 0.01915
INFO | Test - Best epoch 72, Loss, MSE, RMSE, MAE: 0.00096, 0.00096, 0.03098, 0.01898
INFO | Time spent: 2.85s
INFO | - Epoch 073, ExpID 67378
INFO | Train - Loss (one batch): 0.00083
INFO | Val - Loss, MSE, RMSE, MAE: 0.00099, 0.00099, 0.03142, 0.01896
INFO | Test - Best epoch 72, Loss, MSE, RMSE, MAE: 0.00096, 0.00096, 0.03098, 0.01898
INFO | Time spent: 2.42s
INFO | - Epoch 074, ExpID 67378
INFO | Train - Loss (one batch): 0.00083
INFO | Val - Loss, MSE, RMSE, MAE: 0.00098, 0.00098, 0.03138, 0.01878
INFO | Test - Best epoch 74, Loss, MSE, RMSE, MAE: 0.00095, 0.00095, 0.03086, 0.01863
INFO | Time spent: 2.98s
INFO | - Epoch 075, ExpID 67378
INFO | Train - Loss (one batch): 0.00080
INFO | Val - Loss, MSE, RMSE, MAE: 0.00099, 0.00099, 0.03140, 0.01894
INFO | Test - Best epoch 74, Loss, MSE, RMSE, MAE: 0.00095, 0.00095, 0.03086, 0.01863
INFO | Time spent: 2.65s
INFO | - Epoch 076, ExpID 67378
INFO | Train - Loss (one batch): 0.00115
INFO | Val - Loss, MSE, RMSE, MAE: 0.00102, 0.00102, 0.03198, 0.01982
INFO | Test - Best epoch 74, Loss, MSE, RMSE, MAE: 0.00095, 0.00095, 0.03086, 0.01863
INFO | Time spent: 2.44s
INFO | - Epoch 077, ExpID 67378
INFO | Train - Loss (one batch): 0.00082
INFO | Val - Loss, MSE, RMSE, MAE: 0.00109, 0.00109, 0.03294, 0.02152
INFO | Test - Best epoch 74, Loss, MSE, RMSE, MAE: 0.00095, 0.00095, 0.03086, 0.01863
INFO | Time spent: 2.43s
INFO | - Epoch 078, ExpID 67378
INFO | Train - Loss (one batch): 0.00110
INFO | Val - Loss, MSE, RMSE, MAE: 0.00118, 0.00118, 0.03431, 0.02294
INFO | Test - Best epoch 74, Loss, MSE, RMSE, MAE: 0.00095, 0.00095, 0.03086, 0.01863
INFO | Time spent: 2.43s
INFO | - Epoch 079, ExpID 67378
INFO | Train - Loss (one batch): 0.00073
INFO | Val - Loss, MSE, RMSE, MAE: 0.00101, 0.00101, 0.03180, 0.01937
INFO | Test - Best epoch 74, Loss, MSE, RMSE, MAE: 0.00095, 0.00095, 0.03086, 0.01863
INFO | Time spent: 2.45s
INFO | - Epoch 080, ExpID 67378
INFO | Train - Loss (one batch): 0.00091
INFO | Val - Loss, MSE, RMSE, MAE: 0.00097, 0.00097, 0.03118, 0.01872
INFO | Test - Best epoch 80, Loss, MSE, RMSE, MAE: 0.00094, 0.00094, 0.03066, 0.01849
INFO | Time spent: 2.87s
INFO | - Epoch 081, ExpID 67378
INFO | Train - Loss (one batch): 0.00114
INFO | Val - Loss, MSE, RMSE, MAE: 0.00099, 0.00099, 0.03147, 0.01942
INFO | Test - Best epoch 80, Loss, MSE, RMSE, MAE: 0.00094, 0.00094, 0.03066, 0.01849
INFO | Time spent: 2.59s
INFO | - Epoch 082, ExpID 67378
INFO | Train - Loss (one batch): 0.00095
INFO | Val - Loss, MSE, RMSE, MAE: 0.00101, 0.00101, 0.03172, 0.01929
INFO | Test - Best epoch 80, Loss, MSE, RMSE, MAE: 0.00094, 0.00094, 0.03066, 0.01849
INFO | Time spent: 2.42s
INFO | - Epoch 083, ExpID 67378
INFO | Train - Loss (one batch): 0.00075
INFO | Val - Loss, MSE, RMSE, MAE: 0.00098, 0.00098, 0.03125, 0.01870
INFO | Test - Best epoch 80, Loss, MSE, RMSE, MAE: 0.00094, 0.00094, 0.03066, 0.01849
INFO | Time spent: 2.43s
INFO | - Epoch 084, ExpID 67378
INFO | Train - Loss (one batch): 0.00086
INFO | Val - Loss, MSE, RMSE, MAE: 0.00098, 0.00098, 0.03138, 0.01914
INFO | Test - Best epoch 80, Loss, MSE, RMSE, MAE: 0.00094, 0.00094, 0.03066, 0.01849
INFO | Time spent: 2.42s
INFO | - Epoch 085, ExpID 67378
INFO | Train - Loss (one batch): 0.00079
INFO | Val - Loss, MSE, RMSE, MAE: 0.00104, 0.00104, 0.03228, 0.02034
INFO | Test - Best epoch 80, Loss, MSE, RMSE, MAE: 0.00094, 0.00094, 0.03066, 0.01849
INFO | Time spent: 2.42s
INFO | - Epoch 086, ExpID 67378
INFO | Train - Loss (one batch): 0.00094
INFO | Val - Loss, MSE, RMSE, MAE: 0.00100, 0.00100, 0.03156, 0.01905
INFO | Test - Best epoch 80, Loss, MSE, RMSE, MAE: 0.00094, 0.00094, 0.03066, 0.01849
INFO | Time spent: 2.52s
INFO | - Epoch 087, ExpID 67378
INFO | Train - Loss (one batch): 0.00098
INFO | Val - Loss, MSE, RMSE, MAE: 0.00102, 0.00102, 0.03198, 0.02015
INFO | Test - Best epoch 80, Loss, MSE, RMSE, MAE: 0.00094, 0.00094, 0.03066, 0.01849
INFO | Time spent: 2.42s
INFO | - Epoch 088, ExpID 67378
INFO | Train - Loss (one batch): 0.00097
INFO | Val - Loss, MSE, RMSE, MAE: 0.00100, 0.00100, 0.03169, 0.01955
INFO | Test - Best epoch 80, Loss, MSE, RMSE, MAE: 0.00094, 0.00094, 0.03066, 0.01849
INFO | Time spent: 2.43s
INFO | - Epoch 089, ExpID 67378
INFO | Train - Loss (one batch): 0.00090
INFO | Val - Loss, MSE, RMSE, MAE: 0.00107, 0.00107, 0.03271, 0.02117
INFO | Test - Best epoch 80, Loss, MSE, RMSE, MAE: 0.00094, 0.00094, 0.03066, 0.01849
INFO | Time spent: 2.44s
INFO | - Epoch 090, ExpID 67378
INFO | Train - Loss (one batch): 0.00089
INFO | Val - Loss, MSE, RMSE, MAE: 0.00109, 0.00109, 0.03300, 0.02148
INFO | Test - Best epoch 80, Loss, MSE, RMSE, MAE: 0.00094, 0.00094, 0.03066, 0.01849
INFO | Time spent: 2.43s
INFO | - Epoch 091, ExpID 67378
INFO | Train - Loss (one batch): 0.00072
INFO | Val - Loss, MSE, RMSE, MAE: 0.00098, 0.00098, 0.03128, 0.01925
INFO | Test - Best epoch 80, Loss, MSE, RMSE, MAE: 0.00094, 0.00094, 0.03066, 0.01849
INFO | Time spent: 2.53s
INFO | - Epoch 092, ExpID 67378
INFO | Train - Loss (one batch): 0.00076
INFO | Val - Loss, MSE, RMSE, MAE: 0.00098, 0.00098, 0.03131, 0.01889
INFO | Test - Best epoch 80, Loss, MSE, RMSE, MAE: 0.00094, 0.00094, 0.03066, 0.01849
INFO | Time spent: 2.41s
INFO | - Epoch 093, ExpID 67378
INFO | Train - Loss (one batch): 0.00086
INFO | Val - Loss, MSE, RMSE, MAE: 0.00097, 0.00097, 0.03116, 0.01879
INFO | Test - Best epoch 93, Loss, MSE, RMSE, MAE: 0.00094, 0.00094, 0.03063, 0.01855
INFO | Time spent: 2.97s
INFO | - Epoch 094, ExpID 67378
INFO | Train - Loss (one batch): 0.00099
INFO | Val - Loss, MSE, RMSE, MAE: 0.00099, 0.00099, 0.03146, 0.01906
INFO | Test - Best epoch 93, Loss, MSE, RMSE, MAE: 0.00094, 0.00094, 0.03063, 0.01855
INFO | Time spent: 2.45s
INFO | - Epoch 095, ExpID 67378
INFO | Train - Loss (one batch): 0.00125
INFO | Val - Loss, MSE, RMSE, MAE: 0.00100, 0.00100, 0.03160, 0.01950
INFO | Test - Best epoch 93, Loss, MSE, RMSE, MAE: 0.00094, 0.00094, 0.03063, 0.01855
INFO | Time spent: 2.43s
INFO | - Epoch 096, ExpID 67378
INFO | Train - Loss (one batch): 0.00087
INFO | Val - Loss, MSE, RMSE, MAE: 0.00096, 0.00096, 0.03097, 0.01847
INFO | Test - Best epoch 96, Loss, MSE, RMSE, MAE: 0.00093, 0.00093, 0.03046, 0.01834
INFO | Time spent: 2.86s
INFO | - Epoch 097, ExpID 67378
INFO | Train - Loss (one batch): 0.00092
INFO | Val - Loss, MSE, RMSE, MAE: 0.00105, 0.00105, 0.03239, 0.02057
INFO | Test - Best epoch 96, Loss, MSE, RMSE, MAE: 0.00093, 0.00093, 0.03046, 0.01834
INFO | Time spent: 2.61s
INFO | - Epoch 098, ExpID 67378
INFO | Train - Loss (one batch): 0.00094
INFO | Val - Loss, MSE, RMSE, MAE: 0.00098, 0.00098, 0.03132, 0.01919
INFO | Test - Best epoch 96, Loss, MSE, RMSE, MAE: 0.00093, 0.00093, 0.03046, 0.01834
INFO | Time spent: 2.42s
INFO | - Epoch 099, ExpID 67378
INFO | Train - Loss (one batch): 0.00084
INFO | Val - Loss, MSE, RMSE, MAE: 0.00099, 0.00099, 0.03153, 0.01939
INFO | Test - Best epoch 96, Loss, MSE, RMSE, MAE: 0.00093, 0.00093, 0.03046, 0.01834
INFO | Time spent: 2.49s
INFO | - Epoch 100, ExpID 67378
INFO | Train - Loss (one batch): 0.00070
INFO | Val - Loss, MSE, RMSE, MAE: 0.00097, 0.00097, 0.03116, 0.01875
INFO | Test - Best epoch 96, Loss, MSE, RMSE, MAE: 0.00093, 0.00093, 0.03046, 0.01834
INFO | Time spent: 2.44s
INFO | - Epoch 101, ExpID 67378
INFO | Train - Loss (one batch): 0.00116
INFO | Val - Loss, MSE, RMSE, MAE: 0.00098, 0.00098, 0.03135, 0.01893
INFO | Test - Best epoch 96, Loss, MSE, RMSE, MAE: 0.00093, 0.00093, 0.03046, 0.01834
INFO | Time spent: 2.47s
INFO | - Epoch 102, ExpID 67378
INFO | Train - Loss (one batch): 0.00086
INFO | Val - Loss, MSE, RMSE, MAE: 0.00099, 0.00099, 0.03151, 0.01949
INFO | Test - Best epoch 96, Loss, MSE, RMSE, MAE: 0.00093, 0.00093, 0.03046, 0.01834
INFO | Time spent: 2.44s
INFO | - Epoch 103, ExpID 67378
INFO | Train - Loss (one batch): 0.00067
INFO | Val - Loss, MSE, RMSE, MAE: 0.00099, 0.00099, 0.03150, 0.01927
INFO | Test - Best epoch 96, Loss, MSE, RMSE, MAE: 0.00093, 0.00093, 0.03046, 0.01834
INFO | Time spent: 2.61s
INFO | - Epoch 104, ExpID 67378
INFO | Train - Loss (one batch): 0.00095
INFO | Val - Loss, MSE, RMSE, MAE: 0.00099, 0.00099, 0.03141, 0.01932
INFO | Test - Best epoch 96, Loss, MSE, RMSE, MAE: 0.00093, 0.00093, 0.03046, 0.01834
INFO | Time spent: 2.45s
INFO | - Epoch 105, ExpID 67378
INFO | Train - Loss (one batch): 0.00111
INFO | Val - Loss, MSE, RMSE, MAE: 0.00098, 0.00098, 0.03130, 0.01931
INFO | Test - Best epoch 96, Loss, MSE, RMSE, MAE: 0.00093, 0.00093, 0.03046, 0.01834
INFO | Time spent: 2.44s
INFO | - Epoch 106, ExpID 67378
INFO | Train - Loss (one batch): 0.00094
INFO | Val - Loss, MSE, RMSE, MAE: 0.00111, 0.00111, 0.03333, 0.02205
INFO | Test - Best epoch 96, Loss, MSE, RMSE, MAE: 0.00093, 0.00093, 0.03046, 0.01834
INFO | Time spent: 2.44s
INFO | - Epoch 107, ExpID 67378
INFO | Train - Loss (one batch): 0.00065
INFO | Val - Loss, MSE, RMSE, MAE: 0.00096, 0.00096, 0.03095, 0.01863
INFO | Test - Best epoch 107, Loss, MSE, RMSE, MAE: 0.00093, 0.00093, 0.03047, 0.01851
INFO | Time spent: 2.91s
INFO | - Epoch 108, ExpID 67378
INFO | Train - Loss (one batch): 0.00084
INFO | Val - Loss, MSE, RMSE, MAE: 0.00096, 0.00096, 0.03101, 0.01854
INFO | Test - Best epoch 107, Loss, MSE, RMSE, MAE: 0.00093, 0.00093, 0.03047, 0.01851
INFO | Time spent: 2.44s
INFO | - Epoch 109, ExpID 67378
INFO | Train - Loss (one batch): 0.00063
INFO | Val - Loss, MSE, RMSE, MAE: 0.00096, 0.00096, 0.03105, 0.01901
INFO | Test - Best epoch 107, Loss, MSE, RMSE, MAE: 0.00093, 0.00093, 0.03047, 0.01851
INFO | Time spent: 2.45s
INFO | - Epoch 110, ExpID 67378
INFO | Train - Loss (one batch): 0.00087
INFO | Val - Loss, MSE, RMSE, MAE: 0.00098, 0.00098, 0.03134, 0.01905
INFO | Test - Best epoch 107, Loss, MSE, RMSE, MAE: 0.00093, 0.00093, 0.03047, 0.01851
INFO | Time spent: 2.45s
INFO | - Epoch 111, ExpID 67378
INFO | Train - Loss (one batch): 0.00081
INFO | Val - Loss, MSE, RMSE, MAE: 0.00102, 0.00102, 0.03201, 0.02015
INFO | Test - Best epoch 107, Loss, MSE, RMSE, MAE: 0.00093, 0.00093, 0.03047, 0.01851
INFO | Time spent: 2.45s
INFO | - Epoch 112, ExpID 67378
INFO | Train - Loss (one batch): 0.00089
INFO | Val - Loss, MSE, RMSE, MAE: 0.00097, 0.00097, 0.03110, 0.01895
INFO | Test - Best epoch 107, Loss, MSE, RMSE, MAE: 0.00093, 0.00093, 0.03047, 0.01851
INFO | Time spent: 2.47s
INFO | - Epoch 113, ExpID 67378
INFO | Train - Loss (one batch): 0.00067
INFO | Val - Loss, MSE, RMSE, MAE: 0.00112, 0.00112, 0.03349, 0.02227
INFO | Test - Best epoch 107, Loss, MSE, RMSE, MAE: 0.00093, 0.00093, 0.03047, 0.01851
INFO | Time spent: 2.44s
INFO | - Epoch 114, ExpID 67378
INFO | Train - Loss (one batch): 0.00110
INFO | Val - Loss, MSE, RMSE, MAE: 0.00102, 0.00102, 0.03200, 0.02076
INFO | Test - Best epoch 107, Loss, MSE, RMSE, MAE: 0.00093, 0.00093, 0.03047, 0.01851
INFO | Time spent: 2.42s
INFO | - Epoch 115, ExpID 67378
INFO | Train - Loss (one batch): 0.00072
INFO | Val - Loss, MSE, RMSE, MAE: 0.00096, 0.00096, 0.03094, 0.01856
INFO | Test - Best epoch 115, Loss, MSE, RMSE, MAE: 0.00093, 0.00093, 0.03046, 0.01847
INFO | Time spent: 2.87s
INFO | - Epoch 116, ExpID 67378
INFO | Train - Loss (one batch): 0.00098
INFO | Val - Loss, MSE, RMSE, MAE: 0.00098, 0.00098, 0.03124, 0.01887
INFO | Test - Best epoch 115, Loss, MSE, RMSE, MAE: 0.00093, 0.00093, 0.03046, 0.01847
INFO | Time spent: 2.44s
INFO | - Epoch 117, ExpID 67378
INFO | Train - Loss (one batch): 0.00057
INFO | Val - Loss, MSE, RMSE, MAE: 0.00099, 0.00099, 0.03139, 0.01959
INFO | Test - Best epoch 115, Loss, MSE, RMSE, MAE: 0.00093, 0.00093, 0.03046, 0.01847
INFO | Time spent: 2.43s
INFO | - Epoch 118, ExpID 67378
INFO | Train - Loss (one batch): 0.00088
INFO | Val - Loss, MSE, RMSE, MAE: 0.00099, 0.00099, 0.03141, 0.01957
INFO | Test - Best epoch 115, Loss, MSE, RMSE, MAE: 0.00093, 0.00093, 0.03046, 0.01847
INFO | Time spent: 2.43s
INFO | - Epoch 119, ExpID 67378
INFO | Train - Loss (one batch): 0.00084
INFO | Val - Loss, MSE, RMSE, MAE: 0.00101, 0.00101, 0.03173, 0.01989
INFO | Test - Best epoch 115, Loss, MSE, RMSE, MAE: 0.00093, 0.00093, 0.03046, 0.01847
INFO | Time spent: 2.56s
INFO | - Epoch 120, ExpID 67378
INFO | Train - Loss (one batch): 0.00083
INFO | Val - Loss, MSE, RMSE, MAE: 0.00101, 0.00101, 0.03183, 0.02000
INFO | Test - Best epoch 115, Loss, MSE, RMSE, MAE: 0.00093, 0.00093, 0.03046, 0.01847
INFO | Time spent: 2.61s
INFO | - Epoch 121, ExpID 67378
INFO | Train - Loss (one batch): 0.00088
INFO | Val - Loss, MSE, RMSE, MAE: 0.00103, 0.00103, 0.03208, 0.02011
INFO | Test - Best epoch 115, Loss, MSE, RMSE, MAE: 0.00093, 0.00093, 0.03046, 0.01847
INFO | Time spent: 2.52s
INFO | - Epoch 122, ExpID 67378
INFO | Train - Loss (one batch): 0.00075
INFO | Val - Loss, MSE, RMSE, MAE: 0.00098, 0.00098, 0.03128, 0.01925
INFO | Test - Best epoch 115, Loss, MSE, RMSE, MAE: 0.00093, 0.00093, 0.03046, 0.01847
INFO | Time spent: 2.53s
INFO | - Epoch 123, ExpID 67378
INFO | Train - Loss (one batch): 0.00113
INFO | Val - Loss, MSE, RMSE, MAE: 0.00099, 0.00099, 0.03140, 0.01964
INFO | Test - Best epoch 115, Loss, MSE, RMSE, MAE: 0.00093, 0.00093, 0.03046, 0.01847
INFO | Time spent: 2.41s
INFO | - Epoch 124, ExpID 67378
INFO | Train - Loss (one batch): 0.00073
INFO | Val - Loss, MSE, RMSE, MAE: 0.00100, 0.00100, 0.03160, 0.01985
INFO | Test - Best epoch 115, Loss, MSE, RMSE, MAE: 0.00093, 0.00093, 0.03046, 0.01847
INFO | Time spent: 2.42s
INFO | - Epoch 125, ExpID 67378
INFO | Train - Loss (one batch): 0.00082
INFO | Val - Loss, MSE, RMSE, MAE: 0.00099, 0.00099, 0.03154, 0.01993
INFO | Test - Best epoch 115, Loss, MSE, RMSE, MAE: 0.00093, 0.00093, 0.03046, 0.01847
INFO | Time spent: 2.53s
INFO | - Epoch 126, ExpID 67378
INFO | Train - Loss (one batch): 0.00094
INFO | Val - Loss, MSE, RMSE, MAE: 0.00095, 0.00095, 0.03080, 0.01859
INFO | Test - Best epoch 126, Loss, MSE, RMSE, MAE: 0.00092, 0.00092, 0.03032, 0.01835
INFO | Time spent: 2.87s
INFO | - Epoch 127, ExpID 67378
INFO | Train - Loss (one batch): 0.00083
INFO | Val - Loss, MSE, RMSE, MAE: 0.00096, 0.00096, 0.03105, 0.01889
INFO | Test - Best epoch 126, Loss, MSE, RMSE, MAE: 0.00092, 0.00092, 0.03032, 0.01835
INFO | Time spent: 2.67s
INFO | - Epoch 128, ExpID 67378
INFO | Train - Loss (one batch): 0.00110
INFO | Val - Loss, MSE, RMSE, MAE: 0.00116, 0.00116, 0.03402, 0.02302
INFO | Test - Best epoch 126, Loss, MSE, RMSE, MAE: 0.00092, 0.00092, 0.03032, 0.01835
INFO | Time spent: 2.44s
INFO | - Epoch 129, ExpID 67378
INFO | Train - Loss (one batch): 0.00079
INFO | Val - Loss, MSE, RMSE, MAE: 0.00101, 0.00101, 0.03178, 0.02004
INFO | Test - Best epoch 126, Loss, MSE, RMSE, MAE: 0.00092, 0.00092, 0.03032, 0.01835
INFO | Time spent: 2.43s
INFO | - Epoch 130, ExpID 67378
INFO | Train - Loss (one batch): 0.00083
INFO | Val - Loss, MSE, RMSE, MAE: 0.00095, 0.00095, 0.03087, 0.01876
INFO | Test - Best epoch 126, Loss, MSE, RMSE, MAE: 0.00092, 0.00092, 0.03032, 0.01835
INFO | Time spent: 2.45s
INFO | - Epoch 131, ExpID 67378
INFO | Train - Loss (one batch): 0.00086
INFO | Val - Loss, MSE, RMSE, MAE: 0.00106, 0.00106, 0.03261, 0.02082
INFO | Test - Best epoch 126, Loss, MSE, RMSE, MAE: 0.00092, 0.00092, 0.03032, 0.01835
INFO | Time spent: 2.45s
INFO | - Epoch 132, ExpID 67378
INFO | Train - Loss (one batch): 0.00071
INFO | Val - Loss, MSE, RMSE, MAE: 0.00098, 0.00098, 0.03132, 0.01945
INFO | Test - Best epoch 126, Loss, MSE, RMSE, MAE: 0.00092, 0.00092, 0.03032, 0.01835
INFO | Time spent: 2.45s
INFO | - Epoch 133, ExpID 67378
INFO | Train - Loss (one batch): 0.00089
INFO | Val - Loss, MSE, RMSE, MAE: 0.00099, 0.00099, 0.03141, 0.01938
INFO | Test - Best epoch 126, Loss, MSE, RMSE, MAE: 0.00092, 0.00092, 0.03032, 0.01835
INFO | Time spent: 2.42s
INFO | - Epoch 134, ExpID 67378
INFO | Train - Loss (one batch): 0.00089
INFO | Val - Loss, MSE, RMSE, MAE: 0.00099, 0.00099, 0.03141, 0.01951
INFO | Test - Best epoch 126, Loss, MSE, RMSE, MAE: 0.00092, 0.00092, 0.03032, 0.01835
INFO | Time spent: 2.45s
INFO | - Epoch 135, ExpID 67378
INFO | Train - Loss (one batch): 0.00098
INFO | Val - Loss, MSE, RMSE, MAE: 0.00096, 0.00096, 0.03103, 0.01913
INFO | Test - Best epoch 126, Loss, MSE, RMSE, MAE: 0.00092, 0.00092, 0.03032, 0.01835
INFO | Time spent: 2.43s
INFO | - Epoch 136, ExpID 67378
INFO | Train - Loss (one batch): 0.00074
INFO | Val - Loss, MSE, RMSE, MAE: 0.00094, 0.00094, 0.03068, 0.01836
INFO | Test - Best epoch 136, Loss, MSE, RMSE, MAE: 0.00091, 0.00091, 0.03019, 0.01820
INFO | Time spent: 2.86s
INFO | - Epoch 137, ExpID 67378
INFO | Train - Loss (one batch): 0.00069
INFO | Val - Loss, MSE, RMSE, MAE: 0.00098, 0.00098, 0.03123, 0.01932
INFO | Test - Best epoch 136, Loss, MSE, RMSE, MAE: 0.00091, 0.00091, 0.03019, 0.01820
INFO | Time spent: 2.45s
INFO | - Epoch 138, ExpID 67378
INFO | Train - Loss (one batch): 0.00104
INFO | Val - Loss, MSE, RMSE, MAE: 0.00097, 0.00097, 0.03116, 0.01933
INFO | Test - Best epoch 136, Loss, MSE, RMSE, MAE: 0.00091, 0.00091, 0.03019, 0.01820
INFO | Time spent: 2.44s
INFO | - Epoch 139, ExpID 67378
INFO | Train - Loss (one batch): 0.00092
INFO | Val - Loss, MSE, RMSE, MAE: 0.00096, 0.00096, 0.03099, 0.01883
INFO | Test - Best epoch 136, Loss, MSE, RMSE, MAE: 0.00091, 0.00091, 0.03019, 0.01820
INFO | Time spent: 2.52s
INFO | - Epoch 140, ExpID 67378
INFO | Train - Loss (one batch): 0.00085
INFO | Val - Loss, MSE, RMSE, MAE: 0.00096, 0.00096, 0.03091, 0.01896
INFO | Test - Best epoch 136, Loss, MSE, RMSE, MAE: 0.00091, 0.00091, 0.03019, 0.01820
INFO | Time spent: 2.42s
INFO | - Epoch 141, ExpID 67378
INFO | Train - Loss (one batch): 0.00077
INFO | Val - Loss, MSE, RMSE, MAE: 0.00094, 0.00094, 0.03072, 0.01853
INFO | Test - Best epoch 136, Loss, MSE, RMSE, MAE: 0.00091, 0.00091, 0.03019, 0.01820
INFO | Time spent: 2.43s
INFO | - Epoch 142, ExpID 67378
INFO | Train - Loss (one batch): 0.00096
INFO | Val - Loss, MSE, RMSE, MAE: 0.00097, 0.00097, 0.03110, 0.01928
INFO | Test - Best epoch 136, Loss, MSE, RMSE, MAE: 0.00091, 0.00091, 0.03019, 0.01820
INFO | Time spent: 2.42s
INFO | - Epoch 143, ExpID 67378
INFO | Train - Loss (one batch): 0.00067
INFO | Val - Loss, MSE, RMSE, MAE: 0.00096, 0.00096, 0.03102, 0.01881
INFO | Test - Best epoch 136, Loss, MSE, RMSE, MAE: 0.00091, 0.00091, 0.03019, 0.01820
INFO | Time spent: 2.44s
INFO | - Epoch 144, ExpID 67378
INFO | Train - Loss (one batch): 0.00076
INFO | Val - Loss, MSE, RMSE, MAE: 0.00094, 0.00094, 0.03063, 0.01859
INFO | Test - Best epoch 144, Loss, MSE, RMSE, MAE: 0.00091, 0.00091, 0.03022, 0.01842
INFO | Time spent: 3.07s
INFO | - Epoch 145, ExpID 67378
INFO | Train - Loss (one batch): 0.00095
INFO | Val - Loss, MSE, RMSE, MAE: 0.00093, 0.00093, 0.03055, 0.01823
INFO | Test - Best epoch 145, Loss, MSE, RMSE, MAE: 0.00091, 0.00091, 0.03015, 0.01817
INFO | Time spent: 3.01s
INFO | - Epoch 146, ExpID 67378
INFO | Train - Loss (one batch): 0.00081
INFO | Val - Loss, MSE, RMSE, MAE: 0.00098, 0.00098, 0.03125, 0.01946
INFO | Test - Best epoch 145, Loss, MSE, RMSE, MAE: 0.00091, 0.00091, 0.03015, 0.01817
INFO | Time spent: 2.42s
INFO | - Epoch 147, ExpID 67378
INFO | Train - Loss (one batch): 0.00093
INFO | Val - Loss, MSE, RMSE, MAE: 0.00094, 0.00094, 0.03073, 0.01862
INFO | Test - Best epoch 145, Loss, MSE, RMSE, MAE: 0.00091, 0.00091, 0.03015, 0.01817
INFO | Time spent: 2.45s
INFO | - Epoch 148, ExpID 67378
INFO | Train - Loss (one batch): 0.00075
INFO | Val - Loss, MSE, RMSE, MAE: 0.00093, 0.00093, 0.03043, 0.01799
INFO | Test - Best epoch 148, Loss, MSE, RMSE, MAE: 0.00089, 0.00089, 0.02990, 0.01784
INFO | Time spent: 2.88s
INFO | - Epoch 149, ExpID 67378
INFO | Train - Loss (one batch): 0.00084
INFO | Val - Loss, MSE, RMSE, MAE: 0.00093, 0.00093, 0.03044, 0.01821
INFO | Test - Best epoch 148, Loss, MSE, RMSE, MAE: 0.00089, 0.00089, 0.02990, 0.01784
INFO | Time spent: 2.42s
INFO | - Epoch 150, ExpID 67378
INFO | Train - Loss (one batch): 0.00095
INFO | Val - Loss, MSE, RMSE, MAE: 0.00100, 0.00100, 0.03159, 0.01995
INFO | Test - Best epoch 148, Loss, MSE, RMSE, MAE: 0.00089, 0.00089, 0.02990, 0.01784
INFO | Time spent: 2.44s
INFO | - Epoch 151, ExpID 67378
INFO | Train - Loss (one batch): 0.00069
INFO | Val - Loss, MSE, RMSE, MAE: 0.00101, 0.00101, 0.03178, 0.02038
INFO | Test - Best epoch 148, Loss, MSE, RMSE, MAE: 0.00089, 0.00089, 0.02990, 0.01784
INFO | Time spent: 2.46s
INFO | - Epoch 152, ExpID 67378
INFO | Train - Loss (one batch): 0.00088
INFO | Val - Loss, MSE, RMSE, MAE: 0.00092, 0.00092, 0.03032, 0.01809
INFO | Test - Best epoch 152, Loss, MSE, RMSE, MAE: 0.00090, 0.00090, 0.02994, 0.01800
INFO | Time spent: 2.86s
INFO | - Epoch 153, ExpID 67378
INFO | Train - Loss (one batch): 0.00067
INFO | Val - Loss, MSE, RMSE, MAE: 0.00097, 0.00097, 0.03115, 0.01926
INFO | Test - Best epoch 152, Loss, MSE, RMSE, MAE: 0.00090, 0.00090, 0.02994, 0.01800
INFO | Time spent: 2.42s
INFO | - Epoch 154, ExpID 67378
INFO | Train - Loss (one batch): 0.00085
INFO | Val - Loss, MSE, RMSE, MAE: 0.00094, 0.00094, 0.03064, 0.01883
INFO | Test - Best epoch 152, Loss, MSE, RMSE, MAE: 0.00090, 0.00090, 0.02994, 0.01800
INFO | Time spent: 2.43s
INFO | - Epoch 155, ExpID 67378
INFO | Train - Loss (one batch): 0.00072
INFO | Val - Loss, MSE, RMSE, MAE: 0.00096, 0.00096, 0.03093, 0.01911
INFO | Test - Best epoch 152, Loss, MSE, RMSE, MAE: 0.00090, 0.00090, 0.02994, 0.01800
INFO | Time spent: 2.42s
INFO | - Epoch 156, ExpID 67378
INFO | Train - Loss (one batch): 0.00089
INFO | Val - Loss, MSE, RMSE, MAE: 0.00096, 0.00096, 0.03104, 0.01932
INFO | Test - Best epoch 152, Loss, MSE, RMSE, MAE: 0.00090, 0.00090, 0.02994, 0.01800
INFO | Time spent: 2.43s
INFO | - Epoch 157, ExpID 67378
INFO | Train - Loss (one batch): 0.00097
INFO | Val - Loss, MSE, RMSE, MAE: 0.00095, 0.00095, 0.03077, 0.01907
INFO | Test - Best epoch 152, Loss, MSE, RMSE, MAE: 0.00090, 0.00090, 0.02994, 0.01800
INFO | Time spent: 2.53s
INFO | - Epoch 158, ExpID 67378
INFO | Train - Loss (one batch): 0.00081
INFO | Val - Loss, MSE, RMSE, MAE: 0.00099, 0.00099, 0.03141, 0.01972
INFO | Test - Best epoch 152, Loss, MSE, RMSE, MAE: 0.00090, 0.00090, 0.02994, 0.01800
INFO | Time spent: 2.49s
INFO | - Epoch 159, ExpID 67378
INFO | Train - Loss (one batch): 0.00087
INFO | Val - Loss, MSE, RMSE, MAE: 0.00093, 0.00093, 0.03052, 0.01816
INFO | Test - Best epoch 152, Loss, MSE, RMSE, MAE: 0.00090, 0.00090, 0.02994, 0.01800
INFO | Time spent: 2.42s
INFO | - Epoch 160, ExpID 67378
INFO | Train - Loss (one batch): 0.00080
INFO | Val - Loss, MSE, RMSE, MAE: 0.00093, 0.00093, 0.03050, 0.01848
INFO | Test - Best epoch 152, Loss, MSE, RMSE, MAE: 0.00090, 0.00090, 0.02994, 0.01800
INFO | Time spent: 2.45s
INFO | - Epoch 161, ExpID 67378
INFO | Train - Loss (one batch): 0.00073
INFO | Val - Loss, MSE, RMSE, MAE: 0.00091, 0.00091, 0.03014, 0.01785
INFO | Test - Best epoch 161, Loss, MSE, RMSE, MAE: 0.00088, 0.00088, 0.02975, 0.01774
INFO | Time spent: 3.02s
INFO | - Epoch 162, ExpID 67378
INFO | Train - Loss (one batch): 0.00082
INFO | Val - Loss, MSE, RMSE, MAE: 0.00092, 0.00092, 0.03039, 0.01811
INFO | Test - Best epoch 161, Loss, MSE, RMSE, MAE: 0.00088, 0.00088, 0.02975, 0.01774
INFO | Time spent: 2.42s
INFO | - Epoch 163, ExpID 67378
INFO | Train - Loss (one batch): 0.00077
INFO | Val - Loss, MSE, RMSE, MAE: 0.00091, 0.00091, 0.03024, 0.01822
INFO | Test - Best epoch 161, Loss, MSE, RMSE, MAE: 0.00088, 0.00088, 0.02975, 0.01774
INFO | Time spent: 2.44s
INFO | - Epoch 164, ExpID 67378
INFO | Train - Loss (one batch): 0.00076
INFO | Val - Loss, MSE, RMSE, MAE: 0.00113, 0.00113, 0.03358, 0.02273
INFO | Test - Best epoch 161, Loss, MSE, RMSE, MAE: 0.00088, 0.00088, 0.02975, 0.01774
INFO | Time spent: 2.43s
INFO | - Epoch 165, ExpID 67378
INFO | Train - Loss (one batch): 0.00063
INFO | Val - Loss, MSE, RMSE, MAE: 0.00094, 0.00094, 0.03071, 0.01845
INFO | Test - Best epoch 161, Loss, MSE, RMSE, MAE: 0.00088, 0.00088, 0.02975, 0.01774
INFO | Time spent: 2.41s
INFO | - Epoch 166, ExpID 67378
INFO | Train - Loss (one batch): 0.00087
INFO | Val - Loss, MSE, RMSE, MAE: 0.00093, 0.00093, 0.03047, 0.01842
INFO | Test - Best epoch 161, Loss, MSE, RMSE, MAE: 0.00088, 0.00088, 0.02975, 0.01774
INFO | Time spent: 2.60s
INFO | - Epoch 167, ExpID 67378
INFO | Train - Loss (one batch): 0.00074
INFO | Val - Loss, MSE, RMSE, MAE: 0.00096, 0.00096, 0.03099, 0.01929
INFO | Test - Best epoch 161, Loss, MSE, RMSE, MAE: 0.00088, 0.00088, 0.02975, 0.01774
INFO | Time spent: 2.42s
INFO | - Epoch 168, ExpID 67378
INFO | Train - Loss (one batch): 0.00066
INFO | Val - Loss, MSE, RMSE, MAE: 0.00091, 0.00091, 0.03023, 0.01809
INFO | Test - Best epoch 161, Loss, MSE, RMSE, MAE: 0.00088, 0.00088, 0.02975, 0.01774
INFO | Time spent: 2.46s
INFO | - Epoch 169, ExpID 67378
INFO | Train - Loss (one batch): 0.00074
INFO | Val - Loss, MSE, RMSE, MAE: 0.00102, 0.00102, 0.03191, 0.02081
INFO | Test - Best epoch 161, Loss, MSE, RMSE, MAE: 0.00088, 0.00088, 0.02975, 0.01774
INFO | Time spent: 2.44s
INFO | - Epoch 170, ExpID 67378
INFO | Train - Loss (one batch): 0.00101
INFO | Val - Loss, MSE, RMSE, MAE: 0.00093, 0.00093, 0.03044, 0.01836
INFO | Test - Best epoch 161, Loss, MSE, RMSE, MAE: 0.00088, 0.00088, 0.02975, 0.01774
INFO | Time spent: 2.50s
INFO | - Epoch 171, ExpID 67378
INFO | Train - Loss (one batch): 0.00111
INFO | Val - Loss, MSE, RMSE, MAE: 0.00092, 0.00092, 0.03040, 0.01856
INFO | Test - Best epoch 161, Loss, MSE, RMSE, MAE: 0.00088, 0.00088, 0.02975, 0.01774
INFO | Time spent: 2.50s
INFO | - Epoch 172, ExpID 67378
INFO | Train - Loss (one batch): 0.00081
INFO | Val - Loss, MSE, RMSE, MAE: 0.00092, 0.00092, 0.03029, 0.01812
INFO | Test - Best epoch 161, Loss, MSE, RMSE, MAE: 0.00088, 0.00088, 0.02975, 0.01774
INFO | Time spent: 2.45s
INFO | - Epoch 173, ExpID 67378
INFO | Train - Loss (one batch): 0.00096
INFO | Val - Loss, MSE, RMSE, MAE: 0.00099, 0.00099, 0.03142, 0.01998
INFO | Test - Best epoch 161, Loss, MSE, RMSE, MAE: 0.00088, 0.00088, 0.02975, 0.01774
INFO | Time spent: 2.57s
INFO | - Epoch 174, ExpID 67378
INFO | Train - Loss (one batch): 0.00088
INFO | Val - Loss, MSE, RMSE, MAE: 0.00095, 0.00095, 0.03081, 0.01913
INFO | Test - Best epoch 161, Loss, MSE, RMSE, MAE: 0.00088, 0.00088, 0.02975, 0.01774
INFO | Time spent: 2.43s
INFO | - Epoch 175, ExpID 67378
INFO | Train - Loss (one batch): 0.00087
INFO | Val - Loss, MSE, RMSE, MAE: 0.00094, 0.00094, 0.03061, 0.01870
INFO | Test - Best epoch 161, Loss, MSE, RMSE, MAE: 0.00088, 0.00088, 0.02975, 0.01774
INFO | Time spent: 2.43s
INFO | - Epoch 176, ExpID 67378
INFO | Train - Loss (one batch): 0.00087
INFO | Val - Loss, MSE, RMSE, MAE: 0.00104, 0.00104, 0.03229, 0.02122
INFO | Test - Best epoch 161, Loss, MSE, RMSE, MAE: 0.00088, 0.00088, 0.02975, 0.01774
INFO | Time spent: 2.44s
INFO | - Epoch 177, ExpID 67378
INFO | Train - Loss (one batch): 0.00060
INFO | Val - Loss, MSE, RMSE, MAE: 0.00091, 0.00091, 0.03011, 0.01785
INFO | Test - Best epoch 177, Loss, MSE, RMSE, MAE: 0.00089, 0.00089, 0.02978, 0.01789
INFO | Time spent: 2.86s
INFO | - Epoch 178, ExpID 67378
INFO | Train - Loss (one batch): 0.00085
INFO | Val - Loss, MSE, RMSE, MAE: 0.00092, 0.00092, 0.03040, 0.01864
INFO | Test - Best epoch 177, Loss, MSE, RMSE, MAE: 0.00089, 0.00089, 0.02978, 0.01789
INFO | Time spent: 2.46s
INFO | - Epoch 179, ExpID 67378
INFO | Train - Loss (one batch): 0.00081
INFO | Val - Loss, MSE, RMSE, MAE: 0.00100, 0.00100, 0.03162, 0.02004
INFO | Test - Best epoch 177, Loss, MSE, RMSE, MAE: 0.00089, 0.00089, 0.02978, 0.01789
INFO | Time spent: 2.50s
INFO | - Epoch 180, ExpID 67378
INFO | Train - Loss (one batch): 0.00089
INFO | Val - Loss, MSE, RMSE, MAE: 0.00092, 0.00092, 0.03027, 0.01834
INFO | Test - Best epoch 177, Loss, MSE, RMSE, MAE: 0.00089, 0.00089, 0.02978, 0.01789
INFO | Time spent: 2.43s
INFO | - Epoch 181, ExpID 67378
INFO | Train - Loss (one batch): 0.00093
INFO | Val - Loss, MSE, RMSE, MAE: 0.00099, 0.00099, 0.03149, 0.02002
INFO | Test - Best epoch 177, Loss, MSE, RMSE, MAE: 0.00089, 0.00089, 0.02978, 0.01789
INFO | Time spent: 2.71s
INFO | - Epoch 182, ExpID 67378
INFO | Train - Loss (one batch): 0.00066
INFO | Val - Loss, MSE, RMSE, MAE: 0.00091, 0.00091, 0.03022, 0.01822
INFO | Test - Best epoch 177, Loss, MSE, RMSE, MAE: 0.00089, 0.00089, 0.02978, 0.01789
INFO | Time spent: 2.47s
INFO | - Epoch 183, ExpID 67378
INFO | Train - Loss (one batch): 0.00076
INFO | Val - Loss, MSE, RMSE, MAE: 0.00095, 0.00095, 0.03084, 0.01942
INFO | Test - Best epoch 177, Loss, MSE, RMSE, MAE: 0.00089, 0.00089, 0.02978, 0.01789
INFO | Time spent: 2.44s
INFO | - Epoch 184, ExpID 67378
INFO | Train - Loss (one batch): 0.00085
INFO | Val - Loss, MSE, RMSE, MAE: 0.00096, 0.00096, 0.03105, 0.01941
INFO | Test - Best epoch 177, Loss, MSE, RMSE, MAE: 0.00089, 0.00089, 0.02978, 0.01789
INFO | Time spent: 2.43s
INFO | - Epoch 185, ExpID 67378
INFO | Train - Loss (one batch): 0.00070
INFO | Val - Loss, MSE, RMSE, MAE: 0.00091, 0.00091, 0.03019, 0.01809
INFO | Test - Best epoch 177, Loss, MSE, RMSE, MAE: 0.00089, 0.00089, 0.02978, 0.01789
INFO | Time spent: 2.43s
INFO | - Epoch 186, ExpID 67378
INFO | Train - Loss (one batch): 0.00109
INFO | Val - Loss, MSE, RMSE, MAE: 0.00093, 0.00093, 0.03042, 0.01842
INFO | Test - Best epoch 177, Loss, MSE, RMSE, MAE: 0.00089, 0.00089, 0.02978, 0.01789
INFO | Time spent: 2.40s
INFO | - Epoch 187, ExpID 67378
INFO | Train - Loss (one batch): 0.00091
INFO | Val - Loss, MSE, RMSE, MAE: 0.00091, 0.00091, 0.03020, 0.01822
INFO | Test - Best epoch 177, Loss, MSE, RMSE, MAE: 0.00089, 0.00089, 0.02978, 0.01789
INFO | Time spent: 2.41s
INFO | - Epoch 188, ExpID 67378
INFO | Train - Loss (one batch): 0.00069
INFO | Val - Loss, MSE, RMSE, MAE: 0.00090, 0.00090, 0.03008, 0.01787
INFO | Test - Best epoch 188, Loss, MSE, RMSE, MAE: 0.00088, 0.00088, 0.02970, 0.01788
INFO | Time spent: 2.88s
INFO | - Epoch 189, ExpID 67378
INFO | Train - Loss (one batch): 0.00090
INFO | Val - Loss, MSE, RMSE, MAE: 0.00092, 0.00092, 0.03034, 0.01843
INFO | Test - Best epoch 188, Loss, MSE, RMSE, MAE: 0.00088, 0.00088, 0.02970, 0.01788
INFO | Time spent: 2.41s
INFO | - Epoch 190, ExpID 67378
INFO | Train - Loss (one batch): 0.00075
INFO | Val - Loss, MSE, RMSE, MAE: 0.00095, 0.00095, 0.03089, 0.01934
INFO | Test - Best epoch 188, Loss, MSE, RMSE, MAE: 0.00088, 0.00088, 0.02970, 0.01788
INFO | Time spent: 2.45s
INFO | - Epoch 191, ExpID 67378
INFO | Train - Loss (one batch): 0.00089
INFO | Val - Loss, MSE, RMSE, MAE: 0.00094, 0.00094, 0.03074, 0.01887
INFO | Test - Best epoch 188, Loss, MSE, RMSE, MAE: 0.00088, 0.00088, 0.02970, 0.01788
INFO | Time spent: 2.43s
INFO | - Epoch 192, ExpID 67378
INFO | Train - Loss (one batch): 0.00068
INFO | Val - Loss, MSE, RMSE, MAE: 0.00092, 0.00092, 0.03028, 0.01792
INFO | Test - Best epoch 188, Loss, MSE, RMSE, MAE: 0.00088, 0.00088, 0.02970, 0.01788
INFO | Time spent: 2.42s
INFO | - Epoch 193, ExpID 67378
INFO | Train - Loss (one batch): 0.00070
INFO | Val - Loss, MSE, RMSE, MAE: 0.00096, 0.00096, 0.03099, 0.01912
INFO | Test - Best epoch 188, Loss, MSE, RMSE, MAE: 0.00088, 0.00088, 0.02970, 0.01788
INFO | Time spent: 2.52s
INFO | - Epoch 194, ExpID 67378
INFO | Train - Loss (one batch): 0.00088
INFO | Val - Loss, MSE, RMSE, MAE: 0.00094, 0.00094, 0.03066, 0.01889
INFO | Test - Best epoch 188, Loss, MSE, RMSE, MAE: 0.00088, 0.00088, 0.02970, 0.01788
INFO | Time spent: 2.44s
INFO | - Epoch 195, ExpID 67378
INFO | Train - Loss (one batch): 0.00074
INFO | Val - Loss, MSE, RMSE, MAE: 0.00094, 0.00094, 0.03074, 0.01845
INFO | Test - Best epoch 188, Loss, MSE, RMSE, MAE: 0.00088, 0.00088, 0.02970, 0.01788
INFO | Time spent: 2.43s
INFO | - Epoch 196, ExpID 67378
INFO | Train - Loss (one batch): 0.00081
INFO | Val - Loss, MSE, RMSE, MAE: 0.00091, 0.00091, 0.03023, 0.01813
INFO | Test - Best epoch 188, Loss, MSE, RMSE, MAE: 0.00088, 0.00088, 0.02970, 0.01788
INFO | Time spent: 2.43s
INFO | - Epoch 197, ExpID 67378
INFO | Train - Loss (one batch): 0.00054
INFO | Val - Loss, MSE, RMSE, MAE: 0.00093, 0.00093, 0.03042, 0.01862
INFO | Test - Best epoch 188, Loss, MSE, RMSE, MAE: 0.00088, 0.00088, 0.02970, 0.01788
INFO | Time spent: 2.42s
INFO | - Epoch 198, ExpID 67378
INFO | Train - Loss (one batch): 0.00080
INFO | Val - Loss, MSE, RMSE, MAE: 0.00101, 0.00101, 0.03180, 0.02038
INFO | Test - Best epoch 188, Loss, MSE, RMSE, MAE: 0.00088, 0.00088, 0.02970, 0.01788
INFO | Time spent: 2.45s
INFO | - Epoch 199, ExpID 67378
INFO | Train - Loss (one batch): 0.00095
INFO | Val - Loss, MSE, RMSE, MAE: 0.00091, 0.00091, 0.03020, 0.01816
INFO | Test - Best epoch 188, Loss, MSE, RMSE, MAE: 0.00088, 0.00088, 0.02970, 0.01788
INFO | Time spent: 2.59s
INFO | - Epoch 200, ExpID 67378
INFO | Train - Loss (one batch): 0.00085
INFO | Val - Loss, MSE, RMSE, MAE: 0.00092, 0.00092, 0.03032, 0.01854
INFO | Test - Best epoch 188, Loss, MSE, RMSE, MAE: 0.00088, 0.00088, 0.02970, 0.01788
INFO | Time spent: 2.43s
INFO | - Epoch 201, ExpID 67378
INFO | Train - Loss (one batch): 0.00072
INFO | Val - Loss, MSE, RMSE, MAE: 0.00092, 0.00092, 0.03037, 0.01846
INFO | Test - Best epoch 188, Loss, MSE, RMSE, MAE: 0.00088, 0.00088, 0.02970, 0.01788
INFO | Time spent: 2.40s
INFO | - Epoch 202, ExpID 67378
INFO | Train - Loss (one batch): 0.00106
INFO | Val - Loss, MSE, RMSE, MAE: 0.00108, 0.00108, 0.03280, 0.02151
INFO | Test - Best epoch 188, Loss, MSE, RMSE, MAE: 0.00088, 0.00088, 0.02970, 0.01788
INFO | Time spent: 2.42s
INFO | - Epoch 203, ExpID 67378
INFO | Train - Loss (one batch): 0.00085
INFO | Val - Loss, MSE, RMSE, MAE: 0.00091, 0.00091, 0.03016, 0.01793
INFO | Test - Best epoch 188, Loss, MSE, RMSE, MAE: 0.00088, 0.00088, 0.02970, 0.01788
INFO | Time spent: 2.44s
INFO | - Epoch 204, ExpID 67378
INFO | Train - Loss (one batch): 0.00092
INFO | Val - Loss, MSE, RMSE, MAE: 0.00094, 0.00094, 0.03069, 0.01909
INFO | Test - Best epoch 188, Loss, MSE, RMSE, MAE: 0.00088, 0.00088, 0.02970, 0.01788
INFO | Time spent: 2.42s
INFO | - Epoch 205, ExpID 67378
INFO | Train - Loss (one batch): 0.00079
INFO | Val - Loss, MSE, RMSE, MAE: 0.00100, 0.00100, 0.03158, 0.02013
INFO | Test - Best epoch 188, Loss, MSE, RMSE, MAE: 0.00088, 0.00088, 0.02970, 0.01788
INFO | Time spent: 2.57s
INFO | - Epoch 206, ExpID 67378
INFO | Train - Loss (one batch): 0.00091
INFO | Val - Loss, MSE, RMSE, MAE: 0.00095, 0.00095, 0.03075, 0.01924
INFO | Test - Best epoch 188, Loss, MSE, RMSE, MAE: 0.00088, 0.00088, 0.02970, 0.01788
INFO | Time spent: 2.46s
INFO | - Epoch 207, ExpID 67378
INFO | Train - Loss (one batch): 0.00074
INFO | Val - Loss, MSE, RMSE, MAE: 0.00095, 0.00095, 0.03075, 0.01909
INFO | Test - Best epoch 188, Loss, MSE, RMSE, MAE: 0.00088, 0.00088, 0.02970, 0.01788
INFO | Time spent: 2.43s
INFO | - Epoch 208, ExpID 67378
INFO | Train - Loss (one batch): 0.00086
INFO | Val - Loss, MSE, RMSE, MAE: 0.00092, 0.00092, 0.03026, 0.01830
INFO | Test - Best epoch 188, Loss, MSE, RMSE, MAE: 0.00088, 0.00088, 0.02970, 0.01788
INFO | Time spent: 2.46s
INFO | - Epoch 209, ExpID 67378
INFO | Train - Loss (one batch): 0.00061
INFO | Val - Loss, MSE, RMSE, MAE: 0.00094, 0.00094, 0.03068, 0.01917
INFO | Test - Best epoch 188, Loss, MSE, RMSE, MAE: 0.00088, 0.00088, 0.02970, 0.01788
INFO | Time spent: 2.44s
INFO | - Epoch 210, ExpID 67378
INFO | Train - Loss (one batch): 0.00088
INFO | Val - Loss, MSE, RMSE, MAE: 0.00091, 0.00091, 0.03013, 0.01812
INFO | Test - Best epoch 188, Loss, MSE, RMSE, MAE: 0.00088, 0.00088, 0.02970, 0.01788
INFO | Time spent: 2.55s
INFO | - Epoch 211, ExpID 67378
INFO | Train - Loss (one batch): 0.00094
INFO | Val - Loss, MSE, RMSE, MAE: 0.00101, 0.00101, 0.03177, 0.02067
INFO | Test - Best epoch 188, Loss, MSE, RMSE, MAE: 0.00088, 0.00088, 0.02970, 0.01788
INFO | Time spent: 2.43s
INFO | - Epoch 212, ExpID 67378
INFO | Train - Loss (one batch): 0.00085
INFO | Val - Loss, MSE, RMSE, MAE: 0.00091, 0.00091, 0.03024, 0.01818
INFO | Test - Best epoch 188, Loss, MSE, RMSE, MAE: 0.00088, 0.00088, 0.02970, 0.01788
INFO | Time spent: 2.44s
INFO | - Epoch 213, ExpID 67378
INFO | Train - Loss (one batch): 0.00109
INFO | Val - Loss, MSE, RMSE, MAE: 0.00091, 0.00091, 0.03024, 0.01813
INFO | Test - Best epoch 188, Loss, MSE, RMSE, MAE: 0.00088, 0.00088, 0.02970, 0.01788
INFO | Time spent: 2.43s
INFO | - Epoch 214, ExpID 67378
INFO | Train - Loss (one batch): 0.00096
INFO | Val - Loss, MSE, RMSE, MAE: 0.00095, 0.00095, 0.03075, 0.01908
INFO | Test - Best epoch 188, Loss, MSE, RMSE, MAE: 0.00088, 0.00088, 0.02970, 0.01788
INFO | Time spent: 2.45s
INFO | - Epoch 215, ExpID 67378
INFO | Train - Loss (one batch): 0.00075
INFO | Val - Loss, MSE, RMSE, MAE: 0.00091, 0.00091, 0.03011, 0.01811
INFO | Test - Best epoch 188, Loss, MSE, RMSE, MAE: 0.00088, 0.00088, 0.02970, 0.01788
INFO | Time spent: 2.62s
INFO | - Epoch 216, ExpID 67378
INFO | Train - Loss (one batch): 0.00061
INFO | Val - Loss, MSE, RMSE, MAE: 0.00095, 0.00095, 0.03079, 0.01912
INFO | Test - Best epoch 188, Loss, MSE, RMSE, MAE: 0.00088, 0.00088, 0.02970, 0.01788
INFO | Time spent: 2.55s
INFO | - Epoch 217, ExpID 67378
INFO | Train - Loss (one batch): 0.00069
INFO | Val - Loss, MSE, RMSE, MAE: 0.00095, 0.00095, 0.03088, 0.01915
INFO | Test - Best epoch 188, Loss, MSE, RMSE, MAE: 0.00088, 0.00088, 0.02970, 0.01788
INFO | Time spent: 2.42s
INFO | - Epoch 218, ExpID 67378
INFO | Train - Loss (one batch): 0.00080
INFO | Val - Loss, MSE, RMSE, MAE: 0.00091, 0.00091, 0.03022, 0.01813
INFO | Test - Best epoch 188, Loss, MSE, RMSE, MAE: 0.00088, 0.00088, 0.02970, 0.01788
INFO | Time spent: 2.43s
INFO | - Epoch 219, ExpID 67378
INFO | Train - Loss (one batch): 0.00062
INFO | Val - Loss, MSE, RMSE, MAE: 0.00090, 0.00090, 0.03005, 0.01775
INFO | Test - Best epoch 219, Loss, MSE, RMSE, MAE: 0.00089, 0.00089, 0.02975, 0.01786
INFO | Time spent: 2.88s
INFO | - Epoch 220, ExpID 67378
INFO | Train - Loss (one batch): 0.00070
INFO | Val - Loss, MSE, RMSE, MAE: 0.00094, 0.00094, 0.03066, 0.01873
INFO | Test - Best epoch 219, Loss, MSE, RMSE, MAE: 0.00089, 0.00089, 0.02975, 0.01786
INFO | Time spent: 2.55s
INFO | - Epoch 221, ExpID 67378
INFO | Train - Loss (one batch): 0.00093
INFO | Val - Loss, MSE, RMSE, MAE: 0.00107, 0.00107, 0.03273, 0.02190
INFO | Test - Best epoch 219, Loss, MSE, RMSE, MAE: 0.00089, 0.00089, 0.02975, 0.01786
INFO | Time spent: 2.53s
INFO | - Epoch 222, ExpID 67378
INFO | Train - Loss (one batch): 0.00080
INFO | Val - Loss, MSE, RMSE, MAE: 0.00091, 0.00091, 0.03023, 0.01832
INFO | Test - Best epoch 219, Loss, MSE, RMSE, MAE: 0.00089, 0.00089, 0.02975, 0.01786
INFO | Time spent: 2.60s
INFO | - Epoch 223, ExpID 67378
INFO | Train - Loss (one batch): 0.00091
INFO | Val - Loss, MSE, RMSE, MAE: 0.00091, 0.00091, 0.03013, 0.01804
INFO | Test - Best epoch 219, Loss, MSE, RMSE, MAE: 0.00089, 0.00089, 0.02975, 0.01786
INFO | Time spent: 2.39s
INFO | - Epoch 224, ExpID 67378
INFO | Train - Loss (one batch): 0.00072
INFO | Val - Loss, MSE, RMSE, MAE: 0.00096, 0.00096, 0.03091, 0.01936
INFO | Test - Best epoch 219, Loss, MSE, RMSE, MAE: 0.00089, 0.00089, 0.02975, 0.01786
INFO | Time spent: 2.40s
INFO | - Epoch 225, ExpID 67378
INFO | Train - Loss (one batch): 0.00071
INFO | Val - Loss, MSE, RMSE, MAE: 0.00093, 0.00093, 0.03043, 0.01855
INFO | Test - Best epoch 219, Loss, MSE, RMSE, MAE: 0.00089, 0.00089, 0.02975, 0.01786
INFO | Time spent: 2.56s
INFO | - Epoch 226, ExpID 67378
INFO | Train - Loss (one batch): 0.00086
INFO | Val - Loss, MSE, RMSE, MAE: 0.00103, 0.00103, 0.03205, 0.02091
INFO | Test - Best epoch 219, Loss, MSE, RMSE, MAE: 0.00089, 0.00089, 0.02975, 0.01786
INFO | Time spent: 2.41s
INFO | - Epoch 227, ExpID 67378
INFO | Train - Loss (one batch): 0.00087
INFO | Val - Loss, MSE, RMSE, MAE: 0.00111, 0.00111, 0.03335, 0.02261
INFO | Test - Best epoch 219, Loss, MSE, RMSE, MAE: 0.00089, 0.00089, 0.02975, 0.01786
INFO | Time spent: 2.43s
INFO | - Epoch 228, ExpID 67378
INFO | Train - Loss (one batch): 0.00124
INFO | Val - Loss, MSE, RMSE, MAE: 0.00090, 0.00090, 0.03006, 0.01769
INFO | Test - Best epoch 219, Loss, MSE, RMSE, MAE: 0.00089, 0.00089, 0.02975, 0.01786
INFO | Time spent: 2.43s
INFO | - Epoch 229, ExpID 67378
INFO | Train - Loss (one batch): 0.00071
INFO | Val - Loss, MSE, RMSE, MAE: 0.00092, 0.00092, 0.03028, 0.01824
INFO | Test - Best epoch 219, Loss, MSE, RMSE, MAE: 0.00089, 0.00089, 0.02975, 0.01786
INFO | Time spent: 2.52s
INFO | - Epoch 230, ExpID 67378
INFO | Train - Loss (one batch): 0.00053
INFO | Val - Loss, MSE, RMSE, MAE: 0.00091, 0.00091, 0.03014, 0.01776
INFO | Test - Best epoch 219, Loss, MSE, RMSE, MAE: 0.00089, 0.00089, 0.02975, 0.01786
INFO | Time spent: 2.55s
INFO | - Epoch 231, ExpID 67378
INFO | Train - Loss (one batch): 0.00076
INFO | Val - Loss, MSE, RMSE, MAE: 0.00091, 0.00091, 0.03021, 0.01798
INFO | Test - Best epoch 219, Loss, MSE, RMSE, MAE: 0.00089, 0.00089, 0.02975, 0.01786
INFO | Time spent: 2.42s
INFO | - Epoch 232, ExpID 67378
INFO | Train - Loss (one batch): 0.00141
INFO | Val - Loss, MSE, RMSE, MAE: 0.00098, 0.00098, 0.03127, 0.01999
INFO | Test - Best epoch 219, Loss, MSE, RMSE, MAE: 0.00089, 0.00089, 0.02975, 0.01786
INFO | Time spent: 2.39s
INFO | - Epoch 233, ExpID 67378
INFO | Train - Loss (one batch): 0.00077
INFO | Val - Loss, MSE, RMSE, MAE: 0.00092, 0.00092, 0.03027, 0.01792
INFO | Test - Best epoch 219, Loss, MSE, RMSE, MAE: 0.00089, 0.00089, 0.02975, 0.01786
INFO | Time spent: 2.41s
INFO | - Epoch 234, ExpID 67378
INFO | Train - Loss (one batch): 0.00064
INFO | Val - Loss, MSE, RMSE, MAE: 0.00091, 0.00091, 0.03022, 0.01788
INFO | Test - Best epoch 219, Loss, MSE, RMSE, MAE: 0.00089, 0.00089, 0.02975, 0.01786
INFO | Time spent: 2.40s
INFO | - Epoch 235, ExpID 67378
INFO | Train - Loss (one batch): 0.00079
INFO | Val - Loss, MSE, RMSE, MAE: 0.00097, 0.00097, 0.03116, 0.01948
INFO | Test - Best epoch 219, Loss, MSE, RMSE, MAE: 0.00089, 0.00089, 0.02975, 0.01786
INFO | Time spent: 2.43s
INFO | - Epoch 236, ExpID 67378
INFO | Train - Loss (one batch): 0.00079
INFO | Val - Loss, MSE, RMSE, MAE: 0.00092, 0.00092, 0.03029, 0.01833
INFO | Test - Best epoch 219, Loss, MSE, RMSE, MAE: 0.00089, 0.00089, 0.02975, 0.01786
INFO | Time spent: 2.40s
INFO | - Epoch 237, ExpID 67378
INFO | Train - Loss (one batch): 0.00079
INFO | Val - Loss, MSE, RMSE, MAE: 0.00092, 0.00092, 0.03035, 0.01855
INFO | Test - Best epoch 219, Loss, MSE, RMSE, MAE: 0.00089, 0.00089, 0.02975, 0.01786
INFO | Time spent: 2.42s
INFO | - Epoch 238, ExpID 67378
INFO | Train - Loss (one batch): 0.00072
INFO | Val - Loss, MSE, RMSE, MAE: 0.00091, 0.00091, 0.03021, 0.01820
INFO | Test - Best epoch 219, Loss, MSE, RMSE, MAE: 0.00089, 0.00089, 0.02975, 0.01786
INFO | Time spent: 2.42s
INFO | - Epoch 239, ExpID 67378
INFO | Train - Loss (one batch): 0.00086
INFO | Val - Loss, MSE, RMSE, MAE: 0.00093, 0.00093, 0.03048, 0.01846
INFO | Test - Best epoch 219, Loss, MSE, RMSE, MAE: 0.00089, 0.00089, 0.02975, 0.01786
INFO | Time spent: 2.40s
INFO | - Epoch 240, ExpID 67378
INFO | Train - Loss (one batch): 0.00078
INFO | Val - Loss, MSE, RMSE, MAE: 0.00089, 0.00089, 0.02989, 0.01747
INFO | Test - Best epoch 240, Loss, MSE, RMSE, MAE: 0.00087, 0.00087, 0.02957, 0.01758
INFO | Time spent: 2.85s
INFO | - Epoch 241, ExpID 67378
INFO | Train - Loss (one batch): 0.00079
INFO | Val - Loss, MSE, RMSE, MAE: 0.00090, 0.00090, 0.03004, 0.01787
INFO | Test - Best epoch 240, Loss, MSE, RMSE, MAE: 0.00087, 0.00087, 0.02957, 0.01758
INFO | Time spent: 2.42s
INFO | - Epoch 242, ExpID 67378
INFO | Train - Loss (one batch): 0.00088
INFO | Val - Loss, MSE, RMSE, MAE: 0.00095, 0.00095, 0.03085, 0.01924
INFO | Test - Best epoch 240, Loss, MSE, RMSE, MAE: 0.00087, 0.00087, 0.02957, 0.01758
INFO | Time spent: 2.43s
INFO | - Epoch 243, ExpID 67378
INFO | Train - Loss (one batch): 0.00092
INFO | Val - Loss, MSE, RMSE, MAE: 0.00089, 0.00089, 0.02989, 0.01752
INFO | Test - Best epoch 243, Loss, MSE, RMSE, MAE: 0.00088, 0.00088, 0.02960, 0.01765
INFO | Time spent: 2.87s
INFO | - Epoch 244, ExpID 67378
INFO | Train - Loss (one batch): 0.00090
INFO | Val - Loss, MSE, RMSE, MAE: 0.00097, 0.00097, 0.03121, 0.01956
INFO | Test - Best epoch 243, Loss, MSE, RMSE, MAE: 0.00088, 0.00088, 0.02960, 0.01765
INFO | Time spent: 2.43s
INFO | - Epoch 245, ExpID 67378
INFO | Train - Loss (one batch): 0.00087
INFO | Val - Loss, MSE, RMSE, MAE: 0.00095, 0.00095, 0.03088, 0.01940
INFO | Test - Best epoch 243, Loss, MSE, RMSE, MAE: 0.00088, 0.00088, 0.02960, 0.01765
INFO | Time spent: 2.54s
INFO | - Epoch 246, ExpID 67378
INFO | Train - Loss (one batch): 0.00080
INFO | Val - Loss, MSE, RMSE, MAE: 0.00096, 0.00096, 0.03099, 0.01961
INFO | Test - Best epoch 243, Loss, MSE, RMSE, MAE: 0.00088, 0.00088, 0.02960, 0.01765
INFO | Time spent: 2.43s
INFO | - Epoch 247, ExpID 67378
INFO | Train - Loss (one batch): 0.00088
INFO | Val - Loss, MSE, RMSE, MAE: 0.00092, 0.00092, 0.03037, 0.01833
INFO | Test - Best epoch 243, Loss, MSE, RMSE, MAE: 0.00088, 0.00088, 0.02960, 0.01765
INFO | Time spent: 2.43s
INFO | - Epoch 248, ExpID 67378
INFO | Train - Loss (one batch): 0.00123
INFO | Val - Loss, MSE, RMSE, MAE: 0.00094, 0.00094, 0.03065, 0.01870
INFO | Test - Best epoch 243, Loss, MSE, RMSE, MAE: 0.00088, 0.00088, 0.02960, 0.01765
INFO | Time spent: 2.44s
INFO | - Epoch 249, ExpID 67378
INFO | Train - Loss (one batch): 0.00069
INFO | Val - Loss, MSE, RMSE, MAE: 0.00092, 0.00092, 0.03027, 0.01827
INFO | Test - Best epoch 243, Loss, MSE, RMSE, MAE: 0.00088, 0.00088, 0.02960, 0.01765
INFO | Time spent: 2.41s
INFO | - Epoch 250, ExpID 67378
INFO | Train - Loss (one batch): 0.00059
INFO | Val - Loss, MSE, RMSE, MAE: 0.00092, 0.00092, 0.03040, 0.01825
INFO | Test - Best epoch 243, Loss, MSE, RMSE, MAE: 0.00088, 0.00088, 0.02960, 0.01765
INFO | Time spent: 2.44s
INFO | - Epoch 251, ExpID 67378
INFO | Train - Loss (one batch): 0.00115
INFO | Val - Loss, MSE, RMSE, MAE: 0.00098, 0.00098, 0.03129, 0.01980
INFO | Test - Best epoch 243, Loss, MSE, RMSE, MAE: 0.00088, 0.00088, 0.02960, 0.01765
INFO | Time spent: 2.44s
INFO | - Epoch 252, ExpID 67378
INFO | Train - Loss (one batch): 0.00093
INFO | Val - Loss, MSE, RMSE, MAE: 0.00093, 0.00093, 0.03045, 0.01860
INFO | Test - Best epoch 243, Loss, MSE, RMSE, MAE: 0.00088, 0.00088, 0.02960, 0.01765
INFO | Time spent: 2.44s
INFO | - Epoch 253, ExpID 67378
INFO | Train - Loss (one batch): 0.00084
INFO | Val - Loss, MSE, RMSE, MAE: 0.00092, 0.00092, 0.03029, 0.01779
INFO | Test - Best epoch 243, Loss, MSE, RMSE, MAE: 0.00088, 0.00088, 0.02960, 0.01765
INFO | Time spent: 2.48s
INFO | - Epoch 254, ExpID 67378
INFO | Train - Loss (one batch): 0.00068
INFO | Val - Loss, MSE, RMSE, MAE: 0.00094, 0.00094, 0.03073, 0.01897
INFO | Test - Best epoch 243, Loss, MSE, RMSE, MAE: 0.00088, 0.00088, 0.02960, 0.01765
INFO | Time spent: 2.44s
INFO | - Epoch 255, ExpID 67378
INFO | Train - Loss (one batch): 0.00066
INFO | Val - Loss, MSE, RMSE, MAE: 0.00092, 0.00092, 0.03038, 0.01857
INFO | Test - Best epoch 243, Loss, MSE, RMSE, MAE: 0.00088, 0.00088, 0.02960, 0.01765
INFO | Time spent: 2.40s
INFO | - Epoch 256, ExpID 67378
INFO | Train - Loss (one batch): 0.00056
INFO | Val - Loss, MSE, RMSE, MAE: 0.00097, 0.00097, 0.03110, 0.01931
INFO | Test - Best epoch 243, Loss, MSE, RMSE, MAE: 0.00088, 0.00088, 0.02960, 0.01765
INFO | Time spent: 2.41s
INFO | - Epoch 257, ExpID 67378
INFO | Train - Loss (one batch): 0.00049
INFO | Val - Loss, MSE, RMSE, MAE: 0.00091, 0.00091, 0.03012, 0.01825
INFO | Test - Best epoch 243, Loss, MSE, RMSE, MAE: 0.00088, 0.00088, 0.02960, 0.01765
INFO | Time spent: 2.44s
INFO | - Epoch 258, ExpID 67378
INFO | Train - Loss (one batch): 0.00074
INFO | Val - Loss, MSE, RMSE, MAE: 0.00092, 0.00092, 0.03032, 0.01826
INFO | Test - Best epoch 243, Loss, MSE, RMSE, MAE: 0.00088, 0.00088, 0.02960, 0.01765
INFO | Time spent: 2.65s
INFO | - Epoch 259, ExpID 67378
INFO | Train - Loss (one batch): 0.00075
INFO | Val - Loss, MSE, RMSE, MAE: 0.00090, 0.00090, 0.02997, 0.01776
INFO | Test - Best epoch 243, Loss, MSE, RMSE, MAE: 0.00088, 0.00088, 0.02960, 0.01765
INFO | Time spent: 2.44s
INFO | - Epoch 260, ExpID 67378
INFO | Train - Loss (one batch): 0.00076
INFO | Val - Loss, MSE, RMSE, MAE: 0.00091, 0.00091, 0.03024, 0.01793
INFO | Test - Best epoch 243, Loss, MSE, RMSE, MAE: 0.00088, 0.00088, 0.02960, 0.01765
INFO | Time spent: 2.46s
INFO | - Epoch 261, ExpID 67378
INFO | Train - Loss (one batch): 0.00062
INFO | Val - Loss, MSE, RMSE, MAE: 0.00098, 0.00098, 0.03125, 0.01965
INFO | Test - Best epoch 243, Loss, MSE, RMSE, MAE: 0.00088, 0.00088, 0.02960, 0.01765
INFO | Time spent: 2.45s
INFO | - Epoch 262, ExpID 67378
INFO | Train - Loss (one batch): 0.00084
INFO | Val - Loss, MSE, RMSE, MAE: 0.00094, 0.00094, 0.03071, 0.01905
INFO | Test - Best epoch 243, Loss, MSE, RMSE, MAE: 0.00088, 0.00088, 0.02960, 0.01765
INFO | Time spent: 2.44s
INFO | - Epoch 263, ExpID 67378
INFO | Train - Loss (one batch): 0.00071
INFO | Val - Loss, MSE, RMSE, MAE: 0.00093, 0.00093, 0.03052, 0.01851
INFO | Test - Best epoch 243, Loss, MSE, RMSE, MAE: 0.00088, 0.00088, 0.02960, 0.01765
INFO | Time spent: 2.44s
INFO | - Epoch 264, ExpID 67378
INFO | Train - Loss (one batch): 0.00100
INFO | Val - Loss, MSE, RMSE, MAE: 0.00091, 0.00091, 0.03018, 0.01783
INFO | Test - Best epoch 243, Loss, MSE, RMSE, MAE: 0.00088, 0.00088, 0.02960, 0.01765
INFO | Time spent: 2.43s
INFO | - Epoch 265, ExpID 67378
INFO | Train - Loss (one batch): 0.00083
INFO | Val - Loss, MSE, RMSE, MAE: 0.00096, 0.00096, 0.03096, 0.01933
INFO | Test - Best epoch 243, Loss, MSE, RMSE, MAE: 0.00088, 0.00088, 0.02960, 0.01765
INFO | Time spent: 2.55s
INFO | - Epoch 266, ExpID 67378
INFO | Train - Loss (one batch): 0.00083
INFO | Val - Loss, MSE, RMSE, MAE: 0.00090, 0.00090, 0.03005, 0.01794
INFO | Test - Best epoch 243, Loss, MSE, RMSE, MAE: 0.00088, 0.00088, 0.02960, 0.01765
INFO | Time spent: 2.42s
INFO | - Epoch 267, ExpID 67378
INFO | Train - Loss (one batch): 0.00072
INFO | Val - Loss, MSE, RMSE, MAE: 0.00091, 0.00091, 0.03010, 0.01817
INFO | Test - Best epoch 243, Loss, MSE, RMSE, MAE: 0.00088, 0.00088, 0.02960, 0.01765
INFO | Time spent: 2.41s
INFO | - Epoch 268, ExpID 67378
INFO | Train - Loss (one batch): 0.00086
INFO | Val - Loss, MSE, RMSE, MAE: 0.00095, 0.00095, 0.03084, 0.01902
INFO | Test - Best epoch 243, Loss, MSE, RMSE, MAE: 0.00088, 0.00088, 0.02960, 0.01765
INFO | Time spent: 2.51s
INFO | - Epoch 269, ExpID 67378
INFO | Train - Loss (one batch): 0.00071
INFO | Val - Loss, MSE, RMSE, MAE: 0.00093, 0.00093, 0.03055, 0.01874
INFO | Test - Best epoch 243, Loss, MSE, RMSE, MAE: 0.00088, 0.00088, 0.02960, 0.01765
INFO | Time spent: 2.70s
INFO | - Epoch 270, ExpID 67378
INFO | Train - Loss (one batch): 0.00078
INFO | Val - Loss, MSE, RMSE, MAE: 0.00098, 0.00098, 0.03133, 0.02001
INFO | Test - Best epoch 243, Loss, MSE, RMSE, MAE: 0.00088, 0.00088, 0.02960, 0.01765
INFO | Time spent: 2.45s
INFO | - Epoch 271, ExpID 67378
INFO | Train - Loss (one batch): 0.00072
INFO | Val - Loss, MSE, RMSE, MAE: 0.00092, 0.00092, 0.03027, 0.01799
INFO | Test - Best epoch 243, Loss, MSE, RMSE, MAE: 0.00088, 0.00088, 0.02960, 0.01765
INFO | Time spent: 3.16s
INFO | - Epoch 272, ExpID 67378
INFO | Train - Loss (one batch): 0.00076
INFO | Val - Loss, MSE, RMSE, MAE: 0.00097, 0.00097, 0.03112, 0.01954
INFO | Test - Best epoch 243, Loss, MSE, RMSE, MAE: 0.00088, 0.00088, 0.02960, 0.01765
INFO | Time spent: 2.97s
INFO | - Epoch 273, ExpID 67378
INFO | Train - Loss (one batch): 0.00087
INFO | Val - Loss, MSE, RMSE, MAE: 0.00093, 0.00093, 0.03048, 0.01832
INFO | Test - Best epoch 243, Loss, MSE, RMSE, MAE: 0.00088, 0.00088, 0.02960, 0.01765
INFO | Time spent: 2.96s
INFO | - Epoch 274, ExpID 67378
INFO | Train - Loss (one batch): 0.00104
INFO | Val - Loss, MSE, RMSE, MAE: 0.00098, 0.00098, 0.03124, 0.01979
INFO | Test - Best epoch 243, Loss, MSE, RMSE, MAE: 0.00088, 0.00088, 0.02960, 0.01765
INFO | Time spent: 2.98s
INFO | - Epoch 275, ExpID 67378
INFO | Train - Loss (one batch): 0.00089
INFO | Val - Loss, MSE, RMSE, MAE: 0.00092, 0.00092, 0.03037, 0.01824
INFO | Test - Best epoch 243, Loss, MSE, RMSE, MAE: 0.00088, 0.00088, 0.02960, 0.01765
INFO | Time spent: 3.07s
INFO | - Epoch 276, ExpID 67378
INFO | Train - Loss (one batch): 0.00077
INFO | Val - Loss, MSE, RMSE, MAE: 0.00094, 0.00094, 0.03058, 0.01878
INFO | Test - Best epoch 243, Loss, MSE, RMSE, MAE: 0.00088, 0.00088, 0.02960, 0.01765
INFO | Time spent: 2.96s
INFO | - Epoch 277, ExpID 67378
INFO | Train - Loss (one batch): 0.00058
INFO | Val - Loss, MSE, RMSE, MAE: 0.00097, 0.00097, 0.03115, 0.01984
INFO | Test - Best epoch 243, Loss, MSE, RMSE, MAE: 0.00088, 0.00088, 0.02960, 0.01765
INFO | Time spent: 2.96s
INFO | - Epoch 278, ExpID 67378
INFO | Train - Loss (one batch): 0.00068
INFO | Val - Loss, MSE, RMSE, MAE: 0.00089, 0.00089, 0.02988, 0.01759
INFO | Test - Best epoch 278, Loss, MSE, RMSE, MAE: 0.00087, 0.00087, 0.02958, 0.01777
INFO | Time spent: 3.58s
INFO | - Epoch 279, ExpID 67378
INFO | Train - Loss (one batch): 0.00064
INFO | Val - Loss, MSE, RMSE, MAE: 0.00093, 0.00093, 0.03046, 0.01860
INFO | Test - Best epoch 278, Loss, MSE, RMSE, MAE: 0.00087, 0.00087, 0.02958, 0.01777
INFO | Time spent: 3.00s
INFO | - Epoch 280, ExpID 67378
INFO | Train - Loss (one batch): 0.00080
INFO | Val - Loss, MSE, RMSE, MAE: 0.00093, 0.00093, 0.03051, 0.01862
INFO | Test - Best epoch 278, Loss, MSE, RMSE, MAE: 0.00087, 0.00087, 0.02958, 0.01777
INFO | Time spent: 2.81s
INFO | - Epoch 281, ExpID 67378
INFO | Train - Loss (one batch): 0.00098
INFO | Val - Loss, MSE, RMSE, MAE: 0.00102, 0.00102, 0.03188, 0.02062
INFO | Test - Best epoch 278, Loss, MSE, RMSE, MAE: 0.00087, 0.00087, 0.02958, 0.01777
INFO | Time spent: 2.46s
INFO | - Epoch 282, ExpID 67378
INFO | Train - Loss (one batch): 0.00069
INFO | Val - Loss, MSE, RMSE, MAE: 0.00091, 0.00091, 0.03024, 0.01831
INFO | Test - Best epoch 278, Loss, MSE, RMSE, MAE: 0.00087, 0.00087, 0.02958, 0.01777
INFO | Time spent: 2.42s
INFO | - Epoch 283, ExpID 67378
INFO | Train - Loss (one batch): 0.00061
INFO | Val - Loss, MSE, RMSE, MAE: 0.00092, 0.00092, 0.03026, 0.01794
INFO | Test - Best epoch 278, Loss, MSE, RMSE, MAE: 0.00087, 0.00087, 0.02958, 0.01777
INFO | Time spent: 2.58s
INFO | - Epoch 284, ExpID 67378
INFO | Train - Loss (one batch): 0.00059
INFO | Val - Loss, MSE, RMSE, MAE: 0.00091, 0.00091, 0.03014, 0.01810
INFO | Test - Best epoch 278, Loss, MSE, RMSE, MAE: 0.00087, 0.00087, 0.02958, 0.01777
INFO | Time spent: 2.45s
INFO | - Epoch 285, ExpID 67378
INFO | Train - Loss (one batch): 0.00084
INFO | Val - Loss, MSE, RMSE, MAE: 0.00093, 0.00093, 0.03043, 0.01863
INFO | Test - Best epoch 278, Loss, MSE, RMSE, MAE: 0.00087, 0.00087, 0.02958, 0.01777
INFO | Time spent: 2.44s
INFO | - Epoch 286, ExpID 67378
INFO | Train - Loss (one batch): 0.00089
INFO | Val - Loss, MSE, RMSE, MAE: 0.00095, 0.00095, 0.03076, 0.01887
INFO | Test - Best epoch 278, Loss, MSE, RMSE, MAE: 0.00087, 0.00087, 0.02958, 0.01777
INFO | Time spent: 2.44s
INFO | - Epoch 287, ExpID 67378
INFO | Train - Loss (one batch): 0.00085
INFO | Val - Loss, MSE, RMSE, MAE: 0.00091, 0.00091, 0.03011, 0.01799
INFO | Test - Best epoch 278, Loss, MSE, RMSE, MAE: 0.00087, 0.00087, 0.02958, 0.01777
INFO | Time spent: 2.43s
INFO | - Epoch 288, ExpID 67378
INFO | Train - Loss (one batch): 0.00083
INFO | Val - Loss, MSE, RMSE, MAE: 0.00091, 0.00091, 0.03016, 0.01794
INFO | Test - Best epoch 278, Loss, MSE, RMSE, MAE: 0.00087, 0.00087, 0.02958, 0.01777
INFO | Time spent: 2.45s
INFO | - Epoch 289, ExpID 67378
INFO | Train - Loss (one batch): 0.00071
INFO | Val - Loss, MSE, RMSE, MAE: 0.00093, 0.00093, 0.03046, 0.01855
INFO | Test - Best epoch 278, Loss, MSE, RMSE, MAE: 0.00087, 0.00087, 0.02958, 0.01777
INFO | Time spent: 2.44s
INFO | - Epoch 290, ExpID 67378
INFO | Train - Loss (one batch): 0.00081
INFO | Val - Loss, MSE, RMSE, MAE: 0.00091, 0.00091, 0.03012, 0.01790
INFO | Test - Best epoch 278, Loss, MSE, RMSE, MAE: 0.00087, 0.00087, 0.02958, 0.01777
INFO | Time spent: 2.60s
INFO | - Epoch 291, ExpID 67378
INFO | Train - Loss (one batch): 0.00090
INFO | Val - Loss, MSE, RMSE, MAE: 0.00093, 0.00093, 0.03049, 0.01876
INFO | Test - Best epoch 278, Loss, MSE, RMSE, MAE: 0.00087, 0.00087, 0.02958, 0.01777
INFO | Time spent: 2.48s
INFO | - Epoch 292, ExpID 67378
INFO | Train - Loss (one batch): 0.00062
INFO | Val - Loss, MSE, RMSE, MAE: 0.00096, 0.00096, 0.03094, 0.01925
INFO | Test - Best epoch 278, Loss, MSE, RMSE, MAE: 0.00087, 0.00087, 0.02958, 0.01777
INFO | Time spent: 2.51s
INFO | - Epoch 293, ExpID 67378
INFO | Train - Loss (one batch): 0.00063
INFO | Val - Loss, MSE, RMSE, MAE: 0.00093, 0.00093, 0.03052, 0.01868
INFO | Test - Best epoch 278, Loss, MSE, RMSE, MAE: 0.00087, 0.00087, 0.02958, 0.01777
INFO | Time spent: 2.44s
INFO | - Epoch 294, ExpID 67378
INFO | Train - Loss (one batch): 0.00073
INFO | Val - Loss, MSE, RMSE, MAE: 0.00094, 0.00094, 0.03072, 0.01904
INFO | Test - Best epoch 278, Loss, MSE, RMSE, MAE: 0.00087, 0.00087, 0.02958, 0.01777
INFO | Time spent: 2.43s
INFO | - Epoch 295, ExpID 67378
INFO | Train - Loss (one batch): 0.00081
INFO | Val - Loss, MSE, RMSE, MAE: 0.00090, 0.00090, 0.03003, 0.01791
INFO | Test - Best epoch 278, Loss, MSE, RMSE, MAE: 0.00087, 0.00087, 0.02958, 0.01777
INFO | Time spent: 2.44s
INFO | - Epoch 296, ExpID 67378
INFO | Train - Loss (one batch): 0.00088
INFO | Val - Loss, MSE, RMSE, MAE: 0.00092, 0.00092, 0.03033, 0.01836
INFO | Test - Best epoch 278, Loss, MSE, RMSE, MAE: 0.00087, 0.00087, 0.02958, 0.01777
INFO | Time spent: 2.46s
INFO | - Epoch 297, ExpID 67378
INFO | Train - Loss (one batch): 0.00073
INFO | Val - Loss, MSE, RMSE, MAE: 0.00092, 0.00092, 0.03027, 0.01817
INFO | Test - Best epoch 278, Loss, MSE, RMSE, MAE: 0.00087, 0.00087, 0.02958, 0.01777
INFO | Time spent: 2.46s
INFO | - Epoch 298, ExpID 67378
INFO | Train - Loss (one batch): 0.00083
INFO | Val - Loss, MSE, RMSE, MAE: 0.00092, 0.00092, 0.03025, 0.01836
INFO | Test - Best epoch 278, Loss, MSE, RMSE, MAE: 0.00087, 0.00087, 0.02958, 0.01777
INFO | Time spent: 2.63s
INFO | - Epoch 299, ExpID 67378
INFO | Train - Loss (one batch): 0.00081
INFO | Val - Loss, MSE, RMSE, MAE: 0.00092, 0.00092, 0.03037, 0.01871
INFO | Test - Best epoch 278, Loss, MSE, RMSE, MAE: 0.00087, 0.00087, 0.02958, 0.01777
INFO | Time spent: 2.44s
INFO | - Epoch 000, ExpID 82415
INFO | Train - Loss (one batch): 0.00751
INFO | Val - Loss, MSE, RMSE, MAE: 0.00797, 0.00797, 0.08929, 0.06347
INFO | Test - Best epoch 0, Loss, MSE, RMSE, MAE: 0.00794, 0.00794, 0.08912, 0.06136
INFO | Time spent: 3.69s
INFO | - Epoch 001, ExpID 82415
INFO | Train - Loss (one batch): 0.00140
INFO | Val - Loss, MSE, RMSE, MAE: 0.00169, 0.00169, 0.04109, 0.02729
INFO | Test - Best epoch 1, Loss, MSE, RMSE, MAE: 0.00160, 0.00160, 0.04001, 0.02671
INFO | Time spent: 2.85s
INFO | - Epoch 002, ExpID 82415
INFO | Train - Loss (one batch): 0.00122
INFO | Val - Loss, MSE, RMSE, MAE: 0.00122, 0.00122, 0.03490, 0.02187
INFO | Test - Best epoch 2, Loss, MSE, RMSE, MAE: 0.00116, 0.00116, 0.03413, 0.02144
INFO | Time spent: 2.83s
INFO | - Epoch 003, ExpID 82415
INFO | Train - Loss (one batch): 0.00127
INFO | Val - Loss, MSE, RMSE, MAE: 0.00144, 0.00144, 0.03790, 0.02553
INFO | Test - Best epoch 2, Loss, MSE, RMSE, MAE: 0.00116, 0.00116, 0.03413, 0.02144
INFO | Time spent: 2.42s
INFO | - Epoch 004, ExpID 82415
INFO | Train - Loss (one batch): 0.00084
INFO | Val - Loss, MSE, RMSE, MAE: 0.00115, 0.00115, 0.03387, 0.02080
INFO | Test - Best epoch 4, Loss, MSE, RMSE, MAE: 0.00111, 0.00111, 0.03329, 0.02059
INFO | Time spent: 2.86s
INFO | - Epoch 005, ExpID 82415
INFO | Train - Loss (one batch): 0.00113
INFO | Val - Loss, MSE, RMSE, MAE: 0.00154, 0.00154, 0.03921, 0.02847
INFO | Test - Best epoch 4, Loss, MSE, RMSE, MAE: 0.00111, 0.00111, 0.03329, 0.02059
INFO | Time spent: 2.41s
INFO | - Epoch 006, ExpID 82415
INFO | Train - Loss (one batch): 0.00098
INFO | Val - Loss, MSE, RMSE, MAE: 0.00116, 0.00116, 0.03399, 0.02121
INFO | Test - Best epoch 4, Loss, MSE, RMSE, MAE: 0.00111, 0.00111, 0.03329, 0.02059
INFO | Time spent: 2.43s
INFO | - Epoch 007, ExpID 82415
INFO | Train - Loss (one batch): 0.00111
INFO | Val - Loss, MSE, RMSE, MAE: 0.00113, 0.00113, 0.03354, 0.02054
INFO | Test - Best epoch 7, Loss, MSE, RMSE, MAE: 0.00109, 0.00109, 0.03300, 0.02040
INFO | Time spent: 2.84s
INFO | - Epoch 008, ExpID 82415
INFO | Train - Loss (one batch): 0.00086
INFO | Val - Loss, MSE, RMSE, MAE: 0.00110, 0.00110, 0.03320, 0.02021
INFO | Test - Best epoch 8, Loss, MSE, RMSE, MAE: 0.00106, 0.00106, 0.03256, 0.01999
INFO | Time spent: 2.84s
INFO | - Epoch 009, ExpID 82415
INFO | Train - Loss (one batch): 0.00118
INFO | Val - Loss, MSE, RMSE, MAE: 0.00108, 0.00108, 0.03294, 0.01993
INFO | Test - Best epoch 9, Loss, MSE, RMSE, MAE: 0.00104, 0.00104, 0.03231, 0.01969
INFO | Time spent: 2.84s
INFO | - Epoch 010, ExpID 82415
INFO | Train - Loss (one batch): 0.00117
INFO | Val - Loss, MSE, RMSE, MAE: 0.00107, 0.00107, 0.03278, 0.01961
INFO | Test - Best epoch 10, Loss, MSE, RMSE, MAE: 0.00104, 0.00104, 0.03218, 0.01938
INFO | Time spent: 2.95s
INFO | - Epoch 011, ExpID 82415
INFO | Train - Loss (one batch): 0.00109
INFO | Val - Loss, MSE, RMSE, MAE: 0.00112, 0.00112, 0.03350, 0.02083
INFO | Test - Best epoch 10, Loss, MSE, RMSE, MAE: 0.00104, 0.00104, 0.03218, 0.01938
INFO | Time spent: 2.50s
INFO | - Epoch 012, ExpID 82415
INFO | Train - Loss (one batch): 0.00137
INFO | Val - Loss, MSE, RMSE, MAE: 0.00138, 0.00138, 0.03721, 0.02618
INFO | Test - Best epoch 10, Loss, MSE, RMSE, MAE: 0.00104, 0.00104, 0.03218, 0.01938
INFO | Time spent: 2.42s
INFO | - Epoch 013, ExpID 82415
INFO | Train - Loss (one batch): 0.00124
INFO | Val - Loss, MSE, RMSE, MAE: 0.00109, 0.00109, 0.03298, 0.02017
INFO | Test - Best epoch 10, Loss, MSE, RMSE, MAE: 0.00104, 0.00104, 0.03218, 0.01938
INFO | Time spent: 2.43s
INFO | - Epoch 014, ExpID 82415
INFO | Train - Loss (one batch): 0.00095
INFO | Val - Loss, MSE, RMSE, MAE: 0.00139, 0.00139, 0.03727, 0.02619
INFO | Test - Best epoch 10, Loss, MSE, RMSE, MAE: 0.00104, 0.00104, 0.03218, 0.01938
INFO | Time spent: 2.45s
INFO | - Epoch 015, ExpID 82415
INFO | Train - Loss (one batch): 0.00105
INFO | Val - Loss, MSE, RMSE, MAE: 0.00124, 0.00124, 0.03528, 0.02366
INFO | Test - Best epoch 10, Loss, MSE, RMSE, MAE: 0.00104, 0.00104, 0.03218, 0.01938
INFO | Time spent: 2.45s
INFO | - Epoch 016, ExpID 82415
INFO | Train - Loss (one batch): 0.00107
INFO | Val - Loss, MSE, RMSE, MAE: 0.00132, 0.00132, 0.03629, 0.02514
INFO | Test - Best epoch 10, Loss, MSE, RMSE, MAE: 0.00104, 0.00104, 0.03218, 0.01938
INFO | Time spent: 2.41s
INFO | - Epoch 017, ExpID 82415
INFO | Train - Loss (one batch): 0.00112
INFO | Val - Loss, MSE, RMSE, MAE: 0.00117, 0.00117, 0.03419, 0.02188
INFO | Test - Best epoch 10, Loss, MSE, RMSE, MAE: 0.00104, 0.00104, 0.03218, 0.01938
INFO | Time spent: 2.42s
INFO | - Epoch 018, ExpID 82415
INFO | Train - Loss (one batch): 0.00106
INFO | Val - Loss, MSE, RMSE, MAE: 0.00105, 0.00105, 0.03247, 0.01949
INFO | Test - Best epoch 18, Loss, MSE, RMSE, MAE: 0.00101, 0.00101, 0.03183, 0.01928
INFO | Time spent: 3.44s
INFO | - Epoch 019, ExpID 82415
INFO | Train - Loss (one batch): 0.00080
INFO | Val - Loss, MSE, RMSE, MAE: 0.00109, 0.00109, 0.03304, 0.02033
INFO | Test - Best epoch 18, Loss, MSE, RMSE, MAE: 0.00101, 0.00101, 0.03183, 0.01928
INFO | Time spent: 2.94s
INFO | - Epoch 020, ExpID 82415
INFO | Train - Loss (one batch): 0.00104
INFO | Val - Loss, MSE, RMSE, MAE: 0.00106, 0.00106, 0.03260, 0.01963
INFO | Test - Best epoch 18, Loss, MSE, RMSE, MAE: 0.00101, 0.00101, 0.03183, 0.01928
INFO | Time spent: 2.93s
INFO | - Epoch 021, ExpID 82415
INFO | Train - Loss (one batch): 0.00101
INFO | Val - Loss, MSE, RMSE, MAE: 0.00121, 0.00121, 0.03484, 0.02325
INFO | Test - Best epoch 18, Loss, MSE, RMSE, MAE: 0.00101, 0.00101, 0.03183, 0.01928
INFO | Time spent: 2.93s
INFO | - Epoch 022, ExpID 82415
INFO | Train - Loss (one batch): 0.00076
INFO | Val - Loss, MSE, RMSE, MAE: 0.00103, 0.00103, 0.03211, 0.01911
INFO | Test - Best epoch 22, Loss, MSE, RMSE, MAE: 0.00099, 0.00099, 0.03147, 0.01894
INFO | Time spent: 3.51s
INFO | - Epoch 023, ExpID 82415
INFO | Train - Loss (one batch): 0.00108
INFO | Val - Loss, MSE, RMSE, MAE: 0.00105, 0.00105, 0.03240, 0.01957
INFO | Test - Best epoch 22, Loss, MSE, RMSE, MAE: 0.00099, 0.00099, 0.03147, 0.01894
INFO | Time spent: 3.19s
INFO | - Epoch 024, ExpID 82415
INFO | Train - Loss (one batch): 0.00128
INFO | Val - Loss, MSE, RMSE, MAE: 0.00105, 0.00105, 0.03246, 0.01955
INFO | Test - Best epoch 22, Loss, MSE, RMSE, MAE: 0.00099, 0.00099, 0.03147, 0.01894
INFO | Time spent: 3.19s
INFO | - Epoch 025, ExpID 82415
INFO | Train - Loss (one batch): 0.00096
INFO | Val - Loss, MSE, RMSE, MAE: 0.00104, 0.00104, 0.03229, 0.01940
INFO | Test - Best epoch 22, Loss, MSE, RMSE, MAE: 0.00099, 0.00099, 0.03147, 0.01894
INFO | Time spent: 2.93s
INFO | - Epoch 026, ExpID 82415
INFO | Train - Loss (one batch): 0.00092
INFO | Val - Loss, MSE, RMSE, MAE: 0.00104, 0.00104, 0.03223, 0.01932
INFO | Test - Best epoch 22, Loss, MSE, RMSE, MAE: 0.00099, 0.00099, 0.03147, 0.01894
INFO | Time spent: 2.93s
INFO | - Epoch 027, ExpID 82415
INFO | Train - Loss (one batch): 0.00083
INFO | Val - Loss, MSE, RMSE, MAE: 0.00113, 0.00113, 0.03366, 0.02149
INFO | Test - Best epoch 22, Loss, MSE, RMSE, MAE: 0.00099, 0.00099, 0.03147, 0.01894
INFO | Time spent: 2.97s
INFO | - Epoch 028, ExpID 82415
INFO | Train - Loss (one batch): 0.00134
INFO | Val - Loss, MSE, RMSE, MAE: 0.00102, 0.00102, 0.03195, 0.01895
INFO | Test - Best epoch 28, Loss, MSE, RMSE, MAE: 0.00098, 0.00098, 0.03127, 0.01878
INFO | Time spent: 3.56s
INFO | - Epoch 029, ExpID 82415
INFO | Train - Loss (one batch): 0.00093
INFO | Val - Loss, MSE, RMSE, MAE: 0.00129, 0.00129, 0.03592, 0.02469
INFO | Test - Best epoch 28, Loss, MSE, RMSE, MAE: 0.00098, 0.00098, 0.03127, 0.01878
INFO | Time spent: 2.93s
INFO | - Epoch 030, ExpID 82415
INFO | Train - Loss (one batch): 0.00080
INFO | Val - Loss, MSE, RMSE, MAE: 0.00101, 0.00101, 0.03179, 0.01884
INFO | Test - Best epoch 30, Loss, MSE, RMSE, MAE: 0.00097, 0.00097, 0.03115, 0.01866
INFO | Time spent: 3.60s
INFO | - Epoch 031, ExpID 82415
INFO | Train - Loss (one batch): 0.00122
INFO | Val - Loss, MSE, RMSE, MAE: 0.00122, 0.00122, 0.03494, 0.02357
INFO | Test - Best epoch 30, Loss, MSE, RMSE, MAE: 0.00097, 0.00097, 0.03115, 0.01866
INFO | Time spent: 2.91s
INFO | - Epoch 032, ExpID 82415
INFO | Train - Loss (one batch): 0.00085
INFO | Val - Loss, MSE, RMSE, MAE: 0.00121, 0.00121, 0.03472, 0.02316
INFO | Test - Best epoch 30, Loss, MSE, RMSE, MAE: 0.00097, 0.00097, 0.03115, 0.01866
INFO | Time spent: 2.96s
INFO | - Epoch 033, ExpID 82415
INFO | Train - Loss (one batch): 0.00080
INFO | Val - Loss, MSE, RMSE, MAE: 0.00108, 0.00108, 0.03282, 0.02033
INFO | Test - Best epoch 30, Loss, MSE, RMSE, MAE: 0.00097, 0.00097, 0.03115, 0.01866
INFO | Time spent: 2.61s
INFO | - Epoch 034, ExpID 82415
INFO | Train - Loss (one batch): 0.00078
INFO | Val - Loss, MSE, RMSE, MAE: 0.00124, 0.00124, 0.03526, 0.02368
INFO | Test - Best epoch 30, Loss, MSE, RMSE, MAE: 0.00097, 0.00097, 0.03115, 0.01866
INFO | Time spent: 2.49s
INFO | - Epoch 035, ExpID 82415
INFO | Train - Loss (one batch): 0.00101
INFO | Val - Loss, MSE, RMSE, MAE: 0.00111, 0.00111, 0.03326, 0.02089
INFO | Test - Best epoch 30, Loss, MSE, RMSE, MAE: 0.00097, 0.00097, 0.03115, 0.01866
INFO | Time spent: 2.46s
INFO | - Epoch 036, ExpID 82415
INFO | Train - Loss (one batch): 0.00075
INFO | Val - Loss, MSE, RMSE, MAE: 0.00103, 0.00103, 0.03213, 0.01951
INFO | Test - Best epoch 30, Loss, MSE, RMSE, MAE: 0.00097, 0.00097, 0.03115, 0.01866
INFO | Time spent: 2.52s
INFO | - Epoch 037, ExpID 82415
INFO | Train - Loss (one batch): 0.00097
INFO | Val - Loss, MSE, RMSE, MAE: 0.00106, 0.00106, 0.03257, 0.02024
INFO | Test - Best epoch 30, Loss, MSE, RMSE, MAE: 0.00097, 0.00097, 0.03115, 0.01866
INFO | Time spent: 2.50s
INFO | - Epoch 038, ExpID 82415
INFO | Train - Loss (one batch): 0.00083
INFO | Val - Loss, MSE, RMSE, MAE: 0.00126, 0.00126, 0.03556, 0.02420
INFO | Test - Best epoch 30, Loss, MSE, RMSE, MAE: 0.00097, 0.00097, 0.03115, 0.01866
INFO | Time spent: 2.47s
INFO | - Epoch 039, ExpID 82415
INFO | Train - Loss (one batch): 0.00095
INFO | Val - Loss, MSE, RMSE, MAE: 0.00107, 0.00107, 0.03270, 0.02032
INFO | Test - Best epoch 30, Loss, MSE, RMSE, MAE: 0.00097, 0.00097, 0.03115, 0.01866
INFO | Time spent: 2.52s
INFO | - Epoch 040, ExpID 82415
INFO | Train - Loss (one batch): 0.00084
INFO | Val - Loss, MSE, RMSE, MAE: 0.00117, 0.00117, 0.03427, 0.02274
INFO | Test - Best epoch 30, Loss, MSE, RMSE, MAE: 0.00097, 0.00097, 0.03115, 0.01866
INFO | Time spent: 2.48s
INFO | - Epoch 041, ExpID 82415
INFO | Train - Loss (one batch): 0.00079
INFO | Val - Loss, MSE, RMSE, MAE: 0.00152, 0.00152, 0.03903, 0.02912
INFO | Test - Best epoch 30, Loss, MSE, RMSE, MAE: 0.00097, 0.00097, 0.03115, 0.01866
INFO | Time spent: 2.49s
INFO | - Epoch 042, ExpID 82415
INFO | Train - Loss (one batch): 0.00103
INFO | Val - Loss, MSE, RMSE, MAE: 0.00120, 0.00120, 0.03466, 0.02350
INFO | Test - Best epoch 30, Loss, MSE, RMSE, MAE: 0.00097, 0.00097, 0.03115, 0.01866
INFO | Time spent: 2.60s
INFO | - Epoch 043, ExpID 82415
INFO | Train - Loss (one batch): 0.00120
INFO | Val - Loss, MSE, RMSE, MAE: 0.00131, 0.00131, 0.03625, 0.02570
INFO | Test - Best epoch 30, Loss, MSE, RMSE, MAE: 0.00097, 0.00097, 0.03115, 0.01866
INFO | Time spent: 2.47s
INFO | - Epoch 044, ExpID 82415
INFO | Train - Loss (one batch): 0.00086
INFO | Val - Loss, MSE, RMSE, MAE: 0.00104, 0.00104, 0.03223, 0.01981
INFO | Test - Best epoch 30, Loss, MSE, RMSE, MAE: 0.00097, 0.00097, 0.03115, 0.01866
INFO | Time spent: 2.51s
INFO | - Epoch 045, ExpID 82415
INFO | Train - Loss (one batch): 0.00103
INFO | Val - Loss, MSE, RMSE, MAE: 0.00100, 0.00100, 0.03165, 0.01915
INFO | Test - Best epoch 45, Loss, MSE, RMSE, MAE: 0.00096, 0.00096, 0.03102, 0.01891
INFO | Time spent: 2.95s
INFO | - Epoch 046, ExpID 82415
INFO | Train - Loss (one batch): 0.00082
INFO | Val - Loss, MSE, RMSE, MAE: 0.00102, 0.00102, 0.03198, 0.01942
INFO | Test - Best epoch 45, Loss, MSE, RMSE, MAE: 0.00096, 0.00096, 0.03102, 0.01891
INFO | Time spent: 2.58s
INFO | - Epoch 047, ExpID 82415
INFO | Train - Loss (one batch): 0.00122
INFO | Val - Loss, MSE, RMSE, MAE: 0.00101, 0.00101, 0.03182, 0.01933
INFO | Test - Best epoch 45, Loss, MSE, RMSE, MAE: 0.00096, 0.00096, 0.03102, 0.01891
INFO | Time spent: 2.50s
INFO | - Epoch 048, ExpID 82415
INFO | Train - Loss (one batch): 0.00103
INFO | Val - Loss, MSE, RMSE, MAE: 0.00104, 0.00104, 0.03226, 0.02027
INFO | Test - Best epoch 45, Loss, MSE, RMSE, MAE: 0.00096, 0.00096, 0.03102, 0.01891
INFO | Time spent: 2.53s
INFO | - Epoch 049, ExpID 82415
INFO | Train - Loss (one batch): 0.00060
INFO | Val - Loss, MSE, RMSE, MAE: 0.00102, 0.00102, 0.03191, 0.01935
INFO | Test - Best epoch 45, Loss, MSE, RMSE, MAE: 0.00096, 0.00096, 0.03102, 0.01891
INFO | Time spent: 2.62s
INFO | - Epoch 050, ExpID 82415
INFO | Train - Loss (one batch): 0.00097
INFO | Val - Loss, MSE, RMSE, MAE: 0.00099, 0.00099, 0.03145, 0.01902
INFO | Test - Best epoch 50, Loss, MSE, RMSE, MAE: 0.00095, 0.00095, 0.03084, 0.01875
INFO | Time spent: 2.90s
INFO | - Epoch 051, ExpID 82415
INFO | Train - Loss (one batch): 0.00070
INFO | Val - Loss, MSE, RMSE, MAE: 0.00116, 0.00116, 0.03405, 0.02271
INFO | Test - Best epoch 50, Loss, MSE, RMSE, MAE: 0.00095, 0.00095, 0.03084, 0.01875
INFO | Time spent: 2.50s
INFO | - Epoch 052, ExpID 82415
INFO | Train - Loss (one batch): 0.00080
INFO | Val - Loss, MSE, RMSE, MAE: 0.00099, 0.00099, 0.03153, 0.01911
INFO | Test - Best epoch 50, Loss, MSE, RMSE, MAE: 0.00095, 0.00095, 0.03084, 0.01875
INFO | Time spent: 2.48s
INFO | - Epoch 053, ExpID 82415
INFO | Train - Loss (one batch): 0.00099
INFO | Val - Loss, MSE, RMSE, MAE: 0.00099, 0.00099, 0.03148, 0.01901
INFO | Test - Best epoch 50, Loss, MSE, RMSE, MAE: 0.00095, 0.00095, 0.03084, 0.01875
INFO | Time spent: 2.68s
INFO | - Epoch 054, ExpID 82415
INFO | Train - Loss (one batch): 0.00091
INFO | Val - Loss, MSE, RMSE, MAE: 0.00116, 0.00116, 0.03407, 0.02250
INFO | Test - Best epoch 50, Loss, MSE, RMSE, MAE: 0.00095, 0.00095, 0.03084, 0.01875
INFO | Time spent: 2.49s
INFO | - Epoch 055, ExpID 82415
INFO | Train - Loss (one batch): 0.00083
INFO | Val - Loss, MSE, RMSE, MAE: 0.00104, 0.00104, 0.03226, 0.01996
INFO | Test - Best epoch 50, Loss, MSE, RMSE, MAE: 0.00095, 0.00095, 0.03084, 0.01875
INFO | Time spent: 2.55s
INFO | - Epoch 056, ExpID 82415
INFO | Train - Loss (one batch): 0.00077
INFO | Val - Loss, MSE, RMSE, MAE: 0.00097, 0.00097, 0.03111, 0.01862
INFO | Test - Best epoch 56, Loss, MSE, RMSE, MAE: 0.00093, 0.00093, 0.03055, 0.01846
INFO | Time spent: 2.91s
INFO | - Epoch 057, ExpID 82415
INFO | Train - Loss (one batch): 0.00087
INFO | Val - Loss, MSE, RMSE, MAE: 0.00105, 0.00105, 0.03233, 0.02032
INFO | Test - Best epoch 56, Loss, MSE, RMSE, MAE: 0.00093, 0.00093, 0.03055, 0.01846
INFO | Time spent: 2.50s
INFO | - Epoch 058, ExpID 82415
INFO | Train - Loss (one batch): 0.00091
INFO | Val - Loss, MSE, RMSE, MAE: 0.00099, 0.00099, 0.03148, 0.01924
INFO | Test - Best epoch 56, Loss, MSE, RMSE, MAE: 0.00093, 0.00093, 0.03055, 0.01846
INFO | Time spent: 2.56s
INFO | - Epoch 059, ExpID 82415
INFO | Train - Loss (one batch): 0.00063
INFO | Val - Loss, MSE, RMSE, MAE: 0.00097, 0.00097, 0.03116, 0.01887
INFO | Test - Best epoch 56, Loss, MSE, RMSE, MAE: 0.00093, 0.00093, 0.03055, 0.01846
INFO | Time spent: 2.51s
INFO | - Epoch 060, ExpID 82415
INFO | Train - Loss (one batch): 0.00087
INFO | Val - Loss, MSE, RMSE, MAE: 0.00100, 0.00100, 0.03160, 0.01926
INFO | Test - Best epoch 56, Loss, MSE, RMSE, MAE: 0.00093, 0.00093, 0.03055, 0.01846
INFO | Time spent: 2.65s
INFO | - Epoch 061, ExpID 82415
INFO | Train - Loss (one batch): 0.00086
INFO | Val - Loss, MSE, RMSE, MAE: 0.00097, 0.00097, 0.03115, 0.01869
INFO | Test - Best epoch 56, Loss, MSE, RMSE, MAE: 0.00093, 0.00093, 0.03055, 0.01846
INFO | Time spent: 2.46s
INFO | - Epoch 062, ExpID 82415
INFO | Train - Loss (one batch): 0.00110
INFO | Val - Loss, MSE, RMSE, MAE: 0.00123, 0.00123, 0.03509, 0.02426
INFO | Test - Best epoch 56, Loss, MSE, RMSE, MAE: 0.00093, 0.00093, 0.03055, 0.01846
INFO | Time spent: 2.50s
INFO | - Epoch 063, ExpID 82415
INFO | Train - Loss (one batch): 0.00096
INFO | Val - Loss, MSE, RMSE, MAE: 0.00098, 0.00098, 0.03130, 0.01909
INFO | Test - Best epoch 56, Loss, MSE, RMSE, MAE: 0.00093, 0.00093, 0.03055, 0.01846
INFO | Time spent: 2.51s
INFO | - Epoch 064, ExpID 82415
INFO | Train - Loss (one batch): 0.00078
INFO | Val - Loss, MSE, RMSE, MAE: 0.00101, 0.00101, 0.03172, 0.01977
INFO | Test - Best epoch 56, Loss, MSE, RMSE, MAE: 0.00093, 0.00093, 0.03055, 0.01846
INFO | Time spent: 2.51s
INFO | - Epoch 065, ExpID 82415
INFO | Train - Loss (one batch): 0.00103
INFO | Val - Loss, MSE, RMSE, MAE: 0.00098, 0.00098, 0.03125, 0.01890
INFO | Test - Best epoch 56, Loss, MSE, RMSE, MAE: 0.00093, 0.00093, 0.03055, 0.01846
INFO | Time spent: 2.45s
INFO | - Epoch 066, ExpID 82415
INFO | Train - Loss (one batch): 0.00070
INFO | Val - Loss, MSE, RMSE, MAE: 0.00099, 0.00099, 0.03141, 0.01922
INFO | Test - Best epoch 56, Loss, MSE, RMSE, MAE: 0.00093, 0.00093, 0.03055, 0.01846
INFO | Time spent: 2.48s
INFO | - Epoch 067, ExpID 82415
INFO | Train - Loss (one batch): 0.00094
INFO | Val - Loss, MSE, RMSE, MAE: 0.00095, 0.00095, 0.03085, 0.01864
INFO | Test - Best epoch 67, Loss, MSE, RMSE, MAE: 0.00092, 0.00092, 0.03034, 0.01840
INFO | Time spent: 2.92s
INFO | - Epoch 068, ExpID 82415
INFO | Train - Loss (one batch): 0.00082
INFO | Val - Loss, MSE, RMSE, MAE: 0.00099, 0.00099, 0.03144, 0.01936
INFO | Test - Best epoch 67, Loss, MSE, RMSE, MAE: 0.00092, 0.00092, 0.03034, 0.01840
INFO | Time spent: 2.49s
INFO | - Epoch 069, ExpID 82415
INFO | Train - Loss (one batch): 0.00071
INFO | Val - Loss, MSE, RMSE, MAE: 0.00096, 0.00096, 0.03095, 0.01857
INFO | Test - Best epoch 67, Loss, MSE, RMSE, MAE: 0.00092, 0.00092, 0.03034, 0.01840
INFO | Time spent: 2.47s
INFO | - Epoch 070, ExpID 82415
INFO | Train - Loss (one batch): 0.00087
INFO | Val - Loss, MSE, RMSE, MAE: 0.00137, 0.00137, 0.03702, 0.02675
INFO | Test - Best epoch 67, Loss, MSE, RMSE, MAE: 0.00092, 0.00092, 0.03034, 0.01840
INFO | Time spent: 2.73s
INFO | - Epoch 071, ExpID 82415
INFO | Train - Loss (one batch): 0.00093
INFO | Val - Loss, MSE, RMSE, MAE: 0.00095, 0.00095, 0.03090, 0.01858
INFO | Test - Best epoch 67, Loss, MSE, RMSE, MAE: 0.00092, 0.00092, 0.03034, 0.01840
INFO | Time spent: 2.80s
INFO | - Epoch 072, ExpID 82415
INFO | Train - Loss (one batch): 0.00061
INFO | Val - Loss, MSE, RMSE, MAE: 0.00096, 0.00096, 0.03096, 0.01856
INFO | Test - Best epoch 67, Loss, MSE, RMSE, MAE: 0.00092, 0.00092, 0.03034, 0.01840
INFO | Time spent: 2.55s
INFO | - Epoch 073, ExpID 82415
INFO | Train - Loss (one batch): 0.00084
INFO | Val - Loss, MSE, RMSE, MAE: 0.00104, 0.00104, 0.03217, 0.02042
INFO | Test - Best epoch 67, Loss, MSE, RMSE, MAE: 0.00092, 0.00092, 0.03034, 0.01840
INFO | Time spent: 2.49s
INFO | - Epoch 074, ExpID 82415
INFO | Train - Loss (one batch): 0.00095
INFO | Val - Loss, MSE, RMSE, MAE: 0.00096, 0.00096, 0.03105, 0.01918
INFO | Test - Best epoch 67, Loss, MSE, RMSE, MAE: 0.00092, 0.00092, 0.03034, 0.01840
INFO | Time spent: 2.46s
INFO | - Epoch 075, ExpID 82415
INFO | Train - Loss (one batch): 0.00087
INFO | Val - Loss, MSE, RMSE, MAE: 0.00115, 0.00115, 0.03389, 0.02260
INFO | Test - Best epoch 67, Loss, MSE, RMSE, MAE: 0.00092, 0.00092, 0.03034, 0.01840
INFO | Time spent: 2.48s
INFO | - Epoch 076, ExpID 82415
INFO | Train - Loss (one batch): 0.00096
INFO | Val - Loss, MSE, RMSE, MAE: 0.00096, 0.00096, 0.03102, 0.01861
INFO | Test - Best epoch 67, Loss, MSE, RMSE, MAE: 0.00092, 0.00092, 0.03034, 0.01840
INFO | Time spent: 2.49s
INFO | - Epoch 077, ExpID 82415
INFO | Train - Loss (one batch): 0.00087
INFO | Val - Loss, MSE, RMSE, MAE: 0.00097, 0.00097, 0.03113, 0.01914
INFO | Test - Best epoch 67, Loss, MSE, RMSE, MAE: 0.00092, 0.00092, 0.03034, 0.01840
INFO | Time spent: 2.50s
INFO | - Epoch 078, ExpID 82415
INFO | Train - Loss (one batch): 0.00081
INFO | Val - Loss, MSE, RMSE, MAE: 0.00102, 0.00102, 0.03201, 0.02001
INFO | Test - Best epoch 67, Loss, MSE, RMSE, MAE: 0.00092, 0.00092, 0.03034, 0.01840
INFO | Time spent: 2.51s
INFO | - Epoch 079, ExpID 82415
INFO | Train - Loss (one batch): 0.00077
INFO | Val - Loss, MSE, RMSE, MAE: 0.00095, 0.00095, 0.03078, 0.01832
INFO | Test - Best epoch 79, Loss, MSE, RMSE, MAE: 0.00091, 0.00091, 0.03024, 0.01819
INFO | Time spent: 2.94s
INFO | - Epoch 080, ExpID 82415
INFO | Train - Loss (one batch): 0.00083
INFO | Val - Loss, MSE, RMSE, MAE: 0.00094, 0.00094, 0.03069, 0.01834
INFO | Test - Best epoch 80, Loss, MSE, RMSE, MAE: 0.00091, 0.00091, 0.03016, 0.01813
INFO | Time spent: 3.03s
INFO | - Epoch 081, ExpID 82415
INFO | Train - Loss (one batch): 0.00072
INFO | Val - Loss, MSE, RMSE, MAE: 0.00098, 0.00098, 0.03124, 0.01919
INFO | Test - Best epoch 80, Loss, MSE, RMSE, MAE: 0.00091, 0.00091, 0.03016, 0.01813
INFO | Time spent: 2.61s
INFO | - Epoch 082, ExpID 82415
INFO | Train - Loss (one batch): 0.00058
INFO | Val - Loss, MSE, RMSE, MAE: 0.00097, 0.00097, 0.03118, 0.01933
INFO | Test - Best epoch 80, Loss, MSE, RMSE, MAE: 0.00091, 0.00091, 0.03016, 0.01813
INFO | Time spent: 2.50s
INFO | - Epoch 083, ExpID 82415
INFO | Train - Loss (one batch): 0.00084
INFO | Val - Loss, MSE, RMSE, MAE: 0.00097, 0.00097, 0.03115, 0.01902
INFO | Test - Best epoch 80, Loss, MSE, RMSE, MAE: 0.00091, 0.00091, 0.03016, 0.01813
INFO | Time spent: 2.52s
INFO | - Epoch 084, ExpID 82415
INFO | Train - Loss (one batch): 0.00085
INFO | Val - Loss, MSE, RMSE, MAE: 0.00108, 0.00108, 0.03279, 0.02157
INFO | Test - Best epoch 80, Loss, MSE, RMSE, MAE: 0.00091, 0.00091, 0.03016, 0.01813
INFO | Time spent: 2.51s
INFO | - Epoch 085, ExpID 82415
INFO | Train - Loss (one batch): 0.00100
INFO | Val - Loss, MSE, RMSE, MAE: 0.00098, 0.00098, 0.03135, 0.01936
INFO | Test - Best epoch 80, Loss, MSE, RMSE, MAE: 0.00091, 0.00091, 0.03016, 0.01813
INFO | Time spent: 2.45s
INFO | - Epoch 086, ExpID 82415
INFO | Train - Loss (one batch): 0.00098
INFO | Val - Loss, MSE, RMSE, MAE: 0.00099, 0.00099, 0.03147, 0.01940
INFO | Test - Best epoch 80, Loss, MSE, RMSE, MAE: 0.00091, 0.00091, 0.03016, 0.01813
INFO | Time spent: 2.43s
INFO | - Epoch 087, ExpID 82415
INFO | Train - Loss (one batch): 0.00074
INFO | Val - Loss, MSE, RMSE, MAE: 0.00097, 0.00097, 0.03109, 0.01901
INFO | Test - Best epoch 80, Loss, MSE, RMSE, MAE: 0.00091, 0.00091, 0.03016, 0.01813
INFO | Time spent: 2.64s
INFO | - Epoch 088, ExpID 82415
INFO | Train - Loss (one batch): 0.00076
INFO | Val - Loss, MSE, RMSE, MAE: 0.00096, 0.00096, 0.03091, 0.01893
INFO | Test - Best epoch 80, Loss, MSE, RMSE, MAE: 0.00091, 0.00091, 0.03016, 0.01813
INFO | Time spent: 2.76s
INFO | - Epoch 089, ExpID 82415
INFO | Train - Loss (one batch): 0.00084
INFO | Val - Loss, MSE, RMSE, MAE: 0.00096, 0.00096, 0.03093, 0.01863
INFO | Test - Best epoch 80, Loss, MSE, RMSE, MAE: 0.00091, 0.00091, 0.03016, 0.01813
INFO | Time spent: 2.56s
INFO | - Epoch 090, ExpID 82415
INFO | Train - Loss (one batch): 0.00105
INFO | Val - Loss, MSE, RMSE, MAE: 0.00093, 0.00093, 0.03043, 0.01813
INFO | Test - Best epoch 90, Loss, MSE, RMSE, MAE: 0.00090, 0.00090, 0.02994, 0.01801
INFO | Time spent: 2.89s
INFO | - Epoch 091, ExpID 82415
INFO | Train - Loss (one batch): 0.00087
INFO | Val - Loss, MSE, RMSE, MAE: 0.00097, 0.00097, 0.03111, 0.01910
INFO | Test - Best epoch 90, Loss, MSE, RMSE, MAE: 0.00090, 0.00090, 0.02994, 0.01801
INFO | Time spent: 2.44s
INFO | - Epoch 092, ExpID 82415
INFO | Train - Loss (one batch): 0.00119
INFO | Val - Loss, MSE, RMSE, MAE: 0.00095, 0.00095, 0.03078, 0.01841
INFO | Test - Best epoch 90, Loss, MSE, RMSE, MAE: 0.00090, 0.00090, 0.02994, 0.01801
INFO | Time spent: 2.44s
INFO | - Epoch 093, ExpID 82415
INFO | Train - Loss (one batch): 0.00089
INFO | Val - Loss, MSE, RMSE, MAE: 0.00095, 0.00095, 0.03088, 0.01891
INFO | Test - Best epoch 90, Loss, MSE, RMSE, MAE: 0.00090, 0.00090, 0.02994, 0.01801
INFO | Time spent: 2.44s
INFO | - Epoch 094, ExpID 82415
INFO | Train - Loss (one batch): 0.00085
INFO | Val - Loss, MSE, RMSE, MAE: 0.00096, 0.00096, 0.03103, 0.01897
INFO | Test - Best epoch 90, Loss, MSE, RMSE, MAE: 0.00090, 0.00090, 0.02994, 0.01801
INFO | Time spent: 2.45s
INFO | - Epoch 095, ExpID 82415
INFO | Train - Loss (one batch): 0.00108
INFO | Val - Loss, MSE, RMSE, MAE: 0.00097, 0.00097, 0.03109, 0.01912
INFO | Test - Best epoch 90, Loss, MSE, RMSE, MAE: 0.00090, 0.00090, 0.02994, 0.01801
INFO | Time spent: 2.59s
INFO | - Epoch 096, ExpID 82415
INFO | Train - Loss (one batch): 0.00097
INFO | Val - Loss, MSE, RMSE, MAE: 0.00105, 0.00105, 0.03241, 0.02119
INFO | Test - Best epoch 90, Loss, MSE, RMSE, MAE: 0.00090, 0.00090, 0.02994, 0.01801
INFO | Time spent: 2.47s
INFO | - Epoch 097, ExpID 82415
INFO | Train - Loss (one batch): 0.00079
INFO | Val - Loss, MSE, RMSE, MAE: 0.00094, 0.00094, 0.03068, 0.01845
INFO | Test - Best epoch 90, Loss, MSE, RMSE, MAE: 0.00090, 0.00090, 0.02994, 0.01801
INFO | Time spent: 2.45s
INFO | - Epoch 098, ExpID 82415
INFO | Train - Loss (one batch): 0.00093
INFO | Val - Loss, MSE, RMSE, MAE: 0.00095, 0.00095, 0.03080, 0.01845
INFO | Test - Best epoch 90, Loss, MSE, RMSE, MAE: 0.00090, 0.00090, 0.02994, 0.01801
INFO | Time spent: 2.46s
INFO | - Epoch 099, ExpID 82415
INFO | Train - Loss (one batch): 0.00097
INFO | Val - Loss, MSE, RMSE, MAE: 0.00093, 0.00093, 0.03057, 0.01820
INFO | Test - Best epoch 90, Loss, MSE, RMSE, MAE: 0.00090, 0.00090, 0.02994, 0.01801
INFO | Time spent: 2.47s
INFO | - Epoch 100, ExpID 82415
INFO | Train - Loss (one batch): 0.00072
INFO | Val - Loss, MSE, RMSE, MAE: 0.00092, 0.00092, 0.03040, 0.01814
INFO | Test - Best epoch 100, Loss, MSE, RMSE, MAE: 0.00090, 0.00090, 0.02995, 0.01817
INFO | Time spent: 3.23s
INFO | - Epoch 101, ExpID 82415
INFO | Train - Loss (one batch): 0.00120
INFO | Val - Loss, MSE, RMSE, MAE: 0.00092, 0.00092, 0.03039, 0.01789
INFO | Test - Best epoch 101, Loss, MSE, RMSE, MAE: 0.00090, 0.00090, 0.02992, 0.01784
INFO | Time spent: 2.97s
INFO | - Epoch 102, ExpID 82415
INFO | Train - Loss (one batch): 0.00095
INFO | Val - Loss, MSE, RMSE, MAE: 0.00098, 0.00098, 0.03134, 0.01950
INFO | Test - Best epoch 101, Loss, MSE, RMSE, MAE: 0.00090, 0.00090, 0.02992, 0.01784
INFO | Time spent: 2.65s
INFO | - Epoch 103, ExpID 82415
INFO | Train - Loss (one batch): 0.00082
INFO | Val - Loss, MSE, RMSE, MAE: 0.00096, 0.00096, 0.03099, 0.01876
INFO | Test - Best epoch 101, Loss, MSE, RMSE, MAE: 0.00090, 0.00090, 0.02992, 0.01784
INFO | Time spent: 2.47s
INFO | - Epoch 104, ExpID 82415
INFO | Train - Loss (one batch): 0.00115
INFO | Val - Loss, MSE, RMSE, MAE: 0.00095, 0.00095, 0.03081, 0.01869
INFO | Test - Best epoch 101, Loss, MSE, RMSE, MAE: 0.00090, 0.00090, 0.02992, 0.01784
INFO | Time spent: 2.44s
INFO | - Epoch 105, ExpID 82415
INFO | Train - Loss (one batch): 0.00082
INFO | Val - Loss, MSE, RMSE, MAE: 0.00095, 0.00095, 0.03089, 0.01889
INFO | Test - Best epoch 101, Loss, MSE, RMSE, MAE: 0.00090, 0.00090, 0.02992, 0.01784
INFO | Time spent: 2.47s
INFO | - Epoch 106, ExpID 82415
INFO | Train - Loss (one batch): 0.00084
INFO | Val - Loss, MSE, RMSE, MAE: 0.00095, 0.00095, 0.03075, 0.01848
INFO | Test - Best epoch 101, Loss, MSE, RMSE, MAE: 0.00090, 0.00090, 0.02992, 0.01784
INFO | Time spent: 2.46s
INFO | - Epoch 107, ExpID 82415
INFO | Train - Loss (one batch): 0.00062
INFO | Val - Loss, MSE, RMSE, MAE: 0.00126, 0.00126, 0.03545, 0.02459
INFO | Test - Best epoch 101, Loss, MSE, RMSE, MAE: 0.00090, 0.00090, 0.02992, 0.01784
INFO | Time spent: 2.48s
INFO | - Epoch 108, ExpID 82415
INFO | Train - Loss (one batch): 0.00077
INFO | Val - Loss, MSE, RMSE, MAE: 0.00092, 0.00092, 0.03040, 0.01798
INFO | Test - Best epoch 101, Loss, MSE, RMSE, MAE: 0.00090, 0.00090, 0.02992, 0.01784
INFO | Time spent: 2.41s
INFO | - Epoch 109, ExpID 82415
INFO | Train - Loss (one batch): 0.00123
INFO | Val - Loss, MSE, RMSE, MAE: 0.00093, 0.00093, 0.03045, 0.01802
INFO | Test - Best epoch 101, Loss, MSE, RMSE, MAE: 0.00090, 0.00090, 0.02992, 0.01784
INFO | Time spent: 2.42s
INFO | - Epoch 110, ExpID 82415
INFO | Train - Loss (one batch): 0.00096
INFO | Val - Loss, MSE, RMSE, MAE: 0.00094, 0.00094, 0.03066, 0.01863
INFO | Test - Best epoch 101, Loss, MSE, RMSE, MAE: 0.00090, 0.00090, 0.02992, 0.01784
INFO | Time spent: 2.40s
INFO | - Epoch 111, ExpID 82415
INFO | Train - Loss (one batch): 0.00110
INFO | Val - Loss, MSE, RMSE, MAE: 0.00092, 0.00092, 0.03035, 0.01800
INFO | Test - Best epoch 111, Loss, MSE, RMSE, MAE: 0.00090, 0.00090, 0.02992, 0.01805
INFO | Time spent: 2.85s
INFO | - Epoch 112, ExpID 82415
INFO | Train - Loss (one batch): 0.00079
INFO | Val - Loss, MSE, RMSE, MAE: 0.00094, 0.00094, 0.03061, 0.01836
INFO | Test - Best epoch 111, Loss, MSE, RMSE, MAE: 0.00090, 0.00090, 0.02992, 0.01805
INFO | Time spent: 2.42s
INFO | - Epoch 113, ExpID 82415
INFO | Train - Loss (one batch): 0.00080
INFO | Val - Loss, MSE, RMSE, MAE: 0.00097, 0.00097, 0.03120, 0.01934
INFO | Test - Best epoch 111, Loss, MSE, RMSE, MAE: 0.00090, 0.00090, 0.02992, 0.01805
INFO | Time spent: 2.42s
INFO | - Epoch 114, ExpID 82415
INFO | Train - Loss (one batch): 0.00094
INFO | Val - Loss, MSE, RMSE, MAE: 0.00093, 0.00093, 0.03054, 0.01838
INFO | Test - Best epoch 111, Loss, MSE, RMSE, MAE: 0.00090, 0.00090, 0.02992, 0.01805
INFO | Time spent: 2.45s
INFO | - Epoch 115, ExpID 82415
INFO | Train - Loss (one batch): 0.00070
INFO | Val - Loss, MSE, RMSE, MAE: 0.00097, 0.00097, 0.03107, 0.01899
INFO | Test - Best epoch 111, Loss, MSE, RMSE, MAE: 0.00090, 0.00090, 0.02992, 0.01805
INFO | Time spent: 2.44s
INFO | - Epoch 116, ExpID 82415
INFO | Train - Loss (one batch): 0.00098
INFO | Val - Loss, MSE, RMSE, MAE: 0.00095, 0.00095, 0.03082, 0.01856
INFO | Test - Best epoch 111, Loss, MSE, RMSE, MAE: 0.00090, 0.00090, 0.02992, 0.01805
INFO | Time spent: 2.43s
INFO | - Epoch 117, ExpID 82415
INFO | Train - Loss (one batch): 0.00081
INFO | Val - Loss, MSE, RMSE, MAE: 0.00094, 0.00094, 0.03060, 0.01839
INFO | Test - Best epoch 111, Loss, MSE, RMSE, MAE: 0.00090, 0.00090, 0.02992, 0.01805
INFO | Time spent: 2.41s
INFO | - Epoch 118, ExpID 82415
INFO | Train - Loss (one batch): 0.00092
INFO | Val - Loss, MSE, RMSE, MAE: 0.00093, 0.00093, 0.03048, 0.01817
INFO | Test - Best epoch 111, Loss, MSE, RMSE, MAE: 0.00090, 0.00090, 0.02992, 0.01805
INFO | Time spent: 2.43s
INFO | - Epoch 119, ExpID 82415
INFO | Train - Loss (one batch): 0.00077
INFO | Val - Loss, MSE, RMSE, MAE: 0.00094, 0.00094, 0.03063, 0.01847
INFO | Test - Best epoch 111, Loss, MSE, RMSE, MAE: 0.00090, 0.00090, 0.02992, 0.01805
INFO | Time spent: 2.42s
INFO | - Epoch 120, ExpID 82415
INFO | Train - Loss (one batch): 0.00102
INFO | Val - Loss, MSE, RMSE, MAE: 0.00092, 0.00092, 0.03038, 0.01810
INFO | Test - Best epoch 111, Loss, MSE, RMSE, MAE: 0.00090, 0.00090, 0.02992, 0.01805
INFO | Time spent: 2.42s
INFO | - Epoch 121, ExpID 82415
INFO | Train - Loss (one batch): 0.00079
INFO | Val - Loss, MSE, RMSE, MAE: 0.00092, 0.00092, 0.03039, 0.01805
INFO | Test - Best epoch 111, Loss, MSE, RMSE, MAE: 0.00090, 0.00090, 0.02992, 0.01805
INFO | Time spent: 2.42s
INFO | - Epoch 122, ExpID 82415
INFO | Train - Loss (one batch): 0.00086
INFO | Val - Loss, MSE, RMSE, MAE: 0.00094, 0.00094, 0.03063, 0.01854
INFO | Test - Best epoch 111, Loss, MSE, RMSE, MAE: 0.00090, 0.00090, 0.02992, 0.01805
INFO | Time spent: 2.42s
INFO | - Epoch 123, ExpID 82415
INFO | Train - Loss (one batch): 0.00077
INFO | Val - Loss, MSE, RMSE, MAE: 0.00094, 0.00094, 0.03061, 0.01838
INFO | Test - Best epoch 111, Loss, MSE, RMSE, MAE: 0.00090, 0.00090, 0.02992, 0.01805
INFO | Time spent: 2.41s
INFO | - Epoch 124, ExpID 82415
INFO | Train - Loss (one batch): 0.00099
INFO | Val - Loss, MSE, RMSE, MAE: 0.00099, 0.00099, 0.03147, 0.02001
INFO | Test - Best epoch 111, Loss, MSE, RMSE, MAE: 0.00090, 0.00090, 0.02992, 0.01805
INFO | Time spent: 2.40s
INFO | - Epoch 125, ExpID 82415
INFO | Train - Loss (one batch): 0.00075
INFO | Val - Loss, MSE, RMSE, MAE: 0.00097, 0.00097, 0.03108, 0.01881
INFO | Test - Best epoch 111, Loss, MSE, RMSE, MAE: 0.00090, 0.00090, 0.02992, 0.01805
INFO | Time spent: 2.44s
INFO | - Epoch 126, ExpID 82415
INFO | Train - Loss (one batch): 0.00093
INFO | Val - Loss, MSE, RMSE, MAE: 0.00094, 0.00094, 0.03064, 0.01850
INFO | Test - Best epoch 111, Loss, MSE, RMSE, MAE: 0.00090, 0.00090, 0.02992, 0.01805
INFO | Time spent: 2.43s
INFO | - Epoch 127, ExpID 82415
INFO | Train - Loss (one batch): 0.00062
INFO | Val - Loss, MSE, RMSE, MAE: 0.00093, 0.00093, 0.03053, 0.01820
INFO | Test - Best epoch 111, Loss, MSE, RMSE, MAE: 0.00090, 0.00090, 0.02992, 0.01805
INFO | Time spent: 2.54s
INFO | - Epoch 128, ExpID 82415
INFO | Train - Loss (one batch): 0.00058
INFO | Val - Loss, MSE, RMSE, MAE: 0.00100, 0.00100, 0.03168, 0.02001
INFO | Test - Best epoch 111, Loss, MSE, RMSE, MAE: 0.00090, 0.00090, 0.02992, 0.01805
INFO | Time spent: 2.40s
INFO | - Epoch 129, ExpID 82415
INFO | Train - Loss (one batch): 0.00086
INFO | Val - Loss, MSE, RMSE, MAE: 0.00093, 0.00093, 0.03042, 0.01826
INFO | Test - Best epoch 111, Loss, MSE, RMSE, MAE: 0.00090, 0.00090, 0.02992, 0.01805
INFO | Time spent: 2.43s
INFO | - Epoch 130, ExpID 82415
INFO | Train - Loss (one batch): 0.00098
INFO | Val - Loss, MSE, RMSE, MAE: 0.00092, 0.00092, 0.03030, 0.01804
INFO | Test - Best epoch 130, Loss, MSE, RMSE, MAE: 0.00089, 0.00089, 0.02979, 0.01797
INFO | Time spent: 2.85s
INFO | - Epoch 131, ExpID 82415
INFO | Train - Loss (one batch): 0.00103
INFO | Val - Loss, MSE, RMSE, MAE: 0.00091, 0.00091, 0.03020, 0.01791
INFO | Test - Best epoch 131, Loss, MSE, RMSE, MAE: 0.00089, 0.00089, 0.02978, 0.01792
INFO | Time spent: 2.85s
INFO | - Epoch 132, ExpID 82415
INFO | Train - Loss (one batch): 0.00085
INFO | Val - Loss, MSE, RMSE, MAE: 0.00093, 0.00093, 0.03042, 0.01814
INFO | Test - Best epoch 131, Loss, MSE, RMSE, MAE: 0.00089, 0.00089, 0.02978, 0.01792
INFO | Time spent: 2.41s
INFO | - Epoch 133, ExpID 82415
INFO | Train - Loss (one batch): 0.00055
INFO | Val - Loss, MSE, RMSE, MAE: 0.00094, 0.00094, 0.03064, 0.01835
INFO | Test - Best epoch 131, Loss, MSE, RMSE, MAE: 0.00089, 0.00089, 0.02978, 0.01792
INFO | Time spent: 2.41s
INFO | - Epoch 134, ExpID 82415
INFO | Train - Loss (one batch): 0.00092
INFO | Val - Loss, MSE, RMSE, MAE: 0.00096, 0.00096, 0.03092, 0.01860
INFO | Test - Best epoch 131, Loss, MSE, RMSE, MAE: 0.00089, 0.00089, 0.02978, 0.01792
INFO | Time spent: 2.40s
INFO | - Epoch 135, ExpID 82415
INFO | Train - Loss (one batch): 0.00093
INFO | Val - Loss, MSE, RMSE, MAE: 0.00095, 0.00095, 0.03082, 0.01877
INFO | Test - Best epoch 131, Loss, MSE, RMSE, MAE: 0.00089, 0.00089, 0.02978, 0.01792
INFO | Time spent: 2.42s
INFO | - Epoch 136, ExpID 82415
INFO | Train - Loss (one batch): 0.00079
INFO | Val - Loss, MSE, RMSE, MAE: 0.00098, 0.00098, 0.03129, 0.01962
INFO | Test - Best epoch 131, Loss, MSE, RMSE, MAE: 0.00089, 0.00089, 0.02978, 0.01792
INFO | Time spent: 2.41s
INFO | - Epoch 137, ExpID 82415
INFO | Train - Loss (one batch): 0.00076
INFO | Val - Loss, MSE, RMSE, MAE: 0.00096, 0.00096, 0.03100, 0.01919
INFO | Test - Best epoch 131, Loss, MSE, RMSE, MAE: 0.00089, 0.00089, 0.02978, 0.01792
INFO | Time spent: 2.43s
INFO | - Epoch 138, ExpID 82415
INFO | Train - Loss (one batch): 0.00066
INFO | Val - Loss, MSE, RMSE, MAE: 0.00106, 0.00106, 0.03255, 0.02090
INFO | Test - Best epoch 131, Loss, MSE, RMSE, MAE: 0.00089, 0.00089, 0.02978, 0.01792
INFO | Time spent: 2.55s
INFO | - Epoch 139, ExpID 82415
INFO | Train - Loss (one batch): 0.00087
INFO | Val - Loss, MSE, RMSE, MAE: 0.00094, 0.00094, 0.03065, 0.01845
INFO | Test - Best epoch 131, Loss, MSE, RMSE, MAE: 0.00089, 0.00089, 0.02978, 0.01792
INFO | Time spent: 2.44s
INFO | - Epoch 140, ExpID 82415
INFO | Train - Loss (one batch): 0.00064
INFO | Val - Loss, MSE, RMSE, MAE: 0.00102, 0.00102, 0.03190, 0.02069
INFO | Test - Best epoch 131, Loss, MSE, RMSE, MAE: 0.00089, 0.00089, 0.02978, 0.01792
INFO | Time spent: 2.42s
INFO | - Epoch 141, ExpID 82415
INFO | Train - Loss (one batch): 0.00075
INFO | Val - Loss, MSE, RMSE, MAE: 0.00105, 0.00105, 0.03238, 0.02099
INFO | Test - Best epoch 131, Loss, MSE, RMSE, MAE: 0.00089, 0.00089, 0.02978, 0.01792
INFO | Time spent: 2.49s
INFO | - Epoch 142, ExpID 82415
INFO | Train - Loss (one batch): 0.00084
INFO | Val - Loss, MSE, RMSE, MAE: 0.00094, 0.00094, 0.03059, 0.01831
INFO | Test - Best epoch 131, Loss, MSE, RMSE, MAE: 0.00089, 0.00089, 0.02978, 0.01792
INFO | Time spent: 2.43s
INFO | - Epoch 143, ExpID 82415
INFO | Train - Loss (one batch): 0.00063
INFO | Val - Loss, MSE, RMSE, MAE: 0.00092, 0.00092, 0.03034, 0.01812
INFO | Test - Best epoch 131, Loss, MSE, RMSE, MAE: 0.00089, 0.00089, 0.02978, 0.01792
INFO | Time spent: 2.45s
INFO | - Epoch 144, ExpID 82415
INFO | Train - Loss (one batch): 0.00119
INFO | Val - Loss, MSE, RMSE, MAE: 0.00092, 0.00092, 0.03032, 0.01782
INFO | Test - Best epoch 131, Loss, MSE, RMSE, MAE: 0.00089, 0.00089, 0.02978, 0.01792
INFO | Time spent: 2.44s
INFO | - Epoch 145, ExpID 82415
INFO | Train - Loss (one batch): 0.00119
INFO | Val - Loss, MSE, RMSE, MAE: 0.00100, 0.00100, 0.03159, 0.01997
INFO | Test - Best epoch 131, Loss, MSE, RMSE, MAE: 0.00089, 0.00089, 0.02978, 0.01792
INFO | Time spent: 2.41s
INFO | - Epoch 146, ExpID 82415
INFO | Train - Loss (one batch): 0.00089
INFO | Val - Loss, MSE, RMSE, MAE: 0.00096, 0.00096, 0.03093, 0.01903
INFO | Test - Best epoch 131, Loss, MSE, RMSE, MAE: 0.00089, 0.00089, 0.02978, 0.01792
INFO | Time spent: 2.42s
INFO | - Epoch 147, ExpID 82415
INFO | Train - Loss (one batch): 0.00095
INFO | Val - Loss, MSE, RMSE, MAE: 0.00092, 0.00092, 0.03026, 0.01799
INFO | Test - Best epoch 131, Loss, MSE, RMSE, MAE: 0.00089, 0.00089, 0.02978, 0.01792
INFO | Time spent: 2.41s
INFO | - Epoch 148, ExpID 82415
INFO | Train - Loss (one batch): 0.00079
INFO | Val - Loss, MSE, RMSE, MAE: 0.00094, 0.00094, 0.03070, 0.01841
INFO | Test - Best epoch 131, Loss, MSE, RMSE, MAE: 0.00089, 0.00089, 0.02978, 0.01792
INFO | Time spent: 2.43s
INFO | - Epoch 149, ExpID 82415
INFO | Train - Loss (one batch): 0.00089
INFO | Val - Loss, MSE, RMSE, MAE: 0.00096, 0.00096, 0.03092, 0.01894
INFO | Test - Best epoch 131, Loss, MSE, RMSE, MAE: 0.00089, 0.00089, 0.02978, 0.01792
INFO | Time spent: 2.41s
INFO | - Epoch 150, ExpID 82415
INFO | Train - Loss (one batch): 0.00060
INFO | Val - Loss, MSE, RMSE, MAE: 0.00094, 0.00094, 0.03073, 0.01863
INFO | Test - Best epoch 131, Loss, MSE, RMSE, MAE: 0.00089, 0.00089, 0.02978, 0.01792
INFO | Time spent: 2.53s
INFO | - Epoch 151, ExpID 82415
INFO | Train - Loss (one batch): 0.00088
INFO | Val - Loss, MSE, RMSE, MAE: 0.00093, 0.00093, 0.03048, 0.01799
INFO | Test - Best epoch 131, Loss, MSE, RMSE, MAE: 0.00089, 0.00089, 0.02978, 0.01792
INFO | Time spent: 2.43s
INFO | - Epoch 152, ExpID 82415
INFO | Train - Loss (one batch): 0.00093
INFO | Val - Loss, MSE, RMSE, MAE: 0.00094, 0.00094, 0.03058, 0.01842
INFO | Test - Best epoch 131, Loss, MSE, RMSE, MAE: 0.00089, 0.00089, 0.02978, 0.01792
INFO | Time spent: 2.40s
INFO | - Epoch 153, ExpID 82415
INFO | Train - Loss (one batch): 0.00074
INFO | Val - Loss, MSE, RMSE, MAE: 0.00095, 0.00095, 0.03085, 0.01923
INFO | Test - Best epoch 131, Loss, MSE, RMSE, MAE: 0.00089, 0.00089, 0.02978, 0.01792
INFO | Time spent: 2.42s
INFO | - Epoch 154, ExpID 82415
INFO | Train - Loss (one batch): 0.00076
INFO | Val - Loss, MSE, RMSE, MAE: 0.00092, 0.00092, 0.03038, 0.01832
INFO | Test - Best epoch 131, Loss, MSE, RMSE, MAE: 0.00089, 0.00089, 0.02978, 0.01792
INFO | Time spent: 2.40s
INFO | - Epoch 155, ExpID 82415
INFO | Train - Loss (one batch): 0.00085
INFO | Val - Loss, MSE, RMSE, MAE: 0.00092, 0.00092, 0.03039, 0.01824
INFO | Test - Best epoch 131, Loss, MSE, RMSE, MAE: 0.00089, 0.00089, 0.02978, 0.01792
INFO | Time spent: 2.46s
INFO | - Epoch 156, ExpID 82415
INFO | Train - Loss (one batch): 0.00065
INFO | Val - Loss, MSE, RMSE, MAE: 0.00098, 0.00098, 0.03136, 0.01940
INFO | Test - Best epoch 131, Loss, MSE, RMSE, MAE: 0.00089, 0.00089, 0.02978, 0.01792
INFO | Time spent: 2.40s
INFO | - Epoch 157, ExpID 82415
INFO | Train - Loss (one batch): 0.00098
INFO | Val - Loss, MSE, RMSE, MAE: 0.00095, 0.00095, 0.03077, 0.01866
INFO | Test - Best epoch 131, Loss, MSE, RMSE, MAE: 0.00089, 0.00089, 0.02978, 0.01792
INFO | Time spent: 2.41s
INFO | - Epoch 158, ExpID 82415
INFO | Train - Loss (one batch): 0.00076
INFO | Val - Loss, MSE, RMSE, MAE: 0.00092, 0.00092, 0.03033, 0.01797
INFO | Test - Best epoch 131, Loss, MSE, RMSE, MAE: 0.00089, 0.00089, 0.02978, 0.01792
INFO | Time spent: 2.41s
INFO | - Epoch 159, ExpID 82415
INFO | Train - Loss (one batch): 0.00093
INFO | Val - Loss, MSE, RMSE, MAE: 0.00092, 0.00092, 0.03034, 0.01792
INFO | Test - Best epoch 131, Loss, MSE, RMSE, MAE: 0.00089, 0.00089, 0.02978, 0.01792
INFO | Time spent: 2.41s
INFO | - Epoch 160, ExpID 82415
INFO | Train - Loss (one batch): 0.00064
INFO | Val - Loss, MSE, RMSE, MAE: 0.00094, 0.00094, 0.03058, 0.01838
INFO | Test - Best epoch 131, Loss, MSE, RMSE, MAE: 0.00089, 0.00089, 0.02978, 0.01792
INFO | Time spent: 2.32s
INFO | - Epoch 161, ExpID 82415
INFO | Train - Loss (one batch): 0.00082
INFO | Val - Loss, MSE, RMSE, MAE: 0.00095, 0.00095, 0.03088, 0.01907
INFO | Test - Best epoch 131, Loss, MSE, RMSE, MAE: 0.00089, 0.00089, 0.02978, 0.01792
INFO | Time spent: 2.33s
INFO | - Epoch 162, ExpID 82415
INFO | Train - Loss (one batch): 0.00063
INFO | Val - Loss, MSE, RMSE, MAE: 0.00093, 0.00093, 0.03041, 0.01811
INFO | Test - Best epoch 131, Loss, MSE, RMSE, MAE: 0.00089, 0.00089, 0.02978, 0.01792
INFO | Time spent: 2.32s
INFO | - Epoch 163, ExpID 82415
INFO | Train - Loss (one batch): 0.00070
INFO | Val - Loss, MSE, RMSE, MAE: 0.00092, 0.00092, 0.03041, 0.01817
INFO | Test - Best epoch 131, Loss, MSE, RMSE, MAE: 0.00089, 0.00089, 0.02978, 0.01792
INFO | Time spent: 2.35s
INFO | - Epoch 164, ExpID 82415
INFO | Train - Loss (one batch): 0.00067
INFO | Val - Loss, MSE, RMSE, MAE: 0.00097, 0.00097, 0.03120, 0.01914
INFO | Test - Best epoch 131, Loss, MSE, RMSE, MAE: 0.00089, 0.00089, 0.02978, 0.01792
INFO | Time spent: 2.33s
INFO | - Epoch 165, ExpID 82415
INFO | Train - Loss (one batch): 0.00090
INFO | Val - Loss, MSE, RMSE, MAE: 0.00101, 0.00101, 0.03171, 0.01965
INFO | Test - Best epoch 131, Loss, MSE, RMSE, MAE: 0.00089, 0.00089, 0.02978, 0.01792
INFO | Time spent: 2.34s
INFO | - Epoch 166, ExpID 82415
INFO | Train - Loss (one batch): 0.00063
INFO | Val - Loss, MSE, RMSE, MAE: 0.00094, 0.00094, 0.03066, 0.01876
INFO | Test - Best epoch 131, Loss, MSE, RMSE, MAE: 0.00089, 0.00089, 0.02978, 0.01792
INFO | Time spent: 2.40s
INFO | - Epoch 167, ExpID 82415
INFO | Train - Loss (one batch): 0.00084
INFO | Val - Loss, MSE, RMSE, MAE: 0.00095, 0.00095, 0.03077, 0.01893
INFO | Test - Best epoch 131, Loss, MSE, RMSE, MAE: 0.00089, 0.00089, 0.02978, 0.01792
INFO | Time spent: 2.54s
INFO | - Epoch 168, ExpID 82415
INFO | Train - Loss (one batch): 0.00085
INFO | Val - Loss, MSE, RMSE, MAE: 0.00121, 0.00121, 0.03474, 0.02415
INFO | Test - Best epoch 131, Loss, MSE, RMSE, MAE: 0.00089, 0.00089, 0.02978, 0.01792
INFO | Time spent: 2.42s
INFO | - Epoch 169, ExpID 82415
INFO | Train - Loss (one batch): 0.00080
INFO | Val - Loss, MSE, RMSE, MAE: 0.00091, 0.00091, 0.03011, 0.01806
INFO | Test - Best epoch 169, Loss, MSE, RMSE, MAE: 0.00089, 0.00089, 0.02983, 0.01805
INFO | Time spent: 2.89s
INFO | - Epoch 170, ExpID 82415
INFO | Train - Loss (one batch): 0.00078
INFO | Val - Loss, MSE, RMSE, MAE: 0.00091, 0.00091, 0.03022, 0.01789
INFO | Test - Best epoch 169, Loss, MSE, RMSE, MAE: 0.00089, 0.00089, 0.02983, 0.01805
INFO | Time spent: 2.44s
INFO | - Epoch 171, ExpID 82415
INFO | Train - Loss (one batch): 0.00053
INFO | Val - Loss, MSE, RMSE, MAE: 0.00093, 0.00093, 0.03052, 0.01808
INFO | Test - Best epoch 169, Loss, MSE, RMSE, MAE: 0.00089, 0.00089, 0.02983, 0.01805
INFO | Time spent: 2.50s
INFO | - Epoch 172, ExpID 82415
INFO | Train - Loss (one batch): 0.00067
INFO | Val - Loss, MSE, RMSE, MAE: 0.00104, 0.00104, 0.03225, 0.02103
INFO | Test - Best epoch 169, Loss, MSE, RMSE, MAE: 0.00089, 0.00089, 0.02983, 0.01805
INFO | Time spent: 2.42s
INFO | - Epoch 173, ExpID 82415
INFO | Train - Loss (one batch): 0.00080
INFO | Val - Loss, MSE, RMSE, MAE: 0.00093, 0.00093, 0.03044, 0.01809
INFO | Test - Best epoch 169, Loss, MSE, RMSE, MAE: 0.00089, 0.00089, 0.02983, 0.01805
INFO | Time spent: 2.39s
INFO | - Epoch 174, ExpID 82415
INFO | Train - Loss (one batch): 0.00064
INFO | Val - Loss, MSE, RMSE, MAE: 0.00092, 0.00092, 0.03029, 0.01806
INFO | Test - Best epoch 169, Loss, MSE, RMSE, MAE: 0.00089, 0.00089, 0.02983, 0.01805
INFO | Time spent: 2.42s
INFO | - Epoch 175, ExpID 82415
INFO | Train - Loss (one batch): 0.00082
INFO | Val - Loss, MSE, RMSE, MAE: 0.00093, 0.00093, 0.03055, 0.01862
INFO | Test - Best epoch 169, Loss, MSE, RMSE, MAE: 0.00089, 0.00089, 0.02983, 0.01805
INFO | Time spent: 2.41s
INFO | - Epoch 176, ExpID 82415
INFO | Train - Loss (one batch): 0.00065
INFO | Val - Loss, MSE, RMSE, MAE: 0.00101, 0.00101, 0.03176, 0.01977
INFO | Test - Best epoch 169, Loss, MSE, RMSE, MAE: 0.00089, 0.00089, 0.02983, 0.01805
INFO | Time spent: 2.41s
INFO | - Epoch 177, ExpID 82415
INFO | Train - Loss (one batch): 0.00086
INFO | Val - Loss, MSE, RMSE, MAE: 0.00094, 0.00094, 0.03064, 0.01828
INFO | Test - Best epoch 169, Loss, MSE, RMSE, MAE: 0.00089, 0.00089, 0.02983, 0.01805
INFO | Time spent: 2.52s
INFO | - Epoch 178, ExpID 82415
INFO | Train - Loss (one batch): 0.00075
INFO | Val - Loss, MSE, RMSE, MAE: 0.00095, 0.00095, 0.03076, 0.01884
INFO | Test - Best epoch 169, Loss, MSE, RMSE, MAE: 0.00089, 0.00089, 0.02983, 0.01805
INFO | Time spent: 2.43s
INFO | - Epoch 179, ExpID 82415
INFO | Train - Loss (one batch): 0.00076
INFO | Val - Loss, MSE, RMSE, MAE: 0.00093, 0.00093, 0.03058, 0.01875
INFO | Test - Best epoch 169, Loss, MSE, RMSE, MAE: 0.00089, 0.00089, 0.02983, 0.01805
INFO | Time spent: 2.43s
INFO | - Epoch 180, ExpID 82415
INFO | Train - Loss (one batch): 0.00076
INFO | Val - Loss, MSE, RMSE, MAE: 0.00094, 0.00094, 0.03062, 0.01878
INFO | Test - Best epoch 169, Loss, MSE, RMSE, MAE: 0.00089, 0.00089, 0.02983, 0.01805
INFO | Time spent: 2.40s
INFO | - Epoch 181, ExpID 82415
INFO | Train - Loss (one batch): 0.00089
INFO | Val - Loss, MSE, RMSE, MAE: 0.00092, 0.00092, 0.03034, 0.01808
INFO | Test - Best epoch 169, Loss, MSE, RMSE, MAE: 0.00089, 0.00089, 0.02983, 0.01805
INFO | Time spent: 2.42s
INFO | - Epoch 182, ExpID 82415
INFO | Train - Loss (one batch): 0.00089
INFO | Val - Loss, MSE, RMSE, MAE: 0.00094, 0.00094, 0.03062, 0.01852
INFO | Test - Best epoch 169, Loss, MSE, RMSE, MAE: 0.00089, 0.00089, 0.02983, 0.01805
INFO | Time spent: 2.42s
INFO | - Epoch 183, ExpID 82415
INFO | Train - Loss (one batch): 0.00073
INFO | Val - Loss, MSE, RMSE, MAE: 0.00091, 0.00091, 0.03025, 0.01798
INFO | Test - Best epoch 169, Loss, MSE, RMSE, MAE: 0.00089, 0.00089, 0.02983, 0.01805
INFO | Time spent: 2.39s
INFO | - Epoch 184, ExpID 82415
INFO | Train - Loss (one batch): 0.00090
INFO | Val - Loss, MSE, RMSE, MAE: 0.00092, 0.00092, 0.03031, 0.01802
INFO | Test - Best epoch 169, Loss, MSE, RMSE, MAE: 0.00089, 0.00089, 0.02983, 0.01805
INFO | Time spent: 2.40s
INFO | - Epoch 185, ExpID 82415
INFO | Train - Loss (one batch): 0.00068
INFO | Val - Loss, MSE, RMSE, MAE: 0.00096, 0.00096, 0.03099, 0.01891
INFO | Test - Best epoch 169, Loss, MSE, RMSE, MAE: 0.00089, 0.00089, 0.02983, 0.01805
INFO | Time spent: 2.50s
INFO | - Epoch 186, ExpID 82415
INFO | Train - Loss (one batch): 0.00079
INFO | Val - Loss, MSE, RMSE, MAE: 0.00091, 0.00091, 0.03023, 0.01800
INFO | Test - Best epoch 169, Loss, MSE, RMSE, MAE: 0.00089, 0.00089, 0.02983, 0.01805
INFO | Time spent: 2.42s
INFO | - Epoch 187, ExpID 82415
INFO | Train - Loss (one batch): 0.00073
INFO | Val - Loss, MSE, RMSE, MAE: 0.00091, 0.00091, 0.03014, 0.01791
INFO | Test - Best epoch 169, Loss, MSE, RMSE, MAE: 0.00089, 0.00089, 0.02983, 0.01805
INFO | Time spent: 2.40s
INFO | - Epoch 188, ExpID 82415
INFO | Train - Loss (one batch): 0.00073
INFO | Val - Loss, MSE, RMSE, MAE: 0.00091, 0.00091, 0.03018, 0.01784
INFO | Test - Best epoch 169, Loss, MSE, RMSE, MAE: 0.00089, 0.00089, 0.02983, 0.01805
INFO | Time spent: 2.59s
INFO | - Epoch 189, ExpID 82415
INFO | Train - Loss (one batch): 0.00082
INFO | Val - Loss, MSE, RMSE, MAE: 0.00091, 0.00091, 0.03016, 0.01804
INFO | Test - Best epoch 169, Loss, MSE, RMSE, MAE: 0.00089, 0.00089, 0.02983, 0.01805
INFO | Time spent: 2.41s
INFO | - Epoch 190, ExpID 82415
INFO | Train - Loss (one batch): 0.00072
INFO | Val - Loss, MSE, RMSE, MAE: 0.00097, 0.00097, 0.03121, 0.01973
INFO | Test - Best epoch 169, Loss, MSE, RMSE, MAE: 0.00089, 0.00089, 0.02983, 0.01805
INFO | Time spent: 2.50s
INFO | - Epoch 191, ExpID 82415
INFO | Train - Loss (one batch): 0.00103
INFO | Val - Loss, MSE, RMSE, MAE: 0.00095, 0.00095, 0.03090, 0.01917
INFO | Test - Best epoch 169, Loss, MSE, RMSE, MAE: 0.00089, 0.00089, 0.02983, 0.01805
INFO | Time spent: 2.42s
INFO | - Epoch 192, ExpID 82415
INFO | Train - Loss (one batch): 0.00103
INFO | Val - Loss, MSE, RMSE, MAE: 0.00092, 0.00092, 0.03036, 0.01813
INFO | Test - Best epoch 169, Loss, MSE, RMSE, MAE: 0.00089, 0.00089, 0.02983, 0.01805
INFO | Time spent: 2.43s
INFO | - Epoch 193, ExpID 82415
INFO | Train - Loss (one batch): 0.00095
INFO | Val - Loss, MSE, RMSE, MAE: 0.00100, 0.00100, 0.03158, 0.02025
INFO | Test - Best epoch 169, Loss, MSE, RMSE, MAE: 0.00089, 0.00089, 0.02983, 0.01805
INFO | Time spent: 2.41s
INFO | - Epoch 194, ExpID 82415
INFO | Train - Loss (one batch): 0.00069
INFO | Val - Loss, MSE, RMSE, MAE: 0.00091, 0.00091, 0.03009, 0.01776
INFO | Test - Best epoch 194, Loss, MSE, RMSE, MAE: 0.00089, 0.00089, 0.02979, 0.01791
INFO | Time spent: 2.84s
INFO | - Epoch 195, ExpID 82415
INFO | Train - Loss (one batch): 0.00097
INFO | Val - Loss, MSE, RMSE, MAE: 0.00092, 0.00092, 0.03026, 0.01787
INFO | Test - Best epoch 194, Loss, MSE, RMSE, MAE: 0.00089, 0.00089, 0.02979, 0.01791
INFO | Time spent: 2.40s
INFO | - Epoch 196, ExpID 82415
INFO | Train - Loss (one batch): 0.00062
INFO | Val - Loss, MSE, RMSE, MAE: 0.00091, 0.00091, 0.03014, 0.01783
INFO | Test - Best epoch 194, Loss, MSE, RMSE, MAE: 0.00089, 0.00089, 0.02979, 0.01791
INFO | Time spent: 2.51s
INFO | - Epoch 197, ExpID 82415
INFO | Train - Loss (one batch): 0.00062
INFO | Val - Loss, MSE, RMSE, MAE: 0.00093, 0.00093, 0.03049, 0.01829
INFO | Test - Best epoch 194, Loss, MSE, RMSE, MAE: 0.00089, 0.00089, 0.02979, 0.01791
INFO | Time spent: 2.42s
INFO | - Epoch 198, ExpID 82415
INFO | Train - Loss (one batch): 0.00074
INFO | Val - Loss, MSE, RMSE, MAE: 0.00096, 0.00096, 0.03105, 0.01910
INFO | Test - Best epoch 194, Loss, MSE, RMSE, MAE: 0.00089, 0.00089, 0.02979, 0.01791
INFO | Time spent: 2.39s
INFO | - Epoch 199, ExpID 82415
INFO | Train - Loss (one batch): 0.00067
INFO | Val - Loss, MSE, RMSE, MAE: 0.00094, 0.00094, 0.03059, 0.01817
INFO | Test - Best epoch 194, Loss, MSE, RMSE, MAE: 0.00089, 0.00089, 0.02979, 0.01791
INFO | Time spent: 2.39s
INFO | - Epoch 200, ExpID 82415
INFO | Train - Loss (one batch): 0.00087
INFO | Val - Loss, MSE, RMSE, MAE: 0.00094, 0.00094, 0.03064, 0.01842
INFO | Test - Best epoch 194, Loss, MSE, RMSE, MAE: 0.00089, 0.00089, 0.02979, 0.01791
INFO | Time spent: 2.39s
INFO | - Epoch 201, ExpID 82415
INFO | Train - Loss (one batch): 0.00064
INFO | Val - Loss, MSE, RMSE, MAE: 0.00094, 0.00094, 0.03065, 0.01860
INFO | Test - Best epoch 194, Loss, MSE, RMSE, MAE: 0.00089, 0.00089, 0.02979, 0.01791
INFO | Time spent: 2.60s
INFO | - Epoch 202, ExpID 82415
INFO | Train - Loss (one batch): 0.00066
INFO | Val - Loss, MSE, RMSE, MAE: 0.00105, 0.00105, 0.03234, 0.02107
INFO | Test - Best epoch 194, Loss, MSE, RMSE, MAE: 0.00089, 0.00089, 0.02979, 0.01791
INFO | Time spent: 2.43s
INFO | - Epoch 203, ExpID 82415
INFO | Train - Loss (one batch): 0.00069
INFO | Val - Loss, MSE, RMSE, MAE: 0.00092, 0.00092, 0.03026, 0.01809
INFO | Test - Best epoch 194, Loss, MSE, RMSE, MAE: 0.00089, 0.00089, 0.02979, 0.01791
INFO | Time spent: 2.43s
INFO | - Epoch 204, ExpID 82415
INFO | Train - Loss (one batch): 0.00081
INFO | Val - Loss, MSE, RMSE, MAE: 0.00091, 0.00091, 0.03021, 0.01785
INFO | Test - Best epoch 194, Loss, MSE, RMSE, MAE: 0.00089, 0.00089, 0.02979, 0.01791
INFO | Time spent: 2.41s
INFO | - Epoch 205, ExpID 82415
INFO | Train - Loss (one batch): 0.00070
INFO | Val - Loss, MSE, RMSE, MAE: 0.00094, 0.00094, 0.03071, 0.01909
INFO | Test - Best epoch 194, Loss, MSE, RMSE, MAE: 0.00089, 0.00089, 0.02979, 0.01791
INFO | Time spent: 2.41s
INFO | - Epoch 206, ExpID 82415
INFO | Train - Loss (one batch): 0.00079
INFO | Val - Loss, MSE, RMSE, MAE: 0.00094, 0.00094, 0.03067, 0.01853
INFO | Test - Best epoch 194, Loss, MSE, RMSE, MAE: 0.00089, 0.00089, 0.02979, 0.01791
INFO | Time spent: 2.41s
INFO | - Epoch 207, ExpID 82415
INFO | Train - Loss (one batch): 0.00063
INFO | Val - Loss, MSE, RMSE, MAE: 0.00095, 0.00095, 0.03077, 0.01883
INFO | Test - Best epoch 194, Loss, MSE, RMSE, MAE: 0.00089, 0.00089, 0.02979, 0.01791
INFO | Time spent: 2.46s
INFO | - Epoch 208, ExpID 82415
INFO | Train - Loss (one batch): 0.00067
INFO | Val - Loss, MSE, RMSE, MAE: 0.00096, 0.00096, 0.03091, 0.01916
INFO | Test - Best epoch 194, Loss, MSE, RMSE, MAE: 0.00089, 0.00089, 0.02979, 0.01791
INFO | Time spent: 2.42s
INFO | - Epoch 209, ExpID 82415
INFO | Train - Loss (one batch): 0.00080
INFO | Val - Loss, MSE, RMSE, MAE: 0.00091, 0.00091, 0.03024, 0.01811
INFO | Test - Best epoch 194, Loss, MSE, RMSE, MAE: 0.00089, 0.00089, 0.02979, 0.01791
INFO | Time spent: 2.41s
INFO | - Epoch 210, ExpID 82415
INFO | Train - Loss (one batch): 0.00076
INFO | Val - Loss, MSE, RMSE, MAE: 0.00093, 0.00093, 0.03052, 0.01843
INFO | Test - Best epoch 194, Loss, MSE, RMSE, MAE: 0.00089, 0.00089, 0.02979, 0.01791
INFO | Time spent: 2.41s
INFO | - Epoch 211, ExpID 82415
INFO | Train - Loss (one batch): 0.00111
INFO | Val - Loss, MSE, RMSE, MAE: 0.00098, 0.00098, 0.03135, 0.01962
INFO | Test - Best epoch 194, Loss, MSE, RMSE, MAE: 0.00089, 0.00089, 0.02979, 0.01791
INFO | Time spent: 2.42s
INFO | - Epoch 212, ExpID 82415
INFO | Train - Loss (one batch): 0.00087
INFO | Val - Loss, MSE, RMSE, MAE: 0.00096, 0.00096, 0.03103, 0.01954
INFO | Test - Best epoch 194, Loss, MSE, RMSE, MAE: 0.00089, 0.00089, 0.02979, 0.01791
INFO | Time spent: 2.51s
INFO | - Epoch 213, ExpID 82415
INFO | Train - Loss (one batch): 0.00103
INFO | Val - Loss, MSE, RMSE, MAE: 0.00091, 0.00091, 0.03024, 0.01799
INFO | Test - Best epoch 194, Loss, MSE, RMSE, MAE: 0.00089, 0.00089, 0.02979, 0.01791
INFO | Time spent: 2.42s
INFO | - Epoch 214, ExpID 82415
INFO | Train - Loss (one batch): 0.00066
INFO | Val - Loss, MSE, RMSE, MAE: 0.00091, 0.00091, 0.03020, 0.01822
INFO | Test - Best epoch 194, Loss, MSE, RMSE, MAE: 0.00089, 0.00089, 0.02979, 0.01791
INFO | Time spent: 2.44s
INFO | - Epoch 215, ExpID 82415
INFO | Train - Loss (one batch): 0.00096
INFO | Val - Loss, MSE, RMSE, MAE: 0.00091, 0.00091, 0.03024, 0.01823
INFO | Test - Best epoch 194, Loss, MSE, RMSE, MAE: 0.00089, 0.00089, 0.02979, 0.01791
INFO | Time spent: 2.43s
INFO | - Epoch 216, ExpID 82415
INFO | Train - Loss (one batch): 0.00061
INFO | Val - Loss, MSE, RMSE, MAE: 0.00092, 0.00092, 0.03025, 0.01799
INFO | Test - Best epoch 194, Loss, MSE, RMSE, MAE: 0.00089, 0.00089, 0.02979, 0.01791
INFO | Time spent: 2.41s
INFO | - Epoch 217, ExpID 82415
INFO | Train - Loss (one batch): 0.00059
INFO | Val - Loss, MSE, RMSE, MAE: 0.00094, 0.00094, 0.03063, 0.01883
INFO | Test - Best epoch 194, Loss, MSE, RMSE, MAE: 0.00089, 0.00089, 0.02979, 0.01791
INFO | Time spent: 2.43s
INFO | - Epoch 218, ExpID 82415
INFO | Train - Loss (one batch): 0.00069
INFO | Val - Loss, MSE, RMSE, MAE: 0.00095, 0.00095, 0.03085, 0.01878
INFO | Test - Best epoch 194, Loss, MSE, RMSE, MAE: 0.00089, 0.00089, 0.02979, 0.01791
INFO | Time spent: 2.44s
INFO | - Epoch 219, ExpID 82415
INFO | Train - Loss (one batch): 0.00095
INFO | Val - Loss, MSE, RMSE, MAE: 0.00092, 0.00092, 0.03030, 0.01823
INFO | Test - Best epoch 194, Loss, MSE, RMSE, MAE: 0.00089, 0.00089, 0.02979, 0.01791
INFO | Time spent: 2.40s
INFO | - Epoch 220, ExpID 82415
INFO | Train - Loss (one batch): 0.00076
INFO | Val - Loss, MSE, RMSE, MAE: 0.00098, 0.00098, 0.03130, 0.01942
INFO | Test - Best epoch 194, Loss, MSE, RMSE, MAE: 0.00089, 0.00089, 0.02979, 0.01791
INFO | Time spent: 2.41s
INFO | - Epoch 221, ExpID 82415
INFO | Train - Loss (one batch): 0.00093
INFO | Val - Loss, MSE, RMSE, MAE: 0.00091, 0.00091, 0.03014, 0.01803
INFO | Test - Best epoch 194, Loss, MSE, RMSE, MAE: 0.00089, 0.00089, 0.02979, 0.01791
INFO | Time spent: 2.52s
INFO | - Epoch 222, ExpID 82415
INFO | Train - Loss (one batch): 0.00070
INFO | Val - Loss, MSE, RMSE, MAE: 0.00094, 0.00094, 0.03059, 0.01825
INFO | Test - Best epoch 194, Loss, MSE, RMSE, MAE: 0.00089, 0.00089, 0.02979, 0.01791
INFO | Time spent: 2.43s
INFO | - Epoch 223, ExpID 82415
INFO | Train - Loss (one batch): 0.00074
INFO | Val - Loss, MSE, RMSE, MAE: 0.00091, 0.00091, 0.03013, 0.01794
INFO | Test - Best epoch 194, Loss, MSE, RMSE, MAE: 0.00089, 0.00089, 0.02979, 0.01791
INFO | Time spent: 2.43s
INFO | - Epoch 224, ExpID 82415
INFO | Train - Loss (one batch): 0.00084
INFO | Val - Loss, MSE, RMSE, MAE: 0.00095, 0.00095, 0.03083, 0.01913
INFO | Test - Best epoch 194, Loss, MSE, RMSE, MAE: 0.00089, 0.00089, 0.02979, 0.01791
INFO | Time spent: 2.51s
INFO | - Epoch 225, ExpID 82415
INFO | Train - Loss (one batch): 0.00063
INFO | Val - Loss, MSE, RMSE, MAE: 0.00091, 0.00091, 0.03012, 0.01782
INFO | Test - Best epoch 194, Loss, MSE, RMSE, MAE: 0.00089, 0.00089, 0.02979, 0.01791
INFO | Time spent: 2.41s
INFO | - Epoch 226, ExpID 82415
INFO | Train - Loss (one batch): 0.00074
INFO | Val - Loss, MSE, RMSE, MAE: 0.00090, 0.00090, 0.03006, 0.01775
INFO | Test - Best epoch 226, Loss, MSE, RMSE, MAE: 0.00088, 0.00088, 0.02974, 0.01782
INFO | Time spent: 2.83s
INFO | - Epoch 227, ExpID 82415
INFO | Train - Loss (one batch): 0.00074
INFO | Val - Loss, MSE, RMSE, MAE: 0.00092, 0.00092, 0.03027, 0.01808
INFO | Test - Best epoch 226, Loss, MSE, RMSE, MAE: 0.00088, 0.00088, 0.02974, 0.01782
INFO | Time spent: 2.42s
INFO | - Epoch 228, ExpID 82415
INFO | Train - Loss (one batch): 0.00077
INFO | Val - Loss, MSE, RMSE, MAE: 0.00091, 0.00091, 0.03025, 0.01810
INFO | Test - Best epoch 226, Loss, MSE, RMSE, MAE: 0.00088, 0.00088, 0.02974, 0.01782
INFO | Time spent: 2.50s
INFO | - Epoch 229, ExpID 82415
INFO | Train - Loss (one batch): 0.00113
INFO | Val - Loss, MSE, RMSE, MAE: 0.00092, 0.00092, 0.03035, 0.01825
INFO | Test - Best epoch 226, Loss, MSE, RMSE, MAE: 0.00088, 0.00088, 0.02974, 0.01782
INFO | Time spent: 2.45s
INFO | - Epoch 230, ExpID 82415
INFO | Train - Loss (one batch): 0.00070
INFO | Val - Loss, MSE, RMSE, MAE: 0.00090, 0.00090, 0.03005, 0.01788
INFO | Test - Best epoch 230, Loss, MSE, RMSE, MAE: 0.00088, 0.00088, 0.02972, 0.01794
INFO | Time spent: 2.84s
INFO | - Epoch 231, ExpID 82415
INFO | Train - Loss (one batch): 0.00089
INFO | Val - Loss, MSE, RMSE, MAE: 0.00092, 0.00092, 0.03029, 0.01837
INFO | Test - Best epoch 230, Loss, MSE, RMSE, MAE: 0.00088, 0.00088, 0.02972, 0.01794
INFO | Time spent: 2.60s
INFO | - Epoch 232, ExpID 82415
INFO | Train - Loss (one batch): 0.00055
INFO | Val - Loss, MSE, RMSE, MAE: 0.00096, 0.00096, 0.03096, 0.01923
INFO | Test - Best epoch 230, Loss, MSE, RMSE, MAE: 0.00088, 0.00088, 0.02972, 0.01794
INFO | Time spent: 2.46s
INFO | - Epoch 233, ExpID 82415
INFO | Train - Loss (one batch): 0.00071
INFO | Val - Loss, MSE, RMSE, MAE: 0.00096, 0.00096, 0.03091, 0.01874
INFO | Test - Best epoch 230, Loss, MSE, RMSE, MAE: 0.00088, 0.00088, 0.02972, 0.01794
INFO | Time spent: 2.42s
INFO | - Epoch 234, ExpID 82415
INFO | Train - Loss (one batch): 0.00070
INFO | Val - Loss, MSE, RMSE, MAE: 0.00091, 0.00091, 0.03011, 0.01783
INFO | Test - Best epoch 230, Loss, MSE, RMSE, MAE: 0.00088, 0.00088, 0.02972, 0.01794
INFO | Time spent: 2.42s
INFO | - Epoch 235, ExpID 82415
INFO | Train - Loss (one batch): 0.00068
INFO | Val - Loss, MSE, RMSE, MAE: 0.00091, 0.00091, 0.03017, 0.01806
INFO | Test - Best epoch 230, Loss, MSE, RMSE, MAE: 0.00088, 0.00088, 0.02972, 0.01794
INFO | Time spent: 2.45s
INFO | - Epoch 236, ExpID 82415
INFO | Train - Loss (one batch): 0.00068
INFO | Val - Loss, MSE, RMSE, MAE: 0.00094, 0.00094, 0.03058, 0.01815
INFO | Test - Best epoch 230, Loss, MSE, RMSE, MAE: 0.00088, 0.00088, 0.02972, 0.01794
INFO | Time spent: 2.42s
INFO | - Epoch 237, ExpID 82415
INFO | Train - Loss (one batch): 0.00066
INFO | Val - Loss, MSE, RMSE, MAE: 0.00095, 0.00095, 0.03087, 0.01914
INFO | Test - Best epoch 230, Loss, MSE, RMSE, MAE: 0.00088, 0.00088, 0.02972, 0.01794
INFO | Time spent: 2.40s
INFO | - Epoch 238, ExpID 82415
INFO | Train - Loss (one batch): 0.00061
INFO | Val - Loss, MSE, RMSE, MAE: 0.00093, 0.00093, 0.03050, 0.01802
INFO | Test - Best epoch 230, Loss, MSE, RMSE, MAE: 0.00088, 0.00088, 0.02972, 0.01794
INFO | Time spent: 2.40s
INFO | - Epoch 239, ExpID 82415
INFO | Train - Loss (one batch): 0.00061
INFO | Val - Loss, MSE, RMSE, MAE: 0.00090, 0.00090, 0.02994, 0.01757
INFO | Test - Best epoch 239, Loss, MSE, RMSE, MAE: 0.00088, 0.00088, 0.02962, 0.01770
INFO | Time spent: 2.81s
INFO | - Epoch 240, ExpID 82415
INFO | Train - Loss (one batch): 0.00067
INFO | Val - Loss, MSE, RMSE, MAE: 0.00093, 0.00093, 0.03050, 0.01868
INFO | Test - Best epoch 239, Loss, MSE, RMSE, MAE: 0.00088, 0.00088, 0.02962, 0.01770
INFO | Time spent: 2.44s
INFO | - Epoch 241, ExpID 82415
INFO | Train - Loss (one batch): 0.00082
INFO | Val - Loss, MSE, RMSE, MAE: 0.00095, 0.00095, 0.03079, 0.01894
INFO | Test - Best epoch 239, Loss, MSE, RMSE, MAE: 0.00088, 0.00088, 0.02962, 0.01770
INFO | Time spent: 2.45s
INFO | - Epoch 242, ExpID 82415
INFO | Train - Loss (one batch): 0.00098
INFO | Val - Loss, MSE, RMSE, MAE: 0.00091, 0.00091, 0.03014, 0.01799
INFO | Test - Best epoch 239, Loss, MSE, RMSE, MAE: 0.00088, 0.00088, 0.02962, 0.01770
INFO | Time spent: 2.50s
INFO | - Epoch 243, ExpID 82415
INFO | Train - Loss (one batch): 0.00056
INFO | Val - Loss, MSE, RMSE, MAE: 0.00095, 0.00095, 0.03077, 0.01891
INFO | Test - Best epoch 239, Loss, MSE, RMSE, MAE: 0.00088, 0.00088, 0.02962, 0.01770
INFO | Time spent: 2.41s
INFO | - Epoch 244, ExpID 82415
INFO | Train - Loss (one batch): 0.00088
INFO | Val - Loss, MSE, RMSE, MAE: 0.00091, 0.00091, 0.03014, 0.01793
INFO | Test - Best epoch 239, Loss, MSE, RMSE, MAE: 0.00088, 0.00088, 0.02962, 0.01770
INFO | Time spent: 2.42s
INFO | - Epoch 245, ExpID 82415
INFO | Train - Loss (one batch): 0.00061
INFO | Val - Loss, MSE, RMSE, MAE: 0.00092, 0.00092, 0.03038, 0.01827
INFO | Test - Best epoch 239, Loss, MSE, RMSE, MAE: 0.00088, 0.00088, 0.02962, 0.01770
INFO | Time spent: 2.40s
INFO | - Epoch 246, ExpID 82415
INFO | Train - Loss (one batch): 0.00072
INFO | Val - Loss, MSE, RMSE, MAE: 0.00097, 0.00097, 0.03112, 0.01938
INFO | Test - Best epoch 239, Loss, MSE, RMSE, MAE: 0.00088, 0.00088, 0.02962, 0.01770
INFO | Time spent: 2.51s
INFO | - Epoch 247, ExpID 82415
INFO | Train - Loss (one batch): 0.00077
INFO | Val - Loss, MSE, RMSE, MAE: 0.00092, 0.00092, 0.03028, 0.01806
INFO | Test - Best epoch 239, Loss, MSE, RMSE, MAE: 0.00088, 0.00088, 0.02962, 0.01770
INFO | Time spent: 2.42s
INFO | - Epoch 248, ExpID 82415
INFO | Train - Loss (one batch): 0.00077
INFO | Val - Loss, MSE, RMSE, MAE: 0.00091, 0.00091, 0.03016, 0.01799
INFO | Test - Best epoch 239, Loss, MSE, RMSE, MAE: 0.00088, 0.00088, 0.02962, 0.01770
INFO | Time spent: 2.41s
INFO | - Epoch 249, ExpID 82415
INFO | Train - Loss (one batch): 0.00057
INFO | Val - Loss, MSE, RMSE, MAE: 0.00092, 0.00092, 0.03028, 0.01826
INFO | Test - Best epoch 239, Loss, MSE, RMSE, MAE: 0.00088, 0.00088, 0.02962, 0.01770
INFO | Time spent: 2.40s
INFO | - Epoch 250, ExpID 82415
INFO | Train - Loss (one batch): 0.00097
INFO | Val - Loss, MSE, RMSE, MAE: 0.00091, 0.00091, 0.03015, 0.01808
INFO | Test - Best epoch 239, Loss, MSE, RMSE, MAE: 0.00088, 0.00088, 0.02962, 0.01770
INFO | Time spent: 2.52s
INFO | - Epoch 251, ExpID 82415
INFO | Train - Loss (one batch): 0.00077
INFO | Val - Loss, MSE, RMSE, MAE: 0.00094, 0.00094, 0.03071, 0.01828
INFO | Test - Best epoch 239, Loss, MSE, RMSE, MAE: 0.00088, 0.00088, 0.02962, 0.01770
INFO | Time spent: 2.42s
INFO | - Epoch 252, ExpID 82415
INFO | Train - Loss (one batch): 0.00074
INFO | Val - Loss, MSE, RMSE, MAE: 0.00093, 0.00093, 0.03053, 0.01820
INFO | Test - Best epoch 239, Loss, MSE, RMSE, MAE: 0.00088, 0.00088, 0.02962, 0.01770
INFO | Time spent: 2.55s
INFO | - Epoch 253, ExpID 82415
INFO | Train - Loss (one batch): 0.00076
INFO | Val - Loss, MSE, RMSE, MAE: 0.00096, 0.00096, 0.03096, 0.01939
INFO | Test - Best epoch 239, Loss, MSE, RMSE, MAE: 0.00088, 0.00088, 0.02962, 0.01770
INFO | Time spent: 2.39s
INFO | - Epoch 254, ExpID 82415
INFO | Train - Loss (one batch): 0.00075
INFO | Val - Loss, MSE, RMSE, MAE: 0.00099, 0.00099, 0.03140, 0.01997
INFO | Test - Best epoch 239, Loss, MSE, RMSE, MAE: 0.00088, 0.00088, 0.02962, 0.01770
INFO | Time spent: 2.57s
INFO | - Epoch 255, ExpID 82415
INFO | Train - Loss (one batch): 0.00067
INFO | Val - Loss, MSE, RMSE, MAE: 0.00114, 0.00114, 0.03377, 0.02338
INFO | Test - Best epoch 239, Loss, MSE, RMSE, MAE: 0.00088, 0.00088, 0.02962, 0.01770
INFO | Time spent: 2.51s
INFO | - Epoch 256, ExpID 82415
INFO | Train - Loss (one batch): 0.00066
INFO | Val - Loss, MSE, RMSE, MAE: 0.00102, 0.00102, 0.03188, 0.02031
INFO | Test - Best epoch 239, Loss, MSE, RMSE, MAE: 0.00088, 0.00088, 0.02962, 0.01770
INFO | Time spent: 2.40s
INFO | - Epoch 257, ExpID 82415
INFO | Train - Loss (one batch): 0.00064
INFO | Val - Loss, MSE, RMSE, MAE: 0.00093, 0.00093, 0.03056, 0.01831
INFO | Test - Best epoch 239, Loss, MSE, RMSE, MAE: 0.00088, 0.00088, 0.02962, 0.01770
INFO | Time spent: 2.42s
INFO | - Epoch 258, ExpID 82415
INFO | Train - Loss (one batch): 0.00057
INFO | Val - Loss, MSE, RMSE, MAE: 0.00092, 0.00092, 0.03030, 0.01800
INFO | Test - Best epoch 239, Loss, MSE, RMSE, MAE: 0.00088, 0.00088, 0.02962, 0.01770
INFO | Time spent: 2.45s
INFO | - Epoch 259, ExpID 82415
INFO | Train - Loss (one batch): 0.00068
INFO | Val - Loss, MSE, RMSE, MAE: 0.00092, 0.00092, 0.03033, 0.01823
INFO | Test - Best epoch 239, Loss, MSE, RMSE, MAE: 0.00088, 0.00088, 0.02962, 0.01770
INFO | Time spent: 2.44s
INFO | - Epoch 260, ExpID 82415
INFO | Train - Loss (one batch): 0.00057
INFO | Val - Loss, MSE, RMSE, MAE: 0.00091, 0.00091, 0.03018, 0.01781
INFO | Test - Best epoch 239, Loss, MSE, RMSE, MAE: 0.00088, 0.00088, 0.02962, 0.01770
INFO | Time spent: 2.40s
INFO | - Epoch 261, ExpID 82415
INFO | Train - Loss (one batch): 0.00052
INFO | Val - Loss, MSE, RMSE, MAE: 0.00094, 0.00094, 0.03059, 0.01852
INFO | Test - Best epoch 239, Loss, MSE, RMSE, MAE: 0.00088, 0.00088, 0.02962, 0.01770
INFO | Time spent: 2.44s
INFO | - Epoch 262, ExpID 82415
INFO | Train - Loss (one batch): 0.00083
INFO | Val - Loss, MSE, RMSE, MAE: 0.00094, 0.00094, 0.03072, 0.01902
INFO | Test - Best epoch 239, Loss, MSE, RMSE, MAE: 0.00088, 0.00088, 0.02962, 0.01770
INFO | Time spent: 2.42s
INFO | - Epoch 263, ExpID 82415
INFO | Train - Loss (one batch): 0.00065
INFO | Val - Loss, MSE, RMSE, MAE: 0.00092, 0.00092, 0.03036, 0.01806
INFO | Test - Best epoch 239, Loss, MSE, RMSE, MAE: 0.00088, 0.00088, 0.02962, 0.01770
INFO | Time spent: 2.41s
INFO | - Epoch 264, ExpID 82415
INFO | Train - Loss (one batch): 0.00108
INFO | Val - Loss, MSE, RMSE, MAE: 0.00101, 0.00101, 0.03176, 0.02039
INFO | Test - Best epoch 239, Loss, MSE, RMSE, MAE: 0.00088, 0.00088, 0.02962, 0.01770
INFO | Time spent: 2.42s
INFO | - Epoch 265, ExpID 82415
INFO | Train - Loss (one batch): 0.00063
INFO | Val - Loss, MSE, RMSE, MAE: 0.00094, 0.00094, 0.03069, 0.01871
INFO | Test - Best epoch 239, Loss, MSE, RMSE, MAE: 0.00088, 0.00088, 0.02962, 0.01770
INFO | Time spent: 2.54s
INFO | - Epoch 266, ExpID 82415
INFO | Train - Loss (one batch): 0.00080
INFO | Val - Loss, MSE, RMSE, MAE: 0.00093, 0.00093, 0.03043, 0.01804
INFO | Test - Best epoch 239, Loss, MSE, RMSE, MAE: 0.00088, 0.00088, 0.02962, 0.01770
INFO | Time spent: 2.67s
INFO | - Epoch 267, ExpID 82415
INFO | Train - Loss (one batch): 0.00055
INFO | Val - Loss, MSE, RMSE, MAE: 0.00092, 0.00092, 0.03033, 0.01795
INFO | Test - Best epoch 239, Loss, MSE, RMSE, MAE: 0.00088, 0.00088, 0.02962, 0.01770
INFO | Time spent: 2.35s
INFO | - Epoch 268, ExpID 82415
INFO | Train - Loss (one batch): 0.00057
INFO | Val - Loss, MSE, RMSE, MAE: 0.00093, 0.00093, 0.03051, 0.01827
INFO | Test - Best epoch 239, Loss, MSE, RMSE, MAE: 0.00088, 0.00088, 0.02962, 0.01770
INFO | Time spent: 2.39s
INFO | - Epoch 269, ExpID 82415
INFO | Train - Loss (one batch): 0.00085
INFO | Val - Loss, MSE, RMSE, MAE: 0.00091, 0.00091, 0.03020, 0.01778
INFO | Test - Best epoch 239, Loss, MSE, RMSE, MAE: 0.00088, 0.00088, 0.02962, 0.01770
INFO | Time spent: 2.42s
INFO | - Epoch 270, ExpID 82415
INFO | Train - Loss (one batch): 0.00052
INFO | Val - Loss, MSE, RMSE, MAE: 0.00096, 0.00096, 0.03105, 0.01932
INFO | Test - Best epoch 239, Loss, MSE, RMSE, MAE: 0.00088, 0.00088, 0.02962, 0.01770
INFO | Time spent: 2.41s
INFO | - Epoch 271, ExpID 82415
INFO | Train - Loss (one batch): 0.00069
INFO | Val - Loss, MSE, RMSE, MAE: 0.00092, 0.00092, 0.03040, 0.01796
INFO | Test - Best epoch 239, Loss, MSE, RMSE, MAE: 0.00088, 0.00088, 0.02962, 0.01770
INFO | Time spent: 2.43s
INFO | - Epoch 272, ExpID 82415
INFO | Train - Loss (one batch): 0.00065
INFO | Val - Loss, MSE, RMSE, MAE: 0.00091, 0.00091, 0.03010, 0.01781
INFO | Test - Best epoch 239, Loss, MSE, RMSE, MAE: 0.00088, 0.00088, 0.02962, 0.01770
INFO | Time spent: 2.53s
INFO | - Epoch 273, ExpID 82415
INFO | Train - Loss (one batch): 0.00099
INFO | Val - Loss, MSE, RMSE, MAE: 0.00093, 0.00093, 0.03049, 0.01840
INFO | Test - Best epoch 239, Loss, MSE, RMSE, MAE: 0.00088, 0.00088, 0.02962, 0.01770
INFO | Time spent: 2.41s
INFO | - Epoch 274, ExpID 82415
INFO | Train - Loss (one batch): 0.00069
INFO | Val - Loss, MSE, RMSE, MAE: 0.00091, 0.00091, 0.03025, 0.01785
INFO | Test - Best epoch 239, Loss, MSE, RMSE, MAE: 0.00088, 0.00088, 0.02962, 0.01770
INFO | Time spent: 2.44s
INFO | - Epoch 275, ExpID 82415
INFO | Train - Loss (one batch): 0.00092
INFO | Val - Loss, MSE, RMSE, MAE: 0.00092, 0.00092, 0.03033, 0.01802
INFO | Test - Best epoch 239, Loss, MSE, RMSE, MAE: 0.00088, 0.00088, 0.02962, 0.01770
INFO | Time spent: 2.42s
INFO | - Epoch 276, ExpID 82415
INFO | Train - Loss (one batch): 0.00058
INFO | Val - Loss, MSE, RMSE, MAE: 0.00092, 0.00092, 0.03037, 0.01836
INFO | Test - Best epoch 239, Loss, MSE, RMSE, MAE: 0.00088, 0.00088, 0.02962, 0.01770
INFO | Time spent: 2.39s
INFO | - Epoch 277, ExpID 82415
INFO | Train - Loss (one batch): 0.00094
INFO | Val - Loss, MSE, RMSE, MAE: 0.00093, 0.00093, 0.03052, 0.01871
INFO | Test - Best epoch 239, Loss, MSE, RMSE, MAE: 0.00088, 0.00088, 0.02962, 0.01770
INFO | Time spent: 2.53s
INFO | - Epoch 278, ExpID 82415
INFO | Train - Loss (one batch): 0.00073
INFO | Val - Loss, MSE, RMSE, MAE: 0.00091, 0.00091, 0.03021, 0.01805
INFO | Test - Best epoch 239, Loss, MSE, RMSE, MAE: 0.00088, 0.00088, 0.02962, 0.01770
INFO | Time spent: 2.41s
INFO | - Epoch 279, ExpID 82415
INFO | Train - Loss (one batch): 0.00089
INFO | Val - Loss, MSE, RMSE, MAE: 0.00093, 0.00093, 0.03049, 0.01827
INFO | Test - Best epoch 239, Loss, MSE, RMSE, MAE: 0.00088, 0.00088, 0.02962, 0.01770
INFO | Time spent: 2.39s
INFO | - Epoch 280, ExpID 82415
INFO | Train - Loss (one batch): 0.00077
INFO | Val - Loss, MSE, RMSE, MAE: 0.00093, 0.00093, 0.03053, 0.01851
INFO | Test - Best epoch 239, Loss, MSE, RMSE, MAE: 0.00088, 0.00088, 0.02962, 0.01770
INFO | Time spent: 2.48s
INFO | - Epoch 281, ExpID 82415
INFO | Train - Loss (one batch): 0.00076
INFO | Val - Loss, MSE, RMSE, MAE: 0.00091, 0.00091, 0.03024, 0.01790
INFO | Test - Best epoch 239, Loss, MSE, RMSE, MAE: 0.00088, 0.00088, 0.02962, 0.01770
INFO | Time spent: 2.44s
INFO | - Epoch 282, ExpID 82415
INFO | Train - Loss (one batch): 0.00062
INFO | Val - Loss, MSE, RMSE, MAE: 0.00093, 0.00093, 0.03045, 0.01826
INFO | Test - Best epoch 239, Loss, MSE, RMSE, MAE: 0.00088, 0.00088, 0.02962, 0.01770
INFO | Time spent: 2.43s
INFO | - Epoch 283, ExpID 82415
INFO | Train - Loss (one batch): 0.00089
INFO | Val - Loss, MSE, RMSE, MAE: 0.00091, 0.00091, 0.03010, 0.01762
INFO | Test - Best epoch 239, Loss, MSE, RMSE, MAE: 0.00088, 0.00088, 0.02962, 0.01770
INFO | Time spent: 2.39s
INFO | - Epoch 284, ExpID 82415
INFO | Train - Loss (one batch): 0.00100
INFO | Val - Loss, MSE, RMSE, MAE: 0.00091, 0.00091, 0.03015, 0.01797
INFO | Test - Best epoch 239, Loss, MSE, RMSE, MAE: 0.00088, 0.00088, 0.02962, 0.01770
INFO | Time spent: 2.42s
INFO | - Epoch 285, ExpID 82415
INFO | Train - Loss (one batch): 0.00060
INFO | Val - Loss, MSE, RMSE, MAE: 0.00093, 0.00093, 0.03054, 0.01834
INFO | Test - Best epoch 239, Loss, MSE, RMSE, MAE: 0.00088, 0.00088, 0.02962, 0.01770
INFO | Time spent: 2.40s
INFO | - Epoch 286, ExpID 82415
INFO | Train - Loss (one batch): 0.00079
INFO | Val - Loss, MSE, RMSE, MAE: 0.00093, 0.00093, 0.03048, 0.01858
INFO | Test - Best epoch 239, Loss, MSE, RMSE, MAE: 0.00088, 0.00088, 0.02962, 0.01770
INFO | Time spent: 2.42s
INFO | - Epoch 287, ExpID 82415
INFO | Train - Loss (one batch): 0.00066
INFO | Val - Loss, MSE, RMSE, MAE: 0.00092, 0.00092, 0.03031, 0.01812
INFO | Test - Best epoch 239, Loss, MSE, RMSE, MAE: 0.00088, 0.00088, 0.02962, 0.01770
INFO | Time spent: 2.40s
INFO | - Epoch 288, ExpID 82415
INFO | Train - Loss (one batch): 0.00071
INFO | Val - Loss, MSE, RMSE, MAE: 0.00090, 0.00090, 0.03005, 0.01766
INFO | Test - Best epoch 239, Loss, MSE, RMSE, MAE: 0.00088, 0.00088, 0.02962, 0.01770
INFO | Time spent: 2.40s
INFO | - Epoch 289, ExpID 82415
INFO | Train - Loss (one batch): 0.00053
INFO | Val - Loss, MSE, RMSE, MAE: 0.00094, 0.00094, 0.03064, 0.01856
INFO | Test - Best epoch 239, Loss, MSE, RMSE, MAE: 0.00088, 0.00088, 0.02962, 0.01770
INFO | Time spent: 2.42s
INFO | - Epoch 290, ExpID 82415
INFO | Train - Loss (one batch): 0.00071
INFO | Val - Loss, MSE, RMSE, MAE: 0.00097, 0.00097, 0.03119, 0.01933
INFO | Test - Best epoch 239, Loss, MSE, RMSE, MAE: 0.00088, 0.00088, 0.02962, 0.01770
INFO | Time spent: 2.43s
INFO | - Epoch 291, ExpID 82415
INFO | Train - Loss (one batch): 0.00050
INFO | Val - Loss, MSE, RMSE, MAE: 0.00092, 0.00092, 0.03025, 0.01809
INFO | Test - Best epoch 239, Loss, MSE, RMSE, MAE: 0.00088, 0.00088, 0.02962, 0.01770
INFO | Time spent: 2.39s
INFO | - Epoch 292, ExpID 82415
INFO | Train - Loss (one batch): 0.00070
INFO | Val - Loss, MSE, RMSE, MAE: 0.00093, 0.00093, 0.03042, 0.01823
INFO | Test - Best epoch 239, Loss, MSE, RMSE, MAE: 0.00088, 0.00088, 0.02962, 0.01770
INFO | Time spent: 2.52s
INFO | - Epoch 293, ExpID 82415
INFO | Train - Loss (one batch): 0.00063
INFO | Val - Loss, MSE, RMSE, MAE: 0.00094, 0.00094, 0.03067, 0.01847
INFO | Test - Best epoch 239, Loss, MSE, RMSE, MAE: 0.00088, 0.00088, 0.02962, 0.01770
INFO | Time spent: 2.42s
INFO | - Epoch 294, ExpID 82415
INFO | Train - Loss (one batch): 0.00065
INFO | Val - Loss, MSE, RMSE, MAE: 0.00092, 0.00092, 0.03035, 0.01807
INFO | Test - Best epoch 239, Loss, MSE, RMSE, MAE: 0.00088, 0.00088, 0.02962, 0.01770
INFO | Time spent: 2.42s
INFO | - Epoch 295, ExpID 82415
INFO | Train - Loss (one batch): 0.00076
INFO | Val - Loss, MSE, RMSE, MAE: 0.00093, 0.00093, 0.03044, 0.01828
INFO | Test - Best epoch 239, Loss, MSE, RMSE, MAE: 0.00088, 0.00088, 0.02962, 0.01770
INFO | Time spent: 2.37s
INFO | - Epoch 296, ExpID 82415
INFO | Train - Loss (one batch): 0.00069
INFO | Val - Loss, MSE, RMSE, MAE: 0.00092, 0.00092, 0.03035, 0.01812
INFO | Test - Best epoch 239, Loss, MSE, RMSE, MAE: 0.00088, 0.00088, 0.02962, 0.01770
INFO | Time spent: 2.40s
INFO | - Epoch 297, ExpID 82415
INFO | Train - Loss (one batch): 0.00056
INFO | Val - Loss, MSE, RMSE, MAE: 0.00093, 0.00093, 0.03050, 0.01815
INFO | Test - Best epoch 239, Loss, MSE, RMSE, MAE: 0.00088, 0.00088, 0.02962, 0.01770
INFO | Time spent: 2.41s
INFO | - Epoch 298, ExpID 82415
INFO | Train - Loss (one batch): 0.00071
INFO | Val - Loss, MSE, RMSE, MAE: 0.00092, 0.00092, 0.03029, 0.01787
INFO | Test - Best epoch 239, Loss, MSE, RMSE, MAE: 0.00088, 0.00088, 0.02962, 0.01770
INFO | Time spent: 2.42s
INFO | - Epoch 299, ExpID 82415
INFO | Train - Loss (one batch): 0.00077
INFO | Val - Loss, MSE, RMSE, MAE: 0.00096, 0.00096, 0.03098, 0.01921
INFO | Test - Best epoch 239, Loss, MSE, RMSE, MAE: 0.00088, 0.00088, 0.02962, 0.01770
INFO | Time spent: 2.41s
INFO | - Epoch 000, ExpID 7789
INFO | Train - Loss (one batch): 0.00185
INFO | Val - Loss, MSE, RMSE, MAE: 0.00342, 0.00342, 0.05850, 0.04695
INFO | Test - Best epoch 0, Loss, MSE, RMSE, MAE: 0.00339, 0.00339, 0.05826, 0.04730
INFO | Time spent: 3.81s
INFO | - Epoch 001, ExpID 7789
INFO | Train - Loss (one batch): 0.00186
INFO | Val - Loss, MSE, RMSE, MAE: 0.00201, 0.00201, 0.04489, 0.03172
INFO | Test - Best epoch 1, Loss, MSE, RMSE, MAE: 0.00197, 0.00197, 0.04441, 0.03153
INFO | Time spent: 2.93s
INFO | - Epoch 002, ExpID 7789
INFO | Train - Loss (one batch): 0.00174
INFO | Val - Loss, MSE, RMSE, MAE: 0.00139, 0.00139, 0.03733, 0.02427
INFO | Test - Best epoch 2, Loss, MSE, RMSE, MAE: 0.00135, 0.00135, 0.03680, 0.02394
INFO | Time spent: 2.93s
INFO | - Epoch 003, ExpID 7789
INFO | Train - Loss (one batch): 0.00099
INFO | Val - Loss, MSE, RMSE, MAE: 0.00133, 0.00133, 0.03641, 0.02387
INFO | Test - Best epoch 3, Loss, MSE, RMSE, MAE: 0.00130, 0.00130, 0.03599, 0.02370
INFO | Time spent: 3.04s
INFO | - Epoch 004, ExpID 7789
INFO | Train - Loss (one batch): 0.00084
INFO | Val - Loss, MSE, RMSE, MAE: 0.00130, 0.00130, 0.03612, 0.02386
INFO | Test - Best epoch 4, Loss, MSE, RMSE, MAE: 0.00128, 0.00128, 0.03581, 0.02381
INFO | Time spent: 3.17s
INFO | - Epoch 005, ExpID 7789
INFO | Train - Loss (one batch): 0.00097
INFO | Val - Loss, MSE, RMSE, MAE: 0.00172, 0.00172, 0.04146, 0.03019
INFO | Test - Best epoch 4, Loss, MSE, RMSE, MAE: 0.00128, 0.00128, 0.03581, 0.02381
INFO | Time spent: 2.69s
INFO | - Epoch 006, ExpID 7789
INFO | Train - Loss (one batch): 0.00176
INFO | Val - Loss, MSE, RMSE, MAE: 0.00153, 0.00153, 0.03906, 0.02783
INFO | Test - Best epoch 4, Loss, MSE, RMSE, MAE: 0.00128, 0.00128, 0.03581, 0.02381
INFO | Time spent: 2.41s
INFO | - Epoch 007, ExpID 7789
INFO | Train - Loss (one batch): 0.00107
INFO | Val - Loss, MSE, RMSE, MAE: 0.00123, 0.00123, 0.03511, 0.02249
INFO | Test - Best epoch 7, Loss, MSE, RMSE, MAE: 0.00121, 0.00121, 0.03475, 0.02252
INFO | Time spent: 2.85s
INFO | - Epoch 008, ExpID 7789
INFO | Train - Loss (one batch): 0.00087
INFO | Val - Loss, MSE, RMSE, MAE: 0.00120, 0.00120, 0.03459, 0.02203
INFO | Test - Best epoch 8, Loss, MSE, RMSE, MAE: 0.00117, 0.00117, 0.03415, 0.02199
INFO | Time spent: 2.87s
INFO | - Epoch 009, ExpID 7789
INFO | Train - Loss (one batch): 0.00096
INFO | Val - Loss, MSE, RMSE, MAE: 0.00150, 0.00150, 0.03868, 0.02707
INFO | Test - Best epoch 8, Loss, MSE, RMSE, MAE: 0.00117, 0.00117, 0.03415, 0.02199
INFO | Time spent: 2.42s
INFO | - Epoch 010, ExpID 7789
INFO | Train - Loss (one batch): 0.00108
INFO | Val - Loss, MSE, RMSE, MAE: 0.00129, 0.00129, 0.03594, 0.02391
INFO | Test - Best epoch 8, Loss, MSE, RMSE, MAE: 0.00117, 0.00117, 0.03415, 0.02199
INFO | Time spent: 2.41s
INFO | - Epoch 011, ExpID 7789
INFO | Train - Loss (one batch): 0.00109
INFO | Val - Loss, MSE, RMSE, MAE: 0.00137, 0.00137, 0.03704, 0.02501
INFO | Test - Best epoch 8, Loss, MSE, RMSE, MAE: 0.00117, 0.00117, 0.03415, 0.02199
INFO | Time spent: 2.56s
INFO | - Epoch 012, ExpID 7789
INFO | Train - Loss (one batch): 0.00134
INFO | Val - Loss, MSE, RMSE, MAE: 0.00112, 0.00112, 0.03345, 0.02076
INFO | Test - Best epoch 12, Loss, MSE, RMSE, MAE: 0.00108, 0.00108, 0.03285, 0.02058
INFO | Time spent: 2.85s
INFO | - Epoch 013, ExpID 7789
INFO | Train - Loss (one batch): 0.00124
INFO | Val - Loss, MSE, RMSE, MAE: 0.00116, 0.00116, 0.03408, 0.02161
INFO | Test - Best epoch 12, Loss, MSE, RMSE, MAE: 0.00108, 0.00108, 0.03285, 0.02058
INFO | Time spent: 2.41s
INFO | - Epoch 014, ExpID 7789
INFO | Train - Loss (one batch): 0.00084
INFO | Val - Loss, MSE, RMSE, MAE: 0.00116, 0.00116, 0.03401, 0.02137
INFO | Test - Best epoch 12, Loss, MSE, RMSE, MAE: 0.00108, 0.00108, 0.03285, 0.02058
INFO | Time spent: 2.41s
INFO | - Epoch 015, ExpID 7789
INFO | Train - Loss (one batch): 0.00115
INFO | Val - Loss, MSE, RMSE, MAE: 0.00115, 0.00115, 0.03396, 0.02146
INFO | Test - Best epoch 12, Loss, MSE, RMSE, MAE: 0.00108, 0.00108, 0.03285, 0.02058
INFO | Time spent: 2.42s
INFO | - Epoch 016, ExpID 7789
INFO | Train - Loss (one batch): 0.00108
INFO | Val - Loss, MSE, RMSE, MAE: 0.00119, 0.00119, 0.03444, 0.02199
INFO | Test - Best epoch 12, Loss, MSE, RMSE, MAE: 0.00108, 0.00108, 0.03285, 0.02058
INFO | Time spent: 2.42s
INFO | - Epoch 017, ExpID 7789
INFO | Train - Loss (one batch): 0.00086
INFO | Val - Loss, MSE, RMSE, MAE: 0.00154, 0.00154, 0.03925, 0.02791
INFO | Test - Best epoch 12, Loss, MSE, RMSE, MAE: 0.00108, 0.00108, 0.03285, 0.02058
INFO | Time spent: 2.42s
INFO | - Epoch 018, ExpID 7789
INFO | Train - Loss (one batch): 0.00095
INFO | Val - Loss, MSE, RMSE, MAE: 0.00116, 0.00116, 0.03402, 0.02157
INFO | Test - Best epoch 12, Loss, MSE, RMSE, MAE: 0.00108, 0.00108, 0.03285, 0.02058
INFO | Time spent: 2.41s
INFO | - Epoch 019, ExpID 7789
INFO | Train - Loss (one batch): 0.00133
INFO | Val - Loss, MSE, RMSE, MAE: 0.00156, 0.00156, 0.03952, 0.02860
INFO | Test - Best epoch 12, Loss, MSE, RMSE, MAE: 0.00108, 0.00108, 0.03285, 0.02058
INFO | Time spent: 2.47s
INFO | - Epoch 020, ExpID 7789
INFO | Train - Loss (one batch): 0.00084
INFO | Val - Loss, MSE, RMSE, MAE: 0.00153, 0.00153, 0.03916, 0.02858
INFO | Test - Best epoch 12, Loss, MSE, RMSE, MAE: 0.00108, 0.00108, 0.03285, 0.02058
INFO | Time spent: 2.41s
INFO | - Epoch 021, ExpID 7789
INFO | Train - Loss (one batch): 0.00098
INFO | Val - Loss, MSE, RMSE, MAE: 0.00107, 0.00107, 0.03272, 0.01984
INFO | Test - Best epoch 21, Loss, MSE, RMSE, MAE: 0.00103, 0.00103, 0.03210, 0.01969
INFO | Time spent: 2.84s
INFO | - Epoch 022, ExpID 7789
INFO | Train - Loss (one batch): 0.00087
INFO | Val - Loss, MSE, RMSE, MAE: 0.00138, 0.00138, 0.03721, 0.02585
INFO | Test - Best epoch 21, Loss, MSE, RMSE, MAE: 0.00103, 0.00103, 0.03210, 0.01969
INFO | Time spent: 2.42s
INFO | - Epoch 023, ExpID 7789
INFO | Train - Loss (one batch): 0.00084
INFO | Val - Loss, MSE, RMSE, MAE: 0.00111, 0.00111, 0.03332, 0.02086
INFO | Test - Best epoch 21, Loss, MSE, RMSE, MAE: 0.00103, 0.00103, 0.03210, 0.01969
INFO | Time spent: 2.45s
INFO | - Epoch 024, ExpID 7789
INFO | Train - Loss (one batch): 0.00127
INFO | Val - Loss, MSE, RMSE, MAE: 0.00121, 0.00121, 0.03478, 0.02278
INFO | Test - Best epoch 21, Loss, MSE, RMSE, MAE: 0.00103, 0.00103, 0.03210, 0.01969
INFO | Time spent: 2.42s
INFO | - Epoch 025, ExpID 7789
INFO | Train - Loss (one batch): 0.00106
INFO | Val - Loss, MSE, RMSE, MAE: 0.00128, 0.00128, 0.03574, 0.02420
INFO | Test - Best epoch 21, Loss, MSE, RMSE, MAE: 0.00103, 0.00103, 0.03210, 0.01969
INFO | Time spent: 2.43s
INFO | - Epoch 026, ExpID 7789
INFO | Train - Loss (one batch): 0.00121
INFO | Val - Loss, MSE, RMSE, MAE: 0.00127, 0.00127, 0.03559, 0.02399
INFO | Test - Best epoch 21, Loss, MSE, RMSE, MAE: 0.00103, 0.00103, 0.03210, 0.01969
INFO | Time spent: 2.41s
INFO | - Epoch 027, ExpID 7789
INFO | Train - Loss (one batch): 0.00087
INFO | Val - Loss, MSE, RMSE, MAE: 0.00116, 0.00116, 0.03409, 0.02214
INFO | Test - Best epoch 21, Loss, MSE, RMSE, MAE: 0.00103, 0.00103, 0.03210, 0.01969
INFO | Time spent: 2.43s
INFO | - Epoch 028, ExpID 7789
INFO | Train - Loss (one batch): 0.00086
INFO | Val - Loss, MSE, RMSE, MAE: 0.00134, 0.00134, 0.03664, 0.02512
INFO | Test - Best epoch 21, Loss, MSE, RMSE, MAE: 0.00103, 0.00103, 0.03210, 0.01969
INFO | Time spent: 2.43s
INFO | - Epoch 029, ExpID 7789
INFO | Train - Loss (one batch): 0.00106
INFO | Val - Loss, MSE, RMSE, MAE: 0.00107, 0.00107, 0.03276, 0.02014
INFO | Test - Best epoch 21, Loss, MSE, RMSE, MAE: 0.00103, 0.00103, 0.03210, 0.01969
INFO | Time spent: 2.43s
INFO | - Epoch 030, ExpID 7789
INFO | Train - Loss (one batch): 0.00089
INFO | Val - Loss, MSE, RMSE, MAE: 0.00129, 0.00129, 0.03586, 0.02429
INFO | Test - Best epoch 21, Loss, MSE, RMSE, MAE: 0.00103, 0.00103, 0.03210, 0.01969
INFO | Time spent: 2.44s
INFO | - Epoch 031, ExpID 7789
INFO | Train - Loss (one batch): 0.00101
INFO | Val - Loss, MSE, RMSE, MAE: 0.00106, 0.00106, 0.03254, 0.01979
INFO | Test - Best epoch 31, Loss, MSE, RMSE, MAE: 0.00102, 0.00102, 0.03192, 0.01959
INFO | Time spent: 2.85s
INFO | - Epoch 032, ExpID 7789
INFO | Train - Loss (one batch): 0.00083
INFO | Val - Loss, MSE, RMSE, MAE: 0.00150, 0.00150, 0.03868, 0.02771
INFO | Test - Best epoch 31, Loss, MSE, RMSE, MAE: 0.00102, 0.00102, 0.03192, 0.01959
INFO | Time spent: 2.45s
INFO | - Epoch 033, ExpID 7789
INFO | Train - Loss (one batch): 0.00100
INFO | Val - Loss, MSE, RMSE, MAE: 0.00116, 0.00116, 0.03409, 0.02233
INFO | Test - Best epoch 31, Loss, MSE, RMSE, MAE: 0.00102, 0.00102, 0.03192, 0.01959
INFO | Time spent: 2.44s
INFO | - Epoch 034, ExpID 7789
INFO | Train - Loss (one batch): 0.00083
INFO | Val - Loss, MSE, RMSE, MAE: 0.00122, 0.00122, 0.03494, 0.02308
INFO | Test - Best epoch 31, Loss, MSE, RMSE, MAE: 0.00102, 0.00102, 0.03192, 0.01959
INFO | Time spent: 2.47s
INFO | - Epoch 035, ExpID 7789
INFO | Train - Loss (one batch): 0.00081
INFO | Val - Loss, MSE, RMSE, MAE: 0.00118, 0.00118, 0.03430, 0.02257
INFO | Test - Best epoch 31, Loss, MSE, RMSE, MAE: 0.00102, 0.00102, 0.03192, 0.01959
INFO | Time spent: 2.40s
INFO | - Epoch 036, ExpID 7789
INFO | Train - Loss (one batch): 0.00074
INFO | Val - Loss, MSE, RMSE, MAE: 0.00105, 0.00105, 0.03239, 0.01970
INFO | Test - Best epoch 36, Loss, MSE, RMSE, MAE: 0.00101, 0.00101, 0.03178, 0.01952
INFO | Time spent: 2.85s
INFO | - Epoch 037, ExpID 7789
INFO | Train - Loss (one batch): 0.00071
INFO | Val - Loss, MSE, RMSE, MAE: 0.00113, 0.00113, 0.03358, 0.02133
INFO | Test - Best epoch 36, Loss, MSE, RMSE, MAE: 0.00101, 0.00101, 0.03178, 0.01952
INFO | Time spent: 2.44s
INFO | - Epoch 038, ExpID 7789
INFO | Train - Loss (one batch): 0.00103
INFO | Val - Loss, MSE, RMSE, MAE: 0.00125, 0.00125, 0.03534, 0.02387
INFO | Test - Best epoch 36, Loss, MSE, RMSE, MAE: 0.00101, 0.00101, 0.03178, 0.01952
INFO | Time spent: 2.41s
INFO | - Epoch 039, ExpID 7789
INFO | Train - Loss (one batch): 0.00098
INFO | Val - Loss, MSE, RMSE, MAE: 0.00104, 0.00104, 0.03227, 0.01984
INFO | Test - Best epoch 39, Loss, MSE, RMSE, MAE: 0.00100, 0.00100, 0.03170, 0.01966
INFO | Time spent: 2.85s
INFO | - Epoch 040, ExpID 7789
INFO | Train - Loss (one batch): 0.00077
INFO | Val - Loss, MSE, RMSE, MAE: 0.00135, 0.00135, 0.03675, 0.02605
INFO | Test - Best epoch 39, Loss, MSE, RMSE, MAE: 0.00100, 0.00100, 0.03170, 0.01966
INFO | Time spent: 2.41s
INFO | - Epoch 041, ExpID 7789
INFO | Train - Loss (one batch): 0.00092
INFO | Val - Loss, MSE, RMSE, MAE: 0.00105, 0.00105, 0.03242, 0.01990
INFO | Test - Best epoch 39, Loss, MSE, RMSE, MAE: 0.00100, 0.00100, 0.03170, 0.01966
INFO | Time spent: 2.42s
INFO | - Epoch 042, ExpID 7789
INFO | Train - Loss (one batch): 0.00107
INFO | Val - Loss, MSE, RMSE, MAE: 0.00106, 0.00106, 0.03257, 0.02031
INFO | Test - Best epoch 39, Loss, MSE, RMSE, MAE: 0.00100, 0.00100, 0.03170, 0.01966
INFO | Time spent: 2.41s
INFO | - Epoch 043, ExpID 7789
INFO | Train - Loss (one batch): 0.00089
INFO | Val - Loss, MSE, RMSE, MAE: 0.00119, 0.00119, 0.03455, 0.02299
INFO | Test - Best epoch 39, Loss, MSE, RMSE, MAE: 0.00100, 0.00100, 0.03170, 0.01966
INFO | Time spent: 2.42s
INFO | - Epoch 044, ExpID 7789
INFO | Train - Loss (one batch): 0.00063
INFO | Val - Loss, MSE, RMSE, MAE: 0.00111, 0.00111, 0.03334, 0.02151
INFO | Test - Best epoch 39, Loss, MSE, RMSE, MAE: 0.00100, 0.00100, 0.03170, 0.01966
INFO | Time spent: 2.43s
INFO | - Epoch 045, ExpID 7789
INFO | Train - Loss (one batch): 0.00097
INFO | Val - Loss, MSE, RMSE, MAE: 0.00112, 0.00112, 0.03352, 0.02152
INFO | Test - Best epoch 39, Loss, MSE, RMSE, MAE: 0.00100, 0.00100, 0.03170, 0.01966
INFO | Time spent: 2.43s
INFO | - Epoch 046, ExpID 7789
INFO | Train - Loss (one batch): 0.00113
INFO | Val - Loss, MSE, RMSE, MAE: 0.00131, 0.00131, 0.03621, 0.02538
INFO | Test - Best epoch 39, Loss, MSE, RMSE, MAE: 0.00100, 0.00100, 0.03170, 0.01966
INFO | Time spent: 2.41s
INFO | - Epoch 047, ExpID 7789
INFO | Train - Loss (one batch): 0.00083
INFO | Val - Loss, MSE, RMSE, MAE: 0.00111, 0.00111, 0.03330, 0.02145
INFO | Test - Best epoch 39, Loss, MSE, RMSE, MAE: 0.00100, 0.00100, 0.03170, 0.01966
INFO | Time spent: 2.43s
INFO | - Epoch 048, ExpID 7789
INFO | Train - Loss (one batch): 0.00103
INFO | Val - Loss, MSE, RMSE, MAE: 0.00104, 0.00104, 0.03227, 0.01978
INFO | Test - Best epoch 39, Loss, MSE, RMSE, MAE: 0.00100, 0.00100, 0.03170, 0.01966
INFO | Time spent: 2.53s
INFO | - Epoch 049, ExpID 7789
INFO | Train - Loss (one batch): 0.00082
INFO | Val - Loss, MSE, RMSE, MAE: 0.00163, 0.00163, 0.04039, 0.03005
INFO | Test - Best epoch 39, Loss, MSE, RMSE, MAE: 0.00100, 0.00100, 0.03170, 0.01966
INFO | Time spent: 2.42s
INFO | - Epoch 050, ExpID 7789
INFO | Train - Loss (one batch): 0.00078
INFO | Val - Loss, MSE, RMSE, MAE: 0.00136, 0.00136, 0.03683, 0.02635
INFO | Test - Best epoch 39, Loss, MSE, RMSE, MAE: 0.00100, 0.00100, 0.03170, 0.01966
INFO | Time spent: 2.60s
INFO | - Epoch 051, ExpID 7789
INFO | Train - Loss (one batch): 0.00090
INFO | Val - Loss, MSE, RMSE, MAE: 0.00116, 0.00116, 0.03410, 0.02245
INFO | Test - Best epoch 39, Loss, MSE, RMSE, MAE: 0.00100, 0.00100, 0.03170, 0.01966
INFO | Time spent: 2.61s
INFO | - Epoch 052, ExpID 7789
INFO | Train - Loss (one batch): 0.00099
INFO | Val - Loss, MSE, RMSE, MAE: 0.00103, 0.00103, 0.03211, 0.01967
INFO | Test - Best epoch 52, Loss, MSE, RMSE, MAE: 0.00100, 0.00100, 0.03161, 0.01953
INFO | Time spent: 2.86s
INFO | - Epoch 053, ExpID 7789
INFO | Train - Loss (one batch): 0.00104
INFO | Val - Loss, MSE, RMSE, MAE: 0.00104, 0.00104, 0.03220, 0.01985
INFO | Test - Best epoch 52, Loss, MSE, RMSE, MAE: 0.00100, 0.00100, 0.03161, 0.01953
INFO | Time spent: 2.46s
INFO | - Epoch 054, ExpID 7789
INFO | Train - Loss (one batch): 0.00080
INFO | Val - Loss, MSE, RMSE, MAE: 0.00104, 0.00104, 0.03229, 0.01995
INFO | Test - Best epoch 52, Loss, MSE, RMSE, MAE: 0.00100, 0.00100, 0.03161, 0.01953
INFO | Time spent: 2.67s
INFO | - Epoch 055, ExpID 7789
INFO | Train - Loss (one batch): 0.00107
INFO | Val - Loss, MSE, RMSE, MAE: 0.00103, 0.00103, 0.03203, 0.01974
INFO | Test - Best epoch 55, Loss, MSE, RMSE, MAE: 0.00099, 0.00099, 0.03147, 0.01957
INFO | Time spent: 2.91s
INFO | - Epoch 056, ExpID 7789
INFO | Train - Loss (one batch): 0.00069
INFO | Val - Loss, MSE, RMSE, MAE: 0.00101, 0.00101, 0.03178, 0.01934
INFO | Test - Best epoch 56, Loss, MSE, RMSE, MAE: 0.00098, 0.00098, 0.03125, 0.01922
INFO | Time spent: 2.93s
INFO | - Epoch 057, ExpID 7789
INFO | Train - Loss (one batch): 0.00106
INFO | Val - Loss, MSE, RMSE, MAE: 0.00139, 0.00139, 0.03729, 0.02642
INFO | Test - Best epoch 56, Loss, MSE, RMSE, MAE: 0.00098, 0.00098, 0.03125, 0.01922
INFO | Time spent: 2.49s
INFO | - Epoch 058, ExpID 7789
INFO | Train - Loss (one batch): 0.00072
INFO | Val - Loss, MSE, RMSE, MAE: 0.00147, 0.00147, 0.03836, 0.02761
INFO | Test - Best epoch 56, Loss, MSE, RMSE, MAE: 0.00098, 0.00098, 0.03125, 0.01922
INFO | Time spent: 2.70s
INFO | - Epoch 059, ExpID 7789
INFO | Train - Loss (one batch): 0.00086
INFO | Val - Loss, MSE, RMSE, MAE: 0.00107, 0.00107, 0.03264, 0.02058
INFO | Test - Best epoch 56, Loss, MSE, RMSE, MAE: 0.00098, 0.00098, 0.03125, 0.01922
INFO | Time spent: 2.47s
INFO | - Epoch 060, ExpID 7789
INFO | Train - Loss (one batch): 0.00111
INFO | Val - Loss, MSE, RMSE, MAE: 0.00109, 0.00109, 0.03296, 0.02127
INFO | Test - Best epoch 56, Loss, MSE, RMSE, MAE: 0.00098, 0.00098, 0.03125, 0.01922
INFO | Time spent: 2.49s
INFO | - Epoch 061, ExpID 7789
INFO | Train - Loss (one batch): 0.00088
INFO | Val - Loss, MSE, RMSE, MAE: 0.00102, 0.00102, 0.03201, 0.01979
INFO | Test - Best epoch 56, Loss, MSE, RMSE, MAE: 0.00098, 0.00098, 0.03125, 0.01922
INFO | Time spent: 2.49s
INFO | - Epoch 062, ExpID 7789
INFO | Train - Loss (one batch): 0.00139
INFO | Val - Loss, MSE, RMSE, MAE: 0.00147, 0.00147, 0.03836, 0.02788
INFO | Test - Best epoch 56, Loss, MSE, RMSE, MAE: 0.00098, 0.00098, 0.03125, 0.01922
INFO | Time spent: 2.55s
INFO | - Epoch 063, ExpID 7789
INFO | Train - Loss (one batch): 0.00090
INFO | Val - Loss, MSE, RMSE, MAE: 0.00108, 0.00108, 0.03287, 0.02084
INFO | Test - Best epoch 56, Loss, MSE, RMSE, MAE: 0.00098, 0.00098, 0.03125, 0.01922
INFO | Time spent: 2.49s
INFO | - Epoch 064, ExpID 7789
INFO | Train - Loss (one batch): 0.00103
INFO | Val - Loss, MSE, RMSE, MAE: 0.00099, 0.00099, 0.03148, 0.01903
INFO | Test - Best epoch 64, Loss, MSE, RMSE, MAE: 0.00096, 0.00096, 0.03106, 0.01891
INFO | Time spent: 2.93s
INFO | - Epoch 065, ExpID 7789
INFO | Train - Loss (one batch): 0.00097
INFO | Val - Loss, MSE, RMSE, MAE: 0.00105, 0.00105, 0.03235, 0.02026
INFO | Test - Best epoch 64, Loss, MSE, RMSE, MAE: 0.00096, 0.00096, 0.03106, 0.01891
INFO | Time spent: 2.50s
INFO | - Epoch 066, ExpID 7789
INFO | Train - Loss (one batch): 0.00102
INFO | Val - Loss, MSE, RMSE, MAE: 0.00097, 0.00097, 0.03121, 0.01881
INFO | Test - Best epoch 66, Loss, MSE, RMSE, MAE: 0.00095, 0.00095, 0.03080, 0.01871
INFO | Time spent: 3.23s
INFO | - Epoch 067, ExpID 7789
INFO | Train - Loss (one batch): 0.00083
INFO | Val - Loss, MSE, RMSE, MAE: 0.00099, 0.00099, 0.03145, 0.01900
INFO | Test - Best epoch 66, Loss, MSE, RMSE, MAE: 0.00095, 0.00095, 0.03080, 0.01871
INFO | Time spent: 2.54s
INFO | - Epoch 068, ExpID 7789
INFO | Train - Loss (one batch): 0.00078
INFO | Val - Loss, MSE, RMSE, MAE: 0.00109, 0.00109, 0.03302, 0.02134
INFO | Test - Best epoch 66, Loss, MSE, RMSE, MAE: 0.00095, 0.00095, 0.03080, 0.01871
INFO | Time spent: 2.50s
INFO | - Epoch 069, ExpID 7789
INFO | Train - Loss (one batch): 0.00062
INFO | Val - Loss, MSE, RMSE, MAE: 0.00138, 0.00138, 0.03708, 0.02654
INFO | Test - Best epoch 66, Loss, MSE, RMSE, MAE: 0.00095, 0.00095, 0.03080, 0.01871
INFO | Time spent: 2.54s
INFO | - Epoch 070, ExpID 7789
INFO | Train - Loss (one batch): 0.00088
INFO | Val - Loss, MSE, RMSE, MAE: 0.00104, 0.00104, 0.03230, 0.02032
INFO | Test - Best epoch 66, Loss, MSE, RMSE, MAE: 0.00095, 0.00095, 0.03080, 0.01871
INFO | Time spent: 2.48s
INFO | - Epoch 071, ExpID 7789
INFO | Train - Loss (one batch): 0.00085
INFO | Val - Loss, MSE, RMSE, MAE: 0.00106, 0.00106, 0.03261, 0.02086
INFO | Test - Best epoch 66, Loss, MSE, RMSE, MAE: 0.00095, 0.00095, 0.03080, 0.01871
INFO | Time spent: 2.50s
INFO | - Epoch 072, ExpID 7789
INFO | Train - Loss (one batch): 0.00084
INFO | Val - Loss, MSE, RMSE, MAE: 0.00104, 0.00104, 0.03225, 0.02028
INFO | Test - Best epoch 66, Loss, MSE, RMSE, MAE: 0.00095, 0.00095, 0.03080, 0.01871
INFO | Time spent: 2.45s
INFO | - Epoch 073, ExpID 7789
INFO | Train - Loss (one batch): 0.00072
INFO | Val - Loss, MSE, RMSE, MAE: 0.00106, 0.00106, 0.03255, 0.02089
INFO | Test - Best epoch 66, Loss, MSE, RMSE, MAE: 0.00095, 0.00095, 0.03080, 0.01871
INFO | Time spent: 2.48s
INFO | - Epoch 074, ExpID 7789
INFO | Train - Loss (one batch): 0.00068
INFO | Val - Loss, MSE, RMSE, MAE: 0.00108, 0.00108, 0.03287, 0.02123
INFO | Test - Best epoch 66, Loss, MSE, RMSE, MAE: 0.00095, 0.00095, 0.03080, 0.01871
INFO | Time spent: 2.49s
INFO | - Epoch 075, ExpID 7789
INFO | Train - Loss (one batch): 0.00097
INFO | Val - Loss, MSE, RMSE, MAE: 0.00105, 0.00105, 0.03243, 0.02055
INFO | Test - Best epoch 66, Loss, MSE, RMSE, MAE: 0.00095, 0.00095, 0.03080, 0.01871
INFO | Time spent: 2.49s
INFO | - Epoch 076, ExpID 7789
INFO | Train - Loss (one batch): 0.00062
INFO | Val - Loss, MSE, RMSE, MAE: 0.00111, 0.00111, 0.03332, 0.02209
INFO | Test - Best epoch 66, Loss, MSE, RMSE, MAE: 0.00095, 0.00095, 0.03080, 0.01871
INFO | Time spent: 2.66s
INFO | - Epoch 077, ExpID 7789
INFO | Train - Loss (one batch): 0.00068
INFO | Val - Loss, MSE, RMSE, MAE: 0.00107, 0.00107, 0.03271, 0.02108
INFO | Test - Best epoch 66, Loss, MSE, RMSE, MAE: 0.00095, 0.00095, 0.03080, 0.01871
INFO | Time spent: 2.53s
INFO | - Epoch 078, ExpID 7789
INFO | Train - Loss (one batch): 0.00087
INFO | Val - Loss, MSE, RMSE, MAE: 0.00097, 0.00097, 0.03120, 0.01885
INFO | Test - Best epoch 78, Loss, MSE, RMSE, MAE: 0.00095, 0.00095, 0.03076, 0.01881
INFO | Time spent: 2.94s
INFO | - Epoch 079, ExpID 7789
INFO | Train - Loss (one batch): 0.00087
INFO | Val - Loss, MSE, RMSE, MAE: 0.00115, 0.00115, 0.03387, 0.02306
INFO | Test - Best epoch 78, Loss, MSE, RMSE, MAE: 0.00095, 0.00095, 0.03076, 0.01881
INFO | Time spent: 2.55s
INFO | - Epoch 080, ExpID 7789
INFO | Train - Loss (one batch): 0.00106
INFO | Val - Loss, MSE, RMSE, MAE: 0.00098, 0.00098, 0.03133, 0.01912
INFO | Test - Best epoch 78, Loss, MSE, RMSE, MAE: 0.00095, 0.00095, 0.03076, 0.01881
INFO | Time spent: 2.53s
INFO | - Epoch 081, ExpID 7789
INFO | Train - Loss (one batch): 0.00084
INFO | Val - Loss, MSE, RMSE, MAE: 0.00102, 0.00102, 0.03188, 0.01995
INFO | Test - Best epoch 78, Loss, MSE, RMSE, MAE: 0.00095, 0.00095, 0.03076, 0.01881
INFO | Time spent: 2.48s
INFO | - Epoch 082, ExpID 7789
INFO | Train - Loss (one batch): 0.00106
INFO | Val - Loss, MSE, RMSE, MAE: 0.00098, 0.00098, 0.03127, 0.01907
INFO | Test - Best epoch 78, Loss, MSE, RMSE, MAE: 0.00095, 0.00095, 0.03076, 0.01881
INFO | Time spent: 2.49s
INFO | - Epoch 083, ExpID 7789
INFO | Train - Loss (one batch): 0.00079
INFO | Val - Loss, MSE, RMSE, MAE: 0.00099, 0.00099, 0.03146, 0.01928
INFO | Test - Best epoch 78, Loss, MSE, RMSE, MAE: 0.00095, 0.00095, 0.03076, 0.01881
INFO | Time spent: 2.64s
INFO | - Epoch 084, ExpID 7789
INFO | Train - Loss (one batch): 0.00083
INFO | Val - Loss, MSE, RMSE, MAE: 0.00101, 0.00101, 0.03182, 0.01999
INFO | Test - Best epoch 78, Loss, MSE, RMSE, MAE: 0.00095, 0.00095, 0.03076, 0.01881
INFO | Time spent: 2.54s
INFO | - Epoch 085, ExpID 7789
INFO | Train - Loss (one batch): 0.00085
INFO | Val - Loss, MSE, RMSE, MAE: 0.00099, 0.00099, 0.03148, 0.01933
INFO | Test - Best epoch 78, Loss, MSE, RMSE, MAE: 0.00095, 0.00095, 0.03076, 0.01881
INFO | Time spent: 2.54s
INFO | - Epoch 086, ExpID 7789
INFO | Train - Loss (one batch): 0.00086
INFO | Val - Loss, MSE, RMSE, MAE: 0.00107, 0.00107, 0.03274, 0.02111
INFO | Test - Best epoch 78, Loss, MSE, RMSE, MAE: 0.00095, 0.00095, 0.03076, 0.01881
INFO | Time spent: 2.53s
INFO | - Epoch 087, ExpID 7789
INFO | Train - Loss (one batch): 0.00088
INFO | Val - Loss, MSE, RMSE, MAE: 0.00102, 0.00102, 0.03189, 0.01997
INFO | Test - Best epoch 78, Loss, MSE, RMSE, MAE: 0.00095, 0.00095, 0.03076, 0.01881
INFO | Time spent: 2.54s
INFO | - Epoch 088, ExpID 7789
INFO | Train - Loss (one batch): 0.00093
INFO | Val - Loss, MSE, RMSE, MAE: 0.00098, 0.00098, 0.03127, 0.01909
INFO | Test - Best epoch 78, Loss, MSE, RMSE, MAE: 0.00095, 0.00095, 0.03076, 0.01881
INFO | Time spent: 2.62s
INFO | - Epoch 089, ExpID 7789
INFO | Train - Loss (one batch): 0.00071
INFO | Val - Loss, MSE, RMSE, MAE: 0.00102, 0.00102, 0.03194, 0.02005
INFO | Test - Best epoch 78, Loss, MSE, RMSE, MAE: 0.00095, 0.00095, 0.03076, 0.01881
INFO | Time spent: 2.60s
INFO | - Epoch 090, ExpID 7789
INFO | Train - Loss (one batch): 0.00074
INFO | Val - Loss, MSE, RMSE, MAE: 0.00095, 0.00095, 0.03082, 0.01843
INFO | Test - Best epoch 90, Loss, MSE, RMSE, MAE: 0.00092, 0.00092, 0.03036, 0.01834
INFO | Time spent: 2.93s
INFO | - Epoch 091, ExpID 7789
INFO | Train - Loss (one batch): 0.00057
INFO | Val - Loss, MSE, RMSE, MAE: 0.00098, 0.00098, 0.03123, 0.01898
INFO | Test - Best epoch 90, Loss, MSE, RMSE, MAE: 0.00092, 0.00092, 0.03036, 0.01834
INFO | Time spent: 2.49s
INFO | - Epoch 092, ExpID 7789
INFO | Train - Loss (one batch): 0.00083
INFO | Val - Loss, MSE, RMSE, MAE: 0.00097, 0.00097, 0.03109, 0.01896
INFO | Test - Best epoch 90, Loss, MSE, RMSE, MAE: 0.00092, 0.00092, 0.03036, 0.01834
INFO | Time spent: 2.52s
INFO | - Epoch 093, ExpID 7789
INFO | Train - Loss (one batch): 0.00080
INFO | Val - Loss, MSE, RMSE, MAE: 0.00109, 0.00109, 0.03306, 0.02147
INFO | Test - Best epoch 90, Loss, MSE, RMSE, MAE: 0.00092, 0.00092, 0.03036, 0.01834
INFO | Time spent: 2.66s
INFO | - Epoch 094, ExpID 7789
INFO | Train - Loss (one batch): 0.00106
INFO | Val - Loss, MSE, RMSE, MAE: 0.00098, 0.00098, 0.03133, 0.01968
INFO | Test - Best epoch 90, Loss, MSE, RMSE, MAE: 0.00092, 0.00092, 0.03036, 0.01834
INFO | Time spent: 2.52s
INFO | - Epoch 095, ExpID 7789
INFO | Train - Loss (one batch): 0.00102
INFO | Val - Loss, MSE, RMSE, MAE: 0.00099, 0.00099, 0.03154, 0.01976
INFO | Test - Best epoch 90, Loss, MSE, RMSE, MAE: 0.00092, 0.00092, 0.03036, 0.01834
INFO | Time spent: 2.47s
INFO | - Epoch 096, ExpID 7789
INFO | Train - Loss (one batch): 0.00072
INFO | Val - Loss, MSE, RMSE, MAE: 0.00095, 0.00095, 0.03083, 0.01861
INFO | Test - Best epoch 90, Loss, MSE, RMSE, MAE: 0.00092, 0.00092, 0.03036, 0.01834
INFO | Time spent: 2.51s
INFO | - Epoch 097, ExpID 7789
INFO | Train - Loss (one batch): 0.00084
INFO | Val - Loss, MSE, RMSE, MAE: 0.00093, 0.00093, 0.03046, 0.01805
INFO | Test - Best epoch 97, Loss, MSE, RMSE, MAE: 0.00090, 0.00090, 0.03007, 0.01797
INFO | Time spent: 2.90s
INFO | - Epoch 098, ExpID 7789
INFO | Train - Loss (one batch): 0.00104
INFO | Val - Loss, MSE, RMSE, MAE: 0.00092, 0.00092, 0.03035, 0.01813
INFO | Test - Best epoch 98, Loss, MSE, RMSE, MAE: 0.00090, 0.00090, 0.03007, 0.01816
INFO | Time spent: 3.25s
INFO | - Epoch 099, ExpID 7789
INFO | Train - Loss (one batch): 0.00096
INFO | Val - Loss, MSE, RMSE, MAE: 0.00110, 0.00110, 0.03322, 0.02199
INFO | Test - Best epoch 98, Loss, MSE, RMSE, MAE: 0.00090, 0.00090, 0.03007, 0.01816
INFO | Time spent: 2.48s
INFO | - Epoch 100, ExpID 7789
INFO | Train - Loss (one batch): 0.00085
INFO | Val - Loss, MSE, RMSE, MAE: 0.00096, 0.00096, 0.03102, 0.01874
INFO | Test - Best epoch 98, Loss, MSE, RMSE, MAE: 0.00090, 0.00090, 0.03007, 0.01816
INFO | Time spent: 2.50s
INFO | - Epoch 101, ExpID 7789
INFO | Train - Loss (one batch): 0.00107
INFO | Val - Loss, MSE, RMSE, MAE: 0.00106, 0.00106, 0.03252, 0.02118
INFO | Test - Best epoch 98, Loss, MSE, RMSE, MAE: 0.00090, 0.00090, 0.03007, 0.01816
INFO | Time spent: 2.49s
INFO | - Epoch 102, ExpID 7789
INFO | Train - Loss (one batch): 0.00090
INFO | Val - Loss, MSE, RMSE, MAE: 0.00096, 0.00096, 0.03092, 0.01912
INFO | Test - Best epoch 98, Loss, MSE, RMSE, MAE: 0.00090, 0.00090, 0.03007, 0.01816
INFO | Time spent: 2.49s
INFO | - Epoch 103, ExpID 7789
INFO | Train - Loss (one batch): 0.00100
INFO | Val - Loss, MSE, RMSE, MAE: 0.00110, 0.00110, 0.03321, 0.02256
INFO | Test - Best epoch 98, Loss, MSE, RMSE, MAE: 0.00090, 0.00090, 0.03007, 0.01816
INFO | Time spent: 2.51s
INFO | - Epoch 104, ExpID 7789
INFO | Train - Loss (one batch): 0.00075
INFO | Val - Loss, MSE, RMSE, MAE: 0.00099, 0.00099, 0.03150, 0.01963
INFO | Test - Best epoch 98, Loss, MSE, RMSE, MAE: 0.00090, 0.00090, 0.03007, 0.01816
INFO | Time spent: 2.50s
INFO | - Epoch 105, ExpID 7789
INFO | Train - Loss (one batch): 0.00079
INFO | Val - Loss, MSE, RMSE, MAE: 0.00099, 0.00099, 0.03143, 0.01998
INFO | Test - Best epoch 98, Loss, MSE, RMSE, MAE: 0.00090, 0.00090, 0.03007, 0.01816
INFO | Time spent: 2.60s
INFO | - Epoch 106, ExpID 7789
INFO | Train - Loss (one batch): 0.00116
INFO | Val - Loss, MSE, RMSE, MAE: 0.00094, 0.00094, 0.03060, 0.01873
INFO | Test - Best epoch 98, Loss, MSE, RMSE, MAE: 0.00090, 0.00090, 0.03007, 0.01816
INFO | Time spent: 2.47s
INFO | - Epoch 107, ExpID 7789
INFO | Train - Loss (one batch): 0.00067
INFO | Val - Loss, MSE, RMSE, MAE: 0.00095, 0.00095, 0.03081, 0.01894
INFO | Test - Best epoch 98, Loss, MSE, RMSE, MAE: 0.00090, 0.00090, 0.03007, 0.01816
INFO | Time spent: 2.50s
INFO | - Epoch 108, ExpID 7789
INFO | Train - Loss (one batch): 0.00073
INFO | Val - Loss, MSE, RMSE, MAE: 0.00092, 0.00092, 0.03038, 0.01803
INFO | Test - Best epoch 98, Loss, MSE, RMSE, MAE: 0.00090, 0.00090, 0.03007, 0.01816
INFO | Time spent: 2.49s
INFO | - Epoch 109, ExpID 7789
INFO | Train - Loss (one batch): 0.00099
INFO | Val - Loss, MSE, RMSE, MAE: 0.00097, 0.00097, 0.03117, 0.01913
INFO | Test - Best epoch 98, Loss, MSE, RMSE, MAE: 0.00090, 0.00090, 0.03007, 0.01816
INFO | Time spent: 2.57s
INFO | - Epoch 110, ExpID 7789
INFO | Train - Loss (one batch): 0.00076
INFO | Val - Loss, MSE, RMSE, MAE: 0.00094, 0.00094, 0.03066, 0.01862
INFO | Test - Best epoch 98, Loss, MSE, RMSE, MAE: 0.00090, 0.00090, 0.03007, 0.01816
INFO | Time spent: 2.50s
INFO | - Epoch 111, ExpID 7789
INFO | Train - Loss (one batch): 0.00077
INFO | Val - Loss, MSE, RMSE, MAE: 0.00094, 0.00094, 0.03074, 0.01909
INFO | Test - Best epoch 98, Loss, MSE, RMSE, MAE: 0.00090, 0.00090, 0.03007, 0.01816
INFO | Time spent: 2.70s
INFO | - Epoch 112, ExpID 7789
INFO | Train - Loss (one batch): 0.00129
INFO | Val - Loss, MSE, RMSE, MAE: 0.00115, 0.00115, 0.03396, 0.02352
INFO | Test - Best epoch 98, Loss, MSE, RMSE, MAE: 0.00090, 0.00090, 0.03007, 0.01816
INFO | Time spent: 2.65s
INFO | - Epoch 113, ExpID 7789
INFO | Train - Loss (one batch): 0.00093
INFO | Val - Loss, MSE, RMSE, MAE: 0.00094, 0.00094, 0.03060, 0.01834
INFO | Test - Best epoch 98, Loss, MSE, RMSE, MAE: 0.00090, 0.00090, 0.03007, 0.01816
INFO | Time spent: 2.50s
INFO | - Epoch 114, ExpID 7789
INFO | Train - Loss (one batch): 0.00087
INFO | Val - Loss, MSE, RMSE, MAE: 0.00105, 0.00105, 0.03233, 0.02104
INFO | Test - Best epoch 98, Loss, MSE, RMSE, MAE: 0.00090, 0.00090, 0.03007, 0.01816
INFO | Time spent: 2.48s
INFO | - Epoch 115, ExpID 7789
INFO | Train - Loss (one batch): 0.00079
INFO | Val - Loss, MSE, RMSE, MAE: 0.00093, 0.00093, 0.03045, 0.01825
INFO | Test - Best epoch 98, Loss, MSE, RMSE, MAE: 0.00090, 0.00090, 0.03007, 0.01816
INFO | Time spent: 2.48s
INFO | - Epoch 116, ExpID 7789
INFO | Train - Loss (one batch): 0.00084
INFO | Val - Loss, MSE, RMSE, MAE: 0.00098, 0.00098, 0.03136, 0.02008
INFO | Test - Best epoch 98, Loss, MSE, RMSE, MAE: 0.00090, 0.00090, 0.03007, 0.01816
INFO | Time spent: 2.72s
INFO | - Epoch 117, ExpID 7789
INFO | Train - Loss (one batch): 0.00092
INFO | Val - Loss, MSE, RMSE, MAE: 0.00094, 0.00094, 0.03073, 0.01875
INFO | Test - Best epoch 98, Loss, MSE, RMSE, MAE: 0.00090, 0.00090, 0.03007, 0.01816
INFO | Time spent: 2.48s
INFO | - Epoch 118, ExpID 7789
INFO | Train - Loss (one batch): 0.00099
INFO | Val - Loss, MSE, RMSE, MAE: 0.00094, 0.00094, 0.03071, 0.01880
INFO | Test - Best epoch 98, Loss, MSE, RMSE, MAE: 0.00090, 0.00090, 0.03007, 0.01816
INFO | Time spent: 2.49s
INFO | - Epoch 119, ExpID 7789
INFO | Train - Loss (one batch): 0.00125
INFO | Val - Loss, MSE, RMSE, MAE: 0.00097, 0.00097, 0.03116, 0.01926
INFO | Test - Best epoch 98, Loss, MSE, RMSE, MAE: 0.00090, 0.00090, 0.03007, 0.01816
INFO | Time spent: 2.52s
INFO | - Epoch 120, ExpID 7789
INFO | Train - Loss (one batch): 0.00065
INFO | Val - Loss, MSE, RMSE, MAE: 0.00092, 0.00092, 0.03028, 0.01804
INFO | Test - Best epoch 120, Loss, MSE, RMSE, MAE: 0.00090, 0.00090, 0.03000, 0.01810
INFO | Time spent: 2.95s
INFO | - Epoch 121, ExpID 7789
INFO | Train - Loss (one batch): 0.00115
INFO | Val - Loss, MSE, RMSE, MAE: 0.00097, 0.00097, 0.03112, 0.01923
INFO | Test - Best epoch 120, Loss, MSE, RMSE, MAE: 0.00090, 0.00090, 0.03000, 0.01810
INFO | Time spent: 2.56s
INFO | - Epoch 122, ExpID 7789
INFO | Train - Loss (one batch): 0.00092
INFO | Val - Loss, MSE, RMSE, MAE: 0.00094, 0.00094, 0.03064, 0.01860
INFO | Test - Best epoch 120, Loss, MSE, RMSE, MAE: 0.00090, 0.00090, 0.03000, 0.01810
INFO | Time spent: 2.50s
INFO | - Epoch 123, ExpID 7789
INFO | Train - Loss (one batch): 0.00103
INFO | Val - Loss, MSE, RMSE, MAE: 0.00097, 0.00097, 0.03122, 0.01970
INFO | Test - Best epoch 120, Loss, MSE, RMSE, MAE: 0.00090, 0.00090, 0.03000, 0.01810
INFO | Time spent: 2.48s
INFO | - Epoch 124, ExpID 7789
INFO | Train - Loss (one batch): 0.00095
INFO | Val - Loss, MSE, RMSE, MAE: 0.00094, 0.00094, 0.03072, 0.01866
INFO | Test - Best epoch 120, Loss, MSE, RMSE, MAE: 0.00090, 0.00090, 0.03000, 0.01810
INFO | Time spent: 2.55s
INFO | - Epoch 125, ExpID 7789
INFO | Train - Loss (one batch): 0.00081
INFO | Val - Loss, MSE, RMSE, MAE: 0.00099, 0.00099, 0.03148, 0.01985
INFO | Test - Best epoch 120, Loss, MSE, RMSE, MAE: 0.00090, 0.00090, 0.03000, 0.01810
INFO | Time spent: 2.51s
INFO | - Epoch 126, ExpID 7789
INFO | Train - Loss (one batch): 0.00082
INFO | Val - Loss, MSE, RMSE, MAE: 0.00113, 0.00113, 0.03355, 0.02247
INFO | Test - Best epoch 120, Loss, MSE, RMSE, MAE: 0.00090, 0.00090, 0.03000, 0.01810
INFO | Time spent: 2.50s
INFO | - Epoch 127, ExpID 7789
INFO | Train - Loss (one batch): 0.00074
INFO | Val - Loss, MSE, RMSE, MAE: 0.00094, 0.00094, 0.03060, 0.01881
INFO | Test - Best epoch 120, Loss, MSE, RMSE, MAE: 0.00090, 0.00090, 0.03000, 0.01810
INFO | Time spent: 2.49s
INFO | - Epoch 128, ExpID 7789
INFO | Train - Loss (one batch): 0.00126
INFO | Val - Loss, MSE, RMSE, MAE: 0.00106, 0.00106, 0.03258, 0.02195
INFO | Test - Best epoch 120, Loss, MSE, RMSE, MAE: 0.00090, 0.00090, 0.03000, 0.01810
INFO | Time spent: 2.47s
INFO | - Epoch 129, ExpID 7789
INFO | Train - Loss (one batch): 0.00093
INFO | Val - Loss, MSE, RMSE, MAE: 0.00092, 0.00092, 0.03033, 0.01805
INFO | Test - Best epoch 120, Loss, MSE, RMSE, MAE: 0.00090, 0.00090, 0.03000, 0.01810
INFO | Time spent: 2.48s
INFO | - Epoch 130, ExpID 7789
INFO | Train - Loss (one batch): 0.00090
INFO | Val - Loss, MSE, RMSE, MAE: 0.00091, 0.00091, 0.03008, 0.01790
INFO | Test - Best epoch 130, Loss, MSE, RMSE, MAE: 0.00089, 0.00089, 0.02983, 0.01798
INFO | Time spent: 2.92s
INFO | - Epoch 131, ExpID 7789
INFO | Train - Loss (one batch): 0.00076
INFO | Val - Loss, MSE, RMSE, MAE: 0.00093, 0.00093, 0.03049, 0.01824
INFO | Test - Best epoch 130, Loss, MSE, RMSE, MAE: 0.00089, 0.00089, 0.02983, 0.01798
INFO | Time spent: 2.68s
INFO | - Epoch 132, ExpID 7789
INFO | Train - Loss (one batch): 0.00068
INFO | Val - Loss, MSE, RMSE, MAE: 0.00095, 0.00095, 0.03085, 0.01885
INFO | Test - Best epoch 130, Loss, MSE, RMSE, MAE: 0.00089, 0.00089, 0.02983, 0.01798
INFO | Time spent: 2.53s
INFO | - Epoch 133, ExpID 7789
INFO | Train - Loss (one batch): 0.00061
INFO | Val - Loss, MSE, RMSE, MAE: 0.00101, 0.00101, 0.03180, 0.02056
INFO | Test - Best epoch 130, Loss, MSE, RMSE, MAE: 0.00089, 0.00089, 0.02983, 0.01798
INFO | Time spent: 2.50s
INFO | - Epoch 134, ExpID 7789
INFO | Train - Loss (one batch): 0.00074
INFO | Val - Loss, MSE, RMSE, MAE: 0.00093, 0.00093, 0.03050, 0.01842
INFO | Test - Best epoch 130, Loss, MSE, RMSE, MAE: 0.00089, 0.00089, 0.02983, 0.01798
INFO | Time spent: 2.51s
INFO | - Epoch 135, ExpID 7789
INFO | Train - Loss (one batch): 0.00065
INFO | Val - Loss, MSE, RMSE, MAE: 0.00092, 0.00092, 0.03039, 0.01849
INFO | Test - Best epoch 130, Loss, MSE, RMSE, MAE: 0.00089, 0.00089, 0.02983, 0.01798
INFO | Time spent: 2.49s
INFO | - Epoch 136, ExpID 7789
INFO | Train - Loss (one batch): 0.00074
INFO | Val - Loss, MSE, RMSE, MAE: 0.00100, 0.00100, 0.03159, 0.01983
INFO | Test - Best epoch 130, Loss, MSE, RMSE, MAE: 0.00089, 0.00089, 0.02983, 0.01798
INFO | Time spent: 2.51s
INFO | - Epoch 137, ExpID 7789
INFO | Train - Loss (one batch): 0.00070
INFO | Val - Loss, MSE, RMSE, MAE: 0.00091, 0.00091, 0.03010, 0.01793
INFO | Test - Best epoch 130, Loss, MSE, RMSE, MAE: 0.00089, 0.00089, 0.02983, 0.01798
INFO | Time spent: 2.52s
INFO | - Epoch 138, ExpID 7789
INFO | Train - Loss (one batch): 0.00062
INFO | Val - Loss, MSE, RMSE, MAE: 0.00094, 0.00094, 0.03064, 0.01890
INFO | Test - Best epoch 130, Loss, MSE, RMSE, MAE: 0.00089, 0.00089, 0.02983, 0.01798
INFO | Time spent: 2.50s
INFO | - Epoch 139, ExpID 7789
INFO | Train - Loss (one batch): 0.00070
INFO | Val - Loss, MSE, RMSE, MAE: 0.00096, 0.00096, 0.03102, 0.01900
INFO | Test - Best epoch 130, Loss, MSE, RMSE, MAE: 0.00089, 0.00089, 0.02983, 0.01798
INFO | Time spent: 2.53s
INFO | - Epoch 140, ExpID 7789
INFO | Train - Loss (one batch): 0.00078
INFO | Val - Loss, MSE, RMSE, MAE: 0.00094, 0.00094, 0.03060, 0.01855
INFO | Test - Best epoch 130, Loss, MSE, RMSE, MAE: 0.00089, 0.00089, 0.02983, 0.01798
INFO | Time spent: 2.50s
INFO | - Epoch 141, ExpID 7789
INFO | Train - Loss (one batch): 0.00075
INFO | Val - Loss, MSE, RMSE, MAE: 0.00097, 0.00097, 0.03111, 0.01933
INFO | Test - Best epoch 130, Loss, MSE, RMSE, MAE: 0.00089, 0.00089, 0.02983, 0.01798
INFO | Time spent: 2.48s
INFO | - Epoch 142, ExpID 7789
INFO | Train - Loss (one batch): 0.00069
INFO | Val - Loss, MSE, RMSE, MAE: 0.00093, 0.00093, 0.03049, 0.01840
INFO | Test - Best epoch 130, Loss, MSE, RMSE, MAE: 0.00089, 0.00089, 0.02983, 0.01798
INFO | Time spent: 2.50s
INFO | - Epoch 143, ExpID 7789
INFO | Train - Loss (one batch): 0.00074
INFO | Val - Loss, MSE, RMSE, MAE: 0.00097, 0.00097, 0.03120, 0.01927
INFO | Test - Best epoch 130, Loss, MSE, RMSE, MAE: 0.00089, 0.00089, 0.02983, 0.01798
INFO | Time spent: 2.58s
INFO | - Epoch 144, ExpID 7789
INFO | Train - Loss (one batch): 0.00085
INFO | Val - Loss, MSE, RMSE, MAE: 0.00091, 0.00091, 0.03025, 0.01798
INFO | Test - Best epoch 130, Loss, MSE, RMSE, MAE: 0.00089, 0.00089, 0.02983, 0.01798
INFO | Time spent: 2.42s
INFO | - Epoch 145, ExpID 7789
INFO | Train - Loss (one batch): 0.00081
INFO | Val - Loss, MSE, RMSE, MAE: 0.00091, 0.00091, 0.03017, 0.01814
INFO | Test - Best epoch 130, Loss, MSE, RMSE, MAE: 0.00089, 0.00089, 0.02983, 0.01798
INFO | Time spent: 2.43s
INFO | - Epoch 146, ExpID 7789
INFO | Train - Loss (one batch): 0.00084
INFO | Val - Loss, MSE, RMSE, MAE: 0.00095, 0.00095, 0.03085, 0.01919
INFO | Test - Best epoch 130, Loss, MSE, RMSE, MAE: 0.00089, 0.00089, 0.02983, 0.01798
INFO | Time spent: 2.44s
INFO | - Epoch 147, ExpID 7789
INFO | Train - Loss (one batch): 0.00079
INFO | Val - Loss, MSE, RMSE, MAE: 0.00096, 0.00096, 0.03092, 0.01866
INFO | Test - Best epoch 130, Loss, MSE, RMSE, MAE: 0.00089, 0.00089, 0.02983, 0.01798
INFO | Time spent: 2.41s
INFO | - Epoch 148, ExpID 7789
INFO | Train - Loss (one batch): 0.00071
INFO | Val - Loss, MSE, RMSE, MAE: 0.00093, 0.00093, 0.03043, 0.01817
INFO | Test - Best epoch 130, Loss, MSE, RMSE, MAE: 0.00089, 0.00089, 0.02983, 0.01798
INFO | Time spent: 2.59s
INFO | - Epoch 149, ExpID 7789
INFO | Train - Loss (one batch): 0.00087
INFO | Val - Loss, MSE, RMSE, MAE: 0.00092, 0.00092, 0.03026, 0.01814
INFO | Test - Best epoch 130, Loss, MSE, RMSE, MAE: 0.00089, 0.00089, 0.02983, 0.01798
INFO | Time spent: 2.51s
INFO | - Epoch 150, ExpID 7789
INFO | Train - Loss (one batch): 0.00092
INFO | Val - Loss, MSE, RMSE, MAE: 0.00094, 0.00094, 0.03062, 0.01839
INFO | Test - Best epoch 130, Loss, MSE, RMSE, MAE: 0.00089, 0.00089, 0.02983, 0.01798
INFO | Time spent: 2.42s
INFO | - Epoch 151, ExpID 7789
INFO | Train - Loss (one batch): 0.00097
INFO | Val - Loss, MSE, RMSE, MAE: 0.00092, 0.00092, 0.03031, 0.01789
INFO | Test - Best epoch 130, Loss, MSE, RMSE, MAE: 0.00089, 0.00089, 0.02983, 0.01798
INFO | Time spent: 2.51s
INFO | - Epoch 152, ExpID 7789
INFO | Train - Loss (one batch): 0.00062
INFO | Val - Loss, MSE, RMSE, MAE: 0.00092, 0.00092, 0.03028, 0.01807
INFO | Test - Best epoch 130, Loss, MSE, RMSE, MAE: 0.00089, 0.00089, 0.02983, 0.01798
INFO | Time spent: 2.43s
INFO | - Epoch 153, ExpID 7789
INFO | Train - Loss (one batch): 0.00065
INFO | Val - Loss, MSE, RMSE, MAE: 0.00090, 0.00090, 0.03006, 0.01788
INFO | Test - Best epoch 153, Loss, MSE, RMSE, MAE: 0.00090, 0.00090, 0.03003, 0.01814
INFO | Time spent: 2.85s
INFO | - Epoch 154, ExpID 7789
INFO | Train - Loss (one batch): 0.00092
INFO | Val - Loss, MSE, RMSE, MAE: 0.00092, 0.00092, 0.03030, 0.01831
INFO | Test - Best epoch 153, Loss, MSE, RMSE, MAE: 0.00090, 0.00090, 0.03003, 0.01814
INFO | Time spent: 2.41s
INFO | - Epoch 155, ExpID 7789
INFO | Train - Loss (one batch): 0.00096
INFO | Val - Loss, MSE, RMSE, MAE: 0.00092, 0.00092, 0.03035, 0.01794
INFO | Test - Best epoch 153, Loss, MSE, RMSE, MAE: 0.00090, 0.00090, 0.03003, 0.01814
INFO | Time spent: 2.43s
INFO | - Epoch 156, ExpID 7789
INFO | Train - Loss (one batch): 0.00063
INFO | Val - Loss, MSE, RMSE, MAE: 0.00096, 0.00096, 0.03091, 0.01881
INFO | Test - Best epoch 153, Loss, MSE, RMSE, MAE: 0.00090, 0.00090, 0.03003, 0.01814
INFO | Time spent: 2.40s
INFO | - Epoch 157, ExpID 7789
INFO | Train - Loss (one batch): 0.00066
INFO | Val - Loss, MSE, RMSE, MAE: 0.00094, 0.00094, 0.03059, 0.01869
INFO | Test - Best epoch 153, Loss, MSE, RMSE, MAE: 0.00090, 0.00090, 0.03003, 0.01814
INFO | Time spent: 2.42s
INFO | - Epoch 158, ExpID 7789
INFO | Train - Loss (one batch): 0.00060
INFO | Val - Loss, MSE, RMSE, MAE: 0.00097, 0.00097, 0.03119, 0.01933
INFO | Test - Best epoch 153, Loss, MSE, RMSE, MAE: 0.00090, 0.00090, 0.03003, 0.01814
INFO | Time spent: 2.44s
INFO | - Epoch 159, ExpID 7789
INFO | Train - Loss (one batch): 0.00119
INFO | Val - Loss, MSE, RMSE, MAE: 0.00093, 0.00093, 0.03045, 0.01804
INFO | Test - Best epoch 153, Loss, MSE, RMSE, MAE: 0.00090, 0.00090, 0.03003, 0.01814
INFO | Time spent: 2.43s
INFO | - Epoch 160, ExpID 7789
INFO | Train - Loss (one batch): 0.00092
INFO | Val - Loss, MSE, RMSE, MAE: 0.00101, 0.00101, 0.03186, 0.02053
INFO | Test - Best epoch 153, Loss, MSE, RMSE, MAE: 0.00090, 0.00090, 0.03003, 0.01814
INFO | Time spent: 2.42s
INFO | - Epoch 161, ExpID 7789
INFO | Train - Loss (one batch): 0.00072
INFO | Val - Loss, MSE, RMSE, MAE: 0.00099, 0.00099, 0.03141, 0.01977
INFO | Test - Best epoch 153, Loss, MSE, RMSE, MAE: 0.00090, 0.00090, 0.03003, 0.01814
INFO | Time spent: 2.55s
INFO | - Epoch 162, ExpID 7789
INFO | Train - Loss (one batch): 0.00082
INFO | Val - Loss, MSE, RMSE, MAE: 0.00092, 0.00092, 0.03033, 0.01782
INFO | Test - Best epoch 153, Loss, MSE, RMSE, MAE: 0.00090, 0.00090, 0.03003, 0.01814
INFO | Time spent: 2.43s
INFO | - Epoch 163, ExpID 7789
INFO | Train - Loss (one batch): 0.00080
INFO | Val - Loss, MSE, RMSE, MAE: 0.00094, 0.00094, 0.03063, 0.01844
INFO | Test - Best epoch 153, Loss, MSE, RMSE, MAE: 0.00090, 0.00090, 0.03003, 0.01814
INFO | Time spent: 2.43s
INFO | - Epoch 164, ExpID 7789
INFO | Train - Loss (one batch): 0.00078
INFO | Val - Loss, MSE, RMSE, MAE: 0.00092, 0.00092, 0.03031, 0.01811
INFO | Test - Best epoch 153, Loss, MSE, RMSE, MAE: 0.00090, 0.00090, 0.03003, 0.01814
INFO | Time spent: 2.41s
INFO | - Epoch 165, ExpID 7789
INFO | Train - Loss (one batch): 0.00083
INFO | Val - Loss, MSE, RMSE, MAE: 0.00092, 0.00092, 0.03031, 0.01815
INFO | Test - Best epoch 153, Loss, MSE, RMSE, MAE: 0.00090, 0.00090, 0.03003, 0.01814
INFO | Time spent: 2.42s
INFO | - Epoch 166, ExpID 7789
INFO | Train - Loss (one batch): 0.00068
INFO | Val - Loss, MSE, RMSE, MAE: 0.00092, 0.00092, 0.03027, 0.01800
INFO | Test - Best epoch 153, Loss, MSE, RMSE, MAE: 0.00090, 0.00090, 0.03003, 0.01814
INFO | Time spent: 2.41s
INFO | - Epoch 167, ExpID 7789
INFO | Train - Loss (one batch): 0.00098
INFO | Val - Loss, MSE, RMSE, MAE: 0.00092, 0.00092, 0.03027, 0.01808
INFO | Test - Best epoch 153, Loss, MSE, RMSE, MAE: 0.00090, 0.00090, 0.03003, 0.01814
INFO | Time spent: 2.42s
INFO | - Epoch 168, ExpID 7789
INFO | Train - Loss (one batch): 0.00071
INFO | Val - Loss, MSE, RMSE, MAE: 0.00092, 0.00092, 0.03028, 0.01846
INFO | Test - Best epoch 153, Loss, MSE, RMSE, MAE: 0.00090, 0.00090, 0.03003, 0.01814
INFO | Time spent: 2.58s
INFO | - Epoch 169, ExpID 7789
INFO | Train - Loss (one batch): 0.00062
INFO | Val - Loss, MSE, RMSE, MAE: 0.00092, 0.00092, 0.03036, 0.01818
INFO | Test - Best epoch 153, Loss, MSE, RMSE, MAE: 0.00090, 0.00090, 0.03003, 0.01814
INFO | Time spent: 2.43s
INFO | - Epoch 170, ExpID 7789
INFO | Train - Loss (one batch): 0.00064
INFO | Val - Loss, MSE, RMSE, MAE: 0.00095, 0.00095, 0.03076, 0.01893
INFO | Test - Best epoch 153, Loss, MSE, RMSE, MAE: 0.00090, 0.00090, 0.03003, 0.01814
INFO | Time spent: 2.58s
INFO | - Epoch 171, ExpID 7789
INFO | Train - Loss (one batch): 0.00079
INFO | Val - Loss, MSE, RMSE, MAE: 0.00094, 0.00094, 0.03063, 0.01861
INFO | Test - Best epoch 153, Loss, MSE, RMSE, MAE: 0.00090, 0.00090, 0.03003, 0.01814
INFO | Time spent: 2.44s
INFO | - Epoch 172, ExpID 7789
INFO | Train - Loss (one batch): 0.00069
INFO | Val - Loss, MSE, RMSE, MAE: 0.00091, 0.00091, 0.03014, 0.01807
INFO | Test - Best epoch 153, Loss, MSE, RMSE, MAE: 0.00090, 0.00090, 0.03003, 0.01814
INFO | Time spent: 2.44s
INFO | - Epoch 173, ExpID 7789
INFO | Train - Loss (one batch): 0.00070
INFO | Val - Loss, MSE, RMSE, MAE: 0.00091, 0.00091, 0.03020, 0.01797
INFO | Test - Best epoch 153, Loss, MSE, RMSE, MAE: 0.00090, 0.00090, 0.03003, 0.01814
INFO | Time spent: 2.43s
INFO | - Epoch 174, ExpID 7789
INFO | Train - Loss (one batch): 0.00058
INFO | Val - Loss, MSE, RMSE, MAE: 0.00090, 0.00090, 0.03006, 0.01794
INFO | Test - Best epoch 174, Loss, MSE, RMSE, MAE: 0.00090, 0.00090, 0.02993, 0.01808
INFO | Time spent: 2.84s
INFO | - Epoch 175, ExpID 7789
INFO | Train - Loss (one batch): 0.00073
INFO | Val - Loss, MSE, RMSE, MAE: 0.00091, 0.00091, 0.03012, 0.01774
INFO | Test - Best epoch 174, Loss, MSE, RMSE, MAE: 0.00090, 0.00090, 0.02993, 0.01808
INFO | Time spent: 2.42s
INFO | - Epoch 176, ExpID 7789
INFO | Train - Loss (one batch): 0.00086
INFO | Val - Loss, MSE, RMSE, MAE: 0.00092, 0.00092, 0.03034, 0.01823
INFO | Test - Best epoch 174, Loss, MSE, RMSE, MAE: 0.00090, 0.00090, 0.02993, 0.01808
INFO | Time spent: 2.49s
INFO | - Epoch 177, ExpID 7789
INFO | Train - Loss (one batch): 0.00073
INFO | Val - Loss, MSE, RMSE, MAE: 0.00092, 0.00092, 0.03035, 0.01837
INFO | Test - Best epoch 174, Loss, MSE, RMSE, MAE: 0.00090, 0.00090, 0.02993, 0.01808
INFO | Time spent: 2.42s
INFO | - Epoch 178, ExpID 7789
INFO | Train - Loss (one batch): 0.00059
INFO | Val - Loss, MSE, RMSE, MAE: 0.00090, 0.00090, 0.03003, 0.01771
INFO | Test - Best epoch 178, Loss, MSE, RMSE, MAE: 0.00089, 0.00089, 0.02976, 0.01765
INFO | Time spent: 2.85s
INFO | - Epoch 179, ExpID 7789
INFO | Train - Loss (one batch): 0.00082
INFO | Val - Loss, MSE, RMSE, MAE: 0.00099, 0.00099, 0.03139, 0.01975
INFO | Test - Best epoch 178, Loss, MSE, RMSE, MAE: 0.00089, 0.00089, 0.02976, 0.01765
INFO | Time spent: 2.46s
INFO | - Epoch 180, ExpID 7789
INFO | Train - Loss (one batch): 0.00082
INFO | Val - Loss, MSE, RMSE, MAE: 0.00095, 0.00095, 0.03083, 0.01892
INFO | Test - Best epoch 178, Loss, MSE, RMSE, MAE: 0.00089, 0.00089, 0.02976, 0.01765
INFO | Time spent: 2.40s
INFO | - Epoch 181, ExpID 7789
INFO | Train - Loss (one batch): 0.00094
INFO | Val - Loss, MSE, RMSE, MAE: 0.00092, 0.00092, 0.03026, 0.01786
INFO | Test - Best epoch 178, Loss, MSE, RMSE, MAE: 0.00089, 0.00089, 0.02976, 0.01765
INFO | Time spent: 2.44s
INFO | - Epoch 182, ExpID 7789
INFO | Train - Loss (one batch): 0.00062
INFO | Val - Loss, MSE, RMSE, MAE: 0.00099, 0.00099, 0.03146, 0.01983
INFO | Test - Best epoch 178, Loss, MSE, RMSE, MAE: 0.00089, 0.00089, 0.02976, 0.01765
INFO | Time spent: 2.41s
INFO | - Epoch 183, ExpID 7789
INFO | Train - Loss (one batch): 0.00065
INFO | Val - Loss, MSE, RMSE, MAE: 0.00092, 0.00092, 0.03031, 0.01811
INFO | Test - Best epoch 178, Loss, MSE, RMSE, MAE: 0.00089, 0.00089, 0.02976, 0.01765
INFO | Time spent: 2.44s
INFO | - Epoch 184, ExpID 7789
INFO | Train - Loss (one batch): 0.00076
INFO | Val - Loss, MSE, RMSE, MAE: 0.00089, 0.00089, 0.02990, 0.01776
INFO | Test - Best epoch 184, Loss, MSE, RMSE, MAE: 0.00088, 0.00088, 0.02972, 0.01785
INFO | Time spent: 2.85s
INFO | - Epoch 185, ExpID 7789
INFO | Train - Loss (one batch): 0.00076
INFO | Val - Loss, MSE, RMSE, MAE: 0.00093, 0.00093, 0.03052, 0.01839
INFO | Test - Best epoch 184, Loss, MSE, RMSE, MAE: 0.00088, 0.00088, 0.02972, 0.01785
INFO | Time spent: 2.54s
INFO | - Epoch 186, ExpID 7789
INFO | Train - Loss (one batch): 0.00079
INFO | Val - Loss, MSE, RMSE, MAE: 0.00092, 0.00092, 0.03029, 0.01785
INFO | Test - Best epoch 184, Loss, MSE, RMSE, MAE: 0.00088, 0.00088, 0.02972, 0.01785
INFO | Time spent: 2.42s
INFO | - Epoch 187, ExpID 7789
INFO | Train - Loss (one batch): 0.00067
INFO | Val - Loss, MSE, RMSE, MAE: 0.00091, 0.00091, 0.03011, 0.01770
INFO | Test - Best epoch 184, Loss, MSE, RMSE, MAE: 0.00088, 0.00088, 0.02972, 0.01785
INFO | Time spent: 2.45s
INFO | - Epoch 188, ExpID 7789
INFO | Train - Loss (one batch): 0.00081
INFO | Val - Loss, MSE, RMSE, MAE: 0.00098, 0.00098, 0.03131, 0.01970
INFO | Test - Best epoch 184, Loss, MSE, RMSE, MAE: 0.00088, 0.00088, 0.02972, 0.01785
INFO | Time spent: 2.42s
INFO | - Epoch 189, ExpID 7789
INFO | Train - Loss (one batch): 0.00064
INFO | Val - Loss, MSE, RMSE, MAE: 0.00092, 0.00092, 0.03030, 0.01804
INFO | Test - Best epoch 184, Loss, MSE, RMSE, MAE: 0.00088, 0.00088, 0.02972, 0.01785
INFO | Time spent: 2.43s
INFO | - Epoch 190, ExpID 7789
INFO | Train - Loss (one batch): 0.00065
INFO | Val - Loss, MSE, RMSE, MAE: 0.00091, 0.00091, 0.03020, 0.01806
INFO | Test - Best epoch 184, Loss, MSE, RMSE, MAE: 0.00088, 0.00088, 0.02972, 0.01785
INFO | Time spent: 2.42s
INFO | - Epoch 191, ExpID 7789
INFO | Train - Loss (one batch): 0.00055
INFO | Val - Loss, MSE, RMSE, MAE: 0.00092, 0.00092, 0.03030, 0.01807
INFO | Test - Best epoch 184, Loss, MSE, RMSE, MAE: 0.00088, 0.00088, 0.02972, 0.01785
INFO | Time spent: 2.41s
INFO | - Epoch 192, ExpID 7789
INFO | Train - Loss (one batch): 0.00100
INFO | Val - Loss, MSE, RMSE, MAE: 0.00095, 0.00095, 0.03079, 0.01893
INFO | Test - Best epoch 184, Loss, MSE, RMSE, MAE: 0.00088, 0.00088, 0.02972, 0.01785
INFO | Time spent: 2.44s
INFO | - Epoch 193, ExpID 7789
INFO | Train - Loss (one batch): 0.00102
INFO | Val - Loss, MSE, RMSE, MAE: 0.00095, 0.00095, 0.03086, 0.01850
INFO | Test - Best epoch 184, Loss, MSE, RMSE, MAE: 0.00088, 0.00088, 0.02972, 0.01785
INFO | Time spent: 2.43s
INFO | - Epoch 194, ExpID 7789
INFO | Train - Loss (one batch): 0.00097
INFO | Val - Loss, MSE, RMSE, MAE: 0.00092, 0.00092, 0.03035, 0.01823
INFO | Test - Best epoch 184, Loss, MSE, RMSE, MAE: 0.00088, 0.00088, 0.02972, 0.01785
INFO | Time spent: 2.42s
INFO | - Epoch 195, ExpID 7789
INFO | Train - Loss (one batch): 0.00049
INFO | Val - Loss, MSE, RMSE, MAE: 0.00093, 0.00093, 0.03056, 0.01882
INFO | Test - Best epoch 184, Loss, MSE, RMSE, MAE: 0.00088, 0.00088, 0.02972, 0.01785
INFO | Time spent: 2.43s
INFO | - Epoch 196, ExpID 7789
INFO | Train - Loss (one batch): 0.00069
INFO | Val - Loss, MSE, RMSE, MAE: 0.00093, 0.00093, 0.03045, 0.01819
INFO | Test - Best epoch 184, Loss, MSE, RMSE, MAE: 0.00088, 0.00088, 0.02972, 0.01785
INFO | Time spent: 2.40s
INFO | - Epoch 197, ExpID 7789
INFO | Train - Loss (one batch): 0.00071
INFO | Val - Loss, MSE, RMSE, MAE: 0.00092, 0.00092, 0.03026, 0.01804
INFO | Test - Best epoch 184, Loss, MSE, RMSE, MAE: 0.00088, 0.00088, 0.02972, 0.01785
INFO | Time spent: 2.42s
INFO | - Epoch 198, ExpID 7789
INFO | Train - Loss (one batch): 0.00083
INFO | Val - Loss, MSE, RMSE, MAE: 0.00091, 0.00091, 0.03009, 0.01810
INFO | Test - Best epoch 184, Loss, MSE, RMSE, MAE: 0.00088, 0.00088, 0.02972, 0.01785
INFO | Time spent: 2.40s
INFO | - Epoch 199, ExpID 7789
INFO | Train - Loss (one batch): 0.00094
INFO | Val - Loss, MSE, RMSE, MAE: 0.00090, 0.00090, 0.03008, 0.01783
INFO | Test - Best epoch 184, Loss, MSE, RMSE, MAE: 0.00088, 0.00088, 0.02972, 0.01785
INFO | Time spent: 2.49s
INFO | - Epoch 200, ExpID 7789
INFO | Train - Loss (one batch): 0.00077
INFO | Val - Loss, MSE, RMSE, MAE: 0.00097, 0.00097, 0.03111, 0.01957
INFO | Test - Best epoch 184, Loss, MSE, RMSE, MAE: 0.00088, 0.00088, 0.02972, 0.01785
INFO | Time spent: 2.42s
INFO | - Epoch 201, ExpID 7789
INFO | Train - Loss (one batch): 0.00083
INFO | Val - Loss, MSE, RMSE, MAE: 0.00091, 0.00091, 0.03014, 0.01789
INFO | Test - Best epoch 184, Loss, MSE, RMSE, MAE: 0.00088, 0.00088, 0.02972, 0.01785
INFO | Time spent: 2.48s
INFO | - Epoch 202, ExpID 7789
INFO | Train - Loss (one batch): 0.00066
INFO | Val - Loss, MSE, RMSE, MAE: 0.00091, 0.00091, 0.03016, 0.01800
INFO | Test - Best epoch 184, Loss, MSE, RMSE, MAE: 0.00088, 0.00088, 0.02972, 0.01785
INFO | Time spent: 2.43s
INFO | - Epoch 203, ExpID 7789
INFO | Train - Loss (one batch): 0.00073
INFO | Val - Loss, MSE, RMSE, MAE: 0.00093, 0.00093, 0.03050, 0.01821
INFO | Test - Best epoch 184, Loss, MSE, RMSE, MAE: 0.00088, 0.00088, 0.02972, 0.01785
INFO | Time spent: 2.42s
INFO | - Epoch 204, ExpID 7789
INFO | Train - Loss (one batch): 0.00078
INFO | Val - Loss, MSE, RMSE, MAE: 0.00092, 0.00092, 0.03032, 0.01815
INFO | Test - Best epoch 184, Loss, MSE, RMSE, MAE: 0.00088, 0.00088, 0.02972, 0.01785
INFO | Time spent: 2.61s
INFO | - Epoch 205, ExpID 7789
INFO | Train - Loss (one batch): 0.00086
INFO | Val - Loss, MSE, RMSE, MAE: 0.00092, 0.00092, 0.03039, 0.01815
INFO | Test - Best epoch 184, Loss, MSE, RMSE, MAE: 0.00088, 0.00088, 0.02972, 0.01785
INFO | Time spent: 2.43s
INFO | - Epoch 206, ExpID 7789
INFO | Train - Loss (one batch): 0.00094
INFO | Val - Loss, MSE, RMSE, MAE: 0.00094, 0.00094, 0.03069, 0.01856
INFO | Test - Best epoch 184, Loss, MSE, RMSE, MAE: 0.00088, 0.00088, 0.02972, 0.01785
INFO | Time spent: 2.43s
INFO | - Epoch 207, ExpID 7789
INFO | Train - Loss (one batch): 0.00079
INFO | Val - Loss, MSE, RMSE, MAE: 0.00092, 0.00092, 0.03030, 0.01835
INFO | Test - Best epoch 184, Loss, MSE, RMSE, MAE: 0.00088, 0.00088, 0.02972, 0.01785
INFO | Time spent: 2.57s
INFO | - Epoch 208, ExpID 7789
INFO | Train - Loss (one batch): 0.00115
INFO | Val - Loss, MSE, RMSE, MAE: 0.00093, 0.00093, 0.03051, 0.01867
INFO | Test - Best epoch 184, Loss, MSE, RMSE, MAE: 0.00088, 0.00088, 0.02972, 0.01785
INFO | Time spent: 2.42s
INFO | - Epoch 209, ExpID 7789
INFO | Train - Loss (one batch): 0.00078
INFO | Val - Loss, MSE, RMSE, MAE: 0.00094, 0.00094, 0.03059, 0.01851
INFO | Test - Best epoch 184, Loss, MSE, RMSE, MAE: 0.00088, 0.00088, 0.02972, 0.01785
INFO | Time spent: 2.41s
INFO | - Epoch 210, ExpID 7789
INFO | Train - Loss (one batch): 0.00078
INFO | Val - Loss, MSE, RMSE, MAE: 0.00098, 0.00098, 0.03132, 0.01964
INFO | Test - Best epoch 184, Loss, MSE, RMSE, MAE: 0.00088, 0.00088, 0.02972, 0.01785
INFO | Time spent: 2.43s
INFO | - Epoch 211, ExpID 7789
INFO | Train - Loss (one batch): 0.00069
INFO | Val - Loss, MSE, RMSE, MAE: 0.00092, 0.00092, 0.03039, 0.01844
INFO | Test - Best epoch 184, Loss, MSE, RMSE, MAE: 0.00088, 0.00088, 0.02972, 0.01785
INFO | Time spent: 2.41s
INFO | - Epoch 212, ExpID 7789
INFO | Train - Loss (one batch): 0.00055
INFO | Val - Loss, MSE, RMSE, MAE: 0.00092, 0.00092, 0.03031, 0.01820
INFO | Test - Best epoch 184, Loss, MSE, RMSE, MAE: 0.00088, 0.00088, 0.02972, 0.01785
INFO | Time spent: 2.41s
INFO | - Epoch 213, ExpID 7789
INFO | Train - Loss (one batch): 0.00081
INFO | Val - Loss, MSE, RMSE, MAE: 0.00094, 0.00094, 0.03065, 0.01861
INFO | Test - Best epoch 184, Loss, MSE, RMSE, MAE: 0.00088, 0.00088, 0.02972, 0.01785
INFO | Time spent: 2.43s
INFO | - Epoch 214, ExpID 7789
INFO | Train - Loss (one batch): 0.00070
INFO | Val - Loss, MSE, RMSE, MAE: 0.00095, 0.00095, 0.03080, 0.01896
INFO | Test - Best epoch 184, Loss, MSE, RMSE, MAE: 0.00088, 0.00088, 0.02972, 0.01785
INFO | Time spent: 2.42s
INFO | - Epoch 215, ExpID 7789
INFO | Train - Loss (one batch): 0.00079
INFO | Val - Loss, MSE, RMSE, MAE: 0.00092, 0.00092, 0.03028, 0.01794
INFO | Test - Best epoch 184, Loss, MSE, RMSE, MAE: 0.00088, 0.00088, 0.02972, 0.01785
INFO | Time spent: 2.42s
INFO | - Epoch 216, ExpID 7789
INFO | Train - Loss (one batch): 0.00070
INFO | Val - Loss, MSE, RMSE, MAE: 0.00106, 0.00106, 0.03255, 0.02149
INFO | Test - Best epoch 184, Loss, MSE, RMSE, MAE: 0.00088, 0.00088, 0.02972, 0.01785
INFO | Time spent: 2.42s
INFO | - Epoch 217, ExpID 7789
INFO | Train - Loss (one batch): 0.00089
INFO | Val - Loss, MSE, RMSE, MAE: 0.00093, 0.00093, 0.03056, 0.01863
INFO | Test - Best epoch 184, Loss, MSE, RMSE, MAE: 0.00088, 0.00088, 0.02972, 0.01785
INFO | Time spent: 2.43s
INFO | - Epoch 218, ExpID 7789
INFO | Train - Loss (one batch): 0.00103
INFO | Val - Loss, MSE, RMSE, MAE: 0.00091, 0.00091, 0.03013, 0.01807
INFO | Test - Best epoch 184, Loss, MSE, RMSE, MAE: 0.00088, 0.00088, 0.02972, 0.01785
INFO | Time spent: 2.41s
INFO | - Epoch 219, ExpID 7789
INFO | Train - Loss (one batch): 0.00069
INFO | Val - Loss, MSE, RMSE, MAE: 0.00095, 0.00095, 0.03089, 0.01910
INFO | Test - Best epoch 184, Loss, MSE, RMSE, MAE: 0.00088, 0.00088, 0.02972, 0.01785
INFO | Time spent: 2.74s
INFO | - Epoch 220, ExpID 7789
INFO | Train - Loss (one batch): 0.00060
INFO | Val - Loss, MSE, RMSE, MAE: 0.00096, 0.00096, 0.03095, 0.01917
INFO | Test - Best epoch 184, Loss, MSE, RMSE, MAE: 0.00088, 0.00088, 0.02972, 0.01785
INFO | Time spent: 2.94s
INFO | - Epoch 221, ExpID 7789
INFO | Train - Loss (one batch): 0.00069
INFO | Val - Loss, MSE, RMSE, MAE: 0.00092, 0.00092, 0.03035, 0.01841
INFO | Test - Best epoch 184, Loss, MSE, RMSE, MAE: 0.00088, 0.00088, 0.02972, 0.01785
INFO | Time spent: 2.97s
INFO | - Epoch 222, ExpID 7789
INFO | Train - Loss (one batch): 0.00067
INFO | Val - Loss, MSE, RMSE, MAE: 0.00091, 0.00091, 0.03009, 0.01794
INFO | Test - Best epoch 184, Loss, MSE, RMSE, MAE: 0.00088, 0.00088, 0.02972, 0.01785
INFO | Time spent: 2.98s
INFO | - Epoch 223, ExpID 7789
INFO | Train - Loss (one batch): 0.00063
INFO | Val - Loss, MSE, RMSE, MAE: 0.00091, 0.00091, 0.03013, 0.01790
INFO | Test - Best epoch 184, Loss, MSE, RMSE, MAE: 0.00088, 0.00088, 0.02972, 0.01785
INFO | Time spent: 2.95s
INFO | - Epoch 224, ExpID 7789
INFO | Train - Loss (one batch): 0.00055
INFO | Val - Loss, MSE, RMSE, MAE: 0.00099, 0.00099, 0.03146, 0.01968
INFO | Test - Best epoch 184, Loss, MSE, RMSE, MAE: 0.00088, 0.00088, 0.02972, 0.01785
INFO | Time spent: 2.97s
INFO | - Epoch 225, ExpID 7789
INFO | Train - Loss (one batch): 0.00075
INFO | Val - Loss, MSE, RMSE, MAE: 0.00092, 0.00092, 0.03028, 0.01821
INFO | Test - Best epoch 184, Loss, MSE, RMSE, MAE: 0.00088, 0.00088, 0.02972, 0.01785
INFO | Time spent: 2.94s
INFO | - Epoch 226, ExpID 7789
INFO | Train - Loss (one batch): 0.00092
INFO | Val - Loss, MSE, RMSE, MAE: 0.00092, 0.00092, 0.03032, 0.01826
INFO | Test - Best epoch 184, Loss, MSE, RMSE, MAE: 0.00088, 0.00088, 0.02972, 0.01785
INFO | Time spent: 2.79s
INFO | - Epoch 227, ExpID 7789
INFO | Train - Loss (one batch): 0.00090
INFO | Val - Loss, MSE, RMSE, MAE: 0.00091, 0.00091, 0.03013, 0.01792
INFO | Test - Best epoch 184, Loss, MSE, RMSE, MAE: 0.00088, 0.00088, 0.02972, 0.01785
INFO | Time spent: 2.40s
INFO | - Epoch 228, ExpID 7789
INFO | Train - Loss (one batch): 0.00091
INFO | Val - Loss, MSE, RMSE, MAE: 0.00099, 0.00099, 0.03150, 0.01983
INFO | Test - Best epoch 184, Loss, MSE, RMSE, MAE: 0.00088, 0.00088, 0.02972, 0.01785
INFO | Time spent: 2.53s
INFO | - Epoch 229, ExpID 7789
INFO | Train - Loss (one batch): 0.00057
INFO | Val - Loss, MSE, RMSE, MAE: 0.00092, 0.00092, 0.03025, 0.01809
INFO | Test - Best epoch 184, Loss, MSE, RMSE, MAE: 0.00088, 0.00088, 0.02972, 0.01785
INFO | Time spent: 2.41s
INFO | - Epoch 230, ExpID 7789
INFO | Train - Loss (one batch): 0.00081
INFO | Val - Loss, MSE, RMSE, MAE: 0.00092, 0.00092, 0.03034, 0.01831
INFO | Test - Best epoch 184, Loss, MSE, RMSE, MAE: 0.00088, 0.00088, 0.02972, 0.01785
INFO | Time spent: 2.42s
INFO | - Epoch 231, ExpID 7789
INFO | Train - Loss (one batch): 0.00049
INFO | Val - Loss, MSE, RMSE, MAE: 0.00094, 0.00094, 0.03059, 0.01839
INFO | Test - Best epoch 184, Loss, MSE, RMSE, MAE: 0.00088, 0.00088, 0.02972, 0.01785
INFO | Time spent: 2.43s
INFO | - Epoch 232, ExpID 7789
INFO | Train - Loss (one batch): 0.00071
INFO | Val - Loss, MSE, RMSE, MAE: 0.00092, 0.00092, 0.03028, 0.01809
INFO | Test - Best epoch 184, Loss, MSE, RMSE, MAE: 0.00088, 0.00088, 0.02972, 0.01785
INFO | Time spent: 2.56s
INFO | - Epoch 233, ExpID 7789
INFO | Train - Loss (one batch): 0.00075
INFO | Val - Loss, MSE, RMSE, MAE: 0.00094, 0.00094, 0.03061, 0.01820
INFO | Test - Best epoch 184, Loss, MSE, RMSE, MAE: 0.00088, 0.00088, 0.02972, 0.01785
INFO | Time spent: 2.44s
INFO | - Epoch 234, ExpID 7789
INFO | Train - Loss (one batch): 0.00087
INFO | Val - Loss, MSE, RMSE, MAE: 0.00091, 0.00091, 0.03018, 0.01790
INFO | Test - Best epoch 184, Loss, MSE, RMSE, MAE: 0.00088, 0.00088, 0.02972, 0.01785
INFO | Time spent: 2.62s
INFO | - Epoch 235, ExpID 7789
INFO | Train - Loss (one batch): 0.00079
INFO | Val - Loss, MSE, RMSE, MAE: 0.00095, 0.00095, 0.03080, 0.01898
INFO | Test - Best epoch 184, Loss, MSE, RMSE, MAE: 0.00088, 0.00088, 0.02972, 0.01785
INFO | Time spent: 2.43s
INFO | - Epoch 236, ExpID 7789
INFO | Train - Loss (one batch): 0.00081
INFO | Val - Loss, MSE, RMSE, MAE: 0.00093, 0.00093, 0.03048, 0.01833
INFO | Test - Best epoch 184, Loss, MSE, RMSE, MAE: 0.00088, 0.00088, 0.02972, 0.01785
INFO | Time spent: 2.43s
INFO | - Epoch 237, ExpID 7789
INFO | Train - Loss (one batch): 0.00064
INFO | Val - Loss, MSE, RMSE, MAE: 0.00091, 0.00091, 0.03014, 0.01778
INFO | Test - Best epoch 184, Loss, MSE, RMSE, MAE: 0.00088, 0.00088, 0.02972, 0.01785
INFO | Time spent: 2.42s
INFO | - Epoch 238, ExpID 7789
INFO | Train - Loss (one batch): 0.00048
INFO | Val - Loss, MSE, RMSE, MAE: 0.00093, 0.00093, 0.03053, 0.01819
INFO | Test - Best epoch 184, Loss, MSE, RMSE, MAE: 0.00088, 0.00088, 0.02972, 0.01785
INFO | Time spent: 2.61s
INFO | - Epoch 239, ExpID 7789
INFO | Train - Loss (one batch): 0.00069
INFO | Val - Loss, MSE, RMSE, MAE: 0.00091, 0.00091, 0.03025, 0.01810
INFO | Test - Best epoch 184, Loss, MSE, RMSE, MAE: 0.00088, 0.00088, 0.02972, 0.01785
INFO | Time spent: 2.43s
INFO | - Epoch 240, ExpID 7789
INFO | Train - Loss (one batch): 0.00080
INFO | Val - Loss, MSE, RMSE, MAE: 0.00092, 0.00092, 0.03040, 0.01833
INFO | Test - Best epoch 184, Loss, MSE, RMSE, MAE: 0.00088, 0.00088, 0.02972, 0.01785
INFO | Time spent: 2.43s
INFO | - Epoch 241, ExpID 7789
INFO | Train - Loss (one batch): 0.00063
INFO | Val - Loss, MSE, RMSE, MAE: 0.00095, 0.00095, 0.03087, 0.01876
INFO | Test - Best epoch 184, Loss, MSE, RMSE, MAE: 0.00088, 0.00088, 0.02972, 0.01785
INFO | Time spent: 2.40s
INFO | - Epoch 242, ExpID 7789
INFO | Train - Loss (one batch): 0.00062
INFO | Val - Loss, MSE, RMSE, MAE: 0.00092, 0.00092, 0.03033, 0.01818
INFO | Test - Best epoch 184, Loss, MSE, RMSE, MAE: 0.00088, 0.00088, 0.02972, 0.01785
INFO | Time spent: 2.48s
INFO | - Epoch 243, ExpID 7789
INFO | Train - Loss (one batch): 0.00078
INFO | Val - Loss, MSE, RMSE, MAE: 0.00092, 0.00092, 0.03036, 0.01831
INFO | Test - Best epoch 184, Loss, MSE, RMSE, MAE: 0.00088, 0.00088, 0.02972, 0.01785
INFO | Time spent: 2.62s
INFO | - Epoch 244, ExpID 7789
INFO | Train - Loss (one batch): 0.00090
INFO | Val - Loss, MSE, RMSE, MAE: 0.00094, 0.00094, 0.03064, 0.01822
INFO | Test - Best epoch 184, Loss, MSE, RMSE, MAE: 0.00088, 0.00088, 0.02972, 0.01785
INFO | Time spent: 2.43s
INFO | - Epoch 245, ExpID 7789
INFO | Train - Loss (one batch): 0.00063
INFO | Val - Loss, MSE, RMSE, MAE: 0.00099, 0.00099, 0.03140, 0.01936
INFO | Test - Best epoch 184, Loss, MSE, RMSE, MAE: 0.00088, 0.00088, 0.02972, 0.01785
INFO | Time spent: 2.45s
INFO | - Epoch 246, ExpID 7789
INFO | Train - Loss (one batch): 0.00066
INFO | Val - Loss, MSE, RMSE, MAE: 0.00093, 0.00093, 0.03055, 0.01832
INFO | Test - Best epoch 184, Loss, MSE, RMSE, MAE: 0.00088, 0.00088, 0.02972, 0.01785
INFO | Time spent: 2.43s
INFO | - Epoch 247, ExpID 7789
INFO | Train - Loss (one batch): 0.00087
INFO | Val - Loss, MSE, RMSE, MAE: 0.00096, 0.00096, 0.03098, 0.01906
INFO | Test - Best epoch 184, Loss, MSE, RMSE, MAE: 0.00088, 0.00088, 0.02972, 0.01785
INFO | Time spent: 2.43s
INFO | - Epoch 248, ExpID 7789
INFO | Train - Loss (one batch): 0.00062
INFO | Val - Loss, MSE, RMSE, MAE: 0.00092, 0.00092, 0.03032, 0.01824
INFO | Test - Best epoch 184, Loss, MSE, RMSE, MAE: 0.00088, 0.00088, 0.02972, 0.01785
INFO | Time spent: 2.46s
INFO | - Epoch 249, ExpID 7789
INFO | Train - Loss (one batch): 0.00078
INFO | Val - Loss, MSE, RMSE, MAE: 0.00099, 0.00099, 0.03153, 0.02012
INFO | Test - Best epoch 184, Loss, MSE, RMSE, MAE: 0.00088, 0.00088, 0.02972, 0.01785
INFO | Time spent: 2.40s
INFO | - Epoch 250, ExpID 7789
INFO | Train - Loss (one batch): 0.00063
INFO | Val - Loss, MSE, RMSE, MAE: 0.00091, 0.00091, 0.03014, 0.01786
INFO | Test - Best epoch 184, Loss, MSE, RMSE, MAE: 0.00088, 0.00088, 0.02972, 0.01785
INFO | Time spent: 2.42s
INFO | - Epoch 251, ExpID 7789
INFO | Train - Loss (one batch): 0.00082
INFO | Val - Loss, MSE, RMSE, MAE: 0.00092, 0.00092, 0.03030, 0.01837
INFO | Test - Best epoch 184, Loss, MSE, RMSE, MAE: 0.00088, 0.00088, 0.02972, 0.01785
INFO | Time spent: 2.41s
INFO | - Epoch 252, ExpID 7789
INFO | Train - Loss (one batch): 0.00073
INFO | Val - Loss, MSE, RMSE, MAE: 0.00091, 0.00091, 0.03021, 0.01797
INFO | Test - Best epoch 184, Loss, MSE, RMSE, MAE: 0.00088, 0.00088, 0.02972, 0.01785
INFO | Time spent: 2.42s
INFO | - Epoch 253, ExpID 7789
INFO | Train - Loss (one batch): 0.00066
INFO | Val - Loss, MSE, RMSE, MAE: 0.00093, 0.00093, 0.03047, 0.01826
INFO | Test - Best epoch 184, Loss, MSE, RMSE, MAE: 0.00088, 0.00088, 0.02972, 0.01785
INFO | Time spent: 2.42s
INFO | - Epoch 254, ExpID 7789
INFO | Train - Loss (one batch): 0.00060
INFO | Val - Loss, MSE, RMSE, MAE: 0.00091, 0.00091, 0.03009, 0.01785
INFO | Test - Best epoch 184, Loss, MSE, RMSE, MAE: 0.00088, 0.00088, 0.02972, 0.01785
INFO | Time spent: 2.44s
INFO | - Epoch 255, ExpID 7789
INFO | Train - Loss (one batch): 0.00084
INFO | Val - Loss, MSE, RMSE, MAE: 0.00094, 0.00094, 0.03069, 0.01886
INFO | Test - Best epoch 184, Loss, MSE, RMSE, MAE: 0.00088, 0.00088, 0.02972, 0.01785
INFO | Time spent: 2.42s
INFO | - Epoch 256, ExpID 7789
INFO | Train - Loss (one batch): 0.00076
INFO | Val - Loss, MSE, RMSE, MAE: 0.00094, 0.00094, 0.03073, 0.01873
INFO | Test - Best epoch 184, Loss, MSE, RMSE, MAE: 0.00088, 0.00088, 0.02972, 0.01785
INFO | Time spent: 2.43s
INFO | - Epoch 257, ExpID 7789
INFO | Train - Loss (one batch): 0.00062
INFO | Val - Loss, MSE, RMSE, MAE: 0.00093, 0.00093, 0.03049, 0.01817
INFO | Test - Best epoch 184, Loss, MSE, RMSE, MAE: 0.00088, 0.00088, 0.02972, 0.01785
INFO | Time spent: 2.43s
INFO | - Epoch 258, ExpID 7789
INFO | Train - Loss (one batch): 0.00057
INFO | Val - Loss, MSE, RMSE, MAE: 0.00095, 0.00095, 0.03076, 0.01860
INFO | Test - Best epoch 184, Loss, MSE, RMSE, MAE: 0.00088, 0.00088, 0.02972, 0.01785
INFO | Time spent: 2.48s
INFO | - Epoch 259, ExpID 7789
INFO | Train - Loss (one batch): 0.00076
INFO | Val - Loss, MSE, RMSE, MAE: 0.00095, 0.00095, 0.03074, 0.01825
INFO | Test - Best epoch 184, Loss, MSE, RMSE, MAE: 0.00088, 0.00088, 0.02972, 0.01785
INFO | Time spent: 2.62s
INFO | - Epoch 260, ExpID 7789
INFO | Train - Loss (one batch): 0.00071
INFO | Val - Loss, MSE, RMSE, MAE: 0.00092, 0.00092, 0.03026, 0.01822
INFO | Test - Best epoch 184, Loss, MSE, RMSE, MAE: 0.00088, 0.00088, 0.02972, 0.01785
INFO | Time spent: 2.41s
INFO | - Epoch 261, ExpID 7789
INFO | Train - Loss (one batch): 0.00059
INFO | Val - Loss, MSE, RMSE, MAE: 0.00092, 0.00092, 0.03037, 0.01820
INFO | Test - Best epoch 184, Loss, MSE, RMSE, MAE: 0.00088, 0.00088, 0.02972, 0.01785
INFO | Time spent: 2.63s
INFO | - Epoch 262, ExpID 7789
INFO | Train - Loss (one batch): 0.00061
INFO | Val - Loss, MSE, RMSE, MAE: 0.00092, 0.00092, 0.03027, 0.01800
INFO | Test - Best epoch 184, Loss, MSE, RMSE, MAE: 0.00088, 0.00088, 0.02972, 0.01785
INFO | Time spent: 2.54s
INFO | - Epoch 263, ExpID 7789
INFO | Train - Loss (one batch): 0.00082
INFO | Val - Loss, MSE, RMSE, MAE: 0.00093, 0.00093, 0.03042, 0.01818
INFO | Test - Best epoch 184, Loss, MSE, RMSE, MAE: 0.00088, 0.00088, 0.02972, 0.01785
INFO | Time spent: 2.46s
INFO | - Epoch 264, ExpID 7789
INFO | Train - Loss (one batch): 0.00066
INFO | Val - Loss, MSE, RMSE, MAE: 0.00093, 0.00093, 0.03057, 0.01809
INFO | Test - Best epoch 184, Loss, MSE, RMSE, MAE: 0.00088, 0.00088, 0.02972, 0.01785
INFO | Time spent: 2.44s
INFO | - Epoch 265, ExpID 7789
INFO | Train - Loss (one batch): 0.00071
INFO | Val - Loss, MSE, RMSE, MAE: 0.00093, 0.00093, 0.03054, 0.01837
INFO | Test - Best epoch 184, Loss, MSE, RMSE, MAE: 0.00088, 0.00088, 0.02972, 0.01785
INFO | Time spent: 2.42s
INFO | - Epoch 266, ExpID 7789
INFO | Train - Loss (one batch): 0.00053
INFO | Val - Loss, MSE, RMSE, MAE: 0.00097, 0.00097, 0.03120, 0.01915
INFO | Test - Best epoch 184, Loss, MSE, RMSE, MAE: 0.00088, 0.00088, 0.02972, 0.01785
INFO | Time spent: 2.44s
INFO | - Epoch 267, ExpID 7789
INFO | Train - Loss (one batch): 0.00077
INFO | Val - Loss, MSE, RMSE, MAE: 0.00093, 0.00093, 0.03050, 0.01811
INFO | Test - Best epoch 184, Loss, MSE, RMSE, MAE: 0.00088, 0.00088, 0.02972, 0.01785
INFO | Time spent: 2.51s
INFO | - Epoch 268, ExpID 7789
INFO | Train - Loss (one batch): 0.00087
INFO | Val - Loss, MSE, RMSE, MAE: 0.00095, 0.00095, 0.03077, 0.01874
INFO | Test - Best epoch 184, Loss, MSE, RMSE, MAE: 0.00088, 0.00088, 0.02972, 0.01785
INFO | Time spent: 2.43s
INFO | - Epoch 269, ExpID 7789
INFO | Train - Loss (one batch): 0.00080
INFO | Val - Loss, MSE, RMSE, MAE: 0.00092, 0.00092, 0.03034, 0.01808
INFO | Test - Best epoch 184, Loss, MSE, RMSE, MAE: 0.00088, 0.00088, 0.02972, 0.01785
INFO | Time spent: 2.43s
INFO | - Epoch 270, ExpID 7789
INFO | Train - Loss (one batch): 0.00100
INFO | Val - Loss, MSE, RMSE, MAE: 0.00092, 0.00092, 0.03032, 0.01834
INFO | Test - Best epoch 184, Loss, MSE, RMSE, MAE: 0.00088, 0.00088, 0.02972, 0.01785
INFO | Time spent: 2.43s
INFO | - Epoch 271, ExpID 7789
INFO | Train - Loss (one batch): 0.00068
INFO | Val - Loss, MSE, RMSE, MAE: 0.00093, 0.00093, 0.03053, 0.01830
INFO | Test - Best epoch 184, Loss, MSE, RMSE, MAE: 0.00088, 0.00088, 0.02972, 0.01785
INFO | Time spent: 2.44s
INFO | - Epoch 272, ExpID 7789
INFO | Train - Loss (one batch): 0.00091
INFO | Val - Loss, MSE, RMSE, MAE: 0.00095, 0.00095, 0.03083, 0.01891
INFO | Test - Best epoch 184, Loss, MSE, RMSE, MAE: 0.00088, 0.00088, 0.02972, 0.01785
INFO | Time spent: 2.45s
INFO | - Epoch 273, ExpID 7789
INFO | Train - Loss (one batch): 0.00089
INFO | Val - Loss, MSE, RMSE, MAE: 0.00093, 0.00093, 0.03047, 0.01809
INFO | Test - Best epoch 184, Loss, MSE, RMSE, MAE: 0.00088, 0.00088, 0.02972, 0.01785
INFO | Time spent: 2.45s
INFO | - Epoch 274, ExpID 7789
INFO | Train - Loss (one batch): 0.00066
INFO | Val - Loss, MSE, RMSE, MAE: 0.00094, 0.00094, 0.03060, 0.01837
INFO | Test - Best epoch 184, Loss, MSE, RMSE, MAE: 0.00088, 0.00088, 0.02972, 0.01785
INFO | Time spent: 2.61s
INFO | - Epoch 275, ExpID 7789
INFO | Train - Loss (one batch): 0.00077
INFO | Val - Loss, MSE, RMSE, MAE: 0.00098, 0.00098, 0.03135, 0.01971
INFO | Test - Best epoch 184, Loss, MSE, RMSE, MAE: 0.00088, 0.00088, 0.02972, 0.01785
INFO | Time spent: 2.44s
INFO | - Epoch 276, ExpID 7789
INFO | Train - Loss (one batch): 0.00065
INFO | Val - Loss, MSE, RMSE, MAE: 0.00093, 0.00093, 0.03052, 0.01840
INFO | Test - Best epoch 184, Loss, MSE, RMSE, MAE: 0.00088, 0.00088, 0.02972, 0.01785
INFO | Time spent: 2.43s
INFO | - Epoch 277, ExpID 7789
INFO | Train - Loss (one batch): 0.00077
INFO | Val - Loss, MSE, RMSE, MAE: 0.00093, 0.00093, 0.03045, 0.01812
INFO | Test - Best epoch 184, Loss, MSE, RMSE, MAE: 0.00088, 0.00088, 0.02972, 0.01785
INFO | Time spent: 2.46s
INFO | - Epoch 278, ExpID 7789
INFO | Train - Loss (one batch): 0.00095
INFO | Val - Loss, MSE, RMSE, MAE: 0.00093, 0.00093, 0.03049, 0.01834
INFO | Test - Best epoch 184, Loss, MSE, RMSE, MAE: 0.00088, 0.00088, 0.02972, 0.01785
INFO | Time spent: 2.45s
INFO | - Epoch 279, ExpID 7789
INFO | Train - Loss (one batch): 0.00068
INFO | Val - Loss, MSE, RMSE, MAE: 0.00093, 0.00093, 0.03054, 0.01860
INFO | Test - Best epoch 184, Loss, MSE, RMSE, MAE: 0.00088, 0.00088, 0.02972, 0.01785
INFO | Time spent: 2.60s
INFO | - Epoch 280, ExpID 7789
INFO | Train - Loss (one batch): 0.00075
INFO | Val - Loss, MSE, RMSE, MAE: 0.00094, 0.00094, 0.03069, 0.01830
INFO | Test - Best epoch 184, Loss, MSE, RMSE, MAE: 0.00088, 0.00088, 0.02972, 0.01785
INFO | Time spent: 2.67s
INFO | - Epoch 281, ExpID 7789
INFO | Train - Loss (one batch): 0.00068
INFO | Val - Loss, MSE, RMSE, MAE: 0.00093, 0.00093, 0.03050, 0.01813
INFO | Test - Best epoch 184, Loss, MSE, RMSE, MAE: 0.00088, 0.00088, 0.02972, 0.01785
INFO | Time spent: 2.55s
INFO | - Epoch 282, ExpID 7789
INFO | Train - Loss (one batch): 0.00081
INFO | Val - Loss, MSE, RMSE, MAE: 0.00094, 0.00094, 0.03061, 0.01855
INFO | Test - Best epoch 184, Loss, MSE, RMSE, MAE: 0.00088, 0.00088, 0.02972, 0.01785
INFO | Time spent: 2.43s
INFO | - Epoch 283, ExpID 7789
INFO | Train - Loss (one batch): 0.00063
INFO | Val - Loss, MSE, RMSE, MAE: 0.00092, 0.00092, 0.03039, 0.01817
INFO | Test - Best epoch 184, Loss, MSE, RMSE, MAE: 0.00088, 0.00088, 0.02972, 0.01785
INFO | Time spent: 2.44s
INFO | - Epoch 284, ExpID 7789
INFO | Train - Loss (one batch): 0.00066
INFO | Val - Loss, MSE, RMSE, MAE: 0.00092, 0.00092, 0.03040, 0.01792
INFO | Test - Best epoch 184, Loss, MSE, RMSE, MAE: 0.00088, 0.00088, 0.02972, 0.01785
INFO | Time spent: 2.52s
INFO | - Epoch 285, ExpID 7789
INFO | Train - Loss (one batch): 0.00070
INFO | Val - Loss, MSE, RMSE, MAE: 0.00095, 0.00095, 0.03081, 0.01873
INFO | Test - Best epoch 184, Loss, MSE, RMSE, MAE: 0.00088, 0.00088, 0.02972, 0.01785
INFO | Time spent: 2.49s
INFO | - Epoch 286, ExpID 7789
INFO | Train - Loss (one batch): 0.00094
INFO | Val - Loss, MSE, RMSE, MAE: 0.00092, 0.00092, 0.03028, 0.01810
INFO | Test - Best epoch 184, Loss, MSE, RMSE, MAE: 0.00088, 0.00088, 0.02972, 0.01785
INFO | Time spent: 2.43s
INFO | - Epoch 287, ExpID 7789
INFO | Train - Loss (one batch): 0.00080
INFO | Val - Loss, MSE, RMSE, MAE: 0.00095, 0.00095, 0.03089, 0.01917
INFO | Test - Best epoch 184, Loss, MSE, RMSE, MAE: 0.00088, 0.00088, 0.02972, 0.01785
INFO | Time spent: 2.46s
INFO | - Epoch 288, ExpID 7789
INFO | Train - Loss (one batch): 0.00067
INFO | Val - Loss, MSE, RMSE, MAE: 0.00097, 0.00097, 0.03116, 0.01919
INFO | Test - Best epoch 184, Loss, MSE, RMSE, MAE: 0.00088, 0.00088, 0.02972, 0.01785
INFO | Time spent: 2.44s
INFO | - Epoch 289, ExpID 7789
INFO | Train - Loss (one batch): 0.00065
INFO | Val - Loss, MSE, RMSE, MAE: 0.00093, 0.00093, 0.03047, 0.01808
INFO | Test - Best epoch 184, Loss, MSE, RMSE, MAE: 0.00088, 0.00088, 0.02972, 0.01785
INFO | Time spent: 2.42s
INFO | - Epoch 290, ExpID 7789
INFO | Train - Loss (one batch): 0.00076
INFO | Val - Loss, MSE, RMSE, MAE: 0.00093, 0.00093, 0.03043, 0.01857
INFO | Test - Best epoch 184, Loss, MSE, RMSE, MAE: 0.00088, 0.00088, 0.02972, 0.01785
INFO | Time spent: 2.43s
INFO | - Epoch 291, ExpID 7789
INFO | Train - Loss (one batch): 0.00084
INFO | Val - Loss, MSE, RMSE, MAE: 0.00093, 0.00093, 0.03049, 0.01823
INFO | Test - Best epoch 184, Loss, MSE, RMSE, MAE: 0.00088, 0.00088, 0.02972, 0.01785
INFO | Time spent: 2.46s
INFO | - Epoch 292, ExpID 7789
INFO | Train - Loss (one batch): 0.00069
INFO | Val - Loss, MSE, RMSE, MAE: 0.00093, 0.00093, 0.03047, 0.01806
INFO | Test - Best epoch 184, Loss, MSE, RMSE, MAE: 0.00088, 0.00088, 0.02972, 0.01785
INFO | Time spent: 2.45s
INFO | - Epoch 293, ExpID 7789
INFO | Train - Loss (one batch): 0.00067
INFO | Val - Loss, MSE, RMSE, MAE: 0.00093, 0.00093, 0.03057, 0.01826
INFO | Test - Best epoch 184, Loss, MSE, RMSE, MAE: 0.00088, 0.00088, 0.02972, 0.01785
INFO | Time spent: 2.42s
INFO | - Epoch 294, ExpID 7789
INFO | Train - Loss (one batch): 0.00059
INFO | Val - Loss, MSE, RMSE, MAE: 0.00094, 0.00094, 0.03060, 0.01829
INFO | Test - Best epoch 184, Loss, MSE, RMSE, MAE: 0.00088, 0.00088, 0.02972, 0.01785
INFO | Time spent: 2.44s
INFO | - Epoch 295, ExpID 7789
INFO | Train - Loss (one batch): 0.00085
INFO | Val - Loss, MSE, RMSE, MAE: 0.00094, 0.00094, 0.03063, 0.01850
INFO | Test - Best epoch 184, Loss, MSE, RMSE, MAE: 0.00088, 0.00088, 0.02972, 0.01785
INFO | Time spent: 2.59s
INFO | - Epoch 296, ExpID 7789
INFO | Train - Loss (one batch): 0.00054
INFO | Val - Loss, MSE, RMSE, MAE: 0.00094, 0.00094, 0.03064, 0.01822
INFO | Test - Best epoch 184, Loss, MSE, RMSE, MAE: 0.00088, 0.00088, 0.02972, 0.01785
INFO | Time spent: 2.57s
INFO | - Epoch 297, ExpID 7789
INFO | Train - Loss (one batch): 0.00051
INFO | Val - Loss, MSE, RMSE, MAE: 0.00093, 0.00093, 0.03055, 0.01833
INFO | Test - Best epoch 184, Loss, MSE, RMSE, MAE: 0.00088, 0.00088, 0.02972, 0.01785
INFO | Time spent: 2.45s
INFO | - Epoch 298, ExpID 7789
INFO | Train - Loss (one batch): 0.00075
INFO | Val - Loss, MSE, RMSE, MAE: 0.00093, 0.00093, 0.03054, 0.01812
INFO | Test - Best epoch 184, Loss, MSE, RMSE, MAE: 0.00088, 0.00088, 0.02972, 0.01785
INFO | Time spent: 2.44s
INFO | - Epoch 299, ExpID 7789
INFO | Train - Loss (one batch): 0.00085
INFO | Val - Loss, MSE, RMSE, MAE: 0.00093, 0.00093, 0.03045, 0.01804
INFO | Test - Best epoch 184, Loss, MSE, RMSE, MAE: 0.00088, 0.00088, 0.02972, 0.01785
INFO | Time spent: 2.43s
INFO | - Epoch 000, ExpID 60744
INFO | Train - Loss (one batch): 0.01144
INFO | Val - Loss, MSE, RMSE, MAE: 0.01156, 0.01156, 0.10752, 0.08729
INFO | Test - Best epoch 0, Loss, MSE, RMSE, MAE: 0.01169, 0.01169, 0.10813, 0.08659
INFO | Time spent: 3.83s
INFO | - Epoch 001, ExpID 60744
INFO | Train - Loss (one batch): 0.00222
INFO | Val - Loss, MSE, RMSE, MAE: 0.00159, 0.00159, 0.03984, 0.02724
INFO | Test - Best epoch 1, Loss, MSE, RMSE, MAE: 0.00148, 0.00148, 0.03850, 0.02672
INFO | Time spent: 2.91s
INFO | - Epoch 002, ExpID 60744
INFO | Train - Loss (one batch): 0.00175
INFO | Val - Loss, MSE, RMSE, MAE: 0.00145, 0.00145, 0.03803, 0.02578
INFO | Test - Best epoch 2, Loss, MSE, RMSE, MAE: 0.00136, 0.00136, 0.03688, 0.02525
INFO | Time spent: 2.91s
INFO | - Epoch 003, ExpID 60744
INFO | Train - Loss (one batch): 0.00119
INFO | Val - Loss, MSE, RMSE, MAE: 0.00146, 0.00146, 0.03822, 0.02539
INFO | Test - Best epoch 2, Loss, MSE, RMSE, MAE: 0.00136, 0.00136, 0.03688, 0.02525
INFO | Time spent: 2.44s
INFO | - Epoch 004, ExpID 60744
INFO | Train - Loss (one batch): 0.00115
INFO | Val - Loss, MSE, RMSE, MAE: 0.00149, 0.00149, 0.03862, 0.02634
INFO | Test - Best epoch 2, Loss, MSE, RMSE, MAE: 0.00136, 0.00136, 0.03688, 0.02525
INFO | Time spent: 2.42s
INFO | - Epoch 005, ExpID 60744
INFO | Train - Loss (one batch): 0.00205
INFO | Val - Loss, MSE, RMSE, MAE: 0.00175, 0.00175, 0.04185, 0.03073
INFO | Test - Best epoch 2, Loss, MSE, RMSE, MAE: 0.00136, 0.00136, 0.03688, 0.02525
INFO | Time spent: 2.43s
INFO | - Epoch 006, ExpID 60744
INFO | Train - Loss (one batch): 0.00168
INFO | Val - Loss, MSE, RMSE, MAE: 0.00132, 0.00132, 0.03626, 0.02380
INFO | Test - Best epoch 6, Loss, MSE, RMSE, MAE: 0.00124, 0.00124, 0.03519, 0.02339
INFO | Time spent: 2.92s
INFO | - Epoch 007, ExpID 60744
INFO | Train - Loss (one batch): 0.00129
INFO | Val - Loss, MSE, RMSE, MAE: 0.00122, 0.00122, 0.03496, 0.02218
INFO | Test - Best epoch 7, Loss, MSE, RMSE, MAE: 0.00115, 0.00115, 0.03386, 0.02177
INFO | Time spent: 2.84s
INFO | - Epoch 008, ExpID 60744
INFO | Train - Loss (one batch): 0.00122
INFO | Val - Loss, MSE, RMSE, MAE: 0.00117, 0.00117, 0.03419, 0.02109
INFO | Test - Best epoch 8, Loss, MSE, RMSE, MAE: 0.00110, 0.00110, 0.03309, 0.02076
INFO | Time spent: 2.83s
INFO | - Epoch 009, ExpID 60744
INFO | Train - Loss (one batch): 0.00081
INFO | Val - Loss, MSE, RMSE, MAE: 0.00120, 0.00120, 0.03471, 0.02170
INFO | Test - Best epoch 8, Loss, MSE, RMSE, MAE: 0.00110, 0.00110, 0.03309, 0.02076
INFO | Time spent: 2.44s
INFO | - Epoch 010, ExpID 60744
INFO | Train - Loss (one batch): 0.00098
INFO | Val - Loss, MSE, RMSE, MAE: 0.00169, 0.00169, 0.04112, 0.03093
INFO | Test - Best epoch 8, Loss, MSE, RMSE, MAE: 0.00110, 0.00110, 0.03309, 0.02076
INFO | Time spent: 2.40s
INFO | - Epoch 011, ExpID 60744
INFO | Train - Loss (one batch): 0.00085
INFO | Val - Loss, MSE, RMSE, MAE: 0.00132, 0.00132, 0.03630, 0.02431
INFO | Test - Best epoch 8, Loss, MSE, RMSE, MAE: 0.00110, 0.00110, 0.03309, 0.02076
INFO | Time spent: 2.40s
INFO | - Epoch 012, ExpID 60744
INFO | Train - Loss (one batch): 0.00101
INFO | Val - Loss, MSE, RMSE, MAE: 0.00131, 0.00131, 0.03620, 0.02449
INFO | Test - Best epoch 8, Loss, MSE, RMSE, MAE: 0.00110, 0.00110, 0.03309, 0.02076
INFO | Time spent: 2.40s
INFO | - Epoch 013, ExpID 60744
INFO | Train - Loss (one batch): 0.00116
INFO | Val - Loss, MSE, RMSE, MAE: 0.00140, 0.00140, 0.03741, 0.02610
INFO | Test - Best epoch 8, Loss, MSE, RMSE, MAE: 0.00110, 0.00110, 0.03309, 0.02076
INFO | Time spent: 2.47s
INFO | - Epoch 014, ExpID 60744
INFO | Train - Loss (one batch): 0.00186
INFO | Val - Loss, MSE, RMSE, MAE: 0.00126, 0.00126, 0.03552, 0.02358
INFO | Test - Best epoch 8, Loss, MSE, RMSE, MAE: 0.00110, 0.00110, 0.03309, 0.02076
INFO | Time spent: 2.44s
INFO | - Epoch 015, ExpID 60744
INFO | Train - Loss (one batch): 0.00083
INFO | Val - Loss, MSE, RMSE, MAE: 0.00123, 0.00123, 0.03509, 0.02289
INFO | Test - Best epoch 8, Loss, MSE, RMSE, MAE: 0.00110, 0.00110, 0.03309, 0.02076
INFO | Time spent: 2.53s
INFO | - Epoch 016, ExpID 60744
INFO | Train - Loss (one batch): 0.00093
INFO | Val - Loss, MSE, RMSE, MAE: 0.00115, 0.00115, 0.03394, 0.02124
INFO | Test - Best epoch 16, Loss, MSE, RMSE, MAE: 0.00108, 0.00108, 0.03291, 0.02088
INFO | Time spent: 2.90s
INFO | - Epoch 017, ExpID 60744
INFO | Train - Loss (one batch): 0.00128
INFO | Val - Loss, MSE, RMSE, MAE: 0.00125, 0.00125, 0.03533, 0.02329
INFO | Test - Best epoch 16, Loss, MSE, RMSE, MAE: 0.00108, 0.00108, 0.03291, 0.02088
INFO | Time spent: 2.39s
INFO | - Epoch 018, ExpID 60744
INFO | Train - Loss (one batch): 0.00117
INFO | Val - Loss, MSE, RMSE, MAE: 0.00119, 0.00119, 0.03456, 0.02195
INFO | Test - Best epoch 16, Loss, MSE, RMSE, MAE: 0.00108, 0.00108, 0.03291, 0.02088
INFO | Time spent: 2.41s
INFO | - Epoch 019, ExpID 60744
INFO | Train - Loss (one batch): 0.00102
INFO | Val - Loss, MSE, RMSE, MAE: 0.00135, 0.00135, 0.03672, 0.02550
INFO | Test - Best epoch 16, Loss, MSE, RMSE, MAE: 0.00108, 0.00108, 0.03291, 0.02088
INFO | Time spent: 2.40s
INFO | - Epoch 020, ExpID 60744
INFO | Train - Loss (one batch): 0.00098
INFO | Val - Loss, MSE, RMSE, MAE: 0.00113, 0.00113, 0.03361, 0.02069
INFO | Test - Best epoch 20, Loss, MSE, RMSE, MAE: 0.00106, 0.00106, 0.03251, 0.02030
INFO | Time spent: 2.82s
INFO | - Epoch 021, ExpID 60744
INFO | Train - Loss (one batch): 0.00102
INFO | Val - Loss, MSE, RMSE, MAE: 0.00128, 0.00128, 0.03583, 0.02417
INFO | Test - Best epoch 20, Loss, MSE, RMSE, MAE: 0.00106, 0.00106, 0.03251, 0.02030
INFO | Time spent: 2.42s
INFO | - Epoch 022, ExpID 60744
INFO | Train - Loss (one batch): 0.00120
INFO | Val - Loss, MSE, RMSE, MAE: 0.00129, 0.00129, 0.03595, 0.02433
INFO | Test - Best epoch 20, Loss, MSE, RMSE, MAE: 0.00106, 0.00106, 0.03251, 0.02030
INFO | Time spent: 2.41s
INFO | - Epoch 023, ExpID 60744
INFO | Train - Loss (one batch): 0.00099
INFO | Val - Loss, MSE, RMSE, MAE: 0.00128, 0.00128, 0.03579, 0.02424
INFO | Test - Best epoch 20, Loss, MSE, RMSE, MAE: 0.00106, 0.00106, 0.03251, 0.02030
INFO | Time spent: 2.41s
INFO | - Epoch 024, ExpID 60744
INFO | Train - Loss (one batch): 0.00094
INFO | Val - Loss, MSE, RMSE, MAE: 0.00140, 0.00140, 0.03744, 0.02659
INFO | Test - Best epoch 20, Loss, MSE, RMSE, MAE: 0.00106, 0.00106, 0.03251, 0.02030
INFO | Time spent: 2.51s
INFO | - Epoch 025, ExpID 60744
INFO | Train - Loss (one batch): 0.00141
INFO | Val - Loss, MSE, RMSE, MAE: 0.00125, 0.00125, 0.03540, 0.02300
INFO | Test - Best epoch 20, Loss, MSE, RMSE, MAE: 0.00106, 0.00106, 0.03251, 0.02030
INFO | Time spent: 2.41s
INFO | - Epoch 026, ExpID 60744
INFO | Train - Loss (one batch): 0.00104
INFO | Val - Loss, MSE, RMSE, MAE: 0.00201, 0.00201, 0.04481, 0.03573
INFO | Test - Best epoch 20, Loss, MSE, RMSE, MAE: 0.00106, 0.00106, 0.03251, 0.02030
INFO | Time spent: 2.40s
INFO | - Epoch 027, ExpID 60744
INFO | Train - Loss (one batch): 0.00111
INFO | Val - Loss, MSE, RMSE, MAE: 0.00110, 0.00110, 0.03311, 0.02014
INFO | Test - Best epoch 27, Loss, MSE, RMSE, MAE: 0.00102, 0.00102, 0.03196, 0.01977
INFO | Time spent: 2.83s
INFO | - Epoch 028, ExpID 60744
INFO | Train - Loss (one batch): 0.00094
INFO | Val - Loss, MSE, RMSE, MAE: 0.00146, 0.00146, 0.03825, 0.02753
INFO | Test - Best epoch 27, Loss, MSE, RMSE, MAE: 0.00102, 0.00102, 0.03196, 0.01977
INFO | Time spent: 2.63s
INFO | - Epoch 029, ExpID 60744
INFO | Train - Loss (one batch): 0.00111
INFO | Val - Loss, MSE, RMSE, MAE: 0.00124, 0.00124, 0.03517, 0.02341
INFO | Test - Best epoch 27, Loss, MSE, RMSE, MAE: 0.00102, 0.00102, 0.03196, 0.01977
INFO | Time spent: 2.57s
INFO | - Epoch 030, ExpID 60744
INFO | Train - Loss (one batch): 0.00114
INFO | Val - Loss, MSE, RMSE, MAE: 0.00112, 0.00112, 0.03345, 0.02074
INFO | Test - Best epoch 27, Loss, MSE, RMSE, MAE: 0.00102, 0.00102, 0.03196, 0.01977
INFO | Time spent: 2.43s
INFO | - Epoch 031, ExpID 60744
INFO | Train - Loss (one batch): 0.00081
INFO | Val - Loss, MSE, RMSE, MAE: 0.00118, 0.00118, 0.03433, 0.02212
INFO | Test - Best epoch 27, Loss, MSE, RMSE, MAE: 0.00102, 0.00102, 0.03196, 0.01977
INFO | Time spent: 2.42s
INFO | - Epoch 032, ExpID 60744
INFO | Train - Loss (one batch): 0.00120
INFO | Val - Loss, MSE, RMSE, MAE: 0.00111, 0.00111, 0.03330, 0.02077
INFO | Test - Best epoch 27, Loss, MSE, RMSE, MAE: 0.00102, 0.00102, 0.03196, 0.01977
INFO | Time spent: 2.39s
INFO | - Epoch 033, ExpID 60744
INFO | Train - Loss (one batch): 0.00092
INFO | Val - Loss, MSE, RMSE, MAE: 0.00157, 0.00157, 0.03958, 0.02934
INFO | Test - Best epoch 27, Loss, MSE, RMSE, MAE: 0.00102, 0.00102, 0.03196, 0.01977
INFO | Time spent: 2.40s
INFO | - Epoch 034, ExpID 60744
INFO | Train - Loss (one batch): 0.00100
INFO | Val - Loss, MSE, RMSE, MAE: 0.00135, 0.00135, 0.03673, 0.02571
INFO | Test - Best epoch 27, Loss, MSE, RMSE, MAE: 0.00102, 0.00102, 0.03196, 0.01977
INFO | Time spent: 2.47s
INFO | - Epoch 035, ExpID 60744
INFO | Train - Loss (one batch): 0.00103
INFO | Val - Loss, MSE, RMSE, MAE: 0.00110, 0.00110, 0.03311, 0.02020
INFO | Test - Best epoch 27, Loss, MSE, RMSE, MAE: 0.00102, 0.00102, 0.03196, 0.01977
INFO | Time spent: 2.42s
INFO | - Epoch 036, ExpID 60744
INFO | Train - Loss (one batch): 0.00108
INFO | Val - Loss, MSE, RMSE, MAE: 0.00110, 0.00110, 0.03314, 0.02040
INFO | Test - Best epoch 27, Loss, MSE, RMSE, MAE: 0.00102, 0.00102, 0.03196, 0.01977
INFO | Time spent: 2.42s
INFO | - Epoch 037, ExpID 60744
INFO | Train - Loss (one batch): 0.00083
INFO | Val - Loss, MSE, RMSE, MAE: 0.00111, 0.00111, 0.03330, 0.02074
INFO | Test - Best epoch 27, Loss, MSE, RMSE, MAE: 0.00102, 0.00102, 0.03196, 0.01977
INFO | Time spent: 2.40s
INFO | - Epoch 038, ExpID 60744
INFO | Train - Loss (one batch): 0.00120
INFO | Val - Loss, MSE, RMSE, MAE: 0.00115, 0.00115, 0.03397, 0.02186
INFO | Test - Best epoch 27, Loss, MSE, RMSE, MAE: 0.00102, 0.00102, 0.03196, 0.01977
INFO | Time spent: 2.40s
INFO | - Epoch 039, ExpID 60744
INFO | Train - Loss (one batch): 0.00108
INFO | Val - Loss, MSE, RMSE, MAE: 0.00125, 0.00125, 0.03542, 0.02374
INFO | Test - Best epoch 27, Loss, MSE, RMSE, MAE: 0.00102, 0.00102, 0.03196, 0.01977
INFO | Time spent: 2.40s
INFO | - Epoch 040, ExpID 60744
INFO | Train - Loss (one batch): 0.00092
INFO | Val - Loss, MSE, RMSE, MAE: 0.00114, 0.00114, 0.03376, 0.02166
INFO | Test - Best epoch 27, Loss, MSE, RMSE, MAE: 0.00102, 0.00102, 0.03196, 0.01977
INFO | Time spent: 2.41s
INFO | - Epoch 041, ExpID 60744
INFO | Train - Loss (one batch): 0.00096
INFO | Val - Loss, MSE, RMSE, MAE: 0.00143, 0.00143, 0.03787, 0.02737
INFO | Test - Best epoch 27, Loss, MSE, RMSE, MAE: 0.00102, 0.00102, 0.03196, 0.01977
INFO | Time spent: 2.58s
INFO | - Epoch 042, ExpID 60744
INFO | Train - Loss (one batch): 0.00085
INFO | Val - Loss, MSE, RMSE, MAE: 0.00123, 0.00123, 0.03506, 0.02338
INFO | Test - Best epoch 27, Loss, MSE, RMSE, MAE: 0.00102, 0.00102, 0.03196, 0.01977
INFO | Time spent: 2.40s
INFO | - Epoch 043, ExpID 60744
INFO | Train - Loss (one batch): 0.00114
INFO | Val - Loss, MSE, RMSE, MAE: 0.00112, 0.00112, 0.03342, 0.02099
INFO | Test - Best epoch 27, Loss, MSE, RMSE, MAE: 0.00102, 0.00102, 0.03196, 0.01977
INFO | Time spent: 2.41s
INFO | - Epoch 044, ExpID 60744
INFO | Train - Loss (one batch): 0.00103
INFO | Val - Loss, MSE, RMSE, MAE: 0.00117, 0.00117, 0.03417, 0.02193
INFO | Test - Best epoch 27, Loss, MSE, RMSE, MAE: 0.00102, 0.00102, 0.03196, 0.01977
INFO | Time spent: 2.41s
INFO | - Epoch 045, ExpID 60744
INFO | Train - Loss (one batch): 0.00093
INFO | Val - Loss, MSE, RMSE, MAE: 0.00109, 0.00109, 0.03294, 0.02036
INFO | Test - Best epoch 45, Loss, MSE, RMSE, MAE: 0.00102, 0.00102, 0.03201, 0.02009
INFO | Time spent: 2.81s
INFO | - Epoch 046, ExpID 60744
INFO | Train - Loss (one batch): 0.00128
INFO | Val - Loss, MSE, RMSE, MAE: 0.00118, 0.00118, 0.03433, 0.02244
INFO | Test - Best epoch 45, Loss, MSE, RMSE, MAE: 0.00102, 0.00102, 0.03201, 0.02009
INFO | Time spent: 2.42s
INFO | - Epoch 047, ExpID 60744
INFO | Train - Loss (one batch): 0.00096
INFO | Val - Loss, MSE, RMSE, MAE: 0.00112, 0.00112, 0.03348, 0.02093
INFO | Test - Best epoch 45, Loss, MSE, RMSE, MAE: 0.00102, 0.00102, 0.03201, 0.02009
INFO | Time spent: 2.60s
INFO | - Epoch 048, ExpID 60744
INFO | Train - Loss (one batch): 0.00106
INFO | Val - Loss, MSE, RMSE, MAE: 0.00119, 0.00119, 0.03452, 0.02269
INFO | Test - Best epoch 45, Loss, MSE, RMSE, MAE: 0.00102, 0.00102, 0.03201, 0.02009
INFO | Time spent: 2.60s
INFO | - Epoch 049, ExpID 60744
INFO | Train - Loss (one batch): 0.00071
INFO | Val - Loss, MSE, RMSE, MAE: 0.00145, 0.00145, 0.03808, 0.02760
INFO | Test - Best epoch 45, Loss, MSE, RMSE, MAE: 0.00102, 0.00102, 0.03201, 0.02009
INFO | Time spent: 2.41s
INFO | - Epoch 050, ExpID 60744
INFO | Train - Loss (one batch): 0.00110
INFO | Val - Loss, MSE, RMSE, MAE: 0.00126, 0.00126, 0.03553, 0.02413
INFO | Test - Best epoch 45, Loss, MSE, RMSE, MAE: 0.00102, 0.00102, 0.03201, 0.02009
INFO | Time spent: 2.55s
INFO | - Epoch 051, ExpID 60744
INFO | Train - Loss (one batch): 0.00089
INFO | Val - Loss, MSE, RMSE, MAE: 0.00121, 0.00121, 0.03474, 0.02306
INFO | Test - Best epoch 45, Loss, MSE, RMSE, MAE: 0.00102, 0.00102, 0.03201, 0.02009
INFO | Time spent: 2.41s
INFO | - Epoch 052, ExpID 60744
INFO | Train - Loss (one batch): 0.00103
INFO | Val - Loss, MSE, RMSE, MAE: 0.00128, 0.00128, 0.03573, 0.02438
INFO | Test - Best epoch 45, Loss, MSE, RMSE, MAE: 0.00102, 0.00102, 0.03201, 0.02009
INFO | Time spent: 2.43s
INFO | - Epoch 053, ExpID 60744
INFO | Train - Loss (one batch): 0.00103
INFO | Val - Loss, MSE, RMSE, MAE: 0.00120, 0.00120, 0.03466, 0.02301
INFO | Test - Best epoch 45, Loss, MSE, RMSE, MAE: 0.00102, 0.00102, 0.03201, 0.02009
INFO | Time spent: 2.42s
INFO | - Epoch 054, ExpID 60744
INFO | Train - Loss (one batch): 0.00077
INFO | Val - Loss, MSE, RMSE, MAE: 0.00110, 0.00110, 0.03312, 0.02062
INFO | Test - Best epoch 45, Loss, MSE, RMSE, MAE: 0.00102, 0.00102, 0.03201, 0.02009
INFO | Time spent: 2.54s
INFO | - Epoch 055, ExpID 60744
INFO | Train - Loss (one batch): 0.00094
INFO | Val - Loss, MSE, RMSE, MAE: 0.00138, 0.00138, 0.03719, 0.02606
INFO | Test - Best epoch 45, Loss, MSE, RMSE, MAE: 0.00102, 0.00102, 0.03201, 0.02009
INFO | Time spent: 2.42s
INFO | - Epoch 056, ExpID 60744
INFO | Train - Loss (one batch): 0.00086
INFO | Val - Loss, MSE, RMSE, MAE: 0.00112, 0.00112, 0.03354, 0.02140
INFO | Test - Best epoch 45, Loss, MSE, RMSE, MAE: 0.00102, 0.00102, 0.03201, 0.02009
INFO | Time spent: 2.42s
INFO | - Epoch 057, ExpID 60744
INFO | Train - Loss (one batch): 0.00102
INFO | Val - Loss, MSE, RMSE, MAE: 0.00115, 0.00115, 0.03385, 0.02192
INFO | Test - Best epoch 45, Loss, MSE, RMSE, MAE: 0.00102, 0.00102, 0.03201, 0.02009
INFO | Time spent: 2.43s
INFO | - Epoch 058, ExpID 60744
INFO | Train - Loss (one batch): 0.00116
INFO | Val - Loss, MSE, RMSE, MAE: 0.00108, 0.00108, 0.03279, 0.02016
INFO | Test - Best epoch 58, Loss, MSE, RMSE, MAE: 0.00101, 0.00101, 0.03181, 0.01990
INFO | Time spent: 2.82s
INFO | - Epoch 059, ExpID 60744
INFO | Train - Loss (one batch): 0.00103
INFO | Val - Loss, MSE, RMSE, MAE: 0.00114, 0.00114, 0.03374, 0.02169
INFO | Test - Best epoch 58, Loss, MSE, RMSE, MAE: 0.00101, 0.00101, 0.03181, 0.01990
INFO | Time spent: 2.40s
INFO | - Epoch 060, ExpID 60744
INFO | Train - Loss (one batch): 0.00086
INFO | Val - Loss, MSE, RMSE, MAE: 0.00147, 0.00147, 0.03835, 0.02788
INFO | Test - Best epoch 58, Loss, MSE, RMSE, MAE: 0.00101, 0.00101, 0.03181, 0.01990
INFO | Time spent: 2.42s
INFO | - Epoch 061, ExpID 60744
INFO | Train - Loss (one batch): 0.00079
INFO | Val - Loss, MSE, RMSE, MAE: 0.00105, 0.00105, 0.03237, 0.01973
INFO | Test - Best epoch 61, Loss, MSE, RMSE, MAE: 0.00098, 0.00098, 0.03138, 0.01948
INFO | Time spent: 2.84s
INFO | - Epoch 062, ExpID 60744
INFO | Train - Loss (one batch): 0.00103
INFO | Val - Loss, MSE, RMSE, MAE: 0.00145, 0.00145, 0.03805, 0.02739
INFO | Test - Best epoch 61, Loss, MSE, RMSE, MAE: 0.00098, 0.00098, 0.03138, 0.01948
INFO | Time spent: 2.42s
INFO | - Epoch 063, ExpID 60744
INFO | Train - Loss (one batch): 0.00074
INFO | Val - Loss, MSE, RMSE, MAE: 0.00114, 0.00114, 0.03376, 0.02187
INFO | Test - Best epoch 61, Loss, MSE, RMSE, MAE: 0.00098, 0.00098, 0.03138, 0.01948
INFO | Time spent: 2.41s
INFO | - Epoch 064, ExpID 60744
INFO | Train - Loss (one batch): 0.00075
INFO | Val - Loss, MSE, RMSE, MAE: 0.00108, 0.00108, 0.03286, 0.02043
INFO | Test - Best epoch 61, Loss, MSE, RMSE, MAE: 0.00098, 0.00098, 0.03138, 0.01948
INFO | Time spent: 2.39s
INFO | - Epoch 065, ExpID 60744
INFO | Train - Loss (one batch): 0.00082
INFO | Val - Loss, MSE, RMSE, MAE: 0.00127, 0.00127, 0.03561, 0.02429
INFO | Test - Best epoch 61, Loss, MSE, RMSE, MAE: 0.00098, 0.00098, 0.03138, 0.01948
INFO | Time spent: 2.40s
INFO | - Epoch 066, ExpID 60744
INFO | Train - Loss (one batch): 0.00089
INFO | Val - Loss, MSE, RMSE, MAE: 0.00114, 0.00114, 0.03369, 0.02169
INFO | Test - Best epoch 61, Loss, MSE, RMSE, MAE: 0.00098, 0.00098, 0.03138, 0.01948
INFO | Time spent: 2.40s
INFO | - Epoch 067, ExpID 60744
INFO | Train - Loss (one batch): 0.00091
INFO | Val - Loss, MSE, RMSE, MAE: 0.00107, 0.00107, 0.03278, 0.02031
INFO | Test - Best epoch 61, Loss, MSE, RMSE, MAE: 0.00098, 0.00098, 0.03138, 0.01948
INFO | Time spent: 2.43s
INFO | - Epoch 068, ExpID 60744
INFO | Train - Loss (one batch): 0.00088
INFO | Val - Loss, MSE, RMSE, MAE: 0.00112, 0.00112, 0.03351, 0.02150
INFO | Test - Best epoch 61, Loss, MSE, RMSE, MAE: 0.00098, 0.00098, 0.03138, 0.01948
INFO | Time spent: 2.54s
INFO | - Epoch 069, ExpID 60744
INFO | Train - Loss (one batch): 0.00084
INFO | Val - Loss, MSE, RMSE, MAE: 0.00122, 0.00122, 0.03493, 0.02352
INFO | Test - Best epoch 61, Loss, MSE, RMSE, MAE: 0.00098, 0.00098, 0.03138, 0.01948
INFO | Time spent: 2.54s
INFO | - Epoch 070, ExpID 60744
INFO | Train - Loss (one batch): 0.00093
INFO | Val - Loss, MSE, RMSE, MAE: 0.00110, 0.00110, 0.03317, 0.02108
INFO | Test - Best epoch 61, Loss, MSE, RMSE, MAE: 0.00098, 0.00098, 0.03138, 0.01948
INFO | Time spent: 2.40s
INFO | - Epoch 071, ExpID 60744
INFO | Train - Loss (one batch): 0.00086
INFO | Val - Loss, MSE, RMSE, MAE: 0.00112, 0.00112, 0.03343, 0.02147
INFO | Test - Best epoch 61, Loss, MSE, RMSE, MAE: 0.00098, 0.00098, 0.03138, 0.01948
INFO | Time spent: 2.59s
INFO | - Epoch 072, ExpID 60744
INFO | Train - Loss (one batch): 0.00102
INFO | Val - Loss, MSE, RMSE, MAE: 0.00147, 0.00147, 0.03834, 0.02813
INFO | Test - Best epoch 61, Loss, MSE, RMSE, MAE: 0.00098, 0.00098, 0.03138, 0.01948
INFO | Time spent: 2.54s
INFO | - Epoch 073, ExpID 60744
INFO | Train - Loss (one batch): 0.00084
INFO | Val - Loss, MSE, RMSE, MAE: 0.00116, 0.00116, 0.03411, 0.02231
INFO | Test - Best epoch 61, Loss, MSE, RMSE, MAE: 0.00098, 0.00098, 0.03138, 0.01948
INFO | Time spent: 2.42s
INFO | - Epoch 074, ExpID 60744
INFO | Train - Loss (one batch): 0.00084
INFO | Val - Loss, MSE, RMSE, MAE: 0.00113, 0.00113, 0.03364, 0.02190
INFO | Test - Best epoch 61, Loss, MSE, RMSE, MAE: 0.00098, 0.00098, 0.03138, 0.01948
INFO | Time spent: 2.79s
INFO | - Epoch 075, ExpID 60744
INFO | Train - Loss (one batch): 0.00113
INFO | Val - Loss, MSE, RMSE, MAE: 0.00111, 0.00111, 0.03326, 0.02128
INFO | Test - Best epoch 61, Loss, MSE, RMSE, MAE: 0.00098, 0.00098, 0.03138, 0.01948
INFO | Time spent: 3.07s
INFO | - Epoch 076, ExpID 60744
INFO | Train - Loss (one batch): 0.00090
INFO | Val - Loss, MSE, RMSE, MAE: 0.00112, 0.00112, 0.03347, 0.02160
INFO | Test - Best epoch 61, Loss, MSE, RMSE, MAE: 0.00098, 0.00098, 0.03138, 0.01948
INFO | Time spent: 2.96s
INFO | - Epoch 077, ExpID 60744
INFO | Train - Loss (one batch): 0.00094
INFO | Val - Loss, MSE, RMSE, MAE: 0.00112, 0.00112, 0.03344, 0.02156
INFO | Test - Best epoch 61, Loss, MSE, RMSE, MAE: 0.00098, 0.00098, 0.03138, 0.01948
INFO | Time spent: 2.91s
INFO | - Epoch 078, ExpID 60744
INFO | Train - Loss (one batch): 0.00093
INFO | Val - Loss, MSE, RMSE, MAE: 0.00111, 0.00111, 0.03330, 0.02154
INFO | Test - Best epoch 61, Loss, MSE, RMSE, MAE: 0.00098, 0.00098, 0.03138, 0.01948
INFO | Time spent: 2.94s
INFO | - Epoch 079, ExpID 60744
INFO | Train - Loss (one batch): 0.00132
INFO | Val - Loss, MSE, RMSE, MAE: 0.00104, 0.00104, 0.03232, 0.02010
INFO | Test - Best epoch 79, Loss, MSE, RMSE, MAE: 0.00099, 0.00099, 0.03144, 0.01983
INFO | Time spent: 3.49s
INFO | - Epoch 080, ExpID 60744
INFO | Train - Loss (one batch): 0.00078
INFO | Val - Loss, MSE, RMSE, MAE: 0.00131, 0.00131, 0.03624, 0.02537
INFO | Test - Best epoch 79, Loss, MSE, RMSE, MAE: 0.00099, 0.00099, 0.03144, 0.01983
INFO | Time spent: 3.11s
INFO | - Epoch 081, ExpID 60744
INFO | Train - Loss (one batch): 0.00116
INFO | Val - Loss, MSE, RMSE, MAE: 0.00124, 0.00124, 0.03520, 0.02401
INFO | Test - Best epoch 79, Loss, MSE, RMSE, MAE: 0.00099, 0.00099, 0.03144, 0.01983
INFO | Time spent: 2.95s
INFO | - Epoch 082, ExpID 60744
INFO | Train - Loss (one batch): 0.00113
INFO | Val - Loss, MSE, RMSE, MAE: 0.00127, 0.00127, 0.03567, 0.02466
INFO | Test - Best epoch 79, Loss, MSE, RMSE, MAE: 0.00099, 0.00099, 0.03144, 0.01983
INFO | Time spent: 2.93s
INFO | - Epoch 083, ExpID 60744
INFO | Train - Loss (one batch): 0.00089
INFO | Val - Loss, MSE, RMSE, MAE: 0.00105, 0.00105, 0.03240, 0.02014
INFO | Test - Best epoch 79, Loss, MSE, RMSE, MAE: 0.00099, 0.00099, 0.03144, 0.01983
INFO | Time spent: 2.92s
INFO | - Epoch 084, ExpID 60744
INFO | Train - Loss (one batch): 0.00097
INFO | Val - Loss, MSE, RMSE, MAE: 0.00115, 0.00115, 0.03395, 0.02239
INFO | Test - Best epoch 79, Loss, MSE, RMSE, MAE: 0.00099, 0.00099, 0.03144, 0.01983
INFO | Time spent: 2.94s
INFO | - Epoch 085, ExpID 60744
INFO | Train - Loss (one batch): 0.00082
INFO | Val - Loss, MSE, RMSE, MAE: 0.00107, 0.00107, 0.03274, 0.02065
INFO | Test - Best epoch 79, Loss, MSE, RMSE, MAE: 0.00099, 0.00099, 0.03144, 0.01983
INFO | Time spent: 2.94s
INFO | - Epoch 086, ExpID 60744
INFO | Train - Loss (one batch): 0.00113
INFO | Val - Loss, MSE, RMSE, MAE: 0.00121, 0.00121, 0.03476, 0.02339
INFO | Test - Best epoch 79, Loss, MSE, RMSE, MAE: 0.00099, 0.00099, 0.03144, 0.01983
INFO | Time spent: 2.94s
INFO | - Epoch 087, ExpID 60744
INFO | Train - Loss (one batch): 0.00076
INFO | Val - Loss, MSE, RMSE, MAE: 0.00106, 0.00106, 0.03250, 0.02024
INFO | Test - Best epoch 79, Loss, MSE, RMSE, MAE: 0.00099, 0.00099, 0.03144, 0.01983
INFO | Time spent: 2.93s
INFO | - Epoch 088, ExpID 60744
INFO | Train - Loss (one batch): 0.00081
INFO | Val - Loss, MSE, RMSE, MAE: 0.00116, 0.00116, 0.03411, 0.02270
INFO | Test - Best epoch 79, Loss, MSE, RMSE, MAE: 0.00099, 0.00099, 0.03144, 0.01983
INFO | Time spent: 2.91s
INFO | - Epoch 089, ExpID 60744
INFO | Train - Loss (one batch): 0.00087
INFO | Val - Loss, MSE, RMSE, MAE: 0.00106, 0.00106, 0.03253, 0.02046
INFO | Test - Best epoch 79, Loss, MSE, RMSE, MAE: 0.00099, 0.00099, 0.03144, 0.01983
INFO | Time spent: 2.95s
INFO | - Epoch 090, ExpID 60744
INFO | Train - Loss (one batch): 0.00104
INFO | Val - Loss, MSE, RMSE, MAE: 0.00105, 0.00105, 0.03246, 0.02032
INFO | Test - Best epoch 79, Loss, MSE, RMSE, MAE: 0.00099, 0.00099, 0.03144, 0.01983
INFO | Time spent: 2.93s
INFO | - Epoch 091, ExpID 60744
INFO | Train - Loss (one batch): 0.00084
INFO | Val - Loss, MSE, RMSE, MAE: 0.00131, 0.00131, 0.03617, 0.02527
INFO | Test - Best epoch 79, Loss, MSE, RMSE, MAE: 0.00099, 0.00099, 0.03144, 0.01983
INFO | Time spent: 3.03s
INFO | - Epoch 092, ExpID 60744
INFO | Train - Loss (one batch): 0.00078
INFO | Val - Loss, MSE, RMSE, MAE: 0.00102, 0.00102, 0.03188, 0.01944
INFO | Test - Best epoch 92, Loss, MSE, RMSE, MAE: 0.00097, 0.00097, 0.03118, 0.01924
INFO | Time spent: 3.50s
INFO | - Epoch 093, ExpID 60744
INFO | Train - Loss (one batch): 0.00081
INFO | Val - Loss, MSE, RMSE, MAE: 0.00114, 0.00114, 0.03373, 0.02222
INFO | Test - Best epoch 92, Loss, MSE, RMSE, MAE: 0.00097, 0.00097, 0.03118, 0.01924
INFO | Time spent: 2.79s
INFO | - Epoch 094, ExpID 60744
INFO | Train - Loss (one batch): 0.00091
INFO | Val - Loss, MSE, RMSE, MAE: 0.00109, 0.00109, 0.03309, 0.02151
INFO | Test - Best epoch 92, Loss, MSE, RMSE, MAE: 0.00097, 0.00097, 0.03118, 0.01924
INFO | Time spent: 2.40s
INFO | - Epoch 095, ExpID 60744
INFO | Train - Loss (one batch): 0.00086
INFO | Val - Loss, MSE, RMSE, MAE: 0.00111, 0.00111, 0.03329, 0.02177
INFO | Test - Best epoch 92, Loss, MSE, RMSE, MAE: 0.00097, 0.00097, 0.03118, 0.01924
INFO | Time spent: 2.41s
INFO | - Epoch 096, ExpID 60744
INFO | Train - Loss (one batch): 0.00092
INFO | Val - Loss, MSE, RMSE, MAE: 0.00113, 0.00113, 0.03364, 0.02204
INFO | Test - Best epoch 92, Loss, MSE, RMSE, MAE: 0.00097, 0.00097, 0.03118, 0.01924
INFO | Time spent: 2.43s
INFO | - Epoch 097, ExpID 60744
INFO | Train - Loss (one batch): 0.00073
INFO | Val - Loss, MSE, RMSE, MAE: 0.00109, 0.00109, 0.03307, 0.02128
INFO | Test - Best epoch 92, Loss, MSE, RMSE, MAE: 0.00097, 0.00097, 0.03118, 0.01924
INFO | Time spent: 2.49s
INFO | - Epoch 098, ExpID 60744
INFO | Train - Loss (one batch): 0.00107
INFO | Val - Loss, MSE, RMSE, MAE: 0.00117, 0.00117, 0.03423, 0.02294
INFO | Test - Best epoch 92, Loss, MSE, RMSE, MAE: 0.00097, 0.00097, 0.03118, 0.01924
INFO | Time spent: 2.38s
INFO | - Epoch 099, ExpID 60744
INFO | Train - Loss (one batch): 0.00093
INFO | Val - Loss, MSE, RMSE, MAE: 0.00109, 0.00109, 0.03298, 0.02120
INFO | Test - Best epoch 92, Loss, MSE, RMSE, MAE: 0.00097, 0.00097, 0.03118, 0.01924
INFO | Time spent: 2.41s
INFO | - Epoch 100, ExpID 60744
INFO | Train - Loss (one batch): 0.00087
INFO | Val - Loss, MSE, RMSE, MAE: 0.00107, 0.00107, 0.03272, 0.02064
INFO | Test - Best epoch 92, Loss, MSE, RMSE, MAE: 0.00097, 0.00097, 0.03118, 0.01924
INFO | Time spent: 2.52s
INFO | - Epoch 101, ExpID 60744
INFO | Train - Loss (one batch): 0.00071
INFO | Val - Loss, MSE, RMSE, MAE: 0.00110, 0.00110, 0.03318, 0.02145
INFO | Test - Best epoch 92, Loss, MSE, RMSE, MAE: 0.00097, 0.00097, 0.03118, 0.01924
INFO | Time spent: 2.35s
INFO | - Epoch 102, ExpID 60744
INFO | Train - Loss (one batch): 0.00099
INFO | Val - Loss, MSE, RMSE, MAE: 0.00125, 0.00125, 0.03530, 0.02454
INFO | Test - Best epoch 92, Loss, MSE, RMSE, MAE: 0.00097, 0.00097, 0.03118, 0.01924
INFO | Time spent: 2.40s
INFO | - Epoch 103, ExpID 60744
INFO | Train - Loss (one batch): 0.00074
INFO | Val - Loss, MSE, RMSE, MAE: 0.00108, 0.00108, 0.03286, 0.02090
INFO | Test - Best epoch 92, Loss, MSE, RMSE, MAE: 0.00097, 0.00097, 0.03118, 0.01924
INFO | Time spent: 2.39s
INFO | - Epoch 104, ExpID 60744
INFO | Train - Loss (one batch): 0.00081
INFO | Val - Loss, MSE, RMSE, MAE: 0.00123, 0.00123, 0.03504, 0.02410
INFO | Test - Best epoch 92, Loss, MSE, RMSE, MAE: 0.00097, 0.00097, 0.03118, 0.01924
INFO | Time spent: 2.42s
INFO | - Epoch 105, ExpID 60744
INFO | Train - Loss (one batch): 0.00071
INFO | Val - Loss, MSE, RMSE, MAE: 0.00124, 0.00124, 0.03517, 0.02438
INFO | Test - Best epoch 92, Loss, MSE, RMSE, MAE: 0.00097, 0.00097, 0.03118, 0.01924
INFO | Time spent: 2.42s
INFO | - Epoch 106, ExpID 60744
INFO | Train - Loss (one batch): 0.00081
INFO | Val - Loss, MSE, RMSE, MAE: 0.00100, 0.00100, 0.03158, 0.01938
INFO | Test - Best epoch 106, Loss, MSE, RMSE, MAE: 0.00097, 0.00097, 0.03107, 0.01918
INFO | Time spent: 2.83s
INFO | - Epoch 107, ExpID 60744
INFO | Train - Loss (one batch): 0.00093
INFO | Val - Loss, MSE, RMSE, MAE: 0.00125, 0.00125, 0.03539, 0.02437
INFO | Test - Best epoch 106, Loss, MSE, RMSE, MAE: 0.00097, 0.00097, 0.03107, 0.01918
INFO | Time spent: 2.41s
INFO | - Epoch 108, ExpID 60744
INFO | Train - Loss (one batch): 0.00082
INFO | Val - Loss, MSE, RMSE, MAE: 0.00100, 0.00100, 0.03165, 0.01956
INFO | Test - Best epoch 106, Loss, MSE, RMSE, MAE: 0.00097, 0.00097, 0.03107, 0.01918
INFO | Time spent: 2.39s
INFO | - Epoch 109, ExpID 60744
INFO | Train - Loss (one batch): 0.00082
INFO | Val - Loss, MSE, RMSE, MAE: 0.00110, 0.00110, 0.03320, 0.02157
INFO | Test - Best epoch 106, Loss, MSE, RMSE, MAE: 0.00097, 0.00097, 0.03107, 0.01918
INFO | Time spent: 2.58s
INFO | - Epoch 110, ExpID 60744
INFO | Train - Loss (one batch): 0.00079
INFO | Val - Loss, MSE, RMSE, MAE: 0.00123, 0.00123, 0.03505, 0.02431
INFO | Test - Best epoch 106, Loss, MSE, RMSE, MAE: 0.00097, 0.00097, 0.03107, 0.01918
INFO | Time spent: 2.37s
INFO | - Epoch 111, ExpID 60744
INFO | Train - Loss (one batch): 0.00103
INFO | Val - Loss, MSE, RMSE, MAE: 0.00109, 0.00109, 0.03296, 0.02136
INFO | Test - Best epoch 106, Loss, MSE, RMSE, MAE: 0.00097, 0.00097, 0.03107, 0.01918
INFO | Time spent: 2.39s
INFO | - Epoch 112, ExpID 60744
INFO | Train - Loss (one batch): 0.00079
INFO | Val - Loss, MSE, RMSE, MAE: 0.00105, 0.00105, 0.03241, 0.02045
INFO | Test - Best epoch 106, Loss, MSE, RMSE, MAE: 0.00097, 0.00097, 0.03107, 0.01918
INFO | Time spent: 2.41s
INFO | - Epoch 113, ExpID 60744
INFO | Train - Loss (one batch): 0.00107
INFO | Val - Loss, MSE, RMSE, MAE: 0.00132, 0.00132, 0.03636, 0.02570
INFO | Test - Best epoch 106, Loss, MSE, RMSE, MAE: 0.00097, 0.00097, 0.03107, 0.01918
INFO | Time spent: 2.36s
INFO | - Epoch 114, ExpID 60744
INFO | Train - Loss (one batch): 0.00098
INFO | Val - Loss, MSE, RMSE, MAE: 0.00100, 0.00100, 0.03165, 0.01961
INFO | Test - Best epoch 106, Loss, MSE, RMSE, MAE: 0.00097, 0.00097, 0.03107, 0.01918
INFO | Time spent: 2.39s
INFO | - Epoch 115, ExpID 60744
INFO | Train - Loss (one batch): 0.00090
INFO | Val - Loss, MSE, RMSE, MAE: 0.00105, 0.00105, 0.03242, 0.02068
INFO | Test - Best epoch 106, Loss, MSE, RMSE, MAE: 0.00097, 0.00097, 0.03107, 0.01918
INFO | Time spent: 2.38s
INFO | - Epoch 116, ExpID 60744
INFO | Train - Loss (one batch): 0.00079
INFO | Val - Loss, MSE, RMSE, MAE: 0.00113, 0.00113, 0.03365, 0.02228
INFO | Test - Best epoch 106, Loss, MSE, RMSE, MAE: 0.00097, 0.00097, 0.03107, 0.01918
INFO | Time spent: 2.51s
INFO | - Epoch 117, ExpID 60744
INFO | Train - Loss (one batch): 0.00062
INFO | Val - Loss, MSE, RMSE, MAE: 0.00103, 0.00103, 0.03206, 0.01994
INFO | Test - Best epoch 106, Loss, MSE, RMSE, MAE: 0.00097, 0.00097, 0.03107, 0.01918
INFO | Time spent: 2.39s
INFO | - Epoch 118, ExpID 60744
INFO | Train - Loss (one batch): 0.00086
INFO | Val - Loss, MSE, RMSE, MAE: 0.00103, 0.00103, 0.03213, 0.01986
INFO | Test - Best epoch 106, Loss, MSE, RMSE, MAE: 0.00097, 0.00097, 0.03107, 0.01918
INFO | Time spent: 2.40s
INFO | - Epoch 119, ExpID 60744
INFO | Train - Loss (one batch): 0.00070
INFO | Val - Loss, MSE, RMSE, MAE: 0.00107, 0.00107, 0.03270, 0.02085
INFO | Test - Best epoch 106, Loss, MSE, RMSE, MAE: 0.00097, 0.00097, 0.03107, 0.01918
INFO | Time spent: 2.40s
INFO | - Epoch 120, ExpID 60744
INFO | Train - Loss (one batch): 0.00096
INFO | Val - Loss, MSE, RMSE, MAE: 0.00115, 0.00115, 0.03392, 0.02257
INFO | Test - Best epoch 106, Loss, MSE, RMSE, MAE: 0.00097, 0.00097, 0.03107, 0.01918
INFO | Time spent: 2.38s
INFO | - Epoch 121, ExpID 60744
INFO | Train - Loss (one batch): 0.00099
INFO | Val - Loss, MSE, RMSE, MAE: 0.00104, 0.00104, 0.03231, 0.02031
INFO | Test - Best epoch 106, Loss, MSE, RMSE, MAE: 0.00097, 0.00097, 0.03107, 0.01918
INFO | Time spent: 2.42s
INFO | - Epoch 122, ExpID 60744
INFO | Train - Loss (one batch): 0.00123
INFO | Val - Loss, MSE, RMSE, MAE: 0.00101, 0.00101, 0.03170, 0.01954
INFO | Test - Best epoch 106, Loss, MSE, RMSE, MAE: 0.00097, 0.00097, 0.03107, 0.01918
INFO | Time spent: 2.37s
INFO | - Epoch 123, ExpID 60744
INFO | Train - Loss (one batch): 0.00084
INFO | Val - Loss, MSE, RMSE, MAE: 0.00112, 0.00112, 0.03354, 0.02233
INFO | Test - Best epoch 106, Loss, MSE, RMSE, MAE: 0.00097, 0.00097, 0.03107, 0.01918
INFO | Time spent: 2.41s
INFO | - Epoch 124, ExpID 60744
INFO | Train - Loss (one batch): 0.00105
INFO | Val - Loss, MSE, RMSE, MAE: 0.00113, 0.00113, 0.03357, 0.02210
INFO | Test - Best epoch 106, Loss, MSE, RMSE, MAE: 0.00097, 0.00097, 0.03107, 0.01918
INFO | Time spent: 2.41s
INFO | - Epoch 125, ExpID 60744
INFO | Train - Loss (one batch): 0.00086
INFO | Val - Loss, MSE, RMSE, MAE: 0.00124, 0.00124, 0.03525, 0.02429
INFO | Test - Best epoch 106, Loss, MSE, RMSE, MAE: 0.00097, 0.00097, 0.03107, 0.01918
INFO | Time spent: 2.39s
INFO | - Epoch 126, ExpID 60744
INFO | Train - Loss (one batch): 0.00080
INFO | Val - Loss, MSE, RMSE, MAE: 0.00104, 0.00104, 0.03220, 0.02026
INFO | Test - Best epoch 106, Loss, MSE, RMSE, MAE: 0.00097, 0.00097, 0.03107, 0.01918
INFO | Time spent: 2.42s
INFO | - Epoch 127, ExpID 60744
INFO | Train - Loss (one batch): 0.00079
INFO | Val - Loss, MSE, RMSE, MAE: 0.00099, 0.00099, 0.03149, 0.01930
INFO | Test - Best epoch 127, Loss, MSE, RMSE, MAE: 0.00096, 0.00096, 0.03104, 0.01915
INFO | Time spent: 2.82s
INFO | - Epoch 128, ExpID 60744
INFO | Train - Loss (one batch): 0.00093
INFO | Val - Loss, MSE, RMSE, MAE: 0.00101, 0.00101, 0.03171, 0.01966
INFO | Test - Best epoch 127, Loss, MSE, RMSE, MAE: 0.00096, 0.00096, 0.03104, 0.01915
INFO | Time spent: 2.43s
INFO | - Epoch 129, ExpID 60744
INFO | Train - Loss (one batch): 0.00103
INFO | Val - Loss, MSE, RMSE, MAE: 0.00104, 0.00104, 0.03229, 0.02034
INFO | Test - Best epoch 127, Loss, MSE, RMSE, MAE: 0.00096, 0.00096, 0.03104, 0.01915
INFO | Time spent: 2.40s
INFO | - Epoch 130, ExpID 60744
INFO | Train - Loss (one batch): 0.00068
INFO | Val - Loss, MSE, RMSE, MAE: 0.00109, 0.00109, 0.03305, 0.02156
INFO | Test - Best epoch 127, Loss, MSE, RMSE, MAE: 0.00096, 0.00096, 0.03104, 0.01915
INFO | Time spent: 2.40s
INFO | - Epoch 131, ExpID 60744
INFO | Train - Loss (one batch): 0.00083
INFO | Val - Loss, MSE, RMSE, MAE: 0.00106, 0.00106, 0.03258, 0.02093
INFO | Test - Best epoch 127, Loss, MSE, RMSE, MAE: 0.00096, 0.00096, 0.03104, 0.01915
INFO | Time spent: 2.40s
INFO | - Epoch 132, ExpID 60744
INFO | Train - Loss (one batch): 0.00087
INFO | Val - Loss, MSE, RMSE, MAE: 0.00104, 0.00104, 0.03218, 0.02020
INFO | Test - Best epoch 127, Loss, MSE, RMSE, MAE: 0.00096, 0.00096, 0.03104, 0.01915
INFO | Time spent: 2.42s
INFO | - Epoch 133, ExpID 60744
INFO | Train - Loss (one batch): 0.00077
INFO | Val - Loss, MSE, RMSE, MAE: 0.00112, 0.00112, 0.03353, 0.02237
INFO | Test - Best epoch 127, Loss, MSE, RMSE, MAE: 0.00096, 0.00096, 0.03104, 0.01915
INFO | Time spent: 2.43s
INFO | - Epoch 134, ExpID 60744
INFO | Train - Loss (one batch): 0.00084
INFO | Val - Loss, MSE, RMSE, MAE: 0.00118, 0.00118, 0.03433, 0.02312
INFO | Test - Best epoch 127, Loss, MSE, RMSE, MAE: 0.00096, 0.00096, 0.03104, 0.01915
INFO | Time spent: 2.40s
INFO | - Epoch 135, ExpID 60744
INFO | Train - Loss (one batch): 0.00081
INFO | Val - Loss, MSE, RMSE, MAE: 0.00126, 0.00126, 0.03554, 0.02485
INFO | Test - Best epoch 127, Loss, MSE, RMSE, MAE: 0.00096, 0.00096, 0.03104, 0.01915
INFO | Time spent: 2.40s
INFO | - Epoch 136, ExpID 60744
INFO | Train - Loss (one batch): 0.00095
INFO | Val - Loss, MSE, RMSE, MAE: 0.00108, 0.00108, 0.03286, 0.02135
INFO | Test - Best epoch 127, Loss, MSE, RMSE, MAE: 0.00096, 0.00096, 0.03104, 0.01915
INFO | Time spent: 2.40s
INFO | - Epoch 137, ExpID 60744
INFO | Train - Loss (one batch): 0.00092
INFO | Val - Loss, MSE, RMSE, MAE: 0.00117, 0.00117, 0.03417, 0.02327
INFO | Test - Best epoch 127, Loss, MSE, RMSE, MAE: 0.00096, 0.00096, 0.03104, 0.01915
INFO | Time spent: 2.57s
INFO | - Epoch 138, ExpID 60744
INFO | Train - Loss (one batch): 0.00116
INFO | Val - Loss, MSE, RMSE, MAE: 0.00107, 0.00107, 0.03266, 0.02106
INFO | Test - Best epoch 127, Loss, MSE, RMSE, MAE: 0.00096, 0.00096, 0.03104, 0.01915
INFO | Time spent: 2.40s
INFO | - Epoch 139, ExpID 60744
INFO | Train - Loss (one batch): 0.00069
INFO | Val - Loss, MSE, RMSE, MAE: 0.00098, 0.00098, 0.03125, 0.01900
INFO | Test - Best epoch 139, Loss, MSE, RMSE, MAE: 0.00094, 0.00094, 0.03070, 0.01873
INFO | Time spent: 2.96s
INFO | - Epoch 140, ExpID 60744
INFO | Train - Loss (one batch): 0.00087
INFO | Val - Loss, MSE, RMSE, MAE: 0.00102, 0.00102, 0.03187, 0.02006
INFO | Test - Best epoch 139, Loss, MSE, RMSE, MAE: 0.00094, 0.00094, 0.03070, 0.01873
INFO | Time spent: 2.60s
INFO | - Epoch 141, ExpID 60744
INFO | Train - Loss (one batch): 0.00088
INFO | Val - Loss, MSE, RMSE, MAE: 0.00131, 0.00131, 0.03613, 0.02526
INFO | Test - Best epoch 139, Loss, MSE, RMSE, MAE: 0.00094, 0.00094, 0.03070, 0.01873
INFO | Time spent: 2.39s
INFO | - Epoch 142, ExpID 60744
INFO | Train - Loss (one batch): 0.00068
INFO | Val - Loss, MSE, RMSE, MAE: 0.00104, 0.00104, 0.03225, 0.02051
INFO | Test - Best epoch 139, Loss, MSE, RMSE, MAE: 0.00094, 0.00094, 0.03070, 0.01873
INFO | Time spent: 2.41s
INFO | - Epoch 143, ExpID 60744
INFO | Train - Loss (one batch): 0.00120
INFO | Val - Loss, MSE, RMSE, MAE: 0.00108, 0.00108, 0.03290, 0.02137
INFO | Test - Best epoch 139, Loss, MSE, RMSE, MAE: 0.00094, 0.00094, 0.03070, 0.01873
INFO | Time spent: 2.37s
INFO | - Epoch 144, ExpID 60744
INFO | Train - Loss (one batch): 0.00081
INFO | Val - Loss, MSE, RMSE, MAE: 0.00126, 0.00126, 0.03553, 0.02477
INFO | Test - Best epoch 139, Loss, MSE, RMSE, MAE: 0.00094, 0.00094, 0.03070, 0.01873
INFO | Time spent: 2.40s
INFO | - Epoch 145, ExpID 60744
INFO | Train - Loss (one batch): 0.00100
INFO | Val - Loss, MSE, RMSE, MAE: 0.00115, 0.00115, 0.03388, 0.02248
INFO | Test - Best epoch 139, Loss, MSE, RMSE, MAE: 0.00094, 0.00094, 0.03070, 0.01873
INFO | Time spent: 2.40s
INFO | - Epoch 146, ExpID 60744
INFO | Train - Loss (one batch): 0.00092
INFO | Val - Loss, MSE, RMSE, MAE: 0.00107, 0.00107, 0.03266, 0.02117
INFO | Test - Best epoch 139, Loss, MSE, RMSE, MAE: 0.00094, 0.00094, 0.03070, 0.01873
INFO | Time spent: 2.39s
INFO | - Epoch 147, ExpID 60744
INFO | Train - Loss (one batch): 0.00081
INFO | Val - Loss, MSE, RMSE, MAE: 0.00119, 0.00119, 0.03454, 0.02335
INFO | Test - Best epoch 139, Loss, MSE, RMSE, MAE: 0.00094, 0.00094, 0.03070, 0.01873
INFO | Time spent: 2.39s
INFO | - Epoch 148, ExpID 60744
INFO | Train - Loss (one batch): 0.00079
INFO | Val - Loss, MSE, RMSE, MAE: 0.00102, 0.00102, 0.03189, 0.02017
INFO | Test - Best epoch 139, Loss, MSE, RMSE, MAE: 0.00094, 0.00094, 0.03070, 0.01873
INFO | Time spent: 2.40s
INFO | - Epoch 149, ExpID 60744
INFO | Train - Loss (one batch): 0.00088
INFO | Val - Loss, MSE, RMSE, MAE: 0.00134, 0.00134, 0.03664, 0.02626
INFO | Test - Best epoch 139, Loss, MSE, RMSE, MAE: 0.00094, 0.00094, 0.03070, 0.01873
INFO | Time spent: 2.40s
INFO | - Epoch 150, ExpID 60744
INFO | Train - Loss (one batch): 0.00093
INFO | Val - Loss, MSE, RMSE, MAE: 0.00101, 0.00101, 0.03178, 0.01998
INFO | Test - Best epoch 139, Loss, MSE, RMSE, MAE: 0.00094, 0.00094, 0.03070, 0.01873
INFO | Time spent: 2.38s
INFO | - Epoch 151, ExpID 60744
INFO | Train - Loss (one batch): 0.00075
INFO | Val - Loss, MSE, RMSE, MAE: 0.00114, 0.00114, 0.03373, 0.02249
INFO | Test - Best epoch 139, Loss, MSE, RMSE, MAE: 0.00094, 0.00094, 0.03070, 0.01873
INFO | Time spent: 2.39s
INFO | - Epoch 152, ExpID 60744
INFO | Train - Loss (one batch): 0.00082
INFO | Val - Loss, MSE, RMSE, MAE: 0.00102, 0.00102, 0.03200, 0.02012
INFO | Test - Best epoch 139, Loss, MSE, RMSE, MAE: 0.00094, 0.00094, 0.03070, 0.01873
INFO | Time spent: 2.39s
INFO | - Epoch 153, ExpID 60744
INFO | Train - Loss (one batch): 0.00072
INFO | Val - Loss, MSE, RMSE, MAE: 0.00106, 0.00106, 0.03262, 0.02100
INFO | Test - Best epoch 139, Loss, MSE, RMSE, MAE: 0.00094, 0.00094, 0.03070, 0.01873
INFO | Time spent: 2.48s
INFO | - Epoch 154, ExpID 60744
INFO | Train - Loss (one batch): 0.00074
INFO | Val - Loss, MSE, RMSE, MAE: 0.00126, 0.00126, 0.03556, 0.02478
INFO | Test - Best epoch 139, Loss, MSE, RMSE, MAE: 0.00094, 0.00094, 0.03070, 0.01873
INFO | Time spent: 2.39s
INFO | - Epoch 155, ExpID 60744
INFO | Train - Loss (one batch): 0.00067
INFO | Val - Loss, MSE, RMSE, MAE: 0.00123, 0.00123, 0.03502, 0.02415
INFO | Test - Best epoch 139, Loss, MSE, RMSE, MAE: 0.00094, 0.00094, 0.03070, 0.01873
INFO | Time spent: 2.39s
INFO | - Epoch 156, ExpID 60744
INFO | Train - Loss (one batch): 0.00113
INFO | Val - Loss, MSE, RMSE, MAE: 0.00113, 0.00113, 0.03356, 0.02233
INFO | Test - Best epoch 139, Loss, MSE, RMSE, MAE: 0.00094, 0.00094, 0.03070, 0.01873
INFO | Time spent: 2.38s
INFO | - Epoch 157, ExpID 60744
INFO | Train - Loss (one batch): 0.00095
INFO | Val - Loss, MSE, RMSE, MAE: 0.00127, 0.00127, 0.03561, 0.02505
INFO | Test - Best epoch 139, Loss, MSE, RMSE, MAE: 0.00094, 0.00094, 0.03070, 0.01873
INFO | Time spent: 2.40s
INFO | - Epoch 158, ExpID 60744
INFO | Train - Loss (one batch): 0.00085
INFO | Val - Loss, MSE, RMSE, MAE: 0.00106, 0.00106, 0.03255, 0.02090
INFO | Test - Best epoch 139, Loss, MSE, RMSE, MAE: 0.00094, 0.00094, 0.03070, 0.01873
INFO | Time spent: 2.37s
INFO | - Epoch 159, ExpID 60744
INFO | Train - Loss (one batch): 0.00065
INFO | Val - Loss, MSE, RMSE, MAE: 0.00109, 0.00109, 0.03303, 0.02149
INFO | Test - Best epoch 139, Loss, MSE, RMSE, MAE: 0.00094, 0.00094, 0.03070, 0.01873
INFO | Time spent: 2.44s
INFO | - Epoch 160, ExpID 60744
INFO | Train - Loss (one batch): 0.00098
INFO | Val - Loss, MSE, RMSE, MAE: 0.00103, 0.00103, 0.03216, 0.02030
INFO | Test - Best epoch 139, Loss, MSE, RMSE, MAE: 0.00094, 0.00094, 0.03070, 0.01873
INFO | Time spent: 2.52s
INFO | - Epoch 161, ExpID 60744
INFO | Train - Loss (one batch): 0.00091
INFO | Val - Loss, MSE, RMSE, MAE: 0.00112, 0.00112, 0.03349, 0.02215
INFO | Test - Best epoch 139, Loss, MSE, RMSE, MAE: 0.00094, 0.00094, 0.03070, 0.01873
INFO | Time spent: 2.37s
INFO | - Epoch 162, ExpID 60744
INFO | Train - Loss (one batch): 0.00072
INFO | Val - Loss, MSE, RMSE, MAE: 0.00100, 0.00100, 0.03167, 0.01954
INFO | Test - Best epoch 139, Loss, MSE, RMSE, MAE: 0.00094, 0.00094, 0.03070, 0.01873
INFO | Time spent: 2.55s
INFO | - Epoch 163, ExpID 60744
INFO | Train - Loss (one batch): 0.00130
INFO | Val - Loss, MSE, RMSE, MAE: 0.00098, 0.00098, 0.03133, 0.01919
INFO | Test - Best epoch 139, Loss, MSE, RMSE, MAE: 0.00094, 0.00094, 0.03070, 0.01873
INFO | Time spent: 2.45s
INFO | - Epoch 164, ExpID 60744
INFO | Train - Loss (one batch): 0.00081
INFO | Val - Loss, MSE, RMSE, MAE: 0.00103, 0.00103, 0.03217, 0.02063
INFO | Test - Best epoch 139, Loss, MSE, RMSE, MAE: 0.00094, 0.00094, 0.03070, 0.01873
INFO | Time spent: 2.40s
INFO | - Epoch 165, ExpID 60744
INFO | Train - Loss (one batch): 0.00122
INFO | Val - Loss, MSE, RMSE, MAE: 0.00105, 0.00105, 0.03235, 0.02069
INFO | Test - Best epoch 139, Loss, MSE, RMSE, MAE: 0.00094, 0.00094, 0.03070, 0.01873
INFO | Time spent: 2.41s
INFO | - Epoch 166, ExpID 60744
INFO | Train - Loss (one batch): 0.00077
INFO | Val - Loss, MSE, RMSE, MAE: 0.00109, 0.00109, 0.03304, 0.02176
INFO | Test - Best epoch 139, Loss, MSE, RMSE, MAE: 0.00094, 0.00094, 0.03070, 0.01873
INFO | Time spent: 2.40s
INFO | - Epoch 167, ExpID 60744
INFO | Train - Loss (one batch): 0.00108
INFO | Val - Loss, MSE, RMSE, MAE: 0.00112, 0.00112, 0.03340, 0.02203
INFO | Test - Best epoch 139, Loss, MSE, RMSE, MAE: 0.00094, 0.00094, 0.03070, 0.01873
INFO | Time spent: 2.40s
INFO | - Epoch 168, ExpID 60744
INFO | Train - Loss (one batch): 0.00102
INFO | Val - Loss, MSE, RMSE, MAE: 0.00105, 0.00105, 0.03235, 0.02038
INFO | Test - Best epoch 139, Loss, MSE, RMSE, MAE: 0.00094, 0.00094, 0.03070, 0.01873
INFO | Time spent: 2.53s
INFO | - Epoch 169, ExpID 60744
INFO | Train - Loss (one batch): 0.00092
INFO | Val - Loss, MSE, RMSE, MAE: 0.00106, 0.00106, 0.03260, 0.02109
INFO | Test - Best epoch 139, Loss, MSE, RMSE, MAE: 0.00094, 0.00094, 0.03070, 0.01873
INFO | Time spent: 2.58s
INFO | - Epoch 170, ExpID 60744
INFO | Train - Loss (one batch): 0.00090
INFO | Val - Loss, MSE, RMSE, MAE: 0.00104, 0.00104, 0.03224, 0.02051
INFO | Test - Best epoch 139, Loss, MSE, RMSE, MAE: 0.00094, 0.00094, 0.03070, 0.01873
INFO | Time spent: 2.68s
INFO | - Epoch 171, ExpID 60744
INFO | Train - Loss (one batch): 0.00069
INFO | Val - Loss, MSE, RMSE, MAE: 0.00119, 0.00119, 0.03444, 0.02356
INFO | Test - Best epoch 139, Loss, MSE, RMSE, MAE: 0.00094, 0.00094, 0.03070, 0.01873
INFO | Time spent: 2.58s
INFO | - Epoch 172, ExpID 60744
INFO | Train - Loss (one batch): 0.00090
INFO | Val - Loss, MSE, RMSE, MAE: 0.00099, 0.00099, 0.03153, 0.01942
INFO | Test - Best epoch 139, Loss, MSE, RMSE, MAE: 0.00094, 0.00094, 0.03070, 0.01873
INFO | Time spent: 2.55s
INFO | - Epoch 173, ExpID 60744
INFO | Train - Loss (one batch): 0.00078
INFO | Val - Loss, MSE, RMSE, MAE: 0.00119, 0.00119, 0.03454, 0.02355
INFO | Test - Best epoch 139, Loss, MSE, RMSE, MAE: 0.00094, 0.00094, 0.03070, 0.01873
INFO | Time spent: 2.38s
INFO | - Epoch 174, ExpID 60744
INFO | Train - Loss (one batch): 0.00058
INFO | Val - Loss, MSE, RMSE, MAE: 0.00128, 0.00128, 0.03578, 0.02495
INFO | Test - Best epoch 139, Loss, MSE, RMSE, MAE: 0.00094, 0.00094, 0.03070, 0.01873
INFO | Time spent: 2.41s
INFO | - Epoch 175, ExpID 60744
INFO | Train - Loss (one batch): 0.00084
INFO | Val - Loss, MSE, RMSE, MAE: 0.00098, 0.00098, 0.03130, 0.01926
INFO | Test - Best epoch 139, Loss, MSE, RMSE, MAE: 0.00094, 0.00094, 0.03070, 0.01873
INFO | Time spent: 2.39s
INFO | - Epoch 176, ExpID 60744
INFO | Train - Loss (one batch): 0.00101
INFO | Val - Loss, MSE, RMSE, MAE: 0.00101, 0.00101, 0.03180, 0.01981
INFO | Test - Best epoch 139, Loss, MSE, RMSE, MAE: 0.00094, 0.00094, 0.03070, 0.01873
INFO | Time spent: 2.39s
INFO | - Epoch 177, ExpID 60744
INFO | Train - Loss (one batch): 0.00080
INFO | Val - Loss, MSE, RMSE, MAE: 0.00103, 0.00103, 0.03207, 0.02044
INFO | Test - Best epoch 139, Loss, MSE, RMSE, MAE: 0.00094, 0.00094, 0.03070, 0.01873
INFO | Time spent: 2.37s
INFO | - Epoch 178, ExpID 60744
INFO | Train - Loss (one batch): 0.00093
INFO | Val - Loss, MSE, RMSE, MAE: 0.00123, 0.00123, 0.03504, 0.02411
INFO | Test - Best epoch 139, Loss, MSE, RMSE, MAE: 0.00094, 0.00094, 0.03070, 0.01873
INFO | Time spent: 2.55s
INFO | - Epoch 179, ExpID 60744
INFO | Train - Loss (one batch): 0.00092
INFO | Val - Loss, MSE, RMSE, MAE: 0.00104, 0.00104, 0.03229, 0.02070
INFO | Test - Best epoch 139, Loss, MSE, RMSE, MAE: 0.00094, 0.00094, 0.03070, 0.01873
INFO | Time spent: 2.41s
INFO | - Epoch 180, ExpID 60744
INFO | Train - Loss (one batch): 0.00081
INFO | Val - Loss, MSE, RMSE, MAE: 0.00101, 0.00101, 0.03173, 0.01961
INFO | Test - Best epoch 139, Loss, MSE, RMSE, MAE: 0.00094, 0.00094, 0.03070, 0.01873
INFO | Time spent: 2.38s
INFO | - Epoch 181, ExpID 60744
INFO | Train - Loss (one batch): 0.00088
INFO | Val - Loss, MSE, RMSE, MAE: 0.00105, 0.00105, 0.03243, 0.02070
INFO | Test - Best epoch 139, Loss, MSE, RMSE, MAE: 0.00094, 0.00094, 0.03070, 0.01873
INFO | Time spent: 2.39s
INFO | - Epoch 182, ExpID 60744
INFO | Train - Loss (one batch): 0.00053
INFO | Val - Loss, MSE, RMSE, MAE: 0.00101, 0.00101, 0.03180, 0.01988
INFO | Test - Best epoch 139, Loss, MSE, RMSE, MAE: 0.00094, 0.00094, 0.03070, 0.01873
INFO | Time spent: 2.47s
INFO | - Epoch 183, ExpID 60744
INFO | Train - Loss (one batch): 0.00067
INFO | Val - Loss, MSE, RMSE, MAE: 0.00104, 0.00104, 0.03223, 0.02029
INFO | Test - Best epoch 139, Loss, MSE, RMSE, MAE: 0.00094, 0.00094, 0.03070, 0.01873
INFO | Time spent: 2.37s
INFO | - Epoch 184, ExpID 60744
INFO | Train - Loss (one batch): 0.00084
INFO | Val - Loss, MSE, RMSE, MAE: 0.00102, 0.00102, 0.03187, 0.01995
INFO | Test - Best epoch 139, Loss, MSE, RMSE, MAE: 0.00094, 0.00094, 0.03070, 0.01873
INFO | Time spent: 2.37s
INFO | - Epoch 185, ExpID 60744
INFO | Train - Loss (one batch): 0.00098
INFO | Val - Loss, MSE, RMSE, MAE: 0.00129, 0.00129, 0.03593, 0.02487
INFO | Test - Best epoch 139, Loss, MSE, RMSE, MAE: 0.00094, 0.00094, 0.03070, 0.01873
INFO | Time spent: 2.40s
INFO | - Epoch 186, ExpID 60744
INFO | Train - Loss (one batch): 0.00105
INFO | Val - Loss, MSE, RMSE, MAE: 0.00102, 0.00102, 0.03194, 0.02011
INFO | Test - Best epoch 139, Loss, MSE, RMSE, MAE: 0.00094, 0.00094, 0.03070, 0.01873
INFO | Time spent: 2.56s
INFO | - Epoch 187, ExpID 60744
INFO | Train - Loss (one batch): 0.00079
INFO | Val - Loss, MSE, RMSE, MAE: 0.00117, 0.00117, 0.03413, 0.02301
INFO | Test - Best epoch 139, Loss, MSE, RMSE, MAE: 0.00094, 0.00094, 0.03070, 0.01873
INFO | Time spent: 2.39s
INFO | - Epoch 188, ExpID 60744
INFO | Train - Loss (one batch): 0.00073
INFO | Val - Loss, MSE, RMSE, MAE: 0.00113, 0.00113, 0.03361, 0.02222
INFO | Test - Best epoch 139, Loss, MSE, RMSE, MAE: 0.00094, 0.00094, 0.03070, 0.01873
INFO | Time spent: 2.38s
INFO | - Epoch 189, ExpID 60744
INFO | Train - Loss (one batch): 0.00090
INFO | Val - Loss, MSE, RMSE, MAE: 0.00104, 0.00104, 0.03223, 0.02026
INFO | Test - Best epoch 139, Loss, MSE, RMSE, MAE: 0.00094, 0.00094, 0.03070, 0.01873
INFO | Time spent: 2.38s
INFO | - Epoch 190, ExpID 60744
INFO | Train - Loss (one batch): 0.00068
INFO | Val - Loss, MSE, RMSE, MAE: 0.00109, 0.00109, 0.03306, 0.02173
INFO | Test - Best epoch 139, Loss, MSE, RMSE, MAE: 0.00094, 0.00094, 0.03070, 0.01873
INFO | Time spent: 2.37s
INFO | - Epoch 191, ExpID 60744
INFO | Train - Loss (one batch): 0.00089
INFO | Val - Loss, MSE, RMSE, MAE: 0.00109, 0.00109, 0.03302, 0.02164
INFO | Test - Best epoch 139, Loss, MSE, RMSE, MAE: 0.00094, 0.00094, 0.03070, 0.01873
INFO | Time spent: 2.50s
INFO | - Epoch 192, ExpID 60744
INFO | Train - Loss (one batch): 0.00087
INFO | Val - Loss, MSE, RMSE, MAE: 0.00101, 0.00101, 0.03180, 0.01994
INFO | Test - Best epoch 139, Loss, MSE, RMSE, MAE: 0.00094, 0.00094, 0.03070, 0.01873
INFO | Time spent: 2.40s
INFO | - Epoch 193, ExpID 60744
INFO | Train - Loss (one batch): 0.00093
INFO | Val - Loss, MSE, RMSE, MAE: 0.00136, 0.00136, 0.03692, 0.02642
INFO | Test - Best epoch 139, Loss, MSE, RMSE, MAE: 0.00094, 0.00094, 0.03070, 0.01873
INFO | Time spent: 2.38s
INFO | - Epoch 194, ExpID 60744
INFO | Train - Loss (one batch): 0.00080
INFO | Val - Loss, MSE, RMSE, MAE: 0.00107, 0.00107, 0.03268, 0.02121
INFO | Test - Best epoch 139, Loss, MSE, RMSE, MAE: 0.00094, 0.00094, 0.03070, 0.01873
INFO | Time spent: 2.42s
INFO | - Epoch 195, ExpID 60744
INFO | Train - Loss (one batch): 0.00094
INFO | Val - Loss, MSE, RMSE, MAE: 0.00100, 0.00100, 0.03155, 0.01948
INFO | Test - Best epoch 139, Loss, MSE, RMSE, MAE: 0.00094, 0.00094, 0.03070, 0.01873
INFO | Time spent: 2.39s
INFO | - Epoch 196, ExpID 60744
INFO | Train - Loss (one batch): 0.00080
INFO | Val - Loss, MSE, RMSE, MAE: 0.00103, 0.00103, 0.03216, 0.02032
INFO | Test - Best epoch 139, Loss, MSE, RMSE, MAE: 0.00094, 0.00094, 0.03070, 0.01873
INFO | Time spent: 2.59s
INFO | - Epoch 197, ExpID 60744
INFO | Train - Loss (one batch): 0.00065
INFO | Val - Loss, MSE, RMSE, MAE: 0.00124, 0.00124, 0.03517, 0.02456
INFO | Test - Best epoch 139, Loss, MSE, RMSE, MAE: 0.00094, 0.00094, 0.03070, 0.01873
INFO | Time spent: 2.41s
INFO | - Epoch 198, ExpID 60744
INFO | Train - Loss (one batch): 0.00076
INFO | Val - Loss, MSE, RMSE, MAE: 0.00105, 0.00105, 0.03241, 0.02070
INFO | Test - Best epoch 139, Loss, MSE, RMSE, MAE: 0.00094, 0.00094, 0.03070, 0.01873
INFO | Time spent: 2.37s
INFO | - Epoch 199, ExpID 60744
INFO | Train - Loss (one batch): 0.00076
INFO | Val - Loss, MSE, RMSE, MAE: 0.00102, 0.00102, 0.03192, 0.01967
INFO | Test - Best epoch 139, Loss, MSE, RMSE, MAE: 0.00094, 0.00094, 0.03070, 0.01873
INFO | Time spent: 2.59s
INFO | - Epoch 200, ExpID 60744
INFO | Train - Loss (one batch): 0.00106
INFO | Val - Loss, MSE, RMSE, MAE: 0.00106, 0.00106, 0.03254, 0.02066
INFO | Test - Best epoch 139, Loss, MSE, RMSE, MAE: 0.00094, 0.00094, 0.03070, 0.01873
INFO | Time spent: 2.43s
INFO | - Epoch 201, ExpID 60744
INFO | Train - Loss (one batch): 0.00112
INFO | Val - Loss, MSE, RMSE, MAE: 0.00099, 0.00099, 0.03140, 0.01924
INFO | Test - Best epoch 139, Loss, MSE, RMSE, MAE: 0.00094, 0.00094, 0.03070, 0.01873
INFO | Time spent: 2.40s
INFO | - Epoch 202, ExpID 60744
INFO | Train - Loss (one batch): 0.00053
INFO | Val - Loss, MSE, RMSE, MAE: 0.00113, 0.00113, 0.03366, 0.02222
INFO | Test - Best epoch 139, Loss, MSE, RMSE, MAE: 0.00094, 0.00094, 0.03070, 0.01873
INFO | Time spent: 2.40s
INFO | - Epoch 203, ExpID 60744
INFO | Train - Loss (one batch): 0.00086
INFO | Val - Loss, MSE, RMSE, MAE: 0.00098, 0.00098, 0.03131, 0.01887
INFO | Test - Best epoch 139, Loss, MSE, RMSE, MAE: 0.00094, 0.00094, 0.03070, 0.01873
INFO | Time spent: 2.40s
INFO | - Epoch 204, ExpID 60744
INFO | Train - Loss (one batch): 0.00095
INFO | Val - Loss, MSE, RMSE, MAE: 0.00118, 0.00118, 0.03442, 0.02317
INFO | Test - Best epoch 139, Loss, MSE, RMSE, MAE: 0.00094, 0.00094, 0.03070, 0.01873
INFO | Time spent: 2.39s
INFO | - Epoch 205, ExpID 60744
INFO | Train - Loss (one batch): 0.00104
INFO | Val - Loss, MSE, RMSE, MAE: 0.00119, 0.00119, 0.03455, 0.02330
INFO | Test - Best epoch 139, Loss, MSE, RMSE, MAE: 0.00094, 0.00094, 0.03070, 0.01873
INFO | Time spent: 2.41s
INFO | - Epoch 206, ExpID 60744
INFO | Train - Loss (one batch): 0.00072
INFO | Val - Loss, MSE, RMSE, MAE: 0.00102, 0.00102, 0.03199, 0.02013
INFO | Test - Best epoch 139, Loss, MSE, RMSE, MAE: 0.00094, 0.00094, 0.03070, 0.01873
INFO | Time spent: 2.51s
INFO | - Epoch 207, ExpID 60744
INFO | Train - Loss (one batch): 0.00095
INFO | Val - Loss, MSE, RMSE, MAE: 0.00101, 0.00101, 0.03181, 0.01986
INFO | Test - Best epoch 139, Loss, MSE, RMSE, MAE: 0.00094, 0.00094, 0.03070, 0.01873
INFO | Time spent: 2.39s
INFO | - Epoch 208, ExpID 60744
INFO | Train - Loss (one batch): 0.00113
INFO | Val - Loss, MSE, RMSE, MAE: 0.00111, 0.00111, 0.03333, 0.02207
INFO | Test - Best epoch 139, Loss, MSE, RMSE, MAE: 0.00094, 0.00094, 0.03070, 0.01873
INFO | Time spent: 2.39s
INFO | - Epoch 209, ExpID 60744
INFO | Train - Loss (one batch): 0.00088
INFO | Val - Loss, MSE, RMSE, MAE: 0.00107, 0.00107, 0.03277, 0.02122
INFO | Test - Best epoch 139, Loss, MSE, RMSE, MAE: 0.00094, 0.00094, 0.03070, 0.01873
INFO | Time spent: 2.39s
INFO | - Epoch 210, ExpID 60744
INFO | Train - Loss (one batch): 0.00073
INFO | Val - Loss, MSE, RMSE, MAE: 0.00102, 0.00102, 0.03201, 0.02005
INFO | Test - Best epoch 139, Loss, MSE, RMSE, MAE: 0.00094, 0.00094, 0.03070, 0.01873
INFO | Time spent: 2.41s
INFO | - Epoch 211, ExpID 60744
INFO | Train - Loss (one batch): 0.00092
INFO | Val - Loss, MSE, RMSE, MAE: 0.00120, 0.00120, 0.03469, 0.02403
INFO | Test - Best epoch 139, Loss, MSE, RMSE, MAE: 0.00094, 0.00094, 0.03070, 0.01873
INFO | Time spent: 2.38s
INFO | - Epoch 212, ExpID 60744
INFO | Train - Loss (one batch): 0.00089
INFO | Val - Loss, MSE, RMSE, MAE: 0.00101, 0.00101, 0.03176, 0.01968
INFO | Test - Best epoch 139, Loss, MSE, RMSE, MAE: 0.00094, 0.00094, 0.03070, 0.01873
INFO | Time spent: 2.48s
INFO | - Epoch 213, ExpID 60744
INFO | Train - Loss (one batch): 0.00076
INFO | Val - Loss, MSE, RMSE, MAE: 0.00109, 0.00109, 0.03301, 0.02146
INFO | Test - Best epoch 139, Loss, MSE, RMSE, MAE: 0.00094, 0.00094, 0.03070, 0.01873
INFO | Time spent: 2.37s
INFO | - Epoch 214, ExpID 60744
INFO | Train - Loss (one batch): 0.00093
INFO | Val - Loss, MSE, RMSE, MAE: 0.00124, 0.00124, 0.03526, 0.02422
INFO | Test - Best epoch 139, Loss, MSE, RMSE, MAE: 0.00094, 0.00094, 0.03070, 0.01873
INFO | Time spent: 2.40s
INFO | - Epoch 215, ExpID 60744
INFO | Train - Loss (one batch): 0.00083
INFO | Val - Loss, MSE, RMSE, MAE: 0.00112, 0.00112, 0.03343, 0.02216
INFO | Test - Best epoch 139, Loss, MSE, RMSE, MAE: 0.00094, 0.00094, 0.03070, 0.01873
INFO | Time spent: 2.43s
INFO | - Epoch 216, ExpID 60744
INFO | Train - Loss (one batch): 0.00091
INFO | Val - Loss, MSE, RMSE, MAE: 0.00105, 0.00105, 0.03239, 0.02075
INFO | Test - Best epoch 139, Loss, MSE, RMSE, MAE: 0.00094, 0.00094, 0.03070, 0.01873
INFO | Time spent: 2.41s
INFO | - Epoch 217, ExpID 60744
INFO | Train - Loss (one batch): 0.00061
INFO | Val - Loss, MSE, RMSE, MAE: 0.00108, 0.00108, 0.03281, 0.02131
INFO | Test - Best epoch 139, Loss, MSE, RMSE, MAE: 0.00094, 0.00094, 0.03070, 0.01873
INFO | Time spent: 2.43s
INFO | - Epoch 218, ExpID 60744
INFO | Train - Loss (one batch): 0.00118
INFO | Val - Loss, MSE, RMSE, MAE: 0.00116, 0.00116, 0.03408, 0.02308
INFO | Test - Best epoch 139, Loss, MSE, RMSE, MAE: 0.00094, 0.00094, 0.03070, 0.01873
INFO | Time spent: 2.41s
INFO | - Epoch 219, ExpID 60744
INFO | Train - Loss (one batch): 0.00070
INFO | Val - Loss, MSE, RMSE, MAE: 0.00101, 0.00101, 0.03184, 0.01992
INFO | Test - Best epoch 139, Loss, MSE, RMSE, MAE: 0.00094, 0.00094, 0.03070, 0.01873
INFO | Time spent: 2.63s
INFO | - Epoch 220, ExpID 60744
INFO | Train - Loss (one batch): 0.00094
INFO | Val - Loss, MSE, RMSE, MAE: 0.00102, 0.00102, 0.03189, 0.01978
INFO | Test - Best epoch 139, Loss, MSE, RMSE, MAE: 0.00094, 0.00094, 0.03070, 0.01873
INFO | Time spent: 2.51s
INFO | - Epoch 221, ExpID 60744
INFO | Train - Loss (one batch): 0.00060
INFO | Val - Loss, MSE, RMSE, MAE: 0.00100, 0.00100, 0.03156, 0.01923
INFO | Test - Best epoch 139, Loss, MSE, RMSE, MAE: 0.00094, 0.00094, 0.03070, 0.01873
INFO | Time spent: 2.41s
INFO | - Epoch 222, ExpID 60744
INFO | Train - Loss (one batch): 0.00101
INFO | Val - Loss, MSE, RMSE, MAE: 0.00108, 0.00108, 0.03281, 0.02100
INFO | Test - Best epoch 139, Loss, MSE, RMSE, MAE: 0.00094, 0.00094, 0.03070, 0.01873
INFO | Time spent: 2.40s
INFO | - Epoch 223, ExpID 60744
INFO | Train - Loss (one batch): 0.00087
INFO | Val - Loss, MSE, RMSE, MAE: 0.00116, 0.00116, 0.03407, 0.02278
INFO | Test - Best epoch 139, Loss, MSE, RMSE, MAE: 0.00094, 0.00094, 0.03070, 0.01873
INFO | Time spent: 2.41s
INFO | - Epoch 224, ExpID 60744
INFO | Train - Loss (one batch): 0.00082
INFO | Val - Loss, MSE, RMSE, MAE: 0.00101, 0.00101, 0.03179, 0.01984
INFO | Test - Best epoch 139, Loss, MSE, RMSE, MAE: 0.00094, 0.00094, 0.03070, 0.01873
INFO | Time spent: 2.41s
INFO | - Epoch 225, ExpID 60744
INFO | Train - Loss (one batch): 0.00071
INFO | Val - Loss, MSE, RMSE, MAE: 0.00099, 0.00099, 0.03151, 0.01903
INFO | Test - Best epoch 139, Loss, MSE, RMSE, MAE: 0.00094, 0.00094, 0.03070, 0.01873
INFO | Time spent: 2.39s
INFO | - Epoch 226, ExpID 60744
INFO | Train - Loss (one batch): 0.00091
INFO | Val - Loss, MSE, RMSE, MAE: 0.00100, 0.00100, 0.03158, 0.01933
INFO | Test - Best epoch 139, Loss, MSE, RMSE, MAE: 0.00094, 0.00094, 0.03070, 0.01873
INFO | Time spent: 2.56s
INFO | - Epoch 227, ExpID 60744
INFO | Train - Loss (one batch): 0.00074
INFO | Val - Loss, MSE, RMSE, MAE: 0.00122, 0.00122, 0.03489, 0.02393
INFO | Test - Best epoch 139, Loss, MSE, RMSE, MAE: 0.00094, 0.00094, 0.03070, 0.01873
INFO | Time spent: 2.41s
INFO | - Epoch 228, ExpID 60744
INFO | Train - Loss (one batch): 0.00115
INFO | Val - Loss, MSE, RMSE, MAE: 0.00100, 0.00100, 0.03156, 0.01965
INFO | Test - Best epoch 139, Loss, MSE, RMSE, MAE: 0.00094, 0.00094, 0.03070, 0.01873
INFO | Time spent: 2.69s
INFO | - Epoch 229, ExpID 60744
INFO | Train - Loss (one batch): 0.00106
INFO | Val - Loss, MSE, RMSE, MAE: 0.00115, 0.00115, 0.03385, 0.02272
INFO | Test - Best epoch 139, Loss, MSE, RMSE, MAE: 0.00094, 0.00094, 0.03070, 0.01873
INFO | Time spent: 2.38s
INFO | - Epoch 230, ExpID 60744
INFO | Train - Loss (one batch): 0.00075
INFO | Val - Loss, MSE, RMSE, MAE: 0.00122, 0.00122, 0.03497, 0.02405
INFO | Test - Best epoch 139, Loss, MSE, RMSE, MAE: 0.00094, 0.00094, 0.03070, 0.01873
INFO | Time spent: 2.41s
INFO | - Epoch 231, ExpID 60744
INFO | Train - Loss (one batch): 0.00065
INFO | Val - Loss, MSE, RMSE, MAE: 0.00118, 0.00118, 0.03433, 0.02292
INFO | Test - Best epoch 139, Loss, MSE, RMSE, MAE: 0.00094, 0.00094, 0.03070, 0.01873
INFO | Time spent: 2.39s
INFO | - Epoch 232, ExpID 60744
INFO | Train - Loss (one batch): 0.00061
INFO | Val - Loss, MSE, RMSE, MAE: 0.00104, 0.00104, 0.03232, 0.02089
INFO | Test - Best epoch 139, Loss, MSE, RMSE, MAE: 0.00094, 0.00094, 0.03070, 0.01873
INFO | Time spent: 2.42s
INFO | - Epoch 233, ExpID 60744
INFO | Train - Loss (one batch): 0.00055
INFO | Val - Loss, MSE, RMSE, MAE: 0.00104, 0.00104, 0.03229, 0.02042
INFO | Test - Best epoch 139, Loss, MSE, RMSE, MAE: 0.00094, 0.00094, 0.03070, 0.01873
INFO | Time spent: 2.39s
INFO | - Epoch 234, ExpID 60744
INFO | Train - Loss (one batch): 0.00085
INFO | Val - Loss, MSE, RMSE, MAE: 0.00100, 0.00100, 0.03168, 0.01991
INFO | Test - Best epoch 139, Loss, MSE, RMSE, MAE: 0.00094, 0.00094, 0.03070, 0.01873
INFO | Time spent: 2.40s
INFO | - Epoch 235, ExpID 60744
INFO | Train - Loss (one batch): 0.00077
INFO | Val - Loss, MSE, RMSE, MAE: 0.00114, 0.00114, 0.03383, 0.02276
INFO | Test - Best epoch 139, Loss, MSE, RMSE, MAE: 0.00094, 0.00094, 0.03070, 0.01873
INFO | Time spent: 2.43s
INFO | - Epoch 236, ExpID 60744
INFO | Train - Loss (one batch): 0.00069
INFO | Val - Loss, MSE, RMSE, MAE: 0.00109, 0.00109, 0.03301, 0.02129
INFO | Test - Best epoch 139, Loss, MSE, RMSE, MAE: 0.00094, 0.00094, 0.03070, 0.01873
INFO | Time spent: 2.37s
INFO | - Epoch 237, ExpID 60744
INFO | Train - Loss (one batch): 0.00083
INFO | Val - Loss, MSE, RMSE, MAE: 0.00116, 0.00116, 0.03409, 0.02300
INFO | Test - Best epoch 139, Loss, MSE, RMSE, MAE: 0.00094, 0.00094, 0.03070, 0.01873
INFO | Time spent: 2.37s
INFO | - Epoch 238, ExpID 60744
INFO | Train - Loss (one batch): 0.00090
INFO | Val - Loss, MSE, RMSE, MAE: 0.00104, 0.00104, 0.03225, 0.02054
INFO | Test - Best epoch 139, Loss, MSE, RMSE, MAE: 0.00094, 0.00094, 0.03070, 0.01873
INFO | Time spent: 2.42s
INFO | - Epoch 239, ExpID 60744
INFO | Train - Loss (one batch): 0.00091
INFO | Val - Loss, MSE, RMSE, MAE: 0.00102, 0.00102, 0.03195, 0.02020
INFO | Test - Best epoch 139, Loss, MSE, RMSE, MAE: 0.00094, 0.00094, 0.03070, 0.01873
INFO | Time spent: 2.38s
INFO | - Epoch 240, ExpID 60744
INFO | Train - Loss (one batch): 0.00095
INFO | Val - Loss, MSE, RMSE, MAE: 0.00120, 0.00120, 0.03461, 0.02350
INFO | Test - Best epoch 139, Loss, MSE, RMSE, MAE: 0.00094, 0.00094, 0.03070, 0.01873
INFO | Time spent: 2.38s
INFO | - Epoch 241, ExpID 60744
INFO | Train - Loss (one batch): 0.00077
INFO | Val - Loss, MSE, RMSE, MAE: 0.00106, 0.00106, 0.03263, 0.02079
INFO | Test - Best epoch 139, Loss, MSE, RMSE, MAE: 0.00094, 0.00094, 0.03070, 0.01873
INFO | Time spent: 2.40s
INFO | - Epoch 242, ExpID 60744
INFO | Train - Loss (one batch): 0.00078
INFO | Val - Loss, MSE, RMSE, MAE: 0.00103, 0.00103, 0.03205, 0.02011
INFO | Test - Best epoch 139, Loss, MSE, RMSE, MAE: 0.00094, 0.00094, 0.03070, 0.01873
INFO | Time spent: 2.40s
INFO | - Epoch 243, ExpID 60744
INFO | Train - Loss (one batch): 0.00076
INFO | Val - Loss, MSE, RMSE, MAE: 0.00102, 0.00102, 0.03190, 0.02017
INFO | Test - Best epoch 139, Loss, MSE, RMSE, MAE: 0.00094, 0.00094, 0.03070, 0.01873
INFO | Time spent: 2.38s
INFO | - Epoch 244, ExpID 60744
INFO | Train - Loss (one batch): 0.00091
INFO | Val - Loss, MSE, RMSE, MAE: 0.00105, 0.00105, 0.03242, 0.02078
INFO | Test - Best epoch 139, Loss, MSE, RMSE, MAE: 0.00094, 0.00094, 0.03070, 0.01873
INFO | Time spent: 2.39s
INFO | - Epoch 245, ExpID 60744
INFO | Train - Loss (one batch): 0.00092
INFO | Val - Loss, MSE, RMSE, MAE: 0.00099, 0.00099, 0.03144, 0.01934
INFO | Test - Best epoch 139, Loss, MSE, RMSE, MAE: 0.00094, 0.00094, 0.03070, 0.01873
INFO | Time spent: 2.38s
INFO | - Epoch 246, ExpID 60744
INFO | Train - Loss (one batch): 0.00083
INFO | Val - Loss, MSE, RMSE, MAE: 0.00101, 0.00101, 0.03171, 0.01974
INFO | Test - Best epoch 139, Loss, MSE, RMSE, MAE: 0.00094, 0.00094, 0.03070, 0.01873
INFO | Time spent: 2.47s
INFO | - Epoch 247, ExpID 60744
INFO | Train - Loss (one batch): 0.00069
INFO | Val - Loss, MSE, RMSE, MAE: 0.00103, 0.00103, 0.03210, 0.02023
INFO | Test - Best epoch 139, Loss, MSE, RMSE, MAE: 0.00094, 0.00094, 0.03070, 0.01873
INFO | Time spent: 2.39s
INFO | - Epoch 248, ExpID 60744
INFO | Train - Loss (one batch): 0.00066
INFO | Val - Loss, MSE, RMSE, MAE: 0.00101, 0.00101, 0.03182, 0.01982
INFO | Test - Best epoch 139, Loss, MSE, RMSE, MAE: 0.00094, 0.00094, 0.03070, 0.01873
INFO | Time spent: 2.35s
INFO | - Epoch 249, ExpID 60744
INFO | Train - Loss (one batch): 0.00077
INFO | Val - Loss, MSE, RMSE, MAE: 0.00125, 0.00125, 0.03532, 0.02446
INFO | Test - Best epoch 139, Loss, MSE, RMSE, MAE: 0.00094, 0.00094, 0.03070, 0.01873
INFO | Time spent: 2.36s
INFO | - Epoch 250, ExpID 60744
INFO | Train - Loss (one batch): 0.00077
INFO | Val - Loss, MSE, RMSE, MAE: 0.00111, 0.00111, 0.03327, 0.02194
INFO | Test - Best epoch 139, Loss, MSE, RMSE, MAE: 0.00094, 0.00094, 0.03070, 0.01873
INFO | Time spent: 2.38s
INFO | - Epoch 251, ExpID 60744
INFO | Train - Loss (one batch): 0.00086
INFO | Val - Loss, MSE, RMSE, MAE: 0.00105, 0.00105, 0.03234, 0.02037
INFO | Test - Best epoch 139, Loss, MSE, RMSE, MAE: 0.00094, 0.00094, 0.03070, 0.01873
INFO | Time spent: 2.39s
INFO | - Epoch 252, ExpID 60744
INFO | Train - Loss (one batch): 0.00065
INFO | Val - Loss, MSE, RMSE, MAE: 0.00103, 0.00103, 0.03206, 0.02028
INFO | Test - Best epoch 139, Loss, MSE, RMSE, MAE: 0.00094, 0.00094, 0.03070, 0.01873
INFO | Time spent: 2.38s
INFO | - Epoch 253, ExpID 60744
INFO | Train - Loss (one batch): 0.00102
INFO | Val - Loss, MSE, RMSE, MAE: 0.00110, 0.00110, 0.03314, 0.02167
INFO | Test - Best epoch 139, Loss, MSE, RMSE, MAE: 0.00094, 0.00094, 0.03070, 0.01873
INFO | Time spent: 2.37s
INFO | - Epoch 254, ExpID 60744
INFO | Train - Loss (one batch): 0.00091
INFO | Val - Loss, MSE, RMSE, MAE: 0.00103, 0.00103, 0.03206, 0.02006
INFO | Test - Best epoch 139, Loss, MSE, RMSE, MAE: 0.00094, 0.00094, 0.03070, 0.01873
INFO | Time spent: 2.41s
INFO | - Epoch 255, ExpID 60744
INFO | Train - Loss (one batch): 0.00080
INFO | Val - Loss, MSE, RMSE, MAE: 0.00115, 0.00115, 0.03392, 0.02260
INFO | Test - Best epoch 139, Loss, MSE, RMSE, MAE: 0.00094, 0.00094, 0.03070, 0.01873
INFO | Time spent: 2.39s
INFO | - Epoch 256, ExpID 60744
INFO | Train - Loss (one batch): 0.00094
INFO | Val - Loss, MSE, RMSE, MAE: 0.00102, 0.00102, 0.03201, 0.02014
INFO | Test - Best epoch 139, Loss, MSE, RMSE, MAE: 0.00094, 0.00094, 0.03070, 0.01873
INFO | Time spent: 2.53s
INFO | - Epoch 257, ExpID 60744
INFO | Train - Loss (one batch): 0.00083
INFO | Val - Loss, MSE, RMSE, MAE: 0.00114, 0.00114, 0.03376, 0.02257
INFO | Test - Best epoch 139, Loss, MSE, RMSE, MAE: 0.00094, 0.00094, 0.03070, 0.01873
INFO | Time spent: 2.37s
INFO | - Epoch 258, ExpID 60744
INFO | Train - Loss (one batch): 0.00080
INFO | Val - Loss, MSE, RMSE, MAE: 0.00134, 0.00134, 0.03666, 0.02617
INFO | Test - Best epoch 139, Loss, MSE, RMSE, MAE: 0.00094, 0.00094, 0.03070, 0.01873
INFO | Time spent: 2.38s
INFO | - Epoch 259, ExpID 60744
INFO | Train - Loss (one batch): 0.00073
INFO | Val - Loss, MSE, RMSE, MAE: 0.00099, 0.00099, 0.03144, 0.01947
INFO | Test - Best epoch 139, Loss, MSE, RMSE, MAE: 0.00094, 0.00094, 0.03070, 0.01873
INFO | Time spent: 2.37s
INFO | - Epoch 260, ExpID 60744
INFO | Train - Loss (one batch): 0.00085
INFO | Val - Loss, MSE, RMSE, MAE: 0.00110, 0.00110, 0.03324, 0.02173
INFO | Test - Best epoch 139, Loss, MSE, RMSE, MAE: 0.00094, 0.00094, 0.03070, 0.01873
INFO | Time spent: 2.37s
INFO | - Epoch 261, ExpID 60744
INFO | Train - Loss (one batch): 0.00077
INFO | Val - Loss, MSE, RMSE, MAE: 0.00103, 0.00103, 0.03213, 0.02026
INFO | Test - Best epoch 139, Loss, MSE, RMSE, MAE: 0.00094, 0.00094, 0.03070, 0.01873
INFO | Time spent: 2.23s
INFO | - Epoch 262, ExpID 60744
INFO | Train - Loss (one batch): 0.00095
INFO | Val - Loss, MSE, RMSE, MAE: 0.00100, 0.00100, 0.03169, 0.01973
INFO | Test - Best epoch 139, Loss, MSE, RMSE, MAE: 0.00094, 0.00094, 0.03070, 0.01873
INFO | Time spent: 2.30s
INFO | - Epoch 263, ExpID 60744
INFO | Train - Loss (one batch): 0.00082
INFO | Val - Loss, MSE, RMSE, MAE: 0.00104, 0.00104, 0.03226, 0.02058
INFO | Test - Best epoch 139, Loss, MSE, RMSE, MAE: 0.00094, 0.00094, 0.03070, 0.01873
INFO | Time spent: 2.30s
INFO | - Epoch 264, ExpID 60744
INFO | Train - Loss (one batch): 0.00079
INFO | Val - Loss, MSE, RMSE, MAE: 0.00101, 0.00101, 0.03174, 0.01966
INFO | Test - Best epoch 139, Loss, MSE, RMSE, MAE: 0.00094, 0.00094, 0.03070, 0.01873
INFO | Time spent: 2.25s
INFO | - Epoch 265, ExpID 60744
INFO | Train - Loss (one batch): 0.00078
INFO | Val - Loss, MSE, RMSE, MAE: 0.00115, 0.00115, 0.03384, 0.02253
INFO | Test - Best epoch 139, Loss, MSE, RMSE, MAE: 0.00094, 0.00094, 0.03070, 0.01873
INFO | Time spent: 2.26s
INFO | - Epoch 266, ExpID 60744
INFO | Train - Loss (one batch): 0.00102
INFO | Val - Loss, MSE, RMSE, MAE: 0.00099, 0.00099, 0.03148, 0.01909
INFO | Test - Best epoch 139, Loss, MSE, RMSE, MAE: 0.00094, 0.00094, 0.03070, 0.01873
INFO | Time spent: 2.35s
INFO | - Epoch 267, ExpID 60744
INFO | Train - Loss (one batch): 0.00076
INFO | Val - Loss, MSE, RMSE, MAE: 0.00108, 0.00108, 0.03292, 0.02136
INFO | Test - Best epoch 139, Loss, MSE, RMSE, MAE: 0.00094, 0.00094, 0.03070, 0.01873
INFO | Time spent: 2.28s
INFO | - Epoch 268, ExpID 60744
INFO | Train - Loss (one batch): 0.00071
INFO | Val - Loss, MSE, RMSE, MAE: 0.00104, 0.00104, 0.03229, 0.02039
INFO | Test - Best epoch 139, Loss, MSE, RMSE, MAE: 0.00094, 0.00094, 0.03070, 0.01873
INFO | Time spent: 2.26s
INFO | - Epoch 269, ExpID 60744
INFO | Train - Loss (one batch): 0.00089
INFO | Val - Loss, MSE, RMSE, MAE: 0.00105, 0.00105, 0.03242, 0.02059
INFO | Test - Best epoch 139, Loss, MSE, RMSE, MAE: 0.00094, 0.00094, 0.03070, 0.01873
INFO | Time spent: 2.23s
INFO | - Epoch 270, ExpID 60744
INFO | Train - Loss (one batch): 0.00069
INFO | Val - Loss, MSE, RMSE, MAE: 0.00101, 0.00101, 0.03176, 0.01960
INFO | Test - Best epoch 139, Loss, MSE, RMSE, MAE: 0.00094, 0.00094, 0.03070, 0.01873
INFO | Time spent: 2.24s
INFO | - Epoch 271, ExpID 60744
INFO | Train - Loss (one batch): 0.00083
INFO | Val - Loss, MSE, RMSE, MAE: 0.00098, 0.00098, 0.03137, 0.01908
INFO | Test - Best epoch 139, Loss, MSE, RMSE, MAE: 0.00094, 0.00094, 0.03070, 0.01873
INFO | Time spent: 2.26s
INFO | - Epoch 272, ExpID 60744
INFO | Train - Loss (one batch): 0.00076
INFO | Val - Loss, MSE, RMSE, MAE: 0.00107, 0.00107, 0.03271, 0.02111
INFO | Test - Best epoch 139, Loss, MSE, RMSE, MAE: 0.00094, 0.00094, 0.03070, 0.01873
INFO | Time spent: 2.24s
INFO | - Epoch 273, ExpID 60744
INFO | Train - Loss (one batch): 0.00068
INFO | Val - Loss, MSE, RMSE, MAE: 0.00107, 0.00107, 0.03265, 0.02098
INFO | Test - Best epoch 139, Loss, MSE, RMSE, MAE: 0.00094, 0.00094, 0.03070, 0.01873
INFO | Time spent: 2.26s
INFO | - Epoch 274, ExpID 60744
INFO | Train - Loss (one batch): 0.00082
INFO | Val - Loss, MSE, RMSE, MAE: 0.00105, 0.00105, 0.03235, 0.02074
INFO | Test - Best epoch 139, Loss, MSE, RMSE, MAE: 0.00094, 0.00094, 0.03070, 0.01873
INFO | Time spent: 2.35s
INFO | - Epoch 275, ExpID 60744
INFO | Train - Loss (one batch): 0.00072
INFO | Val - Loss, MSE, RMSE, MAE: 0.00101, 0.00101, 0.03185, 0.01986
INFO | Test - Best epoch 139, Loss, MSE, RMSE, MAE: 0.00094, 0.00094, 0.03070, 0.01873
INFO | Time spent: 2.25s
INFO | - Epoch 276, ExpID 60744
INFO | Train - Loss (one batch): 0.00099
INFO | Val - Loss, MSE, RMSE, MAE: 0.00099, 0.00099, 0.03139, 0.01899
INFO | Test - Best epoch 139, Loss, MSE, RMSE, MAE: 0.00094, 0.00094, 0.03070, 0.01873
INFO | Time spent: 2.25s
INFO | - Epoch 277, ExpID 60744
INFO | Train - Loss (one batch): 0.00057
INFO | Val - Loss, MSE, RMSE, MAE: 0.00110, 0.00110, 0.03320, 0.02165
INFO | Test - Best epoch 139, Loss, MSE, RMSE, MAE: 0.00094, 0.00094, 0.03070, 0.01873
INFO | Time spent: 2.26s
INFO | - Epoch 278, ExpID 60744
INFO | Train - Loss (one batch): 0.00079
INFO | Val - Loss, MSE, RMSE, MAE: 0.00103, 0.00103, 0.03207, 0.02012
INFO | Test - Best epoch 139, Loss, MSE, RMSE, MAE: 0.00094, 0.00094, 0.03070, 0.01873
INFO | Time spent: 2.27s
INFO | - Epoch 279, ExpID 60744
INFO | Train - Loss (one batch): 0.00078
INFO | Val - Loss, MSE, RMSE, MAE: 0.00109, 0.00109, 0.03300, 0.02140
INFO | Test - Best epoch 139, Loss, MSE, RMSE, MAE: 0.00094, 0.00094, 0.03070, 0.01873
INFO | Time spent: 2.24s
INFO | - Epoch 280, ExpID 60744
INFO | Train - Loss (one batch): 0.00066
INFO | Val - Loss, MSE, RMSE, MAE: 0.00103, 0.00103, 0.03205, 0.02003
INFO | Test - Best epoch 139, Loss, MSE, RMSE, MAE: 0.00094, 0.00094, 0.03070, 0.01873
INFO | Time spent: 2.34s
INFO | - Epoch 281, ExpID 60744
INFO | Train - Loss (one batch): 0.00058
INFO | Val - Loss, MSE, RMSE, MAE: 0.00100, 0.00100, 0.03157, 0.01947
INFO | Test - Best epoch 139, Loss, MSE, RMSE, MAE: 0.00094, 0.00094, 0.03070, 0.01873
INFO | Time spent: 2.26s
INFO | - Epoch 282, ExpID 60744
INFO | Train - Loss (one batch): 0.00070
INFO | Val - Loss, MSE, RMSE, MAE: 0.00102, 0.00102, 0.03191, 0.01985
INFO | Test - Best epoch 139, Loss, MSE, RMSE, MAE: 0.00094, 0.00094, 0.03070, 0.01873
INFO | Time spent: 2.25s
INFO | - Epoch 283, ExpID 60744
INFO | Train - Loss (one batch): 0.00080
INFO | Val - Loss, MSE, RMSE, MAE: 0.00105, 0.00105, 0.03248, 0.02062
INFO | Test - Best epoch 139, Loss, MSE, RMSE, MAE: 0.00094, 0.00094, 0.03070, 0.01873
INFO | Time spent: 2.27s
INFO | - Epoch 284, ExpID 60744
INFO | Train - Loss (one batch): 0.00074
INFO | Val - Loss, MSE, RMSE, MAE: 0.00097, 0.00097, 0.03120, 0.01877
INFO | Test - Best epoch 284, Loss, MSE, RMSE, MAE: 0.00093, 0.00093, 0.03057, 0.01854
INFO | Time spent: 2.68s
INFO | - Epoch 285, ExpID 60744
INFO | Train - Loss (one batch): 0.00101
INFO | Val - Loss, MSE, RMSE, MAE: 0.00102, 0.00102, 0.03188, 0.02007
INFO | Test - Best epoch 284, Loss, MSE, RMSE, MAE: 0.00093, 0.00093, 0.03057, 0.01854
INFO | Time spent: 2.41s
INFO | - Epoch 286, ExpID 60744
INFO | Train - Loss (one batch): 0.00081
INFO | Val - Loss, MSE, RMSE, MAE: 0.00098, 0.00098, 0.03138, 0.01901
INFO | Test - Best epoch 284, Loss, MSE, RMSE, MAE: 0.00093, 0.00093, 0.03057, 0.01854
INFO | Time spent: 2.34s
INFO | - Epoch 287, ExpID 60744
INFO | Train - Loss (one batch): 0.00073
INFO | Val - Loss, MSE, RMSE, MAE: 0.00104, 0.00104, 0.03225, 0.02022
INFO | Test - Best epoch 284, Loss, MSE, RMSE, MAE: 0.00093, 0.00093, 0.03057, 0.01854
INFO | Time spent: 2.33s
INFO | - Epoch 288, ExpID 60744
INFO | Train - Loss (one batch): 0.00069
INFO | Val - Loss, MSE, RMSE, MAE: 0.00111, 0.00111, 0.03334, 0.02185
INFO | Test - Best epoch 284, Loss, MSE, RMSE, MAE: 0.00093, 0.00093, 0.03057, 0.01854
INFO | Time spent: 2.35s
INFO | - Epoch 289, ExpID 60744
INFO | Train - Loss (one batch): 0.00074
INFO | Val - Loss, MSE, RMSE, MAE: 0.00101, 0.00101, 0.03173, 0.01996
INFO | Test - Best epoch 284, Loss, MSE, RMSE, MAE: 0.00093, 0.00093, 0.03057, 0.01854
INFO | Time spent: 2.34s
INFO | - Epoch 290, ExpID 60744
INFO | Train - Loss (one batch): 0.00085
INFO | Val - Loss, MSE, RMSE, MAE: 0.00104, 0.00104, 0.03231, 0.02051
INFO | Test - Best epoch 284, Loss, MSE, RMSE, MAE: 0.00093, 0.00093, 0.03057, 0.01854
INFO | Time spent: 2.36s
INFO | - Epoch 291, ExpID 60744
INFO | Train - Loss (one batch): 0.00055
INFO | Val - Loss, MSE, RMSE, MAE: 0.00101, 0.00101, 0.03185, 0.01998
INFO | Test - Best epoch 284, Loss, MSE, RMSE, MAE: 0.00093, 0.00093, 0.03057, 0.01854
INFO | Time spent: 2.35s
INFO | - Epoch 292, ExpID 60744
INFO | Train - Loss (one batch): 0.00083
INFO | Val - Loss, MSE, RMSE, MAE: 0.00110, 0.00110, 0.03322, 0.02150
INFO | Test - Best epoch 284, Loss, MSE, RMSE, MAE: 0.00093, 0.00093, 0.03057, 0.01854
INFO | Time spent: 2.30s
INFO | - Epoch 293, ExpID 60744
INFO | Train - Loss (one batch): 0.00073
INFO | Val - Loss, MSE, RMSE, MAE: 0.00116, 0.00116, 0.03408, 0.02263
INFO | Test - Best epoch 284, Loss, MSE, RMSE, MAE: 0.00093, 0.00093, 0.03057, 0.01854
INFO | Time spent: 2.49s
INFO | - Epoch 294, ExpID 60744
INFO | Train - Loss (one batch): 0.00074
INFO | Val - Loss, MSE, RMSE, MAE: 0.00104, 0.00104, 0.03219, 0.02006
INFO | Test - Best epoch 284, Loss, MSE, RMSE, MAE: 0.00093, 0.00093, 0.03057, 0.01854
INFO | Time spent: 2.31s
INFO | - Epoch 295, ExpID 60744
INFO | Train - Loss (one batch): 0.00073
INFO | Val - Loss, MSE, RMSE, MAE: 0.00120, 0.00120, 0.03458, 0.02344
INFO | Test - Best epoch 284, Loss, MSE, RMSE, MAE: 0.00093, 0.00093, 0.03057, 0.01854
INFO | Time spent: 2.31s
INFO | - Epoch 296, ExpID 60744
INFO | Train - Loss (one batch): 0.00055
INFO | Val - Loss, MSE, RMSE, MAE: 0.00102, 0.00102, 0.03197, 0.01975
INFO | Test - Best epoch 284, Loss, MSE, RMSE, MAE: 0.00093, 0.00093, 0.03057, 0.01854
INFO | Time spent: 2.33s
INFO | - Epoch 297, ExpID 60744
INFO | Train - Loss (one batch): 0.00059
INFO | Val - Loss, MSE, RMSE, MAE: 0.00108, 0.00108, 0.03284, 0.02131
INFO | Test - Best epoch 284, Loss, MSE, RMSE, MAE: 0.00093, 0.00093, 0.03057, 0.01854
INFO | Time spent: 2.32s
INFO | - Epoch 298, ExpID 60744
INFO | Train - Loss (one batch): 0.00067
INFO | Val - Loss, MSE, RMSE, MAE: 0.00111, 0.00111, 0.03329, 0.02184
INFO | Test - Best epoch 284, Loss, MSE, RMSE, MAE: 0.00093, 0.00093, 0.03057, 0.01854
INFO | Time spent: 2.33s
INFO | - Epoch 299, ExpID 60744
INFO | Train - Loss (one batch): 0.00062
INFO | Val - Loss, MSE, RMSE, MAE: 0.00105, 0.00105, 0.03239, 0.02039
INFO | Test - Best epoch 284, Loss, MSE, RMSE, MAE: 0.00093, 0.00093, 0.03057, 0.01854
INFO | Time spent: 2.34s
