INFO | EPOCH_009 | RANDOM 15 masked points (true, pred, diff, abs_err):
INFO | EPOCH_009 | [B=47, T=9, D=5] true=0.381952 pred=0.387853 diff=+0.005902 abs_err=0.005902
INFO | EPOCH_009 | [B=53, T=11, D=9] true=0.502342 pred=0.535027 diff=+0.032685 abs_err=0.032685
INFO | EPOCH_009 | [B=50, T=24, D=8] true=0.336551 pred=0.366463 diff=+0.029913 abs_err=0.029913
INFO | EPOCH_009 | [B=40, T=0, D=7] true=0.480505 pred=0.516535 diff=+0.036030 abs_err=0.036030
INFO | EPOCH_009 | [B=34, T=18, D=7] true=0.444702 pred=0.476943 diff=+0.032241 abs_err=0.032241
INFO | EPOCH_009 | [B=35, T=18, D=9] true=0.573413 pred=0.573762 diff=+0.000349 abs_err=0.000349
INFO | EPOCH_009 | [B=54, T=19, D=5] true=0.383393 pred=0.372472 diff=-0.010921 abs_err=0.010921
INFO | EPOCH_009 | [B=59, T=5, D=3] true=0.639745 pred=0.668326 diff=+0.028581 abs_err=0.028581
INFO | EPOCH_009 | [B=23, T=9, D=5] true=0.309610 pred=0.335504 diff=+0.025894 abs_err=0.025894
INFO | EPOCH_009 | [B=1, T=29, D=3] true=0.513672 pred=0.588529 diff=+0.074857 abs_err=0.074857
INFO | EPOCH_009 | [B=18, T=13, D=11] true=0.388411 pred=0.391607 diff=+0.003196 abs_err=0.003196
INFO | EPOCH_009 | [B=29, T=21, D=6] true=0.868820 pred=0.948318 diff=+0.079498 abs_err=0.079498
INFO | EPOCH_009 | [B=26, T=10, D=10] true=0.491692 pred=0.508914 diff=+0.017222 abs_err=0.017222
INFO | EPOCH_009 | [B=29, T=10, D=5] true=0.340827 pred=0.337200 diff=-0.003627 abs_err=0.003627
INFO | EPOCH_009 | [B=38, T=9, D=5] true=0.330340 pred=0.337247 diff=+0.006907 abs_err=0.006907
INFO | EPOCH_009 | TOP 5 WORST masked points (largest abs_err):
INFO | EPOCH_009 | [B=26, T=8, D=6] true=0.498543 pred=0.901058 diff=+0.402515 abs_err=0.402515
INFO | EPOCH_009 | [B=44, T=20, D=6] true=0.319519 pred=0.683589 diff=+0.364070 abs_err=0.364070
INFO | EPOCH_009 | [B=44, T=18, D=6] true=0.321752 pred=0.683508 diff=+0.361757 abs_err=0.361757
INFO | EPOCH_009 | [B=39, T=11, D=6] true=0.532114 pred=0.873343 diff=+0.341230 abs_err=0.341230
INFO | EPOCH_009 | [B=13, T=19, D=11] true=0.270232 pred=0.563671 diff=+0.293439 abs_err=0.293439
INFO | EPOCH_009 | TOP 5 BEST/CORRECT masked points (smallest abs_err):
INFO | EPOCH_009 | [B=4, T=29, D=2] true=0.338885 pred=0.338872 diff=-0.000012 abs_err=0.000012
INFO | EPOCH_009 | [B=24, T=30, D=2] true=0.355010 pred=0.354991 diff=-0.000019 abs_err=0.000019
INFO | EPOCH_009 | [B=62, T=26, D=5] true=0.366927 pred=0.366903 diff=-0.000024 abs_err=0.000024
INFO | EPOCH_009 | [B=28, T=9, D=10] true=0.538667 pred=0.538635 diff=-0.000032 abs_err=0.000032
INFO | EPOCH_009 | [B=63, T=15, D=11] true=0.375812 pred=0.375856 diff=+0.000043 abs_err=0.000043
INFO | EPOCH_019 | RANDOM 15 masked points (true, pred, diff, abs_err):
INFO | EPOCH_019 | [B=62, T=0, D=2] true=0.300701 pred=0.321851 diff=+0.021150 abs_err=0.021150
INFO | EPOCH_019 | [B=42, T=24, D=10] true=0.562193 pred=0.539716 diff=-0.022477 abs_err=0.022477
INFO | EPOCH_019 | [B=49, T=11, D=6] true=0.736022 pred=0.747144 diff=+0.011121 abs_err=0.011121
INFO | EPOCH_019 | [B=30, T=9, D=10] true=0.476958 pred=0.512781 diff=+0.035823 abs_err=0.035823
INFO | EPOCH_019 | [B=49, T=4, D=1] true=0.600731 pred=0.527355 diff=-0.073376 abs_err=0.073376
INFO | EPOCH_019 | [B=29, T=15, D=1] true=0.476955 pred=0.540149 diff=+0.063194 abs_err=0.063194
INFO | EPOCH_019 | [B=33, T=4, D=4] true=0.488317 pred=0.524247 diff=+0.035930 abs_err=0.035930
INFO | EPOCH_019 | [B=6, T=9, D=9] true=0.725317 pred=0.756633 diff=+0.031316 abs_err=0.031316
INFO | EPOCH_019 | [B=58, T=27, D=9] true=0.658320 pred=0.681344 diff=+0.023024 abs_err=0.023024
INFO | EPOCH_019 | [B=18, T=26, D=6] true=0.636076 pred=0.672276 diff=+0.036201 abs_err=0.036201
INFO | EPOCH_019 | [B=56, T=0, D=3] true=0.557244 pred=0.598583 diff=+0.041340 abs_err=0.041340
INFO | EPOCH_019 | [B=33, T=1, D=2] true=0.344416 pred=0.353874 diff=+0.009458 abs_err=0.009458
INFO | EPOCH_019 | [B=24, T=27, D=11] true=0.384044 pred=0.376387 diff=-0.007657 abs_err=0.007657
INFO | EPOCH_019 | [B=23, T=4, D=11] true=0.371067 pred=0.371620 diff=+0.000553 abs_err=0.000553
INFO | EPOCH_019 | [B=33, T=9, D=5] true=0.331867 pred=0.346321 diff=+0.014454 abs_err=0.014454
INFO | EPOCH_019 | TOP 5 WORST masked points (largest abs_err):
INFO | EPOCH_019 | [B=47, T=24, D=6] true=0.508596 pred=0.910504 diff=+0.401908 abs_err=0.401908
INFO | EPOCH_019 | [B=14, T=11, D=6] true=0.320333 pred=0.706217 diff=+0.385884 abs_err=0.385884
INFO | EPOCH_019 | [B=14, T=5, D=6] true=0.323984 pred=0.706231 diff=+0.382247 abs_err=0.382247
INFO | EPOCH_019 | [B=47, T=28, D=9] true=0.476679 pred=0.843499 diff=+0.366820 abs_err=0.366820
INFO | EPOCH_019 | [B=63, T=15, D=6] true=0.318239 pred=0.627890 diff=+0.309651 abs_err=0.309651
INFO | EPOCH_019 | TOP 5 BEST/CORRECT masked points (smallest abs_err):
INFO | EPOCH_019 | [B=61, T=16, D=7] true=0.541908 pred=0.541914 diff=+0.000006 abs_err=0.000006
INFO | EPOCH_019 | [B=2, T=23, D=5] true=0.351482 pred=0.351491 diff=+0.000009 abs_err=0.000009
INFO | EPOCH_019 | [B=34, T=11, D=8] true=0.354775 pred=0.354790 diff=+0.000015 abs_err=0.000015
INFO | EPOCH_019 | [B=9, T=0, D=9] true=0.577796 pred=0.577813 diff=+0.000016 abs_err=0.000016
INFO | EPOCH_019 | [B=6, T=1, D=2] true=0.330121 pred=0.330140 diff=+0.000019 abs_err=0.000019
INFO | EPOCH_029 | RANDOM 15 masked points (true, pred, diff, abs_err):
INFO | EPOCH_029 | [B=34, T=9, D=3] true=0.658235 pred=0.688079 diff=+0.029844 abs_err=0.029844
INFO | EPOCH_029 | [B=42, T=17, D=1] true=0.444492 pred=0.429896 diff=-0.014596 abs_err=0.014596
INFO | EPOCH_029 | [B=56, T=13, D=11] true=0.344236 pred=0.447530 diff=+0.103294 abs_err=0.103294
INFO | EPOCH_029 | [B=42, T=29, D=3] true=0.641991 pred=0.642017 diff=+0.000026 abs_err=0.000026
INFO | EPOCH_029 | [B=52, T=3, D=9] true=0.675895 pred=0.674137 diff=-0.001758 abs_err=0.001758
INFO | EPOCH_029 | [B=29, T=2, D=11] true=0.388902 pred=0.360489 diff=-0.028413 abs_err=0.028413
INFO | EPOCH_029 | [B=24, T=13, D=4] true=0.563018 pred=0.550513 diff=-0.012505 abs_err=0.012505
INFO | EPOCH_029 | [B=16, T=22, D=3] true=0.499223 pred=0.607078 diff=+0.107854 abs_err=0.107854
INFO | EPOCH_029 | [B=13, T=7, D=0] true=0.596801 pred=0.646909 diff=+0.050109 abs_err=0.050109
INFO | EPOCH_029 | [B=35, T=12, D=3] true=0.641377 pred=0.636933 diff=-0.004444 abs_err=0.004444
INFO | EPOCH_029 | [B=27, T=6, D=6] true=0.720281 pred=0.719786 diff=-0.000495 abs_err=0.000495
INFO | EPOCH_029 | [B=17, T=24, D=5] true=0.320107 pred=0.317003 diff=-0.003104 abs_err=0.003104
INFO | EPOCH_029 | [B=60, T=9, D=6] true=0.505478 pred=0.562841 diff=+0.057362 abs_err=0.057362
INFO | EPOCH_029 | [B=42, T=25, D=11] true=0.316864 pred=0.313637 diff=-0.003227 abs_err=0.003227
INFO | EPOCH_029 | [B=43, T=23, D=5] true=0.355031 pred=0.299145 diff=-0.055886 abs_err=0.055886
INFO | EPOCH_029 | TOP 5 WORST masked points (largest abs_err):
INFO | EPOCH_029 | [B=55, T=27, D=9] true=0.457679 pred=0.783331 diff=+0.325652 abs_err=0.325652
INFO | EPOCH_029 | [B=6, T=22, D=9] true=0.758224 pred=0.477793 diff=-0.280431 abs_err=0.280431
INFO | EPOCH_029 | [B=6, T=29, D=9] true=0.755642 pred=0.477622 diff=-0.278020 abs_err=0.278020
INFO | EPOCH_029 | [B=0, T=28, D=9] true=0.750030 pred=0.481157 diff=-0.268873 abs_err=0.268873
INFO | EPOCH_029 | [B=45, T=4, D=0] true=0.425711 pred=0.694539 diff=+0.268828 abs_err=0.268828
INFO | EPOCH_029 | TOP 5 BEST/CORRECT masked points (smallest abs_err):
INFO | EPOCH_029 | [B=51, T=25, D=1] true=0.517969 pred=0.517965 diff=-0.000004 abs_err=0.000004
INFO | EPOCH_029 | [B=39, T=2, D=0] true=0.636648 pred=0.636642 diff=-0.000006 abs_err=0.000006
INFO | EPOCH_029 | [B=5, T=7, D=3] true=0.602340 pred=0.602347 diff=+0.000007 abs_err=0.000007
INFO | EPOCH_029 | [B=58, T=25, D=11] true=0.347554 pred=0.347563 diff=+0.000009 abs_err=0.000009
INFO | EPOCH_029 | [B=27, T=7, D=11] true=0.356596 pred=0.356607 diff=+0.000011 abs_err=0.000011
INFO | EPOCH_039 | RANDOM 15 masked points (true, pred, diff, abs_err):
INFO | EPOCH_039 | [B=42, T=21, D=10] true=0.455284 pred=0.501881 diff=+0.046597 abs_err=0.046597
INFO | EPOCH_039 | [B=61, T=29, D=6] true=0.635883 pred=0.651924 diff=+0.016041 abs_err=0.016041
INFO | EPOCH_039 | [B=33, T=12, D=8] true=0.427537 pred=0.424168 diff=-0.003368 abs_err=0.003368
INFO | EPOCH_039 | [B=43, T=17, D=3] true=0.712206 pred=0.716342 diff=+0.004136 abs_err=0.004136
INFO | EPOCH_039 | [B=42, T=8, D=11] true=0.457956 pred=0.352687 diff=-0.105269 abs_err=0.105269
INFO | EPOCH_039 | [B=42, T=12, D=0] true=0.709735 pred=0.716797 diff=+0.007062 abs_err=0.007062
INFO | EPOCH_039 | [B=30, T=0, D=2] true=0.312471 pred=0.331090 diff=+0.018619 abs_err=0.018619
INFO | EPOCH_039 | [B=52, T=18, D=11] true=0.337956 pred=0.359662 diff=+0.021707 abs_err=0.021707
INFO | EPOCH_039 | [B=51, T=22, D=7] true=0.465065 pred=0.454298 diff=-0.010767 abs_err=0.010767
INFO | EPOCH_039 | [B=37, T=11, D=7] true=0.457438 pred=0.507533 diff=+0.050095 abs_err=0.050095
INFO | EPOCH_039 | [B=34, T=5, D=9] true=0.827878 pred=0.838893 diff=+0.011014 abs_err=0.011014
INFO | EPOCH_039 | [B=32, T=6, D=6] true=0.650850 pred=0.668085 diff=+0.017235 abs_err=0.017235
INFO | EPOCH_039 | [B=34, T=0, D=4] true=0.466473 pred=0.479901 diff=+0.013428 abs_err=0.013428
INFO | EPOCH_039 | [B=31, T=21, D=2] true=0.329073 pred=0.333360 diff=+0.004287 abs_err=0.004287
INFO | EPOCH_039 | [B=50, T=19, D=5] true=0.377706 pred=0.332605 diff=-0.045102 abs_err=0.045102
INFO | EPOCH_039 | TOP 5 WORST masked points (largest abs_err):
INFO | EPOCH_039 | [B=17, T=6, D=6] true=0.311567 pred=0.787550 diff=+0.475983 abs_err=0.475983
INFO | EPOCH_039 | [B=17, T=2, D=6] true=0.312481 pred=0.787610 diff=+0.475129 abs_err=0.475129
INFO | EPOCH_039 | [B=46, T=13, D=6] true=0.309158 pred=0.690804 diff=+0.381646 abs_err=0.381646
INFO | EPOCH_039 | [B=46, T=10, D=6] true=0.309465 pred=0.690874 diff=+0.381408 abs_err=0.381408
INFO | EPOCH_039 | [B=37, T=28, D=6] true=0.994352 pred=0.697566 diff=-0.296786 abs_err=0.296786
INFO | EPOCH_039 | TOP 5 BEST/CORRECT masked points (smallest abs_err):
INFO | EPOCH_039 | [B=40, T=13, D=10] true=0.498477 pred=0.498476 diff=-0.000002 abs_err=0.000002
INFO | EPOCH_039 | [B=51, T=7, D=7] true=0.454650 pred=0.454648 diff=-0.000002 abs_err=0.000002
INFO | EPOCH_039 | [B=61, T=10, D=11] true=0.426113 pred=0.426115 diff=+0.000002 abs_err=0.000002
INFO | EPOCH_039 | [B=43, T=6, D=2] true=0.341971 pred=0.341961 diff=-0.000010 abs_err=0.000010
INFO | EPOCH_039 | [B=58, T=24, D=2] true=0.340877 pred=0.340867 diff=-0.000011 abs_err=0.000011
INFO | EPOCH_049 | RANDOM 15 masked points (true, pred, diff, abs_err):
INFO | EPOCH_049 | [B=52, T=1, D=10] true=0.468085 pred=0.484726 diff=+0.016642 abs_err=0.016642
INFO | EPOCH_049 | [B=44, T=8, D=7] true=0.748207 pred=0.597404 diff=-0.150803 abs_err=0.150803
INFO | EPOCH_049 | [B=51, T=20, D=4] true=0.434835 pred=0.505057 diff=+0.070223 abs_err=0.070223
INFO | EPOCH_049 | [B=21, T=25, D=7] true=0.496719 pred=0.506932 diff=+0.010213 abs_err=0.010213
INFO | EPOCH_049 | [B=32, T=18, D=10] true=0.614501 pred=0.642823 diff=+0.028322 abs_err=0.028322
INFO | EPOCH_049 | [B=61, T=14, D=8] true=0.316942 pred=0.345335 diff=+0.028392 abs_err=0.028392
INFO | EPOCH_049 | [B=3, T=26, D=1] true=0.451580 pred=0.477401 diff=+0.025821 abs_err=0.025821
INFO | EPOCH_049 | [B=14, T=4, D=0] true=0.566035 pred=0.559641 diff=-0.006394 abs_err=0.006394
INFO | EPOCH_049 | [B=7, T=2, D=8] true=0.406760 pred=0.435518 diff=+0.028757 abs_err=0.028757
INFO | EPOCH_049 | [B=3, T=30, D=10] true=0.456353 pred=0.571638 diff=+0.115285 abs_err=0.115285
INFO | EPOCH_049 | [B=7, T=15, D=1] true=0.452482 pred=0.468824 diff=+0.016342 abs_err=0.016342
INFO | EPOCH_049 | [B=6, T=13, D=11] true=0.375745 pred=0.378063 diff=+0.002318 abs_err=0.002318
INFO | EPOCH_049 | [B=10, T=2, D=1] true=0.513636 pred=0.508554 diff=-0.005082 abs_err=0.005082
INFO | EPOCH_049 | [B=12, T=15, D=9] true=0.708298 pred=0.628702 diff=-0.079596 abs_err=0.079596
INFO | EPOCH_049 | [B=51, T=4, D=7] true=0.462968 pred=0.492919 diff=+0.029950 abs_err=0.029950
INFO | EPOCH_049 | TOP 5 WORST masked points (largest abs_err):
INFO | EPOCH_049 | [B=26, T=5, D=9] true=0.397682 pred=0.764047 diff=+0.366364 abs_err=0.366364
INFO | EPOCH_049 | [B=49, T=14, D=10] true=0.367372 pred=0.642447 diff=+0.275075 abs_err=0.275075
INFO | EPOCH_049 | [B=44, T=11, D=3] true=0.437071 pred=0.705193 diff=+0.268122 abs_err=0.268122
INFO | EPOCH_049 | [B=47, T=23, D=3] true=0.441023 pred=0.705293 diff=+0.264270 abs_err=0.264270
INFO | EPOCH_049 | [B=30, T=20, D=6] true=0.380424 pred=0.642604 diff=+0.262181 abs_err=0.262181
INFO | EPOCH_049 | TOP 5 BEST/CORRECT masked points (smallest abs_err):
INFO | EPOCH_049 | [B=41, T=4, D=1] true=0.558638 pred=0.558638 diff=+0.000000 abs_err=0.000000
INFO | EPOCH_049 | [B=22, T=29, D=2] true=0.357034 pred=0.357033 diff=-0.000001 abs_err=0.000001
INFO | EPOCH_049 | [B=10, T=8, D=6] true=0.591540 pred=0.591547 diff=+0.000007 abs_err=0.000007
INFO | EPOCH_049 | [B=38, T=5, D=10] true=0.658353 pred=0.658367 diff=+0.000013 abs_err=0.000013
INFO | EPOCH_049 | [B=12, T=28, D=10] true=0.489633 pred=0.489650 diff=+0.000018 abs_err=0.000018
INFO | EPOCH_059 | RANDOM 15 masked points (true, pred, diff, abs_err):
INFO | EPOCH_059 | [B=44, T=24, D=5] true=0.293451 pred=0.330661 diff=+0.037210 abs_err=0.037210
INFO | EPOCH_059 | [B=12, T=9, D=4] true=0.497204 pred=0.493522 diff=-0.003682 abs_err=0.003682
INFO | EPOCH_059 | [B=60, T=31, D=9] true=0.645936 pred=0.683749 diff=+0.037814 abs_err=0.037814
INFO | EPOCH_059 | [B=35, T=6, D=3] true=0.687090 pred=0.704237 diff=+0.017147 abs_err=0.017147
INFO | EPOCH_059 | [B=26, T=6, D=11] true=0.409101 pred=0.408204 diff=-0.000897 abs_err=0.000897
INFO | EPOCH_059 | [B=34, T=3, D=3] true=0.672303 pred=0.739860 diff=+0.067557 abs_err=0.067557
INFO | EPOCH_059 | [B=3, T=21, D=7] true=0.420261 pred=0.469490 diff=+0.049229 abs_err=0.049229
INFO | EPOCH_059 | [B=39, T=2, D=5] true=0.356717 pred=0.344399 diff=-0.012318 abs_err=0.012318
INFO | EPOCH_059 | [B=53, T=10, D=4] true=0.474177 pred=0.501896 diff=+0.027719 abs_err=0.027719
INFO | EPOCH_059 | [B=22, T=30, D=5] true=0.357356 pred=0.355468 diff=-0.001889 abs_err=0.001889
INFO | EPOCH_059 | [B=50, T=1, D=0] true=0.636272 pred=0.633817 diff=-0.002455 abs_err=0.002455
INFO | EPOCH_059 | [B=52, T=19, D=1] true=0.526824 pred=0.513850 diff=-0.012974 abs_err=0.012974
INFO | EPOCH_059 | [B=9, T=22, D=8] true=0.284241 pred=0.335321 diff=+0.051080 abs_err=0.051080
INFO | EPOCH_059 | [B=13, T=16, D=9] true=0.809995 pred=0.842045 diff=+0.032050 abs_err=0.032050
INFO | EPOCH_059 | [B=20, T=9, D=4] true=0.467983 pred=0.481131 diff=+0.013148 abs_err=0.013148
INFO | EPOCH_059 | TOP 5 WORST masked points (largest abs_err):
INFO | EPOCH_059 | [B=35, T=20, D=3] true=0.370831 pred=0.703809 diff=+0.332978 abs_err=0.332978
INFO | EPOCH_059 | [B=63, T=23, D=3] true=0.470768 pred=0.744592 diff=+0.273824 abs_err=0.273824
INFO | EPOCH_059 | [B=51, T=24, D=6] true=0.759273 pred=0.499916 diff=-0.259357 abs_err=0.259357
INFO | EPOCH_059 | [B=1, T=15, D=3] true=0.428358 pred=0.677024 diff=+0.248666 abs_err=0.248666
INFO | EPOCH_059 | [B=35, T=13, D=3] true=0.460153 pred=0.704043 diff=+0.243890 abs_err=0.243890
INFO | EPOCH_059 | TOP 5 BEST/CORRECT masked points (smallest abs_err):
INFO | EPOCH_059 | [B=21, T=11, D=0] true=0.732773 pred=0.732774 diff=+0.000001 abs_err=0.000001
INFO | EPOCH_059 | [B=54, T=4, D=10] true=0.489358 pred=0.489362 diff=+0.000005 abs_err=0.000005
INFO | EPOCH_059 | [B=40, T=23, D=8] true=0.333514 pred=0.333520 diff=+0.000006 abs_err=0.000006
INFO | EPOCH_059 | [B=32, T=17, D=11] true=0.347721 pred=0.347711 diff=-0.000010 abs_err=0.000010
INFO | EPOCH_059 | [B=28, T=10, D=1] true=0.537837 pred=0.537827 diff=-0.000011 abs_err=0.000011
INFO | EPOCH_069 | RANDOM 15 masked points (true, pred, diff, abs_err):
INFO | EPOCH_069 | [B=47, T=16, D=3] true=0.500561 pred=0.536963 diff=+0.036402 abs_err=0.036402
INFO | EPOCH_069 | [B=14, T=19, D=4] true=0.517134 pred=0.574408 diff=+0.057274 abs_err=0.057274
INFO | EPOCH_069 | [B=8, T=29, D=11] true=0.394231 pred=0.421256 diff=+0.027025 abs_err=0.027025
INFO | EPOCH_069 | [B=49, T=18, D=2] true=0.346216 pred=0.353418 diff=+0.007202 abs_err=0.007202
INFO | EPOCH_069 | [B=35, T=19, D=3] true=0.627075 pred=0.706896 diff=+0.079821 abs_err=0.079821
INFO | EPOCH_069 | [B=53, T=31, D=7] true=0.574117 pred=0.622374 diff=+0.048257 abs_err=0.048257
INFO | EPOCH_069 | [B=5, T=0, D=3] true=0.703142 pred=0.728528 diff=+0.025387 abs_err=0.025387
INFO | EPOCH_069 | [B=39, T=13, D=2] true=0.362358 pred=0.381023 diff=+0.018665 abs_err=0.018665
INFO | EPOCH_069 | [B=61, T=27, D=5] true=0.334522 pred=0.344018 diff=+0.009496 abs_err=0.009496
INFO | EPOCH_069 | [B=59, T=9, D=5] true=0.294712 pred=0.318019 diff=+0.023308 abs_err=0.023308
INFO | EPOCH_069 | [B=27, T=1, D=3] true=0.774004 pred=0.804928 diff=+0.030924 abs_err=0.030924
INFO | EPOCH_069 | [B=8, T=0, D=3] true=0.719336 pred=0.726253 diff=+0.006917 abs_err=0.006917
INFO | EPOCH_069 | [B=1, T=29, D=0] true=0.701384 pred=0.713457 diff=+0.012073 abs_err=0.012073
INFO | EPOCH_069 | [B=5, T=27, D=7] true=0.505222 pred=0.512227 diff=+0.007004 abs_err=0.007004
INFO | EPOCH_069 | [B=18, T=20, D=9] true=0.661994 pred=0.703262 diff=+0.041269 abs_err=0.041269
INFO | EPOCH_069 | TOP 5 WORST masked points (largest abs_err):
INFO | EPOCH_069 | [B=7, T=3, D=0] true=0.919247 pred=0.619160 diff=-0.300086 abs_err=0.300086
INFO | EPOCH_069 | [B=39, T=23, D=3] true=0.466641 pred=0.760056 diff=+0.293415 abs_err=0.293415
INFO | EPOCH_069 | [B=60, T=21, D=6] true=0.464913 pred=0.749677 diff=+0.284764 abs_err=0.284764
INFO | EPOCH_069 | [B=60, T=8, D=6] true=0.465857 pred=0.750124 diff=+0.284268 abs_err=0.284268
INFO | EPOCH_069 | [B=60, T=15, D=6] true=0.465808 pred=0.749920 diff=+0.284112 abs_err=0.284112
INFO | EPOCH_069 | TOP 5 BEST/CORRECT masked points (smallest abs_err):
INFO | EPOCH_069 | [B=42, T=30, D=2] true=0.359895 pred=0.359891 diff=-0.000005 abs_err=0.000005
INFO | EPOCH_069 | [B=21, T=19, D=0] true=0.808743 pred=0.808736 diff=-0.000006 abs_err=0.000006
INFO | EPOCH_069 | [B=34, T=9, D=2] true=0.348639 pred=0.348627 diff=-0.000011 abs_err=0.000011
INFO | EPOCH_069 | [B=10, T=14, D=6] true=0.650939 pred=0.650915 diff=-0.000024 abs_err=0.000024
INFO | EPOCH_069 | [B=39, T=12, D=0] true=0.737335 pred=0.737363 diff=+0.000028 abs_err=0.000028
INFO | EPOCH_079 | RANDOM 15 masked points (true, pred, diff, abs_err):
INFO | EPOCH_079 | [B=56, T=29, D=7] true=0.531030 pred=0.490585 diff=-0.040445 abs_err=0.040445
INFO | EPOCH_079 | [B=43, T=8, D=2] true=0.336121 pred=0.336077 diff=-0.000044 abs_err=0.000044
INFO | EPOCH_079 | [B=40, T=13, D=1] true=0.577072 pred=0.584042 diff=+0.006970 abs_err=0.006970
INFO | EPOCH_079 | [B=55, T=9, D=4] true=0.440234 pred=0.479609 diff=+0.039375 abs_err=0.039375
INFO | EPOCH_079 | [B=19, T=25, D=3] true=0.393361 pred=0.522862 diff=+0.129501 abs_err=0.129501
INFO | EPOCH_079 | [B=30, T=3, D=3] true=0.703764 pred=0.707676 diff=+0.003912 abs_err=0.003912
INFO | EPOCH_079 | [B=24, T=22, D=3] true=0.652674 pred=0.632547 diff=-0.020127 abs_err=0.020127
INFO | EPOCH_079 | [B=61, T=17, D=5] true=0.348298 pred=0.350812 diff=+0.002514 abs_err=0.002514
INFO | EPOCH_079 | [B=6, T=27, D=10] true=0.447922 pred=0.419452 diff=-0.028470 abs_err=0.028470
INFO | EPOCH_079 | [B=44, T=16, D=11] true=0.385451 pred=0.410443 diff=+0.024992 abs_err=0.024992
INFO | EPOCH_079 | [B=52, T=31, D=3] true=0.775519 pred=0.770626 diff=-0.004893 abs_err=0.004893
INFO | EPOCH_079 | [B=36, T=31, D=5] true=0.365682 pred=0.349630 diff=-0.016051 abs_err=0.016051
INFO | EPOCH_079 | [B=15, T=15, D=5] true=0.328064 pred=0.339369 diff=+0.011305 abs_err=0.011305
INFO | EPOCH_079 | [B=32, T=5, D=6] true=0.459913 pred=0.464206 diff=+0.004292 abs_err=0.004292
INFO | EPOCH_079 | [B=9, T=4, D=4] true=0.469226 pred=0.469392 diff=+0.000166 abs_err=0.000166
INFO | EPOCH_079 | TOP 5 WORST masked points (largest abs_err):
INFO | EPOCH_079 | [B=25, T=9, D=9] true=0.784880 pred=0.530572 diff=-0.254308 abs_err=0.254308
INFO | EPOCH_079 | [B=49, T=15, D=11] true=0.556481 pred=0.332218 diff=-0.224263 abs_err=0.224263
INFO | EPOCH_079 | [B=49, T=19, D=11] true=0.552929 pred=0.332354 diff=-0.220574 abs_err=0.220574
INFO | EPOCH_079 | [B=28, T=13, D=10] true=0.361528 pred=0.581787 diff=+0.220259 abs_err=0.220259
INFO | EPOCH_079 | [B=49, T=9, D=11] true=0.551291 pred=0.331923 diff=-0.219368 abs_err=0.219368
INFO | EPOCH_079 | TOP 5 BEST/CORRECT masked points (smallest abs_err):
INFO | EPOCH_079 | [B=44, T=9, D=4] true=0.474458 pred=0.474458 diff=-0.000001 abs_err=0.000001
INFO | EPOCH_079 | [B=33, T=0, D=0] true=0.716526 pred=0.716523 diff=-0.000003 abs_err=0.000003
INFO | EPOCH_079 | [B=23, T=10, D=0] true=0.630877 pred=0.630871 diff=-0.000006 abs_err=0.000006
INFO | EPOCH_079 | [B=38, T=10, D=0] true=0.638078 pred=0.638070 diff=-0.000008 abs_err=0.000008
INFO | EPOCH_079 | [B=13, T=5, D=1] true=0.494409 pred=0.494398 diff=-0.000011 abs_err=0.000011
INFO | EPOCH_089 | RANDOM 15 masked points (true, pred, diff, abs_err):
INFO | EPOCH_089 | [B=17, T=5, D=7] true=0.546974 pred=0.525557 diff=-0.021418 abs_err=0.021418
INFO | EPOCH_089 | [B=14, T=1, D=1] true=0.492966 pred=0.485853 diff=-0.007113 abs_err=0.007113
INFO | EPOCH_089 | [B=48, T=15, D=4] true=0.566885 pred=0.517130 diff=-0.049755 abs_err=0.049755
INFO | EPOCH_089 | [B=32, T=18, D=6] true=0.494574 pred=0.481260 diff=-0.013314 abs_err=0.013314
INFO | EPOCH_089 | [B=46, T=16, D=1] true=0.535731 pred=0.495159 diff=-0.040572 abs_err=0.040572
INFO | EPOCH_089 | [B=23, T=19, D=3] true=0.706188 pred=0.723625 diff=+0.017437 abs_err=0.017437
INFO | EPOCH_089 | [B=11, T=20, D=6] true=0.454039 pred=0.496651 diff=+0.042611 abs_err=0.042611
INFO | EPOCH_089 | [B=20, T=24, D=10] true=0.597327 pred=0.601197 diff=+0.003871 abs_err=0.003871
INFO | EPOCH_089 | [B=62, T=10, D=4] true=0.619149 pred=0.599124 diff=-0.020025 abs_err=0.020025
INFO | EPOCH_089 | [B=47, T=22, D=0] true=0.520645 pred=0.638087 diff=+0.117442 abs_err=0.117442
INFO | EPOCH_089 | [B=15, T=16, D=9] true=0.524678 pred=0.515405 diff=-0.009273 abs_err=0.009273
INFO | EPOCH_089 | [B=29, T=29, D=3] true=0.711170 pred=0.684978 diff=-0.026192 abs_err=0.026192
INFO | EPOCH_089 | [B=20, T=8, D=3] true=0.599383 pred=0.519658 diff=-0.079725 abs_err=0.079725
INFO | EPOCH_089 | [B=54, T=17, D=1] true=0.637608 pred=0.613629 diff=-0.023979 abs_err=0.023979
INFO | EPOCH_089 | [B=53, T=23, D=11] true=0.355235 pred=0.346694 diff=-0.008541 abs_err=0.008541
INFO | EPOCH_089 | TOP 5 WORST masked points (largest abs_err):
INFO | EPOCH_089 | [B=28, T=19, D=11] true=0.067170 pred=0.378200 diff=+0.311031 abs_err=0.311031
INFO | EPOCH_089 | [B=44, T=20, D=6] true=0.319519 pred=0.626731 diff=+0.307212 abs_err=0.307212
INFO | EPOCH_089 | [B=44, T=18, D=6] true=0.321752 pred=0.626849 diff=+0.305098 abs_err=0.305098
INFO | EPOCH_089 | [B=39, T=11, D=6] true=0.532114 pred=0.835333 diff=+0.303219 abs_err=0.303219
INFO | EPOCH_089 | [B=9, T=18, D=6] true=0.737381 pred=0.438271 diff=-0.299110 abs_err=0.299110
INFO | EPOCH_089 | TOP 5 BEST/CORRECT masked points (smallest abs_err):
INFO | EPOCH_089 | [B=4, T=27, D=5] true=0.316341 pred=0.316338 diff=-0.000003 abs_err=0.000003
INFO | EPOCH_089 | [B=7, T=27, D=10] true=0.483089 pred=0.483079 diff=-0.000010 abs_err=0.000010
INFO | EPOCH_089 | [B=51, T=25, D=5] true=0.379289 pred=0.379277 diff=-0.000012 abs_err=0.000012
INFO | EPOCH_089 | [B=32, T=5, D=11] true=0.326795 pred=0.326781 diff=-0.000014 abs_err=0.000014
INFO | EPOCH_089 | [B=24, T=8, D=5] true=0.328968 pred=0.328985 diff=+0.000017 abs_err=0.000017
INFO | EPOCH_099 | RANDOM 15 masked points (true, pred, diff, abs_err):
INFO | EPOCH_099 | [B=33, T=9, D=4] true=0.556424 pred=0.568883 diff=+0.012460 abs_err=0.012460
INFO | EPOCH_099 | [B=4, T=6, D=11] true=0.380917 pred=0.397898 diff=+0.016981 abs_err=0.016981
INFO | EPOCH_099 | [B=20, T=30, D=4] true=0.577216 pred=0.587473 diff=+0.010257 abs_err=0.010257
INFO | EPOCH_099 | [B=3, T=0, D=2] true=0.317249 pred=0.321384 diff=+0.004134 abs_err=0.004134
INFO | EPOCH_099 | [B=45, T=24, D=10] true=0.487960 pred=0.487063 diff=-0.000897 abs_err=0.000897
INFO | EPOCH_099 | [B=29, T=21, D=11] true=0.367614 pred=0.383053 diff=+0.015440 abs_err=0.015440
INFO | EPOCH_099 | [B=40, T=23, D=6] true=0.640982 pred=0.671739 diff=+0.030757 abs_err=0.030757
INFO | EPOCH_099 | [B=18, T=3, D=7] true=0.604484 pred=0.614829 diff=+0.010345 abs_err=0.010345
INFO | EPOCH_099 | [B=46, T=5, D=4] true=0.525971 pred=0.536478 diff=+0.010507 abs_err=0.010507
INFO | EPOCH_099 | [B=42, T=7, D=8] true=0.431387 pred=0.438809 diff=+0.007422 abs_err=0.007422
INFO | EPOCH_099 | [B=6, T=19, D=11] true=0.358082 pred=0.374510 diff=+0.016428 abs_err=0.016428
INFO | EPOCH_099 | [B=19, T=13, D=4] true=0.499348 pred=0.510010 diff=+0.010662 abs_err=0.010662
INFO | EPOCH_099 | [B=36, T=23, D=2] true=0.279358 pred=0.348504 diff=+0.069146 abs_err=0.069146
INFO | EPOCH_099 | [B=37, T=13, D=4] true=0.509116 pred=0.522176 diff=+0.013060 abs_err=0.013060
INFO | EPOCH_099 | [B=27, T=27, D=1] true=0.514310 pred=0.540304 diff=+0.025994 abs_err=0.025994
INFO | EPOCH_099 | TOP 5 WORST masked points (largest abs_err):
INFO | EPOCH_099 | [B=14, T=11, D=6] true=0.320333 pred=0.672961 diff=+0.352628 abs_err=0.352628
INFO | EPOCH_099 | [B=26, T=8, D=6] true=0.498543 pred=0.849695 diff=+0.351152 abs_err=0.351152
INFO | EPOCH_099 | [B=14, T=5, D=6] true=0.323984 pred=0.673161 diff=+0.349177 abs_err=0.349177
INFO | EPOCH_099 | [B=63, T=15, D=6] true=0.318239 pred=0.613564 diff=+0.295325 abs_err=0.295325
INFO | EPOCH_099 | [B=53, T=1, D=11] true=0.165065 pred=0.459821 diff=+0.294756 abs_err=0.294756
INFO | EPOCH_099 | TOP 5 BEST/CORRECT masked points (smallest abs_err):
INFO | EPOCH_099 | [B=10, T=0, D=0] true=0.749895 pred=0.749890 diff=-0.000005 abs_err=0.000005
INFO | EPOCH_099 | [B=24, T=18, D=8] true=0.339186 pred=0.339177 diff=-0.000009 abs_err=0.000009
INFO | EPOCH_099 | [B=23, T=24, D=3] true=0.714184 pred=0.714174 diff=-0.000011 abs_err=0.000011
INFO | EPOCH_099 | [B=20, T=24, D=5] true=0.376083 pred=0.376095 diff=+0.000012 abs_err=0.000012
INFO | EPOCH_099 | [B=2, T=1, D=6] true=0.501785 pred=0.501772 diff=-0.000013 abs_err=0.000013
INFO | EPOCH_109 | RANDOM 15 masked points (true, pred, diff, abs_err):
INFO | EPOCH_109 | [B=26, T=2, D=5] true=0.288021 pred=0.329109 diff=+0.041088 abs_err=0.041088
INFO | EPOCH_109 | [B=29, T=8, D=11] true=0.360595 pred=0.378526 diff=+0.017931 abs_err=0.017931
INFO | EPOCH_109 | [B=24, T=23, D=2] true=0.343954 pred=0.355235 diff=+0.011281 abs_err=0.011281
INFO | EPOCH_109 | [B=9, T=11, D=5] true=0.360500 pred=0.365349 diff=+0.004849 abs_err=0.004849
INFO | EPOCH_109 | [B=18, T=19, D=5] true=0.328049 pred=0.335966 diff=+0.007917 abs_err=0.007917
INFO | EPOCH_109 | [B=2, T=22, D=11] true=0.429013 pred=0.421640 diff=-0.007374 abs_err=0.007374
INFO | EPOCH_109 | [B=53, T=7, D=5] true=0.306773 pred=0.339272 diff=+0.032499 abs_err=0.032499
INFO | EPOCH_109 | [B=58, T=27, D=0] true=0.535874 pred=0.628226 diff=+0.092353 abs_err=0.092353
INFO | EPOCH_109 | [B=12, T=25, D=5] true=0.349245 pred=0.365870 diff=+0.016625 abs_err=0.016625
INFO | EPOCH_109 | [B=52, T=19, D=2] true=0.303580 pred=0.324765 diff=+0.021185 abs_err=0.021185
INFO | EPOCH_109 | [B=42, T=23, D=5] true=0.315527 pred=0.330639 diff=+0.015112 abs_err=0.015112
INFO | EPOCH_109 | [B=36, T=7, D=9] true=0.779685 pred=0.818678 diff=+0.038994 abs_err=0.038994
INFO | EPOCH_109 | [B=22, T=27, D=4] true=0.449047 pred=0.514881 diff=+0.065835 abs_err=0.065835
INFO | EPOCH_109 | [B=6, T=8, D=6] true=0.436079 pred=0.461433 diff=+0.025353 abs_err=0.025353
INFO | EPOCH_109 | [B=52, T=9, D=1] true=0.536235 pred=0.525093 diff=-0.011142 abs_err=0.011142
INFO | EPOCH_109 | TOP 5 WORST masked points (largest abs_err):
INFO | EPOCH_109 | [B=47, T=24, D=6] true=0.508596 pred=0.889687 diff=+0.381092 abs_err=0.381092
INFO | EPOCH_109 | [B=47, T=28, D=9] true=0.476679 pred=0.830001 diff=+0.353322 abs_err=0.353322
INFO | EPOCH_109 | [B=45, T=4, D=0] true=0.425711 pred=0.700852 diff=+0.275141 abs_err=0.275141
INFO | EPOCH_109 | [B=60, T=7, D=9] true=0.774074 pred=0.524114 diff=-0.249960 abs_err=0.249960
INFO | EPOCH_109 | [B=7, T=7, D=0] true=0.760210 pred=0.510396 diff=-0.249814 abs_err=0.249814
INFO | EPOCH_109 | TOP 5 BEST/CORRECT masked points (smallest abs_err):
INFO | EPOCH_109 | [B=19, T=21, D=6] true=0.535052 pred=0.535049 diff=-0.000003 abs_err=0.000003
INFO | EPOCH_109 | [B=47, T=21, D=9] true=0.830289 pred=0.830303 diff=+0.000014 abs_err=0.000014
INFO | EPOCH_109 | [B=3, T=1, D=6] true=0.541740 pred=0.541725 diff=-0.000015 abs_err=0.000015
INFO | EPOCH_109 | [B=18, T=26, D=7] true=0.594151 pred=0.594131 diff=-0.000020 abs_err=0.000020
INFO | EPOCH_109 | [B=51, T=8, D=11] true=0.376664 pred=0.376685 diff=+0.000021 abs_err=0.000021
INFO | EPOCH_119 | RANDOM 15 masked points (true, pred, diff, abs_err):
INFO | EPOCH_119 | [B=34, T=14, D=5] true=0.290345 pred=0.354635 diff=+0.064290 abs_err=0.064290
INFO | EPOCH_119 | [B=17, T=16, D=11] true=0.362282 pred=0.374765 diff=+0.012483 abs_err=0.012483
INFO | EPOCH_119 | [B=24, T=13, D=2] true=0.296460 pred=0.294642 diff=-0.001818 abs_err=0.001818
INFO | EPOCH_119 | [B=33, T=1, D=8] true=0.376365 pred=0.409897 diff=+0.033531 abs_err=0.033531
INFO | EPOCH_119 | [B=6, T=3, D=4] true=0.477903 pred=0.478362 diff=+0.000459 abs_err=0.000459
INFO | EPOCH_119 | [B=8, T=3, D=3] true=0.713244 pred=0.684796 diff=-0.028449 abs_err=0.028449
INFO | EPOCH_119 | [B=3, T=28, D=11] true=0.334570 pred=0.355316 diff=+0.020746 abs_err=0.020746
INFO | EPOCH_119 | [B=13, T=1, D=0] true=0.649261 pred=0.654442 diff=+0.005181 abs_err=0.005181
INFO | EPOCH_119 | [B=50, T=11, D=11] true=0.368858 pred=0.348454 diff=-0.020404 abs_err=0.020404
INFO | EPOCH_119 | [B=54, T=3, D=6] true=0.892713 pred=0.892072 diff=-0.000642 abs_err=0.000642
INFO | EPOCH_119 | [B=34, T=23, D=9] true=0.691972 pred=0.653575 diff=-0.038397 abs_err=0.038397
INFO | EPOCH_119 | [B=52, T=23, D=1] true=0.573293 pred=0.525228 diff=-0.048065 abs_err=0.048065
INFO | EPOCH_119 | [B=33, T=7, D=9] true=0.641745 pred=0.640819 diff=-0.000926 abs_err=0.000926
INFO | EPOCH_119 | [B=38, T=22, D=4] true=0.464704 pred=0.483246 diff=+0.018542 abs_err=0.018542
INFO | EPOCH_119 | [B=10, T=8, D=4] true=0.479954 pred=0.445861 diff=-0.034094 abs_err=0.034094
INFO | EPOCH_119 | TOP 5 WORST masked points (largest abs_err):
INFO | EPOCH_119 | [B=17, T=6, D=6] true=0.311567 pred=0.761379 diff=+0.449812 abs_err=0.449812
INFO | EPOCH_119 | [B=17, T=2, D=6] true=0.312481 pred=0.761463 diff=+0.448982 abs_err=0.448982
INFO | EPOCH_119 | [B=37, T=28, D=6] true=0.994352 pred=0.681701 diff=-0.312651 abs_err=0.312651
INFO | EPOCH_119 | [B=55, T=27, D=9] true=0.457679 pred=0.750662 diff=+0.292983 abs_err=0.292983
INFO | EPOCH_119 | [B=31, T=11, D=3] true=0.473188 pred=0.717989 diff=+0.244801 abs_err=0.244801
INFO | EPOCH_119 | TOP 5 BEST/CORRECT masked points (smallest abs_err):
INFO | EPOCH_119 | [B=13, T=16, D=11] true=0.372096 pred=0.372107 diff=+0.000010 abs_err=0.000010
INFO | EPOCH_119 | [B=34, T=2, D=1] true=0.599363 pred=0.599374 diff=+0.000011 abs_err=0.000011
INFO | EPOCH_119 | [B=53, T=18, D=7] true=0.428024 pred=0.428035 diff=+0.000011 abs_err=0.000011
INFO | EPOCH_119 | [B=1, T=6, D=5] true=0.300739 pred=0.300751 diff=+0.000012 abs_err=0.000012
INFO | EPOCH_119 | [B=48, T=9, D=7] true=0.423020 pred=0.423007 diff=-0.000012 abs_err=0.000012
INFO | EPOCH_129 | RANDOM 15 masked points (true, pred, diff, abs_err):
INFO | EPOCH_129 | [B=8, T=7, D=2] true=0.327524 pred=0.337408 diff=+0.009884 abs_err=0.009884
INFO | EPOCH_129 | [B=19, T=8, D=11] true=0.387695 pred=0.371527 diff=-0.016168 abs_err=0.016168
INFO | EPOCH_129 | [B=12, T=15, D=8] true=0.336394 pred=0.350149 diff=+0.013755 abs_err=0.013755
INFO | EPOCH_129 | [B=18, T=22, D=7] true=0.490145 pred=0.478171 diff=-0.011974 abs_err=0.011974
INFO | EPOCH_129 | [B=38, T=18, D=9] true=0.829183 pred=0.822594 diff=-0.006589 abs_err=0.006589
INFO | EPOCH_129 | [B=36, T=0, D=10] true=0.471233 pred=0.477577 diff=+0.006343 abs_err=0.006343
INFO | EPOCH_129 | [B=40, T=27, D=10] true=0.648803 pred=0.636678 diff=-0.012125 abs_err=0.012125
INFO | EPOCH_129 | [B=48, T=28, D=5] true=0.306281 pred=0.344059 diff=+0.037778 abs_err=0.037778
INFO | EPOCH_129 | [B=9, T=13, D=2] true=0.324942 pred=0.337251 diff=+0.012309 abs_err=0.012309
INFO | EPOCH_129 | [B=8, T=8, D=4] true=0.595005 pred=0.579812 diff=-0.015192 abs_err=0.015192
INFO | EPOCH_129 | [B=9, T=7, D=1] true=0.609531 pred=0.600814 diff=-0.008717 abs_err=0.008717
INFO | EPOCH_129 | [B=47, T=14, D=0] true=0.603824 pred=0.619210 diff=+0.015387 abs_err=0.015387
INFO | EPOCH_129 | [B=35, T=1, D=9] true=0.509563 pred=0.498559 diff=-0.011004 abs_err=0.011004
INFO | EPOCH_129 | [B=5, T=9, D=7] true=0.489401 pred=0.465378 diff=-0.024022 abs_err=0.024022
INFO | EPOCH_129 | [B=12, T=28, D=2] true=0.366687 pred=0.366816 diff=+0.000129 abs_err=0.000129
INFO | EPOCH_129 | TOP 5 WORST masked points (largest abs_err):
INFO | EPOCH_129 | [B=46, T=13, D=6] true=0.309158 pred=0.676776 diff=+0.367618 abs_err=0.367618
INFO | EPOCH_129 | [B=46, T=10, D=6] true=0.309465 pred=0.676891 diff=+0.367426 abs_err=0.367426
INFO | EPOCH_129 | [B=26, T=5, D=9] true=0.397682 pred=0.730057 diff=+0.332375 abs_err=0.332375
INFO | EPOCH_129 | [B=49, T=13, D=0] true=0.914188 pred=0.638526 diff=-0.275661 abs_err=0.275661
INFO | EPOCH_129 | [B=49, T=13, D=2] true=0.571675 pred=0.299040 diff=-0.272636 abs_err=0.272636
INFO | EPOCH_129 | TOP 5 BEST/CORRECT masked points (smallest abs_err):
INFO | EPOCH_129 | [B=42, T=15, D=0] true=0.710652 pred=0.710652 diff=+0.000000 abs_err=0.000000
INFO | EPOCH_129 | [B=37, T=11, D=1] true=0.462791 pred=0.462791 diff=+0.000001 abs_err=0.000001
INFO | EPOCH_129 | [B=9, T=21, D=11] true=0.396834 pred=0.396834 diff=-0.000001 abs_err=0.000001
INFO | EPOCH_129 | [B=59, T=10, D=6] true=0.476991 pred=0.476988 diff=-0.000003 abs_err=0.000003
INFO | EPOCH_129 | [B=27, T=8, D=4] true=0.469678 pred=0.469673 diff=-0.000005 abs_err=0.000005
INFO | EPOCH_139 | RANDOM 15 masked points (true, pred, diff, abs_err):
INFO | EPOCH_139 | [B=63, T=25, D=7] true=0.560705 pred=0.523054 diff=-0.037650 abs_err=0.037650
INFO | EPOCH_139 | [B=29, T=18, D=9] true=0.682506 pred=0.680845 diff=-0.001661 abs_err=0.001661
INFO | EPOCH_139 | [B=26, T=32, D=3] true=0.559431 pred=0.586077 diff=+0.026646 abs_err=0.026646
INFO | EPOCH_139 | [B=8, T=28, D=6] true=0.821116 pred=0.822641 diff=+0.001524 abs_err=0.001524
INFO | EPOCH_139 | [B=55, T=7, D=1] true=0.513976 pred=0.529599 diff=+0.015623 abs_err=0.015623
INFO | EPOCH_139 | [B=6, T=25, D=3] true=0.718294 pred=0.751219 diff=+0.032924 abs_err=0.032924
INFO | EPOCH_139 | [B=61, T=14, D=1] true=0.465635 pred=0.472637 diff=+0.007001 abs_err=0.007001
INFO | EPOCH_139 | [B=4, T=10, D=1] true=0.538863 pred=0.548137 diff=+0.009274 abs_err=0.009274
INFO | EPOCH_139 | [B=28, T=25, D=4] true=0.532820 pred=0.548292 diff=+0.015472 abs_err=0.015472
INFO | EPOCH_139 | [B=2, T=18, D=11] true=0.399371 pred=0.386666 diff=-0.012705 abs_err=0.012705
INFO | EPOCH_139 | [B=10, T=12, D=6] true=0.571118 pred=0.579024 diff=+0.007907 abs_err=0.007907
INFO | EPOCH_139 | [B=54, T=13, D=0] true=0.565851 pred=0.569665 diff=+0.003814 abs_err=0.003814
INFO | EPOCH_139 | [B=5, T=0, D=3] true=0.724029 pred=0.742813 diff=+0.018785 abs_err=0.018785
INFO | EPOCH_139 | [B=40, T=27, D=5] true=0.348098 pred=0.361817 diff=+0.013719 abs_err=0.013719
INFO | EPOCH_139 | [B=58, T=24, D=6] true=0.683145 pred=0.707188 diff=+0.024043 abs_err=0.024043
INFO | EPOCH_139 | TOP 5 WORST masked points (largest abs_err):
INFO | EPOCH_139 | [B=63, T=23, D=3] true=0.470768 pred=0.742760 diff=+0.271992 abs_err=0.271992
INFO | EPOCH_139 | [B=51, T=24, D=6] true=0.759273 pred=0.495728 diff=-0.263544 abs_err=0.263544
INFO | EPOCH_139 | [B=44, T=11, D=3] true=0.437071 pred=0.696854 diff=+0.259783 abs_err=0.259783
INFO | EPOCH_139 | [B=58, T=14, D=3] true=0.478180 pred=0.734715 diff=+0.256534 abs_err=0.256534
INFO | EPOCH_139 | [B=51, T=26, D=0] true=0.752228 pred=0.497484 diff=-0.254744 abs_err=0.254744
INFO | EPOCH_139 | TOP 5 BEST/CORRECT masked points (smallest abs_err):
INFO | EPOCH_139 | [B=41, T=0, D=11] true=0.386374 pred=0.386374 diff=+0.000001 abs_err=0.000001
INFO | EPOCH_139 | [B=27, T=26, D=1] true=0.539387 pred=0.539389 diff=+0.000001 abs_err=0.000001
INFO | EPOCH_139 | [B=34, T=30, D=3] true=0.725929 pred=0.725935 diff=+0.000007 abs_err=0.000007
INFO | EPOCH_139 | [B=4, T=24, D=4] true=0.555542 pred=0.555534 diff=-0.000008 abs_err=0.000008
INFO | EPOCH_139 | [B=61, T=18, D=0] true=0.760268 pred=0.760279 diff=+0.000011 abs_err=0.000011
INFO | EPOCH_149 | RANDOM 15 masked points (true, pred, diff, abs_err):
INFO | EPOCH_149 | [B=9, T=27, D=7] true=0.459353 pred=0.461306 diff=+0.001953 abs_err=0.001953
INFO | EPOCH_149 | [B=40, T=7, D=3] true=0.632876 pred=0.638306 diff=+0.005430 abs_err=0.005430
INFO | EPOCH_149 | [B=29, T=3, D=7] true=0.466436 pred=0.468628 diff=+0.002192 abs_err=0.002192
INFO | EPOCH_149 | [B=9, T=9, D=9] true=0.664308 pred=0.667545 diff=+0.003237 abs_err=0.003237
INFO | EPOCH_149 | [B=29, T=0, D=4] true=0.478191 pred=0.483499 diff=+0.005309 abs_err=0.005309
INFO | EPOCH_149 | [B=46, T=9, D=4] true=0.600549 pred=0.577145 diff=-0.023404 abs_err=0.023404
INFO | EPOCH_149 | [B=58, T=10, D=5] true=0.365306 pred=0.357625 diff=-0.007681 abs_err=0.007681
INFO | EPOCH_149 | [B=17, T=9, D=3] true=0.775972 pred=0.770429 diff=-0.005543 abs_err=0.005543
INFO | EPOCH_149 | [B=58, T=12, D=8] true=0.389195 pred=0.364048 diff=-0.025147 abs_err=0.025147
INFO | EPOCH_149 | [B=53, T=24, D=7] true=0.590398 pred=0.586930 diff=-0.003468 abs_err=0.003468
INFO | EPOCH_149 | [B=30, T=5, D=7] true=0.479663 pred=0.474402 diff=-0.005261 abs_err=0.005261
INFO | EPOCH_149 | [B=32, T=15, D=6] true=0.675588 pred=0.627201 diff=-0.048387 abs_err=0.048387
INFO | EPOCH_149 | [B=13, T=24, D=9] true=0.675332 pred=0.684466 diff=+0.009134 abs_err=0.009134
INFO | EPOCH_149 | [B=42, T=14, D=11] true=0.379038 pred=0.381907 diff=+0.002870 abs_err=0.002870
INFO | EPOCH_149 | [B=53, T=7, D=3] true=0.670305 pred=0.670248 diff=-0.000058 abs_err=0.000058
INFO | EPOCH_149 | TOP 5 WORST masked points (largest abs_err):
INFO | EPOCH_149 | [B=35, T=20, D=3] true=0.370831 pred=0.683104 diff=+0.312273 abs_err=0.312273
INFO | EPOCH_149 | [B=46, T=14, D=2] true=0.574291 pred=0.325043 diff=-0.249248 abs_err=0.249248
INFO | EPOCH_149 | [B=37, T=25, D=0] true=0.402848 pred=0.640952 diff=+0.238104 abs_err=0.238104
INFO | EPOCH_149 | [B=39, T=21, D=9] true=0.750292 pred=0.516525 diff=-0.233767 abs_err=0.233767
INFO | EPOCH_149 | [B=1, T=15, D=3] true=0.428358 pred=0.661138 diff=+0.232780 abs_err=0.232780
INFO | EPOCH_149 | TOP 5 BEST/CORRECT masked points (smallest abs_err):
INFO | EPOCH_149 | [B=0, T=22, D=1] true=0.531751 pred=0.531751 diff=-0.000000 abs_err=0.000000
INFO | EPOCH_149 | [B=46, T=30, D=3] true=0.644217 pred=0.644219 diff=+0.000002 abs_err=0.000002
INFO | EPOCH_149 | [B=7, T=24, D=5] true=0.334502 pred=0.334499 diff=-0.000003 abs_err=0.000003
INFO | EPOCH_149 | [B=54, T=9, D=3] true=0.673177 pred=0.673183 diff=+0.000005 abs_err=0.000005
INFO | EPOCH_149 | [B=34, T=8, D=10] true=0.475652 pred=0.475658 diff=+0.000006 abs_err=0.000006
INFO | EPOCH_159 | RANDOM 15 masked points (true, pred, diff, abs_err):
INFO | EPOCH_159 | [B=1, T=13, D=0] true=0.578398 pred=0.571073 diff=-0.007325 abs_err=0.007325
INFO | EPOCH_159 | [B=23, T=17, D=9] true=0.572099 pred=0.599757 diff=+0.027658 abs_err=0.027658
INFO | EPOCH_159 | [B=43, T=20, D=0] true=0.639771 pred=0.627303 diff=-0.012468 abs_err=0.012468
INFO | EPOCH_159 | [B=11, T=18, D=1] true=0.496004 pred=0.490406 diff=-0.005598 abs_err=0.005598
INFO | EPOCH_159 | [B=23, T=16, D=1] true=0.509237 pred=0.527865 diff=+0.018628 abs_err=0.018628
INFO | EPOCH_159 | [B=8, T=18, D=3] true=0.553763 pred=0.590452 diff=+0.036689 abs_err=0.036689
INFO | EPOCH_159 | [B=30, T=14, D=2] true=0.371932 pred=0.358019 diff=-0.013913 abs_err=0.013913
INFO | EPOCH_159 | [B=53, T=5, D=5] true=0.330306 pred=0.328922 diff=-0.001384 abs_err=0.001384
INFO | EPOCH_159 | [B=11, T=4, D=6] true=0.656773 pred=0.641496 diff=-0.015277 abs_err=0.015277
INFO | EPOCH_159 | [B=53, T=23, D=7] true=0.456140 pred=0.459265 diff=+0.003125 abs_err=0.003125
INFO | EPOCH_159 | [B=46, T=22, D=2] true=0.318153 pred=0.377028 diff=+0.058874 abs_err=0.058874
INFO | EPOCH_159 | [B=60, T=14, D=4] true=0.475728 pred=0.472409 diff=-0.003319 abs_err=0.003319
INFO | EPOCH_159 | [B=14, T=8, D=11] true=0.328674 pred=0.334583 diff=+0.005909 abs_err=0.005909
INFO | EPOCH_159 | [B=60, T=11, D=3] true=0.476169 pred=0.473749 diff=-0.002420 abs_err=0.002420
INFO | EPOCH_159 | [B=63, T=2, D=4] true=0.457443 pred=0.469227 diff=+0.011784 abs_err=0.011784
INFO | EPOCH_159 | TOP 5 WORST masked points (largest abs_err):
INFO | EPOCH_159 | [B=7, T=3, D=0] true=0.919247 pred=0.580815 diff=-0.338432 abs_err=0.338432
INFO | EPOCH_159 | [B=22, T=25, D=5] true=0.051347 pred=0.329051 diff=+0.277704 abs_err=0.277704
INFO | EPOCH_159 | [B=58, T=19, D=6] true=0.740458 pred=0.469161 diff=-0.271296 abs_err=0.271296
INFO | EPOCH_159 | [B=7, T=3, D=2] true=0.592120 pred=0.322590 diff=-0.269531 abs_err=0.269531
INFO | EPOCH_159 | [B=25, T=9, D=9] true=0.784880 pred=0.521883 diff=-0.262997 abs_err=0.262997
INFO | EPOCH_159 | TOP 5 BEST/CORRECT masked points (smallest abs_err):
INFO | EPOCH_159 | [B=27, T=14, D=4] true=0.582090 pred=0.582090 diff=+0.000000 abs_err=0.000000
INFO | EPOCH_159 | [B=34, T=15, D=5] true=0.365507 pred=0.365508 diff=+0.000001 abs_err=0.000001
INFO | EPOCH_159 | [B=61, T=0, D=4] true=0.480854 pred=0.480852 diff=-0.000001 abs_err=0.000001
INFO | EPOCH_159 | [B=30, T=19, D=1] true=0.525102 pred=0.525104 diff=+0.000002 abs_err=0.000002
INFO | EPOCH_159 | [B=1, T=10, D=10] true=0.521921 pred=0.521923 diff=+0.000002 abs_err=0.000002
INFO | EPOCH_169 | RANDOM 15 masked points (true, pred, diff, abs_err):
INFO | EPOCH_169 | [B=45, T=5, D=11] true=0.416748 pred=0.390590 diff=-0.026159 abs_err=0.026159
INFO | EPOCH_169 | [B=14, T=8, D=11] true=0.411488 pred=0.356156 diff=-0.055332 abs_err=0.055332
INFO | EPOCH_169 | [B=11, T=6, D=0] true=0.743693 pred=0.720938 diff=-0.022755 abs_err=0.022755
INFO | EPOCH_169 | [B=48, T=22, D=3] true=0.579520 pred=0.552738 diff=-0.026782 abs_err=0.026782
INFO | EPOCH_169 | [B=47, T=0, D=7] true=0.469613 pred=0.459104 diff=-0.010509 abs_err=0.010509
INFO | EPOCH_169 | [B=2, T=18, D=9] true=0.593967 pred=0.534844 diff=-0.059123 abs_err=0.059123
INFO | EPOCH_169 | [B=18, T=13, D=8] true=0.338078 pred=0.352008 diff=+0.013930 abs_err=0.013930
INFO | EPOCH_169 | [B=24, T=23, D=9] true=0.665209 pred=0.654100 diff=-0.011109 abs_err=0.011109
INFO | EPOCH_169 | [B=14, T=3, D=3] true=0.728183 pred=0.711769 diff=-0.016413 abs_err=0.016413
INFO | EPOCH_169 | [B=44, T=2, D=10] true=0.529298 pred=0.450233 diff=-0.079065 abs_err=0.079065
INFO | EPOCH_169 | [B=23, T=11, D=11] true=0.417464 pred=0.400633 diff=-0.016831 abs_err=0.016831
INFO | EPOCH_169 | [B=63, T=28, D=8] true=0.456211 pred=0.422534 diff=-0.033677 abs_err=0.033677
INFO | EPOCH_169 | [B=2, T=21, D=4] true=0.454793 pred=0.461317 diff=+0.006524 abs_err=0.006524
INFO | EPOCH_169 | [B=15, T=1, D=3] true=0.608745 pred=0.620491 diff=+0.011747 abs_err=0.011747
INFO | EPOCH_169 | [B=51, T=20, D=9] true=0.703573 pred=0.708714 diff=+0.005140 abs_err=0.005140
INFO | EPOCH_169 | TOP 5 WORST masked points (largest abs_err):
INFO | EPOCH_169 | [B=33, T=10, D=9] true=0.757185 pred=0.455122 diff=-0.302063 abs_err=0.302063
INFO | EPOCH_169 | [B=43, T=7, D=11] true=0.595146 pred=0.296664 diff=-0.298481 abs_err=0.298481
INFO | EPOCH_169 | [B=45, T=16, D=0] true=0.730551 pred=0.432324 diff=-0.298227 abs_err=0.298227
INFO | EPOCH_169 | [B=28, T=19, D=11] true=0.067170 pred=0.360880 diff=+0.293711 abs_err=0.293711
INFO | EPOCH_169 | [B=46, T=23, D=9] true=0.726923 pred=0.434418 diff=-0.292504 abs_err=0.292504
INFO | EPOCH_169 | TOP 5 BEST/CORRECT masked points (smallest abs_err):
INFO | EPOCH_169 | [B=16, T=9, D=10] true=0.521027 pred=0.521027 diff=+0.000000 abs_err=0.000000
INFO | EPOCH_169 | [B=7, T=12, D=5] true=0.337758 pred=0.337758 diff=-0.000000 abs_err=0.000000
INFO | EPOCH_169 | [B=14, T=29, D=4] true=0.599587 pred=0.599590 diff=+0.000003 abs_err=0.000003
INFO | EPOCH_169 | [B=54, T=3, D=9] true=0.698383 pred=0.698376 diff=-0.000007 abs_err=0.000007
INFO | EPOCH_169 | [B=55, T=4, D=3] true=0.773347 pred=0.773356 diff=+0.000009 abs_err=0.000009
INFO | EPOCH_179 | RANDOM 15 masked points (true, pred, diff, abs_err):
INFO | EPOCH_179 | [B=33, T=16, D=5] true=0.318774 pred=0.331920 diff=+0.013146 abs_err=0.013146
INFO | EPOCH_179 | [B=29, T=20, D=3] true=0.690451 pred=0.694804 diff=+0.004353 abs_err=0.004353
INFO | EPOCH_179 | [B=54, T=9, D=7] true=0.478438 pred=0.485916 diff=+0.007479 abs_err=0.007479
INFO | EPOCH_179 | [B=1, T=32, D=7] true=0.466975 pred=0.489959 diff=+0.022984 abs_err=0.022984
INFO | EPOCH_179 | [B=48, T=7, D=5] true=0.401612 pred=0.397363 diff=-0.004249 abs_err=0.004249
INFO | EPOCH_179 | [B=63, T=4, D=1] true=0.470317 pred=0.486335 diff=+0.016017 abs_err=0.016017
INFO | EPOCH_179 | [B=23, T=25, D=6] true=0.880109 pred=0.895502 diff=+0.015393 abs_err=0.015393
INFO | EPOCH_179 | [B=10, T=21, D=2] true=0.332904 pred=0.336483 diff=+0.003579 abs_err=0.003579
INFO | EPOCH_179 | [B=63, T=14, D=5] true=0.343704 pred=0.351156 diff=+0.007452 abs_err=0.007452
INFO | EPOCH_179 | [B=39, T=2, D=5] true=0.317165 pred=0.318698 diff=+0.001534 abs_err=0.001534
INFO | EPOCH_179 | [B=37, T=21, D=4] true=0.494879 pred=0.502801 diff=+0.007921 abs_err=0.007921
INFO | EPOCH_179 | [B=29, T=29, D=5] true=0.305683 pred=0.371461 diff=+0.065778 abs_err=0.065778
INFO | EPOCH_179 | [B=15, T=7, D=3] true=0.525998 pred=0.530747 diff=+0.004749 abs_err=0.004749
INFO | EPOCH_179 | [B=57, T=24, D=5] true=0.356263 pred=0.351474 diff=-0.004789 abs_err=0.004789
INFO | EPOCH_179 | [B=32, T=20, D=0] true=0.525887 pred=0.579830 diff=+0.053944 abs_err=0.053944
INFO | EPOCH_179 | TOP 5 WORST masked points (largest abs_err):
INFO | EPOCH_179 | [B=26, T=8, D=6] true=0.498543 pred=0.840147 diff=+0.341605 abs_err=0.341605
INFO | EPOCH_179 | [B=44, T=20, D=6] true=0.319519 pred=0.625379 diff=+0.305860 abs_err=0.305860
INFO | EPOCH_179 | [B=44, T=18, D=6] true=0.321752 pred=0.625578 diff=+0.303826 abs_err=0.303826
INFO | EPOCH_179 | [B=39, T=11, D=6] true=0.532114 pred=0.827337 diff=+0.295224 abs_err=0.295224
INFO | EPOCH_179 | [B=9, T=18, D=6] true=0.737381 pred=0.444382 diff=-0.292999 abs_err=0.292999
INFO | EPOCH_179 | TOP 5 BEST/CORRECT masked points (smallest abs_err):
INFO | EPOCH_179 | [B=45, T=22, D=4] true=0.540743 pred=0.540744 diff=+0.000000 abs_err=0.000000
INFO | EPOCH_179 | [B=62, T=20, D=5] true=0.353451 pred=0.353454 diff=+0.000003 abs_err=0.000003
INFO | EPOCH_179 | [B=61, T=17, D=9] true=0.711810 pred=0.711803 diff=-0.000007 abs_err=0.000007
INFO | EPOCH_179 | [B=7, T=14, D=7] true=0.515639 pred=0.515631 diff=-0.000007 abs_err=0.000007
INFO | EPOCH_179 | [B=0, T=28, D=1] true=0.470358 pred=0.470369 diff=+0.000011 abs_err=0.000011
INFO | EPOCH_189 | RANDOM 15 masked points (true, pred, diff, abs_err):
INFO | EPOCH_189 | [B=9, T=11, D=11] true=0.419897 pred=0.422894 diff=+0.002997 abs_err=0.002997
INFO | EPOCH_189 | [B=32, T=30, D=10] true=0.458556 pred=0.472070 diff=+0.013515 abs_err=0.013515
INFO | EPOCH_189 | [B=30, T=3, D=2] true=0.356637 pred=0.356859 diff=+0.000222 abs_err=0.000222
INFO | EPOCH_189 | [B=42, T=19, D=2] true=0.338709 pred=0.330660 diff=-0.008049 abs_err=0.008049
INFO | EPOCH_189 | [B=35, T=6, D=11] true=0.396682 pred=0.401953 diff=+0.005270 abs_err=0.005270
INFO | EPOCH_189 | [B=59, T=17, D=10] true=0.517497 pred=0.502333 diff=-0.015164 abs_err=0.015164
INFO | EPOCH_189 | [B=62, T=14, D=0] true=0.602076 pred=0.570963 diff=-0.031113 abs_err=0.031113
INFO | EPOCH_189 | [B=6, T=8, D=1] true=0.471569 pred=0.466695 diff=-0.004874 abs_err=0.004874
INFO | EPOCH_189 | [B=63, T=25, D=4] true=0.584672 pred=0.549210 diff=-0.035461 abs_err=0.035461
INFO | EPOCH_189 | [B=23, T=16, D=7] true=0.600975 pred=0.594535 diff=-0.006440 abs_err=0.006440
INFO | EPOCH_189 | [B=9, T=2, D=10] true=0.476046 pred=0.481920 diff=+0.005875 abs_err=0.005875
INFO | EPOCH_189 | [B=19, T=6, D=1] true=0.598486 pred=0.592323 diff=-0.006163 abs_err=0.006163
INFO | EPOCH_189 | [B=43, T=3, D=2] true=0.288443 pred=0.329734 diff=+0.041291 abs_err=0.041291
INFO | EPOCH_189 | [B=39, T=11, D=3] true=0.627271 pred=0.604352 diff=-0.022919 abs_err=0.022919
INFO | EPOCH_189 | [B=62, T=24, D=3] true=0.545467 pred=0.541014 diff=-0.004454 abs_err=0.004454
INFO | EPOCH_189 | TOP 5 WORST masked points (largest abs_err):
INFO | EPOCH_189 | [B=47, T=24, D=6] true=0.508596 pred=0.846693 diff=+0.338097 abs_err=0.338097
INFO | EPOCH_189 | [B=14, T=11, D=6] true=0.320333 pred=0.649249 diff=+0.328916 abs_err=0.328916
INFO | EPOCH_189 | [B=14, T=5, D=6] true=0.323984 pred=0.649563 diff=+0.325579 abs_err=0.325579
INFO | EPOCH_189 | [B=47, T=28, D=9] true=0.476679 pred=0.790487 diff=+0.313809 abs_err=0.313809
INFO | EPOCH_189 | [B=47, T=22, D=9] true=0.938414 pred=0.654822 diff=-0.283592 abs_err=0.283592
INFO | EPOCH_189 | TOP 5 BEST/CORRECT masked points (smallest abs_err):
INFO | EPOCH_189 | [B=33, T=9, D=8] true=0.353824 pred=0.353825 diff=+0.000001 abs_err=0.000001
INFO | EPOCH_189 | [B=21, T=12, D=11] true=0.380532 pred=0.380534 diff=+0.000002 abs_err=0.000002
INFO | EPOCH_189 | [B=30, T=21, D=0] true=0.629424 pred=0.629427 diff=+0.000003 abs_err=0.000003
INFO | EPOCH_189 | [B=60, T=30, D=2] true=0.323910 pred=0.323907 diff=-0.000003 abs_err=0.000003
INFO | EPOCH_189 | [B=23, T=2, D=6] true=0.449351 pred=0.449355 diff=+0.000005 abs_err=0.000005
INFO | EPOCH_199 | RANDOM 15 masked points (true, pred, diff, abs_err):
INFO | EPOCH_199 | [B=53, T=14, D=4] true=0.522174 pred=0.499487 diff=-0.022687 abs_err=0.022687
INFO | EPOCH_199 | [B=9, T=7, D=4] true=0.582642 pred=0.555903 diff=-0.026739 abs_err=0.026739
INFO | EPOCH_199 | [B=3, T=1, D=10] true=0.582881 pred=0.562598 diff=-0.020283 abs_err=0.020283
INFO | EPOCH_199 | [B=24, T=17, D=0] true=0.676665 pred=0.673916 diff=-0.002750 abs_err=0.002750
INFO | EPOCH_199 | [B=42, T=4, D=7] true=0.466679 pred=0.462956 diff=-0.003723 abs_err=0.003723
INFO | EPOCH_199 | [B=33, T=7, D=5] true=0.312192 pred=0.317407 diff=+0.005215 abs_err=0.005215
INFO | EPOCH_199 | [B=53, T=8, D=9] true=0.590178 pred=0.573834 diff=-0.016344 abs_err=0.016344
INFO | EPOCH_199 | [B=39, T=11, D=10] true=0.533426 pred=0.545957 diff=+0.012532 abs_err=0.012532
INFO | EPOCH_199 | [B=27, T=9, D=2] true=0.276436 pred=0.291846 diff=+0.015409 abs_err=0.015409
INFO | EPOCH_199 | [B=22, T=8, D=6] true=0.627296 pred=0.641977 diff=+0.014681 abs_err=0.014681
INFO | EPOCH_199 | [B=1, T=26, D=3] true=0.714378 pred=0.669783 diff=-0.044595 abs_err=0.044595
INFO | EPOCH_199 | [B=41, T=5, D=2] true=0.373544 pred=0.350198 diff=-0.023345 abs_err=0.023345
INFO | EPOCH_199 | [B=3, T=12, D=2] true=0.287903 pred=0.295640 diff=+0.007737 abs_err=0.007737
INFO | EPOCH_199 | [B=39, T=10, D=8] true=0.328909 pred=0.337065 diff=+0.008155 abs_err=0.008155
INFO | EPOCH_199 | [B=14, T=2, D=11] true=0.371285 pred=0.372896 diff=+0.001610 abs_err=0.001610
INFO | EPOCH_199 | TOP 5 WORST masked points (largest abs_err):
INFO | EPOCH_199 | [B=55, T=27, D=9] true=0.457679 pred=0.744207 diff=+0.286528 abs_err=0.286528
INFO | EPOCH_199 | [B=0, T=28, D=9] true=0.750030 pred=0.477484 diff=-0.272547 abs_err=0.272547
INFO | EPOCH_199 | [B=6, T=22, D=9] true=0.758224 pred=0.495754 diff=-0.262470 abs_err=0.262470
INFO | EPOCH_199 | [B=6, T=29, D=9] true=0.755642 pred=0.496118 diff=-0.259524 abs_err=0.259524
INFO | EPOCH_199 | [B=15, T=17, D=9] true=0.745294 pred=0.487962 diff=-0.257332 abs_err=0.257332
INFO | EPOCH_199 | TOP 5 BEST/CORRECT masked points (smallest abs_err):
INFO | EPOCH_199 | [B=25, T=29, D=11] true=0.377768 pred=0.377764 diff=-0.000004 abs_err=0.000004
INFO | EPOCH_199 | [B=30, T=25, D=0] true=0.676813 pred=0.676817 diff=+0.000005 abs_err=0.000005
INFO | EPOCH_199 | [B=6, T=6, D=4] true=0.471831 pred=0.471836 diff=+0.000005 abs_err=0.000005
INFO | EPOCH_199 | [B=62, T=9, D=9] true=0.539073 pred=0.539063 diff=-0.000009 abs_err=0.000009
INFO | EPOCH_199 | [B=8, T=9, D=1] true=0.556494 pred=0.556484 diff=-0.000010 abs_err=0.000010
INFO | EPOCH_209 | RANDOM 15 masked points (true, pred, diff, abs_err):
INFO | EPOCH_209 | [B=43, T=8, D=0] true=0.697969 pred=0.692343 diff=-0.005626 abs_err=0.005626
INFO | EPOCH_209 | [B=4, T=1, D=0] true=0.666734 pred=0.665177 diff=-0.001557 abs_err=0.001557
INFO | EPOCH_209 | [B=58, T=27, D=10] true=0.508828 pred=0.480073 diff=-0.028756 abs_err=0.028756
INFO | EPOCH_209 | [B=38, T=19, D=8] true=0.339077 pred=0.348265 diff=+0.009189 abs_err=0.009189
INFO | EPOCH_209 | [B=18, T=28, D=6] true=0.681772 pred=0.647139 diff=-0.034632 abs_err=0.034632
INFO | EPOCH_209 | [B=5, T=13, D=4] true=0.518973 pred=0.526881 diff=+0.007908 abs_err=0.007908
INFO | EPOCH_209 | [B=22, T=17, D=5] true=0.326383 pred=0.343336 diff=+0.016953 abs_err=0.016953
INFO | EPOCH_209 | [B=32, T=28, D=0] true=0.723416 pred=0.706674 diff=-0.016742 abs_err=0.016742
INFO | EPOCH_209 | [B=53, T=14, D=1] true=0.456086 pred=0.470508 diff=+0.014422 abs_err=0.014422
INFO | EPOCH_209 | [B=28, T=28, D=10] true=0.586683 pred=0.583217 diff=-0.003466 abs_err=0.003466
INFO | EPOCH_209 | [B=41, T=2, D=11] true=0.321836 pred=0.336397 diff=+0.014561 abs_err=0.014561
INFO | EPOCH_209 | [B=0, T=1, D=1] true=0.601286 pred=0.579916 diff=-0.021370 abs_err=0.021370
INFO | EPOCH_209 | [B=40, T=23, D=0] true=0.711097 pred=0.704608 diff=-0.006488 abs_err=0.006488
INFO | EPOCH_209 | [B=10, T=2, D=0] true=0.594376 pred=0.620113 diff=+0.025737 abs_err=0.025737
INFO | EPOCH_209 | [B=55, T=17, D=10] true=0.473522 pred=0.468151 diff=-0.005371 abs_err=0.005371
INFO | EPOCH_209 | TOP 5 WORST masked points (largest abs_err):
INFO | EPOCH_209 | [B=17, T=6, D=6] true=0.311567 pred=0.762983 diff=+0.451416 abs_err=0.451416
INFO | EPOCH_209 | [B=17, T=2, D=6] true=0.312481 pred=0.763167 diff=+0.450686 abs_err=0.450686
INFO | EPOCH_209 | [B=46, T=13, D=6] true=0.309158 pred=0.678768 diff=+0.369610 abs_err=0.369610
INFO | EPOCH_209 | [B=46, T=10, D=6] true=0.309465 pred=0.678973 diff=+0.369507 abs_err=0.369507
INFO | EPOCH_209 | [B=37, T=28, D=6] true=0.994352 pred=0.689098 diff=-0.305254 abs_err=0.305254
INFO | EPOCH_209 | TOP 5 BEST/CORRECT masked points (smallest abs_err):
INFO | EPOCH_209 | [B=32, T=2, D=5] true=0.362741 pred=0.362739 diff=-0.000001 abs_err=0.000001
INFO | EPOCH_209 | [B=5, T=21, D=1] true=0.520922 pred=0.520920 diff=-0.000002 abs_err=0.000002
INFO | EPOCH_209 | [B=58, T=10, D=6] true=0.774733 pred=0.774740 diff=+0.000007 abs_err=0.000007
INFO | EPOCH_209 | [B=10, T=23, D=2] true=0.377140 pred=0.377149 diff=+0.000009 abs_err=0.000009
INFO | EPOCH_209 | [B=55, T=18, D=10] true=0.477547 pred=0.477557 diff=+0.000010 abs_err=0.000010
INFO | EPOCH_219 | RANDOM 15 masked points (true, pred, diff, abs_err):
INFO | EPOCH_219 | [B=18, T=27, D=7] true=0.534023 pred=0.528399 diff=-0.005624 abs_err=0.005624
INFO | EPOCH_219 | [B=46, T=2, D=9] true=0.689893 pred=0.658429 diff=-0.031464 abs_err=0.031464
INFO | EPOCH_219 | [B=62, T=1, D=10] true=0.455274 pred=0.462058 diff=+0.006784 abs_err=0.006784
INFO | EPOCH_219 | [B=46, T=18, D=3] true=0.695368 pred=0.669267 diff=-0.026101 abs_err=0.026101
INFO | EPOCH_219 | [B=35, T=27, D=9] true=0.433126 pred=0.496112 diff=+0.062987 abs_err=0.062987
INFO | EPOCH_219 | [B=55, T=1, D=6] true=0.614626 pred=0.564013 diff=-0.050613 abs_err=0.050613
INFO | EPOCH_219 | [B=42, T=19, D=2] true=0.336456 pred=0.326093 diff=-0.010363 abs_err=0.010363
INFO | EPOCH_219 | [B=26, T=1, D=7] true=0.537579 pred=0.503773 diff=-0.033805 abs_err=0.033805
INFO | EPOCH_219 | [B=2, T=31, D=8] true=0.329881 pred=0.338887 diff=+0.009007 abs_err=0.009007
INFO | EPOCH_219 | [B=33, T=16, D=3] true=0.729617 pred=0.701202 diff=-0.028414 abs_err=0.028414
INFO | EPOCH_219 | [B=36, T=16, D=5] true=0.336685 pred=0.328284 diff=-0.008401 abs_err=0.008401
INFO | EPOCH_219 | [B=13, T=17, D=1] true=0.502267 pred=0.453061 diff=-0.049205 abs_err=0.049205
INFO | EPOCH_219 | [B=55, T=1, D=10] true=0.511198 pred=0.481006 diff=-0.030192 abs_err=0.030192
INFO | EPOCH_219 | [B=49, T=10, D=7] true=0.602522 pred=0.587228 diff=-0.015295 abs_err=0.015295
INFO | EPOCH_219 | [B=32, T=7, D=10] true=0.567224 pred=0.574835 diff=+0.007610 abs_err=0.007610
INFO | EPOCH_219 | TOP 5 WORST masked points (largest abs_err):
INFO | EPOCH_219 | [B=26, T=5, D=9] true=0.397682 pred=0.712212 diff=+0.314530 abs_err=0.314530
INFO | EPOCH_219 | [B=51, T=26, D=0] true=0.752228 pred=0.476286 diff=-0.275942 abs_err=0.275942
INFO | EPOCH_219 | [B=53, T=23, D=9] true=0.760412 pred=0.495063 diff=-0.265349 abs_err=0.265349
INFO | EPOCH_219 | [B=53, T=25, D=9] true=0.759572 pred=0.495611 diff=-0.263961 abs_err=0.263961
INFO | EPOCH_219 | [B=53, T=6, D=9] true=0.748825 pred=0.492012 diff=-0.256813 abs_err=0.256813
INFO | EPOCH_219 | TOP 5 BEST/CORRECT masked points (smallest abs_err):
INFO | EPOCH_219 | [B=23, T=15, D=2] true=0.313162 pred=0.313165 diff=+0.000003 abs_err=0.000003
INFO | EPOCH_219 | [B=42, T=2, D=8] true=0.394104 pred=0.394107 diff=+0.000003 abs_err=0.000003
INFO | EPOCH_219 | [B=58, T=20, D=4] true=0.528279 pred=0.528283 diff=+0.000004 abs_err=0.000004
INFO | EPOCH_219 | [B=5, T=0, D=4] true=0.451995 pred=0.451989 diff=-0.000006 abs_err=0.000006
INFO | EPOCH_219 | [B=60, T=19, D=10] true=0.484125 pred=0.484135 diff=+0.000010 abs_err=0.000010
INFO | EPOCH_229 | RANDOM 15 masked points (true, pred, diff, abs_err):
INFO | EPOCH_229 | [B=42, T=4, D=2] true=0.289848 pred=0.310712 diff=+0.020864 abs_err=0.020864
INFO | EPOCH_229 | [B=59, T=7, D=0] true=0.691162 pred=0.686349 diff=-0.004813 abs_err=0.004813
INFO | EPOCH_229 | [B=28, T=29, D=3] true=0.715227 pred=0.715884 diff=+0.000657 abs_err=0.000657
INFO | EPOCH_229 | [B=50, T=28, D=9] true=0.494954 pred=0.509637 diff=+0.014683 abs_err=0.014683
INFO | EPOCH_229 | [B=13, T=14, D=3] true=0.711927 pred=0.714157 diff=+0.002230 abs_err=0.002230
INFO | EPOCH_229 | [B=12, T=21, D=0] true=0.712469 pred=0.690058 diff=-0.022411 abs_err=0.022411
INFO | EPOCH_229 | [B=61, T=16, D=8] true=0.473212 pred=0.467844 diff=-0.005368 abs_err=0.005368
INFO | EPOCH_229 | [B=47, T=0, D=7] true=0.512492 pred=0.503609 diff=-0.008883 abs_err=0.008883
INFO | EPOCH_229 | [B=22, T=21, D=4] true=0.478574 pred=0.478129 diff=-0.000445 abs_err=0.000445
INFO | EPOCH_229 | [B=30, T=28, D=1] true=0.472495 pred=0.467157 diff=-0.005338 abs_err=0.005338
INFO | EPOCH_229 | [B=46, T=21, D=0] true=0.649085 pred=0.653568 diff=+0.004482 abs_err=0.004482
INFO | EPOCH_229 | [B=32, T=16, D=1] true=0.506906 pred=0.457012 diff=-0.049894 abs_err=0.049894
INFO | EPOCH_229 | [B=3, T=13, D=6] true=0.901026 pred=0.898509 diff=-0.002517 abs_err=0.002517
INFO | EPOCH_229 | [B=36, T=19, D=4] true=0.590022 pred=0.564631 diff=-0.025391 abs_err=0.025391
INFO | EPOCH_229 | [B=27, T=7, D=5] true=0.337957 pred=0.337880 diff=-0.000077 abs_err=0.000077
INFO | EPOCH_229 | TOP 5 WORST masked points (largest abs_err):
INFO | EPOCH_229 | [B=35, T=20, D=3] true=0.370831 pred=0.687162 diff=+0.316331 abs_err=0.316331
INFO | EPOCH_229 | [B=51, T=24, D=6] true=0.759273 pred=0.487256 diff=-0.272017 abs_err=0.272017
INFO | EPOCH_229 | [B=63, T=23, D=3] true=0.470768 pred=0.727930 diff=+0.257162 abs_err=0.257162
INFO | EPOCH_229 | [B=36, T=17, D=9] true=0.751326 pred=0.500429 diff=-0.250897 abs_err=0.250897
INFO | EPOCH_229 | [B=37, T=10, D=7] true=0.318341 pred=0.565894 diff=+0.247553 abs_err=0.247553
INFO | EPOCH_229 | TOP 5 BEST/CORRECT masked points (smallest abs_err):
INFO | EPOCH_229 | [B=46, T=20, D=4] true=0.539911 pred=0.539912 diff=+0.000001 abs_err=0.000001
INFO | EPOCH_229 | [B=28, T=25, D=4] true=0.430421 pred=0.430427 diff=+0.000006 abs_err=0.000006
INFO | EPOCH_229 | [B=39, T=3, D=0] true=0.761805 pred=0.761799 diff=-0.000007 abs_err=0.000007
INFO | EPOCH_229 | [B=19, T=17, D=10] true=0.474893 pred=0.474882 diff=-0.000011 abs_err=0.000011
INFO | EPOCH_229 | [B=60, T=19, D=2] true=0.369053 pred=0.369042 diff=-0.000011 abs_err=0.000011
INFO | EPOCH_239 | RANDOM 15 masked points (true, pred, diff, abs_err):
INFO | EPOCH_239 | [B=31, T=18, D=3] true=0.809653 pred=0.754625 diff=-0.055028 abs_err=0.055028
INFO | EPOCH_239 | [B=51, T=6, D=6] true=0.411056 pred=0.425851 diff=+0.014795 abs_err=0.014795
INFO | EPOCH_239 | [B=23, T=8, D=4] true=0.539458 pred=0.505536 diff=-0.033922 abs_err=0.033922
INFO | EPOCH_239 | [B=27, T=5, D=4] true=0.482364 pred=0.485351 diff=+0.002987 abs_err=0.002987
INFO | EPOCH_239 | [B=1, T=27, D=6] true=0.633287 pred=0.637518 diff=+0.004230 abs_err=0.004230
INFO | EPOCH_239 | [B=54, T=23, D=10] true=0.574175 pred=0.579815 diff=+0.005640 abs_err=0.005640
INFO | EPOCH_239 | [B=10, T=20, D=8] true=0.463251 pred=0.456989 diff=-0.006262 abs_err=0.006262
INFO | EPOCH_239 | [B=27, T=17, D=11] true=0.368499 pred=0.369916 diff=+0.001417 abs_err=0.001417
INFO | EPOCH_239 | [B=28, T=3, D=11] true=0.367664 pred=0.364577 diff=-0.003086 abs_err=0.003086
INFO | EPOCH_239 | [B=57, T=18, D=5] true=0.305701 pred=0.307351 diff=+0.001650 abs_err=0.001650
INFO | EPOCH_239 | [B=51, T=8, D=2] true=0.325029 pred=0.323323 diff=-0.001706 abs_err=0.001706
INFO | EPOCH_239 | [B=10, T=10, D=4] true=0.457262 pred=0.464037 diff=+0.006775 abs_err=0.006775
INFO | EPOCH_239 | [B=44, T=6, D=9] true=0.747383 pred=0.699657 diff=-0.047726 abs_err=0.047726
INFO | EPOCH_239 | [B=60, T=16, D=0] true=0.653834 pred=0.655485 diff=+0.001651 abs_err=0.001651
INFO | EPOCH_239 | [B=19, T=11, D=3] true=0.752178 pred=0.725360 diff=-0.026817 abs_err=0.026817
INFO | EPOCH_239 | TOP 5 WORST masked points (largest abs_err):
INFO | EPOCH_239 | [B=7, T=3, D=0] true=0.919247 pred=0.590613 diff=-0.328634 abs_err=0.328634
INFO | EPOCH_239 | [B=7, T=3, D=2] true=0.592120 pred=0.313849 diff=-0.278272 abs_err=0.278272
INFO | EPOCH_239 | [B=22, T=25, D=5] true=0.051347 pred=0.326208 diff=+0.274861 abs_err=0.274861
INFO | EPOCH_239 | [B=39, T=23, D=3] true=0.466641 pred=0.735710 diff=+0.269069 abs_err=0.269069
INFO | EPOCH_239 | [B=58, T=19, D=6] true=0.740458 pred=0.481297 diff=-0.259160 abs_err=0.259160
INFO | EPOCH_239 | TOP 5 BEST/CORRECT masked points (smallest abs_err):
INFO | EPOCH_239 | [B=25, T=29, D=10] true=0.467608 pred=0.467609 diff=+0.000001 abs_err=0.000001
INFO | EPOCH_239 | [B=50, T=4, D=1] true=0.503802 pred=0.503805 diff=+0.000003 abs_err=0.000003
INFO | EPOCH_239 | [B=56, T=27, D=11] true=0.380881 pred=0.380877 diff=-0.000004 abs_err=0.000004
INFO | EPOCH_239 | [B=8, T=15, D=2] true=0.339500 pred=0.339493 diff=-0.000007 abs_err=0.000007
INFO | EPOCH_239 | [B=1, T=5, D=10] true=0.478384 pred=0.478375 diff=-0.000009 abs_err=0.000009
INFO | EPOCH_249 | RANDOM 15 masked points (true, pred, diff, abs_err):
INFO | EPOCH_249 | [B=21, T=16, D=8] true=0.462857 pred=0.463380 diff=+0.000523 abs_err=0.000523
INFO | EPOCH_249 | [B=63, T=14, D=10] true=0.547076 pred=0.533165 diff=-0.013910 abs_err=0.013910
INFO | EPOCH_249 | [B=16, T=15, D=5] true=0.308595 pred=0.311865 diff=+0.003270 abs_err=0.003270
INFO | EPOCH_249 | [B=18, T=6, D=4] true=0.487303 pred=0.498613 diff=+0.011311 abs_err=0.011311
INFO | EPOCH_249 | [B=44, T=29, D=5] true=0.378682 pred=0.355747 diff=-0.022936 abs_err=0.022936
INFO | EPOCH_249 | [B=23, T=23, D=7] true=0.525176 pred=0.539553 diff=+0.014377 abs_err=0.014377
INFO | EPOCH_249 | [B=50, T=9, D=5] true=0.343985 pred=0.321865 diff=-0.022120 abs_err=0.022120
INFO | EPOCH_249 | [B=39, T=9, D=8] true=0.390183 pred=0.354952 diff=-0.035231 abs_err=0.035231
INFO | EPOCH_249 | [B=16, T=12, D=0] true=0.716090 pred=0.720742 diff=+0.004652 abs_err=0.004652
INFO | EPOCH_249 | [B=26, T=12, D=6] true=0.701001 pred=0.703140 diff=+0.002139 abs_err=0.002139
INFO | EPOCH_249 | [B=24, T=1, D=4] true=0.538182 pred=0.523135 diff=-0.015047 abs_err=0.015047
INFO | EPOCH_249 | [B=33, T=1, D=6] true=0.448778 pred=0.459105 diff=+0.010327 abs_err=0.010327
INFO | EPOCH_249 | [B=33, T=19, D=10] true=0.379315 pred=0.464214 diff=+0.084899 abs_err=0.084899
INFO | EPOCH_249 | [B=49, T=21, D=4] true=0.541313 pred=0.545236 diff=+0.003923 abs_err=0.003923
INFO | EPOCH_249 | [B=16, T=12, D=2] true=0.309028 pred=0.323739 diff=+0.014711 abs_err=0.014711
INFO | EPOCH_249 | TOP 5 WORST masked points (largest abs_err):
INFO | EPOCH_249 | [B=25, T=9, D=9] true=0.784880 pred=0.506558 diff=-0.278322 abs_err=0.278322
INFO | EPOCH_249 | [B=49, T=15, D=11] true=0.556481 pred=0.328857 diff=-0.227624 abs_err=0.227624
INFO | EPOCH_249 | [B=49, T=19, D=11] true=0.552929 pred=0.328801 diff=-0.224128 abs_err=0.224128
INFO | EPOCH_249 | [B=49, T=9, D=11] true=0.551291 pred=0.328929 diff=-0.222362 abs_err=0.222362
INFO | EPOCH_249 | [B=41, T=26, D=9] true=0.727412 pred=0.507968 diff=-0.219444 abs_err=0.219444
INFO | EPOCH_249 | TOP 5 BEST/CORRECT masked points (smallest abs_err):
INFO | EPOCH_249 | [B=24, T=6, D=11] true=0.401744 pred=0.401740 diff=-0.000004 abs_err=0.000004
INFO | EPOCH_249 | [B=59, T=3, D=6] true=0.708617 pred=0.708623 diff=+0.000006 abs_err=0.000006
INFO | EPOCH_249 | [B=10, T=4, D=10] true=0.463839 pred=0.463845 diff=+0.000006 abs_err=0.000006
INFO | EPOCH_249 | [B=61, T=22, D=4] true=0.530972 pred=0.530965 diff=-0.000007 abs_err=0.000007
INFO | EPOCH_249 | [B=61, T=20, D=4] true=0.531340 pred=0.531334 diff=-0.000007 abs_err=0.000007
INFO | EPOCH_259 | RANDOM 15 masked points (true, pred, diff, abs_err):
INFO | EPOCH_259 | [B=6, T=0, D=4] true=0.441262 pred=0.462861 diff=+0.021599 abs_err=0.021599
INFO | EPOCH_259 | [B=59, T=15, D=6] true=0.445591 pred=0.464198 diff=+0.018607 abs_err=0.018607
INFO | EPOCH_259 | [B=37, T=28, D=2] true=0.322375 pred=0.319558 diff=-0.002817 abs_err=0.002817
INFO | EPOCH_259 | [B=48, T=16, D=6] true=0.461193 pred=0.517811 diff=+0.056618 abs_err=0.056618
INFO | EPOCH_259 | [B=36, T=7, D=6] true=0.907937 pred=0.867794 diff=-0.040143 abs_err=0.040143
INFO | EPOCH_259 | [B=17, T=16, D=7] true=0.457548 pred=0.505508 diff=+0.047961 abs_err=0.047961
INFO | EPOCH_259 | [B=40, T=15, D=0] true=0.671658 pred=0.667141 diff=-0.004517 abs_err=0.004517
INFO | EPOCH_259 | [B=17, T=18, D=2] true=0.349527 pred=0.330689 diff=-0.018838 abs_err=0.018838
INFO | EPOCH_259 | [B=23, T=17, D=2] true=0.357649 pred=0.357648 diff=-0.000000 abs_err=0.000000
INFO | EPOCH_259 | [B=15, T=15, D=8] true=0.375794 pred=0.436307 diff=+0.060512 abs_err=0.060512
INFO | EPOCH_259 | [B=19, T=15, D=10] true=0.599112 pred=0.615997 diff=+0.016885 abs_err=0.016885
INFO | EPOCH_259 | [B=47, T=23, D=9] true=0.528205 pred=0.570038 diff=+0.041834 abs_err=0.041834
INFO | EPOCH_259 | [B=48, T=21, D=8] true=0.457787 pred=0.476313 diff=+0.018526 abs_err=0.018526
INFO | EPOCH_259 | [B=7, T=0, D=1] true=0.460087 pred=0.470509 diff=+0.010422 abs_err=0.010422
INFO | EPOCH_259 | [B=3, T=17, D=0] true=0.608230 pred=0.644473 diff=+0.036243 abs_err=0.036243
INFO | EPOCH_259 | TOP 5 WORST masked points (largest abs_err):
INFO | EPOCH_259 | [B=28, T=19, D=11] true=0.067170 pred=0.392690 diff=+0.325520 abs_err=0.325520
INFO | EPOCH_259 | [B=44, T=20, D=6] true=0.319519 pred=0.634207 diff=+0.314688 abs_err=0.314688
INFO | EPOCH_259 | [B=44, T=18, D=6] true=0.321752 pred=0.634498 diff=+0.312746 abs_err=0.312746
INFO | EPOCH_259 | [B=39, T=11, D=6] true=0.532114 pred=0.833676 diff=+0.301562 abs_err=0.301562
INFO | EPOCH_259 | [B=9, T=18, D=6] true=0.737381 pred=0.451612 diff=-0.285769 abs_err=0.285769
INFO | EPOCH_259 | TOP 5 BEST/CORRECT masked points (smallest abs_err):
INFO | EPOCH_259 | [B=23, T=17, D=2] true=0.357649 pred=0.357648 diff=-0.000000 abs_err=0.000000
INFO | EPOCH_259 | [B=53, T=17, D=11] true=0.361381 pred=0.361393 diff=+0.000012 abs_err=0.000012
INFO | EPOCH_259 | [B=47, T=12, D=11] true=0.394054 pred=0.394039 diff=-0.000015 abs_err=0.000015
INFO | EPOCH_259 | [B=6, T=26, D=6] true=0.483883 pred=0.483899 diff=+0.000016 abs_err=0.000016
INFO | EPOCH_259 | [B=42, T=17, D=10] true=0.466899 pred=0.466922 diff=+0.000024 abs_err=0.000024
INFO | EPOCH_269 | RANDOM 15 masked points (true, pred, diff, abs_err):
INFO | EPOCH_269 | [B=28, T=25, D=8] true=0.361446 pred=0.393862 diff=+0.032417 abs_err=0.032417
INFO | EPOCH_269 | [B=28, T=11, D=3] true=0.644402 pred=0.632360 diff=-0.012043 abs_err=0.012043
INFO | EPOCH_269 | [B=48, T=3, D=3] true=0.692803 pred=0.683858 diff=-0.008945 abs_err=0.008945
INFO | EPOCH_269 | [B=14, T=18, D=0] true=0.626334 pred=0.690826 diff=+0.064492 abs_err=0.064492
INFO | EPOCH_269 | [B=34, T=5, D=7] true=0.540413 pred=0.508296 diff=-0.032118 abs_err=0.032118
INFO | EPOCH_269 | [B=50, T=8, D=3] true=0.690462 pred=0.687354 diff=-0.003108 abs_err=0.003108
INFO | EPOCH_269 | [B=52, T=28, D=3] true=0.697840 pred=0.674540 diff=-0.023300 abs_err=0.023300
INFO | EPOCH_269 | [B=12, T=2, D=1] true=0.466324 pred=0.479774 diff=+0.013450 abs_err=0.013450
INFO | EPOCH_269 | [B=63, T=8, D=9] true=0.726596 pred=0.706187 diff=-0.020409 abs_err=0.020409
INFO | EPOCH_269 | [B=15, T=9, D=0] true=0.555754 pred=0.567956 diff=+0.012202 abs_err=0.012202
INFO | EPOCH_269 | [B=56, T=22, D=2] true=0.333260 pred=0.331305 diff=-0.001955 abs_err=0.001955
INFO | EPOCH_269 | [B=47, T=17, D=1] true=0.475490 pred=0.475647 diff=+0.000157 abs_err=0.000157
INFO | EPOCH_269 | [B=59, T=20, D=10] true=0.533856 pred=0.538196 diff=+0.004340 abs_err=0.004340
INFO | EPOCH_269 | [B=44, T=30, D=9] true=0.690870 pred=0.631883 diff=-0.058987 abs_err=0.058987
INFO | EPOCH_269 | [B=14, T=19, D=4] true=0.570263 pred=0.530689 diff=-0.039573 abs_err=0.039573
INFO | EPOCH_269 | TOP 5 WORST masked points (largest abs_err):
INFO | EPOCH_269 | [B=14, T=11, D=6] true=0.320333 pred=0.650299 diff=+0.329966 abs_err=0.329966
INFO | EPOCH_269 | [B=14, T=5, D=6] true=0.323984 pred=0.650423 diff=+0.326438 abs_err=0.326438
INFO | EPOCH_269 | [B=26, T=8, D=6] true=0.498543 pred=0.813400 diff=+0.314858 abs_err=0.314858
INFO | EPOCH_269 | [B=47, T=22, D=9] true=0.938414 pred=0.654488 diff=-0.283926 abs_err=0.283926
INFO | EPOCH_269 | [B=63, T=15, D=6] true=0.318239 pred=0.599699 diff=+0.281460 abs_err=0.281460
INFO | EPOCH_269 | TOP 5 BEST/CORRECT masked points (smallest abs_err):
INFO | EPOCH_269 | [B=60, T=14, D=4] true=0.429758 pred=0.429756 diff=-0.000002 abs_err=0.000002
INFO | EPOCH_269 | [B=48, T=28, D=0] true=0.671206 pred=0.671203 diff=-0.000003 abs_err=0.000003
INFO | EPOCH_269 | [B=48, T=22, D=4] true=0.512989 pred=0.512992 diff=+0.000003 abs_err=0.000003
INFO | EPOCH_269 | [B=46, T=28, D=11] true=0.415497 pred=0.415501 diff=+0.000004 abs_err=0.000004
INFO | EPOCH_269 | [B=50, T=30, D=1] true=0.490838 pred=0.490830 diff=-0.000009 abs_err=0.000009
INFO | EPOCH_279 | RANDOM 15 masked points (true, pred, diff, abs_err):
INFO | EPOCH_279 | [B=33, T=29, D=2] true=0.350218 pred=0.360489 diff=+0.010271 abs_err=0.010271
INFO | EPOCH_279 | [B=17, T=31, D=5] true=0.326625 pred=0.333654 diff=+0.007029 abs_err=0.007029
INFO | EPOCH_279 | [B=0, T=9, D=0] true=0.622206 pred=0.626551 diff=+0.004344 abs_err=0.004344
INFO | EPOCH_279 | [B=41, T=19, D=4] true=0.431463 pred=0.448294 diff=+0.016831 abs_err=0.016831
INFO | EPOCH_279 | [B=63, T=19, D=10] true=0.438672 pred=0.459383 diff=+0.020710 abs_err=0.020710
INFO | EPOCH_279 | [B=20, T=30, D=7] true=0.507100 pred=0.500114 diff=-0.006986 abs_err=0.006986
INFO | EPOCH_279 | [B=47, T=19, D=0] true=0.666631 pred=0.659298 diff=-0.007333 abs_err=0.007333
INFO | EPOCH_279 | [B=63, T=23, D=1] true=0.662650 pred=0.596506 diff=-0.066144 abs_err=0.066144
INFO | EPOCH_279 | [B=55, T=22, D=7] true=0.552783 pred=0.507364 diff=-0.045418 abs_err=0.045418
INFO | EPOCH_279 | [B=2, T=16, D=6] true=0.413574 pred=0.444841 diff=+0.031267 abs_err=0.031267
INFO | EPOCH_279 | [B=34, T=19, D=10] true=0.496342 pred=0.476565 diff=-0.019777 abs_err=0.019777
INFO | EPOCH_279 | [B=18, T=7, D=4] true=0.527230 pred=0.489593 diff=-0.037638 abs_err=0.037638
INFO | EPOCH_279 | [B=28, T=3, D=7] true=0.529897 pred=0.548294 diff=+0.018397 abs_err=0.018397
INFO | EPOCH_279 | [B=0, T=13, D=7] true=0.502191 pred=0.515102 diff=+0.012911 abs_err=0.012911
INFO | EPOCH_279 | [B=4, T=11, D=11] true=0.348616 pred=0.385254 diff=+0.036638 abs_err=0.036638
INFO | EPOCH_279 | TOP 5 WORST masked points (largest abs_err):
INFO | EPOCH_279 | [B=47, T=24, D=6] true=0.508596 pred=0.868247 diff=+0.359651 abs_err=0.359651
INFO | EPOCH_279 | [B=47, T=28, D=9] true=0.476679 pred=0.802575 diff=+0.325896 abs_err=0.325896
INFO | EPOCH_279 | [B=45, T=4, D=0] true=0.425711 pred=0.691562 diff=+0.265851 abs_err=0.265851
INFO | EPOCH_279 | [B=0, T=28, D=9] true=0.750030 pred=0.492380 diff=-0.257650 abs_err=0.257650
INFO | EPOCH_279 | [B=7, T=7, D=0] true=0.760210 pred=0.506270 diff=-0.253940 abs_err=0.253940
INFO | EPOCH_279 | TOP 5 BEST/CORRECT masked points (smallest abs_err):
INFO | EPOCH_279 | [B=41, T=14, D=1] true=0.485805 pred=0.485805 diff=-0.000000 abs_err=0.000000
INFO | EPOCH_279 | [B=18, T=6, D=1] true=0.507602 pred=0.507597 diff=-0.000006 abs_err=0.000006
INFO | EPOCH_279 | [B=1, T=7, D=5] true=0.330229 pred=0.330235 diff=+0.000007 abs_err=0.000007
INFO | EPOCH_279 | [B=14, T=14, D=8] true=0.342681 pred=0.342670 diff=-0.000011 abs_err=0.000011
INFO | EPOCH_279 | [B=62, T=3, D=5] true=0.379631 pred=0.379642 diff=+0.000011 abs_err=0.000011
INFO | EPOCH_289 | RANDOM 15 masked points (true, pred, diff, abs_err):
INFO | EPOCH_289 | [B=37, T=15, D=1] true=0.567086 pred=0.568950 diff=+0.001865 abs_err=0.001865
INFO | EPOCH_289 | [B=58, T=20, D=10] true=0.524504 pred=0.472623 diff=-0.051881 abs_err=0.051881
INFO | EPOCH_289 | [B=8, T=29, D=1] true=0.507062 pred=0.509843 diff=+0.002781 abs_err=0.002781
INFO | EPOCH_289 | [B=55, T=14, D=5] true=0.303445 pred=0.331242 diff=+0.027797 abs_err=0.027797
INFO | EPOCH_289 | [B=14, T=10, D=4] true=0.554879 pred=0.552235 diff=-0.002644 abs_err=0.002644
INFO | EPOCH_289 | [B=41, T=6, D=0] true=0.636716 pred=0.638730 diff=+0.002014 abs_err=0.002014
INFO | EPOCH_289 | [B=52, T=0, D=4] true=0.518022 pred=0.532717 diff=+0.014696 abs_err=0.014696
INFO | EPOCH_289 | [B=24, T=14, D=7] true=0.601642 pred=0.609009 diff=+0.007367 abs_err=0.007367
INFO | EPOCH_289 | [B=62, T=10, D=7] true=0.502176 pred=0.529482 diff=+0.027307 abs_err=0.027307
INFO | EPOCH_289 | [B=8, T=17, D=5] true=0.390487 pred=0.373877 diff=-0.016610 abs_err=0.016610
INFO | EPOCH_289 | [B=45, T=17, D=9] true=0.734772 pred=0.522543 diff=-0.212229 abs_err=0.212229
INFO | EPOCH_289 | [B=60, T=4, D=4] true=0.552343 pred=0.557346 diff=+0.005003 abs_err=0.005003
INFO | EPOCH_289 | [B=43, T=1, D=4] true=0.583092 pred=0.585418 diff=+0.002326 abs_err=0.002326
INFO | EPOCH_289 | [B=5, T=6, D=3] true=0.719115 pred=0.677470 diff=-0.041645 abs_err=0.041645
INFO | EPOCH_289 | [B=16, T=25, D=1] true=0.538378 pred=0.530730 diff=-0.007648 abs_err=0.007648
INFO | EPOCH_289 | TOP 5 WORST masked points (largest abs_err):
INFO | EPOCH_289 | [B=17, T=6, D=6] true=0.311567 pred=0.747854 diff=+0.436287 abs_err=0.436287
INFO | EPOCH_289 | [B=17, T=2, D=6] true=0.312481 pred=0.748192 diff=+0.435710 abs_err=0.435710
INFO | EPOCH_289 | [B=37, T=28, D=6] true=0.994352 pred=0.687343 diff=-0.307009 abs_err=0.307009
INFO | EPOCH_289 | [B=55, T=27, D=9] true=0.457679 pred=0.736335 diff=+0.278655 abs_err=0.278655
INFO | EPOCH_289 | [B=32, T=28, D=3] true=0.462050 pred=0.722617 diff=+0.260567 abs_err=0.260567
INFO | EPOCH_289 | TOP 5 BEST/CORRECT masked points (smallest abs_err):
INFO | EPOCH_289 | [B=41, T=26, D=4] true=0.585453 pred=0.585456 diff=+0.000002 abs_err=0.000002
INFO | EPOCH_289 | [B=28, T=20, D=8] true=0.430132 pred=0.430129 diff=-0.000003 abs_err=0.000003
INFO | EPOCH_289 | [B=25, T=20, D=7] true=0.596820 pred=0.596816 diff=-0.000004 abs_err=0.000004
INFO | EPOCH_289 | [B=0, T=15, D=5] true=0.370870 pred=0.370875 diff=+0.000005 abs_err=0.000005
INFO | EPOCH_289 | [B=58, T=21, D=1] true=0.476731 pred=0.476736 diff=+0.000005 abs_err=0.000005
INFO | EPOCH_299 | RANDOM 15 masked points (true, pred, diff, abs_err):
INFO | EPOCH_299 | [B=14, T=0, D=8] true=0.399385 pred=0.402970 diff=+0.003585 abs_err=0.003585
INFO | EPOCH_299 | [B=25, T=23, D=9] true=0.729049 pred=0.758527 diff=+0.029478 abs_err=0.029478
INFO | EPOCH_299 | [B=6, T=12, D=9] true=0.479271 pred=0.501245 diff=+0.021974 abs_err=0.021974
INFO | EPOCH_299 | [B=21, T=28, D=3] true=0.592345 pred=0.525108 diff=-0.067236 abs_err=0.067236
INFO | EPOCH_299 | [B=12, T=19, D=3] true=0.811590 pred=0.795963 diff=-0.015627 abs_err=0.015627
INFO | EPOCH_299 | [B=14, T=1, D=9] true=0.484944 pred=0.499177 diff=+0.014233 abs_err=0.014233
INFO | EPOCH_299 | [B=49, T=7, D=7] true=0.504125 pred=0.514019 diff=+0.009894 abs_err=0.009894
INFO | EPOCH_299 | [B=11, T=22, D=4] true=0.551270 pred=0.569470 diff=+0.018200 abs_err=0.018200
INFO | EPOCH_299 | [B=47, T=6, D=8] true=0.275041 pred=0.301416 diff=+0.026375 abs_err=0.026375
INFO | EPOCH_299 | [B=36, T=9, D=8] true=0.291799 pred=0.338513 diff=+0.046714 abs_err=0.046714
INFO | EPOCH_299 | [B=27, T=17, D=6] true=0.737650 pred=0.742321 diff=+0.004672 abs_err=0.004672
INFO | EPOCH_299 | [B=15, T=0, D=7] true=0.595284 pred=0.603426 diff=+0.008142 abs_err=0.008142
INFO | EPOCH_299 | [B=42, T=21, D=8] true=0.311535 pred=0.320729 diff=+0.009194 abs_err=0.009194
INFO | EPOCH_299 | [B=44, T=9, D=11] true=0.276451 pred=0.307306 diff=+0.030855 abs_err=0.030855
INFO | EPOCH_299 | [B=35, T=4, D=7] true=0.643205 pred=0.600328 diff=-0.042877 abs_err=0.042877
INFO | EPOCH_299 | TOP 5 WORST masked points (largest abs_err):
INFO | EPOCH_299 | [B=46, T=10, D=6] true=0.309465 pred=0.680694 diff=+0.371229 abs_err=0.371229
INFO | EPOCH_299 | [B=46, T=13, D=6] true=0.309158 pred=0.680369 diff=+0.371211 abs_err=0.371211
INFO | EPOCH_299 | [B=26, T=5, D=9] true=0.397682 pred=0.734437 diff=+0.336755 abs_err=0.336755
INFO | EPOCH_299 | [B=49, T=14, D=10] true=0.367372 pred=0.640064 diff=+0.272693 abs_err=0.272693
INFO | EPOCH_299 | [B=49, T=13, D=0] true=0.914188 pred=0.643404 diff=-0.270784 abs_err=0.270784
INFO | EPOCH_299 | TOP 5 BEST/CORRECT masked points (smallest abs_err):
INFO | EPOCH_299 | [B=6, T=6, D=1] true=0.601043 pred=0.601044 diff=+0.000001 abs_err=0.000001
INFO | EPOCH_299 | [B=38, T=2, D=0] true=0.713927 pred=0.713926 diff=-0.000002 abs_err=0.000002
INFO | EPOCH_299 | [B=38, T=23, D=6] true=0.841594 pred=0.841591 diff=-0.000003 abs_err=0.000003
INFO | EPOCH_299 | [B=61, T=26, D=9] true=0.660912 pred=0.660908 diff=-0.000004 abs_err=0.000004
INFO | EPOCH_299 | [B=18, T=6, D=2] true=0.350639 pred=0.350643 diff=+0.000004 abs_err=0.000004
INFO | EPOCH_009 | RANDOM 15 masked points (true, pred, diff, abs_err):
INFO | EPOCH_009 | [B=6, T=22, D=6] true=0.482849 pred=0.458419 diff=-0.024430 abs_err=0.024430
INFO | EPOCH_009 | [B=25, T=26, D=6] true=0.841991 pred=0.798336 diff=-0.043655 abs_err=0.043655
INFO | EPOCH_009 | [B=54, T=12, D=5] true=0.380760 pred=0.386292 diff=+0.005532 abs_err=0.005532
INFO | EPOCH_009 | [B=31, T=27, D=2] true=0.337243 pred=0.312897 diff=-0.024346 abs_err=0.024346
INFO | EPOCH_009 | [B=4, T=17, D=6] true=0.515083 pred=0.542474 diff=+0.027392 abs_err=0.027392
INFO | EPOCH_009 | [B=57, T=18, D=2] true=0.313677 pred=0.342897 diff=+0.029220 abs_err=0.029220
INFO | EPOCH_009 | [B=1, T=5, D=8] true=0.369593 pred=0.355354 diff=-0.014239 abs_err=0.014239
INFO | EPOCH_009 | [B=38, T=29, D=3] true=0.663197 pred=0.691106 diff=+0.027909 abs_err=0.027909
INFO | EPOCH_009 | [B=35, T=20, D=6] true=0.592676 pred=0.543494 diff=-0.049182 abs_err=0.049182
INFO | EPOCH_009 | [B=53, T=11, D=11] true=0.360540 pred=0.353620 diff=-0.006920 abs_err=0.006920
INFO | EPOCH_009 | [B=44, T=11, D=6] true=0.637492 pred=0.657327 diff=+0.019835 abs_err=0.019835
INFO | EPOCH_009 | [B=12, T=20, D=9] true=0.505544 pred=0.489409 diff=-0.016134 abs_err=0.016134
INFO | EPOCH_009 | [B=34, T=13, D=5] true=0.328654 pred=0.308287 diff=-0.020367 abs_err=0.020367
INFO | EPOCH_009 | [B=51, T=12, D=4] true=0.431118 pred=0.441851 diff=+0.010733 abs_err=0.010733
INFO | EPOCH_009 | [B=19, T=7, D=1] true=0.487823 pred=0.461921 diff=-0.025902 abs_err=0.025902
INFO | EPOCH_009 | TOP 5 WORST masked points (largest abs_err):
INFO | EPOCH_009 | [B=26, T=8, D=6] true=0.498543 pred=0.862748 diff=+0.364205 abs_err=0.364205
INFO | EPOCH_009 | [B=44, T=20, D=6] true=0.319519 pred=0.659256 diff=+0.339737 abs_err=0.339737
INFO | EPOCH_009 | [B=44, T=18, D=6] true=0.321752 pred=0.659138 diff=+0.337386 abs_err=0.337386
INFO | EPOCH_009 | [B=39, T=11, D=6] true=0.532114 pred=0.857466 diff=+0.325352 abs_err=0.325352
INFO | EPOCH_009 | [B=12, T=20, D=11] true=0.618445 pred=0.332211 diff=-0.286234 abs_err=0.286234
INFO | EPOCH_009 | TOP 5 BEST/CORRECT masked points (smallest abs_err):
INFO | EPOCH_009 | [B=61, T=5, D=1] true=0.469023 pred=0.469024 diff=+0.000001 abs_err=0.000001
INFO | EPOCH_009 | [B=14, T=20, D=4] true=0.497094 pred=0.497089 diff=-0.000005 abs_err=0.000005
INFO | EPOCH_009 | [B=27, T=11, D=7] true=0.498322 pred=0.498317 diff=-0.000005 abs_err=0.000005
INFO | EPOCH_009 | [B=29, T=5, D=2] true=0.345647 pred=0.345652 diff=+0.000005 abs_err=0.000005
INFO | EPOCH_009 | [B=50, T=13, D=1] true=0.478983 pred=0.478998 diff=+0.000016 abs_err=0.000016
INFO | EPOCH_019 | RANDOM 15 masked points (true, pred, diff, abs_err):
INFO | EPOCH_019 | [B=28, T=16, D=0] true=0.627998 pred=0.611674 diff=-0.016324 abs_err=0.016324
INFO | EPOCH_019 | [B=43, T=2, D=3] true=0.701836 pred=0.690068 diff=-0.011767 abs_err=0.011767
INFO | EPOCH_019 | [B=17, T=21, D=0] true=0.626390 pred=0.575624 diff=-0.050766 abs_err=0.050766
INFO | EPOCH_019 | [B=23, T=17, D=1] true=0.605585 pred=0.580697 diff=-0.024888 abs_err=0.024888
INFO | EPOCH_019 | [B=41, T=21, D=0] true=0.655141 pred=0.657561 diff=+0.002420 abs_err=0.002420
INFO | EPOCH_019 | [B=52, T=6, D=9] true=0.881471 pred=0.862153 diff=-0.019318 abs_err=0.019318
INFO | EPOCH_019 | [B=50, T=18, D=2] true=0.319931 pred=0.285694 diff=-0.034236 abs_err=0.034236
INFO | EPOCH_019 | [B=44, T=23, D=1] true=0.488236 pred=0.467566 diff=-0.020671 abs_err=0.020671
INFO | EPOCH_019 | [B=47, T=26, D=3] true=0.730907 pred=0.711863 diff=-0.019044 abs_err=0.019044
INFO | EPOCH_019 | [B=7, T=15, D=11] true=0.366071 pred=0.341890 diff=-0.024181 abs_err=0.024181
INFO | EPOCH_019 | [B=60, T=7, D=9] true=0.774074 pred=0.516853 diff=-0.257220 abs_err=0.257220
INFO | EPOCH_019 | [B=55, T=16, D=1] true=0.497847 pred=0.489454 diff=-0.008393 abs_err=0.008393
INFO | EPOCH_019 | [B=34, T=12, D=9] true=0.805099 pred=0.809712 diff=+0.004612 abs_err=0.004612
INFO | EPOCH_019 | [B=41, T=11, D=8] true=0.331671 pred=0.322595 diff=-0.009076 abs_err=0.009076
INFO | EPOCH_019 | [B=41, T=1, D=2] true=0.282472 pred=0.307444 diff=+0.024972 abs_err=0.024972
INFO | EPOCH_019 | TOP 5 WORST masked points (largest abs_err):
INFO | EPOCH_019 | [B=14, T=11, D=6] true=0.320333 pred=0.651050 diff=+0.330717 abs_err=0.330717
INFO | EPOCH_019 | [B=47, T=28, D=9] true=0.476679 pred=0.806900 diff=+0.330221 abs_err=0.330221
INFO | EPOCH_019 | [B=14, T=5, D=6] true=0.323984 pred=0.650793 diff=+0.326809 abs_err=0.326809
INFO | EPOCH_019 | [B=53, T=1, D=11] true=0.165065 pred=0.490684 diff=+0.325619 abs_err=0.325619
INFO | EPOCH_019 | [B=47, T=24, D=6] true=0.508596 pred=0.821862 diff=+0.313266 abs_err=0.313266
INFO | EPOCH_019 | TOP 5 BEST/CORRECT masked points (smallest abs_err):
INFO | EPOCH_019 | [B=46, T=1, D=11] true=0.299718 pred=0.299724 diff=+0.000006 abs_err=0.000006
INFO | EPOCH_019 | [B=8, T=30, D=1] true=0.468921 pred=0.468914 diff=-0.000006 abs_err=0.000006
INFO | EPOCH_019 | [B=60, T=8, D=3] true=0.513360 pred=0.513367 diff=+0.000007 abs_err=0.000007
INFO | EPOCH_019 | [B=3, T=22, D=4] true=0.427238 pred=0.427246 diff=+0.000009 abs_err=0.000009
INFO | EPOCH_019 | [B=17, T=19, D=4] true=0.448243 pred=0.448256 diff=+0.000013 abs_err=0.000013
INFO | EPOCH_029 | RANDOM 15 masked points (true, pred, diff, abs_err):
INFO | EPOCH_029 | [B=5, T=24, D=5] true=0.342259 pred=0.322913 diff=-0.019346 abs_err=0.019346
INFO | EPOCH_029 | [B=9, T=2, D=8] true=0.335090 pred=0.328787 diff=-0.006303 abs_err=0.006303
INFO | EPOCH_029 | [B=60, T=19, D=1] true=0.525518 pred=0.515578 diff=-0.009940 abs_err=0.009940
INFO | EPOCH_029 | [B=54, T=19, D=3] true=0.780982 pred=0.723358 diff=-0.057623 abs_err=0.057623
INFO | EPOCH_029 | [B=26, T=11, D=9] true=0.756935 pred=0.741046 diff=-0.015890 abs_err=0.015890
INFO | EPOCH_029 | [B=63, T=28, D=0] true=0.656382 pred=0.653167 diff=-0.003216 abs_err=0.003216
INFO | EPOCH_029 | [B=6, T=0, D=1] true=0.576209 pred=0.613858 diff=+0.037649 abs_err=0.037649
INFO | EPOCH_029 | [B=61, T=7, D=11] true=0.325903 pred=0.330078 diff=+0.004176 abs_err=0.004176
INFO | EPOCH_029 | [B=53, T=22, D=8] true=0.456199 pred=0.485570 diff=+0.029371 abs_err=0.029371
INFO | EPOCH_029 | [B=2, T=21, D=1] true=0.510881 pred=0.525732 diff=+0.014851 abs_err=0.014851
INFO | EPOCH_029 | [B=54, T=15, D=7] true=0.498030 pred=0.479890 diff=-0.018140 abs_err=0.018140
INFO | EPOCH_029 | [B=32, T=0, D=10] true=0.496057 pred=0.483270 diff=-0.012787 abs_err=0.012787
INFO | EPOCH_029 | [B=56, T=3, D=3] true=0.807168 pred=0.772066 diff=-0.035102 abs_err=0.035102
INFO | EPOCH_029 | [B=7, T=22, D=1] true=0.529629 pred=0.514236 diff=-0.015393 abs_err=0.015393
INFO | EPOCH_029 | [B=32, T=14, D=4] true=0.427365 pred=0.439934 diff=+0.012568 abs_err=0.012568
INFO | EPOCH_029 | TOP 5 WORST masked points (largest abs_err):
INFO | EPOCH_029 | [B=55, T=27, D=9] true=0.457679 pred=0.769045 diff=+0.311366 abs_err=0.311366
INFO | EPOCH_029 | [B=45, T=4, D=0] true=0.425711 pred=0.699572 diff=+0.273861 abs_err=0.273861
INFO | EPOCH_029 | [B=6, T=22, D=9] true=0.758224 pred=0.485057 diff=-0.273166 abs_err=0.273166
INFO | EPOCH_029 | [B=6, T=29, D=9] true=0.755642 pred=0.485049 diff=-0.270593 abs_err=0.270593
INFO | EPOCH_029 | [B=0, T=28, D=9] true=0.750030 pred=0.483256 diff=-0.266774 abs_err=0.266774
INFO | EPOCH_029 | TOP 5 BEST/CORRECT masked points (smallest abs_err):
INFO | EPOCH_029 | [B=60, T=4, D=10] true=0.445748 pred=0.445752 diff=+0.000003 abs_err=0.000003
INFO | EPOCH_029 | [B=26, T=15, D=2] true=0.279558 pred=0.279554 diff=-0.000004 abs_err=0.000004
INFO | EPOCH_029 | [B=12, T=10, D=8] true=0.334413 pred=0.334418 diff=+0.000006 abs_err=0.000006
INFO | EPOCH_029 | [B=22, T=10, D=1] true=0.539021 pred=0.539012 diff=-0.000008 abs_err=0.000008
INFO | EPOCH_029 | [B=5, T=4, D=8] true=0.420830 pred=0.420839 diff=+0.000010 abs_err=0.000010
INFO | EPOCH_039 | RANDOM 15 masked points (true, pred, diff, abs_err):
INFO | EPOCH_039 | [B=46, T=10, D=4] true=0.442558 pred=0.444850 diff=+0.002292 abs_err=0.002292
INFO | EPOCH_039 | [B=3, T=26, D=6] true=0.430577 pred=0.424445 diff=-0.006132 abs_err=0.006132
INFO | EPOCH_039 | [B=7, T=12, D=8] true=0.345998 pred=0.341967 diff=-0.004031 abs_err=0.004031
INFO | EPOCH_039 | [B=34, T=14, D=4] true=0.466344 pred=0.461188 diff=-0.005156 abs_err=0.005156
INFO | EPOCH_039 | [B=12, T=21, D=2] true=0.351331 pred=0.357105 diff=+0.005774 abs_err=0.005774
INFO | EPOCH_039 | [B=33, T=18, D=7] true=0.480871 pred=0.481090 diff=+0.000220 abs_err=0.000220
INFO | EPOCH_039 | [B=14, T=0, D=8] true=0.492060 pred=0.475053 diff=-0.017007 abs_err=0.017007
INFO | EPOCH_039 | [B=18, T=24, D=5] true=0.349358 pred=0.365973 diff=+0.016615 abs_err=0.016615
INFO | EPOCH_039 | [B=55, T=28, D=11] true=0.330369 pred=0.357453 diff=+0.027084 abs_err=0.027084
INFO | EPOCH_039 | [B=11, T=22, D=2] true=0.322923 pred=0.309833 diff=-0.013090 abs_err=0.013090
INFO | EPOCH_039 | [B=26, T=21, D=8] true=0.324007 pred=0.463037 diff=+0.139029 abs_err=0.139029
INFO | EPOCH_039 | [B=31, T=16, D=11] true=0.335418 pred=0.346366 diff=+0.010947 abs_err=0.010947
INFO | EPOCH_039 | [B=6, T=3, D=3] true=0.597575 pred=0.576073 diff=-0.021502 abs_err=0.021502
INFO | EPOCH_039 | [B=11, T=3, D=9] true=0.581046 pred=0.588207 diff=+0.007161 abs_err=0.007161
INFO | EPOCH_039 | [B=36, T=7, D=11] true=0.311333 pred=0.337367 diff=+0.026034 abs_err=0.026034
INFO | EPOCH_039 | TOP 5 WORST masked points (largest abs_err):
INFO | EPOCH_039 | [B=17, T=6, D=6] true=0.311567 pred=0.765511 diff=+0.453944 abs_err=0.453944
INFO | EPOCH_039 | [B=17, T=2, D=6] true=0.312481 pred=0.765396 diff=+0.452914 abs_err=0.452914
INFO | EPOCH_039 | [B=46, T=13, D=6] true=0.309158 pred=0.690879 diff=+0.381721 abs_err=0.381721
INFO | EPOCH_039 | [B=46, T=10, D=6] true=0.309465 pred=0.690802 diff=+0.381337 abs_err=0.381337
INFO | EPOCH_039 | [B=37, T=28, D=6] true=0.994352 pred=0.669649 diff=-0.324703 abs_err=0.324703
INFO | EPOCH_039 | TOP 5 BEST/CORRECT masked points (smallest abs_err):
INFO | EPOCH_039 | [B=61, T=16, D=11] true=0.414794 pred=0.414795 diff=+0.000001 abs_err=0.000001
INFO | EPOCH_039 | [B=62, T=24, D=11] true=0.417398 pred=0.417395 diff=-0.000003 abs_err=0.000003
INFO | EPOCH_039 | [B=16, T=19, D=6] true=0.422554 pred=0.422549 diff=-0.000005 abs_err=0.000005
INFO | EPOCH_039 | [B=2, T=30, D=8] true=0.319885 pred=0.319890 diff=+0.000005 abs_err=0.000005
INFO | EPOCH_039 | [B=28, T=21, D=10] true=0.570034 pred=0.570026 diff=-0.000008 abs_err=0.000008
INFO | EPOCH_049 | RANDOM 15 masked points (true, pred, diff, abs_err):
INFO | EPOCH_049 | [B=33, T=12, D=10] true=0.629367 pred=0.629409 diff=+0.000042 abs_err=0.000042
INFO | EPOCH_049 | [B=13, T=10, D=0] true=0.797346 pred=0.803824 diff=+0.006478 abs_err=0.006478
INFO | EPOCH_049 | [B=36, T=0, D=7] true=0.591687 pred=0.571142 diff=-0.020545 abs_err=0.020545
INFO | EPOCH_049 | [B=29, T=23, D=1] true=0.530237 pred=0.529461 diff=-0.000776 abs_err=0.000776
INFO | EPOCH_049 | [B=44, T=16, D=9] true=0.424554 pred=0.449033 diff=+0.024478 abs_err=0.024478
INFO | EPOCH_049 | [B=0, T=5, D=6] true=0.465078 pred=0.475451 diff=+0.010373 abs_err=0.010373
INFO | EPOCH_049 | [B=56, T=5, D=2] true=0.274672 pred=0.303997 diff=+0.029325 abs_err=0.029325
INFO | EPOCH_049 | [B=57, T=1, D=10] true=0.425012 pred=0.440561 diff=+0.015549 abs_err=0.015549
INFO | EPOCH_049 | [B=11, T=11, D=9] true=0.725021 pred=0.713194 diff=-0.011827 abs_err=0.011827
INFO | EPOCH_049 | [B=42, T=30, D=1] true=0.561140 pred=0.539916 diff=-0.021224 abs_err=0.021224
INFO | EPOCH_049 | [B=0, T=21, D=2] true=0.307096 pred=0.300079 diff=-0.007017 abs_err=0.007017
INFO | EPOCH_049 | [B=0, T=2, D=7] true=0.453253 pred=0.443769 diff=-0.009484 abs_err=0.009484
INFO | EPOCH_049 | [B=1, T=19, D=9] true=0.661107 pred=0.640061 diff=-0.021045 abs_err=0.021045
INFO | EPOCH_049 | [B=47, T=12, D=8] true=0.289336 pred=0.290438 diff=+0.001103 abs_err=0.001103
INFO | EPOCH_049 | [B=13, T=5, D=11] true=0.434285 pred=0.414452 diff=-0.019832 abs_err=0.019832
INFO | EPOCH_049 | TOP 5 WORST masked points (largest abs_err):
INFO | EPOCH_049 | [B=26, T=5, D=9] true=0.397682 pred=0.730266 diff=+0.332584 abs_err=0.332584
INFO | EPOCH_049 | [B=51, T=26, D=0] true=0.752228 pred=0.480247 diff=-0.271981 abs_err=0.271981
INFO | EPOCH_049 | [B=49, T=14, D=11] true=0.563015 pred=0.291065 diff=-0.271950 abs_err=0.271950
INFO | EPOCH_049 | [B=53, T=9, D=6] true=0.752798 pred=0.485477 diff=-0.267321 abs_err=0.267321
INFO | EPOCH_049 | [B=53, T=23, D=9] true=0.760412 pred=0.494468 diff=-0.265944 abs_err=0.265944
INFO | EPOCH_049 | TOP 5 BEST/CORRECT masked points (smallest abs_err):
INFO | EPOCH_049 | [B=62, T=0, D=7] true=0.453180 pred=0.453175 diff=-0.000004 abs_err=0.000004
INFO | EPOCH_049 | [B=16, T=26, D=5] true=0.321406 pred=0.321411 diff=+0.000005 abs_err=0.000005
INFO | EPOCH_049 | [B=17, T=9, D=1] true=0.514694 pred=0.514689 diff=-0.000005 abs_err=0.000005
INFO | EPOCH_049 | [B=12, T=29, D=1] true=0.443548 pred=0.443541 diff=-0.000006 abs_err=0.000006
INFO | EPOCH_049 | [B=14, T=14, D=2] true=0.298535 pred=0.298529 diff=-0.000007 abs_err=0.000007
INFO | EPOCH_059 | RANDOM 15 masked points (true, pred, diff, abs_err):
INFO | EPOCH_059 | [B=5, T=9, D=10] true=0.458695 pred=0.459328 diff=+0.000633 abs_err=0.000633
INFO | EPOCH_059 | [B=28, T=0, D=9] true=0.813911 pred=0.802970 diff=-0.010941 abs_err=0.010941
INFO | EPOCH_059 | [B=17, T=6, D=6] true=0.840856 pred=0.867160 diff=+0.026304 abs_err=0.026304
INFO | EPOCH_059 | [B=54, T=16, D=5] true=0.365018 pred=0.333252 diff=-0.031766 abs_err=0.031766
INFO | EPOCH_059 | [B=18, T=23, D=3] true=0.724102 pred=0.715047 diff=-0.009055 abs_err=0.009055
INFO | EPOCH_059 | [B=23, T=9, D=6] true=0.871912 pred=0.841750 diff=-0.030162 abs_err=0.030162
INFO | EPOCH_059 | [B=19, T=4, D=11] true=0.331337 pred=0.336317 diff=+0.004980 abs_err=0.004980
INFO | EPOCH_059 | [B=34, T=8, D=6] true=0.405465 pred=0.437647 diff=+0.032182 abs_err=0.032182
INFO | EPOCH_059 | [B=24, T=17, D=11] true=0.334297 pred=0.332632 diff=-0.001665 abs_err=0.001665
INFO | EPOCH_059 | [B=11, T=14, D=6] true=0.832972 pred=0.836716 diff=+0.003744 abs_err=0.003744
INFO | EPOCH_059 | [B=29, T=18, D=2] true=0.350274 pred=0.354473 diff=+0.004198 abs_err=0.004198
INFO | EPOCH_059 | [B=55, T=1, D=9] true=0.553829 pred=0.543575 diff=-0.010255 abs_err=0.010255
INFO | EPOCH_059 | [B=16, T=22, D=0] true=0.734918 pred=0.723118 diff=-0.011800 abs_err=0.011800
INFO | EPOCH_059 | [B=57, T=18, D=3] true=0.745052 pred=0.617085 diff=-0.127967 abs_err=0.127967
INFO | EPOCH_059 | [B=42, T=27, D=2] true=0.367514 pred=0.327238 diff=-0.040277 abs_err=0.040277
INFO | EPOCH_059 | TOP 5 WORST masked points (largest abs_err):
INFO | EPOCH_059 | [B=35, T=20, D=3] true=0.370831 pred=0.698207 diff=+0.327376 abs_err=0.327376
INFO | EPOCH_059 | [B=51, T=24, D=6] true=0.759273 pred=0.466937 diff=-0.292336 abs_err=0.292336
INFO | EPOCH_059 | [B=46, T=14, D=2] true=0.574291 pred=0.311317 diff=-0.262974 abs_err=0.262974
INFO | EPOCH_059 | [B=36, T=17, D=9] true=0.751326 pred=0.493928 diff=-0.257398 abs_err=0.257398
INFO | EPOCH_059 | [B=36, T=28, D=9] true=0.747361 pred=0.493830 diff=-0.253531 abs_err=0.253531
INFO | EPOCH_059 | TOP 5 BEST/CORRECT masked points (smallest abs_err):
INFO | EPOCH_059 | [B=34, T=11, D=11] true=0.319087 pred=0.319088 diff=+0.000001 abs_err=0.000001
INFO | EPOCH_059 | [B=4, T=1, D=8] true=0.440279 pred=0.440277 diff=-0.000002 abs_err=0.000002
INFO | EPOCH_059 | [B=5, T=20, D=10] true=0.459447 pred=0.459454 diff=+0.000007 abs_err=0.000007
INFO | EPOCH_059 | [B=10, T=0, D=3] true=0.728771 pred=0.728763 diff=-0.000008 abs_err=0.000008
INFO | EPOCH_059 | [B=9, T=5, D=11] true=0.339548 pred=0.339538 diff=-0.000010 abs_err=0.000010
INFO | EPOCH_069 | RANDOM 15 masked points (true, pred, diff, abs_err):
INFO | EPOCH_069 | [B=58, T=18, D=11] true=0.366130 pred=0.359709 diff=-0.006422 abs_err=0.006422
INFO | EPOCH_069 | [B=4, T=0, D=6] true=0.630369 pred=0.644414 diff=+0.014044 abs_err=0.014044
INFO | EPOCH_069 | [B=17, T=21, D=2] true=0.337823 pred=0.340584 diff=+0.002761 abs_err=0.002761
INFO | EPOCH_069 | [B=58, T=9, D=10] true=0.573736 pred=0.595643 diff=+0.021906 abs_err=0.021906
INFO | EPOCH_069 | [B=41, T=26, D=2] true=0.308250 pred=0.323193 diff=+0.014943 abs_err=0.014943
INFO | EPOCH_069 | [B=25, T=21, D=6] true=0.648183 pred=0.638496 diff=-0.009687 abs_err=0.009687
INFO | EPOCH_069 | [B=62, T=3, D=11] true=0.346578 pred=0.360524 diff=+0.013946 abs_err=0.013946
INFO | EPOCH_069 | [B=55, T=29, D=7] true=0.468028 pred=0.468056 diff=+0.000028 abs_err=0.000028
INFO | EPOCH_069 | [B=53, T=3, D=4] true=0.469167 pred=0.486295 diff=+0.017129 abs_err=0.017129
INFO | EPOCH_069 | [B=1, T=27, D=1] true=0.513039 pred=0.554067 diff=+0.041028 abs_err=0.041028
INFO | EPOCH_069 | [B=6, T=2, D=5] true=0.346624 pred=0.353507 diff=+0.006883 abs_err=0.006883
INFO | EPOCH_069 | [B=43, T=29, D=0] true=0.503854 pred=0.520553 diff=+0.016700 abs_err=0.016700
INFO | EPOCH_069 | [B=9, T=13, D=6] true=0.629511 pred=0.619406 diff=-0.010105 abs_err=0.010105
INFO | EPOCH_069 | [B=13, T=11, D=2] true=0.339651 pred=0.331431 diff=-0.008220 abs_err=0.008220
INFO | EPOCH_069 | [B=1, T=31, D=5] true=0.366027 pred=0.367535 diff=+0.001508 abs_err=0.001508
INFO | EPOCH_069 | TOP 5 WORST masked points (largest abs_err):
INFO | EPOCH_069 | [B=39, T=23, D=3] true=0.466641 pred=0.788264 diff=+0.321623 abs_err=0.321623
INFO | EPOCH_069 | [B=60, T=21, D=6] true=0.464913 pred=0.785132 diff=+0.320219 abs_err=0.320219
INFO | EPOCH_069 | [B=60, T=15, D=6] true=0.465808 pred=0.785120 diff=+0.319313 abs_err=0.319313
INFO | EPOCH_069 | [B=60, T=8, D=6] true=0.465857 pred=0.785055 diff=+0.319198 abs_err=0.319198
INFO | EPOCH_069 | [B=7, T=3, D=0] true=0.919247 pred=0.602256 diff=-0.316991 abs_err=0.316991
INFO | EPOCH_069 | TOP 5 BEST/CORRECT masked points (smallest abs_err):
INFO | EPOCH_069 | [B=11, T=9, D=0] true=0.682871 pred=0.682870 diff=-0.000002 abs_err=0.000002
INFO | EPOCH_069 | [B=62, T=8, D=11] true=0.409801 pred=0.409803 diff=+0.000002 abs_err=0.000002
INFO | EPOCH_069 | [B=19, T=5, D=5] true=0.325689 pred=0.325693 diff=+0.000003 abs_err=0.000003
INFO | EPOCH_069 | [B=5, T=8, D=1] true=0.526476 pred=0.526480 diff=+0.000005 abs_err=0.000005
INFO | EPOCH_069 | [B=48, T=0, D=3] true=0.636794 pred=0.636787 diff=-0.000007 abs_err=0.000007
INFO | EPOCH_079 | RANDOM 15 masked points (true, pred, diff, abs_err):
INFO | EPOCH_079 | [B=0, T=18, D=3] true=0.746658 pred=0.758450 diff=+0.011792 abs_err=0.011792
INFO | EPOCH_079 | [B=61, T=8, D=9] true=0.808073 pred=0.817552 diff=+0.009479 abs_err=0.009479
INFO | EPOCH_079 | [B=58, T=16, D=9] true=0.710850 pred=0.716788 diff=+0.005937 abs_err=0.005937
INFO | EPOCH_079 | [B=61, T=19, D=6] true=0.747508 pred=0.706403 diff=-0.041105 abs_err=0.041105
INFO | EPOCH_079 | [B=4, T=0, D=8] true=0.381109 pred=0.368532 diff=-0.012577 abs_err=0.012577
INFO | EPOCH_079 | [B=45, T=10, D=6] true=0.666595 pred=0.635560 diff=-0.031035 abs_err=0.031035
INFO | EPOCH_079 | [B=15, T=15, D=3] true=0.731640 pred=0.738766 diff=+0.007127 abs_err=0.007127
INFO | EPOCH_079 | [B=39, T=22, D=3] true=0.704722 pred=0.703371 diff=-0.001352 abs_err=0.001352
INFO | EPOCH_079 | [B=24, T=8, D=5] true=0.297611 pred=0.311192 diff=+0.013582 abs_err=0.013582
INFO | EPOCH_079 | [B=15, T=29, D=11] true=0.394917 pred=0.374712 diff=-0.020204 abs_err=0.020204
INFO | EPOCH_079 | [B=41, T=5, D=0] true=0.638159 pred=0.631173 diff=-0.006986 abs_err=0.006986
INFO | EPOCH_079 | [B=53, T=13, D=6] true=0.505723 pred=0.522754 diff=+0.017030 abs_err=0.017030
INFO | EPOCH_079 | [B=14, T=16, D=2] true=0.358432 pred=0.345632 diff=-0.012800 abs_err=0.012800
INFO | EPOCH_079 | [B=29, T=20, D=7] true=0.562569 pred=0.570188 diff=+0.007618 abs_err=0.007618
INFO | EPOCH_079 | [B=32, T=14, D=3] true=0.606913 pred=0.633018 diff=+0.026104 abs_err=0.026104
INFO | EPOCH_079 | TOP 5 WORST masked points (largest abs_err):
INFO | EPOCH_079 | [B=25, T=9, D=9] true=0.784880 pred=0.535029 diff=-0.249851 abs_err=0.249851
INFO | EPOCH_079 | [B=49, T=9, D=10] true=0.358823 pred=0.585889 diff=+0.227065 abs_err=0.227065
INFO | EPOCH_079 | [B=28, T=13, D=10] true=0.361528 pred=0.586009 diff=+0.224481 abs_err=0.224481
INFO | EPOCH_079 | [B=49, T=15, D=10] true=0.364645 pred=0.585875 diff=+0.221230 abs_err=0.221230
INFO | EPOCH_079 | [B=41, T=26, D=9] true=0.727412 pred=0.513474 diff=-0.213938 abs_err=0.213938
INFO | EPOCH_079 | TOP 5 BEST/CORRECT masked points (smallest abs_err):
INFO | EPOCH_079 | [B=42, T=16, D=4] true=0.596158 pred=0.596159 diff=+0.000000 abs_err=0.000000
INFO | EPOCH_079 | [B=42, T=24, D=3] true=0.703588 pred=0.703590 diff=+0.000002 abs_err=0.000002
INFO | EPOCH_079 | [B=42, T=20, D=6] true=0.444904 pred=0.444907 diff=+0.000003 abs_err=0.000003
INFO | EPOCH_079 | [B=56, T=2, D=8] true=0.386498 pred=0.386505 diff=+0.000007 abs_err=0.000007
INFO | EPOCH_079 | [B=34, T=15, D=6] true=0.649355 pred=0.649346 diff=-0.000009 abs_err=0.000009
INFO | EPOCH_089 | RANDOM 15 masked points (true, pred, diff, abs_err):
INFO | EPOCH_089 | [B=44, T=13, D=11] true=0.305929 pred=0.338869 diff=+0.032940 abs_err=0.032940
INFO | EPOCH_089 | [B=18, T=16, D=1] true=0.460186 pred=0.481340 diff=+0.021154 abs_err=0.021154
INFO | EPOCH_089 | [B=13, T=22, D=3] true=0.612815 pred=0.613435 diff=+0.000620 abs_err=0.000620
INFO | EPOCH_089 | [B=15, T=11, D=7] true=0.543611 pred=0.551098 diff=+0.007487 abs_err=0.007487
INFO | EPOCH_089 | [B=30, T=22, D=10] true=0.483136 pred=0.496550 diff=+0.013415 abs_err=0.013415
INFO | EPOCH_089 | [B=31, T=7, D=2] true=0.376794 pred=0.360061 diff=-0.016732 abs_err=0.016732
INFO | EPOCH_089 | [B=50, T=22, D=10] true=0.585723 pred=0.594008 diff=+0.008285 abs_err=0.008285
INFO | EPOCH_089 | [B=12, T=0, D=3] true=0.633936 pred=0.609246 diff=-0.024691 abs_err=0.024691
INFO | EPOCH_089 | [B=44, T=12, D=4] true=0.495901 pred=0.502302 diff=+0.006401 abs_err=0.006401
INFO | EPOCH_089 | [B=4, T=29, D=6] true=0.490162 pred=0.459794 diff=-0.030368 abs_err=0.030368
INFO | EPOCH_089 | [B=17, T=1, D=9] true=0.500213 pred=0.504812 diff=+0.004599 abs_err=0.004599
INFO | EPOCH_089 | [B=20, T=26, D=3] true=0.567467 pred=0.576814 diff=+0.009347 abs_err=0.009347
INFO | EPOCH_089 | [B=39, T=24, D=4] true=0.492490 pred=0.498564 diff=+0.006074 abs_err=0.006074
INFO | EPOCH_089 | [B=18, T=22, D=4] true=0.502994 pred=0.462945 diff=-0.040050 abs_err=0.040050
INFO | EPOCH_089 | [B=20, T=21, D=5] true=0.262127 pred=0.306415 diff=+0.044289 abs_err=0.044289
INFO | EPOCH_089 | TOP 5 WORST masked points (largest abs_err):
INFO | EPOCH_089 | [B=28, T=19, D=11] true=0.067170 pred=0.374628 diff=+0.307458 abs_err=0.307458
INFO | EPOCH_089 | [B=43, T=7, D=11] true=0.595146 pred=0.291380 diff=-0.303766 abs_err=0.303766
INFO | EPOCH_089 | [B=44, T=20, D=6] true=0.319519 pred=0.611508 diff=+0.291989 abs_err=0.291989
INFO | EPOCH_089 | [B=44, T=18, D=6] true=0.321752 pred=0.611553 diff=+0.289802 abs_err=0.289802
INFO | EPOCH_089 | [B=9, T=18, D=6] true=0.737381 pred=0.452723 diff=-0.284658 abs_err=0.284658
INFO | EPOCH_089 | TOP 5 BEST/CORRECT masked points (smallest abs_err):
INFO | EPOCH_089 | [B=45, T=2, D=5] true=0.293064 pred=0.293057 diff=-0.000008 abs_err=0.000008
INFO | EPOCH_089 | [B=49, T=3, D=8] true=0.345906 pred=0.345898 diff=-0.000008 abs_err=0.000008
INFO | EPOCH_089 | [B=37, T=5, D=4] true=0.492152 pred=0.492143 diff=-0.000009 abs_err=0.000009
INFO | EPOCH_089 | [B=37, T=24, D=0] true=0.698786 pred=0.698776 diff=-0.000010 abs_err=0.000010
INFO | EPOCH_089 | [B=11, T=11, D=11] true=0.350031 pred=0.350017 diff=-0.000014 abs_err=0.000014
INFO | EPOCH_099 | RANDOM 15 masked points (true, pred, diff, abs_err):
INFO | EPOCH_099 | [B=54, T=30, D=0] true=0.524382 pred=0.527289 diff=+0.002907 abs_err=0.002907
INFO | EPOCH_099 | [B=34, T=1, D=8] true=0.456551 pred=0.441212 diff=-0.015339 abs_err=0.015339
INFO | EPOCH_099 | [B=14, T=8, D=5] true=0.365544 pred=0.353551 diff=-0.011994 abs_err=0.011994
INFO | EPOCH_099 | [B=61, T=18, D=10] true=0.557377 pred=0.508835 diff=-0.048542 abs_err=0.048542
INFO | EPOCH_099 | [B=39, T=13, D=1] true=0.456271 pred=0.523728 diff=+0.067457 abs_err=0.067457
INFO | EPOCH_099 | [B=58, T=10, D=0] true=0.611513 pred=0.609406 diff=-0.002107 abs_err=0.002107
INFO | EPOCH_099 | [B=20, T=25, D=2] true=0.360532 pred=0.345959 diff=-0.014573 abs_err=0.014573
INFO | EPOCH_099 | [B=58, T=3, D=7] true=0.507108 pred=0.521971 diff=+0.014863 abs_err=0.014863
INFO | EPOCH_099 | [B=6, T=14, D=9] true=0.692491 pred=0.589616 diff=-0.102876 abs_err=0.102876
INFO | EPOCH_099 | [B=1, T=6, D=6] true=0.717161 pred=0.713434 diff=-0.003727 abs_err=0.003727
INFO | EPOCH_099 | [B=13, T=18, D=5] true=0.357146 pred=0.349578 diff=-0.007568 abs_err=0.007568
INFO | EPOCH_099 | [B=29, T=13, D=0] true=0.630302 pred=0.626474 diff=-0.003828 abs_err=0.003828
INFO | EPOCH_099 | [B=3, T=25, D=4] true=0.429588 pred=0.431619 diff=+0.002032 abs_err=0.002032
INFO | EPOCH_099 | [B=14, T=2, D=6] true=0.834553 pred=0.857201 diff=+0.022648 abs_err=0.022648
INFO | EPOCH_099 | [B=37, T=0, D=2] true=0.320867 pred=0.314757 diff=-0.006110 abs_err=0.006110
INFO | EPOCH_099 | TOP 5 WORST masked points (largest abs_err):
INFO | EPOCH_099 | [B=26, T=8, D=6] true=0.498543 pred=0.836583 diff=+0.338040 abs_err=0.338040
INFO | EPOCH_099 | [B=21, T=18, D=6] true=0.852520 pred=0.519033 diff=-0.333486 abs_err=0.333486
INFO | EPOCH_099 | [B=14, T=11, D=6] true=0.320333 pred=0.631727 diff=+0.311394 abs_err=0.311394
INFO | EPOCH_099 | [B=14, T=5, D=6] true=0.323984 pred=0.631787 diff=+0.307803 abs_err=0.307803
INFO | EPOCH_099 | [B=21, T=9, D=6] true=0.824685 pred=0.519816 diff=-0.304868 abs_err=0.304868
INFO | EPOCH_099 | TOP 5 BEST/CORRECT masked points (smallest abs_err):
INFO | EPOCH_099 | [B=40, T=15, D=3] true=0.684767 pred=0.684768 diff=+0.000001 abs_err=0.000001
INFO | EPOCH_099 | [B=49, T=18, D=4] true=0.435766 pred=0.435771 diff=+0.000005 abs_err=0.000005
INFO | EPOCH_099 | [B=26, T=27, D=4] true=0.573570 pred=0.573565 diff=-0.000005 abs_err=0.000005
INFO | EPOCH_099 | [B=40, T=26, D=0] true=0.672678 pred=0.672689 diff=+0.000012 abs_err=0.000012
INFO | EPOCH_099 | [B=32, T=11, D=6] true=0.446300 pred=0.446312 diff=+0.000012 abs_err=0.000012
INFO | EPOCH_109 | RANDOM 15 masked points (true, pred, diff, abs_err):
INFO | EPOCH_109 | [B=31, T=10, D=11] true=0.380954 pred=0.366292 diff=-0.014662 abs_err=0.014662
INFO | EPOCH_109 | [B=26, T=26, D=10] true=0.562343 pred=0.581081 diff=+0.018738 abs_err=0.018738
INFO | EPOCH_109 | [B=48, T=0, D=10] true=0.481836 pred=0.505594 diff=+0.023758 abs_err=0.023758
INFO | EPOCH_109 | [B=54, T=5, D=10] true=0.477668 pred=0.486794 diff=+0.009127 abs_err=0.009127
INFO | EPOCH_109 | [B=19, T=23, D=3] true=0.512602 pred=0.535357 diff=+0.022756 abs_err=0.022756
INFO | EPOCH_109 | [B=32, T=14, D=3] true=0.658248 pred=0.683934 diff=+0.025686 abs_err=0.025686
INFO | EPOCH_109 | [B=30, T=12, D=5] true=0.316176 pred=0.316497 diff=+0.000321 abs_err=0.000321
INFO | EPOCH_109 | [B=8, T=30, D=1] true=0.632806 pred=0.575257 diff=-0.057548 abs_err=0.057548
INFO | EPOCH_109 | [B=6, T=26, D=3] true=0.615924 pred=0.616759 diff=+0.000836 abs_err=0.000836
INFO | EPOCH_109 | [B=63, T=3, D=8] true=0.368220 pred=0.399490 diff=+0.031270 abs_err=0.031270
INFO | EPOCH_109 | [B=9, T=26, D=4] true=0.575130 pred=0.568781 diff=-0.006349 abs_err=0.006349
INFO | EPOCH_109 | [B=32, T=10, D=9] true=0.785272 pred=0.804053 diff=+0.018781 abs_err=0.018781
INFO | EPOCH_109 | [B=23, T=15, D=1] true=0.493659 pred=0.466477 diff=-0.027182 abs_err=0.027182
INFO | EPOCH_109 | [B=60, T=4, D=10] true=0.445748 pred=0.456025 diff=+0.010277 abs_err=0.010277
INFO | EPOCH_109 | [B=19, T=19, D=2] true=0.360520 pred=0.353643 diff=-0.006877 abs_err=0.006877
INFO | EPOCH_109 | TOP 5 WORST masked points (largest abs_err):
INFO | EPOCH_109 | [B=47, T=24, D=6] true=0.508596 pred=0.879947 diff=+0.371351 abs_err=0.371351
INFO | EPOCH_109 | [B=47, T=28, D=9] true=0.476679 pred=0.824157 diff=+0.347479 abs_err=0.347479
INFO | EPOCH_109 | [B=45, T=4, D=0] true=0.425711 pred=0.703914 diff=+0.278203 abs_err=0.278203
INFO | EPOCH_109 | [B=7, T=7, D=0] true=0.760210 pred=0.491271 diff=-0.268939 abs_err=0.268939
INFO | EPOCH_109 | [B=0, T=28, D=9] true=0.750030 pred=0.493950 diff=-0.256080 abs_err=0.256080
INFO | EPOCH_109 | TOP 5 BEST/CORRECT masked points (smallest abs_err):
INFO | EPOCH_109 | [B=36, T=2, D=1] true=0.446482 pred=0.446485 diff=+0.000003 abs_err=0.000003
INFO | EPOCH_109 | [B=32, T=20, D=10] true=0.492314 pred=0.492317 diff=+0.000003 abs_err=0.000003
INFO | EPOCH_109 | [B=61, T=0, D=4] true=0.478112 pred=0.478106 diff=-0.000005 abs_err=0.000005
INFO | EPOCH_109 | [B=33, T=16, D=7] true=0.459416 pred=0.459421 diff=+0.000006 abs_err=0.000006
INFO | EPOCH_109 | [B=58, T=28, D=11] true=0.406042 pred=0.406048 diff=+0.000006 abs_err=0.000006
INFO | EPOCH_119 | RANDOM 15 masked points (true, pred, diff, abs_err):
INFO | EPOCH_119 | [B=11, T=3, D=9] true=0.581046 pred=0.579316 diff=-0.001730 abs_err=0.001730
INFO | EPOCH_119 | [B=61, T=21, D=9] true=0.563308 pred=0.605056 diff=+0.041748 abs_err=0.041748
INFO | EPOCH_119 | [B=57, T=17, D=6] true=0.785871 pred=0.717156 diff=-0.068716 abs_err=0.068716
INFO | EPOCH_119 | [B=0, T=7, D=10] true=0.452236 pred=0.444768 diff=-0.007467 abs_err=0.007467
INFO | EPOCH_119 | [B=42, T=17, D=9] true=0.848018 pred=0.804207 diff=-0.043810 abs_err=0.043810
INFO | EPOCH_119 | [B=9, T=9, D=6] true=0.667516 pred=0.632974 diff=-0.034542 abs_err=0.034542
INFO | EPOCH_119 | [B=50, T=12, D=1] true=0.475427 pred=0.459560 diff=-0.015867 abs_err=0.015867
INFO | EPOCH_119 | [B=25, T=0, D=8] true=0.310403 pred=0.320025 diff=+0.009622 abs_err=0.009622
INFO | EPOCH_119 | [B=33, T=18, D=2] true=0.383123 pred=0.370794 diff=-0.012329 abs_err=0.012329
INFO | EPOCH_119 | [B=6, T=0, D=10] true=0.478711 pred=0.478656 diff=-0.000056 abs_err=0.000056
INFO | EPOCH_119 | [B=15, T=25, D=1] true=0.520979 pred=0.529255 diff=+0.008276 abs_err=0.008276
INFO | EPOCH_119 | [B=5, T=23, D=3] true=0.713352 pred=0.658408 diff=-0.054944 abs_err=0.054944
INFO | EPOCH_119 | [B=22, T=19, D=5] true=0.306133 pred=0.321135 diff=+0.015003 abs_err=0.015003
INFO | EPOCH_119 | [B=54, T=26, D=3] true=0.787841 pred=0.685974 diff=-0.101868 abs_err=0.101868
INFO | EPOCH_119 | [B=2, T=0, D=9] true=0.562303 pred=0.548265 diff=-0.014038 abs_err=0.014038
INFO | EPOCH_119 | TOP 5 WORST masked points (largest abs_err):
INFO | EPOCH_119 | [B=17, T=6, D=6] true=0.311567 pred=0.755687 diff=+0.444120 abs_err=0.444120
INFO | EPOCH_119 | [B=17, T=2, D=6] true=0.312481 pred=0.755714 diff=+0.443232 abs_err=0.443232
INFO | EPOCH_119 | [B=37, T=28, D=6] true=0.994352 pred=0.664287 diff=-0.330065 abs_err=0.330065
INFO | EPOCH_119 | [B=55, T=27, D=9] true=0.457679 pred=0.744349 diff=+0.286669 abs_err=0.286669
INFO | EPOCH_119 | [B=31, T=11, D=3] true=0.473188 pred=0.723460 diff=+0.250272 abs_err=0.250272
INFO | EPOCH_119 | TOP 5 BEST/CORRECT masked points (smallest abs_err):
INFO | EPOCH_119 | [B=28, T=5, D=1] true=0.542312 pred=0.542314 diff=+0.000001 abs_err=0.000001
INFO | EPOCH_119 | [B=31, T=13, D=2] true=0.333785 pred=0.333789 diff=+0.000004 abs_err=0.000004
INFO | EPOCH_119 | [B=45, T=4, D=8] true=0.342034 pred=0.342039 diff=+0.000005 abs_err=0.000005
INFO | EPOCH_119 | [B=0, T=14, D=11] true=0.400101 pred=0.400096 diff=-0.000006 abs_err=0.000006
INFO | EPOCH_119 | [B=2, T=15, D=1] true=0.512000 pred=0.511994 diff=-0.000006 abs_err=0.000006
INFO | EPOCH_129 | RANDOM 15 masked points (true, pred, diff, abs_err):
INFO | EPOCH_129 | [B=50, T=3, D=5] true=0.365722 pred=0.348639 diff=-0.017083 abs_err=0.017083
INFO | EPOCH_129 | [B=7, T=10, D=2] true=0.345507 pred=0.317981 diff=-0.027525 abs_err=0.027525
INFO | EPOCH_129 | [B=45, T=18, D=6] true=0.713250 pred=0.712107 diff=-0.001143 abs_err=0.001143
INFO | EPOCH_129 | [B=51, T=12, D=0] true=0.668001 pred=0.655103 diff=-0.012898 abs_err=0.012898
INFO | EPOCH_129 | [B=35, T=0, D=6] true=0.841245 pred=0.862166 diff=+0.020921 abs_err=0.020921
INFO | EPOCH_129 | [B=33, T=13, D=2] true=0.357944 pred=0.355539 diff=-0.002405 abs_err=0.002405
INFO | EPOCH_129 | [B=53, T=26, D=9] true=0.657759 pred=0.645581 diff=-0.012178 abs_err=0.012178
INFO | EPOCH_129 | [B=3, T=25, D=8] true=0.434897 pred=0.418084 diff=-0.016814 abs_err=0.016814
INFO | EPOCH_129 | [B=58, T=12, D=9] true=0.657520 pred=0.656254 diff=-0.001266 abs_err=0.001266
INFO | EPOCH_129 | [B=41, T=23, D=8] true=0.331755 pred=0.315867 diff=-0.015888 abs_err=0.015888
INFO | EPOCH_129 | [B=46, T=6, D=7] true=0.622293 pred=0.558411 diff=-0.063882 abs_err=0.063882
INFO | EPOCH_129 | [B=6, T=15, D=3] true=0.811776 pred=0.720269 diff=-0.091507 abs_err=0.091507
INFO | EPOCH_129 | [B=63, T=17, D=9] true=0.504612 pred=0.533255 diff=+0.028642 abs_err=0.028642
INFO | EPOCH_129 | [B=33, T=28, D=7] true=0.484444 pred=0.475835 diff=-0.008609 abs_err=0.008609
INFO | EPOCH_129 | [B=11, T=15, D=2] true=0.360400 pred=0.340100 diff=-0.020300 abs_err=0.020300
INFO | EPOCH_129 | TOP 5 WORST masked points (largest abs_err):
INFO | EPOCH_129 | [B=46, T=13, D=6] true=0.309158 pred=0.687295 diff=+0.378137 abs_err=0.378137
INFO | EPOCH_129 | [B=46, T=10, D=6] true=0.309465 pred=0.687366 diff=+0.377900 abs_err=0.377900
INFO | EPOCH_129 | [B=26, T=5, D=9] true=0.397682 pred=0.728808 diff=+0.331126 abs_err=0.331126
INFO | EPOCH_129 | [B=17, T=16, D=6] true=0.706091 pred=0.430420 diff=-0.275671 abs_err=0.275671
INFO | EPOCH_129 | [B=49, T=13, D=2] true=0.571675 pred=0.298737 diff=-0.272939 abs_err=0.272939
INFO | EPOCH_129 | TOP 5 BEST/CORRECT masked points (smallest abs_err):
INFO | EPOCH_129 | [B=5, T=10, D=11] true=0.363308 pred=0.363308 diff=+0.000000 abs_err=0.000000
INFO | EPOCH_129 | [B=43, T=1, D=10] true=0.472879 pred=0.472876 diff=-0.000003 abs_err=0.000003
INFO | EPOCH_129 | [B=6, T=27, D=11] true=0.362325 pred=0.362319 diff=-0.000006 abs_err=0.000006
INFO | EPOCH_129 | [B=29, T=13, D=1] true=0.457599 pred=0.457606 diff=+0.000007 abs_err=0.000007
INFO | EPOCH_129 | [B=11, T=15, D=4] true=0.552386 pred=0.552396 diff=+0.000010 abs_err=0.000010
INFO | EPOCH_139 | RANDOM 15 masked points (true, pred, diff, abs_err):
INFO | EPOCH_139 | [B=5, T=21, D=8] true=0.311695 pred=0.321816 diff=+0.010121 abs_err=0.010121
INFO | EPOCH_139 | [B=39, T=5, D=1] true=0.599935 pred=0.583018 diff=-0.016917 abs_err=0.016917
INFO | EPOCH_139 | [B=60, T=4, D=9] true=0.741215 pred=0.699009 diff=-0.042206 abs_err=0.042206
INFO | EPOCH_139 | [B=49, T=27, D=11] true=0.424574 pred=0.389083 diff=-0.035491 abs_err=0.035491
INFO | EPOCH_139 | [B=25, T=19, D=1] true=0.541882 pred=0.512814 diff=-0.029068 abs_err=0.029068
INFO | EPOCH_139 | [B=42, T=3, D=8] true=0.330835 pred=0.329876 diff=-0.000959 abs_err=0.000959
INFO | EPOCH_139 | [B=34, T=25, D=4] true=0.619882 pred=0.570289 diff=-0.049594 abs_err=0.049594
INFO | EPOCH_139 | [B=37, T=0, D=5] true=0.364810 pred=0.348117 diff=-0.016693 abs_err=0.016693
INFO | EPOCH_139 | [B=11, T=5, D=7] true=0.475963 pred=0.478416 diff=+0.002454 abs_err=0.002454
INFO | EPOCH_139 | [B=46, T=13, D=3] true=0.614501 pred=0.607741 diff=-0.006761 abs_err=0.006761
INFO | EPOCH_139 | [B=0, T=18, D=0] true=0.583410 pred=0.582510 diff=-0.000900 abs_err=0.000900
INFO | EPOCH_139 | [B=57, T=8, D=2] true=0.299849 pred=0.335308 diff=+0.035459 abs_err=0.035459
INFO | EPOCH_139 | [B=32, T=13, D=1] true=0.589655 pred=0.575838 diff=-0.013817 abs_err=0.013817
INFO | EPOCH_139 | [B=29, T=29, D=9] true=0.501055 pred=0.532536 diff=+0.031481 abs_err=0.031481
INFO | EPOCH_139 | [B=35, T=16, D=0] true=0.710322 pred=0.701809 diff=-0.008513 abs_err=0.008513
INFO | EPOCH_139 | TOP 5 WORST masked points (largest abs_err):
INFO | EPOCH_139 | [B=51, T=24, D=6] true=0.759273 pred=0.476152 diff=-0.283121 abs_err=0.283121
INFO | EPOCH_139 | [B=51, T=26, D=0] true=0.752228 pred=0.489454 diff=-0.262774 abs_err=0.262774
INFO | EPOCH_139 | [B=36, T=17, D=9] true=0.751326 pred=0.490819 diff=-0.260507 abs_err=0.260507
INFO | EPOCH_139 | [B=36, T=28, D=9] true=0.747361 pred=0.490979 diff=-0.256383 abs_err=0.256383
INFO | EPOCH_139 | [B=36, T=21, D=9] true=0.744100 pred=0.490892 diff=-0.253208 abs_err=0.253208
INFO | EPOCH_139 | TOP 5 BEST/CORRECT masked points (smallest abs_err):
INFO | EPOCH_139 | [B=4, T=20, D=2] true=0.347642 pred=0.347643 diff=+0.000001 abs_err=0.000001
INFO | EPOCH_139 | [B=56, T=3, D=9] true=0.578776 pred=0.578778 diff=+0.000002 abs_err=0.000002
INFO | EPOCH_139 | [B=7, T=23, D=10] true=0.437361 pred=0.437363 diff=+0.000003 abs_err=0.000003
INFO | EPOCH_139 | [B=29, T=24, D=5] true=0.314972 pred=0.314978 diff=+0.000006 abs_err=0.000006
INFO | EPOCH_139 | [B=30, T=23, D=5] true=0.296964 pred=0.296957 diff=-0.000007 abs_err=0.000007
INFO | EPOCH_149 | RANDOM 15 masked points (true, pred, diff, abs_err):
INFO | EPOCH_149 | [B=52, T=17, D=10] true=0.579888 pred=0.574550 diff=-0.005339 abs_err=0.005339
INFO | EPOCH_149 | [B=45, T=25, D=2] true=0.275317 pred=0.296975 diff=+0.021658 abs_err=0.021658
INFO | EPOCH_149 | [B=14, T=9, D=3] true=0.777423 pred=0.754403 diff=-0.023020 abs_err=0.023020
INFO | EPOCH_149 | [B=32, T=14, D=11] true=0.400947 pred=0.347993 diff=-0.052954 abs_err=0.052954
INFO | EPOCH_149 | [B=54, T=1, D=11] true=0.336854 pred=0.391537 diff=+0.054683 abs_err=0.054683
INFO | EPOCH_149 | [B=52, T=13, D=9] true=0.752317 pred=0.578119 diff=-0.174198 abs_err=0.174198
INFO | EPOCH_149 | [B=41, T=1, D=2] true=0.348106 pred=0.333678 diff=-0.014428 abs_err=0.014428
INFO | EPOCH_149 | [B=63, T=11, D=8] true=0.383672 pred=0.356254 diff=-0.027418 abs_err=0.027418
INFO | EPOCH_149 | [B=50, T=24, D=1] true=0.482269 pred=0.473691 diff=-0.008577 abs_err=0.008577
INFO | EPOCH_149 | [B=14, T=19, D=10] true=0.436333 pred=0.428704 diff=-0.007629 abs_err=0.007629
INFO | EPOCH_149 | [B=37, T=10, D=6] true=0.536721 pred=0.596975 diff=+0.060254 abs_err=0.060254
INFO | EPOCH_149 | [B=7, T=5, D=10] true=0.459505 pred=0.452594 diff=-0.006911 abs_err=0.006911
INFO | EPOCH_149 | [B=16, T=17, D=3] true=0.774223 pred=0.759808 diff=-0.014414 abs_err=0.014414
INFO | EPOCH_149 | [B=30, T=0, D=1] true=0.472854 pred=0.456956 diff=-0.015898 abs_err=0.015898
INFO | EPOCH_149 | [B=11, T=29, D=5] true=0.332339 pred=0.317903 diff=-0.014437 abs_err=0.014437
INFO | EPOCH_149 | TOP 5 WORST masked points (largest abs_err):
INFO | EPOCH_149 | [B=35, T=20, D=3] true=0.370831 pred=0.683066 diff=+0.312235 abs_err=0.312235
INFO | EPOCH_149 | [B=46, T=14, D=2] true=0.574291 pred=0.304672 diff=-0.269619 abs_err=0.269619
INFO | EPOCH_149 | [B=0, T=1, D=3] true=0.475696 pred=0.726896 diff=+0.251201 abs_err=0.251201
INFO | EPOCH_149 | [B=0, T=5, D=3] true=0.478249 pred=0.726995 diff=+0.248747 abs_err=0.248747
INFO | EPOCH_149 | [B=0, T=12, D=3] true=0.481935 pred=0.727147 diff=+0.245212 abs_err=0.245212
INFO | EPOCH_149 | TOP 5 BEST/CORRECT masked points (smallest abs_err):
INFO | EPOCH_149 | [B=26, T=23, D=6] true=0.674429 pred=0.674429 diff=+0.000000 abs_err=0.000000
INFO | EPOCH_149 | [B=8, T=19, D=5] true=0.354960 pred=0.354969 diff=+0.000009 abs_err=0.000009
INFO | EPOCH_149 | [B=30, T=16, D=11] true=0.353812 pred=0.353821 diff=+0.000009 abs_err=0.000009
INFO | EPOCH_149 | [B=50, T=11, D=1] true=0.473306 pred=0.473330 diff=+0.000024 abs_err=0.000024
INFO | EPOCH_149 | [B=21, T=28, D=8] true=0.375720 pred=0.375695 diff=-0.000025 abs_err=0.000025
INFO | EPOCH_159 | RANDOM 15 masked points (true, pred, diff, abs_err):
INFO | EPOCH_159 | [B=27, T=3, D=6] true=0.604157 pred=0.607711 diff=+0.003555 abs_err=0.003555
INFO | EPOCH_159 | [B=54, T=27, D=4] true=0.475165 pred=0.473904 diff=-0.001261 abs_err=0.001261
INFO | EPOCH_159 | [B=57, T=7, D=5] true=0.314723 pred=0.317646 diff=+0.002923 abs_err=0.002923
INFO | EPOCH_159 | [B=52, T=12, D=5] true=0.328783 pred=0.334614 diff=+0.005832 abs_err=0.005832
INFO | EPOCH_159 | [B=37, T=25, D=2] true=0.298471 pred=0.324944 diff=+0.026472 abs_err=0.026472
INFO | EPOCH_159 | [B=4, T=19, D=6] true=0.553816 pred=0.560203 diff=+0.006387 abs_err=0.006387
INFO | EPOCH_159 | [B=26, T=15, D=1] true=0.516044 pred=0.528225 diff=+0.012180 abs_err=0.012180
INFO | EPOCH_159 | [B=60, T=17, D=1] true=0.497434 pred=0.497224 diff=-0.000210 abs_err=0.000210
INFO | EPOCH_159 | [B=11, T=18, D=0] true=0.702195 pred=0.710161 diff=+0.007966 abs_err=0.007966
INFO | EPOCH_159 | [B=58, T=21, D=3] true=0.692555 pred=0.762595 diff=+0.070039 abs_err=0.070039
INFO | EPOCH_159 | [B=56, T=13, D=10] true=0.484453 pred=0.483577 diff=-0.000876 abs_err=0.000876
INFO | EPOCH_159 | [B=0, T=16, D=10] true=0.469303 pred=0.474849 diff=+0.005546 abs_err=0.005546
INFO | EPOCH_159 | [B=4, T=1, D=5] true=0.334135 pred=0.348575 diff=+0.014440 abs_err=0.014440
INFO | EPOCH_159 | [B=15, T=15, D=4] true=0.544704 pred=0.542010 diff=-0.002695 abs_err=0.002695
INFO | EPOCH_159 | [B=29, T=8, D=5] true=0.365586 pred=0.343852 diff=-0.021734 abs_err=0.021734
INFO | EPOCH_159 | TOP 5 WORST masked points (largest abs_err):
INFO | EPOCH_159 | [B=7, T=3, D=0] true=0.919247 pred=0.593708 diff=-0.325539 abs_err=0.325539
INFO | EPOCH_159 | [B=60, T=21, D=6] true=0.464913 pred=0.778961 diff=+0.314049 abs_err=0.314049
INFO | EPOCH_159 | [B=60, T=15, D=6] true=0.465808 pred=0.778889 diff=+0.313081 abs_err=0.313081
INFO | EPOCH_159 | [B=60, T=8, D=6] true=0.465857 pred=0.778747 diff=+0.312891 abs_err=0.312891
INFO | EPOCH_159 | [B=39, T=23, D=3] true=0.466641 pred=0.769282 diff=+0.302640 abs_err=0.302640
INFO | EPOCH_159 | TOP 5 BEST/CORRECT masked points (smallest abs_err):
INFO | EPOCH_159 | [B=32, T=3, D=0] true=0.621455 pred=0.621455 diff=+0.000000 abs_err=0.000000
INFO | EPOCH_159 | [B=33, T=16, D=7] true=0.574139 pred=0.574137 diff=-0.000002 abs_err=0.000002
INFO | EPOCH_159 | [B=19, T=10, D=1] true=0.543063 pred=0.543065 diff=+0.000002 abs_err=0.000002
INFO | EPOCH_159 | [B=19, T=20, D=11] true=0.352439 pred=0.352433 diff=-0.000007 abs_err=0.000007
INFO | EPOCH_159 | [B=5, T=8, D=0] true=0.557713 pred=0.557704 diff=-0.000009 abs_err=0.000009
INFO | EPOCH_169 | RANDOM 15 masked points (true, pred, diff, abs_err):
INFO | EPOCH_169 | [B=7, T=9, D=0] true=0.737339 pred=0.720384 diff=-0.016955 abs_err=0.016955
INFO | EPOCH_169 | [B=19, T=12, D=11] true=0.295286 pred=0.346707 diff=+0.051421 abs_err=0.051421
INFO | EPOCH_169 | [B=15, T=0, D=6] true=0.745293 pred=0.752505 diff=+0.007212 abs_err=0.007212
INFO | EPOCH_169 | [B=44, T=7, D=11] true=0.398998 pred=0.410110 diff=+0.011112 abs_err=0.011112
INFO | EPOCH_169 | [B=32, T=16, D=6] true=0.623104 pred=0.626531 diff=+0.003428 abs_err=0.003428
INFO | EPOCH_169 | [B=48, T=24, D=9] true=0.722340 pred=0.673575 diff=-0.048765 abs_err=0.048765
INFO | EPOCH_169 | [B=29, T=23, D=6] true=0.643667 pred=0.632529 diff=-0.011138 abs_err=0.011138
INFO | EPOCH_169 | [B=6, T=15, D=9] true=0.508452 pred=0.520149 diff=+0.011696 abs_err=0.011696
INFO | EPOCH_169 | [B=31, T=29, D=1] true=0.535040 pred=0.504874 diff=-0.030167 abs_err=0.030167
INFO | EPOCH_169 | [B=49, T=25, D=3] true=0.772675 pred=0.753347 diff=-0.019328 abs_err=0.019328
INFO | EPOCH_169 | [B=47, T=9, D=2] true=0.348328 pred=0.357610 diff=+0.009282 abs_err=0.009282
INFO | EPOCH_169 | [B=31, T=26, D=11] true=0.308271 pred=0.299584 diff=-0.008687 abs_err=0.008687
INFO | EPOCH_169 | [B=16, T=20, D=8] true=0.467816 pred=0.433106 diff=-0.034710 abs_err=0.034710
INFO | EPOCH_169 | [B=16, T=23, D=4] true=0.623802 pred=0.595819 diff=-0.027983 abs_err=0.027983
INFO | EPOCH_169 | [B=12, T=15, D=0] true=0.634072 pred=0.630558 diff=-0.003514 abs_err=0.003514
INFO | EPOCH_169 | TOP 5 WORST masked points (largest abs_err):
INFO | EPOCH_169 | [B=28, T=19, D=11] true=0.067170 pred=0.380240 diff=+0.313071 abs_err=0.313071
INFO | EPOCH_169 | [B=43, T=7, D=11] true=0.595146 pred=0.303460 diff=-0.291686 abs_err=0.291686
INFO | EPOCH_169 | [B=28, T=19, D=10] true=0.761463 pred=0.481784 diff=-0.279679 abs_err=0.279679
INFO | EPOCH_169 | [B=33, T=10, D=9] true=0.757185 pred=0.478274 diff=-0.278911 abs_err=0.278911
INFO | EPOCH_169 | [B=44, T=7, D=6] true=0.788900 pred=0.516664 diff=-0.272236 abs_err=0.272236
INFO | EPOCH_169 | TOP 5 BEST/CORRECT masked points (smallest abs_err):
INFO | EPOCH_169 | [B=29, T=12, D=7] true=0.421903 pred=0.421902 diff=-0.000001 abs_err=0.000001
INFO | EPOCH_169 | [B=24, T=4, D=4] true=0.517857 pred=0.517853 diff=-0.000004 abs_err=0.000004
INFO | EPOCH_169 | [B=13, T=21, D=5] true=0.344622 pred=0.344618 diff=-0.000004 abs_err=0.000004
INFO | EPOCH_169 | [B=48, T=9, D=7] true=0.483007 pred=0.483012 diff=+0.000004 abs_err=0.000004
INFO | EPOCH_169 | [B=50, T=5, D=8] true=0.384135 pred=0.384130 diff=-0.000005 abs_err=0.000005
INFO | EPOCH_179 | RANDOM 15 masked points (true, pred, diff, abs_err):
INFO | EPOCH_179 | [B=21, T=7, D=11] true=0.293309 pred=0.347762 diff=+0.054453 abs_err=0.054453
INFO | EPOCH_179 | [B=50, T=8, D=9] true=0.495473 pred=0.514228 diff=+0.018755 abs_err=0.018755
INFO | EPOCH_179 | [B=38, T=1, D=0] true=0.586782 pred=0.594281 diff=+0.007499 abs_err=0.007499
INFO | EPOCH_179 | [B=41, T=7, D=10] true=0.497243 pred=0.467727 diff=-0.029516 abs_err=0.029516
INFO | EPOCH_179 | [B=2, T=12, D=5] true=0.294287 pred=0.301716 diff=+0.007428 abs_err=0.007428
INFO | EPOCH_179 | [B=35, T=27, D=8] true=0.470498 pred=0.451725 diff=-0.018773 abs_err=0.018773
INFO | EPOCH_179 | [B=3, T=5, D=6] true=0.497330 pred=0.495184 diff=-0.002146 abs_err=0.002146
INFO | EPOCH_179 | [B=57, T=11, D=3] true=0.600111 pred=0.630667 diff=+0.030555 abs_err=0.030555
INFO | EPOCH_179 | [B=62, T=6, D=4] true=0.436762 pred=0.426161 diff=-0.010601 abs_err=0.010601
INFO | EPOCH_179 | [B=27, T=16, D=5] true=0.345934 pred=0.352421 diff=+0.006486 abs_err=0.006486
INFO | EPOCH_179 | [B=25, T=22, D=11] true=0.362207 pred=0.329821 diff=-0.032387 abs_err=0.032387
INFO | EPOCH_179 | [B=49, T=29, D=8] true=0.361111 pred=0.350107 diff=-0.011004 abs_err=0.011004
INFO | EPOCH_179 | [B=36, T=23, D=7] true=0.473983 pred=0.462633 diff=-0.011350 abs_err=0.011350
INFO | EPOCH_179 | [B=28, T=6, D=7] true=0.434414 pred=0.451416 diff=+0.017002 abs_err=0.017002
INFO | EPOCH_179 | [B=36, T=19, D=0] true=0.688443 pred=0.705279 diff=+0.016836 abs_err=0.016836
INFO | EPOCH_179 | TOP 5 WORST masked points (largest abs_err):
INFO | EPOCH_179 | [B=26, T=8, D=6] true=0.498543 pred=0.852084 diff=+0.353541 abs_err=0.353541
INFO | EPOCH_179 | [B=44, T=20, D=6] true=0.319519 pred=0.629695 diff=+0.310176 abs_err=0.310176
INFO | EPOCH_179 | [B=44, T=18, D=6] true=0.321752 pred=0.629777 diff=+0.308025 abs_err=0.308025
INFO | EPOCH_179 | [B=9, T=18, D=6] true=0.737381 pred=0.454965 diff=-0.282416 abs_err=0.282416
INFO | EPOCH_179 | [B=18, T=11, D=6] true=0.722762 pred=0.440449 diff=-0.282313 abs_err=0.282313
INFO | EPOCH_179 | TOP 5 BEST/CORRECT masked points (smallest abs_err):
INFO | EPOCH_179 | [B=9, T=5, D=1] true=0.475539 pred=0.475541 diff=+0.000002 abs_err=0.000002
INFO | EPOCH_179 | [B=45, T=16, D=5] true=0.395546 pred=0.395540 diff=-0.000006 abs_err=0.000006
INFO | EPOCH_179 | [B=13, T=14, D=1] true=0.488938 pred=0.488930 diff=-0.000009 abs_err=0.000009
INFO | EPOCH_179 | [B=55, T=20, D=6] true=0.455076 pred=0.455086 diff=+0.000010 abs_err=0.000010
INFO | EPOCH_179 | [B=53, T=16, D=4] true=0.436551 pred=0.436566 diff=+0.000015 abs_err=0.000015
INFO | EPOCH_189 | RANDOM 15 masked points (true, pred, diff, abs_err):
INFO | EPOCH_189 | [B=33, T=24, D=9] true=0.532020 pred=0.512739 diff=-0.019280 abs_err=0.019280
INFO | EPOCH_189 | [B=62, T=19, D=10] true=0.567555 pred=0.580000 diff=+0.012446 abs_err=0.012446
INFO | EPOCH_189 | [B=12, T=2, D=1] true=0.547036 pred=0.534845 diff=-0.012191 abs_err=0.012191
INFO | EPOCH_189 | [B=22, T=22, D=6] true=0.642814 pred=0.637103 diff=-0.005711 abs_err=0.005711
INFO | EPOCH_189 | [B=43, T=12, D=3] true=0.587948 pred=0.602359 diff=+0.014411 abs_err=0.014411
INFO | EPOCH_189 | [B=19, T=14, D=3] true=0.635269 pred=0.638190 diff=+0.002921 abs_err=0.002921
INFO | EPOCH_189 | [B=8, T=0, D=5] true=0.349888 pred=0.362260 diff=+0.012372 abs_err=0.012372
INFO | EPOCH_189 | [B=58, T=8, D=9] true=0.583584 pred=0.561112 diff=-0.022472 abs_err=0.022472
INFO | EPOCH_189 | [B=4, T=21, D=10] true=0.490079 pred=0.494480 diff=+0.004402 abs_err=0.004402
INFO | EPOCH_189 | [B=6, T=7, D=2] true=0.326261 pred=0.331228 diff=+0.004966 abs_err=0.004966
INFO | EPOCH_189 | [B=51, T=28, D=11] true=0.337633 pred=0.385584 diff=+0.047951 abs_err=0.047951
INFO | EPOCH_189 | [B=18, T=25, D=2] true=0.350029 pred=0.356458 diff=+0.006429 abs_err=0.006429
INFO | EPOCH_189 | [B=29, T=0, D=2] true=0.352710 pred=0.362167 diff=+0.009457 abs_err=0.009457
INFO | EPOCH_189 | [B=33, T=13, D=11] true=0.334739 pred=0.347698 diff=+0.012959 abs_err=0.012959
INFO | EPOCH_189 | [B=26, T=13, D=5] true=0.377720 pred=0.369470 diff=-0.008251 abs_err=0.008251
INFO | EPOCH_189 | TOP 5 WORST masked points (largest abs_err):
INFO | EPOCH_189 | [B=47, T=24, D=6] true=0.508596 pred=0.865067 diff=+0.356471 abs_err=0.356471
INFO | EPOCH_189 | [B=53, T=1, D=11] true=0.165065 pred=0.503879 diff=+0.338814 abs_err=0.338814
INFO | EPOCH_189 | [B=47, T=28, D=9] true=0.476679 pred=0.801496 diff=+0.324817 abs_err=0.324817
INFO | EPOCH_189 | [B=14, T=11, D=6] true=0.320333 pred=0.644312 diff=+0.323979 abs_err=0.323979
INFO | EPOCH_189 | [B=14, T=5, D=6] true=0.323984 pred=0.644476 diff=+0.320492 abs_err=0.320492
INFO | EPOCH_189 | TOP 5 BEST/CORRECT masked points (smallest abs_err):
INFO | EPOCH_189 | [B=23, T=1, D=4] true=0.574922 pred=0.574911 diff=-0.000011 abs_err=0.000011
INFO | EPOCH_189 | [B=1, T=2, D=1] true=0.473647 pred=0.473658 diff=+0.000011 abs_err=0.000011
INFO | EPOCH_189 | [B=19, T=1, D=3] true=0.638091 pred=0.638103 diff=+0.000012 abs_err=0.000012
INFO | EPOCH_189 | [B=2, T=0, D=1] true=0.472956 pred=0.472944 diff=-0.000012 abs_err=0.000012
INFO | EPOCH_189 | [B=60, T=23, D=0] true=0.537022 pred=0.537007 diff=-0.000015 abs_err=0.000015
INFO | EPOCH_199 | RANDOM 15 masked points (true, pred, diff, abs_err):
INFO | EPOCH_199 | [B=28, T=8, D=5] true=0.300454 pred=0.327596 diff=+0.027141 abs_err=0.027141
INFO | EPOCH_199 | [B=57, T=8, D=6] true=0.635598 pred=0.712165 diff=+0.076567 abs_err=0.076567
INFO | EPOCH_199 | [B=55, T=0, D=10] true=0.527600 pred=0.525474 diff=-0.002126 abs_err=0.002126
INFO | EPOCH_199 | [B=45, T=16, D=4] true=0.477949 pred=0.445321 diff=-0.032628 abs_err=0.032628
INFO | EPOCH_199 | [B=61, T=26, D=4] true=0.580924 pred=0.550395 diff=-0.030529 abs_err=0.030529
INFO | EPOCH_199 | [B=34, T=19, D=10] true=0.496342 pred=0.475446 diff=-0.020896 abs_err=0.020896
INFO | EPOCH_199 | [B=46, T=12, D=7] true=0.434010 pred=0.430336 diff=-0.003673 abs_err=0.003673
INFO | EPOCH_199 | [B=2, T=17, D=10] true=0.565805 pred=0.592034 diff=+0.026229 abs_err=0.026229
INFO | EPOCH_199 | [B=22, T=1, D=6] true=0.618974 pred=0.645184 diff=+0.026211 abs_err=0.026211
INFO | EPOCH_199 | [B=28, T=26, D=1] true=0.478204 pred=0.467238 diff=-0.010965 abs_err=0.010965
INFO | EPOCH_199 | [B=61, T=7, D=4] true=0.482383 pred=0.472947 diff=-0.009436 abs_err=0.009436
INFO | EPOCH_199 | [B=41, T=0, D=0] true=0.637924 pred=0.639330 diff=+0.001406 abs_err=0.001406
INFO | EPOCH_199 | [B=25, T=6, D=10] true=0.472737 pred=0.470413 diff=-0.002324 abs_err=0.002324
INFO | EPOCH_199 | [B=10, T=27, D=2] true=0.350502 pred=0.374683 diff=+0.024182 abs_err=0.024182
INFO | EPOCH_199 | [B=46, T=16, D=2] true=0.371085 pred=0.368911 diff=-0.002174 abs_err=0.002174
INFO | EPOCH_199 | TOP 5 WORST masked points (largest abs_err):
INFO | EPOCH_199 | [B=55, T=27, D=9] true=0.457679 pred=0.749417 diff=+0.291737 abs_err=0.291737
INFO | EPOCH_199 | [B=45, T=4, D=0] true=0.425711 pred=0.694309 diff=+0.268599 abs_err=0.268599
INFO | EPOCH_199 | [B=0, T=28, D=9] true=0.750030 pred=0.490625 diff=-0.259405 abs_err=0.259405
INFO | EPOCH_199 | [B=8, T=0, D=9] true=0.752928 pred=0.504034 diff=-0.248894 abs_err=0.248894
INFO | EPOCH_199 | [B=6, T=22, D=9] true=0.758224 pred=0.511992 diff=-0.246232 abs_err=0.246232
INFO | EPOCH_199 | TOP 5 BEST/CORRECT masked points (smallest abs_err):
INFO | EPOCH_199 | [B=38, T=19, D=4] true=0.582201 pred=0.582204 diff=+0.000002 abs_err=0.000002
INFO | EPOCH_199 | [B=30, T=20, D=1] true=0.453790 pred=0.453793 diff=+0.000003 abs_err=0.000003
INFO | EPOCH_199 | [B=60, T=13, D=2] true=0.300732 pred=0.300737 diff=+0.000005 abs_err=0.000005
INFO | EPOCH_199 | [B=42, T=15, D=5] true=0.357159 pred=0.357153 diff=-0.000006 abs_err=0.000006
INFO | EPOCH_199 | [B=36, T=12, D=0] true=0.672194 pred=0.672201 diff=+0.000007 abs_err=0.000007
INFO | EPOCH_209 | RANDOM 15 masked points (true, pred, diff, abs_err):
INFO | EPOCH_209 | [B=59, T=5, D=9] true=0.662176 pred=0.659038 diff=-0.003138 abs_err=0.003138
INFO | EPOCH_209 | [B=61, T=4, D=2] true=0.323547 pred=0.320475 diff=-0.003072 abs_err=0.003072
INFO | EPOCH_209 | [B=60, T=30, D=10] true=0.473389 pred=0.464058 diff=-0.009331 abs_err=0.009331
INFO | EPOCH_209 | [B=20, T=18, D=11] true=0.388416 pred=0.352009 diff=-0.036407 abs_err=0.036407
INFO | EPOCH_209 | [B=30, T=5, D=11] true=0.318864 pred=0.329582 diff=+0.010718 abs_err=0.010718
INFO | EPOCH_209 | [B=23, T=25, D=11] true=0.383944 pred=0.413403 diff=+0.029459 abs_err=0.029459
INFO | EPOCH_209 | [B=11, T=12, D=0] true=0.596345 pred=0.597602 diff=+0.001256 abs_err=0.001256
INFO | EPOCH_209 | [B=3, T=20, D=3] true=0.695420 pred=0.687816 diff=-0.007604 abs_err=0.007604
INFO | EPOCH_209 | [B=1, T=27, D=2] true=0.326072 pred=0.302369 diff=-0.023703 abs_err=0.023703
INFO | EPOCH_209 | [B=32, T=23, D=9] true=0.657865 pred=0.654368 diff=-0.003498 abs_err=0.003498
INFO | EPOCH_209 | [B=42, T=23, D=9] true=0.819945 pred=0.834470 diff=+0.014524 abs_err=0.014524
INFO | EPOCH_209 | [B=5, T=0, D=2] true=0.373371 pred=0.371478 diff=-0.001893 abs_err=0.001893
INFO | EPOCH_209 | [B=25, T=1, D=2] true=0.293991 pred=0.301041 diff=+0.007050 abs_err=0.007050
INFO | EPOCH_209 | [B=18, T=10, D=2] true=0.375477 pred=0.367669 diff=-0.007809 abs_err=0.007809
INFO | EPOCH_209 | [B=47, T=26, D=8] true=0.429711 pred=0.447039 diff=+0.017328 abs_err=0.017328
INFO | EPOCH_209 | TOP 5 WORST masked points (largest abs_err):
INFO | EPOCH_209 | [B=17, T=6, D=6] true=0.311567 pred=0.767551 diff=+0.455984 abs_err=0.455984
INFO | EPOCH_209 | [B=17, T=2, D=6] true=0.312481 pred=0.767699 diff=+0.455217 abs_err=0.455217
INFO | EPOCH_209 | [B=46, T=13, D=6] true=0.309158 pred=0.686864 diff=+0.377706 abs_err=0.377706
INFO | EPOCH_209 | [B=46, T=10, D=6] true=0.309465 pred=0.687064 diff=+0.377599 abs_err=0.377599
INFO | EPOCH_209 | [B=37, T=28, D=6] true=0.994352 pred=0.677555 diff=-0.316797 abs_err=0.316797
INFO | EPOCH_209 | TOP 5 BEST/CORRECT masked points (smallest abs_err):
INFO | EPOCH_209 | [B=15, T=29, D=6] true=0.420630 pred=0.420630 diff=-0.000000 abs_err=0.000000
INFO | EPOCH_209 | [B=26, T=30, D=10] true=0.584068 pred=0.584068 diff=-0.000001 abs_err=0.000001
INFO | EPOCH_209 | [B=19, T=0, D=6] true=0.490388 pred=0.490381 diff=-0.000007 abs_err=0.000007
INFO | EPOCH_209 | [B=13, T=28, D=2] true=0.361388 pred=0.361379 diff=-0.000009 abs_err=0.000009
INFO | EPOCH_209 | [B=16, T=3, D=6] true=0.418831 pred=0.418822 diff=-0.000009 abs_err=0.000009
INFO | EPOCH_219 | RANDOM 15 masked points (true, pred, diff, abs_err):
INFO | EPOCH_219 | [B=33, T=5, D=7] true=0.605541 pred=0.599112 diff=-0.006429 abs_err=0.006429
INFO | EPOCH_219 | [B=1, T=25, D=1] true=0.526273 pred=0.536743 diff=+0.010470 abs_err=0.010470
INFO | EPOCH_219 | [B=0, T=16, D=6] true=0.396364 pred=0.472131 diff=+0.075767 abs_err=0.075767
INFO | EPOCH_219 | [B=44, T=2, D=10] true=0.662327 pred=0.616945 diff=-0.045382 abs_err=0.045382
INFO | EPOCH_219 | [B=39, T=14, D=8] true=0.423665 pred=0.426711 diff=+0.003045 abs_err=0.003045
INFO | EPOCH_219 | [B=23, T=19, D=8] true=0.452467 pred=0.404134 diff=-0.048333 abs_err=0.048333
INFO | EPOCH_219 | [B=12, T=18, D=1] true=0.436702 pred=0.456068 diff=+0.019366 abs_err=0.019366
INFO | EPOCH_219 | [B=24, T=10, D=11] true=0.388515 pred=0.376004 diff=-0.012512 abs_err=0.012512
INFO | EPOCH_219 | [B=60, T=27, D=2] true=0.321319 pred=0.326527 diff=+0.005208 abs_err=0.005208
INFO | EPOCH_219 | [B=44, T=13, D=9] true=0.528093 pred=0.457527 diff=-0.070566 abs_err=0.070566
INFO | EPOCH_219 | [B=5, T=0, D=5] true=0.330032 pred=0.311983 diff=-0.018049 abs_err=0.018049
INFO | EPOCH_219 | [B=43, T=21, D=8] true=0.370684 pred=0.312525 diff=-0.058159 abs_err=0.058159
INFO | EPOCH_219 | [B=1, T=27, D=1] true=0.450533 pred=0.455432 diff=+0.004899 abs_err=0.004899
INFO | EPOCH_219 | [B=55, T=7, D=3] true=0.656151 pred=0.584482 diff=-0.071669 abs_err=0.071669
INFO | EPOCH_219 | [B=3, T=30, D=11] true=0.326668 pred=0.390599 diff=+0.063932 abs_err=0.063932
INFO | EPOCH_219 | TOP 5 WORST masked points (largest abs_err):
INFO | EPOCH_219 | [B=26, T=5, D=9] true=0.397682 pred=0.731121 diff=+0.333439 abs_err=0.333439
INFO | EPOCH_219 | [B=51, T=26, D=0] true=0.752228 pred=0.467550 diff=-0.284678 abs_err=0.284678
INFO | EPOCH_219 | [B=49, T=14, D=10] true=0.367372 pred=0.626480 diff=+0.259108 abs_err=0.259108
INFO | EPOCH_219 | [B=53, T=23, D=9] true=0.760412 pred=0.501452 diff=-0.258960 abs_err=0.258960
INFO | EPOCH_219 | [B=53, T=25, D=9] true=0.759572 pred=0.501612 diff=-0.257960 abs_err=0.257960
INFO | EPOCH_219 | TOP 5 BEST/CORRECT masked points (smallest abs_err):
INFO | EPOCH_219 | [B=12, T=3, D=0] true=0.591111 pred=0.591111 diff=+0.000001 abs_err=0.000001
INFO | EPOCH_219 | [B=14, T=3, D=10] true=0.477326 pred=0.477325 diff=-0.000001 abs_err=0.000001
INFO | EPOCH_219 | [B=35, T=9, D=2] true=0.319675 pred=0.319672 diff=-0.000003 abs_err=0.000003
INFO | EPOCH_219 | [B=46, T=2, D=5] true=0.340738 pred=0.340732 diff=-0.000006 abs_err=0.000006
INFO | EPOCH_219 | [B=60, T=7, D=1] true=0.471206 pred=0.471196 diff=-0.000010 abs_err=0.000010
INFO | EPOCH_229 | RANDOM 15 masked points (true, pred, diff, abs_err):
INFO | EPOCH_229 | [B=57, T=17, D=4] true=0.491393 pred=0.484383 diff=-0.007010 abs_err=0.007010
INFO | EPOCH_229 | [B=14, T=20, D=11] true=0.318420 pred=0.322969 diff=+0.004548 abs_err=0.004548
INFO | EPOCH_229 | [B=9, T=26, D=0] true=0.667478 pred=0.700931 diff=+0.033453 abs_err=0.033453
INFO | EPOCH_229 | [B=24, T=12, D=1] true=0.475317 pred=0.472692 diff=-0.002625 abs_err=0.002625
INFO | EPOCH_229 | [B=23, T=3, D=5] true=0.359801 pred=0.355592 diff=-0.004209 abs_err=0.004209
INFO | EPOCH_229 | [B=25, T=4, D=3] true=0.600541 pred=0.607022 diff=+0.006482 abs_err=0.006482
INFO | EPOCH_229 | [B=24, T=7, D=3] true=0.657858 pred=0.647696 diff=-0.010162 abs_err=0.010162
INFO | EPOCH_229 | [B=36, T=10, D=4] true=0.581987 pred=0.563524 diff=-0.018463 abs_err=0.018463
INFO | EPOCH_229 | [B=30, T=15, D=9] true=0.498879 pred=0.520343 diff=+0.021464 abs_err=0.021464
INFO | EPOCH_229 | [B=59, T=3, D=2] true=0.310615 pred=0.310891 diff=+0.000276 abs_err=0.000276
INFO | EPOCH_229 | [B=33, T=14, D=1] true=0.529719 pred=0.506866 diff=-0.022852 abs_err=0.022852
INFO | EPOCH_229 | [B=42, T=1, D=11] true=0.374609 pred=0.402557 diff=+0.027948 abs_err=0.027948
INFO | EPOCH_229 | [B=26, T=23, D=11] true=0.399901 pred=0.408123 diff=+0.008221 abs_err=0.008221
INFO | EPOCH_229 | [B=33, T=25, D=7] true=0.464007 pred=0.475486 diff=+0.011479 abs_err=0.011479
INFO | EPOCH_229 | [B=63, T=5, D=4] true=0.495679 pred=0.481354 diff=-0.014326 abs_err=0.014326
INFO | EPOCH_229 | TOP 5 WORST masked points (largest abs_err):
INFO | EPOCH_229 | [B=35, T=20, D=3] true=0.370831 pred=0.691558 diff=+0.320727 abs_err=0.320727
INFO | EPOCH_229 | [B=51, T=24, D=6] true=0.759273 pred=0.490261 diff=-0.269011 abs_err=0.269011
INFO | EPOCH_229 | [B=46, T=14, D=2] true=0.574291 pred=0.316910 diff=-0.257381 abs_err=0.257381
INFO | EPOCH_229 | [B=58, T=14, D=3] true=0.478180 pred=0.724726 diff=+0.246546 abs_err=0.246546
INFO | EPOCH_229 | [B=36, T=17, D=9] true=0.751326 pred=0.505548 diff=-0.245778 abs_err=0.245778
INFO | EPOCH_229 | TOP 5 BEST/CORRECT masked points (smallest abs_err):
INFO | EPOCH_229 | [B=51, T=6, D=1] true=0.478543 pred=0.478544 diff=+0.000001 abs_err=0.000001
INFO | EPOCH_229 | [B=22, T=7, D=5] true=0.356754 pred=0.356753 diff=-0.000001 abs_err=0.000001
INFO | EPOCH_229 | [B=25, T=8, D=5] true=0.361041 pred=0.361045 diff=+0.000005 abs_err=0.000005
INFO | EPOCH_229 | [B=61, T=23, D=6] true=0.636990 pred=0.636984 diff=-0.000006 abs_err=0.000006
INFO | EPOCH_229 | [B=21, T=6, D=10] true=0.479023 pred=0.479016 diff=-0.000007 abs_err=0.000007
INFO | EPOCH_239 | RANDOM 15 masked points (true, pred, diff, abs_err):
INFO | EPOCH_239 | [B=4, T=25, D=4] true=0.459886 pred=0.475242 diff=+0.015356 abs_err=0.015356
INFO | EPOCH_239 | [B=25, T=20, D=4] true=0.483066 pred=0.481675 diff=-0.001391 abs_err=0.001391
INFO | EPOCH_239 | [B=48, T=25, D=11] true=0.321415 pred=0.362242 diff=+0.040827 abs_err=0.040827
INFO | EPOCH_239 | [B=35, T=27, D=4] true=0.486902 pred=0.562183 diff=+0.075281 abs_err=0.075281
INFO | EPOCH_239 | [B=26, T=5, D=11] true=0.365966 pred=0.370440 diff=+0.004474 abs_err=0.004474
INFO | EPOCH_239 | [B=1, T=25, D=2] true=0.368572 pred=0.360660 diff=-0.007912 abs_err=0.007912
INFO | EPOCH_239 | [B=39, T=24, D=8] true=0.464490 pred=0.473339 diff=+0.008849 abs_err=0.008849
INFO | EPOCH_239 | [B=52, T=6, D=9] true=0.443283 pred=0.454085 diff=+0.010802 abs_err=0.010802
INFO | EPOCH_239 | [B=6, T=6, D=3] true=0.703116 pred=0.724774 diff=+0.021658 abs_err=0.021658
INFO | EPOCH_239 | [B=15, T=24, D=4] true=0.478357 pred=0.481708 diff=+0.003351 abs_err=0.003351
INFO | EPOCH_239 | [B=20, T=1, D=4] true=0.486086 pred=0.481722 diff=-0.004364 abs_err=0.004364
INFO | EPOCH_239 | [B=42, T=21, D=8] true=0.365000 pred=0.385445 diff=+0.020446 abs_err=0.020446
INFO | EPOCH_239 | [B=36, T=7, D=0] true=0.583106 pred=0.637214 diff=+0.054108 abs_err=0.054108
INFO | EPOCH_239 | [B=13, T=11, D=1] true=0.477216 pred=0.485661 diff=+0.008445 abs_err=0.008445
INFO | EPOCH_239 | [B=57, T=8, D=7] true=0.495382 pred=0.470637 diff=-0.024745 abs_err=0.024745
INFO | EPOCH_239 | TOP 5 WORST masked points (largest abs_err):
INFO | EPOCH_239 | [B=7, T=3, D=0] true=0.919247 pred=0.606542 diff=-0.312704 abs_err=0.312704
INFO | EPOCH_239 | [B=39, T=23, D=3] true=0.466641 pred=0.754485 diff=+0.287844 abs_err=0.287844
INFO | EPOCH_239 | [B=58, T=19, D=6] true=0.740458 pred=0.456190 diff=-0.284268 abs_err=0.284268
INFO | EPOCH_239 | [B=7, T=3, D=2] true=0.592120 pred=0.312043 diff=-0.280078 abs_err=0.280078
INFO | EPOCH_239 | [B=22, T=25, D=5] true=0.051347 pred=0.322617 diff=+0.271270 abs_err=0.271270
INFO | EPOCH_239 | TOP 5 BEST/CORRECT masked points (smallest abs_err):
INFO | EPOCH_239 | [B=13, T=14, D=1] true=0.565072 pred=0.565074 diff=+0.000002 abs_err=0.000002
INFO | EPOCH_239 | [B=18, T=26, D=1] true=0.501960 pred=0.501964 diff=+0.000004 abs_err=0.000004
INFO | EPOCH_239 | [B=30, T=5, D=3] true=0.789616 pred=0.789622 diff=+0.000007 abs_err=0.000007
INFO | EPOCH_239 | [B=63, T=17, D=5] true=0.322056 pred=0.322063 diff=+0.000008 abs_err=0.000008
INFO | EPOCH_239 | [B=8, T=2, D=10] true=0.470820 pred=0.470829 diff=+0.000009 abs_err=0.000009
INFO | EPOCH_249 | RANDOM 15 masked points (true, pred, diff, abs_err):
INFO | EPOCH_249 | [B=20, T=7, D=0] true=0.734342 pred=0.714172 diff=-0.020170 abs_err=0.020170
INFO | EPOCH_249 | [B=50, T=10, D=2] true=0.348493 pred=0.337956 diff=-0.010536 abs_err=0.010536
INFO | EPOCH_249 | [B=56, T=4, D=3] true=0.624577 pred=0.626496 diff=+0.001919 abs_err=0.001919
INFO | EPOCH_249 | [B=30, T=17, D=1] true=0.595400 pred=0.581575 diff=-0.013825 abs_err=0.013825
INFO | EPOCH_249 | [B=14, T=0, D=6] true=0.862139 pred=0.882213 diff=+0.020075 abs_err=0.020075
INFO | EPOCH_249 | [B=54, T=9, D=9] true=0.701193 pred=0.698900 diff=-0.002293 abs_err=0.002293
INFO | EPOCH_249 | [B=0, T=0, D=8] true=0.358842 pred=0.361705 diff=+0.002863 abs_err=0.002863
INFO | EPOCH_249 | [B=5, T=12, D=10] true=0.301686 pred=0.452032 diff=+0.150346 abs_err=0.150346
INFO | EPOCH_249 | [B=56, T=18, D=3] true=0.617475 pred=0.629857 diff=+0.012382 abs_err=0.012382
INFO | EPOCH_249 | [B=1, T=13, D=3] true=0.749958 pred=0.759079 diff=+0.009121 abs_err=0.009121
INFO | EPOCH_249 | [B=36, T=3, D=10] true=0.560088 pred=0.592674 diff=+0.032587 abs_err=0.032587
INFO | EPOCH_249 | [B=61, T=2, D=3] true=0.718471 pred=0.710090 diff=-0.008381 abs_err=0.008381
INFO | EPOCH_249 | [B=51, T=15, D=3] true=0.772212 pred=0.773057 diff=+0.000845 abs_err=0.000845
INFO | EPOCH_249 | [B=12, T=24, D=9] true=0.827526 pred=0.819590 diff=-0.007936 abs_err=0.007936
INFO | EPOCH_249 | [B=16, T=25, D=2] true=0.289403 pred=0.332622 diff=+0.043219 abs_err=0.043219
INFO | EPOCH_249 | TOP 5 WORST masked points (largest abs_err):
INFO | EPOCH_249 | [B=25, T=9, D=9] true=0.784880 pred=0.529362 diff=-0.255518 abs_err=0.255518
INFO | EPOCH_249 | [B=29, T=4, D=10] true=0.362171 pred=0.608614 diff=+0.246443 abs_err=0.246443
INFO | EPOCH_249 | [B=29, T=7, D=10] true=0.365080 pred=0.608976 diff=+0.243896 abs_err=0.243896
INFO | EPOCH_249 | [B=28, T=13, D=10] true=0.361528 pred=0.592064 diff=+0.230536 abs_err=0.230536
INFO | EPOCH_249 | [B=49, T=9, D=10] true=0.358823 pred=0.575384 diff=+0.216561 abs_err=0.216561
INFO | EPOCH_249 | TOP 5 BEST/CORRECT masked points (smallest abs_err):
INFO | EPOCH_249 | [B=34, T=22, D=3] true=0.623944 pred=0.623952 diff=+0.000008 abs_err=0.000008
INFO | EPOCH_249 | [B=17, T=26, D=5] true=0.336038 pred=0.336048 diff=+0.000010 abs_err=0.000010
INFO | EPOCH_249 | [B=56, T=9, D=3] true=0.769740 pred=0.769753 diff=+0.000013 abs_err=0.000013
INFO | EPOCH_249 | [B=35, T=2, D=11] true=0.446843 pred=0.446829 diff=-0.000014 abs_err=0.000014
INFO | EPOCH_249 | [B=15, T=29, D=11] true=0.394917 pred=0.394932 diff=+0.000015 abs_err=0.000015
INFO | EPOCH_259 | RANDOM 15 masked points (true, pred, diff, abs_err):
INFO | EPOCH_259 | [B=36, T=13, D=8] true=0.362268 pred=0.335310 diff=-0.026957 abs_err=0.026957
INFO | EPOCH_259 | [B=12, T=29, D=0] true=0.638100 pred=0.632387 diff=-0.005713 abs_err=0.005713
INFO | EPOCH_259 | [B=12, T=30, D=11] true=0.342614 pred=0.349725 diff=+0.007110 abs_err=0.007110
INFO | EPOCH_259 | [B=25, T=23, D=5] true=0.329049 pred=0.313399 diff=-0.015650 abs_err=0.015650
INFO | EPOCH_259 | [B=20, T=28, D=9] true=0.633887 pred=0.609727 diff=-0.024160 abs_err=0.024160
INFO | EPOCH_259 | [B=29, T=28, D=6] true=0.894585 pred=0.878488 diff=-0.016097 abs_err=0.016097
INFO | EPOCH_259 | [B=43, T=19, D=4] true=0.516104 pred=0.440361 diff=-0.075742 abs_err=0.075742
INFO | EPOCH_259 | [B=1, T=28, D=7] true=0.468299 pred=0.488177 diff=+0.019879 abs_err=0.019879
INFO | EPOCH_259 | [B=44, T=30, D=6] true=0.509303 pred=0.604583 diff=+0.095281 abs_err=0.095281
INFO | EPOCH_259 | [B=0, T=30, D=6] true=0.719053 pred=0.718635 diff=-0.000417 abs_err=0.000417
INFO | EPOCH_259 | [B=10, T=31, D=9] true=0.516795 pred=0.530492 diff=+0.013697 abs_err=0.013697
INFO | EPOCH_259 | [B=53, T=16, D=4] true=0.594619 pred=0.594128 diff=-0.000491 abs_err=0.000491
INFO | EPOCH_259 | [B=20, T=5, D=3] true=0.585515 pred=0.545310 diff=-0.040206 abs_err=0.040206
INFO | EPOCH_259 | [B=35, T=0, D=6] true=0.595577 pred=0.596028 diff=+0.000451 abs_err=0.000451
INFO | EPOCH_259 | [B=24, T=23, D=2] true=0.353938 pred=0.354987 diff=+0.001049 abs_err=0.001049
INFO | EPOCH_259 | TOP 5 WORST masked points (largest abs_err):
INFO | EPOCH_259 | [B=28, T=19, D=11] true=0.067170 pred=0.376066 diff=+0.308896 abs_err=0.308896
INFO | EPOCH_259 | [B=43, T=7, D=11] true=0.595146 pred=0.301722 diff=-0.293424 abs_err=0.293424
INFO | EPOCH_259 | [B=44, T=20, D=6] true=0.319519 pred=0.610520 diff=+0.291001 abs_err=0.291001
INFO | EPOCH_259 | [B=44, T=18, D=6] true=0.321752 pred=0.612531 diff=+0.290779 abs_err=0.290779
INFO | EPOCH_259 | [B=45, T=16, D=0] true=0.730551 pred=0.446820 diff=-0.283730 abs_err=0.283730
INFO | EPOCH_259 | TOP 5 BEST/CORRECT masked points (smallest abs_err):
INFO | EPOCH_259 | [B=1, T=3, D=10] true=0.566723 pred=0.566719 diff=-0.000004 abs_err=0.000004
INFO | EPOCH_259 | [B=0, T=13, D=7] true=0.557171 pred=0.557175 diff=+0.000005 abs_err=0.000005
INFO | EPOCH_259 | [B=18, T=12, D=5] true=0.299564 pred=0.299559 diff=-0.000005 abs_err=0.000005
INFO | EPOCH_259 | [B=41, T=28, D=11] true=0.399539 pred=0.399531 diff=-0.000008 abs_err=0.000008
INFO | EPOCH_259 | [B=3, T=4, D=5] true=0.344054 pred=0.344063 diff=+0.000009 abs_err=0.000009
INFO | EPOCH_269 | RANDOM 15 masked points (true, pred, diff, abs_err):
INFO | EPOCH_269 | [B=17, T=12, D=1] true=0.479559 pred=0.485291 diff=+0.005732 abs_err=0.005732
INFO | EPOCH_269 | [B=12, T=2, D=0] true=0.696111 pred=0.702809 diff=+0.006698 abs_err=0.006698
INFO | EPOCH_269 | [B=26, T=26, D=5] true=0.369374 pred=0.349496 diff=-0.019878 abs_err=0.019878
INFO | EPOCH_269 | [B=18, T=18, D=1] true=0.477841 pred=0.476814 diff=-0.001026 abs_err=0.001026
INFO | EPOCH_269 | [B=28, T=2, D=9] true=0.798661 pred=0.756068 diff=-0.042593 abs_err=0.042593
INFO | EPOCH_269 | [B=43, T=22, D=1] true=0.485748 pred=0.482506 diff=-0.003242 abs_err=0.003242
INFO | EPOCH_269 | [B=41, T=3, D=6] true=0.636760 pred=0.653494 diff=+0.016734 abs_err=0.016734
INFO | EPOCH_269 | [B=18, T=17, D=7] true=0.446165 pred=0.428007 diff=-0.018158 abs_err=0.018158
INFO | EPOCH_269 | [B=19, T=15, D=3] true=0.710829 pred=0.724070 diff=+0.013241 abs_err=0.013241
INFO | EPOCH_269 | [B=17, T=29, D=11] true=0.369671 pred=0.376294 diff=+0.006623 abs_err=0.006623
INFO | EPOCH_269 | [B=43, T=9, D=6] true=0.634983 pred=0.650798 diff=+0.015815 abs_err=0.015815
INFO | EPOCH_269 | [B=6, T=9, D=7] true=0.532056 pred=0.505744 diff=-0.026312 abs_err=0.026312
INFO | EPOCH_269 | [B=4, T=30, D=6] true=0.540312 pred=0.524096 diff=-0.016216 abs_err=0.016216
INFO | EPOCH_269 | [B=58, T=7, D=0] true=0.600883 pred=0.616131 diff=+0.015248 abs_err=0.015248
INFO | EPOCH_269 | [B=31, T=20, D=4] true=0.572662 pred=0.581085 diff=+0.008423 abs_err=0.008423
INFO | EPOCH_269 | TOP 5 WORST masked points (largest abs_err):
INFO | EPOCH_269 | [B=26, T=8, D=6] true=0.498543 pred=0.853321 diff=+0.354778 abs_err=0.354778
INFO | EPOCH_269 | [B=14, T=11, D=6] true=0.320333 pred=0.641698 diff=+0.321365 abs_err=0.321365
INFO | EPOCH_269 | [B=14, T=5, D=6] true=0.323984 pred=0.641480 diff=+0.317495 abs_err=0.317495
INFO | EPOCH_269 | [B=63, T=15, D=6] true=0.318239 pred=0.607946 diff=+0.289707 abs_err=0.289707
INFO | EPOCH_269 | [B=54, T=1, D=9] true=0.941129 pred=0.671968 diff=-0.269161 abs_err=0.269161
INFO | EPOCH_269 | TOP 5 BEST/CORRECT masked points (smallest abs_err):
INFO | EPOCH_269 | [B=39, T=8, D=1] true=0.537793 pred=0.537796 diff=+0.000003 abs_err=0.000003
INFO | EPOCH_269 | [B=24, T=29, D=0] true=0.631262 pred=0.631266 diff=+0.000004 abs_err=0.000004
INFO | EPOCH_269 | [B=13, T=23, D=4] true=0.534224 pred=0.534228 diff=+0.000004 abs_err=0.000004
INFO | EPOCH_269 | [B=26, T=9, D=3] true=0.644128 pred=0.644133 diff=+0.000005 abs_err=0.000005
INFO | EPOCH_269 | [B=49, T=5, D=0] true=0.676579 pred=0.676570 diff=-0.000009 abs_err=0.000009
INFO | EPOCH_279 | RANDOM 15 masked points (true, pred, diff, abs_err):
INFO | EPOCH_279 | [B=6, T=23, D=4] true=0.505381 pred=0.509848 diff=+0.004467 abs_err=0.004467
INFO | EPOCH_279 | [B=49, T=27, D=6] true=0.825394 pred=0.826328 diff=+0.000934 abs_err=0.000934
INFO | EPOCH_279 | [B=40, T=18, D=2] true=0.350039 pred=0.344803 diff=-0.005236 abs_err=0.005236
INFO | EPOCH_279 | [B=33, T=31, D=5] true=0.348235 pred=0.340858 diff=-0.007377 abs_err=0.007377
INFO | EPOCH_279 | [B=8, T=7, D=6] true=0.504200 pred=0.465741 diff=-0.038460 abs_err=0.038460
INFO | EPOCH_279 | [B=23, T=18, D=3] true=0.660604 pred=0.665717 diff=+0.005113 abs_err=0.005113
INFO | EPOCH_279 | [B=41, T=16, D=10] true=0.463050 pred=0.462268 diff=-0.000782 abs_err=0.000782
INFO | EPOCH_279 | [B=27, T=18, D=11] true=0.385867 pred=0.376073 diff=-0.009794 abs_err=0.009794
INFO | EPOCH_279 | [B=61, T=13, D=9] true=0.646498 pred=0.636645 diff=-0.009853 abs_err=0.009853
INFO | EPOCH_279 | [B=63, T=9, D=2] true=0.294535 pred=0.297444 diff=+0.002909 abs_err=0.002909
INFO | EPOCH_279 | [B=58, T=0, D=0] true=0.700119 pred=0.678445 diff=-0.021673 abs_err=0.021673
INFO | EPOCH_279 | [B=57, T=21, D=7] true=0.451352 pred=0.482279 diff=+0.030927 abs_err=0.030927
INFO | EPOCH_279 | [B=53, T=12, D=8] true=0.383801 pred=0.379523 diff=-0.004278 abs_err=0.004278
INFO | EPOCH_279 | [B=9, T=29, D=9] true=0.471177 pred=0.505667 diff=+0.034490 abs_err=0.034490
INFO | EPOCH_279 | [B=34, T=25, D=9] true=0.808704 pred=0.805136 diff=-0.003569 abs_err=0.003569
INFO | EPOCH_279 | TOP 5 WORST masked points (largest abs_err):
INFO | EPOCH_279 | [B=47, T=24, D=6] true=0.508596 pred=0.868236 diff=+0.359640 abs_err=0.359640
INFO | EPOCH_279 | [B=47, T=28, D=9] true=0.476679 pred=0.799282 diff=+0.322604 abs_err=0.322604
INFO | EPOCH_279 | [B=7, T=7, D=0] true=0.760210 pred=0.500143 diff=-0.260067 abs_err=0.260067
INFO | EPOCH_279 | [B=8, T=0, D=9] true=0.752928 pred=0.493653 diff=-0.259275 abs_err=0.259275
INFO | EPOCH_279 | [B=0, T=28, D=9] true=0.750030 pred=0.493319 diff=-0.256711 abs_err=0.256711
INFO | EPOCH_279 | TOP 5 BEST/CORRECT masked points (smallest abs_err):
INFO | EPOCH_279 | [B=31, T=16, D=6] true=0.870165 pred=0.870168 diff=+0.000003 abs_err=0.000003
INFO | EPOCH_279 | [B=39, T=8, D=5] true=0.314918 pred=0.314921 diff=+0.000003 abs_err=0.000003
INFO | EPOCH_279 | [B=52, T=20, D=9] true=0.582694 pred=0.582698 diff=+0.000005 abs_err=0.000005
INFO | EPOCH_279 | [B=21, T=27, D=3] true=0.603554 pred=0.603560 diff=+0.000005 abs_err=0.000005
INFO | EPOCH_279 | [B=0, T=1, D=3] true=0.605620 pred=0.605627 diff=+0.000008 abs_err=0.000008
INFO | EPOCH_289 | RANDOM 15 masked points (true, pred, diff, abs_err):
INFO | EPOCH_289 | [B=43, T=17, D=4] true=0.473769 pred=0.473695 diff=-0.000075 abs_err=0.000075
INFO | EPOCH_289 | [B=1, T=26, D=5] true=0.403712 pred=0.376198 diff=-0.027513 abs_err=0.027513
INFO | EPOCH_289 | [B=51, T=8, D=10] true=0.359897 pred=0.459268 diff=+0.099371 abs_err=0.099371
INFO | EPOCH_289 | [B=46, T=16, D=0] true=0.639233 pred=0.630113 diff=-0.009120 abs_err=0.009120
INFO | EPOCH_289 | [B=44, T=1, D=6] true=0.920424 pred=0.875401 diff=-0.045023 abs_err=0.045023
INFO | EPOCH_289 | [B=7, T=13, D=11] true=0.343873 pred=0.343319 diff=-0.000553 abs_err=0.000553
INFO | EPOCH_289 | [B=28, T=1, D=1] true=0.542247 pred=0.521901 diff=-0.020345 abs_err=0.020345
INFO | EPOCH_289 | [B=10, T=18, D=3] true=0.732851 pred=0.687267 diff=-0.045584 abs_err=0.045584
INFO | EPOCH_289 | [B=52, T=25, D=5] true=0.335965 pred=0.313701 diff=-0.022264 abs_err=0.022264
INFO | EPOCH_289 | [B=8, T=28, D=3] true=0.669756 pred=0.687832 diff=+0.018076 abs_err=0.018076
INFO | EPOCH_289 | [B=59, T=14, D=3] true=0.708791 pred=0.721028 diff=+0.012237 abs_err=0.012237
INFO | EPOCH_289 | [B=38, T=11, D=10] true=0.444336 pred=0.448649 diff=+0.004313 abs_err=0.004313
INFO | EPOCH_289 | [B=8, T=20, D=9] true=0.611834 pred=0.548518 diff=-0.063316 abs_err=0.063316
INFO | EPOCH_289 | [B=8, T=5, D=0] true=0.695998 pred=0.688679 diff=-0.007319 abs_err=0.007319
INFO | EPOCH_289 | [B=23, T=6, D=2] true=0.282460 pred=0.290106 diff=+0.007646 abs_err=0.007646
INFO | EPOCH_289 | TOP 5 WORST masked points (largest abs_err):
INFO | EPOCH_289 | [B=17, T=6, D=6] true=0.311567 pred=0.792885 diff=+0.481318 abs_err=0.481318
INFO | EPOCH_289 | [B=17, T=2, D=6] true=0.312481 pred=0.793747 diff=+0.481266 abs_err=0.481266
INFO | EPOCH_289 | [B=55, T=27, D=9] true=0.457679 pred=0.763537 diff=+0.305858 abs_err=0.305858
INFO | EPOCH_289 | [B=37, T=28, D=6] true=0.994352 pred=0.688603 diff=-0.305749 abs_err=0.305749
INFO | EPOCH_289 | [B=31, T=11, D=3] true=0.473188 pred=0.745054 diff=+0.271866 abs_err=0.271866
INFO | EPOCH_289 | TOP 5 BEST/CORRECT masked points (smallest abs_err):
INFO | EPOCH_289 | [B=39, T=24, D=7] true=0.588344 pred=0.588343 diff=-0.000001 abs_err=0.000001
INFO | EPOCH_289 | [B=40, T=8, D=7] true=0.445058 pred=0.445060 diff=+0.000002 abs_err=0.000002
INFO | EPOCH_289 | [B=0, T=18, D=3] true=0.672951 pred=0.672946 diff=-0.000006 abs_err=0.000006
INFO | EPOCH_289 | [B=40, T=2, D=3] true=0.704485 pred=0.704477 diff=-0.000007 abs_err=0.000007
INFO | EPOCH_289 | [B=3, T=5, D=6] true=0.511883 pred=0.511876 diff=-0.000007 abs_err=0.000007
INFO | EPOCH_299 | RANDOM 15 masked points (true, pred, diff, abs_err):
INFO | EPOCH_299 | [B=36, T=18, D=4] true=0.464238 pred=0.467488 diff=+0.003250 abs_err=0.003250
INFO | EPOCH_299 | [B=20, T=1, D=2] true=0.344436 pred=0.336101 diff=-0.008335 abs_err=0.008335
INFO | EPOCH_299 | [B=31, T=12, D=5] true=0.359470 pred=0.361047 diff=+0.001577 abs_err=0.001577
INFO | EPOCH_299 | [B=24, T=24, D=11] true=0.378951 pred=0.378801 diff=-0.000150 abs_err=0.000150
INFO | EPOCH_299 | [B=22, T=25, D=8] true=0.452867 pred=0.442844 diff=-0.010023 abs_err=0.010023
INFO | EPOCH_299 | [B=37, T=26, D=8] true=0.372398 pred=0.326813 diff=-0.045585 abs_err=0.045585
INFO | EPOCH_299 | [B=9, T=25, D=6] true=0.426269 pred=0.437715 diff=+0.011446 abs_err=0.011446
INFO | EPOCH_299 | [B=62, T=15, D=4] true=0.460020 pred=0.446256 diff=-0.013765 abs_err=0.013765
INFO | EPOCH_299 | [B=52, T=1, D=7] true=0.607820 pred=0.588325 diff=-0.019495 abs_err=0.019495
INFO | EPOCH_299 | [B=9, T=4, D=7] true=0.492755 pred=0.460039 diff=-0.032715 abs_err=0.032715
INFO | EPOCH_299 | [B=61, T=9, D=0] true=0.555979 pred=0.548548 diff=-0.007430 abs_err=0.007430
INFO | EPOCH_299 | [B=52, T=27, D=1] true=0.534162 pred=0.562419 diff=+0.028257 abs_err=0.028257
INFO | EPOCH_299 | [B=3, T=4, D=2] true=0.397732 pred=0.372760 diff=-0.024972 abs_err=0.024972
INFO | EPOCH_299 | [B=59, T=15, D=1] true=0.497168 pred=0.494349 diff=-0.002819 abs_err=0.002819
INFO | EPOCH_299 | [B=6, T=22, D=4] true=0.588826 pred=0.580827 diff=-0.007999 abs_err=0.007999
INFO | EPOCH_299 | TOP 5 WORST masked points (largest abs_err):
INFO | EPOCH_299 | [B=46, T=10, D=6] true=0.309465 pred=0.693284 diff=+0.383819 abs_err=0.383819
INFO | EPOCH_299 | [B=46, T=13, D=6] true=0.309158 pred=0.692496 diff=+0.383338 abs_err=0.383338
INFO | EPOCH_299 | [B=26, T=5, D=9] true=0.397682 pred=0.729914 diff=+0.332232 abs_err=0.332232
INFO | EPOCH_299 | [B=17, T=16, D=6] true=0.706091 pred=0.434595 diff=-0.271496 abs_err=0.271496
INFO | EPOCH_299 | [B=10, T=5, D=9] true=0.752157 pred=0.482617 diff=-0.269540 abs_err=0.269540
INFO | EPOCH_299 | TOP 5 BEST/CORRECT masked points (smallest abs_err):
INFO | EPOCH_299 | [B=29, T=16, D=9] true=0.825557 pred=0.825557 diff=+0.000000 abs_err=0.000000
INFO | EPOCH_299 | [B=14, T=29, D=5] true=0.364375 pred=0.364375 diff=-0.000000 abs_err=0.000000
INFO | EPOCH_299 | [B=37, T=20, D=10] true=0.472834 pred=0.472833 diff=-0.000000 abs_err=0.000000
INFO | EPOCH_299 | [B=38, T=26, D=9] true=0.452405 pred=0.452404 diff=-0.000001 abs_err=0.000001
INFO | EPOCH_299 | [B=63, T=7, D=9] true=0.517742 pred=0.517744 diff=+0.000002 abs_err=0.000002
INFO | EPOCH_009 | RANDOM 15 masked points (true, pred, diff, abs_err):
INFO | EPOCH_009 | [B=27, T=10, D=0] true=0.727680 pred=0.731740 diff=+0.004060 abs_err=0.004060
INFO | EPOCH_009 | [B=13, T=14, D=1] true=0.472909 pred=0.469574 diff=-0.003336 abs_err=0.003336
INFO | EPOCH_009 | [B=61, T=8, D=2] true=0.346866 pred=0.344993 diff=-0.001872 abs_err=0.001872
INFO | EPOCH_009 | [B=42, T=1, D=6] true=0.679520 pred=0.688746 diff=+0.009225 abs_err=0.009225
INFO | EPOCH_009 | [B=45, T=9, D=4] true=0.554135 pred=0.537241 diff=-0.016894 abs_err=0.016894
INFO | EPOCH_009 | [B=20, T=3, D=1] true=0.462961 pred=0.457456 diff=-0.005504 abs_err=0.005504
INFO | EPOCH_009 | [B=52, T=5, D=0] true=0.606120 pred=0.638333 diff=+0.032213 abs_err=0.032213
INFO | EPOCH_009 | [B=0, T=3, D=1] true=0.449640 pred=0.465258 diff=+0.015618 abs_err=0.015618
INFO | EPOCH_009 | [B=58, T=29, D=4] true=0.417862 pred=0.445124 diff=+0.027262 abs_err=0.027262
INFO | EPOCH_009 | [B=61, T=26, D=6] true=0.462319 pred=0.450335 diff=-0.011983 abs_err=0.011983
INFO | EPOCH_009 | [B=50, T=4, D=2] true=0.350285 pred=0.338544 diff=-0.011741 abs_err=0.011741
INFO | EPOCH_009 | [B=16, T=13, D=2] true=0.349758 pred=0.335565 diff=-0.014192 abs_err=0.014192
INFO | EPOCH_009 | [B=1, T=0, D=4] true=0.546331 pred=0.567662 diff=+0.021331 abs_err=0.021331
INFO | EPOCH_009 | [B=28, T=17, D=4] true=0.413589 pred=0.428295 diff=+0.014706 abs_err=0.014706
INFO | EPOCH_009 | [B=27, T=11, D=7] true=0.498322 pred=0.497162 diff=-0.001160 abs_err=0.001160
INFO | EPOCH_009 | TOP 5 WORST masked points (largest abs_err):
INFO | EPOCH_009 | [B=26, T=8, D=6] true=0.498543 pred=0.857317 diff=+0.358774 abs_err=0.358774
INFO | EPOCH_009 | [B=44, T=20, D=6] true=0.319519 pred=0.641871 diff=+0.322352 abs_err=0.322352
INFO | EPOCH_009 | [B=44, T=18, D=6] true=0.321752 pred=0.641285 diff=+0.319533 abs_err=0.319533
INFO | EPOCH_009 | [B=21, T=18, D=6] true=0.852520 pred=0.536028 diff=-0.316492 abs_err=0.316492
INFO | EPOCH_009 | [B=16, T=0, D=6] true=0.736426 pred=0.434500 diff=-0.301926 abs_err=0.301926
INFO | EPOCH_009 | TOP 5 BEST/CORRECT masked points (smallest abs_err):
INFO | EPOCH_009 | [B=54, T=18, D=7] true=0.475584 pred=0.475581 diff=-0.000003 abs_err=0.000003
INFO | EPOCH_009 | [B=62, T=9, D=7] true=0.612750 pred=0.612753 diff=+0.000003 abs_err=0.000003
INFO | EPOCH_009 | [B=3, T=27, D=2] true=0.313431 pred=0.313426 diff=-0.000004 abs_err=0.000004
INFO | EPOCH_009 | [B=9, T=22, D=6] true=0.453342 pred=0.453347 diff=+0.000005 abs_err=0.000005
INFO | EPOCH_009 | [B=60, T=16, D=0] true=0.808197 pred=0.808202 diff=+0.000006 abs_err=0.000006
INFO | EPOCH_019 | RANDOM 15 masked points (true, pred, diff, abs_err):
INFO | EPOCH_019 | [B=47, T=11, D=11] true=0.328831 pred=0.336362 diff=+0.007531 abs_err=0.007531
INFO | EPOCH_019 | [B=40, T=11, D=11] true=0.293010 pred=0.336069 diff=+0.043059 abs_err=0.043059
INFO | EPOCH_019 | [B=46, T=11, D=11] true=0.301301 pred=0.311392 diff=+0.010091 abs_err=0.010091
INFO | EPOCH_019 | [B=20, T=30, D=6] true=0.643893 pred=0.664631 diff=+0.020739 abs_err=0.020739
INFO | EPOCH_019 | [B=20, T=9, D=2] true=0.360316 pred=0.351903 diff=-0.008413 abs_err=0.008413
INFO | EPOCH_019 | [B=36, T=19, D=7] true=0.535078 pred=0.550300 diff=+0.015222 abs_err=0.015222
INFO | EPOCH_019 | [B=56, T=0, D=11] true=0.387610 pred=0.385658 diff=-0.001953 abs_err=0.001953
INFO | EPOCH_019 | [B=34, T=24, D=4] true=0.511087 pred=0.550769 diff=+0.039681 abs_err=0.039681
INFO | EPOCH_019 | [B=62, T=6, D=1] true=0.526146 pred=0.525612 diff=-0.000534 abs_err=0.000534
INFO | EPOCH_019 | [B=33, T=10, D=0] true=0.594037 pred=0.614515 diff=+0.020478 abs_err=0.020478
INFO | EPOCH_019 | [B=59, T=1, D=9] true=0.549440 pred=0.544828 diff=-0.004611 abs_err=0.004611
INFO | EPOCH_019 | [B=33, T=4, D=1] true=0.557794 pred=0.585055 diff=+0.027261 abs_err=0.027261
INFO | EPOCH_019 | [B=49, T=13, D=11] true=0.580239 pred=0.489857 diff=-0.090381 abs_err=0.090381
INFO | EPOCH_019 | [B=33, T=18, D=5] true=0.351282 pred=0.335201 diff=-0.016081 abs_err=0.016081
INFO | EPOCH_019 | [B=19, T=7, D=1] true=0.466437 pred=0.483049 diff=+0.016612 abs_err=0.016612
INFO | EPOCH_019 | TOP 5 WORST masked points (largest abs_err):
INFO | EPOCH_019 | [B=53, T=1, D=11] true=0.165065 pred=0.531052 diff=+0.365987 abs_err=0.365987
INFO | EPOCH_019 | [B=14, T=11, D=6] true=0.320333 pred=0.668607 diff=+0.348274 abs_err=0.348274
INFO | EPOCH_019 | [B=47, T=24, D=6] true=0.508596 pred=0.852756 diff=+0.344160 abs_err=0.344160
INFO | EPOCH_019 | [B=14, T=5, D=6] true=0.323984 pred=0.667581 diff=+0.343597 abs_err=0.343597
INFO | EPOCH_019 | [B=47, T=28, D=9] true=0.476679 pred=0.813888 diff=+0.337210 abs_err=0.337210
INFO | EPOCH_019 | TOP 5 BEST/CORRECT masked points (smallest abs_err):
INFO | EPOCH_019 | [B=51, T=8, D=10] true=0.500644 pred=0.500646 diff=+0.000002 abs_err=0.000002
INFO | EPOCH_019 | [B=23, T=20, D=1] true=0.600785 pred=0.600787 diff=+0.000002 abs_err=0.000002
INFO | EPOCH_019 | [B=22, T=17, D=5] true=0.339876 pred=0.339872 diff=-0.000003 abs_err=0.000003
INFO | EPOCH_019 | [B=10, T=5, D=7] true=0.534727 pred=0.534723 diff=-0.000005 abs_err=0.000005
INFO | EPOCH_019 | [B=48, T=8, D=3] true=0.730171 pred=0.730158 diff=-0.000012 abs_err=0.000012
INFO | EPOCH_029 | RANDOM 15 masked points (true, pred, diff, abs_err):
INFO | EPOCH_029 | [B=25, T=1, D=1] true=0.511321 pred=0.525627 diff=+0.014306 abs_err=0.014306
INFO | EPOCH_029 | [B=0, T=21, D=11] true=0.374963 pred=0.404816 diff=+0.029853 abs_err=0.029853
INFO | EPOCH_029 | [B=16, T=16, D=0] true=0.585176 pred=0.617981 diff=+0.032805 abs_err=0.032805
INFO | EPOCH_029 | [B=22, T=6, D=3] true=0.598526 pred=0.647347 diff=+0.048821 abs_err=0.048821
INFO | EPOCH_029 | [B=13, T=19, D=11] true=0.372842 pred=0.375430 diff=+0.002589 abs_err=0.002589
INFO | EPOCH_029 | [B=48, T=18, D=8] true=0.402835 pred=0.395650 diff=-0.007186 abs_err=0.007186
INFO | EPOCH_029 | [B=15, T=1, D=3] true=0.685129 pred=0.707027 diff=+0.021898 abs_err=0.021898
INFO | EPOCH_029 | [B=29, T=9, D=2] true=0.293618 pred=0.302150 diff=+0.008532 abs_err=0.008532
INFO | EPOCH_029 | [B=18, T=12, D=4] true=0.556408 pred=0.571464 diff=+0.015056 abs_err=0.015056
INFO | EPOCH_029 | [B=37, T=28, D=3] true=0.640494 pred=0.658497 diff=+0.018003 abs_err=0.018003
INFO | EPOCH_029 | [B=43, T=25, D=10] true=0.537391 pred=0.559366 diff=+0.021975 abs_err=0.021975
INFO | EPOCH_029 | [B=59, T=17, D=5] true=0.358580 pred=0.344085 diff=-0.014495 abs_err=0.014495
INFO | EPOCH_029 | [B=57, T=9, D=9] true=0.645844 pred=0.691176 diff=+0.045332 abs_err=0.045332
INFO | EPOCH_029 | [B=15, T=13, D=10] true=0.466272 pred=0.478140 diff=+0.011868 abs_err=0.011868
INFO | EPOCH_029 | [B=40, T=22, D=9] true=0.498403 pred=0.518022 diff=+0.019619 abs_err=0.019619
INFO | EPOCH_029 | TOP 5 WORST masked points (largest abs_err):
INFO | EPOCH_029 | [B=55, T=27, D=9] true=0.457679 pred=0.769958 diff=+0.312278 abs_err=0.312278
INFO | EPOCH_029 | [B=45, T=4, D=0] true=0.425711 pred=0.724456 diff=+0.298746 abs_err=0.298746
INFO | EPOCH_029 | [B=15, T=17, D=9] true=0.745294 pred=0.494915 diff=-0.250379 abs_err=0.250379
INFO | EPOCH_029 | [B=0, T=28, D=9] true=0.750030 pred=0.501047 diff=-0.248983 abs_err=0.248983
INFO | EPOCH_029 | [B=6, T=22, D=9] true=0.758224 pred=0.517513 diff=-0.240711 abs_err=0.240711
INFO | EPOCH_029 | TOP 5 BEST/CORRECT masked points (smallest abs_err):
INFO | EPOCH_029 | [B=4, T=7, D=11] true=0.405575 pred=0.405574 diff=-0.000001 abs_err=0.000001
INFO | EPOCH_029 | [B=1, T=17, D=5] true=0.360212 pred=0.360214 diff=+0.000002 abs_err=0.000002
INFO | EPOCH_029 | [B=7, T=19, D=2] true=0.296280 pred=0.296285 diff=+0.000006 abs_err=0.000006
INFO | EPOCH_029 | [B=41, T=26, D=5] true=0.360501 pred=0.360507 diff=+0.000006 abs_err=0.000006
INFO | EPOCH_029 | [B=45, T=2, D=5] true=0.355065 pred=0.355071 diff=+0.000006 abs_err=0.000006
INFO | EPOCH_039 | RANDOM 15 masked points (true, pred, diff, abs_err):
INFO | EPOCH_039 | [B=21, T=23, D=3] true=0.690548 pred=0.697409 diff=+0.006862 abs_err=0.006862
INFO | EPOCH_039 | [B=0, T=28, D=0] true=0.645163 pred=0.666670 diff=+0.021506 abs_err=0.021506
INFO | EPOCH_039 | [B=57, T=6, D=1] true=0.503964 pred=0.447408 diff=-0.056556 abs_err=0.056556
INFO | EPOCH_039 | [B=34, T=6, D=1] true=0.530184 pred=0.533925 diff=+0.003741 abs_err=0.003741
INFO | EPOCH_039 | [B=44, T=3, D=0] true=0.696766 pred=0.746283 diff=+0.049516 abs_err=0.049516
INFO | EPOCH_039 | [B=38, T=4, D=8] true=0.311561 pred=0.321215 diff=+0.009654 abs_err=0.009654
INFO | EPOCH_039 | [B=55, T=25, D=1] true=0.454832 pred=0.456605 diff=+0.001774 abs_err=0.001774
INFO | EPOCH_039 | [B=28, T=3, D=7] true=0.621642 pred=0.630441 diff=+0.008799 abs_err=0.008799
INFO | EPOCH_039 | [B=24, T=18, D=8] true=0.427427 pred=0.426551 diff=-0.000877 abs_err=0.000877
INFO | EPOCH_039 | [B=24, T=28, D=8] true=0.425686 pred=0.427213 diff=+0.001526 abs_err=0.001526
INFO | EPOCH_039 | [B=35, T=20, D=10] true=0.553132 pred=0.533488 diff=-0.019643 abs_err=0.019643
INFO | EPOCH_039 | [B=20, T=24, D=6] true=0.537756 pred=0.532039 diff=-0.005717 abs_err=0.005717
INFO | EPOCH_039 | [B=61, T=15, D=5] true=0.420725 pred=0.399747 diff=-0.020978 abs_err=0.020978
INFO | EPOCH_039 | [B=9, T=11, D=7] true=0.584646 pred=0.608660 diff=+0.024014 abs_err=0.024014
INFO | EPOCH_039 | [B=47, T=0, D=8] true=0.440564 pred=0.451661 diff=+0.011097 abs_err=0.011097
INFO | EPOCH_039 | TOP 5 WORST masked points (largest abs_err):
INFO | EPOCH_039 | [B=17, T=6, D=6] true=0.311567 pred=0.806341 diff=+0.494774 abs_err=0.494774
INFO | EPOCH_039 | [B=17, T=2, D=6] true=0.312481 pred=0.806044 diff=+0.493562 abs_err=0.493562
INFO | EPOCH_039 | [B=46, T=13, D=6] true=0.309158 pred=0.716483 diff=+0.407325 abs_err=0.407325
INFO | EPOCH_039 | [B=46, T=10, D=6] true=0.309465 pred=0.716249 diff=+0.406784 abs_err=0.406784
INFO | EPOCH_039 | [B=31, T=11, D=3] true=0.473188 pred=0.763861 diff=+0.290673 abs_err=0.290673
INFO | EPOCH_039 | TOP 5 BEST/CORRECT masked points (smallest abs_err):
INFO | EPOCH_039 | [B=14, T=17, D=8] true=0.353482 pred=0.353483 diff=+0.000001 abs_err=0.000001
INFO | EPOCH_039 | [B=34, T=8, D=6] true=0.677813 pred=0.677815 diff=+0.000003 abs_err=0.000003
INFO | EPOCH_039 | [B=25, T=0, D=0] true=0.699317 pred=0.699321 diff=+0.000004 abs_err=0.000004
INFO | EPOCH_039 | [B=34, T=5, D=9] true=0.680316 pred=0.680312 diff=-0.000004 abs_err=0.000004
INFO | EPOCH_039 | [B=47, T=5, D=2] true=0.353896 pred=0.353909 diff=+0.000013 abs_err=0.000013
INFO | EPOCH_049 | RANDOM 15 masked points (true, pred, diff, abs_err):
INFO | EPOCH_049 | [B=26, T=28, D=3] true=0.759156 pred=0.781092 diff=+0.021936 abs_err=0.021936
INFO | EPOCH_049 | [B=14, T=21, D=8] true=0.390989 pred=0.403075 diff=+0.012086 abs_err=0.012086
INFO | EPOCH_049 | [B=8, T=21, D=9] true=0.522191 pred=0.501323 diff=-0.020869 abs_err=0.020869
INFO | EPOCH_049 | [B=45, T=28, D=9] true=0.688815 pred=0.706304 diff=+0.017488 abs_err=0.017488
INFO | EPOCH_049 | [B=50, T=24, D=4] true=0.472794 pred=0.513989 diff=+0.041195 abs_err=0.041195
INFO | EPOCH_049 | [B=7, T=9, D=6] true=0.702453 pred=0.708839 diff=+0.006386 abs_err=0.006386
INFO | EPOCH_049 | [B=40, T=4, D=0] true=0.603915 pred=0.619742 diff=+0.015827 abs_err=0.015827
INFO | EPOCH_049 | [B=39, T=11, D=2] true=0.355445 pred=0.352494 diff=-0.002951 abs_err=0.002951
INFO | EPOCH_049 | [B=53, T=23, D=10] true=0.500354 pred=0.489475 diff=-0.010878 abs_err=0.010878
INFO | EPOCH_049 | [B=25, T=6, D=3] true=0.698879 pred=0.665758 diff=-0.033122 abs_err=0.033122
INFO | EPOCH_049 | [B=35, T=12, D=10] true=0.598994 pred=0.584476 diff=-0.014518 abs_err=0.014518
INFO | EPOCH_049 | [B=9, T=28, D=9] true=0.724326 pred=0.740265 diff=+0.015939 abs_err=0.015939
INFO | EPOCH_049 | [B=58, T=26, D=11] true=0.353546 pred=0.332406 diff=-0.021140 abs_err=0.021140
INFO | EPOCH_049 | [B=48, T=7, D=1] true=0.580257 pred=0.598017 diff=+0.017760 abs_err=0.017760
INFO | EPOCH_049 | [B=38, T=32, D=6] true=0.457527 pred=0.449686 diff=-0.007840 abs_err=0.007840
INFO | EPOCH_049 | TOP 5 WORST masked points (largest abs_err):
INFO | EPOCH_049 | [B=26, T=5, D=9] true=0.397682 pred=0.753955 diff=+0.356273 abs_err=0.356273
INFO | EPOCH_049 | [B=47, T=23, D=3] true=0.441023 pred=0.738396 diff=+0.297373 abs_err=0.297373
INFO | EPOCH_049 | [B=49, T=14, D=10] true=0.367372 pred=0.643232 diff=+0.275860 abs_err=0.275860
INFO | EPOCH_049 | [B=49, T=14, D=11] true=0.563015 pred=0.288841 diff=-0.274174 abs_err=0.274174
INFO | EPOCH_049 | [B=51, T=26, D=0] true=0.752228 pred=0.485540 diff=-0.266688 abs_err=0.266688
INFO | EPOCH_049 | TOP 5 BEST/CORRECT masked points (smallest abs_err):
INFO | EPOCH_049 | [B=5, T=17, D=5] true=0.365514 pred=0.365518 diff=+0.000004 abs_err=0.000004
INFO | EPOCH_049 | [B=40, T=25, D=1] true=0.589205 pred=0.589213 diff=+0.000008 abs_err=0.000008
INFO | EPOCH_049 | [B=0, T=25, D=1] true=0.535112 pred=0.535101 diff=-0.000011 abs_err=0.000011
INFO | EPOCH_049 | [B=37, T=10, D=2] true=0.346213 pred=0.346225 diff=+0.000012 abs_err=0.000012
INFO | EPOCH_049 | [B=23, T=6, D=6] true=0.708782 pred=0.708766 diff=-0.000016 abs_err=0.000016
INFO | EPOCH_059 | RANDOM 15 masked points (true, pred, diff, abs_err):
INFO | EPOCH_059 | [B=36, T=29, D=9] true=0.769321 pred=0.758338 diff=-0.010983 abs_err=0.010983
INFO | EPOCH_059 | [B=39, T=3, D=1] true=0.514666 pred=0.516926 diff=+0.002260 abs_err=0.002260
INFO | EPOCH_059 | [B=51, T=14, D=10] true=0.471946 pred=0.483443 diff=+0.011497 abs_err=0.011497
INFO | EPOCH_059 | [B=34, T=20, D=11] true=0.341873 pred=0.318188 diff=-0.023684 abs_err=0.023684
INFO | EPOCH_059 | [B=15, T=1, D=1] true=0.475993 pred=0.487480 diff=+0.011487 abs_err=0.011487
INFO | EPOCH_059 | [B=33, T=18, D=0] true=0.640203 pred=0.647877 diff=+0.007674 abs_err=0.007674
INFO | EPOCH_059 | [B=18, T=0, D=3] true=0.718212 pred=0.727563 diff=+0.009351 abs_err=0.009351
INFO | EPOCH_059 | [B=58, T=1, D=9] true=0.643892 pred=0.665789 diff=+0.021897 abs_err=0.021897
INFO | EPOCH_059 | [B=41, T=19, D=3] true=0.717078 pred=0.701600 diff=-0.015478 abs_err=0.015478
INFO | EPOCH_059 | [B=37, T=12, D=7] true=0.600469 pred=0.576715 diff=-0.023754 abs_err=0.023754
INFO | EPOCH_059 | [B=4, T=12, D=4] true=0.486156 pred=0.483745 diff=-0.002410 abs_err=0.002410
INFO | EPOCH_059 | [B=4, T=3, D=0] true=0.637406 pred=0.672158 diff=+0.034751 abs_err=0.034751
INFO | EPOCH_059 | [B=17, T=18, D=0] true=0.691398 pred=0.717728 diff=+0.026330 abs_err=0.026330
INFO | EPOCH_059 | [B=26, T=1, D=0] true=0.565670 pred=0.590433 diff=+0.024763 abs_err=0.024763
INFO | EPOCH_059 | [B=18, T=19, D=5] true=0.364510 pred=0.357525 diff=-0.006985 abs_err=0.006985
INFO | EPOCH_059 | TOP 5 WORST masked points (largest abs_err):
INFO | EPOCH_059 | [B=35, T=20, D=3] true=0.370831 pred=0.710541 diff=+0.339710 abs_err=0.339710
INFO | EPOCH_059 | [B=51, T=24, D=6] true=0.759273 pred=0.485305 diff=-0.273968 abs_err=0.273968
INFO | EPOCH_059 | [B=63, T=23, D=3] true=0.470768 pred=0.731497 diff=+0.260729 abs_err=0.260729
INFO | EPOCH_059 | [B=46, T=14, D=2] true=0.574291 pred=0.315659 diff=-0.258632 abs_err=0.258632
INFO | EPOCH_059 | [B=35, T=13, D=3] true=0.460153 pred=0.710312 diff=+0.250159 abs_err=0.250159
INFO | EPOCH_059 | TOP 5 BEST/CORRECT masked points (smallest abs_err):
INFO | EPOCH_059 | [B=18, T=27, D=11] true=0.339639 pred=0.339641 diff=+0.000002 abs_err=0.000002
INFO | EPOCH_059 | [B=51, T=28, D=0] true=0.668733 pred=0.668737 diff=+0.000004 abs_err=0.000004
INFO | EPOCH_059 | [B=11, T=8, D=10] true=0.455661 pred=0.455655 diff=-0.000006 abs_err=0.000006
INFO | EPOCH_059 | [B=56, T=12, D=1] true=0.474690 pred=0.474698 diff=+0.000008 abs_err=0.000008
INFO | EPOCH_059 | [B=26, T=27, D=11] true=0.401590 pred=0.401598 diff=+0.000008 abs_err=0.000008
INFO | EPOCH_069 | RANDOM 15 masked points (true, pred, diff, abs_err):
INFO | EPOCH_069 | [B=41, T=9, D=6] true=0.549163 pred=0.558641 diff=+0.009478 abs_err=0.009478
INFO | EPOCH_069 | [B=56, T=22, D=0] true=0.654448 pred=0.658216 diff=+0.003768 abs_err=0.003768
INFO | EPOCH_069 | [B=61, T=11, D=0] true=0.619266 pred=0.634546 diff=+0.015280 abs_err=0.015280
INFO | EPOCH_069 | [B=34, T=21, D=11] true=0.413692 pred=0.385362 diff=-0.028330 abs_err=0.028330
INFO | EPOCH_069 | [B=62, T=29, D=10] true=0.470838 pred=0.479805 diff=+0.008967 abs_err=0.008967
INFO | EPOCH_069 | [B=4, T=3, D=9] true=0.651644 pred=0.653435 diff=+0.001790 abs_err=0.001790
INFO | EPOCH_069 | [B=10, T=14, D=2] true=0.356694 pred=0.357663 diff=+0.000969 abs_err=0.000969
INFO | EPOCH_069 | [B=55, T=7, D=9] true=0.520620 pred=0.628313 diff=+0.107693 abs_err=0.107693
INFO | EPOCH_069 | [B=4, T=14, D=4] true=0.496842 pred=0.499487 diff=+0.002645 abs_err=0.002645
INFO | EPOCH_069 | [B=40, T=1, D=0] true=0.643489 pred=0.633500 diff=-0.009988 abs_err=0.009988
INFO | EPOCH_069 | [B=56, T=18, D=1] true=0.594865 pred=0.578860 diff=-0.016005 abs_err=0.016005
INFO | EPOCH_069 | [B=0, T=24, D=8] true=0.419802 pred=0.415606 diff=-0.004196 abs_err=0.004196
INFO | EPOCH_069 | [B=25, T=19, D=10] true=0.460094 pred=0.463059 diff=+0.002965 abs_err=0.002965
INFO | EPOCH_069 | [B=47, T=32, D=10] true=0.596278 pred=0.587445 diff=-0.008832 abs_err=0.008832
INFO | EPOCH_069 | [B=21, T=18, D=3] true=0.768249 pred=0.714680 diff=-0.053569 abs_err=0.053569
INFO | EPOCH_069 | TOP 5 WORST masked points (largest abs_err):
INFO | EPOCH_069 | [B=7, T=3, D=0] true=0.919247 pred=0.590884 diff=-0.328363 abs_err=0.328363
INFO | EPOCH_069 | [B=58, T=19, D=6] true=0.740458 pred=0.449943 diff=-0.290515 abs_err=0.290515
INFO | EPOCH_069 | [B=7, T=3, D=2] true=0.592120 pred=0.307505 diff=-0.284615 abs_err=0.284615
INFO | EPOCH_069 | [B=39, T=23, D=3] true=0.466641 pred=0.744305 diff=+0.277664 abs_err=0.277664
INFO | EPOCH_069 | [B=22, T=25, D=5] true=0.051347 pred=0.326818 diff=+0.275471 abs_err=0.275471
INFO | EPOCH_069 | TOP 5 BEST/CORRECT masked points (smallest abs_err):
INFO | EPOCH_069 | [B=63, T=17, D=5] true=0.322056 pred=0.322054 diff=-0.000002 abs_err=0.000002
INFO | EPOCH_069 | [B=50, T=29, D=0] true=0.645040 pred=0.645042 diff=+0.000002 abs_err=0.000002
INFO | EPOCH_069 | [B=22, T=11, D=0] true=0.803473 pred=0.803476 diff=+0.000003 abs_err=0.000003
INFO | EPOCH_069 | [B=23, T=18, D=4] true=0.483346 pred=0.483343 diff=-0.000003 abs_err=0.000003
INFO | EPOCH_069 | [B=9, T=12, D=9] true=0.675535 pred=0.675532 diff=-0.000004 abs_err=0.000004
INFO | EPOCH_079 | RANDOM 15 masked points (true, pred, diff, abs_err):
INFO | EPOCH_079 | [B=41, T=10, D=3] true=0.699704 pred=0.702165 diff=+0.002461 abs_err=0.002461
INFO | EPOCH_079 | [B=5, T=9, D=7] true=0.497990 pred=0.496912 diff=-0.001078 abs_err=0.001078
INFO | EPOCH_079 | [B=45, T=17, D=3] true=0.728470 pred=0.715581 diff=-0.012888 abs_err=0.012888
INFO | EPOCH_079 | [B=8, T=5, D=1] true=0.495353 pred=0.459899 diff=-0.035454 abs_err=0.035454
INFO | EPOCH_079 | [B=29, T=28, D=3] true=0.703087 pred=0.705488 diff=+0.002401 abs_err=0.002401
INFO | EPOCH_079 | [B=63, T=12, D=4] true=0.454552 pred=0.454972 diff=+0.000420 abs_err=0.000420
INFO | EPOCH_079 | [B=5, T=14, D=3] true=0.751694 pred=0.741732 diff=-0.009963 abs_err=0.009963
INFO | EPOCH_079 | [B=13, T=10, D=1] true=0.553214 pred=0.503729 diff=-0.049485 abs_err=0.049485
INFO | EPOCH_079 | [B=11, T=27, D=7] true=0.497073 pred=0.495774 diff=-0.001299 abs_err=0.001299
INFO | EPOCH_079 | [B=57, T=8, D=8] true=0.390725 pred=0.390745 diff=+0.000020 abs_err=0.000020
INFO | EPOCH_079 | [B=61, T=21, D=3] true=0.752931 pred=0.752172 diff=-0.000759 abs_err=0.000759
INFO | EPOCH_079 | [B=38, T=23, D=10] true=0.596960 pred=0.595397 diff=-0.001563 abs_err=0.001563
INFO | EPOCH_079 | [B=4, T=22, D=4] true=0.459453 pred=0.459226 diff=-0.000227 abs_err=0.000227
INFO | EPOCH_079 | [B=3, T=13, D=7] true=0.489620 pred=0.488652 diff=-0.000967 abs_err=0.000967
INFO | EPOCH_079 | [B=47, T=25, D=3] true=0.738544 pred=0.745409 diff=+0.006865 abs_err=0.006865
INFO | EPOCH_079 | TOP 5 WORST masked points (largest abs_err):
INFO | EPOCH_079 | [B=25, T=9, D=9] true=0.784880 pred=0.517060 diff=-0.267820 abs_err=0.267820
INFO | EPOCH_079 | [B=41, T=26, D=9] true=0.727412 pred=0.505381 diff=-0.222031 abs_err=0.222031
INFO | EPOCH_079 | [B=28, T=13, D=10] true=0.361528 pred=0.583244 diff=+0.221716 abs_err=0.221716
INFO | EPOCH_079 | [B=49, T=15, D=11] true=0.556481 pred=0.336303 diff=-0.220178 abs_err=0.220178
INFO | EPOCH_079 | [B=35, T=24, D=9] true=0.725668 pred=0.508493 diff=-0.217175 abs_err=0.217175
INFO | EPOCH_079 | TOP 5 BEST/CORRECT masked points (smallest abs_err):
INFO | EPOCH_079 | [B=43, T=2, D=9] true=0.675597 pred=0.675597 diff=-0.000001 abs_err=0.000001
INFO | EPOCH_079 | [B=39, T=18, D=6] true=0.651796 pred=0.651798 diff=+0.000002 abs_err=0.000002
INFO | EPOCH_079 | [B=10, T=29, D=0] true=0.717893 pred=0.717888 diff=-0.000005 abs_err=0.000005
INFO | EPOCH_079 | [B=3, T=11, D=5] true=0.357304 pred=0.357309 diff=+0.000005 abs_err=0.000005
INFO | EPOCH_079 | [B=43, T=1, D=3] true=0.705521 pred=0.705527 diff=+0.000006 abs_err=0.000006
INFO | EPOCH_089 | RANDOM 15 masked points (true, pred, diff, abs_err):
INFO | EPOCH_089 | [B=0, T=27, D=4] true=0.509098 pred=0.499247 diff=-0.009851 abs_err=0.009851
INFO | EPOCH_089 | [B=1, T=19, D=5] true=0.267480 pred=0.312356 diff=+0.044875 abs_err=0.044875
INFO | EPOCH_089 | [B=57, T=29, D=11] true=0.361832 pred=0.357482 diff=-0.004350 abs_err=0.004350
INFO | EPOCH_089 | [B=48, T=9, D=8] true=0.440175 pred=0.473333 diff=+0.033159 abs_err=0.033159
INFO | EPOCH_089 | [B=3, T=1, D=4] true=0.636451 pred=0.621271 diff=-0.015180 abs_err=0.015180
INFO | EPOCH_089 | [B=23, T=21, D=5] true=0.349720 pred=0.329522 diff=-0.020198 abs_err=0.020198
INFO | EPOCH_089 | [B=6, T=6, D=5] true=0.267021 pred=0.299577 diff=+0.032555 abs_err=0.032555
INFO | EPOCH_089 | [B=28, T=21, D=9] true=0.853603 pred=0.851285 diff=-0.002318 abs_err=0.002318
INFO | EPOCH_089 | [B=14, T=9, D=9] true=0.521917 pred=0.532605 diff=+0.010689 abs_err=0.010689
INFO | EPOCH_089 | [B=3, T=12, D=8] true=0.389514 pred=0.396704 diff=+0.007191 abs_err=0.007191
INFO | EPOCH_089 | [B=16, T=19, D=8] true=0.377782 pred=0.370978 diff=-0.006804 abs_err=0.006804
INFO | EPOCH_089 | [B=29, T=23, D=4] true=0.532991 pred=0.529895 diff=-0.003096 abs_err=0.003096
INFO | EPOCH_089 | [B=32, T=22, D=3] true=0.461143 pred=0.510097 diff=+0.048954 abs_err=0.048954
INFO | EPOCH_089 | [B=41, T=3, D=8] true=0.392326 pred=0.396181 diff=+0.003855 abs_err=0.003855
INFO | EPOCH_089 | [B=22, T=19, D=3] true=0.692845 pred=0.736489 diff=+0.043645 abs_err=0.043645
INFO | EPOCH_089 | TOP 5 WORST masked points (largest abs_err):
INFO | EPOCH_089 | [B=44, T=20, D=6] true=0.319519 pred=0.651118 diff=+0.331599 abs_err=0.331599
INFO | EPOCH_089 | [B=44, T=18, D=6] true=0.321752 pred=0.651187 diff=+0.329435 abs_err=0.329435
INFO | EPOCH_089 | [B=28, T=19, D=11] true=0.067170 pred=0.385351 diff=+0.318182 abs_err=0.318182
INFO | EPOCH_089 | [B=39, T=11, D=6] true=0.532114 pred=0.831636 diff=+0.299523 abs_err=0.299523
INFO | EPOCH_089 | [B=43, T=7, D=11] true=0.595146 pred=0.302656 diff=-0.292490 abs_err=0.292490
INFO | EPOCH_089 | TOP 5 BEST/CORRECT masked points (smallest abs_err):
INFO | EPOCH_089 | [B=12, T=0, D=5] true=0.340270 pred=0.340268 diff=-0.000002 abs_err=0.000002
INFO | EPOCH_089 | [B=38, T=3, D=5] true=0.322412 pred=0.322410 diff=-0.000002 abs_err=0.000002
INFO | EPOCH_089 | [B=25, T=7, D=2] true=0.329742 pred=0.329739 diff=-0.000004 abs_err=0.000004
INFO | EPOCH_089 | [B=50, T=14, D=7] true=0.545157 pred=0.545151 diff=-0.000006 abs_err=0.000006
INFO | EPOCH_089 | [B=34, T=25, D=8] true=0.347420 pred=0.347408 diff=-0.000012 abs_err=0.000012
INFO | EPOCH_099 | RANDOM 15 masked points (true, pred, diff, abs_err):
INFO | EPOCH_099 | [B=25, T=18, D=11] true=0.323904 pred=0.333921 diff=+0.010017 abs_err=0.010017
INFO | EPOCH_099 | [B=1, T=16, D=4] true=0.508611 pred=0.569729 diff=+0.061118 abs_err=0.061118
INFO | EPOCH_099 | [B=10, T=24, D=6] true=0.831624 pred=0.800670 diff=-0.030954 abs_err=0.030954
INFO | EPOCH_099 | [B=58, T=11, D=0] true=0.808580 pred=0.784348 diff=-0.024231 abs_err=0.024231
INFO | EPOCH_099 | [B=56, T=2, D=9] true=0.619353 pred=0.585513 diff=-0.033839 abs_err=0.033839
INFO | EPOCH_099 | [B=9, T=7, D=6] true=0.695314 pred=0.708007 diff=+0.012692 abs_err=0.012692
INFO | EPOCH_099 | [B=36, T=31, D=8] true=0.478291 pred=0.460910 diff=-0.017380 abs_err=0.017380
INFO | EPOCH_099 | [B=56, T=17, D=4] true=0.477181 pred=0.479061 diff=+0.001880 abs_err=0.001880
INFO | EPOCH_099 | [B=58, T=2, D=4] true=0.417012 pred=0.443862 diff=+0.026850 abs_err=0.026850
INFO | EPOCH_099 | [B=55, T=28, D=2] true=0.340964 pred=0.334415 diff=-0.006549 abs_err=0.006549
INFO | EPOCH_099 | [B=61, T=20, D=2] true=0.369458 pred=0.363625 diff=-0.005833 abs_err=0.005833
INFO | EPOCH_099 | [B=7, T=8, D=3] true=0.686880 pred=0.658625 diff=-0.028254 abs_err=0.028254
INFO | EPOCH_099 | [B=46, T=20, D=5] true=0.402005 pred=0.398608 diff=-0.003397 abs_err=0.003397
INFO | EPOCH_099 | [B=14, T=19, D=5] true=0.328469 pred=0.335495 diff=+0.007027 abs_err=0.007027
INFO | EPOCH_099 | [B=51, T=29, D=2] true=0.311842 pred=0.315125 diff=+0.003284 abs_err=0.003284
INFO | EPOCH_099 | TOP 5 WORST masked points (largest abs_err):
INFO | EPOCH_099 | [B=53, T=1, D=11] true=0.165065 pred=0.528662 diff=+0.363597 abs_err=0.363597
INFO | EPOCH_099 | [B=26, T=8, D=6] true=0.498543 pred=0.844677 diff=+0.346134 abs_err=0.346134
INFO | EPOCH_099 | [B=14, T=11, D=6] true=0.320333 pred=0.630427 diff=+0.310094 abs_err=0.310094
INFO | EPOCH_099 | [B=14, T=5, D=6] true=0.323984 pred=0.630319 diff=+0.306335 abs_err=0.306335
INFO | EPOCH_099 | [B=12, T=20, D=11] true=0.618445 pred=0.338250 diff=-0.280195 abs_err=0.280195
INFO | EPOCH_099 | TOP 5 BEST/CORRECT masked points (smallest abs_err):
INFO | EPOCH_099 | [B=46, T=22, D=1] true=0.475296 pred=0.475297 diff=+0.000001 abs_err=0.000001
INFO | EPOCH_099 | [B=63, T=6, D=2] true=0.365001 pred=0.364999 diff=-0.000002 abs_err=0.000002
INFO | EPOCH_099 | [B=19, T=11, D=6] true=0.447613 pred=0.447611 diff=-0.000002 abs_err=0.000002
INFO | EPOCH_099 | [B=25, T=14, D=6] true=0.844970 pred=0.844973 diff=+0.000004 abs_err=0.000004
INFO | EPOCH_099 | [B=43, T=14, D=2] true=0.320942 pred=0.320946 diff=+0.000004 abs_err=0.000004
INFO | EPOCH_109 | RANDOM 15 masked points (true, pred, diff, abs_err):
INFO | EPOCH_109 | [B=48, T=6, D=8] true=0.380816 pred=0.401196 diff=+0.020379 abs_err=0.020379
INFO | EPOCH_109 | [B=27, T=15, D=10] true=0.487870 pred=0.474125 diff=-0.013745 abs_err=0.013745
INFO | EPOCH_109 | [B=58, T=4, D=6] true=0.596201 pred=0.569947 diff=-0.026255 abs_err=0.026255
INFO | EPOCH_109 | [B=51, T=8, D=9] true=0.774612 pred=0.775801 diff=+0.001189 abs_err=0.001189
INFO | EPOCH_109 | [B=57, T=6, D=10] true=0.519823 pred=0.520121 diff=+0.000299 abs_err=0.000299
INFO | EPOCH_109 | [B=22, T=9, D=9] true=0.639079 pred=0.632498 diff=-0.006581 abs_err=0.006581
INFO | EPOCH_109 | [B=25, T=14, D=0] true=0.674465 pred=0.659250 diff=-0.015215 abs_err=0.015215
INFO | EPOCH_109 | [B=53, T=9, D=4] true=0.516437 pred=0.510622 diff=-0.005814 abs_err=0.005814
INFO | EPOCH_109 | [B=25, T=14, D=5] true=0.347145 pred=0.334337 diff=-0.012808 abs_err=0.012808
INFO | EPOCH_109 | [B=18, T=29, D=3] true=0.520579 pred=0.532143 diff=+0.011564 abs_err=0.011564
INFO | EPOCH_109 | [B=61, T=12, D=8] true=0.394228 pred=0.388472 diff=-0.005756 abs_err=0.005756
INFO | EPOCH_109 | [B=24, T=23, D=9] true=0.696799 pred=0.690348 diff=-0.006451 abs_err=0.006451
INFO | EPOCH_109 | [B=35, T=9, D=10] true=0.473671 pred=0.464719 diff=-0.008952 abs_err=0.008952
INFO | EPOCH_109 | [B=5, T=23, D=10] true=0.559792 pred=0.564150 diff=+0.004359 abs_err=0.004359
INFO | EPOCH_109 | [B=5, T=9, D=1] true=0.485411 pred=0.504240 diff=+0.018829 abs_err=0.018829
INFO | EPOCH_109 | TOP 5 WORST masked points (largest abs_err):
INFO | EPOCH_109 | [B=47, T=24, D=6] true=0.508596 pred=0.859379 diff=+0.350783 abs_err=0.350783
INFO | EPOCH_109 | [B=47, T=28, D=9] true=0.476679 pred=0.805440 diff=+0.328762 abs_err=0.328762
INFO | EPOCH_109 | [B=7, T=7, D=0] true=0.760210 pred=0.487927 diff=-0.272283 abs_err=0.272283
INFO | EPOCH_109 | [B=45, T=4, D=0] true=0.425711 pred=0.691739 diff=+0.266029 abs_err=0.266029
INFO | EPOCH_109 | [B=6, T=22, D=9] true=0.758224 pred=0.497378 diff=-0.260846 abs_err=0.260846
INFO | EPOCH_109 | TOP 5 BEST/CORRECT masked points (smallest abs_err):
INFO | EPOCH_109 | [B=20, T=2, D=0] true=0.543741 pred=0.543742 diff=+0.000001 abs_err=0.000001
INFO | EPOCH_109 | [B=38, T=0, D=0] true=0.673988 pred=0.673990 diff=+0.000002 abs_err=0.000002
INFO | EPOCH_109 | [B=42, T=26, D=9] true=0.804113 pred=0.804107 diff=-0.000005 abs_err=0.000005
INFO | EPOCH_109 | [B=11, T=22, D=5] true=0.363446 pred=0.363440 diff=-0.000006 abs_err=0.000006
INFO | EPOCH_109 | [B=56, T=21, D=3] true=0.672454 pred=0.672448 diff=-0.000007 abs_err=0.000007
INFO | EPOCH_119 | RANDOM 15 masked points (true, pred, diff, abs_err):
INFO | EPOCH_119 | [B=7, T=6, D=1] true=0.534767 pred=0.522371 diff=-0.012397 abs_err=0.012397
INFO | EPOCH_119 | [B=51, T=4, D=6] true=0.896913 pred=0.898094 diff=+0.001181 abs_err=0.001181
INFO | EPOCH_119 | [B=12, T=21, D=5] true=0.327043 pred=0.332029 diff=+0.004986 abs_err=0.004986
INFO | EPOCH_119 | [B=15, T=14, D=4] true=0.577372 pred=0.523433 diff=-0.053939 abs_err=0.053939
INFO | EPOCH_119 | [B=37, T=13, D=0] true=0.639302 pred=0.643013 diff=+0.003710 abs_err=0.003710
INFO | EPOCH_119 | [B=60, T=30, D=9] true=0.633558 pred=0.566031 diff=-0.067527 abs_err=0.067527
INFO | EPOCH_119 | [B=44, T=2, D=6] true=0.441454 pred=0.457371 diff=+0.015917 abs_err=0.015917
INFO | EPOCH_119 | [B=60, T=2, D=1] true=0.501305 pred=0.480149 diff=-0.021156 abs_err=0.021156
INFO | EPOCH_119 | [B=11, T=25, D=2] true=0.324619 pred=0.324425 diff=-0.000194 abs_err=0.000194
INFO | EPOCH_119 | [B=39, T=13, D=7] true=0.426416 pred=0.465322 diff=+0.038906 abs_err=0.038906
INFO | EPOCH_119 | [B=31, T=15, D=8] true=0.424137 pred=0.423758 diff=-0.000379 abs_err=0.000379
INFO | EPOCH_119 | [B=42, T=8, D=3] true=0.637365 pred=0.639118 diff=+0.001753 abs_err=0.001753
INFO | EPOCH_119 | [B=26, T=15, D=2] true=0.279558 pred=0.296663 diff=+0.017106 abs_err=0.017106
INFO | EPOCH_119 | [B=18, T=21, D=8] true=0.429870 pred=0.437799 diff=+0.007930 abs_err=0.007930
INFO | EPOCH_119 | [B=25, T=2, D=7] true=0.599350 pred=0.603888 diff=+0.004538 abs_err=0.004538
INFO | EPOCH_119 | TOP 5 WORST masked points (largest abs_err):
INFO | EPOCH_119 | [B=17, T=6, D=6] true=0.311567 pred=0.779149 diff=+0.467582 abs_err=0.467582
INFO | EPOCH_119 | [B=17, T=2, D=6] true=0.312481 pred=0.779002 diff=+0.466521 abs_err=0.466521
INFO | EPOCH_119 | [B=37, T=28, D=6] true=0.994352 pred=0.705322 diff=-0.289030 abs_err=0.289030
INFO | EPOCH_119 | [B=55, T=27, D=9] true=0.457679 pred=0.742193 diff=+0.284514 abs_err=0.284514
INFO | EPOCH_119 | [B=31, T=11, D=3] true=0.473188 pred=0.752031 diff=+0.278843 abs_err=0.278843
INFO | EPOCH_119 | TOP 5 BEST/CORRECT masked points (smallest abs_err):
INFO | EPOCH_119 | [B=54, T=7, D=1] true=0.473576 pred=0.473575 diff=-0.000001 abs_err=0.000001
INFO | EPOCH_119 | [B=17, T=0, D=10] true=0.523477 pred=0.523479 diff=+0.000002 abs_err=0.000002
INFO | EPOCH_119 | [B=44, T=21, D=2] true=0.356536 pred=0.356541 diff=+0.000005 abs_err=0.000005
INFO | EPOCH_119 | [B=40, T=21, D=2] true=0.367052 pred=0.367045 diff=-0.000007 abs_err=0.000007
INFO | EPOCH_119 | [B=19, T=11, D=11] true=0.383296 pred=0.383304 diff=+0.000008 abs_err=0.000008
INFO | EPOCH_129 | RANDOM 15 masked points (true, pred, diff, abs_err):
INFO | EPOCH_129 | [B=62, T=20, D=10] true=0.469122 pred=0.464896 diff=-0.004227 abs_err=0.004227
INFO | EPOCH_129 | [B=29, T=23, D=1] true=0.530237 pred=0.543451 diff=+0.013214 abs_err=0.013214
INFO | EPOCH_129 | [B=17, T=3, D=1] true=0.439949 pred=0.451659 diff=+0.011710 abs_err=0.011710
INFO | EPOCH_129 | [B=48, T=10, D=11] true=0.408563 pred=0.389960 diff=-0.018603 abs_err=0.018603
INFO | EPOCH_129 | [B=25, T=29, D=9] true=0.753862 pred=0.721313 diff=-0.032550 abs_err=0.032550
INFO | EPOCH_129 | [B=2, T=22, D=10] true=0.458083 pred=0.466201 diff=+0.008118 abs_err=0.008118
INFO | EPOCH_129 | [B=37, T=12, D=9] true=0.461375 pred=0.508351 diff=+0.046976 abs_err=0.046976
INFO | EPOCH_129 | [B=14, T=6, D=2] true=0.359104 pred=0.345477 diff=-0.013626 abs_err=0.013626
INFO | EPOCH_129 | [B=23, T=14, D=7] true=0.538902 pred=0.532826 diff=-0.006076 abs_err=0.006076
INFO | EPOCH_129 | [B=45, T=14, D=5] true=0.351105 pred=0.352284 diff=+0.001179 abs_err=0.001179
INFO | EPOCH_129 | [B=31, T=17, D=1] true=0.469513 pred=0.470164 diff=+0.000651 abs_err=0.000651
INFO | EPOCH_129 | [B=10, T=26, D=9] true=0.724606 pred=0.734409 diff=+0.009803 abs_err=0.009803
INFO | EPOCH_129 | [B=51, T=17, D=7] true=0.600994 pred=0.596813 diff=-0.004181 abs_err=0.004181
INFO | EPOCH_129 | [B=56, T=18, D=2] true=0.360677 pred=0.363801 diff=+0.003124 abs_err=0.003124
INFO | EPOCH_129 | [B=39, T=21, D=0] true=0.609742 pred=0.616420 diff=+0.006677 abs_err=0.006677
INFO | EPOCH_129 | TOP 5 WORST masked points (largest abs_err):
INFO | EPOCH_129 | [B=46, T=13, D=6] true=0.309158 pred=0.699579 diff=+0.390421 abs_err=0.390421
INFO | EPOCH_129 | [B=46, T=10, D=6] true=0.309465 pred=0.699604 diff=+0.390138 abs_err=0.390138
INFO | EPOCH_129 | [B=26, T=5, D=9] true=0.397682 pred=0.743909 diff=+0.346226 abs_err=0.346226
INFO | EPOCH_129 | [B=49, T=14, D=11] true=0.563015 pred=0.279209 diff=-0.283806 abs_err=0.283806
INFO | EPOCH_129 | [B=49, T=14, D=10] true=0.367372 pred=0.647091 diff=+0.279719 abs_err=0.279719
INFO | EPOCH_129 | TOP 5 BEST/CORRECT masked points (smallest abs_err):
INFO | EPOCH_129 | [B=26, T=4, D=10] true=0.476062 pred=0.476067 diff=+0.000004 abs_err=0.000004
INFO | EPOCH_129 | [B=20, T=20, D=6] true=0.539364 pred=0.539369 diff=+0.000005 abs_err=0.000005
INFO | EPOCH_129 | [B=4, T=20, D=0] true=0.611856 pred=0.611849 diff=-0.000007 abs_err=0.000007
INFO | EPOCH_129 | [B=34, T=17, D=2] true=0.370585 pred=0.370593 diff=+0.000008 abs_err=0.000008
INFO | EPOCH_129 | [B=38, T=30, D=1] true=0.596479 pred=0.596488 diff=+0.000009 abs_err=0.000009
INFO | EPOCH_139 | RANDOM 15 masked points (true, pred, diff, abs_err):
INFO | EPOCH_139 | [B=4, T=23, D=2] true=0.280462 pred=0.291718 diff=+0.011256 abs_err=0.011256
INFO | EPOCH_139 | [B=33, T=10, D=9] true=0.498533 pred=0.504200 diff=+0.005667 abs_err=0.005667
INFO | EPOCH_139 | [B=29, T=27, D=7] true=0.586825 pred=0.594048 diff=+0.007223 abs_err=0.007223
INFO | EPOCH_139 | [B=8, T=5, D=4] true=0.448748 pred=0.463721 diff=+0.014973 abs_err=0.014973
INFO | EPOCH_139 | [B=31, T=14, D=1] true=0.600859 pred=0.543406 diff=-0.057453 abs_err=0.057453
INFO | EPOCH_139 | [B=58, T=2, D=7] true=0.503260 pred=0.486556 diff=-0.016705 abs_err=0.016705
INFO | EPOCH_139 | [B=51, T=9, D=0] true=0.474809 pred=0.486260 diff=+0.011451 abs_err=0.011451
INFO | EPOCH_139 | [B=41, T=1, D=5] true=0.351108 pred=0.353878 diff=+0.002770 abs_err=0.002770
INFO | EPOCH_139 | [B=20, T=7, D=11] true=0.396184 pred=0.405603 diff=+0.009419 abs_err=0.009419
INFO | EPOCH_139 | [B=25, T=10, D=11] true=0.396031 pred=0.400114 diff=+0.004083 abs_err=0.004083
INFO | EPOCH_139 | [B=19, T=25, D=2] true=0.345869 pred=0.339339 diff=-0.006530 abs_err=0.006530
INFO | EPOCH_139 | [B=31, T=2, D=11] true=0.346507 pred=0.395540 diff=+0.049033 abs_err=0.049033
INFO | EPOCH_139 | [B=10, T=0, D=4] true=0.460663 pred=0.466973 diff=+0.006310 abs_err=0.006310
INFO | EPOCH_139 | [B=7, T=1, D=6] true=0.446168 pred=0.455374 diff=+0.009206 abs_err=0.009206
INFO | EPOCH_139 | [B=8, T=24, D=9] true=0.545527 pred=0.495342 diff=-0.050185 abs_err=0.050185
INFO | EPOCH_139 | TOP 5 WORST masked points (largest abs_err):
INFO | EPOCH_139 | [B=51, T=24, D=6] true=0.759273 pred=0.484690 diff=-0.274583 abs_err=0.274583
INFO | EPOCH_139 | [B=51, T=26, D=0] true=0.752228 pred=0.485644 diff=-0.266584 abs_err=0.266584
INFO | EPOCH_139 | [B=63, T=23, D=3] true=0.470768 pred=0.727408 diff=+0.256639 abs_err=0.256639
INFO | EPOCH_139 | [B=53, T=23, D=9] true=0.760412 pred=0.504999 diff=-0.255413 abs_err=0.255413
INFO | EPOCH_139 | [B=53, T=25, D=9] true=0.759572 pred=0.505033 diff=-0.254539 abs_err=0.254539
INFO | EPOCH_139 | TOP 5 BEST/CORRECT masked points (smallest abs_err):
INFO | EPOCH_139 | [B=59, T=9, D=3] true=0.671682 pred=0.671682 diff=-0.000000 abs_err=0.000000
INFO | EPOCH_139 | [B=9, T=9, D=10] true=0.442309 pred=0.442318 diff=+0.000009 abs_err=0.000009
INFO | EPOCH_139 | [B=29, T=0, D=3] true=0.584165 pred=0.584154 diff=-0.000010 abs_err=0.000010
INFO | EPOCH_139 | [B=17, T=17, D=4] true=0.435346 pred=0.435334 diff=-0.000012 abs_err=0.000012
INFO | EPOCH_139 | [B=33, T=3, D=9] true=0.503802 pred=0.503816 diff=+0.000014 abs_err=0.000014
INFO | EPOCH_149 | RANDOM 15 masked points (true, pred, diff, abs_err):
INFO | EPOCH_149 | [B=41, T=23, D=1] true=0.510959 pred=0.556008 diff=+0.045050 abs_err=0.045050
INFO | EPOCH_149 | [B=6, T=17, D=1] true=0.470464 pred=0.468074 diff=-0.002391 abs_err=0.002391
INFO | EPOCH_149 | [B=17, T=18, D=1] true=0.476460 pred=0.476657 diff=+0.000197 abs_err=0.000197
INFO | EPOCH_149 | [B=7, T=23, D=6] true=0.675128 pred=0.708760 diff=+0.033632 abs_err=0.033632
INFO | EPOCH_149 | [B=49, T=20, D=8] true=0.342236 pred=0.327073 diff=-0.015163 abs_err=0.015163
INFO | EPOCH_149 | [B=27, T=4, D=6] true=0.672498 pred=0.694626 diff=+0.022128 abs_err=0.022128
INFO | EPOCH_149 | [B=26, T=8, D=1] true=0.477592 pred=0.482640 diff=+0.005047 abs_err=0.005047
INFO | EPOCH_149 | [B=61, T=7, D=5] true=0.352934 pred=0.355116 diff=+0.002183 abs_err=0.002183
INFO | EPOCH_149 | [B=25, T=29, D=3] true=0.713133 pred=0.728493 diff=+0.015360 abs_err=0.015360
INFO | EPOCH_149 | [B=44, T=24, D=3] true=0.636329 pred=0.637416 diff=+0.001087 abs_err=0.001087
INFO | EPOCH_149 | [B=55, T=14, D=10] true=0.459934 pred=0.475262 diff=+0.015328 abs_err=0.015328
INFO | EPOCH_149 | [B=1, T=12, D=10] true=0.475373 pred=0.478608 diff=+0.003235 abs_err=0.003235
INFO | EPOCH_149 | [B=30, T=27, D=10] true=0.486817 pred=0.473187 diff=-0.013630 abs_err=0.013630
INFO | EPOCH_149 | [B=21, T=21, D=0] true=0.732463 pred=0.742829 diff=+0.010367 abs_err=0.010367
INFO | EPOCH_149 | [B=11, T=15, D=9] true=0.831304 pred=0.832490 diff=+0.001186 abs_err=0.001186
INFO | EPOCH_149 | TOP 5 WORST masked points (largest abs_err):
INFO | EPOCH_149 | [B=35, T=20, D=3] true=0.370831 pred=0.706726 diff=+0.335895 abs_err=0.335895
INFO | EPOCH_149 | [B=37, T=25, D=0] true=0.402848 pred=0.662318 diff=+0.259470 abs_err=0.259470
INFO | EPOCH_149 | [B=46, T=14, D=2] true=0.574291 pred=0.319016 diff=-0.255275 abs_err=0.255275
INFO | EPOCH_149 | [B=35, T=13, D=3] true=0.460153 pred=0.706997 diff=+0.246844 abs_err=0.246844
INFO | EPOCH_149 | [B=0, T=1, D=3] true=0.475696 pred=0.718941 diff=+0.243245 abs_err=0.243245
INFO | EPOCH_149 | TOP 5 BEST/CORRECT masked points (smallest abs_err):
INFO | EPOCH_149 | [B=45, T=23, D=6] true=0.794919 pred=0.794923 diff=+0.000003 abs_err=0.000003
INFO | EPOCH_149 | [B=7, T=19, D=9] true=0.670306 pred=0.670309 diff=+0.000004 abs_err=0.000004
INFO | EPOCH_149 | [B=14, T=12, D=7] true=0.486848 pred=0.486843 diff=-0.000005 abs_err=0.000005
INFO | EPOCH_149 | [B=13, T=2, D=9] true=0.689216 pred=0.689211 diff=-0.000005 abs_err=0.000005
INFO | EPOCH_149 | [B=41, T=28, D=2] true=0.340733 pred=0.340738 diff=+0.000006 abs_err=0.000006
INFO | EPOCH_159 | RANDOM 15 masked points (true, pred, diff, abs_err):
INFO | EPOCH_159 | [B=34, T=24, D=8] true=0.464607 pred=0.457121 diff=-0.007486 abs_err=0.007486
INFO | EPOCH_159 | [B=61, T=10, D=5] true=0.348076 pred=0.352733 diff=+0.004656 abs_err=0.004656
INFO | EPOCH_159 | [B=47, T=7, D=4] true=0.537568 pred=0.532916 diff=-0.004652 abs_err=0.004652
INFO | EPOCH_159 | [B=24, T=16, D=8] true=0.317368 pred=0.328360 diff=+0.010992 abs_err=0.010992
INFO | EPOCH_159 | [B=2, T=23, D=5] true=0.331348 pred=0.342754 diff=+0.011407 abs_err=0.011407
INFO | EPOCH_159 | [B=39, T=20, D=4] true=0.545660 pred=0.549085 diff=+0.003425 abs_err=0.003425
INFO | EPOCH_159 | [B=56, T=17, D=1] true=0.497968 pred=0.497926 diff=-0.000042 abs_err=0.000042
INFO | EPOCH_159 | [B=57, T=31, D=5] true=0.298697 pred=0.313065 diff=+0.014369 abs_err=0.014369
INFO | EPOCH_159 | [B=56, T=16, D=11] true=0.376902 pred=0.382510 diff=+0.005608 abs_err=0.005608
INFO | EPOCH_159 | [B=38, T=25, D=2] true=0.285304 pred=0.309000 diff=+0.023695 abs_err=0.023695
INFO | EPOCH_159 | [B=43, T=2, D=3] true=0.630695 pred=0.616539 diff=-0.014156 abs_err=0.014156
INFO | EPOCH_159 | [B=36, T=5, D=4] true=0.608875 pred=0.596850 diff=-0.012024 abs_err=0.012024
INFO | EPOCH_159 | [B=21, T=12, D=10] true=0.550274 pred=0.543700 diff=-0.006574 abs_err=0.006574
INFO | EPOCH_159 | [B=49, T=18, D=3] true=0.511620 pred=0.514548 diff=+0.002928 abs_err=0.002928
INFO | EPOCH_159 | [B=63, T=30, D=9] true=0.793775 pred=0.694256 diff=-0.099520 abs_err=0.099520
INFO | EPOCH_159 | TOP 5 WORST masked points (largest abs_err):
INFO | EPOCH_159 | [B=7, T=3, D=0] true=0.919247 pred=0.586509 diff=-0.332738 abs_err=0.332738
INFO | EPOCH_159 | [B=7, T=3, D=2] true=0.592120 pred=0.308349 diff=-0.283771 abs_err=0.283771
INFO | EPOCH_159 | [B=59, T=19, D=6] true=0.740693 pred=0.459745 diff=-0.280948 abs_err=0.280948
INFO | EPOCH_159 | [B=59, T=13, D=6] true=0.740249 pred=0.460608 diff=-0.279641 abs_err=0.279641
INFO | EPOCH_159 | [B=59, T=26, D=6] true=0.738378 pred=0.458769 diff=-0.279608 abs_err=0.279608
INFO | EPOCH_159 | TOP 5 BEST/CORRECT masked points (smallest abs_err):
INFO | EPOCH_159 | [B=6, T=30, D=4] true=0.504363 pred=0.504362 diff=-0.000001 abs_err=0.000001
INFO | EPOCH_159 | [B=27, T=1, D=2] true=0.327354 pred=0.327355 diff=+0.000001 abs_err=0.000001
INFO | EPOCH_159 | [B=52, T=29, D=0] true=0.573323 pred=0.573318 diff=-0.000004 abs_err=0.000004
INFO | EPOCH_159 | [B=58, T=5, D=4] true=0.476168 pred=0.476172 diff=+0.000005 abs_err=0.000005
INFO | EPOCH_159 | [B=5, T=5, D=1] true=0.462240 pred=0.462245 diff=+0.000005 abs_err=0.000005
INFO | EPOCH_169 | RANDOM 15 masked points (true, pred, diff, abs_err):
INFO | EPOCH_169 | [B=44, T=21, D=1] true=0.514808 pred=0.517680 diff=+0.002871 abs_err=0.002871
INFO | EPOCH_169 | [B=14, T=2, D=9] true=0.516795 pred=0.520841 diff=+0.004047 abs_err=0.004047
INFO | EPOCH_169 | [B=23, T=2, D=0] true=0.561846 pred=0.584805 diff=+0.022959 abs_err=0.022959
INFO | EPOCH_169 | [B=12, T=24, D=8] true=0.374997 pred=0.359159 diff=-0.015838 abs_err=0.015838
INFO | EPOCH_169 | [B=35, T=22, D=9] true=0.673464 pred=0.679363 diff=+0.005899 abs_err=0.005899
INFO | EPOCH_169 | [B=57, T=21, D=6] true=0.690327 pred=0.730280 diff=+0.039953 abs_err=0.039953
INFO | EPOCH_169 | [B=15, T=3, D=11] true=0.336540 pred=0.343819 diff=+0.007279 abs_err=0.007279
INFO | EPOCH_169 | [B=8, T=11, D=5] true=0.369414 pred=0.358061 diff=-0.011353 abs_err=0.011353
INFO | EPOCH_169 | [B=6, T=9, D=4] true=0.456559 pred=0.458633 diff=+0.002074 abs_err=0.002074
INFO | EPOCH_169 | [B=18, T=2, D=3] true=0.612950 pred=0.618313 diff=+0.005363 abs_err=0.005363
INFO | EPOCH_169 | [B=25, T=9, D=8] true=0.442065 pred=0.455189 diff=+0.013125 abs_err=0.013125
INFO | EPOCH_169 | [B=58, T=29, D=1] true=0.461194 pred=0.471847 diff=+0.010653 abs_err=0.010653
INFO | EPOCH_169 | [B=25, T=15, D=9] true=0.538559 pred=0.563850 diff=+0.025292 abs_err=0.025292
INFO | EPOCH_169 | [B=42, T=15, D=7] true=0.641706 pred=0.476959 diff=-0.164747 abs_err=0.164747
INFO | EPOCH_169 | [B=14, T=26, D=7] true=0.460509 pred=0.488680 diff=+0.028171 abs_err=0.028171
INFO | EPOCH_169 | TOP 5 WORST masked points (largest abs_err):
INFO | EPOCH_169 | [B=28, T=19, D=11] true=0.067170 pred=0.380715 diff=+0.313545 abs_err=0.313545
INFO | EPOCH_169 | [B=33, T=10, D=9] true=0.757185 pred=0.471765 diff=-0.285420 abs_err=0.285420
INFO | EPOCH_169 | [B=44, T=7, D=6] true=0.788900 pred=0.506926 diff=-0.281974 abs_err=0.281974
INFO | EPOCH_169 | [B=43, T=7, D=11] true=0.595146 pred=0.316657 diff=-0.278488 abs_err=0.278488
INFO | EPOCH_169 | [B=28, T=19, D=10] true=0.761463 pred=0.486426 diff=-0.275037 abs_err=0.275037
INFO | EPOCH_169 | TOP 5 BEST/CORRECT masked points (smallest abs_err):
INFO | EPOCH_169 | [B=32, T=7, D=4] true=0.476475 pred=0.476477 diff=+0.000002 abs_err=0.000002
INFO | EPOCH_169 | [B=3, T=1, D=7] true=0.496607 pred=0.496604 diff=-0.000002 abs_err=0.000002
INFO | EPOCH_169 | [B=9, T=25, D=8] true=0.333738 pred=0.333732 diff=-0.000006 abs_err=0.000006
INFO | EPOCH_169 | [B=34, T=9, D=1] true=0.509190 pred=0.509182 diff=-0.000008 abs_err=0.000008
INFO | EPOCH_169 | [B=61, T=9, D=4] true=0.535031 pred=0.535040 diff=+0.000009 abs_err=0.000009
INFO | EPOCH_179 | RANDOM 15 masked points (true, pred, diff, abs_err):
INFO | EPOCH_179 | [B=36, T=23, D=1] true=0.504289 pred=0.502464 diff=-0.001824 abs_err=0.001824
INFO | EPOCH_179 | [B=12, T=6, D=6] true=0.445112 pred=0.483897 diff=+0.038785 abs_err=0.038785
INFO | EPOCH_179 | [B=44, T=31, D=8] true=0.429743 pred=0.435471 diff=+0.005728 abs_err=0.005728
INFO | EPOCH_179 | [B=53, T=8, D=1] true=0.606720 pred=0.634808 diff=+0.028088 abs_err=0.028088
INFO | EPOCH_179 | [B=54, T=28, D=2] true=0.349284 pred=0.354314 diff=+0.005031 abs_err=0.005031
INFO | EPOCH_179 | [B=42, T=20, D=1] true=0.482804 pred=0.483522 diff=+0.000718 abs_err=0.000718
INFO | EPOCH_179 | [B=6, T=27, D=11] true=0.377629 pred=0.367542 diff=-0.010087 abs_err=0.010087
INFO | EPOCH_179 | [B=25, T=19, D=1] true=0.436006 pred=0.441145 diff=+0.005139 abs_err=0.005139
INFO | EPOCH_179 | [B=25, T=30, D=0] true=0.717445 pred=0.720151 diff=+0.002705 abs_err=0.002705
INFO | EPOCH_179 | [B=61, T=19, D=5] true=0.350344 pred=0.357366 diff=+0.007022 abs_err=0.007022
INFO | EPOCH_179 | [B=20, T=18, D=1] true=0.465287 pred=0.474389 diff=+0.009102 abs_err=0.009102
INFO | EPOCH_179 | [B=42, T=4, D=2] true=0.328445 pred=0.338589 diff=+0.010144 abs_err=0.010144
INFO | EPOCH_179 | [B=18, T=3, D=2] true=0.344338 pred=0.349776 diff=+0.005438 abs_err=0.005438
INFO | EPOCH_179 | [B=55, T=28, D=5] true=0.375061 pred=0.379283 diff=+0.004222 abs_err=0.004222
INFO | EPOCH_179 | [B=55, T=15, D=11] true=0.411132 pred=0.417418 diff=+0.006286 abs_err=0.006286
INFO | EPOCH_179 | TOP 5 WORST masked points (largest abs_err):
INFO | EPOCH_179 | [B=26, T=8, D=6] true=0.498543 pred=0.838199 diff=+0.339657 abs_err=0.339657
INFO | EPOCH_179 | [B=40, T=27, D=6] true=0.482263 pred=0.790097 diff=+0.307833 abs_err=0.307833
INFO | EPOCH_179 | [B=44, T=20, D=6] true=0.319519 pred=0.624177 diff=+0.304658 abs_err=0.304658
INFO | EPOCH_179 | [B=44, T=18, D=6] true=0.321752 pred=0.624549 diff=+0.302797 abs_err=0.302797
INFO | EPOCH_179 | [B=18, T=11, D=6] true=0.722762 pred=0.440069 diff=-0.282693 abs_err=0.282693
INFO | EPOCH_179 | TOP 5 BEST/CORRECT masked points (smallest abs_err):
INFO | EPOCH_179 | [B=35, T=11, D=3] true=0.714200 pred=0.714198 diff=-0.000002 abs_err=0.000002
INFO | EPOCH_179 | [B=36, T=11, D=4] true=0.492891 pred=0.492887 diff=-0.000004 abs_err=0.000004
INFO | EPOCH_179 | [B=28, T=9, D=10] true=0.538667 pred=0.538662 diff=-0.000005 abs_err=0.000005
INFO | EPOCH_179 | [B=7, T=22, D=11] true=0.375199 pred=0.375193 diff=-0.000006 abs_err=0.000006
INFO | EPOCH_179 | [B=14, T=9, D=0] true=0.741382 pred=0.741388 diff=+0.000007 abs_err=0.000007
INFO | EPOCH_189 | RANDOM 15 masked points (true, pred, diff, abs_err):
INFO | EPOCH_189 | [B=53, T=28, D=1] true=0.518946 pred=0.471325 diff=-0.047622 abs_err=0.047622
INFO | EPOCH_189 | [B=23, T=10, D=10] true=0.553533 pred=0.531256 diff=-0.022278 abs_err=0.022278
INFO | EPOCH_189 | [B=5, T=4, D=10] true=0.490096 pred=0.476808 diff=-0.013288 abs_err=0.013288
INFO | EPOCH_189 | [B=14, T=20, D=3] true=0.626989 pred=0.611008 diff=-0.015981 abs_err=0.015981
INFO | EPOCH_189 | [B=15, T=9, D=2] true=0.326122 pred=0.316185 diff=-0.009937 abs_err=0.009937
INFO | EPOCH_189 | [B=33, T=6, D=10] true=0.467875 pred=0.424371 diff=-0.043504 abs_err=0.043504
INFO | EPOCH_189 | [B=26, T=11, D=2] true=0.341662 pred=0.346763 diff=+0.005101 abs_err=0.005101
INFO | EPOCH_189 | [B=44, T=28, D=7] true=0.567240 pred=0.549941 diff=-0.017300 abs_err=0.017300
INFO | EPOCH_189 | [B=17, T=2, D=1] true=0.451750 pred=0.442090 diff=-0.009660 abs_err=0.009660
INFO | EPOCH_189 | [B=4, T=11, D=9] true=0.726153 pred=0.722939 diff=-0.003214 abs_err=0.003214
INFO | EPOCH_189 | [B=30, T=18, D=1] true=0.608035 pred=0.588957 diff=-0.019078 abs_err=0.019078
INFO | EPOCH_189 | [B=21, T=24, D=8] true=0.338540 pred=0.334240 diff=-0.004301 abs_err=0.004301
INFO | EPOCH_189 | [B=59, T=12, D=1] true=0.566010 pred=0.539261 diff=-0.026749 abs_err=0.026749
INFO | EPOCH_189 | [B=44, T=21, D=4] true=0.500798 pred=0.497636 diff=-0.003162 abs_err=0.003162
INFO | EPOCH_189 | [B=60, T=10, D=11] true=0.387492 pred=0.403077 diff=+0.015586 abs_err=0.015586
INFO | EPOCH_189 | TOP 5 WORST masked points (largest abs_err):
INFO | EPOCH_189 | [B=47, T=24, D=6] true=0.508596 pred=0.844853 diff=+0.336257 abs_err=0.336257
INFO | EPOCH_189 | [B=53, T=1, D=11] true=0.165065 pred=0.487388 diff=+0.322323 abs_err=0.322323
INFO | EPOCH_189 | [B=47, T=28, D=9] true=0.476679 pred=0.792946 diff=+0.316267 abs_err=0.316267
INFO | EPOCH_189 | [B=14, T=11, D=6] true=0.320333 pred=0.611611 diff=+0.291278 abs_err=0.291278
INFO | EPOCH_189 | [B=7, T=7, D=0] true=0.760210 pred=0.471474 diff=-0.288736 abs_err=0.288736
INFO | EPOCH_189 | TOP 5 BEST/CORRECT masked points (smallest abs_err):
INFO | EPOCH_189 | [B=11, T=2, D=10] true=0.531328 pred=0.531328 diff=-0.000000 abs_err=0.000000
INFO | EPOCH_189 | [B=62, T=7, D=11] true=0.401958 pred=0.401961 diff=+0.000003 abs_err=0.000003
INFO | EPOCH_189 | [B=47, T=24, D=7] true=0.564975 pred=0.564984 diff=+0.000008 abs_err=0.000008
INFO | EPOCH_189 | [B=43, T=1, D=10] true=0.461795 pred=0.461785 diff=-0.000010 abs_err=0.000010
INFO | EPOCH_189 | [B=59, T=12, D=2] true=0.318307 pred=0.318319 diff=+0.000012 abs_err=0.000012
INFO | EPOCH_199 | RANDOM 15 masked points (true, pred, diff, abs_err):
INFO | EPOCH_199 | [B=49, T=8, D=8] true=0.379687 pred=0.407983 diff=+0.028296 abs_err=0.028296
INFO | EPOCH_199 | [B=41, T=23, D=5] true=0.356201 pred=0.363891 diff=+0.007690 abs_err=0.007690
INFO | EPOCH_199 | [B=49, T=17, D=7] true=0.600517 pred=0.624778 diff=+0.024262 abs_err=0.024262
INFO | EPOCH_199 | [B=4, T=13, D=2] true=0.351367 pred=0.360730 diff=+0.009363 abs_err=0.009363
INFO | EPOCH_199 | [B=20, T=6, D=0] true=0.546820 pred=0.558049 diff=+0.011229 abs_err=0.011229
INFO | EPOCH_199 | [B=28, T=27, D=10] true=0.503025 pred=0.490205 diff=-0.012820 abs_err=0.012820
INFO | EPOCH_199 | [B=53, T=23, D=5] true=0.357834 pred=0.336190 diff=-0.021644 abs_err=0.021644
INFO | EPOCH_199 | [B=52, T=16, D=6] true=0.576805 pred=0.565901 diff=-0.010904 abs_err=0.010904
INFO | EPOCH_199 | [B=5, T=3, D=5] true=0.358203 pred=0.339993 diff=-0.018210 abs_err=0.018210
INFO | EPOCH_199 | [B=9, T=19, D=9] true=0.657289 pred=0.653394 diff=-0.003895 abs_err=0.003895
INFO | EPOCH_199 | [B=54, T=20, D=2] true=0.370562 pred=0.363088 diff=-0.007475 abs_err=0.007475
INFO | EPOCH_199 | [B=54, T=22, D=5] true=0.329165 pred=0.347192 diff=+0.018026 abs_err=0.018026
INFO | EPOCH_199 | [B=15, T=25, D=4] true=0.523172 pred=0.552010 diff=+0.028838 abs_err=0.028838
INFO | EPOCH_199 | [B=58, T=0, D=10] true=0.539792 pred=0.539976 diff=+0.000184 abs_err=0.000184
INFO | EPOCH_199 | [B=26, T=10, D=10] true=0.447461 pred=0.467490 diff=+0.020028 abs_err=0.020028
INFO | EPOCH_199 | TOP 5 WORST masked points (largest abs_err):
INFO | EPOCH_199 | [B=55, T=27, D=9] true=0.457679 pred=0.736191 diff=+0.278512 abs_err=0.278512
INFO | EPOCH_199 | [B=45, T=4, D=0] true=0.425711 pred=0.695141 diff=+0.269431 abs_err=0.269431
INFO | EPOCH_199 | [B=6, T=22, D=9] true=0.758224 pred=0.505740 diff=-0.252484 abs_err=0.252484
INFO | EPOCH_199 | [B=6, T=29, D=9] true=0.755642 pred=0.506444 diff=-0.249197 abs_err=0.249197
INFO | EPOCH_199 | [B=45, T=21, D=1] true=0.672432 pred=0.432358 diff=-0.240074 abs_err=0.240074
INFO | EPOCH_199 | TOP 5 BEST/CORRECT masked points (smallest abs_err):
INFO | EPOCH_199 | [B=39, T=12, D=5] true=0.355533 pred=0.355532 diff=-0.000001 abs_err=0.000001
INFO | EPOCH_199 | [B=4, T=3, D=6] true=0.621221 pred=0.621226 diff=+0.000006 abs_err=0.000006
INFO | EPOCH_199 | [B=43, T=13, D=8] true=0.345619 pred=0.345625 diff=+0.000006 abs_err=0.000006
INFO | EPOCH_199 | [B=41, T=23, D=3] true=0.638392 pred=0.638385 diff=-0.000007 abs_err=0.000007
INFO | EPOCH_199 | [B=10, T=3, D=0] true=0.701327 pred=0.701317 diff=-0.000010 abs_err=0.000010
INFO | EPOCH_209 | RANDOM 15 masked points (true, pred, diff, abs_err):
INFO | EPOCH_209 | [B=62, T=14, D=1] true=0.448851 pred=0.460845 diff=+0.011994 abs_err=0.011994
INFO | EPOCH_209 | [B=29, T=26, D=0] true=0.702124 pred=0.729501 diff=+0.027377 abs_err=0.027377
INFO | EPOCH_209 | [B=60, T=28, D=9] true=0.653751 pred=0.749790 diff=+0.096040 abs_err=0.096040
INFO | EPOCH_209 | [B=53, T=27, D=0] true=0.709484 pred=0.707832 diff=-0.001652 abs_err=0.001652
INFO | EPOCH_209 | [B=7, T=8, D=7] true=0.601244 pred=0.600887 diff=-0.000357 abs_err=0.000357
INFO | EPOCH_209 | [B=46, T=10, D=7] true=0.716355 pred=0.567183 diff=-0.149171 abs_err=0.149171
INFO | EPOCH_209 | [B=29, T=23, D=6] true=0.663110 pred=0.666216 diff=+0.003106 abs_err=0.003106
INFO | EPOCH_209 | [B=45, T=21, D=5] true=0.332773 pred=0.334469 diff=+0.001696 abs_err=0.001696
INFO | EPOCH_209 | [B=51, T=13, D=0] true=0.713486 pred=0.719494 diff=+0.006009 abs_err=0.006009
INFO | EPOCH_209 | [B=45, T=29, D=8] true=0.325877 pred=0.350712 diff=+0.024836 abs_err=0.024836
INFO | EPOCH_209 | [B=23, T=23, D=11] true=0.385009 pred=0.391340 diff=+0.006332 abs_err=0.006332
INFO | EPOCH_209 | [B=52, T=1, D=0] true=0.667493 pred=0.682920 diff=+0.015427 abs_err=0.015427
INFO | EPOCH_209 | [B=14, T=6, D=2] true=0.373443 pred=0.338646 diff=-0.034797 abs_err=0.034797
INFO | EPOCH_209 | [B=34, T=4, D=8] true=0.377963 pred=0.307432 diff=-0.070531 abs_err=0.070531
INFO | EPOCH_209 | [B=54, T=12, D=6] true=0.916728 pred=0.943087 diff=+0.026359 abs_err=0.026359
INFO | EPOCH_209 | TOP 5 WORST masked points (largest abs_err):
INFO | EPOCH_209 | [B=17, T=6, D=6] true=0.311567 pred=0.779593 diff=+0.468026 abs_err=0.468026
INFO | EPOCH_209 | [B=17, T=2, D=6] true=0.312481 pred=0.779544 diff=+0.467062 abs_err=0.467062
INFO | EPOCH_209 | [B=46, T=13, D=6] true=0.309158 pred=0.710700 diff=+0.401542 abs_err=0.401542
INFO | EPOCH_209 | [B=46, T=10, D=6] true=0.309465 pred=0.710915 diff=+0.401450 abs_err=0.401450
INFO | EPOCH_209 | [B=31, T=11, D=3] true=0.473188 pred=0.762214 diff=+0.289026 abs_err=0.289026
INFO | EPOCH_209 | TOP 5 BEST/CORRECT masked points (smallest abs_err):
INFO | EPOCH_209 | [B=24, T=18, D=7] true=0.603908 pred=0.603909 diff=+0.000001 abs_err=0.000001
INFO | EPOCH_209 | [B=28, T=1, D=2] true=0.322529 pred=0.322532 diff=+0.000003 abs_err=0.000003
INFO | EPOCH_209 | [B=63, T=5, D=3] true=0.732357 pred=0.732360 diff=+0.000004 abs_err=0.000004
INFO | EPOCH_209 | [B=31, T=25, D=7] true=0.484615 pred=0.484623 diff=+0.000007 abs_err=0.000007
INFO | EPOCH_209 | [B=62, T=10, D=11] true=0.415296 pred=0.415288 diff=-0.000008 abs_err=0.000008
INFO | EPOCH_219 | RANDOM 15 masked points (true, pred, diff, abs_err):
INFO | EPOCH_219 | [B=0, T=23, D=8] true=0.229482 pred=0.320481 diff=+0.090999 abs_err=0.090999
INFO | EPOCH_219 | [B=34, T=25, D=11] true=0.382633 pred=0.390826 diff=+0.008193 abs_err=0.008193
INFO | EPOCH_219 | [B=12, T=12, D=9] true=0.603015 pred=0.619298 diff=+0.016284 abs_err=0.016284
INFO | EPOCH_219 | [B=15, T=26, D=1] true=0.443988 pred=0.490869 diff=+0.046881 abs_err=0.046881
INFO | EPOCH_219 | [B=31, T=11, D=5] true=0.313340 pred=0.293411 diff=-0.019929 abs_err=0.019929
INFO | EPOCH_219 | [B=57, T=30, D=5] true=0.369340 pred=0.346638 diff=-0.022702 abs_err=0.022702
INFO | EPOCH_219 | [B=50, T=11, D=5] true=0.325862 pred=0.342263 diff=+0.016401 abs_err=0.016401
INFO | EPOCH_219 | [B=16, T=9, D=8] true=0.465771 pred=0.464536 diff=-0.001235 abs_err=0.001235
INFO | EPOCH_219 | [B=10, T=1, D=11] true=0.396735 pred=0.409018 diff=+0.012283 abs_err=0.012283
INFO | EPOCH_219 | [B=57, T=10, D=3] true=0.558215 pred=0.528449 diff=-0.029766 abs_err=0.029766
INFO | EPOCH_219 | [B=28, T=24, D=11] true=0.391441 pred=0.393426 diff=+0.001985 abs_err=0.001985
INFO | EPOCH_219 | [B=4, T=19, D=8] true=0.415681 pred=0.431321 diff=+0.015640 abs_err=0.015640
INFO | EPOCH_219 | [B=23, T=23, D=3] true=0.702043 pred=0.664051 diff=-0.037992 abs_err=0.037992
INFO | EPOCH_219 | [B=21, T=9, D=6] true=0.771574 pred=0.715235 diff=-0.056339 abs_err=0.056339
INFO | EPOCH_219 | [B=17, T=0, D=0] true=0.838474 pred=0.815013 diff=-0.023461 abs_err=0.023461
INFO | EPOCH_219 | TOP 5 WORST masked points (largest abs_err):
INFO | EPOCH_219 | [B=26, T=5, D=9] true=0.397682 pred=0.731705 diff=+0.334023 abs_err=0.334023
INFO | EPOCH_219 | [B=49, T=14, D=11] true=0.563015 pred=0.278956 diff=-0.284059 abs_err=0.284059
INFO | EPOCH_219 | [B=47, T=23, D=3] true=0.441023 pred=0.717489 diff=+0.276465 abs_err=0.276465
INFO | EPOCH_219 | [B=49, T=14, D=10] true=0.367372 pred=0.638622 diff=+0.271251 abs_err=0.271251
INFO | EPOCH_219 | [B=55, T=13, D=9] true=0.320366 pred=0.582642 diff=+0.262276 abs_err=0.262276
INFO | EPOCH_219 | TOP 5 BEST/CORRECT masked points (smallest abs_err):
INFO | EPOCH_219 | [B=0, T=8, D=4] true=0.540091 pred=0.540089 diff=-0.000001 abs_err=0.000001
INFO | EPOCH_219 | [B=18, T=11, D=2] true=0.344149 pred=0.344153 diff=+0.000003 abs_err=0.000003
INFO | EPOCH_219 | [B=8, T=8, D=3] true=0.813352 pred=0.813359 diff=+0.000007 abs_err=0.000007
INFO | EPOCH_219 | [B=45, T=25, D=1] true=0.534318 pred=0.534312 diff=-0.000007 abs_err=0.000007
INFO | EPOCH_219 | [B=1, T=1, D=10] true=0.466650 pred=0.466642 diff=-0.000008 abs_err=0.000008
INFO | EPOCH_229 | RANDOM 15 masked points (true, pred, diff, abs_err):
INFO | EPOCH_229 | [B=24, T=4, D=3] true=0.714061 pred=0.705073 diff=-0.008988 abs_err=0.008988
INFO | EPOCH_229 | [B=14, T=9, D=10] true=0.436935 pred=0.435332 diff=-0.001602 abs_err=0.001602
INFO | EPOCH_229 | [B=33, T=22, D=1] true=0.594072 pred=0.582527 diff=-0.011545 abs_err=0.011545
INFO | EPOCH_229 | [B=53, T=4, D=5] true=0.357629 pred=0.349886 diff=-0.007743 abs_err=0.007743
INFO | EPOCH_229 | [B=61, T=8, D=2] true=0.352127 pred=0.337341 diff=-0.014786 abs_err=0.014786
INFO | EPOCH_229 | [B=1, T=15, D=5] true=0.420265 pred=0.323164 diff=-0.097101 abs_err=0.097101
INFO | EPOCH_229 | [B=4, T=19, D=2] true=0.337236 pred=0.341270 diff=+0.004034 abs_err=0.004034
INFO | EPOCH_229 | [B=36, T=18, D=6] true=0.448248 pred=0.478333 diff=+0.030085 abs_err=0.030085
INFO | EPOCH_229 | [B=12, T=24, D=11] true=0.355094 pred=0.341984 diff=-0.013110 abs_err=0.013110
INFO | EPOCH_229 | [B=34, T=21, D=7] true=0.568802 pred=0.566454 diff=-0.002348 abs_err=0.002348
INFO | EPOCH_229 | [B=43, T=25, D=0] true=0.659588 pred=0.637942 diff=-0.021646 abs_err=0.021646
INFO | EPOCH_229 | [B=7, T=9, D=6] true=0.671889 pred=0.685916 diff=+0.014027 abs_err=0.014027
INFO | EPOCH_229 | [B=36, T=5, D=10] true=0.458386 pred=0.481681 diff=+0.023294 abs_err=0.023294
INFO | EPOCH_229 | [B=60, T=18, D=3] true=0.678105 pred=0.671632 diff=-0.006473 abs_err=0.006473
INFO | EPOCH_229 | [B=57, T=1, D=2] true=0.374725 pred=0.361303 diff=-0.013422 abs_err=0.013422
INFO | EPOCH_229 | TOP 5 WORST masked points (largest abs_err):
INFO | EPOCH_229 | [B=35, T=20, D=3] true=0.370831 pred=0.687128 diff=+0.316297 abs_err=0.316297
INFO | EPOCH_229 | [B=51, T=24, D=6] true=0.759273 pred=0.490668 diff=-0.268605 abs_err=0.268605
INFO | EPOCH_229 | [B=36, T=17, D=9] true=0.751326 pred=0.491646 diff=-0.259680 abs_err=0.259680
INFO | EPOCH_229 | [B=46, T=14, D=2] true=0.574291 pred=0.316138 diff=-0.258153 abs_err=0.258153
INFO | EPOCH_229 | [B=36, T=28, D=9] true=0.747361 pred=0.493127 diff=-0.254234 abs_err=0.254234
INFO | EPOCH_229 | TOP 5 BEST/CORRECT masked points (smallest abs_err):
INFO | EPOCH_229 | [B=40, T=27, D=4] true=0.565543 pred=0.565536 diff=-0.000007 abs_err=0.000007
INFO | EPOCH_229 | [B=62, T=18, D=7] true=0.517093 pred=0.517102 diff=+0.000009 abs_err=0.000009
INFO | EPOCH_229 | [B=45, T=23, D=6] true=0.453146 pred=0.453132 diff=-0.000014 abs_err=0.000014
INFO | EPOCH_229 | [B=26, T=22, D=1] true=0.534529 pred=0.534544 diff=+0.000015 abs_err=0.000015
INFO | EPOCH_229 | [B=57, T=1, D=3] true=0.610822 pred=0.610804 diff=-0.000018 abs_err=0.000018
INFO | EPOCH_239 | RANDOM 15 masked points (true, pred, diff, abs_err):
INFO | EPOCH_239 | [B=42, T=27, D=10] true=0.600619 pred=0.585795 diff=-0.014825 abs_err=0.014825
INFO | EPOCH_239 | [B=46, T=4, D=5] true=0.299724 pred=0.307165 diff=+0.007441 abs_err=0.007441
INFO | EPOCH_239 | [B=10, T=25, D=9] true=0.671993 pred=0.666150 diff=-0.005842 abs_err=0.005842
INFO | EPOCH_239 | [B=17, T=24, D=11] true=0.354254 pred=0.362407 diff=+0.008153 abs_err=0.008153
INFO | EPOCH_239 | [B=44, T=8, D=0] true=0.646460 pred=0.641652 diff=-0.004808 abs_err=0.004808
INFO | EPOCH_239 | [B=47, T=21, D=9] true=0.438208 pred=0.450044 diff=+0.011836 abs_err=0.011836
INFO | EPOCH_239 | [B=53, T=14, D=5] true=0.370107 pred=0.361766 diff=-0.008341 abs_err=0.008341
INFO | EPOCH_239 | [B=21, T=0, D=4] true=0.527768 pred=0.562526 diff=+0.034757 abs_err=0.034757
INFO | EPOCH_239 | [B=8, T=16, D=6] true=0.661058 pred=0.656960 diff=-0.004098 abs_err=0.004098
INFO | EPOCH_239 | [B=42, T=21, D=6] true=0.436451 pred=0.498960 diff=+0.062509 abs_err=0.062509
INFO | EPOCH_239 | [B=4, T=0, D=6] true=0.560443 pred=0.569000 diff=+0.008556 abs_err=0.008556
INFO | EPOCH_239 | [B=2, T=3, D=3] true=0.582902 pred=0.586802 diff=+0.003900 abs_err=0.003900
INFO | EPOCH_239 | [B=42, T=26, D=3] true=0.498462 pred=0.493665 diff=-0.004798 abs_err=0.004798
INFO | EPOCH_239 | [B=43, T=8, D=11] true=0.408106 pred=0.406008 diff=-0.002098 abs_err=0.002098
INFO | EPOCH_239 | [B=39, T=26, D=0] true=0.669873 pred=0.659456 diff=-0.010417 abs_err=0.010417
INFO | EPOCH_239 | TOP 5 WORST masked points (largest abs_err):
INFO | EPOCH_239 | [B=7, T=3, D=0] true=0.919247 pred=0.597778 diff=-0.321469 abs_err=0.321469
INFO | EPOCH_239 | [B=7, T=3, D=2] true=0.592120 pred=0.311427 diff=-0.280693 abs_err=0.280693
INFO | EPOCH_239 | [B=22, T=25, D=5] true=0.051347 pred=0.322192 diff=+0.270845 abs_err=0.270845
INFO | EPOCH_239 | [B=60, T=8, D=6] true=0.465857 pred=0.723959 diff=+0.258102 abs_err=0.258102
INFO | EPOCH_239 | [B=60, T=15, D=6] true=0.465808 pred=0.722961 diff=+0.257153 abs_err=0.257153
INFO | EPOCH_239 | TOP 5 BEST/CORRECT masked points (smallest abs_err):
INFO | EPOCH_239 | [B=15, T=22, D=1] true=0.476997 pred=0.476997 diff=+0.000000 abs_err=0.000000
INFO | EPOCH_239 | [B=60, T=0, D=6] true=0.514892 pred=0.514895 diff=+0.000003 abs_err=0.000003
INFO | EPOCH_239 | [B=62, T=5, D=1] true=0.512950 pred=0.512953 diff=+0.000003 abs_err=0.000003
INFO | EPOCH_239 | [B=18, T=0, D=1] true=0.472392 pred=0.472388 diff=-0.000004 abs_err=0.000004
INFO | EPOCH_239 | [B=37, T=22, D=4] true=0.488550 pred=0.488546 diff=-0.000004 abs_err=0.000004
INFO | EPOCH_249 | RANDOM 15 masked points (true, pred, diff, abs_err):
INFO | EPOCH_249 | [B=51, T=26, D=3] true=0.775134 pred=0.770860 diff=-0.004274 abs_err=0.004274
INFO | EPOCH_249 | [B=18, T=25, D=5] true=0.330514 pred=0.328764 diff=-0.001750 abs_err=0.001750
INFO | EPOCH_249 | [B=56, T=17, D=6] true=0.628317 pred=0.651703 diff=+0.023386 abs_err=0.023386
INFO | EPOCH_249 | [B=10, T=9, D=7] true=0.527978 pred=0.498160 diff=-0.029818 abs_err=0.029818
INFO | EPOCH_249 | [B=13, T=9, D=5] true=0.363127 pred=0.342911 diff=-0.020216 abs_err=0.020216
INFO | EPOCH_249 | [B=2, T=22, D=1] true=0.479751 pred=0.480206 diff=+0.000455 abs_err=0.000455
INFO | EPOCH_249 | [B=63, T=11, D=11] true=0.424128 pred=0.407388 diff=-0.016740 abs_err=0.016740
INFO | EPOCH_249 | [B=62, T=23, D=4] true=0.527193 pred=0.530306 diff=+0.003113 abs_err=0.003113
INFO | EPOCH_249 | [B=14, T=0, D=0] true=0.745198 pred=0.733002 diff=-0.012196 abs_err=0.012196
INFO | EPOCH_249 | [B=26, T=1, D=3] true=0.603064 pred=0.601545 diff=-0.001519 abs_err=0.001519
INFO | EPOCH_249 | [B=47, T=25, D=4] true=0.520014 pred=0.531731 diff=+0.011717 abs_err=0.011717
INFO | EPOCH_249 | [B=52, T=10, D=6] true=0.743009 pred=0.728484 diff=-0.014525 abs_err=0.014525
INFO | EPOCH_249 | [B=48, T=3, D=6] true=0.483261 pred=0.454996 diff=-0.028265 abs_err=0.028265
INFO | EPOCH_249 | [B=63, T=14, D=7] true=0.496184 pred=0.492623 diff=-0.003561 abs_err=0.003561
INFO | EPOCH_249 | [B=46, T=13, D=4] true=0.531976 pred=0.538562 diff=+0.006587 abs_err=0.006587
INFO | EPOCH_249 | TOP 5 WORST masked points (largest abs_err):
INFO | EPOCH_249 | [B=25, T=9, D=9] true=0.784880 pred=0.509207 diff=-0.275673 abs_err=0.275673
INFO | EPOCH_249 | [B=41, T=26, D=9] true=0.727412 pred=0.500033 diff=-0.227379 abs_err=0.227379
INFO | EPOCH_249 | [B=36, T=19, D=9] true=0.724628 pred=0.504246 diff=-0.220382 abs_err=0.220382
INFO | EPOCH_249 | [B=35, T=24, D=9] true=0.725668 pred=0.505306 diff=-0.220362 abs_err=0.220362
INFO | EPOCH_249 | [B=29, T=4, D=10] true=0.362171 pred=0.581437 diff=+0.219266 abs_err=0.219266
INFO | EPOCH_249 | TOP 5 BEST/CORRECT masked points (smallest abs_err):
INFO | EPOCH_249 | [B=15, T=20, D=8] true=0.435867 pred=0.435866 diff=-0.000000 abs_err=0.000000
INFO | EPOCH_249 | [B=37, T=20, D=5] true=0.363288 pred=0.363287 diff=-0.000002 abs_err=0.000002
INFO | EPOCH_249 | [B=62, T=16, D=4] true=0.530179 pred=0.530181 diff=+0.000002 abs_err=0.000002
INFO | EPOCH_249 | [B=13, T=11, D=10] true=0.500764 pred=0.500767 diff=+0.000003 abs_err=0.000003
INFO | EPOCH_249 | [B=3, T=7, D=10] true=0.459961 pred=0.459969 diff=+0.000008 abs_err=0.000008
INFO | EPOCH_259 | RANDOM 15 masked points (true, pred, diff, abs_err):
INFO | EPOCH_259 | [B=17, T=19, D=7] true=0.546308 pred=0.552008 diff=+0.005700 abs_err=0.005700
INFO | EPOCH_259 | [B=26, T=30, D=9] true=0.783045 pred=0.799917 diff=+0.016872 abs_err=0.016872
INFO | EPOCH_259 | [B=31, T=7, D=1] true=0.449109 pred=0.426071 diff=-0.023038 abs_err=0.023038
INFO | EPOCH_259 | [B=15, T=6, D=0] true=0.524483 pred=0.515536 diff=-0.008947 abs_err=0.008947
INFO | EPOCH_259 | [B=55, T=11, D=6] true=0.456542 pred=0.454347 diff=-0.002195 abs_err=0.002195
INFO | EPOCH_259 | [B=7, T=16, D=10] true=0.461856 pred=0.478632 diff=+0.016776 abs_err=0.016776
INFO | EPOCH_259 | [B=39, T=3, D=11] true=0.382561 pred=0.341195 diff=-0.041365 abs_err=0.041365
INFO | EPOCH_259 | [B=11, T=7, D=2] true=0.347615 pred=0.323441 diff=-0.024174 abs_err=0.024174
INFO | EPOCH_259 | [B=45, T=14, D=2] true=0.334613 pred=0.332576 diff=-0.002037 abs_err=0.002037
INFO | EPOCH_259 | [B=1, T=10, D=11] true=0.447108 pred=0.400599 diff=-0.046509 abs_err=0.046509
INFO | EPOCH_259 | [B=4, T=11, D=5] true=0.290087 pred=0.319547 diff=+0.029459 abs_err=0.029459
INFO | EPOCH_259 | [B=61, T=8, D=1] true=0.618905 pred=0.605569 diff=-0.013336 abs_err=0.013336
INFO | EPOCH_259 | [B=36, T=9, D=10] true=0.470192 pred=0.443562 diff=-0.026630 abs_err=0.026630
INFO | EPOCH_259 | [B=7, T=7, D=7] true=0.520574 pred=0.505379 diff=-0.015195 abs_err=0.015195
INFO | EPOCH_259 | [B=22, T=11, D=6] true=0.540485 pred=0.541660 diff=+0.001175 abs_err=0.001175
INFO | EPOCH_259 | TOP 5 WORST masked points (largest abs_err):
INFO | EPOCH_259 | [B=28, T=19, D=11] true=0.067170 pred=0.370708 diff=+0.303539 abs_err=0.303539
INFO | EPOCH_259 | [B=33, T=10, D=9] true=0.757185 pred=0.458830 diff=-0.298355 abs_err=0.298355
INFO | EPOCH_259 | [B=18, T=11, D=6] true=0.722762 pred=0.429797 diff=-0.292965 abs_err=0.292965
INFO | EPOCH_259 | [B=12, T=29, D=6] true=0.737186 pred=0.445948 diff=-0.291238 abs_err=0.291238
INFO | EPOCH_259 | [B=10, T=12, D=6] true=0.738326 pred=0.448129 diff=-0.290198 abs_err=0.290198
INFO | EPOCH_259 | TOP 5 BEST/CORRECT masked points (smallest abs_err):
INFO | EPOCH_259 | [B=16, T=11, D=10] true=0.586436 pred=0.586431 diff=-0.000005 abs_err=0.000005
INFO | EPOCH_259 | [B=12, T=20, D=11] true=0.368023 pred=0.368017 diff=-0.000006 abs_err=0.000006
INFO | EPOCH_259 | [B=26, T=3, D=2] true=0.309580 pred=0.309587 diff=+0.000007 abs_err=0.000007
INFO | EPOCH_259 | [B=26, T=18, D=2] true=0.354270 pred=0.354260 diff=-0.000010 abs_err=0.000010
INFO | EPOCH_259 | [B=31, T=2, D=3] true=0.693997 pred=0.693983 diff=-0.000014 abs_err=0.000014
INFO | EPOCH_269 | RANDOM 15 masked points (true, pred, diff, abs_err):
INFO | EPOCH_269 | [B=8, T=2, D=6] true=0.721492 pred=0.707545 diff=-0.013947 abs_err=0.013947
INFO | EPOCH_269 | [B=57, T=8, D=9] true=0.682413 pred=0.666716 diff=-0.015698 abs_err=0.015698
INFO | EPOCH_269 | [B=0, T=15, D=4] true=0.576940 pred=0.583655 diff=+0.006714 abs_err=0.006714
INFO | EPOCH_269 | [B=47, T=9, D=1] true=0.491486 pred=0.512220 diff=+0.020733 abs_err=0.020733
INFO | EPOCH_269 | [B=31, T=27, D=2] true=0.337243 pred=0.312178 diff=-0.025065 abs_err=0.025065
INFO | EPOCH_269 | [B=37, T=11, D=1] true=0.536950 pred=0.511444 diff=-0.025506 abs_err=0.025506
INFO | EPOCH_269 | [B=35, T=25, D=11] true=0.372223 pred=0.421667 diff=+0.049444 abs_err=0.049444
INFO | EPOCH_269 | [B=42, T=17, D=2] true=0.355993 pred=0.350965 diff=-0.005029 abs_err=0.005029
INFO | EPOCH_269 | [B=59, T=8, D=3] true=0.797660 pred=0.796663 diff=-0.000997 abs_err=0.000997
INFO | EPOCH_269 | [B=8, T=26, D=2] true=0.380226 pred=0.359186 diff=-0.021040 abs_err=0.021040
INFO | EPOCH_269 | [B=5, T=3, D=1] true=0.467638 pred=0.474684 diff=+0.007046 abs_err=0.007046
INFO | EPOCH_269 | [B=54, T=23, D=0] true=0.669098 pred=0.668921 diff=-0.000177 abs_err=0.000177
INFO | EPOCH_269 | [B=24, T=11, D=6] true=0.445212 pred=0.451070 diff=+0.005858 abs_err=0.005858
INFO | EPOCH_269 | [B=60, T=0, D=4] true=0.514198 pred=0.479934 diff=-0.034264 abs_err=0.034264
INFO | EPOCH_269 | [B=41, T=21, D=9] true=0.618427 pred=0.618869 diff=+0.000442 abs_err=0.000442
INFO | EPOCH_269 | TOP 5 WORST masked points (largest abs_err):
INFO | EPOCH_269 | [B=26, T=8, D=6] true=0.498543 pred=0.829404 diff=+0.330861 abs_err=0.330861
INFO | EPOCH_269 | [B=53, T=1, D=11] true=0.165065 pred=0.488153 diff=+0.323088 abs_err=0.323088
INFO | EPOCH_269 | [B=14, T=11, D=6] true=0.320333 pred=0.619834 diff=+0.299501 abs_err=0.299501
INFO | EPOCH_269 | [B=14, T=5, D=6] true=0.323984 pred=0.621217 diff=+0.297233 abs_err=0.297233
INFO | EPOCH_269 | [B=63, T=15, D=6] true=0.318239 pred=0.599715 diff=+0.281476 abs_err=0.281476
INFO | EPOCH_269 | TOP 5 BEST/CORRECT masked points (smallest abs_err):
INFO | EPOCH_269 | [B=50, T=4, D=1] true=0.489508 pred=0.489509 diff=+0.000002 abs_err=0.000002
INFO | EPOCH_269 | [B=31, T=0, D=11] true=0.372694 pred=0.372691 diff=-0.000003 abs_err=0.000003
INFO | EPOCH_269 | [B=29, T=16, D=8] true=0.405390 pred=0.405380 diff=-0.000010 abs_err=0.000010
INFO | EPOCH_269 | [B=59, T=9, D=0] true=0.802753 pred=0.802764 diff=+0.000011 abs_err=0.000011
INFO | EPOCH_269 | [B=40, T=22, D=7] true=0.552570 pred=0.552582 diff=+0.000013 abs_err=0.000013
INFO | EPOCH_279 | RANDOM 15 masked points (true, pred, diff, abs_err):
INFO | EPOCH_279 | [B=52, T=16, D=7] true=0.486543 pred=0.525040 diff=+0.038497 abs_err=0.038497
INFO | EPOCH_279 | [B=11, T=22, D=5] true=0.363446 pred=0.373438 diff=+0.009993 abs_err=0.009993
INFO | EPOCH_279 | [B=4, T=4, D=10] true=0.545006 pred=0.581736 diff=+0.036729 abs_err=0.036729
INFO | EPOCH_279 | [B=39, T=10, D=10] true=0.477494 pred=0.479936 diff=+0.002443 abs_err=0.002443
INFO | EPOCH_279 | [B=8, T=21, D=7] true=0.529259 pred=0.541927 diff=+0.012668 abs_err=0.012668
INFO | EPOCH_279 | [B=27, T=8, D=11] true=0.366932 pred=0.382784 diff=+0.015852 abs_err=0.015852
INFO | EPOCH_279 | [B=12, T=13, D=1] true=0.632446 pred=0.628412 diff=-0.004034 abs_err=0.004034
INFO | EPOCH_279 | [B=1, T=21, D=3] true=0.699967 pred=0.722149 diff=+0.022182 abs_err=0.022182
INFO | EPOCH_279 | [B=29, T=17, D=5] true=0.291692 pred=0.320922 diff=+0.029230 abs_err=0.029230
INFO | EPOCH_279 | [B=8, T=6, D=7] true=0.584759 pred=0.584337 diff=-0.000422 abs_err=0.000422
INFO | EPOCH_279 | [B=28, T=23, D=9] true=0.615991 pred=0.656231 diff=+0.040240 abs_err=0.040240
INFO | EPOCH_279 | [B=24, T=16, D=11] true=0.432132 pred=0.417123 diff=-0.015009 abs_err=0.015009
INFO | EPOCH_279 | [B=41, T=23, D=5] true=0.313468 pred=0.314275 diff=+0.000807 abs_err=0.000807
INFO | EPOCH_279 | [B=37, T=3, D=1] true=0.464145 pred=0.471934 diff=+0.007789 abs_err=0.007789
INFO | EPOCH_279 | [B=4, T=1, D=5] true=0.335772 pred=0.341041 diff=+0.005269 abs_err=0.005269
INFO | EPOCH_279 | TOP 5 WORST masked points (largest abs_err):
INFO | EPOCH_279 | [B=47, T=24, D=6] true=0.508596 pred=0.867215 diff=+0.358619 abs_err=0.358619
INFO | EPOCH_279 | [B=47, T=28, D=9] true=0.476679 pred=0.814971 diff=+0.338293 abs_err=0.338293
INFO | EPOCH_279 | [B=7, T=7, D=0] true=0.760210 pred=0.489224 diff=-0.270986 abs_err=0.270986
INFO | EPOCH_279 | [B=45, T=4, D=0] true=0.425711 pred=0.693527 diff=+0.267816 abs_err=0.267816
INFO | EPOCH_279 | [B=6, T=22, D=9] true=0.758224 pred=0.506396 diff=-0.251828 abs_err=0.251828
INFO | EPOCH_279 | TOP 5 BEST/CORRECT masked points (smallest abs_err):
INFO | EPOCH_279 | [B=59, T=10, D=9] true=0.536186 pred=0.536180 diff=-0.000006 abs_err=0.000006
INFO | EPOCH_279 | [B=60, T=8, D=5] true=0.337892 pred=0.337898 diff=+0.000007 abs_err=0.000007
INFO | EPOCH_279 | [B=54, T=18, D=2] true=0.336245 pred=0.336238 diff=-0.000007 abs_err=0.000007
INFO | EPOCH_279 | [B=63, T=6, D=0] true=0.701973 pred=0.701966 diff=-0.000008 abs_err=0.000008
INFO | EPOCH_279 | [B=42, T=19, D=10] true=0.465084 pred=0.465094 diff=+0.000009 abs_err=0.000009
INFO | EPOCH_289 | RANDOM 15 masked points (true, pred, diff, abs_err):
INFO | EPOCH_289 | [B=58, T=13, D=8] true=0.436428 pred=0.399741 diff=-0.036686 abs_err=0.036686
INFO | EPOCH_289 | [B=34, T=24, D=9] true=0.500461 pred=0.504910 diff=+0.004449 abs_err=0.004449
INFO | EPOCH_289 | [B=49, T=19, D=4] true=0.509476 pred=0.525918 diff=+0.016442 abs_err=0.016442
INFO | EPOCH_289 | [B=43, T=0, D=10] true=0.536044 pred=0.546156 diff=+0.010112 abs_err=0.010112
INFO | EPOCH_289 | [B=63, T=28, D=1] true=0.483998 pred=0.506407 diff=+0.022409 abs_err=0.022409
INFO | EPOCH_289 | [B=48, T=0, D=4] true=0.566306 pred=0.571823 diff=+0.005517 abs_err=0.005517
INFO | EPOCH_289 | [B=48, T=24, D=7] true=0.631023 pred=0.585331 diff=-0.045692 abs_err=0.045692
INFO | EPOCH_289 | [B=12, T=11, D=10] true=0.528083 pred=0.476387 diff=-0.051697 abs_err=0.051697
INFO | EPOCH_289 | [B=27, T=5, D=11] true=0.391403 pred=0.393141 diff=+0.001737 abs_err=0.001737
INFO | EPOCH_289 | [B=28, T=27, D=11] true=0.353270 pred=0.352526 diff=-0.000744 abs_err=0.000744
INFO | EPOCH_289 | [B=27, T=17, D=4] true=0.546783 pred=0.533944 diff=-0.012839 abs_err=0.012839
INFO | EPOCH_289 | [B=46, T=4, D=3] true=0.643128 pred=0.641132 diff=-0.001996 abs_err=0.001996
INFO | EPOCH_289 | [B=61, T=9, D=6] true=0.654458 pred=0.697791 diff=+0.043334 abs_err=0.043334
INFO | EPOCH_289 | [B=42, T=27, D=1] true=0.561220 pred=0.569227 diff=+0.008007 abs_err=0.008007
INFO | EPOCH_289 | [B=15, T=14, D=5] true=0.325783 pred=0.323939 diff=-0.001844 abs_err=0.001844
INFO | EPOCH_289 | TOP 5 WORST masked points (largest abs_err):
INFO | EPOCH_289 | [B=17, T=2, D=6] true=0.312481 pred=0.708894 diff=+0.396413 abs_err=0.396413
INFO | EPOCH_289 | [B=17, T=6, D=6] true=0.311567 pred=0.707364 diff=+0.395797 abs_err=0.395797
INFO | EPOCH_289 | [B=55, T=27, D=9] true=0.457679 pred=0.760585 diff=+0.302906 abs_err=0.302906
INFO | EPOCH_289 | [B=37, T=28, D=6] true=0.994352 pred=0.706249 diff=-0.288103 abs_err=0.288103
INFO | EPOCH_289 | [B=31, T=11, D=3] true=0.473188 pred=0.741577 diff=+0.268389 abs_err=0.268389
INFO | EPOCH_289 | TOP 5 BEST/CORRECT masked points (smallest abs_err):
INFO | EPOCH_289 | [B=21, T=0, D=1] true=0.538841 pred=0.538840 diff=-0.000000 abs_err=0.000000
INFO | EPOCH_289 | [B=36, T=32, D=3] true=0.640272 pred=0.640268 diff=-0.000004 abs_err=0.000004
INFO | EPOCH_289 | [B=23, T=6, D=1] true=0.537802 pred=0.537808 diff=+0.000006 abs_err=0.000006
INFO | EPOCH_289 | [B=25, T=18, D=9] true=0.701599 pred=0.701593 diff=-0.000006 abs_err=0.000006
INFO | EPOCH_289 | [B=2, T=15, D=1] true=0.512000 pred=0.511992 diff=-0.000009 abs_err=0.000009
INFO | EPOCH_299 | RANDOM 15 masked points (true, pred, diff, abs_err):
INFO | EPOCH_299 | [B=20, T=5, D=5] true=0.350110 pred=0.329541 diff=-0.020569 abs_err=0.020569
INFO | EPOCH_299 | [B=25, T=16, D=0] true=0.741422 pred=0.744158 diff=+0.002736 abs_err=0.002736
INFO | EPOCH_299 | [B=36, T=26, D=10] true=0.491636 pred=0.481218 diff=-0.010419 abs_err=0.010419
INFO | EPOCH_299 | [B=0, T=21, D=0] true=0.569154 pred=0.555747 diff=-0.013407 abs_err=0.013407
INFO | EPOCH_299 | [B=46, T=15, D=0] true=0.598068 pred=0.610373 diff=+0.012305 abs_err=0.012305
INFO | EPOCH_299 | [B=15, T=22, D=11] true=0.391159 pred=0.390869 diff=-0.000290 abs_err=0.000290
INFO | EPOCH_299 | [B=12, T=19, D=6] true=0.438704 pred=0.433986 diff=-0.004718 abs_err=0.004718
INFO | EPOCH_299 | [B=53, T=13, D=5] true=0.313383 pred=0.335040 diff=+0.021657 abs_err=0.021657
INFO | EPOCH_299 | [B=57, T=14, D=1] true=0.449080 pred=0.459971 diff=+0.010890 abs_err=0.010890
INFO | EPOCH_299 | [B=63, T=25, D=2] true=0.296215 pred=0.329584 diff=+0.033369 abs_err=0.033369
INFO | EPOCH_299 | [B=40, T=20, D=5] true=0.362948 pred=0.362289 diff=-0.000660 abs_err=0.000660
INFO | EPOCH_299 | [B=16, T=0, D=9] true=0.724143 pred=0.730114 diff=+0.005972 abs_err=0.005972
INFO | EPOCH_299 | [B=5, T=17, D=4] true=0.460283 pred=0.466923 diff=+0.006640 abs_err=0.006640
INFO | EPOCH_299 | [B=60, T=15, D=8] true=0.414672 pred=0.427886 diff=+0.013214 abs_err=0.013214
INFO | EPOCH_299 | [B=58, T=22, D=11] true=0.323162 pred=0.328170 diff=+0.005008 abs_err=0.005008
INFO | EPOCH_299 | TOP 5 WORST masked points (largest abs_err):
INFO | EPOCH_299 | [B=46, T=10, D=6] true=0.309465 pred=0.691099 diff=+0.381634 abs_err=0.381634
INFO | EPOCH_299 | [B=46, T=13, D=6] true=0.309158 pred=0.690331 diff=+0.381173 abs_err=0.381173
INFO | EPOCH_299 | [B=26, T=5, D=9] true=0.397682 pred=0.740462 diff=+0.342780 abs_err=0.342780
INFO | EPOCH_299 | [B=49, T=13, D=0] true=0.914188 pred=0.640108 diff=-0.274080 abs_err=0.274080
INFO | EPOCH_299 | [B=49, T=14, D=10] true=0.367372 pred=0.639163 diff=+0.271791 abs_err=0.271791
INFO | EPOCH_299 | TOP 5 BEST/CORRECT masked points (smallest abs_err):
INFO | EPOCH_299 | [B=0, T=20, D=5] true=0.404571 pred=0.404573 diff=+0.000002 abs_err=0.000002
INFO | EPOCH_299 | [B=50, T=15, D=2] true=0.352880 pred=0.352883 diff=+0.000003 abs_err=0.000003
INFO | EPOCH_299 | [B=38, T=27, D=0] true=0.714468 pred=0.714471 diff=+0.000003 abs_err=0.000003
INFO | EPOCH_299 | [B=12, T=2, D=6] true=0.699098 pred=0.699091 diff=-0.000006 abs_err=0.000006
INFO | EPOCH_299 | [B=27, T=2, D=4] true=0.457679 pred=0.457686 diff=+0.000007 abs_err=0.000007
INFO | EPOCH_009 | RANDOM 15 masked points (true, pred, diff, abs_err):
INFO | EPOCH_009 | [B=23, T=23, D=10] true=0.411048 pred=0.477517 diff=+0.066469 abs_err=0.066469
INFO | EPOCH_009 | [B=31, T=1, D=6] true=0.829785 pred=0.902564 diff=+0.072779 abs_err=0.072779
INFO | EPOCH_009 | [B=14, T=20, D=3] true=0.712830 pred=0.744934 diff=+0.032104 abs_err=0.032104
INFO | EPOCH_009 | [B=40, T=28, D=5] true=0.361480 pred=0.331771 diff=-0.029710 abs_err=0.029710
INFO | EPOCH_009 | [B=48, T=20, D=7] true=0.591155 pred=0.631095 diff=+0.039941 abs_err=0.039941
INFO | EPOCH_009 | [B=36, T=5, D=1] true=0.510077 pred=0.522057 diff=+0.011979 abs_err=0.011979
INFO | EPOCH_009 | [B=61, T=11, D=9] true=0.482437 pred=0.527054 diff=+0.044618 abs_err=0.044618
INFO | EPOCH_009 | [B=1, T=3, D=0] true=0.565319 pred=0.572583 diff=+0.007263 abs_err=0.007263
INFO | EPOCH_009 | [B=6, T=2, D=6] true=0.581517 pred=0.594237 diff=+0.012720 abs_err=0.012720
INFO | EPOCH_009 | [B=63, T=12, D=0] true=0.643576 pred=0.672965 diff=+0.029389 abs_err=0.029389
INFO | EPOCH_009 | [B=0, T=19, D=3] true=0.610641 pred=0.639621 diff=+0.028980 abs_err=0.028980
INFO | EPOCH_009 | [B=47, T=8, D=8] true=0.433532 pred=0.442327 diff=+0.008795 abs_err=0.008795
INFO | EPOCH_009 | [B=2, T=0, D=1] true=0.453004 pred=0.466573 diff=+0.013569 abs_err=0.013569
INFO | EPOCH_009 | [B=6, T=28, D=11] true=0.415526 pred=0.401129 diff=-0.014397 abs_err=0.014397
INFO | EPOCH_009 | [B=47, T=29, D=9] true=0.485026 pred=0.560375 diff=+0.075349 abs_err=0.075349
INFO | EPOCH_009 | TOP 5 WORST masked points (largest abs_err):
INFO | EPOCH_009 | [B=26, T=8, D=6] true=0.498543 pred=0.871681 diff=+0.373138 abs_err=0.373138
INFO | EPOCH_009 | [B=44, T=20, D=6] true=0.319519 pred=0.664383 diff=+0.344864 abs_err=0.344864
INFO | EPOCH_009 | [B=44, T=18, D=6] true=0.321752 pred=0.663840 diff=+0.342088 abs_err=0.342088
INFO | EPOCH_009 | [B=39, T=11, D=6] true=0.532114 pred=0.872216 diff=+0.340102 abs_err=0.340102
INFO | EPOCH_009 | [B=16, T=0, D=6] true=0.736426 pred=0.448166 diff=-0.288260 abs_err=0.288260
INFO | EPOCH_009 | TOP 5 BEST/CORRECT masked points (smallest abs_err):
INFO | EPOCH_009 | [B=19, T=24, D=1] true=0.477856 pred=0.477860 diff=+0.000004 abs_err=0.000004
INFO | EPOCH_009 | [B=52, T=28, D=5] true=0.414294 pred=0.414287 diff=-0.000007 abs_err=0.000007
INFO | EPOCH_009 | [B=44, T=1, D=4] true=0.517737 pred=0.517747 diff=+0.000010 abs_err=0.000010
INFO | EPOCH_009 | [B=45, T=10, D=10] true=0.533545 pred=0.533557 diff=+0.000012 abs_err=0.000012
INFO | EPOCH_009 | [B=59, T=12, D=11] true=0.381132 pred=0.381155 diff=+0.000023 abs_err=0.000023
INFO | EPOCH_019 | RANDOM 15 masked points (true, pred, diff, abs_err):
INFO | EPOCH_019 | [B=42, T=29, D=6] true=0.664359 pred=0.683798 diff=+0.019440 abs_err=0.019440
INFO | EPOCH_019 | [B=39, T=1, D=3] true=0.697160 pred=0.750495 diff=+0.053335 abs_err=0.053335
INFO | EPOCH_019 | [B=36, T=11, D=4] true=0.486965 pred=0.541566 diff=+0.054601 abs_err=0.054601
INFO | EPOCH_019 | [B=34, T=8, D=10] true=0.471522 pred=0.487182 diff=+0.015661 abs_err=0.015661
INFO | EPOCH_019 | [B=32, T=17, D=11] true=0.321387 pred=0.407047 diff=+0.085660 abs_err=0.085660
INFO | EPOCH_019 | [B=20, T=18, D=5] true=0.338614 pred=0.348893 diff=+0.010278 abs_err=0.010278
INFO | EPOCH_019 | [B=35, T=23, D=10] true=0.473324 pred=0.493180 diff=+0.019857 abs_err=0.019857
INFO | EPOCH_019 | [B=53, T=27, D=9] true=0.747279 pred=0.792828 diff=+0.045549 abs_err=0.045549
INFO | EPOCH_019 | [B=59, T=21, D=5] true=0.312353 pred=0.333145 diff=+0.020792 abs_err=0.020792
INFO | EPOCH_019 | [B=6, T=26, D=2] true=0.316956 pred=0.340626 diff=+0.023671 abs_err=0.023671
INFO | EPOCH_019 | [B=7, T=32, D=2] true=0.377113 pred=0.374011 diff=-0.003102 abs_err=0.003102
INFO | EPOCH_019 | [B=11, T=9, D=9] true=0.638825 pred=0.692187 diff=+0.053362 abs_err=0.053362
INFO | EPOCH_019 | [B=2, T=24, D=9] true=0.726867 pred=0.748574 diff=+0.021707 abs_err=0.021707
INFO | EPOCH_019 | [B=31, T=10, D=9] true=0.500222 pred=0.525305 diff=+0.025083 abs_err=0.025083
INFO | EPOCH_019 | [B=57, T=3, D=9] true=0.655554 pred=0.646987 diff=-0.008567 abs_err=0.008567
INFO | EPOCH_019 | TOP 5 WORST masked points (largest abs_err):
INFO | EPOCH_019 | [B=53, T=1, D=11] true=0.165065 pred=0.548067 diff=+0.383002 abs_err=0.383002
INFO | EPOCH_019 | [B=47, T=28, D=9] true=0.476679 pred=0.853258 diff=+0.376579 abs_err=0.376579
INFO | EPOCH_019 | [B=47, T=24, D=6] true=0.508596 pred=0.874106 diff=+0.365510 abs_err=0.365510
INFO | EPOCH_019 | [B=14, T=11, D=6] true=0.320333 pred=0.683790 diff=+0.363457 abs_err=0.363457
INFO | EPOCH_019 | [B=14, T=5, D=6] true=0.323984 pred=0.682995 diff=+0.359011 abs_err=0.359011
INFO | EPOCH_019 | TOP 5 BEST/CORRECT masked points (smallest abs_err):
INFO | EPOCH_019 | [B=15, T=0, D=2] true=0.352948 pred=0.352934 diff=-0.000013 abs_err=0.000013
INFO | EPOCH_019 | [B=19, T=30, D=11] true=0.371793 pred=0.371812 diff=+0.000020 abs_err=0.000020
INFO | EPOCH_019 | [B=59, T=12, D=2] true=0.330852 pred=0.330818 diff=-0.000034 abs_err=0.000034
INFO | EPOCH_019 | [B=55, T=19, D=5] true=0.334535 pred=0.334572 diff=+0.000037 abs_err=0.000037
INFO | EPOCH_019 | [B=8, T=1, D=11] true=0.415565 pred=0.415528 diff=-0.000037 abs_err=0.000037
INFO | EPOCH_029 | RANDOM 15 masked points (true, pred, diff, abs_err):
INFO | EPOCH_029 | [B=62, T=19, D=9] true=0.550746 pred=0.557460 diff=+0.006714 abs_err=0.006714
INFO | EPOCH_029 | [B=57, T=14, D=0] true=0.755578 pred=0.753368 diff=-0.002210 abs_err=0.002210
INFO | EPOCH_029 | [B=51, T=18, D=7] true=0.578709 pred=0.579274 diff=+0.000565 abs_err=0.000565
INFO | EPOCH_029 | [B=46, T=6, D=1] true=0.439220 pred=0.477652 diff=+0.038432 abs_err=0.038432
INFO | EPOCH_029 | [B=28, T=12, D=0] true=0.662142 pred=0.673292 diff=+0.011150 abs_err=0.011150
INFO | EPOCH_029 | [B=2, T=4, D=6] true=0.621319 pred=0.629724 diff=+0.008405 abs_err=0.008405
INFO | EPOCH_029 | [B=21, T=1, D=10] true=0.462902 pred=0.472896 diff=+0.009994 abs_err=0.009994
INFO | EPOCH_029 | [B=6, T=0, D=1] true=0.576209 pred=0.615689 diff=+0.039479 abs_err=0.039479
INFO | EPOCH_029 | [B=39, T=23, D=8] true=0.328672 pred=0.330597 diff=+0.001926 abs_err=0.001926
INFO | EPOCH_029 | [B=5, T=9, D=11] true=0.359905 pred=0.359510 diff=-0.000396 abs_err=0.000396
INFO | EPOCH_029 | [B=26, T=18, D=0] true=0.638152 pred=0.680689 diff=+0.042537 abs_err=0.042537
INFO | EPOCH_029 | [B=14, T=19, D=0] true=0.649408 pred=0.664464 diff=+0.015056 abs_err=0.015056
INFO | EPOCH_029 | [B=17, T=9, D=7] true=0.543218 pred=0.591134 diff=+0.047917 abs_err=0.047917
INFO | EPOCH_029 | [B=44, T=8, D=8] true=0.344190 pred=0.342081 diff=-0.002108 abs_err=0.002108
INFO | EPOCH_029 | [B=40, T=16, D=10] true=0.592026 pred=0.537997 diff=-0.054029 abs_err=0.054029
INFO | EPOCH_029 | TOP 5 WORST masked points (largest abs_err):
INFO | EPOCH_029 | [B=55, T=27, D=9] true=0.457679 pred=0.773086 diff=+0.315407 abs_err=0.315407
INFO | EPOCH_029 | [B=45, T=4, D=0] true=0.425711 pred=0.703596 diff=+0.277885 abs_err=0.277885
INFO | EPOCH_029 | [B=6, T=22, D=9] true=0.758224 pred=0.503782 diff=-0.254442 abs_err=0.254442
INFO | EPOCH_029 | [B=6, T=29, D=9] true=0.755642 pred=0.504411 diff=-0.251231 abs_err=0.251231
INFO | EPOCH_029 | [B=0, T=28, D=9] true=0.750030 pred=0.499541 diff=-0.250489 abs_err=0.250489
INFO | EPOCH_029 | TOP 5 BEST/CORRECT masked points (smallest abs_err):
INFO | EPOCH_029 | [B=44, T=3, D=11] true=0.312893 pred=0.312889 diff=-0.000004 abs_err=0.000004
INFO | EPOCH_029 | [B=40, T=29, D=9] true=0.511235 pred=0.511242 diff=+0.000007 abs_err=0.000007
INFO | EPOCH_029 | [B=37, T=13, D=1] true=0.564856 pred=0.564848 diff=-0.000008 abs_err=0.000008
INFO | EPOCH_029 | [B=44, T=2, D=0] true=0.666866 pred=0.666876 diff=+0.000010 abs_err=0.000010
INFO | EPOCH_029 | [B=45, T=6, D=3] true=0.644462 pred=0.644472 diff=+0.000010 abs_err=0.000010
INFO | EPOCH_039 | RANDOM 15 masked points (true, pred, diff, abs_err):
INFO | EPOCH_039 | [B=20, T=1, D=10] true=0.596130 pred=0.576382 diff=-0.019748 abs_err=0.019748
INFO | EPOCH_039 | [B=23, T=3, D=0] true=0.702782 pred=0.711116 diff=+0.008334 abs_err=0.008334
INFO | EPOCH_039 | [B=32, T=9, D=4] true=0.463073 pred=0.470435 diff=+0.007362 abs_err=0.007362
INFO | EPOCH_039 | [B=17, T=21, D=4] true=0.532972 pred=0.622971 diff=+0.089999 abs_err=0.089999
INFO | EPOCH_039 | [B=21, T=29, D=8] true=0.430227 pred=0.411132 diff=-0.019094 abs_err=0.019094
INFO | EPOCH_039 | [B=35, T=8, D=9] true=0.832449 pred=0.842225 diff=+0.009776 abs_err=0.009776
INFO | EPOCH_039 | [B=12, T=13, D=0] true=0.685001 pred=0.614296 diff=-0.070705 abs_err=0.070705
INFO | EPOCH_039 | [B=58, T=5, D=0] true=0.772605 pred=0.765790 diff=-0.006815 abs_err=0.006815
INFO | EPOCH_039 | [B=58, T=15, D=8] true=0.447001 pred=0.402488 diff=-0.044513 abs_err=0.044513
INFO | EPOCH_039 | [B=8, T=1, D=1] true=0.586520 pred=0.603119 diff=+0.016599 abs_err=0.016599
INFO | EPOCH_039 | [B=25, T=10, D=6] true=0.682195 pred=0.743883 diff=+0.061688 abs_err=0.061688
INFO | EPOCH_039 | [B=57, T=11, D=5] true=0.413179 pred=0.400146 diff=-0.013033 abs_err=0.013033
INFO | EPOCH_039 | [B=0, T=14, D=0] true=0.545023 pred=0.537728 diff=-0.007295 abs_err=0.007295
INFO | EPOCH_039 | [B=5, T=13, D=11] true=0.374262 pred=0.363497 diff=-0.010764 abs_err=0.010764
INFO | EPOCH_039 | [B=61, T=10, D=11] true=0.311701 pred=0.388545 diff=+0.076843 abs_err=0.076843
INFO | EPOCH_039 | TOP 5 WORST masked points (largest abs_err):
INFO | EPOCH_039 | [B=17, T=6, D=6] true=0.311567 pred=0.794421 diff=+0.482854 abs_err=0.482854
INFO | EPOCH_039 | [B=17, T=2, D=6] true=0.312481 pred=0.794156 diff=+0.481675 abs_err=0.481675
INFO | EPOCH_039 | [B=46, T=13, D=6] true=0.309158 pred=0.709402 diff=+0.400244 abs_err=0.400244
INFO | EPOCH_039 | [B=46, T=10, D=6] true=0.309465 pred=0.709286 diff=+0.399820 abs_err=0.399820
INFO | EPOCH_039 | [B=37, T=28, D=6] true=0.994352 pred=0.695454 diff=-0.298898 abs_err=0.298898
INFO | EPOCH_039 | TOP 5 BEST/CORRECT masked points (smallest abs_err):
INFO | EPOCH_039 | [B=52, T=2, D=2] true=0.353002 pred=0.353005 diff=+0.000003 abs_err=0.000003
INFO | EPOCH_039 | [B=8, T=10, D=5] true=0.296414 pred=0.296411 diff=-0.000003 abs_err=0.000003
INFO | EPOCH_039 | [B=4, T=10, D=1] true=0.606605 pred=0.606608 diff=+0.000003 abs_err=0.000003
INFO | EPOCH_039 | [B=62, T=5, D=2] true=0.315183 pred=0.315187 diff=+0.000005 abs_err=0.000005
INFO | EPOCH_039 | [B=14, T=3, D=3] true=0.611225 pred=0.611220 diff=-0.000005 abs_err=0.000005
INFO | EPOCH_049 | RANDOM 15 masked points (true, pred, diff, abs_err):
INFO | EPOCH_049 | [B=26, T=0, D=5] true=0.371196 pred=0.350993 diff=-0.020202 abs_err=0.020202
INFO | EPOCH_049 | [B=10, T=10, D=0] true=0.550271 pred=0.570110 diff=+0.019839 abs_err=0.019839
INFO | EPOCH_049 | [B=14, T=28, D=3] true=0.598591 pred=0.527843 diff=-0.070749 abs_err=0.070749
INFO | EPOCH_049 | [B=46, T=17, D=6] true=0.422775 pred=0.403248 diff=-0.019527 abs_err=0.019527
INFO | EPOCH_049 | [B=33, T=26, D=2] true=0.369563 pred=0.358258 diff=-0.011305 abs_err=0.011305
INFO | EPOCH_049 | [B=58, T=12, D=1] true=0.478195 pred=0.501457 diff=+0.023262 abs_err=0.023262
INFO | EPOCH_049 | [B=17, T=17, D=2] true=0.362638 pred=0.352965 diff=-0.009673 abs_err=0.009673
INFO | EPOCH_049 | [B=61, T=14, D=6] true=0.531755 pred=0.513836 diff=-0.017918 abs_err=0.017918
INFO | EPOCH_049 | [B=33, T=27, D=7] true=0.631966 pred=0.602338 diff=-0.029628 abs_err=0.029628
INFO | EPOCH_049 | [B=21, T=19, D=4] true=0.576778 pred=0.555695 diff=-0.021083 abs_err=0.021083
INFO | EPOCH_049 | [B=40, T=14, D=1] true=0.596802 pred=0.585672 diff=-0.011130 abs_err=0.011130
INFO | EPOCH_049 | [B=13, T=28, D=5] true=0.300076 pred=0.370588 diff=+0.070513 abs_err=0.070513
INFO | EPOCH_049 | [B=52, T=27, D=2] true=0.335589 pred=0.349422 diff=+0.013833 abs_err=0.013833
INFO | EPOCH_049 | [B=6, T=15, D=4] true=0.468099 pred=0.455134 diff=-0.012965 abs_err=0.012965
INFO | EPOCH_049 | [B=38, T=12, D=9] true=0.443270 pred=0.467967 diff=+0.024698 abs_err=0.024698
INFO | EPOCH_049 | TOP 5 WORST masked points (largest abs_err):
INFO | EPOCH_049 | [B=26, T=5, D=9] true=0.397682 pred=0.743568 diff=+0.345885 abs_err=0.345885
INFO | EPOCH_049 | [B=49, T=14, D=10] true=0.367372 pred=0.645051 diff=+0.277679 abs_err=0.277679
INFO | EPOCH_049 | [B=51, T=26, D=0] true=0.752228 pred=0.490859 diff=-0.261370 abs_err=0.261370
INFO | EPOCH_049 | [B=53, T=23, D=9] true=0.760412 pred=0.499216 diff=-0.261196 abs_err=0.261196
INFO | EPOCH_049 | [B=53, T=25, D=9] true=0.759572 pred=0.499363 diff=-0.260209 abs_err=0.260209
INFO | EPOCH_049 | TOP 5 BEST/CORRECT masked points (smallest abs_err):
INFO | EPOCH_049 | [B=22, T=6, D=7] true=0.573494 pred=0.573494 diff=-0.000001 abs_err=0.000001
INFO | EPOCH_049 | [B=55, T=9, D=10] true=0.491412 pred=0.491407 diff=-0.000005 abs_err=0.000005
INFO | EPOCH_049 | [B=5, T=17, D=5] true=0.365514 pred=0.365507 diff=-0.000007 abs_err=0.000007
INFO | EPOCH_049 | [B=8, T=12, D=11] true=0.383939 pred=0.383952 diff=+0.000013 abs_err=0.000013
INFO | EPOCH_049 | [B=0, T=22, D=4] true=0.546570 pred=0.546557 diff=-0.000013 abs_err=0.000013
INFO | EPOCH_059 | RANDOM 15 masked points (true, pred, diff, abs_err):
INFO | EPOCH_059 | [B=0, T=1, D=4] true=0.409347 pred=0.428440 diff=+0.019093 abs_err=0.019093
INFO | EPOCH_059 | [B=53, T=10, D=3] true=0.670030 pred=0.692709 diff=+0.022678 abs_err=0.022678
INFO | EPOCH_059 | [B=61, T=10, D=6] true=0.634533 pred=0.646406 diff=+0.011873 abs_err=0.011873
INFO | EPOCH_059 | [B=20, T=7, D=7] true=0.471139 pred=0.477308 diff=+0.006169 abs_err=0.006169
INFO | EPOCH_059 | [B=55, T=28, D=10] true=0.521841 pred=0.553522 diff=+0.031681 abs_err=0.031681
INFO | EPOCH_059 | [B=57, T=5, D=11] true=0.446748 pred=0.414555 diff=-0.032193 abs_err=0.032193
INFO | EPOCH_059 | [B=49, T=9, D=11] true=0.389388 pred=0.394514 diff=+0.005127 abs_err=0.005127
INFO | EPOCH_059 | [B=26, T=9, D=11] true=0.402089 pred=0.405015 diff=+0.002926 abs_err=0.002926
INFO | EPOCH_059 | [B=51, T=1, D=4] true=0.489719 pred=0.495577 diff=+0.005858 abs_err=0.005858
INFO | EPOCH_059 | [B=46, T=24, D=2] true=0.371233 pred=0.354193 diff=-0.017041 abs_err=0.017041
INFO | EPOCH_059 | [B=43, T=12, D=4] true=0.506602 pred=0.588622 diff=+0.082020 abs_err=0.082020
INFO | EPOCH_059 | [B=20, T=25, D=5] true=0.359982 pred=0.358735 diff=-0.001246 abs_err=0.001246
INFO | EPOCH_059 | [B=1, T=27, D=10] true=0.466953 pred=0.459831 diff=-0.007123 abs_err=0.007123
INFO | EPOCH_059 | [B=63, T=8, D=8] true=0.461781 pred=0.460382 diff=-0.001399 abs_err=0.001399
INFO | EPOCH_059 | [B=63, T=20, D=2] true=0.377171 pred=0.366783 diff=-0.010388 abs_err=0.010388
INFO | EPOCH_059 | TOP 5 WORST masked points (largest abs_err):
INFO | EPOCH_059 | [B=35, T=20, D=3] true=0.370831 pred=0.706613 diff=+0.335782 abs_err=0.335782
INFO | EPOCH_059 | [B=51, T=24, D=6] true=0.759273 pred=0.491486 diff=-0.267787 abs_err=0.267787
INFO | EPOCH_059 | [B=1, T=15, D=3] true=0.428358 pred=0.688273 diff=+0.259915 abs_err=0.259915
INFO | EPOCH_059 | [B=46, T=18, D=9] true=0.500986 pred=0.759423 diff=+0.258437 abs_err=0.258437
INFO | EPOCH_059 | [B=63, T=23, D=3] true=0.470768 pred=0.728809 diff=+0.258041 abs_err=0.258041
INFO | EPOCH_059 | TOP 5 BEST/CORRECT masked points (smallest abs_err):
INFO | EPOCH_059 | [B=52, T=9, D=11] true=0.385826 pred=0.385825 diff=-0.000001 abs_err=0.000001
INFO | EPOCH_059 | [B=40, T=13, D=2] true=0.353112 pred=0.353114 diff=+0.000003 abs_err=0.000003
INFO | EPOCH_059 | [B=5, T=8, D=1] true=0.484594 pred=0.484599 diff=+0.000004 abs_err=0.000004
INFO | EPOCH_059 | [B=34, T=1, D=11] true=0.384719 pred=0.384724 diff=+0.000005 abs_err=0.000005
INFO | EPOCH_059 | [B=42, T=6, D=5] true=0.343470 pred=0.343480 diff=+0.000010 abs_err=0.000010
INFO | EPOCH_069 | RANDOM 15 masked points (true, pred, diff, abs_err):
INFO | EPOCH_069 | [B=15, T=1, D=7] true=0.476886 pred=0.484384 diff=+0.007498 abs_err=0.007498
INFO | EPOCH_069 | [B=16, T=15, D=9] true=0.667152 pred=0.696548 diff=+0.029396 abs_err=0.029396
INFO | EPOCH_069 | [B=61, T=24, D=4] true=0.549784 pred=0.566695 diff=+0.016912 abs_err=0.016912
INFO | EPOCH_069 | [B=51, T=22, D=5] true=0.351196 pred=0.358573 diff=+0.007377 abs_err=0.007377
INFO | EPOCH_069 | [B=12, T=13, D=7] true=0.547603 pred=0.588178 diff=+0.040575 abs_err=0.040575
INFO | EPOCH_069 | [B=32, T=21, D=1] true=0.566805 pred=0.577222 diff=+0.010417 abs_err=0.010417
INFO | EPOCH_069 | [B=19, T=0, D=9] true=0.663188 pred=0.699399 diff=+0.036211 abs_err=0.036211
INFO | EPOCH_069 | [B=29, T=12, D=0] true=0.807343 pred=0.821962 diff=+0.014619 abs_err=0.014619
INFO | EPOCH_069 | [B=20, T=1, D=3] true=0.502063 pred=0.768970 diff=+0.266908 abs_err=0.266908
INFO | EPOCH_069 | [B=15, T=14, D=3] true=0.774131 pred=0.807825 diff=+0.033694 abs_err=0.033694
INFO | EPOCH_069 | [B=21, T=21, D=6] true=0.700938 pred=0.691026 diff=-0.009911 abs_err=0.009911
INFO | EPOCH_069 | [B=23, T=7, D=8] true=0.366472 pred=0.387929 diff=+0.021457 abs_err=0.021457
INFO | EPOCH_069 | [B=4, T=21, D=7] true=0.496346 pred=0.479980 diff=-0.016366 abs_err=0.016366
INFO | EPOCH_069 | [B=31, T=0, D=11] true=0.400012 pred=0.390010 diff=-0.010002 abs_err=0.010002
INFO | EPOCH_069 | [B=52, T=31, D=11] true=0.375316 pred=0.373086 diff=-0.002230 abs_err=0.002230
INFO | EPOCH_069 | TOP 5 WORST masked points (largest abs_err):
INFO | EPOCH_069 | [B=60, T=21, D=6] true=0.464913 pred=0.807213 diff=+0.342300 abs_err=0.342300
INFO | EPOCH_069 | [B=60, T=15, D=6] true=0.465808 pred=0.807060 diff=+0.341253 abs_err=0.341253
INFO | EPOCH_069 | [B=39, T=23, D=3] true=0.466641 pred=0.807686 diff=+0.341045 abs_err=0.341045
INFO | EPOCH_069 | [B=60, T=8, D=6] true=0.465857 pred=0.806703 diff=+0.340847 abs_err=0.340847
INFO | EPOCH_069 | [B=60, T=28, D=6] true=0.486789 pred=0.807275 diff=+0.320486 abs_err=0.320486
INFO | EPOCH_069 | TOP 5 BEST/CORRECT masked points (smallest abs_err):
INFO | EPOCH_069 | [B=31, T=24, D=10] true=0.586221 pred=0.586228 diff=+0.000007 abs_err=0.000007
INFO | EPOCH_069 | [B=37, T=7, D=4] true=0.603177 pred=0.603166 diff=-0.000011 abs_err=0.000011
INFO | EPOCH_069 | [B=4, T=15, D=11] true=0.417131 pred=0.417143 diff=+0.000012 abs_err=0.000012
INFO | EPOCH_069 | [B=8, T=30, D=7] true=0.511145 pred=0.511127 diff=-0.000018 abs_err=0.000018
INFO | EPOCH_069 | [B=38, T=20, D=4] true=0.568756 pred=0.568736 diff=-0.000020 abs_err=0.000020
INFO | EPOCH_079 | RANDOM 15 masked points (true, pred, diff, abs_err):
INFO | EPOCH_079 | [B=31, T=4, D=11] true=0.325631 pred=0.383899 diff=+0.058268 abs_err=0.058268
INFO | EPOCH_079 | [B=0, T=1, D=3] true=0.755060 pred=0.771478 diff=+0.016419 abs_err=0.016419
INFO | EPOCH_079 | [B=46, T=13, D=3] true=0.609220 pred=0.620338 diff=+0.011117 abs_err=0.011117
INFO | EPOCH_079 | [B=25, T=25, D=4] true=0.533184 pred=0.545939 diff=+0.012755 abs_err=0.012755
INFO | EPOCH_079 | [B=13, T=11, D=10] true=0.492352 pred=0.473749 diff=-0.018603 abs_err=0.018603
INFO | EPOCH_079 | [B=6, T=29, D=3] true=0.747792 pred=0.767768 diff=+0.019976 abs_err=0.019976
INFO | EPOCH_079 | [B=16, T=21, D=5] true=0.311577 pred=0.347422 diff=+0.035845 abs_err=0.035845
INFO | EPOCH_079 | [B=59, T=18, D=11] true=0.368645 pred=0.403027 diff=+0.034382 abs_err=0.034382
INFO | EPOCH_079 | [B=53, T=20, D=3] true=0.773074 pred=0.783881 diff=+0.010807 abs_err=0.010807
INFO | EPOCH_079 | [B=50, T=16, D=4] true=0.490187 pred=0.501024 diff=+0.010836 abs_err=0.010836
INFO | EPOCH_079 | [B=14, T=27, D=3] true=0.734694 pred=0.766230 diff=+0.031536 abs_err=0.031536
INFO | EPOCH_079 | [B=7, T=25, D=11] true=0.325425 pred=0.330372 diff=+0.004947 abs_err=0.004947
INFO | EPOCH_079 | [B=18, T=17, D=9] true=0.753726 pred=0.760887 diff=+0.007161 abs_err=0.007161
INFO | EPOCH_079 | [B=10, T=15, D=7] true=0.478572 pred=0.512895 diff=+0.034323 abs_err=0.034323
INFO | EPOCH_079 | [B=63, T=20, D=3] true=0.720175 pred=0.732561 diff=+0.012387 abs_err=0.012387
INFO | EPOCH_079 | TOP 5 WORST masked points (largest abs_err):
INFO | EPOCH_079 | [B=25, T=9, D=9] true=0.784880 pred=0.543468 diff=-0.241412 abs_err=0.241412
INFO | EPOCH_079 | [B=29, T=4, D=10] true=0.362171 pred=0.601080 diff=+0.238909 abs_err=0.238909
INFO | EPOCH_079 | [B=29, T=7, D=10] true=0.365080 pred=0.601361 diff=+0.236281 abs_err=0.236281
INFO | EPOCH_079 | [B=49, T=9, D=10] true=0.358823 pred=0.588590 diff=+0.229767 abs_err=0.229767
INFO | EPOCH_079 | [B=28, T=13, D=10] true=0.361528 pred=0.586387 diff=+0.224859 abs_err=0.224859
INFO | EPOCH_079 | TOP 5 BEST/CORRECT masked points (smallest abs_err):
INFO | EPOCH_079 | [B=46, T=1, D=6] true=0.685215 pred=0.685213 diff=-0.000002 abs_err=0.000002
INFO | EPOCH_079 | [B=45, T=17, D=3] true=0.728470 pred=0.728473 diff=+0.000003 abs_err=0.000003
INFO | EPOCH_079 | [B=16, T=30, D=0] true=0.727427 pred=0.727419 diff=-0.000008 abs_err=0.000008
INFO | EPOCH_079 | [B=32, T=23, D=8] true=0.439384 pred=0.439371 diff=-0.000013 abs_err=0.000013
INFO | EPOCH_079 | [B=15, T=29, D=8] true=0.354881 pred=0.354899 diff=+0.000018 abs_err=0.000018
INFO | EPOCH_089 | RANDOM 15 masked points (true, pred, diff, abs_err):
INFO | EPOCH_089 | [B=0, T=7, D=0] true=0.620618 pred=0.583131 diff=-0.037487 abs_err=0.037487
INFO | EPOCH_089 | [B=26, T=5, D=6] true=0.870728 pred=0.858885 diff=-0.011843 abs_err=0.011843
INFO | EPOCH_089 | [B=46, T=22, D=2] true=0.318250 pred=0.339527 diff=+0.021277 abs_err=0.021277
INFO | EPOCH_089 | [B=42, T=18, D=6] true=0.535828 pred=0.488748 diff=-0.047080 abs_err=0.047080
INFO | EPOCH_089 | [B=56, T=16, D=6] true=0.455261 pred=0.458951 diff=+0.003690 abs_err=0.003690
INFO | EPOCH_089 | [B=31, T=1, D=4] true=0.546553 pred=0.536503 diff=-0.010050 abs_err=0.010050
INFO | EPOCH_089 | [B=13, T=28, D=8] true=0.390315 pred=0.420794 diff=+0.030479 abs_err=0.030479
INFO | EPOCH_089 | [B=5, T=11, D=4] true=0.450731 pred=0.456996 diff=+0.006265 abs_err=0.006265
INFO | EPOCH_089 | [B=57, T=0, D=4] true=0.594122 pred=0.585185 diff=-0.008936 abs_err=0.008936
INFO | EPOCH_089 | [B=0, T=1, D=7] true=0.468791 pred=0.445349 diff=-0.023442 abs_err=0.023442
INFO | EPOCH_089 | [B=21, T=25, D=10] true=0.587714 pred=0.590653 diff=+0.002939 abs_err=0.002939
INFO | EPOCH_089 | [B=41, T=24, D=6] true=0.695416 pred=0.630295 diff=-0.065121 abs_err=0.065121
INFO | EPOCH_089 | [B=3, T=2, D=7] true=0.448636 pred=0.484807 diff=+0.036170 abs_err=0.036170
INFO | EPOCH_089 | [B=59, T=16, D=5] true=0.383994 pred=0.359524 diff=-0.024471 abs_err=0.024471
INFO | EPOCH_089 | [B=20, T=21, D=10] true=0.603035 pred=0.600484 diff=-0.002551 abs_err=0.002551
INFO | EPOCH_089 | TOP 5 WORST masked points (largest abs_err):
INFO | EPOCH_089 | [B=28, T=19, D=11] true=0.067170 pred=0.370791 diff=+0.303621 abs_err=0.303621
INFO | EPOCH_089 | [B=44, T=20, D=6] true=0.319519 pred=0.622754 diff=+0.303235 abs_err=0.303235
INFO | EPOCH_089 | [B=44, T=18, D=6] true=0.321752 pred=0.623012 diff=+0.301261 abs_err=0.301261
INFO | EPOCH_089 | [B=43, T=7, D=11] true=0.595146 pred=0.302802 diff=-0.292344 abs_err=0.292344
INFO | EPOCH_089 | [B=39, T=11, D=6] true=0.532114 pred=0.813449 diff=+0.281336 abs_err=0.281336
INFO | EPOCH_089 | TOP 5 BEST/CORRECT masked points (smallest abs_err):
INFO | EPOCH_089 | [B=1, T=8, D=5] true=0.300693 pred=0.300692 diff=-0.000001 abs_err=0.000001
INFO | EPOCH_089 | [B=46, T=15, D=1] true=0.537928 pred=0.537924 diff=-0.000004 abs_err=0.000004
INFO | EPOCH_089 | [B=11, T=26, D=3] true=0.611921 pred=0.611925 diff=+0.000005 abs_err=0.000005
INFO | EPOCH_089 | [B=7, T=13, D=11] true=0.336060 pred=0.336064 diff=+0.000005 abs_err=0.000005
INFO | EPOCH_089 | [B=50, T=13, D=7] true=0.618431 pred=0.618426 diff=-0.000005 abs_err=0.000005
INFO | EPOCH_099 | RANDOM 15 masked points (true, pred, diff, abs_err):
INFO | EPOCH_099 | [B=36, T=3, D=7] true=0.500853 pred=0.498181 diff=-0.002672 abs_err=0.002672
INFO | EPOCH_099 | [B=18, T=17, D=1] true=0.594836 pred=0.611276 diff=+0.016440 abs_err=0.016440
INFO | EPOCH_099 | [B=49, T=3, D=6] true=0.639493 pred=0.665009 diff=+0.025515 abs_err=0.025515
INFO | EPOCH_099 | [B=8, T=19, D=1] true=0.493989 pred=0.479365 diff=-0.014624 abs_err=0.014624
INFO | EPOCH_099 | [B=53, T=12, D=8] true=0.430443 pred=0.429511 diff=-0.000931 abs_err=0.000931
INFO | EPOCH_099 | [B=41, T=19, D=7] true=0.474543 pred=0.470427 diff=-0.004116 abs_err=0.004116
INFO | EPOCH_099 | [B=27, T=21, D=6] true=0.789354 pred=0.822797 diff=+0.033443 abs_err=0.033443
INFO | EPOCH_099 | [B=4, T=29, D=2] true=0.338885 pred=0.321942 diff=-0.016943 abs_err=0.016943
INFO | EPOCH_099 | [B=11, T=17, D=5] true=0.364993 pred=0.346891 diff=-0.018102 abs_err=0.018102
INFO | EPOCH_099 | [B=54, T=23, D=5] true=0.324221 pred=0.319164 diff=-0.005058 abs_err=0.005058
INFO | EPOCH_099 | [B=12, T=10, D=5] true=0.357492 pred=0.351440 diff=-0.006053 abs_err=0.006053
INFO | EPOCH_099 | [B=44, T=12, D=4] true=0.426744 pred=0.446411 diff=+0.019668 abs_err=0.019668
INFO | EPOCH_099 | [B=59, T=19, D=0] true=0.618715 pred=0.656816 diff=+0.038100 abs_err=0.038100
INFO | EPOCH_099 | [B=43, T=19, D=7] true=0.563207 pred=0.585807 diff=+0.022600 abs_err=0.022600
INFO | EPOCH_099 | [B=15, T=23, D=2] true=0.328403 pred=0.319751 diff=-0.008652 abs_err=0.008652
INFO | EPOCH_099 | TOP 5 WORST masked points (largest abs_err):
INFO | EPOCH_099 | [B=26, T=8, D=6] true=0.498543 pred=0.846851 diff=+0.348308 abs_err=0.348308
INFO | EPOCH_099 | [B=53, T=1, D=11] true=0.165065 pred=0.493947 diff=+0.328882 abs_err=0.328882
INFO | EPOCH_099 | [B=14, T=11, D=6] true=0.320333 pred=0.631753 diff=+0.311420 abs_err=0.311420
INFO | EPOCH_099 | [B=14, T=5, D=6] true=0.323984 pred=0.632299 diff=+0.308314 abs_err=0.308314
INFO | EPOCH_099 | [B=63, T=15, D=6] true=0.318239 pred=0.605480 diff=+0.287241 abs_err=0.287241
INFO | EPOCH_099 | TOP 5 BEST/CORRECT masked points (smallest abs_err):
INFO | EPOCH_099 | [B=20, T=26, D=5] true=0.368744 pred=0.368750 diff=+0.000006 abs_err=0.000006
INFO | EPOCH_099 | [B=33, T=9, D=8] true=0.444773 pred=0.444767 diff=-0.000006 abs_err=0.000006
INFO | EPOCH_099 | [B=52, T=0, D=4] true=0.518450 pred=0.518443 diff=-0.000007 abs_err=0.000007
INFO | EPOCH_099 | [B=41, T=26, D=8] true=0.428063 pred=0.428074 diff=+0.000011 abs_err=0.000011
INFO | EPOCH_099 | [B=44, T=4, D=8] true=0.433044 pred=0.433055 diff=+0.000011 abs_err=0.000011
INFO | EPOCH_109 | RANDOM 15 masked points (true, pred, diff, abs_err):
INFO | EPOCH_109 | [B=3, T=5, D=9] true=0.479236 pred=0.499604 diff=+0.020368 abs_err=0.020368
INFO | EPOCH_109 | [B=25, T=26, D=1] true=0.521033 pred=0.487716 diff=-0.033317 abs_err=0.033317
INFO | EPOCH_109 | [B=34, T=9, D=5] true=0.299176 pred=0.308434 diff=+0.009258 abs_err=0.009258
INFO | EPOCH_109 | [B=63, T=1, D=3] true=0.590625 pred=0.567734 diff=-0.022891 abs_err=0.022891
INFO | EPOCH_109 | [B=49, T=11, D=0] true=0.716347 pred=0.707971 diff=-0.008376 abs_err=0.008376
INFO | EPOCH_109 | [B=8, T=6, D=6] true=0.420423 pred=0.430646 diff=+0.010222 abs_err=0.010222
INFO | EPOCH_109 | [B=55, T=21, D=2] true=0.312545 pred=0.303494 diff=-0.009051 abs_err=0.009051
INFO | EPOCH_109 | [B=21, T=10, D=2] true=0.321257 pred=0.320290 diff=-0.000967 abs_err=0.000967
INFO | EPOCH_109 | [B=22, T=31, D=4] true=0.445699 pred=0.489160 diff=+0.043460 abs_err=0.043460
INFO | EPOCH_109 | [B=30, T=12, D=5] true=0.316176 pred=0.302534 diff=-0.013642 abs_err=0.013642
INFO | EPOCH_109 | [B=51, T=2, D=3] true=0.712633 pred=0.724164 diff=+0.011532 abs_err=0.011532
INFO | EPOCH_109 | [B=4, T=5, D=5] true=0.340145 pred=0.330275 diff=-0.009870 abs_err=0.009870
INFO | EPOCH_109 | [B=7, T=21, D=2] true=0.343013 pred=0.310008 diff=-0.033005 abs_err=0.033005
INFO | EPOCH_109 | [B=55, T=9, D=1] true=0.567680 pred=0.551423 diff=-0.016258 abs_err=0.016258
INFO | EPOCH_109 | [B=21, T=20, D=5] true=0.363605 pred=0.339771 diff=-0.023834 abs_err=0.023834
INFO | EPOCH_109 | TOP 5 WORST masked points (largest abs_err):
INFO | EPOCH_109 | [B=47, T=28, D=9] true=0.476679 pred=0.815684 diff=+0.339005 abs_err=0.339005
INFO | EPOCH_109 | [B=47, T=24, D=6] true=0.508596 pred=0.847304 diff=+0.338709 abs_err=0.338709
INFO | EPOCH_109 | [B=7, T=7, D=0] true=0.760210 pred=0.487773 diff=-0.272437 abs_err=0.272437
INFO | EPOCH_109 | [B=45, T=4, D=0] true=0.425711 pred=0.691375 diff=+0.265664 abs_err=0.265664
INFO | EPOCH_109 | [B=0, T=28, D=9] true=0.750030 pred=0.487588 diff=-0.262442 abs_err=0.262442
INFO | EPOCH_109 | TOP 5 BEST/CORRECT masked points (smallest abs_err):
INFO | EPOCH_109 | [B=11, T=29, D=5] true=0.364147 pred=0.364144 diff=-0.000003 abs_err=0.000003
INFO | EPOCH_109 | [B=51, T=20, D=11] true=0.401115 pred=0.401110 diff=-0.000005 abs_err=0.000005
INFO | EPOCH_109 | [B=4, T=23, D=6] true=0.429241 pred=0.429248 diff=+0.000006 abs_err=0.000006
INFO | EPOCH_109 | [B=23, T=13, D=2] true=0.332868 pred=0.332878 diff=+0.000009 abs_err=0.000009
INFO | EPOCH_109 | [B=27, T=15, D=9] true=0.640861 pred=0.640852 diff=-0.000009 abs_err=0.000009
INFO | EPOCH_119 | RANDOM 15 masked points (true, pred, diff, abs_err):
INFO | EPOCH_119 | [B=6, T=4, D=4] true=0.510299 pred=0.497166 diff=-0.013132 abs_err=0.013132
INFO | EPOCH_119 | [B=57, T=6, D=1] true=0.503964 pred=0.432875 diff=-0.071089 abs_err=0.071089
INFO | EPOCH_119 | [B=55, T=23, D=2] true=0.330720 pred=0.330467 diff=-0.000252 abs_err=0.000252
INFO | EPOCH_119 | [B=14, T=8, D=6] true=0.750028 pred=0.708754 diff=-0.041273 abs_err=0.041273
INFO | EPOCH_119 | [B=51, T=7, D=7] true=0.454650 pred=0.426000 diff=-0.028650 abs_err=0.028650
INFO | EPOCH_119 | [B=58, T=8, D=9] true=0.789594 pred=0.711260 diff=-0.078334 abs_err=0.078334
INFO | EPOCH_119 | [B=3, T=16, D=0] true=0.685335 pred=0.682201 diff=-0.003134 abs_err=0.003134
INFO | EPOCH_119 | [B=8, T=24, D=3] true=0.658459 pred=0.679288 diff=+0.020830 abs_err=0.020830
INFO | EPOCH_119 | [B=50, T=11, D=9] true=0.845245 pred=0.812663 diff=-0.032582 abs_err=0.032582
INFO | EPOCH_119 | [B=58, T=7, D=7] true=0.491472 pred=0.458380 diff=-0.033092 abs_err=0.033092
INFO | EPOCH_119 | [B=15, T=10, D=11] true=0.377224 pred=0.358178 diff=-0.019046 abs_err=0.019046
INFO | EPOCH_119 | [B=24, T=12, D=9] true=0.698179 pred=0.682123 diff=-0.016055 abs_err=0.016055
INFO | EPOCH_119 | [B=21, T=29, D=3] true=0.686629 pred=0.671402 diff=-0.015227 abs_err=0.015227
INFO | EPOCH_119 | [B=44, T=4, D=3] true=0.709151 pred=0.696320 diff=-0.012831 abs_err=0.012831
INFO | EPOCH_119 | [B=39, T=12, D=4] true=0.482407 pred=0.462902 diff=-0.019505 abs_err=0.019505
INFO | EPOCH_119 | TOP 5 WORST masked points (largest abs_err):
INFO | EPOCH_119 | [B=17, T=6, D=6] true=0.311567 pred=0.715408 diff=+0.403841 abs_err=0.403841
INFO | EPOCH_119 | [B=17, T=2, D=6] true=0.312481 pred=0.715907 diff=+0.403426 abs_err=0.403426
INFO | EPOCH_119 | [B=37, T=28, D=6] true=0.994352 pred=0.678647 diff=-0.315705 abs_err=0.315705
INFO | EPOCH_119 | [B=55, T=27, D=9] true=0.457679 pred=0.728733 diff=+0.271054 abs_err=0.271054
INFO | EPOCH_119 | [B=31, T=11, D=3] true=0.473188 pred=0.735753 diff=+0.262564 abs_err=0.262564
INFO | EPOCH_119 | TOP 5 BEST/CORRECT masked points (smallest abs_err):
INFO | EPOCH_119 | [B=57, T=8, D=6] true=0.647955 pred=0.647956 diff=+0.000000 abs_err=0.000000
INFO | EPOCH_119 | [B=31, T=1, D=4] true=0.565698 pred=0.565700 diff=+0.000002 abs_err=0.000002
INFO | EPOCH_119 | [B=27, T=7, D=11] true=0.356596 pred=0.356598 diff=+0.000002 abs_err=0.000002
INFO | EPOCH_119 | [B=18, T=21, D=7] true=0.530704 pred=0.530685 diff=-0.000019 abs_err=0.000019
INFO | EPOCH_119 | [B=45, T=3, D=2] true=0.345111 pred=0.345130 diff=+0.000019 abs_err=0.000019
INFO | EPOCH_129 | RANDOM 15 masked points (true, pred, diff, abs_err):
INFO | EPOCH_129 | [B=54, T=27, D=2] true=0.373830 pred=0.354915 diff=-0.018915 abs_err=0.018915
INFO | EPOCH_129 | [B=32, T=14, D=10] true=0.639749 pred=0.633203 diff=-0.006546 abs_err=0.006546
INFO | EPOCH_129 | [B=26, T=30, D=9] true=0.745952 pred=0.754781 diff=+0.008829 abs_err=0.008829
INFO | EPOCH_129 | [B=14, T=30, D=0] true=0.794808 pred=0.848925 diff=+0.054117 abs_err=0.054117
INFO | EPOCH_129 | [B=21, T=24, D=2] true=0.332838 pred=0.335458 diff=+0.002620 abs_err=0.002620
INFO | EPOCH_129 | [B=46, T=31, D=7] true=0.721855 pred=0.555173 diff=-0.166682 abs_err=0.166682
INFO | EPOCH_129 | [B=5, T=20, D=2] true=0.335801 pred=0.343803 diff=+0.008002 abs_err=0.008002
INFO | EPOCH_129 | [B=23, T=2, D=7] true=0.501115 pred=0.495445 diff=-0.005670 abs_err=0.005670
INFO | EPOCH_129 | [B=28, T=28, D=1] true=0.460130 pred=0.478101 diff=+0.017971 abs_err=0.017971
INFO | EPOCH_129 | [B=60, T=25, D=6] true=0.507491 pred=0.469208 diff=-0.038283 abs_err=0.038283
INFO | EPOCH_129 | [B=59, T=13, D=6] true=0.424527 pred=0.471601 diff=+0.047074 abs_err=0.047074
INFO | EPOCH_129 | [B=38, T=21, D=7] true=0.587578 pred=0.612911 diff=+0.025334 abs_err=0.025334
INFO | EPOCH_129 | [B=49, T=1, D=0] true=0.638512 pred=0.617192 diff=-0.021320 abs_err=0.021320
INFO | EPOCH_129 | [B=40, T=30, D=6] true=0.458254 pred=0.452737 diff=-0.005517 abs_err=0.005517
INFO | EPOCH_129 | [B=36, T=10, D=11] true=0.331632 pred=0.328865 diff=-0.002766 abs_err=0.002766
INFO | EPOCH_129 | TOP 5 WORST masked points (largest abs_err):
INFO | EPOCH_129 | [B=46, T=10, D=6] true=0.309465 pred=0.693043 diff=+0.383578 abs_err=0.383578
INFO | EPOCH_129 | [B=46, T=13, D=6] true=0.309158 pred=0.692358 diff=+0.383200 abs_err=0.383200
INFO | EPOCH_129 | [B=26, T=5, D=9] true=0.397682 pred=0.755802 diff=+0.358119 abs_err=0.358119
INFO | EPOCH_129 | [B=49, T=14, D=10] true=0.367372 pred=0.648022 diff=+0.280651 abs_err=0.280651
INFO | EPOCH_129 | [B=49, T=13, D=2] true=0.571675 pred=0.295842 diff=-0.275834 abs_err=0.275834
INFO | EPOCH_129 | TOP 5 BEST/CORRECT masked points (smallest abs_err):
INFO | EPOCH_129 | [B=63, T=11, D=1] true=0.454624 pred=0.454625 diff=+0.000001 abs_err=0.000001
INFO | EPOCH_129 | [B=13, T=15, D=7] true=0.495121 pred=0.495123 diff=+0.000002 abs_err=0.000002
INFO | EPOCH_129 | [B=29, T=6, D=1] true=0.471080 pred=0.471083 diff=+0.000003 abs_err=0.000003
INFO | EPOCH_129 | [B=38, T=30, D=1] true=0.596479 pred=0.596486 diff=+0.000008 abs_err=0.000008
INFO | EPOCH_129 | [B=7, T=26, D=5] true=0.349334 pred=0.349325 diff=-0.000008 abs_err=0.000008
INFO | EPOCH_139 | RANDOM 15 masked points (true, pred, diff, abs_err):
INFO | EPOCH_139 | [B=25, T=5, D=2] true=0.294241 pred=0.318510 diff=+0.024268 abs_err=0.024268
INFO | EPOCH_139 | [B=35, T=9, D=2] true=0.340502 pred=0.346221 diff=+0.005719 abs_err=0.005719
INFO | EPOCH_139 | [B=30, T=21, D=8] true=0.423767 pred=0.426834 diff=+0.003067 abs_err=0.003067
INFO | EPOCH_139 | [B=0, T=25, D=10] true=0.460411 pred=0.452386 diff=-0.008024 abs_err=0.008024
INFO | EPOCH_139 | [B=47, T=19, D=5] true=0.350763 pred=0.340051 diff=-0.010712 abs_err=0.010712
INFO | EPOCH_139 | [B=35, T=19, D=10] true=0.596271 pred=0.588585 diff=-0.007686 abs_err=0.007686
INFO | EPOCH_139 | [B=27, T=20, D=10] true=0.543061 pred=0.525539 diff=-0.017523 abs_err=0.017523
INFO | EPOCH_139 | [B=62, T=14, D=5] true=0.348838 pred=0.345043 diff=-0.003795 abs_err=0.003795
INFO | EPOCH_139 | [B=63, T=4, D=2] true=0.339756 pred=0.358809 diff=+0.019053 abs_err=0.019053
INFO | EPOCH_139 | [B=21, T=15, D=0] true=0.702946 pred=0.717174 diff=+0.014228 abs_err=0.014228
INFO | EPOCH_139 | [B=13, T=26, D=9] true=0.706913 pred=0.665324 diff=-0.041588 abs_err=0.041588
INFO | EPOCH_139 | [B=34, T=16, D=3] true=0.728561 pred=0.725426 diff=-0.003135 abs_err=0.003135
INFO | EPOCH_139 | [B=34, T=9, D=3] true=0.614372 pred=0.588372 diff=-0.026000 abs_err=0.026000
INFO | EPOCH_139 | [B=47, T=3, D=0] true=0.722958 pred=0.704715 diff=-0.018243 abs_err=0.018243
INFO | EPOCH_139 | [B=56, T=1, D=1] true=0.476788 pred=0.473280 diff=-0.003508 abs_err=0.003508
INFO | EPOCH_139 | TOP 5 WORST masked points (largest abs_err):
INFO | EPOCH_139 | [B=51, T=24, D=6] true=0.759273 pred=0.488164 diff=-0.271109 abs_err=0.271109
INFO | EPOCH_139 | [B=51, T=26, D=0] true=0.752228 pred=0.490290 diff=-0.261938 abs_err=0.261938
INFO | EPOCH_139 | [B=63, T=23, D=3] true=0.470768 pred=0.728816 diff=+0.258048 abs_err=0.258048
INFO | EPOCH_139 | [B=47, T=23, D=3] true=0.441023 pred=0.696396 diff=+0.255373 abs_err=0.255373
INFO | EPOCH_139 | [B=53, T=23, D=9] true=0.760412 pred=0.509818 diff=-0.250594 abs_err=0.250594
INFO | EPOCH_139 | TOP 5 BEST/CORRECT masked points (smallest abs_err):
INFO | EPOCH_139 | [B=32, T=11, D=10] true=0.611454 pred=0.611454 diff=+0.000001 abs_err=0.000001
INFO | EPOCH_139 | [B=50, T=9, D=7] true=0.588086 pred=0.588089 diff=+0.000002 abs_err=0.000002
INFO | EPOCH_139 | [B=10, T=16, D=3] true=0.712783 pred=0.712786 diff=+0.000003 abs_err=0.000003
INFO | EPOCH_139 | [B=30, T=6, D=3] true=0.570288 pred=0.570292 diff=+0.000004 abs_err=0.000004
INFO | EPOCH_139 | [B=16, T=19, D=11] true=0.357574 pred=0.357578 diff=+0.000004 abs_err=0.000004
INFO | EPOCH_149 | RANDOM 15 masked points (true, pred, diff, abs_err):
INFO | EPOCH_149 | [B=0, T=13, D=0] true=0.724764 pred=0.728972 diff=+0.004207 abs_err=0.004207
INFO | EPOCH_149 | [B=11, T=29, D=10] true=0.460676 pred=0.454309 diff=-0.006368 abs_err=0.006368
INFO | EPOCH_149 | [B=9, T=0, D=6] true=0.731425 pred=0.752958 diff=+0.021533 abs_err=0.021533
INFO | EPOCH_149 | [B=56, T=4, D=5] true=0.383120 pred=0.366329 diff=-0.016791 abs_err=0.016791
INFO | EPOCH_149 | [B=61, T=19, D=10] true=0.475842 pred=0.481331 diff=+0.005489 abs_err=0.005489
INFO | EPOCH_149 | [B=62, T=14, D=0] true=0.696874 pred=0.703597 diff=+0.006723 abs_err=0.006723
INFO | EPOCH_149 | [B=1, T=27, D=6] true=0.633287 pred=0.640404 diff=+0.007116 abs_err=0.007116
INFO | EPOCH_149 | [B=56, T=7, D=5] true=0.355060 pred=0.366626 diff=+0.011566 abs_err=0.011566
INFO | EPOCH_149 | [B=0, T=16, D=11] true=0.389011 pred=0.398240 diff=+0.009229 abs_err=0.009229
INFO | EPOCH_149 | [B=0, T=11, D=3] true=0.673337 pred=0.683894 diff=+0.010557 abs_err=0.010557
INFO | EPOCH_149 | [B=15, T=7, D=11] true=0.357098 pred=0.359347 diff=+0.002249 abs_err=0.002249
INFO | EPOCH_149 | [B=0, T=1, D=0] true=0.704869 pred=0.704921 diff=+0.000052 abs_err=0.000052
INFO | EPOCH_149 | [B=63, T=16, D=3] true=0.683889 pred=0.681262 diff=-0.002627 abs_err=0.002627
INFO | EPOCH_149 | [B=62, T=17, D=2] true=0.362234 pred=0.364277 diff=+0.002043 abs_err=0.002043
INFO | EPOCH_149 | [B=49, T=12, D=10] true=0.599138 pred=0.588837 diff=-0.010302 abs_err=0.010302
INFO | EPOCH_149 | TOP 5 WORST masked points (largest abs_err):
INFO | EPOCH_149 | [B=35, T=20, D=3] true=0.370831 pred=0.698618 diff=+0.327787 abs_err=0.327787
INFO | EPOCH_149 | [B=44, T=11, D=3] true=0.422882 pred=0.687711 diff=+0.264829 abs_err=0.264829
INFO | EPOCH_149 | [B=0, T=1, D=3] true=0.475696 pred=0.733185 diff=+0.257489 abs_err=0.257489
INFO | EPOCH_149 | [B=37, T=25, D=0] true=0.402848 pred=0.658913 diff=+0.256064 abs_err=0.256064
INFO | EPOCH_149 | [B=0, T=5, D=3] true=0.478249 pred=0.733429 diff=+0.255180 abs_err=0.255180
INFO | EPOCH_149 | TOP 5 BEST/CORRECT masked points (smallest abs_err):
INFO | EPOCH_149 | [B=17, T=2, D=11] true=0.337655 pred=0.337656 diff=+0.000000 abs_err=0.000000
INFO | EPOCH_149 | [B=49, T=8, D=0] true=0.647225 pred=0.647227 diff=+0.000002 abs_err=0.000002
INFO | EPOCH_149 | [B=29, T=17, D=4] true=0.420547 pred=0.420544 diff=-0.000003 abs_err=0.000003
INFO | EPOCH_149 | [B=62, T=25, D=10] true=0.478890 pred=0.478894 diff=+0.000004 abs_err=0.000004
INFO | EPOCH_149 | [B=19, T=17, D=1] true=0.476589 pred=0.476593 diff=+0.000004 abs_err=0.000004
INFO | EPOCH_159 | RANDOM 15 masked points (true, pred, diff, abs_err):
INFO | EPOCH_159 | [B=22, T=11, D=1] true=0.539919 pred=0.551443 diff=+0.011524 abs_err=0.011524
INFO | EPOCH_159 | [B=10, T=13, D=2] true=0.309953 pred=0.345017 diff=+0.035064 abs_err=0.035064
INFO | EPOCH_159 | [B=43, T=30, D=4] true=0.455840 pred=0.510553 diff=+0.054713 abs_err=0.054713
INFO | EPOCH_159 | [B=63, T=26, D=3] true=0.752224 pred=0.745826 diff=-0.006398 abs_err=0.006398
INFO | EPOCH_159 | [B=15, T=6, D=4] true=0.554182 pred=0.557893 diff=+0.003712 abs_err=0.003712
INFO | EPOCH_159 | [B=54, T=6, D=6] true=0.393852 pred=0.426908 diff=+0.033056 abs_err=0.033056
INFO | EPOCH_159 | [B=55, T=7, D=1] true=0.492979 pred=0.499343 diff=+0.006363 abs_err=0.006363
INFO | EPOCH_159 | [B=55, T=22, D=8] true=0.423785 pred=0.433820 diff=+0.010035 abs_err=0.010035
INFO | EPOCH_159 | [B=56, T=12, D=2] true=0.344491 pred=0.327977 diff=-0.016514 abs_err=0.016514
INFO | EPOCH_159 | [B=25, T=10, D=0] true=0.569789 pred=0.601205 diff=+0.031417 abs_err=0.031417
INFO | EPOCH_159 | [B=9, T=22, D=3] true=0.742557 pred=0.745925 diff=+0.003368 abs_err=0.003368
INFO | EPOCH_159 | [B=14, T=27, D=2] true=0.287062 pred=0.302147 diff=+0.015085 abs_err=0.015085
INFO | EPOCH_159 | [B=32, T=23, D=10] true=0.583234 pred=0.577380 diff=-0.005854 abs_err=0.005854
INFO | EPOCH_159 | [B=42, T=6, D=1] true=0.499550 pred=0.506981 diff=+0.007431 abs_err=0.007431
INFO | EPOCH_159 | [B=38, T=11, D=11] true=0.396207 pred=0.412365 diff=+0.016157 abs_err=0.016157
INFO | EPOCH_159 | TOP 5 WORST masked points (largest abs_err):
INFO | EPOCH_159 | [B=7, T=3, D=0] true=0.919247 pred=0.601699 diff=-0.317548 abs_err=0.317548
INFO | EPOCH_159 | [B=7, T=3, D=2] true=0.592120 pred=0.312533 diff=-0.279588 abs_err=0.279588
INFO | EPOCH_159 | [B=60, T=21, D=6] true=0.464913 pred=0.741626 diff=+0.276713 abs_err=0.276713
INFO | EPOCH_159 | [B=60, T=15, D=6] true=0.465808 pred=0.741628 diff=+0.275820 abs_err=0.275820
INFO | EPOCH_159 | [B=60, T=8, D=6] true=0.465857 pred=0.741379 diff=+0.275522 abs_err=0.275522
INFO | EPOCH_159 | TOP 5 BEST/CORRECT masked points (smallest abs_err):
INFO | EPOCH_159 | [B=36, T=17, D=0] true=0.642360 pred=0.642348 diff=-0.000012 abs_err=0.000012
INFO | EPOCH_159 | [B=63, T=0, D=10] true=0.477661 pred=0.477648 diff=-0.000013 abs_err=0.000013
INFO | EPOCH_159 | [B=3, T=0, D=11] true=0.413500 pred=0.413486 diff=-0.000014 abs_err=0.000014
INFO | EPOCH_159 | [B=48, T=16, D=5] true=0.308848 pred=0.308863 diff=+0.000015 abs_err=0.000015
INFO | EPOCH_159 | [B=14, T=0, D=8] true=0.335751 pred=0.335736 diff=-0.000015 abs_err=0.000015
INFO | EPOCH_169 | RANDOM 15 masked points (true, pred, diff, abs_err):
INFO | EPOCH_169 | [B=3, T=15, D=5] true=0.361776 pred=0.358495 diff=-0.003281 abs_err=0.003281
INFO | EPOCH_169 | [B=8, T=31, D=3] true=0.631455 pred=0.620195 diff=-0.011260 abs_err=0.011260
INFO | EPOCH_169 | [B=57, T=22, D=3] true=0.771858 pred=0.771745 diff=-0.000113 abs_err=0.000113
INFO | EPOCH_169 | [B=38, T=20, D=8] true=0.291527 pred=0.317862 diff=+0.026335 abs_err=0.026335
INFO | EPOCH_169 | [B=48, T=15, D=6] true=0.736234 pred=0.702545 diff=-0.033690 abs_err=0.033690
INFO | EPOCH_169 | [B=2, T=13, D=3] true=0.618570 pred=0.648922 diff=+0.030352 abs_err=0.030352
INFO | EPOCH_169 | [B=57, T=20, D=11] true=0.393821 pred=0.395431 diff=+0.001610 abs_err=0.001610
INFO | EPOCH_169 | [B=43, T=26, D=1] true=0.467105 pred=0.475327 diff=+0.008222 abs_err=0.008222
INFO | EPOCH_169 | [B=0, T=2, D=8] true=0.443467 pred=0.471970 diff=+0.028503 abs_err=0.028503
INFO | EPOCH_169 | [B=17, T=25, D=8] true=0.474841 pred=0.461058 diff=-0.013783 abs_err=0.013783
INFO | EPOCH_169 | [B=6, T=16, D=7] true=0.501193 pred=0.514835 diff=+0.013642 abs_err=0.013642
INFO | EPOCH_169 | [B=45, T=25, D=10] true=0.507779 pred=0.508579 diff=+0.000800 abs_err=0.000800
INFO | EPOCH_169 | [B=26, T=0, D=9] true=0.706888 pred=0.714860 diff=+0.007972 abs_err=0.007972
INFO | EPOCH_169 | [B=10, T=17, D=11] true=0.342815 pred=0.348073 diff=+0.005258 abs_err=0.005258
INFO | EPOCH_169 | [B=23, T=0, D=7] true=0.582270 pred=0.567755 diff=-0.014515 abs_err=0.014515
INFO | EPOCH_169 | TOP 5 WORST masked points (largest abs_err):
INFO | EPOCH_169 | [B=43, T=7, D=11] true=0.595146 pred=0.273409 diff=-0.321737 abs_err=0.321737
INFO | EPOCH_169 | [B=28, T=19, D=11] true=0.067170 pred=0.385062 diff=+0.317892 abs_err=0.317892
INFO | EPOCH_169 | [B=34, T=27, D=9] true=0.749558 pred=0.466046 diff=-0.283512 abs_err=0.283512
INFO | EPOCH_169 | [B=28, T=19, D=10] true=0.761463 pred=0.487899 diff=-0.273564 abs_err=0.273564
INFO | EPOCH_169 | [B=33, T=10, D=9] true=0.757185 pred=0.484940 diff=-0.272245 abs_err=0.272245
INFO | EPOCH_169 | TOP 5 BEST/CORRECT masked points (smallest abs_err):
INFO | EPOCH_169 | [B=49, T=25, D=4] true=0.491797 pred=0.491799 diff=+0.000002 abs_err=0.000002
INFO | EPOCH_169 | [B=39, T=24, D=9] true=0.677338 pred=0.677342 diff=+0.000004 abs_err=0.000004
INFO | EPOCH_169 | [B=34, T=7, D=9] true=0.676900 pred=0.676893 diff=-0.000007 abs_err=0.000007
INFO | EPOCH_169 | [B=21, T=11, D=1] true=0.516425 pred=0.516433 diff=+0.000008 abs_err=0.000008
INFO | EPOCH_169 | [B=39, T=4, D=7] true=0.493518 pred=0.493510 diff=-0.000008 abs_err=0.000008
INFO | EPOCH_179 | RANDOM 15 masked points (true, pred, diff, abs_err):
INFO | EPOCH_179 | [B=23, T=6, D=3] true=0.695022 pred=0.714764 diff=+0.019742 abs_err=0.019742
INFO | EPOCH_179 | [B=32, T=26, D=8] true=0.359507 pred=0.342166 diff=-0.017341 abs_err=0.017341
INFO | EPOCH_179 | [B=60, T=15, D=10] true=0.589187 pred=0.596032 diff=+0.006845 abs_err=0.006845
INFO | EPOCH_179 | [B=34, T=23, D=0] true=0.550716 pred=0.541743 diff=-0.008973 abs_err=0.008973
INFO | EPOCH_179 | [B=26, T=22, D=4] true=0.522493 pred=0.532691 diff=+0.010198 abs_err=0.010198
INFO | EPOCH_179 | [B=33, T=13, D=4] true=0.539593 pred=0.529757 diff=-0.009836 abs_err=0.009836
INFO | EPOCH_179 | [B=24, T=11, D=1] true=0.475614 pred=0.475460 diff=-0.000154 abs_err=0.000154
INFO | EPOCH_179 | [B=61, T=21, D=7] true=0.476303 pred=0.473283 diff=-0.003020 abs_err=0.003020
INFO | EPOCH_179 | [B=0, T=4, D=6] true=0.555899 pred=0.587372 diff=+0.031473 abs_err=0.031473
INFO | EPOCH_179 | [B=59, T=13, D=10] true=0.594025 pred=0.597496 diff=+0.003471 abs_err=0.003471
INFO | EPOCH_179 | [B=41, T=30, D=7] true=0.474954 pred=0.466318 diff=-0.008636 abs_err=0.008636
INFO | EPOCH_179 | [B=43, T=25, D=7] true=0.457230 pred=0.468571 diff=+0.011342 abs_err=0.011342
INFO | EPOCH_179 | [B=1, T=18, D=8] true=0.373000 pred=0.369819 diff=-0.003181 abs_err=0.003181
INFO | EPOCH_179 | [B=22, T=2, D=7] true=0.472210 pred=0.476541 diff=+0.004331 abs_err=0.004331
INFO | EPOCH_179 | [B=57, T=9, D=2] true=0.356790 pred=0.353581 diff=-0.003209 abs_err=0.003209
INFO | EPOCH_179 | TOP 5 WORST masked points (largest abs_err):
INFO | EPOCH_179 | [B=26, T=8, D=6] true=0.498543 pred=0.843700 diff=+0.345157 abs_err=0.345157
INFO | EPOCH_179 | [B=39, T=11, D=6] true=0.532114 pred=0.831950 diff=+0.299837 abs_err=0.299837
INFO | EPOCH_179 | [B=10, T=12, D=6] true=0.738326 pred=0.441158 diff=-0.297168 abs_err=0.297168
INFO | EPOCH_179 | [B=10, T=15, D=6] true=0.734991 pred=0.440641 diff=-0.294349 abs_err=0.294349
INFO | EPOCH_179 | [B=14, T=23, D=6] true=0.737989 pred=0.445988 diff=-0.292000 abs_err=0.292000
INFO | EPOCH_179 | TOP 5 BEST/CORRECT masked points (smallest abs_err):
INFO | EPOCH_179 | [B=60, T=17, D=6] true=0.452899 pred=0.452898 diff=-0.000000 abs_err=0.000000
INFO | EPOCH_179 | [B=17, T=3, D=3] true=0.520584 pred=0.520580 diff=-0.000004 abs_err=0.000004
INFO | EPOCH_179 | [B=26, T=0, D=1] true=0.458102 pred=0.458107 diff=+0.000005 abs_err=0.000005
INFO | EPOCH_179 | [B=37, T=21, D=7] true=0.464349 pred=0.464344 diff=-0.000005 abs_err=0.000005
INFO | EPOCH_179 | [B=21, T=14, D=3] true=0.647259 pred=0.647253 diff=-0.000006 abs_err=0.000006
INFO | EPOCH_189 | RANDOM 15 masked points (true, pred, diff, abs_err):
INFO | EPOCH_189 | [B=30, T=6, D=8] true=0.338698 pred=0.329973 diff=-0.008725 abs_err=0.008725
INFO | EPOCH_189 | [B=31, T=30, D=8] true=0.434869 pred=0.473535 diff=+0.038666 abs_err=0.038666
INFO | EPOCH_189 | [B=31, T=23, D=9] true=0.470944 pred=0.491485 diff=+0.020541 abs_err=0.020541
INFO | EPOCH_189 | [B=50, T=1, D=9] true=0.940053 pred=0.868656 diff=-0.071397 abs_err=0.071397
INFO | EPOCH_189 | [B=5, T=0, D=10] true=0.495461 pred=0.480259 diff=-0.015202 abs_err=0.015202
INFO | EPOCH_189 | [B=14, T=0, D=4] true=0.497076 pred=0.507730 diff=+0.010654 abs_err=0.010654
INFO | EPOCH_189 | [B=17, T=0, D=10] true=0.570495 pred=0.552393 diff=-0.018102 abs_err=0.018102
INFO | EPOCH_189 | [B=55, T=13, D=10] true=0.469601 pred=0.520851 diff=+0.051250 abs_err=0.051250
INFO | EPOCH_189 | [B=6, T=24, D=3] true=0.787351 pred=0.775193 diff=-0.012157 abs_err=0.012157
INFO | EPOCH_189 | [B=45, T=17, D=7] true=0.472577 pred=0.471945 diff=-0.000632 abs_err=0.000632
INFO | EPOCH_189 | [B=15, T=12, D=3] true=0.573386 pred=0.576536 diff=+0.003150 abs_err=0.003150
INFO | EPOCH_189 | [B=38, T=23, D=3] true=0.612464 pred=0.614448 diff=+0.001985 abs_err=0.001985
INFO | EPOCH_189 | [B=50, T=5, D=9] true=0.789806 pred=0.779977 diff=-0.009829 abs_err=0.009829
INFO | EPOCH_189 | [B=5, T=9, D=1] true=0.485411 pred=0.485488 diff=+0.000077 abs_err=0.000077
INFO | EPOCH_189 | [B=27, T=25, D=11] true=0.350717 pred=0.368071 diff=+0.017354 abs_err=0.017354
INFO | EPOCH_189 | TOP 5 WORST masked points (largest abs_err):
INFO | EPOCH_189 | [B=47, T=24, D=6] true=0.508596 pred=0.841741 diff=+0.333145 abs_err=0.333145
INFO | EPOCH_189 | [B=47, T=28, D=9] true=0.476679 pred=0.801759 diff=+0.325080 abs_err=0.325080
INFO | EPOCH_189 | [B=53, T=1, D=11] true=0.165065 pred=0.478607 diff=+0.313542 abs_err=0.313542
INFO | EPOCH_189 | [B=14, T=11, D=6] true=0.320333 pred=0.603356 diff=+0.283023 abs_err=0.283023
INFO | EPOCH_189 | [B=14, T=5, D=6] true=0.323984 pred=0.606494 diff=+0.282510 abs_err=0.282510
INFO | EPOCH_189 | TOP 5 BEST/CORRECT masked points (smallest abs_err):
INFO | EPOCH_189 | [B=19, T=7, D=11] true=0.354109 pred=0.354110 diff=+0.000001 abs_err=0.000001
INFO | EPOCH_189 | [B=24, T=15, D=4] true=0.478389 pred=0.478393 diff=+0.000004 abs_err=0.000004
INFO | EPOCH_189 | [B=22, T=15, D=4] true=0.570686 pred=0.570675 diff=-0.000011 abs_err=0.000011
INFO | EPOCH_189 | [B=10, T=4, D=2] true=0.316724 pred=0.316738 diff=+0.000014 abs_err=0.000014
INFO | EPOCH_189 | [B=51, T=26, D=2] true=0.312846 pred=0.312831 diff=-0.000014 abs_err=0.000014
INFO | EPOCH_199 | RANDOM 15 masked points (true, pred, diff, abs_err):
INFO | EPOCH_199 | [B=20, T=7, D=2] true=0.281134 pred=0.292500 diff=+0.011366 abs_err=0.011366
INFO | EPOCH_199 | [B=35, T=6, D=0] true=0.637564 pred=0.649892 diff=+0.012328 abs_err=0.012328
INFO | EPOCH_199 | [B=4, T=30, D=8] true=0.423709 pred=0.427054 diff=+0.003345 abs_err=0.003345
INFO | EPOCH_199 | [B=47, T=22, D=2] true=0.309381 pred=0.305351 diff=-0.004030 abs_err=0.004030
INFO | EPOCH_199 | [B=0, T=22, D=5] true=0.370475 pred=0.351638 diff=-0.018837 abs_err=0.018837
INFO | EPOCH_199 | [B=25, T=1, D=9] true=0.693445 pred=0.696181 diff=+0.002736 abs_err=0.002736
INFO | EPOCH_199 | [B=39, T=4, D=9] true=0.497290 pred=0.502887 diff=+0.005597 abs_err=0.005597
INFO | EPOCH_199 | [B=8, T=0, D=11] true=0.463037 pred=0.367027 diff=-0.096009 abs_err=0.096009
INFO | EPOCH_199 | [B=17, T=25, D=10] true=0.473232 pred=0.472671 diff=-0.000561 abs_err=0.000561
INFO | EPOCH_199 | [B=46, T=22, D=1] true=0.561275 pred=0.565992 diff=+0.004717 abs_err=0.004717
INFO | EPOCH_199 | [B=41, T=29, D=9] true=0.494671 pred=0.508401 diff=+0.013730 abs_err=0.013730
INFO | EPOCH_199 | [B=5, T=14, D=0] true=0.687611 pred=0.687696 diff=+0.000084 abs_err=0.000084
INFO | EPOCH_199 | [B=28, T=5, D=3] true=0.655276 pred=0.658730 diff=+0.003454 abs_err=0.003454
INFO | EPOCH_199 | [B=23, T=24, D=2] true=0.335602 pred=0.341948 diff=+0.006346 abs_err=0.006346
INFO | EPOCH_199 | [B=47, T=5, D=4] true=0.438143 pred=0.463411 diff=+0.025268 abs_err=0.025268
INFO | EPOCH_199 | TOP 5 WORST masked points (largest abs_err):
INFO | EPOCH_199 | [B=0, T=28, D=9] true=0.750030 pred=0.487808 diff=-0.262222 abs_err=0.262222
INFO | EPOCH_199 | [B=45, T=4, D=0] true=0.425711 pred=0.684801 diff=+0.259091 abs_err=0.259091
INFO | EPOCH_199 | [B=55, T=27, D=9] true=0.457679 pred=0.709913 diff=+0.252234 abs_err=0.252234
INFO | EPOCH_199 | [B=6, T=22, D=9] true=0.758224 pred=0.511515 diff=-0.246709 abs_err=0.246709
INFO | EPOCH_199 | [B=15, T=17, D=9] true=0.745294 pred=0.498794 diff=-0.246500 abs_err=0.246500
INFO | EPOCH_199 | TOP 5 BEST/CORRECT masked points (smallest abs_err):
INFO | EPOCH_199 | [B=51, T=20, D=4] true=0.530559 pred=0.530559 diff=-0.000000 abs_err=0.000000
INFO | EPOCH_199 | [B=51, T=14, D=2] true=0.322751 pred=0.322751 diff=-0.000001 abs_err=0.000001
INFO | EPOCH_199 | [B=26, T=13, D=11] true=0.360101 pred=0.360101 diff=+0.000001 abs_err=0.000001
INFO | EPOCH_199 | [B=60, T=30, D=2] true=0.298083 pred=0.298081 diff=-0.000002 abs_err=0.000002
INFO | EPOCH_199 | [B=49, T=3, D=11] true=0.358635 pred=0.358637 diff=+0.000002 abs_err=0.000002
INFO | EPOCH_209 | RANDOM 15 masked points (true, pred, diff, abs_err):
INFO | EPOCH_209 | [B=51, T=10, D=6] true=0.671881 pred=0.693739 diff=+0.021858 abs_err=0.021858
INFO | EPOCH_209 | [B=27, T=20, D=10] true=0.483225 pred=0.476149 diff=-0.007076 abs_err=0.007076
INFO | EPOCH_209 | [B=44, T=11, D=5] true=0.360647 pred=0.361191 diff=+0.000545 abs_err=0.000545
INFO | EPOCH_209 | [B=38, T=24, D=9] true=0.814632 pred=0.833636 diff=+0.019004 abs_err=0.019004
INFO | EPOCH_209 | [B=15, T=8, D=10] true=0.632863 pred=0.607397 diff=-0.025466 abs_err=0.025466
INFO | EPOCH_209 | [B=33, T=17, D=5] true=0.356348 pred=0.366302 diff=+0.009954 abs_err=0.009954
INFO | EPOCH_209 | [B=31, T=7, D=1] true=0.516910 pred=0.552757 diff=+0.035847 abs_err=0.035847
INFO | EPOCH_209 | [B=8, T=11, D=0] true=0.545393 pred=0.583198 diff=+0.037804 abs_err=0.037804
INFO | EPOCH_209 | [B=46, T=11, D=8] true=0.343340 pred=0.341833 diff=-0.001507 abs_err=0.001507
INFO | EPOCH_209 | [B=33, T=4, D=2] true=0.273734 pred=0.300368 diff=+0.026635 abs_err=0.026635
INFO | EPOCH_209 | [B=41, T=18, D=6] true=0.857827 pred=0.864518 diff=+0.006691 abs_err=0.006691
INFO | EPOCH_209 | [B=36, T=26, D=6] true=0.692284 pred=0.690647 diff=-0.001637 abs_err=0.001637
INFO | EPOCH_209 | [B=36, T=24, D=1] true=0.506117 pred=0.562514 diff=+0.056397 abs_err=0.056397
INFO | EPOCH_209 | [B=34, T=20, D=0] true=0.680337 pred=0.696922 diff=+0.016584 abs_err=0.016584
INFO | EPOCH_209 | [B=55, T=3, D=11] true=0.423048 pred=0.422648 diff=-0.000400 abs_err=0.000400
INFO | EPOCH_209 | TOP 5 WORST masked points (largest abs_err):
INFO | EPOCH_209 | [B=17, T=6, D=6] true=0.311567 pred=0.781953 diff=+0.470386 abs_err=0.470386
INFO | EPOCH_209 | [B=17, T=2, D=6] true=0.312481 pred=0.782659 diff=+0.470178 abs_err=0.470178
INFO | EPOCH_209 | [B=46, T=13, D=6] true=0.309158 pred=0.720899 diff=+0.411741 abs_err=0.411741
INFO | EPOCH_209 | [B=46, T=10, D=6] true=0.309465 pred=0.720633 diff=+0.411168 abs_err=0.411168
INFO | EPOCH_209 | [B=31, T=11, D=3] true=0.473188 pred=0.768975 diff=+0.295787 abs_err=0.295787
INFO | EPOCH_209 | TOP 5 BEST/CORRECT masked points (smallest abs_err):
INFO | EPOCH_209 | [B=56, T=5, D=2] true=0.374945 pred=0.374945 diff=-0.000000 abs_err=0.000000
INFO | EPOCH_209 | [B=31, T=11, D=0] true=0.713798 pred=0.713796 diff=-0.000001 abs_err=0.000001
INFO | EPOCH_209 | [B=14, T=0, D=6] true=0.693250 pred=0.693247 diff=-0.000003 abs_err=0.000003
INFO | EPOCH_209 | [B=45, T=11, D=6] true=0.876206 pred=0.876211 diff=+0.000005 abs_err=0.000005
INFO | EPOCH_209 | [B=57, T=9, D=11] true=0.416405 pred=0.416400 diff=-0.000005 abs_err=0.000005
INFO | EPOCH_219 | RANDOM 15 masked points (true, pred, diff, abs_err):
INFO | EPOCH_219 | [B=52, T=17, D=2] true=0.326640 pred=0.349880 diff=+0.023240 abs_err=0.023240
INFO | EPOCH_219 | [B=13, T=20, D=2] true=0.352288 pred=0.350579 diff=-0.001709 abs_err=0.001709
INFO | EPOCH_219 | [B=1, T=24, D=3] true=0.711442 pred=0.732437 diff=+0.020994 abs_err=0.020994
INFO | EPOCH_219 | [B=47, T=8, D=1] true=0.588795 pred=0.583956 diff=-0.004839 abs_err=0.004839
INFO | EPOCH_219 | [B=2, T=9, D=2] true=0.306131 pred=0.303970 diff=-0.002161 abs_err=0.002161
INFO | EPOCH_219 | [B=39, T=5, D=10] true=0.555147 pred=0.567033 diff=+0.011886 abs_err=0.011886
INFO | EPOCH_219 | [B=47, T=1, D=8] true=0.458849 pred=0.461312 diff=+0.002463 abs_err=0.002463
INFO | EPOCH_219 | [B=47, T=20, D=7] true=0.534969 pred=0.517843 diff=-0.017125 abs_err=0.017125
INFO | EPOCH_219 | [B=33, T=24, D=7] true=0.681905 pred=0.600805 diff=-0.081100 abs_err=0.081100
INFO | EPOCH_219 | [B=49, T=19, D=2] true=0.345728 pred=0.347750 diff=+0.002022 abs_err=0.002022
INFO | EPOCH_219 | [B=6, T=30, D=8] true=0.393843 pred=0.410124 diff=+0.016281 abs_err=0.016281
INFO | EPOCH_219 | [B=43, T=9, D=6] true=0.439709 pred=0.440064 diff=+0.000355 abs_err=0.000355
INFO | EPOCH_219 | [B=29, T=24, D=10] true=0.542380 pred=0.527971 diff=-0.014409 abs_err=0.014409
INFO | EPOCH_219 | [B=57, T=15, D=2] true=0.357301 pred=0.349441 diff=-0.007860 abs_err=0.007860
INFO | EPOCH_219 | [B=39, T=4, D=0] true=0.609156 pred=0.606462 diff=-0.002694 abs_err=0.002694
INFO | EPOCH_219 | TOP 5 WORST masked points (largest abs_err):
INFO | EPOCH_219 | [B=26, T=5, D=9] true=0.397682 pred=0.738545 diff=+0.340863 abs_err=0.340863
INFO | EPOCH_219 | [B=49, T=14, D=10] true=0.367372 pred=0.642378 diff=+0.275006 abs_err=0.275006
INFO | EPOCH_219 | [B=49, T=14, D=11] true=0.563015 pred=0.291314 diff=-0.271701 abs_err=0.271701
INFO | EPOCH_219 | [B=51, T=26, D=0] true=0.752228 pred=0.488616 diff=-0.263613 abs_err=0.263613
INFO | EPOCH_219 | [B=55, T=13, D=9] true=0.320366 pred=0.581176 diff=+0.260810 abs_err=0.260810
INFO | EPOCH_219 | TOP 5 BEST/CORRECT masked points (smallest abs_err):
INFO | EPOCH_219 | [B=15, T=10, D=2] true=0.317228 pred=0.317230 diff=+0.000002 abs_err=0.000002
INFO | EPOCH_219 | [B=42, T=9, D=1] true=0.588924 pred=0.588927 diff=+0.000003 abs_err=0.000003
INFO | EPOCH_219 | [B=39, T=3, D=0] true=0.716660 pred=0.716657 diff=-0.000004 abs_err=0.000004
INFO | EPOCH_219 | [B=12, T=2, D=11] true=0.404449 pred=0.404443 diff=-0.000006 abs_err=0.000006
INFO | EPOCH_219 | [B=34, T=5, D=1] true=0.584093 pred=0.584083 diff=-0.000010 abs_err=0.000010
INFO | EPOCH_229 | RANDOM 15 masked points (true, pred, diff, abs_err):
INFO | EPOCH_229 | [B=7, T=16, D=8] true=0.479856 pred=0.467451 diff=-0.012405 abs_err=0.012405
INFO | EPOCH_229 | [B=55, T=22, D=8] true=0.422039 pred=0.394979 diff=-0.027060 abs_err=0.027060
INFO | EPOCH_229 | [B=29, T=4, D=0] true=0.648739 pred=0.627291 diff=-0.021448 abs_err=0.021448
INFO | EPOCH_229 | [B=40, T=26, D=11] true=0.394240 pred=0.406047 diff=+0.011807 abs_err=0.011807
INFO | EPOCH_229 | [B=20, T=13, D=10] true=0.430615 pred=0.435581 diff=+0.004967 abs_err=0.004967
INFO | EPOCH_229 | [B=28, T=31, D=9] true=0.545685 pred=0.585081 diff=+0.039396 abs_err=0.039396
INFO | EPOCH_229 | [B=53, T=25, D=0] true=0.567322 pred=0.538981 diff=-0.028341 abs_err=0.028341
INFO | EPOCH_229 | [B=29, T=28, D=2] true=0.347281 pred=0.360571 diff=+0.013290 abs_err=0.013290
INFO | EPOCH_229 | [B=55, T=27, D=2] true=0.366427 pred=0.362811 diff=-0.003616 abs_err=0.003616
INFO | EPOCH_229 | [B=13, T=15, D=6] true=0.852237 pred=0.855033 diff=+0.002797 abs_err=0.002797
INFO | EPOCH_229 | [B=16, T=6, D=2] true=0.377063 pred=0.366695 diff=-0.010368 abs_err=0.010368
INFO | EPOCH_229 | [B=54, T=9, D=4] true=0.485117 pred=0.473553 diff=-0.011563 abs_err=0.011563
INFO | EPOCH_229 | [B=30, T=23, D=3] true=0.585918 pred=0.568669 diff=-0.017249 abs_err=0.017249
INFO | EPOCH_229 | [B=41, T=22, D=10] true=0.606204 pred=0.572929 diff=-0.033275 abs_err=0.033275
INFO | EPOCH_229 | [B=38, T=4, D=7] true=0.612243 pred=0.587719 diff=-0.024524 abs_err=0.024524
INFO | EPOCH_229 | TOP 5 WORST masked points (largest abs_err):
INFO | EPOCH_229 | [B=35, T=20, D=3] true=0.370831 pred=0.698174 diff=+0.327343 abs_err=0.327343
INFO | EPOCH_229 | [B=46, T=14, D=0] true=0.914777 pred=0.642335 diff=-0.272442 abs_err=0.272442
INFO | EPOCH_229 | [B=51, T=24, D=6] true=0.759273 pred=0.488261 diff=-0.271012 abs_err=0.271012
INFO | EPOCH_229 | [B=36, T=17, D=9] true=0.751326 pred=0.500733 diff=-0.250593 abs_err=0.250593
INFO | EPOCH_229 | [B=46, T=14, D=2] true=0.574291 pred=0.325571 diff=-0.248720 abs_err=0.248720
INFO | EPOCH_229 | TOP 5 BEST/CORRECT masked points (smallest abs_err):
INFO | EPOCH_229 | [B=2, T=18, D=11] true=0.394686 pred=0.394685 diff=-0.000001 abs_err=0.000001
INFO | EPOCH_229 | [B=59, T=18, D=8] true=0.418860 pred=0.418863 diff=+0.000004 abs_err=0.000004
INFO | EPOCH_229 | [B=23, T=23, D=3] true=0.717711 pred=0.717715 diff=+0.000004 abs_err=0.000004
INFO | EPOCH_229 | [B=48, T=0, D=3] true=0.655651 pred=0.655646 diff=-0.000004 abs_err=0.000004
INFO | EPOCH_229 | [B=16, T=19, D=0] true=0.731702 pred=0.731708 diff=+0.000006 abs_err=0.000006
INFO | EPOCH_239 | RANDOM 15 masked points (true, pred, diff, abs_err):
INFO | EPOCH_239 | [B=18, T=1, D=8] true=0.365112 pred=0.381337 diff=+0.016226 abs_err=0.016226
INFO | EPOCH_239 | [B=44, T=26, D=1] true=0.639384 pred=0.509674 diff=-0.129710 abs_err=0.129710
INFO | EPOCH_239 | [B=24, T=21, D=1] true=0.520943 pred=0.515952 diff=-0.004991 abs_err=0.004991
INFO | EPOCH_239 | [B=41, T=26, D=0] true=0.543278 pred=0.571382 diff=+0.028104 abs_err=0.028104
INFO | EPOCH_239 | [B=18, T=10, D=4] true=0.488236 pred=0.471974 diff=-0.016262 abs_err=0.016262
INFO | EPOCH_239 | [B=48, T=2, D=9] true=0.522746 pred=0.563981 diff=+0.041236 abs_err=0.041236
INFO | EPOCH_239 | [B=47, T=31, D=2] true=0.339758 pred=0.342431 diff=+0.002672 abs_err=0.002672
INFO | EPOCH_239 | [B=17, T=27, D=2] true=0.336986 pred=0.335217 diff=-0.001768 abs_err=0.001768
INFO | EPOCH_239 | [B=53, T=8, D=1] true=0.581085 pred=0.574842 diff=-0.006243 abs_err=0.006243
INFO | EPOCH_239 | [B=28, T=14, D=4] true=0.486853 pred=0.476844 diff=-0.010008 abs_err=0.010008
INFO | EPOCH_239 | [B=59, T=0, D=9] true=0.480191 pred=0.483136 diff=+0.002945 abs_err=0.002945
INFO | EPOCH_239 | [B=26, T=11, D=2] true=0.331627 pred=0.322338 diff=-0.009289 abs_err=0.009289
INFO | EPOCH_239 | [B=7, T=3, D=9] true=0.661164 pred=0.656203 diff=-0.004961 abs_err=0.004961
INFO | EPOCH_239 | [B=63, T=23, D=10] true=0.267535 pred=0.473113 diff=+0.205578 abs_err=0.205578
INFO | EPOCH_239 | [B=8, T=9, D=10] true=0.471370 pred=0.468961 diff=-0.002410 abs_err=0.002410
INFO | EPOCH_239 | TOP 5 WORST masked points (largest abs_err):
INFO | EPOCH_239 | [B=7, T=3, D=0] true=0.919247 pred=0.587370 diff=-0.331877 abs_err=0.331877
INFO | EPOCH_239 | [B=7, T=3, D=2] true=0.592120 pred=0.299255 diff=-0.292866 abs_err=0.292866
INFO | EPOCH_239 | [B=39, T=23, D=3] true=0.466641 pred=0.747120 diff=+0.280479 abs_err=0.280479
INFO | EPOCH_239 | [B=60, T=21, D=6] true=0.464913 pred=0.738277 diff=+0.273364 abs_err=0.273364
INFO | EPOCH_239 | [B=60, T=15, D=6] true=0.465808 pred=0.737423 diff=+0.271616 abs_err=0.271616
INFO | EPOCH_239 | TOP 5 BEST/CORRECT masked points (smallest abs_err):
INFO | EPOCH_239 | [B=43, T=25, D=7] true=0.584174 pred=0.584178 diff=+0.000004 abs_err=0.000004
INFO | EPOCH_239 | [B=29, T=12, D=1] true=0.520246 pred=0.520250 diff=+0.000004 abs_err=0.000004
INFO | EPOCH_239 | [B=0, T=22, D=11] true=0.399256 pred=0.399251 diff=-0.000005 abs_err=0.000005
INFO | EPOCH_239 | [B=29, T=19, D=11] true=0.358130 pred=0.358124 diff=-0.000006 abs_err=0.000006
INFO | EPOCH_239 | [B=17, T=2, D=3] true=0.771084 pred=0.771076 diff=-0.000008 abs_err=0.000008
INFO | EPOCH_249 | RANDOM 15 masked points (true, pred, diff, abs_err):
INFO | EPOCH_249 | [B=10, T=23, D=11] true=0.339358 pred=0.337331 diff=-0.002027 abs_err=0.002027
INFO | EPOCH_249 | [B=19, T=18, D=4] true=0.506232 pred=0.494260 diff=-0.011972 abs_err=0.011972
INFO | EPOCH_249 | [B=22, T=24, D=5] true=0.294226 pred=0.311590 diff=+0.017364 abs_err=0.017364
INFO | EPOCH_249 | [B=51, T=19, D=3] true=0.574356 pred=0.564124 diff=-0.010232 abs_err=0.010232
INFO | EPOCH_249 | [B=43, T=29, D=4] true=0.473404 pred=0.483195 diff=+0.009790 abs_err=0.009790
INFO | EPOCH_249 | [B=47, T=29, D=11] true=0.327056 pred=0.344219 diff=+0.017163 abs_err=0.017163
INFO | EPOCH_249 | [B=14, T=31, D=3] true=0.695341 pred=0.722833 diff=+0.027491 abs_err=0.027491
INFO | EPOCH_249 | [B=25, T=7, D=4] true=0.462070 pred=0.505551 diff=+0.043481 abs_err=0.043481
INFO | EPOCH_249 | [B=24, T=31, D=6] true=0.659248 pred=0.647247 diff=-0.012001 abs_err=0.012001
INFO | EPOCH_249 | [B=51, T=27, D=9] true=0.696949 pred=0.710712 diff=+0.013763 abs_err=0.013763
INFO | EPOCH_249 | [B=60, T=24, D=5] true=0.347071 pred=0.337152 diff=-0.009919 abs_err=0.009919
INFO | EPOCH_249 | [B=12, T=16, D=0] true=0.731552 pred=0.747282 diff=+0.015729 abs_err=0.015729
INFO | EPOCH_249 | [B=22, T=7, D=6] true=0.710760 pred=0.695499 diff=-0.015261 abs_err=0.015261
INFO | EPOCH_249 | [B=26, T=8, D=1] true=0.540227 pred=0.541101 diff=+0.000874 abs_err=0.000874
INFO | EPOCH_249 | [B=6, T=20, D=9] true=0.799428 pred=0.826620 diff=+0.027192 abs_err=0.027192
INFO | EPOCH_249 | TOP 5 WORST masked points (largest abs_err):
INFO | EPOCH_249 | [B=25, T=9, D=9] true=0.784880 pred=0.529259 diff=-0.255621 abs_err=0.255621
INFO | EPOCH_249 | [B=49, T=15, D=11] true=0.556481 pred=0.315744 diff=-0.240737 abs_err=0.240737
INFO | EPOCH_249 | [B=49, T=9, D=11] true=0.551291 pred=0.314146 diff=-0.237145 abs_err=0.237145
INFO | EPOCH_249 | [B=49, T=19, D=11] true=0.552929 pred=0.316435 diff=-0.236494 abs_err=0.236494
INFO | EPOCH_249 | [B=35, T=24, D=9] true=0.725668 pred=0.504895 diff=-0.220773 abs_err=0.220773
INFO | EPOCH_249 | TOP 5 BEST/CORRECT masked points (smallest abs_err):
INFO | EPOCH_249 | [B=12, T=15, D=5] true=0.346542 pred=0.346542 diff=+0.000000 abs_err=0.000000
INFO | EPOCH_249 | [B=55, T=13, D=8] true=0.376378 pred=0.376379 diff=+0.000001 abs_err=0.000001
INFO | EPOCH_249 | [B=20, T=6, D=11] true=0.367637 pred=0.367638 diff=+0.000002 abs_err=0.000002
INFO | EPOCH_249 | [B=62, T=4, D=9] true=0.816045 pred=0.816049 diff=+0.000004 abs_err=0.000004
INFO | EPOCH_249 | [B=7, T=18, D=5] true=0.354461 pred=0.354455 diff=-0.000005 abs_err=0.000005
INFO | EPOCH_259 | RANDOM 15 masked points (true, pred, diff, abs_err):
INFO | EPOCH_259 | [B=11, T=20, D=4] true=0.595213 pred=0.615507 diff=+0.020295 abs_err=0.020295
INFO | EPOCH_259 | [B=34, T=5, D=8] true=0.371045 pred=0.343169 diff=-0.027876 abs_err=0.027876
INFO | EPOCH_259 | [B=42, T=8, D=6] true=0.665531 pred=0.682369 diff=+0.016838 abs_err=0.016838
INFO | EPOCH_259 | [B=30, T=9, D=9] true=0.536701 pred=0.482636 diff=-0.054065 abs_err=0.054065
INFO | EPOCH_259 | [B=35, T=8, D=9] true=0.597763 pred=0.506322 diff=-0.091442 abs_err=0.091442
INFO | EPOCH_259 | [B=52, T=17, D=6] true=0.465077 pred=0.446940 diff=-0.018137 abs_err=0.018137
INFO | EPOCH_259 | [B=8, T=21, D=3] true=0.614160 pred=0.616945 diff=+0.002786 abs_err=0.002786
INFO | EPOCH_259 | [B=35, T=12, D=10] true=0.501226 pred=0.446467 diff=-0.054759 abs_err=0.054759
INFO | EPOCH_259 | [B=2, T=3, D=0] true=0.626677 pred=0.640538 diff=+0.013861 abs_err=0.013861
INFO | EPOCH_259 | [B=45, T=2, D=5] true=0.293064 pred=0.270214 diff=-0.022850 abs_err=0.022850
INFO | EPOCH_259 | [B=34, T=11, D=4] true=0.432938 pred=0.431704 diff=-0.001234 abs_err=0.001234
INFO | EPOCH_259 | [B=8, T=18, D=8] true=0.385631 pred=0.414337 diff=+0.028706 abs_err=0.028706
INFO | EPOCH_259 | [B=32, T=7, D=4] true=0.447008 pred=0.429579 diff=-0.017429 abs_err=0.017429
INFO | EPOCH_259 | [B=42, T=24, D=0] true=0.648937 pred=0.653039 diff=+0.004102 abs_err=0.004102
INFO | EPOCH_259 | [B=46, T=9, D=7] true=0.518962 pred=0.536264 diff=+0.017302 abs_err=0.017302
INFO | EPOCH_259 | TOP 5 WORST masked points (largest abs_err):
INFO | EPOCH_259 | [B=28, T=19, D=11] true=0.067170 pred=0.368560 diff=+0.301390 abs_err=0.301390
INFO | EPOCH_259 | [B=39, T=11, D=6] true=0.532114 pred=0.824930 diff=+0.292816 abs_err=0.292816
INFO | EPOCH_259 | [B=43, T=7, D=11] true=0.595146 pred=0.308891 diff=-0.286255 abs_err=0.286255
INFO | EPOCH_259 | [B=44, T=20, D=6] true=0.319519 pred=0.605448 diff=+0.285929 abs_err=0.285929
INFO | EPOCH_259 | [B=10, T=12, D=6] true=0.738326 pred=0.453145 diff=-0.285181 abs_err=0.285181
INFO | EPOCH_259 | TOP 5 BEST/CORRECT masked points (smallest abs_err):
INFO | EPOCH_259 | [B=15, T=13, D=11] true=0.361602 pred=0.361593 diff=-0.000009 abs_err=0.000009
INFO | EPOCH_259 | [B=27, T=19, D=1] true=0.473745 pred=0.473735 diff=-0.000009 abs_err=0.000009
INFO | EPOCH_259 | [B=13, T=16, D=5] true=0.322069 pred=0.322056 diff=-0.000013 abs_err=0.000013
INFO | EPOCH_259 | [B=57, T=12, D=2] true=0.352388 pred=0.352401 diff=+0.000013 abs_err=0.000013
INFO | EPOCH_259 | [B=50, T=28, D=3] true=0.643038 pred=0.643025 diff=-0.000014 abs_err=0.000014
INFO | EPOCH_269 | RANDOM 15 masked points (true, pred, diff, abs_err):
INFO | EPOCH_269 | [B=19, T=17, D=3] true=0.711422 pred=0.725170 diff=+0.013749 abs_err=0.013749
INFO | EPOCH_269 | [B=15, T=26, D=8] true=0.382257 pred=0.421461 diff=+0.039205 abs_err=0.039205
INFO | EPOCH_269 | [B=40, T=7, D=6] true=0.638558 pred=0.681742 diff=+0.043184 abs_err=0.043184
INFO | EPOCH_269 | [B=34, T=2, D=3] true=0.491197 pred=0.530268 diff=+0.039071 abs_err=0.039071
INFO | EPOCH_269 | [B=3, T=6, D=2] true=0.338576 pred=0.325528 diff=-0.013047 abs_err=0.013047
INFO | EPOCH_269 | [B=58, T=13, D=9] true=0.652314 pred=0.661643 diff=+0.009329 abs_err=0.009329
INFO | EPOCH_269 | [B=22, T=4, D=3] true=0.643224 pred=0.649622 diff=+0.006397 abs_err=0.006397
INFO | EPOCH_269 | [B=35, T=10, D=5] true=0.357436 pred=0.323509 diff=-0.033927 abs_err=0.033927
INFO | EPOCH_269 | [B=15, T=14, D=1] true=0.548747 pred=0.539357 diff=-0.009390 abs_err=0.009390
INFO | EPOCH_269 | [B=61, T=6, D=0] true=0.569602 pred=0.594936 diff=+0.025334 abs_err=0.025334
INFO | EPOCH_269 | [B=50, T=5, D=6] true=0.639454 pred=0.642334 diff=+0.002881 abs_err=0.002881
INFO | EPOCH_269 | [B=17, T=22, D=4] true=0.496740 pred=0.504804 diff=+0.008064 abs_err=0.008064
INFO | EPOCH_269 | [B=30, T=6, D=3] true=0.738481 pred=0.742398 diff=+0.003917 abs_err=0.003917
INFO | EPOCH_269 | [B=45, T=20, D=4] true=0.433713 pred=0.439362 diff=+0.005649 abs_err=0.005649
INFO | EPOCH_269 | [B=34, T=12, D=4] true=0.542123 pred=0.560936 diff=+0.018814 abs_err=0.018814
INFO | EPOCH_269 | TOP 5 WORST masked points (largest abs_err):
INFO | EPOCH_269 | [B=26, T=8, D=6] true=0.498543 pred=0.847432 diff=+0.348890 abs_err=0.348890
INFO | EPOCH_269 | [B=53, T=1, D=11] true=0.165065 pred=0.491931 diff=+0.326865 abs_err=0.326865
INFO | EPOCH_269 | [B=14, T=5, D=6] true=0.323984 pred=0.625342 diff=+0.301358 abs_err=0.301358
INFO | EPOCH_269 | [B=14, T=11, D=6] true=0.320333 pred=0.621098 diff=+0.300765 abs_err=0.300765
INFO | EPOCH_269 | [B=63, T=15, D=6] true=0.318239 pred=0.594669 diff=+0.276430 abs_err=0.276430
INFO | EPOCH_269 | TOP 5 BEST/CORRECT masked points (smallest abs_err):
INFO | EPOCH_269 | [B=5, T=15, D=5] true=0.346154 pred=0.346152 diff=-0.000002 abs_err=0.000002
INFO | EPOCH_269 | [B=44, T=26, D=2] true=0.349755 pred=0.349758 diff=+0.000003 abs_err=0.000003
INFO | EPOCH_269 | [B=51, T=25, D=6] true=0.639634 pred=0.639629 diff=-0.000004 abs_err=0.000004
INFO | EPOCH_269 | [B=44, T=1, D=6] true=0.670579 pred=0.670573 diff=-0.000006 abs_err=0.000006
INFO | EPOCH_269 | [B=31, T=0, D=1] true=0.539375 pred=0.539366 diff=-0.000009 abs_err=0.000009
INFO | EPOCH_279 | RANDOM 15 masked points (true, pred, diff, abs_err):
INFO | EPOCH_279 | [B=22, T=9, D=9] true=0.619543 pred=0.653183 diff=+0.033640 abs_err=0.033640
INFO | EPOCH_279 | [B=28, T=30, D=6] true=0.870364 pred=0.857883 diff=-0.012480 abs_err=0.012480
INFO | EPOCH_279 | [B=28, T=21, D=4] true=0.496833 pred=0.516470 diff=+0.019637 abs_err=0.019637
INFO | EPOCH_279 | [B=18, T=8, D=2] true=0.345099 pred=0.355447 diff=+0.010348 abs_err=0.010348
INFO | EPOCH_279 | [B=41, T=9, D=10] true=0.496356 pred=0.468330 diff=-0.028026 abs_err=0.028026
INFO | EPOCH_279 | [B=40, T=23, D=9] true=0.802950 pred=0.823976 diff=+0.021026 abs_err=0.021026
INFO | EPOCH_279 | [B=13, T=23, D=4] true=0.524746 pred=0.512340 diff=-0.012407 abs_err=0.012407
INFO | EPOCH_279 | [B=14, T=13, D=3] true=0.596120 pred=0.626175 diff=+0.030055 abs_err=0.030055
INFO | EPOCH_279 | [B=14, T=19, D=4] true=0.541823 pred=0.539457 diff=-0.002365 abs_err=0.002365
INFO | EPOCH_279 | [B=53, T=25, D=2] true=0.311502 pred=0.301020 diff=-0.010482 abs_err=0.010482
INFO | EPOCH_279 | [B=16, T=10, D=10] true=0.557678 pred=0.551091 diff=-0.006587 abs_err=0.006587
INFO | EPOCH_279 | [B=10, T=7, D=1] true=0.687117 pred=0.642015 diff=-0.045102 abs_err=0.045102
INFO | EPOCH_279 | [B=5, T=18, D=1] true=0.621388 pred=0.604876 diff=-0.016512 abs_err=0.016512
INFO | EPOCH_279 | [B=15, T=23, D=3] true=0.611681 pred=0.615700 diff=+0.004019 abs_err=0.004019
INFO | EPOCH_279 | [B=52, T=12, D=5] true=0.324030 pred=0.314119 diff=-0.009911 abs_err=0.009911
INFO | EPOCH_279 | TOP 5 WORST masked points (largest abs_err):
INFO | EPOCH_279 | [B=47, T=28, D=9] true=0.476679 pred=0.813734 diff=+0.337056 abs_err=0.337056
INFO | EPOCH_279 | [B=47, T=24, D=6] true=0.508596 pred=0.844935 diff=+0.336339 abs_err=0.336339
INFO | EPOCH_279 | [B=0, T=28, D=9] true=0.750030 pred=0.485083 diff=-0.264947 abs_err=0.264947
INFO | EPOCH_279 | [B=45, T=4, D=0] true=0.425711 pred=0.682544 diff=+0.256833 abs_err=0.256833
INFO | EPOCH_279 | [B=6, T=22, D=9] true=0.758224 pred=0.503322 diff=-0.254901 abs_err=0.254901
INFO | EPOCH_279 | TOP 5 BEST/CORRECT masked points (smallest abs_err):
INFO | EPOCH_279 | [B=6, T=17, D=3] true=0.498311 pred=0.498309 diff=-0.000002 abs_err=0.000002
INFO | EPOCH_279 | [B=18, T=20, D=10] true=0.558525 pred=0.558523 diff=-0.000002 abs_err=0.000002
INFO | EPOCH_279 | [B=29, T=29, D=9] true=0.580988 pred=0.580991 diff=+0.000003 abs_err=0.000003
INFO | EPOCH_279 | [B=39, T=25, D=4] true=0.431460 pred=0.431465 diff=+0.000005 abs_err=0.000005
INFO | EPOCH_279 | [B=27, T=25, D=10] true=0.555595 pred=0.555590 diff=-0.000005 abs_err=0.000005
INFO | EPOCH_289 | RANDOM 15 masked points (true, pred, diff, abs_err):
INFO | EPOCH_289 | [B=49, T=18, D=2] true=0.365073 pred=0.353160 diff=-0.011913 abs_err=0.011913
INFO | EPOCH_289 | [B=36, T=8, D=1] true=0.548762 pred=0.547253 diff=-0.001508 abs_err=0.001508
INFO | EPOCH_289 | [B=49, T=2, D=3] true=0.622417 pred=0.621108 diff=-0.001309 abs_err=0.001309
INFO | EPOCH_289 | [B=33, T=11, D=4] true=0.544499 pred=0.585106 diff=+0.040607 abs_err=0.040607
INFO | EPOCH_289 | [B=16, T=16, D=11] true=0.381165 pred=0.370842 diff=-0.010323 abs_err=0.010323
INFO | EPOCH_289 | [B=27, T=27, D=1] true=0.540287 pred=0.537301 diff=-0.002986 abs_err=0.002986
INFO | EPOCH_289 | [B=40, T=19, D=11] true=0.292657 pred=0.326009 diff=+0.033352 abs_err=0.033352
INFO | EPOCH_289 | [B=57, T=10, D=5] true=0.301004 pred=0.302816 diff=+0.001812 abs_err=0.001812
INFO | EPOCH_289 | [B=39, T=4, D=11] true=0.308126 pred=0.311024 diff=+0.002899 abs_err=0.002899
INFO | EPOCH_289 | [B=47, T=22, D=1] true=0.567121 pred=0.563921 diff=-0.003200 abs_err=0.003200
INFO | EPOCH_289 | [B=3, T=3, D=9] true=0.562404 pred=0.565366 diff=+0.002962 abs_err=0.002962
INFO | EPOCH_289 | [B=31, T=1, D=10] true=0.604685 pred=0.593995 diff=-0.010690 abs_err=0.010690
INFO | EPOCH_289 | [B=47, T=9, D=0] true=0.637861 pred=0.634440 diff=-0.003422 abs_err=0.003422
INFO | EPOCH_289 | [B=8, T=29, D=2] true=0.327816 pred=0.304229 diff=-0.023587 abs_err=0.023587
INFO | EPOCH_289 | [B=3, T=12, D=6] true=0.511694 pred=0.507746 diff=-0.003948 abs_err=0.003948
INFO | EPOCH_289 | TOP 5 WORST masked points (largest abs_err):
INFO | EPOCH_289 | [B=17, T=2, D=6] true=0.312481 pred=0.721105 diff=+0.408623 abs_err=0.408623
INFO | EPOCH_289 | [B=17, T=6, D=6] true=0.311567 pred=0.713698 diff=+0.402131 abs_err=0.402131
INFO | EPOCH_289 | [B=37, T=28, D=6] true=0.994352 pred=0.694763 diff=-0.299589 abs_err=0.299589
INFO | EPOCH_289 | [B=31, T=11, D=3] true=0.473188 pred=0.727689 diff=+0.254501 abs_err=0.254501
INFO | EPOCH_289 | [B=55, T=27, D=9] true=0.457679 pred=0.693738 diff=+0.236059 abs_err=0.236059
INFO | EPOCH_289 | TOP 5 BEST/CORRECT masked points (smallest abs_err):
INFO | EPOCH_289 | [B=25, T=20, D=8] true=0.427382 pred=0.427386 diff=+0.000004 abs_err=0.000004
INFO | EPOCH_289 | [B=37, T=0, D=1] true=0.560556 pred=0.560560 diff=+0.000004 abs_err=0.000004
INFO | EPOCH_289 | [B=28, T=28, D=10] true=0.586683 pred=0.586689 diff=+0.000006 abs_err=0.000006
INFO | EPOCH_289 | [B=7, T=11, D=11] true=0.339574 pred=0.339580 diff=+0.000007 abs_err=0.000007
INFO | EPOCH_289 | [B=63, T=9, D=1] true=0.498938 pred=0.498931 diff=-0.000007 abs_err=0.000007
INFO | EPOCH_299 | RANDOM 15 masked points (true, pred, diff, abs_err):
INFO | EPOCH_299 | [B=3, T=27, D=5] true=0.392237 pred=0.365100 diff=-0.027137 abs_err=0.027137
INFO | EPOCH_299 | [B=18, T=20, D=2] true=0.362194 pred=0.341171 diff=-0.021023 abs_err=0.021023
INFO | EPOCH_299 | [B=14, T=19, D=11] true=0.396011 pred=0.382256 diff=-0.013756 abs_err=0.013756
INFO | EPOCH_299 | [B=2, T=13, D=4] true=0.460777 pred=0.430507 diff=-0.030269 abs_err=0.030269
INFO | EPOCH_299 | [B=36, T=27, D=9] true=0.441752 pred=0.478589 diff=+0.036837 abs_err=0.036837
INFO | EPOCH_299 | [B=21, T=17, D=0] true=0.536016 pred=0.526075 diff=-0.009941 abs_err=0.009941
INFO | EPOCH_299 | [B=56, T=16, D=4] true=0.427886 pred=0.444372 diff=+0.016486 abs_err=0.016486
INFO | EPOCH_299 | [B=27, T=1, D=11] true=0.393499 pred=0.388927 diff=-0.004572 abs_err=0.004572
INFO | EPOCH_299 | [B=37, T=18, D=8] true=0.294734 pred=0.338452 diff=+0.043718 abs_err=0.043718
INFO | EPOCH_299 | [B=17, T=13, D=7] true=0.635506 pred=0.582354 diff=-0.053153 abs_err=0.053153
INFO | EPOCH_299 | [B=41, T=11, D=8] true=0.328318 pred=0.327626 diff=-0.000692 abs_err=0.000692
INFO | EPOCH_299 | [B=21, T=29, D=6] true=0.704697 pred=0.701081 diff=-0.003616 abs_err=0.003616
INFO | EPOCH_299 | [B=30, T=0, D=6] true=0.839184 pred=0.862195 diff=+0.023011 abs_err=0.023011
INFO | EPOCH_299 | [B=1, T=24, D=8] true=0.374176 pred=0.318289 diff=-0.055886 abs_err=0.055886
INFO | EPOCH_299 | [B=10, T=13, D=2] true=0.348579 pred=0.339170 diff=-0.009409 abs_err=0.009409
INFO | EPOCH_299 | TOP 5 WORST masked points (largest abs_err):
INFO | EPOCH_299 | [B=46, T=10, D=6] true=0.309465 pred=0.694642 diff=+0.385176 abs_err=0.385176
INFO | EPOCH_299 | [B=46, T=13, D=6] true=0.309158 pred=0.688440 diff=+0.379282 abs_err=0.379282
INFO | EPOCH_299 | [B=26, T=5, D=9] true=0.397682 pred=0.741663 diff=+0.343981 abs_err=0.343981
INFO | EPOCH_299 | [B=10, T=5, D=9] true=0.752157 pred=0.471632 diff=-0.280525 abs_err=0.280525
INFO | EPOCH_299 | [B=17, T=16, D=6] true=0.706091 pred=0.431807 diff=-0.274284 abs_err=0.274284
INFO | EPOCH_299 | TOP 5 BEST/CORRECT masked points (smallest abs_err):
INFO | EPOCH_299 | [B=52, T=28, D=6] true=0.533940 pred=0.533941 diff=+0.000001 abs_err=0.000001
INFO | EPOCH_299 | [B=45, T=3, D=0] true=0.751915 pred=0.751918 diff=+0.000003 abs_err=0.000003
INFO | EPOCH_299 | [B=16, T=14, D=0] true=0.839296 pred=0.839300 diff=+0.000004 abs_err=0.000004
INFO | EPOCH_299 | [B=52, T=27, D=7] true=0.456632 pred=0.456625 diff=-0.000007 abs_err=0.000007
INFO | EPOCH_299 | [B=8, T=21, D=4] true=0.581909 pred=0.581892 diff=-0.000018 abs_err=0.000018
INFO | EPOCH_009 | RANDOM 15 masked points (true, pred, diff, abs_err):
INFO | EPOCH_009 | [B=8, T=8, D=3] true=0.538047 pred=0.538872 diff=+0.000825 abs_err=0.000825
INFO | EPOCH_009 | [B=30, T=28, D=10] true=0.531554 pred=0.604870 diff=+0.073316 abs_err=0.073316
INFO | EPOCH_009 | [B=22, T=16, D=3] true=0.752646 pred=0.685437 diff=-0.067209 abs_err=0.067209
INFO | EPOCH_009 | [B=46, T=16, D=8] true=0.430768 pred=0.423590 diff=-0.007179 abs_err=0.007179
INFO | EPOCH_009 | [B=35, T=9, D=2] true=0.352946 pred=0.320085 diff=-0.032862 abs_err=0.032862
INFO | EPOCH_009 | [B=61, T=16, D=4] true=0.424349 pred=0.439569 diff=+0.015220 abs_err=0.015220
INFO | EPOCH_009 | [B=13, T=25, D=8] true=0.466389 pred=0.426164 diff=-0.040225 abs_err=0.040225
INFO | EPOCH_009 | [B=7, T=9, D=10] true=0.475097 pred=0.499574 diff=+0.024477 abs_err=0.024477
INFO | EPOCH_009 | [B=24, T=24, D=7] true=0.447901 pred=0.424558 diff=-0.023343 abs_err=0.023343
INFO | EPOCH_009 | [B=17, T=23, D=7] true=0.354790 pred=0.498246 diff=+0.143456 abs_err=0.143456
INFO | EPOCH_009 | [B=18, T=20, D=10] true=0.451298 pred=0.458958 diff=+0.007661 abs_err=0.007661
INFO | EPOCH_009 | [B=20, T=14, D=3] true=0.711468 pred=0.721020 diff=+0.009552 abs_err=0.009552
INFO | EPOCH_009 | [B=14, T=10, D=5] true=0.365722 pred=0.356536 diff=-0.009186 abs_err=0.009186
INFO | EPOCH_009 | [B=15, T=16, D=11] true=0.299410 pred=0.305035 diff=+0.005625 abs_err=0.005625
INFO | EPOCH_009 | [B=7, T=13, D=2] true=0.350342 pred=0.321752 diff=-0.028591 abs_err=0.028591
INFO | EPOCH_009 | TOP 5 WORST masked points (largest abs_err):
INFO | EPOCH_009 | [B=26, T=8, D=6] true=0.498543 pred=0.876605 diff=+0.378062 abs_err=0.378062
INFO | EPOCH_009 | [B=44, T=20, D=6] true=0.319519 pred=0.651068 diff=+0.331549 abs_err=0.331549
INFO | EPOCH_009 | [B=44, T=18, D=6] true=0.321752 pred=0.651174 diff=+0.329422 abs_err=0.329422
INFO | EPOCH_009 | [B=9, T=18, D=6] true=0.737381 pred=0.426115 diff=-0.311266 abs_err=0.311266
INFO | EPOCH_009 | [B=21, T=18, D=6] true=0.852520 pred=0.542874 diff=-0.309646 abs_err=0.309646
INFO | EPOCH_009 | TOP 5 BEST/CORRECT masked points (smallest abs_err):
INFO | EPOCH_009 | [B=53, T=8, D=7] true=0.478673 pred=0.478672 diff=-0.000001 abs_err=0.000001
INFO | EPOCH_009 | [B=43, T=7, D=1] true=0.479714 pred=0.479711 diff=-0.000003 abs_err=0.000003
INFO | EPOCH_009 | [B=47, T=8, D=8] true=0.392100 pred=0.392096 diff=-0.000003 abs_err=0.000003
INFO | EPOCH_009 | [B=36, T=10, D=6] true=0.606958 pred=0.606953 diff=-0.000005 abs_err=0.000005
INFO | EPOCH_009 | [B=53, T=5, D=7] true=0.478758 pred=0.478766 diff=+0.000008 abs_err=0.000008
INFO | EPOCH_019 | RANDOM 15 masked points (true, pred, diff, abs_err):
INFO | EPOCH_019 | [B=7, T=3, D=8] true=0.392964 pred=0.372484 diff=-0.020480 abs_err=0.020480
INFO | EPOCH_019 | [B=22, T=14, D=0] true=0.588640 pred=0.570379 diff=-0.018261 abs_err=0.018261
INFO | EPOCH_019 | [B=22, T=22, D=5] true=0.368011 pred=0.349392 diff=-0.018619 abs_err=0.018619
INFO | EPOCH_019 | [B=19, T=6, D=4] true=0.444825 pred=0.479728 diff=+0.034902 abs_err=0.034902
INFO | EPOCH_019 | [B=38, T=15, D=3] true=0.580913 pred=0.606099 diff=+0.025186 abs_err=0.025186
INFO | EPOCH_019 | [B=30, T=14, D=4] true=0.572527 pred=0.558464 diff=-0.014063 abs_err=0.014063
INFO | EPOCH_019 | [B=57, T=29, D=1] true=0.486882 pred=0.509061 diff=+0.022179 abs_err=0.022179
INFO | EPOCH_019 | [B=11, T=30, D=2] true=0.272882 pred=0.296301 diff=+0.023419 abs_err=0.023419
INFO | EPOCH_019 | [B=15, T=9, D=2] true=0.326122 pred=0.312540 diff=-0.013582 abs_err=0.013582
INFO | EPOCH_019 | [B=37, T=0, D=0] true=0.584021 pred=0.539362 diff=-0.044659 abs_err=0.044659
INFO | EPOCH_019 | [B=1, T=15, D=0] true=0.806514 pred=0.782558 diff=-0.023955 abs_err=0.023955
INFO | EPOCH_019 | [B=36, T=22, D=10] true=0.462995 pred=0.467512 diff=+0.004518 abs_err=0.004518
INFO | EPOCH_019 | [B=41, T=18, D=11] true=0.311306 pred=0.305074 diff=-0.006232 abs_err=0.006232
INFO | EPOCH_019 | [B=5, T=12, D=3] true=0.516490 pred=0.490111 diff=-0.026379 abs_err=0.026379
INFO | EPOCH_019 | [B=14, T=6, D=1] true=0.495476 pred=0.506696 diff=+0.011220 abs_err=0.011220
INFO | EPOCH_019 | TOP 5 WORST masked points (largest abs_err):
INFO | EPOCH_019 | [B=47, T=24, D=6] true=0.508596 pred=0.855288 diff=+0.346692 abs_err=0.346692
INFO | EPOCH_019 | [B=14, T=11, D=6] true=0.320333 pred=0.650381 diff=+0.330048 abs_err=0.330048
INFO | EPOCH_019 | [B=14, T=5, D=6] true=0.323984 pred=0.650604 diff=+0.326620 abs_err=0.326620
INFO | EPOCH_019 | [B=53, T=1, D=10] true=0.694069 pred=0.377335 diff=-0.316734 abs_err=0.316734
INFO | EPOCH_019 | [B=47, T=22, D=9] true=0.938414 pred=0.629317 diff=-0.309097 abs_err=0.309097
INFO | EPOCH_019 | TOP 5 BEST/CORRECT masked points (smallest abs_err):
INFO | EPOCH_019 | [B=22, T=21, D=1] true=0.464721 pred=0.464714 diff=-0.000007 abs_err=0.000007
INFO | EPOCH_019 | [B=45, T=1, D=2] true=0.308724 pred=0.308731 diff=+0.000007 abs_err=0.000007
INFO | EPOCH_019 | [B=4, T=18, D=5] true=0.302094 pred=0.302081 diff=-0.000014 abs_err=0.000014
INFO | EPOCH_019 | [B=24, T=20, D=10] true=0.587663 pred=0.587679 diff=+0.000017 abs_err=0.000017
INFO | EPOCH_019 | [B=47, T=2, D=0] true=0.520310 pred=0.520291 diff=-0.000018 abs_err=0.000018
INFO | EPOCH_029 | RANDOM 15 masked points (true, pred, diff, abs_err):
INFO | EPOCH_029 | [B=63, T=21, D=0] true=0.632615 pred=0.631939 diff=-0.000676 abs_err=0.000676
INFO | EPOCH_029 | [B=28, T=1, D=0] true=0.692570 pred=0.664234 diff=-0.028336 abs_err=0.028336
INFO | EPOCH_029 | [B=9, T=3, D=11] true=0.354657 pred=0.337457 diff=-0.017200 abs_err=0.017200
INFO | EPOCH_029 | [B=47, T=21, D=5] true=0.383715 pred=0.338877 diff=-0.044838 abs_err=0.044838
INFO | EPOCH_029 | [B=33, T=32, D=4] true=0.436331 pred=0.421686 diff=-0.014645 abs_err=0.014645
INFO | EPOCH_029 | [B=62, T=11, D=0] true=0.643861 pred=0.655999 diff=+0.012138 abs_err=0.012138
INFO | EPOCH_029 | [B=47, T=17, D=6] true=0.821219 pred=0.813312 diff=-0.007907 abs_err=0.007907
INFO | EPOCH_029 | [B=12, T=24, D=1] true=0.539734 pred=0.512732 diff=-0.027003 abs_err=0.027003
INFO | EPOCH_029 | [B=34, T=28, D=3] true=0.642067 pred=0.597729 diff=-0.044338 abs_err=0.044338
INFO | EPOCH_029 | [B=22, T=32, D=1] true=0.468934 pred=0.467392 diff=-0.001542 abs_err=0.001542
INFO | EPOCH_029 | [B=47, T=13, D=10] true=0.595113 pred=0.548228 diff=-0.046886 abs_err=0.046886
INFO | EPOCH_029 | [B=31, T=6, D=11] true=0.375218 pred=0.343633 diff=-0.031585 abs_err=0.031585
INFO | EPOCH_029 | [B=35, T=22, D=0] true=0.654953 pred=0.664257 diff=+0.009304 abs_err=0.009304
INFO | EPOCH_029 | [B=4, T=24, D=6] true=0.625213 pred=0.608555 diff=-0.016658 abs_err=0.016658
INFO | EPOCH_029 | [B=10, T=15, D=0] true=0.704706 pred=0.675195 diff=-0.029511 abs_err=0.029511
INFO | EPOCH_029 | TOP 5 WORST masked points (largest abs_err):
INFO | EPOCH_029 | [B=55, T=27, D=9] true=0.457679 pred=0.753343 diff=+0.295664 abs_err=0.295664
INFO | EPOCH_029 | [B=6, T=22, D=9] true=0.758224 pred=0.475941 diff=-0.282283 abs_err=0.282283
INFO | EPOCH_029 | [B=6, T=29, D=9] true=0.755642 pred=0.475674 diff=-0.279967 abs_err=0.279967
INFO | EPOCH_029 | [B=0, T=28, D=9] true=0.750030 pred=0.485823 diff=-0.264207 abs_err=0.264207
INFO | EPOCH_029 | [B=8, T=0, D=9] true=0.752928 pred=0.497000 diff=-0.255928 abs_err=0.255928
INFO | EPOCH_029 | TOP 5 BEST/CORRECT masked points (smallest abs_err):
INFO | EPOCH_029 | [B=32, T=7, D=3] true=0.651822 pred=0.651822 diff=-0.000001 abs_err=0.000001
INFO | EPOCH_029 | [B=41, T=26, D=4] true=0.432157 pred=0.432158 diff=+0.000001 abs_err=0.000001
INFO | EPOCH_029 | [B=29, T=12, D=11] true=0.361447 pred=0.361445 diff=-0.000003 abs_err=0.000003
INFO | EPOCH_029 | [B=0, T=6, D=6] true=0.432192 pred=0.432198 diff=+0.000006 abs_err=0.000006
INFO | EPOCH_029 | [B=29, T=5, D=5] true=0.336471 pred=0.336461 diff=-0.000010 abs_err=0.000010
INFO | EPOCH_039 | RANDOM 15 masked points (true, pred, diff, abs_err):
INFO | EPOCH_039 | [B=54, T=12, D=1] true=0.456087 pred=0.456891 diff=+0.000803 abs_err=0.000803
INFO | EPOCH_039 | [B=11, T=27, D=4] true=0.547487 pred=0.499484 diff=-0.048003 abs_err=0.048003
INFO | EPOCH_039 | [B=28, T=2, D=2] true=0.325591 pred=0.299715 diff=-0.025876 abs_err=0.025876
INFO | EPOCH_039 | [B=48, T=16, D=6] true=0.693217 pred=0.661224 diff=-0.031992 abs_err=0.031992
INFO | EPOCH_039 | [B=53, T=28, D=4] true=0.433888 pred=0.455344 diff=+0.021457 abs_err=0.021457
INFO | EPOCH_039 | [B=59, T=16, D=0] true=0.764671 pred=0.767218 diff=+0.002548 abs_err=0.002548
INFO | EPOCH_039 | [B=50, T=14, D=8] true=0.435327 pred=0.406309 diff=-0.029018 abs_err=0.029018
INFO | EPOCH_039 | [B=14, T=12, D=4] true=0.553156 pred=0.487733 diff=-0.065423 abs_err=0.065423
INFO | EPOCH_039 | [B=27, T=18, D=6] true=0.652996 pred=0.641053 diff=-0.011943 abs_err=0.011943
INFO | EPOCH_039 | [B=9, T=27, D=2] true=0.360912 pred=0.348828 diff=-0.012083 abs_err=0.012083
INFO | EPOCH_039 | [B=43, T=17, D=5] true=0.350881 pred=0.349651 diff=-0.001230 abs_err=0.001230
INFO | EPOCH_039 | [B=10, T=19, D=3] true=0.582467 pred=0.567851 diff=-0.014616 abs_err=0.014616
INFO | EPOCH_039 | [B=32, T=6, D=6] true=0.835824 pred=0.871858 diff=+0.036033 abs_err=0.036033
INFO | EPOCH_039 | [B=30, T=26, D=1] true=0.474344 pred=0.467303 diff=-0.007041 abs_err=0.007041
INFO | EPOCH_039 | [B=53, T=12, D=6] true=0.879179 pred=0.880641 diff=+0.001462 abs_err=0.001462
INFO | EPOCH_039 | TOP 5 WORST masked points (largest abs_err):
INFO | EPOCH_039 | [B=17, T=6, D=6] true=0.311567 pred=0.794623 diff=+0.483056 abs_err=0.483056
INFO | EPOCH_039 | [B=17, T=2, D=6] true=0.312481 pred=0.794801 diff=+0.482319 abs_err=0.482319
INFO | EPOCH_039 | [B=46, T=13, D=6] true=0.309158 pred=0.698963 diff=+0.389805 abs_err=0.389805
INFO | EPOCH_039 | [B=46, T=10, D=6] true=0.309465 pred=0.699198 diff=+0.389733 abs_err=0.389733
INFO | EPOCH_039 | [B=37, T=28, D=6] true=0.994352 pred=0.679245 diff=-0.315107 abs_err=0.315107
INFO | EPOCH_039 | TOP 5 BEST/CORRECT masked points (smallest abs_err):
INFO | EPOCH_039 | [B=22, T=13, D=1] true=0.525528 pred=0.525526 diff=-0.000002 abs_err=0.000002
INFO | EPOCH_039 | [B=59, T=20, D=1] true=0.452587 pred=0.452582 diff=-0.000004 abs_err=0.000004
INFO | EPOCH_039 | [B=34, T=24, D=2] true=0.307033 pred=0.307045 diff=+0.000012 abs_err=0.000012
INFO | EPOCH_039 | [B=6, T=18, D=9] true=0.483302 pred=0.483316 diff=+0.000014 abs_err=0.000014
INFO | EPOCH_039 | [B=2, T=3, D=2] true=0.344623 pred=0.344641 diff=+0.000018 abs_err=0.000018
INFO | EPOCH_049 | RANDOM 15 masked points (true, pred, diff, abs_err):
INFO | EPOCH_049 | [B=34, T=13, D=10] true=0.664074 pred=0.597054 diff=-0.067020 abs_err=0.067020
INFO | EPOCH_049 | [B=51, T=12, D=1] true=0.637134 pred=0.607199 diff=-0.029935 abs_err=0.029935
INFO | EPOCH_049 | [B=32, T=25, D=9] true=0.471132 pred=0.496770 diff=+0.025638 abs_err=0.025638
INFO | EPOCH_049 | [B=38, T=5, D=7] true=0.594156 pred=0.567563 diff=-0.026593 abs_err=0.026593
INFO | EPOCH_049 | [B=15, T=6, D=3] true=0.811253 pred=0.784701 diff=-0.026552 abs_err=0.026552
INFO | EPOCH_049 | [B=58, T=21, D=8] true=0.338185 pred=0.323313 diff=-0.014872 abs_err=0.014872
INFO | EPOCH_049 | [B=62, T=24, D=7] true=0.426315 pred=0.456906 diff=+0.030591 abs_err=0.030591
INFO | EPOCH_049 | [B=47, T=20, D=2] true=0.362684 pred=0.323482 diff=-0.039203 abs_err=0.039203
INFO | EPOCH_049 | [B=8, T=18, D=7] true=0.448471 pred=0.455345 diff=+0.006874 abs_err=0.006874
INFO | EPOCH_049 | [B=20, T=13, D=8] true=0.387963 pred=0.409917 diff=+0.021955 abs_err=0.021955
INFO | EPOCH_049 | [B=58, T=18, D=5] true=0.339306 pred=0.334216 diff=-0.005090 abs_err=0.005090
INFO | EPOCH_049 | [B=60, T=2, D=10] true=0.375940 pred=0.474911 diff=+0.098971 abs_err=0.098971
INFO | EPOCH_049 | [B=52, T=4, D=5] true=0.371503 pred=0.312956 diff=-0.058548 abs_err=0.058548
INFO | EPOCH_049 | [B=56, T=20, D=8] true=0.318328 pred=0.360039 diff=+0.041711 abs_err=0.041711
INFO | EPOCH_049 | [B=59, T=26, D=10] true=0.459877 pred=0.451741 diff=-0.008136 abs_err=0.008136
INFO | EPOCH_049 | TOP 5 WORST masked points (largest abs_err):
INFO | EPOCH_049 | [B=26, T=5, D=9] true=0.397682 pred=0.719655 diff=+0.321973 abs_err=0.321973
INFO | EPOCH_049 | [B=53, T=23, D=9] true=0.760412 pred=0.481261 diff=-0.279151 abs_err=0.279151
INFO | EPOCH_049 | [B=51, T=26, D=0] true=0.752228 pred=0.473496 diff=-0.278732 abs_err=0.278732
INFO | EPOCH_049 | [B=53, T=25, D=9] true=0.759572 pred=0.481207 diff=-0.278365 abs_err=0.278365
INFO | EPOCH_049 | [B=49, T=14, D=11] true=0.563015 pred=0.287695 diff=-0.275320 abs_err=0.275320
INFO | EPOCH_049 | TOP 5 BEST/CORRECT masked points (smallest abs_err):
INFO | EPOCH_049 | [B=35, T=20, D=2] true=0.309557 pred=0.309557 diff=-0.000000 abs_err=0.000000
INFO | EPOCH_049 | [B=26, T=8, D=10] true=0.558266 pred=0.558254 diff=-0.000012 abs_err=0.000012
INFO | EPOCH_049 | [B=47, T=17, D=3] true=0.647365 pred=0.647378 diff=+0.000012 abs_err=0.000012
INFO | EPOCH_049 | [B=31, T=5, D=4] true=0.510074 pred=0.510096 diff=+0.000022 abs_err=0.000022
INFO | EPOCH_049 | [B=55, T=7, D=1] true=0.485603 pred=0.485581 diff=-0.000022 abs_err=0.000022
INFO | EPOCH_059 | RANDOM 15 masked points (true, pred, diff, abs_err):
INFO | EPOCH_059 | [B=56, T=23, D=2] true=0.329947 pred=0.325310 diff=-0.004637 abs_err=0.004637
INFO | EPOCH_059 | [B=0, T=12, D=4] true=0.407923 pred=0.404836 diff=-0.003087 abs_err=0.003087
INFO | EPOCH_059 | [B=40, T=25, D=1] true=0.562920 pred=0.506130 diff=-0.056789 abs_err=0.056789
INFO | EPOCH_059 | [B=26, T=27, D=10] true=0.533296 pred=0.491919 diff=-0.041377 abs_err=0.041377
INFO | EPOCH_059 | [B=35, T=22, D=4] true=0.562856 pred=0.577217 diff=+0.014361 abs_err=0.014361
INFO | EPOCH_059 | [B=24, T=0, D=11] true=0.402899 pred=0.380570 diff=-0.022329 abs_err=0.022329
INFO | EPOCH_059 | [B=10, T=2, D=10] true=0.453564 pred=0.439310 diff=-0.014254 abs_err=0.014254
INFO | EPOCH_059 | [B=19, T=14, D=11] true=0.448642 pred=0.381860 diff=-0.066782 abs_err=0.066782
INFO | EPOCH_059 | [B=63, T=13, D=2] true=0.370219 pred=0.350505 diff=-0.019714 abs_err=0.019714
INFO | EPOCH_059 | [B=9, T=15, D=8] true=0.273153 pred=0.320693 diff=+0.047541 abs_err=0.047541
INFO | EPOCH_059 | [B=40, T=24, D=3] true=0.728410 pred=0.721585 diff=-0.006824 abs_err=0.006824
INFO | EPOCH_059 | [B=34, T=10, D=2] true=0.334005 pred=0.333314 diff=-0.000691 abs_err=0.000691
INFO | EPOCH_059 | [B=23, T=6, D=4] true=0.500736 pred=0.456577 diff=-0.044159 abs_err=0.044159
INFO | EPOCH_059 | [B=23, T=16, D=2] true=0.348879 pred=0.330822 diff=-0.018056 abs_err=0.018056
INFO | EPOCH_059 | [B=42, T=3, D=5] true=0.346769 pred=0.337014 diff=-0.009755 abs_err=0.009755
INFO | EPOCH_059 | TOP 5 WORST masked points (largest abs_err):
INFO | EPOCH_059 | [B=51, T=24, D=6] true=0.759273 pred=0.471240 diff=-0.288033 abs_err=0.288033
INFO | EPOCH_059 | [B=35, T=20, D=3] true=0.370831 pred=0.654861 diff=+0.284030 abs_err=0.284030
INFO | EPOCH_059 | [B=36, T=17, D=9] true=0.751326 pred=0.495894 diff=-0.255432 abs_err=0.255432
INFO | EPOCH_059 | [B=46, T=14, D=2] true=0.574291 pred=0.321676 diff=-0.252615 abs_err=0.252615
INFO | EPOCH_059 | [B=36, T=28, D=9] true=0.747361 pred=0.495575 diff=-0.251787 abs_err=0.251787
INFO | EPOCH_059 | TOP 5 BEST/CORRECT masked points (smallest abs_err):
INFO | EPOCH_059 | [B=29, T=27, D=5] true=0.321506 pred=0.321505 diff=-0.000001 abs_err=0.000001
INFO | EPOCH_059 | [B=57, T=31, D=5] true=0.351345 pred=0.351342 diff=-0.000003 abs_err=0.000003
INFO | EPOCH_059 | [B=43, T=17, D=6] true=0.450396 pred=0.450391 diff=-0.000006 abs_err=0.000006
INFO | EPOCH_059 | [B=35, T=10, D=9] true=0.497513 pred=0.497507 diff=-0.000006 abs_err=0.000006
INFO | EPOCH_059 | [B=6, T=22, D=1] true=0.459195 pred=0.459182 diff=-0.000014 abs_err=0.000014
INFO | EPOCH_069 | RANDOM 15 masked points (true, pred, diff, abs_err):
INFO | EPOCH_069 | [B=15, T=26, D=2] true=0.337500 pred=0.285787 diff=-0.051713 abs_err=0.051713
INFO | EPOCH_069 | [B=45, T=19, D=0] true=0.357235 pred=0.385820 diff=+0.028585 abs_err=0.028585
INFO | EPOCH_069 | [B=53, T=17, D=11] true=0.374990 pred=0.362836 diff=-0.012154 abs_err=0.012154
INFO | EPOCH_069 | [B=5, T=9, D=10] true=0.470701 pred=0.468108 diff=-0.002593 abs_err=0.002593
INFO | EPOCH_069 | [B=44, T=6, D=10] true=0.574287 pred=0.578549 diff=+0.004262 abs_err=0.004262
INFO | EPOCH_069 | [B=34, T=13, D=2] true=0.282885 pred=0.288488 diff=+0.005604 abs_err=0.005604
INFO | EPOCH_069 | [B=57, T=1, D=0] true=0.655875 pred=0.639832 diff=-0.016043 abs_err=0.016043
INFO | EPOCH_069 | [B=31, T=1, D=2] true=0.308496 pred=0.327394 diff=+0.018898 abs_err=0.018898
INFO | EPOCH_069 | [B=45, T=24, D=8] true=0.405005 pred=0.411578 diff=+0.006572 abs_err=0.006572
INFO | EPOCH_069 | [B=44, T=25, D=9] true=0.434099 pred=0.460871 diff=+0.026773 abs_err=0.026773
INFO | EPOCH_069 | [B=28, T=4, D=1] true=0.519762 pred=0.509065 diff=-0.010697 abs_err=0.010697
INFO | EPOCH_069 | [B=37, T=12, D=0] true=0.670174 pred=0.621661 diff=-0.048513 abs_err=0.048513
INFO | EPOCH_069 | [B=6, T=25, D=6] true=0.655188 pred=0.626211 diff=-0.028978 abs_err=0.028978
INFO | EPOCH_069 | [B=48, T=29, D=2] true=0.338945 pred=0.353499 diff=+0.014555 abs_err=0.014555
INFO | EPOCH_069 | [B=20, T=29, D=11] true=0.364125 pred=0.354657 diff=-0.009469 abs_err=0.009469
INFO | EPOCH_069 | TOP 5 WORST masked points (largest abs_err):
INFO | EPOCH_069 | [B=7, T=3, D=0] true=0.919247 pred=0.594967 diff=-0.324279 abs_err=0.324279
INFO | EPOCH_069 | [B=7, T=3, D=2] true=0.592120 pred=0.301313 diff=-0.290807 abs_err=0.290807
INFO | EPOCH_069 | [B=58, T=19, D=6] true=0.740458 pred=0.467174 diff=-0.273283 abs_err=0.273283
INFO | EPOCH_069 | [B=60, T=21, D=6] true=0.464913 pred=0.727999 diff=+0.263086 abs_err=0.263086
INFO | EPOCH_069 | [B=60, T=8, D=6] true=0.465857 pred=0.728867 diff=+0.263010 abs_err=0.263010
INFO | EPOCH_069 | TOP 5 BEST/CORRECT masked points (smallest abs_err):
INFO | EPOCH_069 | [B=22, T=4, D=10] true=0.459222 pred=0.459222 diff=+0.000000 abs_err=0.000000
INFO | EPOCH_069 | [B=52, T=0, D=0] true=0.510628 pred=0.510630 diff=+0.000002 abs_err=0.000002
INFO | EPOCH_069 | [B=18, T=17, D=3] true=0.776157 pred=0.776150 diff=-0.000007 abs_err=0.000007
INFO | EPOCH_069 | [B=5, T=1, D=1] true=0.460124 pred=0.460116 diff=-0.000008 abs_err=0.000008
INFO | EPOCH_069 | [B=57, T=10, D=0] true=0.515908 pred=0.515897 diff=-0.000011 abs_err=0.000011
INFO | EPOCH_079 | RANDOM 15 masked points (true, pred, diff, abs_err):
INFO | EPOCH_079 | [B=60, T=12, D=10] true=0.482657 pred=0.467532 diff=-0.015125 abs_err=0.015125
INFO | EPOCH_079 | [B=13, T=4, D=11] true=0.334047 pred=0.369329 diff=+0.035282 abs_err=0.035282
INFO | EPOCH_079 | [B=27, T=5, D=5] true=0.332331 pred=0.323736 diff=-0.008596 abs_err=0.008596
INFO | EPOCH_079 | [B=53, T=14, D=4] true=0.508853 pred=0.516914 diff=+0.008061 abs_err=0.008061
INFO | EPOCH_079 | [B=35, T=12, D=11] true=0.452941 pred=0.433848 diff=-0.019093 abs_err=0.019093
INFO | EPOCH_079 | [B=33, T=20, D=6] true=0.640738 pred=0.625054 diff=-0.015684 abs_err=0.015684
INFO | EPOCH_079 | [B=49, T=3, D=7] true=0.586468 pred=0.567147 diff=-0.019321 abs_err=0.019321
INFO | EPOCH_079 | [B=32, T=11, D=0] true=0.716332 pred=0.698789 diff=-0.017544 abs_err=0.017544
INFO | EPOCH_079 | [B=2, T=26, D=10] true=0.450066 pred=0.423535 diff=-0.026531 abs_err=0.026531
INFO | EPOCH_079 | [B=60, T=25, D=4] true=0.474380 pred=0.466275 diff=-0.008105 abs_err=0.008105
INFO | EPOCH_079 | [B=49, T=20, D=0] true=0.758899 pred=0.735476 diff=-0.023423 abs_err=0.023423
INFO | EPOCH_079 | [B=32, T=1, D=11] true=0.423305 pred=0.411692 diff=-0.011613 abs_err=0.011613
INFO | EPOCH_079 | [B=17, T=24, D=3] true=0.601361 pred=0.611102 diff=+0.009741 abs_err=0.009741
INFO | EPOCH_079 | [B=18, T=19, D=6] true=0.484162 pred=0.550182 diff=+0.066020 abs_err=0.066020
INFO | EPOCH_079 | [B=57, T=13, D=0] true=0.751015 pred=0.727262 diff=-0.023753 abs_err=0.023753
INFO | EPOCH_079 | TOP 5 WORST masked points (largest abs_err):
INFO | EPOCH_079 | [B=25, T=9, D=9] true=0.784880 pred=0.522628 diff=-0.262252 abs_err=0.262252
INFO | EPOCH_079 | [B=49, T=15, D=11] true=0.556481 pred=0.323433 diff=-0.233048 abs_err=0.233048
INFO | EPOCH_079 | [B=49, T=19, D=11] true=0.552929 pred=0.323134 diff=-0.229795 abs_err=0.229795
INFO | EPOCH_079 | [B=49, T=9, D=11] true=0.551291 pred=0.323815 diff=-0.227476 abs_err=0.227476
INFO | EPOCH_079 | [B=41, T=26, D=9] true=0.727412 pred=0.511325 diff=-0.216087 abs_err=0.216087
INFO | EPOCH_079 | TOP 5 BEST/CORRECT masked points (smallest abs_err):
INFO | EPOCH_079 | [B=55, T=5, D=11] true=0.388088 pred=0.388089 diff=+0.000001 abs_err=0.000001
INFO | EPOCH_079 | [B=14, T=2, D=8] true=0.389963 pred=0.389965 diff=+0.000002 abs_err=0.000002
INFO | EPOCH_079 | [B=58, T=6, D=5] true=0.333541 pred=0.333535 diff=-0.000007 abs_err=0.000007
INFO | EPOCH_079 | [B=8, T=20, D=4] true=0.445607 pred=0.445600 diff=-0.000007 abs_err=0.000007
INFO | EPOCH_079 | [B=37, T=2, D=2] true=0.358073 pred=0.358083 diff=+0.000010 abs_err=0.000010
INFO | EPOCH_089 | RANDOM 15 masked points (true, pred, diff, abs_err):
INFO | EPOCH_089 | [B=20, T=16, D=9] true=0.623477 pred=0.576548 diff=-0.046929 abs_err=0.046929
INFO | EPOCH_089 | [B=11, T=12, D=11] true=0.367576 pred=0.365407 diff=-0.002169 abs_err=0.002169
INFO | EPOCH_089 | [B=13, T=10, D=9] true=0.522524 pred=0.523641 diff=+0.001117 abs_err=0.001117
INFO | EPOCH_089 | [B=9, T=11, D=8] true=0.392824 pred=0.385431 diff=-0.007393 abs_err=0.007393
INFO | EPOCH_089 | [B=17, T=20, D=3] true=0.500880 pred=0.519307 diff=+0.018427 abs_err=0.018427
INFO | EPOCH_089 | [B=55, T=0, D=2] true=0.352199 pred=0.338872 diff=-0.013327 abs_err=0.013327
INFO | EPOCH_089 | [B=9, T=15, D=11] true=0.340129 pred=0.335683 diff=-0.004445 abs_err=0.004445
INFO | EPOCH_089 | [B=30, T=23, D=6] true=0.489616 pred=0.453581 diff=-0.036035 abs_err=0.036035
INFO | EPOCH_089 | [B=62, T=27, D=11] true=0.356797 pred=0.354283 diff=-0.002514 abs_err=0.002514
INFO | EPOCH_089 | [B=24, T=26, D=8] true=0.446666 pred=0.411131 diff=-0.035536 abs_err=0.035536
INFO | EPOCH_089 | [B=35, T=25, D=4] true=0.505387 pred=0.492978 diff=-0.012409 abs_err=0.012409
INFO | EPOCH_089 | [B=16, T=2, D=0] true=0.514277 pred=0.523966 diff=+0.009689 abs_err=0.009689
INFO | EPOCH_089 | [B=15, T=13, D=10] true=0.445458 pred=0.470673 diff=+0.025215 abs_err=0.025215
INFO | EPOCH_089 | [B=24, T=3, D=1] true=0.530020 pred=0.514994 diff=-0.015026 abs_err=0.015026
INFO | EPOCH_089 | [B=15, T=23, D=5] true=0.307108 pred=0.308717 diff=+0.001609 abs_err=0.001609
INFO | EPOCH_089 | TOP 5 WORST masked points (largest abs_err):
INFO | EPOCH_089 | [B=44, T=20, D=6] true=0.319519 pred=0.629875 diff=+0.310356 abs_err=0.310356
INFO | EPOCH_089 | [B=44, T=18, D=6] true=0.321752 pred=0.630095 diff=+0.308343 abs_err=0.308343
INFO | EPOCH_089 | [B=28, T=19, D=11] true=0.067170 pred=0.374777 diff=+0.307608 abs_err=0.307608
INFO | EPOCH_089 | [B=9, T=18, D=6] true=0.737381 pred=0.438432 diff=-0.298949 abs_err=0.298949
INFO | EPOCH_089 | [B=39, T=11, D=6] true=0.532114 pred=0.827566 diff=+0.295452 abs_err=0.295452
INFO | EPOCH_089 | TOP 5 BEST/CORRECT masked points (smallest abs_err):
INFO | EPOCH_089 | [B=33, T=24, D=2] true=0.354182 pred=0.354184 diff=+0.000002 abs_err=0.000002
INFO | EPOCH_089 | [B=20, T=28, D=10] true=0.477646 pred=0.477641 diff=-0.000005 abs_err=0.000005
INFO | EPOCH_089 | [B=8, T=31, D=5] true=0.333557 pred=0.333550 diff=-0.000008 abs_err=0.000008
INFO | EPOCH_089 | [B=55, T=16, D=10] true=0.591527 pred=0.591535 diff=+0.000008 abs_err=0.000008
INFO | EPOCH_089 | [B=52, T=0, D=4] true=0.584207 pred=0.584221 diff=+0.000013 abs_err=0.000013
INFO | EPOCH_099 | RANDOM 15 masked points (true, pred, diff, abs_err):
INFO | EPOCH_099 | [B=37, T=15, D=9] true=0.602396 pred=0.591007 diff=-0.011389 abs_err=0.011389
INFO | EPOCH_099 | [B=45, T=12, D=7] true=0.475226 pred=0.474338 diff=-0.000888 abs_err=0.000888
INFO | EPOCH_099 | [B=13, T=1, D=10] true=0.539808 pred=0.523111 diff=-0.016697 abs_err=0.016697
INFO | EPOCH_099 | [B=61, T=15, D=7] true=0.472923 pred=0.472324 diff=-0.000599 abs_err=0.000599
INFO | EPOCH_099 | [B=48, T=4, D=1] true=0.475594 pred=0.488883 diff=+0.013290 abs_err=0.013290
INFO | EPOCH_099 | [B=32, T=19, D=7] true=0.504522 pred=0.510570 diff=+0.006048 abs_err=0.006048
INFO | EPOCH_099 | [B=12, T=8, D=3] true=0.724751 pred=0.713574 diff=-0.011177 abs_err=0.011177
INFO | EPOCH_099 | [B=23, T=22, D=4] true=0.586917 pred=0.571239 diff=-0.015678 abs_err=0.015678
INFO | EPOCH_099 | [B=34, T=6, D=0] true=0.562256 pred=0.566388 diff=+0.004133 abs_err=0.004133
INFO | EPOCH_099 | [B=5, T=5, D=2] true=0.341412 pred=0.317303 diff=-0.024109 abs_err=0.024109
INFO | EPOCH_099 | [B=61, T=13, D=3] true=0.787803 pred=0.775672 diff=-0.012131 abs_err=0.012131
INFO | EPOCH_099 | [B=42, T=12, D=0] true=0.526354 pred=0.542444 diff=+0.016090 abs_err=0.016090
INFO | EPOCH_099 | [B=30, T=25, D=2] true=0.311662 pred=0.340451 diff=+0.028789 abs_err=0.028789
INFO | EPOCH_099 | [B=53, T=16, D=5] true=0.419161 pred=0.374508 diff=-0.044653 abs_err=0.044653
INFO | EPOCH_099 | [B=50, T=1, D=10] true=0.455021 pred=0.565288 diff=+0.110267 abs_err=0.110267
INFO | EPOCH_099 | TOP 5 WORST masked points (largest abs_err):
INFO | EPOCH_099 | [B=26, T=8, D=6] true=0.498543 pred=0.850153 diff=+0.351610 abs_err=0.351610
INFO | EPOCH_099 | [B=14, T=11, D=6] true=0.320333 pred=0.641888 diff=+0.321555 abs_err=0.321555
INFO | EPOCH_099 | [B=14, T=5, D=6] true=0.323984 pred=0.642299 diff=+0.318315 abs_err=0.318315
INFO | EPOCH_099 | [B=47, T=22, D=9] true=0.938414 pred=0.623893 diff=-0.314520 abs_err=0.314520
INFO | EPOCH_099 | [B=53, T=1, D=11] true=0.165065 pred=0.460840 diff=+0.295775 abs_err=0.295775
INFO | EPOCH_099 | TOP 5 BEST/CORRECT masked points (smallest abs_err):
INFO | EPOCH_099 | [B=4, T=12, D=1] true=0.465495 pred=0.465498 diff=+0.000003 abs_err=0.000003
INFO | EPOCH_099 | [B=34, T=12, D=5] true=0.316555 pred=0.316559 diff=+0.000004 abs_err=0.000004
INFO | EPOCH_099 | [B=27, T=2, D=4] true=0.548479 pred=0.548474 diff=-0.000005 abs_err=0.000005
INFO | EPOCH_099 | [B=61, T=3, D=4] true=0.423371 pred=0.423382 diff=+0.000010 abs_err=0.000010
INFO | EPOCH_099 | [B=62, T=31, D=4] true=0.428477 pred=0.428465 diff=-0.000012 abs_err=0.000012
INFO | EPOCH_109 | RANDOM 15 masked points (true, pred, diff, abs_err):
INFO | EPOCH_109 | [B=3, T=23, D=9] true=0.490341 pred=0.537967 diff=+0.047626 abs_err=0.047626
INFO | EPOCH_109 | [B=41, T=30, D=3] true=0.659846 pred=0.658273 diff=-0.001572 abs_err=0.001572
INFO | EPOCH_109 | [B=37, T=27, D=2] true=0.377129 pred=0.355326 diff=-0.021803 abs_err=0.021803
INFO | EPOCH_109 | [B=41, T=10, D=3] true=0.662578 pred=0.659761 diff=-0.002818 abs_err=0.002818
INFO | EPOCH_109 | [B=26, T=4, D=7] true=0.599092 pred=0.568901 diff=-0.030191 abs_err=0.030191
INFO | EPOCH_109 | [B=0, T=18, D=4] true=0.512634 pred=0.508219 diff=-0.004415 abs_err=0.004415
INFO | EPOCH_109 | [B=55, T=23, D=11] true=0.381599 pred=0.382765 diff=+0.001166 abs_err=0.001166
INFO | EPOCH_109 | [B=29, T=10, D=0] true=0.643869 pred=0.659525 diff=+0.015656 abs_err=0.015656
INFO | EPOCH_109 | [B=11, T=10, D=11] true=0.465111 pred=0.375598 diff=-0.089513 abs_err=0.089513
INFO | EPOCH_109 | [B=49, T=11, D=4] true=0.584617 pred=0.524233 diff=-0.060384 abs_err=0.060384
INFO | EPOCH_109 | [B=17, T=26, D=5] true=0.343047 pred=0.326110 diff=-0.016937 abs_err=0.016937
INFO | EPOCH_109 | [B=29, T=25, D=7] true=0.453531 pred=0.457485 diff=+0.003954 abs_err=0.003954
INFO | EPOCH_109 | [B=16, T=16, D=1] true=0.489686 pred=0.565609 diff=+0.075923 abs_err=0.075923
INFO | EPOCH_109 | [B=38, T=3, D=3] true=0.707960 pred=0.696432 diff=-0.011528 abs_err=0.011528
INFO | EPOCH_109 | [B=54, T=32, D=1] true=0.484981 pred=0.506163 diff=+0.021182 abs_err=0.021182
INFO | EPOCH_109 | TOP 5 WORST masked points (largest abs_err):
INFO | EPOCH_109 | [B=47, T=24, D=6] true=0.508596 pred=0.857706 diff=+0.349110 abs_err=0.349110
INFO | EPOCH_109 | [B=47, T=28, D=9] true=0.476679 pred=0.772274 diff=+0.295595 abs_err=0.295595
INFO | EPOCH_109 | [B=7, T=7, D=0] true=0.760210 pred=0.476485 diff=-0.283725 abs_err=0.283725
INFO | EPOCH_109 | [B=60, T=7, D=9] true=0.774074 pred=0.512812 diff=-0.261262 abs_err=0.261262
INFO | EPOCH_109 | [B=0, T=28, D=9] true=0.750030 pred=0.490886 diff=-0.259144 abs_err=0.259144
INFO | EPOCH_109 | TOP 5 BEST/CORRECT masked points (smallest abs_err):
INFO | EPOCH_109 | [B=35, T=6, D=1] true=0.449442 pred=0.449443 diff=+0.000000 abs_err=0.000000
INFO | EPOCH_109 | [B=56, T=4, D=4] true=0.457270 pred=0.457273 diff=+0.000003 abs_err=0.000003
INFO | EPOCH_109 | [B=24, T=6, D=5] true=0.321044 pred=0.321038 diff=-0.000006 abs_err=0.000006
INFO | EPOCH_109 | [B=23, T=15, D=7] true=0.604099 pred=0.604088 diff=-0.000011 abs_err=0.000011
INFO | EPOCH_109 | [B=8, T=15, D=4] true=0.557910 pred=0.557899 diff=-0.000011 abs_err=0.000011
INFO | EPOCH_119 | RANDOM 15 masked points (true, pred, diff, abs_err):
INFO | EPOCH_119 | [B=35, T=17, D=7] true=0.545736 pred=0.523913 diff=-0.021822 abs_err=0.021822
INFO | EPOCH_119 | [B=60, T=28, D=0] true=0.674676 pred=0.634389 diff=-0.040286 abs_err=0.040286
INFO | EPOCH_119 | [B=6, T=2, D=2] true=0.282977 pred=0.290405 diff=+0.007428 abs_err=0.007428
INFO | EPOCH_119 | [B=48, T=21, D=2] true=0.360012 pred=0.334408 diff=-0.025604 abs_err=0.025604
INFO | EPOCH_119 | [B=1, T=5, D=9] true=0.659745 pred=0.640425 diff=-0.019320 abs_err=0.019320
INFO | EPOCH_119 | [B=30, T=26, D=0] true=0.700874 pred=0.655885 diff=-0.044990 abs_err=0.044990
INFO | EPOCH_119 | [B=55, T=18, D=11] true=0.406250 pred=0.377571 diff=-0.028679 abs_err=0.028679
INFO | EPOCH_119 | [B=41, T=21, D=3] true=0.706522 pred=0.677409 diff=-0.029112 abs_err=0.029112
INFO | EPOCH_119 | [B=28, T=29, D=2] true=0.319436 pred=0.290662 diff=-0.028774 abs_err=0.028774
INFO | EPOCH_119 | [B=15, T=25, D=0] true=0.737734 pred=0.686635 diff=-0.051098 abs_err=0.051098
INFO | EPOCH_119 | [B=47, T=5, D=4] true=0.575511 pred=0.538631 diff=-0.036879 abs_err=0.036879
INFO | EPOCH_119 | [B=46, T=16, D=1] true=0.438924 pred=0.458898 diff=+0.019974 abs_err=0.019974
INFO | EPOCH_119 | [B=29, T=14, D=9] true=0.703213 pred=0.642834 diff=-0.060380 abs_err=0.060380
INFO | EPOCH_119 | [B=47, T=31, D=10] true=0.545914 pred=0.538340 diff=-0.007574 abs_err=0.007574
INFO | EPOCH_119 | [B=30, T=2, D=11] true=0.386287 pred=0.365457 diff=-0.020830 abs_err=0.020830
INFO | EPOCH_119 | TOP 5 WORST masked points (largest abs_err):
INFO | EPOCH_119 | [B=17, T=6, D=6] true=0.311567 pred=0.751243 diff=+0.439676 abs_err=0.439676
INFO | EPOCH_119 | [B=17, T=2, D=6] true=0.312481 pred=0.751376 diff=+0.438895 abs_err=0.438895
INFO | EPOCH_119 | [B=37, T=28, D=6] true=0.994352 pred=0.654938 diff=-0.339414 abs_err=0.339414
INFO | EPOCH_119 | [B=32, T=28, D=3] true=0.462050 pred=0.748475 diff=+0.286424 abs_err=0.286424
INFO | EPOCH_119 | [B=32, T=3, D=3] true=0.471634 pred=0.755005 diff=+0.283370 abs_err=0.283370
INFO | EPOCH_119 | TOP 5 BEST/CORRECT masked points (smallest abs_err):
INFO | EPOCH_119 | [B=50, T=2, D=1] true=0.537209 pred=0.537212 diff=+0.000003 abs_err=0.000003
INFO | EPOCH_119 | [B=17, T=12, D=2] true=0.275242 pred=0.275246 diff=+0.000004 abs_err=0.000004
INFO | EPOCH_119 | [B=14, T=10, D=1] true=0.531893 pred=0.531888 diff=-0.000005 abs_err=0.000005
INFO | EPOCH_119 | [B=13, T=18, D=2] true=0.281673 pred=0.281666 diff=-0.000007 abs_err=0.000007
INFO | EPOCH_119 | [B=40, T=22, D=11] true=0.300886 pred=0.300867 diff=-0.000019 abs_err=0.000019
INFO | EPOCH_129 | RANDOM 15 masked points (true, pred, diff, abs_err):
INFO | EPOCH_129 | [B=5, T=13, D=7] true=0.487295 pred=0.459581 diff=-0.027714 abs_err=0.027714
INFO | EPOCH_129 | [B=44, T=21, D=2] true=0.349387 pred=0.343099 diff=-0.006288 abs_err=0.006288
INFO | EPOCH_129 | [B=12, T=21, D=10] true=0.504088 pred=0.455796 diff=-0.048292 abs_err=0.048292
INFO | EPOCH_129 | [B=45, T=10, D=1] true=0.530472 pred=0.512101 diff=-0.018371 abs_err=0.018371
INFO | EPOCH_129 | [B=47, T=11, D=4] true=0.579147 pred=0.583541 diff=+0.004395 abs_err=0.004395
INFO | EPOCH_129 | [B=51, T=5, D=1] true=0.635838 pred=0.617264 diff=-0.018574 abs_err=0.018574
INFO | EPOCH_129 | [B=4, T=7, D=0] true=0.755924 pred=0.709728 diff=-0.046196 abs_err=0.046196
INFO | EPOCH_129 | [B=46, T=24, D=8] true=0.286381 pred=0.333318 diff=+0.046937 abs_err=0.046937
INFO | EPOCH_129 | [B=45, T=3, D=11] true=0.259699 pred=0.278568 diff=+0.018870 abs_err=0.018870
INFO | EPOCH_129 | [B=30, T=16, D=2] true=0.332463 pred=0.319830 diff=-0.012633 abs_err=0.012633
INFO | EPOCH_129 | [B=41, T=23, D=4] true=0.580225 pred=0.582474 diff=+0.002249 abs_err=0.002249
INFO | EPOCH_129 | [B=34, T=21, D=4] true=0.467066 pred=0.451036 diff=-0.016030 abs_err=0.016030
INFO | EPOCH_129 | [B=26, T=1, D=8] true=0.471239 pred=0.450160 diff=-0.021079 abs_err=0.021079
INFO | EPOCH_129 | [B=3, T=1, D=1] true=0.448760 pred=0.448651 diff=-0.000109 abs_err=0.000109
INFO | EPOCH_129 | [B=30, T=22, D=2] true=0.347425 pred=0.301838 diff=-0.045587 abs_err=0.045587
INFO | EPOCH_129 | TOP 5 WORST masked points (largest abs_err):
INFO | EPOCH_129 | [B=46, T=13, D=6] true=0.309158 pred=0.674713 diff=+0.365555 abs_err=0.365555
INFO | EPOCH_129 | [B=46, T=10, D=6] true=0.309465 pred=0.674968 diff=+0.365503 abs_err=0.365503
INFO | EPOCH_129 | [B=26, T=5, D=9] true=0.397682 pred=0.719002 diff=+0.321320 abs_err=0.321320
INFO | EPOCH_129 | [B=49, T=13, D=0] true=0.914188 pred=0.630601 diff=-0.283586 abs_err=0.283586
INFO | EPOCH_129 | [B=10, T=5, D=9] true=0.752157 pred=0.470379 diff=-0.281778 abs_err=0.281778
INFO | EPOCH_129 | TOP 5 BEST/CORRECT masked points (smallest abs_err):
INFO | EPOCH_129 | [B=18, T=1, D=8] true=0.385629 pred=0.385629 diff=+0.000000 abs_err=0.000000
INFO | EPOCH_129 | [B=33, T=12, D=9] true=0.811796 pred=0.811795 diff=-0.000001 abs_err=0.000001
INFO | EPOCH_129 | [B=54, T=16, D=3] true=0.728139 pred=0.728143 diff=+0.000003 abs_err=0.000003
INFO | EPOCH_129 | [B=9, T=23, D=5] true=0.335098 pred=0.335092 diff=-0.000006 abs_err=0.000006
INFO | EPOCH_129 | [B=5, T=21, D=4] true=0.443166 pred=0.443174 diff=+0.000009 abs_err=0.000009
INFO | EPOCH_139 | RANDOM 15 masked points (true, pred, diff, abs_err):
INFO | EPOCH_139 | [B=26, T=30, D=9] true=0.585090 pred=0.540209 diff=-0.044881 abs_err=0.044881
INFO | EPOCH_139 | [B=44, T=9, D=4] true=0.562322 pred=0.559809 diff=-0.002513 abs_err=0.002513
INFO | EPOCH_139 | [B=55, T=19, D=9] true=0.657014 pred=0.638991 diff=-0.018023 abs_err=0.018023
INFO | EPOCH_139 | [B=44, T=9, D=11] true=0.387391 pred=0.391975 diff=+0.004584 abs_err=0.004584
INFO | EPOCH_139 | [B=23, T=16, D=1] true=0.501300 pred=0.460622 diff=-0.040678 abs_err=0.040678
INFO | EPOCH_139 | [B=21, T=14, D=4] true=0.452169 pred=0.459809 diff=+0.007640 abs_err=0.007640
INFO | EPOCH_139 | [B=16, T=26, D=4] true=0.533323 pred=0.500347 diff=-0.032976 abs_err=0.032976
INFO | EPOCH_139 | [B=9, T=21, D=3] true=0.709414 pred=0.712304 diff=+0.002889 abs_err=0.002889
INFO | EPOCH_139 | [B=14, T=7, D=6] true=0.860211 pred=0.858890 diff=-0.001321 abs_err=0.001321
INFO | EPOCH_139 | [B=52, T=6, D=4] true=0.438809 pred=0.455932 diff=+0.017123 abs_err=0.017123
INFO | EPOCH_139 | [B=20, T=31, D=0] true=0.712333 pred=0.704204 diff=-0.008129 abs_err=0.008129
INFO | EPOCH_139 | [B=50, T=4, D=2] true=0.315742 pred=0.312782 diff=-0.002960 abs_err=0.002960
INFO | EPOCH_139 | [B=42, T=15, D=10] true=0.544346 pred=0.575312 diff=+0.030966 abs_err=0.030966
INFO | EPOCH_139 | [B=41, T=13, D=5] true=0.348189 pred=0.350059 diff=+0.001870 abs_err=0.001870
INFO | EPOCH_139 | [B=2, T=30, D=1] true=0.463731 pred=0.459783 diff=-0.003949 abs_err=0.003949
INFO | EPOCH_139 | TOP 5 WORST masked points (largest abs_err):
INFO | EPOCH_139 | [B=51, T=24, D=6] true=0.759273 pred=0.485316 diff=-0.273956 abs_err=0.273956
INFO | EPOCH_139 | [B=51, T=26, D=0] true=0.752228 pred=0.483672 diff=-0.268557 abs_err=0.268557
INFO | EPOCH_139 | [B=53, T=23, D=9] true=0.760412 pred=0.510845 diff=-0.249567 abs_err=0.249567
INFO | EPOCH_139 | [B=36, T=17, D=9] true=0.751326 pred=0.501968 diff=-0.249358 abs_err=0.249358
INFO | EPOCH_139 | [B=53, T=25, D=9] true=0.759572 pred=0.511025 diff=-0.248548 abs_err=0.248548
INFO | EPOCH_139 | TOP 5 BEST/CORRECT masked points (smallest abs_err):
INFO | EPOCH_139 | [B=15, T=8, D=4] true=0.457355 pred=0.457355 diff=-0.000000 abs_err=0.000000
INFO | EPOCH_139 | [B=44, T=10, D=2] true=0.326440 pred=0.326443 diff=+0.000002 abs_err=0.000002
INFO | EPOCH_139 | [B=35, T=17, D=9] true=0.498471 pred=0.498466 diff=-0.000005 abs_err=0.000005
INFO | EPOCH_139 | [B=32, T=20, D=9] true=0.506505 pred=0.506499 diff=-0.000006 abs_err=0.000006
INFO | EPOCH_139 | [B=55, T=10, D=2] true=0.330397 pred=0.330404 diff=+0.000007 abs_err=0.000007
INFO | EPOCH_149 | RANDOM 15 masked points (true, pred, diff, abs_err):
INFO | EPOCH_149 | [B=27, T=13, D=10] true=0.442063 pred=0.425128 diff=-0.016935 abs_err=0.016935
INFO | EPOCH_149 | [B=2, T=26, D=4] true=0.484991 pred=0.488065 diff=+0.003074 abs_err=0.003074
INFO | EPOCH_149 | [B=50, T=7, D=1] true=0.579731 pred=0.563022 diff=-0.016710 abs_err=0.016710
INFO | EPOCH_149 | [B=27, T=7, D=10] true=0.467320 pred=0.448684 diff=-0.018636 abs_err=0.018636
INFO | EPOCH_149 | [B=20, T=8, D=2] true=0.329796 pred=0.319550 diff=-0.010246 abs_err=0.010246
INFO | EPOCH_149 | [B=45, T=7, D=3] true=0.637599 pred=0.617267 diff=-0.020333 abs_err=0.020333
INFO | EPOCH_149 | [B=26, T=22, D=10] true=0.466771 pred=0.447780 diff=-0.018991 abs_err=0.018991
INFO | EPOCH_149 | [B=8, T=2, D=11] true=0.406917 pred=0.395479 diff=-0.011439 abs_err=0.011439
INFO | EPOCH_149 | [B=29, T=14, D=1] true=0.474465 pred=0.474519 diff=+0.000054 abs_err=0.000054
INFO | EPOCH_149 | [B=54, T=13, D=9] true=0.752284 pred=0.667337 diff=-0.084947 abs_err=0.084947
INFO | EPOCH_149 | [B=4, T=1, D=5] true=0.348156 pred=0.338961 diff=-0.009196 abs_err=0.009196
INFO | EPOCH_149 | [B=59, T=25, D=8] true=0.412533 pred=0.409426 diff=-0.003107 abs_err=0.003107
INFO | EPOCH_149 | [B=35, T=17, D=8] true=0.494461 pred=0.441508 diff=-0.052953 abs_err=0.052953
INFO | EPOCH_149 | [B=29, T=29, D=11] true=0.311993 pred=0.351098 diff=+0.039104 abs_err=0.039104
INFO | EPOCH_149 | [B=11, T=2, D=5] true=0.359120 pred=0.348012 diff=-0.011108 abs_err=0.011108
INFO | EPOCH_149 | TOP 5 WORST masked points (largest abs_err):
INFO | EPOCH_149 | [B=35, T=20, D=3] true=0.370831 pred=0.664699 diff=+0.293868 abs_err=0.293868
INFO | EPOCH_149 | [B=46, T=14, D=2] true=0.574291 pred=0.312721 diff=-0.261570 abs_err=0.261570
INFO | EPOCH_149 | [B=46, T=14, D=0] true=0.914777 pred=0.659250 diff=-0.255527 abs_err=0.255527
INFO | EPOCH_149 | [B=39, T=21, D=9] true=0.750292 pred=0.506895 diff=-0.243397 abs_err=0.243397
INFO | EPOCH_149 | [B=39, T=25, D=9] true=0.748657 pred=0.507014 diff=-0.241643 abs_err=0.241643
INFO | EPOCH_149 | TOP 5 BEST/CORRECT masked points (smallest abs_err):
INFO | EPOCH_149 | [B=4, T=15, D=7] true=0.470635 pred=0.470631 diff=-0.000004 abs_err=0.000004
INFO | EPOCH_149 | [B=11, T=10, D=2] true=0.352151 pred=0.352141 diff=-0.000010 abs_err=0.000010
INFO | EPOCH_149 | [B=63, T=17, D=3] true=0.566840 pred=0.566822 diff=-0.000018 abs_err=0.000018
INFO | EPOCH_149 | [B=16, T=3, D=11] true=0.342144 pred=0.342165 diff=+0.000021 abs_err=0.000021
INFO | EPOCH_149 | [B=12, T=0, D=7] true=0.472770 pred=0.472746 diff=-0.000024 abs_err=0.000024
INFO | EPOCH_159 | RANDOM 15 masked points (true, pred, diff, abs_err):
INFO | EPOCH_159 | [B=36, T=2, D=6] true=0.445892 pred=0.444984 diff=-0.000908 abs_err=0.000908
INFO | EPOCH_159 | [B=13, T=0, D=3] true=0.755047 pred=0.732997 diff=-0.022050 abs_err=0.022050
INFO | EPOCH_159 | [B=43, T=9, D=4] true=0.591593 pred=0.588284 diff=-0.003309 abs_err=0.003309
INFO | EPOCH_159 | [B=26, T=25, D=2] true=0.360737 pred=0.353504 diff=-0.007234 abs_err=0.007234
INFO | EPOCH_159 | [B=44, T=4, D=4] true=0.594617 pred=0.586552 diff=-0.008065 abs_err=0.008065
INFO | EPOCH_159 | [B=28, T=13, D=5] true=0.314864 pred=0.312251 diff=-0.002613 abs_err=0.002613
INFO | EPOCH_159 | [B=51, T=2, D=2] true=0.366140 pred=0.345398 diff=-0.020742 abs_err=0.020742
INFO | EPOCH_159 | [B=47, T=10, D=0] true=0.610092 pred=0.590235 diff=-0.019857 abs_err=0.019857
INFO | EPOCH_159 | [B=30, T=7, D=7] true=0.546362 pred=0.544708 diff=-0.001654 abs_err=0.001654
INFO | EPOCH_159 | [B=23, T=15, D=3] true=0.805346 pred=0.750651 diff=-0.054696 abs_err=0.054696
INFO | EPOCH_159 | [B=5, T=12, D=1] true=0.476094 pred=0.464222 diff=-0.011872 abs_err=0.011872
INFO | EPOCH_159 | [B=26, T=12, D=3] true=0.599523 pred=0.594312 diff=-0.005211 abs_err=0.005211
INFO | EPOCH_159 | [B=34, T=8, D=1] true=0.639172 pred=0.581245 diff=-0.057926 abs_err=0.057926
INFO | EPOCH_159 | [B=31, T=5, D=2] true=0.389775 pred=0.366960 diff=-0.022816 abs_err=0.022816
INFO | EPOCH_159 | [B=13, T=0, D=3] true=0.730614 pred=0.681639 diff=-0.048975 abs_err=0.048975
INFO | EPOCH_159 | TOP 5 WORST masked points (largest abs_err):
INFO | EPOCH_159 | [B=7, T=3, D=0] true=0.919247 pred=0.569255 diff=-0.349992 abs_err=0.349992
INFO | EPOCH_159 | [B=7, T=3, D=2] true=0.592120 pred=0.308875 diff=-0.283246 abs_err=0.283246
INFO | EPOCH_159 | [B=22, T=25, D=5] true=0.051347 pred=0.332509 diff=+0.281162 abs_err=0.281162
INFO | EPOCH_159 | [B=58, T=19, D=6] true=0.740458 pred=0.477181 diff=-0.263276 abs_err=0.263276
INFO | EPOCH_159 | [B=60, T=21, D=6] true=0.464913 pred=0.721548 diff=+0.256635 abs_err=0.256635
INFO | EPOCH_159 | TOP 5 BEST/CORRECT masked points (smallest abs_err):
INFO | EPOCH_159 | [B=53, T=28, D=3] true=0.484682 pred=0.484682 diff=+0.000000 abs_err=0.000000
INFO | EPOCH_159 | [B=21, T=2, D=2] true=0.326837 pred=0.326837 diff=+0.000000 abs_err=0.000000
INFO | EPOCH_159 | [B=0, T=0, D=5] true=0.321641 pred=0.321640 diff=-0.000001 abs_err=0.000001
INFO | EPOCH_159 | [B=37, T=14, D=11] true=0.409418 pred=0.409426 diff=+0.000007 abs_err=0.000007
INFO | EPOCH_159 | [B=18, T=20, D=11] true=0.355555 pred=0.355564 diff=+0.000009 abs_err=0.000009
INFO | EPOCH_169 | RANDOM 15 masked points (true, pred, diff, abs_err):
INFO | EPOCH_169 | [B=34, T=9, D=0] true=0.487557 pred=0.492220 diff=+0.004663 abs_err=0.004663
INFO | EPOCH_169 | [B=37, T=8, D=4] true=0.490670 pred=0.488511 diff=-0.002159 abs_err=0.002159
INFO | EPOCH_169 | [B=57, T=25, D=4] true=0.490463 pred=0.488078 diff=-0.002386 abs_err=0.002386
INFO | EPOCH_169 | [B=14, T=28, D=1] true=0.511881 pred=0.520306 diff=+0.008425 abs_err=0.008425
INFO | EPOCH_169 | [B=30, T=24, D=11] true=0.400347 pred=0.428633 diff=+0.028286 abs_err=0.028286
INFO | EPOCH_169 | [B=9, T=9, D=9] true=0.865861 pred=0.782549 diff=-0.083312 abs_err=0.083312
INFO | EPOCH_169 | [B=38, T=2, D=5] true=0.352938 pred=0.341923 diff=-0.011016 abs_err=0.011016
INFO | EPOCH_169 | [B=6, T=1, D=7] true=0.501140 pred=0.492011 diff=-0.009130 abs_err=0.009130
INFO | EPOCH_169 | [B=63, T=4, D=11] true=0.415524 pred=0.380067 diff=-0.035456 abs_err=0.035456
INFO | EPOCH_169 | [B=53, T=19, D=6] true=0.746122 pred=0.722684 diff=-0.023437 abs_err=0.023437
INFO | EPOCH_169 | [B=16, T=21, D=5] true=0.311577 pred=0.318990 diff=+0.007413 abs_err=0.007413
INFO | EPOCH_169 | [B=36, T=0, D=5] true=0.302131 pred=0.292488 diff=-0.009642 abs_err=0.009642
INFO | EPOCH_169 | [B=50, T=6, D=5] true=0.328256 pred=0.320648 diff=-0.007608 abs_err=0.007608
INFO | EPOCH_169 | [B=18, T=21, D=2] true=0.391282 pred=0.363099 diff=-0.028183 abs_err=0.028183
INFO | EPOCH_169 | [B=49, T=9, D=3] true=0.675043 pred=0.637465 diff=-0.037578 abs_err=0.037578
INFO | EPOCH_169 | TOP 5 WORST masked points (largest abs_err):
INFO | EPOCH_169 | [B=28, T=19, D=11] true=0.067170 pred=0.364492 diff=+0.297322 abs_err=0.297322
INFO | EPOCH_169 | [B=33, T=10, D=9] true=0.757185 pred=0.463427 diff=-0.293757 abs_err=0.293757
INFO | EPOCH_169 | [B=43, T=7, D=11] true=0.595146 pred=0.309839 diff=-0.285307 abs_err=0.285307
INFO | EPOCH_169 | [B=28, T=19, D=10] true=0.761463 pred=0.476511 diff=-0.284952 abs_err=0.284952
INFO | EPOCH_169 | [B=44, T=7, D=6] true=0.788900 pred=0.518468 diff=-0.270432 abs_err=0.270432
INFO | EPOCH_169 | TOP 5 BEST/CORRECT masked points (smallest abs_err):
INFO | EPOCH_169 | [B=41, T=24, D=11] true=0.292581 pred=0.292580 diff=-0.000001 abs_err=0.000001
INFO | EPOCH_169 | [B=9, T=19, D=3] true=0.609636 pred=0.609637 diff=+0.000002 abs_err=0.000002
INFO | EPOCH_169 | [B=20, T=12, D=9] true=0.450262 pred=0.450259 diff=-0.000004 abs_err=0.000004
INFO | EPOCH_169 | [B=62, T=10, D=10] true=0.517919 pred=0.517913 diff=-0.000006 abs_err=0.000006
INFO | EPOCH_169 | [B=27, T=15, D=7] true=0.457939 pred=0.457945 diff=+0.000007 abs_err=0.000007
INFO | EPOCH_179 | RANDOM 15 masked points (true, pred, diff, abs_err):
INFO | EPOCH_179 | [B=38, T=4, D=8] true=0.450661 pred=0.438269 diff=-0.012392 abs_err=0.012392
INFO | EPOCH_179 | [B=6, T=6, D=3] true=0.520011 pred=0.514828 diff=-0.005183 abs_err=0.005183
INFO | EPOCH_179 | [B=59, T=26, D=2] true=0.358032 pred=0.348209 diff=-0.009822 abs_err=0.009822
INFO | EPOCH_179 | [B=34, T=17, D=0] true=0.523559 pred=0.520386 diff=-0.003172 abs_err=0.003172
INFO | EPOCH_179 | [B=61, T=15, D=8] true=0.390433 pred=0.387911 diff=-0.002522 abs_err=0.002522
INFO | EPOCH_179 | [B=14, T=0, D=10] true=0.494651 pred=0.432098 diff=-0.062553 abs_err=0.062553
INFO | EPOCH_179 | [B=0, T=17, D=7] true=0.492552 pred=0.449635 diff=-0.042917 abs_err=0.042917
INFO | EPOCH_179 | [B=29, T=19, D=7] true=0.529621 pred=0.491222 diff=-0.038399 abs_err=0.038399
INFO | EPOCH_179 | [B=10, T=0, D=0] true=0.575415 pred=0.531968 diff=-0.043447 abs_err=0.043447
INFO | EPOCH_179 | [B=60, T=17, D=7] true=0.599516 pred=0.582581 diff=-0.016935 abs_err=0.016935
INFO | EPOCH_179 | [B=56, T=21, D=4] true=0.473694 pred=0.469731 diff=-0.003962 abs_err=0.003962
INFO | EPOCH_179 | [B=42, T=10, D=1] true=0.478690 pred=0.478008 diff=-0.000682 abs_err=0.000682
INFO | EPOCH_179 | [B=8, T=17, D=1] true=0.450377 pred=0.473558 diff=+0.023182 abs_err=0.023182
INFO | EPOCH_179 | [B=56, T=18, D=11] true=0.347753 pred=0.380501 diff=+0.032749 abs_err=0.032749
INFO | EPOCH_179 | [B=31, T=5, D=7] true=0.451725 pred=0.454437 diff=+0.002712 abs_err=0.002712
INFO | EPOCH_179 | TOP 5 WORST masked points (largest abs_err):
INFO | EPOCH_179 | [B=26, T=8, D=6] true=0.498543 pred=0.834434 diff=+0.335891 abs_err=0.335891
INFO | EPOCH_179 | [B=44, T=20, D=6] true=0.319519 pred=0.605820 diff=+0.286301 abs_err=0.286301
INFO | EPOCH_179 | [B=9, T=18, D=6] true=0.737381 pred=0.452786 diff=-0.284595 abs_err=0.284595
INFO | EPOCH_179 | [B=44, T=18, D=6] true=0.321752 pred=0.605931 diff=+0.284180 abs_err=0.284180
INFO | EPOCH_179 | [B=9, T=8, D=6] true=0.733707 pred=0.450266 diff=-0.283441 abs_err=0.283441
INFO | EPOCH_179 | TOP 5 BEST/CORRECT masked points (smallest abs_err):
INFO | EPOCH_179 | [B=38, T=5, D=8] true=0.381318 pred=0.381320 diff=+0.000002 abs_err=0.000002
INFO | EPOCH_179 | [B=35, T=24, D=5] true=0.319169 pred=0.319167 diff=-0.000002 abs_err=0.000002
INFO | EPOCH_179 | [B=18, T=7, D=5] true=0.358408 pred=0.358411 diff=+0.000003 abs_err=0.000003
INFO | EPOCH_179 | [B=33, T=25, D=8] true=0.446506 pred=0.446501 diff=-0.000005 abs_err=0.000005
INFO | EPOCH_179 | [B=52, T=6, D=6] true=0.449674 pred=0.449664 diff=-0.000010 abs_err=0.000010
INFO | EPOCH_189 | RANDOM 15 masked points (true, pred, diff, abs_err):
INFO | EPOCH_189 | [B=27, T=7, D=9] true=0.510354 pred=0.520991 diff=+0.010637 abs_err=0.010637
INFO | EPOCH_189 | [B=0, T=10, D=11] true=0.396146 pred=0.414535 diff=+0.018389 abs_err=0.018389
INFO | EPOCH_189 | [B=56, T=23, D=9] true=0.620833 pred=0.522746 diff=-0.098087 abs_err=0.098087
INFO | EPOCH_189 | [B=38, T=2, D=5] true=0.407403 pred=0.310108 diff=-0.097295 abs_err=0.097295
INFO | EPOCH_189 | [B=10, T=3, D=0] true=0.750311 pred=0.734840 diff=-0.015471 abs_err=0.015471
INFO | EPOCH_189 | [B=57, T=8, D=0] true=0.661145 pred=0.656849 diff=-0.004296 abs_err=0.004296
INFO | EPOCH_189 | [B=28, T=27, D=4] true=0.575848 pred=0.572395 diff=-0.003453 abs_err=0.003453
INFO | EPOCH_189 | [B=30, T=14, D=4] true=0.572527 pred=0.568790 diff=-0.003737 abs_err=0.003737
INFO | EPOCH_189 | [B=57, T=12, D=9] true=0.637213 pred=0.573663 diff=-0.063550 abs_err=0.063550
INFO | EPOCH_189 | [B=61, T=7, D=11] true=0.406384 pred=0.388586 diff=-0.017798 abs_err=0.017798
INFO | EPOCH_189 | [B=21, T=24, D=6] true=0.447584 pred=0.462563 diff=+0.014978 abs_err=0.014978
INFO | EPOCH_189 | [B=22, T=9, D=10] true=0.553973 pred=0.537166 diff=-0.016807 abs_err=0.016807
INFO | EPOCH_189 | [B=50, T=24, D=1] true=0.488530 pred=0.472827 diff=-0.015703 abs_err=0.015703
INFO | EPOCH_189 | [B=20, T=2, D=0] true=0.579832 pred=0.578611 diff=-0.001221 abs_err=0.001221
INFO | EPOCH_189 | [B=8, T=28, D=11] true=0.428443 pred=0.412787 diff=-0.015656 abs_err=0.015656
INFO | EPOCH_189 | TOP 5 WORST masked points (largest abs_err):
INFO | EPOCH_189 | [B=47, T=24, D=6] true=0.508596 pred=0.851003 diff=+0.342407 abs_err=0.342407
INFO | EPOCH_189 | [B=47, T=22, D=9] true=0.938414 pred=0.618177 diff=-0.320236 abs_err=0.320236
INFO | EPOCH_189 | [B=47, T=28, D=9] true=0.476679 pred=0.793480 diff=+0.316802 abs_err=0.316802
INFO | EPOCH_189 | [B=47, T=19, D=9] true=0.905669 pred=0.618784 diff=-0.286885 abs_err=0.286885
INFO | EPOCH_189 | [B=53, T=1, D=11] true=0.165065 pred=0.451325 diff=+0.286260 abs_err=0.286260
INFO | EPOCH_189 | TOP 5 BEST/CORRECT masked points (smallest abs_err):
INFO | EPOCH_189 | [B=15, T=9, D=0] true=0.555754 pred=0.555753 diff=-0.000001 abs_err=0.000001
INFO | EPOCH_189 | [B=1, T=28, D=9] true=0.723616 pred=0.723614 diff=-0.000002 abs_err=0.000002
INFO | EPOCH_189 | [B=6, T=12, D=10] true=0.495544 pred=0.495548 diff=+0.000004 abs_err=0.000004
INFO | EPOCH_189 | [B=5, T=7, D=9] true=0.718914 pred=0.718906 diff=-0.000008 abs_err=0.000008
INFO | EPOCH_189 | [B=1, T=18, D=1] true=0.463251 pred=0.463261 diff=+0.000010 abs_err=0.000010
INFO | EPOCH_199 | RANDOM 15 masked points (true, pred, diff, abs_err):
INFO | EPOCH_199 | [B=14, T=0, D=0] true=0.649227 pred=0.649605 diff=+0.000378 abs_err=0.000378
INFO | EPOCH_199 | [B=32, T=25, D=2] true=0.389731 pred=0.355319 diff=-0.034412 abs_err=0.034412
INFO | EPOCH_199 | [B=36, T=5, D=3] true=0.659855 pred=0.662972 diff=+0.003117 abs_err=0.003117
INFO | EPOCH_199 | [B=24, T=20, D=8] true=0.469066 pred=0.447709 diff=-0.021357 abs_err=0.021357
INFO | EPOCH_199 | [B=4, T=13, D=2] true=0.351367 pred=0.352189 diff=+0.000821 abs_err=0.000821
INFO | EPOCH_199 | [B=4, T=15, D=5] true=0.359589 pred=0.329951 diff=-0.029639 abs_err=0.029639
INFO | EPOCH_199 | [B=8, T=10, D=11] true=0.314424 pred=0.355349 diff=+0.040925 abs_err=0.040925
INFO | EPOCH_199 | [B=41, T=7, D=6] true=0.443803 pred=0.455380 diff=+0.011577 abs_err=0.011577
INFO | EPOCH_199 | [B=59, T=25, D=0] true=0.667771 pred=0.704664 diff=+0.036893 abs_err=0.036893
INFO | EPOCH_199 | [B=61, T=18, D=10] true=0.539633 pred=0.557489 diff=+0.017856 abs_err=0.017856
INFO | EPOCH_199 | [B=59, T=7, D=8] true=0.416072 pred=0.419009 diff=+0.002937 abs_err=0.002937
INFO | EPOCH_199 | [B=51, T=6, D=1] true=0.511841 pred=0.525208 diff=+0.013367 abs_err=0.013367
INFO | EPOCH_199 | [B=6, T=13, D=3] true=0.715185 pred=0.680580 diff=-0.034606 abs_err=0.034606
INFO | EPOCH_199 | [B=48, T=15, D=0] true=0.711221 pred=0.682732 diff=-0.028489 abs_err=0.028489
INFO | EPOCH_199 | [B=18, T=0, D=11] true=0.372466 pred=0.372727 diff=+0.000261 abs_err=0.000261
INFO | EPOCH_199 | TOP 5 WORST masked points (largest abs_err):
INFO | EPOCH_199 | [B=55, T=27, D=9] true=0.457679 pred=0.746117 diff=+0.288437 abs_err=0.288437
INFO | EPOCH_199 | [B=45, T=4, D=0] true=0.425711 pred=0.684044 diff=+0.258334 abs_err=0.258334
INFO | EPOCH_199 | [B=0, T=28, D=9] true=0.750030 pred=0.495347 diff=-0.254683 abs_err=0.254683
INFO | EPOCH_199 | [B=6, T=22, D=9] true=0.758224 pred=0.510378 diff=-0.247845 abs_err=0.247845
INFO | EPOCH_199 | [B=8, T=0, D=9] true=0.752928 pred=0.507175 diff=-0.245753 abs_err=0.245753
INFO | EPOCH_199 | TOP 5 BEST/CORRECT masked points (smallest abs_err):
INFO | EPOCH_199 | [B=9, T=23, D=8] true=0.337878 pred=0.337878 diff=+0.000000 abs_err=0.000000
INFO | EPOCH_199 | [B=25, T=21, D=8] true=0.319232 pred=0.319231 diff=-0.000001 abs_err=0.000001
INFO | EPOCH_199 | [B=19, T=9, D=1] true=0.542315 pred=0.542316 diff=+0.000001 abs_err=0.000001
INFO | EPOCH_199 | [B=44, T=17, D=4] true=0.580715 pred=0.580718 diff=+0.000003 abs_err=0.000003
INFO | EPOCH_199 | [B=37, T=13, D=1] true=0.564856 pred=0.564852 diff=-0.000003 abs_err=0.000003
INFO | EPOCH_209 | RANDOM 15 masked points (true, pred, diff, abs_err):
INFO | EPOCH_209 | [B=15, T=25, D=3] true=0.580185 pred=0.584898 diff=+0.004713 abs_err=0.004713
INFO | EPOCH_209 | [B=14, T=23, D=1] true=0.537254 pred=0.543733 diff=+0.006479 abs_err=0.006479
INFO | EPOCH_209 | [B=13, T=3, D=11] true=0.440797 pred=0.347045 diff=-0.093752 abs_err=0.093752
INFO | EPOCH_209 | [B=43, T=5, D=9] true=0.784118 pred=0.790177 diff=+0.006059 abs_err=0.006059
INFO | EPOCH_209 | [B=17, T=17, D=0] true=0.686864 pred=0.719143 diff=+0.032278 abs_err=0.032278
INFO | EPOCH_209 | [B=34, T=19, D=10] true=0.541767 pred=0.581805 diff=+0.040038 abs_err=0.040038
INFO | EPOCH_209 | [B=31, T=18, D=3] true=0.762181 pred=0.712546 diff=-0.049634 abs_err=0.049634
INFO | EPOCH_209 | [B=63, T=16, D=6] true=0.636382 pred=0.628799 diff=-0.007583 abs_err=0.007583
INFO | EPOCH_209 | [B=49, T=15, D=0] true=0.674047 pred=0.640316 diff=-0.033731 abs_err=0.033731
INFO | EPOCH_209 | [B=31, T=23, D=11] true=0.385651 pred=0.384169 diff=-0.001482 abs_err=0.001482
INFO | EPOCH_209 | [B=23, T=16, D=0] true=0.644999 pred=0.616840 diff=-0.028159 abs_err=0.028159
INFO | EPOCH_209 | [B=24, T=19, D=11] true=0.392982 pred=0.387806 diff=-0.005177 abs_err=0.005177
INFO | EPOCH_209 | [B=47, T=11, D=2] true=0.343894 pred=0.332356 diff=-0.011538 abs_err=0.011538
INFO | EPOCH_209 | [B=6, T=16, D=3] true=0.592443 pred=0.590303 diff=-0.002140 abs_err=0.002140
INFO | EPOCH_209 | [B=57, T=27, D=10] true=0.469430 pred=0.467180 diff=-0.002250 abs_err=0.002250
INFO | EPOCH_209 | TOP 5 WORST masked points (largest abs_err):
INFO | EPOCH_209 | [B=17, T=2, D=6] true=0.312481 pred=0.764744 diff=+0.452262 abs_err=0.452262
INFO | EPOCH_209 | [B=17, T=6, D=6] true=0.311567 pred=0.762170 diff=+0.450603 abs_err=0.450603
INFO | EPOCH_209 | [B=46, T=10, D=6] true=0.309465 pred=0.670103 diff=+0.360637 abs_err=0.360637
INFO | EPOCH_209 | [B=46, T=13, D=6] true=0.309158 pred=0.667571 diff=+0.358413 abs_err=0.358413
INFO | EPOCH_209 | [B=37, T=28, D=6] true=0.994352 pred=0.673028 diff=-0.321324 abs_err=0.321324
INFO | EPOCH_209 | TOP 5 BEST/CORRECT masked points (smallest abs_err):
INFO | EPOCH_209 | [B=48, T=2, D=5] true=0.345907 pred=0.345906 diff=-0.000001 abs_err=0.000001
INFO | EPOCH_209 | [B=22, T=5, D=8] true=0.428985 pred=0.428985 diff=+0.000001 abs_err=0.000001
INFO | EPOCH_209 | [B=29, T=26, D=2] true=0.329903 pred=0.329904 diff=+0.000001 abs_err=0.000001
INFO | EPOCH_209 | [B=28, T=5, D=1] true=0.542312 pred=0.542311 diff=-0.000001 abs_err=0.000001
INFO | EPOCH_209 | [B=0, T=26, D=11] true=0.351162 pred=0.351164 diff=+0.000003 abs_err=0.000003
INFO | EPOCH_219 | RANDOM 15 masked points (true, pred, diff, abs_err):
INFO | EPOCH_219 | [B=47, T=14, D=8] true=0.473451 pred=0.434425 diff=-0.039026 abs_err=0.039026
INFO | EPOCH_219 | [B=6, T=14, D=1] true=0.452316 pred=0.449148 diff=-0.003168 abs_err=0.003168
INFO | EPOCH_219 | [B=58, T=26, D=2] true=0.343531 pred=0.320261 diff=-0.023270 abs_err=0.023270
INFO | EPOCH_219 | [B=43, T=11, D=1] true=0.592004 pred=0.571248 diff=-0.020756 abs_err=0.020756
INFO | EPOCH_219 | [B=31, T=8, D=0] true=0.767405 pred=0.719457 diff=-0.047949 abs_err=0.047949
INFO | EPOCH_219 | [B=21, T=8, D=4] true=0.562166 pred=0.535063 diff=-0.027103 abs_err=0.027103
INFO | EPOCH_219 | [B=37, T=24, D=2] true=0.362101 pred=0.333907 diff=-0.028194 abs_err=0.028194
INFO | EPOCH_219 | [B=34, T=17, D=2] true=0.370585 pred=0.346187 diff=-0.024398 abs_err=0.024398
INFO | EPOCH_219 | [B=52, T=30, D=0] true=0.522695 pred=0.577952 diff=+0.055256 abs_err=0.055256
INFO | EPOCH_219 | [B=34, T=7, D=11] true=0.389899 pred=0.369865 diff=-0.020034 abs_err=0.020034
INFO | EPOCH_219 | [B=27, T=15, D=4] true=0.503268 pred=0.489518 diff=-0.013750 abs_err=0.013750
INFO | EPOCH_219 | [B=37, T=10, D=2] true=0.346213 pred=0.338695 diff=-0.007518 abs_err=0.007518
INFO | EPOCH_219 | [B=48, T=7, D=1] true=0.580257 pred=0.568279 diff=-0.011979 abs_err=0.011979
INFO | EPOCH_219 | [B=45, T=17, D=11] true=0.398895 pred=0.377184 diff=-0.021711 abs_err=0.021711
INFO | EPOCH_219 | [B=2, T=0, D=6] true=0.636298 pred=0.610762 diff=-0.025535 abs_err=0.025535
INFO | EPOCH_219 | TOP 5 WORST masked points (largest abs_err):
INFO | EPOCH_219 | [B=26, T=5, D=9] true=0.397682 pred=0.693043 diff=+0.295361 abs_err=0.295361
INFO | EPOCH_219 | [B=51, T=26, D=0] true=0.752228 pred=0.469776 diff=-0.282452 abs_err=0.282452
INFO | EPOCH_219 | [B=49, T=14, D=11] true=0.563015 pred=0.296254 diff=-0.266761 abs_err=0.266761
INFO | EPOCH_219 | [B=52, T=2, D=0] true=0.758536 pred=0.500250 diff=-0.258286 abs_err=0.258286
INFO | EPOCH_219 | [B=53, T=9, D=6] true=0.752798 pred=0.496041 diff=-0.256757 abs_err=0.256757
INFO | EPOCH_219 | TOP 5 BEST/CORRECT masked points (smallest abs_err):
INFO | EPOCH_219 | [B=53, T=23, D=0] true=0.525782 pred=0.525792 diff=+0.000010 abs_err=0.000010
INFO | EPOCH_219 | [B=21, T=6, D=11] true=0.379778 pred=0.379762 diff=-0.000016 abs_err=0.000016
INFO | EPOCH_219 | [B=54, T=25, D=3] true=0.562105 pred=0.562076 diff=-0.000028 abs_err=0.000028
INFO | EPOCH_219 | [B=46, T=16, D=4] true=0.583795 pred=0.583832 diff=+0.000037 abs_err=0.000037
INFO | EPOCH_219 | [B=48, T=18, D=10] true=0.499384 pred=0.499427 diff=+0.000043 abs_err=0.000043
INFO | EPOCH_229 | RANDOM 15 masked points (true, pred, diff, abs_err):
INFO | EPOCH_229 | [B=29, T=26, D=10] true=0.570686 pred=0.562839 diff=-0.007848 abs_err=0.007848
INFO | EPOCH_229 | [B=6, T=11, D=1] true=0.463183 pred=0.460727 diff=-0.002457 abs_err=0.002457
INFO | EPOCH_229 | [B=46, T=19, D=6] true=0.634651 pred=0.687185 diff=+0.052534 abs_err=0.052534
INFO | EPOCH_229 | [B=32, T=9, D=5] true=0.353566 pred=0.346493 diff=-0.007073 abs_err=0.007073
INFO | EPOCH_229 | [B=8, T=3, D=11] true=0.362410 pred=0.356500 diff=-0.005910 abs_err=0.005910
INFO | EPOCH_229 | [B=23, T=28, D=8] true=0.445914 pred=0.430614 diff=-0.015300 abs_err=0.015300
INFO | EPOCH_229 | [B=19, T=24, D=1] true=0.476715 pred=0.475177 diff=-0.001538 abs_err=0.001538
INFO | EPOCH_229 | [B=30, T=3, D=2] true=0.344433 pred=0.357743 diff=+0.013310 abs_err=0.013310
INFO | EPOCH_229 | [B=31, T=2, D=7] true=0.575672 pred=0.574347 diff=-0.001325 abs_err=0.001325
INFO | EPOCH_229 | [B=28, T=9, D=5] true=0.330592 pred=0.342361 diff=+0.011769 abs_err=0.011769
INFO | EPOCH_229 | [B=17, T=23, D=4] true=0.471522 pred=0.465308 diff=-0.006214 abs_err=0.006214
INFO | EPOCH_229 | [B=27, T=7, D=2] true=0.309906 pred=0.327763 diff=+0.017857 abs_err=0.017857
INFO | EPOCH_229 | [B=14, T=14, D=5] true=0.379089 pred=0.368053 diff=-0.011037 abs_err=0.011037
INFO | EPOCH_229 | [B=61, T=16, D=6] true=0.780616 pred=0.733458 diff=-0.047158 abs_err=0.047158
INFO | EPOCH_229 | [B=31, T=15, D=11] true=0.348476 pred=0.368321 diff=+0.019846 abs_err=0.019846
INFO | EPOCH_229 | TOP 5 WORST masked points (largest abs_err):
INFO | EPOCH_229 | [B=35, T=20, D=3] true=0.370831 pred=0.685500 diff=+0.314669 abs_err=0.314669
INFO | EPOCH_229 | [B=51, T=24, D=6] true=0.759273 pred=0.485088 diff=-0.274185 abs_err=0.274185
INFO | EPOCH_229 | [B=46, T=14, D=0] true=0.914777 pred=0.649712 diff=-0.265065 abs_err=0.265065
INFO | EPOCH_229 | [B=36, T=17, D=9] true=0.751326 pred=0.499687 diff=-0.251639 abs_err=0.251639
INFO | EPOCH_229 | [B=46, T=14, D=2] true=0.574291 pred=0.324586 diff=-0.249704 abs_err=0.249704
INFO | EPOCH_229 | TOP 5 BEST/CORRECT masked points (smallest abs_err):
INFO | EPOCH_229 | [B=4, T=7, D=10] true=0.465475 pred=0.465475 diff=+0.000000 abs_err=0.000000
INFO | EPOCH_229 | [B=26, T=10, D=6] true=0.849204 pred=0.849207 diff=+0.000003 abs_err=0.000003
INFO | EPOCH_229 | [B=40, T=29, D=11] true=0.399125 pred=0.399133 diff=+0.000007 abs_err=0.000007
INFO | EPOCH_229 | [B=59, T=3, D=11] true=0.431217 pred=0.431225 diff=+0.000008 abs_err=0.000008
INFO | EPOCH_229 | [B=11, T=23, D=5] true=0.343655 pred=0.343667 diff=+0.000012 abs_err=0.000012
INFO | EPOCH_239 | RANDOM 15 masked points (true, pred, diff, abs_err):
INFO | EPOCH_239 | [B=49, T=19, D=6] true=0.404545 pred=0.406531 diff=+0.001987 abs_err=0.001987
INFO | EPOCH_239 | [B=17, T=26, D=5] true=0.326324 pred=0.330447 diff=+0.004123 abs_err=0.004123
INFO | EPOCH_239 | [B=24, T=3, D=7] true=0.600518 pred=0.589891 diff=-0.010627 abs_err=0.010627
INFO | EPOCH_239 | [B=15, T=24, D=5] true=0.326410 pred=0.336637 diff=+0.010228 abs_err=0.010228
INFO | EPOCH_239 | [B=52, T=7, D=6] true=0.474372 pred=0.479508 diff=+0.005136 abs_err=0.005136
INFO | EPOCH_239 | [B=41, T=19, D=9] true=0.749219 pred=0.549563 diff=-0.199656 abs_err=0.199656
INFO | EPOCH_239 | [B=38, T=19, D=10] true=0.580266 pred=0.573626 diff=-0.006640 abs_err=0.006640
INFO | EPOCH_239 | [B=29, T=7, D=4] true=0.551172 pred=0.549508 diff=-0.001664 abs_err=0.001664
INFO | EPOCH_239 | [B=0, T=18, D=3] true=0.682788 pred=0.666710 diff=-0.016078 abs_err=0.016078
INFO | EPOCH_239 | [B=29, T=28, D=2] true=0.284149 pred=0.342928 diff=+0.058779 abs_err=0.058779
INFO | EPOCH_239 | [B=48, T=19, D=5] true=0.289866 pred=0.306525 diff=+0.016659 abs_err=0.016659
INFO | EPOCH_239 | [B=47, T=11, D=11] true=0.455166 pred=0.393385 diff=-0.061781 abs_err=0.061781
INFO | EPOCH_239 | [B=62, T=22, D=7] true=0.565599 pred=0.562554 diff=-0.003045 abs_err=0.003045
INFO | EPOCH_239 | [B=19, T=5, D=1] true=0.493588 pred=0.494910 diff=+0.001322 abs_err=0.001322
INFO | EPOCH_239 | [B=24, T=15, D=9] true=0.669139 pred=0.662724 diff=-0.006416 abs_err=0.006416
INFO | EPOCH_239 | TOP 5 WORST masked points (largest abs_err):
INFO | EPOCH_239 | [B=60, T=21, D=6] true=0.464913 pred=0.799393 diff=+0.334480 abs_err=0.334480
INFO | EPOCH_239 | [B=7, T=3, D=0] true=0.919247 pred=0.585288 diff=-0.333959 abs_err=0.333959
INFO | EPOCH_239 | [B=60, T=15, D=6] true=0.465808 pred=0.790154 diff=+0.324347 abs_err=0.324347
INFO | EPOCH_239 | [B=60, T=28, D=6] true=0.486789 pred=0.808441 diff=+0.321652 abs_err=0.321652
INFO | EPOCH_239 | [B=60, T=8, D=6] true=0.465857 pred=0.780705 diff=+0.314848 abs_err=0.314848
INFO | EPOCH_239 | TOP 5 BEST/CORRECT masked points (smallest abs_err):
INFO | EPOCH_239 | [B=5, T=3, D=7] true=0.490814 pred=0.490816 diff=+0.000002 abs_err=0.000002
INFO | EPOCH_239 | [B=33, T=15, D=0] true=0.694853 pred=0.694847 diff=-0.000006 abs_err=0.000006
INFO | EPOCH_239 | [B=0, T=9, D=11] true=0.421124 pred=0.421114 diff=-0.000010 abs_err=0.000010
INFO | EPOCH_239 | [B=12, T=28, D=2] true=0.305531 pred=0.305520 diff=-0.000011 abs_err=0.000011
INFO | EPOCH_239 | [B=41, T=28, D=6] true=0.525608 pred=0.525624 diff=+0.000016 abs_err=0.000016
INFO | EPOCH_249 | RANDOM 15 masked points (true, pred, diff, abs_err):
INFO | EPOCH_249 | [B=60, T=20, D=7] true=0.515693 pred=0.475627 diff=-0.040066 abs_err=0.040066
INFO | EPOCH_249 | [B=16, T=27, D=6] true=0.656203 pred=0.626185 diff=-0.030018 abs_err=0.030018
INFO | EPOCH_249 | [B=7, T=18, D=4] true=0.454961 pred=0.460247 diff=+0.005286 abs_err=0.005286
INFO | EPOCH_249 | [B=51, T=6, D=7] true=0.482493 pred=0.487324 diff=+0.004832 abs_err=0.004832
INFO | EPOCH_249 | [B=32, T=25, D=1] true=0.468504 pred=0.469885 diff=+0.001381 abs_err=0.001381
INFO | EPOCH_249 | [B=52, T=6, D=7] true=0.496982 pred=0.491555 diff=-0.005427 abs_err=0.005427
INFO | EPOCH_249 | [B=14, T=13, D=4] true=0.485860 pred=0.447384 diff=-0.038476 abs_err=0.038476
INFO | EPOCH_249 | [B=30, T=8, D=4] true=0.578232 pred=0.582717 diff=+0.004485 abs_err=0.004485
INFO | EPOCH_249 | [B=52, T=26, D=10] true=0.507664 pred=0.529745 diff=+0.022081 abs_err=0.022081
INFO | EPOCH_249 | [B=61, T=15, D=10] true=0.457624 pred=0.477103 diff=+0.019479 abs_err=0.019479
INFO | EPOCH_249 | [B=36, T=24, D=1] true=0.602745 pred=0.595704 diff=-0.007041 abs_err=0.007041
INFO | EPOCH_249 | [B=41, T=24, D=4] true=0.603533 pred=0.602067 diff=-0.001465 abs_err=0.001465
INFO | EPOCH_249 | [B=39, T=22, D=4] true=0.479698 pred=0.474840 diff=-0.004858 abs_err=0.004858
INFO | EPOCH_249 | [B=40, T=19, D=11] true=0.299376 pred=0.327259 diff=+0.027883 abs_err=0.027883
INFO | EPOCH_249 | [B=2, T=5, D=8] true=0.390603 pred=0.363971 diff=-0.026632 abs_err=0.026632
INFO | EPOCH_249 | TOP 5 WORST masked points (largest abs_err):
INFO | EPOCH_249 | [B=25, T=9, D=9] true=0.784880 pred=0.521275 diff=-0.263605 abs_err=0.263605
INFO | EPOCH_249 | [B=49, T=9, D=10] true=0.358823 pred=0.580132 diff=+0.221308 abs_err=0.221308
INFO | EPOCH_249 | [B=49, T=15, D=10] true=0.364645 pred=0.585767 diff=+0.221122 abs_err=0.221122
INFO | EPOCH_249 | [B=41, T=26, D=9] true=0.727412 pred=0.510953 diff=-0.216459 abs_err=0.216459
INFO | EPOCH_249 | [B=35, T=24, D=9] true=0.725668 pred=0.510276 diff=-0.215392 abs_err=0.215392
INFO | EPOCH_249 | TOP 5 BEST/CORRECT masked points (smallest abs_err):
INFO | EPOCH_249 | [B=29, T=7, D=4] true=0.481124 pred=0.481125 diff=+0.000001 abs_err=0.000001
INFO | EPOCH_249 | [B=25, T=5, D=4] true=0.537315 pred=0.537318 diff=+0.000002 abs_err=0.000002
INFO | EPOCH_249 | [B=5, T=17, D=2] true=0.336651 pred=0.336654 diff=+0.000003 abs_err=0.000003
INFO | EPOCH_249 | [B=58, T=28, D=5] true=0.335507 pred=0.335504 diff=-0.000004 abs_err=0.000004
INFO | EPOCH_249 | [B=2, T=16, D=9] true=0.796869 pred=0.796873 diff=+0.000004 abs_err=0.000004
INFO | EPOCH_259 | RANDOM 15 masked points (true, pred, diff, abs_err):
INFO | EPOCH_259 | [B=5, T=25, D=3] true=0.633708 pred=0.610781 diff=-0.022927 abs_err=0.022927
INFO | EPOCH_259 | [B=36, T=10, D=7] true=0.434470 pred=0.430098 diff=-0.004372 abs_err=0.004372
INFO | EPOCH_259 | [B=5, T=13, D=3] true=0.632778 pred=0.611957 diff=-0.020821 abs_err=0.020821
INFO | EPOCH_259 | [B=45, T=14, D=1] true=0.496326 pred=0.492925 diff=-0.003401 abs_err=0.003401
INFO | EPOCH_259 | [B=41, T=28, D=10] true=0.477229 pred=0.457847 diff=-0.019382 abs_err=0.019382
INFO | EPOCH_259 | [B=39, T=21, D=1] true=0.449071 pred=0.502584 diff=+0.053513 abs_err=0.053513
INFO | EPOCH_259 | [B=34, T=26, D=5] true=0.317928 pred=0.322060 diff=+0.004132 abs_err=0.004132
INFO | EPOCH_259 | [B=55, T=12, D=3] true=0.629430 pred=0.621404 diff=-0.008027 abs_err=0.008027
INFO | EPOCH_259 | [B=6, T=15, D=11] true=0.341552 pred=0.336347 diff=-0.005205 abs_err=0.005205
INFO | EPOCH_259 | [B=55, T=4, D=7] true=0.610419 pred=0.599994 diff=-0.010425 abs_err=0.010425
INFO | EPOCH_259 | [B=30, T=26, D=10] true=0.446971 pred=0.485352 diff=+0.038380 abs_err=0.038380
INFO | EPOCH_259 | [B=52, T=23, D=1] true=0.636026 pred=0.602228 diff=-0.033798 abs_err=0.033798
INFO | EPOCH_259 | [B=50, T=11, D=4] true=0.597070 pred=0.572210 diff=-0.024861 abs_err=0.024861
INFO | EPOCH_259 | [B=42, T=26, D=2] true=0.352007 pred=0.319350 diff=-0.032657 abs_err=0.032657
INFO | EPOCH_259 | [B=54, T=10, D=4] true=0.607485 pred=0.599278 diff=-0.008207 abs_err=0.008207
INFO | EPOCH_259 | TOP 5 WORST masked points (largest abs_err):
INFO | EPOCH_259 | [B=28, T=19, D=11] true=0.067170 pred=0.387726 diff=+0.320556 abs_err=0.320556
INFO | EPOCH_259 | [B=9, T=8, D=6] true=0.733707 pred=0.422200 diff=-0.311506 abs_err=0.311506
INFO | EPOCH_259 | [B=9, T=18, D=6] true=0.737381 pred=0.428567 diff=-0.308814 abs_err=0.308814
INFO | EPOCH_259 | [B=44, T=20, D=6] true=0.319519 pred=0.614577 diff=+0.295059 abs_err=0.295059
INFO | EPOCH_259 | [B=33, T=10, D=9] true=0.757185 pred=0.462311 diff=-0.294874 abs_err=0.294874
INFO | EPOCH_259 | TOP 5 BEST/CORRECT masked points (smallest abs_err):
INFO | EPOCH_259 | [B=36, T=20, D=7] true=0.461842 pred=0.461841 diff=-0.000001 abs_err=0.000001
INFO | EPOCH_259 | [B=32, T=11, D=10] true=0.433502 pred=0.433498 diff=-0.000004 abs_err=0.000004
INFO | EPOCH_259 | [B=54, T=9, D=8] true=0.362361 pred=0.362368 diff=+0.000007 abs_err=0.000007
INFO | EPOCH_259 | [B=31, T=12, D=11] true=0.304238 pred=0.304231 diff=-0.000008 abs_err=0.000008
INFO | EPOCH_259 | [B=6, T=5, D=7] true=0.531492 pred=0.531505 diff=+0.000013 abs_err=0.000013
INFO | EPOCH_269 | RANDOM 15 masked points (true, pred, diff, abs_err):
INFO | EPOCH_269 | [B=22, T=19, D=11] true=0.330301 pred=0.394312 diff=+0.064011 abs_err=0.064011
INFO | EPOCH_269 | [B=0, T=1, D=4] true=0.427593 pred=0.426343 diff=-0.001250 abs_err=0.001250
INFO | EPOCH_269 | [B=50, T=11, D=1] true=0.416581 pred=0.481632 diff=+0.065051 abs_err=0.065051
INFO | EPOCH_269 | [B=63, T=28, D=4] true=0.428079 pred=0.439530 diff=+0.011451 abs_err=0.011451
INFO | EPOCH_269 | [B=52, T=0, D=5] true=0.306350 pred=0.305337 diff=-0.001013 abs_err=0.001013
INFO | EPOCH_269 | [B=51, T=26, D=2] true=0.317396 pred=0.317728 diff=+0.000332 abs_err=0.000332
INFO | EPOCH_269 | [B=52, T=1, D=7] true=0.582677 pred=0.584591 diff=+0.001914 abs_err=0.001914
INFO | EPOCH_269 | [B=55, T=21, D=3] true=0.753288 pred=0.683137 diff=-0.070151 abs_err=0.070151
INFO | EPOCH_269 | [B=28, T=26, D=9] true=0.501286 pred=0.512008 diff=+0.010722 abs_err=0.010722
INFO | EPOCH_269 | [B=27, T=15, D=5] true=0.319675 pred=0.342552 diff=+0.022877 abs_err=0.022877
INFO | EPOCH_269 | [B=50, T=2, D=4] true=0.437492 pred=0.423643 diff=-0.013848 abs_err=0.013848
INFO | EPOCH_269 | [B=20, T=16, D=1] true=0.480691 pred=0.469655 diff=-0.011035 abs_err=0.011035
INFO | EPOCH_269 | [B=8, T=22, D=2] true=0.359874 pred=0.360692 diff=+0.000818 abs_err=0.000818
INFO | EPOCH_269 | [B=13, T=22, D=10] true=0.528518 pred=0.519577 diff=-0.008941 abs_err=0.008941
INFO | EPOCH_269 | [B=39, T=9, D=3] true=0.611422 pred=0.604461 diff=-0.006961 abs_err=0.006961
INFO | EPOCH_269 | TOP 5 WORST masked points (largest abs_err):
INFO | EPOCH_269 | [B=47, T=22, D=9] true=0.938414 pred=0.604010 diff=-0.334403 abs_err=0.334403
INFO | EPOCH_269 | [B=26, T=8, D=6] true=0.498543 pred=0.825117 diff=+0.326575 abs_err=0.326575
INFO | EPOCH_269 | [B=53, T=1, D=11] true=0.165065 pred=0.477083 diff=+0.312018 abs_err=0.312018
INFO | EPOCH_269 | [B=47, T=19, D=9] true=0.905669 pred=0.607623 diff=-0.298047 abs_err=0.298047
INFO | EPOCH_269 | [B=14, T=5, D=6] true=0.323984 pred=0.607684 diff=+0.283700 abs_err=0.283700
INFO | EPOCH_269 | TOP 5 BEST/CORRECT masked points (smallest abs_err):
INFO | EPOCH_269 | [B=53, T=25, D=0] true=0.540259 pred=0.540260 diff=+0.000002 abs_err=0.000002
INFO | EPOCH_269 | [B=53, T=28, D=8] true=0.429845 pred=0.429846 diff=+0.000002 abs_err=0.000002
INFO | EPOCH_269 | [B=19, T=6, D=2] true=0.350648 pred=0.350644 diff=-0.000004 abs_err=0.000004
INFO | EPOCH_269 | [B=27, T=9, D=9] true=0.502261 pred=0.502265 diff=+0.000004 abs_err=0.000004
INFO | EPOCH_269 | [B=17, T=9, D=2] true=0.342753 pred=0.342748 diff=-0.000005 abs_err=0.000005
INFO | EPOCH_279 | RANDOM 15 masked points (true, pred, diff, abs_err):
INFO | EPOCH_279 | [B=58, T=27, D=1] true=0.482963 pred=0.496463 diff=+0.013500 abs_err=0.013500
INFO | EPOCH_279 | [B=17, T=13, D=11] true=0.330437 pred=0.354568 diff=+0.024131 abs_err=0.024131
INFO | EPOCH_279 | [B=7, T=13, D=4] true=0.479463 pred=0.490520 diff=+0.011057 abs_err=0.011057
INFO | EPOCH_279 | [B=55, T=0, D=9] true=0.745127 pred=0.717714 diff=-0.027413 abs_err=0.027413
INFO | EPOCH_279 | [B=59, T=28, D=3] true=0.535110 pred=0.537232 diff=+0.002122 abs_err=0.002122
INFO | EPOCH_279 | [B=5, T=14, D=4] true=0.534656 pred=0.536091 diff=+0.001435 abs_err=0.001435
INFO | EPOCH_279 | [B=21, T=2, D=9] true=0.640548 pred=0.629037 diff=-0.011511 abs_err=0.011511
INFO | EPOCH_279 | [B=11, T=3, D=5] true=0.280320 pred=0.292819 diff=+0.012499 abs_err=0.012499
INFO | EPOCH_279 | [B=60, T=30, D=1] true=0.507778 pred=0.484802 diff=-0.022975 abs_err=0.022975
INFO | EPOCH_279 | [B=43, T=22, D=10] true=0.465489 pred=0.470208 diff=+0.004719 abs_err=0.004719
INFO | EPOCH_279 | [B=17, T=28, D=11] true=0.373736 pred=0.375797 diff=+0.002062 abs_err=0.002062
INFO | EPOCH_279 | [B=55, T=20, D=3] true=0.644175 pred=0.615245 diff=-0.028931 abs_err=0.028931
INFO | EPOCH_279 | [B=54, T=11, D=11] true=0.359963 pred=0.363372 diff=+0.003409 abs_err=0.003409
INFO | EPOCH_279 | [B=1, T=20, D=5] true=0.368485 pred=0.353532 diff=-0.014953 abs_err=0.014953
INFO | EPOCH_279 | [B=39, T=6, D=0] true=0.672215 pred=0.656442 diff=-0.015773 abs_err=0.015773
INFO | EPOCH_279 | TOP 5 WORST masked points (largest abs_err):
INFO | EPOCH_279 | [B=47, T=24, D=6] true=0.508596 pred=0.853507 diff=+0.344911 abs_err=0.344911
INFO | EPOCH_279 | [B=47, T=28, D=9] true=0.476679 pred=0.793655 diff=+0.316977 abs_err=0.316977
INFO | EPOCH_279 | [B=7, T=7, D=0] true=0.760210 pred=0.499569 diff=-0.260641 abs_err=0.260641
INFO | EPOCH_279 | [B=0, T=28, D=9] true=0.750030 pred=0.489391 diff=-0.260639 abs_err=0.260639
INFO | EPOCH_279 | [B=6, T=22, D=9] true=0.758224 pred=0.507358 diff=-0.250865 abs_err=0.250865
INFO | EPOCH_279 | TOP 5 BEST/CORRECT masked points (smallest abs_err):
INFO | EPOCH_279 | [B=34, T=8, D=11] true=0.333624 pred=0.333628 diff=+0.000004 abs_err=0.000004
INFO | EPOCH_279 | [B=63, T=16, D=10] true=0.443323 pred=0.443329 diff=+0.000006 abs_err=0.000006
INFO | EPOCH_279 | [B=52, T=8, D=5] true=0.320691 pred=0.320697 diff=+0.000006 abs_err=0.000006
INFO | EPOCH_279 | [B=36, T=5, D=5] true=0.307180 pred=0.307194 diff=+0.000014 abs_err=0.000014
INFO | EPOCH_279 | [B=17, T=31, D=8] true=0.409777 pred=0.409757 diff=-0.000020 abs_err=0.000020
INFO | EPOCH_289 | RANDOM 15 masked points (true, pred, diff, abs_err):
INFO | EPOCH_289 | [B=17, T=24, D=6] true=0.719271 pred=0.700655 diff=-0.018616 abs_err=0.018616
INFO | EPOCH_289 | [B=15, T=3, D=8] true=0.355577 pred=0.356220 diff=+0.000643 abs_err=0.000643
INFO | EPOCH_289 | [B=46, T=27, D=0] true=0.639228 pred=0.622313 diff=-0.016915 abs_err=0.016915
INFO | EPOCH_289 | [B=6, T=22, D=4] true=0.498296 pred=0.506342 diff=+0.008046 abs_err=0.008046
INFO | EPOCH_289 | [B=3, T=27, D=2] true=0.310463 pred=0.323158 diff=+0.012695 abs_err=0.012695
INFO | EPOCH_289 | [B=47, T=27, D=3] true=0.694110 pred=0.691278 diff=-0.002832 abs_err=0.002832
INFO | EPOCH_289 | [B=63, T=17, D=8] true=0.438538 pred=0.406363 diff=-0.032174 abs_err=0.032174
INFO | EPOCH_289 | [B=34, T=2, D=0] true=0.662810 pred=0.633826 diff=-0.028984 abs_err=0.028984
INFO | EPOCH_289 | [B=53, T=17, D=3] true=0.711703 pred=0.705611 diff=-0.006092 abs_err=0.006092
INFO | EPOCH_289 | [B=47, T=29, D=0] true=0.637210 pred=0.616050 diff=-0.021160 abs_err=0.021160
INFO | EPOCH_289 | [B=23, T=19, D=10] true=0.601999 pred=0.577621 diff=-0.024378 abs_err=0.024378
INFO | EPOCH_289 | [B=53, T=6, D=2] true=0.342402 pred=0.335836 diff=-0.006566 abs_err=0.006566
INFO | EPOCH_289 | [B=23, T=12, D=2] true=0.278589 pred=0.294748 diff=+0.016160 abs_err=0.016160
INFO | EPOCH_289 | [B=25, T=27, D=1] true=0.538926 pred=0.531483 diff=-0.007443 abs_err=0.007443
INFO | EPOCH_289 | [B=17, T=7, D=11] true=0.416820 pred=0.404189 diff=-0.012630 abs_err=0.012630
INFO | EPOCH_289 | TOP 5 WORST masked points (largest abs_err):
INFO | EPOCH_289 | [B=17, T=2, D=6] true=0.312481 pred=0.756941 diff=+0.444459 abs_err=0.444459
INFO | EPOCH_289 | [B=17, T=6, D=6] true=0.311567 pred=0.752089 diff=+0.440522 abs_err=0.440522
INFO | EPOCH_289 | [B=37, T=28, D=6] true=0.994352 pred=0.665370 diff=-0.328982 abs_err=0.328982
INFO | EPOCH_289 | [B=32, T=28, D=3] true=0.462050 pred=0.729953 diff=+0.267902 abs_err=0.267902
INFO | EPOCH_289 | [B=32, T=3, D=3] true=0.471634 pred=0.730593 diff=+0.258959 abs_err=0.258959
INFO | EPOCH_289 | TOP 5 BEST/CORRECT masked points (smallest abs_err):
INFO | EPOCH_289 | [B=41, T=17, D=2] true=0.366142 pred=0.366140 diff=-0.000002 abs_err=0.000002
INFO | EPOCH_289 | [B=10, T=6, D=5] true=0.377534 pred=0.377537 diff=+0.000003 abs_err=0.000003
INFO | EPOCH_289 | [B=41, T=25, D=9] true=0.810233 pred=0.810236 diff=+0.000003 abs_err=0.000003
INFO | EPOCH_289 | [B=34, T=28, D=5] true=0.351253 pred=0.351249 diff=-0.000004 abs_err=0.000004
INFO | EPOCH_289 | [B=26, T=31, D=2] true=0.309599 pred=0.309595 diff=-0.000004 abs_err=0.000004
INFO | EPOCH_299 | RANDOM 15 masked points (true, pred, diff, abs_err):
INFO | EPOCH_299 | [B=15, T=16, D=9] true=0.475331 pred=0.482617 diff=+0.007286 abs_err=0.007286
INFO | EPOCH_299 | [B=26, T=3, D=7] true=0.463549 pred=0.469060 diff=+0.005511 abs_err=0.005511
INFO | EPOCH_299 | [B=48, T=27, D=0] true=0.660925 pred=0.646925 diff=-0.014000 abs_err=0.014000
INFO | EPOCH_299 | [B=33, T=11, D=6] true=0.837754 pred=0.819904 diff=-0.017850 abs_err=0.017850
INFO | EPOCH_299 | [B=29, T=3, D=11] true=0.401228 pred=0.397317 diff=-0.003911 abs_err=0.003911
INFO | EPOCH_299 | [B=0, T=21, D=2] true=0.359608 pred=0.310245 diff=-0.049364 abs_err=0.049364
INFO | EPOCH_299 | [B=10, T=3, D=1] true=0.629701 pred=0.591519 diff=-0.038182 abs_err=0.038182
INFO | EPOCH_299 | [B=31, T=4, D=11] true=0.349748 pred=0.343712 diff=-0.006036 abs_err=0.006036
INFO | EPOCH_299 | [B=24, T=22, D=3] true=0.727131 pred=0.654240 diff=-0.072891 abs_err=0.072891
INFO | EPOCH_299 | [B=2, T=30, D=0] true=0.691469 pred=0.684203 diff=-0.007266 abs_err=0.007266
INFO | EPOCH_299 | [B=12, T=19, D=4] true=0.477284 pred=0.470353 diff=-0.006932 abs_err=0.006932
INFO | EPOCH_299 | [B=13, T=4, D=0] true=0.801165 pred=0.795516 diff=-0.005649 abs_err=0.005649
INFO | EPOCH_299 | [B=5, T=4, D=11] true=0.384844 pred=0.393995 diff=+0.009151 abs_err=0.009151
INFO | EPOCH_299 | [B=4, T=8, D=6] true=0.424171 pred=0.429217 diff=+0.005046 abs_err=0.005046
INFO | EPOCH_299 | [B=28, T=13, D=9] true=0.762599 pred=0.698340 diff=-0.064259 abs_err=0.064259
INFO | EPOCH_299 | TOP 5 WORST masked points (largest abs_err):
INFO | EPOCH_299 | [B=46, T=10, D=6] true=0.309465 pred=0.670495 diff=+0.361030 abs_err=0.361030
INFO | EPOCH_299 | [B=46, T=13, D=6] true=0.309158 pred=0.665162 diff=+0.356004 abs_err=0.356004
INFO | EPOCH_299 | [B=26, T=5, D=9] true=0.397682 pred=0.702531 diff=+0.304849 abs_err=0.304849
INFO | EPOCH_299 | [B=10, T=5, D=9] true=0.752157 pred=0.469218 diff=-0.282939 abs_err=0.282939
INFO | EPOCH_299 | [B=17, T=16, D=6] true=0.706091 pred=0.426382 diff=-0.279709 abs_err=0.279709
INFO | EPOCH_299 | TOP 5 BEST/CORRECT masked points (smallest abs_err):
INFO | EPOCH_299 | [B=17, T=15, D=1] true=0.597109 pred=0.597107 diff=-0.000002 abs_err=0.000002
INFO | EPOCH_299 | [B=39, T=16, D=10] true=0.469925 pred=0.469915 diff=-0.000010 abs_err=0.000010
INFO | EPOCH_299 | [B=41, T=24, D=11] true=0.325716 pred=0.325704 diff=-0.000013 abs_err=0.000013
INFO | EPOCH_299 | [B=59, T=9, D=1] true=0.449753 pred=0.449740 diff=-0.000013 abs_err=0.000013
INFO | EPOCH_299 | [B=47, T=10, D=11] true=0.412493 pred=0.412508 diff=+0.000014 abs_err=0.000014
