INFO | - Epoch 000, ExpID 78375
INFO | Train - Loss (one batch): 0.01418
INFO | Val - Loss, MSE, RMSE, MAE: 0.01416, 0.01416, 0.11796, 0.09092
INFO | Test - Best epoch 0, Loss, MSE, RMSE, MAE: 0.34817, 0.34817, 0.58433, 0.43785
INFO | Time spent: 4.38s
INFO | - Epoch 001, ExpID 78375
INFO | Train - Loss (one batch): 0.00348
INFO | Val - Loss, MSE, RMSE, MAE: 0.00400, 0.00400, 0.06257, 0.04133
INFO | Test - Best epoch 1, Loss, MSE, RMSE, MAE: 0.09002, 0.09002, 0.29745, 0.19262
INFO | Time spent: 3.27s
INFO | - Epoch 002, ExpID 78375
INFO | Train - Loss (one batch): 0.00390
INFO | Val - Loss, MSE, RMSE, MAE: 0.00381, 0.00381, 0.06107, 0.04028
INFO | Test - Best epoch 2, Loss, MSE, RMSE, MAE: 0.08514, 0.08514, 0.28937, 0.18774
INFO | Time spent: 3.26s
INFO | - Epoch 003, ExpID 78375
INFO | Train - Loss (one batch): 0.00351
INFO | Val - Loss, MSE, RMSE, MAE: 0.00385, 0.00385, 0.06141, 0.04135
INFO | Test - Best epoch 2, Loss, MSE, RMSE, MAE: 0.08514, 0.08514, 0.28937, 0.18774
INFO | Time spent: 2.81s
INFO | - Epoch 004, ExpID 78375
INFO | Train - Loss (one batch): 0.00339
INFO | Val - Loss, MSE, RMSE, MAE: 0.00347, 0.00347, 0.05819, 0.03599
INFO | Test - Best epoch 4, Loss, MSE, RMSE, MAE: 0.07710, 0.07710, 0.27540, 0.16749
INFO | Time spent: 3.25s
INFO | - Epoch 005, ExpID 78375
INFO | Train - Loss (one batch): 0.00386
INFO | Val - Loss, MSE, RMSE, MAE: 0.00458, 0.00458, 0.06721, 0.04974
INFO | Test - Best epoch 4, Loss, MSE, RMSE, MAE: 0.07710, 0.07710, 0.27540, 0.16749
INFO | Time spent: 2.81s
INFO | - Epoch 006, ExpID 78375
INFO | Train - Loss (one batch): 0.00316
INFO | Val - Loss, MSE, RMSE, MAE: 0.00352, 0.00352, 0.05859, 0.03722
INFO | Test - Best epoch 4, Loss, MSE, RMSE, MAE: 0.07710, 0.07710, 0.27540, 0.16749
INFO | Time spent: 2.80s
INFO | - Epoch 007, ExpID 78375
INFO | Train - Loss (one batch): 0.00360
INFO | Val - Loss, MSE, RMSE, MAE: 0.00394, 0.00394, 0.06224, 0.04339
INFO | Test - Best epoch 4, Loss, MSE, RMSE, MAE: 0.07710, 0.07710, 0.27540, 0.16749
INFO | Time spent: 2.90s
INFO | - Epoch 008, ExpID 78375
INFO | Train - Loss (one batch): 0.00261
INFO | Val - Loss, MSE, RMSE, MAE: 0.00339, 0.00339, 0.05744, 0.03574
INFO | Test - Best epoch 8, Loss, MSE, RMSE, MAE: 0.07545, 0.07545, 0.27230, 0.16590
INFO | Time spent: 3.20s
INFO | - Epoch 009, ExpID 78375
INFO | Train - Loss (one batch): 0.00224
INFO | Val - Loss, MSE, RMSE, MAE: 0.00340, 0.00340, 0.05756, 0.03682
INFO | Test - Best epoch 8, Loss, MSE, RMSE, MAE: 0.07545, 0.07545, 0.27230, 0.16590
INFO | Time spent: 2.74s
INFO | - Epoch 010, ExpID 78375
INFO | Train - Loss (one batch): 0.00293
INFO | Val - Loss, MSE, RMSE, MAE: 0.00364, 0.00364, 0.05969, 0.04043
INFO | Test - Best epoch 8, Loss, MSE, RMSE, MAE: 0.07545, 0.07545, 0.27230, 0.16590
INFO | Time spent: 2.83s
INFO | - Epoch 011, ExpID 78375
INFO | Train - Loss (one batch): 0.00304
INFO | Val - Loss, MSE, RMSE, MAE: 0.00329, 0.00329, 0.05664, 0.03552
INFO | Test - Best epoch 11, Loss, MSE, RMSE, MAE: 0.07343, 0.07343, 0.26888, 0.16645
INFO | Time spent: 3.26s
INFO | - Epoch 012, ExpID 78375
INFO | Train - Loss (one batch): 0.00220
INFO | Val - Loss, MSE, RMSE, MAE: 0.00315, 0.00315, 0.05538, 0.03389
INFO | Test - Best epoch 12, Loss, MSE, RMSE, MAE: 0.07015, 0.07015, 0.26261, 0.15853
INFO | Time spent: 3.35s
INFO | - Epoch 013, ExpID 78375
INFO | Train - Loss (one batch): 0.00261
INFO | Val - Loss, MSE, RMSE, MAE: 0.00323, 0.00323, 0.05606, 0.03446
INFO | Test - Best epoch 12, Loss, MSE, RMSE, MAE: 0.07015, 0.07015, 0.26261, 0.15853
INFO | Time spent: 2.81s
INFO | - Epoch 014, ExpID 78375
INFO | Train - Loss (one batch): 0.00374
INFO | Val - Loss, MSE, RMSE, MAE: 0.00358, 0.00358, 0.05925, 0.04016
INFO | Test - Best epoch 12, Loss, MSE, RMSE, MAE: 0.07015, 0.07015, 0.26261, 0.15853
INFO | Time spent: 3.04s
INFO | - Epoch 015, ExpID 78375
INFO | Train - Loss (one batch): 0.00321
INFO | Val - Loss, MSE, RMSE, MAE: 0.00379, 0.00379, 0.06099, 0.04232
INFO | Test - Best epoch 12, Loss, MSE, RMSE, MAE: 0.07015, 0.07015, 0.26261, 0.15853
INFO | Time spent: 2.80s
INFO | - Epoch 016, ExpID 78375
INFO | Train - Loss (one batch): 0.00304
INFO | Val - Loss, MSE, RMSE, MAE: 0.00311, 0.00311, 0.05501, 0.03386
INFO | Test - Best epoch 16, Loss, MSE, RMSE, MAE: 0.06900, 0.06900, 0.26037, 0.15832
INFO | Time spent: 3.24s
INFO | - Epoch 017, ExpID 78375
INFO | Train - Loss (one batch): 0.00281
INFO | Val - Loss, MSE, RMSE, MAE: 0.00312, 0.00312, 0.05514, 0.03394
INFO | Test - Best epoch 16, Loss, MSE, RMSE, MAE: 0.06900, 0.06900, 0.26037, 0.15832
INFO | Time spent: 2.80s
INFO | - Epoch 018, ExpID 78375
INFO | Train - Loss (one batch): 0.00341
INFO | Val - Loss, MSE, RMSE, MAE: 0.00309, 0.00309, 0.05486, 0.03370
INFO | Test - Best epoch 18, Loss, MSE, RMSE, MAE: 0.06859, 0.06859, 0.25961, 0.15766
INFO | Time spent: 3.25s
INFO | - Epoch 019, ExpID 78375
INFO | Train - Loss (one batch): 0.00300
INFO | Val - Loss, MSE, RMSE, MAE: 0.00310, 0.00310, 0.05493, 0.03399
INFO | Test - Best epoch 18, Loss, MSE, RMSE, MAE: 0.06859, 0.06859, 0.25961, 0.15766
INFO | Time spent: 2.79s
INFO | - Epoch 020, ExpID 78375
INFO | Train - Loss (one batch): 0.00283
INFO | Val - Loss, MSE, RMSE, MAE: 0.00312, 0.00312, 0.05512, 0.03404
INFO | Test - Best epoch 18, Loss, MSE, RMSE, MAE: 0.06859, 0.06859, 0.25961, 0.15766
INFO | Time spent: 2.75s
INFO | - Epoch 021, ExpID 78375
INFO | Train - Loss (one batch): 0.00279
INFO | Val - Loss, MSE, RMSE, MAE: 0.00367, 0.00367, 0.05997, 0.04152
INFO | Test - Best epoch 18, Loss, MSE, RMSE, MAE: 0.06859, 0.06859, 0.25961, 0.15766
INFO | Time spent: 2.74s
INFO | - Epoch 022, ExpID 78375
INFO | Train - Loss (one batch): 0.00225
INFO | Val - Loss, MSE, RMSE, MAE: 0.00309, 0.00309, 0.05482, 0.03433
INFO | Test - Best epoch 22, Loss, MSE, RMSE, MAE: 0.06842, 0.06842, 0.25919, 0.16042
INFO | Time spent: 3.19s
INFO | - Epoch 023, ExpID 78375
INFO | Train - Loss (one batch): 0.00295
INFO | Val - Loss, MSE, RMSE, MAE: 0.00320, 0.00320, 0.05592, 0.03563
INFO | Test - Best epoch 22, Loss, MSE, RMSE, MAE: 0.06842, 0.06842, 0.25919, 0.16042
INFO | Time spent: 2.74s
INFO | - Epoch 024, ExpID 78375
INFO | Train - Loss (one batch): 0.00362
INFO | Val - Loss, MSE, RMSE, MAE: 0.00369, 0.00369, 0.06008, 0.04162
INFO | Test - Best epoch 22, Loss, MSE, RMSE, MAE: 0.06842, 0.06842, 0.25919, 0.16042
INFO | Time spent: 2.99s
INFO | - Epoch 025, ExpID 78375
INFO | Train - Loss (one batch): 0.00223
INFO | Val - Loss, MSE, RMSE, MAE: 0.00333, 0.00333, 0.05707, 0.03750
INFO | Test - Best epoch 22, Loss, MSE, RMSE, MAE: 0.06842, 0.06842, 0.25919, 0.16042
INFO | Time spent: 2.75s
INFO | - Epoch 026, ExpID 78375
INFO | Train - Loss (one batch): 0.00319
INFO | Val - Loss, MSE, RMSE, MAE: 0.00306, 0.00306, 0.05459, 0.03404
INFO | Test - Best epoch 26, Loss, MSE, RMSE, MAE: 0.06825, 0.06825, 0.25913, 0.16023
INFO | Time spent: 3.19s
INFO | - Epoch 027, ExpID 78375
INFO | Train - Loss (one batch): 0.00274
INFO | Val - Loss, MSE, RMSE, MAE: 0.00312, 0.00312, 0.05511, 0.03475
INFO | Test - Best epoch 26, Loss, MSE, RMSE, MAE: 0.06825, 0.06825, 0.25913, 0.16023
INFO | Time spent: 2.78s
INFO | - Epoch 028, ExpID 78375
INFO | Train - Loss (one batch): 0.00258
INFO | Val - Loss, MSE, RMSE, MAE: 0.00303, 0.00303, 0.05430, 0.03347
INFO | Test - Best epoch 28, Loss, MSE, RMSE, MAE: 0.06718, 0.06718, 0.25694, 0.15654
INFO | Time spent: 3.19s
INFO | - Epoch 029, ExpID 78375
INFO | Train - Loss (one batch): 0.00246
INFO | Val - Loss, MSE, RMSE, MAE: 0.00320, 0.00320, 0.05584, 0.03602
INFO | Test - Best epoch 28, Loss, MSE, RMSE, MAE: 0.06718, 0.06718, 0.25694, 0.15654
INFO | Time spent: 2.73s
INFO | - Epoch 030, ExpID 78375
INFO | Train - Loss (one batch): 0.00252
INFO | Val - Loss, MSE, RMSE, MAE: 0.00301, 0.00301, 0.05419, 0.03351
INFO | Test - Best epoch 30, Loss, MSE, RMSE, MAE: 0.06705, 0.06705, 0.25674, 0.15758
INFO | Time spent: 3.27s
INFO | - Epoch 031, ExpID 78375
INFO | Train - Loss (one batch): 0.00296
INFO | Val - Loss, MSE, RMSE, MAE: 0.00319, 0.00319, 0.05581, 0.03582
INFO | Test - Best epoch 30, Loss, MSE, RMSE, MAE: 0.06705, 0.06705, 0.25674, 0.15758
INFO | Time spent: 2.82s
INFO | - Epoch 032, ExpID 78375
INFO | Train - Loss (one batch): 0.00254
INFO | Val - Loss, MSE, RMSE, MAE: 0.00302, 0.00302, 0.05426, 0.03356
INFO | Test - Best epoch 30, Loss, MSE, RMSE, MAE: 0.06705, 0.06705, 0.25674, 0.15758
INFO | Time spent: 2.83s
INFO | - Epoch 033, ExpID 78375
INFO | Train - Loss (one batch): 0.00301
INFO | Val - Loss, MSE, RMSE, MAE: 0.00303, 0.00303, 0.05433, 0.03378
INFO | Test - Best epoch 30, Loss, MSE, RMSE, MAE: 0.06705, 0.06705, 0.25674, 0.15758
INFO | Time spent: 2.79s
INFO | - Epoch 034, ExpID 78375
INFO | Train - Loss (one batch): 0.00229
INFO | Val - Loss, MSE, RMSE, MAE: 0.00318, 0.00318, 0.05572, 0.03524
INFO | Test - Best epoch 30, Loss, MSE, RMSE, MAE: 0.06705, 0.06705, 0.25674, 0.15758
INFO | Time spent: 2.79s
INFO | - Epoch 035, ExpID 78375
INFO | Train - Loss (one batch): 0.00252
INFO | Val - Loss, MSE, RMSE, MAE: 0.00304, 0.00304, 0.05443, 0.03383
INFO | Test - Best epoch 30, Loss, MSE, RMSE, MAE: 0.06705, 0.06705, 0.25674, 0.15758
INFO | Time spent: 2.80s
INFO | - Epoch 036, ExpID 78375
INFO | Train - Loss (one batch): 0.00239
INFO | Val - Loss, MSE, RMSE, MAE: 0.00326, 0.00326, 0.05641, 0.03721
INFO | Test - Best epoch 30, Loss, MSE, RMSE, MAE: 0.06705, 0.06705, 0.25674, 0.15758
INFO | Time spent: 2.80s
INFO | - Epoch 037, ExpID 78375
INFO | Train - Loss (one batch): 0.00283
INFO | Val - Loss, MSE, RMSE, MAE: 0.00298, 0.00298, 0.05394, 0.03361
INFO | Test - Best epoch 37, Loss, MSE, RMSE, MAE: 0.06664, 0.06664, 0.25599, 0.15828
INFO | Time spent: 3.24s
INFO | - Epoch 038, ExpID 78375
INFO | Train - Loss (one batch): 0.00279
INFO | Val - Loss, MSE, RMSE, MAE: 0.00298, 0.00298, 0.05390, 0.03367
INFO | Test - Best epoch 38, Loss, MSE, RMSE, MAE: 0.06673, 0.06673, 0.25617, 0.15893
INFO | Time spent: 3.26s
INFO | - Epoch 039, ExpID 78375
INFO | Train - Loss (one batch): 0.00255
INFO | Val - Loss, MSE, RMSE, MAE: 0.00297, 0.00297, 0.05374, 0.03336
INFO | Test - Best epoch 39, Loss, MSE, RMSE, MAE: 0.06600, 0.06600, 0.25468, 0.15655
INFO | Time spent: 3.43s
INFO | - Epoch 040, ExpID 78375
INFO | Train - Loss (one batch): 0.00222
INFO | Val - Loss, MSE, RMSE, MAE: 0.00299, 0.00299, 0.05400, 0.03343
INFO | Test - Best epoch 39, Loss, MSE, RMSE, MAE: 0.06600, 0.06600, 0.25468, 0.15655
INFO | Time spent: 2.91s
INFO | - Epoch 041, ExpID 78375
INFO | Train - Loss (one batch): 0.00268
INFO | Val - Loss, MSE, RMSE, MAE: 0.00297, 0.00297, 0.05382, 0.03316
INFO | Test - Best epoch 39, Loss, MSE, RMSE, MAE: 0.06600, 0.06600, 0.25468, 0.15655
INFO | Time spent: 2.84s
INFO | - Epoch 042, ExpID 78375
INFO | Train - Loss (one batch): 0.00364
INFO | Val - Loss, MSE, RMSE, MAE: 0.00301, 0.00301, 0.05413, 0.03378
INFO | Test - Best epoch 39, Loss, MSE, RMSE, MAE: 0.06600, 0.06600, 0.25468, 0.15655
INFO | Time spent: 2.84s
INFO | - Epoch 043, ExpID 78375
INFO | Train - Loss (one batch): 0.00390
INFO | Val - Loss, MSE, RMSE, MAE: 0.00306, 0.00306, 0.05459, 0.03467
INFO | Test - Best epoch 39, Loss, MSE, RMSE, MAE: 0.06600, 0.06600, 0.25468, 0.15655
INFO | Time spent: 2.84s
INFO | - Epoch 044, ExpID 78375
INFO | Train - Loss (one batch): 0.00284
INFO | Val - Loss, MSE, RMSE, MAE: 0.00296, 0.00296, 0.05368, 0.03307
INFO | Test - Best epoch 44, Loss, MSE, RMSE, MAE: 0.06600, 0.06600, 0.25471, 0.15612
INFO | Time spent: 3.32s
INFO | - Epoch 045, ExpID 78375
INFO | Train - Loss (one batch): 0.00267
INFO | Val - Loss, MSE, RMSE, MAE: 0.00309, 0.00309, 0.05487, 0.03520
INFO | Test - Best epoch 44, Loss, MSE, RMSE, MAE: 0.06600, 0.06600, 0.25471, 0.15612
INFO | Time spent: 2.87s
INFO | - Epoch 046, ExpID 78375
INFO | Train - Loss (one batch): 0.00266
INFO | Val - Loss, MSE, RMSE, MAE: 0.00297, 0.00297, 0.05383, 0.03353
INFO | Test - Best epoch 44, Loss, MSE, RMSE, MAE: 0.06600, 0.06600, 0.25471, 0.15612
INFO | Time spent: 2.86s
INFO | - Epoch 047, ExpID 78375
INFO | Train - Loss (one batch): 0.00208
INFO | Val - Loss, MSE, RMSE, MAE: 0.00294, 0.00294, 0.05352, 0.03302
INFO | Test - Best epoch 47, Loss, MSE, RMSE, MAE: 0.06548, 0.06548, 0.25359, 0.15545
INFO | Time spent: 3.32s
INFO | - Epoch 048, ExpID 78375
INFO | Train - Loss (one batch): 0.00393
INFO | Val - Loss, MSE, RMSE, MAE: 0.00314, 0.00314, 0.05538, 0.03567
INFO | Test - Best epoch 47, Loss, MSE, RMSE, MAE: 0.06548, 0.06548, 0.25359, 0.15545
INFO | Time spent: 2.86s
INFO | - Epoch 049, ExpID 78375
INFO | Train - Loss (one batch): 0.00243
INFO | Val - Loss, MSE, RMSE, MAE: 0.00311, 0.00311, 0.05512, 0.03568
INFO | Test - Best epoch 47, Loss, MSE, RMSE, MAE: 0.06548, 0.06548, 0.25359, 0.15545
INFO | Time spent: 2.85s
INFO | - Epoch 050, ExpID 78375
INFO | Train - Loss (one batch): 0.00274
INFO | Val - Loss, MSE, RMSE, MAE: 0.00298, 0.00298, 0.05390, 0.03330
INFO | Test - Best epoch 47, Loss, MSE, RMSE, MAE: 0.06548, 0.06548, 0.25359, 0.15545
INFO | Time spent: 2.87s
INFO | - Epoch 051, ExpID 78375
INFO | Train - Loss (one batch): 0.00374
INFO | Val - Loss, MSE, RMSE, MAE: 0.00315, 0.00315, 0.05545, 0.03606
INFO | Test - Best epoch 47, Loss, MSE, RMSE, MAE: 0.06548, 0.06548, 0.25359, 0.15545
INFO | Time spent: 2.86s
INFO | - Epoch 052, ExpID 78375
INFO | Train - Loss (one batch): 0.00285
INFO | Val - Loss, MSE, RMSE, MAE: 0.00313, 0.00313, 0.05528, 0.03581
INFO | Test - Best epoch 47, Loss, MSE, RMSE, MAE: 0.06548, 0.06548, 0.25359, 0.15545
INFO | Time spent: 2.87s
INFO | - Epoch 053, ExpID 78375
INFO | Train - Loss (one batch): 0.00209
INFO | Val - Loss, MSE, RMSE, MAE: 0.00302, 0.00302, 0.05430, 0.03461
INFO | Test - Best epoch 47, Loss, MSE, RMSE, MAE: 0.06548, 0.06548, 0.25359, 0.15545
INFO | Time spent: 2.88s
INFO | - Epoch 054, ExpID 78375
INFO | Train - Loss (one batch): 0.00302
INFO | Val - Loss, MSE, RMSE, MAE: 0.00296, 0.00296, 0.05372, 0.03321
INFO | Test - Best epoch 47, Loss, MSE, RMSE, MAE: 0.06548, 0.06548, 0.25359, 0.15545
INFO | Time spent: 2.87s
INFO | - Epoch 055, ExpID 78375
INFO | Train - Loss (one batch): 0.00311
INFO | Val - Loss, MSE, RMSE, MAE: 0.00294, 0.00294, 0.05354, 0.03290
INFO | Test - Best epoch 47, Loss, MSE, RMSE, MAE: 0.06548, 0.06548, 0.25359, 0.15545
INFO | Time spent: 2.84s
INFO | - Epoch 056, ExpID 78375
INFO | Train - Loss (one batch): 0.00212
INFO | Val - Loss, MSE, RMSE, MAE: 0.00297, 0.00297, 0.05376, 0.03331
INFO | Test - Best epoch 47, Loss, MSE, RMSE, MAE: 0.06548, 0.06548, 0.25359, 0.15545
INFO | Time spent: 2.87s
INFO | - Epoch 057, ExpID 78375
INFO | Train - Loss (one batch): 0.00260
INFO | Val - Loss, MSE, RMSE, MAE: 0.00300, 0.00300, 0.05411, 0.03403
INFO | Test - Best epoch 47, Loss, MSE, RMSE, MAE: 0.06548, 0.06548, 0.25359, 0.15545
INFO | Time spent: 2.87s
INFO | - Epoch 058, ExpID 78375
INFO | Train - Loss (one batch): 0.00370
INFO | Val - Loss, MSE, RMSE, MAE: 0.00292, 0.00292, 0.05334, 0.03297
INFO | Test - Best epoch 58, Loss, MSE, RMSE, MAE: 0.06507, 0.06507, 0.25281, 0.15516
INFO | Time spent: 3.29s
INFO | - Epoch 059, ExpID 78375
INFO | Train - Loss (one batch): 0.00337
INFO | Val - Loss, MSE, RMSE, MAE: 0.00301, 0.00301, 0.05419, 0.03437
INFO | Test - Best epoch 58, Loss, MSE, RMSE, MAE: 0.06507, 0.06507, 0.25281, 0.15516
INFO | Time spent: 2.86s
INFO | - Epoch 060, ExpID 78375
INFO | Train - Loss (one batch): 0.00343
INFO | Val - Loss, MSE, RMSE, MAE: 0.00294, 0.00294, 0.05350, 0.03305
INFO | Test - Best epoch 58, Loss, MSE, RMSE, MAE: 0.06507, 0.06507, 0.25281, 0.15516
INFO | Time spent: 2.81s
INFO | - Epoch 061, ExpID 78375
INFO | Train - Loss (one batch): 0.00279
INFO | Val - Loss, MSE, RMSE, MAE: 0.00294, 0.00294, 0.05350, 0.03308
INFO | Test - Best epoch 58, Loss, MSE, RMSE, MAE: 0.06507, 0.06507, 0.25281, 0.15516
INFO | Time spent: 2.83s
INFO | - Epoch 062, ExpID 78375
INFO | Train - Loss (one batch): 0.00270
INFO | Val - Loss, MSE, RMSE, MAE: 0.00290, 0.00290, 0.05317, 0.03287
INFO | Test - Best epoch 62, Loss, MSE, RMSE, MAE: 0.06469, 0.06469, 0.25210, 0.15480
INFO | Time spent: 3.25s
INFO | - Epoch 063, ExpID 78375
INFO | Train - Loss (one batch): 0.00349
INFO | Val - Loss, MSE, RMSE, MAE: 0.00291, 0.00291, 0.05324, 0.03298
INFO | Test - Best epoch 62, Loss, MSE, RMSE, MAE: 0.06469, 0.06469, 0.25210, 0.15480
INFO | Time spent: 2.80s
INFO | - Epoch 064, ExpID 78375
INFO | Train - Loss (one batch): 0.00302
INFO | Val - Loss, MSE, RMSE, MAE: 0.00291, 0.00291, 0.05322, 0.03301
INFO | Test - Best epoch 62, Loss, MSE, RMSE, MAE: 0.06469, 0.06469, 0.25210, 0.15480
INFO | Time spent: 2.83s
INFO | - Epoch 065, ExpID 78375
INFO | Train - Loss (one batch): 0.00219
INFO | Val - Loss, MSE, RMSE, MAE: 0.00296, 0.00296, 0.05378, 0.03361
INFO | Test - Best epoch 62, Loss, MSE, RMSE, MAE: 0.06469, 0.06469, 0.25210, 0.15480
INFO | Time spent: 2.79s
INFO | - Epoch 066, ExpID 78375
INFO | Train - Loss (one batch): 0.00232
INFO | Val - Loss, MSE, RMSE, MAE: 0.00295, 0.00295, 0.05362, 0.03330
INFO | Test - Best epoch 62, Loss, MSE, RMSE, MAE: 0.06469, 0.06469, 0.25210, 0.15480
INFO | Time spent: 2.80s
INFO | - Epoch 067, ExpID 78375
INFO | Train - Loss (one batch): 0.00249
INFO | Val - Loss, MSE, RMSE, MAE: 0.00291, 0.00291, 0.05330, 0.03300
INFO | Test - Best epoch 62, Loss, MSE, RMSE, MAE: 0.06469, 0.06469, 0.25210, 0.15480
INFO | Time spent: 2.79s
INFO | - Epoch 068, ExpID 78375
INFO | Train - Loss (one batch): 0.00302
INFO | Val - Loss, MSE, RMSE, MAE: 0.00293, 0.00293, 0.05342, 0.03307
INFO | Test - Best epoch 62, Loss, MSE, RMSE, MAE: 0.06469, 0.06469, 0.25210, 0.15480
INFO | Time spent: 2.80s
INFO | - Epoch 069, ExpID 78375
INFO | Train - Loss (one batch): 0.00266
INFO | Val - Loss, MSE, RMSE, MAE: 0.00302, 0.00302, 0.05424, 0.03420
INFO | Test - Best epoch 62, Loss, MSE, RMSE, MAE: 0.06469, 0.06469, 0.25210, 0.15480
INFO | Time spent: 2.79s
INFO | - Epoch 070, ExpID 78375
INFO | Train - Loss (one batch): 0.00271
INFO | Val - Loss, MSE, RMSE, MAE: 0.00292, 0.00292, 0.05328, 0.03299
INFO | Test - Best epoch 62, Loss, MSE, RMSE, MAE: 0.06469, 0.06469, 0.25210, 0.15480
INFO | Time spent: 2.85s
INFO | - Epoch 071, ExpID 78375
INFO | Train - Loss (one batch): 0.00264
INFO | Val - Loss, MSE, RMSE, MAE: 0.00295, 0.00295, 0.05359, 0.03357
INFO | Test - Best epoch 62, Loss, MSE, RMSE, MAE: 0.06469, 0.06469, 0.25210, 0.15480
INFO | Time spent: 2.87s
INFO | - Epoch 072, ExpID 78375
INFO | Train - Loss (one batch): 0.00267
INFO | Val - Loss, MSE, RMSE, MAE: 0.00300, 0.00300, 0.05408, 0.03421
INFO | Test - Best epoch 62, Loss, MSE, RMSE, MAE: 0.06469, 0.06469, 0.25210, 0.15480
INFO | Time spent: 2.86s
INFO | - Epoch 073, ExpID 78375
INFO | Train - Loss (one batch): 0.00326
INFO | Val - Loss, MSE, RMSE, MAE: 0.00307, 0.00307, 0.05482, 0.03553
INFO | Test - Best epoch 62, Loss, MSE, RMSE, MAE: 0.06469, 0.06469, 0.25210, 0.15480
INFO | Time spent: 2.86s
INFO | - Epoch 074, ExpID 78375
INFO | Train - Loss (one batch): 0.00183
INFO | Val - Loss, MSE, RMSE, MAE: 0.00296, 0.00296, 0.05378, 0.03392
INFO | Test - Best epoch 62, Loss, MSE, RMSE, MAE: 0.06469, 0.06469, 0.25210, 0.15480
INFO | Time spent: 2.86s
INFO | - Epoch 075, ExpID 78375
INFO | Train - Loss (one batch): 0.00341
INFO | Val - Loss, MSE, RMSE, MAE: 0.00301, 0.00301, 0.05417, 0.03457
INFO | Test - Best epoch 62, Loss, MSE, RMSE, MAE: 0.06469, 0.06469, 0.25210, 0.15480
INFO | Time spent: 2.87s
INFO | - Epoch 076, ExpID 78375
INFO | Train - Loss (one batch): 0.00251
INFO | Val - Loss, MSE, RMSE, MAE: 0.00307, 0.00307, 0.05485, 0.03559
INFO | Test - Best epoch 62, Loss, MSE, RMSE, MAE: 0.06469, 0.06469, 0.25210, 0.15480
INFO | Time spent: 2.84s
INFO | - Epoch 077, ExpID 78375
INFO | Train - Loss (one batch): 0.00215
INFO | Val - Loss, MSE, RMSE, MAE: 0.00290, 0.00290, 0.05310, 0.03259
INFO | Test - Best epoch 77, Loss, MSE, RMSE, MAE: 0.06433, 0.06433, 0.25139, 0.15361
INFO | Time spent: 3.31s
INFO | - Epoch 078, ExpID 78375
INFO | Train - Loss (one batch): 0.00227
INFO | Val - Loss, MSE, RMSE, MAE: 0.00289, 0.00289, 0.05304, 0.03282
INFO | Test - Best epoch 78, Loss, MSE, RMSE, MAE: 0.06398, 0.06398, 0.25062, 0.15404
INFO | Time spent: 3.32s
INFO | - Epoch 079, ExpID 78375
INFO | Train - Loss (one batch): 0.00283
INFO | Val - Loss, MSE, RMSE, MAE: 0.00310, 0.00310, 0.05508, 0.03587
INFO | Test - Best epoch 78, Loss, MSE, RMSE, MAE: 0.06398, 0.06398, 0.25062, 0.15404
INFO | Time spent: 2.86s
INFO | - Epoch 080, ExpID 78375
INFO | Train - Loss (one batch): 0.00301
INFO | Val - Loss, MSE, RMSE, MAE: 0.00294, 0.00294, 0.05353, 0.03342
INFO | Test - Best epoch 78, Loss, MSE, RMSE, MAE: 0.06398, 0.06398, 0.25062, 0.15404
INFO | Time spent: 2.81s
INFO | - Epoch 081, ExpID 78375
INFO | Train - Loss (one batch): 0.00248
INFO | Val - Loss, MSE, RMSE, MAE: 0.00290, 0.00290, 0.05312, 0.03306
INFO | Test - Best epoch 78, Loss, MSE, RMSE, MAE: 0.06398, 0.06398, 0.25062, 0.15404
INFO | Time spent: 2.88s
INFO | - Epoch 082, ExpID 78375
INFO | Train - Loss (one batch): 0.00266
INFO | Val - Loss, MSE, RMSE, MAE: 0.00291, 0.00291, 0.05327, 0.03313
INFO | Test - Best epoch 78, Loss, MSE, RMSE, MAE: 0.06398, 0.06398, 0.25062, 0.15404
INFO | Time spent: 2.75s
INFO | - Epoch 083, ExpID 78375
INFO | Train - Loss (one batch): 0.00355
INFO | Val - Loss, MSE, RMSE, MAE: 0.00300, 0.00300, 0.05418, 0.03444
INFO | Test - Best epoch 78, Loss, MSE, RMSE, MAE: 0.06398, 0.06398, 0.25062, 0.15404
INFO | Time spent: 2.95s
INFO | - Epoch 084, ExpID 78375
INFO | Train - Loss (one batch): 0.00298
INFO | Val - Loss, MSE, RMSE, MAE: 0.00291, 0.00291, 0.05324, 0.03328
INFO | Test - Best epoch 78, Loss, MSE, RMSE, MAE: 0.06398, 0.06398, 0.25062, 0.15404
INFO | Time spent: 2.76s
INFO | - Epoch 085, ExpID 78375
INFO | Train - Loss (one batch): 0.00277
INFO | Val - Loss, MSE, RMSE, MAE: 0.00289, 0.00289, 0.05308, 0.03311
INFO | Test - Best epoch 78, Loss, MSE, RMSE, MAE: 0.06398, 0.06398, 0.25062, 0.15404
INFO | Time spent: 2.77s
INFO | - Epoch 086, ExpID 78375
INFO | Train - Loss (one batch): 0.00241
INFO | Val - Loss, MSE, RMSE, MAE: 0.00296, 0.00296, 0.05379, 0.03390
INFO | Test - Best epoch 78, Loss, MSE, RMSE, MAE: 0.06398, 0.06398, 0.25062, 0.15404
INFO | Time spent: 2.78s
INFO | - Epoch 087, ExpID 78375
INFO | Train - Loss (one batch): 0.00234
INFO | Val - Loss, MSE, RMSE, MAE: 0.00287, 0.00287, 0.05285, 0.03265
INFO | Test - Best epoch 87, Loss, MSE, RMSE, MAE: 0.06384, 0.06384, 0.25044, 0.15404
INFO | Time spent: 3.21s
INFO | - Epoch 088, ExpID 78375
INFO | Train - Loss (one batch): 0.00303
INFO | Val - Loss, MSE, RMSE, MAE: 0.00336, 0.00336, 0.05745, 0.03917
INFO | Test - Best epoch 87, Loss, MSE, RMSE, MAE: 0.06384, 0.06384, 0.25044, 0.15404
INFO | Time spent: 2.76s
INFO | - Epoch 089, ExpID 78375
INFO | Train - Loss (one batch): 0.00333
INFO | Val - Loss, MSE, RMSE, MAE: 0.00289, 0.00289, 0.05306, 0.03305
INFO | Test - Best epoch 87, Loss, MSE, RMSE, MAE: 0.06384, 0.06384, 0.25044, 0.15404
INFO | Time spent: 2.76s
INFO | - Epoch 090, ExpID 78375
INFO | Train - Loss (one batch): 0.00210
INFO | Val - Loss, MSE, RMSE, MAE: 0.00291, 0.00291, 0.05326, 0.03346
INFO | Test - Best epoch 87, Loss, MSE, RMSE, MAE: 0.06384, 0.06384, 0.25044, 0.15404
INFO | Time spent: 2.74s
INFO | - Epoch 091, ExpID 78375
INFO | Train - Loss (one batch): 0.00229
INFO | Val - Loss, MSE, RMSE, MAE: 0.00290, 0.00290, 0.05318, 0.03296
INFO | Test - Best epoch 87, Loss, MSE, RMSE, MAE: 0.06384, 0.06384, 0.25044, 0.15404
INFO | Time spent: 2.75s
INFO | - Epoch 092, ExpID 78375
INFO | Train - Loss (one batch): 0.00291
INFO | Val - Loss, MSE, RMSE, MAE: 0.00293, 0.00293, 0.05339, 0.03351
INFO | Test - Best epoch 87, Loss, MSE, RMSE, MAE: 0.06384, 0.06384, 0.25044, 0.15404
INFO | Time spent: 2.75s
INFO | - Epoch 093, ExpID 78375
INFO | Train - Loss (one batch): 0.00257
INFO | Val - Loss, MSE, RMSE, MAE: 0.00299, 0.00299, 0.05403, 0.03469
INFO | Test - Best epoch 87, Loss, MSE, RMSE, MAE: 0.06384, 0.06384, 0.25044, 0.15404
INFO | Time spent: 2.74s
INFO | - Epoch 094, ExpID 78375
INFO | Train - Loss (one batch): 0.00290
INFO | Val - Loss, MSE, RMSE, MAE: 0.00302, 0.00302, 0.05431, 0.03463
INFO | Test - Best epoch 87, Loss, MSE, RMSE, MAE: 0.06384, 0.06384, 0.25044, 0.15404
INFO | Time spent: 2.76s
INFO | - Epoch 095, ExpID 78375
INFO | Train - Loss (one batch): 0.00240
INFO | Val - Loss, MSE, RMSE, MAE: 0.00325, 0.00325, 0.05646, 0.03821
INFO | Test - Best epoch 87, Loss, MSE, RMSE, MAE: 0.06384, 0.06384, 0.25044, 0.15404
INFO | Time spent: 2.85s
INFO | - Epoch 096, ExpID 78375
INFO | Train - Loss (one batch): 0.00241
INFO | Val - Loss, MSE, RMSE, MAE: 0.00286, 0.00286, 0.05281, 0.03286
INFO | Test - Best epoch 96, Loss, MSE, RMSE, MAE: 0.06353, 0.06353, 0.24982, 0.15438
INFO | Time spent: 3.21s
INFO | - Epoch 097, ExpID 78375
INFO | Train - Loss (one batch): 0.00301
INFO | Val - Loss, MSE, RMSE, MAE: 0.00291, 0.00291, 0.05326, 0.03353
INFO | Test - Best epoch 96, Loss, MSE, RMSE, MAE: 0.06353, 0.06353, 0.24982, 0.15438
INFO | Time spent: 2.74s
INFO | - Epoch 098, ExpID 78375
INFO | Train - Loss (one batch): 0.00283
INFO | Val - Loss, MSE, RMSE, MAE: 0.00291, 0.00291, 0.05323, 0.03346
INFO | Test - Best epoch 96, Loss, MSE, RMSE, MAE: 0.06353, 0.06353, 0.24982, 0.15438
INFO | Time spent: 2.73s
INFO | - Epoch 099, ExpID 78375
INFO | Train - Loss (one batch): 0.00192
INFO | Val - Loss, MSE, RMSE, MAE: 0.00298, 0.00298, 0.05390, 0.03377
INFO | Test - Best epoch 96, Loss, MSE, RMSE, MAE: 0.06353, 0.06353, 0.24982, 0.15438
INFO | Time spent: 2.75s
INFO | - Epoch 100, ExpID 78375
INFO | Train - Loss (one batch): 0.00209
INFO | Val - Loss, MSE, RMSE, MAE: 0.00302, 0.00302, 0.05430, 0.03507
INFO | Test - Best epoch 96, Loss, MSE, RMSE, MAE: 0.06353, 0.06353, 0.24982, 0.15438
INFO | Time spent: 2.74s
INFO | - Epoch 101, ExpID 78375
INFO | Train - Loss (one batch): 0.00230
INFO | Val - Loss, MSE, RMSE, MAE: 0.00300, 0.00300, 0.05413, 0.03501
INFO | Test - Best epoch 96, Loss, MSE, RMSE, MAE: 0.06353, 0.06353, 0.24982, 0.15438
INFO | Time spent: 2.74s
INFO | - Epoch 102, ExpID 78375
INFO | Train - Loss (one batch): 0.00229
INFO | Val - Loss, MSE, RMSE, MAE: 0.00287, 0.00287, 0.05283, 0.03262
INFO | Test - Best epoch 96, Loss, MSE, RMSE, MAE: 0.06353, 0.06353, 0.24982, 0.15438
INFO | Time spent: 2.74s
INFO | - Epoch 103, ExpID 78375
INFO | Train - Loss (one batch): 0.00251
INFO | Val - Loss, MSE, RMSE, MAE: 0.00285, 0.00285, 0.05264, 0.03254
INFO | Test - Best epoch 103, Loss, MSE, RMSE, MAE: 0.06374, 0.06374, 0.25021, 0.15394
INFO | Time spent: 3.18s
INFO | - Epoch 104, ExpID 78375
INFO | Train - Loss (one batch): 0.00255
INFO | Val - Loss, MSE, RMSE, MAE: 0.00292, 0.00292, 0.05340, 0.03400
INFO | Test - Best epoch 103, Loss, MSE, RMSE, MAE: 0.06374, 0.06374, 0.25021, 0.15394
INFO | Time spent: 2.74s
INFO | - Epoch 105, ExpID 78375
INFO | Train - Loss (one batch): 0.00269
INFO | Val - Loss, MSE, RMSE, MAE: 0.00286, 0.00286, 0.05279, 0.03280
INFO | Test - Best epoch 103, Loss, MSE, RMSE, MAE: 0.06374, 0.06374, 0.25021, 0.15394
INFO | Time spent: 2.91s
INFO | - Epoch 106, ExpID 78375
INFO | Train - Loss (one batch): 0.00277
INFO | Val - Loss, MSE, RMSE, MAE: 0.00287, 0.00287, 0.05286, 0.03313
INFO | Test - Best epoch 103, Loss, MSE, RMSE, MAE: 0.06374, 0.06374, 0.25021, 0.15394
INFO | Time spent: 2.74s
INFO | - Epoch 107, ExpID 78375
INFO | Train - Loss (one batch): 0.00251
INFO | Val - Loss, MSE, RMSE, MAE: 0.00283, 0.00283, 0.05246, 0.03240
INFO | Test - Best epoch 107, Loss, MSE, RMSE, MAE: 0.06300, 0.06300, 0.24882, 0.15303
INFO | Time spent: 3.20s
INFO | - Epoch 108, ExpID 78375
INFO | Train - Loss (one batch): 0.00238
INFO | Val - Loss, MSE, RMSE, MAE: 0.00289, 0.00289, 0.05307, 0.03352
INFO | Test - Best epoch 107, Loss, MSE, RMSE, MAE: 0.06300, 0.06300, 0.24882, 0.15303
INFO | Time spent: 2.74s
INFO | - Epoch 109, ExpID 78375
INFO | Train - Loss (one batch): 0.00240
INFO | Val - Loss, MSE, RMSE, MAE: 0.00336, 0.00336, 0.05744, 0.03959
INFO | Test - Best epoch 107, Loss, MSE, RMSE, MAE: 0.06300, 0.06300, 0.24882, 0.15303
INFO | Time spent: 2.78s
INFO | - Epoch 110, ExpID 78375
INFO | Train - Loss (one batch): 0.00289
INFO | Val - Loss, MSE, RMSE, MAE: 0.00292, 0.00292, 0.05331, 0.03355
INFO | Test - Best epoch 107, Loss, MSE, RMSE, MAE: 0.06300, 0.06300, 0.24882, 0.15303
INFO | Time spent: 2.87s
INFO | - Epoch 111, ExpID 78375
INFO | Train - Loss (one batch): 0.00239
INFO | Val - Loss, MSE, RMSE, MAE: 0.00288, 0.00288, 0.05296, 0.03290
INFO | Test - Best epoch 107, Loss, MSE, RMSE, MAE: 0.06300, 0.06300, 0.24882, 0.15303
INFO | Time spent: 2.79s
INFO | - Epoch 112, ExpID 78375
INFO | Train - Loss (one batch): 0.00231
INFO | Val - Loss, MSE, RMSE, MAE: 0.00283, 0.00283, 0.05247, 0.03228
INFO | Test - Best epoch 107, Loss, MSE, RMSE, MAE: 0.06300, 0.06300, 0.24882, 0.15303
INFO | Time spent: 2.81s
INFO | - Epoch 113, ExpID 78375
INFO | Train - Loss (one batch): 0.00196
INFO | Val - Loss, MSE, RMSE, MAE: 0.00288, 0.00288, 0.05295, 0.03322
INFO | Test - Best epoch 107, Loss, MSE, RMSE, MAE: 0.06300, 0.06300, 0.24882, 0.15303
INFO | Time spent: 2.79s
INFO | - Epoch 114, ExpID 78375
INFO | Train - Loss (one batch): 0.00291
INFO | Val - Loss, MSE, RMSE, MAE: 0.00283, 0.00283, 0.05254, 0.03256
INFO | Test - Best epoch 107, Loss, MSE, RMSE, MAE: 0.06300, 0.06300, 0.24882, 0.15303
INFO | Time spent: 2.80s
INFO | - Epoch 115, ExpID 78375
INFO | Train - Loss (one batch): 0.00227
INFO | Val - Loss, MSE, RMSE, MAE: 0.00284, 0.00284, 0.05254, 0.03226
INFO | Test - Best epoch 107, Loss, MSE, RMSE, MAE: 0.06300, 0.06300, 0.24882, 0.15303
INFO | Time spent: 2.80s
INFO | - Epoch 116, ExpID 78375
INFO | Train - Loss (one batch): 0.00228
INFO | Val - Loss, MSE, RMSE, MAE: 0.00296, 0.00296, 0.05378, 0.03451
INFO | Test - Best epoch 107, Loss, MSE, RMSE, MAE: 0.06300, 0.06300, 0.24882, 0.15303
INFO | Time spent: 2.79s
INFO | - Epoch 117, ExpID 78375
INFO | Train - Loss (one batch): 0.00262
INFO | Val - Loss, MSE, RMSE, MAE: 0.00289, 0.00289, 0.05301, 0.03294
INFO | Test - Best epoch 107, Loss, MSE, RMSE, MAE: 0.06300, 0.06300, 0.24882, 0.15303
INFO | Time spent: 3.02s
INFO | - Epoch 118, ExpID 78375
INFO | Train - Loss (one batch): 0.00277
INFO | Val - Loss, MSE, RMSE, MAE: 0.00309, 0.00309, 0.05494, 0.03611
INFO | Test - Best epoch 107, Loss, MSE, RMSE, MAE: 0.06300, 0.06300, 0.24882, 0.15303
INFO | Time spent: 2.80s
INFO | - Epoch 119, ExpID 78375
INFO | Train - Loss (one batch): 0.00343
INFO | Val - Loss, MSE, RMSE, MAE: 0.00287, 0.00287, 0.05285, 0.03303
INFO | Test - Best epoch 107, Loss, MSE, RMSE, MAE: 0.06300, 0.06300, 0.24882, 0.15303
INFO | Time spent: 2.79s
INFO | - Epoch 120, ExpID 78375
INFO | Train - Loss (one batch): 0.00189
INFO | Val - Loss, MSE, RMSE, MAE: 0.00288, 0.00288, 0.05296, 0.03315
INFO | Test - Best epoch 107, Loss, MSE, RMSE, MAE: 0.06300, 0.06300, 0.24882, 0.15303
INFO | Time spent: 2.77s
INFO | - Epoch 121, ExpID 78375
INFO | Train - Loss (one batch): 0.00242
INFO | Val - Loss, MSE, RMSE, MAE: 0.00288, 0.00288, 0.05295, 0.03290
INFO | Test - Best epoch 107, Loss, MSE, RMSE, MAE: 0.06300, 0.06300, 0.24882, 0.15303
INFO | Time spent: 2.75s
INFO | - Epoch 122, ExpID 78375
INFO | Train - Loss (one batch): 0.00211
INFO | Val - Loss, MSE, RMSE, MAE: 0.00287, 0.00287, 0.05280, 0.03271
INFO | Test - Best epoch 107, Loss, MSE, RMSE, MAE: 0.06300, 0.06300, 0.24882, 0.15303
INFO | Time spent: 2.75s
INFO | - Epoch 123, ExpID 78375
INFO | Train - Loss (one batch): 0.00255
INFO | Val - Loss, MSE, RMSE, MAE: 0.00291, 0.00291, 0.05320, 0.03336
INFO | Test - Best epoch 107, Loss, MSE, RMSE, MAE: 0.06300, 0.06300, 0.24882, 0.15303
INFO | Time spent: 2.77s
INFO | - Epoch 124, ExpID 78375
INFO | Train - Loss (one batch): 0.00279
INFO | Val - Loss, MSE, RMSE, MAE: 0.00285, 0.00285, 0.05270, 0.03305
INFO | Test - Best epoch 107, Loss, MSE, RMSE, MAE: 0.06300, 0.06300, 0.24882, 0.15303
INFO | Time spent: 2.78s
INFO | - Epoch 125, ExpID 78375
INFO | Train - Loss (one batch): 0.00193
INFO | Val - Loss, MSE, RMSE, MAE: 0.00289, 0.00289, 0.05302, 0.03285
INFO | Test - Best epoch 107, Loss, MSE, RMSE, MAE: 0.06300, 0.06300, 0.24882, 0.15303
INFO | Time spent: 2.75s
INFO | - Epoch 126, ExpID 78375
INFO | Train - Loss (one batch): 0.00255
INFO | Val - Loss, MSE, RMSE, MAE: 0.00288, 0.00288, 0.05295, 0.03323
INFO | Test - Best epoch 107, Loss, MSE, RMSE, MAE: 0.06300, 0.06300, 0.24882, 0.15303
INFO | Time spent: 2.85s
INFO | - Epoch 127, ExpID 78375
INFO | Train - Loss (one batch): 0.00275
INFO | Val - Loss, MSE, RMSE, MAE: 0.00284, 0.00284, 0.05256, 0.03261
INFO | Test - Best epoch 107, Loss, MSE, RMSE, MAE: 0.06300, 0.06300, 0.24882, 0.15303
INFO | Time spent: 2.74s
INFO | - Epoch 128, ExpID 78375
INFO | Train - Loss (one batch): 0.00235
INFO | Val - Loss, MSE, RMSE, MAE: 0.00297, 0.00297, 0.05383, 0.03449
INFO | Test - Best epoch 107, Loss, MSE, RMSE, MAE: 0.06300, 0.06300, 0.24882, 0.15303
INFO | Time spent: 2.77s
INFO | - Epoch 129, ExpID 78375
INFO | Train - Loss (one batch): 0.00297
INFO | Val - Loss, MSE, RMSE, MAE: 0.00287, 0.00287, 0.05280, 0.03266
INFO | Test - Best epoch 107, Loss, MSE, RMSE, MAE: 0.06300, 0.06300, 0.24882, 0.15303
INFO | Time spent: 2.76s
INFO | - Epoch 130, ExpID 78375
INFO | Train - Loss (one batch): 0.00244
INFO | Val - Loss, MSE, RMSE, MAE: 0.00283, 0.00283, 0.05245, 0.03253
INFO | Test - Best epoch 130, Loss, MSE, RMSE, MAE: 0.06284, 0.06284, 0.24843, 0.15312
INFO | Time spent: 3.20s
INFO | - Epoch 131, ExpID 78375
INFO | Train - Loss (one batch): 0.00251
INFO | Val - Loss, MSE, RMSE, MAE: 0.00287, 0.00287, 0.05288, 0.03304
INFO | Test - Best epoch 130, Loss, MSE, RMSE, MAE: 0.06284, 0.06284, 0.24843, 0.15312
INFO | Time spent: 2.75s
INFO | - Epoch 132, ExpID 78375
INFO | Train - Loss (one batch): 0.00189
INFO | Val - Loss, MSE, RMSE, MAE: 0.00284, 0.00284, 0.05250, 0.03227
INFO | Test - Best epoch 130, Loss, MSE, RMSE, MAE: 0.06284, 0.06284, 0.24843, 0.15312
INFO | Time spent: 2.75s
INFO | - Epoch 133, ExpID 78375
INFO | Train - Loss (one batch): 0.00226
INFO | Val - Loss, MSE, RMSE, MAE: 0.00290, 0.00290, 0.05321, 0.03390
INFO | Test - Best epoch 130, Loss, MSE, RMSE, MAE: 0.06284, 0.06284, 0.24843, 0.15312
INFO | Time spent: 2.84s
INFO | - Epoch 134, ExpID 78375
INFO | Train - Loss (one batch): 0.00227
INFO | Val - Loss, MSE, RMSE, MAE: 0.00284, 0.00284, 0.05258, 0.03260
INFO | Test - Best epoch 130, Loss, MSE, RMSE, MAE: 0.06284, 0.06284, 0.24843, 0.15312
INFO | Time spent: 2.77s
INFO | - Epoch 135, ExpID 78375
INFO | Train - Loss (one batch): 0.00190
INFO | Val - Loss, MSE, RMSE, MAE: 0.00306, 0.00306, 0.05475, 0.03602
INFO | Test - Best epoch 130, Loss, MSE, RMSE, MAE: 0.06284, 0.06284, 0.24843, 0.15312
INFO | Time spent: 2.74s
INFO | - Epoch 136, ExpID 78375
INFO | Train - Loss (one batch): 0.00258
INFO | Val - Loss, MSE, RMSE, MAE: 0.00281, 0.00281, 0.05230, 0.03263
INFO | Test - Best epoch 136, Loss, MSE, RMSE, MAE: 0.06342, 0.06342, 0.24973, 0.15555
INFO | Time spent: 3.30s
INFO | - Epoch 137, ExpID 78375
INFO | Train - Loss (one batch): 0.00174
INFO | Val - Loss, MSE, RMSE, MAE: 0.00312, 0.00312, 0.05520, 0.03658
INFO | Test - Best epoch 136, Loss, MSE, RMSE, MAE: 0.06342, 0.06342, 0.24973, 0.15555
INFO | Time spent: 2.75s
INFO | - Epoch 138, ExpID 78375
INFO | Train - Loss (one batch): 0.00251
INFO | Val - Loss, MSE, RMSE, MAE: 0.00285, 0.00285, 0.05267, 0.03297
INFO | Test - Best epoch 136, Loss, MSE, RMSE, MAE: 0.06342, 0.06342, 0.24973, 0.15555
INFO | Time spent: 2.74s
INFO | - Epoch 139, ExpID 78375
INFO | Train - Loss (one batch): 0.00325
INFO | Val - Loss, MSE, RMSE, MAE: 0.00287, 0.00287, 0.05287, 0.03291
INFO | Test - Best epoch 136, Loss, MSE, RMSE, MAE: 0.06342, 0.06342, 0.24973, 0.15555
INFO | Time spent: 2.74s
INFO | - Epoch 140, ExpID 78375
INFO | Train - Loss (one batch): 0.00276
INFO | Val - Loss, MSE, RMSE, MAE: 0.00294, 0.00294, 0.05358, 0.03443
INFO | Test - Best epoch 136, Loss, MSE, RMSE, MAE: 0.06342, 0.06342, 0.24973, 0.15555
INFO | Time spent: 2.74s
INFO | - Epoch 141, ExpID 78375
INFO | Train - Loss (one batch): 0.00190
INFO | Val - Loss, MSE, RMSE, MAE: 0.00291, 0.00291, 0.05329, 0.03381
INFO | Test - Best epoch 136, Loss, MSE, RMSE, MAE: 0.06342, 0.06342, 0.24973, 0.15555
INFO | Time spent: 2.74s
INFO | - Epoch 142, ExpID 78375
INFO | Train - Loss (one batch): 0.00321
INFO | Val - Loss, MSE, RMSE, MAE: 0.00283, 0.00283, 0.05245, 0.03239
INFO | Test - Best epoch 136, Loss, MSE, RMSE, MAE: 0.06342, 0.06342, 0.24973, 0.15555
INFO | Time spent: 2.73s
INFO | - Epoch 143, ExpID 78375
INFO | Train - Loss (one batch): 0.00249
INFO | Val - Loss, MSE, RMSE, MAE: 0.00283, 0.00283, 0.05243, 0.03237
INFO | Test - Best epoch 136, Loss, MSE, RMSE, MAE: 0.06342, 0.06342, 0.24973, 0.15555
INFO | Time spent: 2.73s
INFO | - Epoch 144, ExpID 78375
INFO | Train - Loss (one batch): 0.00269
INFO | Val - Loss, MSE, RMSE, MAE: 0.00282, 0.00282, 0.05232, 0.03230
INFO | Test - Best epoch 136, Loss, MSE, RMSE, MAE: 0.06342, 0.06342, 0.24973, 0.15555
INFO | Time spent: 2.73s
INFO | - Epoch 145, ExpID 78375
INFO | Train - Loss (one batch): 0.00191
INFO | Val - Loss, MSE, RMSE, MAE: 0.00288, 0.00288, 0.05296, 0.03316
INFO | Test - Best epoch 136, Loss, MSE, RMSE, MAE: 0.06342, 0.06342, 0.24973, 0.15555
INFO | Time spent: 2.89s
INFO | - Epoch 146, ExpID 78375
INFO | Train - Loss (one batch): 0.00331
INFO | Val - Loss, MSE, RMSE, MAE: 0.00284, 0.00284, 0.05250, 0.03252
INFO | Test - Best epoch 136, Loss, MSE, RMSE, MAE: 0.06342, 0.06342, 0.24973, 0.15555
INFO | Time spent: 2.75s
INFO | - Epoch 147, ExpID 78375
INFO | Train - Loss (one batch): 0.00266
INFO | Val - Loss, MSE, RMSE, MAE: 0.00281, 0.00281, 0.05219, 0.03205
INFO | Test - Best epoch 147, Loss, MSE, RMSE, MAE: 0.06261, 0.06261, 0.24778, 0.15178
INFO | Time spent: 3.33s
INFO | - Epoch 148, ExpID 78375
INFO | Train - Loss (one batch): 0.00256
INFO | Val - Loss, MSE, RMSE, MAE: 0.00291, 0.00291, 0.05324, 0.03337
INFO | Test - Best epoch 147, Loss, MSE, RMSE, MAE: 0.06261, 0.06261, 0.24778, 0.15178
INFO | Time spent: 2.75s
INFO | - Epoch 149, ExpID 78375
INFO | Train - Loss (one batch): 0.00212
INFO | Val - Loss, MSE, RMSE, MAE: 0.00285, 0.00285, 0.05266, 0.03315
INFO | Test - Best epoch 147, Loss, MSE, RMSE, MAE: 0.06261, 0.06261, 0.24778, 0.15178
INFO | Time spent: 2.74s
INFO | - Epoch 150, ExpID 78375
INFO | Train - Loss (one batch): 0.00236
INFO | Val - Loss, MSE, RMSE, MAE: 0.00283, 0.00283, 0.05241, 0.03242
INFO | Test - Best epoch 147, Loss, MSE, RMSE, MAE: 0.06261, 0.06261, 0.24778, 0.15178
INFO | Time spent: 2.73s
INFO | - Epoch 151, ExpID 78375
INFO | Train - Loss (one batch): 0.00195
INFO | Val - Loss, MSE, RMSE, MAE: 0.00292, 0.00292, 0.05339, 0.03373
INFO | Test - Best epoch 147, Loss, MSE, RMSE, MAE: 0.06261, 0.06261, 0.24778, 0.15178
INFO | Time spent: 2.99s
INFO | - Epoch 152, ExpID 78375
INFO | Train - Loss (one batch): 0.00202
INFO | Val - Loss, MSE, RMSE, MAE: 0.00287, 0.00287, 0.05289, 0.03325
INFO | Test - Best epoch 147, Loss, MSE, RMSE, MAE: 0.06261, 0.06261, 0.24778, 0.15178
INFO | Time spent: 2.73s
INFO | - Epoch 153, ExpID 78375
INFO | Train - Loss (one batch): 0.00235
INFO | Val - Loss, MSE, RMSE, MAE: 0.00305, 0.00305, 0.05460, 0.03577
INFO | Test - Best epoch 147, Loss, MSE, RMSE, MAE: 0.06261, 0.06261, 0.24778, 0.15178
INFO | Time spent: 2.74s
INFO | - Epoch 154, ExpID 78375
INFO | Train - Loss (one batch): 0.00255
INFO | Val - Loss, MSE, RMSE, MAE: 0.00296, 0.00296, 0.05376, 0.03488
INFO | Test - Best epoch 147, Loss, MSE, RMSE, MAE: 0.06261, 0.06261, 0.24778, 0.15178
INFO | Time spent: 2.74s
INFO | - Epoch 155, ExpID 78375
INFO | Train - Loss (one batch): 0.00279
INFO | Val - Loss, MSE, RMSE, MAE: 0.00289, 0.00289, 0.05304, 0.03364
INFO | Test - Best epoch 147, Loss, MSE, RMSE, MAE: 0.06261, 0.06261, 0.24778, 0.15178
INFO | Time spent: 2.73s
INFO | - Epoch 156, ExpID 78375
INFO | Train - Loss (one batch): 0.00190
INFO | Val - Loss, MSE, RMSE, MAE: 0.00283, 0.00283, 0.05244, 0.03214
INFO | Test - Best epoch 147, Loss, MSE, RMSE, MAE: 0.06261, 0.06261, 0.24778, 0.15178
INFO | Time spent: 3.05s
INFO | - Epoch 157, ExpID 78375
INFO | Train - Loss (one batch): 0.00201
INFO | Val - Loss, MSE, RMSE, MAE: 0.00284, 0.00284, 0.05255, 0.03221
INFO | Test - Best epoch 147, Loss, MSE, RMSE, MAE: 0.06261, 0.06261, 0.24778, 0.15178
INFO | Time spent: 2.74s
INFO | - Epoch 158, ExpID 78375
INFO | Train - Loss (one batch): 0.00236
INFO | Val - Loss, MSE, RMSE, MAE: 0.00324, 0.00324, 0.05638, 0.03854
INFO | Test - Best epoch 147, Loss, MSE, RMSE, MAE: 0.06261, 0.06261, 0.24778, 0.15178
INFO | Time spent: 2.75s
INFO | - Epoch 159, ExpID 78375
INFO | Train - Loss (one batch): 0.00238
INFO | Val - Loss, MSE, RMSE, MAE: 0.00289, 0.00289, 0.05313, 0.03377
INFO | Test - Best epoch 147, Loss, MSE, RMSE, MAE: 0.06261, 0.06261, 0.24778, 0.15178
INFO | Time spent: 2.75s
INFO | - Epoch 160, ExpID 78375
INFO | Train - Loss (one batch): 0.00195
INFO | Val - Loss, MSE, RMSE, MAE: 0.00295, 0.00295, 0.05366, 0.03410
INFO | Test - Best epoch 147, Loss, MSE, RMSE, MAE: 0.06261, 0.06261, 0.24778, 0.15178
INFO | Time spent: 2.75s
INFO | - Epoch 161, ExpID 78375
INFO | Train - Loss (one batch): 0.00163
INFO | Val - Loss, MSE, RMSE, MAE: 0.00286, 0.00286, 0.05275, 0.03264
INFO | Test - Best epoch 147, Loss, MSE, RMSE, MAE: 0.06261, 0.06261, 0.24778, 0.15178
INFO | Time spent: 2.75s
INFO | - Epoch 162, ExpID 78375
INFO | Train - Loss (one batch): 0.00310
INFO | Val - Loss, MSE, RMSE, MAE: 0.00280, 0.00280, 0.05221, 0.03217
INFO | Test - Best epoch 162, Loss, MSE, RMSE, MAE: 0.06312, 0.06312, 0.24887, 0.15253
INFO | Time spent: 3.19s
INFO | - Epoch 163, ExpID 78375
INFO | Train - Loss (one batch): 0.00203
INFO | Val - Loss, MSE, RMSE, MAE: 0.00278, 0.00278, 0.05205, 0.03189
INFO | Test - Best epoch 163, Loss, MSE, RMSE, MAE: 0.06230, 0.06230, 0.24726, 0.15071
INFO | Time spent: 3.19s
INFO | - Epoch 164, ExpID 78375
INFO | Train - Loss (one batch): 0.00249
INFO | Val - Loss, MSE, RMSE, MAE: 0.00290, 0.00290, 0.05311, 0.03321
INFO | Test - Best epoch 163, Loss, MSE, RMSE, MAE: 0.06230, 0.06230, 0.24726, 0.15071
INFO | Time spent: 2.74s
INFO | - Epoch 165, ExpID 78375
INFO | Train - Loss (one batch): 0.00227
INFO | Val - Loss, MSE, RMSE, MAE: 0.00295, 0.00295, 0.05357, 0.03398
INFO | Test - Best epoch 163, Loss, MSE, RMSE, MAE: 0.06230, 0.06230, 0.24726, 0.15071
INFO | Time spent: 2.74s
INFO | - Epoch 166, ExpID 78375
INFO | Train - Loss (one batch): 0.00283
INFO | Val - Loss, MSE, RMSE, MAE: 0.00322, 0.00322, 0.05613, 0.03799
INFO | Test - Best epoch 163, Loss, MSE, RMSE, MAE: 0.06230, 0.06230, 0.24726, 0.15071
INFO | Time spent: 2.76s
INFO | - Epoch 167, ExpID 78375
INFO | Train - Loss (one batch): 0.00243
INFO | Val - Loss, MSE, RMSE, MAE: 0.00292, 0.00292, 0.05334, 0.03389
INFO | Test - Best epoch 163, Loss, MSE, RMSE, MAE: 0.06230, 0.06230, 0.24726, 0.15071
INFO | Time spent: 2.75s
INFO | - Epoch 168, ExpID 78375
INFO | Train - Loss (one batch): 0.00236
INFO | Val - Loss, MSE, RMSE, MAE: 0.00282, 0.00282, 0.05231, 0.03213
INFO | Test - Best epoch 163, Loss, MSE, RMSE, MAE: 0.06230, 0.06230, 0.24726, 0.15071
INFO | Time spent: 2.74s
INFO | - Epoch 169, ExpID 78375
INFO | Train - Loss (one batch): 0.00231
INFO | Val - Loss, MSE, RMSE, MAE: 0.00286, 0.00286, 0.05275, 0.03280
INFO | Test - Best epoch 163, Loss, MSE, RMSE, MAE: 0.06230, 0.06230, 0.24726, 0.15071
INFO | Time spent: 2.74s
INFO | - Epoch 170, ExpID 78375
INFO | Train - Loss (one batch): 0.00226
INFO | Val - Loss, MSE, RMSE, MAE: 0.00289, 0.00289, 0.05305, 0.03345
INFO | Test - Best epoch 163, Loss, MSE, RMSE, MAE: 0.06230, 0.06230, 0.24726, 0.15071
INFO | Time spent: 2.79s
INFO | - Epoch 171, ExpID 78375
INFO | Train - Loss (one batch): 0.00236
INFO | Val - Loss, MSE, RMSE, MAE: 0.00281, 0.00281, 0.05225, 0.03250
INFO | Test - Best epoch 163, Loss, MSE, RMSE, MAE: 0.06230, 0.06230, 0.24726, 0.15071
INFO | Time spent: 2.78s
INFO | - Epoch 172, ExpID 78375
INFO | Train - Loss (one batch): 0.00204
INFO | Val - Loss, MSE, RMSE, MAE: 0.00297, 0.00297, 0.05388, 0.03492
INFO | Test - Best epoch 163, Loss, MSE, RMSE, MAE: 0.06230, 0.06230, 0.24726, 0.15071
INFO | Time spent: 2.81s
INFO | - Epoch 173, ExpID 78375
INFO | Train - Loss (one batch): 0.00308
INFO | Val - Loss, MSE, RMSE, MAE: 0.00298, 0.00298, 0.05393, 0.03459
INFO | Test - Best epoch 163, Loss, MSE, RMSE, MAE: 0.06230, 0.06230, 0.24726, 0.15071
INFO | Time spent: 2.82s
INFO | - Epoch 174, ExpID 78375
INFO | Train - Loss (one batch): 0.00257
INFO | Val - Loss, MSE, RMSE, MAE: 0.00293, 0.00293, 0.05344, 0.03415
INFO | Test - Best epoch 163, Loss, MSE, RMSE, MAE: 0.06230, 0.06230, 0.24726, 0.15071
INFO | Time spent: 2.77s
INFO | - Epoch 175, ExpID 78375
INFO | Train - Loss (one batch): 0.00219
INFO | Val - Loss, MSE, RMSE, MAE: 0.00292, 0.00292, 0.05340, 0.03426
INFO | Test - Best epoch 163, Loss, MSE, RMSE, MAE: 0.06230, 0.06230, 0.24726, 0.15071
INFO | Time spent: 2.79s
INFO | - Epoch 176, ExpID 78375
INFO | Train - Loss (one batch): 0.00230
INFO | Val - Loss, MSE, RMSE, MAE: 0.00283, 0.00283, 0.05248, 0.03246
INFO | Test - Best epoch 163, Loss, MSE, RMSE, MAE: 0.06230, 0.06230, 0.24726, 0.15071
INFO | Time spent: 2.80s
INFO | - Epoch 177, ExpID 78375
INFO | Train - Loss (one batch): 0.00275
INFO | Val - Loss, MSE, RMSE, MAE: 0.00282, 0.00282, 0.05241, 0.03239
INFO | Test - Best epoch 163, Loss, MSE, RMSE, MAE: 0.06230, 0.06230, 0.24726, 0.15071
INFO | Time spent: 2.80s
INFO | - Epoch 178, ExpID 78375
INFO | Train - Loss (one batch): 0.00258
INFO | Val - Loss, MSE, RMSE, MAE: 0.00284, 0.00284, 0.05259, 0.03275
INFO | Test - Best epoch 163, Loss, MSE, RMSE, MAE: 0.06230, 0.06230, 0.24726, 0.15071
INFO | Time spent: 2.81s
INFO | - Epoch 179, ExpID 78375
INFO | Train - Loss (one batch): 0.00258
INFO | Val - Loss, MSE, RMSE, MAE: 0.00319, 0.00319, 0.05583, 0.03720
INFO | Test - Best epoch 163, Loss, MSE, RMSE, MAE: 0.06230, 0.06230, 0.24726, 0.15071
INFO | Time spent: 2.79s
INFO | - Epoch 180, ExpID 78375
INFO | Train - Loss (one batch): 0.00273
INFO | Val - Loss, MSE, RMSE, MAE: 0.00284, 0.00284, 0.05255, 0.03291
INFO | Test - Best epoch 163, Loss, MSE, RMSE, MAE: 0.06230, 0.06230, 0.24726, 0.15071
INFO | Time spent: 2.75s
INFO | - Epoch 181, ExpID 78375
INFO | Train - Loss (one batch): 0.00262
INFO | Val - Loss, MSE, RMSE, MAE: 0.00288, 0.00288, 0.05292, 0.03284
INFO | Test - Best epoch 163, Loss, MSE, RMSE, MAE: 0.06230, 0.06230, 0.24726, 0.15071
INFO | Time spent: 2.76s
INFO | - Epoch 182, ExpID 78375
INFO | Train - Loss (one batch): 0.00279
INFO | Val - Loss, MSE, RMSE, MAE: 0.00292, 0.00292, 0.05327, 0.03324
INFO | Test - Best epoch 163, Loss, MSE, RMSE, MAE: 0.06230, 0.06230, 0.24726, 0.15071
INFO | Time spent: 2.74s
INFO | - Epoch 183, ExpID 78375
INFO | Train - Loss (one batch): 0.00197
INFO | Val - Loss, MSE, RMSE, MAE: 0.00283, 0.00283, 0.05244, 0.03218
INFO | Test - Best epoch 163, Loss, MSE, RMSE, MAE: 0.06230, 0.06230, 0.24726, 0.15071
INFO | Time spent: 2.75s
INFO | - Epoch 184, ExpID 78375
INFO | Train - Loss (one batch): 0.00206
INFO | Val - Loss, MSE, RMSE, MAE: 0.00286, 0.00286, 0.05271, 0.03267
INFO | Test - Best epoch 163, Loss, MSE, RMSE, MAE: 0.06230, 0.06230, 0.24726, 0.15071
INFO | Time spent: 2.76s
INFO | - Epoch 185, ExpID 78375
INFO | Train - Loss (one batch): 0.00217
INFO | Val - Loss, MSE, RMSE, MAE: 0.00286, 0.00286, 0.05274, 0.03325
INFO | Test - Best epoch 163, Loss, MSE, RMSE, MAE: 0.06230, 0.06230, 0.24726, 0.15071
INFO | Time spent: 2.73s
INFO | - Epoch 186, ExpID 78375
INFO | Train - Loss (one batch): 0.00291
INFO | Val - Loss, MSE, RMSE, MAE: 0.00286, 0.00286, 0.05275, 0.03307
INFO | Test - Best epoch 163, Loss, MSE, RMSE, MAE: 0.06230, 0.06230, 0.24726, 0.15071
INFO | Time spent: 2.74s
INFO | - Epoch 187, ExpID 78375
INFO | Train - Loss (one batch): 0.00193
INFO | Val - Loss, MSE, RMSE, MAE: 0.00296, 0.00296, 0.05375, 0.03448
INFO | Test - Best epoch 163, Loss, MSE, RMSE, MAE: 0.06230, 0.06230, 0.24726, 0.15071
INFO | Time spent: 2.74s
INFO | - Epoch 188, ExpID 78375
INFO | Train - Loss (one batch): 0.00204
INFO | Val - Loss, MSE, RMSE, MAE: 0.00282, 0.00282, 0.05237, 0.03235
INFO | Test - Best epoch 163, Loss, MSE, RMSE, MAE: 0.06230, 0.06230, 0.24726, 0.15071
INFO | Time spent: 2.75s
INFO | - Epoch 189, ExpID 78375
INFO | Train - Loss (one batch): 0.00173
INFO | Val - Loss, MSE, RMSE, MAE: 0.00283, 0.00283, 0.05245, 0.03265
INFO | Test - Best epoch 163, Loss, MSE, RMSE, MAE: 0.06230, 0.06230, 0.24726, 0.15071
INFO | Time spent: 2.74s
INFO | - Epoch 190, ExpID 78375
INFO | Train - Loss (one batch): 0.00252
INFO | Val - Loss, MSE, RMSE, MAE: 0.00294, 0.00294, 0.05352, 0.03394
INFO | Test - Best epoch 163, Loss, MSE, RMSE, MAE: 0.06230, 0.06230, 0.24726, 0.15071
INFO | Time spent: 2.79s
INFO | - Epoch 191, ExpID 78375
INFO | Train - Loss (one batch): 0.00284
INFO | Val - Loss, MSE, RMSE, MAE: 0.00283, 0.00283, 0.05242, 0.03222
INFO | Test - Best epoch 163, Loss, MSE, RMSE, MAE: 0.06230, 0.06230, 0.24726, 0.15071
INFO | Time spent: 2.81s
INFO | - Epoch 192, ExpID 78375
INFO | Train - Loss (one batch): 0.00265
INFO | Val - Loss, MSE, RMSE, MAE: 0.00282, 0.00282, 0.05231, 0.03212
INFO | Test - Best epoch 163, Loss, MSE, RMSE, MAE: 0.06230, 0.06230, 0.24726, 0.15071
INFO | Time spent: 2.82s
INFO | - Epoch 193, ExpID 78375
INFO | Train - Loss (one batch): 0.00208
INFO | Val - Loss, MSE, RMSE, MAE: 0.00294, 0.00294, 0.05350, 0.03439
INFO | Test - Best epoch 163, Loss, MSE, RMSE, MAE: 0.06230, 0.06230, 0.24726, 0.15071
INFO | Time spent: 2.82s
INFO | - Epoch 194, ExpID 78375
INFO | Train - Loss (one batch): 0.00310
INFO | Val - Loss, MSE, RMSE, MAE: 0.00285, 0.00285, 0.05270, 0.03296
INFO | Test - Best epoch 163, Loss, MSE, RMSE, MAE: 0.06230, 0.06230, 0.24726, 0.15071
INFO | Time spent: 2.81s
INFO | - Epoch 195, ExpID 78375
INFO | Train - Loss (one batch): 0.00278
INFO | Val - Loss, MSE, RMSE, MAE: 0.00289, 0.00289, 0.05306, 0.03330
INFO | Test - Best epoch 163, Loss, MSE, RMSE, MAE: 0.06230, 0.06230, 0.24726, 0.15071
INFO | Time spent: 2.92s
INFO | - Epoch 196, ExpID 78375
INFO | Train - Loss (one batch): 0.00279
INFO | Val - Loss, MSE, RMSE, MAE: 0.00284, 0.00284, 0.05255, 0.03278
INFO | Test - Best epoch 163, Loss, MSE, RMSE, MAE: 0.06230, 0.06230, 0.24726, 0.15071
INFO | Time spent: 2.81s
INFO | - Epoch 197, ExpID 78375
INFO | Train - Loss (one batch): 0.00169
INFO | Val - Loss, MSE, RMSE, MAE: 0.00282, 0.00282, 0.05232, 0.03216
INFO | Test - Best epoch 163, Loss, MSE, RMSE, MAE: 0.06230, 0.06230, 0.24726, 0.15071
INFO | Time spent: 2.88s
INFO | - Epoch 198, ExpID 78375
INFO | Train - Loss (one batch): 0.00226
INFO | Val - Loss, MSE, RMSE, MAE: 0.00283, 0.00283, 0.05246, 0.03234
INFO | Test - Best epoch 163, Loss, MSE, RMSE, MAE: 0.06230, 0.06230, 0.24726, 0.15071
INFO | Time spent: 2.80s
INFO | - Epoch 199, ExpID 78375
INFO | Train - Loss (one batch): 0.00229
INFO | Val - Loss, MSE, RMSE, MAE: 0.00295, 0.00295, 0.05358, 0.03413
INFO | Test - Best epoch 163, Loss, MSE, RMSE, MAE: 0.06230, 0.06230, 0.24726, 0.15071
INFO | Time spent: 2.79s
INFO | - Epoch 200, ExpID 78375
INFO | Train - Loss (one batch): 0.00296
INFO | Val - Loss, MSE, RMSE, MAE: 0.00286, 0.00286, 0.05282, 0.03314
INFO | Test - Best epoch 163, Loss, MSE, RMSE, MAE: 0.06230, 0.06230, 0.24726, 0.15071
INFO | Time spent: 2.90s
INFO | - Epoch 201, ExpID 78375
INFO | Train - Loss (one batch): 0.00223
INFO | Val - Loss, MSE, RMSE, MAE: 0.00282, 0.00282, 0.05229, 0.03204
INFO | Test - Best epoch 163, Loss, MSE, RMSE, MAE: 0.06230, 0.06230, 0.24726, 0.15071
INFO | Time spent: 2.81s
INFO | - Epoch 202, ExpID 78375
INFO | Train - Loss (one batch): 0.00237
INFO | Val - Loss, MSE, RMSE, MAE: 0.00286, 0.00286, 0.05273, 0.03288
INFO | Test - Best epoch 163, Loss, MSE, RMSE, MAE: 0.06230, 0.06230, 0.24726, 0.15071
INFO | Time spent: 2.94s
INFO | - Epoch 203, ExpID 78375
INFO | Train - Loss (one batch): 0.00224
INFO | Val - Loss, MSE, RMSE, MAE: 0.00284, 0.00284, 0.05257, 0.03255
INFO | Test - Best epoch 163, Loss, MSE, RMSE, MAE: 0.06230, 0.06230, 0.24726, 0.15071
INFO | Time spent: 2.81s
INFO | - Epoch 204, ExpID 78375
INFO | Train - Loss (one batch): 0.00203
INFO | Val - Loss, MSE, RMSE, MAE: 0.00284, 0.00284, 0.05253, 0.03240
INFO | Test - Best epoch 163, Loss, MSE, RMSE, MAE: 0.06230, 0.06230, 0.24726, 0.15071
INFO | Time spent: 2.82s
INFO | - Epoch 205, ExpID 78375
INFO | Train - Loss (one batch): 0.00236
INFO | Val - Loss, MSE, RMSE, MAE: 0.00284, 0.00284, 0.05246, 0.03212
INFO | Test - Best epoch 163, Loss, MSE, RMSE, MAE: 0.06230, 0.06230, 0.24726, 0.15071
INFO | Time spent: 2.85s
INFO | - Epoch 206, ExpID 78375
INFO | Train - Loss (one batch): 0.00259
INFO | Val - Loss, MSE, RMSE, MAE: 0.00285, 0.00285, 0.05259, 0.03236
INFO | Test - Best epoch 163, Loss, MSE, RMSE, MAE: 0.06230, 0.06230, 0.24726, 0.15071
INFO | Time spent: 2.81s
INFO | - Epoch 207, ExpID 78375
INFO | Train - Loss (one batch): 0.00260
INFO | Val - Loss, MSE, RMSE, MAE: 0.00289, 0.00289, 0.05302, 0.03339
INFO | Test - Best epoch 163, Loss, MSE, RMSE, MAE: 0.06230, 0.06230, 0.24726, 0.15071
INFO | Time spent: 2.80s
INFO | - Epoch 208, ExpID 78375
INFO | Train - Loss (one batch): 0.00163
INFO | Val - Loss, MSE, RMSE, MAE: 0.00285, 0.00285, 0.05262, 0.03248
INFO | Test - Best epoch 163, Loss, MSE, RMSE, MAE: 0.06230, 0.06230, 0.24726, 0.15071
INFO | Time spent: 2.79s
INFO | - Epoch 209, ExpID 78375
INFO | Train - Loss (one batch): 0.00205
INFO | Val - Loss, MSE, RMSE, MAE: 0.00287, 0.00287, 0.05287, 0.03315
INFO | Test - Best epoch 163, Loss, MSE, RMSE, MAE: 0.06230, 0.06230, 0.24726, 0.15071
INFO | Time spent: 2.82s
INFO | - Epoch 210, ExpID 78375
INFO | Train - Loss (one batch): 0.00259
INFO | Val - Loss, MSE, RMSE, MAE: 0.00294, 0.00294, 0.05346, 0.03372
INFO | Test - Best epoch 163, Loss, MSE, RMSE, MAE: 0.06230, 0.06230, 0.24726, 0.15071
INFO | Time spent: 2.92s
INFO | - Epoch 211, ExpID 78375
INFO | Train - Loss (one batch): 0.00171
INFO | Val - Loss, MSE, RMSE, MAE: 0.00292, 0.00292, 0.05340, 0.03407
INFO | Test - Best epoch 163, Loss, MSE, RMSE, MAE: 0.06230, 0.06230, 0.24726, 0.15071
INFO | Time spent: 2.73s
INFO | - Epoch 212, ExpID 78375
INFO | Train - Loss (one batch): 0.00223
INFO | Val - Loss, MSE, RMSE, MAE: 0.00281, 0.00281, 0.05230, 0.03230
INFO | Test - Best epoch 163, Loss, MSE, RMSE, MAE: 0.06230, 0.06230, 0.24726, 0.15071
INFO | Time spent: 2.73s
INFO | - Epoch 213, ExpID 78375
INFO | Train - Loss (one batch): 0.00180
INFO | Val - Loss, MSE, RMSE, MAE: 0.00291, 0.00291, 0.05325, 0.03387
INFO | Test - Best epoch 163, Loss, MSE, RMSE, MAE: 0.06230, 0.06230, 0.24726, 0.15071
INFO | Time spent: 2.74s
INFO | - Epoch 214, ExpID 78375
INFO | Train - Loss (one batch): 0.00159
INFO | Val - Loss, MSE, RMSE, MAE: 0.00287, 0.00287, 0.05280, 0.03268
INFO | Test - Best epoch 163, Loss, MSE, RMSE, MAE: 0.06230, 0.06230, 0.24726, 0.15071
INFO | Time spent: 2.72s
INFO | - Epoch 215, ExpID 78375
INFO | Train - Loss (one batch): 0.00180
INFO | Val - Loss, MSE, RMSE, MAE: 0.00284, 0.00284, 0.05262, 0.03288
INFO | Test - Best epoch 163, Loss, MSE, RMSE, MAE: 0.06230, 0.06230, 0.24726, 0.15071
INFO | Time spent: 2.73s
INFO | - Epoch 216, ExpID 78375
INFO | Train - Loss (one batch): 0.00237
INFO | Val - Loss, MSE, RMSE, MAE: 0.00283, 0.00283, 0.05249, 0.03224
INFO | Test - Best epoch 163, Loss, MSE, RMSE, MAE: 0.06230, 0.06230, 0.24726, 0.15071
INFO | Time spent: 2.74s
INFO | - Epoch 217, ExpID 78375
INFO | Train - Loss (one batch): 0.00268
INFO | Val - Loss, MSE, RMSE, MAE: 0.00293, 0.00293, 0.05339, 0.03363
INFO | Test - Best epoch 163, Loss, MSE, RMSE, MAE: 0.06230, 0.06230, 0.24726, 0.15071
INFO | Time spent: 2.75s
INFO | - Epoch 218, ExpID 78375
INFO | Train - Loss (one batch): 0.00227
INFO | Val - Loss, MSE, RMSE, MAE: 0.00288, 0.00288, 0.05289, 0.03261
INFO | Test - Best epoch 163, Loss, MSE, RMSE, MAE: 0.06230, 0.06230, 0.24726, 0.15071
INFO | Time spent: 2.75s
INFO | - Epoch 219, ExpID 78375
INFO | Train - Loss (one batch): 0.00214
INFO | Val - Loss, MSE, RMSE, MAE: 0.00296, 0.00296, 0.05361, 0.03343
INFO | Test - Best epoch 163, Loss, MSE, RMSE, MAE: 0.06230, 0.06230, 0.24726, 0.15071
INFO | Time spent: 2.75s
INFO | - Epoch 220, ExpID 78375
INFO | Train - Loss (one batch): 0.00267
INFO | Val - Loss, MSE, RMSE, MAE: 0.00284, 0.00284, 0.05261, 0.03297
INFO | Test - Best epoch 163, Loss, MSE, RMSE, MAE: 0.06230, 0.06230, 0.24726, 0.15071
INFO | Time spent: 2.83s
INFO | - Epoch 221, ExpID 78375
INFO | Train - Loss (one batch): 0.00163
INFO | Val - Loss, MSE, RMSE, MAE: 0.00287, 0.00287, 0.05289, 0.03288
INFO | Test - Best epoch 163, Loss, MSE, RMSE, MAE: 0.06230, 0.06230, 0.24726, 0.15071
INFO | Time spent: 2.81s
INFO | - Epoch 222, ExpID 78375
INFO | Train - Loss (one batch): 0.00245
INFO | Val - Loss, MSE, RMSE, MAE: 0.00298, 0.00298, 0.05391, 0.03446
INFO | Test - Best epoch 163, Loss, MSE, RMSE, MAE: 0.06230, 0.06230, 0.24726, 0.15071
INFO | Time spent: 2.81s
INFO | - Epoch 223, ExpID 78375
INFO | Train - Loss (one batch): 0.00247
INFO | Val - Loss, MSE, RMSE, MAE: 0.00304, 0.00304, 0.05450, 0.03576
INFO | Test - Best epoch 163, Loss, MSE, RMSE, MAE: 0.06230, 0.06230, 0.24726, 0.15071
INFO | Time spent: 2.81s
INFO | - Epoch 224, ExpID 78375
INFO | Train - Loss (one batch): 0.00228
INFO | Val - Loss, MSE, RMSE, MAE: 0.00284, 0.00284, 0.05256, 0.03259
INFO | Test - Best epoch 163, Loss, MSE, RMSE, MAE: 0.06230, 0.06230, 0.24726, 0.15071
INFO | Time spent: 2.81s
INFO | - Epoch 225, ExpID 78375
INFO | Train - Loss (one batch): 0.00236
INFO | Val - Loss, MSE, RMSE, MAE: 0.00280, 0.00280, 0.05223, 0.03208
INFO | Test - Best epoch 163, Loss, MSE, RMSE, MAE: 0.06230, 0.06230, 0.24726, 0.15071
INFO | Time spent: 2.82s
INFO | - Epoch 226, ExpID 78375
INFO | Train - Loss (one batch): 0.00277
INFO | Val - Loss, MSE, RMSE, MAE: 0.00284, 0.00284, 0.05248, 0.03218
INFO | Test - Best epoch 163, Loss, MSE, RMSE, MAE: 0.06230, 0.06230, 0.24726, 0.15071
INFO | Time spent: 2.80s
INFO | - Epoch 227, ExpID 78375
INFO | Train - Loss (one batch): 0.00160
INFO | Val - Loss, MSE, RMSE, MAE: 0.00288, 0.00288, 0.05291, 0.03291
INFO | Test - Best epoch 163, Loss, MSE, RMSE, MAE: 0.06230, 0.06230, 0.24726, 0.15071
INFO | Time spent: 2.95s
INFO | - Epoch 228, ExpID 78375
INFO | Train - Loss (one batch): 0.00202
INFO | Val - Loss, MSE, RMSE, MAE: 0.00285, 0.00285, 0.05265, 0.03276
INFO | Test - Best epoch 163, Loss, MSE, RMSE, MAE: 0.06230, 0.06230, 0.24726, 0.15071
INFO | Time spent: 2.98s
INFO | - Epoch 229, ExpID 78375
INFO | Train - Loss (one batch): 0.00222
INFO | Val - Loss, MSE, RMSE, MAE: 0.00285, 0.00285, 0.05261, 0.03240
INFO | Test - Best epoch 163, Loss, MSE, RMSE, MAE: 0.06230, 0.06230, 0.24726, 0.15071
INFO | Time spent: 2.81s
INFO | - Epoch 230, ExpID 78375
INFO | Train - Loss (one batch): 0.00219
INFO | Val - Loss, MSE, RMSE, MAE: 0.00286, 0.00286, 0.05271, 0.03278
INFO | Test - Best epoch 163, Loss, MSE, RMSE, MAE: 0.06230, 0.06230, 0.24726, 0.15071
INFO | Time spent: 2.75s
INFO | - Epoch 231, ExpID 78375
INFO | Train - Loss (one batch): 0.00243
INFO | Val - Loss, MSE, RMSE, MAE: 0.00283, 0.00283, 0.05244, 0.03254
INFO | Test - Best epoch 163, Loss, MSE, RMSE, MAE: 0.06230, 0.06230, 0.24726, 0.15071
INFO | Time spent: 2.73s
INFO | - Epoch 232, ExpID 78375
INFO | Train - Loss (one batch): 0.00249
INFO | Val - Loss, MSE, RMSE, MAE: 0.00302, 0.00302, 0.05431, 0.03536
INFO | Test - Best epoch 163, Loss, MSE, RMSE, MAE: 0.06230, 0.06230, 0.24726, 0.15071
INFO | Time spent: 2.75s
INFO | - Epoch 233, ExpID 78375
INFO | Train - Loss (one batch): 0.00246
INFO | Val - Loss, MSE, RMSE, MAE: 0.00286, 0.00286, 0.05273, 0.03266
INFO | Test - Best epoch 163, Loss, MSE, RMSE, MAE: 0.06230, 0.06230, 0.24726, 0.15071
INFO | Time spent: 2.74s
INFO | - Epoch 234, ExpID 78375
INFO | Train - Loss (one batch): 0.00224
INFO | Val - Loss, MSE, RMSE, MAE: 0.00288, 0.00288, 0.05300, 0.03359
INFO | Test - Best epoch 163, Loss, MSE, RMSE, MAE: 0.06230, 0.06230, 0.24726, 0.15071
INFO | Time spent: 2.75s
INFO | - Epoch 235, ExpID 78375
INFO | Train - Loss (one batch): 0.00227
INFO | Val - Loss, MSE, RMSE, MAE: 0.00283, 0.00283, 0.05250, 0.03234
INFO | Test - Best epoch 163, Loss, MSE, RMSE, MAE: 0.06230, 0.06230, 0.24726, 0.15071
INFO | Time spent: 2.75s
INFO | - Epoch 236, ExpID 78375
INFO | Train - Loss (one batch): 0.00239
INFO | Val - Loss, MSE, RMSE, MAE: 0.00286, 0.00286, 0.05272, 0.03243
INFO | Test - Best epoch 163, Loss, MSE, RMSE, MAE: 0.06230, 0.06230, 0.24726, 0.15071
INFO | Time spent: 2.73s
INFO | - Epoch 237, ExpID 78375
INFO | Train - Loss (one batch): 0.00226
INFO | Val - Loss, MSE, RMSE, MAE: 0.00283, 0.00283, 0.05252, 0.03250
INFO | Test - Best epoch 163, Loss, MSE, RMSE, MAE: 0.06230, 0.06230, 0.24726, 0.15071
INFO | Time spent: 2.74s
INFO | - Epoch 238, ExpID 78375
INFO | Train - Loss (one batch): 0.00205
INFO | Val - Loss, MSE, RMSE, MAE: 0.00283, 0.00283, 0.05249, 0.03234
INFO | Test - Best epoch 163, Loss, MSE, RMSE, MAE: 0.06230, 0.06230, 0.24726, 0.15071
INFO | Time spent: 2.76s
INFO | - Epoch 239, ExpID 78375
INFO | Train - Loss (one batch): 0.00172
INFO | Val - Loss, MSE, RMSE, MAE: 0.00288, 0.00288, 0.05295, 0.03297
INFO | Test - Best epoch 163, Loss, MSE, RMSE, MAE: 0.06230, 0.06230, 0.24726, 0.15071
INFO | Time spent: 2.74s
INFO | - Epoch 240, ExpID 78375
INFO | Train - Loss (one batch): 0.00196
INFO | Val - Loss, MSE, RMSE, MAE: 0.00281, 0.00281, 0.05231, 0.03199
INFO | Test - Best epoch 163, Loss, MSE, RMSE, MAE: 0.06230, 0.06230, 0.24726, 0.15071
INFO | Time spent: 2.81s
INFO | - Epoch 241, ExpID 78375
INFO | Train - Loss (one batch): 0.00181
INFO | Val - Loss, MSE, RMSE, MAE: 0.00287, 0.00287, 0.05279, 0.03259
INFO | Test - Best epoch 163, Loss, MSE, RMSE, MAE: 0.06230, 0.06230, 0.24726, 0.15071
INFO | Time spent: 2.80s
INFO | - Epoch 242, ExpID 78375
INFO | Train - Loss (one batch): 0.00210
INFO | Val - Loss, MSE, RMSE, MAE: 0.00289, 0.00289, 0.05304, 0.03325
INFO | Test - Best epoch 163, Loss, MSE, RMSE, MAE: 0.06230, 0.06230, 0.24726, 0.15071
INFO | Time spent: 2.81s
INFO | - Epoch 243, ExpID 78375
INFO | Train - Loss (one batch): 0.00282
INFO | Val - Loss, MSE, RMSE, MAE: 0.00284, 0.00284, 0.05259, 0.03245
INFO | Test - Best epoch 163, Loss, MSE, RMSE, MAE: 0.06230, 0.06230, 0.24726, 0.15071
INFO | Time spent: 2.80s
INFO | - Epoch 244, ExpID 78375
INFO | Train - Loss (one batch): 0.00221
INFO | Val - Loss, MSE, RMSE, MAE: 0.00283, 0.00283, 0.05248, 0.03250
INFO | Test - Best epoch 163, Loss, MSE, RMSE, MAE: 0.06230, 0.06230, 0.24726, 0.15071
INFO | Time spent: 2.78s
INFO | - Epoch 245, ExpID 78375
INFO | Train - Loss (one batch): 0.00252
INFO | Val - Loss, MSE, RMSE, MAE: 0.00296, 0.00296, 0.05371, 0.03390
INFO | Test - Best epoch 163, Loss, MSE, RMSE, MAE: 0.06230, 0.06230, 0.24726, 0.15071
INFO | Time spent: 3.04s
INFO | - Epoch 246, ExpID 78375
INFO | Train - Loss (one batch): 0.00199
INFO | Val - Loss, MSE, RMSE, MAE: 0.00286, 0.00286, 0.05276, 0.03260
INFO | Test - Best epoch 163, Loss, MSE, RMSE, MAE: 0.06230, 0.06230, 0.24726, 0.15071
INFO | Time spent: 2.79s
INFO | - Epoch 247, ExpID 78375
INFO | Train - Loss (one batch): 0.00176
INFO | Val - Loss, MSE, RMSE, MAE: 0.00288, 0.00288, 0.05294, 0.03254
INFO | Test - Best epoch 163, Loss, MSE, RMSE, MAE: 0.06230, 0.06230, 0.24726, 0.15071
INFO | Time spent: 2.80s
INFO | - Epoch 248, ExpID 78375
INFO | Train - Loss (one batch): 0.00254
INFO | Val - Loss, MSE, RMSE, MAE: 0.00288, 0.00288, 0.05291, 0.03281
INFO | Test - Best epoch 163, Loss, MSE, RMSE, MAE: 0.06230, 0.06230, 0.24726, 0.15071
INFO | Time spent: 2.81s
INFO | - Epoch 249, ExpID 78375
INFO | Train - Loss (one batch): 0.00208
INFO | Val - Loss, MSE, RMSE, MAE: 0.00291, 0.00291, 0.05328, 0.03372
INFO | Test - Best epoch 163, Loss, MSE, RMSE, MAE: 0.06230, 0.06230, 0.24726, 0.15071
INFO | Time spent: 2.81s
INFO | - Epoch 250, ExpID 78375
INFO | Train - Loss (one batch): 0.00156
INFO | Val - Loss, MSE, RMSE, MAE: 0.00313, 0.00313, 0.05535, 0.03693
INFO | Test - Best epoch 163, Loss, MSE, RMSE, MAE: 0.06230, 0.06230, 0.24726, 0.15071
INFO | Time spent: 2.80s
INFO | - Epoch 251, ExpID 78375
INFO | Train - Loss (one batch): 0.00312
INFO | Val - Loss, MSE, RMSE, MAE: 0.00280, 0.00280, 0.05220, 0.03206
INFO | Test - Best epoch 163, Loss, MSE, RMSE, MAE: 0.06230, 0.06230, 0.24726, 0.15071
INFO | Time spent: 2.81s
INFO | - Epoch 252, ExpID 78375
INFO | Train - Loss (one batch): 0.00201
INFO | Val - Loss, MSE, RMSE, MAE: 0.00289, 0.00289, 0.05307, 0.03337
INFO | Test - Best epoch 163, Loss, MSE, RMSE, MAE: 0.06230, 0.06230, 0.24726, 0.15071
INFO | Time spent: 2.83s
INFO | - Epoch 253, ExpID 78375
INFO | Train - Loss (one batch): 0.00173
INFO | Val - Loss, MSE, RMSE, MAE: 0.00289, 0.00289, 0.05304, 0.03297
INFO | Test - Best epoch 163, Loss, MSE, RMSE, MAE: 0.06230, 0.06230, 0.24726, 0.15071
INFO | Time spent: 2.81s
INFO | - Epoch 254, ExpID 78375
INFO | Train - Loss (one batch): 0.00251
INFO | Val - Loss, MSE, RMSE, MAE: 0.00301, 0.00301, 0.05411, 0.03388
INFO | Test - Best epoch 163, Loss, MSE, RMSE, MAE: 0.06230, 0.06230, 0.24726, 0.15071
INFO | Time spent: 2.79s
INFO | - Epoch 255, ExpID 78375
INFO | Train - Loss (one batch): 0.00265
INFO | Val - Loss, MSE, RMSE, MAE: 0.00292, 0.00292, 0.05328, 0.03315
INFO | Test - Best epoch 163, Loss, MSE, RMSE, MAE: 0.06230, 0.06230, 0.24726, 0.15071
INFO | Time spent: 2.81s
INFO | - Epoch 256, ExpID 78375
INFO | Train - Loss (one batch): 0.00182
INFO | Val - Loss, MSE, RMSE, MAE: 0.00295, 0.00295, 0.05349, 0.03345
INFO | Test - Best epoch 163, Loss, MSE, RMSE, MAE: 0.06230, 0.06230, 0.24726, 0.15071
INFO | Time spent: 2.83s
INFO | - Epoch 257, ExpID 78375
INFO | Train - Loss (one batch): 0.00302
INFO | Val - Loss, MSE, RMSE, MAE: 0.00293, 0.00293, 0.05334, 0.03336
INFO | Test - Best epoch 163, Loss, MSE, RMSE, MAE: 0.06230, 0.06230, 0.24726, 0.15071
INFO | Time spent: 2.80s
INFO | - Epoch 258, ExpID 78375
INFO | Train - Loss (one batch): 0.00183
INFO | Val - Loss, MSE, RMSE, MAE: 0.00290, 0.00290, 0.05313, 0.03328
INFO | Test - Best epoch 163, Loss, MSE, RMSE, MAE: 0.06230, 0.06230, 0.24726, 0.15071
INFO | Time spent: 2.81s
INFO | - Epoch 259, ExpID 78375
INFO | Train - Loss (one batch): 0.00241
INFO | Val - Loss, MSE, RMSE, MAE: 0.00284, 0.00284, 0.05250, 0.03204
INFO | Test - Best epoch 163, Loss, MSE, RMSE, MAE: 0.06230, 0.06230, 0.24726, 0.15071
INFO | Time spent: 2.82s
INFO | - Epoch 260, ExpID 78375
INFO | Train - Loss (one batch): 0.00256
INFO | Val - Loss, MSE, RMSE, MAE: 0.00282, 0.00282, 0.05232, 0.03213
INFO | Test - Best epoch 163, Loss, MSE, RMSE, MAE: 0.06230, 0.06230, 0.24726, 0.15071
INFO | Time spent: 2.78s
INFO | - Epoch 261, ExpID 78375
INFO | Train - Loss (one batch): 0.00229
INFO | Val - Loss, MSE, RMSE, MAE: 0.00283, 0.00283, 0.05246, 0.03222
INFO | Test - Best epoch 163, Loss, MSE, RMSE, MAE: 0.06230, 0.06230, 0.24726, 0.15071
INFO | Time spent: 2.78s
INFO | - Epoch 262, ExpID 78375
INFO | Train - Loss (one batch): 0.00175
INFO | Val - Loss, MSE, RMSE, MAE: 0.00282, 0.00282, 0.05239, 0.03211
INFO | Test - Best epoch 163, Loss, MSE, RMSE, MAE: 0.06230, 0.06230, 0.24726, 0.15071
INFO | Time spent: 2.80s
INFO | - Epoch 263, ExpID 78375
INFO | Train - Loss (one batch): 0.00187
INFO | Val - Loss, MSE, RMSE, MAE: 0.00288, 0.00288, 0.05289, 0.03255
INFO | Test - Best epoch 163, Loss, MSE, RMSE, MAE: 0.06230, 0.06230, 0.24726, 0.15071
INFO | Time spent: 2.79s
INFO | - Epoch 264, ExpID 78375
INFO | Train - Loss (one batch): 0.00219
INFO | Val - Loss, MSE, RMSE, MAE: 0.00296, 0.00296, 0.05374, 0.03458
INFO | Test - Best epoch 163, Loss, MSE, RMSE, MAE: 0.06230, 0.06230, 0.24726, 0.15071
INFO | Time spent: 2.78s
INFO | - Epoch 265, ExpID 78375
INFO | Train - Loss (one batch): 0.00242
INFO | Val - Loss, MSE, RMSE, MAE: 0.00284, 0.00284, 0.05260, 0.03228
INFO | Test - Best epoch 163, Loss, MSE, RMSE, MAE: 0.06230, 0.06230, 0.24726, 0.15071
INFO | Time spent: 2.78s
INFO | - Epoch 266, ExpID 78375
INFO | Train - Loss (one batch): 0.00197
INFO | Val - Loss, MSE, RMSE, MAE: 0.00285, 0.00285, 0.05261, 0.03236
INFO | Test - Best epoch 163, Loss, MSE, RMSE, MAE: 0.06230, 0.06230, 0.24726, 0.15071
INFO | Time spent: 2.80s
INFO | - Epoch 267, ExpID 78375
INFO | Train - Loss (one batch): 0.00195
INFO | Val - Loss, MSE, RMSE, MAE: 0.00292, 0.00292, 0.05327, 0.03319
INFO | Test - Best epoch 163, Loss, MSE, RMSE, MAE: 0.06230, 0.06230, 0.24726, 0.15071
INFO | Time spent: 2.78s
INFO | - Epoch 268, ExpID 78375
INFO | Train - Loss (one batch): 0.00182
INFO | Val - Loss, MSE, RMSE, MAE: 0.00285, 0.00285, 0.05266, 0.03218
INFO | Test - Best epoch 163, Loss, MSE, RMSE, MAE: 0.06230, 0.06230, 0.24726, 0.15071
INFO | Time spent: 2.80s
INFO | - Epoch 269, ExpID 78375
INFO | Train - Loss (one batch): 0.00188
INFO | Val - Loss, MSE, RMSE, MAE: 0.00294, 0.00294, 0.05347, 0.03389
INFO | Test - Best epoch 163, Loss, MSE, RMSE, MAE: 0.06230, 0.06230, 0.24726, 0.15071
INFO | Time spent: 2.78s
INFO | - Epoch 270, ExpID 78375
INFO | Train - Loss (one batch): 0.00212
INFO | Val - Loss, MSE, RMSE, MAE: 0.00286, 0.00286, 0.05275, 0.03266
INFO | Test - Best epoch 163, Loss, MSE, RMSE, MAE: 0.06230, 0.06230, 0.24726, 0.15071
INFO | Time spent: 2.76s
INFO | - Epoch 271, ExpID 78375
INFO | Train - Loss (one batch): 0.00220
INFO | Val - Loss, MSE, RMSE, MAE: 0.00289, 0.00289, 0.05303, 0.03296
INFO | Test - Best epoch 163, Loss, MSE, RMSE, MAE: 0.06230, 0.06230, 0.24726, 0.15071
INFO | Time spent: 2.74s
INFO | - Epoch 272, ExpID 78375
INFO | Train - Loss (one batch): 0.00176
INFO | Val - Loss, MSE, RMSE, MAE: 0.00286, 0.00286, 0.05274, 0.03232
INFO | Test - Best epoch 163, Loss, MSE, RMSE, MAE: 0.06230, 0.06230, 0.24726, 0.15071
INFO | Time spent: 2.74s
INFO | - Epoch 273, ExpID 78375
INFO | Train - Loss (one batch): 0.00280
INFO | Val - Loss, MSE, RMSE, MAE: 0.00292, 0.00292, 0.05328, 0.03290
INFO | Test - Best epoch 163, Loss, MSE, RMSE, MAE: 0.06230, 0.06230, 0.24726, 0.15071
INFO | Time spent: 2.75s
INFO | - Epoch 274, ExpID 78375
INFO | Train - Loss (one batch): 0.00222
INFO | Val - Loss, MSE, RMSE, MAE: 0.00287, 0.00287, 0.05278, 0.03262
INFO | Test - Best epoch 163, Loss, MSE, RMSE, MAE: 0.06230, 0.06230, 0.24726, 0.15071
INFO | Time spent: 2.74s
INFO | - Epoch 275, ExpID 78375
INFO | Train - Loss (one batch): 0.00219
INFO | Val - Loss, MSE, RMSE, MAE: 0.00286, 0.00286, 0.05271, 0.03247
INFO | Test - Best epoch 163, Loss, MSE, RMSE, MAE: 0.06230, 0.06230, 0.24726, 0.15071
INFO | Time spent: 2.74s
INFO | - Epoch 276, ExpID 78375
INFO | Train - Loss (one batch): 0.00223
INFO | Val - Loss, MSE, RMSE, MAE: 0.00293, 0.00293, 0.05328, 0.03272
INFO | Test - Best epoch 163, Loss, MSE, RMSE, MAE: 0.06230, 0.06230, 0.24726, 0.15071
INFO | Time spent: 2.75s
INFO | - Epoch 277, ExpID 78375
INFO | Train - Loss (one batch): 0.00203
INFO | Val - Loss, MSE, RMSE, MAE: 0.00284, 0.00284, 0.05259, 0.03243
INFO | Test - Best epoch 163, Loss, MSE, RMSE, MAE: 0.06230, 0.06230, 0.24726, 0.15071
INFO | Time spent: 2.74s
INFO | - Epoch 278, ExpID 78375
INFO | Train - Loss (one batch): 0.00199
INFO | Val - Loss, MSE, RMSE, MAE: 0.00307, 0.00307, 0.05470, 0.03558
INFO | Test - Best epoch 163, Loss, MSE, RMSE, MAE: 0.06230, 0.06230, 0.24726, 0.15071
INFO | Time spent: 2.74s
INFO | - Epoch 279, ExpID 78375
INFO | Train - Loss (one batch): 0.00254
INFO | Val - Loss, MSE, RMSE, MAE: 0.00293, 0.00293, 0.05345, 0.03387
INFO | Test - Best epoch 163, Loss, MSE, RMSE, MAE: 0.06230, 0.06230, 0.24726, 0.15071
INFO | Time spent: 2.75s
INFO | - Epoch 280, ExpID 78375
INFO | Train - Loss (one batch): 0.00208
INFO | Val - Loss, MSE, RMSE, MAE: 0.00287, 0.00287, 0.05283, 0.03275
INFO | Test - Best epoch 163, Loss, MSE, RMSE, MAE: 0.06230, 0.06230, 0.24726, 0.15071
INFO | Time spent: 2.81s
INFO | - Epoch 281, ExpID 78375
INFO | Train - Loss (one batch): 0.00153
INFO | Val - Loss, MSE, RMSE, MAE: 0.00295, 0.00295, 0.05360, 0.03358
INFO | Test - Best epoch 163, Loss, MSE, RMSE, MAE: 0.06230, 0.06230, 0.24726, 0.15071
INFO | Time spent: 2.83s
INFO | - Epoch 282, ExpID 78375
INFO | Train - Loss (one batch): 0.00233
INFO | Val - Loss, MSE, RMSE, MAE: 0.00291, 0.00291, 0.05319, 0.03323
INFO | Test - Best epoch 163, Loss, MSE, RMSE, MAE: 0.06230, 0.06230, 0.24726, 0.15071
INFO | Time spent: 2.79s
INFO | - Epoch 283, ExpID 78375
INFO | Train - Loss (one batch): 0.00240
INFO | Val - Loss, MSE, RMSE, MAE: 0.00285, 0.00285, 0.05266, 0.03264
INFO | Test - Best epoch 163, Loss, MSE, RMSE, MAE: 0.06230, 0.06230, 0.24726, 0.15071
INFO | Time spent: 2.83s
INFO | - Epoch 284, ExpID 78375
INFO | Train - Loss (one batch): 0.00226
INFO | Val - Loss, MSE, RMSE, MAE: 0.00298, 0.00298, 0.05396, 0.03449
INFO | Test - Best epoch 163, Loss, MSE, RMSE, MAE: 0.06230, 0.06230, 0.24726, 0.15071
INFO | Time spent: 2.83s
INFO | - Epoch 285, ExpID 78375
INFO | Train - Loss (one batch): 0.00192
INFO | Val - Loss, MSE, RMSE, MAE: 0.00287, 0.00287, 0.05281, 0.03270
INFO | Test - Best epoch 163, Loss, MSE, RMSE, MAE: 0.06230, 0.06230, 0.24726, 0.15071
INFO | Time spent: 2.78s
INFO | - Epoch 286, ExpID 78375
INFO | Train - Loss (one batch): 0.00198
INFO | Val - Loss, MSE, RMSE, MAE: 0.00287, 0.00287, 0.05287, 0.03302
INFO | Test - Best epoch 163, Loss, MSE, RMSE, MAE: 0.06230, 0.06230, 0.24726, 0.15071
INFO | Time spent: 2.81s
INFO | - Epoch 287, ExpID 78375
INFO | Train - Loss (one batch): 0.00190
INFO | Val - Loss, MSE, RMSE, MAE: 0.00294, 0.00294, 0.05356, 0.03420
INFO | Test - Best epoch 163, Loss, MSE, RMSE, MAE: 0.06230, 0.06230, 0.24726, 0.15071
INFO | Time spent: 2.81s
INFO | - Epoch 288, ExpID 78375
INFO | Train - Loss (one batch): 0.00140
INFO | Val - Loss, MSE, RMSE, MAE: 0.00285, 0.00285, 0.05261, 0.03224
INFO | Test - Best epoch 163, Loss, MSE, RMSE, MAE: 0.06230, 0.06230, 0.24726, 0.15071
INFO | Time spent: 3.08s
INFO | - Epoch 289, ExpID 78375
INFO | Train - Loss (one batch): 0.00258
INFO | Val - Loss, MSE, RMSE, MAE: 0.00288, 0.00288, 0.05284, 0.03255
INFO | Test - Best epoch 163, Loss, MSE, RMSE, MAE: 0.06230, 0.06230, 0.24726, 0.15071
INFO | Time spent: 2.79s
INFO | - Epoch 290, ExpID 78375
INFO | Train - Loss (one batch): 0.00259
INFO | Val - Loss, MSE, RMSE, MAE: 0.00289, 0.00289, 0.05304, 0.03260
INFO | Test - Best epoch 163, Loss, MSE, RMSE, MAE: 0.06230, 0.06230, 0.24726, 0.15071
INFO | Time spent: 2.74s
INFO | - Epoch 291, ExpID 78375
INFO | Train - Loss (one batch): 0.00256
INFO | Val - Loss, MSE, RMSE, MAE: 0.00287, 0.00287, 0.05289, 0.03297
INFO | Test - Best epoch 163, Loss, MSE, RMSE, MAE: 0.06230, 0.06230, 0.24726, 0.15071
INFO | Time spent: 2.86s
INFO | - Epoch 292, ExpID 78375
INFO | Train - Loss (one batch): 0.00248
INFO | Val - Loss, MSE, RMSE, MAE: 0.00300, 0.00300, 0.05402, 0.03432
INFO | Test - Best epoch 163, Loss, MSE, RMSE, MAE: 0.06230, 0.06230, 0.24726, 0.15071
INFO | Time spent: 2.79s
INFO | - Epoch 293, ExpID 78375
INFO | Train - Loss (one batch): 0.00287
INFO | Val - Loss, MSE, RMSE, MAE: 0.00287, 0.00287, 0.05284, 0.03265
INFO | Test - Best epoch 163, Loss, MSE, RMSE, MAE: 0.06230, 0.06230, 0.24726, 0.15071
INFO | Time spent: 2.79s
INFO | - Epoch 294, ExpID 78375
INFO | Train - Loss (one batch): 0.00211
INFO | Val - Loss, MSE, RMSE, MAE: 0.00293, 0.00293, 0.05336, 0.03339
INFO | Test - Best epoch 163, Loss, MSE, RMSE, MAE: 0.06230, 0.06230, 0.24726, 0.15071
INFO | Time spent: 2.78s
INFO | - Epoch 295, ExpID 78375
INFO | Train - Loss (one batch): 0.00208
INFO | Val - Loss, MSE, RMSE, MAE: 0.00292, 0.00292, 0.05327, 0.03335
INFO | Test - Best epoch 163, Loss, MSE, RMSE, MAE: 0.06230, 0.06230, 0.24726, 0.15071
INFO | Time spent: 2.80s
INFO | - Epoch 296, ExpID 78375
INFO | Train - Loss (one batch): 0.00184
INFO | Val - Loss, MSE, RMSE, MAE: 0.00291, 0.00291, 0.05312, 0.03275
INFO | Test - Best epoch 163, Loss, MSE, RMSE, MAE: 0.06230, 0.06230, 0.24726, 0.15071
INFO | Time spent: 2.79s
INFO | - Epoch 297, ExpID 78375
INFO | Train - Loss (one batch): 0.00243
INFO | Val - Loss, MSE, RMSE, MAE: 0.00293, 0.00293, 0.05334, 0.03316
INFO | Test - Best epoch 163, Loss, MSE, RMSE, MAE: 0.06230, 0.06230, 0.24726, 0.15071
INFO | Time spent: 2.90s
INFO | - Epoch 298, ExpID 78375
INFO | Train - Loss (one batch): 0.00170
INFO | Val - Loss, MSE, RMSE, MAE: 0.00296, 0.00296, 0.05370, 0.03378
INFO | Test - Best epoch 163, Loss, MSE, RMSE, MAE: 0.06230, 0.06230, 0.24726, 0.15071
INFO | Time spent: 2.74s
INFO | - Epoch 299, ExpID 78375
INFO | Train - Loss (one batch): 0.00287
INFO | Val - Loss, MSE, RMSE, MAE: 0.00287, 0.00287, 0.05282, 0.03242
INFO | Test - Best epoch 163, Loss, MSE, RMSE, MAE: 0.06230, 0.06230, 0.24726, 0.15071
INFO | Time spent: 2.73s
INFO | - Epoch 000, ExpID 12803
INFO | Train - Loss (one batch): 0.01346
INFO | Val - Loss, MSE, RMSE, MAE: 0.01147, 0.01147, 0.10667, 0.08370
INFO | Test - Best epoch 0, Loss, MSE, RMSE, MAE: 0.29233, 0.29233, 0.53826, 0.41324
INFO | Time spent: 4.45s
INFO | - Epoch 001, ExpID 12803
INFO | Train - Loss (one batch): 0.00421
INFO | Val - Loss, MSE, RMSE, MAE: 0.00413, 0.00413, 0.06367, 0.04257
INFO | Test - Best epoch 1, Loss, MSE, RMSE, MAE: 0.09568, 0.09568, 0.30704, 0.20071
INFO | Time spent: 3.30s
INFO | - Epoch 002, ExpID 12803
INFO | Train - Loss (one batch): 0.00428
INFO | Val - Loss, MSE, RMSE, MAE: 0.00353, 0.00353, 0.05873, 0.03752
INFO | Test - Best epoch 2, Loss, MSE, RMSE, MAE: 0.08195, 0.08195, 0.28394, 0.17719
INFO | Time spent: 3.27s
INFO | - Epoch 003, ExpID 12803
INFO | Train - Loss (one batch): 0.00272
INFO | Val - Loss, MSE, RMSE, MAE: 0.00320, 0.00320, 0.05595, 0.03463
INFO | Test - Best epoch 3, Loss, MSE, RMSE, MAE: 0.07396, 0.07396, 0.26970, 0.16404
INFO | Time spent: 3.25s
INFO | - Epoch 004, ExpID 12803
INFO | Train - Loss (one batch): 0.00382
INFO | Val - Loss, MSE, RMSE, MAE: 0.00357, 0.00357, 0.05911, 0.03907
INFO | Test - Best epoch 3, Loss, MSE, RMSE, MAE: 0.07396, 0.07396, 0.26970, 0.16404
INFO | Time spent: 3.08s
INFO | - Epoch 005, ExpID 12803
INFO | Train - Loss (one batch): 0.00383
INFO | Val - Loss, MSE, RMSE, MAE: 0.00452, 0.00452, 0.06679, 0.04988
INFO | Test - Best epoch 3, Loss, MSE, RMSE, MAE: 0.07396, 0.07396, 0.26970, 0.16404
INFO | Time spent: 2.82s
INFO | - Epoch 006, ExpID 12803
INFO | Train - Loss (one batch): 0.00319
INFO | Val - Loss, MSE, RMSE, MAE: 0.00558, 0.00558, 0.07432, 0.05879
INFO | Test - Best epoch 3, Loss, MSE, RMSE, MAE: 0.07396, 0.07396, 0.26970, 0.16404
INFO | Time spent: 2.83s
INFO | - Epoch 007, ExpID 12803
INFO | Train - Loss (one batch): 0.00250
INFO | Val - Loss, MSE, RMSE, MAE: 0.00317, 0.00317, 0.05567, 0.03434
INFO | Test - Best epoch 7, Loss, MSE, RMSE, MAE: 0.07280, 0.07280, 0.26752, 0.16273
INFO | Time spent: 3.27s
INFO | - Epoch 008, ExpID 12803
INFO | Train - Loss (one batch): 0.00278
INFO | Val - Loss, MSE, RMSE, MAE: 0.00352, 0.00352, 0.05870, 0.03921
INFO | Test - Best epoch 7, Loss, MSE, RMSE, MAE: 0.07280, 0.07280, 0.26752, 0.16273
INFO | Time spent: 2.83s
INFO | - Epoch 009, ExpID 12803
INFO | Train - Loss (one batch): 0.00295
INFO | Val - Loss, MSE, RMSE, MAE: 0.00315, 0.00315, 0.05548, 0.03482
INFO | Test - Best epoch 9, Loss, MSE, RMSE, MAE: 0.07137, 0.07137, 0.26486, 0.16307
INFO | Time spent: 3.27s
INFO | - Epoch 010, ExpID 12803
INFO | Train - Loss (one batch): 0.00240
INFO | Val - Loss, MSE, RMSE, MAE: 0.00392, 0.00392, 0.06203, 0.04393
INFO | Test - Best epoch 9, Loss, MSE, RMSE, MAE: 0.07137, 0.07137, 0.26486, 0.16307
INFO | Time spent: 2.86s
INFO | - Epoch 011, ExpID 12803
INFO | Train - Loss (one batch): 0.00327
INFO | Val - Loss, MSE, RMSE, MAE: 0.00338, 0.00338, 0.05746, 0.03712
INFO | Test - Best epoch 9, Loss, MSE, RMSE, MAE: 0.07137, 0.07137, 0.26486, 0.16307
INFO | Time spent: 2.85s
INFO | - Epoch 012, ExpID 12803
INFO | Train - Loss (one batch): 0.00371
INFO | Val - Loss, MSE, RMSE, MAE: 0.00532, 0.00532, 0.07255, 0.05680
INFO | Test - Best epoch 9, Loss, MSE, RMSE, MAE: 0.07137, 0.07137, 0.26486, 0.16307
INFO | Time spent: 3.00s
INFO | - Epoch 013, ExpID 12803
INFO | Train - Loss (one batch): 0.00253
INFO | Val - Loss, MSE, RMSE, MAE: 0.00303, 0.00303, 0.05436, 0.03303
INFO | Test - Best epoch 13, Loss, MSE, RMSE, MAE: 0.06881, 0.06881, 0.25991, 0.15543
INFO | Time spent: 3.27s
INFO | - Epoch 014, ExpID 12803
INFO | Train - Loss (one batch): 0.00346
INFO | Val - Loss, MSE, RMSE, MAE: 0.00452, 0.00452, 0.06688, 0.05100
INFO | Test - Best epoch 13, Loss, MSE, RMSE, MAE: 0.06881, 0.06881, 0.25991, 0.15543
INFO | Time spent: 2.96s
INFO | - Epoch 015, ExpID 12803
INFO | Train - Loss (one batch): 0.00255
INFO | Val - Loss, MSE, RMSE, MAE: 0.00362, 0.00362, 0.05958, 0.04088
INFO | Test - Best epoch 13, Loss, MSE, RMSE, MAE: 0.06881, 0.06881, 0.25991, 0.15543
INFO | Time spent: 2.90s
INFO | - Epoch 016, ExpID 12803
INFO | Train - Loss (one batch): 0.00352
INFO | Val - Loss, MSE, RMSE, MAE: 0.00310, 0.00310, 0.05504, 0.03439
INFO | Test - Best epoch 13, Loss, MSE, RMSE, MAE: 0.06881, 0.06881, 0.25991, 0.15543
INFO | Time spent: 2.83s
INFO | - Epoch 017, ExpID 12803
INFO | Train - Loss (one batch): 0.00239
INFO | Val - Loss, MSE, RMSE, MAE: 0.00315, 0.00315, 0.05544, 0.03460
INFO | Test - Best epoch 13, Loss, MSE, RMSE, MAE: 0.06881, 0.06881, 0.25991, 0.15543
INFO | Time spent: 2.82s
INFO | - Epoch 018, ExpID 12803
INFO | Train - Loss (one batch): 0.00258
INFO | Val - Loss, MSE, RMSE, MAE: 0.00402, 0.00402, 0.06295, 0.04571
INFO | Test - Best epoch 13, Loss, MSE, RMSE, MAE: 0.06881, 0.06881, 0.25991, 0.15543
INFO | Time spent: 2.84s
INFO | - Epoch 019, ExpID 12803
INFO | Train - Loss (one batch): 0.00280
INFO | Val - Loss, MSE, RMSE, MAE: 0.00362, 0.00362, 0.05961, 0.04121
INFO | Test - Best epoch 13, Loss, MSE, RMSE, MAE: 0.06881, 0.06881, 0.25991, 0.15543
INFO | Time spent: 2.84s
INFO | - Epoch 020, ExpID 12803
INFO | Train - Loss (one batch): 0.00277
INFO | Val - Loss, MSE, RMSE, MAE: 0.00318, 0.00318, 0.05577, 0.03588
INFO | Test - Best epoch 13, Loss, MSE, RMSE, MAE: 0.06881, 0.06881, 0.25991, 0.15543
INFO | Time spent: 2.83s
INFO | - Epoch 021, ExpID 12803
INFO | Train - Loss (one batch): 0.00252
INFO | Val - Loss, MSE, RMSE, MAE: 0.00323, 0.00323, 0.05622, 0.03658
INFO | Test - Best epoch 13, Loss, MSE, RMSE, MAE: 0.06881, 0.06881, 0.25991, 0.15543
INFO | Time spent: 2.77s
INFO | - Epoch 022, ExpID 12803
INFO | Train - Loss (one batch): 0.00267
INFO | Val - Loss, MSE, RMSE, MAE: 0.00319, 0.00319, 0.05589, 0.03608
INFO | Test - Best epoch 13, Loss, MSE, RMSE, MAE: 0.06881, 0.06881, 0.25991, 0.15543
INFO | Time spent: 2.77s
INFO | - Epoch 023, ExpID 12803
INFO | Train - Loss (one batch): 0.00224
INFO | Val - Loss, MSE, RMSE, MAE: 0.00386, 0.00386, 0.06162, 0.04397
INFO | Test - Best epoch 13, Loss, MSE, RMSE, MAE: 0.06881, 0.06881, 0.25991, 0.15543
INFO | Time spent: 2.98s
INFO | - Epoch 024, ExpID 12803
INFO | Train - Loss (one batch): 0.00272
INFO | Val - Loss, MSE, RMSE, MAE: 0.00329, 0.00329, 0.05673, 0.03749
INFO | Test - Best epoch 13, Loss, MSE, RMSE, MAE: 0.06881, 0.06881, 0.25991, 0.15543
INFO | Time spent: 2.78s
INFO | - Epoch 025, ExpID 12803
INFO | Train - Loss (one batch): 0.00328
INFO | Val - Loss, MSE, RMSE, MAE: 0.00345, 0.00345, 0.05820, 0.03990
INFO | Test - Best epoch 13, Loss, MSE, RMSE, MAE: 0.06881, 0.06881, 0.25991, 0.15543
INFO | Time spent: 2.79s
INFO | - Epoch 026, ExpID 12803
INFO | Train - Loss (one batch): 0.00280
INFO | Val - Loss, MSE, RMSE, MAE: 0.00305, 0.00305, 0.05462, 0.03438
INFO | Test - Best epoch 13, Loss, MSE, RMSE, MAE: 0.06881, 0.06881, 0.25991, 0.15543
INFO | Time spent: 2.80s
INFO | - Epoch 027, ExpID 12803
INFO | Train - Loss (one batch): 0.00277
INFO | Val - Loss, MSE, RMSE, MAE: 0.00353, 0.00353, 0.05879, 0.04003
INFO | Test - Best epoch 13, Loss, MSE, RMSE, MAE: 0.06881, 0.06881, 0.25991, 0.15543
INFO | Time spent: 2.77s
INFO | - Epoch 028, ExpID 12803
INFO | Train - Loss (one batch): 0.00229
INFO | Val - Loss, MSE, RMSE, MAE: 0.00351, 0.00351, 0.05874, 0.04054
INFO | Test - Best epoch 13, Loss, MSE, RMSE, MAE: 0.06881, 0.06881, 0.25991, 0.15543
INFO | Time spent: 2.78s
INFO | - Epoch 029, ExpID 12803
INFO | Train - Loss (one batch): 0.00282
INFO | Val - Loss, MSE, RMSE, MAE: 0.00361, 0.00361, 0.05955, 0.04130
INFO | Test - Best epoch 13, Loss, MSE, RMSE, MAE: 0.06881, 0.06881, 0.25991, 0.15543
INFO | Time spent: 2.80s
INFO | - Epoch 030, ExpID 12803
INFO | Train - Loss (one batch): 0.00289
INFO | Val - Loss, MSE, RMSE, MAE: 0.00310, 0.00310, 0.05508, 0.03538
INFO | Test - Best epoch 13, Loss, MSE, RMSE, MAE: 0.06881, 0.06881, 0.25991, 0.15543
INFO | Time spent: 2.79s
INFO | - Epoch 031, ExpID 12803
INFO | Train - Loss (one batch): 0.00337
INFO | Val - Loss, MSE, RMSE, MAE: 0.00294, 0.00294, 0.05355, 0.03258
INFO | Test - Best epoch 31, Loss, MSE, RMSE, MAE: 0.06673, 0.06673, 0.25584, 0.15237
INFO | Time spent: 3.22s
INFO | - Epoch 032, ExpID 12803
INFO | Train - Loss (one batch): 0.00339
INFO | Val - Loss, MSE, RMSE, MAE: 0.00332, 0.00332, 0.05707, 0.03783
INFO | Test - Best epoch 31, Loss, MSE, RMSE, MAE: 0.06673, 0.06673, 0.25584, 0.15237
INFO | Time spent: 2.79s
INFO | - Epoch 033, ExpID 12803
INFO | Train - Loss (one batch): 0.00289
INFO | Val - Loss, MSE, RMSE, MAE: 0.00304, 0.00304, 0.05448, 0.03379
INFO | Test - Best epoch 31, Loss, MSE, RMSE, MAE: 0.06673, 0.06673, 0.25584, 0.15237
INFO | Time spent: 2.79s
INFO | - Epoch 034, ExpID 12803
INFO | Train - Loss (one batch): 0.00238
INFO | Val - Loss, MSE, RMSE, MAE: 0.00300, 0.00300, 0.05411, 0.03386
INFO | Test - Best epoch 31, Loss, MSE, RMSE, MAE: 0.06673, 0.06673, 0.25584, 0.15237
INFO | Time spent: 2.77s
INFO | - Epoch 035, ExpID 12803
INFO | Train - Loss (one batch): 0.00207
INFO | Val - Loss, MSE, RMSE, MAE: 0.00297, 0.00297, 0.05386, 0.03322
INFO | Test - Best epoch 31, Loss, MSE, RMSE, MAE: 0.06673, 0.06673, 0.25584, 0.15237
INFO | Time spent: 2.76s
INFO | - Epoch 036, ExpID 12803
INFO | Train - Loss (one batch): 0.00229
INFO | Val - Loss, MSE, RMSE, MAE: 0.00300, 0.00300, 0.05411, 0.03404
INFO | Test - Best epoch 31, Loss, MSE, RMSE, MAE: 0.06673, 0.06673, 0.25584, 0.15237
INFO | Time spent: 2.77s
INFO | - Epoch 037, ExpID 12803
INFO | Train - Loss (one batch): 0.00203
INFO | Val - Loss, MSE, RMSE, MAE: 0.00355, 0.00355, 0.05901, 0.04064
INFO | Test - Best epoch 31, Loss, MSE, RMSE, MAE: 0.06673, 0.06673, 0.25584, 0.15237
INFO | Time spent: 2.77s
INFO | - Epoch 038, ExpID 12803
INFO | Train - Loss (one batch): 0.00245
INFO | Val - Loss, MSE, RMSE, MAE: 0.00327, 0.00327, 0.05661, 0.03764
INFO | Test - Best epoch 31, Loss, MSE, RMSE, MAE: 0.06673, 0.06673, 0.25584, 0.15237
INFO | Time spent: 2.79s
INFO | - Epoch 039, ExpID 12803
INFO | Train - Loss (one batch): 0.00264
INFO | Val - Loss, MSE, RMSE, MAE: 0.00300, 0.00300, 0.05415, 0.03419
INFO | Test - Best epoch 31, Loss, MSE, RMSE, MAE: 0.06673, 0.06673, 0.25584, 0.15237
INFO | Time spent: 2.80s
INFO | - Epoch 040, ExpID 12803
INFO | Train - Loss (one batch): 0.00198
INFO | Val - Loss, MSE, RMSE, MAE: 0.00292, 0.00292, 0.05334, 0.03282
INFO | Test - Best epoch 40, Loss, MSE, RMSE, MAE: 0.06646, 0.06646, 0.25541, 0.15413
INFO | Time spent: 3.22s
INFO | - Epoch 041, ExpID 12803
INFO | Train - Loss (one batch): 0.00272
INFO | Val - Loss, MSE, RMSE, MAE: 0.00326, 0.00326, 0.05657, 0.03765
INFO | Test - Best epoch 40, Loss, MSE, RMSE, MAE: 0.06646, 0.06646, 0.25541, 0.15413
INFO | Time spent: 2.92s
INFO | - Epoch 042, ExpID 12803
INFO | Train - Loss (one batch): 0.00270
INFO | Val - Loss, MSE, RMSE, MAE: 0.00299, 0.00299, 0.05402, 0.03347
INFO | Test - Best epoch 40, Loss, MSE, RMSE, MAE: 0.06646, 0.06646, 0.25541, 0.15413
INFO | Time spent: 2.88s
INFO | - Epoch 043, ExpID 12803
INFO | Train - Loss (one batch): 0.00264
INFO | Val - Loss, MSE, RMSE, MAE: 0.00333, 0.00333, 0.05722, 0.03856
INFO | Test - Best epoch 40, Loss, MSE, RMSE, MAE: 0.06646, 0.06646, 0.25541, 0.15413
INFO | Time spent: 2.78s
INFO | - Epoch 044, ExpID 12803
INFO | Train - Loss (one batch): 0.00274
INFO | Val - Loss, MSE, RMSE, MAE: 0.00299, 0.00299, 0.05397, 0.03363
INFO | Test - Best epoch 40, Loss, MSE, RMSE, MAE: 0.06646, 0.06646, 0.25541, 0.15413
INFO | Time spent: 2.78s
INFO | - Epoch 045, ExpID 12803
INFO | Train - Loss (one batch): 0.00286
INFO | Val - Loss, MSE, RMSE, MAE: 0.00297, 0.00297, 0.05387, 0.03375
INFO | Test - Best epoch 40, Loss, MSE, RMSE, MAE: 0.06646, 0.06646, 0.25541, 0.15413
INFO | Time spent: 2.78s
INFO | - Epoch 046, ExpID 12803
INFO | Train - Loss (one batch): 0.00285
INFO | Val - Loss, MSE, RMSE, MAE: 0.00288, 0.00288, 0.05300, 0.03243
INFO | Test - Best epoch 46, Loss, MSE, RMSE, MAE: 0.06622, 0.06622, 0.25502, 0.15384
INFO | Time spent: 3.22s
INFO | - Epoch 047, ExpID 12803
INFO | Train - Loss (one batch): 0.00215
INFO | Val - Loss, MSE, RMSE, MAE: 0.00312, 0.00312, 0.05524, 0.03593
INFO | Test - Best epoch 46, Loss, MSE, RMSE, MAE: 0.06622, 0.06622, 0.25502, 0.15384
INFO | Time spent: 2.77s
INFO | - Epoch 048, ExpID 12803
INFO | Train - Loss (one batch): 0.00319
INFO | Val - Loss, MSE, RMSE, MAE: 0.00287, 0.00287, 0.05287, 0.03238
INFO | Test - Best epoch 48, Loss, MSE, RMSE, MAE: 0.06579, 0.06579, 0.25419, 0.15333
INFO | Time spent: 3.23s
INFO | - Epoch 049, ExpID 12803
INFO | Train - Loss (one batch): 0.00184
INFO | Val - Loss, MSE, RMSE, MAE: 0.00304, 0.00304, 0.05449, 0.03474
INFO | Test - Best epoch 48, Loss, MSE, RMSE, MAE: 0.06579, 0.06579, 0.25419, 0.15333
INFO | Time spent: 2.78s
INFO | - Epoch 050, ExpID 12803
INFO | Train - Loss (one batch): 0.00276
INFO | Val - Loss, MSE, RMSE, MAE: 0.00313, 0.00313, 0.05535, 0.03630
INFO | Test - Best epoch 48, Loss, MSE, RMSE, MAE: 0.06579, 0.06579, 0.25419, 0.15333
INFO | Time spent: 2.74s
INFO | - Epoch 051, ExpID 12803
INFO | Train - Loss (one batch): 0.00245
INFO | Val - Loss, MSE, RMSE, MAE: 0.00288, 0.00288, 0.05297, 0.03273
INFO | Test - Best epoch 48, Loss, MSE, RMSE, MAE: 0.06579, 0.06579, 0.25419, 0.15333
INFO | Time spent: 2.76s
INFO | - Epoch 052, ExpID 12803
INFO | Train - Loss (one batch): 0.00281
INFO | Val - Loss, MSE, RMSE, MAE: 0.00314, 0.00314, 0.05548, 0.03634
INFO | Test - Best epoch 48, Loss, MSE, RMSE, MAE: 0.06579, 0.06579, 0.25419, 0.15333
INFO | Time spent: 2.77s
INFO | - Epoch 053, ExpID 12803
INFO | Train - Loss (one batch): 0.00289
INFO | Val - Loss, MSE, RMSE, MAE: 0.00287, 0.00287, 0.05296, 0.03296
INFO | Test - Best epoch 48, Loss, MSE, RMSE, MAE: 0.06579, 0.06579, 0.25419, 0.15333
INFO | Time spent: 2.76s
INFO | - Epoch 054, ExpID 12803
INFO | Train - Loss (one batch): 0.00218
INFO | Val - Loss, MSE, RMSE, MAE: 0.00287, 0.00287, 0.05288, 0.03288
INFO | Test - Best epoch 54, Loss, MSE, RMSE, MAE: 0.06542, 0.06542, 0.25338, 0.15498
INFO | Time spent: 3.19s
INFO | - Epoch 055, ExpID 12803
INFO | Train - Loss (one batch): 0.00184
INFO | Val - Loss, MSE, RMSE, MAE: 0.00285, 0.00285, 0.05268, 0.03223
INFO | Test - Best epoch 55, Loss, MSE, RMSE, MAE: 0.06506, 0.06506, 0.25264, 0.15216
INFO | Time spent: 3.19s
INFO | - Epoch 056, ExpID 12803
INFO | Train - Loss (one batch): 0.00250
INFO | Val - Loss, MSE, RMSE, MAE: 0.00318, 0.00318, 0.05572, 0.03638
INFO | Test - Best epoch 55, Loss, MSE, RMSE, MAE: 0.06506, 0.06506, 0.25264, 0.15216
INFO | Time spent: 2.85s
INFO | - Epoch 057, ExpID 12803
INFO | Train - Loss (one batch): 0.00255
INFO | Val - Loss, MSE, RMSE, MAE: 0.00302, 0.00302, 0.05440, 0.03475
INFO | Test - Best epoch 55, Loss, MSE, RMSE, MAE: 0.06506, 0.06506, 0.25264, 0.15216
INFO | Time spent: 2.75s
INFO | - Epoch 058, ExpID 12803
INFO | Train - Loss (one batch): 0.00266
INFO | Val - Loss, MSE, RMSE, MAE: 0.00384, 0.00384, 0.06157, 0.04493
INFO | Test - Best epoch 55, Loss, MSE, RMSE, MAE: 0.06506, 0.06506, 0.25264, 0.15216
INFO | Time spent: 2.98s
INFO | - Epoch 059, ExpID 12803
INFO | Train - Loss (one batch): 0.00311
INFO | Val - Loss, MSE, RMSE, MAE: 0.00287, 0.00287, 0.05286, 0.03218
INFO | Test - Best epoch 55, Loss, MSE, RMSE, MAE: 0.06506, 0.06506, 0.25264, 0.15216
INFO | Time spent: 2.75s
INFO | - Epoch 060, ExpID 12803
INFO | Train - Loss (one batch): 0.00292
INFO | Val - Loss, MSE, RMSE, MAE: 0.00306, 0.00306, 0.05472, 0.03557
INFO | Test - Best epoch 55, Loss, MSE, RMSE, MAE: 0.06506, 0.06506, 0.25264, 0.15216
INFO | Time spent: 2.80s
INFO | - Epoch 061, ExpID 12803
INFO | Train - Loss (one batch): 0.00256
INFO | Val - Loss, MSE, RMSE, MAE: 0.00283, 0.00283, 0.05252, 0.03267
INFO | Test - Best epoch 61, Loss, MSE, RMSE, MAE: 0.06520, 0.06520, 0.25307, 0.15527
INFO | Time spent: 3.23s
INFO | - Epoch 062, ExpID 12803
INFO | Train - Loss (one batch): 0.00243
INFO | Val - Loss, MSE, RMSE, MAE: 0.00283, 0.00283, 0.05256, 0.03233
INFO | Test - Best epoch 61, Loss, MSE, RMSE, MAE: 0.06520, 0.06520, 0.25307, 0.15527
INFO | Time spent: 2.77s
INFO | - Epoch 063, ExpID 12803
INFO | Train - Loss (one batch): 0.00209
INFO | Val - Loss, MSE, RMSE, MAE: 0.00289, 0.00289, 0.05311, 0.03313
INFO | Test - Best epoch 61, Loss, MSE, RMSE, MAE: 0.06520, 0.06520, 0.25307, 0.15527
INFO | Time spent: 2.78s
INFO | - Epoch 064, ExpID 12803
INFO | Train - Loss (one batch): 0.00235
INFO | Val - Loss, MSE, RMSE, MAE: 0.00318, 0.00318, 0.05589, 0.03700
INFO | Test - Best epoch 61, Loss, MSE, RMSE, MAE: 0.06520, 0.06520, 0.25307, 0.15527
INFO | Time spent: 2.78s
INFO | - Epoch 065, ExpID 12803
INFO | Train - Loss (one batch): 0.00260
INFO | Val - Loss, MSE, RMSE, MAE: 0.00290, 0.00290, 0.05315, 0.03261
INFO | Test - Best epoch 61, Loss, MSE, RMSE, MAE: 0.06520, 0.06520, 0.25307, 0.15527
INFO | Time spent: 2.77s
INFO | - Epoch 066, ExpID 12803
INFO | Train - Loss (one batch): 0.00332
INFO | Val - Loss, MSE, RMSE, MAE: 0.00285, 0.00285, 0.05269, 0.03270
INFO | Test - Best epoch 61, Loss, MSE, RMSE, MAE: 0.06520, 0.06520, 0.25307, 0.15527
INFO | Time spent: 2.77s
INFO | - Epoch 067, ExpID 12803
INFO | Train - Loss (one batch): 0.00326
INFO | Val - Loss, MSE, RMSE, MAE: 0.00281, 0.00281, 0.05231, 0.03207
INFO | Test - Best epoch 67, Loss, MSE, RMSE, MAE: 0.06435, 0.06435, 0.25132, 0.15167
INFO | Time spent: 3.23s
INFO | - Epoch 068, ExpID 12803
INFO | Train - Loss (one batch): 0.00226
INFO | Val - Loss, MSE, RMSE, MAE: 0.00283, 0.00283, 0.05255, 0.03224
INFO | Test - Best epoch 67, Loss, MSE, RMSE, MAE: 0.06435, 0.06435, 0.25132, 0.15167
INFO | Time spent: 2.77s
INFO | - Epoch 069, ExpID 12803
INFO | Train - Loss (one batch): 0.00203
INFO | Val - Loss, MSE, RMSE, MAE: 0.00288, 0.00288, 0.05298, 0.03266
INFO | Test - Best epoch 67, Loss, MSE, RMSE, MAE: 0.06435, 0.06435, 0.25132, 0.15167
INFO | Time spent: 2.79s
INFO | - Epoch 070, ExpID 12803
INFO | Train - Loss (one batch): 0.00333
INFO | Val - Loss, MSE, RMSE, MAE: 0.00289, 0.00289, 0.05315, 0.03349
INFO | Test - Best epoch 67, Loss, MSE, RMSE, MAE: 0.06435, 0.06435, 0.25132, 0.15167
INFO | Time spent: 2.78s
INFO | - Epoch 071, ExpID 12803
INFO | Train - Loss (one batch): 0.00280
INFO | Val - Loss, MSE, RMSE, MAE: 0.00289, 0.00289, 0.05308, 0.03304
INFO | Test - Best epoch 67, Loss, MSE, RMSE, MAE: 0.06435, 0.06435, 0.25132, 0.15167
INFO | Time spent: 2.80s
INFO | - Epoch 072, ExpID 12803
INFO | Train - Loss (one batch): 0.00293
INFO | Val - Loss, MSE, RMSE, MAE: 0.00282, 0.00282, 0.05245, 0.03218
INFO | Test - Best epoch 67, Loss, MSE, RMSE, MAE: 0.06435, 0.06435, 0.25132, 0.15167
INFO | Time spent: 2.79s
INFO | - Epoch 073, ExpID 12803
INFO | Train - Loss (one batch): 0.00266
INFO | Val - Loss, MSE, RMSE, MAE: 0.00290, 0.00290, 0.05321, 0.03265
INFO | Test - Best epoch 67, Loss, MSE, RMSE, MAE: 0.06435, 0.06435, 0.25132, 0.15167
INFO | Time spent: 2.81s
INFO | - Epoch 074, ExpID 12803
INFO | Train - Loss (one batch): 0.00217
INFO | Val - Loss, MSE, RMSE, MAE: 0.00289, 0.00289, 0.05311, 0.03344
INFO | Test - Best epoch 67, Loss, MSE, RMSE, MAE: 0.06435, 0.06435, 0.25132, 0.15167
INFO | Time spent: 2.79s
INFO | - Epoch 075, ExpID 12803
INFO | Train - Loss (one batch): 0.00276
INFO | Val - Loss, MSE, RMSE, MAE: 0.00293, 0.00293, 0.05350, 0.03395
INFO | Test - Best epoch 67, Loss, MSE, RMSE, MAE: 0.06435, 0.06435, 0.25132, 0.15167
INFO | Time spent: 2.77s
INFO | - Epoch 076, ExpID 12803
INFO | Train - Loss (one batch): 0.00210
INFO | Val - Loss, MSE, RMSE, MAE: 0.00285, 0.00285, 0.05271, 0.03234
INFO | Test - Best epoch 67, Loss, MSE, RMSE, MAE: 0.06435, 0.06435, 0.25132, 0.15167
INFO | Time spent: 2.85s
INFO | - Epoch 077, ExpID 12803
INFO | Train - Loss (one batch): 0.00241
INFO | Val - Loss, MSE, RMSE, MAE: 0.00294, 0.00294, 0.05366, 0.03450
INFO | Test - Best epoch 67, Loss, MSE, RMSE, MAE: 0.06435, 0.06435, 0.25132, 0.15167
INFO | Time spent: 2.82s
INFO | - Epoch 078, ExpID 12803
INFO | Train - Loss (one batch): 0.00242
INFO | Val - Loss, MSE, RMSE, MAE: 0.00286, 0.00286, 0.05279, 0.03254
INFO | Test - Best epoch 67, Loss, MSE, RMSE, MAE: 0.06435, 0.06435, 0.25132, 0.15167
INFO | Time spent: 3.05s
INFO | - Epoch 079, ExpID 12803
INFO | Train - Loss (one batch): 0.00261
INFO | Val - Loss, MSE, RMSE, MAE: 0.00280, 0.00280, 0.05228, 0.03247
INFO | Test - Best epoch 79, Loss, MSE, RMSE, MAE: 0.06431, 0.06431, 0.25125, 0.15390
INFO | Time spent: 3.23s
INFO | - Epoch 080, ExpID 12803
INFO | Train - Loss (one batch): 0.00331
INFO | Val - Loss, MSE, RMSE, MAE: 0.00280, 0.00280, 0.05223, 0.03225
INFO | Test - Best epoch 80, Loss, MSE, RMSE, MAE: 0.06388, 0.06388, 0.25041, 0.15173
INFO | Time spent: 3.46s
INFO | - Epoch 081, ExpID 12803
INFO | Train - Loss (one batch): 0.00284
INFO | Val - Loss, MSE, RMSE, MAE: 0.00288, 0.00288, 0.05305, 0.03335
INFO | Test - Best epoch 80, Loss, MSE, RMSE, MAE: 0.06388, 0.06388, 0.25041, 0.15173
INFO | Time spent: 2.78s
INFO | - Epoch 082, ExpID 12803
INFO | Train - Loss (one batch): 0.00210
INFO | Val - Loss, MSE, RMSE, MAE: 0.00282, 0.00282, 0.05244, 0.03205
INFO | Test - Best epoch 80, Loss, MSE, RMSE, MAE: 0.06388, 0.06388, 0.25041, 0.15173
INFO | Time spent: 2.88s
INFO | - Epoch 083, ExpID 12803
INFO | Train - Loss (one batch): 0.00285
INFO | Val - Loss, MSE, RMSE, MAE: 0.00285, 0.00285, 0.05275, 0.03281
INFO | Test - Best epoch 80, Loss, MSE, RMSE, MAE: 0.06388, 0.06388, 0.25041, 0.15173
INFO | Time spent: 3.15s
INFO | - Epoch 084, ExpID 12803
INFO | Train - Loss (one batch): 0.00228
INFO | Val - Loss, MSE, RMSE, MAE: 0.00281, 0.00281, 0.05236, 0.03286
INFO | Test - Best epoch 80, Loss, MSE, RMSE, MAE: 0.06388, 0.06388, 0.25041, 0.15173
INFO | Time spent: 3.10s
INFO | - Epoch 085, ExpID 12803
INFO | Train - Loss (one batch): 0.00237
INFO | Val - Loss, MSE, RMSE, MAE: 0.00277, 0.00277, 0.05197, 0.03186
INFO | Test - Best epoch 85, Loss, MSE, RMSE, MAE: 0.06332, 0.06332, 0.24931, 0.15058
INFO | Time spent: 3.36s
INFO | - Epoch 086, ExpID 12803
INFO | Train - Loss (one batch): 0.00193
INFO | Val - Loss, MSE, RMSE, MAE: 0.00280, 0.00280, 0.05223, 0.03204
INFO | Test - Best epoch 85, Loss, MSE, RMSE, MAE: 0.06332, 0.06332, 0.24931, 0.15058
INFO | Time spent: 2.79s
INFO | - Epoch 087, ExpID 12803
INFO | Train - Loss (one batch): 0.00263
INFO | Val - Loss, MSE, RMSE, MAE: 0.00279, 0.00279, 0.05218, 0.03188
INFO | Test - Best epoch 85, Loss, MSE, RMSE, MAE: 0.06332, 0.06332, 0.24931, 0.15058
INFO | Time spent: 2.79s
INFO | - Epoch 088, ExpID 12803
INFO | Train - Loss (one batch): 0.00272
INFO | Val - Loss, MSE, RMSE, MAE: 0.00279, 0.00279, 0.05211, 0.03168
INFO | Test - Best epoch 85, Loss, MSE, RMSE, MAE: 0.06332, 0.06332, 0.24931, 0.15058
INFO | Time spent: 2.78s
INFO | - Epoch 089, ExpID 12803
INFO | Train - Loss (one batch): 0.00296
INFO | Val - Loss, MSE, RMSE, MAE: 0.00276, 0.00276, 0.05189, 0.03185
INFO | Test - Best epoch 89, Loss, MSE, RMSE, MAE: 0.06323, 0.06323, 0.24907, 0.15071
INFO | Time spent: 3.31s
INFO | - Epoch 090, ExpID 12803
INFO | Train - Loss (one batch): 0.00281
INFO | Val - Loss, MSE, RMSE, MAE: 0.00281, 0.00281, 0.05230, 0.03235
INFO | Test - Best epoch 89, Loss, MSE, RMSE, MAE: 0.06323, 0.06323, 0.24907, 0.15071
INFO | Time spent: 2.77s
INFO | - Epoch 091, ExpID 12803
INFO | Train - Loss (one batch): 0.00308
INFO | Val - Loss, MSE, RMSE, MAE: 0.00282, 0.00282, 0.05248, 0.03281
INFO | Test - Best epoch 89, Loss, MSE, RMSE, MAE: 0.06323, 0.06323, 0.24907, 0.15071
INFO | Time spent: 2.81s
INFO | - Epoch 092, ExpID 12803
INFO | Train - Loss (one batch): 0.00243
INFO | Val - Loss, MSE, RMSE, MAE: 0.00276, 0.00276, 0.05185, 0.03169
INFO | Test - Best epoch 92, Loss, MSE, RMSE, MAE: 0.06348, 0.06348, 0.24969, 0.15081
INFO | Time spent: 3.45s
INFO | - Epoch 093, ExpID 12803
INFO | Train - Loss (one batch): 0.00272
INFO | Val - Loss, MSE, RMSE, MAE: 0.00283, 0.00283, 0.05250, 0.03244
INFO | Test - Best epoch 92, Loss, MSE, RMSE, MAE: 0.06348, 0.06348, 0.24969, 0.15081
INFO | Time spent: 2.80s
INFO | - Epoch 094, ExpID 12803
INFO | Train - Loss (one batch): 0.00252
INFO | Val - Loss, MSE, RMSE, MAE: 0.00291, 0.00291, 0.05336, 0.03415
INFO | Test - Best epoch 92, Loss, MSE, RMSE, MAE: 0.06348, 0.06348, 0.24969, 0.15081
INFO | Time spent: 2.98s
INFO | - Epoch 095, ExpID 12803
INFO | Train - Loss (one batch): 0.00214
INFO | Val - Loss, MSE, RMSE, MAE: 0.00277, 0.00277, 0.05192, 0.03175
INFO | Test - Best epoch 92, Loss, MSE, RMSE, MAE: 0.06348, 0.06348, 0.24969, 0.15081
INFO | Time spent: 2.78s
INFO | - Epoch 096, ExpID 12803
INFO | Train - Loss (one batch): 0.00252
INFO | Val - Loss, MSE, RMSE, MAE: 0.00288, 0.00288, 0.05301, 0.03365
INFO | Test - Best epoch 92, Loss, MSE, RMSE, MAE: 0.06348, 0.06348, 0.24969, 0.15081
INFO | Time spent: 2.78s
INFO | - Epoch 097, ExpID 12803
INFO | Train - Loss (one batch): 0.00321
INFO | Val - Loss, MSE, RMSE, MAE: 0.00327, 0.00327, 0.05664, 0.03885
INFO | Test - Best epoch 92, Loss, MSE, RMSE, MAE: 0.06348, 0.06348, 0.24969, 0.15081
INFO | Time spent: 2.79s
INFO | - Epoch 098, ExpID 12803
INFO | Train - Loss (one batch): 0.00264
INFO | Val - Loss, MSE, RMSE, MAE: 0.00286, 0.00286, 0.05286, 0.03318
INFO | Test - Best epoch 92, Loss, MSE, RMSE, MAE: 0.06348, 0.06348, 0.24969, 0.15081
INFO | Time spent: 2.79s
INFO | - Epoch 099, ExpID 12803
INFO | Train - Loss (one batch): 0.00259
INFO | Val - Loss, MSE, RMSE, MAE: 0.00280, 0.00280, 0.05223, 0.03235
INFO | Test - Best epoch 92, Loss, MSE, RMSE, MAE: 0.06348, 0.06348, 0.24969, 0.15081
INFO | Time spent: 2.78s
INFO | - Epoch 100, ExpID 12803
INFO | Train - Loss (one batch): 0.00238
INFO | Val - Loss, MSE, RMSE, MAE: 0.00279, 0.00279, 0.05219, 0.03242
INFO | Test - Best epoch 92, Loss, MSE, RMSE, MAE: 0.06348, 0.06348, 0.24969, 0.15081
INFO | Time spent: 2.77s
INFO | - Epoch 101, ExpID 12803
INFO | Train - Loss (one batch): 0.00191
INFO | Val - Loss, MSE, RMSE, MAE: 0.00275, 0.00275, 0.05177, 0.03171
INFO | Test - Best epoch 101, Loss, MSE, RMSE, MAE: 0.06281, 0.06281, 0.24826, 0.15041
INFO | Time spent: 3.23s
INFO | - Epoch 102, ExpID 12803
INFO | Train - Loss (one batch): 0.00235
INFO | Val - Loss, MSE, RMSE, MAE: 0.00287, 0.00287, 0.05297, 0.03353
INFO | Test - Best epoch 101, Loss, MSE, RMSE, MAE: 0.06281, 0.06281, 0.24826, 0.15041
INFO | Time spent: 2.78s
INFO | - Epoch 103, ExpID 12803
INFO | Train - Loss (one batch): 0.00187
INFO | Val - Loss, MSE, RMSE, MAE: 0.00273, 0.00273, 0.05157, 0.03165
INFO | Test - Best epoch 103, Loss, MSE, RMSE, MAE: 0.06265, 0.06265, 0.24802, 0.15081
INFO | Time spent: 3.22s
INFO | - Epoch 104, ExpID 12803
INFO | Train - Loss (one batch): 0.00251
INFO | Val - Loss, MSE, RMSE, MAE: 0.00272, 0.00272, 0.05148, 0.03122
INFO | Test - Best epoch 104, Loss, MSE, RMSE, MAE: 0.06217, 0.06217, 0.24703, 0.14847
INFO | Time spent: 3.23s
INFO | - Epoch 105, ExpID 12803
INFO | Train - Loss (one batch): 0.00314
INFO | Val - Loss, MSE, RMSE, MAE: 0.00274, 0.00274, 0.05170, 0.03173
INFO | Test - Best epoch 104, Loss, MSE, RMSE, MAE: 0.06217, 0.06217, 0.24703, 0.14847
INFO | Time spent: 2.79s
INFO | - Epoch 106, ExpID 12803
INFO | Train - Loss (one batch): 0.00239
INFO | Val - Loss, MSE, RMSE, MAE: 0.00275, 0.00275, 0.05181, 0.03183
INFO | Test - Best epoch 104, Loss, MSE, RMSE, MAE: 0.06217, 0.06217, 0.24703, 0.14847
INFO | Time spent: 2.95s
INFO | - Epoch 107, ExpID 12803
INFO | Train - Loss (one batch): 0.00158
INFO | Val - Loss, MSE, RMSE, MAE: 0.00273, 0.00273, 0.05159, 0.03149
INFO | Test - Best epoch 104, Loss, MSE, RMSE, MAE: 0.06217, 0.06217, 0.24703, 0.14847
INFO | Time spent: 2.96s
INFO | - Epoch 108, ExpID 12803
INFO | Train - Loss (one batch): 0.00221
INFO | Val - Loss, MSE, RMSE, MAE: 0.00277, 0.00277, 0.05196, 0.03195
INFO | Test - Best epoch 104, Loss, MSE, RMSE, MAE: 0.06217, 0.06217, 0.24703, 0.14847
INFO | Time spent: 2.81s
INFO | - Epoch 109, ExpID 12803
INFO | Train - Loss (one batch): 0.00216
INFO | Val - Loss, MSE, RMSE, MAE: 0.00276, 0.00276, 0.05190, 0.03203
INFO | Test - Best epoch 104, Loss, MSE, RMSE, MAE: 0.06217, 0.06217, 0.24703, 0.14847
INFO | Time spent: 2.78s
INFO | - Epoch 110, ExpID 12803
INFO | Train - Loss (one batch): 0.00225
INFO | Val - Loss, MSE, RMSE, MAE: 0.00274, 0.00274, 0.05166, 0.03191
INFO | Test - Best epoch 104, Loss, MSE, RMSE, MAE: 0.06217, 0.06217, 0.24703, 0.14847
INFO | Time spent: 2.96s
INFO | - Epoch 111, ExpID 12803
INFO | Train - Loss (one batch): 0.00322
INFO | Val - Loss, MSE, RMSE, MAE: 0.00275, 0.00275, 0.05172, 0.03145
INFO | Test - Best epoch 104, Loss, MSE, RMSE, MAE: 0.06217, 0.06217, 0.24703, 0.14847
INFO | Time spent: 2.78s
INFO | - Epoch 112, ExpID 12803
INFO | Train - Loss (one batch): 0.00317
INFO | Val - Loss, MSE, RMSE, MAE: 0.00277, 0.00277, 0.05193, 0.03172
INFO | Test - Best epoch 104, Loss, MSE, RMSE, MAE: 0.06217, 0.06217, 0.24703, 0.14847
INFO | Time spent: 2.78s
INFO | - Epoch 113, ExpID 12803
INFO | Train - Loss (one batch): 0.00189
INFO | Val - Loss, MSE, RMSE, MAE: 0.00283, 0.00283, 0.05261, 0.03334
INFO | Test - Best epoch 104, Loss, MSE, RMSE, MAE: 0.06217, 0.06217, 0.24703, 0.14847
INFO | Time spent: 2.78s
INFO | - Epoch 114, ExpID 12803
INFO | Train - Loss (one batch): 0.00315
INFO | Val - Loss, MSE, RMSE, MAE: 0.00274, 0.00274, 0.05173, 0.03207
INFO | Test - Best epoch 104, Loss, MSE, RMSE, MAE: 0.06217, 0.06217, 0.24703, 0.14847
INFO | Time spent: 2.79s
INFO | - Epoch 115, ExpID 12803
INFO | Train - Loss (one batch): 0.00269
INFO | Val - Loss, MSE, RMSE, MAE: 0.00282, 0.00282, 0.05246, 0.03261
INFO | Test - Best epoch 104, Loss, MSE, RMSE, MAE: 0.06217, 0.06217, 0.24703, 0.14847
INFO | Time spent: 2.78s
INFO | - Epoch 116, ExpID 12803
INFO | Train - Loss (one batch): 0.00234
INFO | Val - Loss, MSE, RMSE, MAE: 0.00273, 0.00273, 0.05157, 0.03168
INFO | Test - Best epoch 104, Loss, MSE, RMSE, MAE: 0.06217, 0.06217, 0.24703, 0.14847
INFO | Time spent: 2.78s
INFO | - Epoch 117, ExpID 12803
INFO | Train - Loss (one batch): 0.00273
INFO | Val - Loss, MSE, RMSE, MAE: 0.00273, 0.00273, 0.05160, 0.03150
INFO | Test - Best epoch 104, Loss, MSE, RMSE, MAE: 0.06217, 0.06217, 0.24703, 0.14847
INFO | Time spent: 2.78s
INFO | - Epoch 118, ExpID 12803
INFO | Train - Loss (one batch): 0.00185
INFO | Val - Loss, MSE, RMSE, MAE: 0.00274, 0.00274, 0.05169, 0.03200
INFO | Test - Best epoch 104, Loss, MSE, RMSE, MAE: 0.06217, 0.06217, 0.24703, 0.14847
INFO | Time spent: 2.78s
INFO | - Epoch 119, ExpID 12803
INFO | Train - Loss (one batch): 0.00208
INFO | Val - Loss, MSE, RMSE, MAE: 0.00279, 0.00279, 0.05212, 0.03211
INFO | Test - Best epoch 104, Loss, MSE, RMSE, MAE: 0.06217, 0.06217, 0.24703, 0.14847
INFO | Time spent: 2.78s
INFO | - Epoch 120, ExpID 12803
INFO | Train - Loss (one batch): 0.00245
INFO | Val - Loss, MSE, RMSE, MAE: 0.00276, 0.00276, 0.05182, 0.03193
INFO | Test - Best epoch 104, Loss, MSE, RMSE, MAE: 0.06217, 0.06217, 0.24703, 0.14847
INFO | Time spent: 2.78s
INFO | - Epoch 121, ExpID 12803
INFO | Train - Loss (one batch): 0.00243
INFO | Val - Loss, MSE, RMSE, MAE: 0.00292, 0.00292, 0.05344, 0.03444
INFO | Test - Best epoch 104, Loss, MSE, RMSE, MAE: 0.06217, 0.06217, 0.24703, 0.14847
INFO | Time spent: 2.79s
INFO | - Epoch 122, ExpID 12803
INFO | Train - Loss (one batch): 0.00222
INFO | Val - Loss, MSE, RMSE, MAE: 0.00283, 0.00283, 0.05261, 0.03332
INFO | Test - Best epoch 104, Loss, MSE, RMSE, MAE: 0.06217, 0.06217, 0.24703, 0.14847
INFO | Time spent: 2.78s
INFO | - Epoch 123, ExpID 12803
INFO | Train - Loss (one batch): 0.00259
INFO | Val - Loss, MSE, RMSE, MAE: 0.00284, 0.00284, 0.05265, 0.03284
INFO | Test - Best epoch 104, Loss, MSE, RMSE, MAE: 0.06217, 0.06217, 0.24703, 0.14847
INFO | Time spent: 2.78s
INFO | - Epoch 124, ExpID 12803
INFO | Train - Loss (one batch): 0.00296
INFO | Val - Loss, MSE, RMSE, MAE: 0.00269, 0.00269, 0.05123, 0.03123
INFO | Test - Best epoch 124, Loss, MSE, RMSE, MAE: 0.06188, 0.06188, 0.24650, 0.14767
INFO | Time spent: 3.23s
INFO | - Epoch 125, ExpID 12803
INFO | Train - Loss (one batch): 0.00271
INFO | Val - Loss, MSE, RMSE, MAE: 0.00287, 0.00287, 0.05296, 0.03407
INFO | Test - Best epoch 124, Loss, MSE, RMSE, MAE: 0.06188, 0.06188, 0.24650, 0.14767
INFO | Time spent: 2.78s
INFO | - Epoch 126, ExpID 12803
INFO | Train - Loss (one batch): 0.00230
INFO | Val - Loss, MSE, RMSE, MAE: 0.00271, 0.00271, 0.05136, 0.03132
INFO | Test - Best epoch 124, Loss, MSE, RMSE, MAE: 0.06188, 0.06188, 0.24650, 0.14767
INFO | Time spent: 2.78s
INFO | - Epoch 127, ExpID 12803
INFO | Train - Loss (one batch): 0.00294
INFO | Val - Loss, MSE, RMSE, MAE: 0.00291, 0.00291, 0.05338, 0.03450
INFO | Test - Best epoch 124, Loss, MSE, RMSE, MAE: 0.06188, 0.06188, 0.24650, 0.14767
INFO | Time spent: 2.78s
INFO | - Epoch 128, ExpID 12803
INFO | Train - Loss (one batch): 0.00189
INFO | Val - Loss, MSE, RMSE, MAE: 0.00276, 0.00276, 0.05190, 0.03229
INFO | Test - Best epoch 124, Loss, MSE, RMSE, MAE: 0.06188, 0.06188, 0.24650, 0.14767
INFO | Time spent: 2.78s
INFO | - Epoch 129, ExpID 12803
INFO | Train - Loss (one batch): 0.00297
INFO | Val - Loss, MSE, RMSE, MAE: 0.00280, 0.00280, 0.05227, 0.03297
INFO | Test - Best epoch 124, Loss, MSE, RMSE, MAE: 0.06188, 0.06188, 0.24650, 0.14767
INFO | Time spent: 2.78s
INFO | - Epoch 130, ExpID 12803
INFO | Train - Loss (one batch): 0.00220
INFO | Val - Loss, MSE, RMSE, MAE: 0.00271, 0.00271, 0.05137, 0.03156
INFO | Test - Best epoch 124, Loss, MSE, RMSE, MAE: 0.06188, 0.06188, 0.24650, 0.14767
INFO | Time spent: 2.77s
INFO | - Epoch 131, ExpID 12803
INFO | Train - Loss (one batch): 0.00232
INFO | Val - Loss, MSE, RMSE, MAE: 0.00271, 0.00271, 0.05137, 0.03150
INFO | Test - Best epoch 124, Loss, MSE, RMSE, MAE: 0.06188, 0.06188, 0.24650, 0.14767
INFO | Time spent: 2.77s
INFO | - Epoch 132, ExpID 12803
INFO | Train - Loss (one batch): 0.00238
INFO | Val - Loss, MSE, RMSE, MAE: 0.00275, 0.00275, 0.05181, 0.03216
INFO | Test - Best epoch 124, Loss, MSE, RMSE, MAE: 0.06188, 0.06188, 0.24650, 0.14767
INFO | Time spent: 2.77s
INFO | - Epoch 133, ExpID 12803
INFO | Train - Loss (one batch): 0.00232
INFO | Val - Loss, MSE, RMSE, MAE: 0.00274, 0.00274, 0.05165, 0.03210
INFO | Test - Best epoch 124, Loss, MSE, RMSE, MAE: 0.06188, 0.06188, 0.24650, 0.14767
INFO | Time spent: 2.80s
INFO | - Epoch 134, ExpID 12803
INFO | Train - Loss (one batch): 0.00228
INFO | Val - Loss, MSE, RMSE, MAE: 0.00280, 0.00280, 0.05225, 0.03265
INFO | Test - Best epoch 124, Loss, MSE, RMSE, MAE: 0.06188, 0.06188, 0.24650, 0.14767
INFO | Time spent: 2.77s
INFO | - Epoch 135, ExpID 12803
INFO | Train - Loss (one batch): 0.00243
INFO | Val - Loss, MSE, RMSE, MAE: 0.00273, 0.00273, 0.05160, 0.03112
INFO | Test - Best epoch 124, Loss, MSE, RMSE, MAE: 0.06188, 0.06188, 0.24650, 0.14767
INFO | Time spent: 2.76s
INFO | - Epoch 136, ExpID 12803
INFO | Train - Loss (one batch): 0.00263
INFO | Val - Loss, MSE, RMSE, MAE: 0.00272, 0.00272, 0.05145, 0.03176
INFO | Test - Best epoch 124, Loss, MSE, RMSE, MAE: 0.06188, 0.06188, 0.24650, 0.14767
INFO | Time spent: 2.78s
INFO | - Epoch 137, ExpID 12803
INFO | Train - Loss (one batch): 0.00228
INFO | Val - Loss, MSE, RMSE, MAE: 0.00280, 0.00280, 0.05231, 0.03294
INFO | Test - Best epoch 124, Loss, MSE, RMSE, MAE: 0.06188, 0.06188, 0.24650, 0.14767
INFO | Time spent: 2.79s
INFO | - Epoch 138, ExpID 12803
INFO | Train - Loss (one batch): 0.00204
INFO | Val - Loss, MSE, RMSE, MAE: 0.00281, 0.00281, 0.05244, 0.03295
INFO | Test - Best epoch 124, Loss, MSE, RMSE, MAE: 0.06188, 0.06188, 0.24650, 0.14767
INFO | Time spent: 2.78s
INFO | - Epoch 139, ExpID 12803
INFO | Train - Loss (one batch): 0.00300
INFO | Val - Loss, MSE, RMSE, MAE: 0.00290, 0.00290, 0.05326, 0.03453
INFO | Test - Best epoch 124, Loss, MSE, RMSE, MAE: 0.06188, 0.06188, 0.24650, 0.14767
INFO | Time spent: 2.79s
INFO | - Epoch 140, ExpID 12803
INFO | Train - Loss (one batch): 0.00236
INFO | Val - Loss, MSE, RMSE, MAE: 0.00286, 0.00286, 0.05293, 0.03416
INFO | Test - Best epoch 124, Loss, MSE, RMSE, MAE: 0.06188, 0.06188, 0.24650, 0.14767
INFO | Time spent: 2.99s
INFO | - Epoch 141, ExpID 12803
INFO | Train - Loss (one batch): 0.00248
INFO | Val - Loss, MSE, RMSE, MAE: 0.00272, 0.00272, 0.05147, 0.03168
INFO | Test - Best epoch 124, Loss, MSE, RMSE, MAE: 0.06188, 0.06188, 0.24650, 0.14767
INFO | Time spent: 2.86s
INFO | - Epoch 142, ExpID 12803
INFO | Train - Loss (one batch): 0.00232
INFO | Val - Loss, MSE, RMSE, MAE: 0.00272, 0.00272, 0.05155, 0.03209
INFO | Test - Best epoch 124, Loss, MSE, RMSE, MAE: 0.06188, 0.06188, 0.24650, 0.14767
INFO | Time spent: 2.81s
INFO | - Epoch 143, ExpID 12803
INFO | Train - Loss (one batch): 0.00269
INFO | Val - Loss, MSE, RMSE, MAE: 0.00278, 0.00278, 0.05207, 0.03223
INFO | Test - Best epoch 124, Loss, MSE, RMSE, MAE: 0.06188, 0.06188, 0.24650, 0.14767
INFO | Time spent: 2.78s
INFO | - Epoch 144, ExpID 12803
INFO | Train - Loss (one batch): 0.00184
INFO | Val - Loss, MSE, RMSE, MAE: 0.00271, 0.00271, 0.05140, 0.03161
INFO | Test - Best epoch 124, Loss, MSE, RMSE, MAE: 0.06188, 0.06188, 0.24650, 0.14767
INFO | Time spent: 3.00s
INFO | - Epoch 145, ExpID 12803
INFO | Train - Loss (one batch): 0.00200
INFO | Val - Loss, MSE, RMSE, MAE: 0.00275, 0.00275, 0.05175, 0.03199
INFO | Test - Best epoch 124, Loss, MSE, RMSE, MAE: 0.06188, 0.06188, 0.24650, 0.14767
INFO | Time spent: 2.76s
INFO | - Epoch 146, ExpID 12803
INFO | Train - Loss (one batch): 0.00220
INFO | Val - Loss, MSE, RMSE, MAE: 0.00273, 0.00273, 0.05162, 0.03178
INFO | Test - Best epoch 124, Loss, MSE, RMSE, MAE: 0.06188, 0.06188, 0.24650, 0.14767
INFO | Time spent: 2.78s
INFO | - Epoch 147, ExpID 12803
INFO | Train - Loss (one batch): 0.00246
INFO | Val - Loss, MSE, RMSE, MAE: 0.00272, 0.00272, 0.05142, 0.03142
INFO | Test - Best epoch 124, Loss, MSE, RMSE, MAE: 0.06188, 0.06188, 0.24650, 0.14767
INFO | Time spent: 2.77s
INFO | - Epoch 148, ExpID 12803
INFO | Train - Loss (one batch): 0.00221
INFO | Val - Loss, MSE, RMSE, MAE: 0.00272, 0.00272, 0.05148, 0.03171
INFO | Test - Best epoch 124, Loss, MSE, RMSE, MAE: 0.06188, 0.06188, 0.24650, 0.14767
INFO | Time spent: 2.78s
INFO | - Epoch 149, ExpID 12803
INFO | Train - Loss (one batch): 0.00207
INFO | Val - Loss, MSE, RMSE, MAE: 0.00268, 0.00268, 0.05111, 0.03116
INFO | Test - Best epoch 149, Loss, MSE, RMSE, MAE: 0.06158, 0.06158, 0.24597, 0.14861
INFO | Time spent: 3.22s
INFO | - Epoch 150, ExpID 12803
INFO | Train - Loss (one batch): 0.00193
INFO | Val - Loss, MSE, RMSE, MAE: 0.00289, 0.00289, 0.05313, 0.03379
INFO | Test - Best epoch 149, Loss, MSE, RMSE, MAE: 0.06158, 0.06158, 0.24597, 0.14861
INFO | Time spent: 2.76s
INFO | - Epoch 151, ExpID 12803
INFO | Train - Loss (one batch): 0.00296
INFO | Val - Loss, MSE, RMSE, MAE: 0.00273, 0.00273, 0.05158, 0.03192
INFO | Test - Best epoch 149, Loss, MSE, RMSE, MAE: 0.06158, 0.06158, 0.24597, 0.14861
INFO | Time spent: 2.77s
INFO | - Epoch 152, ExpID 12803
INFO | Train - Loss (one batch): 0.00246
INFO | Val - Loss, MSE, RMSE, MAE: 0.00292, 0.00292, 0.05347, 0.03490
INFO | Test - Best epoch 149, Loss, MSE, RMSE, MAE: 0.06158, 0.06158, 0.24597, 0.14861
INFO | Time spent: 2.88s
INFO | - Epoch 153, ExpID 12803
INFO | Train - Loss (one batch): 0.00233
INFO | Val - Loss, MSE, RMSE, MAE: 0.00274, 0.00274, 0.05164, 0.03185
INFO | Test - Best epoch 149, Loss, MSE, RMSE, MAE: 0.06158, 0.06158, 0.24597, 0.14861
INFO | Time spent: 2.77s
INFO | - Epoch 154, ExpID 12803
INFO | Train - Loss (one batch): 0.00202
INFO | Val - Loss, MSE, RMSE, MAE: 0.00273, 0.00273, 0.05154, 0.03187
INFO | Test - Best epoch 149, Loss, MSE, RMSE, MAE: 0.06158, 0.06158, 0.24597, 0.14861
INFO | Time spent: 2.99s
INFO | - Epoch 155, ExpID 12803
INFO | Train - Loss (one batch): 0.00194
INFO | Val - Loss, MSE, RMSE, MAE: 0.00285, 0.00285, 0.05278, 0.03398
INFO | Test - Best epoch 149, Loss, MSE, RMSE, MAE: 0.06158, 0.06158, 0.24597, 0.14861
INFO | Time spent: 2.77s
INFO | - Epoch 156, ExpID 12803
INFO | Train - Loss (one batch): 0.00253
INFO | Val - Loss, MSE, RMSE, MAE: 0.00272, 0.00272, 0.05149, 0.03179
INFO | Test - Best epoch 149, Loss, MSE, RMSE, MAE: 0.06158, 0.06158, 0.24597, 0.14861
INFO | Time spent: 2.77s
INFO | - Epoch 157, ExpID 12803
INFO | Train - Loss (one batch): 0.00212
INFO | Val - Loss, MSE, RMSE, MAE: 0.00274, 0.00274, 0.05169, 0.03197
INFO | Test - Best epoch 149, Loss, MSE, RMSE, MAE: 0.06158, 0.06158, 0.24597, 0.14861
INFO | Time spent: 2.78s
INFO | - Epoch 158, ExpID 12803
INFO | Train - Loss (one batch): 0.00233
INFO | Val - Loss, MSE, RMSE, MAE: 0.00273, 0.00273, 0.05156, 0.03180
INFO | Test - Best epoch 149, Loss, MSE, RMSE, MAE: 0.06158, 0.06158, 0.24597, 0.14861
INFO | Time spent: 2.79s
INFO | - Epoch 159, ExpID 12803
INFO | Train - Loss (one batch): 0.00251
INFO | Val - Loss, MSE, RMSE, MAE: 0.00274, 0.00274, 0.05165, 0.03183
INFO | Test - Best epoch 149, Loss, MSE, RMSE, MAE: 0.06158, 0.06158, 0.24597, 0.14861
INFO | Time spent: 2.77s
INFO | - Epoch 160, ExpID 12803
INFO | Train - Loss (one batch): 0.00229
INFO | Val - Loss, MSE, RMSE, MAE: 0.00269, 0.00269, 0.05123, 0.03153
INFO | Test - Best epoch 149, Loss, MSE, RMSE, MAE: 0.06158, 0.06158, 0.24597, 0.14861
INFO | Time spent: 2.77s
INFO | - Epoch 161, ExpID 12803
INFO | Train - Loss (one batch): 0.00254
INFO | Val - Loss, MSE, RMSE, MAE: 0.00270, 0.00270, 0.05132, 0.03139
INFO | Test - Best epoch 149, Loss, MSE, RMSE, MAE: 0.06158, 0.06158, 0.24597, 0.14861
INFO | Time spent: 2.79s
INFO | - Epoch 162, ExpID 12803
INFO | Train - Loss (one batch): 0.00229
INFO | Val - Loss, MSE, RMSE, MAE: 0.00275, 0.00275, 0.05183, 0.03273
INFO | Test - Best epoch 149, Loss, MSE, RMSE, MAE: 0.06158, 0.06158, 0.24597, 0.14861
INFO | Time spent: 2.90s
INFO | - Epoch 163, ExpID 12803
INFO | Train - Loss (one batch): 0.00199
INFO | Val - Loss, MSE, RMSE, MAE: 0.00272, 0.00272, 0.05146, 0.03186
INFO | Test - Best epoch 149, Loss, MSE, RMSE, MAE: 0.06158, 0.06158, 0.24597, 0.14861
INFO | Time spent: 2.79s
INFO | - Epoch 164, ExpID 12803
INFO | Train - Loss (one batch): 0.00246
INFO | Val - Loss, MSE, RMSE, MAE: 0.00271, 0.00271, 0.05138, 0.03169
INFO | Test - Best epoch 149, Loss, MSE, RMSE, MAE: 0.06158, 0.06158, 0.24597, 0.14861
INFO | Time spent: 2.77s
INFO | - Epoch 165, ExpID 12803
INFO | Train - Loss (one batch): 0.00293
INFO | Val - Loss, MSE, RMSE, MAE: 0.00270, 0.00270, 0.05127, 0.03119
INFO | Test - Best epoch 149, Loss, MSE, RMSE, MAE: 0.06158, 0.06158, 0.24597, 0.14861
INFO | Time spent: 2.77s
INFO | - Epoch 166, ExpID 12803
INFO | Train - Loss (one batch): 0.00260
INFO | Val - Loss, MSE, RMSE, MAE: 0.00279, 0.00279, 0.05219, 0.03283
INFO | Test - Best epoch 149, Loss, MSE, RMSE, MAE: 0.06158, 0.06158, 0.24597, 0.14861
INFO | Time spent: 2.79s
INFO | - Epoch 167, ExpID 12803
INFO | Train - Loss (one batch): 0.00219
INFO | Val - Loss, MSE, RMSE, MAE: 0.00287, 0.00287, 0.05299, 0.03436
INFO | Test - Best epoch 149, Loss, MSE, RMSE, MAE: 0.06158, 0.06158, 0.24597, 0.14861
INFO | Time spent: 2.78s
INFO | - Epoch 168, ExpID 12803
INFO | Train - Loss (one batch): 0.00227
INFO | Val - Loss, MSE, RMSE, MAE: 0.00272, 0.00272, 0.05141, 0.03150
INFO | Test - Best epoch 149, Loss, MSE, RMSE, MAE: 0.06158, 0.06158, 0.24597, 0.14861
INFO | Time spent: 2.99s
INFO | - Epoch 169, ExpID 12803
INFO | Train - Loss (one batch): 0.00204
INFO | Val - Loss, MSE, RMSE, MAE: 0.00278, 0.00278, 0.05201, 0.03262
INFO | Test - Best epoch 149, Loss, MSE, RMSE, MAE: 0.06158, 0.06158, 0.24597, 0.14861
INFO | Time spent: 2.77s
INFO | - Epoch 170, ExpID 12803
INFO | Train - Loss (one batch): 0.00214
INFO | Val - Loss, MSE, RMSE, MAE: 0.00269, 0.00269, 0.05114, 0.03104
INFO | Test - Best epoch 149, Loss, MSE, RMSE, MAE: 0.06158, 0.06158, 0.24597, 0.14861
INFO | Time spent: 2.79s
INFO | - Epoch 171, ExpID 12803
INFO | Train - Loss (one batch): 0.00212
INFO | Val - Loss, MSE, RMSE, MAE: 0.00275, 0.00275, 0.05174, 0.03222
INFO | Test - Best epoch 149, Loss, MSE, RMSE, MAE: 0.06158, 0.06158, 0.24597, 0.14861
INFO | Time spent: 2.76s
INFO | - Epoch 172, ExpID 12803
INFO | Train - Loss (one batch): 0.00239
INFO | Val - Loss, MSE, RMSE, MAE: 0.00273, 0.00273, 0.05158, 0.03183
INFO | Test - Best epoch 149, Loss, MSE, RMSE, MAE: 0.06158, 0.06158, 0.24597, 0.14861
INFO | Time spent: 2.86s
INFO | - Epoch 173, ExpID 12803
INFO | Train - Loss (one batch): 0.00287
INFO | Val - Loss, MSE, RMSE, MAE: 0.00268, 0.00268, 0.05112, 0.03127
INFO | Test - Best epoch 149, Loss, MSE, RMSE, MAE: 0.06158, 0.06158, 0.24597, 0.14861
INFO | Time spent: 2.78s
INFO | - Epoch 174, ExpID 12803
INFO | Train - Loss (one batch): 0.00278
INFO | Val - Loss, MSE, RMSE, MAE: 0.00275, 0.00275, 0.05178, 0.03214
INFO | Test - Best epoch 149, Loss, MSE, RMSE, MAE: 0.06158, 0.06158, 0.24597, 0.14861
INFO | Time spent: 2.78s
INFO | - Epoch 175, ExpID 12803
INFO | Train - Loss (one batch): 0.00228
INFO | Val - Loss, MSE, RMSE, MAE: 0.00284, 0.00284, 0.05259, 0.03306
INFO | Test - Best epoch 149, Loss, MSE, RMSE, MAE: 0.06158, 0.06158, 0.24597, 0.14861
INFO | Time spent: 2.78s
INFO | - Epoch 176, ExpID 12803
INFO | Train - Loss (one batch): 0.00270
INFO | Val - Loss, MSE, RMSE, MAE: 0.00273, 0.00273, 0.05152, 0.03210
INFO | Test - Best epoch 149, Loss, MSE, RMSE, MAE: 0.06158, 0.06158, 0.24597, 0.14861
INFO | Time spent: 2.78s
INFO | - Epoch 177, ExpID 12803
INFO | Train - Loss (one batch): 0.00179
INFO | Val - Loss, MSE, RMSE, MAE: 0.00268, 0.00268, 0.05107, 0.03105
INFO | Test - Best epoch 149, Loss, MSE, RMSE, MAE: 0.06158, 0.06158, 0.24597, 0.14861
INFO | Time spent: 2.78s
INFO | - Epoch 178, ExpID 12803
INFO | Train - Loss (one batch): 0.00232
INFO | Val - Loss, MSE, RMSE, MAE: 0.00273, 0.00273, 0.05156, 0.03194
INFO | Test - Best epoch 149, Loss, MSE, RMSE, MAE: 0.06158, 0.06158, 0.24597, 0.14861
INFO | Time spent: 2.77s
INFO | - Epoch 179, ExpID 12803
INFO | Train - Loss (one batch): 0.00250
INFO | Val - Loss, MSE, RMSE, MAE: 0.00279, 0.00279, 0.05218, 0.03303
INFO | Test - Best epoch 149, Loss, MSE, RMSE, MAE: 0.06158, 0.06158, 0.24597, 0.14861
INFO | Time spent: 2.78s
INFO | - Epoch 180, ExpID 12803
INFO | Train - Loss (one batch): 0.00239
INFO | Val - Loss, MSE, RMSE, MAE: 0.00282, 0.00282, 0.05240, 0.03255
INFO | Test - Best epoch 149, Loss, MSE, RMSE, MAE: 0.06158, 0.06158, 0.24597, 0.14861
INFO | Time spent: 2.78s
INFO | - Epoch 181, ExpID 12803
INFO | Train - Loss (one batch): 0.00271
INFO | Val - Loss, MSE, RMSE, MAE: 0.00273, 0.00273, 0.05160, 0.03164
INFO | Test - Best epoch 149, Loss, MSE, RMSE, MAE: 0.06158, 0.06158, 0.24597, 0.14861
INFO | Time spent: 2.78s
INFO | - Epoch 182, ExpID 12803
INFO | Train - Loss (one batch): 0.00297
INFO | Val - Loss, MSE, RMSE, MAE: 0.00273, 0.00273, 0.05152, 0.03193
INFO | Test - Best epoch 149, Loss, MSE, RMSE, MAE: 0.06158, 0.06158, 0.24597, 0.14861
INFO | Time spent: 2.80s
INFO | - Epoch 183, ExpID 12803
INFO | Train - Loss (one batch): 0.00297
INFO | Val - Loss, MSE, RMSE, MAE: 0.00276, 0.00276, 0.05177, 0.03220
INFO | Test - Best epoch 149, Loss, MSE, RMSE, MAE: 0.06158, 0.06158, 0.24597, 0.14861
INFO | Time spent: 2.97s
INFO | - Epoch 184, ExpID 12803
INFO | Train - Loss (one batch): 0.00198
INFO | Val - Loss, MSE, RMSE, MAE: 0.00276, 0.00276, 0.05187, 0.03201
INFO | Test - Best epoch 149, Loss, MSE, RMSE, MAE: 0.06158, 0.06158, 0.24597, 0.14861
INFO | Time spent: 3.00s
INFO | - Epoch 185, ExpID 12803
INFO | Train - Loss (one batch): 0.00230
INFO | Val - Loss, MSE, RMSE, MAE: 0.00277, 0.00277, 0.05195, 0.03224
INFO | Test - Best epoch 149, Loss, MSE, RMSE, MAE: 0.06158, 0.06158, 0.24597, 0.14861
INFO | Time spent: 2.78s
INFO | - Epoch 186, ExpID 12803
INFO | Train - Loss (one batch): 0.00217
INFO | Val - Loss, MSE, RMSE, MAE: 0.00279, 0.00279, 0.05214, 0.03283
INFO | Test - Best epoch 149, Loss, MSE, RMSE, MAE: 0.06158, 0.06158, 0.24597, 0.14861
INFO | Time spent: 2.78s
INFO | - Epoch 187, ExpID 12803
INFO | Train - Loss (one batch): 0.00287
INFO | Val - Loss, MSE, RMSE, MAE: 0.00295, 0.00295, 0.05376, 0.03525
INFO | Test - Best epoch 149, Loss, MSE, RMSE, MAE: 0.06158, 0.06158, 0.24597, 0.14861
INFO | Time spent: 2.78s
INFO | - Epoch 188, ExpID 12803
INFO | Train - Loss (one batch): 0.00205
INFO | Val - Loss, MSE, RMSE, MAE: 0.00275, 0.00275, 0.05179, 0.03235
INFO | Test - Best epoch 149, Loss, MSE, RMSE, MAE: 0.06158, 0.06158, 0.24597, 0.14861
INFO | Time spent: 2.77s
INFO | - Epoch 189, ExpID 12803
INFO | Train - Loss (one batch): 0.00178
INFO | Val - Loss, MSE, RMSE, MAE: 0.00270, 0.00270, 0.05125, 0.03102
INFO | Test - Best epoch 149, Loss, MSE, RMSE, MAE: 0.06158, 0.06158, 0.24597, 0.14861
INFO | Time spent: 2.80s
INFO | - Epoch 190, ExpID 12803
INFO | Train - Loss (one batch): 0.00212
INFO | Val - Loss, MSE, RMSE, MAE: 0.00291, 0.00291, 0.05332, 0.03409
INFO | Test - Best epoch 149, Loss, MSE, RMSE, MAE: 0.06158, 0.06158, 0.24597, 0.14861
INFO | Time spent: 2.78s
INFO | - Epoch 191, ExpID 12803
INFO | Train - Loss (one batch): 0.00170
INFO | Val - Loss, MSE, RMSE, MAE: 0.00272, 0.00272, 0.05146, 0.03134
INFO | Test - Best epoch 149, Loss, MSE, RMSE, MAE: 0.06158, 0.06158, 0.24597, 0.14861
INFO | Time spent: 2.77s
INFO | - Epoch 192, ExpID 12803
INFO | Train - Loss (one batch): 0.00232
INFO | Val - Loss, MSE, RMSE, MAE: 0.00277, 0.00277, 0.05190, 0.03215
INFO | Test - Best epoch 149, Loss, MSE, RMSE, MAE: 0.06158, 0.06158, 0.24597, 0.14861
INFO | Time spent: 2.78s
INFO | - Epoch 193, ExpID 12803
INFO | Train - Loss (one batch): 0.00213
INFO | Val - Loss, MSE, RMSE, MAE: 0.00287, 0.00287, 0.05294, 0.03391
INFO | Test - Best epoch 149, Loss, MSE, RMSE, MAE: 0.06158, 0.06158, 0.24597, 0.14861
INFO | Time spent: 2.79s
INFO | - Epoch 194, ExpID 12803
INFO | Train - Loss (one batch): 0.00194
INFO | Val - Loss, MSE, RMSE, MAE: 0.00281, 0.00281, 0.05235, 0.03325
INFO | Test - Best epoch 149, Loss, MSE, RMSE, MAE: 0.06158, 0.06158, 0.24597, 0.14861
INFO | Time spent: 2.79s
INFO | - Epoch 195, ExpID 12803
INFO | Train - Loss (one batch): 0.00202
INFO | Val - Loss, MSE, RMSE, MAE: 0.00269, 0.00269, 0.05115, 0.03087
INFO | Test - Best epoch 149, Loss, MSE, RMSE, MAE: 0.06158, 0.06158, 0.24597, 0.14861
INFO | Time spent: 2.77s
INFO | - Epoch 196, ExpID 12803
INFO | Train - Loss (one batch): 0.00195
INFO | Val - Loss, MSE, RMSE, MAE: 0.00272, 0.00272, 0.05145, 0.03143
INFO | Test - Best epoch 149, Loss, MSE, RMSE, MAE: 0.06158, 0.06158, 0.24597, 0.14861
INFO | Time spent: 2.78s
INFO | - Epoch 197, ExpID 12803
INFO | Train - Loss (one batch): 0.00234
INFO | Val - Loss, MSE, RMSE, MAE: 0.00270, 0.00270, 0.05124, 0.03124
INFO | Test - Best epoch 149, Loss, MSE, RMSE, MAE: 0.06158, 0.06158, 0.24597, 0.14861
INFO | Time spent: 2.78s
INFO | - Epoch 198, ExpID 12803
INFO | Train - Loss (one batch): 0.00206
INFO | Val - Loss, MSE, RMSE, MAE: 0.00271, 0.00271, 0.05135, 0.03142
INFO | Test - Best epoch 149, Loss, MSE, RMSE, MAE: 0.06158, 0.06158, 0.24597, 0.14861
INFO | Time spent: 2.77s
INFO | - Epoch 199, ExpID 12803
INFO | Train - Loss (one batch): 0.00220
INFO | Val - Loss, MSE, RMSE, MAE: 0.00287, 0.00287, 0.05287, 0.03382
INFO | Test - Best epoch 149, Loss, MSE, RMSE, MAE: 0.06158, 0.06158, 0.24597, 0.14861
INFO | Time spent: 2.78s
INFO | - Epoch 200, ExpID 12803
INFO | Train - Loss (one batch): 0.00152
INFO | Val - Loss, MSE, RMSE, MAE: 0.00270, 0.00270, 0.05126, 0.03121
INFO | Test - Best epoch 149, Loss, MSE, RMSE, MAE: 0.06158, 0.06158, 0.24597, 0.14861
INFO | Time spent: 2.78s
INFO | - Epoch 201, ExpID 12803
INFO | Train - Loss (one batch): 0.00232
INFO | Val - Loss, MSE, RMSE, MAE: 0.00277, 0.00277, 0.05195, 0.03219
INFO | Test - Best epoch 149, Loss, MSE, RMSE, MAE: 0.06158, 0.06158, 0.24597, 0.14861
INFO | Time spent: 2.77s
INFO | - Epoch 202, ExpID 12803
INFO | Train - Loss (one batch): 0.00245
INFO | Val - Loss, MSE, RMSE, MAE: 0.00287, 0.00287, 0.05300, 0.03413
INFO | Test - Best epoch 149, Loss, MSE, RMSE, MAE: 0.06158, 0.06158, 0.24597, 0.14861
INFO | Time spent: 2.76s
INFO | - Epoch 203, ExpID 12803
INFO | Train - Loss (one batch): 0.00244
INFO | Val - Loss, MSE, RMSE, MAE: 0.00272, 0.00272, 0.05141, 0.03116
INFO | Test - Best epoch 149, Loss, MSE, RMSE, MAE: 0.06158, 0.06158, 0.24597, 0.14861
INFO | Time spent: 2.82s
INFO | - Epoch 204, ExpID 12803
INFO | Train - Loss (one batch): 0.00201
INFO | Val - Loss, MSE, RMSE, MAE: 0.00280, 0.00280, 0.05230, 0.03310
INFO | Test - Best epoch 149, Loss, MSE, RMSE, MAE: 0.06158, 0.06158, 0.24597, 0.14861
INFO | Time spent: 2.92s
INFO | - Epoch 205, ExpID 12803
INFO | Train - Loss (one batch): 0.00192
INFO | Val - Loss, MSE, RMSE, MAE: 0.00278, 0.00278, 0.05200, 0.03231
INFO | Test - Best epoch 149, Loss, MSE, RMSE, MAE: 0.06158, 0.06158, 0.24597, 0.14861
INFO | Time spent: 2.77s
INFO | - Epoch 206, ExpID 12803
INFO | Train - Loss (one batch): 0.00228
INFO | Val - Loss, MSE, RMSE, MAE: 0.00276, 0.00276, 0.05187, 0.03226
INFO | Test - Best epoch 149, Loss, MSE, RMSE, MAE: 0.06158, 0.06158, 0.24597, 0.14861
INFO | Time spent: 2.77s
INFO | - Epoch 207, ExpID 12803
INFO | Train - Loss (one batch): 0.00212
INFO | Val - Loss, MSE, RMSE, MAE: 0.00274, 0.00274, 0.05163, 0.03202
INFO | Test - Best epoch 149, Loss, MSE, RMSE, MAE: 0.06158, 0.06158, 0.24597, 0.14861
INFO | Time spent: 2.79s
INFO | - Epoch 208, ExpID 12803
INFO | Train - Loss (one batch): 0.00212
INFO | Val - Loss, MSE, RMSE, MAE: 0.00284, 0.00284, 0.05262, 0.03326
INFO | Test - Best epoch 149, Loss, MSE, RMSE, MAE: 0.06158, 0.06158, 0.24597, 0.14861
INFO | Time spent: 2.78s
INFO | - Epoch 209, ExpID 12803
INFO | Train - Loss (one batch): 0.00259
INFO | Val - Loss, MSE, RMSE, MAE: 0.00271, 0.00271, 0.05140, 0.03118
INFO | Test - Best epoch 149, Loss, MSE, RMSE, MAE: 0.06158, 0.06158, 0.24597, 0.14861
INFO | Time spent: 2.77s
INFO | - Epoch 210, ExpID 12803
INFO | Train - Loss (one batch): 0.00202
INFO | Val - Loss, MSE, RMSE, MAE: 0.00272, 0.00272, 0.05147, 0.03172
INFO | Test - Best epoch 149, Loss, MSE, RMSE, MAE: 0.06158, 0.06158, 0.24597, 0.14861
INFO | Time spent: 2.77s
INFO | - Epoch 211, ExpID 12803
INFO | Train - Loss (one batch): 0.00219
INFO | Val - Loss, MSE, RMSE, MAE: 0.00273, 0.00273, 0.05149, 0.03170
INFO | Test - Best epoch 149, Loss, MSE, RMSE, MAE: 0.06158, 0.06158, 0.24597, 0.14861
INFO | Time spent: 2.78s
INFO | - Epoch 212, ExpID 12803
INFO | Train - Loss (one batch): 0.00166
INFO | Val - Loss, MSE, RMSE, MAE: 0.00277, 0.00277, 0.05191, 0.03222
INFO | Test - Best epoch 149, Loss, MSE, RMSE, MAE: 0.06158, 0.06158, 0.24597, 0.14861
INFO | Time spent: 2.78s
INFO | - Epoch 213, ExpID 12803
INFO | Train - Loss (one batch): 0.00249
INFO | Val - Loss, MSE, RMSE, MAE: 0.00270, 0.00270, 0.05130, 0.03127
INFO | Test - Best epoch 149, Loss, MSE, RMSE, MAE: 0.06158, 0.06158, 0.24597, 0.14861
INFO | Time spent: 2.79s
INFO | - Epoch 214, ExpID 12803
INFO | Train - Loss (one batch): 0.00286
INFO | Val - Loss, MSE, RMSE, MAE: 0.00303, 0.00303, 0.05446, 0.03640
INFO | Test - Best epoch 149, Loss, MSE, RMSE, MAE: 0.06158, 0.06158, 0.24597, 0.14861
INFO | Time spent: 2.79s
INFO | - Epoch 215, ExpID 12803
INFO | Train - Loss (one batch): 0.00219
INFO | Val - Loss, MSE, RMSE, MAE: 0.00272, 0.00272, 0.05148, 0.03160
INFO | Test - Best epoch 149, Loss, MSE, RMSE, MAE: 0.06158, 0.06158, 0.24597, 0.14861
INFO | Time spent: 2.78s
INFO | - Epoch 216, ExpID 12803
INFO | Train - Loss (one batch): 0.00305
INFO | Val - Loss, MSE, RMSE, MAE: 0.00273, 0.00273, 0.05151, 0.03147
INFO | Test - Best epoch 149, Loss, MSE, RMSE, MAE: 0.06158, 0.06158, 0.24597, 0.14861
INFO | Time spent: 2.84s
INFO | - Epoch 217, ExpID 12803
INFO | Train - Loss (one batch): 0.00268
INFO | Val - Loss, MSE, RMSE, MAE: 0.00273, 0.00273, 0.05152, 0.03153
INFO | Test - Best epoch 149, Loss, MSE, RMSE, MAE: 0.06158, 0.06158, 0.24597, 0.14861
INFO | Time spent: 2.77s
INFO | - Epoch 218, ExpID 12803
INFO | Train - Loss (one batch): 0.00209
INFO | Val - Loss, MSE, RMSE, MAE: 0.00276, 0.00276, 0.05182, 0.03201
INFO | Test - Best epoch 149, Loss, MSE, RMSE, MAE: 0.06158, 0.06158, 0.24597, 0.14861
INFO | Time spent: 3.05s
INFO | - Epoch 219, ExpID 12803
INFO | Train - Loss (one batch): 0.00168
INFO | Val - Loss, MSE, RMSE, MAE: 0.00275, 0.00275, 0.05175, 0.03224
INFO | Test - Best epoch 149, Loss, MSE, RMSE, MAE: 0.06158, 0.06158, 0.24597, 0.14861
INFO | Time spent: 2.78s
INFO | - Epoch 220, ExpID 12803
INFO | Train - Loss (one batch): 0.00192
INFO | Val - Loss, MSE, RMSE, MAE: 0.00273, 0.00273, 0.05150, 0.03139
INFO | Test - Best epoch 149, Loss, MSE, RMSE, MAE: 0.06158, 0.06158, 0.24597, 0.14861
INFO | Time spent: 2.79s
INFO | - Epoch 221, ExpID 12803
INFO | Train - Loss (one batch): 0.00205
INFO | Val - Loss, MSE, RMSE, MAE: 0.00271, 0.00271, 0.05132, 0.03108
INFO | Test - Best epoch 149, Loss, MSE, RMSE, MAE: 0.06158, 0.06158, 0.24597, 0.14861
INFO | Time spent: 2.78s
INFO | - Epoch 222, ExpID 12803
INFO | Train - Loss (one batch): 0.00182
INFO | Val - Loss, MSE, RMSE, MAE: 0.00275, 0.00275, 0.05171, 0.03203
INFO | Test - Best epoch 149, Loss, MSE, RMSE, MAE: 0.06158, 0.06158, 0.24597, 0.14861
INFO | Time spent: 2.78s
INFO | - Epoch 223, ExpID 12803
INFO | Train - Loss (one batch): 0.00244
INFO | Val - Loss, MSE, RMSE, MAE: 0.00278, 0.00278, 0.05202, 0.03233
INFO | Test - Best epoch 149, Loss, MSE, RMSE, MAE: 0.06158, 0.06158, 0.24597, 0.14861
INFO | Time spent: 2.77s
INFO | - Epoch 224, ExpID 12803
INFO | Train - Loss (one batch): 0.00235
INFO | Val - Loss, MSE, RMSE, MAE: 0.00280, 0.00280, 0.05222, 0.03295
INFO | Test - Best epoch 149, Loss, MSE, RMSE, MAE: 0.06158, 0.06158, 0.24597, 0.14861
INFO | Time spent: 2.78s
INFO | - Epoch 225, ExpID 12803
INFO | Train - Loss (one batch): 0.00189
INFO | Val - Loss, MSE, RMSE, MAE: 0.00269, 0.00269, 0.05112, 0.03076
INFO | Test - Best epoch 149, Loss, MSE, RMSE, MAE: 0.06158, 0.06158, 0.24597, 0.14861
INFO | Time spent: 2.99s
INFO | - Epoch 226, ExpID 12803
INFO | Train - Loss (one batch): 0.00224
INFO | Val - Loss, MSE, RMSE, MAE: 0.00270, 0.00270, 0.05126, 0.03142
INFO | Test - Best epoch 149, Loss, MSE, RMSE, MAE: 0.06158, 0.06158, 0.24597, 0.14861
INFO | Time spent: 2.84s
INFO | - Epoch 227, ExpID 12803
INFO | Train - Loss (one batch): 0.00192
INFO | Val - Loss, MSE, RMSE, MAE: 0.00273, 0.00273, 0.05151, 0.03136
INFO | Test - Best epoch 149, Loss, MSE, RMSE, MAE: 0.06158, 0.06158, 0.24597, 0.14861
INFO | Time spent: 2.78s
INFO | - Epoch 228, ExpID 12803
INFO | Train - Loss (one batch): 0.00232
INFO | Val - Loss, MSE, RMSE, MAE: 0.00275, 0.00275, 0.05180, 0.03259
INFO | Test - Best epoch 149, Loss, MSE, RMSE, MAE: 0.06158, 0.06158, 0.24597, 0.14861
INFO | Time spent: 2.92s
INFO | - Epoch 229, ExpID 12803
INFO | Train - Loss (one batch): 0.00256
INFO | Val - Loss, MSE, RMSE, MAE: 0.00278, 0.00278, 0.05196, 0.03234
INFO | Test - Best epoch 149, Loss, MSE, RMSE, MAE: 0.06158, 0.06158, 0.24597, 0.14861
INFO | Time spent: 2.77s
INFO | - Epoch 230, ExpID 12803
INFO | Train - Loss (one batch): 0.00277
INFO | Val - Loss, MSE, RMSE, MAE: 0.00277, 0.00277, 0.05202, 0.03270
INFO | Test - Best epoch 149, Loss, MSE, RMSE, MAE: 0.06158, 0.06158, 0.24597, 0.14861
INFO | Time spent: 2.77s
INFO | - Epoch 231, ExpID 12803
INFO | Train - Loss (one batch): 0.00218
INFO | Val - Loss, MSE, RMSE, MAE: 0.00273, 0.00273, 0.05150, 0.03143
INFO | Test - Best epoch 149, Loss, MSE, RMSE, MAE: 0.06158, 0.06158, 0.24597, 0.14861
INFO | Time spent: 2.76s
INFO | - Epoch 232, ExpID 12803
INFO | Train - Loss (one batch): 0.00242
INFO | Val - Loss, MSE, RMSE, MAE: 0.00278, 0.00278, 0.05203, 0.03253
INFO | Test - Best epoch 149, Loss, MSE, RMSE, MAE: 0.06158, 0.06158, 0.24597, 0.14861
INFO | Time spent: 2.78s
INFO | - Epoch 233, ExpID 12803
INFO | Train - Loss (one batch): 0.00256
INFO | Val - Loss, MSE, RMSE, MAE: 0.00280, 0.00280, 0.05221, 0.03269
INFO | Test - Best epoch 149, Loss, MSE, RMSE, MAE: 0.06158, 0.06158, 0.24597, 0.14861
INFO | Time spent: 2.76s
INFO | - Epoch 234, ExpID 12803
INFO | Train - Loss (one batch): 0.00159
INFO | Val - Loss, MSE, RMSE, MAE: 0.00278, 0.00278, 0.05203, 0.03234
INFO | Test - Best epoch 149, Loss, MSE, RMSE, MAE: 0.06158, 0.06158, 0.24597, 0.14861
INFO | Time spent: 2.84s
INFO | - Epoch 235, ExpID 12803
INFO | Train - Loss (one batch): 0.00221
INFO | Val - Loss, MSE, RMSE, MAE: 0.00270, 0.00270, 0.05125, 0.03114
INFO | Test - Best epoch 149, Loss, MSE, RMSE, MAE: 0.06158, 0.06158, 0.24597, 0.14861
INFO | Time spent: 2.76s
INFO | - Epoch 236, ExpID 12803
INFO | Train - Loss (one batch): 0.00202
INFO | Val - Loss, MSE, RMSE, MAE: 0.00277, 0.00277, 0.05195, 0.03232
INFO | Test - Best epoch 149, Loss, MSE, RMSE, MAE: 0.06158, 0.06158, 0.24597, 0.14861
INFO | Time spent: 2.77s
INFO | - Epoch 237, ExpID 12803
INFO | Train - Loss (one batch): 0.00163
INFO | Val - Loss, MSE, RMSE, MAE: 0.00285, 0.00285, 0.05273, 0.03363
INFO | Test - Best epoch 149, Loss, MSE, RMSE, MAE: 0.06158, 0.06158, 0.24597, 0.14861
INFO | Time spent: 2.84s
INFO | - Epoch 238, ExpID 12803
INFO | Train - Loss (one batch): 0.00195
INFO | Val - Loss, MSE, RMSE, MAE: 0.00273, 0.00273, 0.05154, 0.03138
INFO | Test - Best epoch 149, Loss, MSE, RMSE, MAE: 0.06158, 0.06158, 0.24597, 0.14861
INFO | Time spent: 2.79s
INFO | - Epoch 239, ExpID 12803
INFO | Train - Loss (one batch): 0.00238
INFO | Val - Loss, MSE, RMSE, MAE: 0.00273, 0.00273, 0.05154, 0.03116
INFO | Test - Best epoch 149, Loss, MSE, RMSE, MAE: 0.06158, 0.06158, 0.24597, 0.14861
INFO | Time spent: 2.76s
INFO | - Epoch 240, ExpID 12803
INFO | Train - Loss (one batch): 0.00174
INFO | Val - Loss, MSE, RMSE, MAE: 0.00273, 0.00273, 0.05153, 0.03165
INFO | Test - Best epoch 149, Loss, MSE, RMSE, MAE: 0.06158, 0.06158, 0.24597, 0.14861
INFO | Time spent: 2.78s
INFO | - Epoch 241, ExpID 12803
INFO | Train - Loss (one batch): 0.00189
INFO | Val - Loss, MSE, RMSE, MAE: 0.00274, 0.00274, 0.05168, 0.03214
INFO | Test - Best epoch 149, Loss, MSE, RMSE, MAE: 0.06158, 0.06158, 0.24597, 0.14861
INFO | Time spent: 2.76s
INFO | - Epoch 242, ExpID 12803
INFO | Train - Loss (one batch): 0.00212
INFO | Val - Loss, MSE, RMSE, MAE: 0.00277, 0.00277, 0.05191, 0.03206
INFO | Test - Best epoch 149, Loss, MSE, RMSE, MAE: 0.06158, 0.06158, 0.24597, 0.14861
INFO | Time spent: 2.78s
INFO | - Epoch 243, ExpID 12803
INFO | Train - Loss (one batch): 0.00230
INFO | Val - Loss, MSE, RMSE, MAE: 0.00271, 0.00271, 0.05133, 0.03141
INFO | Test - Best epoch 149, Loss, MSE, RMSE, MAE: 0.06158, 0.06158, 0.24597, 0.14861
INFO | Time spent: 2.77s
INFO | - Epoch 244, ExpID 12803
INFO | Train - Loss (one batch): 0.00223
INFO | Val - Loss, MSE, RMSE, MAE: 0.00272, 0.00272, 0.05141, 0.03125
INFO | Test - Best epoch 149, Loss, MSE, RMSE, MAE: 0.06158, 0.06158, 0.24597, 0.14861
INFO | Time spent: 2.78s
INFO | - Epoch 245, ExpID 12803
INFO | Train - Loss (one batch): 0.00313
INFO | Val - Loss, MSE, RMSE, MAE: 0.00287, 0.00287, 0.05295, 0.03425
INFO | Test - Best epoch 149, Loss, MSE, RMSE, MAE: 0.06158, 0.06158, 0.24597, 0.14861
INFO | Time spent: 2.77s
INFO | - Epoch 246, ExpID 12803
INFO | Train - Loss (one batch): 0.00174
INFO | Val - Loss, MSE, RMSE, MAE: 0.00270, 0.00270, 0.05127, 0.03098
INFO | Test - Best epoch 149, Loss, MSE, RMSE, MAE: 0.06158, 0.06158, 0.24597, 0.14861
INFO | Time spent: 2.83s
INFO | - Epoch 247, ExpID 12803
INFO | Train - Loss (one batch): 0.00261
INFO | Val - Loss, MSE, RMSE, MAE: 0.00273, 0.00273, 0.05156, 0.03144
INFO | Test - Best epoch 149, Loss, MSE, RMSE, MAE: 0.06158, 0.06158, 0.24597, 0.14861
INFO | Time spent: 2.82s
INFO | - Epoch 248, ExpID 12803
INFO | Train - Loss (one batch): 0.00248
INFO | Val - Loss, MSE, RMSE, MAE: 0.00274, 0.00274, 0.05159, 0.03136
INFO | Test - Best epoch 149, Loss, MSE, RMSE, MAE: 0.06158, 0.06158, 0.24597, 0.14861
INFO | Time spent: 2.77s
INFO | - Epoch 249, ExpID 12803
INFO | Train - Loss (one batch): 0.00238
INFO | Val - Loss, MSE, RMSE, MAE: 0.00272, 0.00272, 0.05138, 0.03122
INFO | Test - Best epoch 149, Loss, MSE, RMSE, MAE: 0.06158, 0.06158, 0.24597, 0.14861
INFO | Time spent: 2.88s
INFO | - Epoch 250, ExpID 12803
INFO | Train - Loss (one batch): 0.00214
INFO | Val - Loss, MSE, RMSE, MAE: 0.00274, 0.00274, 0.05160, 0.03201
INFO | Test - Best epoch 149, Loss, MSE, RMSE, MAE: 0.06158, 0.06158, 0.24597, 0.14861
INFO | Time spent: 2.78s
INFO | - Epoch 251, ExpID 12803
INFO | Train - Loss (one batch): 0.00252
INFO | Val - Loss, MSE, RMSE, MAE: 0.00275, 0.00275, 0.05164, 0.03128
INFO | Test - Best epoch 149, Loss, MSE, RMSE, MAE: 0.06158, 0.06158, 0.24597, 0.14861
INFO | Time spent: 2.78s
INFO | - Epoch 252, ExpID 12803
INFO | Train - Loss (one batch): 0.00344
INFO | Val - Loss, MSE, RMSE, MAE: 0.00277, 0.00277, 0.05190, 0.03191
INFO | Test - Best epoch 149, Loss, MSE, RMSE, MAE: 0.06158, 0.06158, 0.24597, 0.14861
INFO | Time spent: 2.78s
INFO | - Epoch 253, ExpID 12803
INFO | Train - Loss (one batch): 0.00178
INFO | Val - Loss, MSE, RMSE, MAE: 0.00273, 0.00273, 0.05147, 0.03143
INFO | Test - Best epoch 149, Loss, MSE, RMSE, MAE: 0.06158, 0.06158, 0.24597, 0.14861
INFO | Time spent: 2.77s
INFO | - Epoch 254, ExpID 12803
INFO | Train - Loss (one batch): 0.00173
INFO | Val - Loss, MSE, RMSE, MAE: 0.00273, 0.00273, 0.05146, 0.03117
INFO | Test - Best epoch 149, Loss, MSE, RMSE, MAE: 0.06158, 0.06158, 0.24597, 0.14861
INFO | Time spent: 2.79s
INFO | - Epoch 255, ExpID 12803
INFO | Train - Loss (one batch): 0.00307
INFO | Val - Loss, MSE, RMSE, MAE: 0.00270, 0.00270, 0.05123, 0.03135
INFO | Test - Best epoch 149, Loss, MSE, RMSE, MAE: 0.06158, 0.06158, 0.24597, 0.14861
INFO | Time spent: 2.79s
INFO | - Epoch 256, ExpID 12803
INFO | Train - Loss (one batch): 0.00252
INFO | Val - Loss, MSE, RMSE, MAE: 0.00275, 0.00275, 0.05175, 0.03172
INFO | Test - Best epoch 149, Loss, MSE, RMSE, MAE: 0.06158, 0.06158, 0.24597, 0.14861
INFO | Time spent: 2.78s
INFO | - Epoch 257, ExpID 12803
INFO | Train - Loss (one batch): 0.00231
INFO | Val - Loss, MSE, RMSE, MAE: 0.00280, 0.00280, 0.05219, 0.03258
INFO | Test - Best epoch 149, Loss, MSE, RMSE, MAE: 0.06158, 0.06158, 0.24597, 0.14861
INFO | Time spent: 2.83s
INFO | - Epoch 258, ExpID 12803
INFO | Train - Loss (one batch): 0.00183
INFO | Val - Loss, MSE, RMSE, MAE: 0.00279, 0.00279, 0.05209, 0.03217
INFO | Test - Best epoch 149, Loss, MSE, RMSE, MAE: 0.06158, 0.06158, 0.24597, 0.14861
INFO | Time spent: 2.77s
INFO | - Epoch 259, ExpID 12803
INFO | Train - Loss (one batch): 0.00183
INFO | Val - Loss, MSE, RMSE, MAE: 0.00282, 0.00282, 0.05238, 0.03304
INFO | Test - Best epoch 149, Loss, MSE, RMSE, MAE: 0.06158, 0.06158, 0.24597, 0.14861
INFO | Time spent: 2.76s
INFO | - Epoch 260, ExpID 12803
INFO | Train - Loss (one batch): 0.00177
INFO | Val - Loss, MSE, RMSE, MAE: 0.00276, 0.00276, 0.05187, 0.03218
INFO | Test - Best epoch 149, Loss, MSE, RMSE, MAE: 0.06158, 0.06158, 0.24597, 0.14861
INFO | Time spent: 2.77s
INFO | - Epoch 261, ExpID 12803
INFO | Train - Loss (one batch): 0.00244
INFO | Val - Loss, MSE, RMSE, MAE: 0.00272, 0.00272, 0.05148, 0.03144
INFO | Test - Best epoch 149, Loss, MSE, RMSE, MAE: 0.06158, 0.06158, 0.24597, 0.14861
INFO | Time spent: 2.79s
INFO | - Epoch 262, ExpID 12803
INFO | Train - Loss (one batch): 0.00171
INFO | Val - Loss, MSE, RMSE, MAE: 0.00274, 0.00274, 0.05166, 0.03207
INFO | Test - Best epoch 149, Loss, MSE, RMSE, MAE: 0.06158, 0.06158, 0.24597, 0.14861
INFO | Time spent: 2.77s
INFO | - Epoch 263, ExpID 12803
INFO | Train - Loss (one batch): 0.00184
INFO | Val - Loss, MSE, RMSE, MAE: 0.00280, 0.00280, 0.05221, 0.03232
INFO | Test - Best epoch 149, Loss, MSE, RMSE, MAE: 0.06158, 0.06158, 0.24597, 0.14861
INFO | Time spent: 2.86s
INFO | - Epoch 264, ExpID 12803
INFO | Train - Loss (one batch): 0.00212
INFO | Val - Loss, MSE, RMSE, MAE: 0.00275, 0.00275, 0.05177, 0.03180
INFO | Test - Best epoch 149, Loss, MSE, RMSE, MAE: 0.06158, 0.06158, 0.24597, 0.14861
INFO | Time spent: 2.78s
INFO | - Epoch 265, ExpID 12803
INFO | Train - Loss (one batch): 0.00178
INFO | Val - Loss, MSE, RMSE, MAE: 0.00294, 0.00294, 0.05366, 0.03522
INFO | Test - Best epoch 149, Loss, MSE, RMSE, MAE: 0.06158, 0.06158, 0.24597, 0.14861
INFO | Time spent: 2.77s
INFO | - Epoch 266, ExpID 12803
INFO | Train - Loss (one batch): 0.00228
INFO | Val - Loss, MSE, RMSE, MAE: 0.00274, 0.00274, 0.05160, 0.03163
INFO | Test - Best epoch 149, Loss, MSE, RMSE, MAE: 0.06158, 0.06158, 0.24597, 0.14861
INFO | Time spent: 2.77s
INFO | - Epoch 267, ExpID 12803
INFO | Train - Loss (one batch): 0.00202
INFO | Val - Loss, MSE, RMSE, MAE: 0.00279, 0.00279, 0.05213, 0.03243
INFO | Test - Best epoch 149, Loss, MSE, RMSE, MAE: 0.06158, 0.06158, 0.24597, 0.14861
INFO | Time spent: 2.79s
INFO | - Epoch 268, ExpID 12803
INFO | Train - Loss (one batch): 0.00267
INFO | Val - Loss, MSE, RMSE, MAE: 0.00278, 0.00278, 0.05201, 0.03231
INFO | Test - Best epoch 149, Loss, MSE, RMSE, MAE: 0.06158, 0.06158, 0.24597, 0.14861
INFO | Time spent: 2.78s
INFO | - Epoch 269, ExpID 12803
INFO | Train - Loss (one batch): 0.00240
INFO | Val - Loss, MSE, RMSE, MAE: 0.00276, 0.00276, 0.05177, 0.03169
INFO | Test - Best epoch 149, Loss, MSE, RMSE, MAE: 0.06158, 0.06158, 0.24597, 0.14861
INFO | Time spent: 2.86s
INFO | - Epoch 270, ExpID 12803
INFO | Train - Loss (one batch): 0.00231
INFO | Val - Loss, MSE, RMSE, MAE: 0.00274, 0.00274, 0.05157, 0.03143
INFO | Test - Best epoch 149, Loss, MSE, RMSE, MAE: 0.06158, 0.06158, 0.24597, 0.14861
INFO | Time spent: 3.00s
INFO | - Epoch 271, ExpID 12803
INFO | Train - Loss (one batch): 0.00193
INFO | Val - Loss, MSE, RMSE, MAE: 0.00281, 0.00281, 0.05234, 0.03298
INFO | Test - Best epoch 149, Loss, MSE, RMSE, MAE: 0.06158, 0.06158, 0.24597, 0.14861
INFO | Time spent: 2.78s
INFO | - Epoch 272, ExpID 12803
INFO | Train - Loss (one batch): 0.00245
INFO | Val - Loss, MSE, RMSE, MAE: 0.00277, 0.00277, 0.05192, 0.03210
INFO | Test - Best epoch 149, Loss, MSE, RMSE, MAE: 0.06158, 0.06158, 0.24597, 0.14861
INFO | Time spent: 2.77s
INFO | - Epoch 273, ExpID 12803
INFO | Train - Loss (one batch): 0.00200
INFO | Val - Loss, MSE, RMSE, MAE: 0.00273, 0.00273, 0.05151, 0.03124
INFO | Test - Best epoch 149, Loss, MSE, RMSE, MAE: 0.06158, 0.06158, 0.24597, 0.14861
INFO | Time spent: 2.78s
INFO | - Epoch 274, ExpID 12803
INFO | Train - Loss (one batch): 0.00225
INFO | Val - Loss, MSE, RMSE, MAE: 0.00284, 0.00284, 0.05254, 0.03278
INFO | Test - Best epoch 149, Loss, MSE, RMSE, MAE: 0.06158, 0.06158, 0.24597, 0.14861
INFO | Time spent: 2.77s
INFO | - Epoch 275, ExpID 12803
INFO | Train - Loss (one batch): 0.00188
INFO | Val - Loss, MSE, RMSE, MAE: 0.00272, 0.00272, 0.05136, 0.03101
INFO | Test - Best epoch 149, Loss, MSE, RMSE, MAE: 0.06158, 0.06158, 0.24597, 0.14861
INFO | Time spent: 3.05s
INFO | - Epoch 276, ExpID 12803
INFO | Train - Loss (one batch): 0.00213
INFO | Val - Loss, MSE, RMSE, MAE: 0.00275, 0.00275, 0.05168, 0.03138
INFO | Test - Best epoch 149, Loss, MSE, RMSE, MAE: 0.06158, 0.06158, 0.24597, 0.14861
INFO | Time spent: 2.76s
INFO | - Epoch 277, ExpID 12803
INFO | Train - Loss (one batch): 0.00249
INFO | Val - Loss, MSE, RMSE, MAE: 0.00269, 0.00269, 0.05118, 0.03140
INFO | Test - Best epoch 149, Loss, MSE, RMSE, MAE: 0.06158, 0.06158, 0.24597, 0.14861
INFO | Time spent: 2.77s
INFO | - Epoch 278, ExpID 12803
INFO | Train - Loss (one batch): 0.00263
INFO | Val - Loss, MSE, RMSE, MAE: 0.00293, 0.00293, 0.05341, 0.03396
INFO | Test - Best epoch 149, Loss, MSE, RMSE, MAE: 0.06158, 0.06158, 0.24597, 0.14861
INFO | Time spent: 2.78s
INFO | - Epoch 279, ExpID 12803
INFO | Train - Loss (one batch): 0.00229
INFO | Val - Loss, MSE, RMSE, MAE: 0.00273, 0.00273, 0.05155, 0.03143
INFO | Test - Best epoch 149, Loss, MSE, RMSE, MAE: 0.06158, 0.06158, 0.24597, 0.14861
INFO | Time spent: 2.81s
INFO | - Epoch 280, ExpID 12803
INFO | Train - Loss (one batch): 0.00207
INFO | Val - Loss, MSE, RMSE, MAE: 0.00273, 0.00273, 0.05149, 0.03125
INFO | Test - Best epoch 149, Loss, MSE, RMSE, MAE: 0.06158, 0.06158, 0.24597, 0.14861
INFO | Time spent: 2.77s
INFO | - Epoch 281, ExpID 12803
INFO | Train - Loss (one batch): 0.00175
INFO | Val - Loss, MSE, RMSE, MAE: 0.00272, 0.00272, 0.05140, 0.03139
INFO | Test - Best epoch 149, Loss, MSE, RMSE, MAE: 0.06158, 0.06158, 0.24597, 0.14861
INFO | Time spent: 2.76s
INFO | - Epoch 282, ExpID 12803
INFO | Train - Loss (one batch): 0.00181
INFO | Val - Loss, MSE, RMSE, MAE: 0.00271, 0.00271, 0.05130, 0.03100
INFO | Test - Best epoch 149, Loss, MSE, RMSE, MAE: 0.06158, 0.06158, 0.24597, 0.14861
INFO | Time spent: 2.98s
INFO | - Epoch 283, ExpID 12803
INFO | Train - Loss (one batch): 0.00176
INFO | Val - Loss, MSE, RMSE, MAE: 0.00296, 0.00296, 0.05380, 0.03524
INFO | Test - Best epoch 149, Loss, MSE, RMSE, MAE: 0.06158, 0.06158, 0.24597, 0.14861
INFO | Time spent: 2.77s
INFO | - Epoch 284, ExpID 12803
INFO | Train - Loss (one batch): 0.00204
INFO | Val - Loss, MSE, RMSE, MAE: 0.00278, 0.00278, 0.05203, 0.03233
INFO | Test - Best epoch 149, Loss, MSE, RMSE, MAE: 0.06158, 0.06158, 0.24597, 0.14861
INFO | Time spent: 2.78s
INFO | - Epoch 285, ExpID 12803
INFO | Train - Loss (one batch): 0.00230
INFO | Val - Loss, MSE, RMSE, MAE: 0.00274, 0.00274, 0.05158, 0.03139
INFO | Test - Best epoch 149, Loss, MSE, RMSE, MAE: 0.06158, 0.06158, 0.24597, 0.14861
INFO | Time spent: 2.77s
INFO | - Epoch 286, ExpID 12803
INFO | Train - Loss (one batch): 0.00223
INFO | Val - Loss, MSE, RMSE, MAE: 0.00274, 0.00274, 0.05167, 0.03188
INFO | Test - Best epoch 149, Loss, MSE, RMSE, MAE: 0.06158, 0.06158, 0.24597, 0.14861
INFO | Time spent: 2.76s
INFO | - Epoch 287, ExpID 12803
INFO | Train - Loss (one batch): 0.00184
INFO | Val - Loss, MSE, RMSE, MAE: 0.00273, 0.00273, 0.05152, 0.03137
INFO | Test - Best epoch 149, Loss, MSE, RMSE, MAE: 0.06158, 0.06158, 0.24597, 0.14861
INFO | Time spent: 2.76s
INFO | - Epoch 288, ExpID 12803
INFO | Train - Loss (one batch): 0.00216
INFO | Val - Loss, MSE, RMSE, MAE: 0.00282, 0.00282, 0.05238, 0.03267
INFO | Test - Best epoch 149, Loss, MSE, RMSE, MAE: 0.06158, 0.06158, 0.24597, 0.14861
INFO | Time spent: 2.77s
INFO | - Epoch 289, ExpID 12803
INFO | Train - Loss (one batch): 0.00252
INFO | Val - Loss, MSE, RMSE, MAE: 0.00279, 0.00279, 0.05216, 0.03275
INFO | Test - Best epoch 149, Loss, MSE, RMSE, MAE: 0.06158, 0.06158, 0.24597, 0.14861
INFO | Time spent: 2.78s
INFO | - Epoch 290, ExpID 12803
INFO | Train - Loss (one batch): 0.00229
INFO | Val - Loss, MSE, RMSE, MAE: 0.00274, 0.00274, 0.05160, 0.03171
INFO | Test - Best epoch 149, Loss, MSE, RMSE, MAE: 0.06158, 0.06158, 0.24597, 0.14861
INFO | Time spent: 2.78s
INFO | - Epoch 291, ExpID 12803
INFO | Train - Loss (one batch): 0.00199
INFO | Val - Loss, MSE, RMSE, MAE: 0.00276, 0.00276, 0.05189, 0.03257
INFO | Test - Best epoch 149, Loss, MSE, RMSE, MAE: 0.06158, 0.06158, 0.24597, 0.14861
INFO | Time spent: 2.71s
INFO | - Epoch 292, ExpID 12803
INFO | Train - Loss (one batch): 0.00178
INFO | Val - Loss, MSE, RMSE, MAE: 0.00275, 0.00275, 0.05173, 0.03199
INFO | Test - Best epoch 149, Loss, MSE, RMSE, MAE: 0.06158, 0.06158, 0.24597, 0.14861
INFO | Time spent: 2.72s
INFO | - Epoch 293, ExpID 12803
INFO | Train - Loss (one batch): 0.00175
INFO | Val - Loss, MSE, RMSE, MAE: 0.00277, 0.00277, 0.05194, 0.03207
INFO | Test - Best epoch 149, Loss, MSE, RMSE, MAE: 0.06158, 0.06158, 0.24597, 0.14861
INFO | Time spent: 2.73s
INFO | - Epoch 294, ExpID 12803
INFO | Train - Loss (one batch): 0.00199
INFO | Val - Loss, MSE, RMSE, MAE: 0.00270, 0.00270, 0.05126, 0.03111
INFO | Test - Best epoch 149, Loss, MSE, RMSE, MAE: 0.06158, 0.06158, 0.24597, 0.14861
INFO | Time spent: 2.71s
INFO | - Epoch 295, ExpID 12803
INFO | Train - Loss (one batch): 0.00172
INFO | Val - Loss, MSE, RMSE, MAE: 0.00278, 0.00278, 0.05203, 0.03248
INFO | Test - Best epoch 149, Loss, MSE, RMSE, MAE: 0.06158, 0.06158, 0.24597, 0.14861
INFO | Time spent: 2.72s
INFO | - Epoch 296, ExpID 12803
INFO | Train - Loss (one batch): 0.00245
INFO | Val - Loss, MSE, RMSE, MAE: 0.00269, 0.00269, 0.05117, 0.03115
INFO | Test - Best epoch 149, Loss, MSE, RMSE, MAE: 0.06158, 0.06158, 0.24597, 0.14861
INFO | Time spent: 2.72s
INFO | - Epoch 297, ExpID 12803
INFO | Train - Loss (one batch): 0.00227
INFO | Val - Loss, MSE, RMSE, MAE: 0.00276, 0.00276, 0.05189, 0.03252
INFO | Test - Best epoch 149, Loss, MSE, RMSE, MAE: 0.06158, 0.06158, 0.24597, 0.14861
INFO | Time spent: 2.72s
INFO | - Epoch 298, ExpID 12803
INFO | Train - Loss (one batch): 0.00170
INFO | Val - Loss, MSE, RMSE, MAE: 0.00270, 0.00270, 0.05126, 0.03110
INFO | Test - Best epoch 149, Loss, MSE, RMSE, MAE: 0.06158, 0.06158, 0.24597, 0.14861
INFO | Time spent: 2.72s
INFO | - Epoch 299, ExpID 12803
INFO | Train - Loss (one batch): 0.00209
INFO | Val - Loss, MSE, RMSE, MAE: 0.00274, 0.00274, 0.05157, 0.03148
INFO | Test - Best epoch 149, Loss, MSE, RMSE, MAE: 0.06158, 0.06158, 0.24597, 0.14861
INFO | Time spent: 2.95s
INFO | - Epoch 000, ExpID 84535
INFO | Train - Loss (one batch): 0.00682
INFO | Val - Loss, MSE, RMSE, MAE: 0.00667, 0.00667, 0.08130, 0.06125
INFO | Test - Best epoch 0, Loss, MSE, RMSE, MAE: 0.15939, 0.15939, 0.39750, 0.29216
INFO | Time spent: 4.36s
INFO | - Epoch 001, ExpID 84535
INFO | Train - Loss (one batch): 0.00310
INFO | Val - Loss, MSE, RMSE, MAE: 0.00351, 0.00351, 0.05855, 0.03766
INFO | Test - Best epoch 1, Loss, MSE, RMSE, MAE: 0.07911, 0.07911, 0.27893, 0.17515
INFO | Time spent: 3.21s
INFO | - Epoch 002, ExpID 84535
INFO | Train - Loss (one batch): 0.00294
INFO | Val - Loss, MSE, RMSE, MAE: 0.00315, 0.00315, 0.05539, 0.03444
INFO | Test - Best epoch 2, Loss, MSE, RMSE, MAE: 0.07107, 0.07107, 0.26419, 0.16127
INFO | Time spent: 3.32s
INFO | - Epoch 003, ExpID 84535
INFO | Train - Loss (one batch): 0.00318
INFO | Val - Loss, MSE, RMSE, MAE: 0.00322, 0.00322, 0.05605, 0.03510
INFO | Test - Best epoch 2, Loss, MSE, RMSE, MAE: 0.07107, 0.07107, 0.26419, 0.16127
INFO | Time spent: 2.74s
INFO | - Epoch 004, ExpID 84535
INFO | Train - Loss (one batch): 0.00206
INFO | Val - Loss, MSE, RMSE, MAE: 0.00340, 0.00340, 0.05771, 0.03874
INFO | Test - Best epoch 2, Loss, MSE, RMSE, MAE: 0.07107, 0.07107, 0.26419, 0.16127
INFO | Time spent: 2.76s
INFO | - Epoch 005, ExpID 84535
INFO | Train - Loss (one batch): 0.00319
INFO | Val - Loss, MSE, RMSE, MAE: 0.00320, 0.00320, 0.05595, 0.03596
INFO | Test - Best epoch 2, Loss, MSE, RMSE, MAE: 0.07107, 0.07107, 0.26419, 0.16127
INFO | Time spent: 2.76s
INFO | - Epoch 006, ExpID 84535
INFO | Train - Loss (one batch): 0.00284
INFO | Val - Loss, MSE, RMSE, MAE: 0.00312, 0.00312, 0.05523, 0.03483
INFO | Test - Best epoch 6, Loss, MSE, RMSE, MAE: 0.07086, 0.07086, 0.26397, 0.16423
INFO | Time spent: 3.21s
INFO | - Epoch 007, ExpID 84535
INFO | Train - Loss (one batch): 0.00297
INFO | Val - Loss, MSE, RMSE, MAE: 0.00319, 0.00319, 0.05583, 0.03602
INFO | Test - Best epoch 6, Loss, MSE, RMSE, MAE: 0.07086, 0.07086, 0.26397, 0.16423
INFO | Time spent: 2.78s
INFO | - Epoch 008, ExpID 84535
INFO | Train - Loss (one batch): 0.00309
INFO | Val - Loss, MSE, RMSE, MAE: 0.00321, 0.00321, 0.05597, 0.03602
INFO | Test - Best epoch 6, Loss, MSE, RMSE, MAE: 0.07086, 0.07086, 0.26397, 0.16423
INFO | Time spent: 2.73s
INFO | - Epoch 009, ExpID 84535
INFO | Train - Loss (one batch): 0.00289
INFO | Val - Loss, MSE, RMSE, MAE: 0.00320, 0.00320, 0.05597, 0.03660
INFO | Test - Best epoch 6, Loss, MSE, RMSE, MAE: 0.07086, 0.07086, 0.26397, 0.16423
INFO | Time spent: 2.75s
INFO | - Epoch 010, ExpID 84535
INFO | Train - Loss (one batch): 0.00260
INFO | Val - Loss, MSE, RMSE, MAE: 0.00309, 0.00309, 0.05491, 0.03426
INFO | Test - Best epoch 10, Loss, MSE, RMSE, MAE: 0.07039, 0.07039, 0.26311, 0.16204
INFO | Time spent: 3.20s
INFO | - Epoch 011, ExpID 84535
INFO | Train - Loss (one batch): 0.00207
INFO | Val - Loss, MSE, RMSE, MAE: 0.00297, 0.00297, 0.05383, 0.03277
INFO | Test - Best epoch 11, Loss, MSE, RMSE, MAE: 0.06726, 0.06726, 0.25701, 0.15406
INFO | Time spent: 3.18s
INFO | - Epoch 012, ExpID 84535
INFO | Train - Loss (one batch): 0.00292
INFO | Val - Loss, MSE, RMSE, MAE: 0.00318, 0.00318, 0.05573, 0.03571
INFO | Test - Best epoch 11, Loss, MSE, RMSE, MAE: 0.06726, 0.06726, 0.25701, 0.15406
INFO | Time spent: 2.71s
INFO | - Epoch 013, ExpID 84535
INFO | Train - Loss (one batch): 0.00333
INFO | Val - Loss, MSE, RMSE, MAE: 0.00301, 0.00301, 0.05423, 0.03343
INFO | Test - Best epoch 11, Loss, MSE, RMSE, MAE: 0.06726, 0.06726, 0.25701, 0.15406
INFO | Time spent: 2.74s
INFO | - Epoch 014, ExpID 84535
INFO | Train - Loss (one batch): 0.00293
INFO | Val - Loss, MSE, RMSE, MAE: 0.00302, 0.00302, 0.05427, 0.03388
INFO | Test - Best epoch 11, Loss, MSE, RMSE, MAE: 0.06726, 0.06726, 0.25701, 0.15406
INFO | Time spent: 2.88s
INFO | - Epoch 015, ExpID 84535
INFO | Train - Loss (one batch): 0.00324
INFO | Val - Loss, MSE, RMSE, MAE: 0.00306, 0.00306, 0.05464, 0.03425
INFO | Test - Best epoch 11, Loss, MSE, RMSE, MAE: 0.06726, 0.06726, 0.25701, 0.15406
INFO | Time spent: 2.94s
INFO | - Epoch 016, ExpID 84535
INFO | Train - Loss (one batch): 0.00268
INFO | Val - Loss, MSE, RMSE, MAE: 0.00331, 0.00331, 0.05698, 0.03853
INFO | Test - Best epoch 11, Loss, MSE, RMSE, MAE: 0.06726, 0.06726, 0.25701, 0.15406
INFO | Time spent: 2.73s
INFO | - Epoch 017, ExpID 84535
INFO | Train - Loss (one batch): 0.00397
INFO | Val - Loss, MSE, RMSE, MAE: 0.00294, 0.00294, 0.05354, 0.03240
INFO | Test - Best epoch 17, Loss, MSE, RMSE, MAE: 0.06705, 0.06705, 0.25659, 0.15262
INFO | Time spent: 3.27s
INFO | - Epoch 018, ExpID 84535
INFO | Train - Loss (one batch): 0.00325
INFO | Val - Loss, MSE, RMSE, MAE: 0.00297, 0.00297, 0.05384, 0.03294
INFO | Test - Best epoch 17, Loss, MSE, RMSE, MAE: 0.06705, 0.06705, 0.25659, 0.15262
INFO | Time spent: 2.75s
INFO | - Epoch 019, ExpID 84535
INFO | Train - Loss (one batch): 0.00302
INFO | Val - Loss, MSE, RMSE, MAE: 0.00336, 0.00336, 0.05743, 0.03895
INFO | Test - Best epoch 17, Loss, MSE, RMSE, MAE: 0.06705, 0.06705, 0.25659, 0.15262
INFO | Time spent: 2.93s
INFO | - Epoch 020, ExpID 84535
INFO | Train - Loss (one batch): 0.00287
INFO | Val - Loss, MSE, RMSE, MAE: 0.00313, 0.00313, 0.05534, 0.03607
INFO | Test - Best epoch 17, Loss, MSE, RMSE, MAE: 0.06705, 0.06705, 0.25659, 0.15262
INFO | Time spent: 2.75s
INFO | - Epoch 021, ExpID 84535
INFO | Train - Loss (one batch): 0.00240
INFO | Val - Loss, MSE, RMSE, MAE: 0.00295, 0.00295, 0.05360, 0.03275
INFO | Test - Best epoch 17, Loss, MSE, RMSE, MAE: 0.06705, 0.06705, 0.25659, 0.15262
INFO | Time spent: 2.77s
INFO | - Epoch 022, ExpID 84535
INFO | Train - Loss (one batch): 0.00198
INFO | Val - Loss, MSE, RMSE, MAE: 0.00291, 0.00291, 0.05328, 0.03228
INFO | Test - Best epoch 22, Loss, MSE, RMSE, MAE: 0.06613, 0.06613, 0.25488, 0.15165
INFO | Time spent: 3.19s
INFO | - Epoch 023, ExpID 84535
INFO | Train - Loss (one batch): 0.00244
INFO | Val - Loss, MSE, RMSE, MAE: 0.00298, 0.00298, 0.05387, 0.03322
INFO | Test - Best epoch 22, Loss, MSE, RMSE, MAE: 0.06613, 0.06613, 0.25488, 0.15165
INFO | Time spent: 2.76s
INFO | - Epoch 024, ExpID 84535
INFO | Train - Loss (one batch): 0.00271
INFO | Val - Loss, MSE, RMSE, MAE: 0.00312, 0.00312, 0.05523, 0.03599
INFO | Test - Best epoch 22, Loss, MSE, RMSE, MAE: 0.06613, 0.06613, 0.25488, 0.15165
INFO | Time spent: 2.75s
INFO | - Epoch 025, ExpID 84535
INFO | Train - Loss (one batch): 0.00256
INFO | Val - Loss, MSE, RMSE, MAE: 0.00287, 0.00287, 0.05293, 0.03224
INFO | Test - Best epoch 25, Loss, MSE, RMSE, MAE: 0.06502, 0.06502, 0.25266, 0.15111
INFO | Time spent: 3.18s
INFO | - Epoch 026, ExpID 84535
INFO | Train - Loss (one batch): 0.00251
INFO | Val - Loss, MSE, RMSE, MAE: 0.00347, 0.00347, 0.05838, 0.04067
INFO | Test - Best epoch 25, Loss, MSE, RMSE, MAE: 0.06502, 0.06502, 0.25266, 0.15111
INFO | Time spent: 2.75s
INFO | - Epoch 027, ExpID 84535
INFO | Train - Loss (one batch): 0.00222
INFO | Val - Loss, MSE, RMSE, MAE: 0.00332, 0.00332, 0.05711, 0.03827
INFO | Test - Best epoch 25, Loss, MSE, RMSE, MAE: 0.06502, 0.06502, 0.25266, 0.15111
INFO | Time spent: 2.76s
INFO | - Epoch 028, ExpID 84535
INFO | Train - Loss (one batch): 0.00221
INFO | Val - Loss, MSE, RMSE, MAE: 0.00285, 0.00285, 0.05270, 0.03201
INFO | Test - Best epoch 28, Loss, MSE, RMSE, MAE: 0.06454, 0.06454, 0.25170, 0.15007
INFO | Time spent: 3.21s
INFO | - Epoch 029, ExpID 84535
INFO | Train - Loss (one batch): 0.00280
INFO | Val - Loss, MSE, RMSE, MAE: 0.00285, 0.00285, 0.05270, 0.03226
INFO | Test - Best epoch 29, Loss, MSE, RMSE, MAE: 0.06462, 0.06462, 0.25185, 0.15153
INFO | Time spent: 3.18s
INFO | - Epoch 030, ExpID 84535
INFO | Train - Loss (one batch): 0.00226
INFO | Val - Loss, MSE, RMSE, MAE: 0.00287, 0.00287, 0.05290, 0.03276
INFO | Test - Best epoch 29, Loss, MSE, RMSE, MAE: 0.06462, 0.06462, 0.25185, 0.15153
INFO | Time spent: 2.86s
INFO | - Epoch 031, ExpID 84535
INFO | Train - Loss (one batch): 0.00267
INFO | Val - Loss, MSE, RMSE, MAE: 0.00289, 0.00289, 0.05311, 0.03316
INFO | Test - Best epoch 29, Loss, MSE, RMSE, MAE: 0.06462, 0.06462, 0.25185, 0.15153
INFO | Time spent: 2.72s
INFO | - Epoch 032, ExpID 84535
INFO | Train - Loss (one batch): 0.00305
INFO | Val - Loss, MSE, RMSE, MAE: 0.00355, 0.00355, 0.05911, 0.04218
INFO | Test - Best epoch 29, Loss, MSE, RMSE, MAE: 0.06462, 0.06462, 0.25185, 0.15153
INFO | Time spent: 2.71s
INFO | - Epoch 033, ExpID 84535
INFO | Train - Loss (one batch): 0.00240
INFO | Val - Loss, MSE, RMSE, MAE: 0.00340, 0.00340, 0.05780, 0.04061
INFO | Test - Best epoch 29, Loss, MSE, RMSE, MAE: 0.06462, 0.06462, 0.25185, 0.15153
INFO | Time spent: 2.72s
INFO | - Epoch 034, ExpID 84535
INFO | Train - Loss (one batch): 0.00312
INFO | Val - Loss, MSE, RMSE, MAE: 0.00284, 0.00284, 0.05258, 0.03220
INFO | Test - Best epoch 34, Loss, MSE, RMSE, MAE: 0.06467, 0.06467, 0.25201, 0.15191
INFO | Time spent: 3.17s
INFO | - Epoch 035, ExpID 84535
INFO | Train - Loss (one batch): 0.00266
INFO | Val - Loss, MSE, RMSE, MAE: 0.00285, 0.00285, 0.05265, 0.03236
INFO | Test - Best epoch 34, Loss, MSE, RMSE, MAE: 0.06467, 0.06467, 0.25201, 0.15191
INFO | Time spent: 2.73s
INFO | - Epoch 036, ExpID 84535
INFO | Train - Loss (one batch): 0.00209
INFO | Val - Loss, MSE, RMSE, MAE: 0.00281, 0.00281, 0.05231, 0.03216
INFO | Test - Best epoch 36, Loss, MSE, RMSE, MAE: 0.06393, 0.06393, 0.25056, 0.15184
INFO | Time spent: 3.17s
INFO | - Epoch 037, ExpID 84535
INFO | Train - Loss (one batch): 0.00170
INFO | Val - Loss, MSE, RMSE, MAE: 0.00297, 0.00297, 0.05389, 0.03464
INFO | Test - Best epoch 36, Loss, MSE, RMSE, MAE: 0.06393, 0.06393, 0.25056, 0.15184
INFO | Time spent: 2.73s
INFO | - Epoch 038, ExpID 84535
INFO | Train - Loss (one batch): 0.00309
INFO | Val - Loss, MSE, RMSE, MAE: 0.00303, 0.00303, 0.05440, 0.03571
INFO | Test - Best epoch 36, Loss, MSE, RMSE, MAE: 0.06393, 0.06393, 0.25056, 0.15184
INFO | Time spent: 2.72s
INFO | - Epoch 039, ExpID 84535
INFO | Train - Loss (one batch): 0.00221
INFO | Val - Loss, MSE, RMSE, MAE: 0.00280, 0.00280, 0.05223, 0.03222
INFO | Test - Best epoch 39, Loss, MSE, RMSE, MAE: 0.06414, 0.06414, 0.25101, 0.15266
INFO | Time spent: 3.18s
INFO | - Epoch 040, ExpID 84535
INFO | Train - Loss (one batch): 0.00313
INFO | Val - Loss, MSE, RMSE, MAE: 0.00283, 0.00283, 0.05256, 0.03280
INFO | Test - Best epoch 39, Loss, MSE, RMSE, MAE: 0.06414, 0.06414, 0.25101, 0.15266
INFO | Time spent: 2.71s
INFO | - Epoch 041, ExpID 84535
INFO | Train - Loss (one batch): 0.00211
INFO | Val - Loss, MSE, RMSE, MAE: 0.00285, 0.00285, 0.05275, 0.03321
INFO | Test - Best epoch 39, Loss, MSE, RMSE, MAE: 0.06414, 0.06414, 0.25101, 0.15266
INFO | Time spent: 2.72s
INFO | - Epoch 042, ExpID 84535
INFO | Train - Loss (one batch): 0.00330
INFO | Val - Loss, MSE, RMSE, MAE: 0.00295, 0.00295, 0.05370, 0.03518
INFO | Test - Best epoch 39, Loss, MSE, RMSE, MAE: 0.06414, 0.06414, 0.25101, 0.15266
INFO | Time spent: 2.83s
INFO | - Epoch 043, ExpID 84535
INFO | Train - Loss (one batch): 0.00248
INFO | Val - Loss, MSE, RMSE, MAE: 0.00283, 0.00283, 0.05259, 0.03328
INFO | Test - Best epoch 39, Loss, MSE, RMSE, MAE: 0.06414, 0.06414, 0.25101, 0.15266
INFO | Time spent: 2.71s
INFO | - Epoch 044, ExpID 84535
INFO | Train - Loss (one batch): 0.00313
INFO | Val - Loss, MSE, RMSE, MAE: 0.00279, 0.00279, 0.05219, 0.03247
INFO | Test - Best epoch 44, Loss, MSE, RMSE, MAE: 0.06401, 0.06401, 0.25081, 0.15395
INFO | Time spent: 3.16s
INFO | - Epoch 045, ExpID 84535
INFO | Train - Loss (one batch): 0.00258
INFO | Val - Loss, MSE, RMSE, MAE: 0.00282, 0.00282, 0.05245, 0.03248
INFO | Test - Best epoch 44, Loss, MSE, RMSE, MAE: 0.06401, 0.06401, 0.25081, 0.15395
INFO | Time spent: 2.72s
INFO | - Epoch 046, ExpID 84535
INFO | Train - Loss (one batch): 0.00327
INFO | Val - Loss, MSE, RMSE, MAE: 0.00276, 0.00276, 0.05186, 0.03170
INFO | Test - Best epoch 46, Loss, MSE, RMSE, MAE: 0.06296, 0.06296, 0.24865, 0.14967
INFO | Time spent: 3.16s
INFO | - Epoch 047, ExpID 84535
INFO | Train - Loss (one batch): 0.00319
INFO | Val - Loss, MSE, RMSE, MAE: 0.00282, 0.00282, 0.05248, 0.03340
INFO | Test - Best epoch 46, Loss, MSE, RMSE, MAE: 0.06296, 0.06296, 0.24865, 0.14967
INFO | Time spent: 2.72s
INFO | - Epoch 048, ExpID 84535
INFO | Train - Loss (one batch): 0.00166
INFO | Val - Loss, MSE, RMSE, MAE: 0.00288, 0.00288, 0.05303, 0.03328
INFO | Test - Best epoch 46, Loss, MSE, RMSE, MAE: 0.06296, 0.06296, 0.24865, 0.14967
INFO | Time spent: 2.73s
INFO | - Epoch 049, ExpID 84535
INFO | Train - Loss (one batch): 0.00267
INFO | Val - Loss, MSE, RMSE, MAE: 0.00271, 0.00271, 0.05133, 0.03139
INFO | Test - Best epoch 49, Loss, MSE, RMSE, MAE: 0.06203, 0.06203, 0.24683, 0.14855
INFO | Time spent: 3.17s
INFO | - Epoch 050, ExpID 84535
INFO | Train - Loss (one batch): 0.00183
INFO | Val - Loss, MSE, RMSE, MAE: 0.00289, 0.00289, 0.05310, 0.03441
INFO | Test - Best epoch 49, Loss, MSE, RMSE, MAE: 0.06203, 0.06203, 0.24683, 0.14855
INFO | Time spent: 2.73s
INFO | - Epoch 051, ExpID 84535
INFO | Train - Loss (one batch): 0.00232
INFO | Val - Loss, MSE, RMSE, MAE: 0.00276, 0.00276, 0.05190, 0.03243
INFO | Test - Best epoch 49, Loss, MSE, RMSE, MAE: 0.06203, 0.06203, 0.24683, 0.14855
INFO | Time spent: 2.73s
INFO | - Epoch 052, ExpID 84535
INFO | Train - Loss (one batch): 0.00276
INFO | Val - Loss, MSE, RMSE, MAE: 0.00277, 0.00277, 0.05189, 0.03183
INFO | Test - Best epoch 49, Loss, MSE, RMSE, MAE: 0.06203, 0.06203, 0.24683, 0.14855
INFO | Time spent: 2.74s
INFO | - Epoch 053, ExpID 84535
INFO | Train - Loss (one batch): 0.00249
INFO | Val - Loss, MSE, RMSE, MAE: 0.00296, 0.00296, 0.05382, 0.03508
INFO | Test - Best epoch 49, Loss, MSE, RMSE, MAE: 0.06203, 0.06203, 0.24683, 0.14855
INFO | Time spent: 2.88s
INFO | - Epoch 054, ExpID 84535
INFO | Train - Loss (one batch): 0.00248
INFO | Val - Loss, MSE, RMSE, MAE: 0.00275, 0.00275, 0.05179, 0.03207
INFO | Test - Best epoch 49, Loss, MSE, RMSE, MAE: 0.06203, 0.06203, 0.24683, 0.14855
INFO | Time spent: 2.76s
INFO | - Epoch 055, ExpID 84535
INFO | Train - Loss (one batch): 0.00211
INFO | Val - Loss, MSE, RMSE, MAE: 0.00301, 0.00301, 0.05431, 0.03623
INFO | Test - Best epoch 49, Loss, MSE, RMSE, MAE: 0.06203, 0.06203, 0.24683, 0.14855
INFO | Time spent: 2.73s
INFO | - Epoch 056, ExpID 84535
INFO | Train - Loss (one batch): 0.00259
INFO | Val - Loss, MSE, RMSE, MAE: 0.00288, 0.00288, 0.05310, 0.03407
INFO | Test - Best epoch 49, Loss, MSE, RMSE, MAE: 0.06203, 0.06203, 0.24683, 0.14855
INFO | Time spent: 2.72s
INFO | - Epoch 057, ExpID 84535
INFO | Train - Loss (one batch): 0.00226
INFO | Val - Loss, MSE, RMSE, MAE: 0.00269, 0.00269, 0.05120, 0.03139
INFO | Test - Best epoch 57, Loss, MSE, RMSE, MAE: 0.06113, 0.06113, 0.24505, 0.14852
INFO | Time spent: 3.18s
INFO | - Epoch 058, ExpID 84535
INFO | Train - Loss (one batch): 0.00179
INFO | Val - Loss, MSE, RMSE, MAE: 0.00271, 0.00271, 0.05140, 0.03153
INFO | Test - Best epoch 57, Loss, MSE, RMSE, MAE: 0.06113, 0.06113, 0.24505, 0.14852
INFO | Time spent: 2.74s
INFO | - Epoch 059, ExpID 84535
INFO | Train - Loss (one batch): 0.00257
INFO | Val - Loss, MSE, RMSE, MAE: 0.00271, 0.00271, 0.05136, 0.03131
INFO | Test - Best epoch 57, Loss, MSE, RMSE, MAE: 0.06113, 0.06113, 0.24505, 0.14852
INFO | Time spent: 2.74s
INFO | - Epoch 060, ExpID 84535
INFO | Train - Loss (one batch): 0.00248
INFO | Val - Loss, MSE, RMSE, MAE: 0.00276, 0.00276, 0.05188, 0.03246
INFO | Test - Best epoch 57, Loss, MSE, RMSE, MAE: 0.06113, 0.06113, 0.24505, 0.14852
INFO | Time spent: 2.73s
INFO | - Epoch 061, ExpID 84535
INFO | Train - Loss (one batch): 0.00286
INFO | Val - Loss, MSE, RMSE, MAE: 0.00273, 0.00273, 0.05160, 0.03172
INFO | Test - Best epoch 57, Loss, MSE, RMSE, MAE: 0.06113, 0.06113, 0.24505, 0.14852
INFO | Time spent: 2.74s
INFO | - Epoch 062, ExpID 84535
INFO | Train - Loss (one batch): 0.00256
INFO | Val - Loss, MSE, RMSE, MAE: 0.00278, 0.00278, 0.05206, 0.03267
INFO | Test - Best epoch 57, Loss, MSE, RMSE, MAE: 0.06113, 0.06113, 0.24505, 0.14852
INFO | Time spent: 2.71s
INFO | - Epoch 063, ExpID 84535
INFO | Train - Loss (one batch): 0.00220
INFO | Val - Loss, MSE, RMSE, MAE: 0.00271, 0.00271, 0.05138, 0.03162
INFO | Test - Best epoch 57, Loss, MSE, RMSE, MAE: 0.06113, 0.06113, 0.24505, 0.14852
INFO | Time spent: 2.73s
INFO | - Epoch 064, ExpID 84535
INFO | Train - Loss (one batch): 0.00268
INFO | Val - Loss, MSE, RMSE, MAE: 0.00292, 0.00292, 0.05348, 0.03518
INFO | Test - Best epoch 57, Loss, MSE, RMSE, MAE: 0.06113, 0.06113, 0.24505, 0.14852
INFO | Time spent: 2.75s
INFO | - Epoch 065, ExpID 84535
INFO | Train - Loss (one batch): 0.00200
INFO | Val - Loss, MSE, RMSE, MAE: 0.00268, 0.00268, 0.05107, 0.03121
INFO | Test - Best epoch 65, Loss, MSE, RMSE, MAE: 0.06144, 0.06144, 0.24573, 0.14862
INFO | Time spent: 3.17s
INFO | - Epoch 066, ExpID 84535
INFO | Train - Loss (one batch): 0.00263
INFO | Val - Loss, MSE, RMSE, MAE: 0.00269, 0.00269, 0.05120, 0.03123
INFO | Test - Best epoch 65, Loss, MSE, RMSE, MAE: 0.06144, 0.06144, 0.24573, 0.14862
INFO | Time spent: 2.74s
INFO | - Epoch 067, ExpID 84535
INFO | Train - Loss (one batch): 0.00226
INFO | Val - Loss, MSE, RMSE, MAE: 0.00272, 0.00272, 0.05148, 0.03175
INFO | Test - Best epoch 65, Loss, MSE, RMSE, MAE: 0.06144, 0.06144, 0.24573, 0.14862
INFO | Time spent: 2.73s
INFO | - Epoch 068, ExpID 84535
INFO | Train - Loss (one batch): 0.00207
INFO | Val - Loss, MSE, RMSE, MAE: 0.00272, 0.00272, 0.05146, 0.03193
INFO | Test - Best epoch 65, Loss, MSE, RMSE, MAE: 0.06144, 0.06144, 0.24573, 0.14862
INFO | Time spent: 2.72s
INFO | - Epoch 069, ExpID 84535
INFO | Train - Loss (one batch): 0.00248
INFO | Val - Loss, MSE, RMSE, MAE: 0.00274, 0.00274, 0.05161, 0.03180
INFO | Test - Best epoch 65, Loss, MSE, RMSE, MAE: 0.06144, 0.06144, 0.24573, 0.14862
INFO | Time spent: 2.72s
INFO | - Epoch 070, ExpID 84535
INFO | Train - Loss (one batch): 0.00270
INFO | Val - Loss, MSE, RMSE, MAE: 0.00271, 0.00271, 0.05131, 0.03133
INFO | Test - Best epoch 65, Loss, MSE, RMSE, MAE: 0.06144, 0.06144, 0.24573, 0.14862
INFO | Time spent: 2.74s
INFO | - Epoch 071, ExpID 84535
INFO | Train - Loss (one batch): 0.00178
INFO | Val - Loss, MSE, RMSE, MAE: 0.00270, 0.00270, 0.05125, 0.03121
INFO | Test - Best epoch 65, Loss, MSE, RMSE, MAE: 0.06144, 0.06144, 0.24573, 0.14862
INFO | Time spent: 2.72s
INFO | - Epoch 072, ExpID 84535
INFO | Train - Loss (one batch): 0.00247
INFO | Val - Loss, MSE, RMSE, MAE: 0.00272, 0.00272, 0.05142, 0.03188
INFO | Test - Best epoch 65, Loss, MSE, RMSE, MAE: 0.06144, 0.06144, 0.24573, 0.14862
INFO | Time spent: 2.72s
INFO | - Epoch 073, ExpID 84535
INFO | Train - Loss (one batch): 0.00250
INFO | Val - Loss, MSE, RMSE, MAE: 0.00266, 0.00266, 0.05083, 0.03096
INFO | Test - Best epoch 73, Loss, MSE, RMSE, MAE: 0.06045, 0.06045, 0.24367, 0.14705
INFO | Time spent: 3.17s
INFO | - Epoch 074, ExpID 84535
INFO | Train - Loss (one batch): 0.00216
INFO | Val - Loss, MSE, RMSE, MAE: 0.00268, 0.00268, 0.05105, 0.03105
INFO | Test - Best epoch 73, Loss, MSE, RMSE, MAE: 0.06045, 0.06045, 0.24367, 0.14705
INFO | Time spent: 2.77s
INFO | - Epoch 075, ExpID 84535
INFO | Train - Loss (one batch): 0.00226
INFO | Val - Loss, MSE, RMSE, MAE: 0.00271, 0.00271, 0.05136, 0.03170
INFO | Test - Best epoch 73, Loss, MSE, RMSE, MAE: 0.06045, 0.06045, 0.24367, 0.14705
INFO | Time spent: 2.72s
INFO | - Epoch 076, ExpID 84535
INFO | Train - Loss (one batch): 0.00226
INFO | Val - Loss, MSE, RMSE, MAE: 0.00271, 0.00271, 0.05138, 0.03182
INFO | Test - Best epoch 73, Loss, MSE, RMSE, MAE: 0.06045, 0.06045, 0.24367, 0.14705
INFO | Time spent: 2.72s
INFO | - Epoch 077, ExpID 84535
INFO | Train - Loss (one batch): 0.00262
INFO | Val - Loss, MSE, RMSE, MAE: 0.00287, 0.00287, 0.05289, 0.03386
INFO | Test - Best epoch 73, Loss, MSE, RMSE, MAE: 0.06045, 0.06045, 0.24367, 0.14705
INFO | Time spent: 2.72s
INFO | - Epoch 078, ExpID 84535
INFO | Train - Loss (one batch): 0.00263
INFO | Val - Loss, MSE, RMSE, MAE: 0.00273, 0.00273, 0.05156, 0.03158
INFO | Test - Best epoch 73, Loss, MSE, RMSE, MAE: 0.06045, 0.06045, 0.24367, 0.14705
INFO | Time spent: 2.73s
INFO | - Epoch 079, ExpID 84535
INFO | Train - Loss (one batch): 0.00229
INFO | Val - Loss, MSE, RMSE, MAE: 0.00271, 0.00271, 0.05137, 0.03133
INFO | Test - Best epoch 73, Loss, MSE, RMSE, MAE: 0.06045, 0.06045, 0.24367, 0.14705
INFO | Time spent: 2.73s
INFO | - Epoch 080, ExpID 84535
INFO | Train - Loss (one batch): 0.00244
INFO | Val - Loss, MSE, RMSE, MAE: 0.00275, 0.00275, 0.05176, 0.03208
INFO | Test - Best epoch 73, Loss, MSE, RMSE, MAE: 0.06045, 0.06045, 0.24367, 0.14705
INFO | Time spent: 2.72s
INFO | - Epoch 081, ExpID 84535
INFO | Train - Loss (one batch): 0.00263
INFO | Val - Loss, MSE, RMSE, MAE: 0.00275, 0.00275, 0.05175, 0.03236
INFO | Test - Best epoch 73, Loss, MSE, RMSE, MAE: 0.06045, 0.06045, 0.24367, 0.14705
INFO | Time spent: 2.73s
INFO | - Epoch 082, ExpID 84535
INFO | Train - Loss (one batch): 0.00236
INFO | Val - Loss, MSE, RMSE, MAE: 0.00267, 0.00267, 0.05095, 0.03099
INFO | Test - Best epoch 73, Loss, MSE, RMSE, MAE: 0.06045, 0.06045, 0.24367, 0.14705
INFO | Time spent: 2.71s
INFO | - Epoch 083, ExpID 84535
INFO | Train - Loss (one batch): 0.00180
INFO | Val - Loss, MSE, RMSE, MAE: 0.00282, 0.00282, 0.05243, 0.03285
INFO | Test - Best epoch 73, Loss, MSE, RMSE, MAE: 0.06045, 0.06045, 0.24367, 0.14705
INFO | Time spent: 2.72s
INFO | - Epoch 084, ExpID 84535
INFO | Train - Loss (one batch): 0.00270
INFO | Val - Loss, MSE, RMSE, MAE: 0.00267, 0.00267, 0.05096, 0.03087
INFO | Test - Best epoch 73, Loss, MSE, RMSE, MAE: 0.06045, 0.06045, 0.24367, 0.14705
INFO | Time spent: 2.73s
INFO | - Epoch 085, ExpID 84535
INFO | Train - Loss (one batch): 0.00280
INFO | Val - Loss, MSE, RMSE, MAE: 0.00285, 0.00285, 0.05271, 0.03383
INFO | Test - Best epoch 73, Loss, MSE, RMSE, MAE: 0.06045, 0.06045, 0.24367, 0.14705
INFO | Time spent: 2.73s
INFO | - Epoch 086, ExpID 84535
INFO | Train - Loss (one batch): 0.00166
INFO | Val - Loss, MSE, RMSE, MAE: 0.00272, 0.00272, 0.05146, 0.03181
INFO | Test - Best epoch 73, Loss, MSE, RMSE, MAE: 0.06045, 0.06045, 0.24367, 0.14705
INFO | Time spent: 2.73s
INFO | - Epoch 087, ExpID 84535
INFO | Train - Loss (one batch): 0.00184
INFO | Val - Loss, MSE, RMSE, MAE: 0.00270, 0.00270, 0.05126, 0.03161
INFO | Test - Best epoch 73, Loss, MSE, RMSE, MAE: 0.06045, 0.06045, 0.24367, 0.14705
INFO | Time spent: 2.72s
INFO | - Epoch 088, ExpID 84535
INFO | Train - Loss (one batch): 0.00225
INFO | Val - Loss, MSE, RMSE, MAE: 0.00275, 0.00275, 0.05180, 0.03279
INFO | Test - Best epoch 73, Loss, MSE, RMSE, MAE: 0.06045, 0.06045, 0.24367, 0.14705
INFO | Time spent: 2.73s
INFO | - Epoch 089, ExpID 84535
INFO | Train - Loss (one batch): 0.00270
INFO | Val - Loss, MSE, RMSE, MAE: 0.00268, 0.00268, 0.05107, 0.03106
INFO | Test - Best epoch 73, Loss, MSE, RMSE, MAE: 0.06045, 0.06045, 0.24367, 0.14705
INFO | Time spent: 2.73s
INFO | - Epoch 090, ExpID 84535
INFO | Train - Loss (one batch): 0.00252
INFO | Val - Loss, MSE, RMSE, MAE: 0.00291, 0.00291, 0.05328, 0.03453
INFO | Test - Best epoch 73, Loss, MSE, RMSE, MAE: 0.06045, 0.06045, 0.24367, 0.14705
INFO | Time spent: 2.73s
INFO | - Epoch 091, ExpID 84535
INFO | Train - Loss (one batch): 0.00192
INFO | Val - Loss, MSE, RMSE, MAE: 0.00270, 0.00270, 0.05121, 0.03115
INFO | Test - Best epoch 73, Loss, MSE, RMSE, MAE: 0.06045, 0.06045, 0.24367, 0.14705
INFO | Time spent: 2.72s
INFO | - Epoch 092, ExpID 84535
INFO | Train - Loss (one batch): 0.00308
INFO | Val - Loss, MSE, RMSE, MAE: 0.00276, 0.00276, 0.05182, 0.03226
INFO | Test - Best epoch 73, Loss, MSE, RMSE, MAE: 0.06045, 0.06045, 0.24367, 0.14705
INFO | Time spent: 2.81s
INFO | - Epoch 093, ExpID 84535
INFO | Train - Loss (one batch): 0.00183
INFO | Val - Loss, MSE, RMSE, MAE: 0.00272, 0.00272, 0.05145, 0.03142
INFO | Test - Best epoch 73, Loss, MSE, RMSE, MAE: 0.06045, 0.06045, 0.24367, 0.14705
INFO | Time spent: 2.74s
INFO | - Epoch 094, ExpID 84535
INFO | Train - Loss (one batch): 0.00192
INFO | Val - Loss, MSE, RMSE, MAE: 0.00289, 0.00289, 0.05319, 0.03453
INFO | Test - Best epoch 73, Loss, MSE, RMSE, MAE: 0.06045, 0.06045, 0.24367, 0.14705
INFO | Time spent: 2.72s
INFO | - Epoch 095, ExpID 84535
INFO | Train - Loss (one batch): 0.00229
INFO | Val - Loss, MSE, RMSE, MAE: 0.00279, 0.00279, 0.05212, 0.03204
INFO | Test - Best epoch 73, Loss, MSE, RMSE, MAE: 0.06045, 0.06045, 0.24367, 0.14705
INFO | Time spent: 2.74s
INFO | - Epoch 096, ExpID 84535
INFO | Train - Loss (one batch): 0.00244
INFO | Val - Loss, MSE, RMSE, MAE: 0.00271, 0.00271, 0.05130, 0.03136
INFO | Test - Best epoch 73, Loss, MSE, RMSE, MAE: 0.06045, 0.06045, 0.24367, 0.14705
INFO | Time spent: 2.74s
INFO | - Epoch 097, ExpID 84535
INFO | Train - Loss (one batch): 0.00271
INFO | Val - Loss, MSE, RMSE, MAE: 0.00269, 0.00269, 0.05113, 0.03107
INFO | Test - Best epoch 73, Loss, MSE, RMSE, MAE: 0.06045, 0.06045, 0.24367, 0.14705
INFO | Time spent: 2.74s
INFO | - Epoch 098, ExpID 84535
INFO | Train - Loss (one batch): 0.00245
INFO | Val - Loss, MSE, RMSE, MAE: 0.00270, 0.00270, 0.05126, 0.03110
INFO | Test - Best epoch 73, Loss, MSE, RMSE, MAE: 0.06045, 0.06045, 0.24367, 0.14705
INFO | Time spent: 2.72s
INFO | - Epoch 099, ExpID 84535
INFO | Train - Loss (one batch): 0.00163
INFO | Val - Loss, MSE, RMSE, MAE: 0.00274, 0.00274, 0.05162, 0.03171
INFO | Test - Best epoch 73, Loss, MSE, RMSE, MAE: 0.06045, 0.06045, 0.24367, 0.14705
INFO | Time spent: 2.75s
INFO | - Epoch 100, ExpID 84535
INFO | Train - Loss (one batch): 0.00224
INFO | Val - Loss, MSE, RMSE, MAE: 0.00276, 0.00276, 0.05183, 0.03245
INFO | Test - Best epoch 73, Loss, MSE, RMSE, MAE: 0.06045, 0.06045, 0.24367, 0.14705
INFO | Time spent: 2.71s
INFO | - Epoch 101, ExpID 84535
INFO | Train - Loss (one batch): 0.00319
INFO | Val - Loss, MSE, RMSE, MAE: 0.00277, 0.00277, 0.05201, 0.03233
INFO | Test - Best epoch 73, Loss, MSE, RMSE, MAE: 0.06045, 0.06045, 0.24367, 0.14705
INFO | Time spent: 2.72s
INFO | - Epoch 102, ExpID 84535
INFO | Train - Loss (one batch): 0.00310
INFO | Val - Loss, MSE, RMSE, MAE: 0.00269, 0.00269, 0.05108, 0.03108
INFO | Test - Best epoch 73, Loss, MSE, RMSE, MAE: 0.06045, 0.06045, 0.24367, 0.14705
INFO | Time spent: 2.73s
INFO | - Epoch 103, ExpID 84535
INFO | Train - Loss (one batch): 0.00232
INFO | Val - Loss, MSE, RMSE, MAE: 0.00279, 0.00279, 0.05218, 0.03323
INFO | Test - Best epoch 73, Loss, MSE, RMSE, MAE: 0.06045, 0.06045, 0.24367, 0.14705
INFO | Time spent: 2.72s
INFO | - Epoch 104, ExpID 84535
INFO | Train - Loss (one batch): 0.00221
INFO | Val - Loss, MSE, RMSE, MAE: 0.00271, 0.00271, 0.05140, 0.03151
INFO | Test - Best epoch 73, Loss, MSE, RMSE, MAE: 0.06045, 0.06045, 0.24367, 0.14705
INFO | Time spent: 2.73s
INFO | - Epoch 105, ExpID 84535
INFO | Train - Loss (one batch): 0.00315
INFO | Val - Loss, MSE, RMSE, MAE: 0.00269, 0.00269, 0.05111, 0.03099
INFO | Test - Best epoch 73, Loss, MSE, RMSE, MAE: 0.06045, 0.06045, 0.24367, 0.14705
INFO | Time spent: 2.73s
INFO | - Epoch 106, ExpID 84535
INFO | Train - Loss (one batch): 0.00248
INFO | Val - Loss, MSE, RMSE, MAE: 0.00271, 0.00271, 0.05130, 0.03145
INFO | Test - Best epoch 73, Loss, MSE, RMSE, MAE: 0.06045, 0.06045, 0.24367, 0.14705
INFO | Time spent: 2.73s
INFO | - Epoch 107, ExpID 84535
INFO | Train - Loss (one batch): 0.00212
INFO | Val - Loss, MSE, RMSE, MAE: 0.00271, 0.00271, 0.05128, 0.03111
INFO | Test - Best epoch 73, Loss, MSE, RMSE, MAE: 0.06045, 0.06045, 0.24367, 0.14705
INFO | Time spent: 2.72s
INFO | - Epoch 108, ExpID 84535
INFO | Train - Loss (one batch): 0.00227
INFO | Val - Loss, MSE, RMSE, MAE: 0.00272, 0.00272, 0.05139, 0.03126
INFO | Test - Best epoch 73, Loss, MSE, RMSE, MAE: 0.06045, 0.06045, 0.24367, 0.14705
INFO | Time spent: 2.72s
INFO | - Epoch 109, ExpID 84535
INFO | Train - Loss (one batch): 0.00260
INFO | Val - Loss, MSE, RMSE, MAE: 0.00270, 0.00270, 0.05127, 0.03117
INFO | Test - Best epoch 73, Loss, MSE, RMSE, MAE: 0.06045, 0.06045, 0.24367, 0.14705
INFO | Time spent: 2.73s
INFO | - Epoch 110, ExpID 84535
INFO | Train - Loss (one batch): 0.00198
INFO | Val - Loss, MSE, RMSE, MAE: 0.00270, 0.00270, 0.05121, 0.03118
INFO | Test - Best epoch 73, Loss, MSE, RMSE, MAE: 0.06045, 0.06045, 0.24367, 0.14705
INFO | Time spent: 2.74s
INFO | - Epoch 111, ExpID 84535
INFO | Train - Loss (one batch): 0.00198
INFO | Val - Loss, MSE, RMSE, MAE: 0.00282, 0.00282, 0.05245, 0.03337
INFO | Test - Best epoch 73, Loss, MSE, RMSE, MAE: 0.06045, 0.06045, 0.24367, 0.14705
INFO | Time spent: 2.72s
INFO | - Epoch 112, ExpID 84535
INFO | Train - Loss (one batch): 0.00220
INFO | Val - Loss, MSE, RMSE, MAE: 0.00271, 0.00271, 0.05129, 0.03136
INFO | Test - Best epoch 73, Loss, MSE, RMSE, MAE: 0.06045, 0.06045, 0.24367, 0.14705
INFO | Time spent: 2.72s
INFO | - Epoch 113, ExpID 84535
INFO | Train - Loss (one batch): 0.00207
INFO | Val - Loss, MSE, RMSE, MAE: 0.00268, 0.00268, 0.05105, 0.03080
INFO | Test - Best epoch 73, Loss, MSE, RMSE, MAE: 0.06045, 0.06045, 0.24367, 0.14705
INFO | Time spent: 2.73s
INFO | - Epoch 114, ExpID 84535
INFO | Train - Loss (one batch): 0.00256
INFO | Val - Loss, MSE, RMSE, MAE: 0.00271, 0.00271, 0.05128, 0.03120
INFO | Test - Best epoch 73, Loss, MSE, RMSE, MAE: 0.06045, 0.06045, 0.24367, 0.14705
INFO | Time spent: 2.72s
INFO | - Epoch 115, ExpID 84535
INFO | Train - Loss (one batch): 0.00272
INFO | Val - Loss, MSE, RMSE, MAE: 0.00274, 0.00274, 0.05161, 0.03165
INFO | Test - Best epoch 73, Loss, MSE, RMSE, MAE: 0.06045, 0.06045, 0.24367, 0.14705
INFO | Time spent: 2.74s
INFO | - Epoch 116, ExpID 84535
INFO | Train - Loss (one batch): 0.00203
INFO | Val - Loss, MSE, RMSE, MAE: 0.00268, 0.00268, 0.05104, 0.03089
INFO | Test - Best epoch 73, Loss, MSE, RMSE, MAE: 0.06045, 0.06045, 0.24367, 0.14705
INFO | Time spent: 2.73s
INFO | - Epoch 117, ExpID 84535
INFO | Train - Loss (one batch): 0.00303
INFO | Val - Loss, MSE, RMSE, MAE: 0.00272, 0.00272, 0.05143, 0.03187
INFO | Test - Best epoch 73, Loss, MSE, RMSE, MAE: 0.06045, 0.06045, 0.24367, 0.14705
INFO | Time spent: 2.74s
INFO | - Epoch 118, ExpID 84535
INFO | Train - Loss (one batch): 0.00180
INFO | Val - Loss, MSE, RMSE, MAE: 0.00267, 0.00267, 0.05097, 0.03107
INFO | Test - Best epoch 73, Loss, MSE, RMSE, MAE: 0.06045, 0.06045, 0.24367, 0.14705
INFO | Time spent: 2.80s
INFO | - Epoch 119, ExpID 84535
INFO | Train - Loss (one batch): 0.00231
INFO | Val - Loss, MSE, RMSE, MAE: 0.00273, 0.00273, 0.05157, 0.03140
INFO | Test - Best epoch 73, Loss, MSE, RMSE, MAE: 0.06045, 0.06045, 0.24367, 0.14705
INFO | Time spent: 2.71s
INFO | - Epoch 120, ExpID 84535
INFO | Train - Loss (one batch): 0.00277
INFO | Val - Loss, MSE, RMSE, MAE: 0.00272, 0.00272, 0.05144, 0.03176
INFO | Test - Best epoch 73, Loss, MSE, RMSE, MAE: 0.06045, 0.06045, 0.24367, 0.14705
INFO | Time spent: 2.73s
INFO | - Epoch 121, ExpID 84535
INFO | Train - Loss (one batch): 0.00217
INFO | Val - Loss, MSE, RMSE, MAE: 0.00276, 0.00276, 0.05180, 0.03184
INFO | Test - Best epoch 73, Loss, MSE, RMSE, MAE: 0.06045, 0.06045, 0.24367, 0.14705
INFO | Time spent: 2.73s
INFO | - Epoch 122, ExpID 84535
INFO | Train - Loss (one batch): 0.00251
INFO | Val - Loss, MSE, RMSE, MAE: 0.00272, 0.00272, 0.05139, 0.03145
INFO | Test - Best epoch 73, Loss, MSE, RMSE, MAE: 0.06045, 0.06045, 0.24367, 0.14705
INFO | Time spent: 2.73s
INFO | - Epoch 123, ExpID 84535
INFO | Train - Loss (one batch): 0.00214
INFO | Val - Loss, MSE, RMSE, MAE: 0.00286, 0.00286, 0.05273, 0.03322
INFO | Test - Best epoch 73, Loss, MSE, RMSE, MAE: 0.06045, 0.06045, 0.24367, 0.14705
INFO | Time spent: 2.73s
INFO | - Epoch 124, ExpID 84535
INFO | Train - Loss (one batch): 0.00203
INFO | Val - Loss, MSE, RMSE, MAE: 0.00276, 0.00276, 0.05177, 0.03208
INFO | Test - Best epoch 73, Loss, MSE, RMSE, MAE: 0.06045, 0.06045, 0.24367, 0.14705
INFO | Time spent: 2.72s
INFO | - Epoch 125, ExpID 84535
INFO | Train - Loss (one batch): 0.00164
INFO | Val - Loss, MSE, RMSE, MAE: 0.00279, 0.00279, 0.05208, 0.03227
INFO | Test - Best epoch 73, Loss, MSE, RMSE, MAE: 0.06045, 0.06045, 0.24367, 0.14705
INFO | Time spent: 2.97s
INFO | - Epoch 126, ExpID 84535
INFO | Train - Loss (one batch): 0.00248
INFO | Val - Loss, MSE, RMSE, MAE: 0.00272, 0.00272, 0.05146, 0.03158
INFO | Test - Best epoch 73, Loss, MSE, RMSE, MAE: 0.06045, 0.06045, 0.24367, 0.14705
INFO | Time spent: 2.97s
INFO | - Epoch 127, ExpID 84535
INFO | Train - Loss (one batch): 0.00199
INFO | Val - Loss, MSE, RMSE, MAE: 0.00282, 0.00282, 0.05239, 0.03262
INFO | Test - Best epoch 73, Loss, MSE, RMSE, MAE: 0.06045, 0.06045, 0.24367, 0.14705
INFO | Time spent: 2.78s
INFO | - Epoch 128, ExpID 84535
INFO | Train - Loss (one batch): 0.00242
INFO | Val - Loss, MSE, RMSE, MAE: 0.00283, 0.00283, 0.05247, 0.03302
INFO | Test - Best epoch 73, Loss, MSE, RMSE, MAE: 0.06045, 0.06045, 0.24367, 0.14705
INFO | Time spent: 2.84s
INFO | - Epoch 129, ExpID 84535
INFO | Train - Loss (one batch): 0.00212
INFO | Val - Loss, MSE, RMSE, MAE: 0.00273, 0.00273, 0.05150, 0.03140
INFO | Test - Best epoch 73, Loss, MSE, RMSE, MAE: 0.06045, 0.06045, 0.24367, 0.14705
INFO | Time spent: 2.72s
INFO | - Epoch 130, ExpID 84535
INFO | Train - Loss (one batch): 0.00212
INFO | Val - Loss, MSE, RMSE, MAE: 0.00272, 0.00272, 0.05142, 0.03152
INFO | Test - Best epoch 73, Loss, MSE, RMSE, MAE: 0.06045, 0.06045, 0.24367, 0.14705
INFO | Time spent: 2.73s
INFO | - Epoch 131, ExpID 84535
INFO | Train - Loss (one batch): 0.00190
INFO | Val - Loss, MSE, RMSE, MAE: 0.00274, 0.00274, 0.05163, 0.03205
INFO | Test - Best epoch 73, Loss, MSE, RMSE, MAE: 0.06045, 0.06045, 0.24367, 0.14705
INFO | Time spent: 2.72s
INFO | - Epoch 132, ExpID 84535
INFO | Train - Loss (one batch): 0.00278
INFO | Val - Loss, MSE, RMSE, MAE: 0.00273, 0.00273, 0.05157, 0.03173
INFO | Test - Best epoch 73, Loss, MSE, RMSE, MAE: 0.06045, 0.06045, 0.24367, 0.14705
INFO | Time spent: 2.74s
INFO | - Epoch 133, ExpID 84535
INFO | Train - Loss (one batch): 0.00278
INFO | Val - Loss, MSE, RMSE, MAE: 0.00273, 0.00273, 0.05154, 0.03172
INFO | Test - Best epoch 73, Loss, MSE, RMSE, MAE: 0.06045, 0.06045, 0.24367, 0.14705
INFO | Time spent: 2.73s
INFO | - Epoch 134, ExpID 84535
INFO | Train - Loss (one batch): 0.00190
INFO | Val - Loss, MSE, RMSE, MAE: 0.00269, 0.00269, 0.05109, 0.03091
INFO | Test - Best epoch 73, Loss, MSE, RMSE, MAE: 0.06045, 0.06045, 0.24367, 0.14705
INFO | Time spent: 2.73s
INFO | - Epoch 135, ExpID 84535
INFO | Train - Loss (one batch): 0.00256
INFO | Val - Loss, MSE, RMSE, MAE: 0.00274, 0.00274, 0.05161, 0.03196
INFO | Test - Best epoch 73, Loss, MSE, RMSE, MAE: 0.06045, 0.06045, 0.24367, 0.14705
INFO | Time spent: 2.97s
INFO | - Epoch 136, ExpID 84535
INFO | Train - Loss (one batch): 0.00200
INFO | Val - Loss, MSE, RMSE, MAE: 0.00274, 0.00274, 0.05161, 0.03130
INFO | Test - Best epoch 73, Loss, MSE, RMSE, MAE: 0.06045, 0.06045, 0.24367, 0.14705
INFO | Time spent: 2.72s
INFO | - Epoch 137, ExpID 84535
INFO | Train - Loss (one batch): 0.00255
INFO | Val - Loss, MSE, RMSE, MAE: 0.00272, 0.00272, 0.05137, 0.03132
INFO | Test - Best epoch 73, Loss, MSE, RMSE, MAE: 0.06045, 0.06045, 0.24367, 0.14705
INFO | Time spent: 2.73s
INFO | - Epoch 138, ExpID 84535
INFO | Train - Loss (one batch): 0.00247
INFO | Val - Loss, MSE, RMSE, MAE: 0.00285, 0.00285, 0.05260, 0.03283
INFO | Test - Best epoch 73, Loss, MSE, RMSE, MAE: 0.06045, 0.06045, 0.24367, 0.14705
INFO | Time spent: 2.95s
INFO | - Epoch 139, ExpID 84535
INFO | Train - Loss (one batch): 0.00153
INFO | Val - Loss, MSE, RMSE, MAE: 0.00273, 0.00273, 0.05147, 0.03145
INFO | Test - Best epoch 73, Loss, MSE, RMSE, MAE: 0.06045, 0.06045, 0.24367, 0.14705
INFO | Time spent: 2.74s
INFO | - Epoch 140, ExpID 84535
INFO | Train - Loss (one batch): 0.00319
INFO | Val - Loss, MSE, RMSE, MAE: 0.00295, 0.00295, 0.05362, 0.03363
INFO | Test - Best epoch 73, Loss, MSE, RMSE, MAE: 0.06045, 0.06045, 0.24367, 0.14705
INFO | Time spent: 2.73s
INFO | - Epoch 141, ExpID 84535
INFO | Train - Loss (one batch): 0.00196
INFO | Val - Loss, MSE, RMSE, MAE: 0.00274, 0.00274, 0.05154, 0.03137
INFO | Test - Best epoch 73, Loss, MSE, RMSE, MAE: 0.06045, 0.06045, 0.24367, 0.14705
INFO | Time spent: 2.74s
INFO | - Epoch 142, ExpID 84535
INFO | Train - Loss (one batch): 0.00221
INFO | Val - Loss, MSE, RMSE, MAE: 0.00294, 0.00294, 0.05356, 0.03490
INFO | Test - Best epoch 73, Loss, MSE, RMSE, MAE: 0.06045, 0.06045, 0.24367, 0.14705
INFO | Time spent: 2.73s
INFO | - Epoch 143, ExpID 84535
INFO | Train - Loss (one batch): 0.00278
INFO | Val - Loss, MSE, RMSE, MAE: 0.00287, 0.00287, 0.05279, 0.03292
INFO | Test - Best epoch 73, Loss, MSE, RMSE, MAE: 0.06045, 0.06045, 0.24367, 0.14705
INFO | Time spent: 2.72s
INFO | - Epoch 144, ExpID 84535
INFO | Train - Loss (one batch): 0.00212
INFO | Val - Loss, MSE, RMSE, MAE: 0.00279, 0.00279, 0.05202, 0.03223
INFO | Test - Best epoch 73, Loss, MSE, RMSE, MAE: 0.06045, 0.06045, 0.24367, 0.14705
INFO | Time spent: 2.73s
INFO | - Epoch 145, ExpID 84535
INFO | Train - Loss (one batch): 0.00199
INFO | Val - Loss, MSE, RMSE, MAE: 0.00273, 0.00273, 0.05153, 0.03146
INFO | Test - Best epoch 73, Loss, MSE, RMSE, MAE: 0.06045, 0.06045, 0.24367, 0.14705
INFO | Time spent: 2.74s
INFO | - Epoch 146, ExpID 84535
INFO | Train - Loss (one batch): 0.00215
INFO | Val - Loss, MSE, RMSE, MAE: 0.00279, 0.00279, 0.05204, 0.03235
INFO | Test - Best epoch 73, Loss, MSE, RMSE, MAE: 0.06045, 0.06045, 0.24367, 0.14705
INFO | Time spent: 2.74s
INFO | - Epoch 147, ExpID 84535
INFO | Train - Loss (one batch): 0.00200
INFO | Val - Loss, MSE, RMSE, MAE: 0.00273, 0.00273, 0.05149, 0.03135
INFO | Test - Best epoch 73, Loss, MSE, RMSE, MAE: 0.06045, 0.06045, 0.24367, 0.14705
INFO | Time spent: 2.74s
INFO | - Epoch 148, ExpID 84535
INFO | Train - Loss (one batch): 0.00190
INFO | Val - Loss, MSE, RMSE, MAE: 0.00272, 0.00272, 0.05137, 0.03106
INFO | Test - Best epoch 73, Loss, MSE, RMSE, MAE: 0.06045, 0.06045, 0.24367, 0.14705
INFO | Time spent: 2.73s
INFO | - Epoch 149, ExpID 84535
INFO | Train - Loss (one batch): 0.00218
INFO | Val - Loss, MSE, RMSE, MAE: 0.00278, 0.00278, 0.05199, 0.03221
INFO | Test - Best epoch 73, Loss, MSE, RMSE, MAE: 0.06045, 0.06045, 0.24367, 0.14705
INFO | Time spent: 2.73s
INFO | - Epoch 150, ExpID 84535
INFO | Train - Loss (one batch): 0.00197
INFO | Val - Loss, MSE, RMSE, MAE: 0.00275, 0.00275, 0.05172, 0.03137
INFO | Test - Best epoch 73, Loss, MSE, RMSE, MAE: 0.06045, 0.06045, 0.24367, 0.14705
INFO | Time spent: 2.74s
INFO | - Epoch 151, ExpID 84535
INFO | Train - Loss (one batch): 0.00197
INFO | Val - Loss, MSE, RMSE, MAE: 0.00275, 0.00275, 0.05158, 0.03135
INFO | Test - Best epoch 73, Loss, MSE, RMSE, MAE: 0.06045, 0.06045, 0.24367, 0.14705
INFO | Time spent: 2.73s
INFO | - Epoch 152, ExpID 84535
INFO | Train - Loss (one batch): 0.00196
INFO | Val - Loss, MSE, RMSE, MAE: 0.00275, 0.00275, 0.05176, 0.03206
INFO | Test - Best epoch 73, Loss, MSE, RMSE, MAE: 0.06045, 0.06045, 0.24367, 0.14705
INFO | Time spent: 2.74s
INFO | - Epoch 153, ExpID 84535
INFO | Train - Loss (one batch): 0.00238
INFO | Val - Loss, MSE, RMSE, MAE: 0.00271, 0.00271, 0.05133, 0.03109
INFO | Test - Best epoch 73, Loss, MSE, RMSE, MAE: 0.06045, 0.06045, 0.24367, 0.14705
INFO | Time spent: 2.74s
INFO | - Epoch 154, ExpID 84535
INFO | Train - Loss (one batch): 0.00174
INFO | Val - Loss, MSE, RMSE, MAE: 0.00281, 0.00281, 0.05231, 0.03238
INFO | Test - Best epoch 73, Loss, MSE, RMSE, MAE: 0.06045, 0.06045, 0.24367, 0.14705
INFO | Time spent: 2.79s
INFO | - Epoch 155, ExpID 84535
INFO | Train - Loss (one batch): 0.00246
INFO | Val - Loss, MSE, RMSE, MAE: 0.00274, 0.00274, 0.05154, 0.03109
INFO | Test - Best epoch 73, Loss, MSE, RMSE, MAE: 0.06045, 0.06045, 0.24367, 0.14705
INFO | Time spent: 2.76s
INFO | - Epoch 156, ExpID 84535
INFO | Train - Loss (one batch): 0.00238
INFO | Val - Loss, MSE, RMSE, MAE: 0.00281, 0.00281, 0.05224, 0.03219
INFO | Test - Best epoch 73, Loss, MSE, RMSE, MAE: 0.06045, 0.06045, 0.24367, 0.14705
INFO | Time spent: 2.74s
INFO | - Epoch 157, ExpID 84535
INFO | Train - Loss (one batch): 0.00273
INFO | Val - Loss, MSE, RMSE, MAE: 0.00273, 0.00273, 0.05146, 0.03132
INFO | Test - Best epoch 73, Loss, MSE, RMSE, MAE: 0.06045, 0.06045, 0.24367, 0.14705
INFO | Time spent: 2.75s
INFO | - Epoch 158, ExpID 84535
INFO | Train - Loss (one batch): 0.00205
INFO | Val - Loss, MSE, RMSE, MAE: 0.00278, 0.00278, 0.05190, 0.03159
INFO | Test - Best epoch 73, Loss, MSE, RMSE, MAE: 0.06045, 0.06045, 0.24367, 0.14705
INFO | Time spent: 2.74s
INFO | - Epoch 159, ExpID 84535
INFO | Train - Loss (one batch): 0.00146
INFO | Val - Loss, MSE, RMSE, MAE: 0.00288, 0.00288, 0.05288, 0.03334
INFO | Test - Best epoch 73, Loss, MSE, RMSE, MAE: 0.06045, 0.06045, 0.24367, 0.14705
INFO | Time spent: 2.74s
INFO | - Epoch 160, ExpID 84535
INFO | Train - Loss (one batch): 0.00219
INFO | Val - Loss, MSE, RMSE, MAE: 0.00274, 0.00274, 0.05158, 0.03119
INFO | Test - Best epoch 73, Loss, MSE, RMSE, MAE: 0.06045, 0.06045, 0.24367, 0.14705
INFO | Time spent: 2.75s
INFO | - Epoch 161, ExpID 84535
INFO | Train - Loss (one batch): 0.00208
INFO | Val - Loss, MSE, RMSE, MAE: 0.00278, 0.00278, 0.05191, 0.03155
INFO | Test - Best epoch 73, Loss, MSE, RMSE, MAE: 0.06045, 0.06045, 0.24367, 0.14705
INFO | Time spent: 2.74s
INFO | - Epoch 162, ExpID 84535
INFO | Train - Loss (one batch): 0.00220
INFO | Val - Loss, MSE, RMSE, MAE: 0.00270, 0.00270, 0.05120, 0.03090
INFO | Test - Best epoch 73, Loss, MSE, RMSE, MAE: 0.06045, 0.06045, 0.24367, 0.14705
INFO | Time spent: 2.74s
INFO | - Epoch 163, ExpID 84535
INFO | Train - Loss (one batch): 0.00181
INFO | Val - Loss, MSE, RMSE, MAE: 0.00276, 0.00276, 0.05182, 0.03175
INFO | Test - Best epoch 73, Loss, MSE, RMSE, MAE: 0.06045, 0.06045, 0.24367, 0.14705
INFO | Time spent: 2.73s
INFO | - Epoch 164, ExpID 84535
INFO | Train - Loss (one batch): 0.00175
INFO | Val - Loss, MSE, RMSE, MAE: 0.00278, 0.00278, 0.05203, 0.03249
INFO | Test - Best epoch 73, Loss, MSE, RMSE, MAE: 0.06045, 0.06045, 0.24367, 0.14705
INFO | Time spent: 2.75s
INFO | - Epoch 165, ExpID 84535
INFO | Train - Loss (one batch): 0.00202
INFO | Val - Loss, MSE, RMSE, MAE: 0.00278, 0.00278, 0.05191, 0.03157
INFO | Test - Best epoch 73, Loss, MSE, RMSE, MAE: 0.06045, 0.06045, 0.24367, 0.14705
INFO | Time spent: 2.75s
INFO | - Epoch 166, ExpID 84535
INFO | Train - Loss (one batch): 0.00212
INFO | Val - Loss, MSE, RMSE, MAE: 0.00272, 0.00272, 0.05135, 0.03162
INFO | Test - Best epoch 73, Loss, MSE, RMSE, MAE: 0.06045, 0.06045, 0.24367, 0.14705
INFO | Time spent: 2.99s
INFO | - Epoch 167, ExpID 84535
INFO | Train - Loss (one batch): 0.00257
INFO | Val - Loss, MSE, RMSE, MAE: 0.00274, 0.00274, 0.05152, 0.03134
INFO | Test - Best epoch 73, Loss, MSE, RMSE, MAE: 0.06045, 0.06045, 0.24367, 0.14705
INFO | Time spent: 2.79s
INFO | - Epoch 168, ExpID 84535
INFO | Train - Loss (one batch): 0.00206
INFO | Val - Loss, MSE, RMSE, MAE: 0.00274, 0.00274, 0.05155, 0.03113
INFO | Test - Best epoch 73, Loss, MSE, RMSE, MAE: 0.06045, 0.06045, 0.24367, 0.14705
INFO | Time spent: 2.75s
INFO | - Epoch 169, ExpID 84535
INFO | Train - Loss (one batch): 0.00262
INFO | Val - Loss, MSE, RMSE, MAE: 0.00284, 0.00284, 0.05255, 0.03254
INFO | Test - Best epoch 73, Loss, MSE, RMSE, MAE: 0.06045, 0.06045, 0.24367, 0.14705
INFO | Time spent: 2.75s
INFO | - Epoch 170, ExpID 84535
INFO | Train - Loss (one batch): 0.00173
INFO | Val - Loss, MSE, RMSE, MAE: 0.00274, 0.00274, 0.05160, 0.03151
INFO | Test - Best epoch 73, Loss, MSE, RMSE, MAE: 0.06045, 0.06045, 0.24367, 0.14705
INFO | Time spent: 2.73s
INFO | - Epoch 171, ExpID 84535
INFO | Train - Loss (one batch): 0.00171
INFO | Val - Loss, MSE, RMSE, MAE: 0.00282, 0.00282, 0.05236, 0.03206
INFO | Test - Best epoch 73, Loss, MSE, RMSE, MAE: 0.06045, 0.06045, 0.24367, 0.14705
INFO | Time spent: 2.74s
INFO | - Epoch 172, ExpID 84535
INFO | Train - Loss (one batch): 0.00174
INFO | Val - Loss, MSE, RMSE, MAE: 0.00273, 0.00273, 0.05154, 0.03153
INFO | Test - Best epoch 73, Loss, MSE, RMSE, MAE: 0.06045, 0.06045, 0.24367, 0.14705
INFO | Time spent: 2.72s
INFO | - Epoch 173, ExpID 84535
INFO | Train - Loss (one batch): 0.00212
INFO | Val - Loss, MSE, RMSE, MAE: 0.00282, 0.00282, 0.05240, 0.03283
INFO | Test - Best epoch 73, Loss, MSE, RMSE, MAE: 0.06045, 0.06045, 0.24367, 0.14705
INFO | Time spent: 2.73s
INFO | - Epoch 174, ExpID 84535
INFO | Train - Loss (one batch): 0.00183
INFO | Val - Loss, MSE, RMSE, MAE: 0.00279, 0.00279, 0.05209, 0.03178
INFO | Test - Best epoch 73, Loss, MSE, RMSE, MAE: 0.06045, 0.06045, 0.24367, 0.14705
INFO | Time spent: 2.72s
INFO | - Epoch 175, ExpID 84535
INFO | Train - Loss (one batch): 0.00208
INFO | Val - Loss, MSE, RMSE, MAE: 0.00274, 0.00274, 0.05163, 0.03146
INFO | Test - Best epoch 73, Loss, MSE, RMSE, MAE: 0.06045, 0.06045, 0.24367, 0.14705
INFO | Time spent: 2.74s
INFO | - Epoch 176, ExpID 84535
INFO | Train - Loss (one batch): 0.00220
INFO | Val - Loss, MSE, RMSE, MAE: 0.00277, 0.00277, 0.05186, 0.03144
INFO | Test - Best epoch 73, Loss, MSE, RMSE, MAE: 0.06045, 0.06045, 0.24367, 0.14705
INFO | Time spent: 2.89s
INFO | - Epoch 177, ExpID 84535
INFO | Train - Loss (one batch): 0.00220
INFO | Val - Loss, MSE, RMSE, MAE: 0.00274, 0.00274, 0.05156, 0.03141
INFO | Test - Best epoch 73, Loss, MSE, RMSE, MAE: 0.06045, 0.06045, 0.24367, 0.14705
INFO | Time spent: 2.72s
INFO | - Epoch 178, ExpID 84535
INFO | Train - Loss (one batch): 0.00159
INFO | Val - Loss, MSE, RMSE, MAE: 0.00278, 0.00278, 0.05191, 0.03153
INFO | Test - Best epoch 73, Loss, MSE, RMSE, MAE: 0.06045, 0.06045, 0.24367, 0.14705
INFO | Time spent: 2.73s
INFO | - Epoch 179, ExpID 84535
INFO | Train - Loss (one batch): 0.00274
INFO | Val - Loss, MSE, RMSE, MAE: 0.00283, 0.00283, 0.05247, 0.03238
INFO | Test - Best epoch 73, Loss, MSE, RMSE, MAE: 0.06045, 0.06045, 0.24367, 0.14705
INFO | Time spent: 2.91s
INFO | - Epoch 180, ExpID 84535
INFO | Train - Loss (one batch): 0.00190
INFO | Val - Loss, MSE, RMSE, MAE: 0.00287, 0.00287, 0.05281, 0.03282
INFO | Test - Best epoch 73, Loss, MSE, RMSE, MAE: 0.06045, 0.06045, 0.24367, 0.14705
INFO | Time spent: 2.73s
INFO | - Epoch 181, ExpID 84535
INFO | Train - Loss (one batch): 0.00211
INFO | Val - Loss, MSE, RMSE, MAE: 0.00304, 0.00304, 0.05437, 0.03552
INFO | Test - Best epoch 73, Loss, MSE, RMSE, MAE: 0.06045, 0.06045, 0.24367, 0.14705
INFO | Time spent: 2.72s
INFO | - Epoch 182, ExpID 84535
INFO | Train - Loss (one batch): 0.00246
INFO | Val - Loss, MSE, RMSE, MAE: 0.00277, 0.00277, 0.05184, 0.03172
INFO | Test - Best epoch 73, Loss, MSE, RMSE, MAE: 0.06045, 0.06045, 0.24367, 0.14705
INFO | Time spent: 2.72s
INFO | - Epoch 183, ExpID 84535
INFO | Train - Loss (one batch): 0.00241
INFO | Val - Loss, MSE, RMSE, MAE: 0.00284, 0.00284, 0.05253, 0.03226
INFO | Test - Best epoch 73, Loss, MSE, RMSE, MAE: 0.06045, 0.06045, 0.24367, 0.14705
INFO | Time spent: 2.73s
INFO | - Epoch 184, ExpID 84535
INFO | Train - Loss (one batch): 0.00179
INFO | Val - Loss, MSE, RMSE, MAE: 0.00279, 0.00279, 0.05200, 0.03158
INFO | Test - Best epoch 73, Loss, MSE, RMSE, MAE: 0.06045, 0.06045, 0.24367, 0.14705
INFO | Time spent: 2.73s
INFO | - Epoch 185, ExpID 84535
INFO | Train - Loss (one batch): 0.00235
INFO | Val - Loss, MSE, RMSE, MAE: 0.00280, 0.00280, 0.05212, 0.03216
INFO | Test - Best epoch 73, Loss, MSE, RMSE, MAE: 0.06045, 0.06045, 0.24367, 0.14705
INFO | Time spent: 2.72s
INFO | - Epoch 186, ExpID 84535
INFO | Train - Loss (one batch): 0.00146
INFO | Val - Loss, MSE, RMSE, MAE: 0.00288, 0.00288, 0.05293, 0.03292
INFO | Test - Best epoch 73, Loss, MSE, RMSE, MAE: 0.06045, 0.06045, 0.24367, 0.14705
INFO | Time spent: 2.96s
INFO | - Epoch 187, ExpID 84535
INFO | Train - Loss (one batch): 0.00192
INFO | Val - Loss, MSE, RMSE, MAE: 0.00281, 0.00281, 0.05223, 0.03209
INFO | Test - Best epoch 73, Loss, MSE, RMSE, MAE: 0.06045, 0.06045, 0.24367, 0.14705
INFO | Time spent: 2.73s
INFO | - Epoch 188, ExpID 84535
INFO | Train - Loss (one batch): 0.00212
INFO | Val - Loss, MSE, RMSE, MAE: 0.00280, 0.00280, 0.05209, 0.03176
INFO | Test - Best epoch 73, Loss, MSE, RMSE, MAE: 0.06045, 0.06045, 0.24367, 0.14705
INFO | Time spent: 2.74s
INFO | - Epoch 189, ExpID 84535
INFO | Train - Loss (one batch): 0.00199
INFO | Val - Loss, MSE, RMSE, MAE: 0.00281, 0.00281, 0.05219, 0.03193
INFO | Test - Best epoch 73, Loss, MSE, RMSE, MAE: 0.06045, 0.06045, 0.24367, 0.14705
INFO | Time spent: 2.78s
INFO | - Epoch 190, ExpID 84535
INFO | Train - Loss (one batch): 0.00173
INFO | Val - Loss, MSE, RMSE, MAE: 0.00275, 0.00275, 0.05163, 0.03134
INFO | Test - Best epoch 73, Loss, MSE, RMSE, MAE: 0.06045, 0.06045, 0.24367, 0.14705
INFO | Time spent: 2.74s
INFO | - Epoch 191, ExpID 84535
INFO | Train - Loss (one batch): 0.00192
INFO | Val - Loss, MSE, RMSE, MAE: 0.00278, 0.00278, 0.05200, 0.03184
INFO | Test - Best epoch 73, Loss, MSE, RMSE, MAE: 0.06045, 0.06045, 0.24367, 0.14705
INFO | Time spent: 2.72s
INFO | - Epoch 192, ExpID 84535
INFO | Train - Loss (one batch): 0.00146
INFO | Val - Loss, MSE, RMSE, MAE: 0.00279, 0.00279, 0.05200, 0.03189
INFO | Test - Best epoch 73, Loss, MSE, RMSE, MAE: 0.06045, 0.06045, 0.24367, 0.14705
INFO | Time spent: 2.73s
INFO | - Epoch 193, ExpID 84535
INFO | Train - Loss (one batch): 0.00219
INFO | Val - Loss, MSE, RMSE, MAE: 0.00278, 0.00278, 0.05197, 0.03183
INFO | Test - Best epoch 73, Loss, MSE, RMSE, MAE: 0.06045, 0.06045, 0.24367, 0.14705
INFO | Time spent: 2.73s
INFO | - Epoch 194, ExpID 84535
INFO | Train - Loss (one batch): 0.00225
INFO | Val - Loss, MSE, RMSE, MAE: 0.00278, 0.00278, 0.05197, 0.03176
INFO | Test - Best epoch 73, Loss, MSE, RMSE, MAE: 0.06045, 0.06045, 0.24367, 0.14705
INFO | Time spent: 2.73s
INFO | - Epoch 195, ExpID 84535
INFO | Train - Loss (one batch): 0.00213
INFO | Val - Loss, MSE, RMSE, MAE: 0.00278, 0.00278, 0.05196, 0.03181
INFO | Test - Best epoch 73, Loss, MSE, RMSE, MAE: 0.06045, 0.06045, 0.24367, 0.14705
INFO | Time spent: 2.93s
INFO | - Epoch 196, ExpID 84535
INFO | Train - Loss (one batch): 0.00189
INFO | Val - Loss, MSE, RMSE, MAE: 0.00284, 0.00284, 0.05255, 0.03281
INFO | Test - Best epoch 73, Loss, MSE, RMSE, MAE: 0.06045, 0.06045, 0.24367, 0.14705
INFO | Time spent: 2.73s
INFO | - Epoch 197, ExpID 84535
INFO | Train - Loss (one batch): 0.00267
INFO | Val - Loss, MSE, RMSE, MAE: 0.00277, 0.00277, 0.05180, 0.03161
INFO | Test - Best epoch 73, Loss, MSE, RMSE, MAE: 0.06045, 0.06045, 0.24367, 0.14705
INFO | Time spent: 2.72s
INFO | - Epoch 198, ExpID 84535
INFO | Train - Loss (one batch): 0.00174
INFO | Val - Loss, MSE, RMSE, MAE: 0.00281, 0.00281, 0.05225, 0.03202
INFO | Test - Best epoch 73, Loss, MSE, RMSE, MAE: 0.06045, 0.06045, 0.24367, 0.14705
INFO | Time spent: 2.72s
INFO | - Epoch 199, ExpID 84535
INFO | Train - Loss (one batch): 0.00162
INFO | Val - Loss, MSE, RMSE, MAE: 0.00286, 0.00286, 0.05264, 0.03244
INFO | Test - Best epoch 73, Loss, MSE, RMSE, MAE: 0.06045, 0.06045, 0.24367, 0.14705
INFO | Time spent: 2.88s
INFO | - Epoch 200, ExpID 84535
INFO | Train - Loss (one batch): 0.00201
INFO | Val - Loss, MSE, RMSE, MAE: 0.00275, 0.00275, 0.05166, 0.03137
INFO | Test - Best epoch 73, Loss, MSE, RMSE, MAE: 0.06045, 0.06045, 0.24367, 0.14705
INFO | Time spent: 2.75s
INFO | - Epoch 201, ExpID 84535
INFO | Train - Loss (one batch): 0.00177
INFO | Val - Loss, MSE, RMSE, MAE: 0.00279, 0.00279, 0.05205, 0.03216
INFO | Test - Best epoch 73, Loss, MSE, RMSE, MAE: 0.06045, 0.06045, 0.24367, 0.14705
INFO | Time spent: 2.72s
INFO | - Epoch 202, ExpID 84535
INFO | Train - Loss (one batch): 0.00227
INFO | Val - Loss, MSE, RMSE, MAE: 0.00276, 0.00276, 0.05174, 0.03140
INFO | Test - Best epoch 73, Loss, MSE, RMSE, MAE: 0.06045, 0.06045, 0.24367, 0.14705
INFO | Time spent: 2.72s
INFO | - Epoch 203, ExpID 84535
INFO | Train - Loss (one batch): 0.00198
INFO | Val - Loss, MSE, RMSE, MAE: 0.00276, 0.00276, 0.05178, 0.03156
INFO | Test - Best epoch 73, Loss, MSE, RMSE, MAE: 0.06045, 0.06045, 0.24367, 0.14705
INFO | Time spent: 2.73s
INFO | - Epoch 204, ExpID 84535
INFO | Train - Loss (one batch): 0.00149
INFO | Val - Loss, MSE, RMSE, MAE: 0.00274, 0.00274, 0.05159, 0.03133
INFO | Test - Best epoch 73, Loss, MSE, RMSE, MAE: 0.06045, 0.06045, 0.24367, 0.14705
INFO | Time spent: 2.73s
INFO | - Epoch 205, ExpID 84535
INFO | Train - Loss (one batch): 0.00185
INFO | Val - Loss, MSE, RMSE, MAE: 0.00279, 0.00279, 0.05204, 0.03159
INFO | Test - Best epoch 73, Loss, MSE, RMSE, MAE: 0.06045, 0.06045, 0.24367, 0.14705
INFO | Time spent: 2.72s
INFO | - Epoch 206, ExpID 84535
INFO | Train - Loss (one batch): 0.00230
INFO | Val - Loss, MSE, RMSE, MAE: 0.00279, 0.00279, 0.05206, 0.03189
INFO | Test - Best epoch 73, Loss, MSE, RMSE, MAE: 0.06045, 0.06045, 0.24367, 0.14705
INFO | Time spent: 2.72s
INFO | - Epoch 207, ExpID 84535
INFO | Train - Loss (one batch): 0.00202
INFO | Val - Loss, MSE, RMSE, MAE: 0.00278, 0.00278, 0.05190, 0.03174
INFO | Test - Best epoch 73, Loss, MSE, RMSE, MAE: 0.06045, 0.06045, 0.24367, 0.14705
INFO | Time spent: 2.73s
INFO | - Epoch 208, ExpID 84535
INFO | Train - Loss (one batch): 0.00209
INFO | Val - Loss, MSE, RMSE, MAE: 0.00280, 0.00280, 0.05213, 0.03161
INFO | Test - Best epoch 73, Loss, MSE, RMSE, MAE: 0.06045, 0.06045, 0.24367, 0.14705
INFO | Time spent: 2.73s
INFO | - Epoch 209, ExpID 84535
INFO | Train - Loss (one batch): 0.00176
INFO | Val - Loss, MSE, RMSE, MAE: 0.00281, 0.00281, 0.05219, 0.03183
INFO | Test - Best epoch 73, Loss, MSE, RMSE, MAE: 0.06045, 0.06045, 0.24367, 0.14705
INFO | Time spent: 2.73s
INFO | - Epoch 210, ExpID 84535
INFO | Train - Loss (one batch): 0.00183
INFO | Val - Loss, MSE, RMSE, MAE: 0.00278, 0.00278, 0.05184, 0.03139
INFO | Test - Best epoch 73, Loss, MSE, RMSE, MAE: 0.06045, 0.06045, 0.24367, 0.14705
INFO | Time spent: 2.73s
INFO | - Epoch 211, ExpID 84535
INFO | Train - Loss (one batch): 0.00221
INFO | Val - Loss, MSE, RMSE, MAE: 0.00278, 0.00278, 0.05189, 0.03178
INFO | Test - Best epoch 73, Loss, MSE, RMSE, MAE: 0.06045, 0.06045, 0.24367, 0.14705
INFO | Time spent: 2.73s
INFO | - Epoch 212, ExpID 84535
INFO | Train - Loss (one batch): 0.00208
INFO | Val - Loss, MSE, RMSE, MAE: 0.00278, 0.00278, 0.05196, 0.03166
INFO | Test - Best epoch 73, Loss, MSE, RMSE, MAE: 0.06045, 0.06045, 0.24367, 0.14705
INFO | Time spent: 2.83s
INFO | - Epoch 213, ExpID 84535
INFO | Train - Loss (one batch): 0.00288
INFO | Val - Loss, MSE, RMSE, MAE: 0.00282, 0.00282, 0.05228, 0.03202
INFO | Test - Best epoch 73, Loss, MSE, RMSE, MAE: 0.06045, 0.06045, 0.24367, 0.14705
INFO | Time spent: 2.73s
INFO | - Epoch 214, ExpID 84535
INFO | Train - Loss (one batch): 0.00232
INFO | Val - Loss, MSE, RMSE, MAE: 0.00284, 0.00284, 0.05246, 0.03223
INFO | Test - Best epoch 73, Loss, MSE, RMSE, MAE: 0.06045, 0.06045, 0.24367, 0.14705
INFO | Time spent: 2.73s
INFO | - Epoch 215, ExpID 84535
INFO | Train - Loss (one batch): 0.00266
INFO | Val - Loss, MSE, RMSE, MAE: 0.00282, 0.00282, 0.05229, 0.03193
INFO | Test - Best epoch 73, Loss, MSE, RMSE, MAE: 0.06045, 0.06045, 0.24367, 0.14705
INFO | Time spent: 2.73s
INFO | - Epoch 216, ExpID 84535
INFO | Train - Loss (one batch): 0.00190
INFO | Val - Loss, MSE, RMSE, MAE: 0.00284, 0.00284, 0.05256, 0.03238
INFO | Test - Best epoch 73, Loss, MSE, RMSE, MAE: 0.06045, 0.06045, 0.24367, 0.14705
INFO | Time spent: 2.73s
INFO | - Epoch 217, ExpID 84535
INFO | Train - Loss (one batch): 0.00247
INFO | Val - Loss, MSE, RMSE, MAE: 0.00276, 0.00276, 0.05174, 0.03146
INFO | Test - Best epoch 73, Loss, MSE, RMSE, MAE: 0.06045, 0.06045, 0.24367, 0.14705
INFO | Time spent: 2.73s
INFO | - Epoch 218, ExpID 84535
INFO | Train - Loss (one batch): 0.00164
INFO | Val - Loss, MSE, RMSE, MAE: 0.00279, 0.00279, 0.05202, 0.03174
INFO | Test - Best epoch 73, Loss, MSE, RMSE, MAE: 0.06045, 0.06045, 0.24367, 0.14705
INFO | Time spent: 2.74s
INFO | - Epoch 219, ExpID 84535
INFO | Train - Loss (one batch): 0.00160
INFO | Val - Loss, MSE, RMSE, MAE: 0.00281, 0.00281, 0.05223, 0.03173
INFO | Test - Best epoch 73, Loss, MSE, RMSE, MAE: 0.06045, 0.06045, 0.24367, 0.14705
INFO | Time spent: 2.72s
INFO | - Epoch 220, ExpID 84535
INFO | Train - Loss (one batch): 0.00187
INFO | Val - Loss, MSE, RMSE, MAE: 0.00283, 0.00283, 0.05240, 0.03209
INFO | Test - Best epoch 73, Loss, MSE, RMSE, MAE: 0.06045, 0.06045, 0.24367, 0.14705
INFO | Time spent: 2.73s
INFO | - Epoch 221, ExpID 84535
INFO | Train - Loss (one batch): 0.00264
INFO | Val - Loss, MSE, RMSE, MAE: 0.00279, 0.00279, 0.05204, 0.03217
INFO | Test - Best epoch 73, Loss, MSE, RMSE, MAE: 0.06045, 0.06045, 0.24367, 0.14705
INFO | Time spent: 2.74s
INFO | - Epoch 222, ExpID 84535
INFO | Train - Loss (one batch): 0.00199
INFO | Val - Loss, MSE, RMSE, MAE: 0.00277, 0.00277, 0.05187, 0.03153
INFO | Test - Best epoch 73, Loss, MSE, RMSE, MAE: 0.06045, 0.06045, 0.24367, 0.14705
INFO | Time spent: 2.75s
INFO | - Epoch 223, ExpID 84535
INFO | Train - Loss (one batch): 0.00238
INFO | Val - Loss, MSE, RMSE, MAE: 0.00280, 0.00280, 0.05207, 0.03184
INFO | Test - Best epoch 73, Loss, MSE, RMSE, MAE: 0.06045, 0.06045, 0.24367, 0.14705
INFO | Time spent: 2.73s
INFO | - Epoch 224, ExpID 84535
INFO | Train - Loss (one batch): 0.00180
INFO | Val - Loss, MSE, RMSE, MAE: 0.00280, 0.00280, 0.05214, 0.03179
INFO | Test - Best epoch 73, Loss, MSE, RMSE, MAE: 0.06045, 0.06045, 0.24367, 0.14705
INFO | Time spent: 2.73s
INFO | - Epoch 225, ExpID 84535
INFO | Train - Loss (one batch): 0.00196
INFO | Val - Loss, MSE, RMSE, MAE: 0.00280, 0.00280, 0.05215, 0.03193
INFO | Test - Best epoch 73, Loss, MSE, RMSE, MAE: 0.06045, 0.06045, 0.24367, 0.14705
INFO | Time spent: 2.73s
INFO | - Epoch 226, ExpID 84535
INFO | Train - Loss (one batch): 0.00221
INFO | Val - Loss, MSE, RMSE, MAE: 0.00283, 0.00283, 0.05234, 0.03202
INFO | Test - Best epoch 73, Loss, MSE, RMSE, MAE: 0.06045, 0.06045, 0.24367, 0.14705
INFO | Time spent: 2.73s
INFO | - Epoch 227, ExpID 84535
INFO | Train - Loss (one batch): 0.00169
INFO | Val - Loss, MSE, RMSE, MAE: 0.00281, 0.00281, 0.05218, 0.03166
INFO | Test - Best epoch 73, Loss, MSE, RMSE, MAE: 0.06045, 0.06045, 0.24367, 0.14705
INFO | Time spent: 2.73s
INFO | - Epoch 228, ExpID 84535
INFO | Train - Loss (one batch): 0.00197
INFO | Val - Loss, MSE, RMSE, MAE: 0.00286, 0.00286, 0.05275, 0.03269
INFO | Test - Best epoch 73, Loss, MSE, RMSE, MAE: 0.06045, 0.06045, 0.24367, 0.14705
INFO | Time spent: 2.73s
INFO | - Epoch 229, ExpID 84535
INFO | Train - Loss (one batch): 0.00226
INFO | Val - Loss, MSE, RMSE, MAE: 0.00276, 0.00276, 0.05175, 0.03146
INFO | Test - Best epoch 73, Loss, MSE, RMSE, MAE: 0.06045, 0.06045, 0.24367, 0.14705
INFO | Time spent: 2.74s
INFO | - Epoch 230, ExpID 84535
INFO | Train - Loss (one batch): 0.00162
INFO | Val - Loss, MSE, RMSE, MAE: 0.00285, 0.00285, 0.05255, 0.03216
INFO | Test - Best epoch 73, Loss, MSE, RMSE, MAE: 0.06045, 0.06045, 0.24367, 0.14705
INFO | Time spent: 2.72s
INFO | - Epoch 231, ExpID 84535
INFO | Train - Loss (one batch): 0.00178
INFO | Val - Loss, MSE, RMSE, MAE: 0.00282, 0.00282, 0.05229, 0.03175
INFO | Test - Best epoch 73, Loss, MSE, RMSE, MAE: 0.06045, 0.06045, 0.24367, 0.14705
INFO | Time spent: 2.73s
INFO | - Epoch 232, ExpID 84535
INFO | Train - Loss (one batch): 0.00180
INFO | Val - Loss, MSE, RMSE, MAE: 0.00287, 0.00287, 0.05275, 0.03268
INFO | Test - Best epoch 73, Loss, MSE, RMSE, MAE: 0.06045, 0.06045, 0.24367, 0.14705
INFO | Time spent: 2.73s
INFO | - Epoch 233, ExpID 84535
INFO | Train - Loss (one batch): 0.00232
INFO | Val - Loss, MSE, RMSE, MAE: 0.00279, 0.00279, 0.05207, 0.03178
INFO | Test - Best epoch 73, Loss, MSE, RMSE, MAE: 0.06045, 0.06045, 0.24367, 0.14705
INFO | Time spent: 2.75s
INFO | - Epoch 234, ExpID 84535
INFO | Train - Loss (one batch): 0.00202
INFO | Val - Loss, MSE, RMSE, MAE: 0.00280, 0.00280, 0.05215, 0.03183
INFO | Test - Best epoch 73, Loss, MSE, RMSE, MAE: 0.06045, 0.06045, 0.24367, 0.14705
INFO | Time spent: 2.72s
INFO | - Epoch 235, ExpID 84535
INFO | Train - Loss (one batch): 0.00236
INFO | Val - Loss, MSE, RMSE, MAE: 0.00297, 0.00297, 0.05378, 0.03411
INFO | Test - Best epoch 73, Loss, MSE, RMSE, MAE: 0.06045, 0.06045, 0.24367, 0.14705
INFO | Time spent: 2.73s
INFO | - Epoch 236, ExpID 84535
INFO | Train - Loss (one batch): 0.00172
INFO | Val - Loss, MSE, RMSE, MAE: 0.00283, 0.00283, 0.05240, 0.03201
INFO | Test - Best epoch 73, Loss, MSE, RMSE, MAE: 0.06045, 0.06045, 0.24367, 0.14705
INFO | Time spent: 2.72s
INFO | - Epoch 237, ExpID 84535
INFO | Train - Loss (one batch): 0.00195
INFO | Val - Loss, MSE, RMSE, MAE: 0.00283, 0.00283, 0.05243, 0.03186
INFO | Test - Best epoch 73, Loss, MSE, RMSE, MAE: 0.06045, 0.06045, 0.24367, 0.14705
INFO | Time spent: 2.74s
INFO | - Epoch 238, ExpID 84535
INFO | Train - Loss (one batch): 0.00252
INFO | Val - Loss, MSE, RMSE, MAE: 0.00279, 0.00279, 0.05206, 0.03174
INFO | Test - Best epoch 73, Loss, MSE, RMSE, MAE: 0.06045, 0.06045, 0.24367, 0.14705
INFO | Time spent: 2.72s
INFO | - Epoch 239, ExpID 84535
INFO | Train - Loss (one batch): 0.00244
INFO | Val - Loss, MSE, RMSE, MAE: 0.00290, 0.00290, 0.05304, 0.03312
INFO | Test - Best epoch 73, Loss, MSE, RMSE, MAE: 0.06045, 0.06045, 0.24367, 0.14705
INFO | Time spent: 2.72s
INFO | - Epoch 240, ExpID 84535
INFO | Train - Loss (one batch): 0.00215
INFO | Val - Loss, MSE, RMSE, MAE: 0.00289, 0.00289, 0.05293, 0.03290
INFO | Test - Best epoch 73, Loss, MSE, RMSE, MAE: 0.06045, 0.06045, 0.24367, 0.14705
INFO | Time spent: 2.73s
INFO | - Epoch 241, ExpID 84535
INFO | Train - Loss (one batch): 0.00157
INFO | Val - Loss, MSE, RMSE, MAE: 0.00278, 0.00278, 0.05197, 0.03158
INFO | Test - Best epoch 73, Loss, MSE, RMSE, MAE: 0.06045, 0.06045, 0.24367, 0.14705
INFO | Time spent: 2.76s
INFO | - Epoch 242, ExpID 84535
INFO | Train - Loss (one batch): 0.00139
INFO | Val - Loss, MSE, RMSE, MAE: 0.00286, 0.00286, 0.05264, 0.03216
INFO | Test - Best epoch 73, Loss, MSE, RMSE, MAE: 0.06045, 0.06045, 0.24367, 0.14705
INFO | Time spent: 2.96s
INFO | - Epoch 243, ExpID 84535
INFO | Train - Loss (one batch): 0.00188
INFO | Val - Loss, MSE, RMSE, MAE: 0.00284, 0.00284, 0.05241, 0.03200
INFO | Test - Best epoch 73, Loss, MSE, RMSE, MAE: 0.06045, 0.06045, 0.24367, 0.14705
INFO | Time spent: 2.73s
INFO | - Epoch 244, ExpID 84535
INFO | Train - Loss (one batch): 0.00223
INFO | Val - Loss, MSE, RMSE, MAE: 0.00290, 0.00290, 0.05306, 0.03289
INFO | Test - Best epoch 73, Loss, MSE, RMSE, MAE: 0.06045, 0.06045, 0.24367, 0.14705
INFO | Time spent: 2.73s
INFO | - Epoch 245, ExpID 84535
INFO | Train - Loss (one batch): 0.00237
INFO | Val - Loss, MSE, RMSE, MAE: 0.00282, 0.00282, 0.05231, 0.03226
INFO | Test - Best epoch 73, Loss, MSE, RMSE, MAE: 0.06045, 0.06045, 0.24367, 0.14705
INFO | Time spent: 2.72s
INFO | - Epoch 246, ExpID 84535
INFO | Train - Loss (one batch): 0.00154
INFO | Val - Loss, MSE, RMSE, MAE: 0.00289, 0.00289, 0.05302, 0.03316
INFO | Test - Best epoch 73, Loss, MSE, RMSE, MAE: 0.06045, 0.06045, 0.24367, 0.14705
INFO | Time spent: 2.72s
INFO | - Epoch 247, ExpID 84535
INFO | Train - Loss (one batch): 0.00216
INFO | Val - Loss, MSE, RMSE, MAE: 0.00283, 0.00283, 0.05247, 0.03259
INFO | Test - Best epoch 73, Loss, MSE, RMSE, MAE: 0.06045, 0.06045, 0.24367, 0.14705
INFO | Time spent: 2.74s
INFO | - Epoch 248, ExpID 84535
INFO | Train - Loss (one batch): 0.00160
INFO | Val - Loss, MSE, RMSE, MAE: 0.00281, 0.00281, 0.05219, 0.03188
INFO | Test - Best epoch 73, Loss, MSE, RMSE, MAE: 0.06045, 0.06045, 0.24367, 0.14705
INFO | Time spent: 2.73s
INFO | - Epoch 249, ExpID 84535
INFO | Train - Loss (one batch): 0.00175
INFO | Val - Loss, MSE, RMSE, MAE: 0.00280, 0.00280, 0.05208, 0.03160
INFO | Test - Best epoch 73, Loss, MSE, RMSE, MAE: 0.06045, 0.06045, 0.24367, 0.14705
INFO | Time spent: 2.73s
INFO | - Epoch 250, ExpID 84535
INFO | Train - Loss (one batch): 0.00210
INFO | Val - Loss, MSE, RMSE, MAE: 0.00282, 0.00282, 0.05233, 0.03208
INFO | Test - Best epoch 73, Loss, MSE, RMSE, MAE: 0.06045, 0.06045, 0.24367, 0.14705
INFO | Time spent: 2.73s
INFO | - Epoch 251, ExpID 84535
INFO | Train - Loss (one batch): 0.00210
INFO | Val - Loss, MSE, RMSE, MAE: 0.00282, 0.00282, 0.05234, 0.03204
INFO | Test - Best epoch 73, Loss, MSE, RMSE, MAE: 0.06045, 0.06045, 0.24367, 0.14705
INFO | Time spent: 2.73s
INFO | - Epoch 252, ExpID 84535
INFO | Train - Loss (one batch): 0.00144
INFO | Val - Loss, MSE, RMSE, MAE: 0.00284, 0.00284, 0.05248, 0.03204
INFO | Test - Best epoch 73, Loss, MSE, RMSE, MAE: 0.06045, 0.06045, 0.24367, 0.14705
INFO | Time spent: 2.73s
INFO | - Epoch 253, ExpID 84535
INFO | Train - Loss (one batch): 0.00251
INFO | Val - Loss, MSE, RMSE, MAE: 0.00284, 0.00284, 0.05246, 0.03199
INFO | Test - Best epoch 73, Loss, MSE, RMSE, MAE: 0.06045, 0.06045, 0.24367, 0.14705
INFO | Time spent: 2.73s
INFO | - Epoch 254, ExpID 84535
INFO | Train - Loss (one batch): 0.00200
INFO | Val - Loss, MSE, RMSE, MAE: 0.00285, 0.00285, 0.05262, 0.03240
INFO | Test - Best epoch 73, Loss, MSE, RMSE, MAE: 0.06045, 0.06045, 0.24367, 0.14705
INFO | Time spent: 2.73s
INFO | - Epoch 255, ExpID 84535
INFO | Train - Loss (one batch): 0.00188
INFO | Val - Loss, MSE, RMSE, MAE: 0.00284, 0.00284, 0.05250, 0.03202
INFO | Test - Best epoch 73, Loss, MSE, RMSE, MAE: 0.06045, 0.06045, 0.24367, 0.14705
INFO | Time spent: 2.73s
INFO | - Epoch 256, ExpID 84535
INFO | Train - Loss (one batch): 0.00187
INFO | Val - Loss, MSE, RMSE, MAE: 0.00289, 0.00289, 0.05296, 0.03293
INFO | Test - Best epoch 73, Loss, MSE, RMSE, MAE: 0.06045, 0.06045, 0.24367, 0.14705
INFO | Time spent: 2.73s
INFO | - Epoch 257, ExpID 84535
INFO | Train - Loss (one batch): 0.00209
INFO | Val - Loss, MSE, RMSE, MAE: 0.00283, 0.00283, 0.05238, 0.03218
INFO | Test - Best epoch 73, Loss, MSE, RMSE, MAE: 0.06045, 0.06045, 0.24367, 0.14705
INFO | Time spent: 2.73s
INFO | - Epoch 258, ExpID 84535
INFO | Train - Loss (one batch): 0.00190
INFO | Val - Loss, MSE, RMSE, MAE: 0.00292, 0.00292, 0.05325, 0.03351
INFO | Test - Best epoch 73, Loss, MSE, RMSE, MAE: 0.06045, 0.06045, 0.24367, 0.14705
INFO | Time spent: 2.73s
INFO | - Epoch 259, ExpID 84535
INFO | Train - Loss (one batch): 0.00177
INFO | Val - Loss, MSE, RMSE, MAE: 0.00288, 0.00288, 0.05291, 0.03302
INFO | Test - Best epoch 73, Loss, MSE, RMSE, MAE: 0.06045, 0.06045, 0.24367, 0.14705
INFO | Time spent: 2.74s
INFO | - Epoch 260, ExpID 84535
INFO | Train - Loss (one batch): 0.00169
INFO | Val - Loss, MSE, RMSE, MAE: 0.00284, 0.00284, 0.05252, 0.03240
INFO | Test - Best epoch 73, Loss, MSE, RMSE, MAE: 0.06045, 0.06045, 0.24367, 0.14705
INFO | Time spent: 2.75s
INFO | - Epoch 261, ExpID 84535
INFO | Train - Loss (one batch): 0.00177
INFO | Val - Loss, MSE, RMSE, MAE: 0.00284, 0.00284, 0.05250, 0.03235
INFO | Test - Best epoch 73, Loss, MSE, RMSE, MAE: 0.06045, 0.06045, 0.24367, 0.14705
INFO | Time spent: 2.73s
INFO | - Epoch 262, ExpID 84535
INFO | Train - Loss (one batch): 0.00210
INFO | Val - Loss, MSE, RMSE, MAE: 0.00289, 0.00289, 0.05296, 0.03246
INFO | Test - Best epoch 73, Loss, MSE, RMSE, MAE: 0.06045, 0.06045, 0.24367, 0.14705
INFO | Time spent: 2.74s
INFO | - Epoch 263, ExpID 84535
INFO | Train - Loss (one batch): 0.00161
INFO | Val - Loss, MSE, RMSE, MAE: 0.00280, 0.00280, 0.05214, 0.03190
INFO | Test - Best epoch 73, Loss, MSE, RMSE, MAE: 0.06045, 0.06045, 0.24367, 0.14705
INFO | Time spent: 2.75s
INFO | - Epoch 264, ExpID 84535
INFO | Train - Loss (one batch): 0.00153
INFO | Val - Loss, MSE, RMSE, MAE: 0.00281, 0.00281, 0.05227, 0.03219
INFO | Test - Best epoch 73, Loss, MSE, RMSE, MAE: 0.06045, 0.06045, 0.24367, 0.14705
INFO | Time spent: 2.74s
INFO | - Epoch 265, ExpID 84535
INFO | Train - Loss (one batch): 0.00212
INFO | Val - Loss, MSE, RMSE, MAE: 0.00283, 0.00283, 0.05240, 0.03228
INFO | Test - Best epoch 73, Loss, MSE, RMSE, MAE: 0.06045, 0.06045, 0.24367, 0.14705
INFO | Time spent: 2.73s
INFO | - Epoch 266, ExpID 84535
INFO | Train - Loss (one batch): 0.00153
INFO | Val - Loss, MSE, RMSE, MAE: 0.00294, 0.00294, 0.05345, 0.03394
INFO | Test - Best epoch 73, Loss, MSE, RMSE, MAE: 0.06045, 0.06045, 0.24367, 0.14705
INFO | Time spent: 2.74s
INFO | - Epoch 267, ExpID 84535
INFO | Train - Loss (one batch): 0.00276
INFO | Val - Loss, MSE, RMSE, MAE: 0.00284, 0.00284, 0.05248, 0.03212
INFO | Test - Best epoch 73, Loss, MSE, RMSE, MAE: 0.06045, 0.06045, 0.24367, 0.14705
INFO | Time spent: 2.73s
INFO | - Epoch 268, ExpID 84535
INFO | Train - Loss (one batch): 0.00187
INFO | Val - Loss, MSE, RMSE, MAE: 0.00286, 0.00286, 0.05274, 0.03270
INFO | Test - Best epoch 73, Loss, MSE, RMSE, MAE: 0.06045, 0.06045, 0.24367, 0.14705
INFO | Time spent: 2.74s
INFO | - Epoch 269, ExpID 84535
INFO | Train - Loss (one batch): 0.00204
INFO | Val - Loss, MSE, RMSE, MAE: 0.00286, 0.00286, 0.05271, 0.03238
INFO | Test - Best epoch 73, Loss, MSE, RMSE, MAE: 0.06045, 0.06045, 0.24367, 0.14705
INFO | Time spent: 2.73s
INFO | - Epoch 270, ExpID 84535
INFO | Train - Loss (one batch): 0.00147
INFO | Val - Loss, MSE, RMSE, MAE: 0.00282, 0.00282, 0.05227, 0.03196
INFO | Test - Best epoch 73, Loss, MSE, RMSE, MAE: 0.06045, 0.06045, 0.24367, 0.14705
INFO | Time spent: 2.73s
INFO | - Epoch 271, ExpID 84535
INFO | Train - Loss (one batch): 0.00150
INFO | Val - Loss, MSE, RMSE, MAE: 0.00288, 0.00288, 0.05294, 0.03365
INFO | Test - Best epoch 73, Loss, MSE, RMSE, MAE: 0.06045, 0.06045, 0.24367, 0.14705
INFO | Time spent: 2.72s
INFO | - Epoch 272, ExpID 84535
INFO | Train - Loss (one batch): 0.00237
INFO | Val - Loss, MSE, RMSE, MAE: 0.00279, 0.00279, 0.05213, 0.03191
INFO | Test - Best epoch 73, Loss, MSE, RMSE, MAE: 0.06045, 0.06045, 0.24367, 0.14705
INFO | Time spent: 2.73s
INFO | - Epoch 273, ExpID 84535
INFO | Train - Loss (one batch): 0.00141
INFO | Val - Loss, MSE, RMSE, MAE: 0.00285, 0.00285, 0.05265, 0.03247
INFO | Test - Best epoch 73, Loss, MSE, RMSE, MAE: 0.06045, 0.06045, 0.24367, 0.14705
INFO | Time spent: 2.74s
INFO | - Epoch 274, ExpID 84535
INFO | Train - Loss (one batch): 0.00196
INFO | Val - Loss, MSE, RMSE, MAE: 0.00286, 0.00286, 0.05272, 0.03276
INFO | Test - Best epoch 73, Loss, MSE, RMSE, MAE: 0.06045, 0.06045, 0.24367, 0.14705
INFO | Time spent: 2.72s
INFO | - Epoch 275, ExpID 84535
INFO | Train - Loss (one batch): 0.00181
INFO | Val - Loss, MSE, RMSE, MAE: 0.00283, 0.00283, 0.05241, 0.03207
INFO | Test - Best epoch 73, Loss, MSE, RMSE, MAE: 0.06045, 0.06045, 0.24367, 0.14705
INFO | Time spent: 2.91s
INFO | - Epoch 276, ExpID 84535
INFO | Train - Loss (one batch): 0.00257
INFO | Val - Loss, MSE, RMSE, MAE: 0.00279, 0.00279, 0.05209, 0.03177
INFO | Test - Best epoch 73, Loss, MSE, RMSE, MAE: 0.06045, 0.06045, 0.24367, 0.14705
INFO | Time spent: 2.73s
INFO | - Epoch 277, ExpID 84535
INFO | Train - Loss (one batch): 0.00190
INFO | Val - Loss, MSE, RMSE, MAE: 0.00282, 0.00282, 0.05235, 0.03216
INFO | Test - Best epoch 73, Loss, MSE, RMSE, MAE: 0.06045, 0.06045, 0.24367, 0.14705
INFO | Time spent: 2.73s
INFO | - Epoch 278, ExpID 84535
INFO | Train - Loss (one batch): 0.00234
INFO | Val - Loss, MSE, RMSE, MAE: 0.00285, 0.00285, 0.05259, 0.03222
INFO | Test - Best epoch 73, Loss, MSE, RMSE, MAE: 0.06045, 0.06045, 0.24367, 0.14705
INFO | Time spent: 2.72s
INFO | - Epoch 279, ExpID 84535
INFO | Train - Loss (one batch): 0.00152
INFO | Val - Loss, MSE, RMSE, MAE: 0.00278, 0.00278, 0.05198, 0.03173
INFO | Test - Best epoch 73, Loss, MSE, RMSE, MAE: 0.06045, 0.06045, 0.24367, 0.14705
INFO | Time spent: 2.80s
INFO | - Epoch 280, ExpID 84535
INFO | Train - Loss (one batch): 0.00241
INFO | Val - Loss, MSE, RMSE, MAE: 0.00285, 0.00285, 0.05258, 0.03258
INFO | Test - Best epoch 73, Loss, MSE, RMSE, MAE: 0.06045, 0.06045, 0.24367, 0.14705
INFO | Time spent: 2.73s
INFO | - Epoch 281, ExpID 84535
INFO | Train - Loss (one batch): 0.00175
INFO | Val - Loss, MSE, RMSE, MAE: 0.00278, 0.00278, 0.05194, 0.03169
INFO | Test - Best epoch 73, Loss, MSE, RMSE, MAE: 0.06045, 0.06045, 0.24367, 0.14705
INFO | Time spent: 2.73s
INFO | - Epoch 282, ExpID 84535
INFO | Train - Loss (one batch): 0.00228
INFO | Val - Loss, MSE, RMSE, MAE: 0.00290, 0.00290, 0.05311, 0.03325
INFO | Test - Best epoch 73, Loss, MSE, RMSE, MAE: 0.06045, 0.06045, 0.24367, 0.14705
INFO | Time spent: 2.72s
INFO | - Epoch 283, ExpID 84535
INFO | Train - Loss (one batch): 0.00209
INFO | Val - Loss, MSE, RMSE, MAE: 0.00280, 0.00280, 0.05210, 0.03173
INFO | Test - Best epoch 73, Loss, MSE, RMSE, MAE: 0.06045, 0.06045, 0.24367, 0.14705
INFO | Time spent: 2.73s
INFO | - Epoch 284, ExpID 84535
INFO | Train - Loss (one batch): 0.00183
INFO | Val - Loss, MSE, RMSE, MAE: 0.00287, 0.00287, 0.05282, 0.03238
INFO | Test - Best epoch 73, Loss, MSE, RMSE, MAE: 0.06045, 0.06045, 0.24367, 0.14705
INFO | Time spent: 2.73s
INFO | - Epoch 285, ExpID 84535
INFO | Train - Loss (one batch): 0.00169
INFO | Val - Loss, MSE, RMSE, MAE: 0.00280, 0.00280, 0.05211, 0.03195
INFO | Test - Best epoch 73, Loss, MSE, RMSE, MAE: 0.06045, 0.06045, 0.24367, 0.14705
INFO | Time spent: 2.72s
INFO | - Epoch 286, ExpID 84535
INFO | Train - Loss (one batch): 0.00225
INFO | Val - Loss, MSE, RMSE, MAE: 0.00281, 0.00281, 0.05228, 0.03186
INFO | Test - Best epoch 73, Loss, MSE, RMSE, MAE: 0.06045, 0.06045, 0.24367, 0.14705
INFO | Time spent: 2.72s
INFO | - Epoch 287, ExpID 84535
INFO | Train - Loss (one batch): 0.00238
INFO | Val - Loss, MSE, RMSE, MAE: 0.00279, 0.00279, 0.05204, 0.03177
INFO | Test - Best epoch 73, Loss, MSE, RMSE, MAE: 0.06045, 0.06045, 0.24367, 0.14705
INFO | Time spent: 2.72s
INFO | - Epoch 288, ExpID 84535
INFO | Train - Loss (one batch): 0.00167
INFO | Val - Loss, MSE, RMSE, MAE: 0.00287, 0.00287, 0.05275, 0.03241
INFO | Test - Best epoch 73, Loss, MSE, RMSE, MAE: 0.06045, 0.06045, 0.24367, 0.14705
INFO | Time spent: 2.73s
INFO | - Epoch 289, ExpID 84535
INFO | Train - Loss (one batch): 0.00228
INFO | Val - Loss, MSE, RMSE, MAE: 0.00280, 0.00280, 0.05209, 0.03184
INFO | Test - Best epoch 73, Loss, MSE, RMSE, MAE: 0.06045, 0.06045, 0.24367, 0.14705
INFO | Time spent: 2.83s
INFO | - Epoch 290, ExpID 84535
INFO | Train - Loss (one batch): 0.00189
INFO | Val - Loss, MSE, RMSE, MAE: 0.00281, 0.00281, 0.05225, 0.03198
INFO | Test - Best epoch 73, Loss, MSE, RMSE, MAE: 0.06045, 0.06045, 0.24367, 0.14705
INFO | Time spent: 2.71s
INFO | - Epoch 291, ExpID 84535
INFO | Train - Loss (one batch): 0.00194
INFO | Val - Loss, MSE, RMSE, MAE: 0.00281, 0.00281, 0.05224, 0.03178
INFO | Test - Best epoch 73, Loss, MSE, RMSE, MAE: 0.06045, 0.06045, 0.24367, 0.14705
INFO | Time spent: 2.73s
INFO | - Epoch 292, ExpID 84535
INFO | Train - Loss (one batch): 0.00133
INFO | Val - Loss, MSE, RMSE, MAE: 0.00286, 0.00286, 0.05272, 0.03249
INFO | Test - Best epoch 73, Loss, MSE, RMSE, MAE: 0.06045, 0.06045, 0.24367, 0.14705
INFO | Time spent: 2.74s
INFO | - Epoch 293, ExpID 84535
INFO | Train - Loss (one batch): 0.00159
INFO | Val - Loss, MSE, RMSE, MAE: 0.00283, 0.00283, 0.05241, 0.03211
INFO | Test - Best epoch 73, Loss, MSE, RMSE, MAE: 0.06045, 0.06045, 0.24367, 0.14705
INFO | Time spent: 2.74s
INFO | - Epoch 294, ExpID 84535
INFO | Train - Loss (one batch): 0.00127
INFO | Val - Loss, MSE, RMSE, MAE: 0.00280, 0.00280, 0.05218, 0.03178
INFO | Test - Best epoch 73, Loss, MSE, RMSE, MAE: 0.06045, 0.06045, 0.24367, 0.14705
INFO | Time spent: 2.74s
INFO | - Epoch 295, ExpID 84535
INFO | Train - Loss (one batch): 0.00190
INFO | Val - Loss, MSE, RMSE, MAE: 0.00283, 0.00283, 0.05241, 0.03210
INFO | Test - Best epoch 73, Loss, MSE, RMSE, MAE: 0.06045, 0.06045, 0.24367, 0.14705
INFO | Time spent: 2.88s
INFO | - Epoch 296, ExpID 84535
INFO | Train - Loss (one batch): 0.00172
INFO | Val - Loss, MSE, RMSE, MAE: 0.00291, 0.00291, 0.05318, 0.03346
INFO | Test - Best epoch 73, Loss, MSE, RMSE, MAE: 0.06045, 0.06045, 0.24367, 0.14705
INFO | Time spent: 2.75s
INFO | - Epoch 297, ExpID 84535
INFO | Train - Loss (one batch): 0.00163
INFO | Val - Loss, MSE, RMSE, MAE: 0.00291, 0.00291, 0.05310, 0.03258
INFO | Test - Best epoch 73, Loss, MSE, RMSE, MAE: 0.06045, 0.06045, 0.24367, 0.14705
INFO | Time spent: 2.72s
INFO | - Epoch 298, ExpID 84535
INFO | Train - Loss (one batch): 0.00180
INFO | Val - Loss, MSE, RMSE, MAE: 0.00279, 0.00279, 0.05212, 0.03182
INFO | Test - Best epoch 73, Loss, MSE, RMSE, MAE: 0.06045, 0.06045, 0.24367, 0.14705
INFO | Time spent: 2.74s
INFO | - Epoch 299, ExpID 84535
INFO | Train - Loss (one batch): 0.00179
INFO | Val - Loss, MSE, RMSE, MAE: 0.00282, 0.00282, 0.05234, 0.03198
INFO | Test - Best epoch 73, Loss, MSE, RMSE, MAE: 0.06045, 0.06045, 0.24367, 0.14705
INFO | Time spent: 2.73s
INFO | - Epoch 000, ExpID 72346
INFO | Train - Loss (one batch): 0.00370
INFO | Val - Loss, MSE, RMSE, MAE: 0.00581, 0.00581, 0.07574, 0.05705
INFO | Test - Best epoch 0, Loss, MSE, RMSE, MAE: 0.13356, 0.13356, 0.36317, 0.26627
INFO | Time spent: 4.45s
INFO | - Epoch 001, ExpID 72346
INFO | Train - Loss (one batch): 0.00372
INFO | Val - Loss, MSE, RMSE, MAE: 0.00362, 0.00362, 0.05963, 0.03989
INFO | Test - Best epoch 1, Loss, MSE, RMSE, MAE: 0.08378, 0.08378, 0.28734, 0.18793
INFO | Time spent: 3.28s
INFO | - Epoch 002, ExpID 72346
INFO | Train - Loss (one batch): 0.00346
INFO | Val - Loss, MSE, RMSE, MAE: 0.00322, 0.00322, 0.05605, 0.03463
INFO | Test - Best epoch 2, Loss, MSE, RMSE, MAE: 0.07367, 0.07367, 0.26915, 0.16281
INFO | Time spent: 3.27s
INFO | - Epoch 003, ExpID 72346
INFO | Train - Loss (one batch): 0.00211
INFO | Val - Loss, MSE, RMSE, MAE: 0.00327, 0.00327, 0.05655, 0.03604
INFO | Test - Best epoch 2, Loss, MSE, RMSE, MAE: 0.07367, 0.07367, 0.26915, 0.16281
INFO | Time spent: 2.82s
INFO | - Epoch 004, ExpID 72346
INFO | Train - Loss (one batch): 0.00328
INFO | Val - Loss, MSE, RMSE, MAE: 0.00320, 0.00320, 0.05599, 0.03585
INFO | Test - Best epoch 4, Loss, MSE, RMSE, MAE: 0.07312, 0.07312, 0.26810, 0.16841
INFO | Time spent: 3.27s
INFO | - Epoch 005, ExpID 72346
INFO | Train - Loss (one batch): 0.00276
INFO | Val - Loss, MSE, RMSE, MAE: 0.00326, 0.00326, 0.05649, 0.03653
INFO | Test - Best epoch 4, Loss, MSE, RMSE, MAE: 0.07312, 0.07312, 0.26810, 0.16841
INFO | Time spent: 2.83s
INFO | - Epoch 006, ExpID 72346
INFO | Train - Loss (one batch): 0.00178
INFO | Val - Loss, MSE, RMSE, MAE: 0.00315, 0.00315, 0.05546, 0.03455
INFO | Test - Best epoch 6, Loss, MSE, RMSE, MAE: 0.07170, 0.07170, 0.26549, 0.16243
INFO | Time spent: 3.27s
INFO | - Epoch 007, ExpID 72346
INFO | Train - Loss (one batch): 0.00260
INFO | Val - Loss, MSE, RMSE, MAE: 0.00310, 0.00310, 0.05501, 0.03380
INFO | Test - Best epoch 7, Loss, MSE, RMSE, MAE: 0.07051, 0.07051, 0.26328, 0.15871
INFO | Time spent: 3.26s
INFO | - Epoch 008, ExpID 72346
INFO | Train - Loss (one batch): 0.00199
INFO | Val - Loss, MSE, RMSE, MAE: 0.00318, 0.00318, 0.05578, 0.03523
INFO | Test - Best epoch 7, Loss, MSE, RMSE, MAE: 0.07051, 0.07051, 0.26328, 0.15871
INFO | Time spent: 2.81s
INFO | - Epoch 009, ExpID 72346
INFO | Train - Loss (one batch): 0.00333
INFO | Val - Loss, MSE, RMSE, MAE: 0.00322, 0.00322, 0.05615, 0.03595
INFO | Test - Best epoch 7, Loss, MSE, RMSE, MAE: 0.07051, 0.07051, 0.26328, 0.15871
INFO | Time spent: 2.80s
INFO | - Epoch 010, ExpID 72346
INFO | Train - Loss (one batch): 0.00274
INFO | Val - Loss, MSE, RMSE, MAE: 0.00354, 0.00354, 0.05898, 0.03998
INFO | Test - Best epoch 7, Loss, MSE, RMSE, MAE: 0.07051, 0.07051, 0.26328, 0.15871
INFO | Time spent: 2.80s
INFO | - Epoch 011, ExpID 72346
INFO | Train - Loss (one batch): 0.00262
INFO | Val - Loss, MSE, RMSE, MAE: 0.00358, 0.00358, 0.05939, 0.04115
INFO | Test - Best epoch 7, Loss, MSE, RMSE, MAE: 0.07051, 0.07051, 0.26328, 0.15871
INFO | Time spent: 2.81s
INFO | - Epoch 012, ExpID 72346
INFO | Train - Loss (one batch): 0.00275
INFO | Val - Loss, MSE, RMSE, MAE: 0.00324, 0.00324, 0.05634, 0.03633
INFO | Test - Best epoch 7, Loss, MSE, RMSE, MAE: 0.07051, 0.07051, 0.26328, 0.15871
INFO | Time spent: 2.83s
INFO | - Epoch 013, ExpID 72346
INFO | Train - Loss (one batch): 0.00278
INFO | Val - Loss, MSE, RMSE, MAE: 0.00326, 0.00326, 0.05652, 0.03712
INFO | Test - Best epoch 7, Loss, MSE, RMSE, MAE: 0.07051, 0.07051, 0.26328, 0.15871
INFO | Time spent: 2.79s
INFO | - Epoch 014, ExpID 72346
INFO | Train - Loss (one batch): 0.00244
INFO | Val - Loss, MSE, RMSE, MAE: 0.00417, 0.00417, 0.06416, 0.04791
INFO | Test - Best epoch 7, Loss, MSE, RMSE, MAE: 0.07051, 0.07051, 0.26328, 0.15871
INFO | Time spent: 2.81s
INFO | - Epoch 015, ExpID 72346
INFO | Train - Loss (one batch): 0.00330
INFO | Val - Loss, MSE, RMSE, MAE: 0.00326, 0.00326, 0.05652, 0.03741
INFO | Test - Best epoch 7, Loss, MSE, RMSE, MAE: 0.07051, 0.07051, 0.26328, 0.15871
INFO | Time spent: 2.81s
INFO | - Epoch 016, ExpID 72346
INFO | Train - Loss (one batch): 0.00247
INFO | Val - Loss, MSE, RMSE, MAE: 0.00365, 0.00365, 0.05997, 0.04212
INFO | Test - Best epoch 7, Loss, MSE, RMSE, MAE: 0.07051, 0.07051, 0.26328, 0.15871
INFO | Time spent: 2.82s
INFO | - Epoch 017, ExpID 72346
INFO | Train - Loss (one batch): 0.00271
INFO | Val - Loss, MSE, RMSE, MAE: 0.00318, 0.00318, 0.05582, 0.03629
INFO | Test - Best epoch 7, Loss, MSE, RMSE, MAE: 0.07051, 0.07051, 0.26328, 0.15871
INFO | Time spent: 2.79s
INFO | - Epoch 018, ExpID 72346
INFO | Train - Loss (one batch): 0.00248
INFO | Val - Loss, MSE, RMSE, MAE: 0.00310, 0.00310, 0.05503, 0.03474
INFO | Test - Best epoch 18, Loss, MSE, RMSE, MAE: 0.07065, 0.07065, 0.26353, 0.16372
INFO | Time spent: 3.25s
INFO | - Epoch 019, ExpID 72346
INFO | Train - Loss (one batch): 0.00254
INFO | Val - Loss, MSE, RMSE, MAE: 0.00303, 0.00303, 0.05438, 0.03407
INFO | Test - Best epoch 19, Loss, MSE, RMSE, MAE: 0.06884, 0.06884, 0.26006, 0.16006
INFO | Time spent: 3.29s
INFO | - Epoch 020, ExpID 72346
INFO | Train - Loss (one batch): 0.00232
INFO | Val - Loss, MSE, RMSE, MAE: 0.00304, 0.00304, 0.05456, 0.03466
INFO | Test - Best epoch 19, Loss, MSE, RMSE, MAE: 0.06884, 0.06884, 0.26006, 0.16006
INFO | Time spent: 2.89s
INFO | - Epoch 021, ExpID 72346
INFO | Train - Loss (one batch): 0.00291
INFO | Val - Loss, MSE, RMSE, MAE: 0.00296, 0.00296, 0.05373, 0.03242
INFO | Test - Best epoch 21, Loss, MSE, RMSE, MAE: 0.06772, 0.06772, 0.25784, 0.15332
INFO | Time spent: 3.33s
INFO | - Epoch 022, ExpID 72346
INFO | Train - Loss (one batch): 0.00241
INFO | Val - Loss, MSE, RMSE, MAE: 0.00300, 0.00300, 0.05413, 0.03300
INFO | Test - Best epoch 21, Loss, MSE, RMSE, MAE: 0.06772, 0.06772, 0.25784, 0.15332
INFO | Time spent: 2.91s
INFO | - Epoch 023, ExpID 72346
INFO | Train - Loss (one batch): 0.00276
INFO | Val - Loss, MSE, RMSE, MAE: 0.00295, 0.00295, 0.05367, 0.03244
INFO | Test - Best epoch 23, Loss, MSE, RMSE, MAE: 0.06751, 0.06751, 0.25747, 0.15298
INFO | Time spent: 3.34s
INFO | - Epoch 024, ExpID 72346
INFO | Train - Loss (one batch): 0.00228
INFO | Val - Loss, MSE, RMSE, MAE: 0.00354, 0.00354, 0.05907, 0.04112
INFO | Test - Best epoch 23, Loss, MSE, RMSE, MAE: 0.06751, 0.06751, 0.25747, 0.15298
INFO | Time spent: 2.87s
INFO | - Epoch 025, ExpID 72346
INFO | Train - Loss (one batch): 0.00247
INFO | Val - Loss, MSE, RMSE, MAE: 0.00303, 0.00303, 0.05447, 0.03410
INFO | Test - Best epoch 23, Loss, MSE, RMSE, MAE: 0.06751, 0.06751, 0.25747, 0.15298
INFO | Time spent: 2.88s
INFO | - Epoch 026, ExpID 72346
INFO | Train - Loss (one batch): 0.00244
INFO | Val - Loss, MSE, RMSE, MAE: 0.00385, 0.00385, 0.06164, 0.04454
INFO | Test - Best epoch 23, Loss, MSE, RMSE, MAE: 0.06751, 0.06751, 0.25747, 0.15298
INFO | Time spent: 2.86s
INFO | - Epoch 027, ExpID 72346
INFO | Train - Loss (one batch): 0.00311
INFO | Val - Loss, MSE, RMSE, MAE: 0.00305, 0.00305, 0.05462, 0.03441
INFO | Test - Best epoch 23, Loss, MSE, RMSE, MAE: 0.06751, 0.06751, 0.25747, 0.15298
INFO | Time spent: 2.85s
INFO | - Epoch 028, ExpID 72346
INFO | Train - Loss (one batch): 0.00282
INFO | Val - Loss, MSE, RMSE, MAE: 0.00330, 0.00330, 0.05689, 0.03806
INFO | Test - Best epoch 23, Loss, MSE, RMSE, MAE: 0.06751, 0.06751, 0.25747, 0.15298
INFO | Time spent: 2.82s
INFO | - Epoch 029, ExpID 72346
INFO | Train - Loss (one batch): 0.00261
INFO | Val - Loss, MSE, RMSE, MAE: 0.00313, 0.00313, 0.05542, 0.03570
INFO | Test - Best epoch 23, Loss, MSE, RMSE, MAE: 0.06751, 0.06751, 0.25747, 0.15298
INFO | Time spent: 2.83s
INFO | - Epoch 030, ExpID 72346
INFO | Train - Loss (one batch): 0.00302
INFO | Val - Loss, MSE, RMSE, MAE: 0.00293, 0.00293, 0.05346, 0.03247
INFO | Test - Best epoch 30, Loss, MSE, RMSE, MAE: 0.06684, 0.06684, 0.25621, 0.15256
INFO | Time spent: 3.25s
INFO | - Epoch 031, ExpID 72346
INFO | Train - Loss (one batch): 0.00296
INFO | Val - Loss, MSE, RMSE, MAE: 0.00309, 0.00309, 0.05498, 0.03538
INFO | Test - Best epoch 30, Loss, MSE, RMSE, MAE: 0.06684, 0.06684, 0.25621, 0.15256
INFO | Time spent: 2.76s
INFO | - Epoch 032, ExpID 72346
INFO | Train - Loss (one batch): 0.00322
INFO | Val - Loss, MSE, RMSE, MAE: 0.00313, 0.00313, 0.05531, 0.03530
INFO | Test - Best epoch 30, Loss, MSE, RMSE, MAE: 0.06684, 0.06684, 0.25621, 0.15256
INFO | Time spent: 2.76s
INFO | - Epoch 033, ExpID 72346
INFO | Train - Loss (one batch): 0.00286
INFO | Val - Loss, MSE, RMSE, MAE: 0.00327, 0.00327, 0.05670, 0.03755
INFO | Test - Best epoch 30, Loss, MSE, RMSE, MAE: 0.06684, 0.06684, 0.25621, 0.15256
INFO | Time spent: 2.78s
INFO | - Epoch 034, ExpID 72346
INFO | Train - Loss (one batch): 0.00276
INFO | Val - Loss, MSE, RMSE, MAE: 0.00294, 0.00294, 0.05363, 0.03302
INFO | Test - Best epoch 30, Loss, MSE, RMSE, MAE: 0.06684, 0.06684, 0.25621, 0.15256
INFO | Time spent: 2.77s
INFO | - Epoch 035, ExpID 72346
INFO | Train - Loss (one batch): 0.00272
INFO | Val - Loss, MSE, RMSE, MAE: 0.00325, 0.00325, 0.05648, 0.03774
INFO | Test - Best epoch 30, Loss, MSE, RMSE, MAE: 0.06684, 0.06684, 0.25621, 0.15256
INFO | Time spent: 2.75s
INFO | - Epoch 036, ExpID 72346
INFO | Train - Loss (one batch): 0.00199
INFO | Val - Loss, MSE, RMSE, MAE: 0.00328, 0.00328, 0.05679, 0.03824
INFO | Test - Best epoch 30, Loss, MSE, RMSE, MAE: 0.06684, 0.06684, 0.25621, 0.15256
INFO | Time spent: 2.76s
INFO | - Epoch 037, ExpID 72346
INFO | Train - Loss (one batch): 0.00203
INFO | Val - Loss, MSE, RMSE, MAE: 0.00290, 0.00290, 0.05326, 0.03232
INFO | Test - Best epoch 37, Loss, MSE, RMSE, MAE: 0.06632, 0.06632, 0.25521, 0.15246
INFO | Time spent: 3.20s
INFO | - Epoch 038, ExpID 72346
INFO | Train - Loss (one batch): 0.00320
INFO | Val - Loss, MSE, RMSE, MAE: 0.00315, 0.00315, 0.05561, 0.03664
INFO | Test - Best epoch 37, Loss, MSE, RMSE, MAE: 0.06632, 0.06632, 0.25521, 0.15246
INFO | Time spent: 2.75s
INFO | - Epoch 039, ExpID 72346
INFO | Train - Loss (one batch): 0.00215
INFO | Val - Loss, MSE, RMSE, MAE: 0.00288, 0.00288, 0.05299, 0.03208
INFO | Test - Best epoch 39, Loss, MSE, RMSE, MAE: 0.06583, 0.06583, 0.25429, 0.15202
INFO | Time spent: 3.22s
INFO | - Epoch 040, ExpID 72346
INFO | Train - Loss (one batch): 0.00260
INFO | Val - Loss, MSE, RMSE, MAE: 0.00287, 0.00287, 0.05296, 0.03205
INFO | Test - Best epoch 40, Loss, MSE, RMSE, MAE: 0.06571, 0.06571, 0.25404, 0.15146
INFO | Time spent: 3.29s
INFO | - Epoch 041, ExpID 72346
INFO | Train - Loss (one batch): 0.00248
INFO | Val - Loss, MSE, RMSE, MAE: 0.00338, 0.00338, 0.05769, 0.03981
INFO | Test - Best epoch 40, Loss, MSE, RMSE, MAE: 0.06571, 0.06571, 0.25404, 0.15146
INFO | Time spent: 2.83s
INFO | - Epoch 042, ExpID 72346
INFO | Train - Loss (one batch): 0.00347
INFO | Val - Loss, MSE, RMSE, MAE: 0.00321, 0.00321, 0.05615, 0.03713
INFO | Test - Best epoch 40, Loss, MSE, RMSE, MAE: 0.06571, 0.06571, 0.25404, 0.15146
INFO | Time spent: 2.83s
INFO | - Epoch 043, ExpID 72346
INFO | Train - Loss (one batch): 0.00243
INFO | Val - Loss, MSE, RMSE, MAE: 0.00335, 0.00335, 0.05742, 0.03943
INFO | Test - Best epoch 40, Loss, MSE, RMSE, MAE: 0.06571, 0.06571, 0.25404, 0.15146
INFO | Time spent: 2.83s
INFO | - Epoch 044, ExpID 72346
INFO | Train - Loss (one batch): 0.00335
INFO | Val - Loss, MSE, RMSE, MAE: 0.00290, 0.00290, 0.05327, 0.03253
INFO | Test - Best epoch 40, Loss, MSE, RMSE, MAE: 0.06571, 0.06571, 0.25404, 0.15146
INFO | Time spent: 2.82s
INFO | - Epoch 045, ExpID 72346
INFO | Train - Loss (one batch): 0.00311
INFO | Val - Loss, MSE, RMSE, MAE: 0.00317, 0.00317, 0.05580, 0.03679
INFO | Test - Best epoch 40, Loss, MSE, RMSE, MAE: 0.06571, 0.06571, 0.25404, 0.15146
INFO | Time spent: 2.82s
INFO | - Epoch 046, ExpID 72346
INFO | Train - Loss (one batch): 0.00241
INFO | Val - Loss, MSE, RMSE, MAE: 0.00301, 0.00301, 0.05432, 0.03465
INFO | Test - Best epoch 40, Loss, MSE, RMSE, MAE: 0.06571, 0.06571, 0.25404, 0.15146
INFO | Time spent: 2.81s
INFO | - Epoch 047, ExpID 72346
INFO | Train - Loss (one batch): 0.00254
INFO | Val - Loss, MSE, RMSE, MAE: 0.00296, 0.00296, 0.05382, 0.03394
INFO | Test - Best epoch 40, Loss, MSE, RMSE, MAE: 0.06571, 0.06571, 0.25404, 0.15146
INFO | Time spent: 2.82s
INFO | - Epoch 048, ExpID 72346
INFO | Train - Loss (one batch): 0.00268
INFO | Val - Loss, MSE, RMSE, MAE: 0.00285, 0.00285, 0.05276, 0.03234
INFO | Test - Best epoch 48, Loss, MSE, RMSE, MAE: 0.06527, 0.06527, 0.25325, 0.15278
INFO | Time spent: 3.27s
INFO | - Epoch 049, ExpID 72346
INFO | Train - Loss (one batch): 0.00217
INFO | Val - Loss, MSE, RMSE, MAE: 0.00308, 0.00308, 0.05497, 0.03563
INFO | Test - Best epoch 48, Loss, MSE, RMSE, MAE: 0.06527, 0.06527, 0.25325, 0.15278
INFO | Time spent: 2.84s
INFO | - Epoch 050, ExpID 72346
INFO | Train - Loss (one batch): 0.00241
INFO | Val - Loss, MSE, RMSE, MAE: 0.00282, 0.00282, 0.05244, 0.03179
INFO | Test - Best epoch 50, Loss, MSE, RMSE, MAE: 0.06462, 0.06462, 0.25197, 0.15078
INFO | Time spent: 3.23s
INFO | - Epoch 051, ExpID 72346
INFO | Train - Loss (one batch): 0.00232
INFO | Val - Loss, MSE, RMSE, MAE: 0.00306, 0.00306, 0.05472, 0.03542
INFO | Test - Best epoch 50, Loss, MSE, RMSE, MAE: 0.06462, 0.06462, 0.25197, 0.15078
INFO | Time spent: 2.77s
INFO | - Epoch 052, ExpID 72346
INFO | Train - Loss (one batch): 0.00294
INFO | Val - Loss, MSE, RMSE, MAE: 0.00327, 0.00327, 0.05674, 0.03857
INFO | Test - Best epoch 50, Loss, MSE, RMSE, MAE: 0.06462, 0.06462, 0.25197, 0.15078
INFO | Time spent: 2.77s
INFO | - Epoch 053, ExpID 72346
INFO | Train - Loss (one batch): 0.00212
INFO | Val - Loss, MSE, RMSE, MAE: 0.00290, 0.00290, 0.05328, 0.03301
INFO | Test - Best epoch 50, Loss, MSE, RMSE, MAE: 0.06462, 0.06462, 0.25197, 0.15078
INFO | Time spent: 2.79s
INFO | - Epoch 054, ExpID 72346
INFO | Train - Loss (one batch): 0.00276
INFO | Val - Loss, MSE, RMSE, MAE: 0.00288, 0.00288, 0.05311, 0.03314
INFO | Test - Best epoch 50, Loss, MSE, RMSE, MAE: 0.06462, 0.06462, 0.25197, 0.15078
INFO | Time spent: 2.83s
INFO | - Epoch 055, ExpID 72346
INFO | Train - Loss (one batch): 0.00319
INFO | Val - Loss, MSE, RMSE, MAE: 0.00284, 0.00284, 0.05264, 0.03195
INFO | Test - Best epoch 50, Loss, MSE, RMSE, MAE: 0.06462, 0.06462, 0.25197, 0.15078
INFO | Time spent: 2.77s
INFO | - Epoch 056, ExpID 72346
INFO | Train - Loss (one batch): 0.00330
INFO | Val - Loss, MSE, RMSE, MAE: 0.00324, 0.00324, 0.05645, 0.03830
INFO | Test - Best epoch 50, Loss, MSE, RMSE, MAE: 0.06462, 0.06462, 0.25197, 0.15078
INFO | Time spent: 2.76s
INFO | - Epoch 057, ExpID 72346
INFO | Train - Loss (one batch): 0.00405
INFO | Val - Loss, MSE, RMSE, MAE: 0.00291, 0.00291, 0.05334, 0.03353
INFO | Test - Best epoch 50, Loss, MSE, RMSE, MAE: 0.06462, 0.06462, 0.25197, 0.15078
INFO | Time spent: 2.77s
INFO | - Epoch 058, ExpID 72346
INFO | Train - Loss (one batch): 0.00225
INFO | Val - Loss, MSE, RMSE, MAE: 0.00293, 0.00293, 0.05350, 0.03310
INFO | Test - Best epoch 50, Loss, MSE, RMSE, MAE: 0.06462, 0.06462, 0.25197, 0.15078
INFO | Time spent: 2.75s
INFO | - Epoch 059, ExpID 72346
INFO | Train - Loss (one batch): 0.00246
INFO | Val - Loss, MSE, RMSE, MAE: 0.00309, 0.00309, 0.05505, 0.03629
INFO | Test - Best epoch 50, Loss, MSE, RMSE, MAE: 0.06462, 0.06462, 0.25197, 0.15078
INFO | Time spent: 2.77s
INFO | - Epoch 060, ExpID 72346
INFO | Train - Loss (one batch): 0.00198
INFO | Val - Loss, MSE, RMSE, MAE: 0.00280, 0.00280, 0.05227, 0.03212
INFO | Test - Best epoch 60, Loss, MSE, RMSE, MAE: 0.06453, 0.06453, 0.25173, 0.15216
INFO | Time spent: 3.29s
INFO | - Epoch 061, ExpID 72346
INFO | Train - Loss (one batch): 0.00254
INFO | Val - Loss, MSE, RMSE, MAE: 0.00302, 0.00302, 0.05438, 0.03496
INFO | Test - Best epoch 60, Loss, MSE, RMSE, MAE: 0.06453, 0.06453, 0.25173, 0.15216
INFO | Time spent: 2.84s
INFO | - Epoch 062, ExpID 72346
INFO | Train - Loss (one batch): 0.00220
INFO | Val - Loss, MSE, RMSE, MAE: 0.00284, 0.00284, 0.05267, 0.03255
INFO | Test - Best epoch 60, Loss, MSE, RMSE, MAE: 0.06453, 0.06453, 0.25173, 0.15216
INFO | Time spent: 2.80s
INFO | - Epoch 063, ExpID 72346
INFO | Train - Loss (one batch): 0.00249
INFO | Val - Loss, MSE, RMSE, MAE: 0.00291, 0.00291, 0.05338, 0.03392
INFO | Test - Best epoch 60, Loss, MSE, RMSE, MAE: 0.06453, 0.06453, 0.25173, 0.15216
INFO | Time spent: 2.82s
INFO | - Epoch 064, ExpID 72346
INFO | Train - Loss (one batch): 0.00285
INFO | Val - Loss, MSE, RMSE, MAE: 0.00276, 0.00276, 0.05194, 0.03151
INFO | Test - Best epoch 64, Loss, MSE, RMSE, MAE: 0.06399, 0.06399, 0.25068, 0.14974
INFO | Time spent: 3.28s
INFO | - Epoch 065, ExpID 72346
INFO | Train - Loss (one batch): 0.00257
INFO | Val - Loss, MSE, RMSE, MAE: 0.00283, 0.00283, 0.05254, 0.03234
INFO | Test - Best epoch 64, Loss, MSE, RMSE, MAE: 0.06399, 0.06399, 0.25068, 0.14974
INFO | Time spent: 2.83s
INFO | - Epoch 066, ExpID 72346
INFO | Train - Loss (one batch): 0.00230
INFO | Val - Loss, MSE, RMSE, MAE: 0.00278, 0.00278, 0.05212, 0.03187
INFO | Test - Best epoch 64, Loss, MSE, RMSE, MAE: 0.06399, 0.06399, 0.25068, 0.14974
INFO | Time spent: 2.82s
INFO | - Epoch 067, ExpID 72346
INFO | Train - Loss (one batch): 0.00244
INFO | Val - Loss, MSE, RMSE, MAE: 0.00287, 0.00287, 0.05295, 0.03350
INFO | Test - Best epoch 64, Loss, MSE, RMSE, MAE: 0.06399, 0.06399, 0.25068, 0.14974
INFO | Time spent: 2.83s
INFO | - Epoch 068, ExpID 72346
INFO | Train - Loss (one batch): 0.00230
INFO | Val - Loss, MSE, RMSE, MAE: 0.00285, 0.00285, 0.05280, 0.03304
INFO | Test - Best epoch 64, Loss, MSE, RMSE, MAE: 0.06399, 0.06399, 0.25068, 0.14974
INFO | Time spent: 2.81s
INFO | - Epoch 069, ExpID 72346
INFO | Train - Loss (one batch): 0.00276
INFO | Val - Loss, MSE, RMSE, MAE: 0.00286, 0.00286, 0.05292, 0.03310
INFO | Test - Best epoch 64, Loss, MSE, RMSE, MAE: 0.06399, 0.06399, 0.25068, 0.14974
INFO | Time spent: 2.83s
INFO | - Epoch 070, ExpID 72346
INFO | Train - Loss (one batch): 0.00238
INFO | Val - Loss, MSE, RMSE, MAE: 0.00286, 0.00286, 0.05290, 0.03298
INFO | Test - Best epoch 64, Loss, MSE, RMSE, MAE: 0.06399, 0.06399, 0.25068, 0.14974
INFO | Time spent: 2.78s
INFO | - Epoch 071, ExpID 72346
INFO | Train - Loss (one batch): 0.00232
INFO | Val - Loss, MSE, RMSE, MAE: 0.00277, 0.00277, 0.05201, 0.03185
INFO | Test - Best epoch 64, Loss, MSE, RMSE, MAE: 0.06399, 0.06399, 0.25068, 0.14974
INFO | Time spent: 2.77s
INFO | - Epoch 072, ExpID 72346
INFO | Train - Loss (one batch): 0.00225
INFO | Val - Loss, MSE, RMSE, MAE: 0.00284, 0.00284, 0.05268, 0.03231
INFO | Test - Best epoch 64, Loss, MSE, RMSE, MAE: 0.06399, 0.06399, 0.25068, 0.14974
INFO | Time spent: 2.77s
INFO | - Epoch 073, ExpID 72346
INFO | Train - Loss (one batch): 0.00169
INFO | Val - Loss, MSE, RMSE, MAE: 0.00278, 0.00278, 0.05205, 0.03166
INFO | Test - Best epoch 64, Loss, MSE, RMSE, MAE: 0.06399, 0.06399, 0.25068, 0.14974
INFO | Time spent: 2.77s
INFO | - Epoch 074, ExpID 72346
INFO | Train - Loss (one batch): 0.00224
INFO | Val - Loss, MSE, RMSE, MAE: 0.00277, 0.00277, 0.05197, 0.03179
INFO | Test - Best epoch 64, Loss, MSE, RMSE, MAE: 0.06399, 0.06399, 0.25068, 0.14974
INFO | Time spent: 2.77s
INFO | - Epoch 075, ExpID 72346
INFO | Train - Loss (one batch): 0.00238
INFO | Val - Loss, MSE, RMSE, MAE: 0.00286, 0.00286, 0.05284, 0.03368
INFO | Test - Best epoch 64, Loss, MSE, RMSE, MAE: 0.06399, 0.06399, 0.25068, 0.14974
INFO | Time spent: 2.77s
INFO | - Epoch 076, ExpID 72346
INFO | Train - Loss (one batch): 0.00254
INFO | Val - Loss, MSE, RMSE, MAE: 0.00279, 0.00279, 0.05219, 0.03231
INFO | Test - Best epoch 64, Loss, MSE, RMSE, MAE: 0.06399, 0.06399, 0.25068, 0.14974
INFO | Time spent: 2.77s
INFO | - Epoch 077, ExpID 72346
INFO | Train - Loss (one batch): 0.00247
INFO | Val - Loss, MSE, RMSE, MAE: 0.00275, 0.00275, 0.05183, 0.03148
INFO | Test - Best epoch 77, Loss, MSE, RMSE, MAE: 0.06310, 0.06310, 0.24890, 0.14887
INFO | Time spent: 3.22s
INFO | - Epoch 078, ExpID 72346
INFO | Train - Loss (one batch): 0.00247
INFO | Val - Loss, MSE, RMSE, MAE: 0.00288, 0.00288, 0.05308, 0.03343
INFO | Test - Best epoch 77, Loss, MSE, RMSE, MAE: 0.06310, 0.06310, 0.24890, 0.14887
INFO | Time spent: 2.77s
INFO | - Epoch 079, ExpID 72346
INFO | Train - Loss (one batch): 0.00229
INFO | Val - Loss, MSE, RMSE, MAE: 0.00286, 0.00286, 0.05284, 0.03316
INFO | Test - Best epoch 77, Loss, MSE, RMSE, MAE: 0.06310, 0.06310, 0.24890, 0.14887
INFO | Time spent: 2.77s
INFO | - Epoch 080, ExpID 72346
INFO | Train - Loss (one batch): 0.00374
INFO | Val - Loss, MSE, RMSE, MAE: 0.00287, 0.00287, 0.05298, 0.03355
INFO | Test - Best epoch 77, Loss, MSE, RMSE, MAE: 0.06310, 0.06310, 0.24890, 0.14887
INFO | Time spent: 2.77s
INFO | - Epoch 081, ExpID 72346
INFO | Train - Loss (one batch): 0.00150
INFO | Val - Loss, MSE, RMSE, MAE: 0.00282, 0.00282, 0.05250, 0.03271
INFO | Test - Best epoch 77, Loss, MSE, RMSE, MAE: 0.06310, 0.06310, 0.24890, 0.14887
INFO | Time spent: 2.77s
INFO | - Epoch 082, ExpID 72346
INFO | Train - Loss (one batch): 0.00241
INFO | Val - Loss, MSE, RMSE, MAE: 0.00274, 0.00274, 0.05170, 0.03159
INFO | Test - Best epoch 82, Loss, MSE, RMSE, MAE: 0.06296, 0.06296, 0.24869, 0.14974
INFO | Time spent: 3.21s
INFO | - Epoch 083, ExpID 72346
INFO | Train - Loss (one batch): 0.00232
INFO | Val - Loss, MSE, RMSE, MAE: 0.00277, 0.00277, 0.05202, 0.03210
INFO | Test - Best epoch 82, Loss, MSE, RMSE, MAE: 0.06296, 0.06296, 0.24869, 0.14974
INFO | Time spent: 2.77s
INFO | - Epoch 084, ExpID 72346
INFO | Train - Loss (one batch): 0.00197
INFO | Val - Loss, MSE, RMSE, MAE: 0.00325, 0.00325, 0.05651, 0.03886
INFO | Test - Best epoch 82, Loss, MSE, RMSE, MAE: 0.06296, 0.06296, 0.24869, 0.14974
INFO | Time spent: 2.76s
INFO | - Epoch 085, ExpID 72346
INFO | Train - Loss (one batch): 0.00238
INFO | Val - Loss, MSE, RMSE, MAE: 0.00307, 0.00307, 0.05493, 0.03635
INFO | Test - Best epoch 82, Loss, MSE, RMSE, MAE: 0.06296, 0.06296, 0.24869, 0.14974
INFO | Time spent: 2.76s
INFO | - Epoch 086, ExpID 72346
INFO | Train - Loss (one batch): 0.00259
INFO | Val - Loss, MSE, RMSE, MAE: 0.00276, 0.00276, 0.05195, 0.03180
INFO | Test - Best epoch 82, Loss, MSE, RMSE, MAE: 0.06296, 0.06296, 0.24869, 0.14974
INFO | Time spent: 2.76s
INFO | - Epoch 087, ExpID 72346
INFO | Train - Loss (one batch): 0.00198
INFO | Val - Loss, MSE, RMSE, MAE: 0.00274, 0.00274, 0.05168, 0.03153
INFO | Test - Best epoch 87, Loss, MSE, RMSE, MAE: 0.06278, 0.06278, 0.24833, 0.14939
INFO | Time spent: 3.21s
INFO | - Epoch 088, ExpID 72346
INFO | Train - Loss (one batch): 0.00204
INFO | Val - Loss, MSE, RMSE, MAE: 0.00287, 0.00287, 0.05292, 0.03337
INFO | Test - Best epoch 87, Loss, MSE, RMSE, MAE: 0.06278, 0.06278, 0.24833, 0.14939
INFO | Time spent: 2.75s
INFO | - Epoch 089, ExpID 72346
INFO | Train - Loss (one batch): 0.00236
INFO | Val - Loss, MSE, RMSE, MAE: 0.00275, 0.00275, 0.05181, 0.03179
INFO | Test - Best epoch 87, Loss, MSE, RMSE, MAE: 0.06278, 0.06278, 0.24833, 0.14939
INFO | Time spent: 2.77s
INFO | - Epoch 090, ExpID 72346
INFO | Train - Loss (one batch): 0.00222
INFO | Val - Loss, MSE, RMSE, MAE: 0.00274, 0.00274, 0.05170, 0.03164
INFO | Test - Best epoch 87, Loss, MSE, RMSE, MAE: 0.06278, 0.06278, 0.24833, 0.14939
INFO | Time spent: 2.75s
INFO | - Epoch 091, ExpID 72346
INFO | Train - Loss (one batch): 0.00216
INFO | Val - Loss, MSE, RMSE, MAE: 0.00274, 0.00274, 0.05171, 0.03151
INFO | Test - Best epoch 87, Loss, MSE, RMSE, MAE: 0.06278, 0.06278, 0.24833, 0.14939
INFO | Time spent: 2.77s
INFO | - Epoch 092, ExpID 72346
INFO | Train - Loss (one batch): 0.00219
INFO | Val - Loss, MSE, RMSE, MAE: 0.00279, 0.00279, 0.05217, 0.03174
INFO | Test - Best epoch 87, Loss, MSE, RMSE, MAE: 0.06278, 0.06278, 0.24833, 0.14939
INFO | Time spent: 2.77s
INFO | - Epoch 093, ExpID 72346
INFO | Train - Loss (one batch): 0.00243
INFO | Val - Loss, MSE, RMSE, MAE: 0.00273, 0.00273, 0.05155, 0.03137
INFO | Test - Best epoch 93, Loss, MSE, RMSE, MAE: 0.06282, 0.06282, 0.24839, 0.14923
INFO | Time spent: 3.22s
INFO | - Epoch 094, ExpID 72346
INFO | Train - Loss (one batch): 0.00313
INFO | Val - Loss, MSE, RMSE, MAE: 0.00307, 0.00307, 0.05483, 0.03648
INFO | Test - Best epoch 93, Loss, MSE, RMSE, MAE: 0.06282, 0.06282, 0.24839, 0.14923
INFO | Time spent: 2.76s
INFO | - Epoch 095, ExpID 72346
INFO | Train - Loss (one batch): 0.00212
INFO | Val - Loss, MSE, RMSE, MAE: 0.00272, 0.00272, 0.05146, 0.03116
INFO | Test - Best epoch 95, Loss, MSE, RMSE, MAE: 0.06235, 0.06235, 0.24737, 0.14788
INFO | Time spent: 3.23s
INFO | - Epoch 096, ExpID 72346
INFO | Train - Loss (one batch): 0.00215
INFO | Val - Loss, MSE, RMSE, MAE: 0.00283, 0.00283, 0.05254, 0.03259
INFO | Test - Best epoch 95, Loss, MSE, RMSE, MAE: 0.06235, 0.06235, 0.24737, 0.14788
INFO | Time spent: 2.77s
INFO | - Epoch 097, ExpID 72346
INFO | Train - Loss (one batch): 0.00304
INFO | Val - Loss, MSE, RMSE, MAE: 0.00280, 0.00280, 0.05225, 0.03248
INFO | Test - Best epoch 95, Loss, MSE, RMSE, MAE: 0.06235, 0.06235, 0.24737, 0.14788
INFO | Time spent: 2.78s
INFO | - Epoch 098, ExpID 72346
INFO | Train - Loss (one batch): 0.00222
INFO | Val - Loss, MSE, RMSE, MAE: 0.00275, 0.00275, 0.05180, 0.03190
INFO | Test - Best epoch 95, Loss, MSE, RMSE, MAE: 0.06235, 0.06235, 0.24737, 0.14788
INFO | Time spent: 2.77s
INFO | - Epoch 099, ExpID 72346
INFO | Train - Loss (one batch): 0.00214
INFO | Val - Loss, MSE, RMSE, MAE: 0.00284, 0.00284, 0.05261, 0.03309
INFO | Test - Best epoch 95, Loss, MSE, RMSE, MAE: 0.06235, 0.06235, 0.24737, 0.14788
INFO | Time spent: 2.76s
INFO | - Epoch 100, ExpID 72346
INFO | Train - Loss (one batch): 0.00270
INFO | Val - Loss, MSE, RMSE, MAE: 0.00278, 0.00278, 0.05206, 0.03192
INFO | Test - Best epoch 95, Loss, MSE, RMSE, MAE: 0.06235, 0.06235, 0.24737, 0.14788
INFO | Time spent: 2.76s
INFO | - Epoch 101, ExpID 72346
INFO | Train - Loss (one batch): 0.00171
INFO | Val - Loss, MSE, RMSE, MAE: 0.00287, 0.00287, 0.05301, 0.03358
INFO | Test - Best epoch 95, Loss, MSE, RMSE, MAE: 0.06235, 0.06235, 0.24737, 0.14788
INFO | Time spent: 2.75s
INFO | - Epoch 102, ExpID 72346
INFO | Train - Loss (one batch): 0.00254
INFO | Val - Loss, MSE, RMSE, MAE: 0.00273, 0.00273, 0.05155, 0.03131
INFO | Test - Best epoch 95, Loss, MSE, RMSE, MAE: 0.06235, 0.06235, 0.24737, 0.14788
INFO | Time spent: 2.79s
INFO | - Epoch 103, ExpID 72346
INFO | Train - Loss (one batch): 0.00256
INFO | Val - Loss, MSE, RMSE, MAE: 0.00290, 0.00290, 0.05325, 0.03404
INFO | Test - Best epoch 95, Loss, MSE, RMSE, MAE: 0.06235, 0.06235, 0.24737, 0.14788
INFO | Time spent: 2.77s
INFO | - Epoch 104, ExpID 72346
INFO | Train - Loss (one batch): 0.00238
INFO | Val - Loss, MSE, RMSE, MAE: 0.00289, 0.00289, 0.05318, 0.03418
INFO | Test - Best epoch 95, Loss, MSE, RMSE, MAE: 0.06235, 0.06235, 0.24737, 0.14788
INFO | Time spent: 2.76s
INFO | - Epoch 105, ExpID 72346
INFO | Train - Loss (one batch): 0.00376
INFO | Val - Loss, MSE, RMSE, MAE: 0.00271, 0.00271, 0.05142, 0.03108
INFO | Test - Best epoch 105, Loss, MSE, RMSE, MAE: 0.06265, 0.06265, 0.24804, 0.14834
INFO | Time spent: 3.21s
INFO | - Epoch 106, ExpID 72346
INFO | Train - Loss (one batch): 0.00202
INFO | Val - Loss, MSE, RMSE, MAE: 0.00272, 0.00272, 0.05153, 0.03120
INFO | Test - Best epoch 105, Loss, MSE, RMSE, MAE: 0.06265, 0.06265, 0.24804, 0.14834
INFO | Time spent: 2.76s
INFO | - Epoch 107, ExpID 72346
INFO | Train - Loss (one batch): 0.00213
INFO | Val - Loss, MSE, RMSE, MAE: 0.00315, 0.00315, 0.05556, 0.03716
INFO | Test - Best epoch 105, Loss, MSE, RMSE, MAE: 0.06265, 0.06265, 0.24804, 0.14834
INFO | Time spent: 2.76s
INFO | - Epoch 108, ExpID 72346
INFO | Train - Loss (one batch): 0.00286
INFO | Val - Loss, MSE, RMSE, MAE: 0.00275, 0.00275, 0.05182, 0.03174
INFO | Test - Best epoch 105, Loss, MSE, RMSE, MAE: 0.06265, 0.06265, 0.24804, 0.14834
INFO | Time spent: 2.76s
INFO | - Epoch 109, ExpID 72346
INFO | Train - Loss (one batch): 0.00211
INFO | Val - Loss, MSE, RMSE, MAE: 0.00275, 0.00275, 0.05183, 0.03194
INFO | Test - Best epoch 105, Loss, MSE, RMSE, MAE: 0.06265, 0.06265, 0.24804, 0.14834
INFO | Time spent: 2.77s
INFO | - Epoch 110, ExpID 72346
INFO | Train - Loss (one batch): 0.00235
INFO | Val - Loss, MSE, RMSE, MAE: 0.00294, 0.00294, 0.05366, 0.03491
INFO | Test - Best epoch 105, Loss, MSE, RMSE, MAE: 0.06265, 0.06265, 0.24804, 0.14834
INFO | Time spent: 2.82s
INFO | - Epoch 111, ExpID 72346
INFO | Train - Loss (one batch): 0.00356
INFO | Val - Loss, MSE, RMSE, MAE: 0.00291, 0.00291, 0.05333, 0.03402
INFO | Test - Best epoch 105, Loss, MSE, RMSE, MAE: 0.06265, 0.06265, 0.24804, 0.14834
INFO | Time spent: 2.82s
INFO | - Epoch 112, ExpID 72346
INFO | Train - Loss (one batch): 0.00263
INFO | Val - Loss, MSE, RMSE, MAE: 0.00275, 0.00275, 0.05179, 0.03160
INFO | Test - Best epoch 105, Loss, MSE, RMSE, MAE: 0.06265, 0.06265, 0.24804, 0.14834
INFO | Time spent: 2.82s
INFO | - Epoch 113, ExpID 72346
INFO | Train - Loss (one batch): 0.00244
INFO | Val - Loss, MSE, RMSE, MAE: 0.00276, 0.00276, 0.05191, 0.03179
INFO | Test - Best epoch 105, Loss, MSE, RMSE, MAE: 0.06265, 0.06265, 0.24804, 0.14834
INFO | Time spent: 2.85s
INFO | - Epoch 114, ExpID 72346
INFO | Train - Loss (one batch): 0.00225
INFO | Val - Loss, MSE, RMSE, MAE: 0.00274, 0.00274, 0.05165, 0.03126
INFO | Test - Best epoch 105, Loss, MSE, RMSE, MAE: 0.06265, 0.06265, 0.24804, 0.14834
INFO | Time spent: 2.83s
INFO | - Epoch 115, ExpID 72346
INFO | Train - Loss (one batch): 0.00241
INFO | Val - Loss, MSE, RMSE, MAE: 0.00287, 0.00287, 0.05298, 0.03378
INFO | Test - Best epoch 105, Loss, MSE, RMSE, MAE: 0.06265, 0.06265, 0.24804, 0.14834
INFO | Time spent: 2.82s
INFO | - Epoch 116, ExpID 72346
INFO | Train - Loss (one batch): 0.00267
INFO | Val - Loss, MSE, RMSE, MAE: 0.00274, 0.00274, 0.05169, 0.03113
INFO | Test - Best epoch 105, Loss, MSE, RMSE, MAE: 0.06265, 0.06265, 0.24804, 0.14834
INFO | Time spent: 2.83s
INFO | - Epoch 117, ExpID 72346
INFO | Train - Loss (one batch): 0.00312
INFO | Val - Loss, MSE, RMSE, MAE: 0.00273, 0.00273, 0.05157, 0.03133
INFO | Test - Best epoch 105, Loss, MSE, RMSE, MAE: 0.06265, 0.06265, 0.24804, 0.14834
INFO | Time spent: 2.82s
INFO | - Epoch 118, ExpID 72346
INFO | Train - Loss (one batch): 0.00327
INFO | Val - Loss, MSE, RMSE, MAE: 0.00272, 0.00272, 0.05149, 0.03132
INFO | Test - Best epoch 105, Loss, MSE, RMSE, MAE: 0.06265, 0.06265, 0.24804, 0.14834
INFO | Time spent: 2.82s
INFO | - Epoch 119, ExpID 72346
INFO | Train - Loss (one batch): 0.00206
INFO | Val - Loss, MSE, RMSE, MAE: 0.00276, 0.00276, 0.05185, 0.03156
INFO | Test - Best epoch 105, Loss, MSE, RMSE, MAE: 0.06265, 0.06265, 0.24804, 0.14834
INFO | Time spent: 2.83s
INFO | - Epoch 120, ExpID 72346
INFO | Train - Loss (one batch): 0.00277
INFO | Val - Loss, MSE, RMSE, MAE: 0.00279, 0.00279, 0.05219, 0.03234
INFO | Test - Best epoch 105, Loss, MSE, RMSE, MAE: 0.06265, 0.06265, 0.24804, 0.14834
INFO | Time spent: 2.82s
INFO | - Epoch 121, ExpID 72346
INFO | Train - Loss (one batch): 0.00246
INFO | Val - Loss, MSE, RMSE, MAE: 0.00292, 0.00292, 0.05341, 0.03431
INFO | Test - Best epoch 105, Loss, MSE, RMSE, MAE: 0.06265, 0.06265, 0.24804, 0.14834
INFO | Time spent: 2.83s
INFO | - Epoch 122, ExpID 72346
INFO | Train - Loss (one batch): 0.00226
INFO | Val - Loss, MSE, RMSE, MAE: 0.00273, 0.00273, 0.05162, 0.03153
INFO | Test - Best epoch 105, Loss, MSE, RMSE, MAE: 0.06265, 0.06265, 0.24804, 0.14834
INFO | Time spent: 2.79s
INFO | - Epoch 123, ExpID 72346
INFO | Train - Loss (one batch): 0.00216
INFO | Val - Loss, MSE, RMSE, MAE: 0.00302, 0.00302, 0.05440, 0.03577
INFO | Test - Best epoch 105, Loss, MSE, RMSE, MAE: 0.06265, 0.06265, 0.24804, 0.14834
INFO | Time spent: 2.80s
INFO | - Epoch 124, ExpID 72346
INFO | Train - Loss (one batch): 0.00258
INFO | Val - Loss, MSE, RMSE, MAE: 0.00277, 0.00277, 0.05192, 0.03168
INFO | Test - Best epoch 105, Loss, MSE, RMSE, MAE: 0.06265, 0.06265, 0.24804, 0.14834
INFO | Time spent: 2.81s
INFO | - Epoch 125, ExpID 72346
INFO | Train - Loss (one batch): 0.00318
INFO | Val - Loss, MSE, RMSE, MAE: 0.00278, 0.00278, 0.05203, 0.03196
INFO | Test - Best epoch 105, Loss, MSE, RMSE, MAE: 0.06265, 0.06265, 0.24804, 0.14834
INFO | Time spent: 2.83s
INFO | - Epoch 126, ExpID 72346
INFO | Train - Loss (one batch): 0.00219
INFO | Val - Loss, MSE, RMSE, MAE: 0.00273, 0.00273, 0.05162, 0.03126
INFO | Test - Best epoch 105, Loss, MSE, RMSE, MAE: 0.06265, 0.06265, 0.24804, 0.14834
INFO | Time spent: 2.81s
INFO | - Epoch 127, ExpID 72346
INFO | Train - Loss (one batch): 0.00257
INFO | Val - Loss, MSE, RMSE, MAE: 0.00277, 0.00277, 0.05187, 0.03144
INFO | Test - Best epoch 105, Loss, MSE, RMSE, MAE: 0.06265, 0.06265, 0.24804, 0.14834
INFO | Time spent: 2.83s
INFO | - Epoch 128, ExpID 72346
INFO | Train - Loss (one batch): 0.00203
INFO | Val - Loss, MSE, RMSE, MAE: 0.00279, 0.00279, 0.05205, 0.03162
INFO | Test - Best epoch 105, Loss, MSE, RMSE, MAE: 0.06265, 0.06265, 0.24804, 0.14834
INFO | Time spent: 2.77s
INFO | - Epoch 129, ExpID 72346
INFO | Train - Loss (one batch): 0.00329
INFO | Val - Loss, MSE, RMSE, MAE: 0.00278, 0.00278, 0.05202, 0.03236
INFO | Test - Best epoch 105, Loss, MSE, RMSE, MAE: 0.06265, 0.06265, 0.24804, 0.14834
INFO | Time spent: 2.81s
INFO | - Epoch 130, ExpID 72346
INFO | Train - Loss (one batch): 0.00254
INFO | Val - Loss, MSE, RMSE, MAE: 0.00273, 0.00273, 0.05154, 0.03130
INFO | Test - Best epoch 105, Loss, MSE, RMSE, MAE: 0.06265, 0.06265, 0.24804, 0.14834
INFO | Time spent: 2.81s
INFO | - Epoch 131, ExpID 72346
INFO | Train - Loss (one batch): 0.00212
INFO | Val - Loss, MSE, RMSE, MAE: 0.00277, 0.00277, 0.05194, 0.03207
INFO | Test - Best epoch 105, Loss, MSE, RMSE, MAE: 0.06265, 0.06265, 0.24804, 0.14834
INFO | Time spent: 2.82s
INFO | - Epoch 132, ExpID 72346
INFO | Train - Loss (one batch): 0.00257
INFO | Val - Loss, MSE, RMSE, MAE: 0.00281, 0.00281, 0.05227, 0.03221
INFO | Test - Best epoch 105, Loss, MSE, RMSE, MAE: 0.06265, 0.06265, 0.24804, 0.14834
INFO | Time spent: 3.02s
INFO | - Epoch 133, ExpID 72346
INFO | Train - Loss (one batch): 0.00285
INFO | Val - Loss, MSE, RMSE, MAE: 0.00275, 0.00275, 0.05172, 0.03161
INFO | Test - Best epoch 105, Loss, MSE, RMSE, MAE: 0.06265, 0.06265, 0.24804, 0.14834
INFO | Time spent: 2.79s
INFO | - Epoch 134, ExpID 72346
INFO | Train - Loss (one batch): 0.00186
INFO | Val - Loss, MSE, RMSE, MAE: 0.00282, 0.00282, 0.05243, 0.03232
INFO | Test - Best epoch 105, Loss, MSE, RMSE, MAE: 0.06265, 0.06265, 0.24804, 0.14834
INFO | Time spent: 2.98s
INFO | - Epoch 135, ExpID 72346
INFO | Train - Loss (one batch): 0.00254
INFO | Val - Loss, MSE, RMSE, MAE: 0.00275, 0.00275, 0.05172, 0.03143
INFO | Test - Best epoch 105, Loss, MSE, RMSE, MAE: 0.06265, 0.06265, 0.24804, 0.14834
INFO | Time spent: 2.82s
INFO | - Epoch 136, ExpID 72346
INFO | Train - Loss (one batch): 0.00301
INFO | Val - Loss, MSE, RMSE, MAE: 0.00279, 0.00279, 0.05209, 0.03193
INFO | Test - Best epoch 105, Loss, MSE, RMSE, MAE: 0.06265, 0.06265, 0.24804, 0.14834
INFO | Time spent: 2.83s
INFO | - Epoch 137, ExpID 72346
INFO | Train - Loss (one batch): 0.00202
INFO | Val - Loss, MSE, RMSE, MAE: 0.00280, 0.00280, 0.05219, 0.03230
INFO | Test - Best epoch 105, Loss, MSE, RMSE, MAE: 0.06265, 0.06265, 0.24804, 0.14834
INFO | Time spent: 2.83s
INFO | - Epoch 138, ExpID 72346
INFO | Train - Loss (one batch): 0.00295
INFO | Val - Loss, MSE, RMSE, MAE: 0.00272, 0.00272, 0.05143, 0.03133
INFO | Test - Best epoch 105, Loss, MSE, RMSE, MAE: 0.06265, 0.06265, 0.24804, 0.14834
INFO | Time spent: 2.80s
INFO | - Epoch 139, ExpID 72346
INFO | Train - Loss (one batch): 0.00260
INFO | Val - Loss, MSE, RMSE, MAE: 0.00276, 0.00276, 0.05182, 0.03115
INFO | Test - Best epoch 105, Loss, MSE, RMSE, MAE: 0.06265, 0.06265, 0.24804, 0.14834
INFO | Time spent: 2.83s
INFO | - Epoch 140, ExpID 72346
INFO | Train - Loss (one batch): 0.00268
INFO | Val - Loss, MSE, RMSE, MAE: 0.00277, 0.00277, 0.05194, 0.03153
INFO | Test - Best epoch 105, Loss, MSE, RMSE, MAE: 0.06265, 0.06265, 0.24804, 0.14834
INFO | Time spent: 2.80s
INFO | - Epoch 141, ExpID 72346
INFO | Train - Loss (one batch): 0.00205
INFO | Val - Loss, MSE, RMSE, MAE: 0.00278, 0.00278, 0.05208, 0.03229
INFO | Test - Best epoch 105, Loss, MSE, RMSE, MAE: 0.06265, 0.06265, 0.24804, 0.14834
INFO | Time spent: 2.82s
INFO | - Epoch 142, ExpID 72346
INFO | Train - Loss (one batch): 0.00272
INFO | Val - Loss, MSE, RMSE, MAE: 0.00270, 0.00270, 0.05125, 0.03089
INFO | Test - Best epoch 142, Loss, MSE, RMSE, MAE: 0.06152, 0.06152, 0.24575, 0.14708
INFO | Time spent: 3.26s
INFO | - Epoch 143, ExpID 72346
INFO | Train - Loss (one batch): 0.00253
INFO | Val - Loss, MSE, RMSE, MAE: 0.00278, 0.00278, 0.05196, 0.03187
INFO | Test - Best epoch 142, Loss, MSE, RMSE, MAE: 0.06152, 0.06152, 0.24575, 0.14708
INFO | Time spent: 2.76s
INFO | - Epoch 144, ExpID 72346
INFO | Train - Loss (one batch): 0.00230
INFO | Val - Loss, MSE, RMSE, MAE: 0.00276, 0.00276, 0.05187, 0.03153
INFO | Test - Best epoch 142, Loss, MSE, RMSE, MAE: 0.06152, 0.06152, 0.24575, 0.14708
INFO | Time spent: 2.81s
INFO | - Epoch 145, ExpID 72346
INFO | Train - Loss (one batch): 0.00205
INFO | Val - Loss, MSE, RMSE, MAE: 0.00274, 0.00274, 0.05160, 0.03137
INFO | Test - Best epoch 142, Loss, MSE, RMSE, MAE: 0.06152, 0.06152, 0.24575, 0.14708
INFO | Time spent: 2.82s
INFO | - Epoch 146, ExpID 72346
INFO | Train - Loss (one batch): 0.00249
INFO | Val - Loss, MSE, RMSE, MAE: 0.00280, 0.00280, 0.05220, 0.03204
INFO | Test - Best epoch 142, Loss, MSE, RMSE, MAE: 0.06152, 0.06152, 0.24575, 0.14708
INFO | Time spent: 2.80s
INFO | - Epoch 147, ExpID 72346
INFO | Train - Loss (one batch): 0.00311
INFO | Val - Loss, MSE, RMSE, MAE: 0.00275, 0.00275, 0.05176, 0.03190
INFO | Test - Best epoch 142, Loss, MSE, RMSE, MAE: 0.06152, 0.06152, 0.24575, 0.14708
INFO | Time spent: 2.82s
INFO | - Epoch 148, ExpID 72346
INFO | Train - Loss (one batch): 0.00300
INFO | Val - Loss, MSE, RMSE, MAE: 0.00291, 0.00291, 0.05328, 0.03393
INFO | Test - Best epoch 142, Loss, MSE, RMSE, MAE: 0.06152, 0.06152, 0.24575, 0.14708
INFO | Time spent: 2.83s
INFO | - Epoch 149, ExpID 72346
INFO | Train - Loss (one batch): 0.00241
INFO | Val - Loss, MSE, RMSE, MAE: 0.00274, 0.00274, 0.05165, 0.03129
INFO | Test - Best epoch 142, Loss, MSE, RMSE, MAE: 0.06152, 0.06152, 0.24575, 0.14708
INFO | Time spent: 2.80s
INFO | - Epoch 150, ExpID 72346
INFO | Train - Loss (one batch): 0.00257
INFO | Val - Loss, MSE, RMSE, MAE: 0.00274, 0.00274, 0.05159, 0.03100
INFO | Test - Best epoch 142, Loss, MSE, RMSE, MAE: 0.06152, 0.06152, 0.24575, 0.14708
INFO | Time spent: 2.82s
INFO | - Epoch 151, ExpID 72346
INFO | Train - Loss (one batch): 0.00283
INFO | Val - Loss, MSE, RMSE, MAE: 0.00275, 0.00275, 0.05173, 0.03153
INFO | Test - Best epoch 142, Loss, MSE, RMSE, MAE: 0.06152, 0.06152, 0.24575, 0.14708
INFO | Time spent: 2.83s
INFO | - Epoch 152, ExpID 72346
INFO | Train - Loss (one batch): 0.00224
INFO | Val - Loss, MSE, RMSE, MAE: 0.00278, 0.00278, 0.05197, 0.03212
INFO | Test - Best epoch 142, Loss, MSE, RMSE, MAE: 0.06152, 0.06152, 0.24575, 0.14708
INFO | Time spent: 2.82s
INFO | - Epoch 153, ExpID 72346
INFO | Train - Loss (one batch): 0.00232
INFO | Val - Loss, MSE, RMSE, MAE: 0.00280, 0.00280, 0.05223, 0.03273
INFO | Test - Best epoch 142, Loss, MSE, RMSE, MAE: 0.06152, 0.06152, 0.24575, 0.14708
INFO | Time spent: 2.82s
INFO | - Epoch 154, ExpID 72346
INFO | Train - Loss (one batch): 0.00213
INFO | Val - Loss, MSE, RMSE, MAE: 0.00273, 0.00273, 0.05154, 0.03130
INFO | Test - Best epoch 142, Loss, MSE, RMSE, MAE: 0.06152, 0.06152, 0.24575, 0.14708
INFO | Time spent: 2.82s
INFO | - Epoch 155, ExpID 72346
INFO | Train - Loss (one batch): 0.00214
INFO | Val - Loss, MSE, RMSE, MAE: 0.00280, 0.00280, 0.05218, 0.03234
INFO | Test - Best epoch 142, Loss, MSE, RMSE, MAE: 0.06152, 0.06152, 0.24575, 0.14708
INFO | Time spent: 2.82s
INFO | - Epoch 156, ExpID 72346
INFO | Train - Loss (one batch): 0.00241
INFO | Val - Loss, MSE, RMSE, MAE: 0.00275, 0.00275, 0.05171, 0.03139
INFO | Test - Best epoch 142, Loss, MSE, RMSE, MAE: 0.06152, 0.06152, 0.24575, 0.14708
INFO | Time spent: 2.82s
INFO | - Epoch 157, ExpID 72346
INFO | Train - Loss (one batch): 0.00195
INFO | Val - Loss, MSE, RMSE, MAE: 0.00272, 0.00272, 0.05143, 0.03097
INFO | Test - Best epoch 142, Loss, MSE, RMSE, MAE: 0.06152, 0.06152, 0.24575, 0.14708
INFO | Time spent: 2.80s
INFO | - Epoch 158, ExpID 72346
INFO | Train - Loss (one batch): 0.00173
INFO | Val - Loss, MSE, RMSE, MAE: 0.00284, 0.00284, 0.05254, 0.03243
INFO | Test - Best epoch 142, Loss, MSE, RMSE, MAE: 0.06152, 0.06152, 0.24575, 0.14708
INFO | Time spent: 2.82s
INFO | - Epoch 159, ExpID 72346
INFO | Train - Loss (one batch): 0.00235
INFO | Val - Loss, MSE, RMSE, MAE: 0.00279, 0.00279, 0.05204, 0.03159
INFO | Test - Best epoch 142, Loss, MSE, RMSE, MAE: 0.06152, 0.06152, 0.24575, 0.14708
INFO | Time spent: 2.81s
INFO | - Epoch 160, ExpID 72346
INFO | Train - Loss (one batch): 0.00190
INFO | Val - Loss, MSE, RMSE, MAE: 0.00275, 0.00275, 0.05171, 0.03118
INFO | Test - Best epoch 142, Loss, MSE, RMSE, MAE: 0.06152, 0.06152, 0.24575, 0.14708
INFO | Time spent: 2.82s
INFO | - Epoch 161, ExpID 72346
INFO | Train - Loss (one batch): 0.00192
INFO | Val - Loss, MSE, RMSE, MAE: 0.00274, 0.00274, 0.05164, 0.03150
INFO | Test - Best epoch 142, Loss, MSE, RMSE, MAE: 0.06152, 0.06152, 0.24575, 0.14708
INFO | Time spent: 2.83s
INFO | - Epoch 162, ExpID 72346
INFO | Train - Loss (one batch): 0.00239
INFO | Val - Loss, MSE, RMSE, MAE: 0.00276, 0.00276, 0.05182, 0.03140
INFO | Test - Best epoch 142, Loss, MSE, RMSE, MAE: 0.06152, 0.06152, 0.24575, 0.14708
INFO | Time spent: 2.83s
INFO | - Epoch 163, ExpID 72346
INFO | Train - Loss (one batch): 0.00179
INFO | Val - Loss, MSE, RMSE, MAE: 0.00275, 0.00275, 0.05176, 0.03150
INFO | Test - Best epoch 142, Loss, MSE, RMSE, MAE: 0.06152, 0.06152, 0.24575, 0.14708
INFO | Time spent: 2.89s
INFO | - Epoch 164, ExpID 72346
INFO | Train - Loss (one batch): 0.00232
INFO | Val - Loss, MSE, RMSE, MAE: 0.00274, 0.00274, 0.05161, 0.03131
INFO | Test - Best epoch 142, Loss, MSE, RMSE, MAE: 0.06152, 0.06152, 0.24575, 0.14708
INFO | Time spent: 2.82s
INFO | - Epoch 165, ExpID 72346
INFO | Train - Loss (one batch): 0.00197
INFO | Val - Loss, MSE, RMSE, MAE: 0.00273, 0.00273, 0.05151, 0.03106
INFO | Test - Best epoch 142, Loss, MSE, RMSE, MAE: 0.06152, 0.06152, 0.24575, 0.14708
INFO | Time spent: 2.84s
INFO | - Epoch 166, ExpID 72346
INFO | Train - Loss (one batch): 0.00270
INFO | Val - Loss, MSE, RMSE, MAE: 0.00294, 0.00294, 0.05357, 0.03420
INFO | Test - Best epoch 142, Loss, MSE, RMSE, MAE: 0.06152, 0.06152, 0.24575, 0.14708
INFO | Time spent: 2.83s
INFO | - Epoch 167, ExpID 72346
INFO | Train - Loss (one batch): 0.00177
INFO | Val - Loss, MSE, RMSE, MAE: 0.00277, 0.00277, 0.05188, 0.03157
INFO | Test - Best epoch 142, Loss, MSE, RMSE, MAE: 0.06152, 0.06152, 0.24575, 0.14708
INFO | Time spent: 3.07s
INFO | - Epoch 168, ExpID 72346
INFO | Train - Loss (one batch): 0.00211
INFO | Val - Loss, MSE, RMSE, MAE: 0.00279, 0.00279, 0.05214, 0.03225
INFO | Test - Best epoch 142, Loss, MSE, RMSE, MAE: 0.06152, 0.06152, 0.24575, 0.14708
INFO | Time spent: 2.81s
INFO | - Epoch 169, ExpID 72346
INFO | Train - Loss (one batch): 0.00228
INFO | Val - Loss, MSE, RMSE, MAE: 0.00278, 0.00278, 0.05195, 0.03168
INFO | Test - Best epoch 142, Loss, MSE, RMSE, MAE: 0.06152, 0.06152, 0.24575, 0.14708
INFO | Time spent: 2.83s
INFO | - Epoch 170, ExpID 72346
INFO | Train - Loss (one batch): 0.00225
INFO | Val - Loss, MSE, RMSE, MAE: 0.00275, 0.00275, 0.05175, 0.03181
INFO | Test - Best epoch 142, Loss, MSE, RMSE, MAE: 0.06152, 0.06152, 0.24575, 0.14708
INFO | Time spent: 2.81s
INFO | - Epoch 171, ExpID 72346
INFO | Train - Loss (one batch): 0.00182
INFO | Val - Loss, MSE, RMSE, MAE: 0.00277, 0.00277, 0.05185, 0.03165
INFO | Test - Best epoch 142, Loss, MSE, RMSE, MAE: 0.06152, 0.06152, 0.24575, 0.14708
INFO | Time spent: 2.81s
INFO | - Epoch 172, ExpID 72346
INFO | Train - Loss (one batch): 0.00255
INFO | Val - Loss, MSE, RMSE, MAE: 0.00282, 0.00282, 0.05232, 0.03228
INFO | Test - Best epoch 142, Loss, MSE, RMSE, MAE: 0.06152, 0.06152, 0.24575, 0.14708
INFO | Time spent: 2.97s
INFO | - Epoch 173, ExpID 72346
INFO | Train - Loss (one batch): 0.00290
INFO | Val - Loss, MSE, RMSE, MAE: 0.00278, 0.00278, 0.05204, 0.03210
INFO | Test - Best epoch 142, Loss, MSE, RMSE, MAE: 0.06152, 0.06152, 0.24575, 0.14708
INFO | Time spent: 2.95s
INFO | - Epoch 174, ExpID 72346
INFO | Train - Loss (one batch): 0.00191
INFO | Val - Loss, MSE, RMSE, MAE: 0.00280, 0.00280, 0.05221, 0.03194
INFO | Test - Best epoch 142, Loss, MSE, RMSE, MAE: 0.06152, 0.06152, 0.24575, 0.14708
INFO | Time spent: 2.80s
INFO | - Epoch 175, ExpID 72346
INFO | Train - Loss (one batch): 0.00213
INFO | Val - Loss, MSE, RMSE, MAE: 0.00283, 0.00283, 0.05245, 0.03256
INFO | Test - Best epoch 142, Loss, MSE, RMSE, MAE: 0.06152, 0.06152, 0.24575, 0.14708
INFO | Time spent: 3.07s
INFO | - Epoch 176, ExpID 72346
INFO | Train - Loss (one batch): 0.00251
INFO | Val - Loss, MSE, RMSE, MAE: 0.00278, 0.00278, 0.05205, 0.03231
INFO | Test - Best epoch 142, Loss, MSE, RMSE, MAE: 0.06152, 0.06152, 0.24575, 0.14708
INFO | Time spent: 3.09s
INFO | - Epoch 177, ExpID 72346
INFO | Train - Loss (one batch): 0.00201
INFO | Val - Loss, MSE, RMSE, MAE: 0.00275, 0.00275, 0.05169, 0.03151
INFO | Test - Best epoch 142, Loss, MSE, RMSE, MAE: 0.06152, 0.06152, 0.24575, 0.14708
INFO | Time spent: 3.07s
INFO | - Epoch 178, ExpID 72346
INFO | Train - Loss (one batch): 0.00175
INFO | Val - Loss, MSE, RMSE, MAE: 0.00281, 0.00281, 0.05224, 0.03211
INFO | Test - Best epoch 142, Loss, MSE, RMSE, MAE: 0.06152, 0.06152, 0.24575, 0.14708
INFO | Time spent: 2.83s
INFO | - Epoch 179, ExpID 72346
INFO | Train - Loss (one batch): 0.00197
INFO | Val - Loss, MSE, RMSE, MAE: 0.00278, 0.00278, 0.05205, 0.03217
INFO | Test - Best epoch 142, Loss, MSE, RMSE, MAE: 0.06152, 0.06152, 0.24575, 0.14708
INFO | Time spent: 2.83s
INFO | - Epoch 180, ExpID 72346
INFO | Train - Loss (one batch): 0.00202
INFO | Val - Loss, MSE, RMSE, MAE: 0.00286, 0.00286, 0.05268, 0.03264
INFO | Test - Best epoch 142, Loss, MSE, RMSE, MAE: 0.06152, 0.06152, 0.24575, 0.14708
INFO | Time spent: 2.86s
INFO | - Epoch 181, ExpID 72346
INFO | Train - Loss (one batch): 0.00258
INFO | Val - Loss, MSE, RMSE, MAE: 0.00275, 0.00275, 0.05169, 0.03155
INFO | Test - Best epoch 142, Loss, MSE, RMSE, MAE: 0.06152, 0.06152, 0.24575, 0.14708
INFO | Time spent: 2.85s
INFO | - Epoch 182, ExpID 72346
INFO | Train - Loss (one batch): 0.00205
INFO | Val - Loss, MSE, RMSE, MAE: 0.00276, 0.00276, 0.05180, 0.03156
INFO | Test - Best epoch 142, Loss, MSE, RMSE, MAE: 0.06152, 0.06152, 0.24575, 0.14708
INFO | Time spent: 2.85s
INFO | - Epoch 183, ExpID 72346
INFO | Train - Loss (one batch): 0.00181
INFO | Val - Loss, MSE, RMSE, MAE: 0.00278, 0.00278, 0.05195, 0.03162
INFO | Test - Best epoch 142, Loss, MSE, RMSE, MAE: 0.06152, 0.06152, 0.24575, 0.14708
INFO | Time spent: 2.86s
INFO | - Epoch 184, ExpID 72346
INFO | Train - Loss (one batch): 0.00272
INFO | Val - Loss, MSE, RMSE, MAE: 0.00277, 0.00277, 0.05191, 0.03173
INFO | Test - Best epoch 142, Loss, MSE, RMSE, MAE: 0.06152, 0.06152, 0.24575, 0.14708
INFO | Time spent: 2.85s
INFO | - Epoch 185, ExpID 72346
INFO | Train - Loss (one batch): 0.00198
INFO | Val - Loss, MSE, RMSE, MAE: 0.00292, 0.00292, 0.05339, 0.03425
INFO | Test - Best epoch 142, Loss, MSE, RMSE, MAE: 0.06152, 0.06152, 0.24575, 0.14708
INFO | Time spent: 2.84s
INFO | - Epoch 186, ExpID 72346
INFO | Train - Loss (one batch): 0.00184
INFO | Val - Loss, MSE, RMSE, MAE: 0.00288, 0.00288, 0.05294, 0.03371
INFO | Test - Best epoch 142, Loss, MSE, RMSE, MAE: 0.06152, 0.06152, 0.24575, 0.14708
INFO | Time spent: 2.85s
INFO | - Epoch 187, ExpID 72346
INFO | Train - Loss (one batch): 0.00212
INFO | Val - Loss, MSE, RMSE, MAE: 0.00277, 0.00277, 0.05193, 0.03186
INFO | Test - Best epoch 142, Loss, MSE, RMSE, MAE: 0.06152, 0.06152, 0.24575, 0.14708
INFO | Time spent: 2.85s
INFO | - Epoch 188, ExpID 72346
INFO | Train - Loss (one batch): 0.00150
INFO | Val - Loss, MSE, RMSE, MAE: 0.00287, 0.00287, 0.05281, 0.03306
INFO | Test - Best epoch 142, Loss, MSE, RMSE, MAE: 0.06152, 0.06152, 0.24575, 0.14708
INFO | Time spent: 2.84s
INFO | - Epoch 189, ExpID 72346
INFO | Train - Loss (one batch): 0.00185
INFO | Val - Loss, MSE, RMSE, MAE: 0.00289, 0.00289, 0.05304, 0.03336
INFO | Test - Best epoch 142, Loss, MSE, RMSE, MAE: 0.06152, 0.06152, 0.24575, 0.14708
INFO | Time spent: 2.87s
INFO | - Epoch 190, ExpID 72346
INFO | Train - Loss (one batch): 0.00201
INFO | Val - Loss, MSE, RMSE, MAE: 0.00282, 0.00282, 0.05243, 0.03270
INFO | Test - Best epoch 142, Loss, MSE, RMSE, MAE: 0.06152, 0.06152, 0.24575, 0.14708
INFO | Time spent: 2.87s
INFO | - Epoch 191, ExpID 72346
INFO | Train - Loss (one batch): 0.00170
INFO | Val - Loss, MSE, RMSE, MAE: 0.00287, 0.00287, 0.05281, 0.03290
INFO | Test - Best epoch 142, Loss, MSE, RMSE, MAE: 0.06152, 0.06152, 0.24575, 0.14708
INFO | Time spent: 2.88s
INFO | - Epoch 192, ExpID 72346
INFO | Train - Loss (one batch): 0.00234
INFO | Val - Loss, MSE, RMSE, MAE: 0.00279, 0.00279, 0.05207, 0.03209
INFO | Test - Best epoch 142, Loss, MSE, RMSE, MAE: 0.06152, 0.06152, 0.24575, 0.14708
INFO | Time spent: 2.87s
INFO | - Epoch 193, ExpID 72346
INFO | Train - Loss (one batch): 0.00248
INFO | Val - Loss, MSE, RMSE, MAE: 0.00276, 0.00276, 0.05178, 0.03153
INFO | Test - Best epoch 142, Loss, MSE, RMSE, MAE: 0.06152, 0.06152, 0.24575, 0.14708
INFO | Time spent: 3.05s
INFO | - Epoch 194, ExpID 72346
INFO | Train - Loss (one batch): 0.00202
INFO | Val - Loss, MSE, RMSE, MAE: 0.00279, 0.00279, 0.05210, 0.03194
INFO | Test - Best epoch 142, Loss, MSE, RMSE, MAE: 0.06152, 0.06152, 0.24575, 0.14708
INFO | Time spent: 2.82s
INFO | - Epoch 195, ExpID 72346
INFO | Train - Loss (one batch): 0.00187
INFO | Val - Loss, MSE, RMSE, MAE: 0.00279, 0.00279, 0.05209, 0.03218
INFO | Test - Best epoch 142, Loss, MSE, RMSE, MAE: 0.06152, 0.06152, 0.24575, 0.14708
INFO | Time spent: 2.82s
INFO | - Epoch 196, ExpID 72346
INFO | Train - Loss (one batch): 0.00203
INFO | Val - Loss, MSE, RMSE, MAE: 0.00279, 0.00279, 0.05200, 0.03181
INFO | Test - Best epoch 142, Loss, MSE, RMSE, MAE: 0.06152, 0.06152, 0.24575, 0.14708
INFO | Time spent: 2.85s
INFO | - Epoch 197, ExpID 72346
INFO | Train - Loss (one batch): 0.00215
INFO | Val - Loss, MSE, RMSE, MAE: 0.00283, 0.00283, 0.05244, 0.03204
INFO | Test - Best epoch 142, Loss, MSE, RMSE, MAE: 0.06152, 0.06152, 0.24575, 0.14708
INFO | Time spent: 3.20s
INFO | - Epoch 198, ExpID 72346
INFO | Train - Loss (one batch): 0.00247
INFO | Val - Loss, MSE, RMSE, MAE: 0.00276, 0.00276, 0.05182, 0.03165
INFO | Test - Best epoch 142, Loss, MSE, RMSE, MAE: 0.06152, 0.06152, 0.24575, 0.14708
INFO | Time spent: 2.89s
INFO | - Epoch 199, ExpID 72346
INFO | Train - Loss (one batch): 0.00217
INFO | Val - Loss, MSE, RMSE, MAE: 0.00278, 0.00278, 0.05202, 0.03222
INFO | Test - Best epoch 142, Loss, MSE, RMSE, MAE: 0.06152, 0.06152, 0.24575, 0.14708
INFO | Time spent: 2.89s
INFO | - Epoch 200, ExpID 72346
INFO | Train - Loss (one batch): 0.00196
INFO | Val - Loss, MSE, RMSE, MAE: 0.00274, 0.00274, 0.05155, 0.03119
INFO | Test - Best epoch 142, Loss, MSE, RMSE, MAE: 0.06152, 0.06152, 0.24575, 0.14708
INFO | Time spent: 2.90s
INFO | - Epoch 201, ExpID 72346
INFO | Train - Loss (one batch): 0.00189
INFO | Val - Loss, MSE, RMSE, MAE: 0.00277, 0.00277, 0.05186, 0.03161
INFO | Test - Best epoch 142, Loss, MSE, RMSE, MAE: 0.06152, 0.06152, 0.24575, 0.14708
INFO | Time spent: 2.87s
INFO | - Epoch 202, ExpID 72346
INFO | Train - Loss (one batch): 0.00190
INFO | Val - Loss, MSE, RMSE, MAE: 0.00278, 0.00278, 0.05199, 0.03164
INFO | Test - Best epoch 142, Loss, MSE, RMSE, MAE: 0.06152, 0.06152, 0.24575, 0.14708
INFO | Time spent: 2.87s
INFO | - Epoch 203, ExpID 72346
INFO | Train - Loss (one batch): 0.00214
INFO | Val - Loss, MSE, RMSE, MAE: 0.00289, 0.00289, 0.05298, 0.03282
INFO | Test - Best epoch 142, Loss, MSE, RMSE, MAE: 0.06152, 0.06152, 0.24575, 0.14708
INFO | Time spent: 2.89s
INFO | - Epoch 204, ExpID 72346
INFO | Train - Loss (one batch): 0.00189
INFO | Val - Loss, MSE, RMSE, MAE: 0.00279, 0.00279, 0.05197, 0.03152
INFO | Test - Best epoch 142, Loss, MSE, RMSE, MAE: 0.06152, 0.06152, 0.24575, 0.14708
INFO | Time spent: 2.86s
INFO | - Epoch 205, ExpID 72346
INFO | Train - Loss (one batch): 0.00194
INFO | Val - Loss, MSE, RMSE, MAE: 0.00275, 0.00275, 0.05168, 0.03140
INFO | Test - Best epoch 142, Loss, MSE, RMSE, MAE: 0.06152, 0.06152, 0.24575, 0.14708
INFO | Time spent: 2.80s
INFO | - Epoch 206, ExpID 72346
INFO | Train - Loss (one batch): 0.00262
INFO | Val - Loss, MSE, RMSE, MAE: 0.00283, 0.00283, 0.05239, 0.03204
INFO | Test - Best epoch 142, Loss, MSE, RMSE, MAE: 0.06152, 0.06152, 0.24575, 0.14708
INFO | Time spent: 2.80s
INFO | - Epoch 207, ExpID 72346
INFO | Train - Loss (one batch): 0.00223
INFO | Val - Loss, MSE, RMSE, MAE: 0.00278, 0.00278, 0.05200, 0.03165
INFO | Test - Best epoch 142, Loss, MSE, RMSE, MAE: 0.06152, 0.06152, 0.24575, 0.14708
INFO | Time spent: 2.85s
INFO | - Epoch 208, ExpID 72346
INFO | Train - Loss (one batch): 0.00250
INFO | Val - Loss, MSE, RMSE, MAE: 0.00279, 0.00279, 0.05204, 0.03200
INFO | Test - Best epoch 142, Loss, MSE, RMSE, MAE: 0.06152, 0.06152, 0.24575, 0.14708
INFO | Time spent: 2.81s
INFO | - Epoch 209, ExpID 72346
INFO | Train - Loss (one batch): 0.00253
INFO | Val - Loss, MSE, RMSE, MAE: 0.00281, 0.00281, 0.05223, 0.03174
INFO | Test - Best epoch 142, Loss, MSE, RMSE, MAE: 0.06152, 0.06152, 0.24575, 0.14708
INFO | Time spent: 3.03s
INFO | - Epoch 210, ExpID 72346
INFO | Train - Loss (one batch): 0.00229
INFO | Val - Loss, MSE, RMSE, MAE: 0.00273, 0.00273, 0.05145, 0.03114
INFO | Test - Best epoch 142, Loss, MSE, RMSE, MAE: 0.06152, 0.06152, 0.24575, 0.14708
INFO | Time spent: 2.90s
INFO | - Epoch 211, ExpID 72346
INFO | Train - Loss (one batch): 0.00221
INFO | Val - Loss, MSE, RMSE, MAE: 0.00282, 0.00282, 0.05234, 0.03189
INFO | Test - Best epoch 142, Loss, MSE, RMSE, MAE: 0.06152, 0.06152, 0.24575, 0.14708
INFO | Time spent: 2.88s
INFO | - Epoch 212, ExpID 72346
INFO | Train - Loss (one batch): 0.00186
INFO | Val - Loss, MSE, RMSE, MAE: 0.00278, 0.00278, 0.05195, 0.03156
INFO | Test - Best epoch 142, Loss, MSE, RMSE, MAE: 0.06152, 0.06152, 0.24575, 0.14708
INFO | Time spent: 2.83s
INFO | - Epoch 213, ExpID 72346
INFO | Train - Loss (one batch): 0.00221
INFO | Val - Loss, MSE, RMSE, MAE: 0.00281, 0.00281, 0.05223, 0.03170
INFO | Test - Best epoch 142, Loss, MSE, RMSE, MAE: 0.06152, 0.06152, 0.24575, 0.14708
INFO | Time spent: 2.87s
INFO | - Epoch 214, ExpID 72346
INFO | Train - Loss (one batch): 0.00214
INFO | Val - Loss, MSE, RMSE, MAE: 0.00281, 0.00281, 0.05219, 0.03169
INFO | Test - Best epoch 142, Loss, MSE, RMSE, MAE: 0.06152, 0.06152, 0.24575, 0.14708
INFO | Time spent: 2.87s
INFO | - Epoch 215, ExpID 72346
INFO | Train - Loss (one batch): 0.00201
INFO | Val - Loss, MSE, RMSE, MAE: 0.00278, 0.00278, 0.05193, 0.03179
INFO | Test - Best epoch 142, Loss, MSE, RMSE, MAE: 0.06152, 0.06152, 0.24575, 0.14708
INFO | Time spent: 2.86s
INFO | - Epoch 216, ExpID 72346
INFO | Train - Loss (one batch): 0.00283
INFO | Val - Loss, MSE, RMSE, MAE: 0.00278, 0.00278, 0.05194, 0.03153
INFO | Test - Best epoch 142, Loss, MSE, RMSE, MAE: 0.06152, 0.06152, 0.24575, 0.14708
INFO | Time spent: 2.99s
INFO | - Epoch 217, ExpID 72346
INFO | Train - Loss (one batch): 0.00175
INFO | Val - Loss, MSE, RMSE, MAE: 0.00286, 0.00286, 0.05271, 0.03309
INFO | Test - Best epoch 142, Loss, MSE, RMSE, MAE: 0.06152, 0.06152, 0.24575, 0.14708
INFO | Time spent: 3.07s
INFO | - Epoch 218, ExpID 72346
INFO | Train - Loss (one batch): 0.00157
INFO | Val - Loss, MSE, RMSE, MAE: 0.00277, 0.00277, 0.05190, 0.03168
INFO | Test - Best epoch 142, Loss, MSE, RMSE, MAE: 0.06152, 0.06152, 0.24575, 0.14708
INFO | Time spent: 3.01s
INFO | - Epoch 219, ExpID 72346
INFO | Train - Loss (one batch): 0.00210
INFO | Val - Loss, MSE, RMSE, MAE: 0.00282, 0.00282, 0.05228, 0.03187
INFO | Test - Best epoch 142, Loss, MSE, RMSE, MAE: 0.06152, 0.06152, 0.24575, 0.14708
INFO | Time spent: 2.81s
INFO | - Epoch 220, ExpID 72346
INFO | Train - Loss (one batch): 0.00196
INFO | Val - Loss, MSE, RMSE, MAE: 0.00282, 0.00282, 0.05228, 0.03192
INFO | Test - Best epoch 142, Loss, MSE, RMSE, MAE: 0.06152, 0.06152, 0.24575, 0.14708
INFO | Time spent: 2.81s
INFO | - Epoch 221, ExpID 72346
INFO | Train - Loss (one batch): 0.00270
INFO | Val - Loss, MSE, RMSE, MAE: 0.00276, 0.00276, 0.05175, 0.03126
INFO | Test - Best epoch 142, Loss, MSE, RMSE, MAE: 0.06152, 0.06152, 0.24575, 0.14708
INFO | Time spent: 2.81s
INFO | - Epoch 222, ExpID 72346
INFO | Train - Loss (one batch): 0.00225
INFO | Val - Loss, MSE, RMSE, MAE: 0.00281, 0.00281, 0.05227, 0.03224
INFO | Test - Best epoch 142, Loss, MSE, RMSE, MAE: 0.06152, 0.06152, 0.24575, 0.14708
INFO | Time spent: 2.80s
INFO | - Epoch 223, ExpID 72346
INFO | Train - Loss (one batch): 0.00234
INFO | Val - Loss, MSE, RMSE, MAE: 0.00279, 0.00279, 0.05199, 0.03152
INFO | Test - Best epoch 142, Loss, MSE, RMSE, MAE: 0.06152, 0.06152, 0.24575, 0.14708
INFO | Time spent: 2.81s
INFO | - Epoch 224, ExpID 72346
INFO | Train - Loss (one batch): 0.00211
INFO | Val - Loss, MSE, RMSE, MAE: 0.00289, 0.00289, 0.05303, 0.03336
INFO | Test - Best epoch 142, Loss, MSE, RMSE, MAE: 0.06152, 0.06152, 0.24575, 0.14708
INFO | Time spent: 2.82s
INFO | - Epoch 225, ExpID 72346
INFO | Train - Loss (one batch): 0.00197
INFO | Val - Loss, MSE, RMSE, MAE: 0.00288, 0.00288, 0.05287, 0.03250
INFO | Test - Best epoch 142, Loss, MSE, RMSE, MAE: 0.06152, 0.06152, 0.24575, 0.14708
INFO | Time spent: 2.82s
INFO | - Epoch 226, ExpID 72346
INFO | Train - Loss (one batch): 0.00258
INFO | Val - Loss, MSE, RMSE, MAE: 0.00275, 0.00275, 0.05171, 0.03127
INFO | Test - Best epoch 142, Loss, MSE, RMSE, MAE: 0.06152, 0.06152, 0.24575, 0.14708
INFO | Time spent: 2.81s
INFO | - Epoch 227, ExpID 72346
INFO | Train - Loss (one batch): 0.00252
INFO | Val - Loss, MSE, RMSE, MAE: 0.00278, 0.00278, 0.05199, 0.03166
INFO | Test - Best epoch 142, Loss, MSE, RMSE, MAE: 0.06152, 0.06152, 0.24575, 0.14708
INFO | Time spent: 2.80s
INFO | - Epoch 228, ExpID 72346
INFO | Train - Loss (one batch): 0.00192
INFO | Val - Loss, MSE, RMSE, MAE: 0.00283, 0.00283, 0.05241, 0.03219
INFO | Test - Best epoch 142, Loss, MSE, RMSE, MAE: 0.06152, 0.06152, 0.24575, 0.14708
INFO | Time spent: 2.83s
INFO | - Epoch 229, ExpID 72346
INFO | Train - Loss (one batch): 0.00250
INFO | Val - Loss, MSE, RMSE, MAE: 0.00281, 0.00281, 0.05221, 0.03196
INFO | Test - Best epoch 142, Loss, MSE, RMSE, MAE: 0.06152, 0.06152, 0.24575, 0.14708
INFO | Time spent: 2.82s
INFO | - Epoch 230, ExpID 72346
INFO | Train - Loss (one batch): 0.00174
INFO | Val - Loss, MSE, RMSE, MAE: 0.00284, 0.00284, 0.05252, 0.03256
INFO | Test - Best epoch 142, Loss, MSE, RMSE, MAE: 0.06152, 0.06152, 0.24575, 0.14708
INFO | Time spent: 2.81s
INFO | - Epoch 231, ExpID 72346
INFO | Train - Loss (one batch): 0.00195
INFO | Val - Loss, MSE, RMSE, MAE: 0.00279, 0.00279, 0.05204, 0.03169
INFO | Test - Best epoch 142, Loss, MSE, RMSE, MAE: 0.06152, 0.06152, 0.24575, 0.14708
INFO | Time spent: 2.81s
INFO | - Epoch 232, ExpID 72346
INFO | Train - Loss (one batch): 0.00141
INFO | Val - Loss, MSE, RMSE, MAE: 0.00290, 0.00290, 0.05315, 0.03343
INFO | Test - Best epoch 142, Loss, MSE, RMSE, MAE: 0.06152, 0.06152, 0.24575, 0.14708
INFO | Time spent: 2.80s
INFO | - Epoch 233, ExpID 72346
INFO | Train - Loss (one batch): 0.00200
INFO | Val - Loss, MSE, RMSE, MAE: 0.00287, 0.00287, 0.05280, 0.03223
INFO | Test - Best epoch 142, Loss, MSE, RMSE, MAE: 0.06152, 0.06152, 0.24575, 0.14708
INFO | Time spent: 2.82s
INFO | - Epoch 234, ExpID 72346
INFO | Train - Loss (one batch): 0.00249
INFO | Val - Loss, MSE, RMSE, MAE: 0.00280, 0.00280, 0.05215, 0.03191
INFO | Test - Best epoch 142, Loss, MSE, RMSE, MAE: 0.06152, 0.06152, 0.24575, 0.14708
INFO | Time spent: 2.80s
INFO | - Epoch 235, ExpID 72346
INFO | Train - Loss (one batch): 0.00217
INFO | Val - Loss, MSE, RMSE, MAE: 0.00280, 0.00280, 0.05219, 0.03163
INFO | Test - Best epoch 142, Loss, MSE, RMSE, MAE: 0.06152, 0.06152, 0.24575, 0.14708
INFO | Time spent: 2.82s
INFO | - Epoch 236, ExpID 72346
INFO | Train - Loss (one batch): 0.00123
INFO | Val - Loss, MSE, RMSE, MAE: 0.00285, 0.00285, 0.05265, 0.03270
INFO | Test - Best epoch 142, Loss, MSE, RMSE, MAE: 0.06152, 0.06152, 0.24575, 0.14708
INFO | Time spent: 2.82s
INFO | - Epoch 237, ExpID 72346
INFO | Train - Loss (one batch): 0.00212
INFO | Val - Loss, MSE, RMSE, MAE: 0.00294, 0.00294, 0.05351, 0.03378
INFO | Test - Best epoch 142, Loss, MSE, RMSE, MAE: 0.06152, 0.06152, 0.24575, 0.14708
INFO | Time spent: 2.81s
INFO | - Epoch 238, ExpID 72346
INFO | Train - Loss (one batch): 0.00244
INFO | Val - Loss, MSE, RMSE, MAE: 0.00280, 0.00280, 0.05212, 0.03184
INFO | Test - Best epoch 142, Loss, MSE, RMSE, MAE: 0.06152, 0.06152, 0.24575, 0.14708
INFO | Time spent: 2.81s
INFO | - Epoch 239, ExpID 72346
INFO | Train - Loss (one batch): 0.00161
INFO | Val - Loss, MSE, RMSE, MAE: 0.00281, 0.00281, 0.05223, 0.03194
INFO | Test - Best epoch 142, Loss, MSE, RMSE, MAE: 0.06152, 0.06152, 0.24575, 0.14708
INFO | Time spent: 2.82s
INFO | - Epoch 240, ExpID 72346
INFO | Train - Loss (one batch): 0.00182
INFO | Val - Loss, MSE, RMSE, MAE: 0.00280, 0.00280, 0.05209, 0.03166
INFO | Test - Best epoch 142, Loss, MSE, RMSE, MAE: 0.06152, 0.06152, 0.24575, 0.14708
INFO | Time spent: 3.07s
INFO | - Epoch 241, ExpID 72346
INFO | Train - Loss (one batch): 0.00180
INFO | Val - Loss, MSE, RMSE, MAE: 0.00282, 0.00282, 0.05242, 0.03279
INFO | Test - Best epoch 142, Loss, MSE, RMSE, MAE: 0.06152, 0.06152, 0.24575, 0.14708
INFO | Time spent: 2.81s
INFO | - Epoch 242, ExpID 72346
INFO | Train - Loss (one batch): 0.00183
INFO | Val - Loss, MSE, RMSE, MAE: 0.00282, 0.00282, 0.05231, 0.03176
INFO | Test - Best epoch 142, Loss, MSE, RMSE, MAE: 0.06152, 0.06152, 0.24575, 0.14708
INFO | Time spent: 2.82s
INFO | - Epoch 243, ExpID 72346
INFO | Train - Loss (one batch): 0.00177
INFO | Val - Loss, MSE, RMSE, MAE: 0.00280, 0.00280, 0.05217, 0.03192
INFO | Test - Best epoch 142, Loss, MSE, RMSE, MAE: 0.06152, 0.06152, 0.24575, 0.14708
INFO | Time spent: 2.82s
INFO | - Epoch 244, ExpID 72346
INFO | Train - Loss (one batch): 0.00176
INFO | Val - Loss, MSE, RMSE, MAE: 0.00282, 0.00282, 0.05231, 0.03185
INFO | Test - Best epoch 142, Loss, MSE, RMSE, MAE: 0.06152, 0.06152, 0.24575, 0.14708
INFO | Time spent: 2.80s
INFO | - Epoch 245, ExpID 72346
INFO | Train - Loss (one batch): 0.00250
INFO | Val - Loss, MSE, RMSE, MAE: 0.00281, 0.00281, 0.05230, 0.03227
INFO | Test - Best epoch 142, Loss, MSE, RMSE, MAE: 0.06152, 0.06152, 0.24575, 0.14708
INFO | Time spent: 2.90s
INFO | - Epoch 246, ExpID 72346
INFO | Train - Loss (one batch): 0.00186
INFO | Val - Loss, MSE, RMSE, MAE: 0.00281, 0.00281, 0.05223, 0.03225
INFO | Test - Best epoch 142, Loss, MSE, RMSE, MAE: 0.06152, 0.06152, 0.24575, 0.14708
INFO | Time spent: 2.73s
INFO | - Epoch 247, ExpID 72346
INFO | Train - Loss (one batch): 0.00210
INFO | Val - Loss, MSE, RMSE, MAE: 0.00280, 0.00280, 0.05215, 0.03192
INFO | Test - Best epoch 142, Loss, MSE, RMSE, MAE: 0.06152, 0.06152, 0.24575, 0.14708
INFO | Time spent: 2.73s
INFO | - Epoch 248, ExpID 72346
INFO | Train - Loss (one batch): 0.00185
INFO | Val - Loss, MSE, RMSE, MAE: 0.00279, 0.00279, 0.05207, 0.03185
INFO | Test - Best epoch 142, Loss, MSE, RMSE, MAE: 0.06152, 0.06152, 0.24575, 0.14708
INFO | Time spent: 2.76s
INFO | - Epoch 249, ExpID 72346
INFO | Train - Loss (one batch): 0.00238
INFO | Val - Loss, MSE, RMSE, MAE: 0.00279, 0.00279, 0.05210, 0.03182
INFO | Test - Best epoch 142, Loss, MSE, RMSE, MAE: 0.06152, 0.06152, 0.24575, 0.14708
INFO | Time spent: 2.74s
INFO | - Epoch 250, ExpID 72346
INFO | Train - Loss (one batch): 0.00196
INFO | Val - Loss, MSE, RMSE, MAE: 0.00278, 0.00278, 0.05198, 0.03178
INFO | Test - Best epoch 142, Loss, MSE, RMSE, MAE: 0.06152, 0.06152, 0.24575, 0.14708
INFO | Time spent: 2.86s
INFO | - Epoch 251, ExpID 72346
INFO | Train - Loss (one batch): 0.00177
INFO | Val - Loss, MSE, RMSE, MAE: 0.00279, 0.00279, 0.05205, 0.03165
INFO | Test - Best epoch 142, Loss, MSE, RMSE, MAE: 0.06152, 0.06152, 0.24575, 0.14708
INFO | Time spent: 3.06s
INFO | - Epoch 252, ExpID 72346
INFO | Train - Loss (one batch): 0.00188
INFO | Val - Loss, MSE, RMSE, MAE: 0.00287, 0.00287, 0.05273, 0.03245
INFO | Test - Best epoch 142, Loss, MSE, RMSE, MAE: 0.06152, 0.06152, 0.24575, 0.14708
INFO | Time spent: 3.15s
INFO | - Epoch 253, ExpID 72346
INFO | Train - Loss (one batch): 0.00213
INFO | Val - Loss, MSE, RMSE, MAE: 0.00277, 0.00277, 0.05184, 0.03153
INFO | Test - Best epoch 142, Loss, MSE, RMSE, MAE: 0.06152, 0.06152, 0.24575, 0.14708
INFO | Time spent: 3.18s
INFO | - Epoch 254, ExpID 72346
INFO | Train - Loss (one batch): 0.00179
INFO | Val - Loss, MSE, RMSE, MAE: 0.00283, 0.00283, 0.05241, 0.03209
INFO | Test - Best epoch 142, Loss, MSE, RMSE, MAE: 0.06152, 0.06152, 0.24575, 0.14708
INFO | Time spent: 2.85s
INFO | - Epoch 255, ExpID 72346
INFO | Train - Loss (one batch): 0.00181
INFO | Val - Loss, MSE, RMSE, MAE: 0.00281, 0.00281, 0.05221, 0.03178
INFO | Test - Best epoch 142, Loss, MSE, RMSE, MAE: 0.06152, 0.06152, 0.24575, 0.14708
INFO | Time spent: 2.87s
INFO | - Epoch 256, ExpID 72346
INFO | Train - Loss (one batch): 0.00203
INFO | Val - Loss, MSE, RMSE, MAE: 0.00279, 0.00279, 0.05210, 0.03170
INFO | Test - Best epoch 142, Loss, MSE, RMSE, MAE: 0.06152, 0.06152, 0.24575, 0.14708
INFO | Time spent: 2.87s
INFO | - Epoch 257, ExpID 72346
INFO | Train - Loss (one batch): 0.00195
INFO | Val - Loss, MSE, RMSE, MAE: 0.00283, 0.00283, 0.05242, 0.03193
INFO | Test - Best epoch 142, Loss, MSE, RMSE, MAE: 0.06152, 0.06152, 0.24575, 0.14708
INFO | Time spent: 2.87s
INFO | - Epoch 258, ExpID 72346
INFO | Train - Loss (one batch): 0.00159
INFO | Val - Loss, MSE, RMSE, MAE: 0.00282, 0.00282, 0.05240, 0.03240
INFO | Test - Best epoch 142, Loss, MSE, RMSE, MAE: 0.06152, 0.06152, 0.24575, 0.14708
INFO | Time spent: 2.88s
INFO | - Epoch 259, ExpID 72346
INFO | Train - Loss (one batch): 0.00236
INFO | Val - Loss, MSE, RMSE, MAE: 0.00283, 0.00283, 0.05246, 0.03191
INFO | Test - Best epoch 142, Loss, MSE, RMSE, MAE: 0.06152, 0.06152, 0.24575, 0.14708
INFO | Time spent: 3.03s
INFO | - Epoch 260, ExpID 72346
INFO | Train - Loss (one batch): 0.00254
INFO | Val - Loss, MSE, RMSE, MAE: 0.00281, 0.00281, 0.05228, 0.03203
INFO | Test - Best epoch 142, Loss, MSE, RMSE, MAE: 0.06152, 0.06152, 0.24575, 0.14708
INFO | Time spent: 3.08s
INFO | - Epoch 261, ExpID 72346
INFO | Train - Loss (one batch): 0.00144
INFO | Val - Loss, MSE, RMSE, MAE: 0.00282, 0.00282, 0.05237, 0.03211
INFO | Test - Best epoch 142, Loss, MSE, RMSE, MAE: 0.06152, 0.06152, 0.24575, 0.14708
INFO | Time spent: 3.18s
INFO | - Epoch 262, ExpID 72346
INFO | Train - Loss (one batch): 0.00187
INFO | Val - Loss, MSE, RMSE, MAE: 0.00284, 0.00284, 0.05249, 0.03215
INFO | Test - Best epoch 142, Loss, MSE, RMSE, MAE: 0.06152, 0.06152, 0.24575, 0.14708
INFO | Time spent: 2.87s
INFO | - Epoch 263, ExpID 72346
INFO | Train - Loss (one batch): 0.00148
INFO | Val - Loss, MSE, RMSE, MAE: 0.00284, 0.00284, 0.05264, 0.03300
INFO | Test - Best epoch 142, Loss, MSE, RMSE, MAE: 0.06152, 0.06152, 0.24575, 0.14708
INFO | Time spent: 2.92s
INFO | - Epoch 264, ExpID 72346
INFO | Train - Loss (one batch): 0.00188
INFO | Val - Loss, MSE, RMSE, MAE: 0.00280, 0.00280, 0.05219, 0.03199
INFO | Test - Best epoch 142, Loss, MSE, RMSE, MAE: 0.06152, 0.06152, 0.24575, 0.14708
INFO | Time spent: 2.97s
INFO | - Epoch 265, ExpID 72346
INFO | Train - Loss (one batch): 0.00181
INFO | Val - Loss, MSE, RMSE, MAE: 0.00288, 0.00288, 0.05299, 0.03284
INFO | Test - Best epoch 142, Loss, MSE, RMSE, MAE: 0.06152, 0.06152, 0.24575, 0.14708
INFO | Time spent: 2.87s
INFO | - Epoch 266, ExpID 72346
INFO | Train - Loss (one batch): 0.00191
INFO | Val - Loss, MSE, RMSE, MAE: 0.00282, 0.00282, 0.05239, 0.03223
INFO | Test - Best epoch 142, Loss, MSE, RMSE, MAE: 0.06152, 0.06152, 0.24575, 0.14708
INFO | Time spent: 2.85s
INFO | - Epoch 267, ExpID 72346
INFO | Train - Loss (one batch): 0.00216
INFO | Val - Loss, MSE, RMSE, MAE: 0.00286, 0.00286, 0.05275, 0.03280
INFO | Test - Best epoch 142, Loss, MSE, RMSE, MAE: 0.06152, 0.06152, 0.24575, 0.14708
INFO | Time spent: 2.86s
INFO | - Epoch 268, ExpID 72346
INFO | Train - Loss (one batch): 0.00222
INFO | Val - Loss, MSE, RMSE, MAE: 0.00278, 0.00278, 0.05197, 0.03177
INFO | Test - Best epoch 142, Loss, MSE, RMSE, MAE: 0.06152, 0.06152, 0.24575, 0.14708
INFO | Time spent: 2.85s
INFO | - Epoch 269, ExpID 72346
INFO | Train - Loss (one batch): 0.00193
INFO | Val - Loss, MSE, RMSE, MAE: 0.00281, 0.00281, 0.05223, 0.03223
INFO | Test - Best epoch 142, Loss, MSE, RMSE, MAE: 0.06152, 0.06152, 0.24575, 0.14708
INFO | Time spent: 2.95s
INFO | - Epoch 270, ExpID 72346
INFO | Train - Loss (one batch): 0.00195
INFO | Val - Loss, MSE, RMSE, MAE: 0.00288, 0.00288, 0.05291, 0.03279
INFO | Test - Best epoch 142, Loss, MSE, RMSE, MAE: 0.06152, 0.06152, 0.24575, 0.14708
INFO | Time spent: 2.83s
INFO | - Epoch 271, ExpID 72346
INFO | Train - Loss (one batch): 0.00196
INFO | Val - Loss, MSE, RMSE, MAE: 0.00279, 0.00279, 0.05212, 0.03181
INFO | Test - Best epoch 142, Loss, MSE, RMSE, MAE: 0.06152, 0.06152, 0.24575, 0.14708
INFO | Time spent: 2.81s
INFO | - Epoch 272, ExpID 72346
INFO | Train - Loss (one batch): 0.00192
INFO | Val - Loss, MSE, RMSE, MAE: 0.00285, 0.00285, 0.05264, 0.03265
INFO | Test - Best epoch 142, Loss, MSE, RMSE, MAE: 0.06152, 0.06152, 0.24575, 0.14708
INFO | Time spent: 2.80s
INFO | - Epoch 273, ExpID 72346
INFO | Train - Loss (one batch): 0.00265
INFO | Val - Loss, MSE, RMSE, MAE: 0.00280, 0.00280, 0.05217, 0.03183
INFO | Test - Best epoch 142, Loss, MSE, RMSE, MAE: 0.06152, 0.06152, 0.24575, 0.14708
INFO | Time spent: 2.84s
INFO | - Epoch 274, ExpID 72346
INFO | Train - Loss (one batch): 0.00208
INFO | Val - Loss, MSE, RMSE, MAE: 0.00281, 0.00281, 0.05224, 0.03223
INFO | Test - Best epoch 142, Loss, MSE, RMSE, MAE: 0.06152, 0.06152, 0.24575, 0.14708
INFO | Time spent: 2.82s
INFO | - Epoch 275, ExpID 72346
INFO | Train - Loss (one batch): 0.00175
INFO | Val - Loss, MSE, RMSE, MAE: 0.00283, 0.00283, 0.05239, 0.03215
INFO | Test - Best epoch 142, Loss, MSE, RMSE, MAE: 0.06152, 0.06152, 0.24575, 0.14708
INFO | Time spent: 2.82s
INFO | - Epoch 276, ExpID 72346
INFO | Train - Loss (one batch): 0.00182
INFO | Val - Loss, MSE, RMSE, MAE: 0.00285, 0.00285, 0.05261, 0.03270
INFO | Test - Best epoch 142, Loss, MSE, RMSE, MAE: 0.06152, 0.06152, 0.24575, 0.14708
INFO | Time spent: 2.83s
INFO | - Epoch 277, ExpID 72346
INFO | Train - Loss (one batch): 0.00215
INFO | Val - Loss, MSE, RMSE, MAE: 0.00290, 0.00290, 0.05306, 0.03308
INFO | Test - Best epoch 142, Loss, MSE, RMSE, MAE: 0.06152, 0.06152, 0.24575, 0.14708
INFO | Time spent: 2.82s
INFO | - Epoch 278, ExpID 72346
INFO | Train - Loss (one batch): 0.00134
INFO | Val - Loss, MSE, RMSE, MAE: 0.00280, 0.00280, 0.05213, 0.03175
INFO | Test - Best epoch 142, Loss, MSE, RMSE, MAE: 0.06152, 0.06152, 0.24575, 0.14708
INFO | Time spent: 2.84s
INFO | - Epoch 279, ExpID 72346
INFO | Train - Loss (one batch): 0.00189
INFO | Val - Loss, MSE, RMSE, MAE: 0.00284, 0.00284, 0.05255, 0.03210
INFO | Test - Best epoch 142, Loss, MSE, RMSE, MAE: 0.06152, 0.06152, 0.24575, 0.14708
INFO | Time spent: 2.82s
INFO | - Epoch 280, ExpID 72346
INFO | Train - Loss (one batch): 0.00190
INFO | Val - Loss, MSE, RMSE, MAE: 0.00282, 0.00282, 0.05235, 0.03232
INFO | Test - Best epoch 142, Loss, MSE, RMSE, MAE: 0.06152, 0.06152, 0.24575, 0.14708
INFO | Time spent: 2.86s
INFO | - Epoch 281, ExpID 72346
INFO | Train - Loss (one batch): 0.00187
INFO | Val - Loss, MSE, RMSE, MAE: 0.00283, 0.00283, 0.05248, 0.03209
INFO | Test - Best epoch 142, Loss, MSE, RMSE, MAE: 0.06152, 0.06152, 0.24575, 0.14708
INFO | Time spent: 2.84s
INFO | - Epoch 282, ExpID 72346
INFO | Train - Loss (one batch): 0.00243
INFO | Val - Loss, MSE, RMSE, MAE: 0.00279, 0.00279, 0.05203, 0.03173
INFO | Test - Best epoch 142, Loss, MSE, RMSE, MAE: 0.06152, 0.06152, 0.24575, 0.14708
INFO | Time spent: 2.86s
INFO | - Epoch 283, ExpID 72346
INFO | Train - Loss (one batch): 0.00173
INFO | Val - Loss, MSE, RMSE, MAE: 0.00286, 0.00286, 0.05269, 0.03284
INFO | Test - Best epoch 142, Loss, MSE, RMSE, MAE: 0.06152, 0.06152, 0.24575, 0.14708
INFO | Time spent: 2.86s
INFO | - Epoch 284, ExpID 72346
INFO | Train - Loss (one batch): 0.00214
INFO | Val - Loss, MSE, RMSE, MAE: 0.00287, 0.00287, 0.05281, 0.03268
INFO | Test - Best epoch 142, Loss, MSE, RMSE, MAE: 0.06152, 0.06152, 0.24575, 0.14708
INFO | Time spent: 2.89s
INFO | - Epoch 285, ExpID 72346
INFO | Train - Loss (one batch): 0.00158
INFO | Val - Loss, MSE, RMSE, MAE: 0.00282, 0.00282, 0.05233, 0.03182
INFO | Test - Best epoch 142, Loss, MSE, RMSE, MAE: 0.06152, 0.06152, 0.24575, 0.14708
INFO | Time spent: 2.86s
INFO | - Epoch 286, ExpID 72346
INFO | Train - Loss (one batch): 0.00162
INFO | Val - Loss, MSE, RMSE, MAE: 0.00284, 0.00284, 0.05250, 0.03218
INFO | Test - Best epoch 142, Loss, MSE, RMSE, MAE: 0.06152, 0.06152, 0.24575, 0.14708
INFO | Time spent: 2.87s
INFO | - Epoch 287, ExpID 72346
INFO | Train - Loss (one batch): 0.00235
INFO | Val - Loss, MSE, RMSE, MAE: 0.00285, 0.00285, 0.05263, 0.03230
INFO | Test - Best epoch 142, Loss, MSE, RMSE, MAE: 0.06152, 0.06152, 0.24575, 0.14708
INFO | Time spent: 2.87s
INFO | - Epoch 288, ExpID 72346
INFO | Train - Loss (one batch): 0.00240
INFO | Val - Loss, MSE, RMSE, MAE: 0.00279, 0.00279, 0.05212, 0.03217
INFO | Test - Best epoch 142, Loss, MSE, RMSE, MAE: 0.06152, 0.06152, 0.24575, 0.14708
INFO | Time spent: 2.87s
INFO | - Epoch 289, ExpID 72346
INFO | Train - Loss (one batch): 0.00194
INFO | Val - Loss, MSE, RMSE, MAE: 0.00280, 0.00280, 0.05215, 0.03192
INFO | Test - Best epoch 142, Loss, MSE, RMSE, MAE: 0.06152, 0.06152, 0.24575, 0.14708
INFO | Time spent: 2.86s
INFO | - Epoch 290, ExpID 72346
INFO | Train - Loss (one batch): 0.00277
INFO | Val - Loss, MSE, RMSE, MAE: 0.00281, 0.00281, 0.05225, 0.03177
INFO | Test - Best epoch 142, Loss, MSE, RMSE, MAE: 0.06152, 0.06152, 0.24575, 0.14708
INFO | Time spent: 2.87s
INFO | - Epoch 291, ExpID 72346
INFO | Train - Loss (one batch): 0.00143
INFO | Val - Loss, MSE, RMSE, MAE: 0.00283, 0.00283, 0.05249, 0.03254
INFO | Test - Best epoch 142, Loss, MSE, RMSE, MAE: 0.06152, 0.06152, 0.24575, 0.14708
INFO | Time spent: 2.85s
INFO | - Epoch 292, ExpID 72346
INFO | Train - Loss (one batch): 0.00199
INFO | Val - Loss, MSE, RMSE, MAE: 0.00283, 0.00283, 0.05240, 0.03227
INFO | Test - Best epoch 142, Loss, MSE, RMSE, MAE: 0.06152, 0.06152, 0.24575, 0.14708
INFO | Time spent: 2.88s
INFO | - Epoch 293, ExpID 72346
INFO | Train - Loss (one batch): 0.00179
INFO | Val - Loss, MSE, RMSE, MAE: 0.00282, 0.00282, 0.05229, 0.03199
INFO | Test - Best epoch 142, Loss, MSE, RMSE, MAE: 0.06152, 0.06152, 0.24575, 0.14708
INFO | Time spent: 2.85s
INFO | - Epoch 294, ExpID 72346
INFO | Train - Loss (one batch): 0.00173
INFO | Val - Loss, MSE, RMSE, MAE: 0.00286, 0.00286, 0.05270, 0.03283
INFO | Test - Best epoch 142, Loss, MSE, RMSE, MAE: 0.06152, 0.06152, 0.24575, 0.14708
INFO | Time spent: 2.91s
INFO | - Epoch 295, ExpID 72346
INFO | Train - Loss (one batch): 0.00174
INFO | Val - Loss, MSE, RMSE, MAE: 0.00282, 0.00282, 0.05234, 0.03185
INFO | Test - Best epoch 142, Loss, MSE, RMSE, MAE: 0.06152, 0.06152, 0.24575, 0.14708
INFO | Time spent: 2.98s
INFO | - Epoch 296, ExpID 72346
INFO | Train - Loss (one batch): 0.00195
INFO | Val - Loss, MSE, RMSE, MAE: 0.00283, 0.00283, 0.05241, 0.03257
INFO | Test - Best epoch 142, Loss, MSE, RMSE, MAE: 0.06152, 0.06152, 0.24575, 0.14708
INFO | Time spent: 2.82s
INFO | - Epoch 297, ExpID 72346
INFO | Train - Loss (one batch): 0.00161
INFO | Val - Loss, MSE, RMSE, MAE: 0.00283, 0.00283, 0.05244, 0.03221
INFO | Test - Best epoch 142, Loss, MSE, RMSE, MAE: 0.06152, 0.06152, 0.24575, 0.14708
INFO | Time spent: 2.83s
INFO | - Epoch 298, ExpID 72346
INFO | Train - Loss (one batch): 0.00173
INFO | Val - Loss, MSE, RMSE, MAE: 0.00280, 0.00280, 0.05213, 0.03183
INFO | Test - Best epoch 142, Loss, MSE, RMSE, MAE: 0.06152, 0.06152, 0.24575, 0.14708
INFO | Time spent: 2.80s
INFO | - Epoch 299, ExpID 72346
INFO | Train - Loss (one batch): 0.00152
INFO | Val - Loss, MSE, RMSE, MAE: 0.00280, 0.00280, 0.05222, 0.03212
INFO | Test - Best epoch 142, Loss, MSE, RMSE, MAE: 0.06152, 0.06152, 0.24575, 0.14708
INFO | Time spent: 2.81s
INFO | - Epoch 000, ExpID 99732
INFO | Train - Loss (one batch): 0.01409
INFO | Val - Loss, MSE, RMSE, MAE: 0.01516, 0.01516, 0.12188, 0.09436
INFO | Test - Best epoch 0, Loss, MSE, RMSE, MAE: 0.37120, 0.37120, 0.60249, 0.45071
INFO | Time spent: 4.44s
INFO | - Epoch 001, ExpID 99732
INFO | Train - Loss (one batch): 0.00566
INFO | Val - Loss, MSE, RMSE, MAE: 0.00523, 0.00523, 0.07145, 0.05243
INFO | Test - Best epoch 1, Loss, MSE, RMSE, MAE: 0.11009, 0.11009, 0.32763, 0.23497
INFO | Time spent: 3.26s
INFO | - Epoch 002, ExpID 99732
INFO | Train - Loss (one batch): 0.00412
INFO | Val - Loss, MSE, RMSE, MAE: 0.00385, 0.00385, 0.06148, 0.04134
INFO | Test - Best epoch 2, Loss, MSE, RMSE, MAE: 0.08649, 0.08649, 0.29187, 0.19264
INFO | Time spent: 3.23s
INFO | - Epoch 003, ExpID 99732
INFO | Train - Loss (one batch): 0.00321
INFO | Val - Loss, MSE, RMSE, MAE: 0.00399, 0.00399, 0.06269, 0.04308
INFO | Test - Best epoch 2, Loss, MSE, RMSE, MAE: 0.08649, 0.08649, 0.29187, 0.19264
INFO | Time spent: 2.83s
INFO | - Epoch 004, ExpID 99732
INFO | Train - Loss (one batch): 0.00289
INFO | Val - Loss, MSE, RMSE, MAE: 0.00357, 0.00357, 0.05912, 0.03817
INFO | Test - Best epoch 4, Loss, MSE, RMSE, MAE: 0.07958, 0.07958, 0.27974, 0.17702
INFO | Time spent: 3.26s
INFO | - Epoch 005, ExpID 99732
INFO | Train - Loss (one batch): 0.00326
INFO | Val - Loss, MSE, RMSE, MAE: 0.00332, 0.00332, 0.05697, 0.03540
INFO | Test - Best epoch 5, Loss, MSE, RMSE, MAE: 0.07456, 0.07456, 0.27074, 0.16542
INFO | Time spent: 3.29s
INFO | - Epoch 006, ExpID 99732
INFO | Train - Loss (one batch): 0.00296
INFO | Val - Loss, MSE, RMSE, MAE: 0.00354, 0.00354, 0.05885, 0.03874
INFO | Test - Best epoch 5, Loss, MSE, RMSE, MAE: 0.07456, 0.07456, 0.27074, 0.16542
INFO | Time spent: 2.80s
INFO | - Epoch 007, ExpID 99732
INFO | Train - Loss (one batch): 0.00371
INFO | Val - Loss, MSE, RMSE, MAE: 0.00374, 0.00374, 0.06066, 0.04170
INFO | Test - Best epoch 5, Loss, MSE, RMSE, MAE: 0.07456, 0.07456, 0.27074, 0.16542
INFO | Time spent: 2.79s
INFO | - Epoch 008, ExpID 99732
INFO | Train - Loss (one batch): 0.00326
INFO | Val - Loss, MSE, RMSE, MAE: 0.00323, 0.00323, 0.05612, 0.03493
INFO | Test - Best epoch 8, Loss, MSE, RMSE, MAE: 0.07240, 0.07240, 0.26673, 0.16367
INFO | Time spent: 3.29s
INFO | - Epoch 009, ExpID 99732
INFO | Train - Loss (one batch): 0.00255
INFO | Val - Loss, MSE, RMSE, MAE: 0.00364, 0.00364, 0.05978, 0.04115
INFO | Test - Best epoch 8, Loss, MSE, RMSE, MAE: 0.07240, 0.07240, 0.26673, 0.16367
INFO | Time spent: 2.89s
INFO | - Epoch 010, ExpID 99732
INFO | Train - Loss (one batch): 0.00250
INFO | Val - Loss, MSE, RMSE, MAE: 0.00315, 0.00315, 0.05545, 0.03496
INFO | Test - Best epoch 10, Loss, MSE, RMSE, MAE: 0.07024, 0.07024, 0.26272, 0.16293
INFO | Time spent: 3.24s
INFO | - Epoch 011, ExpID 99732
INFO | Train - Loss (one batch): 0.00224
INFO | Val - Loss, MSE, RMSE, MAE: 0.00325, 0.00325, 0.05638, 0.03659
INFO | Test - Best epoch 10, Loss, MSE, RMSE, MAE: 0.07024, 0.07024, 0.26272, 0.16293
INFO | Time spent: 2.77s
INFO | - Epoch 012, ExpID 99732
INFO | Train - Loss (one batch): 0.00252
INFO | Val - Loss, MSE, RMSE, MAE: 0.00313, 0.00313, 0.05535, 0.03524
INFO | Test - Best epoch 12, Loss, MSE, RMSE, MAE: 0.07045, 0.07045, 0.26332, 0.16508
INFO | Time spent: 3.27s
INFO | - Epoch 013, ExpID 99732
INFO | Train - Loss (one batch): 0.00304
INFO | Val - Loss, MSE, RMSE, MAE: 0.00331, 0.00331, 0.05684, 0.03633
INFO | Test - Best epoch 12, Loss, MSE, RMSE, MAE: 0.07045, 0.07045, 0.26332, 0.16508
INFO | Time spent: 2.80s
INFO | - Epoch 014, ExpID 99732
INFO | Train - Loss (one batch): 0.00292
INFO | Val - Loss, MSE, RMSE, MAE: 0.00340, 0.00340, 0.05770, 0.03843
INFO | Test - Best epoch 12, Loss, MSE, RMSE, MAE: 0.07045, 0.07045, 0.26332, 0.16508
INFO | Time spent: 2.96s
INFO | - Epoch 015, ExpID 99732
INFO | Train - Loss (one batch): 0.00291
INFO | Val - Loss, MSE, RMSE, MAE: 0.00332, 0.00332, 0.05695, 0.03672
INFO | Test - Best epoch 12, Loss, MSE, RMSE, MAE: 0.07045, 0.07045, 0.26332, 0.16508
INFO | Time spent: 2.75s
INFO | - Epoch 016, ExpID 99732
INFO | Train - Loss (one batch): 0.00350
INFO | Val - Loss, MSE, RMSE, MAE: 0.00316, 0.00316, 0.05554, 0.03478
INFO | Test - Best epoch 12, Loss, MSE, RMSE, MAE: 0.07045, 0.07045, 0.26332, 0.16508
INFO | Time spent: 2.76s
INFO | - Epoch 017, ExpID 99732
INFO | Train - Loss (one batch): 0.00292
INFO | Val - Loss, MSE, RMSE, MAE: 0.00303, 0.00303, 0.05441, 0.03408
INFO | Test - Best epoch 17, Loss, MSE, RMSE, MAE: 0.06802, 0.06802, 0.25871, 0.16037
INFO | Time spent: 3.22s
INFO | - Epoch 018, ExpID 99732
INFO | Train - Loss (one batch): 0.00348
INFO | Val - Loss, MSE, RMSE, MAE: 0.00383, 0.00383, 0.06148, 0.04373
INFO | Test - Best epoch 17, Loss, MSE, RMSE, MAE: 0.06802, 0.06802, 0.25871, 0.16037
INFO | Time spent: 2.79s
INFO | - Epoch 019, ExpID 99732
INFO | Train - Loss (one batch): 0.00203
INFO | Val - Loss, MSE, RMSE, MAE: 0.00314, 0.00314, 0.05535, 0.03508
INFO | Test - Best epoch 17, Loss, MSE, RMSE, MAE: 0.06802, 0.06802, 0.25871, 0.16037
INFO | Time spent: 2.75s
INFO | - Epoch 020, ExpID 99732
INFO | Train - Loss (one batch): 0.00286
INFO | Val - Loss, MSE, RMSE, MAE: 0.00304, 0.00304, 0.05448, 0.03386
INFO | Test - Best epoch 17, Loss, MSE, RMSE, MAE: 0.06802, 0.06802, 0.25871, 0.16037
INFO | Time spent: 2.75s
INFO | - Epoch 021, ExpID 99732
INFO | Train - Loss (one batch): 0.00369
INFO | Val - Loss, MSE, RMSE, MAE: 0.00321, 0.00321, 0.05606, 0.03612
INFO | Test - Best epoch 17, Loss, MSE, RMSE, MAE: 0.06802, 0.06802, 0.25871, 0.16037
INFO | Time spent: 2.77s
INFO | - Epoch 022, ExpID 99732
INFO | Train - Loss (one batch): 0.00266
INFO | Val - Loss, MSE, RMSE, MAE: 0.00303, 0.00303, 0.05434, 0.03374
INFO | Test - Best epoch 22, Loss, MSE, RMSE, MAE: 0.06750, 0.06750, 0.25758, 0.15760
INFO | Time spent: 3.21s
INFO | - Epoch 023, ExpID 99732
INFO | Train - Loss (one batch): 0.00298
INFO | Val - Loss, MSE, RMSE, MAE: 0.00305, 0.00305, 0.05455, 0.03409
INFO | Test - Best epoch 22, Loss, MSE, RMSE, MAE: 0.06750, 0.06750, 0.25758, 0.15760
INFO | Time spent: 2.76s
INFO | - Epoch 024, ExpID 99732
INFO | Train - Loss (one batch): 0.00267
INFO | Val - Loss, MSE, RMSE, MAE: 0.00307, 0.00307, 0.05472, 0.03398
INFO | Test - Best epoch 22, Loss, MSE, RMSE, MAE: 0.06750, 0.06750, 0.25758, 0.15760
INFO | Time spent: 2.77s
INFO | - Epoch 025, ExpID 99732
INFO | Train - Loss (one batch): 0.00241
INFO | Val - Loss, MSE, RMSE, MAE: 0.00302, 0.00302, 0.05428, 0.03329
INFO | Test - Best epoch 25, Loss, MSE, RMSE, MAE: 0.06738, 0.06738, 0.25732, 0.15575
INFO | Time spent: 3.19s
INFO | - Epoch 026, ExpID 99732
INFO | Train - Loss (one batch): 0.00276
INFO | Val - Loss, MSE, RMSE, MAE: 0.00303, 0.00303, 0.05440, 0.03388
INFO | Test - Best epoch 25, Loss, MSE, RMSE, MAE: 0.06738, 0.06738, 0.25732, 0.15575
INFO | Time spent: 2.76s
INFO | - Epoch 027, ExpID 99732
INFO | Train - Loss (one batch): 0.00257
INFO | Val - Loss, MSE, RMSE, MAE: 0.00300, 0.00300, 0.05415, 0.03341
INFO | Test - Best epoch 27, Loss, MSE, RMSE, MAE: 0.06716, 0.06716, 0.25695, 0.15631
INFO | Time spent: 3.19s
INFO | - Epoch 028, ExpID 99732
INFO | Train - Loss (one batch): 0.00321
INFO | Val - Loss, MSE, RMSE, MAE: 0.00318, 0.00318, 0.05574, 0.03566
INFO | Test - Best epoch 27, Loss, MSE, RMSE, MAE: 0.06716, 0.06716, 0.25695, 0.15631
INFO | Time spent: 2.76s
INFO | - Epoch 029, ExpID 99732
INFO | Train - Loss (one batch): 0.00299
INFO | Val - Loss, MSE, RMSE, MAE: 0.00310, 0.00310, 0.05508, 0.03504
INFO | Test - Best epoch 27, Loss, MSE, RMSE, MAE: 0.06716, 0.06716, 0.25695, 0.15631
INFO | Time spent: 2.76s
INFO | - Epoch 030, ExpID 99732
INFO | Train - Loss (one batch): 0.00226
INFO | Val - Loss, MSE, RMSE, MAE: 0.00299, 0.00299, 0.05404, 0.03312
INFO | Test - Best epoch 30, Loss, MSE, RMSE, MAE: 0.06705, 0.06705, 0.25678, 0.15626
INFO | Time spent: 3.20s
INFO | - Epoch 031, ExpID 99732
INFO | Train - Loss (one batch): 0.00334
INFO | Val - Loss, MSE, RMSE, MAE: 0.00327, 0.00327, 0.05657, 0.03750
INFO | Test - Best epoch 30, Loss, MSE, RMSE, MAE: 0.06705, 0.06705, 0.25678, 0.15626
INFO | Time spent: 2.78s
INFO | - Epoch 032, ExpID 99732
INFO | Train - Loss (one batch): 0.00392
INFO | Val - Loss, MSE, RMSE, MAE: 0.00299, 0.00299, 0.05404, 0.03338
INFO | Test - Best epoch 32, Loss, MSE, RMSE, MAE: 0.06669, 0.06669, 0.25603, 0.15630
INFO | Time spent: 3.21s
INFO | - Epoch 033, ExpID 99732
INFO | Train - Loss (one batch): 0.00275
INFO | Val - Loss, MSE, RMSE, MAE: 0.00303, 0.00303, 0.05436, 0.03367
INFO | Test - Best epoch 32, Loss, MSE, RMSE, MAE: 0.06669, 0.06669, 0.25603, 0.15630
INFO | Time spent: 2.72s
INFO | - Epoch 034, ExpID 99732
INFO | Train - Loss (one batch): 0.00320
INFO | Val - Loss, MSE, RMSE, MAE: 0.00299, 0.00299, 0.05405, 0.03372
INFO | Test - Best epoch 32, Loss, MSE, RMSE, MAE: 0.06669, 0.06669, 0.25603, 0.15630
INFO | Time spent: 2.74s
INFO | - Epoch 035, ExpID 99732
INFO | Train - Loss (one batch): 0.00280
INFO | Val - Loss, MSE, RMSE, MAE: 0.00301, 0.00301, 0.05421, 0.03396
INFO | Test - Best epoch 32, Loss, MSE, RMSE, MAE: 0.06669, 0.06669, 0.25603, 0.15630
INFO | Time spent: 2.74s
INFO | - Epoch 036, ExpID 99732
INFO | Train - Loss (one batch): 0.00288
INFO | Val - Loss, MSE, RMSE, MAE: 0.00298, 0.00298, 0.05393, 0.03310
INFO | Test - Best epoch 36, Loss, MSE, RMSE, MAE: 0.06630, 0.06630, 0.25525, 0.15485
INFO | Time spent: 3.16s
INFO | - Epoch 037, ExpID 99732
INFO | Train - Loss (one batch): 0.00259
INFO | Val - Loss, MSE, RMSE, MAE: 0.00318, 0.00318, 0.05579, 0.03595
INFO | Test - Best epoch 36, Loss, MSE, RMSE, MAE: 0.06630, 0.06630, 0.25525, 0.15485
INFO | Time spent: 2.72s
INFO | - Epoch 038, ExpID 99732
INFO | Train - Loss (one batch): 0.00246
INFO | Val - Loss, MSE, RMSE, MAE: 0.00307, 0.00307, 0.05476, 0.03459
INFO | Test - Best epoch 36, Loss, MSE, RMSE, MAE: 0.06630, 0.06630, 0.25525, 0.15485
INFO | Time spent: 2.72s
INFO | - Epoch 039, ExpID 99732
INFO | Train - Loss (one batch): 0.00250
INFO | Val - Loss, MSE, RMSE, MAE: 0.00312, 0.00312, 0.05521, 0.03505
INFO | Test - Best epoch 36, Loss, MSE, RMSE, MAE: 0.06630, 0.06630, 0.25525, 0.15485
INFO | Time spent: 2.73s
INFO | - Epoch 040, ExpID 99732
INFO | Train - Loss (one batch): 0.00232
INFO | Val - Loss, MSE, RMSE, MAE: 0.00298, 0.00298, 0.05395, 0.03304
INFO | Test - Best epoch 36, Loss, MSE, RMSE, MAE: 0.06630, 0.06630, 0.25525, 0.15485
INFO | Time spent: 2.72s
INFO | - Epoch 041, ExpID 99732
INFO | Train - Loss (one batch): 0.00296
INFO | Val - Loss, MSE, RMSE, MAE: 0.00323, 0.00323, 0.05629, 0.03653
INFO | Test - Best epoch 36, Loss, MSE, RMSE, MAE: 0.06630, 0.06630, 0.25525, 0.15485
INFO | Time spent: 2.71s
INFO | - Epoch 042, ExpID 99732
INFO | Train - Loss (one batch): 0.00291
INFO | Val - Loss, MSE, RMSE, MAE: 0.00296, 0.00296, 0.05379, 0.03312
INFO | Test - Best epoch 42, Loss, MSE, RMSE, MAE: 0.06618, 0.06618, 0.25507, 0.15561
INFO | Time spent: 3.15s
INFO | - Epoch 043, ExpID 99732
INFO | Train - Loss (one batch): 0.00211
INFO | Val - Loss, MSE, RMSE, MAE: 0.00300, 0.00300, 0.05414, 0.03338
INFO | Test - Best epoch 42, Loss, MSE, RMSE, MAE: 0.06618, 0.06618, 0.25507, 0.15561
INFO | Time spent: 2.72s
INFO | - Epoch 044, ExpID 99732
INFO | Train - Loss (one batch): 0.00312
INFO | Val - Loss, MSE, RMSE, MAE: 0.00324, 0.00324, 0.05630, 0.03637
INFO | Test - Best epoch 42, Loss, MSE, RMSE, MAE: 0.06618, 0.06618, 0.25507, 0.15561
INFO | Time spent: 2.71s
INFO | - Epoch 045, ExpID 99732
INFO | Train - Loss (one batch): 0.00253
INFO | Val - Loss, MSE, RMSE, MAE: 0.00299, 0.00299, 0.05398, 0.03320
INFO | Test - Best epoch 42, Loss, MSE, RMSE, MAE: 0.06618, 0.06618, 0.25507, 0.15561
INFO | Time spent: 2.83s
INFO | - Epoch 046, ExpID 99732
INFO | Train - Loss (one batch): 0.00298
INFO | Val - Loss, MSE, RMSE, MAE: 0.00299, 0.00299, 0.05403, 0.03340
INFO | Test - Best epoch 42, Loss, MSE, RMSE, MAE: 0.06618, 0.06618, 0.25507, 0.15561
INFO | Time spent: 2.84s
INFO | - Epoch 047, ExpID 99732
INFO | Train - Loss (one batch): 0.00207
INFO | Val - Loss, MSE, RMSE, MAE: 0.00296, 0.00296, 0.05370, 0.03299
INFO | Test - Best epoch 47, Loss, MSE, RMSE, MAE: 0.06596, 0.06596, 0.25459, 0.15481
INFO | Time spent: 3.15s
INFO | - Epoch 048, ExpID 99732
INFO | Train - Loss (one batch): 0.00246
INFO | Val - Loss, MSE, RMSE, MAE: 0.00306, 0.00306, 0.05468, 0.03455
INFO | Test - Best epoch 47, Loss, MSE, RMSE, MAE: 0.06596, 0.06596, 0.25459, 0.15481
INFO | Time spent: 2.72s
INFO | - Epoch 049, ExpID 99732
INFO | Train - Loss (one batch): 0.00284
INFO | Val - Loss, MSE, RMSE, MAE: 0.00298, 0.00298, 0.05396, 0.03356
INFO | Test - Best epoch 47, Loss, MSE, RMSE, MAE: 0.06596, 0.06596, 0.25459, 0.15481
INFO | Time spent: 2.99s
INFO | - Epoch 050, ExpID 99732
INFO | Train - Loss (one batch): 0.00297
INFO | Val - Loss, MSE, RMSE, MAE: 0.00313, 0.00313, 0.05541, 0.03596
INFO | Test - Best epoch 47, Loss, MSE, RMSE, MAE: 0.06596, 0.06596, 0.25459, 0.15481
INFO | Time spent: 2.74s
INFO | - Epoch 051, ExpID 99732
INFO | Train - Loss (one batch): 0.00315
INFO | Val - Loss, MSE, RMSE, MAE: 0.00298, 0.00298, 0.05390, 0.03323
INFO | Test - Best epoch 47, Loss, MSE, RMSE, MAE: 0.06596, 0.06596, 0.25459, 0.15481
INFO | Time spent: 2.93s
INFO | - Epoch 052, ExpID 99732
INFO | Train - Loss (one batch): 0.00274
INFO | Val - Loss, MSE, RMSE, MAE: 0.00297, 0.00297, 0.05383, 0.03346
INFO | Test - Best epoch 47, Loss, MSE, RMSE, MAE: 0.06596, 0.06596, 0.25459, 0.15481
INFO | Time spent: 2.72s
INFO | - Epoch 053, ExpID 99732
INFO | Train - Loss (one batch): 0.00272
INFO | Val - Loss, MSE, RMSE, MAE: 0.00333, 0.00333, 0.05717, 0.03830
INFO | Test - Best epoch 47, Loss, MSE, RMSE, MAE: 0.06596, 0.06596, 0.25459, 0.15481
INFO | Time spent: 2.82s
INFO | - Epoch 054, ExpID 99732
INFO | Train - Loss (one batch): 0.00243
INFO | Val - Loss, MSE, RMSE, MAE: 0.00293, 0.00293, 0.05349, 0.03279
INFO | Test - Best epoch 54, Loss, MSE, RMSE, MAE: 0.06563, 0.06563, 0.25402, 0.15433
INFO | Time spent: 3.15s
INFO | - Epoch 055, ExpID 99732
INFO | Train - Loss (one batch): 0.00309
INFO | Val - Loss, MSE, RMSE, MAE: 0.00295, 0.00295, 0.05362, 0.03309
INFO | Test - Best epoch 54, Loss, MSE, RMSE, MAE: 0.06563, 0.06563, 0.25402, 0.15433
INFO | Time spent: 2.71s
INFO | - Epoch 056, ExpID 99732
INFO | Train - Loss (one batch): 0.00294
INFO | Val - Loss, MSE, RMSE, MAE: 0.00311, 0.00311, 0.05509, 0.03498
INFO | Test - Best epoch 54, Loss, MSE, RMSE, MAE: 0.06563, 0.06563, 0.25402, 0.15433
INFO | Time spent: 2.72s
INFO | - Epoch 057, ExpID 99732
INFO | Train - Loss (one batch): 0.00211
INFO | Val - Loss, MSE, RMSE, MAE: 0.00335, 0.00335, 0.05735, 0.03835
INFO | Test - Best epoch 54, Loss, MSE, RMSE, MAE: 0.06563, 0.06563, 0.25402, 0.15433
INFO | Time spent: 2.71s
INFO | - Epoch 058, ExpID 99732
INFO | Train - Loss (one batch): 0.00260
INFO | Val - Loss, MSE, RMSE, MAE: 0.00295, 0.00295, 0.05371, 0.03356
INFO | Test - Best epoch 54, Loss, MSE, RMSE, MAE: 0.06563, 0.06563, 0.25402, 0.15433
INFO | Time spent: 2.71s
INFO | - Epoch 059, ExpID 99732
INFO | Train - Loss (one batch): 0.00343
INFO | Val - Loss, MSE, RMSE, MAE: 0.00295, 0.00295, 0.05362, 0.03309
INFO | Test - Best epoch 54, Loss, MSE, RMSE, MAE: 0.06563, 0.06563, 0.25402, 0.15433
INFO | Time spent: 2.71s
INFO | - Epoch 060, ExpID 99732
INFO | Train - Loss (one batch): 0.00246
INFO | Val - Loss, MSE, RMSE, MAE: 0.00336, 0.00336, 0.05744, 0.03883
INFO | Test - Best epoch 54, Loss, MSE, RMSE, MAE: 0.06563, 0.06563, 0.25402, 0.15433
INFO | Time spent: 2.70s
INFO | - Epoch 061, ExpID 99732
INFO | Train - Loss (one batch): 0.00201
INFO | Val - Loss, MSE, RMSE, MAE: 0.00298, 0.00298, 0.05395, 0.03319
INFO | Test - Best epoch 54, Loss, MSE, RMSE, MAE: 0.06563, 0.06563, 0.25402, 0.15433
INFO | Time spent: 2.72s
INFO | - Epoch 062, ExpID 99732
INFO | Train - Loss (one batch): 0.00212
INFO | Val - Loss, MSE, RMSE, MAE: 0.00317, 0.00317, 0.05574, 0.03675
INFO | Test - Best epoch 54, Loss, MSE, RMSE, MAE: 0.06563, 0.06563, 0.25402, 0.15433
INFO | Time spent: 2.71s
INFO | - Epoch 063, ExpID 99732
INFO | Train - Loss (one batch): 0.00240
INFO | Val - Loss, MSE, RMSE, MAE: 0.00300, 0.00300, 0.05410, 0.03380
INFO | Test - Best epoch 54, Loss, MSE, RMSE, MAE: 0.06563, 0.06563, 0.25402, 0.15433
INFO | Time spent: 2.71s
INFO | - Epoch 064, ExpID 99732
INFO | Train - Loss (one batch): 0.00227
INFO | Val - Loss, MSE, RMSE, MAE: 0.00301, 0.00301, 0.05426, 0.03422
INFO | Test - Best epoch 54, Loss, MSE, RMSE, MAE: 0.06563, 0.06563, 0.25402, 0.15433
INFO | Time spent: 2.71s
INFO | - Epoch 065, ExpID 99732
INFO | Train - Loss (one batch): 0.00280
INFO | Val - Loss, MSE, RMSE, MAE: 0.00296, 0.00296, 0.05372, 0.03359
INFO | Test - Best epoch 54, Loss, MSE, RMSE, MAE: 0.06563, 0.06563, 0.25402, 0.15433
INFO | Time spent: 2.71s
INFO | - Epoch 066, ExpID 99732
INFO | Train - Loss (one batch): 0.00262
INFO | Val - Loss, MSE, RMSE, MAE: 0.00295, 0.00295, 0.05370, 0.03342
INFO | Test - Best epoch 54, Loss, MSE, RMSE, MAE: 0.06563, 0.06563, 0.25402, 0.15433
INFO | Time spent: 2.71s
INFO | - Epoch 067, ExpID 99732
INFO | Train - Loss (one batch): 0.00246
INFO | Val - Loss, MSE, RMSE, MAE: 0.00297, 0.00297, 0.05385, 0.03408
INFO | Test - Best epoch 54, Loss, MSE, RMSE, MAE: 0.06563, 0.06563, 0.25402, 0.15433
INFO | Time spent: 2.72s
INFO | - Epoch 068, ExpID 99732
INFO | Train - Loss (one batch): 0.00242
INFO | Val - Loss, MSE, RMSE, MAE: 0.00294, 0.00294, 0.05360, 0.03342
INFO | Test - Best epoch 54, Loss, MSE, RMSE, MAE: 0.06563, 0.06563, 0.25402, 0.15433
INFO | Time spent: 2.70s
INFO | - Epoch 069, ExpID 99732
INFO | Train - Loss (one batch): 0.00224
INFO | Val - Loss, MSE, RMSE, MAE: 0.00292, 0.00292, 0.05338, 0.03306
INFO | Test - Best epoch 69, Loss, MSE, RMSE, MAE: 0.06559, 0.06559, 0.25387, 0.15544
INFO | Time spent: 3.20s
INFO | - Epoch 070, ExpID 99732
INFO | Train - Loss (one batch): 0.00331
INFO | Val - Loss, MSE, RMSE, MAE: 0.00305, 0.00305, 0.05462, 0.03466
INFO | Test - Best epoch 69, Loss, MSE, RMSE, MAE: 0.06559, 0.06559, 0.25387, 0.15544
INFO | Time spent: 2.71s
INFO | - Epoch 071, ExpID 99732
INFO | Train - Loss (one batch): 0.00302
INFO | Val - Loss, MSE, RMSE, MAE: 0.00317, 0.00317, 0.05572, 0.03677
INFO | Test - Best epoch 69, Loss, MSE, RMSE, MAE: 0.06559, 0.06559, 0.25387, 0.15544
INFO | Time spent: 2.71s
INFO | - Epoch 072, ExpID 99732
INFO | Train - Loss (one batch): 0.00218
INFO | Val - Loss, MSE, RMSE, MAE: 0.00289, 0.00289, 0.05308, 0.03260
INFO | Test - Best epoch 72, Loss, MSE, RMSE, MAE: 0.06480, 0.06480, 0.25235, 0.15275
INFO | Time spent: 3.15s
INFO | - Epoch 073, ExpID 99732
INFO | Train - Loss (one batch): 0.00217
INFO | Val - Loss, MSE, RMSE, MAE: 0.00288, 0.00288, 0.05305, 0.03283
INFO | Test - Best epoch 73, Loss, MSE, RMSE, MAE: 0.06526, 0.06526, 0.25331, 0.15460
INFO | Time spent: 3.16s
INFO | - Epoch 074, ExpID 99732
INFO | Train - Loss (one batch): 0.00265
INFO | Val - Loss, MSE, RMSE, MAE: 0.00288, 0.00288, 0.05299, 0.03266
INFO | Test - Best epoch 74, Loss, MSE, RMSE, MAE: 0.06485, 0.06485, 0.25246, 0.15342
INFO | Time spent: 3.22s
INFO | - Epoch 075, ExpID 99732
INFO | Train - Loss (one batch): 0.00265
INFO | Val - Loss, MSE, RMSE, MAE: 0.00302, 0.00302, 0.05433, 0.03464
INFO | Test - Best epoch 74, Loss, MSE, RMSE, MAE: 0.06485, 0.06485, 0.25246, 0.15342
INFO | Time spent: 2.71s
INFO | - Epoch 076, ExpID 99732
INFO | Train - Loss (one batch): 0.00227
INFO | Val - Loss, MSE, RMSE, MAE: 0.00291, 0.00291, 0.05337, 0.03373
INFO | Test - Best epoch 74, Loss, MSE, RMSE, MAE: 0.06485, 0.06485, 0.25246, 0.15342
INFO | Time spent: 2.71s
INFO | - Epoch 077, ExpID 99732
INFO | Train - Loss (one batch): 0.00216
INFO | Val - Loss, MSE, RMSE, MAE: 0.00303, 0.00303, 0.05448, 0.03521
INFO | Test - Best epoch 74, Loss, MSE, RMSE, MAE: 0.06485, 0.06485, 0.25246, 0.15342
INFO | Time spent: 2.71s
INFO | - Epoch 078, ExpID 99732
INFO | Train - Loss (one batch): 0.00327
INFO | Val - Loss, MSE, RMSE, MAE: 0.00287, 0.00287, 0.05293, 0.03271
INFO | Test - Best epoch 78, Loss, MSE, RMSE, MAE: 0.06443, 0.06443, 0.25156, 0.15367
INFO | Time spent: 3.14s
INFO | - Epoch 079, ExpID 99732
INFO | Train - Loss (one batch): 0.00255
INFO | Val - Loss, MSE, RMSE, MAE: 0.00291, 0.00291, 0.05334, 0.03335
INFO | Test - Best epoch 78, Loss, MSE, RMSE, MAE: 0.06443, 0.06443, 0.25156, 0.15367
INFO | Time spent: 2.70s
INFO | - Epoch 080, ExpID 99732
INFO | Train - Loss (one batch): 0.00322
INFO | Val - Loss, MSE, RMSE, MAE: 0.00291, 0.00291, 0.05331, 0.03341
INFO | Test - Best epoch 78, Loss, MSE, RMSE, MAE: 0.06443, 0.06443, 0.25156, 0.15367
INFO | Time spent: 2.70s
INFO | - Epoch 081, ExpID 99732
INFO | Train - Loss (one batch): 0.00245
INFO | Val - Loss, MSE, RMSE, MAE: 0.00297, 0.00297, 0.05387, 0.03424
INFO | Test - Best epoch 78, Loss, MSE, RMSE, MAE: 0.06443, 0.06443, 0.25156, 0.15367
INFO | Time spent: 2.71s
INFO | - Epoch 082, ExpID 99732
INFO | Train - Loss (one batch): 0.00221
INFO | Val - Loss, MSE, RMSE, MAE: 0.00286, 0.00286, 0.05284, 0.03273
INFO | Test - Best epoch 82, Loss, MSE, RMSE, MAE: 0.06448, 0.06448, 0.25181, 0.15420
INFO | Time spent: 3.14s
INFO | - Epoch 083, ExpID 99732
INFO | Train - Loss (one batch): 0.00194
INFO | Val - Loss, MSE, RMSE, MAE: 0.00302, 0.00302, 0.05435, 0.03466
INFO | Test - Best epoch 82, Loss, MSE, RMSE, MAE: 0.06448, 0.06448, 0.25181, 0.15420
INFO | Time spent: 2.70s
INFO | - Epoch 084, ExpID 99732
INFO | Train - Loss (one batch): 0.00255
INFO | Val - Loss, MSE, RMSE, MAE: 0.00289, 0.00289, 0.05312, 0.03309
INFO | Test - Best epoch 82, Loss, MSE, RMSE, MAE: 0.06448, 0.06448, 0.25181, 0.15420
INFO | Time spent: 2.71s
INFO | - Epoch 085, ExpID 99732
INFO | Train - Loss (one batch): 0.00378
INFO | Val - Loss, MSE, RMSE, MAE: 0.00326, 0.00326, 0.05663, 0.03811
INFO | Test - Best epoch 82, Loss, MSE, RMSE, MAE: 0.06448, 0.06448, 0.25181, 0.15420
INFO | Time spent: 2.70s
INFO | - Epoch 086, ExpID 99732
INFO | Train - Loss (one batch): 0.00327
INFO | Val - Loss, MSE, RMSE, MAE: 0.00293, 0.00293, 0.05356, 0.03361
INFO | Test - Best epoch 82, Loss, MSE, RMSE, MAE: 0.06448, 0.06448, 0.25181, 0.15420
INFO | Time spent: 2.70s
INFO | - Epoch 087, ExpID 99732
INFO | Train - Loss (one batch): 0.00229
INFO | Val - Loss, MSE, RMSE, MAE: 0.00295, 0.00295, 0.05373, 0.03390
INFO | Test - Best epoch 82, Loss, MSE, RMSE, MAE: 0.06448, 0.06448, 0.25181, 0.15420
INFO | Time spent: 2.70s
INFO | - Epoch 088, ExpID 99732
INFO | Train - Loss (one batch): 0.00273
INFO | Val - Loss, MSE, RMSE, MAE: 0.00300, 0.00300, 0.05418, 0.03481
INFO | Test - Best epoch 82, Loss, MSE, RMSE, MAE: 0.06448, 0.06448, 0.25181, 0.15420
INFO | Time spent: 2.70s
INFO | - Epoch 089, ExpID 99732
INFO | Train - Loss (one batch): 0.00320
INFO | Val - Loss, MSE, RMSE, MAE: 0.00287, 0.00287, 0.05294, 0.03287
INFO | Test - Best epoch 82, Loss, MSE, RMSE, MAE: 0.06448, 0.06448, 0.25181, 0.15420
INFO | Time spent: 2.70s
INFO | - Epoch 090, ExpID 99732
INFO | Train - Loss (one batch): 0.00273
INFO | Val - Loss, MSE, RMSE, MAE: 0.00288, 0.00288, 0.05304, 0.03287
INFO | Test - Best epoch 82, Loss, MSE, RMSE, MAE: 0.06448, 0.06448, 0.25181, 0.15420
INFO | Time spent: 2.70s
INFO | - Epoch 091, ExpID 99732
INFO | Train - Loss (one batch): 0.00239
INFO | Val - Loss, MSE, RMSE, MAE: 0.00290, 0.00290, 0.05323, 0.03317
INFO | Test - Best epoch 82, Loss, MSE, RMSE, MAE: 0.06448, 0.06448, 0.25181, 0.15420
INFO | Time spent: 2.72s
INFO | - Epoch 092, ExpID 99732
INFO | Train - Loss (one batch): 0.00219
INFO | Val - Loss, MSE, RMSE, MAE: 0.00288, 0.00288, 0.05306, 0.03299
INFO | Test - Best epoch 82, Loss, MSE, RMSE, MAE: 0.06448, 0.06448, 0.25181, 0.15420
INFO | Time spent: 2.70s
INFO | - Epoch 093, ExpID 99732
INFO | Train - Loss (one batch): 0.00294
INFO | Val - Loss, MSE, RMSE, MAE: 0.00285, 0.00285, 0.05274, 0.03286
INFO | Test - Best epoch 93, Loss, MSE, RMSE, MAE: 0.06419, 0.06419, 0.25130, 0.15557
INFO | Time spent: 3.14s
INFO | - Epoch 094, ExpID 99732
INFO | Train - Loss (one batch): 0.00247
INFO | Val - Loss, MSE, RMSE, MAE: 0.00284, 0.00284, 0.05264, 0.03262
INFO | Test - Best epoch 94, Loss, MSE, RMSE, MAE: 0.06398, 0.06398, 0.25073, 0.15367
INFO | Time spent: 3.14s
INFO | - Epoch 095, ExpID 99732
INFO | Train - Loss (one batch): 0.00259
INFO | Val - Loss, MSE, RMSE, MAE: 0.00287, 0.00287, 0.05292, 0.03257
INFO | Test - Best epoch 94, Loss, MSE, RMSE, MAE: 0.06398, 0.06398, 0.25073, 0.15367
INFO | Time spent: 2.70s
INFO | - Epoch 096, ExpID 99732
INFO | Train - Loss (one batch): 0.00252
INFO | Val - Loss, MSE, RMSE, MAE: 0.00292, 0.00292, 0.05342, 0.03389
INFO | Test - Best epoch 94, Loss, MSE, RMSE, MAE: 0.06398, 0.06398, 0.25073, 0.15367
INFO | Time spent: 2.77s
INFO | - Epoch 097, ExpID 99732
INFO | Train - Loss (one batch): 0.00216
INFO | Val - Loss, MSE, RMSE, MAE: 0.00288, 0.00288, 0.05304, 0.03298
INFO | Test - Best epoch 94, Loss, MSE, RMSE, MAE: 0.06398, 0.06398, 0.25073, 0.15367
INFO | Time spent: 2.76s
INFO | - Epoch 098, ExpID 99732
INFO | Train - Loss (one batch): 0.00278
INFO | Val - Loss, MSE, RMSE, MAE: 0.00329, 0.00329, 0.05687, 0.03878
INFO | Test - Best epoch 94, Loss, MSE, RMSE, MAE: 0.06398, 0.06398, 0.25073, 0.15367
INFO | Time spent: 2.76s
INFO | - Epoch 099, ExpID 99732
INFO | Train - Loss (one batch): 0.00204
INFO | Val - Loss, MSE, RMSE, MAE: 0.00283, 0.00283, 0.05255, 0.03242
INFO | Test - Best epoch 99, Loss, MSE, RMSE, MAE: 0.06353, 0.06353, 0.24993, 0.15269
INFO | Time spent: 3.24s
INFO | - Epoch 100, ExpID 99732
INFO | Train - Loss (one batch): 0.00268
INFO | Val - Loss, MSE, RMSE, MAE: 0.00284, 0.00284, 0.05263, 0.03255
INFO | Test - Best epoch 99, Loss, MSE, RMSE, MAE: 0.06353, 0.06353, 0.24993, 0.15269
INFO | Time spent: 2.93s
INFO | - Epoch 101, ExpID 99732
INFO | Train - Loss (one batch): 0.00226
INFO | Val - Loss, MSE, RMSE, MAE: 0.00303, 0.00303, 0.05447, 0.03516
INFO | Test - Best epoch 99, Loss, MSE, RMSE, MAE: 0.06353, 0.06353, 0.24993, 0.15269
INFO | Time spent: 2.76s
INFO | - Epoch 102, ExpID 99732
INFO | Train - Loss (one batch): 0.00204
INFO | Val - Loss, MSE, RMSE, MAE: 0.00300, 0.00300, 0.05420, 0.03457
INFO | Test - Best epoch 99, Loss, MSE, RMSE, MAE: 0.06353, 0.06353, 0.24993, 0.15269
INFO | Time spent: 2.79s
INFO | - Epoch 103, ExpID 99732
INFO | Train - Loss (one batch): 0.00247
INFO | Val - Loss, MSE, RMSE, MAE: 0.00289, 0.00289, 0.05309, 0.03281
INFO | Test - Best epoch 99, Loss, MSE, RMSE, MAE: 0.06353, 0.06353, 0.24993, 0.15269
INFO | Time spent: 2.77s
INFO | - Epoch 104, ExpID 99732
INFO | Train - Loss (one batch): 0.00222
INFO | Val - Loss, MSE, RMSE, MAE: 0.00285, 0.00285, 0.05278, 0.03311
INFO | Test - Best epoch 99, Loss, MSE, RMSE, MAE: 0.06353, 0.06353, 0.24993, 0.15269
INFO | Time spent: 2.86s
INFO | - Epoch 105, ExpID 99732
INFO | Train - Loss (one batch): 0.00237
INFO | Val - Loss, MSE, RMSE, MAE: 0.00286, 0.00286, 0.05283, 0.03270
INFO | Test - Best epoch 99, Loss, MSE, RMSE, MAE: 0.06353, 0.06353, 0.24993, 0.15269
INFO | Time spent: 2.78s
INFO | - Epoch 106, ExpID 99732
INFO | Train - Loss (one batch): 0.00202
INFO | Val - Loss, MSE, RMSE, MAE: 0.00299, 0.00299, 0.05412, 0.03503
INFO | Test - Best epoch 99, Loss, MSE, RMSE, MAE: 0.06353, 0.06353, 0.24993, 0.15269
INFO | Time spent: 2.77s
INFO | - Epoch 107, ExpID 99732
INFO | Train - Loss (one batch): 0.00261
INFO | Val - Loss, MSE, RMSE, MAE: 0.00284, 0.00284, 0.05264, 0.03267
INFO | Test - Best epoch 99, Loss, MSE, RMSE, MAE: 0.06353, 0.06353, 0.24993, 0.15269
INFO | Time spent: 2.76s
INFO | - Epoch 108, ExpID 99732
INFO | Train - Loss (one batch): 0.00220
INFO | Val - Loss, MSE, RMSE, MAE: 0.00293, 0.00293, 0.05357, 0.03420
INFO | Test - Best epoch 99, Loss, MSE, RMSE, MAE: 0.06353, 0.06353, 0.24993, 0.15269
INFO | Time spent: 2.78s
INFO | - Epoch 109, ExpID 99732
INFO | Train - Loss (one batch): 0.00297
INFO | Val - Loss, MSE, RMSE, MAE: 0.00308, 0.00308, 0.05491, 0.03598
INFO | Test - Best epoch 99, Loss, MSE, RMSE, MAE: 0.06353, 0.06353, 0.24993, 0.15269
INFO | Time spent: 2.76s
INFO | - Epoch 110, ExpID 99732
INFO | Train - Loss (one batch): 0.00246
INFO | Val - Loss, MSE, RMSE, MAE: 0.00284, 0.00284, 0.05265, 0.03280
INFO | Test - Best epoch 99, Loss, MSE, RMSE, MAE: 0.06353, 0.06353, 0.24993, 0.15269
INFO | Time spent: 2.76s
INFO | - Epoch 111, ExpID 99732
INFO | Train - Loss (one batch): 0.00196
INFO | Val - Loss, MSE, RMSE, MAE: 0.00303, 0.00303, 0.05445, 0.03535
INFO | Test - Best epoch 99, Loss, MSE, RMSE, MAE: 0.06353, 0.06353, 0.24993, 0.15269
INFO | Time spent: 2.75s
INFO | - Epoch 112, ExpID 99732
INFO | Train - Loss (one batch): 0.00244
INFO | Val - Loss, MSE, RMSE, MAE: 0.00285, 0.00285, 0.05272, 0.03280
INFO | Test - Best epoch 99, Loss, MSE, RMSE, MAE: 0.06353, 0.06353, 0.24993, 0.15269
INFO | Time spent: 2.99s
INFO | - Epoch 113, ExpID 99732
INFO | Train - Loss (one batch): 0.00188
INFO | Val - Loss, MSE, RMSE, MAE: 0.00290, 0.00290, 0.05321, 0.03340
INFO | Test - Best epoch 99, Loss, MSE, RMSE, MAE: 0.06353, 0.06353, 0.24993, 0.15269
INFO | Time spent: 2.77s
INFO | - Epoch 114, ExpID 99732
INFO | Train - Loss (one batch): 0.00234
INFO | Val - Loss, MSE, RMSE, MAE: 0.00289, 0.00289, 0.05319, 0.03344
INFO | Test - Best epoch 99, Loss, MSE, RMSE, MAE: 0.06353, 0.06353, 0.24993, 0.15269
INFO | Time spent: 2.77s
INFO | - Epoch 115, ExpID 99732
INFO | Train - Loss (one batch): 0.00197
INFO | Val - Loss, MSE, RMSE, MAE: 0.00299, 0.00299, 0.05408, 0.03487
INFO | Test - Best epoch 99, Loss, MSE, RMSE, MAE: 0.06353, 0.06353, 0.24993, 0.15269
INFO | Time spent: 2.76s
INFO | - Epoch 116, ExpID 99732
INFO | Train - Loss (one batch): 0.00273
INFO | Val - Loss, MSE, RMSE, MAE: 0.00288, 0.00288, 0.05295, 0.03278
INFO | Test - Best epoch 99, Loss, MSE, RMSE, MAE: 0.06353, 0.06353, 0.24993, 0.15269
INFO | Time spent: 3.01s
INFO | - Epoch 117, ExpID 99732
INFO | Train - Loss (one batch): 0.00269
INFO | Val - Loss, MSE, RMSE, MAE: 0.00284, 0.00284, 0.05262, 0.03231
INFO | Test - Best epoch 99, Loss, MSE, RMSE, MAE: 0.06353, 0.06353, 0.24993, 0.15269
INFO | Time spent: 2.89s
INFO | - Epoch 118, ExpID 99732
INFO | Train - Loss (one batch): 0.00311
INFO | Val - Loss, MSE, RMSE, MAE: 0.00293, 0.00293, 0.05347, 0.03408
INFO | Test - Best epoch 99, Loss, MSE, RMSE, MAE: 0.06353, 0.06353, 0.24993, 0.15269
INFO | Time spent: 2.75s
INFO | - Epoch 119, ExpID 99732
INFO | Train - Loss (one batch): 0.00244
INFO | Val - Loss, MSE, RMSE, MAE: 0.00313, 0.00313, 0.05543, 0.03670
INFO | Test - Best epoch 99, Loss, MSE, RMSE, MAE: 0.06353, 0.06353, 0.24993, 0.15269
INFO | Time spent: 3.00s
INFO | - Epoch 120, ExpID 99732
INFO | Train - Loss (one batch): 0.00284
INFO | Val - Loss, MSE, RMSE, MAE: 0.00291, 0.00291, 0.05332, 0.03362
INFO | Test - Best epoch 99, Loss, MSE, RMSE, MAE: 0.06353, 0.06353, 0.24993, 0.15269
INFO | Time spent: 2.77s
INFO | - Epoch 121, ExpID 99732
INFO | Train - Loss (one batch): 0.00248
INFO | Val - Loss, MSE, RMSE, MAE: 0.00282, 0.00282, 0.05247, 0.03238
INFO | Test - Best epoch 121, Loss, MSE, RMSE, MAE: 0.06272, 0.06272, 0.24834, 0.15209
INFO | Time spent: 3.24s
INFO | - Epoch 122, ExpID 99732
INFO | Train - Loss (one batch): 0.00242
INFO | Val - Loss, MSE, RMSE, MAE: 0.00287, 0.00287, 0.05291, 0.03304
INFO | Test - Best epoch 121, Loss, MSE, RMSE, MAE: 0.06272, 0.06272, 0.24834, 0.15209
INFO | Time spent: 2.77s
INFO | - Epoch 123, ExpID 99732
INFO | Train - Loss (one batch): 0.00226
INFO | Val - Loss, MSE, RMSE, MAE: 0.00287, 0.00287, 0.05292, 0.03296
INFO | Test - Best epoch 121, Loss, MSE, RMSE, MAE: 0.06272, 0.06272, 0.24834, 0.15209
INFO | Time spent: 2.85s
INFO | - Epoch 124, ExpID 99732
INFO | Train - Loss (one batch): 0.00230
INFO | Val - Loss, MSE, RMSE, MAE: 0.00306, 0.00306, 0.05478, 0.03582
INFO | Test - Best epoch 121, Loss, MSE, RMSE, MAE: 0.06272, 0.06272, 0.24834, 0.15209
INFO | Time spent: 2.77s
INFO | - Epoch 125, ExpID 99732
INFO | Train - Loss (one batch): 0.00254
INFO | Val - Loss, MSE, RMSE, MAE: 0.00283, 0.00283, 0.05251, 0.03236
INFO | Test - Best epoch 121, Loss, MSE, RMSE, MAE: 0.06272, 0.06272, 0.24834, 0.15209
INFO | Time spent: 2.76s
INFO | - Epoch 126, ExpID 99732
INFO | Train - Loss (one batch): 0.00208
INFO | Val - Loss, MSE, RMSE, MAE: 0.00284, 0.00284, 0.05267, 0.03225
INFO | Test - Best epoch 121, Loss, MSE, RMSE, MAE: 0.06272, 0.06272, 0.24834, 0.15209
INFO | Time spent: 2.74s
INFO | - Epoch 127, ExpID 99732
INFO | Train - Loss (one batch): 0.00224
INFO | Val - Loss, MSE, RMSE, MAE: 0.00288, 0.00288, 0.05302, 0.03325
INFO | Test - Best epoch 121, Loss, MSE, RMSE, MAE: 0.06272, 0.06272, 0.24834, 0.15209
INFO | Time spent: 2.95s
INFO | - Epoch 128, ExpID 99732
INFO | Train - Loss (one batch): 0.00249
INFO | Val - Loss, MSE, RMSE, MAE: 0.00291, 0.00291, 0.05332, 0.03410
INFO | Test - Best epoch 121, Loss, MSE, RMSE, MAE: 0.06272, 0.06272, 0.24834, 0.15209
INFO | Time spent: 2.76s
INFO | - Epoch 129, ExpID 99732
INFO | Train - Loss (one batch): 0.00201
INFO | Val - Loss, MSE, RMSE, MAE: 0.00286, 0.00286, 0.05281, 0.03299
INFO | Test - Best epoch 121, Loss, MSE, RMSE, MAE: 0.06272, 0.06272, 0.24834, 0.15209
INFO | Time spent: 2.75s
INFO | - Epoch 130, ExpID 99732
INFO | Train - Loss (one batch): 0.00242
INFO | Val - Loss, MSE, RMSE, MAE: 0.00287, 0.00287, 0.05295, 0.03298
INFO | Test - Best epoch 121, Loss, MSE, RMSE, MAE: 0.06272, 0.06272, 0.24834, 0.15209
INFO | Time spent: 2.81s
INFO | - Epoch 131, ExpID 99732
INFO | Train - Loss (one batch): 0.00228
INFO | Val - Loss, MSE, RMSE, MAE: 0.00293, 0.00293, 0.05350, 0.03384
INFO | Test - Best epoch 121, Loss, MSE, RMSE, MAE: 0.06272, 0.06272, 0.24834, 0.15209
INFO | Time spent: 2.85s
INFO | - Epoch 132, ExpID 99732
INFO | Train - Loss (one batch): 0.00247
INFO | Val - Loss, MSE, RMSE, MAE: 0.00281, 0.00281, 0.05237, 0.03233
INFO | Test - Best epoch 132, Loss, MSE, RMSE, MAE: 0.06295, 0.06295, 0.24862, 0.15163
INFO | Time spent: 3.39s
INFO | - Epoch 133, ExpID 99732
INFO | Train - Loss (one batch): 0.00204
INFO | Val - Loss, MSE, RMSE, MAE: 0.00283, 0.00283, 0.05249, 0.03242
INFO | Test - Best epoch 132, Loss, MSE, RMSE, MAE: 0.06295, 0.06295, 0.24862, 0.15163
INFO | Time spent: 2.76s
INFO | - Epoch 134, ExpID 99732
INFO | Train - Loss (one batch): 0.00204
INFO | Val - Loss, MSE, RMSE, MAE: 0.00294, 0.00294, 0.05360, 0.03405
INFO | Test - Best epoch 132, Loss, MSE, RMSE, MAE: 0.06295, 0.06295, 0.24862, 0.15163
INFO | Time spent: 2.77s
INFO | - Epoch 135, ExpID 99732
INFO | Train - Loss (one batch): 0.00301
INFO | Val - Loss, MSE, RMSE, MAE: 0.00286, 0.00286, 0.05283, 0.03288
INFO | Test - Best epoch 132, Loss, MSE, RMSE, MAE: 0.06295, 0.06295, 0.24862, 0.15163
INFO | Time spent: 2.76s
INFO | - Epoch 136, ExpID 99732
INFO | Train - Loss (one batch): 0.00234
INFO | Val - Loss, MSE, RMSE, MAE: 0.00291, 0.00291, 0.05333, 0.03379
INFO | Test - Best epoch 132, Loss, MSE, RMSE, MAE: 0.06295, 0.06295, 0.24862, 0.15163
INFO | Time spent: 2.77s
INFO | - Epoch 137, ExpID 99732
INFO | Train - Loss (one batch): 0.00219
INFO | Val - Loss, MSE, RMSE, MAE: 0.00282, 0.00282, 0.05239, 0.03202
INFO | Test - Best epoch 132, Loss, MSE, RMSE, MAE: 0.06295, 0.06295, 0.24862, 0.15163
INFO | Time spent: 2.77s
INFO | - Epoch 138, ExpID 99732
INFO | Train - Loss (one batch): 0.00191
INFO | Val - Loss, MSE, RMSE, MAE: 0.00281, 0.00281, 0.05231, 0.03236
INFO | Test - Best epoch 138, Loss, MSE, RMSE, MAE: 0.06302, 0.06302, 0.24881, 0.15267
INFO | Time spent: 3.17s
INFO | - Epoch 139, ExpID 99732
INFO | Train - Loss (one batch): 0.00191
INFO | Val - Loss, MSE, RMSE, MAE: 0.00285, 0.00285, 0.05271, 0.03260
INFO | Test - Best epoch 138, Loss, MSE, RMSE, MAE: 0.06302, 0.06302, 0.24881, 0.15267
INFO | Time spent: 2.77s
INFO | - Epoch 140, ExpID 99732
INFO | Train - Loss (one batch): 0.00284
INFO | Val - Loss, MSE, RMSE, MAE: 0.00286, 0.00286, 0.05282, 0.03272
INFO | Test - Best epoch 138, Loss, MSE, RMSE, MAE: 0.06302, 0.06302, 0.24881, 0.15267
INFO | Time spent: 2.76s
INFO | - Epoch 141, ExpID 99732
INFO | Train - Loss (one batch): 0.00203
INFO | Val - Loss, MSE, RMSE, MAE: 0.00295, 0.00295, 0.05367, 0.03431
INFO | Test - Best epoch 138, Loss, MSE, RMSE, MAE: 0.06302, 0.06302, 0.24881, 0.15267
INFO | Time spent: 2.77s
INFO | - Epoch 142, ExpID 99732
INFO | Train - Loss (one batch): 0.00284
INFO | Val - Loss, MSE, RMSE, MAE: 0.00286, 0.00286, 0.05286, 0.03294
INFO | Test - Best epoch 138, Loss, MSE, RMSE, MAE: 0.06302, 0.06302, 0.24881, 0.15267
INFO | Time spent: 2.83s
INFO | - Epoch 143, ExpID 99732
INFO | Train - Loss (one batch): 0.00216
INFO | Val - Loss, MSE, RMSE, MAE: 0.00291, 0.00291, 0.05335, 0.03393
INFO | Test - Best epoch 138, Loss, MSE, RMSE, MAE: 0.06302, 0.06302, 0.24881, 0.15267
INFO | Time spent: 2.77s
INFO | - Epoch 144, ExpID 99732
INFO | Train - Loss (one batch): 0.00238
INFO | Val - Loss, MSE, RMSE, MAE: 0.00314, 0.00314, 0.05549, 0.03710
INFO | Test - Best epoch 138, Loss, MSE, RMSE, MAE: 0.06302, 0.06302, 0.24881, 0.15267
INFO | Time spent: 2.78s
INFO | - Epoch 145, ExpID 99732
INFO | Train - Loss (one batch): 0.00212
INFO | Val - Loss, MSE, RMSE, MAE: 0.00282, 0.00282, 0.05244, 0.03204
INFO | Test - Best epoch 138, Loss, MSE, RMSE, MAE: 0.06302, 0.06302, 0.24881, 0.15267
INFO | Time spent: 2.90s
INFO | - Epoch 146, ExpID 99732
INFO | Train - Loss (one batch): 0.00242
INFO | Val - Loss, MSE, RMSE, MAE: 0.00284, 0.00284, 0.05264, 0.03254
INFO | Test - Best epoch 138, Loss, MSE, RMSE, MAE: 0.06302, 0.06302, 0.24881, 0.15267
INFO | Time spent: 2.88s
INFO | - Epoch 147, ExpID 99732
INFO | Train - Loss (one batch): 0.00241
INFO | Val - Loss, MSE, RMSE, MAE: 0.00285, 0.00285, 0.05271, 0.03275
INFO | Test - Best epoch 138, Loss, MSE, RMSE, MAE: 0.06302, 0.06302, 0.24881, 0.15267
INFO | Time spent: 2.77s
INFO | - Epoch 148, ExpID 99732
INFO | Train - Loss (one batch): 0.00242
INFO | Val - Loss, MSE, RMSE, MAE: 0.00282, 0.00282, 0.05244, 0.03218
INFO | Test - Best epoch 138, Loss, MSE, RMSE, MAE: 0.06302, 0.06302, 0.24881, 0.15267
INFO | Time spent: 2.84s
INFO | - Epoch 149, ExpID 99732
INFO | Train - Loss (one batch): 0.00234
INFO | Val - Loss, MSE, RMSE, MAE: 0.00303, 0.00303, 0.05452, 0.03569
INFO | Test - Best epoch 138, Loss, MSE, RMSE, MAE: 0.06302, 0.06302, 0.24881, 0.15267
INFO | Time spent: 2.76s
INFO | - Epoch 150, ExpID 99732
INFO | Train - Loss (one batch): 0.00342
INFO | Val - Loss, MSE, RMSE, MAE: 0.00280, 0.00280, 0.05228, 0.03231
INFO | Test - Best epoch 150, Loss, MSE, RMSE, MAE: 0.06311, 0.06311, 0.24912, 0.15320
INFO | Time spent: 3.22s
INFO | - Epoch 151, ExpID 99732
INFO | Train - Loss (one batch): 0.00224
INFO | Val - Loss, MSE, RMSE, MAE: 0.00284, 0.00284, 0.05257, 0.03248
INFO | Test - Best epoch 150, Loss, MSE, RMSE, MAE: 0.06311, 0.06311, 0.24912, 0.15320
INFO | Time spent: 2.76s
INFO | - Epoch 152, ExpID 99732
INFO | Train - Loss (one batch): 0.00258
INFO | Val - Loss, MSE, RMSE, MAE: 0.00287, 0.00287, 0.05289, 0.03283
INFO | Test - Best epoch 150, Loss, MSE, RMSE, MAE: 0.06311, 0.06311, 0.24912, 0.15320
INFO | Time spent: 2.76s
INFO | - Epoch 153, ExpID 99732
INFO | Train - Loss (one batch): 0.00193
INFO | Val - Loss, MSE, RMSE, MAE: 0.00281, 0.00281, 0.05238, 0.03230
INFO | Test - Best epoch 150, Loss, MSE, RMSE, MAE: 0.06311, 0.06311, 0.24912, 0.15320
INFO | Time spent: 3.03s
INFO | - Epoch 154, ExpID 99732
INFO | Train - Loss (one batch): 0.00218
INFO | Val - Loss, MSE, RMSE, MAE: 0.00286, 0.00286, 0.05285, 0.03301
INFO | Test - Best epoch 150, Loss, MSE, RMSE, MAE: 0.06311, 0.06311, 0.24912, 0.15320
INFO | Time spent: 2.79s
INFO | - Epoch 155, ExpID 99732
INFO | Train - Loss (one batch): 0.00233
INFO | Val - Loss, MSE, RMSE, MAE: 0.00285, 0.00285, 0.05277, 0.03356
INFO | Test - Best epoch 150, Loss, MSE, RMSE, MAE: 0.06311, 0.06311, 0.24912, 0.15320
INFO | Time spent: 2.79s
INFO | - Epoch 156, ExpID 99732
INFO | Train - Loss (one batch): 0.00172
INFO | Val - Loss, MSE, RMSE, MAE: 0.00284, 0.00284, 0.05261, 0.03265
INFO | Test - Best epoch 150, Loss, MSE, RMSE, MAE: 0.06311, 0.06311, 0.24912, 0.15320
INFO | Time spent: 2.75s
INFO | - Epoch 157, ExpID 99732
INFO | Train - Loss (one batch): 0.00222
INFO | Val - Loss, MSE, RMSE, MAE: 0.00289, 0.00289, 0.05306, 0.03310
INFO | Test - Best epoch 150, Loss, MSE, RMSE, MAE: 0.06311, 0.06311, 0.24912, 0.15320
INFO | Time spent: 2.77s
INFO | - Epoch 158, ExpID 99732
INFO | Train - Loss (one batch): 0.00229
INFO | Val - Loss, MSE, RMSE, MAE: 0.00284, 0.00284, 0.05262, 0.03243
INFO | Test - Best epoch 150, Loss, MSE, RMSE, MAE: 0.06311, 0.06311, 0.24912, 0.15320
INFO | Time spent: 2.75s
INFO | - Epoch 159, ExpID 99732
INFO | Train - Loss (one batch): 0.00237
INFO | Val - Loss, MSE, RMSE, MAE: 0.00285, 0.00285, 0.05266, 0.03242
INFO | Test - Best epoch 150, Loss, MSE, RMSE, MAE: 0.06311, 0.06311, 0.24912, 0.15320
INFO | Time spent: 2.76s
INFO | - Epoch 160, ExpID 99732
INFO | Train - Loss (one batch): 0.00205
INFO | Val - Loss, MSE, RMSE, MAE: 0.00292, 0.00292, 0.05343, 0.03383
INFO | Test - Best epoch 150, Loss, MSE, RMSE, MAE: 0.06311, 0.06311, 0.24912, 0.15320
INFO | Time spent: 2.71s
INFO | - Epoch 161, ExpID 99732
INFO | Train - Loss (one batch): 0.00245
INFO | Val - Loss, MSE, RMSE, MAE: 0.00284, 0.00284, 0.05265, 0.03278
INFO | Test - Best epoch 150, Loss, MSE, RMSE, MAE: 0.06311, 0.06311, 0.24912, 0.15320
INFO | Time spent: 2.71s
INFO | - Epoch 162, ExpID 99732
INFO | Train - Loss (one batch): 0.00252
INFO | Val - Loss, MSE, RMSE, MAE: 0.00286, 0.00286, 0.05274, 0.03258
INFO | Test - Best epoch 150, Loss, MSE, RMSE, MAE: 0.06311, 0.06311, 0.24912, 0.15320
INFO | Time spent: 2.76s
INFO | - Epoch 163, ExpID 99732
INFO | Train - Loss (one batch): 0.00213
INFO | Val - Loss, MSE, RMSE, MAE: 0.00282, 0.00282, 0.05239, 0.03216
INFO | Test - Best epoch 150, Loss, MSE, RMSE, MAE: 0.06311, 0.06311, 0.24912, 0.15320
INFO | Time spent: 2.72s
INFO | - Epoch 164, ExpID 99732
INFO | Train - Loss (one batch): 0.00225
INFO | Val - Loss, MSE, RMSE, MAE: 0.00285, 0.00285, 0.05272, 0.03300
INFO | Test - Best epoch 150, Loss, MSE, RMSE, MAE: 0.06311, 0.06311, 0.24912, 0.15320
INFO | Time spent: 2.71s
INFO | - Epoch 165, ExpID 99732
INFO | Train - Loss (one batch): 0.00172
INFO | Val - Loss, MSE, RMSE, MAE: 0.00283, 0.00283, 0.05247, 0.03243
INFO | Test - Best epoch 150, Loss, MSE, RMSE, MAE: 0.06311, 0.06311, 0.24912, 0.15320
INFO | Time spent: 2.73s
INFO | - Epoch 166, ExpID 99732
INFO | Train - Loss (one batch): 0.00296
INFO | Val - Loss, MSE, RMSE, MAE: 0.00289, 0.00289, 0.05306, 0.03337
INFO | Test - Best epoch 150, Loss, MSE, RMSE, MAE: 0.06311, 0.06311, 0.24912, 0.15320
INFO | Time spent: 2.71s
INFO | - Epoch 167, ExpID 99732
INFO | Train - Loss (one batch): 0.00198
INFO | Val - Loss, MSE, RMSE, MAE: 0.00282, 0.00282, 0.05243, 0.03240
INFO | Test - Best epoch 150, Loss, MSE, RMSE, MAE: 0.06311, 0.06311, 0.24912, 0.15320
INFO | Time spent: 2.71s
INFO | - Epoch 168, ExpID 99732
INFO | Train - Loss (one batch): 0.00348
INFO | Val - Loss, MSE, RMSE, MAE: 0.00283, 0.00283, 0.05257, 0.03243
INFO | Test - Best epoch 150, Loss, MSE, RMSE, MAE: 0.06311, 0.06311, 0.24912, 0.15320
INFO | Time spent: 2.90s
INFO | - Epoch 169, ExpID 99732
INFO | Train - Loss (one batch): 0.00212
INFO | Val - Loss, MSE, RMSE, MAE: 0.00282, 0.00282, 0.05246, 0.03246
INFO | Test - Best epoch 150, Loss, MSE, RMSE, MAE: 0.06311, 0.06311, 0.24912, 0.15320
INFO | Time spent: 2.72s
INFO | - Epoch 170, ExpID 99732
INFO | Train - Loss (one batch): 0.00201
INFO | Val - Loss, MSE, RMSE, MAE: 0.00285, 0.00285, 0.05273, 0.03294
INFO | Test - Best epoch 150, Loss, MSE, RMSE, MAE: 0.06311, 0.06311, 0.24912, 0.15320
INFO | Time spent: 2.76s
INFO | - Epoch 171, ExpID 99732
INFO | Train - Loss (one batch): 0.00230
INFO | Val - Loss, MSE, RMSE, MAE: 0.00284, 0.00284, 0.05258, 0.03225
INFO | Test - Best epoch 150, Loss, MSE, RMSE, MAE: 0.06311, 0.06311, 0.24912, 0.15320
INFO | Time spent: 2.76s
INFO | - Epoch 172, ExpID 99732
INFO | Train - Loss (one batch): 0.00237
INFO | Val - Loss, MSE, RMSE, MAE: 0.00293, 0.00293, 0.05352, 0.03385
INFO | Test - Best epoch 150, Loss, MSE, RMSE, MAE: 0.06311, 0.06311, 0.24912, 0.15320
INFO | Time spent: 2.76s
INFO | - Epoch 173, ExpID 99732
INFO | Train - Loss (one batch): 0.00233
INFO | Val - Loss, MSE, RMSE, MAE: 0.00287, 0.00287, 0.05293, 0.03308
INFO | Test - Best epoch 150, Loss, MSE, RMSE, MAE: 0.06311, 0.06311, 0.24912, 0.15320
INFO | Time spent: 2.77s
INFO | - Epoch 174, ExpID 99732
INFO | Train - Loss (one batch): 0.00263
INFO | Val - Loss, MSE, RMSE, MAE: 0.00301, 0.00301, 0.05427, 0.03483
INFO | Test - Best epoch 150, Loss, MSE, RMSE, MAE: 0.06311, 0.06311, 0.24912, 0.15320
INFO | Time spent: 2.77s
INFO | - Epoch 175, ExpID 99732
INFO | Train - Loss (one batch): 0.00135
INFO | Val - Loss, MSE, RMSE, MAE: 0.00294, 0.00294, 0.05355, 0.03402
INFO | Test - Best epoch 150, Loss, MSE, RMSE, MAE: 0.06311, 0.06311, 0.24912, 0.15320
INFO | Time spent: 2.88s
INFO | - Epoch 176, ExpID 99732
INFO | Train - Loss (one batch): 0.00290
INFO | Val - Loss, MSE, RMSE, MAE: 0.00288, 0.00288, 0.05303, 0.03326
INFO | Test - Best epoch 150, Loss, MSE, RMSE, MAE: 0.06311, 0.06311, 0.24912, 0.15320
INFO | Time spent: 2.81s
INFO | - Epoch 177, ExpID 99732
INFO | Train - Loss (one batch): 0.00190
INFO | Val - Loss, MSE, RMSE, MAE: 0.00282, 0.00282, 0.05239, 0.03199
INFO | Test - Best epoch 150, Loss, MSE, RMSE, MAE: 0.06311, 0.06311, 0.24912, 0.15320
INFO | Time spent: 2.77s
INFO | - Epoch 178, ExpID 99732
INFO | Train - Loss (one batch): 0.00211
INFO | Val - Loss, MSE, RMSE, MAE: 0.00284, 0.00284, 0.05262, 0.03248
INFO | Test - Best epoch 150, Loss, MSE, RMSE, MAE: 0.06311, 0.06311, 0.24912, 0.15320
INFO | Time spent: 2.77s
INFO | - Epoch 179, ExpID 99732
INFO | Train - Loss (one batch): 0.00194
INFO | Val - Loss, MSE, RMSE, MAE: 0.00283, 0.00283, 0.05245, 0.03224
INFO | Test - Best epoch 150, Loss, MSE, RMSE, MAE: 0.06311, 0.06311, 0.24912, 0.15320
INFO | Time spent: 2.76s
INFO | - Epoch 180, ExpID 99732
INFO | Train - Loss (one batch): 0.00263
INFO | Val - Loss, MSE, RMSE, MAE: 0.00286, 0.00286, 0.05275, 0.03294
INFO | Test - Best epoch 150, Loss, MSE, RMSE, MAE: 0.06311, 0.06311, 0.24912, 0.15320
INFO | Time spent: 2.77s
INFO | - Epoch 181, ExpID 99732
INFO | Train - Loss (one batch): 0.00206
INFO | Val - Loss, MSE, RMSE, MAE: 0.00282, 0.00282, 0.05241, 0.03224
INFO | Test - Best epoch 150, Loss, MSE, RMSE, MAE: 0.06311, 0.06311, 0.24912, 0.15320
INFO | Time spent: 2.76s
INFO | - Epoch 182, ExpID 99732
INFO | Train - Loss (one batch): 0.00232
INFO | Val - Loss, MSE, RMSE, MAE: 0.00285, 0.00285, 0.05273, 0.03253
INFO | Test - Best epoch 150, Loss, MSE, RMSE, MAE: 0.06311, 0.06311, 0.24912, 0.15320
INFO | Time spent: 2.76s
INFO | - Epoch 183, ExpID 99732
INFO | Train - Loss (one batch): 0.00202
INFO | Val - Loss, MSE, RMSE, MAE: 0.00303, 0.00303, 0.05444, 0.03489
INFO | Test - Best epoch 150, Loss, MSE, RMSE, MAE: 0.06311, 0.06311, 0.24912, 0.15320
INFO | Time spent: 2.78s
INFO | - Epoch 184, ExpID 99732
INFO | Train - Loss (one batch): 0.00190
INFO | Val - Loss, MSE, RMSE, MAE: 0.00285, 0.00285, 0.05270, 0.03290
INFO | Test - Best epoch 150, Loss, MSE, RMSE, MAE: 0.06311, 0.06311, 0.24912, 0.15320
INFO | Time spent: 2.76s
INFO | - Epoch 185, ExpID 99732
INFO | Train - Loss (one batch): 0.00205
INFO | Val - Loss, MSE, RMSE, MAE: 0.00281, 0.00281, 0.05235, 0.03223
INFO | Test - Best epoch 150, Loss, MSE, RMSE, MAE: 0.06311, 0.06311, 0.24912, 0.15320
INFO | Time spent: 2.77s
INFO | - Epoch 186, ExpID 99732
INFO | Train - Loss (one batch): 0.00207
INFO | Val - Loss, MSE, RMSE, MAE: 0.00289, 0.00289, 0.05300, 0.03272
INFO | Test - Best epoch 150, Loss, MSE, RMSE, MAE: 0.06311, 0.06311, 0.24912, 0.15320
INFO | Time spent: 2.75s
INFO | - Epoch 187, ExpID 99732
INFO | Train - Loss (one batch): 0.00207
INFO | Val - Loss, MSE, RMSE, MAE: 0.00289, 0.00289, 0.05311, 0.03333
INFO | Test - Best epoch 150, Loss, MSE, RMSE, MAE: 0.06311, 0.06311, 0.24912, 0.15320
INFO | Time spent: 2.76s
INFO | - Epoch 188, ExpID 99732
INFO | Train - Loss (one batch): 0.00217
INFO | Val - Loss, MSE, RMSE, MAE: 0.00287, 0.00287, 0.05291, 0.03256
INFO | Test - Best epoch 150, Loss, MSE, RMSE, MAE: 0.06311, 0.06311, 0.24912, 0.15320
INFO | Time spent: 2.77s
INFO | - Epoch 189, ExpID 99732
INFO | Train - Loss (one batch): 0.00227
INFO | Val - Loss, MSE, RMSE, MAE: 0.00285, 0.00285, 0.05272, 0.03233
INFO | Test - Best epoch 150, Loss, MSE, RMSE, MAE: 0.06311, 0.06311, 0.24912, 0.15320
INFO | Time spent: 3.01s
INFO | - Epoch 190, ExpID 99732
INFO | Train - Loss (one batch): 0.00228
INFO | Val - Loss, MSE, RMSE, MAE: 0.00287, 0.00287, 0.05291, 0.03306
INFO | Test - Best epoch 150, Loss, MSE, RMSE, MAE: 0.06311, 0.06311, 0.24912, 0.15320
INFO | Time spent: 2.76s
INFO | - Epoch 191, ExpID 99732
INFO | Train - Loss (one batch): 0.00180
INFO | Val - Loss, MSE, RMSE, MAE: 0.00303, 0.00303, 0.05439, 0.03462
INFO | Test - Best epoch 150, Loss, MSE, RMSE, MAE: 0.06311, 0.06311, 0.24912, 0.15320
INFO | Time spent: 2.78s
INFO | - Epoch 192, ExpID 99732
INFO | Train - Loss (one batch): 0.00289
INFO | Val - Loss, MSE, RMSE, MAE: 0.00287, 0.00287, 0.05298, 0.03330
INFO | Test - Best epoch 150, Loss, MSE, RMSE, MAE: 0.06311, 0.06311, 0.24912, 0.15320
INFO | Time spent: 2.79s
INFO | - Epoch 193, ExpID 99732
INFO | Train - Loss (one batch): 0.00338
INFO | Val - Loss, MSE, RMSE, MAE: 0.00286, 0.00286, 0.05280, 0.03315
INFO | Test - Best epoch 150, Loss, MSE, RMSE, MAE: 0.06311, 0.06311, 0.24912, 0.15320
INFO | Time spent: 2.76s
INFO | - Epoch 194, ExpID 99732
INFO | Train - Loss (one batch): 0.00245
INFO | Val - Loss, MSE, RMSE, MAE: 0.00285, 0.00285, 0.05270, 0.03282
INFO | Test - Best epoch 150, Loss, MSE, RMSE, MAE: 0.06311, 0.06311, 0.24912, 0.15320
INFO | Time spent: 2.76s
INFO | - Epoch 195, ExpID 99732
INFO | Train - Loss (one batch): 0.00174
INFO | Val - Loss, MSE, RMSE, MAE: 0.00285, 0.00285, 0.05266, 0.03266
INFO | Test - Best epoch 150, Loss, MSE, RMSE, MAE: 0.06311, 0.06311, 0.24912, 0.15320
INFO | Time spent: 2.77s
INFO | - Epoch 196, ExpID 99732
INFO | Train - Loss (one batch): 0.00231
INFO | Val - Loss, MSE, RMSE, MAE: 0.00287, 0.00287, 0.05289, 0.03297
INFO | Test - Best epoch 150, Loss, MSE, RMSE, MAE: 0.06311, 0.06311, 0.24912, 0.15320
INFO | Time spent: 2.85s
INFO | - Epoch 197, ExpID 99732
INFO | Train - Loss (one batch): 0.00182
INFO | Val - Loss, MSE, RMSE, MAE: 0.00287, 0.00287, 0.05289, 0.03252
INFO | Test - Best epoch 150, Loss, MSE, RMSE, MAE: 0.06311, 0.06311, 0.24912, 0.15320
INFO | Time spent: 2.76s
INFO | - Epoch 198, ExpID 99732
INFO | Train - Loss (one batch): 0.00245
INFO | Val - Loss, MSE, RMSE, MAE: 0.00282, 0.00282, 0.05241, 0.03205
INFO | Test - Best epoch 150, Loss, MSE, RMSE, MAE: 0.06311, 0.06311, 0.24912, 0.15320
INFO | Time spent: 2.75s
INFO | - Epoch 199, ExpID 99732
INFO | Train - Loss (one batch): 0.00237
INFO | Val - Loss, MSE, RMSE, MAE: 0.00298, 0.00298, 0.05390, 0.03428
INFO | Test - Best epoch 150, Loss, MSE, RMSE, MAE: 0.06311, 0.06311, 0.24912, 0.15320
INFO | Time spent: 2.76s
INFO | - Epoch 200, ExpID 99732
INFO | Train - Loss (one batch): 0.00220
INFO | Val - Loss, MSE, RMSE, MAE: 0.00285, 0.00285, 0.05271, 0.03227
INFO | Test - Best epoch 150, Loss, MSE, RMSE, MAE: 0.06311, 0.06311, 0.24912, 0.15320
INFO | Time spent: 2.78s
INFO | - Epoch 201, ExpID 99732
INFO | Train - Loss (one batch): 0.00149
INFO | Val - Loss, MSE, RMSE, MAE: 0.00287, 0.00287, 0.05283, 0.03261
INFO | Test - Best epoch 150, Loss, MSE, RMSE, MAE: 0.06311, 0.06311, 0.24912, 0.15320
INFO | Time spent: 2.96s
INFO | - Epoch 202, ExpID 99732
INFO | Train - Loss (one batch): 0.00296
INFO | Val - Loss, MSE, RMSE, MAE: 0.00283, 0.00283, 0.05248, 0.03230
INFO | Test - Best epoch 150, Loss, MSE, RMSE, MAE: 0.06311, 0.06311, 0.24912, 0.15320
INFO | Time spent: 2.97s
INFO | - Epoch 203, ExpID 99732
INFO | Train - Loss (one batch): 0.00173
INFO | Val - Loss, MSE, RMSE, MAE: 0.00281, 0.00281, 0.05230, 0.03197
INFO | Test - Best epoch 150, Loss, MSE, RMSE, MAE: 0.06311, 0.06311, 0.24912, 0.15320
INFO | Time spent: 2.76s
INFO | - Epoch 204, ExpID 99732
INFO | Train - Loss (one batch): 0.00274
INFO | Val - Loss, MSE, RMSE, MAE: 0.00284, 0.00284, 0.05256, 0.03233
INFO | Test - Best epoch 150, Loss, MSE, RMSE, MAE: 0.06311, 0.06311, 0.24912, 0.15320
INFO | Time spent: 2.77s
INFO | - Epoch 205, ExpID 99732
INFO | Train - Loss (one batch): 0.00207
INFO | Val - Loss, MSE, RMSE, MAE: 0.00284, 0.00284, 0.05266, 0.03230
INFO | Test - Best epoch 150, Loss, MSE, RMSE, MAE: 0.06311, 0.06311, 0.24912, 0.15320
INFO | Time spent: 2.81s
INFO | - Epoch 206, ExpID 99732
INFO | Train - Loss (one batch): 0.00218
INFO | Val - Loss, MSE, RMSE, MAE: 0.00288, 0.00288, 0.05292, 0.03256
INFO | Test - Best epoch 150, Loss, MSE, RMSE, MAE: 0.06311, 0.06311, 0.24912, 0.15320
INFO | Time spent: 2.84s
INFO | - Epoch 207, ExpID 99732
INFO | Train - Loss (one batch): 0.00242
INFO | Val - Loss, MSE, RMSE, MAE: 0.00284, 0.00284, 0.05261, 0.03234
INFO | Test - Best epoch 150, Loss, MSE, RMSE, MAE: 0.06311, 0.06311, 0.24912, 0.15320
INFO | Time spent: 2.95s
INFO | - Epoch 208, ExpID 99732
INFO | Train - Loss (one batch): 0.00209
INFO | Val - Loss, MSE, RMSE, MAE: 0.00283, 0.00283, 0.05246, 0.03206
INFO | Test - Best epoch 150, Loss, MSE, RMSE, MAE: 0.06311, 0.06311, 0.24912, 0.15320
INFO | Time spent: 2.78s
INFO | - Epoch 209, ExpID 99732
INFO | Train - Loss (one batch): 0.00260
INFO | Val - Loss, MSE, RMSE, MAE: 0.00312, 0.00312, 0.05519, 0.03592
INFO | Test - Best epoch 150, Loss, MSE, RMSE, MAE: 0.06311, 0.06311, 0.24912, 0.15320
INFO | Time spent: 2.75s
INFO | - Epoch 210, ExpID 99732
INFO | Train - Loss (one batch): 0.00188
INFO | Val - Loss, MSE, RMSE, MAE: 0.00289, 0.00289, 0.05306, 0.03306
INFO | Test - Best epoch 150, Loss, MSE, RMSE, MAE: 0.06311, 0.06311, 0.24912, 0.15320
INFO | Time spent: 2.75s
INFO | - Epoch 211, ExpID 99732
INFO | Train - Loss (one batch): 0.00198
INFO | Val - Loss, MSE, RMSE, MAE: 0.00281, 0.00281, 0.05232, 0.03214
INFO | Test - Best epoch 150, Loss, MSE, RMSE, MAE: 0.06311, 0.06311, 0.24912, 0.15320
INFO | Time spent: 2.76s
INFO | - Epoch 212, ExpID 99732
INFO | Train - Loss (one batch): 0.00262
INFO | Val - Loss, MSE, RMSE, MAE: 0.00289, 0.00289, 0.05312, 0.03353
INFO | Test - Best epoch 150, Loss, MSE, RMSE, MAE: 0.06311, 0.06311, 0.24912, 0.15320
INFO | Time spent: 2.77s
INFO | - Epoch 213, ExpID 99732
INFO | Train - Loss (one batch): 0.00193
INFO | Val - Loss, MSE, RMSE, MAE: 0.00283, 0.00283, 0.05254, 0.03227
INFO | Test - Best epoch 150, Loss, MSE, RMSE, MAE: 0.06311, 0.06311, 0.24912, 0.15320
INFO | Time spent: 2.77s
INFO | - Epoch 214, ExpID 99732
INFO | Train - Loss (one batch): 0.00190
INFO | Val - Loss, MSE, RMSE, MAE: 0.00284, 0.00284, 0.05261, 0.03239
INFO | Test - Best epoch 150, Loss, MSE, RMSE, MAE: 0.06311, 0.06311, 0.24912, 0.15320
INFO | Time spent: 2.76s
INFO | - Epoch 215, ExpID 99732
INFO | Train - Loss (one batch): 0.00198
INFO | Val - Loss, MSE, RMSE, MAE: 0.00286, 0.00286, 0.05282, 0.03250
INFO | Test - Best epoch 150, Loss, MSE, RMSE, MAE: 0.06311, 0.06311, 0.24912, 0.15320
INFO | Time spent: 2.76s
INFO | - Epoch 216, ExpID 99732
INFO | Train - Loss (one batch): 0.00235
INFO | Val - Loss, MSE, RMSE, MAE: 0.00295, 0.00295, 0.05369, 0.03404
INFO | Test - Best epoch 150, Loss, MSE, RMSE, MAE: 0.06311, 0.06311, 0.24912, 0.15320
INFO | Time spent: 2.79s
INFO | - Epoch 217, ExpID 99732
INFO | Train - Loss (one batch): 0.00170
INFO | Val - Loss, MSE, RMSE, MAE: 0.00293, 0.00293, 0.05352, 0.03398
INFO | Test - Best epoch 150, Loss, MSE, RMSE, MAE: 0.06311, 0.06311, 0.24912, 0.15320
INFO | Time spent: 2.77s
INFO | - Epoch 218, ExpID 99732
INFO | Train - Loss (one batch): 0.00232
INFO | Val - Loss, MSE, RMSE, MAE: 0.00293, 0.00293, 0.05342, 0.03370
INFO | Test - Best epoch 150, Loss, MSE, RMSE, MAE: 0.06311, 0.06311, 0.24912, 0.15320
INFO | Time spent: 2.77s
INFO | - Epoch 219, ExpID 99732
INFO | Train - Loss (one batch): 0.00253
INFO | Val - Loss, MSE, RMSE, MAE: 0.00286, 0.00286, 0.05278, 0.03257
INFO | Test - Best epoch 150, Loss, MSE, RMSE, MAE: 0.06311, 0.06311, 0.24912, 0.15320
INFO | Time spent: 2.99s
INFO | - Epoch 220, ExpID 99732
INFO | Train - Loss (one batch): 0.00236
INFO | Val - Loss, MSE, RMSE, MAE: 0.00285, 0.00285, 0.05268, 0.03259
INFO | Test - Best epoch 150, Loss, MSE, RMSE, MAE: 0.06311, 0.06311, 0.24912, 0.15320
INFO | Time spent: 2.81s
INFO | - Epoch 221, ExpID 99732
INFO | Train - Loss (one batch): 0.00207
INFO | Val - Loss, MSE, RMSE, MAE: 0.00290, 0.00290, 0.05327, 0.03373
INFO | Test - Best epoch 150, Loss, MSE, RMSE, MAE: 0.06311, 0.06311, 0.24912, 0.15320
INFO | Time spent: 2.81s
INFO | - Epoch 222, ExpID 99732
INFO | Train - Loss (one batch): 0.00213
INFO | Val - Loss, MSE, RMSE, MAE: 0.00297, 0.00297, 0.05384, 0.03394
INFO | Test - Best epoch 150, Loss, MSE, RMSE, MAE: 0.06311, 0.06311, 0.24912, 0.15320
INFO | Time spent: 2.83s
INFO | - Epoch 223, ExpID 99732
INFO | Train - Loss (one batch): 0.00260
INFO | Val - Loss, MSE, RMSE, MAE: 0.00279, 0.00279, 0.05219, 0.03228
INFO | Test - Best epoch 223, Loss, MSE, RMSE, MAE: 0.06312, 0.06312, 0.24882, 0.15246
INFO | Time spent: 3.26s
INFO | - Epoch 224, ExpID 99732
INFO | Train - Loss (one batch): 0.00279
INFO | Val - Loss, MSE, RMSE, MAE: 0.00284, 0.00284, 0.05259, 0.03262
INFO | Test - Best epoch 223, Loss, MSE, RMSE, MAE: 0.06312, 0.06312, 0.24882, 0.15246
INFO | Time spent: 2.82s
INFO | - Epoch 225, ExpID 99732
INFO | Train - Loss (one batch): 0.00200
INFO | Val - Loss, MSE, RMSE, MAE: 0.00284, 0.00284, 0.05261, 0.03242
INFO | Test - Best epoch 223, Loss, MSE, RMSE, MAE: 0.06312, 0.06312, 0.24882, 0.15246
INFO | Time spent: 2.84s
INFO | - Epoch 226, ExpID 99732
INFO | Train - Loss (one batch): 0.00175
INFO | Val - Loss, MSE, RMSE, MAE: 0.00288, 0.00288, 0.05294, 0.03233
INFO | Test - Best epoch 223, Loss, MSE, RMSE, MAE: 0.06312, 0.06312, 0.24882, 0.15246
INFO | Time spent: 2.91s
INFO | - Epoch 227, ExpID 99732
INFO | Train - Loss (one batch): 0.00166
INFO | Val - Loss, MSE, RMSE, MAE: 0.00285, 0.00285, 0.05268, 0.03249
INFO | Test - Best epoch 223, Loss, MSE, RMSE, MAE: 0.06312, 0.06312, 0.24882, 0.15246
INFO | Time spent: 2.90s
INFO | - Epoch 228, ExpID 99732
INFO | Train - Loss (one batch): 0.00152
INFO | Val - Loss, MSE, RMSE, MAE: 0.00287, 0.00287, 0.05288, 0.03264
INFO | Test - Best epoch 223, Loss, MSE, RMSE, MAE: 0.06312, 0.06312, 0.24882, 0.15246
INFO | Time spent: 2.76s
INFO | - Epoch 229, ExpID 99732
INFO | Train - Loss (one batch): 0.00232
INFO | Val - Loss, MSE, RMSE, MAE: 0.00286, 0.00286, 0.05276, 0.03277
INFO | Test - Best epoch 223, Loss, MSE, RMSE, MAE: 0.06312, 0.06312, 0.24882, 0.15246
INFO | Time spent: 2.78s
INFO | - Epoch 230, ExpID 99732
INFO | Train - Loss (one batch): 0.00213
INFO | Val - Loss, MSE, RMSE, MAE: 0.00290, 0.00290, 0.05317, 0.03343
INFO | Test - Best epoch 223, Loss, MSE, RMSE, MAE: 0.06312, 0.06312, 0.24882, 0.15246
INFO | Time spent: 2.75s
INFO | - Epoch 231, ExpID 99732
INFO | Train - Loss (one batch): 0.00170
INFO | Val - Loss, MSE, RMSE, MAE: 0.00287, 0.00287, 0.05292, 0.03286
INFO | Test - Best epoch 223, Loss, MSE, RMSE, MAE: 0.06312, 0.06312, 0.24882, 0.15246
INFO | Time spent: 2.78s
INFO | - Epoch 232, ExpID 99732
INFO | Train - Loss (one batch): 0.00233
INFO | Val - Loss, MSE, RMSE, MAE: 0.00289, 0.00289, 0.05308, 0.03282
INFO | Test - Best epoch 223, Loss, MSE, RMSE, MAE: 0.06312, 0.06312, 0.24882, 0.15246
INFO | Time spent: 2.76s
INFO | - Epoch 233, ExpID 99732
INFO | Train - Loss (one batch): 0.00255
INFO | Val - Loss, MSE, RMSE, MAE: 0.00300, 0.00300, 0.05408, 0.03394
INFO | Test - Best epoch 223, Loss, MSE, RMSE, MAE: 0.06312, 0.06312, 0.24882, 0.15246
INFO | Time spent: 2.78s
INFO | - Epoch 234, ExpID 99732
INFO | Train - Loss (one batch): 0.00229
INFO | Val - Loss, MSE, RMSE, MAE: 0.00292, 0.00292, 0.05336, 0.03364
INFO | Test - Best epoch 223, Loss, MSE, RMSE, MAE: 0.06312, 0.06312, 0.24882, 0.15246
INFO | Time spent: 2.76s
INFO | - Epoch 235, ExpID 99732
INFO | Train - Loss (one batch): 0.00239
INFO | Val - Loss, MSE, RMSE, MAE: 0.00289, 0.00289, 0.05306, 0.03283
INFO | Test - Best epoch 223, Loss, MSE, RMSE, MAE: 0.06312, 0.06312, 0.24882, 0.15246
INFO | Time spent: 2.77s
INFO | - Epoch 236, ExpID 99732
INFO | Train - Loss (one batch): 0.00196
INFO | Val - Loss, MSE, RMSE, MAE: 0.00286, 0.00286, 0.05277, 0.03264
INFO | Test - Best epoch 223, Loss, MSE, RMSE, MAE: 0.06312, 0.06312, 0.24882, 0.15246
INFO | Time spent: 2.76s
INFO | - Epoch 237, ExpID 99732
INFO | Train - Loss (one batch): 0.00179
INFO | Val - Loss, MSE, RMSE, MAE: 0.00284, 0.00284, 0.05262, 0.03226
INFO | Test - Best epoch 223, Loss, MSE, RMSE, MAE: 0.06312, 0.06312, 0.24882, 0.15246
INFO | Time spent: 2.77s
INFO | - Epoch 238, ExpID 99732
INFO | Train - Loss (one batch): 0.00210
INFO | Val - Loss, MSE, RMSE, MAE: 0.00291, 0.00291, 0.05323, 0.03296
INFO | Test - Best epoch 223, Loss, MSE, RMSE, MAE: 0.06312, 0.06312, 0.24882, 0.15246
INFO | Time spent: 2.77s
INFO | - Epoch 239, ExpID 99732
INFO | Train - Loss (one batch): 0.00256
INFO | Val - Loss, MSE, RMSE, MAE: 0.00288, 0.00288, 0.05293, 0.03302
INFO | Test - Best epoch 223, Loss, MSE, RMSE, MAE: 0.06312, 0.06312, 0.24882, 0.15246
INFO | Time spent: 2.79s
INFO | - Epoch 240, ExpID 99732
INFO | Train - Loss (one batch): 0.00273
INFO | Val - Loss, MSE, RMSE, MAE: 0.00290, 0.00290, 0.05313, 0.03295
INFO | Test - Best epoch 223, Loss, MSE, RMSE, MAE: 0.06312, 0.06312, 0.24882, 0.15246
INFO | Time spent: 2.77s
INFO | - Epoch 241, ExpID 99732
INFO | Train - Loss (one batch): 0.00238
INFO | Val - Loss, MSE, RMSE, MAE: 0.00286, 0.00286, 0.05274, 0.03245
INFO | Test - Best epoch 223, Loss, MSE, RMSE, MAE: 0.06312, 0.06312, 0.24882, 0.15246
INFO | Time spent: 2.78s
INFO | - Epoch 242, ExpID 99732
INFO | Train - Loss (one batch): 0.00176
INFO | Val - Loss, MSE, RMSE, MAE: 0.00287, 0.00287, 0.05280, 0.03241
INFO | Test - Best epoch 223, Loss, MSE, RMSE, MAE: 0.06312, 0.06312, 0.24882, 0.15246
INFO | Time spent: 2.77s
INFO | - Epoch 243, ExpID 99732
INFO | Train - Loss (one batch): 0.00180
INFO | Val - Loss, MSE, RMSE, MAE: 0.00282, 0.00282, 0.05244, 0.03213
INFO | Test - Best epoch 223, Loss, MSE, RMSE, MAE: 0.06312, 0.06312, 0.24882, 0.15246
INFO | Time spent: 2.77s
INFO | - Epoch 244, ExpID 99732
INFO | Train - Loss (one batch): 0.00211
INFO | Val - Loss, MSE, RMSE, MAE: 0.00288, 0.00288, 0.05295, 0.03302
INFO | Test - Best epoch 223, Loss, MSE, RMSE, MAE: 0.06312, 0.06312, 0.24882, 0.15246
INFO | Time spent: 2.78s
INFO | - Epoch 245, ExpID 99732
INFO | Train - Loss (one batch): 0.00201
INFO | Val - Loss, MSE, RMSE, MAE: 0.00282, 0.00282, 0.05241, 0.03240
INFO | Test - Best epoch 223, Loss, MSE, RMSE, MAE: 0.06312, 0.06312, 0.24882, 0.15246
INFO | Time spent: 2.77s
INFO | - Epoch 246, ExpID 99732
INFO | Train - Loss (one batch): 0.00218
INFO | Val - Loss, MSE, RMSE, MAE: 0.00286, 0.00286, 0.05281, 0.03276
INFO | Test - Best epoch 223, Loss, MSE, RMSE, MAE: 0.06312, 0.06312, 0.24882, 0.15246
INFO | Time spent: 2.79s
INFO | - Epoch 247, ExpID 99732
INFO | Train - Loss (one batch): 0.00185
INFO | Val - Loss, MSE, RMSE, MAE: 0.00286, 0.00286, 0.05282, 0.03286
INFO | Test - Best epoch 223, Loss, MSE, RMSE, MAE: 0.06312, 0.06312, 0.24882, 0.15246
INFO | Time spent: 2.76s
INFO | - Epoch 248, ExpID 99732
INFO | Train - Loss (one batch): 0.00222
INFO | Val - Loss, MSE, RMSE, MAE: 0.00284, 0.00284, 0.05264, 0.03248
INFO | Test - Best epoch 223, Loss, MSE, RMSE, MAE: 0.06312, 0.06312, 0.24882, 0.15246
INFO | Time spent: 2.78s
INFO | - Epoch 249, ExpID 99732
INFO | Train - Loss (one batch): 0.00237
INFO | Val - Loss, MSE, RMSE, MAE: 0.00290, 0.00290, 0.05317, 0.03306
INFO | Test - Best epoch 223, Loss, MSE, RMSE, MAE: 0.06312, 0.06312, 0.24882, 0.15246
INFO | Time spent: 2.77s
INFO | - Epoch 250, ExpID 99732
INFO | Train - Loss (one batch): 0.00217
INFO | Val - Loss, MSE, RMSE, MAE: 0.00303, 0.00303, 0.05445, 0.03526
INFO | Test - Best epoch 223, Loss, MSE, RMSE, MAE: 0.06312, 0.06312, 0.24882, 0.15246
INFO | Time spent: 2.77s
INFO | - Epoch 251, ExpID 99732
INFO | Train - Loss (one batch): 0.00244
INFO | Val - Loss, MSE, RMSE, MAE: 0.00285, 0.00285, 0.05268, 0.03233
INFO | Test - Best epoch 223, Loss, MSE, RMSE, MAE: 0.06312, 0.06312, 0.24882, 0.15246
INFO | Time spent: 2.77s
INFO | - Epoch 252, ExpID 99732
INFO | Train - Loss (one batch): 0.00226
INFO | Val - Loss, MSE, RMSE, MAE: 0.00288, 0.00288, 0.05299, 0.03271
INFO | Test - Best epoch 223, Loss, MSE, RMSE, MAE: 0.06312, 0.06312, 0.24882, 0.15246
INFO | Time spent: 2.75s
INFO | - Epoch 253, ExpID 99732
INFO | Train - Loss (one batch): 0.00227
INFO | Val - Loss, MSE, RMSE, MAE: 0.00285, 0.00285, 0.05270, 0.03277
INFO | Test - Best epoch 223, Loss, MSE, RMSE, MAE: 0.06312, 0.06312, 0.24882, 0.15246
INFO | Time spent: 2.77s
INFO | - Epoch 254, ExpID 99732
INFO | Train - Loss (one batch): 0.00199
INFO | Val - Loss, MSE, RMSE, MAE: 0.00287, 0.00287, 0.05289, 0.03259
INFO | Test - Best epoch 223, Loss, MSE, RMSE, MAE: 0.06312, 0.06312, 0.24882, 0.15246
INFO | Time spent: 3.01s
INFO | - Epoch 255, ExpID 99732
INFO | Train - Loss (one batch): 0.00193
INFO | Val - Loss, MSE, RMSE, MAE: 0.00283, 0.00283, 0.05251, 0.03218
INFO | Test - Best epoch 223, Loss, MSE, RMSE, MAE: 0.06312, 0.06312, 0.24882, 0.15246
INFO | Time spent: 2.76s
INFO | - Epoch 256, ExpID 99732
INFO | Train - Loss (one batch): 0.00184
INFO | Val - Loss, MSE, RMSE, MAE: 0.00291, 0.00291, 0.05325, 0.03322
INFO | Test - Best epoch 223, Loss, MSE, RMSE, MAE: 0.06312, 0.06312, 0.24882, 0.15246
INFO | Time spent: 2.76s
INFO | - Epoch 257, ExpID 99732
INFO | Train - Loss (one batch): 0.00247
INFO | Val - Loss, MSE, RMSE, MAE: 0.00286, 0.00286, 0.05278, 0.03270
INFO | Test - Best epoch 223, Loss, MSE, RMSE, MAE: 0.06312, 0.06312, 0.24882, 0.15246
INFO | Time spent: 2.77s
INFO | - Epoch 258, ExpID 99732
INFO | Train - Loss (one batch): 0.00263
INFO | Val - Loss, MSE, RMSE, MAE: 0.00283, 0.00283, 0.05250, 0.03217
INFO | Test - Best epoch 223, Loss, MSE, RMSE, MAE: 0.06312, 0.06312, 0.24882, 0.15246
INFO | Time spent: 2.78s
INFO | - Epoch 259, ExpID 99732
INFO | Train - Loss (one batch): 0.00255
INFO | Val - Loss, MSE, RMSE, MAE: 0.00283, 0.00283, 0.05248, 0.03222
INFO | Test - Best epoch 223, Loss, MSE, RMSE, MAE: 0.06312, 0.06312, 0.24882, 0.15246
INFO | Time spent: 2.76s
INFO | - Epoch 260, ExpID 99732
INFO | Train - Loss (one batch): 0.00199
INFO | Val - Loss, MSE, RMSE, MAE: 0.00283, 0.00283, 0.05252, 0.03227
INFO | Test - Best epoch 223, Loss, MSE, RMSE, MAE: 0.06312, 0.06312, 0.24882, 0.15246
INFO | Time spent: 2.78s
INFO | - Epoch 261, ExpID 99732
INFO | Train - Loss (one batch): 0.00258
INFO | Val - Loss, MSE, RMSE, MAE: 0.00287, 0.00287, 0.05284, 0.03271
INFO | Test - Best epoch 223, Loss, MSE, RMSE, MAE: 0.06312, 0.06312, 0.24882, 0.15246
INFO | Time spent: 2.77s
INFO | - Epoch 262, ExpID 99732
INFO | Train - Loss (one batch): 0.00189
INFO | Val - Loss, MSE, RMSE, MAE: 0.00285, 0.00285, 0.05274, 0.03260
INFO | Test - Best epoch 223, Loss, MSE, RMSE, MAE: 0.06312, 0.06312, 0.24882, 0.15246
INFO | Time spent: 2.77s
INFO | - Epoch 263, ExpID 99732
INFO | Train - Loss (one batch): 0.00203
INFO | Val - Loss, MSE, RMSE, MAE: 0.00286, 0.00286, 0.05273, 0.03244
INFO | Test - Best epoch 223, Loss, MSE, RMSE, MAE: 0.06312, 0.06312, 0.24882, 0.15246
INFO | Time spent: 2.76s
INFO | - Epoch 264, ExpID 99732
INFO | Train - Loss (one batch): 0.00235
INFO | Val - Loss, MSE, RMSE, MAE: 0.00291, 0.00291, 0.05321, 0.03315
INFO | Test - Best epoch 223, Loss, MSE, RMSE, MAE: 0.06312, 0.06312, 0.24882, 0.15246
INFO | Time spent: 2.77s
INFO | - Epoch 265, ExpID 99732
INFO | Train - Loss (one batch): 0.00203
INFO | Val - Loss, MSE, RMSE, MAE: 0.00288, 0.00288, 0.05296, 0.03279
INFO | Test - Best epoch 223, Loss, MSE, RMSE, MAE: 0.06312, 0.06312, 0.24882, 0.15246
INFO | Time spent: 2.78s
INFO | - Epoch 266, ExpID 99732
INFO | Train - Loss (one batch): 0.00231
INFO | Val - Loss, MSE, RMSE, MAE: 0.00294, 0.00294, 0.05350, 0.03352
INFO | Test - Best epoch 223, Loss, MSE, RMSE, MAE: 0.06312, 0.06312, 0.24882, 0.15246
INFO | Time spent: 2.77s
INFO | - Epoch 267, ExpID 99732
INFO | Train - Loss (one batch): 0.00225
INFO | Val - Loss, MSE, RMSE, MAE: 0.00284, 0.00284, 0.05255, 0.03223
INFO | Test - Best epoch 223, Loss, MSE, RMSE, MAE: 0.06312, 0.06312, 0.24882, 0.15246
INFO | Time spent: 2.76s
INFO | - Epoch 268, ExpID 99732
INFO | Train - Loss (one batch): 0.00185
INFO | Val - Loss, MSE, RMSE, MAE: 0.00283, 0.00283, 0.05254, 0.03247
INFO | Test - Best epoch 223, Loss, MSE, RMSE, MAE: 0.06312, 0.06312, 0.24882, 0.15246
INFO | Time spent: 2.77s
INFO | - Epoch 269, ExpID 99732
INFO | Train - Loss (one batch): 0.00221
INFO | Val - Loss, MSE, RMSE, MAE: 0.00289, 0.00289, 0.05304, 0.03260
INFO | Test - Best epoch 223, Loss, MSE, RMSE, MAE: 0.06312, 0.06312, 0.24882, 0.15246
INFO | Time spent: 2.76s
INFO | - Epoch 270, ExpID 99732
INFO | Train - Loss (one batch): 0.00190
INFO | Val - Loss, MSE, RMSE, MAE: 0.00286, 0.00286, 0.05279, 0.03260
INFO | Test - Best epoch 223, Loss, MSE, RMSE, MAE: 0.06312, 0.06312, 0.24882, 0.15246
INFO | Time spent: 2.77s
INFO | - Epoch 271, ExpID 99732
INFO | Train - Loss (one batch): 0.00263
INFO | Val - Loss, MSE, RMSE, MAE: 0.00281, 0.00281, 0.05235, 0.03233
INFO | Test - Best epoch 223, Loss, MSE, RMSE, MAE: 0.06312, 0.06312, 0.24882, 0.15246
INFO | Time spent: 2.74s
INFO | - Epoch 272, ExpID 99732
INFO | Train - Loss (one batch): 0.00149
INFO | Val - Loss, MSE, RMSE, MAE: 0.00288, 0.00288, 0.05297, 0.03270
INFO | Test - Best epoch 223, Loss, MSE, RMSE, MAE: 0.06312, 0.06312, 0.24882, 0.15246
INFO | Time spent: 2.87s
INFO | - Epoch 273, ExpID 99732
INFO | Train - Loss (one batch): 0.00205
INFO | Val - Loss, MSE, RMSE, MAE: 0.00286, 0.00286, 0.05276, 0.03278
INFO | Test - Best epoch 223, Loss, MSE, RMSE, MAE: 0.06312, 0.06312, 0.24882, 0.15246
INFO | Time spent: 2.77s
INFO | - Epoch 274, ExpID 99732
INFO | Train - Loss (one batch): 0.00219
INFO | Val - Loss, MSE, RMSE, MAE: 0.00285, 0.00285, 0.05267, 0.03247
INFO | Test - Best epoch 223, Loss, MSE, RMSE, MAE: 0.06312, 0.06312, 0.24882, 0.15246
INFO | Time spent: 2.92s
INFO | - Epoch 275, ExpID 99732
INFO | Train - Loss (one batch): 0.00166
INFO | Val - Loss, MSE, RMSE, MAE: 0.00292, 0.00292, 0.05343, 0.03311
INFO | Test - Best epoch 223, Loss, MSE, RMSE, MAE: 0.06312, 0.06312, 0.24882, 0.15246
INFO | Time spent: 2.76s
INFO | - Epoch 276, ExpID 99732
INFO | Train - Loss (one batch): 0.00166
INFO | Val - Loss, MSE, RMSE, MAE: 0.00285, 0.00285, 0.05274, 0.03250
INFO | Test - Best epoch 223, Loss, MSE, RMSE, MAE: 0.06312, 0.06312, 0.24882, 0.15246
INFO | Time spent: 2.89s
INFO | - Epoch 277, ExpID 99732
INFO | Train - Loss (one batch): 0.00191
INFO | Val - Loss, MSE, RMSE, MAE: 0.00290, 0.00290, 0.05319, 0.03317
INFO | Test - Best epoch 223, Loss, MSE, RMSE, MAE: 0.06312, 0.06312, 0.24882, 0.15246
INFO | Time spent: 2.89s
INFO | - Epoch 278, ExpID 99732
INFO | Train - Loss (one batch): 0.00211
INFO | Val - Loss, MSE, RMSE, MAE: 0.00293, 0.00293, 0.05346, 0.03401
INFO | Test - Best epoch 223, Loss, MSE, RMSE, MAE: 0.06312, 0.06312, 0.24882, 0.15246
INFO | Time spent: 2.82s
INFO | - Epoch 279, ExpID 99732
INFO | Train - Loss (one batch): 0.00185
INFO | Val - Loss, MSE, RMSE, MAE: 0.00289, 0.00289, 0.05302, 0.03280
INFO | Test - Best epoch 223, Loss, MSE, RMSE, MAE: 0.06312, 0.06312, 0.24882, 0.15246
INFO | Time spent: 2.77s
INFO | - Epoch 280, ExpID 99732
INFO | Train - Loss (one batch): 0.00170
INFO | Val - Loss, MSE, RMSE, MAE: 0.00285, 0.00285, 0.05269, 0.03257
INFO | Test - Best epoch 223, Loss, MSE, RMSE, MAE: 0.06312, 0.06312, 0.24882, 0.15246
INFO | Time spent: 2.79s
INFO | - Epoch 281, ExpID 99732
INFO | Train - Loss (one batch): 0.00264
INFO | Val - Loss, MSE, RMSE, MAE: 0.00287, 0.00287, 0.05291, 0.03262
INFO | Test - Best epoch 223, Loss, MSE, RMSE, MAE: 0.06312, 0.06312, 0.24882, 0.15246
INFO | Time spent: 2.74s
INFO | - Epoch 282, ExpID 99732
INFO | Train - Loss (one batch): 0.00180
INFO | Val - Loss, MSE, RMSE, MAE: 0.00291, 0.00291, 0.05332, 0.03356
INFO | Test - Best epoch 223, Loss, MSE, RMSE, MAE: 0.06312, 0.06312, 0.24882, 0.15246
INFO | Time spent: 2.75s
INFO | - Epoch 283, ExpID 99732
INFO | Train - Loss (one batch): 0.00214
INFO | Val - Loss, MSE, RMSE, MAE: 0.00286, 0.00286, 0.05279, 0.03262
INFO | Test - Best epoch 223, Loss, MSE, RMSE, MAE: 0.06312, 0.06312, 0.24882, 0.15246
INFO | Time spent: 2.77s
INFO | - Epoch 284, ExpID 99732
INFO | Train - Loss (one batch): 0.00170
INFO | Val - Loss, MSE, RMSE, MAE: 0.00294, 0.00294, 0.05349, 0.03381
INFO | Test - Best epoch 223, Loss, MSE, RMSE, MAE: 0.06312, 0.06312, 0.24882, 0.15246
INFO | Time spent: 2.77s
INFO | - Epoch 285, ExpID 99732
INFO | Train - Loss (one batch): 0.00225
INFO | Val - Loss, MSE, RMSE, MAE: 0.00292, 0.00292, 0.05331, 0.03310
INFO | Test - Best epoch 223, Loss, MSE, RMSE, MAE: 0.06312, 0.06312, 0.24882, 0.15246
INFO | Time spent: 2.81s
INFO | - Epoch 286, ExpID 99732
INFO | Train - Loss (one batch): 0.00197
INFO | Val - Loss, MSE, RMSE, MAE: 0.00288, 0.00288, 0.05293, 0.03265
INFO | Test - Best epoch 223, Loss, MSE, RMSE, MAE: 0.06312, 0.06312, 0.24882, 0.15246
INFO | Time spent: 2.81s
INFO | - Epoch 287, ExpID 99732
INFO | Train - Loss (one batch): 0.00242
INFO | Val - Loss, MSE, RMSE, MAE: 0.00286, 0.00286, 0.05278, 0.03262
INFO | Test - Best epoch 223, Loss, MSE, RMSE, MAE: 0.06312, 0.06312, 0.24882, 0.15246
INFO | Time spent: 2.80s
INFO | - Epoch 288, ExpID 99732
INFO | Train - Loss (one batch): 0.00223
INFO | Val - Loss, MSE, RMSE, MAE: 0.00288, 0.00288, 0.05296, 0.03283
INFO | Test - Best epoch 223, Loss, MSE, RMSE, MAE: 0.06312, 0.06312, 0.24882, 0.15246
INFO | Time spent: 2.72s
INFO | - Epoch 289, ExpID 99732
INFO | Train - Loss (one batch): 0.00228
INFO | Val - Loss, MSE, RMSE, MAE: 0.00303, 0.00303, 0.05434, 0.03465
INFO | Test - Best epoch 223, Loss, MSE, RMSE, MAE: 0.06312, 0.06312, 0.24882, 0.15246
INFO | Time spent: 2.74s
INFO | - Epoch 290, ExpID 99732
INFO | Train - Loss (one batch): 0.00191
INFO | Val - Loss, MSE, RMSE, MAE: 0.00288, 0.00288, 0.05302, 0.03322
INFO | Test - Best epoch 223, Loss, MSE, RMSE, MAE: 0.06312, 0.06312, 0.24882, 0.15246
INFO | Time spent: 2.76s
INFO | - Epoch 291, ExpID 99732
INFO | Train - Loss (one batch): 0.00217
INFO | Val - Loss, MSE, RMSE, MAE: 0.00304, 0.00304, 0.05449, 0.03490
INFO | Test - Best epoch 223, Loss, MSE, RMSE, MAE: 0.06312, 0.06312, 0.24882, 0.15246
INFO | Time spent: 2.77s
INFO | - Epoch 292, ExpID 99732
INFO | Train - Loss (one batch): 0.00183
INFO | Val - Loss, MSE, RMSE, MAE: 0.00284, 0.00284, 0.05253, 0.03227
INFO | Test - Best epoch 223, Loss, MSE, RMSE, MAE: 0.06312, 0.06312, 0.24882, 0.15246
INFO | Time spent: 2.76s
INFO | - Epoch 293, ExpID 99732
INFO | Train - Loss (one batch): 0.00191
INFO | Val - Loss, MSE, RMSE, MAE: 0.00291, 0.00291, 0.05322, 0.03302
INFO | Test - Best epoch 223, Loss, MSE, RMSE, MAE: 0.06312, 0.06312, 0.24882, 0.15246
INFO | Time spent: 2.76s
INFO | - Epoch 294, ExpID 99732
INFO | Train - Loss (one batch): 0.00145
INFO | Val - Loss, MSE, RMSE, MAE: 0.00284, 0.00284, 0.05258, 0.03221
INFO | Test - Best epoch 223, Loss, MSE, RMSE, MAE: 0.06312, 0.06312, 0.24882, 0.15246
INFO | Time spent: 2.82s
INFO | - Epoch 295, ExpID 99732
INFO | Train - Loss (one batch): 0.00210
INFO | Val - Loss, MSE, RMSE, MAE: 0.00288, 0.00288, 0.05296, 0.03285
INFO | Test - Best epoch 223, Loss, MSE, RMSE, MAE: 0.06312, 0.06312, 0.24882, 0.15246
INFO | Time spent: 2.77s
INFO | - Epoch 296, ExpID 99732
INFO | Train - Loss (one batch): 0.00194
INFO | Val - Loss, MSE, RMSE, MAE: 0.00288, 0.00288, 0.05297, 0.03259
INFO | Test - Best epoch 223, Loss, MSE, RMSE, MAE: 0.06312, 0.06312, 0.24882, 0.15246
INFO | Time spent: 2.76s
INFO | - Epoch 297, ExpID 99732
INFO | Train - Loss (one batch): 0.00152
INFO | Val - Loss, MSE, RMSE, MAE: 0.00289, 0.00289, 0.05305, 0.03284
INFO | Test - Best epoch 223, Loss, MSE, RMSE, MAE: 0.06312, 0.06312, 0.24882, 0.15246
INFO | Time spent: 2.76s
INFO | - Epoch 298, ExpID 99732
INFO | Train - Loss (one batch): 0.00257
INFO | Val - Loss, MSE, RMSE, MAE: 0.00288, 0.00288, 0.05298, 0.03272
INFO | Test - Best epoch 223, Loss, MSE, RMSE, MAE: 0.06312, 0.06312, 0.24882, 0.15246
INFO | Time spent: 2.78s
INFO | - Epoch 299, ExpID 99732
INFO | Train - Loss (one batch): 0.00184
INFO | Val - Loss, MSE, RMSE, MAE: 0.00289, 0.00289, 0.05313, 0.03326
INFO | Test - Best epoch 223, Loss, MSE, RMSE, MAE: 0.06312, 0.06312, 0.24882, 0.15246
INFO | Time spent: 2.76s
