/home/ouass/Test/MSP-IMTS/tPatchGNN/run_models.py
2026-03-09 14:51:34
run_models.py --dataset physionet --history 24 --quantization 1.0 --hid_dim 64 --te_dim 10 --node_dim 10 --nlayer 1 --tf_layer 1 --nhead 1 --batch_size 32 --lr 1e-3 --patience 25 --epoch 600 --seed 1 --gpu 0 --metric per_dim --multi_scales 4,8 --multi_strides 4,8 --fusion gated_feat_wconcat
Namespace(multi_scales='4,8', multi_strides='4,8', fusion='gated_feat_wconcat', state='def', n=100000000, hop=1, nhead=1, tf_layer=1, nlayer=1, epoch=600, patience=25, history=24, patch_size=24, stride=24, logmode='a', lr=0.001, w_decay=0.0, batch_size=32, save='experiments/', load=None, seed=1, dataset='physionet', quantization=1.0, model='tPatchGNN', outlayer='Linear', hid_dim=64, te_dim=10, node_dim=10, gpu='0', metric='per_dim', npatch=1, device=device(type='cuda'), PID=179302, ndim=41)
- Epoch 000, ExpID 15858
Train - Loss (one batch): 0.00806
Val - Loss, MSE, RMSE, MAE, MAPE: 0.00655, 0.00655, 0.08093, 0.04838, 95.17%
Test - Best epoch, Loss, MSE, RMSE, MAE, MAPE: 0, 0.00800, 0.00800, 0.08942, 0.04846, 91.99%
Time spent: 7.39s
- Epoch 001, ExpID 15858
Train - Loss (one batch): 0.00414
Val - Loss, MSE, RMSE, MAE, MAPE: 0.00688, 0.00688, 0.08298, 0.04653, 156.36%
Test - Best epoch, Loss, MSE, RMSE, MAE, MAPE: 0, 0.00800, 0.00800, 0.08942, 0.04846, 91.99%
Time spent: 6.46s
- Epoch 002, ExpID 15858
Train - Loss (one batch): 0.00508
Val - Loss, MSE, RMSE, MAE, MAPE: 0.00547, 0.00547, 0.07396, 0.04062, 86.32%
Test - Best epoch, Loss, MSE, RMSE, MAE, MAPE: 2, 0.00681, 0.00681, 0.08252, 0.04065, 81.69%
Time spent: 7.37s
- Epoch 003, ExpID 15858
Train - Loss (one batch): 0.00377
Val - Loss, MSE, RMSE, MAE, MAPE: 0.00650, 0.00650, 0.08064, 0.04725, 234.04%
Test - Best epoch, Loss, MSE, RMSE, MAE, MAPE: 2, 0.00681, 0.00681, 0.08252, 0.04065, 81.69%
Time spent: 6.47s
- Epoch 004, ExpID 15858
Train - Loss (one batch): 0.00479
Val - Loss, MSE, RMSE, MAE, MAPE: 0.00558, 0.00558, 0.07467, 0.04122, 90.91%
Test - Best epoch, Loss, MSE, RMSE, MAE, MAPE: 2, 0.00681, 0.00681, 0.08252, 0.04065, 81.69%
Time spent: 6.47s
- Epoch 005, ExpID 15858
Train - Loss (one batch): 0.00707
Val - Loss, MSE, RMSE, MAE, MAPE: 0.00563, 0.00563, 0.07502, 0.04031, 54.64%
Test - Best epoch, Loss, MSE, RMSE, MAE, MAPE: 2, 0.00681, 0.00681, 0.08252, 0.04065, 81.69%
Time spent: 6.46s
- Epoch 006, ExpID 15858
Train - Loss (one batch): 0.00697
Val - Loss, MSE, RMSE, MAE, MAPE: 0.00555, 0.00555, 0.07447, 0.04018, 48.38%
Test - Best epoch, Loss, MSE, RMSE, MAE, MAPE: 2, 0.00681, 0.00681, 0.08252, 0.04065, 81.69%
Time spent: 6.46s
- Epoch 007, ExpID 15858
Train - Loss (one batch): 0.00382
Val - Loss, MSE, RMSE, MAE, MAPE: 0.00585, 0.00585, 0.07649, 0.04296, 105.38%
Test - Best epoch, Loss, MSE, RMSE, MAE, MAPE: 2, 0.00681, 0.00681, 0.08252, 0.04065, 81.69%
Time spent: 6.47s
- Epoch 008, ExpID 15858
Train - Loss (one batch): 0.00447
Val - Loss, MSE, RMSE, MAE, MAPE: 0.00586, 0.00586, 0.07653, 0.04164, 103.97%
Test - Best epoch, Loss, MSE, RMSE, MAE, MAPE: 2, 0.00681, 0.00681, 0.08252, 0.04065, 81.69%
Time spent: 6.46s
- Epoch 009, ExpID 15858
Train - Loss (one batch): 0.00397
Val - Loss, MSE, RMSE, MAE, MAPE: 0.00553, 0.00553, 0.07434, 0.04184, 54.27%
Test - Best epoch, Loss, MSE, RMSE, MAE, MAPE: 2, 0.00681, 0.00681, 0.08252, 0.04065, 81.69%
Time spent: 6.46s
- Epoch 010, ExpID 15858
Train - Loss (one batch): 0.00471
Val - Loss, MSE, RMSE, MAE, MAPE: 0.00552, 0.00552, 0.07432, 0.03951, 58.04%
Test - Best epoch, Loss, MSE, RMSE, MAE, MAPE: 2, 0.00681, 0.00681, 0.08252, 0.04065, 81.69%
Time spent: 6.45s
- Epoch 011, ExpID 15858
Train - Loss (one batch): 0.00484
Val - Loss, MSE, RMSE, MAE, MAPE: 0.00573, 0.00573, 0.07572, 0.04152, 62.43%
Test - Best epoch, Loss, MSE, RMSE, MAE, MAPE: 2, 0.00681, 0.00681, 0.08252, 0.04065, 81.69%
Time spent: 6.46s
- Epoch 012, ExpID 15858
Train - Loss (one batch): 0.00629
Val - Loss, MSE, RMSE, MAE, MAPE: 0.00558, 0.00558, 0.07468, 0.04043, 64.82%
Test - Best epoch, Loss, MSE, RMSE, MAE, MAPE: 2, 0.00681, 0.00681, 0.08252, 0.04065, 81.69%
Time spent: 6.47s
- Epoch 013, ExpID 15858
Train - Loss (one batch): 0.00355
Val - Loss, MSE, RMSE, MAE, MAPE: 0.00559, 0.00559, 0.07475, 0.04074, 123.78%
Test - Best epoch, Loss, MSE, RMSE, MAE, MAPE: 2, 0.00681, 0.00681, 0.08252, 0.04065, 81.69%
Time spent: 6.45s
- Epoch 014, ExpID 15858
Train - Loss (one batch): 0.00525
Val - Loss, MSE, RMSE, MAE, MAPE: 0.00584, 0.00584, 0.07641, 0.04243, 81.43%
Test - Best epoch, Loss, MSE, RMSE, MAE, MAPE: 2, 0.00681, 0.00681, 0.08252, 0.04065, 81.69%
Time spent: 6.45s
- Epoch 015, ExpID 15858
Train - Loss (one batch): 0.00405
Val - Loss, MSE, RMSE, MAE, MAPE: 0.00585, 0.00585, 0.07648, 0.04221, 63.38%
Test - Best epoch, Loss, MSE, RMSE, MAE, MAPE: 2, 0.00681, 0.00681, 0.08252, 0.04065, 81.69%
Time spent: 6.46s
- Epoch 016, ExpID 15858
Train - Loss (one batch): 0.00538
Val - Loss, MSE, RMSE, MAE, MAPE: 0.00596, 0.00596, 0.07722, 0.04319, 58.15%
Test - Best epoch, Loss, MSE, RMSE, MAE, MAPE: 2, 0.00681, 0.00681, 0.08252, 0.04065, 81.69%
Time spent: 6.46s
- Epoch 017, ExpID 15858
Train - Loss (one batch): 0.00355
Val - Loss, MSE, RMSE, MAE, MAPE: 0.00623, 0.00623, 0.07894, 0.04647, 136.97%
Test - Best epoch, Loss, MSE, RMSE, MAE, MAPE: 2, 0.00681, 0.00681, 0.08252, 0.04065, 81.69%
Time spent: 6.45s
- Epoch 018, ExpID 15858
Train - Loss (one batch): 0.00355
Val - Loss, MSE, RMSE, MAE, MAPE: 0.00534, 0.00534, 0.07310, 0.03963, 96.22%
Test - Best epoch, Loss, MSE, RMSE, MAE, MAPE: 18, 0.00663, 0.00663, 0.08142, 0.03958, 82.99%
Time spent: 7.35s
- Epoch 019, ExpID 15858
Train - Loss (one batch): 0.00344
Val - Loss, MSE, RMSE, MAE, MAPE: 0.00583, 0.00583, 0.07635, 0.04181, 81.59%
Test - Best epoch, Loss, MSE, RMSE, MAE, MAPE: 18, 0.00663, 0.00663, 0.08142, 0.03958, 82.99%
Time spent: 6.46s
- Epoch 020, ExpID 15858
Train - Loss (one batch): 0.00657
Val - Loss, MSE, RMSE, MAE, MAPE: 0.00549, 0.00549, 0.07407, 0.04035, 64.22%
Test - Best epoch, Loss, MSE, RMSE, MAE, MAPE: 18, 0.00663, 0.00663, 0.08142, 0.03958, 82.99%
Time spent: 6.45s
- Epoch 021, ExpID 15858
Train - Loss (one batch): 0.00431
Val - Loss, MSE, RMSE, MAE, MAPE: 0.00539, 0.00539, 0.07341, 0.03866, 106.62%
Test - Best epoch, Loss, MSE, RMSE, MAE, MAPE: 18, 0.00663, 0.00663, 0.08142, 0.03958, 82.99%
Time spent: 6.46s
- Epoch 022, ExpID 15858
Train - Loss (one batch): 0.00381
Val - Loss, MSE, RMSE, MAE, MAPE: 0.00542, 0.00542, 0.07362, 0.03997, 89.91%
Test - Best epoch, Loss, MSE, RMSE, MAE, MAPE: 18, 0.00663, 0.00663, 0.08142, 0.03958, 82.99%
Time spent: 6.46s
- Epoch 023, ExpID 15858
Train - Loss (one batch): 0.00442
Val - Loss, MSE, RMSE, MAE, MAPE: 0.00526, 0.00526, 0.07250, 0.03872, 52.32%
Test - Best epoch, Loss, MSE, RMSE, MAE, MAPE: 23, 0.00655, 0.00655, 0.08096, 0.03852, 43.82%
Time spent: 7.36s
- Epoch 024, ExpID 15858
Train - Loss (one batch): 0.00359
Val - Loss, MSE, RMSE, MAE, MAPE: 0.00555, 0.00555, 0.07449, 0.04093, 70.64%
Test - Best epoch, Loss, MSE, RMSE, MAE, MAPE: 23, 0.00655, 0.00655, 0.08096, 0.03852, 43.82%
Time spent: 6.46s
- Epoch 025, ExpID 15858
Train - Loss (one batch): 0.00494
Val - Loss, MSE, RMSE, MAE, MAPE: 0.00503, 0.00503, 0.07096, 0.03733, 44.25%
Test - Best epoch, Loss, MSE, RMSE, MAE, MAPE: 25, 0.00630, 0.00630, 0.07940, 0.03717, 39.06%
Time spent: 7.37s
- Epoch 026, ExpID 15858
Train - Loss (one batch): 0.00823
Val - Loss, MSE, RMSE, MAE, MAPE: 0.00560, 0.00560, 0.07486, 0.04067, 52.40%
Test - Best epoch, Loss, MSE, RMSE, MAE, MAPE: 25, 0.00630, 0.00630, 0.07940, 0.03717, 39.06%
Time spent: 6.46s
- Epoch 027, ExpID 15858
Train - Loss (one batch): 0.00349
Val - Loss, MSE, RMSE, MAE, MAPE: 0.00522, 0.00522, 0.07222, 0.04039, 150.89%
Test - Best epoch, Loss, MSE, RMSE, MAE, MAPE: 25, 0.00630, 0.00630, 0.07940, 0.03717, 39.06%
Time spent: 6.45s
- Epoch 028, ExpID 15858
Train - Loss (one batch): 0.00414
Val - Loss, MSE, RMSE, MAE, MAPE: 0.00534, 0.00534, 0.07311, 0.03815, 80.81%
Test - Best epoch, Loss, MSE, RMSE, MAE, MAPE: 25, 0.00630, 0.00630, 0.07940, 0.03717, 39.06%
Time spent: 6.45s
- Epoch 029, ExpID 15858
Train - Loss (one batch): 0.00593
Val - Loss, MSE, RMSE, MAE, MAPE: 0.00504, 0.00504, 0.07096, 0.03783, 91.33%
Test - Best epoch, Loss, MSE, RMSE, MAE, MAPE: 25, 0.00630, 0.00630, 0.07940, 0.03717, 39.06%
Time spent: 6.45s
- Epoch 030, ExpID 15858
Train - Loss (one batch): 0.00371
Val - Loss, MSE, RMSE, MAE, MAPE: 0.00518, 0.00518, 0.07200, 0.03842, 79.89%
Test - Best epoch, Loss, MSE, RMSE, MAE, MAPE: 25, 0.00630, 0.00630, 0.07940, 0.03717, 39.06%
Time spent: 6.44s
- Epoch 031, ExpID 15858
Train - Loss (one batch): 0.00416
Val - Loss, MSE, RMSE, MAE, MAPE: 0.00540, 0.00540, 0.07346, 0.03802, 50.01%
Test - Best epoch, Loss, MSE, RMSE, MAE, MAPE: 25, 0.00630, 0.00630, 0.07940, 0.03717, 39.06%
Time spent: 6.46s
- Epoch 032, ExpID 15858
Train - Loss (one batch): 0.00412
Val - Loss, MSE, RMSE, MAE, MAPE: 0.00558, 0.00558, 0.07469, 0.03925, 93.88%
Test - Best epoch, Loss, MSE, RMSE, MAE, MAPE: 25, 0.00630, 0.00630, 0.07940, 0.03717, 39.06%
Time spent: 6.44s
- Epoch 033, ExpID 15858
Train - Loss (one batch): 0.00432
Val - Loss, MSE, RMSE, MAE, MAPE: 0.00527, 0.00527, 0.07262, 0.03827, 73.23%
Test - Best epoch, Loss, MSE, RMSE, MAE, MAPE: 25, 0.00630, 0.00630, 0.07940, 0.03717, 39.06%
Time spent: 6.45s
- Epoch 034, ExpID 15858
Train - Loss (one batch): 0.00387
Val - Loss, MSE, RMSE, MAE, MAPE: 0.00545, 0.00545, 0.07385, 0.04070, 95.99%
Test - Best epoch, Loss, MSE, RMSE, MAE, MAPE: 25, 0.00630, 0.00630, 0.07940, 0.03717, 39.06%
Time spent: 6.43s
- Epoch 035, ExpID 15858
Train - Loss (one batch): 0.00287
Val - Loss, MSE, RMSE, MAE, MAPE: 0.00542, 0.00542, 0.07359, 0.03901, 62.79%
Test - Best epoch, Loss, MSE, RMSE, MAE, MAPE: 25, 0.00630, 0.00630, 0.07940, 0.03717, 39.06%
Time spent: 6.44s
- Epoch 036, ExpID 15858
Train - Loss (one batch): 0.00373
Val - Loss, MSE, RMSE, MAE, MAPE: 0.00504, 0.00504, 0.07097, 0.03724, 52.96%
Test - Best epoch, Loss, MSE, RMSE, MAE, MAPE: 25, 0.00630, 0.00630, 0.07940, 0.03717, 39.06%
Time spent: 6.46s
- Epoch 037, ExpID 15858
Train - Loss (one batch): 0.00436
Val - Loss, MSE, RMSE, MAE, MAPE: 0.00511, 0.00511, 0.07146, 0.03713, 60.76%
Test - Best epoch, Loss, MSE, RMSE, MAE, MAPE: 25, 0.00630, 0.00630, 0.07940, 0.03717, 39.06%
Time spent: 6.46s
- Epoch 038, ExpID 15858
Train - Loss (one batch): 0.00385
Val - Loss, MSE, RMSE, MAE, MAPE: 0.00536, 0.00536, 0.07321, 0.03804, 74.48%
Test - Best epoch, Loss, MSE, RMSE, MAE, MAPE: 25, 0.00630, 0.00630, 0.07940, 0.03717, 39.06%
Time spent: 6.46s
- Epoch 039, ExpID 15858
Train - Loss (one batch): 0.00651
Val - Loss, MSE, RMSE, MAE, MAPE: 0.00519, 0.00519, 0.07202, 0.03871, 68.93%
Test - Best epoch, Loss, MSE, RMSE, MAE, MAPE: 25, 0.00630, 0.00630, 0.07940, 0.03717, 39.06%
Time spent: 6.45s
- Epoch 040, ExpID 15858
Train - Loss (one batch): 0.00426
Val - Loss, MSE, RMSE, MAE, MAPE: 0.00525, 0.00525, 0.07248, 0.03860, 64.79%
Test - Best epoch, Loss, MSE, RMSE, MAE, MAPE: 25, 0.00630, 0.00630, 0.07940, 0.03717, 39.06%
Time spent: 6.46s
- Epoch 041, ExpID 15858
Train - Loss (one batch): 0.00365
Val - Loss, MSE, RMSE, MAE, MAPE: 0.00508, 0.00508, 0.07130, 0.03834, 66.69%
Test - Best epoch, Loss, MSE, RMSE, MAE, MAPE: 25, 0.00630, 0.00630, 0.07940, 0.03717, 39.06%
Time spent: 6.46s
- Epoch 042, ExpID 15858
Train - Loss (one batch): 0.00436
Val - Loss, MSE, RMSE, MAE, MAPE: 0.00535, 0.00535, 0.07312, 0.03828, 65.85%
Test - Best epoch, Loss, MSE, RMSE, MAE, MAPE: 25, 0.00630, 0.00630, 0.07940, 0.03717, 39.06%
Time spent: 6.46s
- Epoch 043, ExpID 15858
Train - Loss (one batch): 0.00376
Val - Loss, MSE, RMSE, MAE, MAPE: 0.00507, 0.00507, 0.07124, 0.03726, 57.45%
Test - Best epoch, Loss, MSE, RMSE, MAE, MAPE: 25, 0.00630, 0.00630, 0.07940, 0.03717, 39.06%
Time spent: 6.46s
- Epoch 044, ExpID 15858
Train - Loss (one batch): 0.00931
Val - Loss, MSE, RMSE, MAE, MAPE: 0.00518, 0.00518, 0.07197, 0.03867, 97.94%
Test - Best epoch, Loss, MSE, RMSE, MAE, MAPE: 25, 0.00630, 0.00630, 0.07940, 0.03717, 39.06%
Time spent: 6.46s
- Epoch 045, ExpID 15858
Train - Loss (one batch): 0.00916
Val - Loss, MSE, RMSE, MAE, MAPE: 0.00502, 0.00502, 0.07087, 0.03677, 64.05%
Test - Best epoch, Loss, MSE, RMSE, MAE, MAPE: 45, 0.00653, 0.00653, 0.08079, 0.03685, 55.82%
Time spent: 7.37s
- Epoch 046, ExpID 15858
Train - Loss (one batch): 0.00317
Val - Loss, MSE, RMSE, MAE, MAPE: 0.00538, 0.00538, 0.07336, 0.03858, 72.38%
Test - Best epoch, Loss, MSE, RMSE, MAE, MAPE: 45, 0.00653, 0.00653, 0.08079, 0.03685, 55.82%
Time spent: 6.43s
- Epoch 047, ExpID 15858
Train - Loss (one batch): 0.00292
Val - Loss, MSE, RMSE, MAE, MAPE: 0.00516, 0.00516, 0.07182, 0.03696, 67.62%
Test - Best epoch, Loss, MSE, RMSE, MAE, MAPE: 45, 0.00653, 0.00653, 0.08079, 0.03685, 55.82%
Time spent: 6.46s
- Epoch 048, ExpID 15858
Train - Loss (one batch): 0.00686
Val - Loss, MSE, RMSE, MAE, MAPE: 0.00499, 0.00499, 0.07062, 0.03679, 72.56%
Test - Best epoch, Loss, MSE, RMSE, MAE, MAPE: 48, 0.00615, 0.00615, 0.07845, 0.03653, 63.13%
Time spent: 7.37s
- Epoch 049, ExpID 15858
Train - Loss (one batch): 0.00416
Val - Loss, MSE, RMSE, MAE, MAPE: 0.00517, 0.00517, 0.07189, 0.03810, 101.30%
Test - Best epoch, Loss, MSE, RMSE, MAE, MAPE: 48, 0.00615, 0.00615, 0.07845, 0.03653, 63.13%
Time spent: 6.46s
- Epoch 050, ExpID 15858
Train - Loss (one batch): 0.00551
Val - Loss, MSE, RMSE, MAE, MAPE: 0.00595, 0.00595, 0.07710, 0.04092, 68.36%
Test - Best epoch, Loss, MSE, RMSE, MAE, MAPE: 48, 0.00615, 0.00615, 0.07845, 0.03653, 63.13%
Time spent: 6.45s
- Epoch 051, ExpID 15858
Train - Loss (one batch): 0.00470
Val - Loss, MSE, RMSE, MAE, MAPE: 0.00530, 0.00530, 0.07283, 0.03815, 88.75%
Test - Best epoch, Loss, MSE, RMSE, MAE, MAPE: 48, 0.00615, 0.00615, 0.07845, 0.03653, 63.13%
Time spent: 6.46s
- Epoch 052, ExpID 15858
Train - Loss (one batch): 0.00597
Val - Loss, MSE, RMSE, MAE, MAPE: 0.00533, 0.00533, 0.07302, 0.03896, 61.16%
Test - Best epoch, Loss, MSE, RMSE, MAE, MAPE: 48, 0.00615, 0.00615, 0.07845, 0.03653, 63.13%
Time spent: 6.46s
- Epoch 053, ExpID 15858
Train - Loss (one batch): 0.00342
Val - Loss, MSE, RMSE, MAE, MAPE: 0.00547, 0.00547, 0.07399, 0.03954, 84.05%
Test - Best epoch, Loss, MSE, RMSE, MAE, MAPE: 48, 0.00615, 0.00615, 0.07845, 0.03653, 63.13%
Time spent: 6.45s
- Epoch 054, ExpID 15858
Train - Loss (one batch): 0.00379
Val - Loss, MSE, RMSE, MAE, MAPE: 0.00527, 0.00527, 0.07256, 0.03951, 166.01%
Test - Best epoch, Loss, MSE, RMSE, MAE, MAPE: 48, 0.00615, 0.00615, 0.07845, 0.03653, 63.13%
Time spent: 6.45s
- Epoch 055, ExpID 15858
Train - Loss (one batch): 0.00283
Val - Loss, MSE, RMSE, MAE, MAPE: 0.00502, 0.00502, 0.07084, 0.03817, 88.91%
Test - Best epoch, Loss, MSE, RMSE, MAE, MAPE: 48, 0.00615, 0.00615, 0.07845, 0.03653, 63.13%
Time spent: 6.45s
- Epoch 056, ExpID 15858
Train - Loss (one batch): 0.00432
Val - Loss, MSE, RMSE, MAE, MAPE: 0.00498, 0.00498, 0.07054, 0.03667, 60.96%
Test - Best epoch, Loss, MSE, RMSE, MAE, MAPE: 56, 0.00648, 0.00648, 0.08051, 0.03693, 52.36%
Time spent: 7.35s
- Epoch 057, ExpID 15858
Train - Loss (one batch): 0.00496
Val - Loss, MSE, RMSE, MAE, MAPE: 0.00508, 0.00508, 0.07125, 0.03737, 96.83%
Test - Best epoch, Loss, MSE, RMSE, MAE, MAPE: 56, 0.00648, 0.00648, 0.08051, 0.03693, 52.36%
Time spent: 6.46s
- Epoch 058, ExpID 15858
Train - Loss (one batch): 0.00367
Val - Loss, MSE, RMSE, MAE, MAPE: 0.00520, 0.00520, 0.07210, 0.03883, 75.79%
Test - Best epoch, Loss, MSE, RMSE, MAE, MAPE: 56, 0.00648, 0.00648, 0.08051, 0.03693, 52.36%
Time spent: 6.46s
- Epoch 059, ExpID 15858
Train - Loss (one batch): 0.00984
Val - Loss, MSE, RMSE, MAE, MAPE: 0.00497, 0.00497, 0.07050, 0.03649, 74.35%
Test - Best epoch, Loss, MSE, RMSE, MAE, MAPE: 59, 0.00627, 0.00627, 0.07920, 0.03659, 64.38%
Time spent: 7.35s
- Epoch 060, ExpID 15858
Train - Loss (one batch): 0.00314
Val - Loss, MSE, RMSE, MAE, MAPE: 0.00516, 0.00516, 0.07183, 0.03711, 63.88%
Test - Best epoch, Loss, MSE, RMSE, MAE, MAPE: 59, 0.00627, 0.00627, 0.07920, 0.03659, 64.38%
Time spent: 6.46s
- Epoch 061, ExpID 15858
Train - Loss (one batch): 0.00297
Val - Loss, MSE, RMSE, MAE, MAPE: 0.00507, 0.00507, 0.07121, 0.03771, 65.14%
Test - Best epoch, Loss, MSE, RMSE, MAE, MAPE: 59, 0.00627, 0.00627, 0.07920, 0.03659, 64.38%
Time spent: 6.45s
- Epoch 062, ExpID 15858
Train - Loss (one batch): 0.00341
Val - Loss, MSE, RMSE, MAE, MAPE: 0.00492, 0.00492, 0.07016, 0.03572, 60.41%
Test - Best epoch, Loss, MSE, RMSE, MAE, MAPE: 62, 0.00620, 0.00620, 0.07873, 0.03587, 50.89%
Time spent: 7.37s
- Epoch 063, ExpID 15858
Train - Loss (one batch): 0.00417
Val - Loss, MSE, RMSE, MAE, MAPE: 0.00529, 0.00529, 0.07273, 0.03747, 76.28%
Test - Best epoch, Loss, MSE, RMSE, MAE, MAPE: 62, 0.00620, 0.00620, 0.07873, 0.03587, 50.89%
Time spent: 6.47s
- Epoch 064, ExpID 15858
Train - Loss (one batch): 0.00336
Val - Loss, MSE, RMSE, MAE, MAPE: 0.00505, 0.00505, 0.07103, 0.03667, 66.87%
Test - Best epoch, Loss, MSE, RMSE, MAE, MAPE: 62, 0.00620, 0.00620, 0.07873, 0.03587, 50.89%
Time spent: 6.45s
- Epoch 065, ExpID 15858
Train - Loss (one batch): 0.00323
Val - Loss, MSE, RMSE, MAE, MAPE: 0.00504, 0.00504, 0.07100, 0.03722, 68.85%
Test - Best epoch, Loss, MSE, RMSE, MAE, MAPE: 62, 0.00620, 0.00620, 0.07873, 0.03587, 50.89%
Time spent: 6.45s
- Epoch 066, ExpID 15858
Train - Loss (one batch): 0.00420
Val - Loss, MSE, RMSE, MAE, MAPE: 0.00548, 0.00548, 0.07405, 0.03815, 81.32%
Test - Best epoch, Loss, MSE, RMSE, MAE, MAPE: 62, 0.00620, 0.00620, 0.07873, 0.03587, 50.89%
Time spent: 6.47s
- Epoch 067, ExpID 15858
Train - Loss (one batch): 0.00443
Val - Loss, MSE, RMSE, MAE, MAPE: 0.00491, 0.00491, 0.07010, 0.03691, 116.24%
Test - Best epoch, Loss, MSE, RMSE, MAE, MAPE: 67, 0.00623, 0.00623, 0.07891, 0.03723, 100.79%
Time spent: 7.37s
- Epoch 068, ExpID 15858
Train - Loss (one batch): 0.00462
Val - Loss, MSE, RMSE, MAE, MAPE: 0.00535, 0.00535, 0.07316, 0.03866, 105.93%
Test - Best epoch, Loss, MSE, RMSE, MAE, MAPE: 67, 0.00623, 0.00623, 0.07891, 0.03723, 100.79%
Time spent: 6.46s
- Epoch 069, ExpID 15858
Train - Loss (one batch): 0.00303
Val - Loss, MSE, RMSE, MAE, MAPE: 0.00504, 0.00504, 0.07096, 0.03701, 71.47%
Test - Best epoch, Loss, MSE, RMSE, MAE, MAPE: 67, 0.00623, 0.00623, 0.07891, 0.03723, 100.79%
Time spent: 6.45s
- Epoch 070, ExpID 15858
Train - Loss (one batch): 0.00320
Val - Loss, MSE, RMSE, MAE, MAPE: 0.00519, 0.00519, 0.07202, 0.03696, 73.79%
Test - Best epoch, Loss, MSE, RMSE, MAE, MAPE: 67, 0.00623, 0.00623, 0.07891, 0.03723, 100.79%
Time spent: 6.45s
- Epoch 071, ExpID 15858
Train - Loss (one batch): 0.00360
Val - Loss, MSE, RMSE, MAE, MAPE: 0.00505, 0.00505, 0.07107, 0.03653, 62.09%
Test - Best epoch, Loss, MSE, RMSE, MAE, MAPE: 67, 0.00623, 0.00623, 0.07891, 0.03723, 100.79%
Time spent: 6.46s
- Epoch 072, ExpID 15858
Train - Loss (one batch): 0.00320
Val - Loss, MSE, RMSE, MAE, MAPE: 0.00503, 0.00503, 0.07095, 0.03624, 56.17%
Test - Best epoch, Loss, MSE, RMSE, MAE, MAPE: 67, 0.00623, 0.00623, 0.07891, 0.03723, 100.79%
Time spent: 6.47s
- Epoch 073, ExpID 15858
Train - Loss (one batch): 0.00420
Val - Loss, MSE, RMSE, MAE, MAPE: 0.00516, 0.00516, 0.07184, 0.03744, 53.88%
Test - Best epoch, Loss, MSE, RMSE, MAE, MAPE: 67, 0.00623, 0.00623, 0.07891, 0.03723, 100.79%
Time spent: 6.47s
- Epoch 074, ExpID 15858
Train - Loss (one batch): 0.00322
Val - Loss, MSE, RMSE, MAE, MAPE: 0.00512, 0.00512, 0.07154, 0.03734, 58.73%
Test - Best epoch, Loss, MSE, RMSE, MAE, MAPE: 67, 0.00623, 0.00623, 0.07891, 0.03723, 100.79%
Time spent: 6.46s
- Epoch 075, ExpID 15858
Train - Loss (one batch): 0.00274
Val - Loss, MSE, RMSE, MAE, MAPE: 0.00493, 0.00493, 0.07020, 0.03693, 92.57%
Test - Best epoch, Loss, MSE, RMSE, MAE, MAPE: 67, 0.00623, 0.00623, 0.07891, 0.03723, 100.79%
Time spent: 6.45s
- Epoch 076, ExpID 15858
Train - Loss (one batch): 0.00528
Val - Loss, MSE, RMSE, MAE, MAPE: 0.00502, 0.00502, 0.07085, 0.03750, 84.22%
Test - Best epoch, Loss, MSE, RMSE, MAE, MAPE: 67, 0.00623, 0.00623, 0.07891, 0.03723, 100.79%
Time spent: 6.45s
- Epoch 077, ExpID 15858
Train - Loss (one batch): 0.00310
Val - Loss, MSE, RMSE, MAE, MAPE: 0.00498, 0.00498, 0.07060, 0.03614, 52.87%
Test - Best epoch, Loss, MSE, RMSE, MAE, MAPE: 67, 0.00623, 0.00623, 0.07891, 0.03723, 100.79%
Time spent: 6.46s
- Epoch 078, ExpID 15858
Train - Loss (one batch): 0.00439
Val - Loss, MSE, RMSE, MAE, MAPE: 0.00501, 0.00501, 0.07077, 0.03648, 66.06%
Test - Best epoch, Loss, MSE, RMSE, MAE, MAPE: 67, 0.00623, 0.00623, 0.07891, 0.03723, 100.79%
Time spent: 6.46s
- Epoch 079, ExpID 15858
Train - Loss (one batch): 0.00518
Val - Loss, MSE, RMSE, MAE, MAPE: 0.00507, 0.00507, 0.07122, 0.03624, 65.96%
Test - Best epoch, Loss, MSE, RMSE, MAE, MAPE: 67, 0.00623, 0.00623, 0.07891, 0.03723, 100.79%
Time spent: 6.45s
- Epoch 080, ExpID 15858
Train - Loss (one batch): 0.00293
Val - Loss, MSE, RMSE, MAE, MAPE: 0.00526, 0.00526, 0.07250, 0.03805, 78.71%
Test - Best epoch, Loss, MSE, RMSE, MAE, MAPE: 67, 0.00623, 0.00623, 0.07891, 0.03723, 100.79%
Time spent: 6.47s
- Epoch 081, ExpID 15858
Train - Loss (one batch): 0.00479
Val - Loss, MSE, RMSE, MAE, MAPE: 0.00531, 0.00531, 0.07286, 0.03944, 78.99%
Test - Best epoch, Loss, MSE, RMSE, MAE, MAPE: 67, 0.00623, 0.00623, 0.07891, 0.03723, 100.79%
Time spent: 6.45s
- Epoch 082, ExpID 15858
Train - Loss (one batch): 0.00339
Val - Loss, MSE, RMSE, MAE, MAPE: 0.00515, 0.00515, 0.07177, 0.03727, 57.26%
Test - Best epoch, Loss, MSE, RMSE, MAE, MAPE: 67, 0.00623, 0.00623, 0.07891, 0.03723, 100.79%
Time spent: 6.46s
- Epoch 083, ExpID 15858
Train - Loss (one batch): 0.00358
Val - Loss, MSE, RMSE, MAE, MAPE: 0.00523, 0.00523, 0.07232, 0.03870, 131.26%
Test - Best epoch, Loss, MSE, RMSE, MAE, MAPE: 67, 0.00623, 0.00623, 0.07891, 0.03723, 100.79%
Time spent: 6.44s
- Epoch 084, ExpID 15858
Train - Loss (one batch): 0.00288
Val - Loss, MSE, RMSE, MAE, MAPE: 0.00504, 0.00504, 0.07103, 0.03616, 61.19%
Test - Best epoch, Loss, MSE, RMSE, MAE, MAPE: 67, 0.00623, 0.00623, 0.07891, 0.03723, 100.79%
Time spent: 6.45s
- Epoch 085, ExpID 15858
Train - Loss (one batch): 0.00327
Val - Loss, MSE, RMSE, MAE, MAPE: 0.00500, 0.00500, 0.07069, 0.03646, 97.56%
Test - Best epoch, Loss, MSE, RMSE, MAE, MAPE: 67, 0.00623, 0.00623, 0.07891, 0.03723, 100.79%
Time spent: 6.46s
- Epoch 086, ExpID 15858
Train - Loss (one batch): 0.00486
Val - Loss, MSE, RMSE, MAE, MAPE: 0.00515, 0.00515, 0.07176, 0.03709, 63.03%
Test - Best epoch, Loss, MSE, RMSE, MAE, MAPE: 67, 0.00623, 0.00623, 0.07891, 0.03723, 100.79%
Time spent: 6.46s
- Epoch 087, ExpID 15858
Train - Loss (one batch): 0.00364
Val - Loss, MSE, RMSE, MAE, MAPE: 0.00522, 0.00522, 0.07227, 0.03803, 59.73%
Test - Best epoch, Loss, MSE, RMSE, MAE, MAPE: 67, 0.00623, 0.00623, 0.07891, 0.03723, 100.79%
Time spent: 6.45s
- Epoch 088, ExpID 15858
Train - Loss (one batch): 0.00350
Val - Loss, MSE, RMSE, MAE, MAPE: 0.00507, 0.00507, 0.07124, 0.03735, 81.26%
Test - Best epoch, Loss, MSE, RMSE, MAE, MAPE: 67, 0.00623, 0.00623, 0.07891, 0.03723, 100.79%
Time spent: 6.46s
- Epoch 089, ExpID 15858
Train - Loss (one batch): 0.00364
Val - Loss, MSE, RMSE, MAE, MAPE: 0.00494, 0.00494, 0.07025, 0.03629, 55.49%
Test - Best epoch, Loss, MSE, RMSE, MAE, MAPE: 67, 0.00623, 0.00623, 0.07891, 0.03723, 100.79%
Time spent: 6.46s
- Epoch 090, ExpID 15858
Train - Loss (one batch): 0.00325
Val - Loss, MSE, RMSE, MAE, MAPE: 0.00498, 0.00498, 0.07059, 0.03702, 59.70%
Test - Best epoch, Loss, MSE, RMSE, MAE, MAPE: 67, 0.00623, 0.00623, 0.07891, 0.03723, 100.79%
Time spent: 6.45s
- Epoch 091, ExpID 15858
Train - Loss (one batch): 0.00303
Val - Loss, MSE, RMSE, MAE, MAPE: 0.00499, 0.00499, 0.07062, 0.03713, 53.54%
Test - Best epoch, Loss, MSE, RMSE, MAE, MAPE: 67, 0.00623, 0.00623, 0.07891, 0.03723, 100.79%
Time spent: 6.45s
- Epoch 092, ExpID 15858
Train - Loss (one batch): 0.00344
Val - Loss, MSE, RMSE, MAE, MAPE: 0.00514, 0.00514, 0.07169, 0.03652, 76.06%
Test - Best epoch, Loss, MSE, RMSE, MAE, MAPE: 67, 0.00623, 0.00623, 0.07891, 0.03723, 100.79%
Time spent: 6.45s
/home/ouass/Test/MSP-IMTS/tPatchGNN/run_models.py
2026-03-09 15:02:09
run_models.py --dataset physionet --history 24 --quantization 1.0 --hid_dim 64 --te_dim 10 --node_dim 10 --nlayer 1 --tf_layer 1 --nhead 1 --batch_size 32 --lr 1e-3 --patience 25 --epoch 600 --seed 2 --gpu 0 --metric per_dim --multi_scales 4,8 --multi_strides 4,8 --fusion gated_feat_wconcat
Namespace(multi_scales='4,8', multi_strides='4,8', fusion='gated_feat_wconcat', state='def', n=100000000, hop=1, nhead=1, tf_layer=1, nlayer=1, epoch=600, patience=25, history=24, patch_size=24, stride=24, logmode='a', lr=0.001, w_decay=0.0, batch_size=32, save='experiments/', load=None, seed=2, dataset='physionet', quantization=1.0, model='tPatchGNN', outlayer='Linear', hid_dim=64, te_dim=10, node_dim=10, gpu='0', metric='per_dim', npatch=1, device=device(type='cuda'), PID=179494, ndim=41)
- Epoch 000, ExpID 5897
Train - Loss (one batch): 0.00590
Val - Loss, MSE, RMSE, MAE, MAPE: 0.00728, 0.00728, 0.08535, 0.05228, 91.50%
Test - Best epoch, Loss, MSE, RMSE, MAE, MAPE: 0, 0.00872, 0.00872, 0.09336, 0.05303, 82.61%
Time spent: 7.39s
- Epoch 001, ExpID 5897
Train - Loss (one batch): 0.00607
Val - Loss, MSE, RMSE, MAE, MAPE: 0.00579, 0.00579, 0.07610, 0.04391, 114.21%
Test - Best epoch, Loss, MSE, RMSE, MAE, MAPE: 1, 0.00719, 0.00719, 0.08479, 0.04396, 104.23%
Time spent: 7.36s
- Epoch 002, ExpID 5897
Train - Loss (one batch): 0.00402
Val - Loss, MSE, RMSE, MAE, MAPE: 0.00567, 0.00567, 0.07530, 0.04251, 72.72%
Test - Best epoch, Loss, MSE, RMSE, MAE, MAPE: 2, 0.00722, 0.00722, 0.08499, 0.04381, 65.58%
Time spent: 7.35s
- Epoch 003, ExpID 5897
Train - Loss (one batch): 0.00709
Val - Loss, MSE, RMSE, MAE, MAPE: 0.00634, 0.00634, 0.07961, 0.04767, 150.58%
Test - Best epoch, Loss, MSE, RMSE, MAE, MAPE: 2, 0.00722, 0.00722, 0.08499, 0.04381, 65.58%
Time spent: 6.45s
- Epoch 004, ExpID 5897
Train - Loss (one batch): 0.00347
Val - Loss, MSE, RMSE, MAE, MAPE: 0.00603, 0.00603, 0.07764, 0.04563, 104.82%
Test - Best epoch, Loss, MSE, RMSE, MAE, MAPE: 2, 0.00722, 0.00722, 0.08499, 0.04381, 65.58%
Time spent: 6.44s
- Epoch 005, ExpID 5897
Train - Loss (one batch): 0.00448
Val - Loss, MSE, RMSE, MAE, MAPE: 0.00560, 0.00560, 0.07480, 0.04136, 72.98%
Test - Best epoch, Loss, MSE, RMSE, MAE, MAPE: 5, 0.00693, 0.00693, 0.08325, 0.04198, 65.33%
Time spent: 7.35s
- Epoch 006, ExpID 5897
Train - Loss (one batch): 0.00498
Val - Loss, MSE, RMSE, MAE, MAPE: 0.00551, 0.00551, 0.07420, 0.04279, 133.88%
Test - Best epoch, Loss, MSE, RMSE, MAE, MAPE: 6, 0.00700, 0.00700, 0.08366, 0.04338, 120.80%
Time spent: 7.36s
- Epoch 007, ExpID 5897
Train - Loss (one batch): 0.00700
Val - Loss, MSE, RMSE, MAE, MAPE: 0.00547, 0.00547, 0.07397, 0.04087, 87.75%
Test - Best epoch, Loss, MSE, RMSE, MAE, MAPE: 7, 0.00693, 0.00693, 0.08326, 0.04161, 81.44%
Time spent: 7.35s
- Epoch 008, ExpID 5897
Train - Loss (one batch): 0.00351
Val - Loss, MSE, RMSE, MAE, MAPE: 0.00546, 0.00546, 0.07388, 0.04101, 116.72%
Test - Best epoch, Loss, MSE, RMSE, MAE, MAPE: 8, 0.00680, 0.00680, 0.08246, 0.04148, 103.44%
Time spent: 7.34s
- Epoch 009, ExpID 5897
Train - Loss (one batch): 0.00424
Val - Loss, MSE, RMSE, MAE, MAPE: 0.00556, 0.00556, 0.07454, 0.03983, 84.49%
Test - Best epoch, Loss, MSE, RMSE, MAE, MAPE: 8, 0.00680, 0.00680, 0.08246, 0.04148, 103.44%
Time spent: 6.44s
- Epoch 010, ExpID 5897
Train - Loss (one batch): 0.00790
Val - Loss, MSE, RMSE, MAE, MAPE: 0.00577, 0.00577, 0.07597, 0.04353, 78.86%
Test - Best epoch, Loss, MSE, RMSE, MAE, MAPE: 8, 0.00680, 0.00680, 0.08246, 0.04148, 103.44%
Time spent: 6.45s
- Epoch 011, ExpID 5897
Train - Loss (one batch): 0.00617
Val - Loss, MSE, RMSE, MAE, MAPE: 0.00533, 0.00533, 0.07302, 0.04373, 166.24%
Test - Best epoch, Loss, MSE, RMSE, MAE, MAPE: 11, 0.00666, 0.00666, 0.08160, 0.04381, 145.80%
Time spent: 7.36s
- Epoch 012, ExpID 5897
Train - Loss (one batch): 0.00543
Val - Loss, MSE, RMSE, MAE, MAPE: 0.00563, 0.00563, 0.07501, 0.04190, 51.64%
Test - Best epoch, Loss, MSE, RMSE, MAE, MAPE: 11, 0.00666, 0.00666, 0.08160, 0.04381, 145.80%
Time spent: 6.45s
- Epoch 013, ExpID 5897
Train - Loss (one batch): 0.00460
Val - Loss, MSE, RMSE, MAE, MAPE: 0.00515, 0.00515, 0.07180, 0.03923, 97.68%
Test - Best epoch, Loss, MSE, RMSE, MAE, MAPE: 13, 0.00651, 0.00651, 0.08066, 0.03939, 86.62%
Time spent: 7.35s
- Epoch 014, ExpID 5897
Train - Loss (one batch): 0.00433
Val - Loss, MSE, RMSE, MAE, MAPE: 0.00557, 0.00557, 0.07463, 0.04074, 98.64%
Test - Best epoch, Loss, MSE, RMSE, MAE, MAPE: 13, 0.00651, 0.00651, 0.08066, 0.03939, 86.62%
Time spent: 6.45s
- Epoch 015, ExpID 5897
Train - Loss (one batch): 0.00404
Val - Loss, MSE, RMSE, MAE, MAPE: 0.00586, 0.00586, 0.07657, 0.04227, 159.12%
Test - Best epoch, Loss, MSE, RMSE, MAE, MAPE: 13, 0.00651, 0.00651, 0.08066, 0.03939, 86.62%
Time spent: 6.45s
- Epoch 016, ExpID 5897
Train - Loss (one batch): 0.00726
Val - Loss, MSE, RMSE, MAE, MAPE: 0.00567, 0.00567, 0.07531, 0.04245, 120.22%
Test - Best epoch, Loss, MSE, RMSE, MAE, MAPE: 13, 0.00651, 0.00651, 0.08066, 0.03939, 86.62%
Time spent: 6.46s
- Epoch 017, ExpID 5897
Train - Loss (one batch): 0.00481
Val - Loss, MSE, RMSE, MAE, MAPE: 0.00516, 0.00516, 0.07181, 0.03996, 103.28%
Test - Best epoch, Loss, MSE, RMSE, MAE, MAPE: 13, 0.00651, 0.00651, 0.08066, 0.03939, 86.62%
Time spent: 6.46s
- Epoch 018, ExpID 5897
Train - Loss (one batch): 0.00495
Val - Loss, MSE, RMSE, MAE, MAPE: 0.00538, 0.00538, 0.07335, 0.04086, 149.13%
Test - Best epoch, Loss, MSE, RMSE, MAE, MAPE: 13, 0.00651, 0.00651, 0.08066, 0.03939, 86.62%
Time spent: 6.43s
- Epoch 019, ExpID 5897
Train - Loss (one batch): 0.00388
Val - Loss, MSE, RMSE, MAE, MAPE: 0.00546, 0.00546, 0.07392, 0.04073, 164.88%
Test - Best epoch, Loss, MSE, RMSE, MAE, MAPE: 13, 0.00651, 0.00651, 0.08066, 0.03939, 86.62%
Time spent: 6.46s
- Epoch 020, ExpID 5897
Train - Loss (one batch): 0.00436
Val - Loss, MSE, RMSE, MAE, MAPE: 0.00523, 0.00523, 0.07231, 0.03809, 52.67%
Test - Best epoch, Loss, MSE, RMSE, MAE, MAPE: 13, 0.00651, 0.00651, 0.08066, 0.03939, 86.62%
Time spent: 6.43s
- Epoch 021, ExpID 5897
Train - Loss (one batch): 0.00738
Val - Loss, MSE, RMSE, MAE, MAPE: 0.00568, 0.00568, 0.07536, 0.04431, 195.91%
Test - Best epoch, Loss, MSE, RMSE, MAE, MAPE: 13, 0.00651, 0.00651, 0.08066, 0.03939, 86.62%
Time spent: 6.44s
- Epoch 022, ExpID 5897
Train - Loss (one batch): 0.01311
Val - Loss, MSE, RMSE, MAE, MAPE: 0.00529, 0.00529, 0.07271, 0.03953, 89.34%
Test - Best epoch, Loss, MSE, RMSE, MAE, MAPE: 13, 0.00651, 0.00651, 0.08066, 0.03939, 86.62%
Time spent: 6.45s
- Epoch 023, ExpID 5897
Train - Loss (one batch): 0.00415
Val - Loss, MSE, RMSE, MAE, MAPE: 0.00524, 0.00524, 0.07241, 0.03868, 111.03%
Test - Best epoch, Loss, MSE, RMSE, MAE, MAPE: 13, 0.00651, 0.00651, 0.08066, 0.03939, 86.62%
Time spent: 6.46s
- Epoch 024, ExpID 5897
Train - Loss (one batch): 0.00284
Val - Loss, MSE, RMSE, MAE, MAPE: 0.00510, 0.00510, 0.07140, 0.04043, 165.44%
Test - Best epoch, Loss, MSE, RMSE, MAE, MAPE: 24, 0.00644, 0.00644, 0.08025, 0.04057, 146.59%
Time spent: 7.36s
- Epoch 025, ExpID 5897
Train - Loss (one batch): 0.00321
Val - Loss, MSE, RMSE, MAE, MAPE: 0.00523, 0.00523, 0.07230, 0.03843, 65.70%
Test - Best epoch, Loss, MSE, RMSE, MAE, MAPE: 24, 0.00644, 0.00644, 0.08025, 0.04057, 146.59%
Time spent: 6.45s
- Epoch 026, ExpID 5897
Train - Loss (one batch): 0.00450
Val - Loss, MSE, RMSE, MAE, MAPE: 0.00496, 0.00496, 0.07045, 0.03886, 132.74%
Test - Best epoch, Loss, MSE, RMSE, MAE, MAPE: 26, 0.00640, 0.00640, 0.07999, 0.03927, 117.68%
Time spent: 7.35s
- Epoch 027, ExpID 5897
Train - Loss (one batch): 0.00451
Val - Loss, MSE, RMSE, MAE, MAPE: 0.00529, 0.00529, 0.07270, 0.03825, 87.51%
Test - Best epoch, Loss, MSE, RMSE, MAE, MAPE: 26, 0.00640, 0.00640, 0.07999, 0.03927, 117.68%
Time spent: 6.45s
- Epoch 028, ExpID 5897
Train - Loss (one batch): 0.00499
Val - Loss, MSE, RMSE, MAE, MAPE: 0.00531, 0.00531, 0.07290, 0.04191, 190.85%
Test - Best epoch, Loss, MSE, RMSE, MAE, MAPE: 26, 0.00640, 0.00640, 0.07999, 0.03927, 117.68%
Time spent: 6.45s
- Epoch 029, ExpID 5897
Train - Loss (one batch): 0.00658
Val - Loss, MSE, RMSE, MAE, MAPE: 0.00520, 0.00520, 0.07210, 0.03883, 120.28%
Test - Best epoch, Loss, MSE, RMSE, MAE, MAPE: 26, 0.00640, 0.00640, 0.07999, 0.03927, 117.68%
Time spent: 6.46s
- Epoch 030, ExpID 5897
Train - Loss (one batch): 0.00451
Val - Loss, MSE, RMSE, MAE, MAPE: 0.00561, 0.00561, 0.07490, 0.04150, 79.30%
Test - Best epoch, Loss, MSE, RMSE, MAE, MAPE: 26, 0.00640, 0.00640, 0.07999, 0.03927, 117.68%
Time spent: 6.45s
- Epoch 031, ExpID 5897
Train - Loss (one batch): 0.00417
Val - Loss, MSE, RMSE, MAE, MAPE: 0.00511, 0.00511, 0.07149, 0.03736, 75.49%
Test - Best epoch, Loss, MSE, RMSE, MAE, MAPE: 26, 0.00640, 0.00640, 0.07999, 0.03927, 117.68%
Time spent: 6.46s
- Epoch 032, ExpID 5897
Train - Loss (one batch): 0.00410
Val - Loss, MSE, RMSE, MAE, MAPE: 0.00516, 0.00516, 0.07187, 0.03931, 116.47%
Test - Best epoch, Loss, MSE, RMSE, MAE, MAPE: 26, 0.00640, 0.00640, 0.07999, 0.03927, 117.68%
Time spent: 6.45s
- Epoch 033, ExpID 5897
Train - Loss (one batch): 0.00375
Val - Loss, MSE, RMSE, MAE, MAPE: 0.00518, 0.00518, 0.07199, 0.03808, 78.45%
Test - Best epoch, Loss, MSE, RMSE, MAE, MAPE: 26, 0.00640, 0.00640, 0.07999, 0.03927, 117.68%
Time spent: 6.46s
- Epoch 034, ExpID 5897
Train - Loss (one batch): 0.00293
Val - Loss, MSE, RMSE, MAE, MAPE: 0.00525, 0.00525, 0.07246, 0.04035, 126.90%
Test - Best epoch, Loss, MSE, RMSE, MAE, MAPE: 26, 0.00640, 0.00640, 0.07999, 0.03927, 117.68%
Time spent: 6.44s
- Epoch 035, ExpID 5897
Train - Loss (one batch): 0.00511
Val - Loss, MSE, RMSE, MAE, MAPE: 0.00532, 0.00532, 0.07295, 0.03880, 69.49%
Test - Best epoch, Loss, MSE, RMSE, MAE, MAPE: 26, 0.00640, 0.00640, 0.07999, 0.03927, 117.68%
Time spent: 6.43s
- Epoch 036, ExpID 5897
Train - Loss (one batch): 0.00339
Val - Loss, MSE, RMSE, MAE, MAPE: 0.00505, 0.00505, 0.07104, 0.03650, 80.46%
Test - Best epoch, Loss, MSE, RMSE, MAE, MAPE: 26, 0.00640, 0.00640, 0.07999, 0.03927, 117.68%
Time spent: 6.45s
- Epoch 037, ExpID 5897
Train - Loss (one batch): 0.00689
Val - Loss, MSE, RMSE, MAE, MAPE: 0.00501, 0.00501, 0.07081, 0.03741, 74.80%
Test - Best epoch, Loss, MSE, RMSE, MAE, MAPE: 26, 0.00640, 0.00640, 0.07999, 0.03927, 117.68%
Time spent: 6.45s
- Epoch 038, ExpID 5897
Train - Loss (one batch): 0.00431
Val - Loss, MSE, RMSE, MAE, MAPE: 0.00519, 0.00519, 0.07201, 0.03872, 80.05%
Test - Best epoch, Loss, MSE, RMSE, MAE, MAPE: 26, 0.00640, 0.00640, 0.07999, 0.03927, 117.68%
Time spent: 6.44s
- Epoch 039, ExpID 5897
Train - Loss (one batch): 0.00417
Val - Loss, MSE, RMSE, MAE, MAPE: 0.00507, 0.00507, 0.07121, 0.03782, 59.88%
Test - Best epoch, Loss, MSE, RMSE, MAE, MAPE: 26, 0.00640, 0.00640, 0.07999, 0.03927, 117.68%
Time spent: 6.43s
- Epoch 040, ExpID 5897
Train - Loss (one batch): 0.00446
Val - Loss, MSE, RMSE, MAE, MAPE: 0.00502, 0.00502, 0.07083, 0.03766, 55.61%
Test - Best epoch, Loss, MSE, RMSE, MAE, MAPE: 26, 0.00640, 0.00640, 0.07999, 0.03927, 117.68%
Time spent: 6.44s
- Epoch 041, ExpID 5897
Train - Loss (one batch): 0.00614
Val - Loss, MSE, RMSE, MAE, MAPE: 0.00547, 0.00547, 0.07394, 0.03927, 93.05%
Test - Best epoch, Loss, MSE, RMSE, MAE, MAPE: 26, 0.00640, 0.00640, 0.07999, 0.03927, 117.68%
Time spent: 6.45s
- Epoch 042, ExpID 5897
Train - Loss (one batch): 0.00390
Val - Loss, MSE, RMSE, MAE, MAPE: 0.00523, 0.00523, 0.07231, 0.04009, 134.72%
Test - Best epoch, Loss, MSE, RMSE, MAE, MAPE: 26, 0.00640, 0.00640, 0.07999, 0.03927, 117.68%
Time spent: 6.45s
- Epoch 043, ExpID 5897
Train - Loss (one batch): 0.00422
Val - Loss, MSE, RMSE, MAE, MAPE: 0.00578, 0.00578, 0.07600, 0.04107, 143.37%
Test - Best epoch, Loss, MSE, RMSE, MAE, MAPE: 26, 0.00640, 0.00640, 0.07999, 0.03927, 117.68%
Time spent: 6.46s
- Epoch 044, ExpID 5897
Train - Loss (one batch): 0.00338
Val - Loss, MSE, RMSE, MAE, MAPE: 0.00517, 0.00517, 0.07187, 0.03734, 101.20%
Test - Best epoch, Loss, MSE, RMSE, MAE, MAPE: 26, 0.00640, 0.00640, 0.07999, 0.03927, 117.68%
Time spent: 6.46s
- Epoch 045, ExpID 5897
Train - Loss (one batch): 0.00373
Val - Loss, MSE, RMSE, MAE, MAPE: 0.00512, 0.00512, 0.07154, 0.03763, 56.91%
Test - Best epoch, Loss, MSE, RMSE, MAE, MAPE: 26, 0.00640, 0.00640, 0.07999, 0.03927, 117.68%
Time spent: 6.46s
- Epoch 046, ExpID 5897
Train - Loss (one batch): 0.00453
Val - Loss, MSE, RMSE, MAE, MAPE: 0.00499, 0.00499, 0.07066, 0.03751, 68.66%
Test - Best epoch, Loss, MSE, RMSE, MAE, MAPE: 26, 0.00640, 0.00640, 0.07999, 0.03927, 117.68%
Time spent: 6.46s
- Epoch 047, ExpID 5897
Train - Loss (one batch): 0.00418
Val - Loss, MSE, RMSE, MAE, MAPE: 0.00531, 0.00531, 0.07290, 0.03937, 62.28%
Test - Best epoch, Loss, MSE, RMSE, MAE, MAPE: 26, 0.00640, 0.00640, 0.07999, 0.03927, 117.68%
Time spent: 6.46s
- Epoch 048, ExpID 5897
Train - Loss (one batch): 0.00453
Val - Loss, MSE, RMSE, MAE, MAPE: 0.00535, 0.00535, 0.07317, 0.03721, 79.64%
Test - Best epoch, Loss, MSE, RMSE, MAE, MAPE: 26, 0.00640, 0.00640, 0.07999, 0.03927, 117.68%
Time spent: 6.45s
- Epoch 049, ExpID 5897
Train - Loss (one batch): 0.00327
Val - Loss, MSE, RMSE, MAE, MAPE: 0.00532, 0.00532, 0.07295, 0.03767, 79.02%
Test - Best epoch, Loss, MSE, RMSE, MAE, MAPE: 26, 0.00640, 0.00640, 0.07999, 0.03927, 117.68%
Time spent: 6.45s
- Epoch 050, ExpID 5897
Train - Loss (one batch): 0.00421
Val - Loss, MSE, RMSE, MAE, MAPE: 0.00555, 0.00555, 0.07449, 0.04034, 99.93%
Test - Best epoch, Loss, MSE, RMSE, MAE, MAPE: 26, 0.00640, 0.00640, 0.07999, 0.03927, 117.68%
Time spent: 6.45s
- Epoch 051, ExpID 5897
Train - Loss (one batch): 0.00454
Val - Loss, MSE, RMSE, MAE, MAPE: 0.00527, 0.00527, 0.07261, 0.03912, 81.43%
Test - Best epoch, Loss, MSE, RMSE, MAE, MAPE: 26, 0.00640, 0.00640, 0.07999, 0.03927, 117.68%
Time spent: 6.44s
/home/ouass/Test/MSP-IMTS/tPatchGNN/run_models.py
2026-03-09 15:08:19
run_models.py --dataset physionet --history 24 --quantization 1.0 --hid_dim 64 --te_dim 10 --node_dim 10 --nlayer 1 --tf_layer 1 --nhead 1 --batch_size 32 --lr 1e-3 --patience 25 --epoch 600 --seed 3 --gpu 0 --metric per_dim --multi_scales 4,8 --multi_strides 4,8 --fusion gated_feat_wconcat
Namespace(multi_scales='4,8', multi_strides='4,8', fusion='gated_feat_wconcat', state='def', n=100000000, hop=1, nhead=1, tf_layer=1, nlayer=1, epoch=600, patience=25, history=24, patch_size=24, stride=24, logmode='a', lr=0.001, w_decay=0.0, batch_size=32, save='experiments/', load=None, seed=3, dataset='physionet', quantization=1.0, model='tPatchGNN', outlayer='Linear', hid_dim=64, te_dim=10, node_dim=10, gpu='0', metric='per_dim', npatch=1, device=device(type='cuda'), PID=179653, ndim=41)
- Epoch 000, ExpID 90381
Train - Loss (one batch): 0.00655
Val - Loss, MSE, RMSE, MAE, MAPE: 0.00780, 0.00780, 0.08829, 0.05555, 131.70%
Test - Best epoch, Loss, MSE, RMSE, MAE, MAPE: 0, 0.00946, 0.00946, 0.09725, 0.05556, 119.41%
Time spent: 7.38s
- Epoch 001, ExpID 90381
Train - Loss (one batch): 0.00546
Val - Loss, MSE, RMSE, MAE, MAPE: 0.00671, 0.00671, 0.08193, 0.04903, 116.69%
Test - Best epoch, Loss, MSE, RMSE, MAE, MAPE: 1, 0.00815, 0.00815, 0.09027, 0.04880, 105.78%
Time spent: 7.34s
- Epoch 002, ExpID 90381
Train - Loss (one batch): 0.00621
Val - Loss, MSE, RMSE, MAE, MAPE: 0.00620, 0.00620, 0.07877, 0.04481, 114.48%
Test - Best epoch, Loss, MSE, RMSE, MAE, MAPE: 2, 0.00762, 0.00762, 0.08732, 0.04465, 102.98%
Time spent: 7.34s
- Epoch 003, ExpID 90381
Train - Loss (one batch): 0.01206
Val - Loss, MSE, RMSE, MAE, MAPE: 0.00547, 0.00547, 0.07396, 0.04313, 147.83%
Test - Best epoch, Loss, MSE, RMSE, MAE, MAPE: 3, 0.00693, 0.00693, 0.08327, 0.04318, 134.05%
Time spent: 7.35s
- Epoch 004, ExpID 90381
Train - Loss (one batch): 0.00442
Val - Loss, MSE, RMSE, MAE, MAPE: 0.00581, 0.00581, 0.07621, 0.04623, 244.69%
Test - Best epoch, Loss, MSE, RMSE, MAE, MAPE: 3, 0.00693, 0.00693, 0.08327, 0.04318, 134.05%
Time spent: 6.45s
- Epoch 005, ExpID 90381
Train - Loss (one batch): 0.00459
Val - Loss, MSE, RMSE, MAE, MAPE: 0.00542, 0.00542, 0.07363, 0.04090, 110.98%
Test - Best epoch, Loss, MSE, RMSE, MAE, MAPE: 5, 0.00679, 0.00679, 0.08240, 0.04107, 95.47%
Time spent: 7.35s
- Epoch 006, ExpID 90381
Train - Loss (one batch): 0.00509
Val - Loss, MSE, RMSE, MAE, MAPE: 0.00536, 0.00536, 0.07324, 0.04022, 94.77%
Test - Best epoch, Loss, MSE, RMSE, MAE, MAPE: 6, 0.00681, 0.00681, 0.08255, 0.04084, 84.66%
Time spent: 7.35s
- Epoch 007, ExpID 90381
Train - Loss (one batch): 0.00508
Val - Loss, MSE, RMSE, MAE, MAPE: 0.00605, 0.00605, 0.07780, 0.04490, 67.04%
Test - Best epoch, Loss, MSE, RMSE, MAE, MAPE: 6, 0.00681, 0.00681, 0.08255, 0.04084, 84.66%
Time spent: 6.45s
- Epoch 008, ExpID 90381
Train - Loss (one batch): 0.00458
Val - Loss, MSE, RMSE, MAE, MAPE: 0.00530, 0.00530, 0.07277, 0.03909, 90.34%
Test - Best epoch, Loss, MSE, RMSE, MAE, MAPE: 8, 0.00665, 0.00665, 0.08154, 0.03924, 76.92%
Time spent: 7.36s
- Epoch 009, ExpID 90381
Train - Loss (one batch): 0.00637
Val - Loss, MSE, RMSE, MAE, MAPE: 0.00519, 0.00519, 0.07206, 0.03953, 100.75%
Test - Best epoch, Loss, MSE, RMSE, MAE, MAPE: 9, 0.00656, 0.00656, 0.08100, 0.03983, 86.72%
Time spent: 7.35s
- Epoch 010, ExpID 90381
Train - Loss (one batch): 0.00445
Val - Loss, MSE, RMSE, MAE, MAPE: 0.00538, 0.00538, 0.07333, 0.04034, 126.00%
Test - Best epoch, Loss, MSE, RMSE, MAE, MAPE: 9, 0.00656, 0.00656, 0.08100, 0.03983, 86.72%
Time spent: 6.45s
- Epoch 011, ExpID 90381
Train - Loss (one batch): 0.00469
Val - Loss, MSE, RMSE, MAE, MAPE: 0.00553, 0.00553, 0.07439, 0.04034, 127.63%
Test - Best epoch, Loss, MSE, RMSE, MAE, MAPE: 9, 0.00656, 0.00656, 0.08100, 0.03983, 86.72%
Time spent: 6.44s
- Epoch 012, ExpID 90381
Train - Loss (one batch): 0.00380
Val - Loss, MSE, RMSE, MAE, MAPE: 0.00520, 0.00520, 0.07209, 0.03819, 89.95%
Test - Best epoch, Loss, MSE, RMSE, MAE, MAPE: 9, 0.00656, 0.00656, 0.08100, 0.03983, 86.72%
Time spent: 6.46s
- Epoch 013, ExpID 90381
Train - Loss (one batch): 0.00727
Val - Loss, MSE, RMSE, MAE, MAPE: 0.00525, 0.00525, 0.07245, 0.04177, 173.94%
Test - Best epoch, Loss, MSE, RMSE, MAE, MAPE: 9, 0.00656, 0.00656, 0.08100, 0.03983, 86.72%
Time spent: 6.45s
- Epoch 014, ExpID 90381
Train - Loss (one batch): 0.00508
Val - Loss, MSE, RMSE, MAE, MAPE: 0.00568, 0.00568, 0.07535, 0.04130, 122.55%
Test - Best epoch, Loss, MSE, RMSE, MAE, MAPE: 9, 0.00656, 0.00656, 0.08100, 0.03983, 86.72%
Time spent: 6.45s
- Epoch 015, ExpID 90381
Train - Loss (one batch): 0.00318
Val - Loss, MSE, RMSE, MAE, MAPE: 0.00526, 0.00526, 0.07253, 0.04111, 103.34%
Test - Best epoch, Loss, MSE, RMSE, MAE, MAPE: 9, 0.00656, 0.00656, 0.08100, 0.03983, 86.72%
Time spent: 6.46s
- Epoch 016, ExpID 90381
Train - Loss (one batch): 0.00380
Val - Loss, MSE, RMSE, MAE, MAPE: 0.00527, 0.00527, 0.07261, 0.03934, 106.19%
Test - Best epoch, Loss, MSE, RMSE, MAE, MAPE: 9, 0.00656, 0.00656, 0.08100, 0.03983, 86.72%
Time spent: 6.45s
- Epoch 017, ExpID 90381
Train - Loss (one batch): 0.00499
Val - Loss, MSE, RMSE, MAE, MAPE: 0.00517, 0.00517, 0.07194, 0.03812, 62.87%
Test - Best epoch, Loss, MSE, RMSE, MAE, MAPE: 17, 0.00653, 0.00653, 0.08083, 0.03869, 53.93%
Time spent: 7.35s
- Epoch 018, ExpID 90381
Train - Loss (one batch): 0.00506
Val - Loss, MSE, RMSE, MAE, MAPE: 0.00551, 0.00551, 0.07425, 0.04044, 74.27%
Test - Best epoch, Loss, MSE, RMSE, MAE, MAPE: 17, 0.00653, 0.00653, 0.08083, 0.03869, 53.93%
Time spent: 6.45s
- Epoch 019, ExpID 90381
Train - Loss (one batch): 0.00406
Val - Loss, MSE, RMSE, MAE, MAPE: 0.00523, 0.00523, 0.07234, 0.03957, 153.40%
Test - Best epoch, Loss, MSE, RMSE, MAE, MAPE: 17, 0.00653, 0.00653, 0.08083, 0.03869, 53.93%
Time spent: 6.46s
- Epoch 020, ExpID 90381
Train - Loss (one batch): 0.00402
Val - Loss, MSE, RMSE, MAE, MAPE: 0.00532, 0.00532, 0.07292, 0.03827, 94.32%
Test - Best epoch, Loss, MSE, RMSE, MAE, MAPE: 17, 0.00653, 0.00653, 0.08083, 0.03869, 53.93%
Time spent: 6.46s
- Epoch 021, ExpID 90381
Train - Loss (one batch): 0.00434
Val - Loss, MSE, RMSE, MAE, MAPE: 0.00517, 0.00517, 0.07189, 0.03882, 94.08%
Test - Best epoch, Loss, MSE, RMSE, MAE, MAPE: 21, 0.00652, 0.00652, 0.08077, 0.03913, 81.81%
Time spent: 7.36s
- Epoch 022, ExpID 90381
Train - Loss (one batch): 0.00435
Val - Loss, MSE, RMSE, MAE, MAPE: 0.00550, 0.00550, 0.07413, 0.04001, 90.95%
Test - Best epoch, Loss, MSE, RMSE, MAE, MAPE: 21, 0.00652, 0.00652, 0.08077, 0.03913, 81.81%
Time spent: 6.45s
- Epoch 023, ExpID 90381
Train - Loss (one batch): 0.00269
Val - Loss, MSE, RMSE, MAE, MAPE: 0.00525, 0.00525, 0.07245, 0.03954, 81.80%
Test - Best epoch, Loss, MSE, RMSE, MAE, MAPE: 21, 0.00652, 0.00652, 0.08077, 0.03913, 81.81%
Time spent: 6.44s
- Epoch 024, ExpID 90381
Train - Loss (one batch): 0.00816
Val - Loss, MSE, RMSE, MAE, MAPE: 0.00543, 0.00543, 0.07367, 0.04181, 161.70%
Test - Best epoch, Loss, MSE, RMSE, MAE, MAPE: 21, 0.00652, 0.00652, 0.08077, 0.03913, 81.81%
Time spent: 6.45s
- Epoch 025, ExpID 90381
Train - Loss (one batch): 0.00540
Val - Loss, MSE, RMSE, MAE, MAPE: 0.00533, 0.00533, 0.07303, 0.03938, 80.59%
Test - Best epoch, Loss, MSE, RMSE, MAE, MAPE: 21, 0.00652, 0.00652, 0.08077, 0.03913, 81.81%
Time spent: 6.43s
- Epoch 026, ExpID 90381
Train - Loss (one batch): 0.00697
Val - Loss, MSE, RMSE, MAE, MAPE: 0.00578, 0.00578, 0.07604, 0.04272, 97.91%
Test - Best epoch, Loss, MSE, RMSE, MAE, MAPE: 21, 0.00652, 0.00652, 0.08077, 0.03913, 81.81%
Time spent: 6.44s
- Epoch 027, ExpID 90381
Train - Loss (one batch): 0.00397
Val - Loss, MSE, RMSE, MAE, MAPE: 0.00532, 0.00532, 0.07296, 0.03890, 81.20%
Test - Best epoch, Loss, MSE, RMSE, MAE, MAPE: 21, 0.00652, 0.00652, 0.08077, 0.03913, 81.81%
Time spent: 6.44s
- Epoch 028, ExpID 90381
Train - Loss (one batch): 0.00778
Val - Loss, MSE, RMSE, MAE, MAPE: 0.00566, 0.00566, 0.07523, 0.04342, 126.47%
Test - Best epoch, Loss, MSE, RMSE, MAE, MAPE: 21, 0.00652, 0.00652, 0.08077, 0.03913, 81.81%
Time spent: 6.44s
- Epoch 029, ExpID 90381
Train - Loss (one batch): 0.00416
Val - Loss, MSE, RMSE, MAE, MAPE: 0.00557, 0.00557, 0.07466, 0.04355, 97.77%
Test - Best epoch, Loss, MSE, RMSE, MAE, MAPE: 21, 0.00652, 0.00652, 0.08077, 0.03913, 81.81%
Time spent: 6.44s
- Epoch 030, ExpID 90381
Train - Loss (one batch): 0.00427
Val - Loss, MSE, RMSE, MAE, MAPE: 0.00536, 0.00536, 0.07324, 0.03944, 81.35%
Test - Best epoch, Loss, MSE, RMSE, MAE, MAPE: 21, 0.00652, 0.00652, 0.08077, 0.03913, 81.81%
Time spent: 6.44s
- Epoch 031, ExpID 90381
Train - Loss (one batch): 0.00465
Val - Loss, MSE, RMSE, MAE, MAPE: 0.00528, 0.00528, 0.07269, 0.04104, 133.10%
Test - Best epoch, Loss, MSE, RMSE, MAE, MAPE: 21, 0.00652, 0.00652, 0.08077, 0.03913, 81.81%
Time spent: 6.42s
- Epoch 032, ExpID 90381
Train - Loss (one batch): 0.00515
Val - Loss, MSE, RMSE, MAE, MAPE: 0.00518, 0.00518, 0.07197, 0.03894, 74.88%
Test - Best epoch, Loss, MSE, RMSE, MAE, MAPE: 21, 0.00652, 0.00652, 0.08077, 0.03913, 81.81%
Time spent: 6.44s
- Epoch 033, ExpID 90381
Train - Loss (one batch): 0.00756
Val - Loss, MSE, RMSE, MAE, MAPE: 0.00523, 0.00523, 0.07235, 0.03891, 78.58%
Test - Best epoch, Loss, MSE, RMSE, MAE, MAPE: 21, 0.00652, 0.00652, 0.08077, 0.03913, 81.81%
Time spent: 6.46s
- Epoch 034, ExpID 90381
Train - Loss (one batch): 0.01305
Val - Loss, MSE, RMSE, MAE, MAPE: 0.00514, 0.00514, 0.07170, 0.03825, 80.15%
Test - Best epoch, Loss, MSE, RMSE, MAE, MAPE: 34, 0.00679, 0.00679, 0.08239, 0.03884, 71.62%
Time spent: 7.36s
- Epoch 035, ExpID 90381
Train - Loss (one batch): 0.00341
Val - Loss, MSE, RMSE, MAE, MAPE: 0.00524, 0.00524, 0.07241, 0.04081, 180.27%
Test - Best epoch, Loss, MSE, RMSE, MAE, MAPE: 34, 0.00679, 0.00679, 0.08239, 0.03884, 71.62%
Time spent: 6.45s
- Epoch 036, ExpID 90381
Train - Loss (one batch): 0.00354
Val - Loss, MSE, RMSE, MAE, MAPE: 0.00502, 0.00502, 0.07086, 0.03795, 84.14%
Test - Best epoch, Loss, MSE, RMSE, MAE, MAPE: 36, 0.00661, 0.00661, 0.08128, 0.03862, 73.53%
Time spent: 7.34s
- Epoch 037, ExpID 90381
Train - Loss (one batch): 0.00369
Val - Loss, MSE, RMSE, MAE, MAPE: 0.00521, 0.00521, 0.07215, 0.03954, 114.10%
Test - Best epoch, Loss, MSE, RMSE, MAE, MAPE: 36, 0.00661, 0.00661, 0.08128, 0.03862, 73.53%
Time spent: 6.45s
- Epoch 038, ExpID 90381
Train - Loss (one batch): 0.00548
Val - Loss, MSE, RMSE, MAE, MAPE: 0.00558, 0.00558, 0.07467, 0.04062, 86.26%
Test - Best epoch, Loss, MSE, RMSE, MAE, MAPE: 36, 0.00661, 0.00661, 0.08128, 0.03862, 73.53%
Time spent: 6.45s
- Epoch 039, ExpID 90381
Train - Loss (one batch): 0.01038
Val - Loss, MSE, RMSE, MAE, MAPE: 0.00501, 0.00501, 0.07082, 0.03719, 79.03%
Test - Best epoch, Loss, MSE, RMSE, MAE, MAPE: 39, 0.00665, 0.00665, 0.08152, 0.03790, 70.65%
Time spent: 7.34s
- Epoch 040, ExpID 90381
Train - Loss (one batch): 0.00519
Val - Loss, MSE, RMSE, MAE, MAPE: 0.00550, 0.00550, 0.07415, 0.04043, 63.51%
Test - Best epoch, Loss, MSE, RMSE, MAE, MAPE: 39, 0.00665, 0.00665, 0.08152, 0.03790, 70.65%
Time spent: 6.45s
- Epoch 041, ExpID 90381
Train - Loss (one batch): 0.00389
Val - Loss, MSE, RMSE, MAE, MAPE: 0.00545, 0.00545, 0.07383, 0.04445, 121.90%
Test - Best epoch, Loss, MSE, RMSE, MAE, MAPE: 39, 0.00665, 0.00665, 0.08152, 0.03790, 70.65%
Time spent: 6.44s
- Epoch 042, ExpID 90381
Train - Loss (one batch): 0.00427
Val - Loss, MSE, RMSE, MAE, MAPE: 0.00520, 0.00520, 0.07213, 0.03966, 69.50%
Test - Best epoch, Loss, MSE, RMSE, MAE, MAPE: 39, 0.00665, 0.00665, 0.08152, 0.03790, 70.65%
Time spent: 6.46s
- Epoch 043, ExpID 90381
Train - Loss (one batch): 0.00506
Val - Loss, MSE, RMSE, MAE, MAPE: 0.00511, 0.00511, 0.07147, 0.03757, 53.52%
Test - Best epoch, Loss, MSE, RMSE, MAE, MAPE: 39, 0.00665, 0.00665, 0.08152, 0.03790, 70.65%
Time spent: 6.46s
- Epoch 044, ExpID 90381
Train - Loss (one batch): 0.00465
Val - Loss, MSE, RMSE, MAE, MAPE: 0.00534, 0.00534, 0.07305, 0.03870, 61.47%
Test - Best epoch, Loss, MSE, RMSE, MAE, MAPE: 39, 0.00665, 0.00665, 0.08152, 0.03790, 70.65%
Time spent: 6.46s
- Epoch 045, ExpID 90381
Train - Loss (one batch): 0.00407
Val - Loss, MSE, RMSE, MAE, MAPE: 0.00510, 0.00510, 0.07142, 0.03822, 73.62%
Test - Best epoch, Loss, MSE, RMSE, MAE, MAPE: 39, 0.00665, 0.00665, 0.08152, 0.03790, 70.65%
Time spent: 6.44s
- Epoch 046, ExpID 90381
Train - Loss (one batch): 0.00418
Val - Loss, MSE, RMSE, MAE, MAPE: 0.00551, 0.00551, 0.07421, 0.04192, 98.70%
Test - Best epoch, Loss, MSE, RMSE, MAE, MAPE: 39, 0.00665, 0.00665, 0.08152, 0.03790, 70.65%
Time spent: 6.44s
- Epoch 047, ExpID 90381
Train - Loss (one batch): 0.00742
Val - Loss, MSE, RMSE, MAE, MAPE: 0.00531, 0.00531, 0.07289, 0.04155, 122.63%
Test - Best epoch, Loss, MSE, RMSE, MAE, MAPE: 39, 0.00665, 0.00665, 0.08152, 0.03790, 70.65%
Time spent: 6.45s
- Epoch 048, ExpID 90381
Train - Loss (one batch): 0.00362
Val - Loss, MSE, RMSE, MAE, MAPE: 0.00513, 0.00513, 0.07160, 0.03733, 72.83%
Test - Best epoch, Loss, MSE, RMSE, MAE, MAPE: 39, 0.00665, 0.00665, 0.08152, 0.03790, 70.65%
Time spent: 6.44s
- Epoch 049, ExpID 90381
Train - Loss (one batch): 0.00398
Val - Loss, MSE, RMSE, MAE, MAPE: 0.00564, 0.00564, 0.07509, 0.04189, 88.56%
Test - Best epoch, Loss, MSE, RMSE, MAE, MAPE: 39, 0.00665, 0.00665, 0.08152, 0.03790, 70.65%
Time spent: 6.44s
- Epoch 050, ExpID 90381
Train - Loss (one batch): 0.00319
Val - Loss, MSE, RMSE, MAE, MAPE: 0.00524, 0.00524, 0.07236, 0.03891, 93.91%
Test - Best epoch, Loss, MSE, RMSE, MAE, MAPE: 39, 0.00665, 0.00665, 0.08152, 0.03790, 70.65%
Time spent: 6.44s
- Epoch 051, ExpID 90381
Train - Loss (one batch): 0.00774
Val - Loss, MSE, RMSE, MAE, MAPE: 0.00526, 0.00526, 0.07250, 0.03915, 90.01%
Test - Best epoch, Loss, MSE, RMSE, MAE, MAPE: 39, 0.00665, 0.00665, 0.08152, 0.03790, 70.65%
Time spent: 6.43s
- Epoch 052, ExpID 90381
Train - Loss (one batch): 0.00367
Val - Loss, MSE, RMSE, MAE, MAPE: 0.00545, 0.00545, 0.07380, 0.03896, 86.82%
Test - Best epoch, Loss, MSE, RMSE, MAE, MAPE: 39, 0.00665, 0.00665, 0.08152, 0.03790, 70.65%
Time spent: 6.44s
- Epoch 053, ExpID 90381
Train - Loss (one batch): 0.00270
Val - Loss, MSE, RMSE, MAE, MAPE: 0.00538, 0.00538, 0.07332, 0.03992, 115.58%
Test - Best epoch, Loss, MSE, RMSE, MAE, MAPE: 39, 0.00665, 0.00665, 0.08152, 0.03790, 70.65%
Time spent: 6.45s
- Epoch 054, ExpID 90381
Train - Loss (one batch): 0.00400
Val - Loss, MSE, RMSE, MAE, MAPE: 0.00514, 0.00514, 0.07171, 0.03743, 79.88%
Test - Best epoch, Loss, MSE, RMSE, MAE, MAPE: 39, 0.00665, 0.00665, 0.08152, 0.03790, 70.65%
Time spent: 6.46s
- Epoch 055, ExpID 90381
Train - Loss (one batch): 0.00331
Val - Loss, MSE, RMSE, MAE, MAPE: 0.00514, 0.00514, 0.07169, 0.03959, 124.62%
Test - Best epoch, Loss, MSE, RMSE, MAE, MAPE: 39, 0.00665, 0.00665, 0.08152, 0.03790, 70.65%
Time spent: 6.45s
- Epoch 056, ExpID 90381
Train - Loss (one batch): 0.00319
Val - Loss, MSE, RMSE, MAE, MAPE: 0.00511, 0.00511, 0.07147, 0.03827, 74.71%
Test - Best epoch, Loss, MSE, RMSE, MAE, MAPE: 39, 0.00665, 0.00665, 0.08152, 0.03790, 70.65%
Time spent: 6.45s
- Epoch 057, ExpID 90381
Train - Loss (one batch): 0.00325
Val - Loss, MSE, RMSE, MAE, MAPE: 0.00535, 0.00535, 0.07316, 0.03975, 61.22%
Test - Best epoch, Loss, MSE, RMSE, MAE, MAPE: 39, 0.00665, 0.00665, 0.08152, 0.03790, 70.65%
Time spent: 6.45s
- Epoch 058, ExpID 90381
Train - Loss (one batch): 0.00555
Val - Loss, MSE, RMSE, MAE, MAPE: 0.00521, 0.00521, 0.07219, 0.03853, 73.86%
Test - Best epoch, Loss, MSE, RMSE, MAE, MAPE: 39, 0.00665, 0.00665, 0.08152, 0.03790, 70.65%
Time spent: 6.46s
- Epoch 059, ExpID 90381
Train - Loss (one batch): 0.00553
Val - Loss, MSE, RMSE, MAE, MAPE: 0.00539, 0.00539, 0.07344, 0.04005, 87.64%
Test - Best epoch, Loss, MSE, RMSE, MAE, MAPE: 39, 0.00665, 0.00665, 0.08152, 0.03790, 70.65%
Time spent: 6.45s
- Epoch 060, ExpID 90381
Train - Loss (one batch): 0.00478
Val - Loss, MSE, RMSE, MAE, MAPE: 0.00509, 0.00509, 0.07137, 0.03710, 62.76%
Test - Best epoch, Loss, MSE, RMSE, MAE, MAPE: 39, 0.00665, 0.00665, 0.08152, 0.03790, 70.65%
Time spent: 6.45s
- Epoch 061, ExpID 90381
Train - Loss (one batch): 0.00253
Val - Loss, MSE, RMSE, MAE, MAPE: 0.00512, 0.00512, 0.07155, 0.03718, 74.75%
Test - Best epoch, Loss, MSE, RMSE, MAE, MAPE: 39, 0.00665, 0.00665, 0.08152, 0.03790, 70.65%
Time spent: 6.45s
- Epoch 062, ExpID 90381
Train - Loss (one batch): 0.00465
Val - Loss, MSE, RMSE, MAE, MAPE: 0.00518, 0.00518, 0.07195, 0.03821, 85.12%
Test - Best epoch, Loss, MSE, RMSE, MAE, MAPE: 39, 0.00665, 0.00665, 0.08152, 0.03790, 70.65%
Time spent: 6.45s
- Epoch 063, ExpID 90381
Train - Loss (one batch): 0.00319
Val - Loss, MSE, RMSE, MAE, MAPE: 0.00504, 0.00504, 0.07096, 0.03734, 65.53%
Test - Best epoch, Loss, MSE, RMSE, MAE, MAPE: 39, 0.00665, 0.00665, 0.08152, 0.03790, 70.65%
Time spent: 6.44s
- Epoch 064, ExpID 90381
Train - Loss (one batch): 0.00413
Val - Loss, MSE, RMSE, MAE, MAPE: 0.00527, 0.00527, 0.07256, 0.03904, 56.12%
Test - Best epoch, Loss, MSE, RMSE, MAE, MAPE: 39, 0.00665, 0.00665, 0.08152, 0.03790, 70.65%
Time spent: 6.45s
/home/ouass/Test/MSP-IMTS/tPatchGNN/run_models.py
2026-03-09 15:15:54
run_models.py --dataset physionet --history 24 --quantization 1.0 --hid_dim 64 --te_dim 10 --node_dim 10 --nlayer 1 --tf_layer 1 --nhead 1 --batch_size 32 --lr 1e-3 --patience 25 --epoch 600 --seed 4 --gpu 0 --metric per_dim --multi_scales 4,8 --multi_strides 4,8 --fusion gated_feat_wconcat
Namespace(multi_scales='4,8', multi_strides='4,8', fusion='gated_feat_wconcat', state='def', n=100000000, hop=1, nhead=1, tf_layer=1, nlayer=1, epoch=600, patience=25, history=24, patch_size=24, stride=24, logmode='a', lr=0.001, w_decay=0.0, batch_size=32, save='experiments/', load=None, seed=4, dataset='physionet', quantization=1.0, model='tPatchGNN', outlayer='Linear', hid_dim=64, te_dim=10, node_dim=10, gpu='0', metric='per_dim', npatch=1, device=device(type='cuda'), PID=179753, ndim=41)
- Epoch 000, ExpID 35784
Train - Loss (one batch): 0.00633
Val - Loss, MSE, RMSE, MAE, MAPE: 0.00702, 0.00702, 0.08377, 0.05045, 151.67%
Test - Best epoch, Loss, MSE, RMSE, MAE, MAPE: 0, 0.00867, 0.00867, 0.09310, 0.05064, 136.20%
Time spent: 7.38s
- Epoch 001, ExpID 35784
Train - Loss (one batch): 0.00506
Val - Loss, MSE, RMSE, MAE, MAPE: 0.00752, 0.00752, 0.08670, 0.05371, 53.02%
Test - Best epoch, Loss, MSE, RMSE, MAE, MAPE: 0, 0.00867, 0.00867, 0.09310, 0.05064, 136.20%
Time spent: 6.46s
- Epoch 002, ExpID 35784
Train - Loss (one batch): 0.00491
Val - Loss, MSE, RMSE, MAE, MAPE: 0.00594, 0.00594, 0.07704, 0.04410, 90.65%
Test - Best epoch, Loss, MSE, RMSE, MAE, MAPE: 2, 0.00750, 0.00750, 0.08658, 0.04450, 84.54%
Time spent: 7.34s
- Epoch 003, ExpID 35784
Train - Loss (one batch): 0.00394
Val - Loss, MSE, RMSE, MAE, MAPE: 0.00594, 0.00594, 0.07709, 0.04451, 59.73%
Test - Best epoch, Loss, MSE, RMSE, MAE, MAPE: 2, 0.00750, 0.00750, 0.08658, 0.04450, 84.54%
Time spent: 6.43s
- Epoch 004, ExpID 35784
Train - Loss (one batch): 0.00578
Val - Loss, MSE, RMSE, MAE, MAPE: 0.00582, 0.00582, 0.07629, 0.04340, 53.12%
Test - Best epoch, Loss, MSE, RMSE, MAE, MAPE: 4, 0.00731, 0.00731, 0.08551, 0.04386, 49.44%
Time spent: 7.35s
- Epoch 005, ExpID 35784
Train - Loss (one batch): 0.00483
Val - Loss, MSE, RMSE, MAE, MAPE: 0.00595, 0.00595, 0.07716, 0.04508, 108.92%
Test - Best epoch, Loss, MSE, RMSE, MAE, MAPE: 4, 0.00731, 0.00731, 0.08551, 0.04386, 49.44%
Time spent: 6.46s
- Epoch 006, ExpID 35784
Train - Loss (one batch): 0.00317
Val - Loss, MSE, RMSE, MAE, MAPE: 0.00534, 0.00534, 0.07307, 0.04088, 65.54%
Test - Best epoch, Loss, MSE, RMSE, MAE, MAPE: 6, 0.00680, 0.00680, 0.08244, 0.04105, 60.44%
Time spent: 7.34s
- Epoch 007, ExpID 35784
Train - Loss (one batch): 0.00458
Val - Loss, MSE, RMSE, MAE, MAPE: 0.00585, 0.00585, 0.07652, 0.04329, 99.66%
Test - Best epoch, Loss, MSE, RMSE, MAE, MAPE: 6, 0.00680, 0.00680, 0.08244, 0.04105, 60.44%
Time spent: 6.45s
- Epoch 008, ExpID 35784
Train - Loss (one batch): 0.00290
Val - Loss, MSE, RMSE, MAE, MAPE: 0.00581, 0.00581, 0.07619, 0.04155, 121.72%
Test - Best epoch, Loss, MSE, RMSE, MAE, MAPE: 6, 0.00680, 0.00680, 0.08244, 0.04105, 60.44%
Time spent: 6.44s
- Epoch 009, ExpID 35784
Train - Loss (one batch): 0.00507
Val - Loss, MSE, RMSE, MAE, MAPE: 0.00519, 0.00519, 0.07206, 0.03904, 84.98%
Test - Best epoch, Loss, MSE, RMSE, MAE, MAPE: 9, 0.00662, 0.00662, 0.08138, 0.03924, 75.63%
Time spent: 7.33s
- Epoch 010, ExpID 35784
Train - Loss (one batch): 0.00507
Val - Loss, MSE, RMSE, MAE, MAPE: 0.00563, 0.00563, 0.07506, 0.04332, 133.11%
Test - Best epoch, Loss, MSE, RMSE, MAE, MAPE: 9, 0.00662, 0.00662, 0.08138, 0.03924, 75.63%
Time spent: 6.45s
- Epoch 011, ExpID 35784
Train - Loss (one batch): 0.00402
Val - Loss, MSE, RMSE, MAE, MAPE: 0.00520, 0.00520, 0.07208, 0.03890, 99.70%
Test - Best epoch, Loss, MSE, RMSE, MAE, MAPE: 9, 0.00662, 0.00662, 0.08138, 0.03924, 75.63%
Time spent: 6.46s
- Epoch 012, ExpID 35784
Train - Loss (one batch): 0.00289
Val - Loss, MSE, RMSE, MAE, MAPE: 0.00507, 0.00507, 0.07123, 0.03757, 86.37%
Test - Best epoch, Loss, MSE, RMSE, MAE, MAPE: 12, 0.00645, 0.00645, 0.08031, 0.03780, 76.58%
Time spent: 7.35s
- Epoch 013, ExpID 35784
Train - Loss (one batch): 0.00713
Val - Loss, MSE, RMSE, MAE, MAPE: 0.00501, 0.00501, 0.07081, 0.03899, 117.01%
Test - Best epoch, Loss, MSE, RMSE, MAE, MAPE: 13, 0.00646, 0.00646, 0.08036, 0.03898, 107.24%
Time spent: 7.35s
- Epoch 014, ExpID 35784
Train - Loss (one batch): 0.00624
Val - Loss, MSE, RMSE, MAE, MAPE: 0.00532, 0.00532, 0.07297, 0.04132, 123.12%
Test - Best epoch, Loss, MSE, RMSE, MAE, MAPE: 13, 0.00646, 0.00646, 0.08036, 0.03898, 107.24%
Time spent: 6.46s
- Epoch 015, ExpID 35784
Train - Loss (one batch): 0.00499
Val - Loss, MSE, RMSE, MAE, MAPE: 0.00555, 0.00555, 0.07450, 0.04031, 75.51%
Test - Best epoch, Loss, MSE, RMSE, MAE, MAPE: 13, 0.00646, 0.00646, 0.08036, 0.03898, 107.24%
Time spent: 6.45s
- Epoch 016, ExpID 35784
Train - Loss (one batch): 0.00664
Val - Loss, MSE, RMSE, MAE, MAPE: 0.00511, 0.00511, 0.07147, 0.03852, 119.96%
Test - Best epoch, Loss, MSE, RMSE, MAE, MAPE: 13, 0.00646, 0.00646, 0.08036, 0.03898, 107.24%
Time spent: 6.45s
- Epoch 017, ExpID 35784
Train - Loss (one batch): 0.00660
Val - Loss, MSE, RMSE, MAE, MAPE: 0.00636, 0.00636, 0.07974, 0.04732, 180.77%
Test - Best epoch, Loss, MSE, RMSE, MAE, MAPE: 13, 0.00646, 0.00646, 0.08036, 0.03898, 107.24%
Time spent: 6.45s
- Epoch 018, ExpID 35784
Train - Loss (one batch): 0.00330
Val - Loss, MSE, RMSE, MAE, MAPE: 0.00519, 0.00519, 0.07205, 0.03959, 102.12%
Test - Best epoch, Loss, MSE, RMSE, MAE, MAPE: 13, 0.00646, 0.00646, 0.08036, 0.03898, 107.24%
Time spent: 6.45s
- Epoch 019, ExpID 35784
Train - Loss (one batch): 0.00325
Val - Loss, MSE, RMSE, MAE, MAPE: 0.00533, 0.00533, 0.07303, 0.04016, 104.10%
Test - Best epoch, Loss, MSE, RMSE, MAE, MAPE: 13, 0.00646, 0.00646, 0.08036, 0.03898, 107.24%
Time spent: 6.44s
- Epoch 020, ExpID 35784
Train - Loss (one batch): 0.00580
Val - Loss, MSE, RMSE, MAE, MAPE: 0.00503, 0.00503, 0.07093, 0.03738, 61.47%
Test - Best epoch, Loss, MSE, RMSE, MAE, MAPE: 13, 0.00646, 0.00646, 0.08036, 0.03898, 107.24%
Time spent: 6.45s
- Epoch 021, ExpID 35784
Train - Loss (one batch): 0.00411
Val - Loss, MSE, RMSE, MAE, MAPE: 0.00509, 0.00509, 0.07135, 0.03834, 78.69%
Test - Best epoch, Loss, MSE, RMSE, MAE, MAPE: 13, 0.00646, 0.00646, 0.08036, 0.03898, 107.24%
Time spent: 6.45s
- Epoch 022, ExpID 35784
Train - Loss (one batch): 0.00314
Val - Loss, MSE, RMSE, MAE, MAPE: 0.00539, 0.00539, 0.07345, 0.03979, 64.12%
Test - Best epoch, Loss, MSE, RMSE, MAE, MAPE: 13, 0.00646, 0.00646, 0.08036, 0.03898, 107.24%
Time spent: 6.43s
- Epoch 023, ExpID 35784
Train - Loss (one batch): 0.00472
Val - Loss, MSE, RMSE, MAE, MAPE: 0.00534, 0.00534, 0.07311, 0.04162, 124.90%
Test - Best epoch, Loss, MSE, RMSE, MAE, MAPE: 13, 0.00646, 0.00646, 0.08036, 0.03898, 107.24%
Time spent: 6.44s
- Epoch 024, ExpID 35784
Train - Loss (one batch): 0.00674
Val - Loss, MSE, RMSE, MAE, MAPE: 0.00508, 0.00508, 0.07127, 0.03833, 96.18%
Test - Best epoch, Loss, MSE, RMSE, MAE, MAPE: 13, 0.00646, 0.00646, 0.08036, 0.03898, 107.24%
Time spent: 6.44s
- Epoch 025, ExpID 35784
Train - Loss (one batch): 0.00570
Val - Loss, MSE, RMSE, MAE, MAPE: 0.00509, 0.00509, 0.07137, 0.04037, 125.59%
Test - Best epoch, Loss, MSE, RMSE, MAE, MAPE: 13, 0.00646, 0.00646, 0.08036, 0.03898, 107.24%
Time spent: 6.43s
- Epoch 026, ExpID 35784
Train - Loss (one batch): 0.00512
Val - Loss, MSE, RMSE, MAE, MAPE: 0.00531, 0.00531, 0.07285, 0.03901, 93.63%
Test - Best epoch, Loss, MSE, RMSE, MAE, MAPE: 13, 0.00646, 0.00646, 0.08036, 0.03898, 107.24%
Time spent: 6.44s
- Epoch 027, ExpID 35784
Train - Loss (one batch): 0.00334
Val - Loss, MSE, RMSE, MAE, MAPE: 0.00504, 0.00504, 0.07100, 0.03790, 81.69%
Test - Best epoch, Loss, MSE, RMSE, MAE, MAPE: 13, 0.00646, 0.00646, 0.08036, 0.03898, 107.24%
Time spent: 6.45s
- Epoch 028, ExpID 35784
Train - Loss (one batch): 0.00351
Val - Loss, MSE, RMSE, MAE, MAPE: 0.00541, 0.00541, 0.07355, 0.03957, 69.49%
Test - Best epoch, Loss, MSE, RMSE, MAE, MAPE: 13, 0.00646, 0.00646, 0.08036, 0.03898, 107.24%
Time spent: 6.45s
- Epoch 029, ExpID 35784
Train - Loss (one batch): 0.00432
Val - Loss, MSE, RMSE, MAE, MAPE: 0.00513, 0.00513, 0.07163, 0.03811, 95.36%
Test - Best epoch, Loss, MSE, RMSE, MAE, MAPE: 13, 0.00646, 0.00646, 0.08036, 0.03898, 107.24%
Time spent: 6.46s
- Epoch 030, ExpID 35784
Train - Loss (one batch): 0.00379
Val - Loss, MSE, RMSE, MAE, MAPE: 0.00550, 0.00550, 0.07416, 0.03916, 66.62%
Test - Best epoch, Loss, MSE, RMSE, MAE, MAPE: 13, 0.00646, 0.00646, 0.08036, 0.03898, 107.24%
Time spent: 6.45s
- Epoch 031, ExpID 35784
Train - Loss (one batch): 0.00485
Val - Loss, MSE, RMSE, MAE, MAPE: 0.00538, 0.00538, 0.07335, 0.04125, 151.41%
Test - Best epoch, Loss, MSE, RMSE, MAE, MAPE: 13, 0.00646, 0.00646, 0.08036, 0.03898, 107.24%
Time spent: 6.45s
- Epoch 032, ExpID 35784
Train - Loss (one batch): 0.00438
Val - Loss, MSE, RMSE, MAE, MAPE: 0.00496, 0.00496, 0.07045, 0.03727, 79.61%
Test - Best epoch, Loss, MSE, RMSE, MAE, MAPE: 32, 0.00647, 0.00647, 0.08044, 0.03743, 71.55%
Time spent: 7.34s
- Epoch 033, ExpID 35784
Train - Loss (one batch): 0.00363
Val - Loss, MSE, RMSE, MAE, MAPE: 0.00527, 0.00527, 0.07260, 0.03873, 58.29%
Test - Best epoch, Loss, MSE, RMSE, MAE, MAPE: 32, 0.00647, 0.00647, 0.08044, 0.03743, 71.55%
Time spent: 6.44s
- Epoch 034, ExpID 35784
Train - Loss (one batch): 0.00569
Val - Loss, MSE, RMSE, MAE, MAPE: 0.00534, 0.00534, 0.07306, 0.04035, 93.82%
Test - Best epoch, Loss, MSE, RMSE, MAE, MAPE: 32, 0.00647, 0.00647, 0.08044, 0.03743, 71.55%
Time spent: 6.43s
- Epoch 035, ExpID 35784
Train - Loss (one batch): 0.00660
Val - Loss, MSE, RMSE, MAE, MAPE: 0.00536, 0.00536, 0.07323, 0.04147, 77.65%
Test - Best epoch, Loss, MSE, RMSE, MAE, MAPE: 32, 0.00647, 0.00647, 0.08044, 0.03743, 71.55%
Time spent: 6.43s
- Epoch 036, ExpID 35784
Train - Loss (one batch): 0.00484
Val - Loss, MSE, RMSE, MAE, MAPE: 0.00507, 0.00507, 0.07119, 0.03669, 70.41%
Test - Best epoch, Loss, MSE, RMSE, MAE, MAPE: 32, 0.00647, 0.00647, 0.08044, 0.03743, 71.55%
Time spent: 6.43s
- Epoch 037, ExpID 35784
Train - Loss (one batch): 0.00556
Val - Loss, MSE, RMSE, MAE, MAPE: 0.00553, 0.00553, 0.07434, 0.04009, 88.31%
Test - Best epoch, Loss, MSE, RMSE, MAE, MAPE: 32, 0.00647, 0.00647, 0.08044, 0.03743, 71.55%
Time spent: 6.42s
- Epoch 038, ExpID 35784
Train - Loss (one batch): 0.00453
Val - Loss, MSE, RMSE, MAE, MAPE: 0.00507, 0.00507, 0.07117, 0.03811, 88.82%
Test - Best epoch, Loss, MSE, RMSE, MAE, MAPE: 32, 0.00647, 0.00647, 0.08044, 0.03743, 71.55%
Time spent: 6.45s
- Epoch 039, ExpID 35784
Train - Loss (one batch): 0.00361
Val - Loss, MSE, RMSE, MAE, MAPE: 0.00542, 0.00542, 0.07364, 0.04026, 58.94%
Test - Best epoch, Loss, MSE, RMSE, MAE, MAPE: 32, 0.00647, 0.00647, 0.08044, 0.03743, 71.55%
Time spent: 6.44s
- Epoch 040, ExpID 35784
Train - Loss (one batch): 0.00392
Val - Loss, MSE, RMSE, MAE, MAPE: 0.00512, 0.00512, 0.07153, 0.03884, 126.49%
Test - Best epoch, Loss, MSE, RMSE, MAE, MAPE: 32, 0.00647, 0.00647, 0.08044, 0.03743, 71.55%
Time spent: 6.44s
- Epoch 041, ExpID 35784
Train - Loss (one batch): 0.00349
Val - Loss, MSE, RMSE, MAE, MAPE: 0.00564, 0.00564, 0.07512, 0.03865, 77.31%
Test - Best epoch, Loss, MSE, RMSE, MAE, MAPE: 32, 0.00647, 0.00647, 0.08044, 0.03743, 71.55%
Time spent: 6.45s
- Epoch 042, ExpID 35784
Train - Loss (one batch): 0.00397
Val - Loss, MSE, RMSE, MAE, MAPE: 0.00534, 0.00534, 0.07308, 0.04073, 98.09%
Test - Best epoch, Loss, MSE, RMSE, MAE, MAPE: 32, 0.00647, 0.00647, 0.08044, 0.03743, 71.55%
Time spent: 6.44s
- Epoch 043, ExpID 35784
Train - Loss (one batch): 0.00286
Val - Loss, MSE, RMSE, MAE, MAPE: 0.00500, 0.00500, 0.07071, 0.03685, 65.60%
Test - Best epoch, Loss, MSE, RMSE, MAE, MAPE: 32, 0.00647, 0.00647, 0.08044, 0.03743, 71.55%
Time spent: 6.45s
- Epoch 044, ExpID 35784
Train - Loss (one batch): 0.00430
Val - Loss, MSE, RMSE, MAE, MAPE: 0.00494, 0.00494, 0.07028, 0.03705, 91.29%
Test - Best epoch, Loss, MSE, RMSE, MAE, MAPE: 44, 0.00664, 0.00664, 0.08150, 0.03748, 79.80%
Time spent: 7.35s
- Epoch 045, ExpID 35784
Train - Loss (one batch): 0.00523
Val - Loss, MSE, RMSE, MAE, MAPE: 0.00514, 0.00514, 0.07168, 0.03800, 76.79%
Test - Best epoch, Loss, MSE, RMSE, MAE, MAPE: 44, 0.00664, 0.00664, 0.08150, 0.03748, 79.80%
Time spent: 6.44s
- Epoch 046, ExpID 35784
Train - Loss (one batch): 0.00455
Val - Loss, MSE, RMSE, MAE, MAPE: 0.00586, 0.00586, 0.07652, 0.04374, 58.25%
Test - Best epoch, Loss, MSE, RMSE, MAE, MAPE: 44, 0.00664, 0.00664, 0.08150, 0.03748, 79.80%
Time spent: 6.45s
- Epoch 047, ExpID 35784
Train - Loss (one batch): 0.00478
Val - Loss, MSE, RMSE, MAE, MAPE: 0.00508, 0.00508, 0.07124, 0.03711, 58.91%
Test - Best epoch, Loss, MSE, RMSE, MAE, MAPE: 44, 0.00664, 0.00664, 0.08150, 0.03748, 79.80%
Time spent: 6.45s
- Epoch 048, ExpID 35784
Train - Loss (one batch): 0.00245
Val - Loss, MSE, RMSE, MAE, MAPE: 0.00535, 0.00535, 0.07315, 0.03816, 52.95%
Test - Best epoch, Loss, MSE, RMSE, MAE, MAPE: 44, 0.00664, 0.00664, 0.08150, 0.03748, 79.80%
Time spent: 6.45s
- Epoch 049, ExpID 35784
Train - Loss (one batch): 0.00523
Val - Loss, MSE, RMSE, MAE, MAPE: 0.00548, 0.00548, 0.07400, 0.03906, 85.69%
Test - Best epoch, Loss, MSE, RMSE, MAE, MAPE: 44, 0.00664, 0.00664, 0.08150, 0.03748, 79.80%
Time spent: 6.44s
- Epoch 050, ExpID 35784
Train - Loss (one batch): 0.00363
Val - Loss, MSE, RMSE, MAE, MAPE: 0.00523, 0.00523, 0.07232, 0.03834, 115.51%
Test - Best epoch, Loss, MSE, RMSE, MAE, MAPE: 44, 0.00664, 0.00664, 0.08150, 0.03748, 79.80%
Time spent: 6.45s
- Epoch 051, ExpID 35784
Train - Loss (one batch): 0.00429
Val - Loss, MSE, RMSE, MAE, MAPE: 0.00551, 0.00551, 0.07421, 0.03864, 109.12%
Test - Best epoch, Loss, MSE, RMSE, MAE, MAPE: 44, 0.00664, 0.00664, 0.08150, 0.03748, 79.80%
Time spent: 6.45s
- Epoch 052, ExpID 35784
Train - Loss (one batch): 0.00439
Val - Loss, MSE, RMSE, MAE, MAPE: 0.00520, 0.00520, 0.07214, 0.03893, 54.78%
Test - Best epoch, Loss, MSE, RMSE, MAE, MAPE: 44, 0.00664, 0.00664, 0.08150, 0.03748, 79.80%
Time spent: 6.44s
- Epoch 053, ExpID 35784
Train - Loss (one batch): 0.00364
Val - Loss, MSE, RMSE, MAE, MAPE: 0.00527, 0.00527, 0.07262, 0.03800, 60.55%
Test - Best epoch, Loss, MSE, RMSE, MAE, MAPE: 44, 0.00664, 0.00664, 0.08150, 0.03748, 79.80%
Time spent: 6.42s
- Epoch 054, ExpID 35784
Train - Loss (one batch): 0.00405
Val - Loss, MSE, RMSE, MAE, MAPE: 0.00561, 0.00561, 0.07493, 0.04028, 108.70%
Test - Best epoch, Loss, MSE, RMSE, MAE, MAPE: 44, 0.00664, 0.00664, 0.08150, 0.03748, 79.80%
Time spent: 6.44s
- Epoch 055, ExpID 35784
Train - Loss (one batch): 0.00315
Val - Loss, MSE, RMSE, MAE, MAPE: 0.00546, 0.00546, 0.07392, 0.03721, 69.10%
Test - Best epoch, Loss, MSE, RMSE, MAE, MAPE: 44, 0.00664, 0.00664, 0.08150, 0.03748, 79.80%
Time spent: 6.43s
- Epoch 056, ExpID 35784
Train - Loss (one batch): 0.00369
Val - Loss, MSE, RMSE, MAE, MAPE: 0.00528, 0.00528, 0.07264, 0.03822, 78.30%
Test - Best epoch, Loss, MSE, RMSE, MAE, MAPE: 44, 0.00664, 0.00664, 0.08150, 0.03748, 79.80%
Time spent: 6.42s
- Epoch 057, ExpID 35784
Train - Loss (one batch): 0.00310
Val - Loss, MSE, RMSE, MAE, MAPE: 0.00536, 0.00536, 0.07323, 0.03826, 81.12%
Test - Best epoch, Loss, MSE, RMSE, MAE, MAPE: 44, 0.00664, 0.00664, 0.08150, 0.03748, 79.80%
Time spent: 6.44s
- Epoch 058, ExpID 35784
Train - Loss (one batch): 0.00589
Val - Loss, MSE, RMSE, MAE, MAPE: 0.00546, 0.00546, 0.07388, 0.03794, 99.79%
Test - Best epoch, Loss, MSE, RMSE, MAE, MAPE: 44, 0.00664, 0.00664, 0.08150, 0.03748, 79.80%
Time spent: 6.45s
- Epoch 059, ExpID 35784
Train - Loss (one batch): 0.00401
Val - Loss, MSE, RMSE, MAE, MAPE: 0.00557, 0.00557, 0.07461, 0.03680, 73.21%
Test - Best epoch, Loss, MSE, RMSE, MAE, MAPE: 44, 0.00664, 0.00664, 0.08150, 0.03748, 79.80%
Time spent: 6.45s
- Epoch 060, ExpID 35784
Train - Loss (one batch): 0.00296
Val - Loss, MSE, RMSE, MAE, MAPE: 0.00539, 0.00539, 0.07340, 0.03735, 74.72%
Test - Best epoch, Loss, MSE, RMSE, MAE, MAPE: 44, 0.00664, 0.00664, 0.08150, 0.03748, 79.80%
Time spent: 6.45s
- Epoch 061, ExpID 35784
Train - Loss (one batch): 0.00433
Val - Loss, MSE, RMSE, MAE, MAPE: 0.00552, 0.00552, 0.07431, 0.03822, 67.00%
Test - Best epoch, Loss, MSE, RMSE, MAE, MAPE: 44, 0.00664, 0.00664, 0.08150, 0.03748, 79.80%
Time spent: 6.45s
- Epoch 062, ExpID 35784
Train - Loss (one batch): 0.00335
Val - Loss, MSE, RMSE, MAE, MAPE: 0.00559, 0.00559, 0.07477, 0.04020, 71.55%
Test - Best epoch, Loss, MSE, RMSE, MAE, MAPE: 44, 0.00664, 0.00664, 0.08150, 0.03748, 79.80%
Time spent: 6.46s
- Epoch 063, ExpID 35784
Train - Loss (one batch): 0.00559
Val - Loss, MSE, RMSE, MAE, MAPE: 0.00596, 0.00596, 0.07721, 0.03832, 90.07%
Test - Best epoch, Loss, MSE, RMSE, MAE, MAPE: 44, 0.00664, 0.00664, 0.08150, 0.03748, 79.80%
Time spent: 6.45s
- Epoch 064, ExpID 35784
Train - Loss (one batch): 0.00369
Val - Loss, MSE, RMSE, MAE, MAPE: 0.00557, 0.00557, 0.07466, 0.03719, 76.18%
Test - Best epoch, Loss, MSE, RMSE, MAE, MAPE: 44, 0.00664, 0.00664, 0.08150, 0.03748, 79.80%
Time spent: 6.44s
- Epoch 065, ExpID 35784
Train - Loss (one batch): 0.00457
Val - Loss, MSE, RMSE, MAE, MAPE: 0.00554, 0.00554, 0.07444, 0.03732, 70.37%
Test - Best epoch, Loss, MSE, RMSE, MAE, MAPE: 44, 0.00664, 0.00664, 0.08150, 0.03748, 79.80%
Time spent: 6.45s
- Epoch 066, ExpID 35784
Train - Loss (one batch): 0.00403
Val - Loss, MSE, RMSE, MAE, MAPE: 0.00551, 0.00551, 0.07421, 0.03740, 78.49%
Test - Best epoch, Loss, MSE, RMSE, MAE, MAPE: 44, 0.00664, 0.00664, 0.08150, 0.03748, 79.80%
Time spent: 6.45s
- Epoch 067, ExpID 35784
Train - Loss (one batch): 0.00314
Val - Loss, MSE, RMSE, MAE, MAPE: 0.00545, 0.00545, 0.07385, 0.03780, 78.19%
Test - Best epoch, Loss, MSE, RMSE, MAE, MAPE: 44, 0.00664, 0.00664, 0.08150, 0.03748, 79.80%
Time spent: 6.45s
- Epoch 068, ExpID 35784
Train - Loss (one batch): 0.00271
Val - Loss, MSE, RMSE, MAE, MAPE: 0.00638, 0.00638, 0.07986, 0.03961, 69.76%
Test - Best epoch, Loss, MSE, RMSE, MAE, MAPE: 44, 0.00664, 0.00664, 0.08150, 0.03748, 79.80%
Time spent: 6.45s
- Epoch 069, ExpID 35784
Train - Loss (one batch): 0.00437
Val - Loss, MSE, RMSE, MAE, MAPE: 0.00569, 0.00569, 0.07543, 0.03844, 93.10%
Test - Best epoch, Loss, MSE, RMSE, MAE, MAPE: 44, 0.00664, 0.00664, 0.08150, 0.03748, 79.80%
Time spent: 6.46s
/home/ouass/Test/MSP-IMTS/tPatchGNN/run_models.py
2026-03-09 15:23:57
run_models.py --dataset physionet --history 24 --quantization 1.0 --hid_dim 64 --te_dim 10 --node_dim 10 --nlayer 1 --tf_layer 1 --nhead 1 --batch_size 32 --lr 1e-3 --patience 25 --epoch 600 --seed 5 --gpu 0 --metric per_dim --multi_scales 4,8 --multi_strides 4,8 --fusion gated_feat_wconcat
Namespace(multi_scales='4,8', multi_strides='4,8', fusion='gated_feat_wconcat', state='def', n=100000000, hop=1, nhead=1, tf_layer=1, nlayer=1, epoch=600, patience=25, history=24, patch_size=24, stride=24, logmode='a', lr=0.001, w_decay=0.0, batch_size=32, save='experiments/', load=None, seed=5, dataset='physionet', quantization=1.0, model='tPatchGNN', outlayer='Linear', hid_dim=64, te_dim=10, node_dim=10, gpu='0', metric='per_dim', npatch=1, device=device(type='cuda'), PID=179893, ndim=41)
- Epoch 000, ExpID 77263
Train - Loss (one batch): 0.00574
Val - Loss, MSE, RMSE, MAE, MAPE: 0.00893, 0.00893, 0.09451, 0.05763, 195.31%
Test - Best epoch, Loss, MSE, RMSE, MAE, MAPE: 0, 0.01050, 0.01050, 0.10246, 0.05927, 158.71%
Time spent: 7.40s
- Epoch 001, ExpID 77263
Train - Loss (one batch): 0.00585
Val - Loss, MSE, RMSE, MAE, MAPE: 0.00649, 0.00649, 0.08054, 0.04697, 115.17%
Test - Best epoch, Loss, MSE, RMSE, MAE, MAPE: 1, 0.00780, 0.00780, 0.08833, 0.04649, 97.50%
Time spent: 7.37s
- Epoch 002, ExpID 77263
Train - Loss (one batch): 0.00612
Val - Loss, MSE, RMSE, MAE, MAPE: 0.00583, 0.00583, 0.07637, 0.04397, 145.36%
Test - Best epoch, Loss, MSE, RMSE, MAE, MAPE: 2, 0.00706, 0.00706, 0.08402, 0.04343, 118.39%
Time spent: 7.36s
- Epoch 003, ExpID 77263
Train - Loss (one batch): 0.00347
Val - Loss, MSE, RMSE, MAE, MAPE: 0.00610, 0.00610, 0.07807, 0.04566, 77.54%
Test - Best epoch, Loss, MSE, RMSE, MAE, MAPE: 2, 0.00706, 0.00706, 0.08402, 0.04343, 118.39%
Time spent: 6.46s
- Epoch 004, ExpID 77263
Train - Loss (one batch): 0.01138
Val - Loss, MSE, RMSE, MAE, MAPE: 0.00618, 0.00618, 0.07860, 0.04789, 223.54%
Test - Best epoch, Loss, MSE, RMSE, MAE, MAPE: 2, 0.00706, 0.00706, 0.08402, 0.04343, 118.39%
Time spent: 6.46s
- Epoch 005, ExpID 77263
Train - Loss (one batch): 0.00381
Val - Loss, MSE, RMSE, MAE, MAPE: 0.00553, 0.00553, 0.07434, 0.04059, 79.38%
Test - Best epoch, Loss, MSE, RMSE, MAE, MAPE: 5, 0.00686, 0.00686, 0.08283, 0.04082, 66.31%
Time spent: 7.36s
- Epoch 006, ExpID 77263
Train - Loss (one batch): 0.00744
Val - Loss, MSE, RMSE, MAE, MAPE: 0.00567, 0.00567, 0.07531, 0.04350, 64.22%
Test - Best epoch, Loss, MSE, RMSE, MAE, MAPE: 5, 0.00686, 0.00686, 0.08283, 0.04082, 66.31%
Time spent: 6.44s
- Epoch 007, ExpID 77263
Train - Loss (one batch): 0.00481
Val - Loss, MSE, RMSE, MAE, MAPE: 0.00603, 0.00603, 0.07767, 0.04616, 119.26%
Test - Best epoch, Loss, MSE, RMSE, MAE, MAPE: 5, 0.00686, 0.00686, 0.08283, 0.04082, 66.31%
Time spent: 6.44s
- Epoch 008, ExpID 77263
Train - Loss (one batch): 0.00338
Val - Loss, MSE, RMSE, MAE, MAPE: 0.00691, 0.00691, 0.08312, 0.04890, 92.46%
Test - Best epoch, Loss, MSE, RMSE, MAE, MAPE: 5, 0.00686, 0.00686, 0.08283, 0.04082, 66.31%
Time spent: 6.44s
- Epoch 009, ExpID 77263
Train - Loss (one batch): 0.00528
Val - Loss, MSE, RMSE, MAE, MAPE: 0.00609, 0.00609, 0.07805, 0.04718, 110.96%
Test - Best epoch, Loss, MSE, RMSE, MAE, MAPE: 5, 0.00686, 0.00686, 0.08283, 0.04082, 66.31%
Time spent: 6.45s
- Epoch 010, ExpID 77263
Train - Loss (one batch): 0.00673
Val - Loss, MSE, RMSE, MAE, MAPE: 0.00536, 0.00536, 0.07324, 0.03994, 95.56%
Test - Best epoch, Loss, MSE, RMSE, MAE, MAPE: 10, 0.00664, 0.00664, 0.08148, 0.03984, 81.99%
Time spent: 7.36s
- Epoch 011, ExpID 77263
Train - Loss (one batch): 0.00524
Val - Loss, MSE, RMSE, MAE, MAPE: 0.00559, 0.00559, 0.07478, 0.04057, 72.31%
Test - Best epoch, Loss, MSE, RMSE, MAE, MAPE: 10, 0.00664, 0.00664, 0.08148, 0.03984, 81.99%
Time spent: 6.43s
- Epoch 012, ExpID 77263
Train - Loss (one batch): 0.00376
Val - Loss, MSE, RMSE, MAE, MAPE: 0.00533, 0.00533, 0.07299, 0.04032, 109.58%
Test - Best epoch, Loss, MSE, RMSE, MAE, MAPE: 12, 0.00660, 0.00660, 0.08124, 0.04049, 95.85%
Time spent: 7.36s
- Epoch 013, ExpID 77263
Train - Loss (one batch): 0.00500
Val - Loss, MSE, RMSE, MAE, MAPE: 0.00578, 0.00578, 0.07605, 0.04344, 103.80%
Test - Best epoch, Loss, MSE, RMSE, MAE, MAPE: 12, 0.00660, 0.00660, 0.08124, 0.04049, 95.85%
Time spent: 6.46s
- Epoch 014, ExpID 77263
Train - Loss (one batch): 0.00415
Val - Loss, MSE, RMSE, MAE, MAPE: 0.00537, 0.00537, 0.07329, 0.04005, 57.75%
Test - Best epoch, Loss, MSE, RMSE, MAE, MAPE: 12, 0.00660, 0.00660, 0.08124, 0.04049, 95.85%
Time spent: 6.46s
- Epoch 015, ExpID 77263
Train - Loss (one batch): 0.00644
Val - Loss, MSE, RMSE, MAE, MAPE: 0.00569, 0.00569, 0.07540, 0.04261, 81.58%
Test - Best epoch, Loss, MSE, RMSE, MAE, MAPE: 12, 0.00660, 0.00660, 0.08124, 0.04049, 95.85%
Time spent: 6.45s
- Epoch 016, ExpID 77263
Train - Loss (one batch): 0.00356
Val - Loss, MSE, RMSE, MAE, MAPE: 0.00601, 0.00601, 0.07750, 0.04589, 84.46%
Test - Best epoch, Loss, MSE, RMSE, MAE, MAPE: 12, 0.00660, 0.00660, 0.08124, 0.04049, 95.85%
Time spent: 6.45s
- Epoch 017, ExpID 77263
Train - Loss (one batch): 0.00524
Val - Loss, MSE, RMSE, MAE, MAPE: 0.00558, 0.00558, 0.07471, 0.04190, 92.35%
Test - Best epoch, Loss, MSE, RMSE, MAE, MAPE: 12, 0.00660, 0.00660, 0.08124, 0.04049, 95.85%
Time spent: 6.45s
- Epoch 018, ExpID 77263
Train - Loss (one batch): 0.00428
Val - Loss, MSE, RMSE, MAE, MAPE: 0.00519, 0.00519, 0.07202, 0.03846, 83.53%
Test - Best epoch, Loss, MSE, RMSE, MAE, MAPE: 18, 0.00642, 0.00642, 0.08010, 0.03846, 70.79%
Time spent: 7.34s
- Epoch 019, ExpID 77263
Train - Loss (one batch): 0.00650
Val - Loss, MSE, RMSE, MAE, MAPE: 0.00556, 0.00556, 0.07454, 0.04129, 99.11%
Test - Best epoch, Loss, MSE, RMSE, MAE, MAPE: 18, 0.00642, 0.00642, 0.08010, 0.03846, 70.79%
Time spent: 6.46s
- Epoch 020, ExpID 77263
Train - Loss (one batch): 0.00620
Val - Loss, MSE, RMSE, MAE, MAPE: 0.00549, 0.00549, 0.07408, 0.04320, 145.64%
Test - Best epoch, Loss, MSE, RMSE, MAE, MAPE: 18, 0.00642, 0.00642, 0.08010, 0.03846, 70.79%
Time spent: 6.44s
- Epoch 021, ExpID 77263
Train - Loss (one batch): 0.00273
Val - Loss, MSE, RMSE, MAE, MAPE: 0.00518, 0.00518, 0.07195, 0.03821, 62.15%
Test - Best epoch, Loss, MSE, RMSE, MAE, MAPE: 21, 0.00644, 0.00644, 0.08024, 0.03847, 50.99%
Time spent: 7.33s
- Epoch 022, ExpID 77263
Train - Loss (one batch): 0.00487
Val - Loss, MSE, RMSE, MAE, MAPE: 0.00528, 0.00528, 0.07268, 0.03917, 67.48%
Test - Best epoch, Loss, MSE, RMSE, MAE, MAPE: 21, 0.00644, 0.00644, 0.08024, 0.03847, 50.99%
Time spent: 6.44s
- Epoch 023, ExpID 77263
Train - Loss (one batch): 0.00956
Val - Loss, MSE, RMSE, MAE, MAPE: 0.00551, 0.00551, 0.07425, 0.04114, 108.21%
Test - Best epoch, Loss, MSE, RMSE, MAE, MAPE: 21, 0.00644, 0.00644, 0.08024, 0.03847, 50.99%
Time spent: 6.45s
- Epoch 024, ExpID 77263
Train - Loss (one batch): 0.00658
Val - Loss, MSE, RMSE, MAE, MAPE: 0.00617, 0.00617, 0.07855, 0.04635, 106.86%
Test - Best epoch, Loss, MSE, RMSE, MAE, MAPE: 21, 0.00644, 0.00644, 0.08024, 0.03847, 50.99%
Time spent: 6.47s
- Epoch 025, ExpID 77263
Train - Loss (one batch): 0.00361
Val - Loss, MSE, RMSE, MAE, MAPE: 0.00525, 0.00525, 0.07246, 0.04118, 99.11%
Test - Best epoch, Loss, MSE, RMSE, MAE, MAPE: 21, 0.00644, 0.00644, 0.08024, 0.03847, 50.99%
Time spent: 6.46s
- Epoch 026, ExpID 77263
Train - Loss (one batch): 0.00276
Val - Loss, MSE, RMSE, MAE, MAPE: 0.00541, 0.00541, 0.07357, 0.04005, 79.29%
Test - Best epoch, Loss, MSE, RMSE, MAE, MAPE: 21, 0.00644, 0.00644, 0.08024, 0.03847, 50.99%
Time spent: 6.46s
- Epoch 027, ExpID 77263
Train - Loss (one batch): 0.00543
Val - Loss, MSE, RMSE, MAE, MAPE: 0.00501, 0.00501, 0.07075, 0.03733, 111.40%
Test - Best epoch, Loss, MSE, RMSE, MAE, MAPE: 27, 0.00643, 0.00643, 0.08019, 0.03785, 96.11%
Time spent: 7.36s
- Epoch 028, ExpID 77263
Train - Loss (one batch): 0.00539
Val - Loss, MSE, RMSE, MAE, MAPE: 0.00530, 0.00530, 0.07277, 0.03922, 109.40%
Test - Best epoch, Loss, MSE, RMSE, MAE, MAPE: 27, 0.00643, 0.00643, 0.08019, 0.03785, 96.11%
Time spent: 6.45s
- Epoch 029, ExpID 77263
Train - Loss (one batch): 0.00469
Val - Loss, MSE, RMSE, MAE, MAPE: 0.00536, 0.00536, 0.07321, 0.04225, 135.05%
Test - Best epoch, Loss, MSE, RMSE, MAE, MAPE: 27, 0.00643, 0.00643, 0.08019, 0.03785, 96.11%
Time spent: 6.44s
- Epoch 030, ExpID 77263
Train - Loss (one batch): 0.00361
Val - Loss, MSE, RMSE, MAE, MAPE: 0.00543, 0.00543, 0.07367, 0.04169, 127.96%
Test - Best epoch, Loss, MSE, RMSE, MAE, MAPE: 27, 0.00643, 0.00643, 0.08019, 0.03785, 96.11%
Time spent: 6.44s
- Epoch 031, ExpID 77263
Train - Loss (one batch): 0.00409
Val - Loss, MSE, RMSE, MAE, MAPE: 0.00507, 0.00507, 0.07121, 0.03915, 120.55%
Test - Best epoch, Loss, MSE, RMSE, MAE, MAPE: 27, 0.00643, 0.00643, 0.08019, 0.03785, 96.11%
Time spent: 6.45s
- Epoch 032, ExpID 77263
Train - Loss (one batch): 0.00554
Val - Loss, MSE, RMSE, MAE, MAPE: 0.00545, 0.00545, 0.07383, 0.04018, 58.01%
Test - Best epoch, Loss, MSE, RMSE, MAE, MAPE: 27, 0.00643, 0.00643, 0.08019, 0.03785, 96.11%
Time spent: 6.45s
- Epoch 033, ExpID 77263
Train - Loss (one batch): 0.00332
Val - Loss, MSE, RMSE, MAE, MAPE: 0.00532, 0.00532, 0.07294, 0.04064, 83.00%
Test - Best epoch, Loss, MSE, RMSE, MAE, MAPE: 27, 0.00643, 0.00643, 0.08019, 0.03785, 96.11%
Time spent: 6.44s
- Epoch 034, ExpID 77263
Train - Loss (one batch): 0.00295
Val - Loss, MSE, RMSE, MAE, MAPE: 0.00520, 0.00520, 0.07208, 0.03893, 99.89%
Test - Best epoch, Loss, MSE, RMSE, MAE, MAPE: 27, 0.00643, 0.00643, 0.08019, 0.03785, 96.11%
Time spent: 6.45s
- Epoch 035, ExpID 77263
Train - Loss (one batch): 0.00384
Val - Loss, MSE, RMSE, MAE, MAPE: 0.00515, 0.00515, 0.07175, 0.03887, 103.37%
Test - Best epoch, Loss, MSE, RMSE, MAE, MAPE: 27, 0.00643, 0.00643, 0.08019, 0.03785, 96.11%
Time spent: 6.45s
- Epoch 036, ExpID 77263
Train - Loss (one batch): 0.00403
Val - Loss, MSE, RMSE, MAE, MAPE: 0.00519, 0.00519, 0.07206, 0.04031, 119.25%
Test - Best epoch, Loss, MSE, RMSE, MAE, MAPE: 27, 0.00643, 0.00643, 0.08019, 0.03785, 96.11%
Time spent: 6.46s
- Epoch 037, ExpID 77263
Train - Loss (one batch): 0.00408
Val - Loss, MSE, RMSE, MAE, MAPE: 0.00545, 0.00545, 0.07381, 0.04149, 71.79%
Test - Best epoch, Loss, MSE, RMSE, MAE, MAPE: 27, 0.00643, 0.00643, 0.08019, 0.03785, 96.11%
Time spent: 6.46s
- Epoch 038, ExpID 77263
Train - Loss (one batch): 0.00326
Val - Loss, MSE, RMSE, MAE, MAPE: 0.00512, 0.00512, 0.07152, 0.03762, 94.36%
Test - Best epoch, Loss, MSE, RMSE, MAE, MAPE: 27, 0.00643, 0.00643, 0.08019, 0.03785, 96.11%
Time spent: 6.46s
- Epoch 039, ExpID 77263
Train - Loss (one batch): 0.00358
Val - Loss, MSE, RMSE, MAE, MAPE: 0.00539, 0.00539, 0.07339, 0.04134, 78.43%
Test - Best epoch, Loss, MSE, RMSE, MAE, MAPE: 27, 0.00643, 0.00643, 0.08019, 0.03785, 96.11%
Time spent: 6.45s
- Epoch 040, ExpID 77263
Train - Loss (one batch): 0.00363
Val - Loss, MSE, RMSE, MAE, MAPE: 0.00516, 0.00516, 0.07182, 0.03848, 113.82%
Test - Best epoch, Loss, MSE, RMSE, MAE, MAPE: 27, 0.00643, 0.00643, 0.08019, 0.03785, 96.11%
Time spent: 6.45s
- Epoch 041, ExpID 77263
Train - Loss (one batch): 0.00332
Val - Loss, MSE, RMSE, MAE, MAPE: 0.00519, 0.00519, 0.07207, 0.03909, 81.53%
Test - Best epoch, Loss, MSE, RMSE, MAE, MAPE: 27, 0.00643, 0.00643, 0.08019, 0.03785, 96.11%
Time spent: 6.43s
- Epoch 042, ExpID 77263
Train - Loss (one batch): 0.00370
Val - Loss, MSE, RMSE, MAE, MAPE: 0.00504, 0.00504, 0.07101, 0.03737, 63.36%
Test - Best epoch, Loss, MSE, RMSE, MAE, MAPE: 27, 0.00643, 0.00643, 0.08019, 0.03785, 96.11%
Time spent: 6.45s
- Epoch 043, ExpID 77263
Train - Loss (one batch): 0.00434
Val - Loss, MSE, RMSE, MAE, MAPE: 0.00521, 0.00521, 0.07217, 0.04053, 107.53%
Test - Best epoch, Loss, MSE, RMSE, MAE, MAPE: 27, 0.00643, 0.00643, 0.08019, 0.03785, 96.11%
Time spent: 6.49s
- Epoch 044, ExpID 77263
Train - Loss (one batch): 0.00361
Val - Loss, MSE, RMSE, MAE, MAPE: 0.00500, 0.00500, 0.07068, 0.03790, 97.42%
Test - Best epoch, Loss, MSE, RMSE, MAE, MAPE: 44, 0.00629, 0.00629, 0.07929, 0.03775, 80.56%
Time spent: 7.36s
- Epoch 045, ExpID 77263
Train - Loss (one batch): 0.00414
Val - Loss, MSE, RMSE, MAE, MAPE: 0.00506, 0.00506, 0.07111, 0.03908, 141.74%
Test - Best epoch, Loss, MSE, RMSE, MAE, MAPE: 44, 0.00629, 0.00629, 0.07929, 0.03775, 80.56%
Time spent: 6.46s
- Epoch 046, ExpID 77263
Train - Loss (one batch): 0.00329
Val - Loss, MSE, RMSE, MAE, MAPE: 0.00500, 0.00500, 0.07071, 0.03794, 103.42%
Test - Best epoch, Loss, MSE, RMSE, MAE, MAPE: 44, 0.00629, 0.00629, 0.07929, 0.03775, 80.56%
Time spent: 6.46s
- Epoch 047, ExpID 77263
Train - Loss (one batch): 0.00349
Val - Loss, MSE, RMSE, MAE, MAPE: 0.00519, 0.00519, 0.07203, 0.03795, 69.41%
Test - Best epoch, Loss, MSE, RMSE, MAE, MAPE: 44, 0.00629, 0.00629, 0.07929, 0.03775, 80.56%
Time spent: 6.46s
- Epoch 048, ExpID 77263
Train - Loss (one batch): 0.00389
Val - Loss, MSE, RMSE, MAE, MAPE: 0.00495, 0.00495, 0.07037, 0.03732, 93.02%
Test - Best epoch, Loss, MSE, RMSE, MAE, MAPE: 48, 0.00625, 0.00625, 0.07907, 0.03760, 77.29%
Time spent: 7.36s
- Epoch 049, ExpID 77263
Train - Loss (one batch): 0.00521
Val - Loss, MSE, RMSE, MAE, MAPE: 0.00515, 0.00515, 0.07174, 0.03794, 100.26%
Test - Best epoch, Loss, MSE, RMSE, MAE, MAPE: 48, 0.00625, 0.00625, 0.07907, 0.03760, 77.29%
Time spent: 6.45s
- Epoch 050, ExpID 77263
Train - Loss (one batch): 0.00468
Val - Loss, MSE, RMSE, MAE, MAPE: 0.00508, 0.00508, 0.07127, 0.03813, 82.40%
Test - Best epoch, Loss, MSE, RMSE, MAE, MAPE: 48, 0.00625, 0.00625, 0.07907, 0.03760, 77.29%
Time spent: 6.44s
- Epoch 051, ExpID 77263
Train - Loss (one batch): 0.00561
Val - Loss, MSE, RMSE, MAE, MAPE: 0.00500, 0.00500, 0.07071, 0.03848, 102.48%
Test - Best epoch, Loss, MSE, RMSE, MAE, MAPE: 48, 0.00625, 0.00625, 0.07907, 0.03760, 77.29%
Time spent: 6.45s
- Epoch 052, ExpID 77263
Train - Loss (one batch): 0.00408
Val - Loss, MSE, RMSE, MAE, MAPE: 0.00556, 0.00556, 0.07459, 0.04164, 91.08%
Test - Best epoch, Loss, MSE, RMSE, MAE, MAPE: 48, 0.00625, 0.00625, 0.07907, 0.03760, 77.29%
Time spent: 6.46s
- Epoch 053, ExpID 77263
Train - Loss (one batch): 0.00616
Val - Loss, MSE, RMSE, MAE, MAPE: 0.00513, 0.00513, 0.07166, 0.03836, 84.33%
Test - Best epoch, Loss, MSE, RMSE, MAE, MAPE: 48, 0.00625, 0.00625, 0.07907, 0.03760, 77.29%
Time spent: 6.45s
- Epoch 054, ExpID 77263
Train - Loss (one batch): 0.00339
Val - Loss, MSE, RMSE, MAE, MAPE: 0.00511, 0.00511, 0.07145, 0.03909, 84.76%
Test - Best epoch, Loss, MSE, RMSE, MAE, MAPE: 48, 0.00625, 0.00625, 0.07907, 0.03760, 77.29%
Time spent: 6.46s
- Epoch 055, ExpID 77263
Train - Loss (one batch): 0.00358
Val - Loss, MSE, RMSE, MAE, MAPE: 0.00526, 0.00526, 0.07253, 0.03966, 104.22%
Test - Best epoch, Loss, MSE, RMSE, MAE, MAPE: 48, 0.00625, 0.00625, 0.07907, 0.03760, 77.29%
Time spent: 6.45s
- Epoch 056, ExpID 77263
Train - Loss (one batch): 0.00431
Val - Loss, MSE, RMSE, MAE, MAPE: 0.00526, 0.00526, 0.07251, 0.04056, 96.30%
Test - Best epoch, Loss, MSE, RMSE, MAE, MAPE: 48, 0.00625, 0.00625, 0.07907, 0.03760, 77.29%
Time spent: 6.46s
- Epoch 057, ExpID 77263
Train - Loss (one batch): 0.00376
Val - Loss, MSE, RMSE, MAE, MAPE: 0.00518, 0.00518, 0.07197, 0.03912, 116.57%
Test - Best epoch, Loss, MSE, RMSE, MAE, MAPE: 48, 0.00625, 0.00625, 0.07907, 0.03760, 77.29%
Time spent: 6.45s
- Epoch 058, ExpID 77263
Train - Loss (one batch): 0.00758
Val - Loss, MSE, RMSE, MAE, MAPE: 0.00495, 0.00495, 0.07033, 0.03717, 82.12%
Test - Best epoch, Loss, MSE, RMSE, MAE, MAPE: 58, 0.00627, 0.00627, 0.07918, 0.03736, 70.30%
Time spent: 7.37s
- Epoch 059, ExpID 77263
Train - Loss (one batch): 0.00418
Val - Loss, MSE, RMSE, MAE, MAPE: 0.00490, 0.00490, 0.07001, 0.03683, 75.02%
Test - Best epoch, Loss, MSE, RMSE, MAE, MAPE: 59, 0.00621, 0.00621, 0.07880, 0.03689, 61.41%
Time spent: 7.35s
- Epoch 060, ExpID 77263
Train - Loss (one batch): 0.00402
Val - Loss, MSE, RMSE, MAE, MAPE: 0.00506, 0.00506, 0.07115, 0.03863, 95.27%
Test - Best epoch, Loss, MSE, RMSE, MAE, MAPE: 59, 0.00621, 0.00621, 0.07880, 0.03689, 61.41%
Time spent: 6.46s
- Epoch 061, ExpID 77263
Train - Loss (one batch): 0.00373
Val - Loss, MSE, RMSE, MAE, MAPE: 0.00509, 0.00509, 0.07132, 0.03830, 99.68%
Test - Best epoch, Loss, MSE, RMSE, MAE, MAPE: 59, 0.00621, 0.00621, 0.07880, 0.03689, 61.41%
Time spent: 6.46s
- Epoch 062, ExpID 77263
Train - Loss (one batch): 0.00462
Val - Loss, MSE, RMSE, MAE, MAPE: 0.00512, 0.00512, 0.07155, 0.03763, 90.59%
Test - Best epoch, Loss, MSE, RMSE, MAE, MAPE: 59, 0.00621, 0.00621, 0.07880, 0.03689, 61.41%
Time spent: 6.46s
- Epoch 063, ExpID 77263
Train - Loss (one batch): 0.00362
Val - Loss, MSE, RMSE, MAE, MAPE: 0.00492, 0.00492, 0.07014, 0.03690, 89.51%
Test - Best epoch, Loss, MSE, RMSE, MAE, MAPE: 59, 0.00621, 0.00621, 0.07880, 0.03689, 61.41%
Time spent: 6.45s
- Epoch 064, ExpID 77263
Train - Loss (one batch): 0.00488
Val - Loss, MSE, RMSE, MAE, MAPE: 0.00554, 0.00554, 0.07445, 0.04202, 87.60%
Test - Best epoch, Loss, MSE, RMSE, MAE, MAPE: 59, 0.00621, 0.00621, 0.07880, 0.03689, 61.41%
Time spent: 6.46s
- Epoch 065, ExpID 77263
Train - Loss (one batch): 0.00453
Val - Loss, MSE, RMSE, MAE, MAPE: 0.00513, 0.00513, 0.07164, 0.03817, 82.66%
Test - Best epoch, Loss, MSE, RMSE, MAE, MAPE: 59, 0.00621, 0.00621, 0.07880, 0.03689, 61.41%
Time spent: 6.45s
- Epoch 066, ExpID 77263
Train - Loss (one batch): 0.00311
Val - Loss, MSE, RMSE, MAE, MAPE: 0.00536, 0.00536, 0.07321, 0.04065, 120.16%
Test - Best epoch, Loss, MSE, RMSE, MAE, MAPE: 59, 0.00621, 0.00621, 0.07880, 0.03689, 61.41%
Time spent: 6.46s
- Epoch 067, ExpID 77263
Train - Loss (one batch): 0.00448
Val - Loss, MSE, RMSE, MAE, MAPE: 0.00490, 0.00490, 0.06999, 0.03771, 92.68%
Test - Best epoch, Loss, MSE, RMSE, MAE, MAPE: 67, 0.00621, 0.00621, 0.07883, 0.03768, 79.11%
Time spent: 7.35s
- Epoch 068, ExpID 77263
Train - Loss (one batch): 0.00263
Val - Loss, MSE, RMSE, MAE, MAPE: 0.00504, 0.00504, 0.07101, 0.03754, 92.95%
Test - Best epoch, Loss, MSE, RMSE, MAE, MAPE: 67, 0.00621, 0.00621, 0.07883, 0.03768, 79.11%
Time spent: 6.44s
- Epoch 069, ExpID 77263
Train - Loss (one batch): 0.00327
Val - Loss, MSE, RMSE, MAE, MAPE: 0.00543, 0.00543, 0.07367, 0.04017, 127.00%
Test - Best epoch, Loss, MSE, RMSE, MAE, MAPE: 67, 0.00621, 0.00621, 0.07883, 0.03768, 79.11%
Time spent: 6.45s
- Epoch 070, ExpID 77263
Train - Loss (one batch): 0.00665
Val - Loss, MSE, RMSE, MAE, MAPE: 0.00565, 0.00565, 0.07515, 0.04096, 128.45%
Test - Best epoch, Loss, MSE, RMSE, MAE, MAPE: 67, 0.00621, 0.00621, 0.07883, 0.03768, 79.11%
Time spent: 6.46s
- Epoch 071, ExpID 77263
Train - Loss (one batch): 0.00315
Val - Loss, MSE, RMSE, MAE, MAPE: 0.00520, 0.00520, 0.07212, 0.03967, 106.39%
Test - Best epoch, Loss, MSE, RMSE, MAE, MAPE: 67, 0.00621, 0.00621, 0.07883, 0.03768, 79.11%
Time spent: 6.46s
- Epoch 072, ExpID 77263
Train - Loss (one batch): 0.00892
Val - Loss, MSE, RMSE, MAE, MAPE: 0.00507, 0.00507, 0.07123, 0.03748, 70.18%
Test - Best epoch, Loss, MSE, RMSE, MAE, MAPE: 67, 0.00621, 0.00621, 0.07883, 0.03768, 79.11%
Time spent: 6.46s
- Epoch 073, ExpID 77263
Train - Loss (one batch): 0.00524
Val - Loss, MSE, RMSE, MAE, MAPE: 0.00541, 0.00541, 0.07353, 0.04198, 147.18%
Test - Best epoch, Loss, MSE, RMSE, MAE, MAPE: 67, 0.00621, 0.00621, 0.07883, 0.03768, 79.11%
Time spent: 6.46s
- Epoch 074, ExpID 77263
Train - Loss (one batch): 0.00325
Val - Loss, MSE, RMSE, MAE, MAPE: 0.00496, 0.00496, 0.07045, 0.03757, 113.81%
Test - Best epoch, Loss, MSE, RMSE, MAE, MAPE: 67, 0.00621, 0.00621, 0.07883, 0.03768, 79.11%
Time spent: 6.45s
- Epoch 075, ExpID 77263
Train - Loss (one batch): 0.00533
Val - Loss, MSE, RMSE, MAE, MAPE: 0.00541, 0.00541, 0.07357, 0.04051, 101.57%
Test - Best epoch, Loss, MSE, RMSE, MAE, MAPE: 67, 0.00621, 0.00621, 0.07883, 0.03768, 79.11%
Time spent: 6.47s
- Epoch 076, ExpID 77263
Train - Loss (one batch): 0.00417
Val - Loss, MSE, RMSE, MAE, MAPE: 0.00538, 0.00538, 0.07332, 0.03896, 81.74%
Test - Best epoch, Loss, MSE, RMSE, MAE, MAPE: 67, 0.00621, 0.00621, 0.07883, 0.03768, 79.11%
Time spent: 6.46s
- Epoch 077, ExpID 77263
Train - Loss (one batch): 0.00423
Val - Loss, MSE, RMSE, MAE, MAPE: 0.00515, 0.00515, 0.07175, 0.03774, 76.69%
Test - Best epoch, Loss, MSE, RMSE, MAE, MAPE: 67, 0.00621, 0.00621, 0.07883, 0.03768, 79.11%
Time spent: 6.45s
- Epoch 078, ExpID 77263
Train - Loss (one batch): 0.00417
Val - Loss, MSE, RMSE, MAE, MAPE: 0.00508, 0.00508, 0.07127, 0.03787, 76.69%
Test - Best epoch, Loss, MSE, RMSE, MAE, MAPE: 67, 0.00621, 0.00621, 0.07883, 0.03768, 79.11%
Time spent: 6.46s
- Epoch 079, ExpID 77263
Train - Loss (one batch): 0.00416
Val - Loss, MSE, RMSE, MAE, MAPE: 0.00508, 0.00508, 0.07126, 0.03801, 106.45%
Test - Best epoch, Loss, MSE, RMSE, MAE, MAPE: 67, 0.00621, 0.00621, 0.07883, 0.03768, 79.11%
Time spent: 6.46s
- Epoch 080, ExpID 77263
Train - Loss (one batch): 0.00416
Val - Loss, MSE, RMSE, MAE, MAPE: 0.00512, 0.00512, 0.07152, 0.03830, 96.76%
Test - Best epoch, Loss, MSE, RMSE, MAE, MAPE: 67, 0.00621, 0.00621, 0.07883, 0.03768, 79.11%
Time spent: 6.46s
- Epoch 081, ExpID 77263
Train - Loss (one batch): 0.00369
Val - Loss, MSE, RMSE, MAE, MAPE: 0.00527, 0.00527, 0.07259, 0.03883, 101.70%
Test - Best epoch, Loss, MSE, RMSE, MAE, MAPE: 67, 0.00621, 0.00621, 0.07883, 0.03768, 79.11%
Time spent: 6.47s
- Epoch 082, ExpID 77263
Train - Loss (one batch): 0.00432
Val - Loss, MSE, RMSE, MAE, MAPE: 0.00542, 0.00542, 0.07361, 0.04021, 99.96%
Test - Best epoch, Loss, MSE, RMSE, MAE, MAPE: 67, 0.00621, 0.00621, 0.07883, 0.03768, 79.11%
Time spent: 6.46s
- Epoch 083, ExpID 77263
Train - Loss (one batch): 0.00438
Val - Loss, MSE, RMSE, MAE, MAPE: 0.00501, 0.00501, 0.07076, 0.03807, 120.51%
Test - Best epoch, Loss, MSE, RMSE, MAE, MAPE: 67, 0.00621, 0.00621, 0.07883, 0.03768, 79.11%
Time spent: 6.46s
- Epoch 084, ExpID 77263
Train - Loss (one batch): 0.00451
Val - Loss, MSE, RMSE, MAE, MAPE: 0.00547, 0.00547, 0.07398, 0.04034, 112.05%
Test - Best epoch, Loss, MSE, RMSE, MAE, MAPE: 67, 0.00621, 0.00621, 0.07883, 0.03768, 79.11%
Time spent: 6.46s
- Epoch 085, ExpID 77263
Train - Loss (one batch): 0.00531
Val - Loss, MSE, RMSE, MAE, MAPE: 0.00503, 0.00503, 0.07096, 0.03801, 93.88%
Test - Best epoch, Loss, MSE, RMSE, MAE, MAPE: 67, 0.00621, 0.00621, 0.07883, 0.03768, 79.11%
Time spent: 6.46s
- Epoch 086, ExpID 77263
Train - Loss (one batch): 0.00389
Val - Loss, MSE, RMSE, MAE, MAPE: 0.00490, 0.00490, 0.06999, 0.03646, 79.62%
Test - Best epoch, Loss, MSE, RMSE, MAE, MAPE: 67, 0.00621, 0.00621, 0.07883, 0.03768, 79.11%
Time spent: 6.45s
- Epoch 087, ExpID 77263
Train - Loss (one batch): 0.00565
Val - Loss, MSE, RMSE, MAE, MAPE: 0.00487, 0.00487, 0.06980, 0.03701, 74.71%
Test - Best epoch, Loss, MSE, RMSE, MAE, MAPE: 87, 0.00603, 0.00603, 0.07764, 0.03656, 58.94%
Time spent: 7.36s
- Epoch 088, ExpID 77263
Train - Loss (one batch): 0.00378
Val - Loss, MSE, RMSE, MAE, MAPE: 0.00513, 0.00513, 0.07160, 0.03897, 105.47%
Test - Best epoch, Loss, MSE, RMSE, MAE, MAPE: 87, 0.00603, 0.00603, 0.07764, 0.03656, 58.94%
Time spent: 6.47s
- Epoch 089, ExpID 77263
Train - Loss (one batch): 0.00293
Val - Loss, MSE, RMSE, MAE, MAPE: 0.00507, 0.00507, 0.07124, 0.03799, 64.22%
Test - Best epoch, Loss, MSE, RMSE, MAE, MAPE: 87, 0.00603, 0.00603, 0.07764, 0.03656, 58.94%
Time spent: 6.46s
- Epoch 090, ExpID 77263
Train - Loss (one batch): 0.00387
Val - Loss, MSE, RMSE, MAE, MAPE: 0.00495, 0.00495, 0.07035, 0.03842, 117.17%
Test - Best epoch, Loss, MSE, RMSE, MAE, MAPE: 87, 0.00603, 0.00603, 0.07764, 0.03656, 58.94%
Time spent: 6.45s
- Epoch 091, ExpID 77263
Train - Loss (one batch): 0.00392
Val - Loss, MSE, RMSE, MAE, MAPE: 0.00541, 0.00541, 0.07354, 0.03960, 107.56%
Test - Best epoch, Loss, MSE, RMSE, MAE, MAPE: 87, 0.00603, 0.00603, 0.07764, 0.03656, 58.94%
Time spent: 6.45s
- Epoch 092, ExpID 77263
Train - Loss (one batch): 0.00277
Val - Loss, MSE, RMSE, MAE, MAPE: 0.00510, 0.00510, 0.07141, 0.03803, 97.21%
Test - Best epoch, Loss, MSE, RMSE, MAE, MAPE: 87, 0.00603, 0.00603, 0.07764, 0.03656, 58.94%
Time spent: 6.45s
- Epoch 093, ExpID 77263
Train - Loss (one batch): 0.00384
Val - Loss, MSE, RMSE, MAE, MAPE: 0.00540, 0.00540, 0.07349, 0.03803, 83.49%
Test - Best epoch, Loss, MSE, RMSE, MAE, MAPE: 87, 0.00603, 0.00603, 0.07764, 0.03656, 58.94%
Time spent: 6.45s
- Epoch 094, ExpID 77263
Train - Loss (one batch): 0.00398
Val - Loss, MSE, RMSE, MAE, MAPE: 0.00499, 0.00499, 0.07064, 0.03655, 75.07%
Test - Best epoch, Loss, MSE, RMSE, MAE, MAPE: 87, 0.00603, 0.00603, 0.07764, 0.03656, 58.94%
Time spent: 6.46s
- Epoch 095, ExpID 77263
Train - Loss (one batch): 0.00287
Val - Loss, MSE, RMSE, MAE, MAPE: 0.00549, 0.00549, 0.07407, 0.04039, 132.92%
Test - Best epoch, Loss, MSE, RMSE, MAE, MAPE: 87, 0.00603, 0.00603, 0.07764, 0.03656, 58.94%
Time spent: 6.47s
- Epoch 096, ExpID 77263
Train - Loss (one batch): 0.00472
Val - Loss, MSE, RMSE, MAE, MAPE: 0.00522, 0.00522, 0.07223, 0.03853, 111.99%
Test - Best epoch, Loss, MSE, RMSE, MAE, MAPE: 87, 0.00603, 0.00603, 0.07764, 0.03656, 58.94%
Time spent: 6.46s
- Epoch 097, ExpID 77263
Train - Loss (one batch): 0.00352
Val - Loss, MSE, RMSE, MAE, MAPE: 0.00538, 0.00538, 0.07332, 0.04185, 98.11%
Test - Best epoch, Loss, MSE, RMSE, MAE, MAPE: 87, 0.00603, 0.00603, 0.07764, 0.03656, 58.94%
Time spent: 6.47s
- Epoch 098, ExpID 77263
Train - Loss (one batch): 0.00478
Val - Loss, MSE, RMSE, MAE, MAPE: 0.00504, 0.00504, 0.07102, 0.03798, 93.65%
Test - Best epoch, Loss, MSE, RMSE, MAE, MAPE: 87, 0.00603, 0.00603, 0.07764, 0.03656, 58.94%
Time spent: 6.45s
- Epoch 099, ExpID 77263
Train - Loss (one batch): 0.00313
Val - Loss, MSE, RMSE, MAE, MAPE: 0.00518, 0.00518, 0.07196, 0.03853, 85.19%
Test - Best epoch, Loss, MSE, RMSE, MAE, MAPE: 87, 0.00603, 0.00603, 0.07764, 0.03656, 58.94%
Time spent: 6.45s
- Epoch 100, ExpID 77263
Train - Loss (one batch): 0.00625
Val - Loss, MSE, RMSE, MAE, MAPE: 0.00509, 0.00509, 0.07134, 0.03785, 102.40%
Test - Best epoch, Loss, MSE, RMSE, MAE, MAPE: 87, 0.00603, 0.00603, 0.07764, 0.03656, 58.94%
Time spent: 6.44s
- Epoch 101, ExpID 77263
Train - Loss (one batch): 0.00400
Val - Loss, MSE, RMSE, MAE, MAPE: 0.00507, 0.00507, 0.07124, 0.03757, 92.61%
Test - Best epoch, Loss, MSE, RMSE, MAE, MAPE: 87, 0.00603, 0.00603, 0.07764, 0.03656, 58.94%
Time spent: 6.45s
- Epoch 102, ExpID 77263
Train - Loss (one batch): 0.00366
Val - Loss, MSE, RMSE, MAE, MAPE: 0.00495, 0.00495, 0.07037, 0.03662, 80.86%
Test - Best epoch, Loss, MSE, RMSE, MAE, MAPE: 87, 0.00603, 0.00603, 0.07764, 0.03656, 58.94%
Time spent: 6.45s
- Epoch 103, ExpID 77263
Train - Loss (one batch): 0.00539
Val - Loss, MSE, RMSE, MAE, MAPE: 0.00518, 0.00518, 0.07199, 0.03793, 108.61%
Test - Best epoch, Loss, MSE, RMSE, MAE, MAPE: 87, 0.00603, 0.00603, 0.07764, 0.03656, 58.94%
Time spent: 6.46s
- Epoch 104, ExpID 77263
Train - Loss (one batch): 0.00332
Val - Loss, MSE, RMSE, MAE, MAPE: 0.00541, 0.00541, 0.07357, 0.04100, 103.98%
Test - Best epoch, Loss, MSE, RMSE, MAE, MAPE: 87, 0.00603, 0.00603, 0.07764, 0.03656, 58.94%
Time spent: 6.46s
- Epoch 105, ExpID 77263
Train - Loss (one batch): 0.00382
Val - Loss, MSE, RMSE, MAE, MAPE: 0.00550, 0.00550, 0.07416, 0.03990, 97.79%
Test - Best epoch, Loss, MSE, RMSE, MAE, MAPE: 87, 0.00603, 0.00603, 0.07764, 0.03656, 58.94%
Time spent: 6.44s
- Epoch 106, ExpID 77263
Train - Loss (one batch): 0.00279
Val - Loss, MSE, RMSE, MAE, MAPE: 0.00560, 0.00560, 0.07486, 0.03837, 84.85%
Test - Best epoch, Loss, MSE, RMSE, MAE, MAPE: 87, 0.00603, 0.00603, 0.07764, 0.03656, 58.94%
Time spent: 6.44s
- Epoch 107, ExpID 77263
Train - Loss (one batch): 0.00444
Val - Loss, MSE, RMSE, MAE, MAPE: 0.00542, 0.00542, 0.07360, 0.03759, 83.40%
Test - Best epoch, Loss, MSE, RMSE, MAE, MAPE: 87, 0.00603, 0.00603, 0.07764, 0.03656, 58.94%
Time spent: 6.45s
- Epoch 108, ExpID 77263
Train - Loss (one batch): 0.00415
Val - Loss, MSE, RMSE, MAE, MAPE: 0.00528, 0.00528, 0.07269, 0.03765, 89.29%
Test - Best epoch, Loss, MSE, RMSE, MAE, MAPE: 87, 0.00603, 0.00603, 0.07764, 0.03656, 58.94%
Time spent: 6.46s
- Epoch 109, ExpID 77263
Train - Loss (one batch): 0.00724
Val - Loss, MSE, RMSE, MAE, MAPE: 0.00557, 0.00557, 0.07464, 0.03924, 107.50%
Test - Best epoch, Loss, MSE, RMSE, MAE, MAPE: 87, 0.00603, 0.00603, 0.07764, 0.03656, 58.94%
Time spent: 6.45s
- Epoch 110, ExpID 77263
Train - Loss (one batch): 0.00407
Val - Loss, MSE, RMSE, MAE, MAPE: 0.00517, 0.00517, 0.07187, 0.03902, 87.82%
Test - Best epoch, Loss, MSE, RMSE, MAE, MAPE: 87, 0.00603, 0.00603, 0.07764, 0.03656, 58.94%
Time spent: 6.46s
- Epoch 111, ExpID 77263
Train - Loss (one batch): 0.00281
Val - Loss, MSE, RMSE, MAE, MAPE: 0.00512, 0.00512, 0.07158, 0.03702, 73.98%
Test - Best epoch, Loss, MSE, RMSE, MAE, MAPE: 87, 0.00603, 0.00603, 0.07764, 0.03656, 58.94%
Time spent: 6.44s
- Epoch 112, ExpID 77263
Train - Loss (one batch): 0.00435
Val - Loss, MSE, RMSE, MAE, MAPE: 0.00584, 0.00584, 0.07641, 0.04033, 105.70%
Test - Best epoch, Loss, MSE, RMSE, MAE, MAPE: 87, 0.00603, 0.00603, 0.07764, 0.03656, 58.94%
Time spent: 6.43s
