/home/ouass/Test/MSP-IMTS/tPatchGNN/run_models.py
2026-03-09 03:01:48
run_models.py --dataset physionet --history 24 --quantization 1.0 --hid_dim 64 --te_dim 10 --node_dim 10 --nlayer 1 --tf_layer 1 --nhead 1 --batch_size 32 --lr 1e-3 --patience 25 --epoch 600 --seed 1 --gpu 0 --metric global --multi_scales 4,8,12 --multi_strides 4,8,12 --fusion gated
Namespace(multi_scales='4,8,12', multi_strides='4,8,12', fusion='gated', state='def', n=100000000, hop=1, nhead=1, tf_layer=1, nlayer=1, epoch=600, patience=25, history=24, patch_size=24, stride=24, logmode='a', lr=0.001, w_decay=0.0, batch_size=32, save='experiments/', load=None, seed=1, dataset='physionet', quantization=1.0, model='tPatchGNN', outlayer='Linear', hid_dim=64, te_dim=10, node_dim=10, gpu='0', metric='global', npatch=1, device=device(type='cuda'), PID=1964745, ndim=41)
- Epoch 000, ExpID 69068
Train - Loss (one batch): 0.00405
Val - Loss, MSE, RMSE, MAE, MAPE: 0.00497, 0.00497, 0.07047, 0.04412, 68.55%
Test - Best epoch, Loss, MSE, RMSE, MAE, MAPE: 0, 0.00535, 0.00535, 0.07316, 0.04418, 65.63%
Time spent: 10.10s
- Epoch 001, ExpID 69068
Train - Loss (one batch): 0.00336
Val - Loss, MSE, RMSE, MAE, MAPE: 0.00477, 0.00477, 0.06903, 0.04275, 53.01%
Test - Best epoch, Loss, MSE, RMSE, MAE, MAPE: 1, 0.00515, 0.00515, 0.07174, 0.04280, 50.52%
Time spent: 10.05s
- Epoch 002, ExpID 69068
Train - Loss (one batch): 0.00644
Val - Loss, MSE, RMSE, MAE, MAPE: 0.00431, 0.00431, 0.06562, 0.03665, 45.34%
Test - Best epoch, Loss, MSE, RMSE, MAE, MAPE: 2, 0.00468, 0.00468, 0.06841, 0.03667, 43.16%
Time spent: 10.05s
- Epoch 003, ExpID 69068
Train - Loss (one batch): 0.00606
Val - Loss, MSE, RMSE, MAE, MAPE: 0.00427, 0.00427, 0.06537, 0.03770, 29.55%
Test - Best epoch, Loss, MSE, RMSE, MAE, MAPE: 3, 0.00466, 0.00466, 0.06826, 0.03780, 27.89%
Time spent: 10.05s
- Epoch 004, ExpID 69068
Train - Loss (one batch): 0.00320
Val - Loss, MSE, RMSE, MAE, MAPE: 0.00454, 0.00454, 0.06735, 0.04054, 35.92%
Test - Best epoch, Loss, MSE, RMSE, MAE, MAPE: 3, 0.00466, 0.00466, 0.06826, 0.03780, 27.89%
Time spent: 8.84s
- Epoch 005, ExpID 69068
Train - Loss (one batch): 0.00486
Val - Loss, MSE, RMSE, MAE, MAPE: 0.00422, 0.00422, 0.06493, 0.03765, 37.01%
Test - Best epoch, Loss, MSE, RMSE, MAE, MAPE: 5, 0.00461, 0.00461, 0.06790, 0.03774, 35.36%
Time spent: 10.05s
- Epoch 006, ExpID 69068
Train - Loss (one batch): 0.00532
Val - Loss, MSE, RMSE, MAE, MAPE: 0.00426, 0.00426, 0.06530, 0.03831, 34.14%
Test - Best epoch, Loss, MSE, RMSE, MAE, MAPE: 5, 0.00461, 0.00461, 0.06790, 0.03774, 35.36%
Time spent: 8.84s
- Epoch 007, ExpID 69068
Train - Loss (one batch): 0.00373
Val - Loss, MSE, RMSE, MAE, MAPE: 0.00421, 0.00421, 0.06491, 0.03669, 32.82%
Test - Best epoch, Loss, MSE, RMSE, MAE, MAPE: 7, 0.00459, 0.00459, 0.06777, 0.03678, 31.08%
Time spent: 10.05s
- Epoch 008, ExpID 69068
Train - Loss (one batch): 0.00426
Val - Loss, MSE, RMSE, MAE, MAPE: 0.00460, 0.00460, 0.06782, 0.04127, 58.61%
Test - Best epoch, Loss, MSE, RMSE, MAE, MAPE: 7, 0.00459, 0.00459, 0.06777, 0.03678, 31.08%
Time spent: 8.83s
- Epoch 009, ExpID 69068
Train - Loss (one batch): 0.00341
Val - Loss, MSE, RMSE, MAE, MAPE: 0.00421, 0.00421, 0.06490, 0.03745, 27.52%
Test - Best epoch, Loss, MSE, RMSE, MAE, MAPE: 9, 0.00460, 0.00460, 0.06782, 0.03760, 25.69%
Time spent: 10.05s
- Epoch 010, ExpID 69068
Train - Loss (one batch): 0.00418
Val - Loss, MSE, RMSE, MAE, MAPE: 0.00418, 0.00418, 0.06462, 0.03600, 30.50%
Test - Best epoch, Loss, MSE, RMSE, MAE, MAPE: 10, 0.00456, 0.00456, 0.06755, 0.03608, 28.41%
Time spent: 10.05s
- Epoch 011, ExpID 69068
Train - Loss (one batch): 0.00390
Val - Loss, MSE, RMSE, MAE, MAPE: 0.00429, 0.00429, 0.06546, 0.03695, 25.75%
Test - Best epoch, Loss, MSE, RMSE, MAE, MAPE: 10, 0.00456, 0.00456, 0.06755, 0.03608, 28.41%
Time spent: 8.84s
- Epoch 012, ExpID 69068
Train - Loss (one batch): 0.00442
Val - Loss, MSE, RMSE, MAE, MAPE: 0.00426, 0.00426, 0.06524, 0.03863, 29.15%
Test - Best epoch, Loss, MSE, RMSE, MAE, MAPE: 10, 0.00456, 0.00456, 0.06755, 0.03608, 28.41%
Time spent: 8.85s
- Epoch 013, ExpID 69068
Train - Loss (one batch): 0.00297
Val - Loss, MSE, RMSE, MAE, MAPE: 0.00426, 0.00426, 0.06529, 0.03726, 27.98%
Test - Best epoch, Loss, MSE, RMSE, MAE, MAPE: 10, 0.00456, 0.00456, 0.06755, 0.03608, 28.41%
Time spent: 8.84s
- Epoch 014, ExpID 69068
Train - Loss (one batch): 0.00372
Val - Loss, MSE, RMSE, MAE, MAPE: 0.00405, 0.00405, 0.06361, 0.03539, 37.74%
Test - Best epoch, Loss, MSE, RMSE, MAE, MAPE: 14, 0.00442, 0.00442, 0.06652, 0.03541, 35.36%
Time spent: 10.05s
- Epoch 015, ExpID 69068
Train - Loss (one batch): 0.00420
Val - Loss, MSE, RMSE, MAE, MAPE: 0.00424, 0.00424, 0.06509, 0.03705, 25.25%
Test - Best epoch, Loss, MSE, RMSE, MAE, MAPE: 14, 0.00442, 0.00442, 0.06652, 0.03541, 35.36%
Time spent: 8.84s
- Epoch 016, ExpID 69068
Train - Loss (one batch): 0.00273
Val - Loss, MSE, RMSE, MAE, MAPE: 0.00403, 0.00403, 0.06351, 0.03478, 28.67%
Test - Best epoch, Loss, MSE, RMSE, MAE, MAPE: 16, 0.00438, 0.00438, 0.06622, 0.03476, 26.71%
Time spent: 10.04s
- Epoch 017, ExpID 69068
Train - Loss (one batch): 0.00340
Val - Loss, MSE, RMSE, MAE, MAPE: 0.00407, 0.00407, 0.06380, 0.03576, 29.76%
Test - Best epoch, Loss, MSE, RMSE, MAE, MAPE: 16, 0.00438, 0.00438, 0.06622, 0.03476, 26.71%
Time spent: 8.84s
- Epoch 018, ExpID 69068
Train - Loss (one batch): 0.00519
Val - Loss, MSE, RMSE, MAE, MAPE: 0.00410, 0.00410, 0.06406, 0.03578, 42.69%
Test - Best epoch, Loss, MSE, RMSE, MAE, MAPE: 16, 0.00438, 0.00438, 0.06622, 0.03476, 26.71%
Time spent: 8.84s
- Epoch 019, ExpID 69068
Train - Loss (one batch): 0.00426
Val - Loss, MSE, RMSE, MAE, MAPE: 0.00418, 0.00418, 0.06463, 0.03608, 37.95%
Test - Best epoch, Loss, MSE, RMSE, MAE, MAPE: 16, 0.00438, 0.00438, 0.06622, 0.03476, 26.71%
Time spent: 8.84s
- Epoch 020, ExpID 69068
Train - Loss (one batch): 0.00382
Val - Loss, MSE, RMSE, MAE, MAPE: 0.00403, 0.00403, 0.06351, 0.03535, 29.89%
Test - Best epoch, Loss, MSE, RMSE, MAE, MAPE: 20, 0.00437, 0.00437, 0.06610, 0.03533, 28.14%
Time spent: 10.05s
- Epoch 021, ExpID 69068
Train - Loss (one batch): 0.00277
Val - Loss, MSE, RMSE, MAE, MAPE: 0.00415, 0.00415, 0.06442, 0.03754, 35.21%
Test - Best epoch, Loss, MSE, RMSE, MAE, MAPE: 20, 0.00437, 0.00437, 0.06610, 0.03533, 28.14%
Time spent: 8.83s
- Epoch 022, ExpID 69068
Train - Loss (one batch): 0.00454
Val - Loss, MSE, RMSE, MAE, MAPE: 0.00414, 0.00414, 0.06431, 0.03686, 26.90%
Test - Best epoch, Loss, MSE, RMSE, MAE, MAPE: 20, 0.00437, 0.00437, 0.06610, 0.03533, 28.14%
Time spent: 8.84s
- Epoch 023, ExpID 69068
Train - Loss (one batch): 0.00374
Val - Loss, MSE, RMSE, MAE, MAPE: 0.00410, 0.00410, 0.06405, 0.03562, 27.98%
Test - Best epoch, Loss, MSE, RMSE, MAE, MAPE: 20, 0.00437, 0.00437, 0.06610, 0.03533, 28.14%
Time spent: 8.83s
- Epoch 024, ExpID 69068
Train - Loss (one batch): 0.00324
Val - Loss, MSE, RMSE, MAE, MAPE: 0.00402, 0.00402, 0.06341, 0.03603, 52.62%
Test - Best epoch, Loss, MSE, RMSE, MAE, MAPE: 24, 0.00437, 0.00437, 0.06607, 0.03608, 50.44%
Time spent: 10.06s
- Epoch 025, ExpID 69068
Train - Loss (one batch): 0.00325
Val - Loss, MSE, RMSE, MAE, MAPE: 0.00400, 0.00400, 0.06325, 0.03515, 29.85%
Test - Best epoch, Loss, MSE, RMSE, MAE, MAPE: 25, 0.00434, 0.00434, 0.06586, 0.03513, 28.21%
Time spent: 10.05s
- Epoch 026, ExpID 69068
Train - Loss (one batch): 0.00325
Val - Loss, MSE, RMSE, MAE, MAPE: 0.00411, 0.00411, 0.06408, 0.03620, 32.24%
Test - Best epoch, Loss, MSE, RMSE, MAE, MAPE: 25, 0.00434, 0.00434, 0.06586, 0.03513, 28.21%
Time spent: 8.84s
- Epoch 027, ExpID 69068
Train - Loss (one batch): 0.00434
Val - Loss, MSE, RMSE, MAE, MAPE: 0.00413, 0.00413, 0.06426, 0.03647, 26.46%
Test - Best epoch, Loss, MSE, RMSE, MAE, MAPE: 25, 0.00434, 0.00434, 0.06586, 0.03513, 28.21%
Time spent: 8.83s
- Epoch 028, ExpID 69068
Train - Loss (one batch): 0.00406
Val - Loss, MSE, RMSE, MAE, MAPE: 0.00401, 0.00401, 0.06336, 0.03587, 26.17%
Test - Best epoch, Loss, MSE, RMSE, MAE, MAPE: 25, 0.00434, 0.00434, 0.06586, 0.03513, 28.21%
Time spent: 8.84s
- Epoch 029, ExpID 69068
Train - Loss (one batch): 0.00398
Val - Loss, MSE, RMSE, MAE, MAPE: 0.00428, 0.00428, 0.06540, 0.03626, 24.29%
Test - Best epoch, Loss, MSE, RMSE, MAE, MAPE: 25, 0.00434, 0.00434, 0.06586, 0.03513, 28.21%
Time spent: 8.84s
- Epoch 030, ExpID 69068
Train - Loss (one batch): 0.00308
Val - Loss, MSE, RMSE, MAE, MAPE: 0.00408, 0.00408, 0.06387, 0.03727, 64.10%
Test - Best epoch, Loss, MSE, RMSE, MAE, MAPE: 25, 0.00434, 0.00434, 0.06586, 0.03513, 28.21%
Time spent: 8.84s
- Epoch 031, ExpID 69068
Train - Loss (one batch): 0.00325
Val - Loss, MSE, RMSE, MAE, MAPE: 0.00413, 0.00413, 0.06425, 0.03671, 31.34%
Test - Best epoch, Loss, MSE, RMSE, MAE, MAPE: 25, 0.00434, 0.00434, 0.06586, 0.03513, 28.21%
Time spent: 8.84s
- Epoch 032, ExpID 69068
Train - Loss (one batch): 0.00418
Val - Loss, MSE, RMSE, MAE, MAPE: 0.00458, 0.00458, 0.06767, 0.04007, 31.67%
Test - Best epoch, Loss, MSE, RMSE, MAE, MAPE: 25, 0.00434, 0.00434, 0.06586, 0.03513, 28.21%
Time spent: 8.84s
- Epoch 033, ExpID 69068
Train - Loss (one batch): 0.00435
Val - Loss, MSE, RMSE, MAE, MAPE: 0.00401, 0.00401, 0.06336, 0.03525, 34.21%
Test - Best epoch, Loss, MSE, RMSE, MAE, MAPE: 25, 0.00434, 0.00434, 0.06586, 0.03513, 28.21%
Time spent: 8.84s
- Epoch 034, ExpID 69068
Train - Loss (one batch): 0.00323
Val - Loss, MSE, RMSE, MAE, MAPE: 0.00413, 0.00413, 0.06425, 0.03668, 26.99%
Test - Best epoch, Loss, MSE, RMSE, MAE, MAPE: 25, 0.00434, 0.00434, 0.06586, 0.03513, 28.21%
Time spent: 8.84s
- Epoch 035, ExpID 69068
Train - Loss (one batch): 0.00264
Val - Loss, MSE, RMSE, MAE, MAPE: 0.00404, 0.00404, 0.06359, 0.03562, 27.12%
Test - Best epoch, Loss, MSE, RMSE, MAE, MAPE: 25, 0.00434, 0.00434, 0.06586, 0.03513, 28.21%
Time spent: 8.84s
- Epoch 036, ExpID 69068
Train - Loss (one batch): 0.00436
Val - Loss, MSE, RMSE, MAE, MAPE: 0.00403, 0.00403, 0.06345, 0.03593, 30.21%
Test - Best epoch, Loss, MSE, RMSE, MAE, MAPE: 25, 0.00434, 0.00434, 0.06586, 0.03513, 28.21%
Time spent: 8.83s
- Epoch 037, ExpID 69068
Train - Loss (one batch): 0.00299
Val - Loss, MSE, RMSE, MAE, MAPE: 0.00429, 0.00429, 0.06548, 0.04012, 54.46%
Test - Best epoch, Loss, MSE, RMSE, MAE, MAPE: 25, 0.00434, 0.00434, 0.06586, 0.03513, 28.21%
Time spent: 8.83s
- Epoch 038, ExpID 69068
Train - Loss (one batch): 0.00349
Val - Loss, MSE, RMSE, MAE, MAPE: 0.00415, 0.00415, 0.06439, 0.03690, 27.49%
Test - Best epoch, Loss, MSE, RMSE, MAE, MAPE: 25, 0.00434, 0.00434, 0.06586, 0.03513, 28.21%
Time spent: 8.83s
- Epoch 039, ExpID 69068
Train - Loss (one batch): 0.00403
Val - Loss, MSE, RMSE, MAE, MAPE: 0.00410, 0.00410, 0.06401, 0.03581, 33.24%
Test - Best epoch, Loss, MSE, RMSE, MAE, MAPE: 25, 0.00434, 0.00434, 0.06586, 0.03513, 28.21%
Time spent: 8.84s
- Epoch 040, ExpID 69068
Train - Loss (one batch): 0.00389
Val - Loss, MSE, RMSE, MAE, MAPE: 0.00404, 0.00404, 0.06354, 0.03523, 39.92%
Test - Best epoch, Loss, MSE, RMSE, MAE, MAPE: 25, 0.00434, 0.00434, 0.06586, 0.03513, 28.21%
Time spent: 8.84s
- Epoch 041, ExpID 69068
Train - Loss (one batch): 0.00472
Val - Loss, MSE, RMSE, MAE, MAPE: 0.00422, 0.00422, 0.06493, 0.03737, 33.70%
Test - Best epoch, Loss, MSE, RMSE, MAE, MAPE: 25, 0.00434, 0.00434, 0.06586, 0.03513, 28.21%
Time spent: 8.83s
- Epoch 042, ExpID 69068
Train - Loss (one batch): 0.00410
Val - Loss, MSE, RMSE, MAE, MAPE: 0.00394, 0.00394, 0.06273, 0.03496, 35.82%
Test - Best epoch, Loss, MSE, RMSE, MAE, MAPE: 42, 0.00426, 0.00426, 0.06525, 0.03492, 34.21%
Time spent: 10.05s
- Epoch 043, ExpID 69068
Train - Loss (one batch): 0.00403
Val - Loss, MSE, RMSE, MAE, MAPE: 0.00407, 0.00407, 0.06382, 0.03653, 29.18%
Test - Best epoch, Loss, MSE, RMSE, MAE, MAPE: 42, 0.00426, 0.00426, 0.06525, 0.03492, 34.21%
Time spent: 8.84s
- Epoch 044, ExpID 69068
Train - Loss (one batch): 0.00308
Val - Loss, MSE, RMSE, MAE, MAPE: 0.00402, 0.00402, 0.06344, 0.03532, 26.44%
Test - Best epoch, Loss, MSE, RMSE, MAE, MAPE: 42, 0.00426, 0.00426, 0.06525, 0.03492, 34.21%
Time spent: 8.84s
- Epoch 045, ExpID 69068
Train - Loss (one batch): 0.00398
Val - Loss, MSE, RMSE, MAE, MAPE: 0.00408, 0.00408, 0.06389, 0.03603, 29.01%
Test - Best epoch, Loss, MSE, RMSE, MAE, MAPE: 42, 0.00426, 0.00426, 0.06525, 0.03492, 34.21%
Time spent: 8.83s
- Epoch 046, ExpID 69068
Train - Loss (one batch): 0.00414
Val - Loss, MSE, RMSE, MAE, MAPE: 0.00397, 0.00397, 0.06298, 0.03547, 35.39%
Test - Best epoch, Loss, MSE, RMSE, MAE, MAPE: 42, 0.00426, 0.00426, 0.06525, 0.03492, 34.21%
Time spent: 8.85s
- Epoch 047, ExpID 69068
Train - Loss (one batch): 0.00353
Val - Loss, MSE, RMSE, MAE, MAPE: 0.00420, 0.00420, 0.06479, 0.03664, 24.73%
Test - Best epoch, Loss, MSE, RMSE, MAE, MAPE: 42, 0.00426, 0.00426, 0.06525, 0.03492, 34.21%
Time spent: 8.83s
- Epoch 048, ExpID 69068
Train - Loss (one batch): 0.00329
Val - Loss, MSE, RMSE, MAE, MAPE: 0.00391, 0.00391, 0.06257, 0.03463, 32.11%
Test - Best epoch, Loss, MSE, RMSE, MAE, MAPE: 48, 0.00425, 0.00425, 0.06519, 0.03463, 30.48%
Time spent: 10.05s
- Epoch 049, ExpID 69068
Train - Loss (one batch): 0.00338
Val - Loss, MSE, RMSE, MAE, MAPE: 0.00398, 0.00398, 0.06305, 0.03493, 23.91%
Test - Best epoch, Loss, MSE, RMSE, MAE, MAPE: 48, 0.00425, 0.00425, 0.06519, 0.03463, 30.48%
Time spent: 8.83s
- Epoch 050, ExpID 69068
Train - Loss (one batch): 0.00427
Val - Loss, MSE, RMSE, MAE, MAPE: 0.00395, 0.00395, 0.06283, 0.03533, 39.54%
Test - Best epoch, Loss, MSE, RMSE, MAE, MAPE: 48, 0.00425, 0.00425, 0.06519, 0.03463, 30.48%
Time spent: 8.84s
- Epoch 051, ExpID 69068
Train - Loss (one batch): 0.00358
Val - Loss, MSE, RMSE, MAE, MAPE: 0.00404, 0.00404, 0.06353, 0.03568, 24.97%
Test - Best epoch, Loss, MSE, RMSE, MAE, MAPE: 48, 0.00425, 0.00425, 0.06519, 0.03463, 30.48%
Time spent: 8.84s
- Epoch 052, ExpID 69068
Train - Loss (one batch): 0.00343
Val - Loss, MSE, RMSE, MAE, MAPE: 0.00403, 0.00403, 0.06346, 0.03526, 32.21%
Test - Best epoch, Loss, MSE, RMSE, MAE, MAPE: 48, 0.00425, 0.00425, 0.06519, 0.03463, 30.48%
Time spent: 8.84s
- Epoch 053, ExpID 69068
Train - Loss (one batch): 0.00359
Val - Loss, MSE, RMSE, MAE, MAPE: 0.00400, 0.00400, 0.06326, 0.03547, 34.48%
Test - Best epoch, Loss, MSE, RMSE, MAE, MAPE: 48, 0.00425, 0.00425, 0.06519, 0.03463, 30.48%
Time spent: 8.83s
- Epoch 054, ExpID 69068
Train - Loss (one batch): 0.00247
Val - Loss, MSE, RMSE, MAE, MAPE: 0.00408, 0.00408, 0.06387, 0.03570, 25.06%
Test - Best epoch, Loss, MSE, RMSE, MAE, MAPE: 48, 0.00425, 0.00425, 0.06519, 0.03463, 30.48%
Time spent: 8.83s
- Epoch 055, ExpID 69068
Train - Loss (one batch): 0.00286
Val - Loss, MSE, RMSE, MAE, MAPE: 0.00397, 0.00397, 0.06300, 0.03487, 30.74%
Test - Best epoch, Loss, MSE, RMSE, MAE, MAPE: 48, 0.00425, 0.00425, 0.06519, 0.03463, 30.48%
Time spent: 8.84s
- Epoch 056, ExpID 69068
Train - Loss (one batch): 0.00433
Val - Loss, MSE, RMSE, MAE, MAPE: 0.00403, 0.00403, 0.06345, 0.03597, 31.13%
Test - Best epoch, Loss, MSE, RMSE, MAE, MAPE: 48, 0.00425, 0.00425, 0.06519, 0.03463, 30.48%
Time spent: 8.84s
- Epoch 057, ExpID 69068
Train - Loss (one batch): 0.00376
Val - Loss, MSE, RMSE, MAE, MAPE: 0.00408, 0.00408, 0.06385, 0.03596, 23.37%
Test - Best epoch, Loss, MSE, RMSE, MAE, MAPE: 48, 0.00425, 0.00425, 0.06519, 0.03463, 30.48%
Time spent: 8.85s
- Epoch 058, ExpID 69068
Train - Loss (one batch): 0.00345
Val - Loss, MSE, RMSE, MAE, MAPE: 0.00399, 0.00399, 0.06315, 0.03483, 34.52%
Test - Best epoch, Loss, MSE, RMSE, MAE, MAPE: 48, 0.00425, 0.00425, 0.06519, 0.03463, 30.48%
Time spent: 8.83s
- Epoch 059, ExpID 69068
Train - Loss (one batch): 0.00420
Val - Loss, MSE, RMSE, MAE, MAPE: 0.00391, 0.00391, 0.06254, 0.03463, 27.48%
Test - Best epoch, Loss, MSE, RMSE, MAE, MAPE: 59, 0.00423, 0.00423, 0.06504, 0.03456, 25.82%
Time spent: 10.04s
- Epoch 060, ExpID 69068
Train - Loss (one batch): 0.00449
Val - Loss, MSE, RMSE, MAE, MAPE: 0.00408, 0.00408, 0.06388, 0.03542, 23.20%
Test - Best epoch, Loss, MSE, RMSE, MAE, MAPE: 59, 0.00423, 0.00423, 0.06504, 0.03456, 25.82%
Time spent: 8.84s
- Epoch 061, ExpID 69068
Train - Loss (one batch): 0.00315
Val - Loss, MSE, RMSE, MAE, MAPE: 0.00402, 0.00402, 0.06341, 0.03483, 22.87%
Test - Best epoch, Loss, MSE, RMSE, MAE, MAPE: 59, 0.00423, 0.00423, 0.06504, 0.03456, 25.82%
Time spent: 8.83s
- Epoch 062, ExpID 69068
Train - Loss (one batch): 0.00437
Val - Loss, MSE, RMSE, MAE, MAPE: 0.00398, 0.00398, 0.06312, 0.03474, 24.29%
Test - Best epoch, Loss, MSE, RMSE, MAE, MAPE: 59, 0.00423, 0.00423, 0.06504, 0.03456, 25.82%
Time spent: 8.84s
- Epoch 063, ExpID 69068
Train - Loss (one batch): 0.00365
Val - Loss, MSE, RMSE, MAE, MAPE: 0.00400, 0.00400, 0.06323, 0.03490, 37.18%
Test - Best epoch, Loss, MSE, RMSE, MAE, MAPE: 59, 0.00423, 0.00423, 0.06504, 0.03456, 25.82%
Time spent: 8.83s
- Epoch 064, ExpID 69068
Train - Loss (one batch): 0.00315
Val - Loss, MSE, RMSE, MAE, MAPE: 0.00393, 0.00393, 0.06269, 0.03492, 37.48%
Test - Best epoch, Loss, MSE, RMSE, MAE, MAPE: 59, 0.00423, 0.00423, 0.06504, 0.03456, 25.82%
Time spent: 8.83s
- Epoch 065, ExpID 69068
Train - Loss (one batch): 0.00400
Val - Loss, MSE, RMSE, MAE, MAPE: 0.00401, 0.00401, 0.06330, 0.03505, 35.65%
Test - Best epoch, Loss, MSE, RMSE, MAE, MAPE: 59, 0.00423, 0.00423, 0.06504, 0.03456, 25.82%
Time spent: 8.84s
- Epoch 066, ExpID 69068
Train - Loss (one batch): 0.00358
Val - Loss, MSE, RMSE, MAE, MAPE: 0.00397, 0.00397, 0.06298, 0.03537, 25.60%
Test - Best epoch, Loss, MSE, RMSE, MAE, MAPE: 59, 0.00423, 0.00423, 0.06504, 0.03456, 25.82%
Time spent: 8.84s
- Epoch 067, ExpID 69068
Train - Loss (one batch): 0.00341
Val - Loss, MSE, RMSE, MAE, MAPE: 0.00401, 0.00401, 0.06331, 0.03475, 35.05%
Test - Best epoch, Loss, MSE, RMSE, MAE, MAPE: 59, 0.00423, 0.00423, 0.06504, 0.03456, 25.82%
Time spent: 8.84s
- Epoch 068, ExpID 69068
Train - Loss (one batch): 0.00412
Val - Loss, MSE, RMSE, MAE, MAPE: 0.00401, 0.00401, 0.06334, 0.03489, 28.66%
Test - Best epoch, Loss, MSE, RMSE, MAE, MAPE: 59, 0.00423, 0.00423, 0.06504, 0.03456, 25.82%
Time spent: 8.83s
- Epoch 069, ExpID 69068
Train - Loss (one batch): 0.00394
Val - Loss, MSE, RMSE, MAE, MAPE: 0.00395, 0.00395, 0.06284, 0.03602, 45.69%
Test - Best epoch, Loss, MSE, RMSE, MAE, MAPE: 59, 0.00423, 0.00423, 0.06504, 0.03456, 25.82%
Time spent: 8.83s
- Epoch 070, ExpID 69068
Train - Loss (one batch): 0.00425
Val - Loss, MSE, RMSE, MAE, MAPE: 0.00435, 0.00435, 0.06597, 0.03833, 23.52%
Test - Best epoch, Loss, MSE, RMSE, MAE, MAPE: 59, 0.00423, 0.00423, 0.06504, 0.03456, 25.82%
Time spent: 8.84s
- Epoch 071, ExpID 69068
Train - Loss (one batch): 0.00315
Val - Loss, MSE, RMSE, MAE, MAPE: 0.00404, 0.00404, 0.06356, 0.03572, 34.15%
Test - Best epoch, Loss, MSE, RMSE, MAE, MAPE: 59, 0.00423, 0.00423, 0.06504, 0.03456, 25.82%
Time spent: 8.84s
- Epoch 072, ExpID 69068
Train - Loss (one batch): 0.00263
Val - Loss, MSE, RMSE, MAE, MAPE: 0.00405, 0.00405, 0.06363, 0.03519, 32.61%
Test - Best epoch, Loss, MSE, RMSE, MAE, MAPE: 59, 0.00423, 0.00423, 0.06504, 0.03456, 25.82%
Time spent: 8.84s
- Epoch 073, ExpID 69068
Train - Loss (one batch): 0.00354
Val - Loss, MSE, RMSE, MAE, MAPE: 0.00418, 0.00418, 0.06465, 0.03717, 42.41%
Test - Best epoch, Loss, MSE, RMSE, MAE, MAPE: 59, 0.00423, 0.00423, 0.06504, 0.03456, 25.82%
Time spent: 8.84s
- Epoch 074, ExpID 69068
Train - Loss (one batch): 0.00305
Val - Loss, MSE, RMSE, MAE, MAPE: 0.00412, 0.00412, 0.06422, 0.03640, 35.45%
Test - Best epoch, Loss, MSE, RMSE, MAE, MAPE: 59, 0.00423, 0.00423, 0.06504, 0.03456, 25.82%
Time spent: 8.83s
- Epoch 075, ExpID 69068
Train - Loss (one batch): 0.00530
Val - Loss, MSE, RMSE, MAE, MAPE: 0.00400, 0.00400, 0.06323, 0.03472, 25.31%
Test - Best epoch, Loss, MSE, RMSE, MAE, MAPE: 59, 0.00423, 0.00423, 0.06504, 0.03456, 25.82%
Time spent: 8.83s
- Epoch 076, ExpID 69068
Train - Loss (one batch): 0.00514
Val - Loss, MSE, RMSE, MAE, MAPE: 0.00399, 0.00399, 0.06318, 0.03486, 28.07%
Test - Best epoch, Loss, MSE, RMSE, MAE, MAPE: 59, 0.00423, 0.00423, 0.06504, 0.03456, 25.82%
Time spent: 8.83s
- Epoch 077, ExpID 69068
Train - Loss (one batch): 0.00368
Val - Loss, MSE, RMSE, MAE, MAPE: 0.00400, 0.00400, 0.06326, 0.03507, 34.15%
Test - Best epoch, Loss, MSE, RMSE, MAE, MAPE: 59, 0.00423, 0.00423, 0.06504, 0.03456, 25.82%
Time spent: 8.84s
- Epoch 078, ExpID 69068
Train - Loss (one batch): 0.00425
Val - Loss, MSE, RMSE, MAE, MAPE: 0.00403, 0.00403, 0.06351, 0.03564, 25.25%
Test - Best epoch, Loss, MSE, RMSE, MAE, MAPE: 59, 0.00423, 0.00423, 0.06504, 0.03456, 25.82%
Time spent: 8.84s
- Epoch 079, ExpID 69068
Train - Loss (one batch): 0.00508
Val - Loss, MSE, RMSE, MAE, MAPE: 0.00412, 0.00412, 0.06419, 0.03540, 29.46%
Test - Best epoch, Loss, MSE, RMSE, MAE, MAPE: 59, 0.00423, 0.00423, 0.06504, 0.03456, 25.82%
Time spent: 8.84s
- Epoch 080, ExpID 69068
Train - Loss (one batch): 0.00369
Val - Loss, MSE, RMSE, MAE, MAPE: 0.00402, 0.00402, 0.06342, 0.03492, 30.63%
Test - Best epoch, Loss, MSE, RMSE, MAE, MAPE: 59, 0.00423, 0.00423, 0.06504, 0.03456, 25.82%
Time spent: 8.84s
- Epoch 081, ExpID 69068
Train - Loss (one batch): 0.00320
Val - Loss, MSE, RMSE, MAE, MAPE: 0.00401, 0.00401, 0.06330, 0.03481, 25.67%
Test - Best epoch, Loss, MSE, RMSE, MAE, MAPE: 59, 0.00423, 0.00423, 0.06504, 0.03456, 25.82%
Time spent: 8.84s
- Epoch 082, ExpID 69068
Train - Loss (one batch): 0.00324
Val - Loss, MSE, RMSE, MAE, MAPE: 0.00400, 0.00400, 0.06324, 0.03511, 33.13%
Test - Best epoch, Loss, MSE, RMSE, MAE, MAPE: 59, 0.00423, 0.00423, 0.06504, 0.03456, 25.82%
Time spent: 8.84s
- Epoch 083, ExpID 69068
Train - Loss (one batch): 0.00350
Val - Loss, MSE, RMSE, MAE, MAPE: 0.00401, 0.00401, 0.06334, 0.03493, 30.52%
Test - Best epoch, Loss, MSE, RMSE, MAE, MAPE: 59, 0.00423, 0.00423, 0.06504, 0.03456, 25.82%
Time spent: 8.85s
- Epoch 084, ExpID 69068
Train - Loss (one batch): 0.00383
Val - Loss, MSE, RMSE, MAE, MAPE: 0.00416, 0.00416, 0.06450, 0.03709, 42.10%
Test - Best epoch, Loss, MSE, RMSE, MAE, MAPE: 59, 0.00423, 0.00423, 0.06504, 0.03456, 25.82%
Time spent: 8.85s
/home/ouass/Test/MSP-IMTS/tPatchGNN/run_models.py
2026-03-09 03:15:04
run_models.py --dataset physionet --history 24 --quantization 1.0 --hid_dim 64 --te_dim 10 --node_dim 10 --nlayer 1 --tf_layer 1 --nhead 1 --batch_size 32 --lr 1e-3 --patience 25 --epoch 600 --seed 2 --gpu 0 --metric global --multi_scales 4,8,12 --multi_strides 4,8,12 --fusion gated
Namespace(multi_scales='4,8,12', multi_strides='4,8,12', fusion='gated', state='def', n=100000000, hop=1, nhead=1, tf_layer=1, nlayer=1, epoch=600, patience=25, history=24, patch_size=24, stride=24, logmode='a', lr=0.001, w_decay=0.0, batch_size=32, save='experiments/', load=None, seed=2, dataset='physionet', quantization=1.0, model='tPatchGNN', outlayer='Linear', hid_dim=64, te_dim=10, node_dim=10, gpu='0', metric='global', npatch=1, device=device(type='cuda'), PID=1964937, ndim=41)
- Epoch 000, ExpID 13932
Train - Loss (one batch): 0.00594
Val - Loss, MSE, RMSE, MAE, MAPE: 0.00525, 0.00525, 0.07244, 0.04417, 50.91%
Test - Best epoch, Loss, MSE, RMSE, MAE, MAPE: 0, 0.00566, 0.00566, 0.07521, 0.04411, 48.46%
Time spent: 10.00s
- Epoch 001, ExpID 13932
Train - Loss (one batch): 0.00364
Val - Loss, MSE, RMSE, MAE, MAPE: 0.00466, 0.00466, 0.06824, 0.04029, 36.75%
Test - Best epoch, Loss, MSE, RMSE, MAE, MAPE: 1, 0.00509, 0.00509, 0.07131, 0.04021, 34.65%
Time spent: 9.94s
- Epoch 002, ExpID 13932
Train - Loss (one batch): 0.00521
Val - Loss, MSE, RMSE, MAE, MAPE: 0.00470, 0.00470, 0.06854, 0.04166, 36.96%
Test - Best epoch, Loss, MSE, RMSE, MAE, MAPE: 1, 0.00509, 0.00509, 0.07131, 0.04021, 34.65%
Time spent: 8.75s
- Epoch 003, ExpID 13932
Train - Loss (one batch): 0.00474
Val - Loss, MSE, RMSE, MAE, MAPE: 0.00449, 0.00449, 0.06702, 0.03950, 31.11%
Test - Best epoch, Loss, MSE, RMSE, MAE, MAPE: 3, 0.00486, 0.00486, 0.06973, 0.03936, 29.32%
Time spent: 9.94s
- Epoch 004, ExpID 13932
Train - Loss (one batch): 0.00470
Val - Loss, MSE, RMSE, MAE, MAPE: 0.00469, 0.00469, 0.06847, 0.04173, 38.67%
Test - Best epoch, Loss, MSE, RMSE, MAE, MAPE: 3, 0.00486, 0.00486, 0.06973, 0.03936, 29.32%
Time spent: 8.76s
- Epoch 005, ExpID 13932
Train - Loss (one batch): 0.00444
Val - Loss, MSE, RMSE, MAE, MAPE: 0.00446, 0.00446, 0.06681, 0.03973, 29.23%
Test - Best epoch, Loss, MSE, RMSE, MAE, MAPE: 5, 0.00485, 0.00485, 0.06962, 0.03972, 27.97%
Time spent: 9.94s
- Epoch 006, ExpID 13932
Train - Loss (one batch): 0.00367
Val - Loss, MSE, RMSE, MAE, MAPE: 0.00433, 0.00433, 0.06579, 0.03891, 32.01%
Test - Best epoch, Loss, MSE, RMSE, MAE, MAPE: 6, 0.00472, 0.00472, 0.06873, 0.03888, 30.30%
Time spent: 9.94s
- Epoch 007, ExpID 13932
Train - Loss (one batch): 0.00395
Val - Loss, MSE, RMSE, MAE, MAPE: 0.00474, 0.00474, 0.06885, 0.04216, 33.88%
Test - Best epoch, Loss, MSE, RMSE, MAE, MAPE: 6, 0.00472, 0.00472, 0.06873, 0.03888, 30.30%
Time spent: 8.77s
- Epoch 008, ExpID 13932
Train - Loss (one batch): 0.00366
Val - Loss, MSE, RMSE, MAE, MAPE: 0.00460, 0.00460, 0.06782, 0.04201, 37.13%
Test - Best epoch, Loss, MSE, RMSE, MAE, MAPE: 6, 0.00472, 0.00472, 0.06873, 0.03888, 30.30%
Time spent: 8.74s
- Epoch 009, ExpID 13932
Train - Loss (one batch): 0.00486
Val - Loss, MSE, RMSE, MAE, MAPE: 0.00430, 0.00430, 0.06559, 0.03868, 30.18%
Test - Best epoch, Loss, MSE, RMSE, MAE, MAPE: 9, 0.00466, 0.00466, 0.06825, 0.03863, 28.62%
Time spent: 9.93s
- Epoch 010, ExpID 13932
Train - Loss (one batch): 0.00263
Val - Loss, MSE, RMSE, MAE, MAPE: 0.00467, 0.00467, 0.06834, 0.04246, 53.52%
Test - Best epoch, Loss, MSE, RMSE, MAE, MAPE: 9, 0.00466, 0.00466, 0.06825, 0.03863, 28.62%
Time spent: 8.74s
- Epoch 011, ExpID 13932
Train - Loss (one batch): 0.00608
Val - Loss, MSE, RMSE, MAE, MAPE: 0.00416, 0.00416, 0.06448, 0.03731, 34.89%
Test - Best epoch, Loss, MSE, RMSE, MAE, MAPE: 11, 0.00451, 0.00451, 0.06714, 0.03730, 33.30%
Time spent: 9.94s
- Epoch 012, ExpID 13932
Train - Loss (one batch): 0.00324
Val - Loss, MSE, RMSE, MAE, MAPE: 0.00426, 0.00426, 0.06525, 0.03699, 39.96%
Test - Best epoch, Loss, MSE, RMSE, MAE, MAPE: 11, 0.00451, 0.00451, 0.06714, 0.03730, 33.30%
Time spent: 8.76s
- Epoch 013, ExpID 13932
Train - Loss (one batch): 0.00331
Val - Loss, MSE, RMSE, MAE, MAPE: 0.00418, 0.00418, 0.06463, 0.03717, 28.61%
Test - Best epoch, Loss, MSE, RMSE, MAE, MAPE: 11, 0.00451, 0.00451, 0.06714, 0.03730, 33.30%
Time spent: 8.75s
- Epoch 014, ExpID 13932
Train - Loss (one batch): 0.00496
Val - Loss, MSE, RMSE, MAE, MAPE: 0.00437, 0.00437, 0.06607, 0.04005, 58.50%
Test - Best epoch, Loss, MSE, RMSE, MAE, MAPE: 11, 0.00451, 0.00451, 0.06714, 0.03730, 33.30%
Time spent: 8.75s
- Epoch 015, ExpID 13932
Train - Loss (one batch): 0.00444
Val - Loss, MSE, RMSE, MAE, MAPE: 0.00429, 0.00429, 0.06547, 0.03840, 36.21%
Test - Best epoch, Loss, MSE, RMSE, MAE, MAPE: 11, 0.00451, 0.00451, 0.06714, 0.03730, 33.30%
Time spent: 8.75s
- Epoch 016, ExpID 13932
Train - Loss (one batch): 0.00533
Val - Loss, MSE, RMSE, MAE, MAPE: 0.00414, 0.00414, 0.06432, 0.03738, 29.86%
Test - Best epoch, Loss, MSE, RMSE, MAE, MAPE: 16, 0.00447, 0.00447, 0.06689, 0.03735, 28.12%
Time spent: 9.95s
- Epoch 017, ExpID 13932
Train - Loss (one batch): 0.00420
Val - Loss, MSE, RMSE, MAE, MAPE: 0.00433, 0.00433, 0.06578, 0.03865, 32.35%
Test - Best epoch, Loss, MSE, RMSE, MAE, MAPE: 16, 0.00447, 0.00447, 0.06689, 0.03735, 28.12%
Time spent: 8.75s
- Epoch 018, ExpID 13932
Train - Loss (one batch): 0.00450
Val - Loss, MSE, RMSE, MAE, MAPE: 0.00414, 0.00414, 0.06431, 0.03717, 26.07%
Test - Best epoch, Loss, MSE, RMSE, MAE, MAPE: 18, 0.00447, 0.00447, 0.06683, 0.03712, 24.26%
Time spent: 9.96s
- Epoch 019, ExpID 13932
Train - Loss (one batch): 0.00575
Val - Loss, MSE, RMSE, MAE, MAPE: 0.00409, 0.00409, 0.06394, 0.03705, 37.33%
Test - Best epoch, Loss, MSE, RMSE, MAE, MAPE: 19, 0.00446, 0.00446, 0.06676, 0.03705, 35.68%
Time spent: 9.94s
- Epoch 020, ExpID 13932
Train - Loss (one batch): 0.00326
Val - Loss, MSE, RMSE, MAE, MAPE: 0.00430, 0.00430, 0.06554, 0.03828, 25.24%
Test - Best epoch, Loss, MSE, RMSE, MAE, MAPE: 19, 0.00446, 0.00446, 0.06676, 0.03705, 35.68%
Time spent: 8.76s
- Epoch 021, ExpID 13932
Train - Loss (one batch): 0.00332
Val - Loss, MSE, RMSE, MAE, MAPE: 0.00406, 0.00406, 0.06369, 0.03585, 27.18%
Test - Best epoch, Loss, MSE, RMSE, MAE, MAPE: 21, 0.00441, 0.00441, 0.06638, 0.03582, 25.45%
Time spent: 9.95s
- Epoch 022, ExpID 13932
Train - Loss (one batch): 0.00348
Val - Loss, MSE, RMSE, MAE, MAPE: 0.00413, 0.00413, 0.06426, 0.03698, 25.07%
Test - Best epoch, Loss, MSE, RMSE, MAE, MAPE: 21, 0.00441, 0.00441, 0.06638, 0.03582, 25.45%
Time spent: 8.75s
- Epoch 023, ExpID 13932
Train - Loss (one batch): 0.00447
Val - Loss, MSE, RMSE, MAE, MAPE: 0.00409, 0.00409, 0.06393, 0.03632, 25.07%
Test - Best epoch, Loss, MSE, RMSE, MAE, MAPE: 21, 0.00441, 0.00441, 0.06638, 0.03582, 25.45%
Time spent: 8.75s
- Epoch 024, ExpID 13932
Train - Loss (one batch): 0.00296
Val - Loss, MSE, RMSE, MAE, MAPE: 0.00418, 0.00418, 0.06466, 0.03792, 40.91%
Test - Best epoch, Loss, MSE, RMSE, MAE, MAPE: 21, 0.00441, 0.00441, 0.06638, 0.03582, 25.45%
Time spent: 8.76s
- Epoch 025, ExpID 13932
Train - Loss (one batch): 0.00470
Val - Loss, MSE, RMSE, MAE, MAPE: 0.00408, 0.00408, 0.06390, 0.03648, 25.82%
Test - Best epoch, Loss, MSE, RMSE, MAE, MAPE: 21, 0.00441, 0.00441, 0.06638, 0.03582, 25.45%
Time spent: 8.76s
- Epoch 026, ExpID 13932
Train - Loss (one batch): 0.00511
Val - Loss, MSE, RMSE, MAE, MAPE: 0.00407, 0.00407, 0.06381, 0.03611, 27.61%
Test - Best epoch, Loss, MSE, RMSE, MAE, MAPE: 21, 0.00441, 0.00441, 0.06638, 0.03582, 25.45%
Time spent: 8.75s
- Epoch 027, ExpID 13932
Train - Loss (one batch): 0.00412
Val - Loss, MSE, RMSE, MAE, MAPE: 0.00406, 0.00406, 0.06375, 0.03615, 36.21%
Test - Best epoch, Loss, MSE, RMSE, MAE, MAPE: 21, 0.00441, 0.00441, 0.06638, 0.03582, 25.45%
Time spent: 8.75s
- Epoch 028, ExpID 13932
Train - Loss (one batch): 0.00250
Val - Loss, MSE, RMSE, MAE, MAPE: 0.00397, 0.00397, 0.06302, 0.03505, 32.89%
Test - Best epoch, Loss, MSE, RMSE, MAE, MAPE: 28, 0.00433, 0.00433, 0.06584, 0.03507, 31.06%
Time spent: 9.94s
- Epoch 029, ExpID 13932
Train - Loss (one batch): 0.00449
Val - Loss, MSE, RMSE, MAE, MAPE: 0.00405, 0.00405, 0.06363, 0.03690, 31.37%
Test - Best epoch, Loss, MSE, RMSE, MAE, MAPE: 28, 0.00433, 0.00433, 0.06584, 0.03507, 31.06%
Time spent: 8.76s
- Epoch 030, ExpID 13932
Train - Loss (one batch): 0.00494
Val - Loss, MSE, RMSE, MAE, MAPE: 0.00402, 0.00402, 0.06337, 0.03586, 36.97%
Test - Best epoch, Loss, MSE, RMSE, MAE, MAPE: 28, 0.00433, 0.00433, 0.06584, 0.03507, 31.06%
Time spent: 8.76s
- Epoch 031, ExpID 13932
Train - Loss (one batch): 0.00390
Val - Loss, MSE, RMSE, MAE, MAPE: 0.00401, 0.00401, 0.06332, 0.03585, 27.36%
Test - Best epoch, Loss, MSE, RMSE, MAE, MAPE: 28, 0.00433, 0.00433, 0.06584, 0.03507, 31.06%
Time spent: 8.75s
- Epoch 032, ExpID 13932
Train - Loss (one batch): 0.00349
Val - Loss, MSE, RMSE, MAE, MAPE: 0.00402, 0.00402, 0.06341, 0.03543, 37.24%
Test - Best epoch, Loss, MSE, RMSE, MAE, MAPE: 28, 0.00433, 0.00433, 0.06584, 0.03507, 31.06%
Time spent: 8.75s
- Epoch 033, ExpID 13932
Train - Loss (one batch): 0.00347
Val - Loss, MSE, RMSE, MAE, MAPE: 0.00418, 0.00418, 0.06467, 0.03710, 28.87%
Test - Best epoch, Loss, MSE, RMSE, MAE, MAPE: 28, 0.00433, 0.00433, 0.06584, 0.03507, 31.06%
Time spent: 8.76s
- Epoch 034, ExpID 13932
Train - Loss (one batch): 0.00519
Val - Loss, MSE, RMSE, MAE, MAPE: 0.00413, 0.00413, 0.06426, 0.03719, 45.67%
Test - Best epoch, Loss, MSE, RMSE, MAE, MAPE: 28, 0.00433, 0.00433, 0.06584, 0.03507, 31.06%
Time spent: 8.75s
- Epoch 035, ExpID 13932
Train - Loss (one batch): 0.00488
Val - Loss, MSE, RMSE, MAE, MAPE: 0.00414, 0.00414, 0.06434, 0.03744, 49.34%
Test - Best epoch, Loss, MSE, RMSE, MAE, MAPE: 28, 0.00433, 0.00433, 0.06584, 0.03507, 31.06%
Time spent: 8.74s
- Epoch 036, ExpID 13932
Train - Loss (one batch): 0.00409
Val - Loss, MSE, RMSE, MAE, MAPE: 0.00396, 0.00396, 0.06295, 0.03523, 28.77%
Test - Best epoch, Loss, MSE, RMSE, MAE, MAPE: 36, 0.00429, 0.00429, 0.06551, 0.03519, 27.24%
Time spent: 9.93s
- Epoch 037, ExpID 13932
Train - Loss (one batch): 0.00341
Val - Loss, MSE, RMSE, MAE, MAPE: 0.00412, 0.00412, 0.06419, 0.03707, 50.22%
Test - Best epoch, Loss, MSE, RMSE, MAE, MAPE: 36, 0.00429, 0.00429, 0.06551, 0.03519, 27.24%
Time spent: 8.76s
- Epoch 038, ExpID 13932
Train - Loss (one batch): 0.00352
Val - Loss, MSE, RMSE, MAE, MAPE: 0.00399, 0.00399, 0.06319, 0.03574, 45.80%
Test - Best epoch, Loss, MSE, RMSE, MAE, MAPE: 36, 0.00429, 0.00429, 0.06551, 0.03519, 27.24%
Time spent: 8.76s
- Epoch 039, ExpID 13932
Train - Loss (one batch): 0.00416
Val - Loss, MSE, RMSE, MAE, MAPE: 0.00403, 0.00403, 0.06352, 0.03585, 32.71%
Test - Best epoch, Loss, MSE, RMSE, MAE, MAPE: 36, 0.00429, 0.00429, 0.06551, 0.03519, 27.24%
Time spent: 8.73s
- Epoch 040, ExpID 13932
Train - Loss (one batch): 0.00407
Val - Loss, MSE, RMSE, MAE, MAPE: 0.00400, 0.00400, 0.06328, 0.03586, 26.12%
Test - Best epoch, Loss, MSE, RMSE, MAE, MAPE: 36, 0.00429, 0.00429, 0.06551, 0.03519, 27.24%
Time spent: 8.75s
- Epoch 041, ExpID 13932
Train - Loss (one batch): 0.00357
Val - Loss, MSE, RMSE, MAE, MAPE: 0.00397, 0.00397, 0.06303, 0.03514, 40.04%
Test - Best epoch, Loss, MSE, RMSE, MAE, MAPE: 36, 0.00429, 0.00429, 0.06551, 0.03519, 27.24%
Time spent: 8.75s
- Epoch 042, ExpID 13932
Train - Loss (one batch): 0.00425
Val - Loss, MSE, RMSE, MAE, MAPE: 0.00400, 0.00400, 0.06322, 0.03591, 25.99%
Test - Best epoch, Loss, MSE, RMSE, MAE, MAPE: 36, 0.00429, 0.00429, 0.06551, 0.03519, 27.24%
Time spent: 8.75s
- Epoch 043, ExpID 13932
Train - Loss (one batch): 0.00389
Val - Loss, MSE, RMSE, MAE, MAPE: 0.00407, 0.00407, 0.06381, 0.03578, 30.72%
Test - Best epoch, Loss, MSE, RMSE, MAE, MAPE: 36, 0.00429, 0.00429, 0.06551, 0.03519, 27.24%
Time spent: 8.75s
- Epoch 044, ExpID 13932
Train - Loss (one batch): 0.00471
Val - Loss, MSE, RMSE, MAE, MAPE: 0.00411, 0.00411, 0.06409, 0.03701, 25.51%
Test - Best epoch, Loss, MSE, RMSE, MAE, MAPE: 36, 0.00429, 0.00429, 0.06551, 0.03519, 27.24%
Time spent: 8.76s
- Epoch 045, ExpID 13932
Train - Loss (one batch): 0.00433
Val - Loss, MSE, RMSE, MAE, MAPE: 0.00403, 0.00403, 0.06351, 0.03573, 29.01%
Test - Best epoch, Loss, MSE, RMSE, MAE, MAPE: 36, 0.00429, 0.00429, 0.06551, 0.03519, 27.24%
Time spent: 8.76s
- Epoch 046, ExpID 13932
Train - Loss (one batch): 0.00442
Val - Loss, MSE, RMSE, MAE, MAPE: 0.00405, 0.00405, 0.06366, 0.03556, 26.33%
Test - Best epoch, Loss, MSE, RMSE, MAE, MAPE: 36, 0.00429, 0.00429, 0.06551, 0.03519, 27.24%
Time spent: 8.75s
- Epoch 047, ExpID 13932
Train - Loss (one batch): 0.00391
Val - Loss, MSE, RMSE, MAE, MAPE: 0.00401, 0.00401, 0.06330, 0.03581, 25.13%
Test - Best epoch, Loss, MSE, RMSE, MAE, MAPE: 36, 0.00429, 0.00429, 0.06551, 0.03519, 27.24%
Time spent: 8.76s
- Epoch 048, ExpID 13932
Train - Loss (one batch): 0.00389
Val - Loss, MSE, RMSE, MAE, MAPE: 0.00406, 0.00406, 0.06375, 0.03516, 28.51%
Test - Best epoch, Loss, MSE, RMSE, MAE, MAPE: 36, 0.00429, 0.00429, 0.06551, 0.03519, 27.24%
Time spent: 8.76s
- Epoch 049, ExpID 13932
Train - Loss (one batch): 0.00346
Val - Loss, MSE, RMSE, MAE, MAPE: 0.00407, 0.00407, 0.06382, 0.03725, 48.55%
Test - Best epoch, Loss, MSE, RMSE, MAE, MAPE: 36, 0.00429, 0.00429, 0.06551, 0.03519, 27.24%
Time spent: 8.76s
- Epoch 050, ExpID 13932
Train - Loss (one batch): 0.00318
Val - Loss, MSE, RMSE, MAE, MAPE: 0.00406, 0.00406, 0.06373, 0.03575, 24.12%
Test - Best epoch, Loss, MSE, RMSE, MAE, MAPE: 36, 0.00429, 0.00429, 0.06551, 0.03519, 27.24%
Time spent: 8.76s
- Epoch 051, ExpID 13932
Train - Loss (one batch): 0.00336
Val - Loss, MSE, RMSE, MAE, MAPE: 0.00410, 0.00410, 0.06406, 0.03625, 47.78%
Test - Best epoch, Loss, MSE, RMSE, MAE, MAPE: 36, 0.00429, 0.00429, 0.06551, 0.03519, 27.24%
Time spent: 8.76s
- Epoch 052, ExpID 13932
Train - Loss (one batch): 0.00313
Val - Loss, MSE, RMSE, MAE, MAPE: 0.00412, 0.00412, 0.06421, 0.03585, 27.16%
Test - Best epoch, Loss, MSE, RMSE, MAE, MAPE: 36, 0.00429, 0.00429, 0.06551, 0.03519, 27.24%
Time spent: 8.75s
- Epoch 053, ExpID 13932
Train - Loss (one batch): 0.00395
Val - Loss, MSE, RMSE, MAE, MAPE: 0.00405, 0.00405, 0.06363, 0.03551, 25.27%
Test - Best epoch, Loss, MSE, RMSE, MAE, MAPE: 36, 0.00429, 0.00429, 0.06551, 0.03519, 27.24%
Time spent: 8.75s
- Epoch 054, ExpID 13932
Train - Loss (one batch): 0.00390
Val - Loss, MSE, RMSE, MAE, MAPE: 0.00411, 0.00411, 0.06412, 0.03563, 25.84%
Test - Best epoch, Loss, MSE, RMSE, MAE, MAPE: 36, 0.00429, 0.00429, 0.06551, 0.03519, 27.24%
Time spent: 8.76s
- Epoch 055, ExpID 13932
Train - Loss (one batch): 0.00399
Val - Loss, MSE, RMSE, MAE, MAPE: 0.00408, 0.00408, 0.06386, 0.03564, 37.71%
Test - Best epoch, Loss, MSE, RMSE, MAE, MAPE: 36, 0.00429, 0.00429, 0.06551, 0.03519, 27.24%
Time spent: 8.76s
- Epoch 056, ExpID 13932
Train - Loss (one batch): 0.00480
Val - Loss, MSE, RMSE, MAE, MAPE: 0.00407, 0.00407, 0.06380, 0.03565, 37.46%
Test - Best epoch, Loss, MSE, RMSE, MAE, MAPE: 36, 0.00429, 0.00429, 0.06551, 0.03519, 27.24%
Time spent: 8.75s
- Epoch 057, ExpID 13932
Train - Loss (one batch): 0.00345
Val - Loss, MSE, RMSE, MAE, MAPE: 0.00399, 0.00399, 0.06314, 0.03554, 48.49%
Test - Best epoch, Loss, MSE, RMSE, MAE, MAPE: 36, 0.00429, 0.00429, 0.06551, 0.03519, 27.24%
Time spent: 8.76s
- Epoch 058, ExpID 13932
Train - Loss (one batch): 0.00349
Val - Loss, MSE, RMSE, MAE, MAPE: 0.00400, 0.00400, 0.06328, 0.03494, 24.67%
Test - Best epoch, Loss, MSE, RMSE, MAE, MAPE: 36, 0.00429, 0.00429, 0.06551, 0.03519, 27.24%
Time spent: 8.75s
- Epoch 059, ExpID 13932
Train - Loss (one batch): 0.00447
Val - Loss, MSE, RMSE, MAE, MAPE: 0.00403, 0.00403, 0.06352, 0.03584, 45.99%
Test - Best epoch, Loss, MSE, RMSE, MAE, MAPE: 36, 0.00429, 0.00429, 0.06551, 0.03519, 27.24%
Time spent: 8.77s
- Epoch 060, ExpID 13932
Train - Loss (one batch): 0.00391
Val - Loss, MSE, RMSE, MAE, MAPE: 0.00405, 0.00405, 0.06366, 0.03612, 35.55%
Test - Best epoch, Loss, MSE, RMSE, MAE, MAPE: 36, 0.00429, 0.00429, 0.06551, 0.03519, 27.24%
Time spent: 8.76s
- Epoch 061, ExpID 13932
Train - Loss (one batch): 0.00454
Val - Loss, MSE, RMSE, MAE, MAPE: 0.00409, 0.00409, 0.06397, 0.03622, 31.91%
Test - Best epoch, Loss, MSE, RMSE, MAE, MAPE: 36, 0.00429, 0.00429, 0.06551, 0.03519, 27.24%
Time spent: 8.76s
/home/ouass/Test/MSP-IMTS/tPatchGNN/run_models.py
2026-03-09 03:24:46
run_models.py --dataset physionet --history 24 --quantization 1.0 --hid_dim 64 --te_dim 10 --node_dim 10 --nlayer 1 --tf_layer 1 --nhead 1 --batch_size 32 --lr 1e-3 --patience 25 --epoch 600 --seed 3 --gpu 0 --metric global --multi_scales 4,8,12 --multi_strides 4,8,12 --fusion gated
Namespace(multi_scales='4,8,12', multi_strides='4,8,12', fusion='gated', state='def', n=100000000, hop=1, nhead=1, tf_layer=1, nlayer=1, epoch=600, patience=25, history=24, patch_size=24, stride=24, logmode='a', lr=0.001, w_decay=0.0, batch_size=32, save='experiments/', load=None, seed=3, dataset='physionet', quantization=1.0, model='tPatchGNN', outlayer='Linear', hid_dim=64, te_dim=10, node_dim=10, gpu='0', metric='global', npatch=1, device=device(type='cuda'), PID=1965113, ndim=41)
- Epoch 000, ExpID 84442
Train - Loss (one batch): 0.00510
Val - Loss, MSE, RMSE, MAE, MAPE: 0.00537, 0.00537, 0.07330, 0.04667, 46.93%
Test - Best epoch, Loss, MSE, RMSE, MAE, MAPE: 0, 0.00578, 0.00578, 0.07604, 0.04675, 44.39%
Time spent: 9.99s
- Epoch 001, ExpID 84442
Train - Loss (one batch): 0.00384
Val - Loss, MSE, RMSE, MAE, MAPE: 0.00447, 0.00447, 0.06690, 0.03802, 34.03%
Test - Best epoch, Loss, MSE, RMSE, MAE, MAPE: 1, 0.00487, 0.00487, 0.06980, 0.03807, 31.77%
Time spent: 9.93s
- Epoch 002, ExpID 84442
Train - Loss (one batch): 0.00465
Val - Loss, MSE, RMSE, MAE, MAPE: 0.00468, 0.00468, 0.06842, 0.04115, 30.33%
Test - Best epoch, Loss, MSE, RMSE, MAE, MAPE: 1, 0.00487, 0.00487, 0.06980, 0.03807, 31.77%
Time spent: 8.74s
- Epoch 003, ExpID 84442
Train - Loss (one batch): 0.00443
Val - Loss, MSE, RMSE, MAE, MAPE: 0.00450, 0.00450, 0.06705, 0.03881, 28.10%
Test - Best epoch, Loss, MSE, RMSE, MAE, MAPE: 1, 0.00487, 0.00487, 0.06980, 0.03807, 31.77%
Time spent: 8.75s
- Epoch 004, ExpID 84442
Train - Loss (one batch): 0.00482
Val - Loss, MSE, RMSE, MAE, MAPE: 0.00434, 0.00434, 0.06584, 0.03812, 34.72%
Test - Best epoch, Loss, MSE, RMSE, MAE, MAPE: 4, 0.00471, 0.00471, 0.06866, 0.03813, 33.15%
Time spent: 9.92s
- Epoch 005, ExpID 84442
Train - Loss (one batch): 0.00493
Val - Loss, MSE, RMSE, MAE, MAPE: 0.00435, 0.00435, 0.06592, 0.03721, 36.25%
Test - Best epoch, Loss, MSE, RMSE, MAE, MAPE: 4, 0.00471, 0.00471, 0.06866, 0.03813, 33.15%
Time spent: 8.75s
- Epoch 006, ExpID 84442
Train - Loss (one batch): 0.00486
Val - Loss, MSE, RMSE, MAE, MAPE: 0.00442, 0.00442, 0.06649, 0.03954, 39.15%
Test - Best epoch, Loss, MSE, RMSE, MAE, MAPE: 4, 0.00471, 0.00471, 0.06866, 0.03813, 33.15%
Time spent: 8.75s
- Epoch 007, ExpID 84442
Train - Loss (one batch): 0.00326
Val - Loss, MSE, RMSE, MAE, MAPE: 0.00453, 0.00453, 0.06733, 0.03845, 24.83%
Test - Best epoch, Loss, MSE, RMSE, MAE, MAPE: 4, 0.00471, 0.00471, 0.06866, 0.03813, 33.15%
Time spent: 8.73s
- Epoch 008, ExpID 84442
Train - Loss (one batch): 0.00478
Val - Loss, MSE, RMSE, MAE, MAPE: 0.00423, 0.00423, 0.06507, 0.03765, 24.51%
Test - Best epoch, Loss, MSE, RMSE, MAE, MAPE: 8, 0.00460, 0.00460, 0.06785, 0.03769, 23.19%
Time spent: 9.93s
- Epoch 009, ExpID 84442
Train - Loss (one batch): 0.00475
Val - Loss, MSE, RMSE, MAE, MAPE: 0.00441, 0.00441, 0.06644, 0.04040, 46.03%
Test - Best epoch, Loss, MSE, RMSE, MAE, MAPE: 8, 0.00460, 0.00460, 0.06785, 0.03769, 23.19%
Time spent: 8.74s
- Epoch 010, ExpID 84442
Train - Loss (one batch): 0.00515
Val - Loss, MSE, RMSE, MAE, MAPE: 0.00431, 0.00431, 0.06566, 0.03707, 26.74%
Test - Best epoch, Loss, MSE, RMSE, MAE, MAPE: 8, 0.00460, 0.00460, 0.06785, 0.03769, 23.19%
Time spent: 8.75s
- Epoch 011, ExpID 84442
Train - Loss (one batch): 0.00372
Val - Loss, MSE, RMSE, MAE, MAPE: 0.00420, 0.00420, 0.06482, 0.03696, 32.77%
Test - Best epoch, Loss, MSE, RMSE, MAE, MAPE: 11, 0.00456, 0.00456, 0.06755, 0.03701, 31.25%
Time spent: 9.93s
- Epoch 012, ExpID 84442
Train - Loss (one batch): 0.00539
Val - Loss, MSE, RMSE, MAE, MAPE: 0.00441, 0.00441, 0.06637, 0.03836, 31.36%
Test - Best epoch, Loss, MSE, RMSE, MAE, MAPE: 11, 0.00456, 0.00456, 0.06755, 0.03701, 31.25%
Time spent: 8.75s
- Epoch 013, ExpID 84442
Train - Loss (one batch): 0.00371
Val - Loss, MSE, RMSE, MAE, MAPE: 0.00418, 0.00418, 0.06469, 0.03693, 28.13%
Test - Best epoch, Loss, MSE, RMSE, MAE, MAPE: 13, 0.00453, 0.00453, 0.06728, 0.03695, 26.32%
Time spent: 9.94s
- Epoch 014, ExpID 84442
Train - Loss (one batch): 0.00444
Val - Loss, MSE, RMSE, MAE, MAPE: 0.00416, 0.00416, 0.06448, 0.03631, 33.67%
Test - Best epoch, Loss, MSE, RMSE, MAE, MAPE: 14, 0.00452, 0.00452, 0.06721, 0.03640, 32.22%
Time spent: 9.93s
- Epoch 015, ExpID 84442
Train - Loss (one batch): 0.00330
Val - Loss, MSE, RMSE, MAE, MAPE: 0.00425, 0.00425, 0.06517, 0.03789, 31.53%
Test - Best epoch, Loss, MSE, RMSE, MAE, MAPE: 14, 0.00452, 0.00452, 0.06721, 0.03640, 32.22%
Time spent: 8.74s
- Epoch 016, ExpID 84442
Train - Loss (one batch): 0.00446
Val - Loss, MSE, RMSE, MAE, MAPE: 0.00454, 0.00454, 0.06738, 0.04005, 36.93%
Test - Best epoch, Loss, MSE, RMSE, MAE, MAPE: 14, 0.00452, 0.00452, 0.06721, 0.03640, 32.22%
Time spent: 8.75s
- Epoch 017, ExpID 84442
Train - Loss (one batch): 0.00344
Val - Loss, MSE, RMSE, MAE, MAPE: 0.00425, 0.00425, 0.06518, 0.03799, 27.18%
Test - Best epoch, Loss, MSE, RMSE, MAE, MAPE: 14, 0.00452, 0.00452, 0.06721, 0.03640, 32.22%
Time spent: 8.75s
- Epoch 018, ExpID 84442
Train - Loss (one batch): 0.00383
Val - Loss, MSE, RMSE, MAE, MAPE: 0.00423, 0.00423, 0.06501, 0.03792, 24.75%
Test - Best epoch, Loss, MSE, RMSE, MAE, MAPE: 14, 0.00452, 0.00452, 0.06721, 0.03640, 32.22%
Time spent: 8.75s
- Epoch 019, ExpID 84442
Train - Loss (one batch): 0.00353
Val - Loss, MSE, RMSE, MAE, MAPE: 0.00432, 0.00432, 0.06571, 0.03779, 43.12%
Test - Best epoch, Loss, MSE, RMSE, MAE, MAPE: 14, 0.00452, 0.00452, 0.06721, 0.03640, 32.22%
Time spent: 8.75s
- Epoch 020, ExpID 84442
Train - Loss (one batch): 0.00334
Val - Loss, MSE, RMSE, MAE, MAPE: 0.00460, 0.00460, 0.06782, 0.04128, 44.28%
Test - Best epoch, Loss, MSE, RMSE, MAE, MAPE: 14, 0.00452, 0.00452, 0.06721, 0.03640, 32.22%
Time spent: 8.74s
- Epoch 021, ExpID 84442
Train - Loss (one batch): 0.00437
Val - Loss, MSE, RMSE, MAE, MAPE: 0.00440, 0.00440, 0.06631, 0.03884, 37.52%
Test - Best epoch, Loss, MSE, RMSE, MAE, MAPE: 14, 0.00452, 0.00452, 0.06721, 0.03640, 32.22%
Time spent: 8.74s
- Epoch 022, ExpID 84442
Train - Loss (one batch): 0.00297
Val - Loss, MSE, RMSE, MAE, MAPE: 0.00404, 0.00404, 0.06355, 0.03528, 33.36%
Test - Best epoch, Loss, MSE, RMSE, MAE, MAPE: 22, 0.00437, 0.00437, 0.06612, 0.03530, 31.73%
Time spent: 9.93s
- Epoch 023, ExpID 84442
Train - Loss (one batch): 0.00479
Val - Loss, MSE, RMSE, MAE, MAPE: 0.00405, 0.00405, 0.06364, 0.03556, 31.36%
Test - Best epoch, Loss, MSE, RMSE, MAE, MAPE: 22, 0.00437, 0.00437, 0.06612, 0.03530, 31.73%
Time spent: 8.74s
- Epoch 024, ExpID 84442
Train - Loss (one batch): 0.00439
Val - Loss, MSE, RMSE, MAE, MAPE: 0.00413, 0.00413, 0.06427, 0.03635, 26.70%
Test - Best epoch, Loss, MSE, RMSE, MAE, MAPE: 22, 0.00437, 0.00437, 0.06612, 0.03530, 31.73%
Time spent: 8.75s
- Epoch 025, ExpID 84442
Train - Loss (one batch): 0.00415
Val - Loss, MSE, RMSE, MAE, MAPE: 0.00413, 0.00413, 0.06430, 0.03781, 41.00%
Test - Best epoch, Loss, MSE, RMSE, MAE, MAPE: 22, 0.00437, 0.00437, 0.06612, 0.03530, 31.73%
Time spent: 8.74s
- Epoch 026, ExpID 84442
Train - Loss (one batch): 0.00487
Val - Loss, MSE, RMSE, MAE, MAPE: 0.00440, 0.00440, 0.06634, 0.03865, 25.84%
Test - Best epoch, Loss, MSE, RMSE, MAE, MAPE: 22, 0.00437, 0.00437, 0.06612, 0.03530, 31.73%
Time spent: 8.75s
- Epoch 027, ExpID 84442
Train - Loss (one batch): 0.00319
Val - Loss, MSE, RMSE, MAE, MAPE: 0.00408, 0.00408, 0.06385, 0.03559, 36.77%
Test - Best epoch, Loss, MSE, RMSE, MAE, MAPE: 22, 0.00437, 0.00437, 0.06612, 0.03530, 31.73%
Time spent: 8.75s
- Epoch 028, ExpID 84442
Train - Loss (one batch): 0.00313
Val - Loss, MSE, RMSE, MAE, MAPE: 0.00403, 0.00403, 0.06349, 0.03544, 30.42%
Test - Best epoch, Loss, MSE, RMSE, MAE, MAPE: 28, 0.00436, 0.00436, 0.06604, 0.03540, 28.88%
Time spent: 9.94s
- Epoch 029, ExpID 84442
Train - Loss (one batch): 0.00342
Val - Loss, MSE, RMSE, MAE, MAPE: 0.00403, 0.00403, 0.06347, 0.03599, 25.41%
Test - Best epoch, Loss, MSE, RMSE, MAE, MAPE: 29, 0.00435, 0.00435, 0.06595, 0.03593, 23.80%
Time spent: 9.93s
- Epoch 030, ExpID 84442
Train - Loss (one batch): 0.00486
Val - Loss, MSE, RMSE, MAE, MAPE: 0.00409, 0.00409, 0.06394, 0.03705, 33.73%
Test - Best epoch, Loss, MSE, RMSE, MAE, MAPE: 29, 0.00435, 0.00435, 0.06595, 0.03593, 23.80%
Time spent: 8.75s
- Epoch 031, ExpID 84442
Train - Loss (one batch): 0.00415
Val - Loss, MSE, RMSE, MAE, MAPE: 0.00404, 0.00404, 0.06353, 0.03638, 33.92%
Test - Best epoch, Loss, MSE, RMSE, MAE, MAPE: 29, 0.00435, 0.00435, 0.06595, 0.03593, 23.80%
Time spent: 8.75s
- Epoch 032, ExpID 84442
Train - Loss (one batch): 0.00386
Val - Loss, MSE, RMSE, MAE, MAPE: 0.00409, 0.00409, 0.06392, 0.03692, 33.27%
Test - Best epoch, Loss, MSE, RMSE, MAE, MAPE: 29, 0.00435, 0.00435, 0.06595, 0.03593, 23.80%
Time spent: 8.74s
- Epoch 033, ExpID 84442
Train - Loss (one batch): 0.00339
Val - Loss, MSE, RMSE, MAE, MAPE: 0.00403, 0.00403, 0.06352, 0.03605, 31.42%
Test - Best epoch, Loss, MSE, RMSE, MAE, MAPE: 29, 0.00435, 0.00435, 0.06595, 0.03593, 23.80%
Time spent: 8.74s
- Epoch 034, ExpID 84442
Train - Loss (one batch): 0.00317
Val - Loss, MSE, RMSE, MAE, MAPE: 0.00413, 0.00413, 0.06430, 0.03639, 26.32%
Test - Best epoch, Loss, MSE, RMSE, MAE, MAPE: 29, 0.00435, 0.00435, 0.06595, 0.03593, 23.80%
Time spent: 8.75s
- Epoch 035, ExpID 84442
Train - Loss (one batch): 0.00426
Val - Loss, MSE, RMSE, MAE, MAPE: 0.00403, 0.00403, 0.06346, 0.03545, 26.63%
Test - Best epoch, Loss, MSE, RMSE, MAE, MAPE: 35, 0.00441, 0.00441, 0.06639, 0.03552, 24.77%
Time spent: 9.93s
- Epoch 036, ExpID 84442
Train - Loss (one batch): 0.00342
Val - Loss, MSE, RMSE, MAE, MAPE: 0.00428, 0.00428, 0.06539, 0.03796, 35.95%
Test - Best epoch, Loss, MSE, RMSE, MAE, MAPE: 35, 0.00441, 0.00441, 0.06639, 0.03552, 24.77%
Time spent: 8.74s
- Epoch 037, ExpID 84442
Train - Loss (one batch): 0.00282
Val - Loss, MSE, RMSE, MAE, MAPE: 0.00415, 0.00415, 0.06445, 0.03689, 34.54%
Test - Best epoch, Loss, MSE, RMSE, MAE, MAPE: 35, 0.00441, 0.00441, 0.06639, 0.03552, 24.77%
Time spent: 8.75s
- Epoch 038, ExpID 84442
Train - Loss (one batch): 0.00356
Val - Loss, MSE, RMSE, MAE, MAPE: 0.00404, 0.00404, 0.06356, 0.03675, 38.50%
Test - Best epoch, Loss, MSE, RMSE, MAE, MAPE: 35, 0.00441, 0.00441, 0.06639, 0.03552, 24.77%
Time spent: 8.75s
- Epoch 039, ExpID 84442
Train - Loss (one batch): 0.00378
Val - Loss, MSE, RMSE, MAE, MAPE: 0.00420, 0.00420, 0.06484, 0.03770, 37.44%
Test - Best epoch, Loss, MSE, RMSE, MAE, MAPE: 35, 0.00441, 0.00441, 0.06639, 0.03552, 24.77%
Time spent: 8.75s
- Epoch 040, ExpID 84442
Train - Loss (one batch): 0.00464
Val - Loss, MSE, RMSE, MAE, MAPE: 0.00405, 0.00405, 0.06363, 0.03533, 31.75%
Test - Best epoch, Loss, MSE, RMSE, MAE, MAPE: 35, 0.00441, 0.00441, 0.06639, 0.03552, 24.77%
Time spent: 8.75s
- Epoch 041, ExpID 84442
Train - Loss (one batch): 0.00493
Val - Loss, MSE, RMSE, MAE, MAPE: 0.00407, 0.00407, 0.06382, 0.03692, 48.54%
Test - Best epoch, Loss, MSE, RMSE, MAE, MAPE: 35, 0.00441, 0.00441, 0.06639, 0.03552, 24.77%
Time spent: 8.75s
- Epoch 042, ExpID 84442
Train - Loss (one batch): 0.00319
Val - Loss, MSE, RMSE, MAE, MAPE: 0.00399, 0.00399, 0.06314, 0.03560, 36.63%
Test - Best epoch, Loss, MSE, RMSE, MAE, MAPE: 42, 0.00434, 0.00434, 0.06585, 0.03556, 34.70%
Time spent: 9.93s
- Epoch 043, ExpID 84442
Train - Loss (one batch): 0.00360
Val - Loss, MSE, RMSE, MAE, MAPE: 0.00419, 0.00419, 0.06475, 0.03748, 28.06%
Test - Best epoch, Loss, MSE, RMSE, MAE, MAPE: 42, 0.00434, 0.00434, 0.06585, 0.03556, 34.70%
Time spent: 8.75s
- Epoch 044, ExpID 84442
Train - Loss (one batch): 0.00437
Val - Loss, MSE, RMSE, MAE, MAPE: 0.00401, 0.00401, 0.06329, 0.03533, 28.60%
Test - Best epoch, Loss, MSE, RMSE, MAE, MAPE: 42, 0.00434, 0.00434, 0.06585, 0.03556, 34.70%
Time spent: 8.75s
- Epoch 045, ExpID 84442
Train - Loss (one batch): 0.00262
Val - Loss, MSE, RMSE, MAE, MAPE: 0.00399, 0.00399, 0.06317, 0.03530, 30.90%
Test - Best epoch, Loss, MSE, RMSE, MAE, MAPE: 42, 0.00434, 0.00434, 0.06585, 0.03556, 34.70%
Time spent: 8.74s
- Epoch 046, ExpID 84442
Train - Loss (one batch): 0.00472
Val - Loss, MSE, RMSE, MAE, MAPE: 0.00401, 0.00401, 0.06331, 0.03593, 30.40%
Test - Best epoch, Loss, MSE, RMSE, MAE, MAPE: 42, 0.00434, 0.00434, 0.06585, 0.03556, 34.70%
Time spent: 8.74s
- Epoch 047, ExpID 84442
Train - Loss (one batch): 0.00293
Val - Loss, MSE, RMSE, MAE, MAPE: 0.00409, 0.00409, 0.06394, 0.03509, 34.66%
Test - Best epoch, Loss, MSE, RMSE, MAE, MAPE: 42, 0.00434, 0.00434, 0.06585, 0.03556, 34.70%
Time spent: 8.75s
- Epoch 048, ExpID 84442
Train - Loss (one batch): 0.00321
Val - Loss, MSE, RMSE, MAE, MAPE: 0.00402, 0.00402, 0.06344, 0.03631, 36.31%
Test - Best epoch, Loss, MSE, RMSE, MAE, MAPE: 42, 0.00434, 0.00434, 0.06585, 0.03556, 34.70%
Time spent: 8.75s
- Epoch 049, ExpID 84442
Train - Loss (one batch): 0.00325
Val - Loss, MSE, RMSE, MAE, MAPE: 0.00397, 0.00397, 0.06304, 0.03541, 31.85%
Test - Best epoch, Loss, MSE, RMSE, MAE, MAPE: 49, 0.00429, 0.00429, 0.06553, 0.03538, 29.48%
Time spent: 9.94s
- Epoch 050, ExpID 84442
Train - Loss (one batch): 0.00428
Val - Loss, MSE, RMSE, MAE, MAPE: 0.00411, 0.00411, 0.06411, 0.03663, 23.91%
Test - Best epoch, Loss, MSE, RMSE, MAE, MAPE: 49, 0.00429, 0.00429, 0.06553, 0.03538, 29.48%
Time spent: 8.75s
- Epoch 051, ExpID 84442
Train - Loss (one batch): 0.00358
Val - Loss, MSE, RMSE, MAE, MAPE: 0.00397, 0.00397, 0.06302, 0.03531, 32.15%
Test - Best epoch, Loss, MSE, RMSE, MAE, MAPE: 51, 0.00428, 0.00428, 0.06542, 0.03530, 30.62%
Time spent: 9.94s
- Epoch 052, ExpID 84442
Train - Loss (one batch): 0.00455
Val - Loss, MSE, RMSE, MAE, MAPE: 0.00398, 0.00398, 0.06313, 0.03532, 29.20%
Test - Best epoch, Loss, MSE, RMSE, MAE, MAPE: 51, 0.00428, 0.00428, 0.06542, 0.03530, 30.62%
Time spent: 8.74s
- Epoch 053, ExpID 84442
Train - Loss (one batch): 0.00443
Val - Loss, MSE, RMSE, MAE, MAPE: 0.00408, 0.00408, 0.06386, 0.03739, 47.46%
Test - Best epoch, Loss, MSE, RMSE, MAE, MAPE: 51, 0.00428, 0.00428, 0.06542, 0.03530, 30.62%
Time spent: 8.75s
- Epoch 054, ExpID 84442
Train - Loss (one batch): 0.00485
Val - Loss, MSE, RMSE, MAE, MAPE: 0.00401, 0.00401, 0.06331, 0.03563, 38.27%
Test - Best epoch, Loss, MSE, RMSE, MAE, MAPE: 51, 0.00428, 0.00428, 0.06542, 0.03530, 30.62%
Time spent: 8.75s
- Epoch 055, ExpID 84442
Train - Loss (one batch): 0.00296
Val - Loss, MSE, RMSE, MAE, MAPE: 0.00405, 0.00405, 0.06361, 0.03534, 33.28%
Test - Best epoch, Loss, MSE, RMSE, MAE, MAPE: 51, 0.00428, 0.00428, 0.06542, 0.03530, 30.62%
Time spent: 8.75s
- Epoch 056, ExpID 84442
Train - Loss (one batch): 0.00259
Val - Loss, MSE, RMSE, MAE, MAPE: 0.00395, 0.00395, 0.06287, 0.03477, 26.98%
Test - Best epoch, Loss, MSE, RMSE, MAE, MAPE: 56, 0.00430, 0.00430, 0.06558, 0.03480, 25.13%
Time spent: 9.94s
- Epoch 057, ExpID 84442
Train - Loss (one batch): 0.00354
Val - Loss, MSE, RMSE, MAE, MAPE: 0.00398, 0.00398, 0.06309, 0.03519, 40.33%
Test - Best epoch, Loss, MSE, RMSE, MAE, MAPE: 56, 0.00430, 0.00430, 0.06558, 0.03480, 25.13%
Time spent: 8.75s
- Epoch 058, ExpID 84442
Train - Loss (one batch): 0.00347
Val - Loss, MSE, RMSE, MAE, MAPE: 0.00400, 0.00400, 0.06327, 0.03541, 51.30%
Test - Best epoch, Loss, MSE, RMSE, MAE, MAPE: 56, 0.00430, 0.00430, 0.06558, 0.03480, 25.13%
Time spent: 8.74s
- Epoch 059, ExpID 84442
Train - Loss (one batch): 0.00450
Val - Loss, MSE, RMSE, MAE, MAPE: 0.00400, 0.00400, 0.06324, 0.03488, 32.30%
Test - Best epoch, Loss, MSE, RMSE, MAE, MAPE: 56, 0.00430, 0.00430, 0.06558, 0.03480, 25.13%
Time spent: 8.74s
- Epoch 060, ExpID 84442
Train - Loss (one batch): 0.00438
Val - Loss, MSE, RMSE, MAE, MAPE: 0.00411, 0.00411, 0.06412, 0.03667, 32.88%
Test - Best epoch, Loss, MSE, RMSE, MAE, MAPE: 56, 0.00430, 0.00430, 0.06558, 0.03480, 25.13%
Time spent: 8.74s
- Epoch 061, ExpID 84442
Train - Loss (one batch): 0.00288
Val - Loss, MSE, RMSE, MAE, MAPE: 0.00402, 0.00402, 0.06342, 0.03581, 36.64%
Test - Best epoch, Loss, MSE, RMSE, MAE, MAPE: 56, 0.00430, 0.00430, 0.06558, 0.03480, 25.13%
Time spent: 8.73s
- Epoch 062, ExpID 84442
Train - Loss (one batch): 0.00381
Val - Loss, MSE, RMSE, MAE, MAPE: 0.00400, 0.00400, 0.06321, 0.03466, 28.49%
Test - Best epoch, Loss, MSE, RMSE, MAE, MAPE: 56, 0.00430, 0.00430, 0.06558, 0.03480, 25.13%
Time spent: 8.75s
- Epoch 063, ExpID 84442
Train - Loss (one batch): 0.00286
Val - Loss, MSE, RMSE, MAE, MAPE: 0.00403, 0.00403, 0.06351, 0.03576, 49.95%
Test - Best epoch, Loss, MSE, RMSE, MAE, MAPE: 56, 0.00430, 0.00430, 0.06558, 0.03480, 25.13%
Time spent: 8.75s
- Epoch 064, ExpID 84442
Train - Loss (one batch): 0.00401
Val - Loss, MSE, RMSE, MAE, MAPE: 0.00395, 0.00395, 0.06283, 0.03525, 38.90%
Test - Best epoch, Loss, MSE, RMSE, MAE, MAPE: 64, 0.00429, 0.00429, 0.06546, 0.03524, 37.15%
Time spent: 9.94s
- Epoch 065, ExpID 84442
Train - Loss (one batch): 0.00366
Val - Loss, MSE, RMSE, MAE, MAPE: 0.00397, 0.00397, 0.06302, 0.03537, 30.87%
Test - Best epoch, Loss, MSE, RMSE, MAE, MAPE: 64, 0.00429, 0.00429, 0.06546, 0.03524, 37.15%
Time spent: 8.75s
- Epoch 066, ExpID 84442
Train - Loss (one batch): 0.00352
Val - Loss, MSE, RMSE, MAE, MAPE: 0.00399, 0.00399, 0.06315, 0.03511, 27.41%
Test - Best epoch, Loss, MSE, RMSE, MAE, MAPE: 64, 0.00429, 0.00429, 0.06546, 0.03524, 37.15%
Time spent: 8.74s
- Epoch 067, ExpID 84442
Train - Loss (one batch): 0.00323
Val - Loss, MSE, RMSE, MAE, MAPE: 0.00398, 0.00398, 0.06307, 0.03491, 28.58%
Test - Best epoch, Loss, MSE, RMSE, MAE, MAPE: 64, 0.00429, 0.00429, 0.06546, 0.03524, 37.15%
Time spent: 8.74s
- Epoch 068, ExpID 84442
Train - Loss (one batch): 0.00288
Val - Loss, MSE, RMSE, MAE, MAPE: 0.00402, 0.00402, 0.06341, 0.03526, 35.11%
Test - Best epoch, Loss, MSE, RMSE, MAE, MAPE: 64, 0.00429, 0.00429, 0.06546, 0.03524, 37.15%
Time spent: 8.73s
- Epoch 069, ExpID 84442
Train - Loss (one batch): 0.00294
Val - Loss, MSE, RMSE, MAE, MAPE: 0.00402, 0.00402, 0.06341, 0.03529, 25.69%
Test - Best epoch, Loss, MSE, RMSE, MAE, MAPE: 64, 0.00429, 0.00429, 0.06546, 0.03524, 37.15%
Time spent: 8.74s
- Epoch 070, ExpID 84442
Train - Loss (one batch): 0.00454
Val - Loss, MSE, RMSE, MAE, MAPE: 0.00404, 0.00404, 0.06356, 0.03627, 36.44%
Test - Best epoch, Loss, MSE, RMSE, MAE, MAPE: 64, 0.00429, 0.00429, 0.06546, 0.03524, 37.15%
Time spent: 8.73s
- Epoch 071, ExpID 84442
Train - Loss (one batch): 0.00382
Val - Loss, MSE, RMSE, MAE, MAPE: 0.00398, 0.00398, 0.06310, 0.03502, 38.41%
Test - Best epoch, Loss, MSE, RMSE, MAE, MAPE: 64, 0.00429, 0.00429, 0.06546, 0.03524, 37.15%
Time spent: 8.75s
- Epoch 072, ExpID 84442
Train - Loss (one batch): 0.00386
Val - Loss, MSE, RMSE, MAE, MAPE: 0.00403, 0.00403, 0.06347, 0.03521, 29.80%
Test - Best epoch, Loss, MSE, RMSE, MAE, MAPE: 64, 0.00429, 0.00429, 0.06546, 0.03524, 37.15%
Time spent: 8.75s
- Epoch 073, ExpID 84442
Train - Loss (one batch): 0.00451
Val - Loss, MSE, RMSE, MAE, MAPE: 0.00403, 0.00403, 0.06350, 0.03494, 26.32%
Test - Best epoch, Loss, MSE, RMSE, MAE, MAPE: 64, 0.00429, 0.00429, 0.06546, 0.03524, 37.15%
Time spent: 8.75s
- Epoch 074, ExpID 84442
Train - Loss (one batch): 0.00329
Val - Loss, MSE, RMSE, MAE, MAPE: 0.00406, 0.00406, 0.06375, 0.03565, 28.71%
Test - Best epoch, Loss, MSE, RMSE, MAE, MAPE: 64, 0.00429, 0.00429, 0.06546, 0.03524, 37.15%
Time spent: 8.75s
- Epoch 075, ExpID 84442
Train - Loss (one batch): 0.00426
Val - Loss, MSE, RMSE, MAE, MAPE: 0.00405, 0.00405, 0.06366, 0.03558, 33.68%
Test - Best epoch, Loss, MSE, RMSE, MAE, MAPE: 64, 0.00429, 0.00429, 0.06546, 0.03524, 37.15%
Time spent: 8.75s
- Epoch 076, ExpID 84442
Train - Loss (one batch): 0.00302
Val - Loss, MSE, RMSE, MAE, MAPE: 0.00421, 0.00421, 0.06487, 0.03628, 24.59%
Test - Best epoch, Loss, MSE, RMSE, MAE, MAPE: 64, 0.00429, 0.00429, 0.06546, 0.03524, 37.15%
Time spent: 8.75s
- Epoch 077, ExpID 84442
Train - Loss (one batch): 0.00332
Val - Loss, MSE, RMSE, MAE, MAPE: 0.00408, 0.00408, 0.06390, 0.03560, 37.79%
Test - Best epoch, Loss, MSE, RMSE, MAE, MAPE: 64, 0.00429, 0.00429, 0.06546, 0.03524, 37.15%
Time spent: 8.74s
- Epoch 078, ExpID 84442
Train - Loss (one batch): 0.00388
Val - Loss, MSE, RMSE, MAE, MAPE: 0.00401, 0.00401, 0.06335, 0.03551, 39.87%
Test - Best epoch, Loss, MSE, RMSE, MAE, MAPE: 64, 0.00429, 0.00429, 0.06546, 0.03524, 37.15%
Time spent: 8.74s
- Epoch 079, ExpID 84442
Train - Loss (one batch): 0.00314
Val - Loss, MSE, RMSE, MAE, MAPE: 0.00398, 0.00398, 0.06309, 0.03545, 43.12%
Test - Best epoch, Loss, MSE, RMSE, MAE, MAPE: 64, 0.00429, 0.00429, 0.06546, 0.03524, 37.15%
Time spent: 8.74s
- Epoch 080, ExpID 84442
Train - Loss (one batch): 0.00408
Val - Loss, MSE, RMSE, MAE, MAPE: 0.00408, 0.00408, 0.06386, 0.03540, 25.40%
Test - Best epoch, Loss, MSE, RMSE, MAE, MAPE: 64, 0.00429, 0.00429, 0.06546, 0.03524, 37.15%
Time spent: 8.75s
- Epoch 081, ExpID 84442
Train - Loss (one batch): 0.00356
Val - Loss, MSE, RMSE, MAE, MAPE: 0.00410, 0.00410, 0.06400, 0.03564, 27.28%
Test - Best epoch, Loss, MSE, RMSE, MAE, MAPE: 64, 0.00429, 0.00429, 0.06546, 0.03524, 37.15%
Time spent: 8.75s
- Epoch 082, ExpID 84442
Train - Loss (one batch): 0.00318
Val - Loss, MSE, RMSE, MAE, MAPE: 0.00403, 0.00403, 0.06350, 0.03579, 34.95%
Test - Best epoch, Loss, MSE, RMSE, MAE, MAPE: 64, 0.00429, 0.00429, 0.06546, 0.03524, 37.15%
Time spent: 8.75s
- Epoch 083, ExpID 84442
Train - Loss (one batch): 0.00344
Val - Loss, MSE, RMSE, MAE, MAPE: 0.00415, 0.00415, 0.06439, 0.03642, 24.53%
Test - Best epoch, Loss, MSE, RMSE, MAE, MAPE: 64, 0.00429, 0.00429, 0.06546, 0.03524, 37.15%
Time spent: 8.74s
- Epoch 084, ExpID 84442
Train - Loss (one batch): 0.00312
Val - Loss, MSE, RMSE, MAE, MAPE: 0.00408, 0.00408, 0.06387, 0.03556, 27.19%
Test - Best epoch, Loss, MSE, RMSE, MAE, MAPE: 64, 0.00429, 0.00429, 0.06546, 0.03524, 37.15%
Time spent: 8.76s
- Epoch 085, ExpID 84442
Train - Loss (one batch): 0.00285
Val - Loss, MSE, RMSE, MAE, MAPE: 0.00401, 0.00401, 0.06334, 0.03506, 30.90%
Test - Best epoch, Loss, MSE, RMSE, MAE, MAPE: 64, 0.00429, 0.00429, 0.06546, 0.03524, 37.15%
Time spent: 8.74s
- Epoch 086, ExpID 84442
Train - Loss (one batch): 0.00368
Val - Loss, MSE, RMSE, MAE, MAPE: 0.00409, 0.00409, 0.06395, 0.03533, 30.29%
Test - Best epoch, Loss, MSE, RMSE, MAE, MAPE: 64, 0.00429, 0.00429, 0.06546, 0.03524, 37.15%
Time spent: 8.75s
- Epoch 087, ExpID 84442
Train - Loss (one batch): 0.00295
Val - Loss, MSE, RMSE, MAE, MAPE: 0.00408, 0.00408, 0.06385, 0.03574, 30.53%
Test - Best epoch, Loss, MSE, RMSE, MAE, MAPE: 64, 0.00429, 0.00429, 0.06546, 0.03524, 37.15%
Time spent: 8.75s
- Epoch 088, ExpID 84442
Train - Loss (one batch): 0.00268
Val - Loss, MSE, RMSE, MAE, MAPE: 0.00417, 0.00417, 0.06458, 0.03660, 36.17%
Test - Best epoch, Loss, MSE, RMSE, MAE, MAPE: 64, 0.00429, 0.00429, 0.06546, 0.03524, 37.15%
Time spent: 8.74s
- Epoch 089, ExpID 84442
Train - Loss (one batch): 0.00334
Val - Loss, MSE, RMSE, MAE, MAPE: 0.00405, 0.00405, 0.06364, 0.03529, 25.70%
Test - Best epoch, Loss, MSE, RMSE, MAE, MAPE: 64, 0.00429, 0.00429, 0.06546, 0.03524, 37.15%
Time spent: 8.75s
/home/ouass/Test/MSP-IMTS/tPatchGNN/run_models.py
2026-03-09 03:38:37
run_models.py --dataset physionet --history 24 --quantization 1.0 --hid_dim 64 --te_dim 10 --node_dim 10 --nlayer 1 --tf_layer 1 --nhead 1 --batch_size 32 --lr 1e-3 --patience 25 --epoch 600 --seed 4 --gpu 0 --metric global --multi_scales 4,8,12 --multi_strides 4,8,12 --fusion gated
Namespace(multi_scales='4,8,12', multi_strides='4,8,12', fusion='gated', state='def', n=100000000, hop=1, nhead=1, tf_layer=1, nlayer=1, epoch=600, patience=25, history=24, patch_size=24, stride=24, logmode='a', lr=0.001, w_decay=0.0, batch_size=32, save='experiments/', load=None, seed=4, dataset='physionet', quantization=1.0, model='tPatchGNN', outlayer='Linear', hid_dim=64, te_dim=10, node_dim=10, gpu='0', metric='global', npatch=1, device=device(type='cuda'), PID=1965291, ndim=41)
- Epoch 000, ExpID 71412
Train - Loss (one batch): 0.00789
Val - Loss, MSE, RMSE, MAE, MAPE: 0.00666, 0.00666, 0.08159, 0.05084, 68.40%
Test - Best epoch, Loss, MSE, RMSE, MAE, MAPE: 0, 0.00709, 0.00709, 0.08420, 0.05082, 65.89%
Time spent: 9.98s
- Epoch 001, ExpID 71412
Train - Loss (one batch): 0.00495
Val - Loss, MSE, RMSE, MAE, MAPE: 0.00578, 0.00578, 0.07602, 0.05032, 54.32%
Test - Best epoch, Loss, MSE, RMSE, MAE, MAPE: 1, 0.00618, 0.00618, 0.07859, 0.05043, 52.13%
Time spent: 9.94s
- Epoch 002, ExpID 71412
Train - Loss (one batch): 0.00485
Val - Loss, MSE, RMSE, MAE, MAPE: 0.00464, 0.00464, 0.06809, 0.04011, 39.83%
Test - Best epoch, Loss, MSE, RMSE, MAE, MAPE: 2, 0.00505, 0.00505, 0.07106, 0.04029, 38.15%
Time spent: 9.95s
- Epoch 003, ExpID 71412
Train - Loss (one batch): 0.00570
Val - Loss, MSE, RMSE, MAE, MAPE: 0.00452, 0.00452, 0.06724, 0.03931, 53.42%
Test - Best epoch, Loss, MSE, RMSE, MAE, MAPE: 3, 0.00485, 0.00485, 0.06967, 0.03925, 51.35%
Time spent: 9.94s
- Epoch 004, ExpID 71412
Train - Loss (one batch): 0.00344
Val - Loss, MSE, RMSE, MAE, MAPE: 0.00449, 0.00449, 0.06700, 0.03898, 25.62%
Test - Best epoch, Loss, MSE, RMSE, MAE, MAPE: 4, 0.00485, 0.00485, 0.06965, 0.03903, 24.08%
Time spent: 9.94s
- Epoch 005, ExpID 71412
Train - Loss (one batch): 0.00456
Val - Loss, MSE, RMSE, MAE, MAPE: 0.00440, 0.00440, 0.06634, 0.03896, 40.17%
Test - Best epoch, Loss, MSE, RMSE, MAE, MAPE: 5, 0.00478, 0.00478, 0.06912, 0.03895, 38.03%
Time spent: 9.93s
- Epoch 006, ExpID 71412
Train - Loss (one batch): 0.00382
Val - Loss, MSE, RMSE, MAE, MAPE: 0.00452, 0.00452, 0.06723, 0.03962, 37.19%
Test - Best epoch, Loss, MSE, RMSE, MAE, MAPE: 5, 0.00478, 0.00478, 0.06912, 0.03895, 38.03%
Time spent: 8.75s
- Epoch 007, ExpID 71412
Train - Loss (one batch): 0.00347
Val - Loss, MSE, RMSE, MAE, MAPE: 0.00509, 0.00509, 0.07132, 0.04346, 26.58%
Test - Best epoch, Loss, MSE, RMSE, MAE, MAPE: 5, 0.00478, 0.00478, 0.06912, 0.03895, 38.03%
Time spent: 8.76s
- Epoch 008, ExpID 71412
Train - Loss (one batch): 0.00294
Val - Loss, MSE, RMSE, MAE, MAPE: 0.00451, 0.00451, 0.06712, 0.04006, 31.28%
Test - Best epoch, Loss, MSE, RMSE, MAE, MAPE: 5, 0.00478, 0.00478, 0.06912, 0.03895, 38.03%
Time spent: 8.75s
- Epoch 009, ExpID 71412
Train - Loss (one batch): 0.00344
Val - Loss, MSE, RMSE, MAE, MAPE: 0.00432, 0.00432, 0.06572, 0.03825, 33.46%
Test - Best epoch, Loss, MSE, RMSE, MAE, MAPE: 9, 0.00464, 0.00464, 0.06810, 0.03822, 31.52%
Time spent: 9.94s
- Epoch 010, ExpID 71412
Train - Loss (one batch): 0.00423
Val - Loss, MSE, RMSE, MAE, MAPE: 0.00416, 0.00416, 0.06450, 0.03641, 34.60%
Test - Best epoch, Loss, MSE, RMSE, MAE, MAPE: 10, 0.00449, 0.00449, 0.06702, 0.03628, 32.74%
Time spent: 9.95s
- Epoch 011, ExpID 71412
Train - Loss (one batch): 0.00453
Val - Loss, MSE, RMSE, MAE, MAPE: 0.00423, 0.00423, 0.06506, 0.03782, 48.63%
Test - Best epoch, Loss, MSE, RMSE, MAE, MAPE: 10, 0.00449, 0.00449, 0.06702, 0.03628, 32.74%
Time spent: 8.76s
- Epoch 012, ExpID 71412
Train - Loss (one batch): 0.00423
Val - Loss, MSE, RMSE, MAE, MAPE: 0.00468, 0.00468, 0.06842, 0.04159, 31.37%
Test - Best epoch, Loss, MSE, RMSE, MAE, MAPE: 10, 0.00449, 0.00449, 0.06702, 0.03628, 32.74%
Time spent: 8.76s
- Epoch 013, ExpID 71412
Train - Loss (one batch): 0.00417
Val - Loss, MSE, RMSE, MAE, MAPE: 0.00431, 0.00431, 0.06567, 0.03934, 52.55%
Test - Best epoch, Loss, MSE, RMSE, MAE, MAPE: 10, 0.00449, 0.00449, 0.06702, 0.03628, 32.74%
Time spent: 8.76s
- Epoch 014, ExpID 71412
Train - Loss (one batch): 0.00418
Val - Loss, MSE, RMSE, MAE, MAPE: 0.00419, 0.00419, 0.06472, 0.03671, 43.18%
Test - Best epoch, Loss, MSE, RMSE, MAE, MAPE: 10, 0.00449, 0.00449, 0.06702, 0.03628, 32.74%
Time spent: 8.74s
- Epoch 015, ExpID 71412
Train - Loss (one batch): 0.00420
Val - Loss, MSE, RMSE, MAE, MAPE: 0.00415, 0.00415, 0.06440, 0.03668, 31.53%
Test - Best epoch, Loss, MSE, RMSE, MAE, MAPE: 15, 0.00445, 0.00445, 0.06670, 0.03660, 29.56%
Time spent: 9.93s
- Epoch 016, ExpID 71412
Train - Loss (one batch): 0.00417
Val - Loss, MSE, RMSE, MAE, MAPE: 0.00417, 0.00417, 0.06456, 0.03544, 28.55%
Test - Best epoch, Loss, MSE, RMSE, MAE, MAPE: 15, 0.00445, 0.00445, 0.06670, 0.03660, 29.56%
Time spent: 8.75s
- Epoch 017, ExpID 71412
Train - Loss (one batch): 0.00388
Val - Loss, MSE, RMSE, MAE, MAPE: 0.00420, 0.00420, 0.06482, 0.03652, 27.34%
Test - Best epoch, Loss, MSE, RMSE, MAE, MAPE: 15, 0.00445, 0.00445, 0.06670, 0.03660, 29.56%
Time spent: 8.75s
- Epoch 018, ExpID 71412
Train - Loss (one batch): 0.00359
Val - Loss, MSE, RMSE, MAE, MAPE: 0.00426, 0.00426, 0.06523, 0.03743, 28.50%
Test - Best epoch, Loss, MSE, RMSE, MAE, MAPE: 15, 0.00445, 0.00445, 0.06670, 0.03660, 29.56%
Time spent: 8.75s
- Epoch 019, ExpID 71412
Train - Loss (one batch): 0.00495
Val - Loss, MSE, RMSE, MAE, MAPE: 0.00414, 0.00414, 0.06437, 0.03614, 45.06%
Test - Best epoch, Loss, MSE, RMSE, MAE, MAPE: 19, 0.00451, 0.00451, 0.06712, 0.03616, 42.73%
Time spent: 9.94s
- Epoch 020, ExpID 71412
Train - Loss (one batch): 0.00332
Val - Loss, MSE, RMSE, MAE, MAPE: 0.00427, 0.00427, 0.06532, 0.03817, 29.98%
Test - Best epoch, Loss, MSE, RMSE, MAE, MAPE: 19, 0.00451, 0.00451, 0.06712, 0.03616, 42.73%
Time spent: 8.76s
- Epoch 021, ExpID 71412
Train - Loss (one batch): 0.00399
Val - Loss, MSE, RMSE, MAE, MAPE: 0.00419, 0.00419, 0.06473, 0.03707, 30.55%
Test - Best epoch, Loss, MSE, RMSE, MAE, MAPE: 19, 0.00451, 0.00451, 0.06712, 0.03616, 42.73%
Time spent: 8.76s
- Epoch 022, ExpID 71412
Train - Loss (one batch): 0.00351
Val - Loss, MSE, RMSE, MAE, MAPE: 0.00416, 0.00416, 0.06452, 0.03629, 34.34%
Test - Best epoch, Loss, MSE, RMSE, MAE, MAPE: 19, 0.00451, 0.00451, 0.06712, 0.03616, 42.73%
Time spent: 8.75s
- Epoch 023, ExpID 71412
Train - Loss (one batch): 0.00273
Val - Loss, MSE, RMSE, MAE, MAPE: 0.00415, 0.00415, 0.06440, 0.03737, 46.67%
Test - Best epoch, Loss, MSE, RMSE, MAE, MAPE: 19, 0.00451, 0.00451, 0.06712, 0.03616, 42.73%
Time spent: 8.75s
- Epoch 024, ExpID 71412
Train - Loss (one batch): 0.00426
Val - Loss, MSE, RMSE, MAE, MAPE: 0.00406, 0.00406, 0.06374, 0.03543, 29.95%
Test - Best epoch, Loss, MSE, RMSE, MAE, MAPE: 24, 0.00437, 0.00437, 0.06609, 0.03538, 27.77%
Time spent: 9.94s
- Epoch 025, ExpID 71412
Train - Loss (one batch): 0.00408
Val - Loss, MSE, RMSE, MAE, MAPE: 0.00426, 0.00426, 0.06524, 0.03708, 26.14%
Test - Best epoch, Loss, MSE, RMSE, MAE, MAPE: 24, 0.00437, 0.00437, 0.06609, 0.03538, 27.77%
Time spent: 8.75s
- Epoch 026, ExpID 71412
Train - Loss (one batch): 0.00427
Val - Loss, MSE, RMSE, MAE, MAPE: 0.00426, 0.00426, 0.06529, 0.03756, 32.90%
Test - Best epoch, Loss, MSE, RMSE, MAE, MAPE: 24, 0.00437, 0.00437, 0.06609, 0.03538, 27.77%
Time spent: 8.73s
- Epoch 027, ExpID 71412
Train - Loss (one batch): 0.00373
Val - Loss, MSE, RMSE, MAE, MAPE: 0.00411, 0.00411, 0.06408, 0.03577, 36.20%
Test - Best epoch, Loss, MSE, RMSE, MAE, MAPE: 24, 0.00437, 0.00437, 0.06609, 0.03538, 27.77%
Time spent: 8.75s
- Epoch 028, ExpID 71412
Train - Loss (one batch): 0.00620
Val - Loss, MSE, RMSE, MAE, MAPE: 0.00421, 0.00421, 0.06490, 0.03738, 26.93%
Test - Best epoch, Loss, MSE, RMSE, MAE, MAPE: 24, 0.00437, 0.00437, 0.06609, 0.03538, 27.77%
Time spent: 8.75s
- Epoch 029, ExpID 71412
Train - Loss (one batch): 0.00342
Val - Loss, MSE, RMSE, MAE, MAPE: 0.00429, 0.00429, 0.06552, 0.03813, 32.54%
Test - Best epoch, Loss, MSE, RMSE, MAE, MAPE: 24, 0.00437, 0.00437, 0.06609, 0.03538, 27.77%
Time spent: 8.75s
- Epoch 030, ExpID 71412
Train - Loss (one batch): 0.00350
Val - Loss, MSE, RMSE, MAE, MAPE: 0.00424, 0.00424, 0.06510, 0.03692, 27.44%
Test - Best epoch, Loss, MSE, RMSE, MAE, MAPE: 24, 0.00437, 0.00437, 0.06609, 0.03538, 27.77%
Time spent: 8.75s
- Epoch 031, ExpID 71412
Train - Loss (one batch): 0.00327
Val - Loss, MSE, RMSE, MAE, MAPE: 0.00421, 0.00421, 0.06490, 0.03731, 52.18%
Test - Best epoch, Loss, MSE, RMSE, MAE, MAPE: 24, 0.00437, 0.00437, 0.06609, 0.03538, 27.77%
Time spent: 8.75s
- Epoch 032, ExpID 71412
Train - Loss (one batch): 0.00441
Val - Loss, MSE, RMSE, MAE, MAPE: 0.00421, 0.00421, 0.06486, 0.03675, 33.95%
Test - Best epoch, Loss, MSE, RMSE, MAE, MAPE: 24, 0.00437, 0.00437, 0.06609, 0.03538, 27.77%
Time spent: 8.74s
- Epoch 033, ExpID 71412
Train - Loss (one batch): 0.00347
Val - Loss, MSE, RMSE, MAE, MAPE: 0.00422, 0.00422, 0.06500, 0.03728, 45.42%
Test - Best epoch, Loss, MSE, RMSE, MAE, MAPE: 24, 0.00437, 0.00437, 0.06609, 0.03538, 27.77%
Time spent: 8.74s
- Epoch 034, ExpID 71412
Train - Loss (one batch): 0.00281
Val - Loss, MSE, RMSE, MAE, MAPE: 0.00429, 0.00429, 0.06552, 0.03706, 31.00%
Test - Best epoch, Loss, MSE, RMSE, MAE, MAPE: 24, 0.00437, 0.00437, 0.06609, 0.03538, 27.77%
Time spent: 8.74s
- Epoch 035, ExpID 71412
Train - Loss (one batch): 0.00324
Val - Loss, MSE, RMSE, MAE, MAPE: 0.00417, 0.00417, 0.06456, 0.03685, 49.18%
Test - Best epoch, Loss, MSE, RMSE, MAE, MAPE: 24, 0.00437, 0.00437, 0.06609, 0.03538, 27.77%
Time spent: 8.74s
- Epoch 036, ExpID 71412
Train - Loss (one batch): 0.00445
Val - Loss, MSE, RMSE, MAE, MAPE: 0.00408, 0.00408, 0.06391, 0.03537, 26.54%
Test - Best epoch, Loss, MSE, RMSE, MAE, MAPE: 24, 0.00437, 0.00437, 0.06609, 0.03538, 27.77%
Time spent: 8.75s
- Epoch 037, ExpID 71412
Train - Loss (one batch): 0.00380
Val - Loss, MSE, RMSE, MAE, MAPE: 0.00412, 0.00412, 0.06420, 0.03677, 28.86%
Test - Best epoch, Loss, MSE, RMSE, MAE, MAPE: 24, 0.00437, 0.00437, 0.06609, 0.03538, 27.77%
Time spent: 8.75s
- Epoch 038, ExpID 71412
Train - Loss (one batch): 0.00300
Val - Loss, MSE, RMSE, MAE, MAPE: 0.00425, 0.00425, 0.06519, 0.03757, 50.99%
Test - Best epoch, Loss, MSE, RMSE, MAE, MAPE: 24, 0.00437, 0.00437, 0.06609, 0.03538, 27.77%
Time spent: 8.75s
- Epoch 039, ExpID 71412
Train - Loss (one batch): 0.00365
Val - Loss, MSE, RMSE, MAE, MAPE: 0.00437, 0.00437, 0.06607, 0.03800, 26.70%
Test - Best epoch, Loss, MSE, RMSE, MAE, MAPE: 24, 0.00437, 0.00437, 0.06609, 0.03538, 27.77%
Time spent: 8.75s
- Epoch 040, ExpID 71412
Train - Loss (one batch): 0.00317
Val - Loss, MSE, RMSE, MAE, MAPE: 0.00421, 0.00421, 0.06486, 0.03710, 40.22%
Test - Best epoch, Loss, MSE, RMSE, MAE, MAPE: 24, 0.00437, 0.00437, 0.06609, 0.03538, 27.77%
Time spent: 8.75s
- Epoch 041, ExpID 71412
Train - Loss (one batch): 0.00359
Val - Loss, MSE, RMSE, MAE, MAPE: 0.00411, 0.00411, 0.06409, 0.03537, 33.49%
Test - Best epoch, Loss, MSE, RMSE, MAE, MAPE: 24, 0.00437, 0.00437, 0.06609, 0.03538, 27.77%
Time spent: 8.76s
- Epoch 042, ExpID 71412
Train - Loss (one batch): 0.00328
Val - Loss, MSE, RMSE, MAE, MAPE: 0.00406, 0.00406, 0.06371, 0.03623, 49.39%
Test - Best epoch, Loss, MSE, RMSE, MAE, MAPE: 42, 0.00437, 0.00437, 0.06612, 0.03619, 46.94%
Time spent: 9.94s
- Epoch 043, ExpID 71412
Train - Loss (one batch): 0.00627
Val - Loss, MSE, RMSE, MAE, MAPE: 0.00410, 0.00410, 0.06403, 0.03566, 27.32%
Test - Best epoch, Loss, MSE, RMSE, MAE, MAPE: 42, 0.00437, 0.00437, 0.06612, 0.03619, 46.94%
Time spent: 8.75s
- Epoch 044, ExpID 71412
Train - Loss (one batch): 0.00474
Val - Loss, MSE, RMSE, MAE, MAPE: 0.00407, 0.00407, 0.06381, 0.03555, 37.08%
Test - Best epoch, Loss, MSE, RMSE, MAE, MAPE: 42, 0.00437, 0.00437, 0.06612, 0.03619, 46.94%
Time spent: 8.74s
- Epoch 045, ExpID 71412
Train - Loss (one batch): 0.00356
Val - Loss, MSE, RMSE, MAE, MAPE: 0.00406, 0.00406, 0.06374, 0.03508, 25.12%
Test - Best epoch, Loss, MSE, RMSE, MAE, MAPE: 42, 0.00437, 0.00437, 0.06612, 0.03619, 46.94%
Time spent: 8.75s
- Epoch 046, ExpID 71412
Train - Loss (one batch): 0.00486
Val - Loss, MSE, RMSE, MAE, MAPE: 0.00411, 0.00411, 0.06407, 0.03606, 39.01%
Test - Best epoch, Loss, MSE, RMSE, MAE, MAPE: 42, 0.00437, 0.00437, 0.06612, 0.03619, 46.94%
Time spent: 8.75s
- Epoch 047, ExpID 71412
Train - Loss (one batch): 0.00372
Val - Loss, MSE, RMSE, MAE, MAPE: 0.00423, 0.00423, 0.06505, 0.03675, 26.74%
Test - Best epoch, Loss, MSE, RMSE, MAE, MAPE: 42, 0.00437, 0.00437, 0.06612, 0.03619, 46.94%
Time spent: 8.76s
- Epoch 048, ExpID 71412
Train - Loss (one batch): 0.00547
Val - Loss, MSE, RMSE, MAE, MAPE: 0.00410, 0.00410, 0.06404, 0.03600, 25.78%
Test - Best epoch, Loss, MSE, RMSE, MAE, MAPE: 42, 0.00437, 0.00437, 0.06612, 0.03619, 46.94%
Time spent: 8.75s
- Epoch 049, ExpID 71412
Train - Loss (one batch): 0.00288
Val - Loss, MSE, RMSE, MAE, MAPE: 0.00410, 0.00410, 0.06401, 0.03518, 33.16%
Test - Best epoch, Loss, MSE, RMSE, MAE, MAPE: 42, 0.00437, 0.00437, 0.06612, 0.03619, 46.94%
Time spent: 8.76s
- Epoch 050, ExpID 71412
Train - Loss (one batch): 0.00359
Val - Loss, MSE, RMSE, MAE, MAPE: 0.00409, 0.00409, 0.06393, 0.03519, 37.28%
Test - Best epoch, Loss, MSE, RMSE, MAE, MAPE: 42, 0.00437, 0.00437, 0.06612, 0.03619, 46.94%
Time spent: 8.76s
- Epoch 051, ExpID 71412
Train - Loss (one batch): 0.00480
Val - Loss, MSE, RMSE, MAE, MAPE: 0.00416, 0.00416, 0.06448, 0.03550, 27.34%
Test - Best epoch, Loss, MSE, RMSE, MAE, MAPE: 42, 0.00437, 0.00437, 0.06612, 0.03619, 46.94%
Time spent: 8.75s
- Epoch 052, ExpID 71412
Train - Loss (one batch): 0.00284
Val - Loss, MSE, RMSE, MAE, MAPE: 0.00422, 0.00422, 0.06497, 0.03704, 40.88%
Test - Best epoch, Loss, MSE, RMSE, MAE, MAPE: 42, 0.00437, 0.00437, 0.06612, 0.03619, 46.94%
Time spent: 8.75s
- Epoch 053, ExpID 71412
Train - Loss (one batch): 0.00333
Val - Loss, MSE, RMSE, MAE, MAPE: 0.00410, 0.00410, 0.06400, 0.03516, 27.01%
Test - Best epoch, Loss, MSE, RMSE, MAE, MAPE: 42, 0.00437, 0.00437, 0.06612, 0.03619, 46.94%
Time spent: 8.75s
- Epoch 054, ExpID 71412
Train - Loss (one batch): 0.00252
Val - Loss, MSE, RMSE, MAE, MAPE: 0.00422, 0.00422, 0.06498, 0.03628, 28.67%
Test - Best epoch, Loss, MSE, RMSE, MAE, MAPE: 42, 0.00437, 0.00437, 0.06612, 0.03619, 46.94%
Time spent: 8.75s
- Epoch 055, ExpID 71412
Train - Loss (one batch): 0.00322
Val - Loss, MSE, RMSE, MAE, MAPE: 0.00410, 0.00410, 0.06404, 0.03573, 33.77%
Test - Best epoch, Loss, MSE, RMSE, MAE, MAPE: 42, 0.00437, 0.00437, 0.06612, 0.03619, 46.94%
Time spent: 8.73s
- Epoch 056, ExpID 71412
Train - Loss (one batch): 0.00317
Val - Loss, MSE, RMSE, MAE, MAPE: 0.00406, 0.00406, 0.06372, 0.03504, 32.43%
Test - Best epoch, Loss, MSE, RMSE, MAE, MAPE: 42, 0.00437, 0.00437, 0.06612, 0.03619, 46.94%
Time spent: 8.75s
- Epoch 057, ExpID 71412
Train - Loss (one batch): 0.00406
Val - Loss, MSE, RMSE, MAE, MAPE: 0.00426, 0.00426, 0.06530, 0.03754, 28.08%
Test - Best epoch, Loss, MSE, RMSE, MAE, MAPE: 42, 0.00437, 0.00437, 0.06612, 0.03619, 46.94%
Time spent: 8.74s
- Epoch 058, ExpID 71412
Train - Loss (one batch): 0.00357
Val - Loss, MSE, RMSE, MAE, MAPE: 0.00404, 0.00404, 0.06354, 0.03496, 37.15%
Test - Best epoch, Loss, MSE, RMSE, MAE, MAPE: 58, 0.00438, 0.00438, 0.06616, 0.03495, 35.38%
Time spent: 9.94s
- Epoch 059, ExpID 71412
Train - Loss (one batch): 0.00346
Val - Loss, MSE, RMSE, MAE, MAPE: 0.00416, 0.00416, 0.06453, 0.03699, 27.60%
Test - Best epoch, Loss, MSE, RMSE, MAE, MAPE: 58, 0.00438, 0.00438, 0.06616, 0.03495, 35.38%
Time spent: 8.75s
- Epoch 060, ExpID 71412
Train - Loss (one batch): 0.00432
Val - Loss, MSE, RMSE, MAE, MAPE: 0.00412, 0.00412, 0.06415, 0.03620, 44.31%
Test - Best epoch, Loss, MSE, RMSE, MAE, MAPE: 58, 0.00438, 0.00438, 0.06616, 0.03495, 35.38%
Time spent: 8.76s
- Epoch 061, ExpID 71412
Train - Loss (one batch): 0.00355
Val - Loss, MSE, RMSE, MAE, MAPE: 0.00411, 0.00411, 0.06410, 0.03513, 28.83%
Test - Best epoch, Loss, MSE, RMSE, MAE, MAPE: 58, 0.00438, 0.00438, 0.06616, 0.03495, 35.38%
Time spent: 8.75s
- Epoch 062, ExpID 71412
Train - Loss (one batch): 0.00286
Val - Loss, MSE, RMSE, MAE, MAPE: 0.00423, 0.00423, 0.06507, 0.03670, 25.46%
Test - Best epoch, Loss, MSE, RMSE, MAE, MAPE: 58, 0.00438, 0.00438, 0.06616, 0.03495, 35.38%
Time spent: 8.75s
- Epoch 063, ExpID 71412
Train - Loss (one batch): 0.00390
Val - Loss, MSE, RMSE, MAE, MAPE: 0.00407, 0.00407, 0.06383, 0.03549, 29.19%
Test - Best epoch, Loss, MSE, RMSE, MAE, MAPE: 58, 0.00438, 0.00438, 0.06616, 0.03495, 35.38%
Time spent: 8.75s
- Epoch 064, ExpID 71412
Train - Loss (one batch): 0.00345
Val - Loss, MSE, RMSE, MAE, MAPE: 0.00423, 0.00423, 0.06502, 0.03601, 27.55%
Test - Best epoch, Loss, MSE, RMSE, MAE, MAPE: 58, 0.00438, 0.00438, 0.06616, 0.03495, 35.38%
Time spent: 8.74s
- Epoch 065, ExpID 71412
Train - Loss (one batch): 0.00331
Val - Loss, MSE, RMSE, MAE, MAPE: 0.00416, 0.00416, 0.06451, 0.03705, 33.97%
Test - Best epoch, Loss, MSE, RMSE, MAE, MAPE: 58, 0.00438, 0.00438, 0.06616, 0.03495, 35.38%
Time spent: 8.75s
- Epoch 066, ExpID 71412
Train - Loss (one batch): 0.00340
Val - Loss, MSE, RMSE, MAE, MAPE: 0.00414, 0.00414, 0.06436, 0.03544, 32.37%
Test - Best epoch, Loss, MSE, RMSE, MAE, MAPE: 58, 0.00438, 0.00438, 0.06616, 0.03495, 35.38%
Time spent: 8.75s
- Epoch 067, ExpID 71412
Train - Loss (one batch): 0.00363
Val - Loss, MSE, RMSE, MAE, MAPE: 0.00410, 0.00410, 0.06402, 0.03576, 32.10%
Test - Best epoch, Loss, MSE, RMSE, MAE, MAPE: 58, 0.00438, 0.00438, 0.06616, 0.03495, 35.38%
Time spent: 8.75s
- Epoch 068, ExpID 71412
Train - Loss (one batch): 0.00347
Val - Loss, MSE, RMSE, MAE, MAPE: 0.00421, 0.00421, 0.06489, 0.03545, 33.19%
Test - Best epoch, Loss, MSE, RMSE, MAE, MAPE: 58, 0.00438, 0.00438, 0.06616, 0.03495, 35.38%
Time spent: 8.75s
- Epoch 069, ExpID 71412
Train - Loss (one batch): 0.00398
Val - Loss, MSE, RMSE, MAE, MAPE: 0.00421, 0.00421, 0.06492, 0.03557, 30.15%
Test - Best epoch, Loss, MSE, RMSE, MAE, MAPE: 58, 0.00438, 0.00438, 0.06616, 0.03495, 35.38%
Time spent: 8.74s
- Epoch 070, ExpID 71412
Train - Loss (one batch): 0.00323
Val - Loss, MSE, RMSE, MAE, MAPE: 0.00411, 0.00411, 0.06410, 0.03542, 33.61%
Test - Best epoch, Loss, MSE, RMSE, MAE, MAPE: 58, 0.00438, 0.00438, 0.06616, 0.03495, 35.38%
Time spent: 8.75s
- Epoch 071, ExpID 71412
Train - Loss (one batch): 0.00382
Val - Loss, MSE, RMSE, MAE, MAPE: 0.00412, 0.00412, 0.06420, 0.03635, 24.23%
Test - Best epoch, Loss, MSE, RMSE, MAE, MAPE: 58, 0.00438, 0.00438, 0.06616, 0.03495, 35.38%
Time spent: 8.75s
- Epoch 072, ExpID 71412
Train - Loss (one batch): 0.00321
Val - Loss, MSE, RMSE, MAE, MAPE: 0.00423, 0.00423, 0.06504, 0.03545, 32.19%
Test - Best epoch, Loss, MSE, RMSE, MAE, MAPE: 58, 0.00438, 0.00438, 0.06616, 0.03495, 35.38%
Time spent: 8.75s
- Epoch 073, ExpID 71412
Train - Loss (one batch): 0.00328
Val - Loss, MSE, RMSE, MAE, MAPE: 0.00436, 0.00436, 0.06607, 0.03814, 25.58%
Test - Best epoch, Loss, MSE, RMSE, MAE, MAPE: 58, 0.00438, 0.00438, 0.06616, 0.03495, 35.38%
Time spent: 8.75s
- Epoch 074, ExpID 71412
Train - Loss (one batch): 0.00375
Val - Loss, MSE, RMSE, MAE, MAPE: 0.00416, 0.00416, 0.06452, 0.03505, 32.28%
Test - Best epoch, Loss, MSE, RMSE, MAE, MAPE: 58, 0.00438, 0.00438, 0.06616, 0.03495, 35.38%
Time spent: 8.75s
- Epoch 075, ExpID 71412
Train - Loss (one batch): 0.00504
Val - Loss, MSE, RMSE, MAE, MAPE: 0.00415, 0.00415, 0.06443, 0.03605, 39.12%
Test - Best epoch, Loss, MSE, RMSE, MAE, MAPE: 58, 0.00438, 0.00438, 0.06616, 0.03495, 35.38%
Time spent: 8.75s
- Epoch 076, ExpID 71412
Train - Loss (one batch): 0.00338
Val - Loss, MSE, RMSE, MAE, MAPE: 0.00408, 0.00408, 0.06385, 0.03495, 33.44%
Test - Best epoch, Loss, MSE, RMSE, MAE, MAPE: 58, 0.00438, 0.00438, 0.06616, 0.03495, 35.38%
Time spent: 8.76s
- Epoch 077, ExpID 71412
Train - Loss (one batch): 0.00341
Val - Loss, MSE, RMSE, MAE, MAPE: 0.00408, 0.00408, 0.06387, 0.03506, 26.97%
Test - Best epoch, Loss, MSE, RMSE, MAE, MAPE: 58, 0.00438, 0.00438, 0.06616, 0.03495, 35.38%
Time spent: 8.75s
- Epoch 078, ExpID 71412
Train - Loss (one batch): 0.00355
Val - Loss, MSE, RMSE, MAE, MAPE: 0.00420, 0.00420, 0.06482, 0.03681, 37.41%
Test - Best epoch, Loss, MSE, RMSE, MAE, MAPE: 58, 0.00438, 0.00438, 0.06616, 0.03495, 35.38%
Time spent: 8.77s
- Epoch 079, ExpID 71412
Train - Loss (one batch): 0.00504
Val - Loss, MSE, RMSE, MAE, MAPE: 0.00416, 0.00416, 0.06451, 0.03507, 25.91%
Test - Best epoch, Loss, MSE, RMSE, MAE, MAPE: 58, 0.00438, 0.00438, 0.06616, 0.03495, 35.38%
Time spent: 8.75s
- Epoch 080, ExpID 71412
Train - Loss (one batch): 0.00286
Val - Loss, MSE, RMSE, MAE, MAPE: 0.00413, 0.00413, 0.06427, 0.03522, 35.90%
Test - Best epoch, Loss, MSE, RMSE, MAE, MAPE: 58, 0.00438, 0.00438, 0.06616, 0.03495, 35.38%
Time spent: 8.73s
- Epoch 081, ExpID 71412
Train - Loss (one batch): 0.00422
Val - Loss, MSE, RMSE, MAE, MAPE: 0.00413, 0.00413, 0.06428, 0.03556, 35.84%
Test - Best epoch, Loss, MSE, RMSE, MAE, MAPE: 58, 0.00438, 0.00438, 0.06616, 0.03495, 35.38%
Time spent: 8.75s
- Epoch 082, ExpID 71412
Train - Loss (one batch): 0.00604
Val - Loss, MSE, RMSE, MAE, MAPE: 0.00425, 0.00425, 0.06521, 0.03826, 56.49%
Test - Best epoch, Loss, MSE, RMSE, MAE, MAPE: 58, 0.00438, 0.00438, 0.06616, 0.03495, 35.38%
Time spent: 8.74s
- Epoch 083, ExpID 71412
Train - Loss (one batch): 0.00300
Val - Loss, MSE, RMSE, MAE, MAPE: 0.00422, 0.00422, 0.06494, 0.03612, 25.88%
Test - Best epoch, Loss, MSE, RMSE, MAE, MAPE: 58, 0.00438, 0.00438, 0.06616, 0.03495, 35.38%
Time spent: 8.75s
/home/ouass/Test/MSP-IMTS/tPatchGNN/run_models.py
2026-03-09 03:51:32
run_models.py --dataset physionet --history 24 --quantization 1.0 --hid_dim 64 --te_dim 10 --node_dim 10 --nlayer 1 --tf_layer 1 --nhead 1 --batch_size 32 --lr 1e-3 --patience 25 --epoch 600 --seed 5 --gpu 0 --metric global --multi_scales 4,8,12 --multi_strides 4,8,12 --fusion gated
Namespace(multi_scales='4,8,12', multi_strides='4,8,12', fusion='gated', state='def', n=100000000, hop=1, nhead=1, tf_layer=1, nlayer=1, epoch=600, patience=25, history=24, patch_size=24, stride=24, logmode='a', lr=0.001, w_decay=0.0, batch_size=32, save='experiments/', load=None, seed=5, dataset='physionet', quantization=1.0, model='tPatchGNN', outlayer='Linear', hid_dim=64, te_dim=10, node_dim=10, gpu='0', metric='global', npatch=1, device=device(type='cuda'), PID=1965507, ndim=41)
- Epoch 000, ExpID 63626
Train - Loss (one batch): 0.00552
Val - Loss, MSE, RMSE, MAE, MAPE: 0.00480, 0.00480, 0.06930, 0.04094, 39.44%
Test - Best epoch, Loss, MSE, RMSE, MAE, MAPE: 0, 0.00517, 0.00517, 0.07191, 0.04080, 37.02%
Time spent: 10.09s
- Epoch 001, ExpID 63626
Train - Loss (one batch): 0.00505
Val - Loss, MSE, RMSE, MAE, MAPE: 0.00469, 0.00469, 0.06847, 0.04033, 53.09%
Test - Best epoch, Loss, MSE, RMSE, MAE, MAPE: 1, 0.00509, 0.00509, 0.07132, 0.04032, 51.38%
Time spent: 10.03s
- Epoch 002, ExpID 63626
Train - Loss (one batch): 0.00422
Val - Loss, MSE, RMSE, MAE, MAPE: 0.00470, 0.00470, 0.06855, 0.04081, 32.98%
Test - Best epoch, Loss, MSE, RMSE, MAE, MAPE: 1, 0.00509, 0.00509, 0.07132, 0.04032, 51.38%
Time spent: 8.84s
- Epoch 003, ExpID 63626
Train - Loss (one batch): 0.00396
Val - Loss, MSE, RMSE, MAE, MAPE: 0.00463, 0.00463, 0.06808, 0.04018, 31.52%
Test - Best epoch, Loss, MSE, RMSE, MAE, MAPE: 3, 0.00501, 0.00501, 0.07076, 0.04021, 29.96%
Time spent: 10.05s
- Epoch 004, ExpID 63626
Train - Loss (one batch): 0.00511
Val - Loss, MSE, RMSE, MAE, MAPE: 0.00437, 0.00437, 0.06610, 0.03804, 42.50%
Test - Best epoch, Loss, MSE, RMSE, MAE, MAPE: 4, 0.00473, 0.00473, 0.06875, 0.03810, 40.76%
Time spent: 10.05s
- Epoch 005, ExpID 63626
Train - Loss (one batch): 0.00425
Val - Loss, MSE, RMSE, MAE, MAPE: 0.00434, 0.00434, 0.06586, 0.03804, 43.37%
Test - Best epoch, Loss, MSE, RMSE, MAE, MAPE: 5, 0.00469, 0.00469, 0.06846, 0.03800, 41.66%
Time spent: 10.05s
- Epoch 006, ExpID 63626
Train - Loss (one batch): 0.00445
Val - Loss, MSE, RMSE, MAE, MAPE: 0.00425, 0.00425, 0.06523, 0.03669, 35.45%
Test - Best epoch, Loss, MSE, RMSE, MAE, MAPE: 6, 0.00459, 0.00459, 0.06773, 0.03658, 33.44%
Time spent: 10.05s
- Epoch 007, ExpID 63626
Train - Loss (one batch): 0.00353
Val - Loss, MSE, RMSE, MAE, MAPE: 0.00457, 0.00457, 0.06760, 0.04004, 38.54%
Test - Best epoch, Loss, MSE, RMSE, MAE, MAPE: 6, 0.00459, 0.00459, 0.06773, 0.03658, 33.44%
Time spent: 8.83s
- Epoch 008, ExpID 63626
Train - Loss (one batch): 0.00432
Val - Loss, MSE, RMSE, MAE, MAPE: 0.00408, 0.00408, 0.06391, 0.03560, 30.60%
Test - Best epoch, Loss, MSE, RMSE, MAE, MAPE: 8, 0.00443, 0.00443, 0.06659, 0.03561, 29.06%
Time spent: 10.04s
- Epoch 009, ExpID 63626
Train - Loss (one batch): 0.00469
Val - Loss, MSE, RMSE, MAE, MAPE: 0.00419, 0.00419, 0.06473, 0.03659, 30.67%
Test - Best epoch, Loss, MSE, RMSE, MAE, MAPE: 8, 0.00443, 0.00443, 0.06659, 0.03561, 29.06%
Time spent: 8.84s
- Epoch 010, ExpID 63626
Train - Loss (one batch): 0.00399
Val - Loss, MSE, RMSE, MAE, MAPE: 0.00410, 0.00410, 0.06402, 0.03544, 27.75%
Test - Best epoch, Loss, MSE, RMSE, MAE, MAPE: 8, 0.00443, 0.00443, 0.06659, 0.03561, 29.06%
Time spent: 8.83s
- Epoch 011, ExpID 63626
Train - Loss (one batch): 0.00494
Val - Loss, MSE, RMSE, MAE, MAPE: 0.00414, 0.00414, 0.06438, 0.03589, 30.33%
Test - Best epoch, Loss, MSE, RMSE, MAE, MAPE: 8, 0.00443, 0.00443, 0.06659, 0.03561, 29.06%
Time spent: 8.83s
- Epoch 012, ExpID 63626
Train - Loss (one batch): 0.00340
Val - Loss, MSE, RMSE, MAE, MAPE: 0.00405, 0.00405, 0.06366, 0.03532, 30.73%
Test - Best epoch, Loss, MSE, RMSE, MAE, MAPE: 12, 0.00439, 0.00439, 0.06626, 0.03529, 29.17%
Time spent: 10.04s
- Epoch 013, ExpID 63626
Train - Loss (one batch): 0.00436
Val - Loss, MSE, RMSE, MAE, MAPE: 0.00405, 0.00405, 0.06364, 0.03568, 39.08%
Test - Best epoch, Loss, MSE, RMSE, MAE, MAPE: 13, 0.00441, 0.00441, 0.06643, 0.03566, 37.03%
Time spent: 10.05s
- Epoch 014, ExpID 63626
Train - Loss (one batch): 0.00342
Val - Loss, MSE, RMSE, MAE, MAPE: 0.00418, 0.00418, 0.06466, 0.03745, 42.87%
Test - Best epoch, Loss, MSE, RMSE, MAE, MAPE: 13, 0.00441, 0.00441, 0.06643, 0.03566, 37.03%
Time spent: 8.83s
- Epoch 015, ExpID 63626
Train - Loss (one batch): 0.00527
Val - Loss, MSE, RMSE, MAE, MAPE: 0.00433, 0.00433, 0.06577, 0.03869, 26.39%
Test - Best epoch, Loss, MSE, RMSE, MAE, MAPE: 13, 0.00441, 0.00441, 0.06643, 0.03566, 37.03%
Time spent: 8.84s
- Epoch 016, ExpID 63626
Train - Loss (one batch): 0.00391
Val - Loss, MSE, RMSE, MAE, MAPE: 0.00405, 0.00405, 0.06368, 0.03536, 28.34%
Test - Best epoch, Loss, MSE, RMSE, MAE, MAPE: 13, 0.00441, 0.00441, 0.06643, 0.03566, 37.03%
Time spent: 8.83s
- Epoch 017, ExpID 63626
Train - Loss (one batch): 0.00364
Val - Loss, MSE, RMSE, MAE, MAPE: 0.00431, 0.00431, 0.06566, 0.03934, 46.74%
Test - Best epoch, Loss, MSE, RMSE, MAE, MAPE: 13, 0.00441, 0.00441, 0.06643, 0.03566, 37.03%
Time spent: 8.84s
- Epoch 018, ExpID 63626
Train - Loss (one batch): 0.00419
Val - Loss, MSE, RMSE, MAE, MAPE: 0.00424, 0.00424, 0.06515, 0.03688, 27.01%
Test - Best epoch, Loss, MSE, RMSE, MAE, MAPE: 13, 0.00441, 0.00441, 0.06643, 0.03566, 37.03%
Time spent: 8.84s
- Epoch 019, ExpID 63626
Train - Loss (one batch): 0.00406
Val - Loss, MSE, RMSE, MAE, MAPE: 0.00423, 0.00423, 0.06503, 0.03766, 27.68%
Test - Best epoch, Loss, MSE, RMSE, MAE, MAPE: 13, 0.00441, 0.00441, 0.06643, 0.03566, 37.03%
Time spent: 8.85s
- Epoch 020, ExpID 63626
Train - Loss (one batch): 0.00427
Val - Loss, MSE, RMSE, MAE, MAPE: 0.00416, 0.00416, 0.06447, 0.03698, 25.38%
Test - Best epoch, Loss, MSE, RMSE, MAE, MAPE: 13, 0.00441, 0.00441, 0.06643, 0.03566, 37.03%
Time spent: 8.84s
- Epoch 021, ExpID 63626
Train - Loss (one batch): 0.00405
Val - Loss, MSE, RMSE, MAE, MAPE: 0.00405, 0.00405, 0.06366, 0.03602, 40.73%
Test - Best epoch, Loss, MSE, RMSE, MAE, MAPE: 13, 0.00441, 0.00441, 0.06643, 0.03566, 37.03%
Time spent: 8.84s
- Epoch 022, ExpID 63626
Train - Loss (one batch): 0.00323
Val - Loss, MSE, RMSE, MAE, MAPE: 0.00402, 0.00402, 0.06339, 0.03523, 27.16%
Test - Best epoch, Loss, MSE, RMSE, MAE, MAPE: 22, 0.00435, 0.00435, 0.06593, 0.03519, 25.52%
Time spent: 10.05s
- Epoch 023, ExpID 63626
Train - Loss (one batch): 0.00327
Val - Loss, MSE, RMSE, MAE, MAPE: 0.00421, 0.00421, 0.06489, 0.03799, 25.28%
Test - Best epoch, Loss, MSE, RMSE, MAE, MAPE: 22, 0.00435, 0.00435, 0.06593, 0.03519, 25.52%
Time spent: 8.84s
- Epoch 024, ExpID 63626
Train - Loss (one batch): 0.00465
Val - Loss, MSE, RMSE, MAE, MAPE: 0.00424, 0.00424, 0.06512, 0.03742, 26.76%
Test - Best epoch, Loss, MSE, RMSE, MAE, MAPE: 22, 0.00435, 0.00435, 0.06593, 0.03519, 25.52%
Time spent: 8.83s
- Epoch 025, ExpID 63626
Train - Loss (one batch): 0.00416
Val - Loss, MSE, RMSE, MAE, MAPE: 0.00404, 0.00404, 0.06355, 0.03600, 26.59%
Test - Best epoch, Loss, MSE, RMSE, MAE, MAPE: 22, 0.00435, 0.00435, 0.06593, 0.03519, 25.52%
Time spent: 8.84s
- Epoch 026, ExpID 63626
Train - Loss (one batch): 0.00382
Val - Loss, MSE, RMSE, MAE, MAPE: 0.00409, 0.00409, 0.06397, 0.03607, 24.43%
Test - Best epoch, Loss, MSE, RMSE, MAE, MAPE: 22, 0.00435, 0.00435, 0.06593, 0.03519, 25.52%
Time spent: 8.84s
- Epoch 027, ExpID 63626
Train - Loss (one batch): 0.00325
Val - Loss, MSE, RMSE, MAE, MAPE: 0.00410, 0.00410, 0.06407, 0.03651, 30.45%
Test - Best epoch, Loss, MSE, RMSE, MAE, MAPE: 22, 0.00435, 0.00435, 0.06593, 0.03519, 25.52%
Time spent: 8.83s
- Epoch 028, ExpID 63626
Train - Loss (one batch): 0.00394
Val - Loss, MSE, RMSE, MAE, MAPE: 0.00413, 0.00413, 0.06429, 0.03746, 36.92%
Test - Best epoch, Loss, MSE, RMSE, MAE, MAPE: 22, 0.00435, 0.00435, 0.06593, 0.03519, 25.52%
Time spent: 8.83s
- Epoch 029, ExpID 63626
Train - Loss (one batch): 0.00298
Val - Loss, MSE, RMSE, MAE, MAPE: 0.00415, 0.00415, 0.06445, 0.03667, 24.00%
Test - Best epoch, Loss, MSE, RMSE, MAE, MAPE: 22, 0.00435, 0.00435, 0.06593, 0.03519, 25.52%
Time spent: 8.84s
- Epoch 030, ExpID 63626
Train - Loss (one batch): 0.00482
Val - Loss, MSE, RMSE, MAE, MAPE: 0.00422, 0.00422, 0.06499, 0.03728, 47.32%
Test - Best epoch, Loss, MSE, RMSE, MAE, MAPE: 22, 0.00435, 0.00435, 0.06593, 0.03519, 25.52%
Time spent: 8.83s
- Epoch 031, ExpID 63626
Train - Loss (one batch): 0.00467
Val - Loss, MSE, RMSE, MAE, MAPE: 0.00404, 0.00404, 0.06355, 0.03546, 25.99%
Test - Best epoch, Loss, MSE, RMSE, MAE, MAPE: 22, 0.00435, 0.00435, 0.06593, 0.03519, 25.52%
Time spent: 8.84s
- Epoch 032, ExpID 63626
Train - Loss (one batch): 0.00396
Val - Loss, MSE, RMSE, MAE, MAPE: 0.00410, 0.00410, 0.06405, 0.03584, 37.71%
Test - Best epoch, Loss, MSE, RMSE, MAE, MAPE: 22, 0.00435, 0.00435, 0.06593, 0.03519, 25.52%
Time spent: 8.83s
- Epoch 033, ExpID 63626
Train - Loss (one batch): 0.00401
Val - Loss, MSE, RMSE, MAE, MAPE: 0.00402, 0.00402, 0.06338, 0.03555, 28.75%
Test - Best epoch, Loss, MSE, RMSE, MAE, MAPE: 33, 0.00434, 0.00434, 0.06586, 0.03557, 27.43%
Time spent: 10.05s
- Epoch 034, ExpID 63626
Train - Loss (one batch): 0.00398
Val - Loss, MSE, RMSE, MAE, MAPE: 0.00405, 0.00405, 0.06367, 0.03540, 29.26%
Test - Best epoch, Loss, MSE, RMSE, MAE, MAPE: 33, 0.00434, 0.00434, 0.06586, 0.03557, 27.43%
Time spent: 8.84s
- Epoch 035, ExpID 63626
Train - Loss (one batch): 0.00416
Val - Loss, MSE, RMSE, MAE, MAPE: 0.00406, 0.00406, 0.06371, 0.03556, 34.53%
Test - Best epoch, Loss, MSE, RMSE, MAE, MAPE: 33, 0.00434, 0.00434, 0.06586, 0.03557, 27.43%
Time spent: 8.83s
- Epoch 036, ExpID 63626
Train - Loss (one batch): 0.00314
Val - Loss, MSE, RMSE, MAE, MAPE: 0.00401, 0.00401, 0.06332, 0.03456, 25.38%
Test - Best epoch, Loss, MSE, RMSE, MAE, MAPE: 36, 0.00431, 0.00431, 0.06564, 0.03453, 23.87%
Time spent: 10.05s
- Epoch 037, ExpID 63626
Train - Loss (one batch): 0.00247
Val - Loss, MSE, RMSE, MAE, MAPE: 0.00405, 0.00405, 0.06361, 0.03533, 34.38%
Test - Best epoch, Loss, MSE, RMSE, MAE, MAPE: 36, 0.00431, 0.00431, 0.06564, 0.03453, 23.87%
Time spent: 8.84s
- Epoch 038, ExpID 63626
Train - Loss (one batch): 0.00420
Val - Loss, MSE, RMSE, MAE, MAPE: 0.00397, 0.00397, 0.06299, 0.03476, 24.87%
Test - Best epoch, Loss, MSE, RMSE, MAE, MAPE: 38, 0.00427, 0.00427, 0.06532, 0.03475, 23.16%
Time spent: 10.05s
- Epoch 039, ExpID 63626
Train - Loss (one batch): 0.00322
Val - Loss, MSE, RMSE, MAE, MAPE: 0.00405, 0.00405, 0.06362, 0.03533, 35.77%
Test - Best epoch, Loss, MSE, RMSE, MAE, MAPE: 38, 0.00427, 0.00427, 0.06532, 0.03475, 23.16%
Time spent: 8.83s
- Epoch 040, ExpID 63626
Train - Loss (one batch): 0.00366
Val - Loss, MSE, RMSE, MAE, MAPE: 0.00396, 0.00396, 0.06290, 0.03488, 25.96%
Test - Best epoch, Loss, MSE, RMSE, MAE, MAPE: 40, 0.00424, 0.00424, 0.06512, 0.03482, 24.55%
Time spent: 10.04s
- Epoch 041, ExpID 63626
Train - Loss (one batch): 0.00451
Val - Loss, MSE, RMSE, MAE, MAPE: 0.00401, 0.00401, 0.06333, 0.03546, 31.89%
Test - Best epoch, Loss, MSE, RMSE, MAE, MAPE: 40, 0.00424, 0.00424, 0.06512, 0.03482, 24.55%
Time spent: 8.82s
- Epoch 042, ExpID 63626
Train - Loss (one batch): 0.00323
Val - Loss, MSE, RMSE, MAE, MAPE: 0.00406, 0.00406, 0.06368, 0.03547, 30.75%
Test - Best epoch, Loss, MSE, RMSE, MAE, MAPE: 40, 0.00424, 0.00424, 0.06512, 0.03482, 24.55%
Time spent: 8.84s
- Epoch 043, ExpID 63626
Train - Loss (one batch): 0.00403
Val - Loss, MSE, RMSE, MAE, MAPE: 0.00409, 0.00409, 0.06393, 0.03602, 31.74%
Test - Best epoch, Loss, MSE, RMSE, MAE, MAPE: 40, 0.00424, 0.00424, 0.06512, 0.03482, 24.55%
Time spent: 8.83s
- Epoch 044, ExpID 63626
Train - Loss (one batch): 0.00273
Val - Loss, MSE, RMSE, MAE, MAPE: 0.00399, 0.00399, 0.06318, 0.03558, 36.86%
Test - Best epoch, Loss, MSE, RMSE, MAE, MAPE: 40, 0.00424, 0.00424, 0.06512, 0.03482, 24.55%
Time spent: 8.84s
- Epoch 045, ExpID 63626
Train - Loss (one batch): 0.00298
Val - Loss, MSE, RMSE, MAE, MAPE: 0.00403, 0.00403, 0.06347, 0.03468, 36.91%
Test - Best epoch, Loss, MSE, RMSE, MAE, MAPE: 40, 0.00424, 0.00424, 0.06512, 0.03482, 24.55%
Time spent: 8.84s
- Epoch 046, ExpID 63626
Train - Loss (one batch): 0.00446
Val - Loss, MSE, RMSE, MAE, MAPE: 0.00411, 0.00411, 0.06414, 0.03642, 27.14%
Test - Best epoch, Loss, MSE, RMSE, MAE, MAPE: 40, 0.00424, 0.00424, 0.06512, 0.03482, 24.55%
Time spent: 8.84s
- Epoch 047, ExpID 63626
Train - Loss (one batch): 0.00480
Val - Loss, MSE, RMSE, MAE, MAPE: 0.00406, 0.00406, 0.06369, 0.03552, 30.38%
Test - Best epoch, Loss, MSE, RMSE, MAE, MAPE: 40, 0.00424, 0.00424, 0.06512, 0.03482, 24.55%
Time spent: 8.83s
- Epoch 048, ExpID 63626
Train - Loss (one batch): 0.00420
Val - Loss, MSE, RMSE, MAE, MAPE: 0.00402, 0.00402, 0.06339, 0.03508, 29.37%
Test - Best epoch, Loss, MSE, RMSE, MAE, MAPE: 40, 0.00424, 0.00424, 0.06512, 0.03482, 24.55%
Time spent: 8.83s
- Epoch 049, ExpID 63626
Train - Loss (one batch): 0.00362
Val - Loss, MSE, RMSE, MAE, MAPE: 0.00416, 0.00416, 0.06448, 0.03841, 52.38%
Test - Best epoch, Loss, MSE, RMSE, MAE, MAPE: 40, 0.00424, 0.00424, 0.06512, 0.03482, 24.55%
Time spent: 8.83s
- Epoch 050, ExpID 63626
Train - Loss (one batch): 0.00247
Val - Loss, MSE, RMSE, MAE, MAPE: 0.00405, 0.00405, 0.06366, 0.03530, 23.43%
Test - Best epoch, Loss, MSE, RMSE, MAE, MAPE: 40, 0.00424, 0.00424, 0.06512, 0.03482, 24.55%
Time spent: 8.84s
- Epoch 051, ExpID 63626
Train - Loss (one batch): 0.00393
Val - Loss, MSE, RMSE, MAE, MAPE: 0.00410, 0.00410, 0.06401, 0.03754, 44.01%
Test - Best epoch, Loss, MSE, RMSE, MAE, MAPE: 40, 0.00424, 0.00424, 0.06512, 0.03482, 24.55%
Time spent: 8.83s
- Epoch 052, ExpID 63626
Train - Loss (one batch): 0.00274
Val - Loss, MSE, RMSE, MAE, MAPE: 0.00404, 0.00404, 0.06359, 0.03549, 28.25%
Test - Best epoch, Loss, MSE, RMSE, MAE, MAPE: 40, 0.00424, 0.00424, 0.06512, 0.03482, 24.55%
Time spent: 8.84s
- Epoch 053, ExpID 63626
Train - Loss (one batch): 0.00389
Val - Loss, MSE, RMSE, MAE, MAPE: 0.00415, 0.00415, 0.06445, 0.03677, 32.51%
Test - Best epoch, Loss, MSE, RMSE, MAE, MAPE: 40, 0.00424, 0.00424, 0.06512, 0.03482, 24.55%
Time spent: 8.84s
- Epoch 054, ExpID 63626
Train - Loss (one batch): 0.00337
Val - Loss, MSE, RMSE, MAE, MAPE: 0.00406, 0.00406, 0.06372, 0.03614, 42.99%
Test - Best epoch, Loss, MSE, RMSE, MAE, MAPE: 40, 0.00424, 0.00424, 0.06512, 0.03482, 24.55%
Time spent: 8.83s
- Epoch 055, ExpID 63626
Train - Loss (one batch): 0.00339
Val - Loss, MSE, RMSE, MAE, MAPE: 0.00399, 0.00399, 0.06316, 0.03524, 25.86%
Test - Best epoch, Loss, MSE, RMSE, MAE, MAPE: 40, 0.00424, 0.00424, 0.06512, 0.03482, 24.55%
Time spent: 8.84s
- Epoch 056, ExpID 63626
Train - Loss (one batch): 0.00423
Val - Loss, MSE, RMSE, MAE, MAPE: 0.00401, 0.00401, 0.06333, 0.03505, 26.37%
Test - Best epoch, Loss, MSE, RMSE, MAE, MAPE: 40, 0.00424, 0.00424, 0.06512, 0.03482, 24.55%
Time spent: 8.84s
- Epoch 057, ExpID 63626
Train - Loss (one batch): 0.00406
Val - Loss, MSE, RMSE, MAE, MAPE: 0.00403, 0.00403, 0.06347, 0.03490, 26.98%
Test - Best epoch, Loss, MSE, RMSE, MAE, MAPE: 40, 0.00424, 0.00424, 0.06512, 0.03482, 24.55%
Time spent: 8.84s
- Epoch 058, ExpID 63626
Train - Loss (one batch): 0.00558
Val - Loss, MSE, RMSE, MAE, MAPE: 0.00403, 0.00403, 0.06352, 0.03555, 24.14%
Test - Best epoch, Loss, MSE, RMSE, MAE, MAPE: 40, 0.00424, 0.00424, 0.06512, 0.03482, 24.55%
Time spent: 8.84s
- Epoch 059, ExpID 63626
Train - Loss (one batch): 0.00368
Val - Loss, MSE, RMSE, MAE, MAPE: 0.00397, 0.00397, 0.06304, 0.03491, 26.79%
Test - Best epoch, Loss, MSE, RMSE, MAE, MAPE: 40, 0.00424, 0.00424, 0.06512, 0.03482, 24.55%
Time spent: 8.84s
- Epoch 060, ExpID 63626
Train - Loss (one batch): 0.00276
Val - Loss, MSE, RMSE, MAE, MAPE: 0.00404, 0.00404, 0.06358, 0.03487, 24.27%
Test - Best epoch, Loss, MSE, RMSE, MAE, MAPE: 40, 0.00424, 0.00424, 0.06512, 0.03482, 24.55%
Time spent: 8.84s
- Epoch 061, ExpID 63626
Train - Loss (one batch): 0.00296
Val - Loss, MSE, RMSE, MAE, MAPE: 0.00408, 0.00408, 0.06387, 0.03554, 38.07%
Test - Best epoch, Loss, MSE, RMSE, MAE, MAPE: 40, 0.00424, 0.00424, 0.06512, 0.03482, 24.55%
Time spent: 8.83s
- Epoch 062, ExpID 63626
Train - Loss (one batch): 0.00380
Val - Loss, MSE, RMSE, MAE, MAPE: 0.00404, 0.00404, 0.06359, 0.03587, 38.42%
Test - Best epoch, Loss, MSE, RMSE, MAE, MAPE: 40, 0.00424, 0.00424, 0.06512, 0.03482, 24.55%
Time spent: 8.84s
- Epoch 063, ExpID 63626
Train - Loss (one batch): 0.00372
Val - Loss, MSE, RMSE, MAE, MAPE: 0.00401, 0.00401, 0.06332, 0.03559, 23.79%
Test - Best epoch, Loss, MSE, RMSE, MAE, MAPE: 40, 0.00424, 0.00424, 0.06512, 0.03482, 24.55%
Time spent: 8.84s
- Epoch 064, ExpID 63626
Train - Loss (one batch): 0.00323
Val - Loss, MSE, RMSE, MAE, MAPE: 0.00408, 0.00408, 0.06389, 0.03586, 25.22%
Test - Best epoch, Loss, MSE, RMSE, MAE, MAPE: 40, 0.00424, 0.00424, 0.06512, 0.03482, 24.55%
Time spent: 8.84s
- Epoch 065, ExpID 63626
Train - Loss (one batch): 0.00265
Val - Loss, MSE, RMSE, MAE, MAPE: 0.00401, 0.00401, 0.06331, 0.03555, 24.46%
Test - Best epoch, Loss, MSE, RMSE, MAE, MAPE: 40, 0.00424, 0.00424, 0.06512, 0.03482, 24.55%
Time spent: 8.83s
