/home/ouass/Test/MSP-IMTS/tPatchGNN/run_models.py
2025-11-22 00:32:47
run_models.py --dataset activity --state def --history 4000 --patience 20 --batch_size 32 --lr 1e-3 --nhead 1 --tf_layer 1 --nlayer 1 --te_dim 10 --node_dim 10 --hid_dim 32 --outlayer Linear --multi_scales 200,1200 --multi_strides 200,1200 --seed 1 --gpu 0 --fusion concat
Namespace(multi_scales='200,1200', multi_strides='200,1200', fusion='concat', state='def', n=100000000, hop=1, nhead=1, tf_layer=1, nlayer=1, epoch=1000, patience=20, history=4000, patch_size=24, stride=24, logmode='a', lr=0.001, w_decay=0.0, batch_size=32, save='experiments/', load=None, seed=1, dataset='activity', quantization=0.0, model='tPatchGNN', outlayer='Linear', hid_dim=32, te_dim=10, node_dim=10, gpu='0', npatch=167, device=device(type='cuda'), PID=1355704, pred_window=1000, ndim=12)
- Epoch 000, ExpID 95536
Train - Loss (one batch): 0.01294
Val - Loss, MSE, RMSE, MAE, MAPE: 0.01683, 0.01683, 0.12676, 0.09924, 287438.31%
Test - Best epoch, Loss, MSE, RMSE, MAE, MAPE: 0, 0.01548, 0.01548, 0.12144, 0.09557, 24.28%
Time spent: 10.90s
- Epoch 001, ExpID 95536
Train - Loss (one batch): 0.00519
Val - Loss, MSE, RMSE, MAE, MAPE: 0.00611, 0.00611, 0.07680, 0.05592, 231539.79%
Test - Best epoch, Loss, MSE, RMSE, MAE, MAPE: 1, 0.00594, 0.00594, 0.07567, 0.05589, 12.77%
Time spent: 9.51s
- Epoch 002, ExpID 95536
Train - Loss (one batch): 0.00441
Val - Loss, MSE, RMSE, MAE, MAPE: 0.00608, 0.00608, 0.07674, 0.05530, 241154.95%
Test - Best epoch, Loss, MSE, RMSE, MAE, MAPE: 2, 0.00589, 0.00589, 0.07529, 0.05429, 13.12%
Time spent: 9.82s
- Epoch 003, ExpID 95536
Train - Loss (one batch): 0.00440
Val - Loss, MSE, RMSE, MAE, MAPE: 0.00637, 0.00637, 0.07864, 0.05858, 241459.88%
Test - Best epoch, Loss, MSE, RMSE, MAE, MAPE: 2, 0.00589, 0.00589, 0.07529, 0.05429, 13.12%
Time spent: 8.60s
- Epoch 004, ExpID 95536
Train - Loss (one batch): 0.00653
Val - Loss, MSE, RMSE, MAE, MAPE: 0.00527, 0.00527, 0.07103, 0.04897, 230690.47%
Test - Best epoch, Loss, MSE, RMSE, MAE, MAPE: 4, 0.00504, 0.00504, 0.06935, 0.04807, 11.85%
Time spent: 9.87s
- Epoch 005, ExpID 95536
Train - Loss (one batch): 0.00461
Val - Loss, MSE, RMSE, MAE, MAPE: 0.00517, 0.00517, 0.07030, 0.04717, 224080.15%
Test - Best epoch, Loss, MSE, RMSE, MAE, MAPE: 5, 0.00496, 0.00496, 0.06877, 0.04645, 11.06%
Time spent: 9.71s
- Epoch 006, ExpID 95536
Train - Loss (one batch): 0.00444
Val - Loss, MSE, RMSE, MAE, MAPE: 0.00509, 0.00509, 0.06972, 0.04751, 227131.64%
Test - Best epoch, Loss, MSE, RMSE, MAE, MAPE: 6, 0.00486, 0.00486, 0.06799, 0.04680, 11.43%
Time spent: 9.68s
- Epoch 007, ExpID 95536
Train - Loss (one batch): 0.00494
Val - Loss, MSE, RMSE, MAE, MAPE: 0.00540, 0.00540, 0.07200, 0.05043, 231734.53%
Test - Best epoch, Loss, MSE, RMSE, MAE, MAPE: 6, 0.00486, 0.00486, 0.06799, 0.04680, 11.43%
Time spent: 8.79s
- Epoch 008, ExpID 95536
Train - Loss (one batch): 0.00384
Val - Loss, MSE, RMSE, MAE, MAPE: 0.00518, 0.00518, 0.07046, 0.04771, 219603.35%
Test - Best epoch, Loss, MSE, RMSE, MAE, MAPE: 6, 0.00486, 0.00486, 0.06799, 0.04680, 11.43%
Time spent: 8.75s
- Epoch 009, ExpID 95536
Train - Loss (one batch): 0.00438
Val - Loss, MSE, RMSE, MAE, MAPE: 0.00504, 0.00504, 0.06935, 0.04666, 223084.23%
Test - Best epoch, Loss, MSE, RMSE, MAE, MAPE: 9, 0.00481, 0.00481, 0.06774, 0.04594, 11.00%
Time spent: 10.25s
- Epoch 010, ExpID 95536
Train - Loss (one batch): 0.00343
Val - Loss, MSE, RMSE, MAE, MAPE: 0.00533, 0.00533, 0.07156, 0.04995, 213034.14%
Test - Best epoch, Loss, MSE, RMSE, MAE, MAPE: 9, 0.00481, 0.00481, 0.06774, 0.04594, 11.00%
Time spent: 9.03s
- Epoch 011, ExpID 95536
Train - Loss (one batch): 0.00418
Val - Loss, MSE, RMSE, MAE, MAPE: 0.00512, 0.00512, 0.06998, 0.04737, 212958.74%
Test - Best epoch, Loss, MSE, RMSE, MAE, MAPE: 9, 0.00481, 0.00481, 0.06774, 0.04594, 11.00%
Time spent: 8.96s
- Epoch 012, ExpID 95536
Train - Loss (one batch): 0.00349
Val - Loss, MSE, RMSE, MAE, MAPE: 0.00513, 0.00513, 0.07008, 0.04722, 214704.10%
Test - Best epoch, Loss, MSE, RMSE, MAE, MAPE: 9, 0.00481, 0.00481, 0.06774, 0.04594, 11.00%
Time spent: 8.87s
- Epoch 013, ExpID 95536
Train - Loss (one batch): 0.00333
Val - Loss, MSE, RMSE, MAE, MAPE: 0.00497, 0.00497, 0.06888, 0.04629, 221880.13%
Test - Best epoch, Loss, MSE, RMSE, MAE, MAPE: 13, 0.00475, 0.00475, 0.06727, 0.04567, 11.01%
Time spent: 9.84s
- Epoch 014, ExpID 95536
Train - Loss (one batch): 0.00460
Val - Loss, MSE, RMSE, MAE, MAPE: 0.00515, 0.00515, 0.07023, 0.04809, 212957.08%
Test - Best epoch, Loss, MSE, RMSE, MAE, MAPE: 13, 0.00475, 0.00475, 0.06727, 0.04567, 11.01%
Time spent: 8.55s
- Epoch 015, ExpID 95536
Train - Loss (one batch): 0.00650
Val - Loss, MSE, RMSE, MAE, MAPE: 0.00573, 0.00573, 0.07443, 0.05337, 235796.01%
Test - Best epoch, Loss, MSE, RMSE, MAE, MAPE: 13, 0.00475, 0.00475, 0.06727, 0.04567, 11.01%
Time spent: 8.60s
- Epoch 016, ExpID 95536
Train - Loss (one batch): 0.00485
Val - Loss, MSE, RMSE, MAE, MAPE: 0.00515, 0.00515, 0.07030, 0.04809, 224752.51%
Test - Best epoch, Loss, MSE, RMSE, MAE, MAPE: 13, 0.00475, 0.00475, 0.06727, 0.04567, 11.01%
Time spent: 8.55s
- Epoch 017, ExpID 95536
Train - Loss (one batch): 0.00538
Val - Loss, MSE, RMSE, MAE, MAPE: 0.00566, 0.00566, 0.07399, 0.05313, 232529.23%
Test - Best epoch, Loss, MSE, RMSE, MAE, MAPE: 13, 0.00475, 0.00475, 0.06727, 0.04567, 11.01%
Time spent: 8.87s
- Epoch 018, ExpID 95536
Train - Loss (one batch): 0.00500
Val - Loss, MSE, RMSE, MAE, MAPE: 0.00504, 0.00504, 0.06945, 0.04728, 222945.27%
Test - Best epoch, Loss, MSE, RMSE, MAE, MAPE: 13, 0.00475, 0.00475, 0.06727, 0.04567, 11.01%
Time spent: 8.59s
- Epoch 019, ExpID 95536
Train - Loss (one batch): 0.00504
Val - Loss, MSE, RMSE, MAE, MAPE: 0.00626, 0.00626, 0.07788, 0.05820, 239361.14%
Test - Best epoch, Loss, MSE, RMSE, MAE, MAPE: 13, 0.00475, 0.00475, 0.06727, 0.04567, 11.01%
Time spent: 8.64s
- Epoch 020, ExpID 95536
Train - Loss (one batch): 0.00383
Val - Loss, MSE, RMSE, MAE, MAPE: 0.00500, 0.00500, 0.06921, 0.04682, 219074.12%
Test - Best epoch, Loss, MSE, RMSE, MAE, MAPE: 13, 0.00475, 0.00475, 0.06727, 0.04567, 11.01%
Time spent: 8.92s
- Epoch 021, ExpID 95536
Train - Loss (one batch): 0.00673
Val - Loss, MSE, RMSE, MAE, MAPE: 0.00504, 0.00504, 0.06947, 0.04731, 217739.07%
Test - Best epoch, Loss, MSE, RMSE, MAE, MAPE: 13, 0.00475, 0.00475, 0.06727, 0.04567, 11.01%
Time spent: 8.69s
- Epoch 022, ExpID 95536
Train - Loss (one batch): 0.00506
Val - Loss, MSE, RMSE, MAE, MAPE: 0.00496, 0.00496, 0.06874, 0.04637, 206862.30%
Test - Best epoch, Loss, MSE, RMSE, MAE, MAPE: 22, 0.00475, 0.00475, 0.06733, 0.04577, 10.68%
Time spent: 9.94s
- Epoch 023, ExpID 95536
Train - Loss (one batch): 0.00427
Val - Loss, MSE, RMSE, MAE, MAPE: 0.00566, 0.00566, 0.07377, 0.05326, 236114.12%
Test - Best epoch, Loss, MSE, RMSE, MAE, MAPE: 22, 0.00475, 0.00475, 0.06733, 0.04577, 10.68%
Time spent: 8.67s
- Epoch 024, ExpID 95536
Train - Loss (one batch): 0.00443
Val - Loss, MSE, RMSE, MAE, MAPE: 0.00521, 0.00521, 0.07071, 0.04939, 207834.94%
Test - Best epoch, Loss, MSE, RMSE, MAE, MAPE: 22, 0.00475, 0.00475, 0.06733, 0.04577, 10.68%
Time spent: 8.68s
- Epoch 025, ExpID 95536
Train - Loss (one batch): 0.00422
Val - Loss, MSE, RMSE, MAE, MAPE: 0.00504, 0.00504, 0.06954, 0.04752, 219468.54%
Test - Best epoch, Loss, MSE, RMSE, MAE, MAPE: 22, 0.00475, 0.00475, 0.06733, 0.04577, 10.68%
Time spent: 8.73s
- Epoch 026, ExpID 95536
Train - Loss (one batch): 0.00442
Val - Loss, MSE, RMSE, MAE, MAPE: 0.00507, 0.00507, 0.06976, 0.04741, 218473.84%
Test - Best epoch, Loss, MSE, RMSE, MAE, MAPE: 22, 0.00475, 0.00475, 0.06733, 0.04577, 10.68%
Time spent: 8.76s
- Epoch 027, ExpID 95536
Train - Loss (one batch): 0.00414
Val - Loss, MSE, RMSE, MAE, MAPE: 0.00493, 0.00493, 0.06858, 0.04655, 209585.15%
Test - Best epoch, Loss, MSE, RMSE, MAE, MAPE: 27, 0.00476, 0.00476, 0.06751, 0.04630, 10.77%
Time spent: 10.02s
- Epoch 028, ExpID 95536
Train - Loss (one batch): 0.00307
Val - Loss, MSE, RMSE, MAE, MAPE: 0.00534, 0.00534, 0.07175, 0.05046, 224069.79%
Test - Best epoch, Loss, MSE, RMSE, MAE, MAPE: 27, 0.00476, 0.00476, 0.06751, 0.04630, 10.77%
Time spent: 8.75s
- Epoch 029, ExpID 95536
Train - Loss (one batch): 0.00470
Val - Loss, MSE, RMSE, MAE, MAPE: 0.00526, 0.00526, 0.07111, 0.04973, 229788.68%
Test - Best epoch, Loss, MSE, RMSE, MAE, MAPE: 27, 0.00476, 0.00476, 0.06751, 0.04630, 10.77%
Time spent: 8.65s
- Epoch 030, ExpID 95536
Train - Loss (one batch): 0.00437
Val - Loss, MSE, RMSE, MAE, MAPE: 0.00491, 0.00491, 0.06845, 0.04590, 214381.79%
Test - Best epoch, Loss, MSE, RMSE, MAE, MAPE: 30, 0.00471, 0.00471, 0.06712, 0.04548, 10.86%
Time spent: 9.88s
- Epoch 031, ExpID 95536
Train - Loss (one batch): 0.00478
Val - Loss, MSE, RMSE, MAE, MAPE: 0.00505, 0.00505, 0.06956, 0.04811, 227567.03%
Test - Best epoch, Loss, MSE, RMSE, MAE, MAPE: 30, 0.00471, 0.00471, 0.06712, 0.04548, 10.86%
Time spent: 8.60s
- Epoch 032, ExpID 95536
Train - Loss (one batch): 0.00459
Val - Loss, MSE, RMSE, MAE, MAPE: 0.00483, 0.00483, 0.06786, 0.04612, 214634.80%
Test - Best epoch, Loss, MSE, RMSE, MAE, MAPE: 32, 0.00469, 0.00469, 0.06686, 0.04584, 10.88%
Time spent: 10.24s
- Epoch 033, ExpID 95536
Train - Loss (one batch): 0.00502
Val - Loss, MSE, RMSE, MAE, MAPE: 0.00499, 0.00499, 0.06911, 0.04732, 218530.44%
Test - Best epoch, Loss, MSE, RMSE, MAE, MAPE: 32, 0.00469, 0.00469, 0.06686, 0.04584, 10.88%
Time spent: 8.79s
- Epoch 034, ExpID 95536
Train - Loss (one batch): 0.00300
Val - Loss, MSE, RMSE, MAE, MAPE: 0.00506, 0.00506, 0.06966, 0.04783, 211235.10%
Test - Best epoch, Loss, MSE, RMSE, MAE, MAPE: 32, 0.00469, 0.00469, 0.06686, 0.04584, 10.88%
Time spent: 8.59s
- Epoch 035, ExpID 95536
Train - Loss (one batch): 0.00438
Val - Loss, MSE, RMSE, MAE, MAPE: 0.00486, 0.00486, 0.06812, 0.04647, 212685.15%
Test - Best epoch, Loss, MSE, RMSE, MAE, MAPE: 32, 0.00469, 0.00469, 0.06686, 0.04584, 10.88%
Time spent: 8.80s
- Epoch 036, ExpID 95536
Train - Loss (one batch): 0.00333
Val - Loss, MSE, RMSE, MAE, MAPE: 0.00497, 0.00497, 0.06901, 0.04755, 214645.35%
Test - Best epoch, Loss, MSE, RMSE, MAE, MAPE: 32, 0.00469, 0.00469, 0.06686, 0.04584, 10.88%
Time spent: 8.63s
- Epoch 037, ExpID 95536
Train - Loss (one batch): 0.00358
Val - Loss, MSE, RMSE, MAE, MAPE: 0.00499, 0.00499, 0.06906, 0.04685, 216940.03%
Test - Best epoch, Loss, MSE, RMSE, MAE, MAPE: 32, 0.00469, 0.00469, 0.06686, 0.04584, 10.88%
Time spent: 8.56s
- Epoch 038, ExpID 95536
Train - Loss (one batch): 0.00398
Val - Loss, MSE, RMSE, MAE, MAPE: 0.00494, 0.00494, 0.06869, 0.04654, 209981.04%
Test - Best epoch, Loss, MSE, RMSE, MAE, MAPE: 32, 0.00469, 0.00469, 0.06686, 0.04584, 10.88%
Time spent: 8.92s
- Epoch 039, ExpID 95536
Train - Loss (one batch): 0.00430
Val - Loss, MSE, RMSE, MAE, MAPE: 0.00507, 0.00507, 0.06973, 0.04850, 211521.31%
Test - Best epoch, Loss, MSE, RMSE, MAE, MAPE: 32, 0.00469, 0.00469, 0.06686, 0.04584, 10.88%
Time spent: 8.66s
- Epoch 040, ExpID 95536
Train - Loss (one batch): 0.00629
Val - Loss, MSE, RMSE, MAE, MAPE: 0.00479, 0.00479, 0.06751, 0.04584, 207494.11%
Test - Best epoch, Loss, MSE, RMSE, MAE, MAPE: 40, 0.00461, 0.00461, 0.06629, 0.04531, 10.71%
Time spent: 10.10s
- Epoch 041, ExpID 95536
Train - Loss (one batch): 0.00548
Val - Loss, MSE, RMSE, MAE, MAPE: 0.00501, 0.00501, 0.06923, 0.04801, 222865.51%
Test - Best epoch, Loss, MSE, RMSE, MAE, MAPE: 40, 0.00461, 0.00461, 0.06629, 0.04531, 10.71%
Time spent: 8.70s
- Epoch 042, ExpID 95536
Train - Loss (one batch): 0.00424
Val - Loss, MSE, RMSE, MAE, MAPE: 0.00481, 0.00481, 0.06777, 0.04636, 212814.21%
Test - Best epoch, Loss, MSE, RMSE, MAE, MAPE: 40, 0.00461, 0.00461, 0.06629, 0.04531, 10.71%
Time spent: 8.99s
- Epoch 043, ExpID 95536
Train - Loss (one batch): 0.00390
Val - Loss, MSE, RMSE, MAE, MAPE: 0.00503, 0.00503, 0.06953, 0.04848, 215175.31%
Test - Best epoch, Loss, MSE, RMSE, MAE, MAPE: 40, 0.00461, 0.00461, 0.06629, 0.04531, 10.71%
Time spent: 8.69s
- Epoch 044, ExpID 95536
Train - Loss (one batch): 0.00408
Val - Loss, MSE, RMSE, MAE, MAPE: 0.00493, 0.00493, 0.06866, 0.04706, 214292.67%
Test - Best epoch, Loss, MSE, RMSE, MAE, MAPE: 40, 0.00461, 0.00461, 0.06629, 0.04531, 10.71%
Time spent: 8.60s
- Epoch 045, ExpID 95536
Train - Loss (one batch): 0.00374
Val - Loss, MSE, RMSE, MAE, MAPE: 0.00488, 0.00488, 0.06827, 0.04723, 215731.29%
Test - Best epoch, Loss, MSE, RMSE, MAE, MAPE: 40, 0.00461, 0.00461, 0.06629, 0.04531, 10.71%
Time spent: 8.73s
- Epoch 046, ExpID 95536
Train - Loss (one batch): 0.00340
Val - Loss, MSE, RMSE, MAE, MAPE: 0.00487, 0.00487, 0.06825, 0.04639, 212644.79%
Test - Best epoch, Loss, MSE, RMSE, MAE, MAPE: 40, 0.00461, 0.00461, 0.06629, 0.04531, 10.71%
Time spent: 8.72s
- Epoch 047, ExpID 95536
Train - Loss (one batch): 0.00516
Val - Loss, MSE, RMSE, MAE, MAPE: 0.00513, 0.00513, 0.07009, 0.04949, 226418.02%
Test - Best epoch, Loss, MSE, RMSE, MAE, MAPE: 40, 0.00461, 0.00461, 0.06629, 0.04531, 10.71%
Time spent: 8.80s
- Epoch 048, ExpID 95536
Train - Loss (one batch): 0.00661
Val - Loss, MSE, RMSE, MAE, MAPE: 0.00496, 0.00496, 0.06899, 0.04792, 208605.15%
Test - Best epoch, Loss, MSE, RMSE, MAE, MAPE: 40, 0.00461, 0.00461, 0.06629, 0.04531, 10.71%
Time spent: 8.98s
- Epoch 049, ExpID 95536
Train - Loss (one batch): 0.00391
Val - Loss, MSE, RMSE, MAE, MAPE: 0.00486, 0.00486, 0.06807, 0.04681, 202158.20%
Test - Best epoch, Loss, MSE, RMSE, MAE, MAPE: 40, 0.00461, 0.00461, 0.06629, 0.04531, 10.71%
Time spent: 8.95s
- Epoch 050, ExpID 95536
Train - Loss (one batch): 0.00291
Val - Loss, MSE, RMSE, MAE, MAPE: 0.00533, 0.00533, 0.07170, 0.05140, 218177.54%
Test - Best epoch, Loss, MSE, RMSE, MAE, MAPE: 40, 0.00461, 0.00461, 0.06629, 0.04531, 10.71%
Time spent: 8.78s
- Epoch 051, ExpID 95536
Train - Loss (one batch): 0.00343
Val - Loss, MSE, RMSE, MAE, MAPE: 0.00492, 0.00492, 0.06867, 0.04728, 213965.41%
Test - Best epoch, Loss, MSE, RMSE, MAE, MAPE: 40, 0.00461, 0.00461, 0.06629, 0.04531, 10.71%
Time spent: 8.83s
- Epoch 052, ExpID 95536
Train - Loss (one batch): 0.00428
Val - Loss, MSE, RMSE, MAE, MAPE: 0.00550, 0.00550, 0.07302, 0.05263, 220730.51%
Test - Best epoch, Loss, MSE, RMSE, MAE, MAPE: 40, 0.00461, 0.00461, 0.06629, 0.04531, 10.71%
Time spent: 8.86s
- Epoch 053, ExpID 95536
Train - Loss (one batch): 0.00293
Val - Loss, MSE, RMSE, MAE, MAPE: 0.00470, 0.00470, 0.06686, 0.04515, 213164.52%
Test - Best epoch, Loss, MSE, RMSE, MAE, MAPE: 53, 0.00453, 0.00453, 0.06571, 0.04464, 10.57%
Time spent: 9.70s
- Epoch 054, ExpID 95536
Train - Loss (one batch): 0.00534
Val - Loss, MSE, RMSE, MAE, MAPE: 0.00497, 0.00497, 0.06893, 0.04708, 216297.57%
Test - Best epoch, Loss, MSE, RMSE, MAE, MAPE: 53, 0.00453, 0.00453, 0.06571, 0.04464, 10.57%
Time spent: 8.86s
- Epoch 055, ExpID 95536
Train - Loss (one batch): 0.00403
Val - Loss, MSE, RMSE, MAE, MAPE: 0.00523, 0.00523, 0.07084, 0.05085, 227933.40%
Test - Best epoch, Loss, MSE, RMSE, MAE, MAPE: 53, 0.00453, 0.00453, 0.06571, 0.04464, 10.57%
Time spent: 8.72s
- Epoch 056, ExpID 95536
Train - Loss (one batch): 0.00401
Val - Loss, MSE, RMSE, MAE, MAPE: 0.00497, 0.00497, 0.06897, 0.04654, 216569.24%
Test - Best epoch, Loss, MSE, RMSE, MAE, MAPE: 53, 0.00453, 0.00453, 0.06571, 0.04464, 10.57%
Time spent: 8.64s
- Epoch 057, ExpID 95536
Train - Loss (one batch): 0.00361
Val - Loss, MSE, RMSE, MAE, MAPE: 0.00494, 0.00494, 0.06869, 0.04713, 215410.75%
Test - Best epoch, Loss, MSE, RMSE, MAE, MAPE: 53, 0.00453, 0.00453, 0.06571, 0.04464, 10.57%
Time spent: 8.71s
- Epoch 058, ExpID 95536
Train - Loss (one batch): 0.00343
Val - Loss, MSE, RMSE, MAE, MAPE: 0.00497, 0.00497, 0.06893, 0.04808, 227057.13%
Test - Best epoch, Loss, MSE, RMSE, MAE, MAPE: 53, 0.00453, 0.00453, 0.06571, 0.04464, 10.57%
Time spent: 8.59s
- Epoch 059, ExpID 95536
Train - Loss (one batch): 0.00505
Val - Loss, MSE, RMSE, MAE, MAPE: 0.00486, 0.00486, 0.06808, 0.04662, 222124.44%
Test - Best epoch, Loss, MSE, RMSE, MAE, MAPE: 53, 0.00453, 0.00453, 0.06571, 0.04464, 10.57%
Time spent: 8.70s
- Epoch 060, ExpID 95536
Train - Loss (one batch): 0.00560
Val - Loss, MSE, RMSE, MAE, MAPE: 0.00474, 0.00474, 0.06706, 0.04552, 215906.61%
Test - Best epoch, Loss, MSE, RMSE, MAE, MAPE: 53, 0.00453, 0.00453, 0.06571, 0.04464, 10.57%
Time spent: 8.83s
- Epoch 061, ExpID 95536
Train - Loss (one batch): 0.00319
Val - Loss, MSE, RMSE, MAE, MAPE: 0.00482, 0.00482, 0.06785, 0.04647, 215305.71%
Test - Best epoch, Loss, MSE, RMSE, MAE, MAPE: 53, 0.00453, 0.00453, 0.06571, 0.04464, 10.57%
Time spent: 8.69s
- Epoch 062, ExpID 95536
Train - Loss (one batch): 0.00480
Val - Loss, MSE, RMSE, MAE, MAPE: 0.00505, 0.00505, 0.06962, 0.04843, 208194.14%
Test - Best epoch, Loss, MSE, RMSE, MAE, MAPE: 53, 0.00453, 0.00453, 0.06571, 0.04464, 10.57%
Time spent: 8.84s
- Epoch 063, ExpID 95536
Train - Loss (one batch): 0.00415
Val - Loss, MSE, RMSE, MAE, MAPE: 0.00509, 0.00509, 0.06973, 0.04918, 211861.78%
Test - Best epoch, Loss, MSE, RMSE, MAE, MAPE: 53, 0.00453, 0.00453, 0.06571, 0.04464, 10.57%
Time spent: 8.78s
- Epoch 064, ExpID 95536
Train - Loss (one batch): 0.00548
Val - Loss, MSE, RMSE, MAE, MAPE: 0.00547, 0.00547, 0.07270, 0.05288, 219429.29%
Test - Best epoch, Loss, MSE, RMSE, MAE, MAPE: 53, 0.00453, 0.00453, 0.06571, 0.04464, 10.57%
Time spent: 8.78s
- Epoch 065, ExpID 95536
Train - Loss (one batch): 0.00304
Val - Loss, MSE, RMSE, MAE, MAPE: 0.00472, 0.00472, 0.06697, 0.04557, 213361.44%
Test - Best epoch, Loss, MSE, RMSE, MAE, MAPE: 53, 0.00453, 0.00453, 0.06571, 0.04464, 10.57%
Time spent: 8.57s
- Epoch 066, ExpID 95536
Train - Loss (one batch): 0.00382
Val - Loss, MSE, RMSE, MAE, MAPE: 0.00472, 0.00472, 0.06695, 0.04527, 206501.73%
Test - Best epoch, Loss, MSE, RMSE, MAE, MAPE: 53, 0.00453, 0.00453, 0.06571, 0.04464, 10.57%
Time spent: 8.78s
- Epoch 067, ExpID 95536
Train - Loss (one batch): 0.00425
Val - Loss, MSE, RMSE, MAE, MAPE: 0.00510, 0.00510, 0.06977, 0.04978, 196921.48%
Test - Best epoch, Loss, MSE, RMSE, MAE, MAPE: 53, 0.00453, 0.00453, 0.06571, 0.04464, 10.57%
Time spent: 8.57s
- Epoch 068, ExpID 95536
Train - Loss (one batch): 0.00322
Val - Loss, MSE, RMSE, MAE, MAPE: 0.00493, 0.00493, 0.06871, 0.04738, 219452.83%
Test - Best epoch, Loss, MSE, RMSE, MAE, MAPE: 53, 0.00453, 0.00453, 0.06571, 0.04464, 10.57%
Time spent: 9.02s
- Epoch 069, ExpID 95536
Train - Loss (one batch): 0.00371
Val - Loss, MSE, RMSE, MAE, MAPE: 0.00478, 0.00478, 0.06738, 0.04643, 219814.24%
Test - Best epoch, Loss, MSE, RMSE, MAE, MAPE: 53, 0.00453, 0.00453, 0.06571, 0.04464, 10.57%
Time spent: 8.82s
- Epoch 070, ExpID 95536
Train - Loss (one batch): 0.00391
Val - Loss, MSE, RMSE, MAE, MAPE: 0.00469, 0.00469, 0.06672, 0.04520, 211545.83%
Test - Best epoch, Loss, MSE, RMSE, MAE, MAPE: 70, 0.00447, 0.00447, 0.06531, 0.04472, 10.79%
Time spent: 9.92s
- Epoch 071, ExpID 95536
Train - Loss (one batch): 0.00336
Val - Loss, MSE, RMSE, MAE, MAPE: 0.00465, 0.00465, 0.06639, 0.04528, 210108.61%
Test - Best epoch, Loss, MSE, RMSE, MAE, MAPE: 71, 0.00444, 0.00444, 0.06501, 0.04450, 10.54%
Time spent: 9.93s
- Epoch 072, ExpID 95536
Train - Loss (one batch): 0.00373
Val - Loss, MSE, RMSE, MAE, MAPE: 0.00483, 0.00483, 0.06789, 0.04655, 205278.06%
Test - Best epoch, Loss, MSE, RMSE, MAE, MAPE: 71, 0.00444, 0.00444, 0.06501, 0.04450, 10.54%
Time spent: 8.87s
- Epoch 073, ExpID 95536
Train - Loss (one batch): 0.00469
Val - Loss, MSE, RMSE, MAE, MAPE: 0.00491, 0.00491, 0.06852, 0.04685, 215638.94%
Test - Best epoch, Loss, MSE, RMSE, MAE, MAPE: 71, 0.00444, 0.00444, 0.06501, 0.04450, 10.54%
Time spent: 8.85s
- Epoch 074, ExpID 95536
Train - Loss (one batch): 0.00347
Val - Loss, MSE, RMSE, MAE, MAPE: 0.00469, 0.00469, 0.06675, 0.04580, 209011.07%
Test - Best epoch, Loss, MSE, RMSE, MAE, MAPE: 71, 0.00444, 0.00444, 0.06501, 0.04450, 10.54%
Time spent: 8.57s
- Epoch 075, ExpID 95536
Train - Loss (one batch): 0.00320
Val - Loss, MSE, RMSE, MAE, MAPE: 0.00474, 0.00474, 0.06716, 0.04559, 211843.97%
Test - Best epoch, Loss, MSE, RMSE, MAE, MAPE: 71, 0.00444, 0.00444, 0.06501, 0.04450, 10.54%
Time spent: 8.75s
- Epoch 076, ExpID 95536
Train - Loss (one batch): 0.00417
Val - Loss, MSE, RMSE, MAE, MAPE: 0.00482, 0.00482, 0.06769, 0.04610, 209887.26%
Test - Best epoch, Loss, MSE, RMSE, MAE, MAPE: 71, 0.00444, 0.00444, 0.06501, 0.04450, 10.54%
Time spent: 8.75s
- Epoch 077, ExpID 95536
Train - Loss (one batch): 0.00310
Val - Loss, MSE, RMSE, MAE, MAPE: 0.00480, 0.00480, 0.06771, 0.04693, 205719.74%
Test - Best epoch, Loss, MSE, RMSE, MAE, MAPE: 71, 0.00444, 0.00444, 0.06501, 0.04450, 10.54%
Time spent: 8.93s
- Epoch 078, ExpID 95536
Train - Loss (one batch): 0.00366
Val - Loss, MSE, RMSE, MAE, MAPE: 0.00472, 0.00472, 0.06677, 0.04555, 191897.52%
Test - Best epoch, Loss, MSE, RMSE, MAE, MAPE: 71, 0.00444, 0.00444, 0.06501, 0.04450, 10.54%
Time spent: 8.74s
- Epoch 079, ExpID 95536
Train - Loss (one batch): 0.00521
Val - Loss, MSE, RMSE, MAE, MAPE: 0.00488, 0.00488, 0.06830, 0.04652, 206639.91%
Test - Best epoch, Loss, MSE, RMSE, MAE, MAPE: 71, 0.00444, 0.00444, 0.06501, 0.04450, 10.54%
Time spent: 8.66s
- Epoch 080, ExpID 95536
Train - Loss (one batch): 0.00697
Val - Loss, MSE, RMSE, MAE, MAPE: 0.00470, 0.00470, 0.06653, 0.04519, 201994.60%
Test - Best epoch, Loss, MSE, RMSE, MAE, MAPE: 71, 0.00444, 0.00444, 0.06501, 0.04450, 10.54%
Time spent: 8.66s
- Epoch 081, ExpID 95536
Train - Loss (one batch): 0.00453
Val - Loss, MSE, RMSE, MAE, MAPE: 0.00502, 0.00502, 0.06930, 0.04872, 214174.10%
Test - Best epoch, Loss, MSE, RMSE, MAE, MAPE: 71, 0.00444, 0.00444, 0.06501, 0.04450, 10.54%
Time spent: 8.48s
- Epoch 082, ExpID 95536
Train - Loss (one batch): 0.00440
Val - Loss, MSE, RMSE, MAE, MAPE: 0.00461, 0.00461, 0.06620, 0.04475, 206948.03%
Test - Best epoch, Loss, MSE, RMSE, MAE, MAPE: 82, 0.00438, 0.00438, 0.06461, 0.04407, 10.67%
Time spent: 9.76s
- Epoch 083, ExpID 95536
Train - Loss (one batch): 0.00280
Val - Loss, MSE, RMSE, MAE, MAPE: 0.00503, 0.00503, 0.06928, 0.04794, 221654.35%
Test - Best epoch, Loss, MSE, RMSE, MAE, MAPE: 82, 0.00438, 0.00438, 0.06461, 0.04407, 10.67%
Time spent: 8.72s
- Epoch 084, ExpID 95536
Train - Loss (one batch): 0.00478
Val - Loss, MSE, RMSE, MAE, MAPE: 0.00488, 0.00488, 0.06830, 0.04656, 211084.01%
Test - Best epoch, Loss, MSE, RMSE, MAE, MAPE: 82, 0.00438, 0.00438, 0.06461, 0.04407, 10.67%
Time spent: 8.73s
- Epoch 085, ExpID 95536
Train - Loss (one batch): 0.00400
Val - Loss, MSE, RMSE, MAE, MAPE: 0.00456, 0.00456, 0.06568, 0.04421, 203960.78%
Test - Best epoch, Loss, MSE, RMSE, MAE, MAPE: 85, 0.00434, 0.00434, 0.06423, 0.04363, 10.47%
Time spent: 9.68s
- Epoch 086, ExpID 95536
Train - Loss (one batch): 0.00452
Val - Loss, MSE, RMSE, MAE, MAPE: 0.00489, 0.00489, 0.06835, 0.04689, 218460.71%
Test - Best epoch, Loss, MSE, RMSE, MAE, MAPE: 85, 0.00434, 0.00434, 0.06423, 0.04363, 10.47%
Time spent: 8.99s
- Epoch 087, ExpID 95536
Train - Loss (one batch): 0.00375
Val - Loss, MSE, RMSE, MAE, MAPE: 0.00467, 0.00467, 0.06661, 0.04481, 222187.34%
Test - Best epoch, Loss, MSE, RMSE, MAE, MAPE: 85, 0.00434, 0.00434, 0.06423, 0.04363, 10.47%
Time spent: 8.66s
- Epoch 088, ExpID 95536
Train - Loss (one batch): 0.00516
Val - Loss, MSE, RMSE, MAE, MAPE: 0.00480, 0.00480, 0.06773, 0.04608, 210215.86%
Test - Best epoch, Loss, MSE, RMSE, MAE, MAPE: 85, 0.00434, 0.00434, 0.06423, 0.04363, 10.47%
Time spent: 9.04s
- Epoch 089, ExpID 95536
Train - Loss (one batch): 0.00303
Val - Loss, MSE, RMSE, MAE, MAPE: 0.00460, 0.00460, 0.06597, 0.04428, 205435.68%
Test - Best epoch, Loss, MSE, RMSE, MAE, MAPE: 85, 0.00434, 0.00434, 0.06423, 0.04363, 10.47%
Time spent: 8.88s
- Epoch 090, ExpID 95536
Train - Loss (one batch): 0.00443
Val - Loss, MSE, RMSE, MAE, MAPE: 0.00487, 0.00487, 0.06811, 0.04808, 222297.54%
Test - Best epoch, Loss, MSE, RMSE, MAE, MAPE: 85, 0.00434, 0.00434, 0.06423, 0.04363, 10.47%
Time spent: 8.84s
- Epoch 091, ExpID 95536
Train - Loss (one batch): 0.00304
Val - Loss, MSE, RMSE, MAE, MAPE: 0.00496, 0.00496, 0.06911, 0.04727, 215425.30%
Test - Best epoch, Loss, MSE, RMSE, MAE, MAPE: 85, 0.00434, 0.00434, 0.06423, 0.04363, 10.47%
Time spent: 8.70s
- Epoch 092, ExpID 95536
Train - Loss (one batch): 0.00300
Val - Loss, MSE, RMSE, MAE, MAPE: 0.00471, 0.00471, 0.06684, 0.04532, 209655.87%
Test - Best epoch, Loss, MSE, RMSE, MAE, MAPE: 85, 0.00434, 0.00434, 0.06423, 0.04363, 10.47%
Time spent: 8.83s
- Epoch 093, ExpID 95536
Train - Loss (one batch): 0.00371
Val - Loss, MSE, RMSE, MAE, MAPE: 0.00471, 0.00471, 0.06690, 0.04541, 223555.39%
Test - Best epoch, Loss, MSE, RMSE, MAE, MAPE: 85, 0.00434, 0.00434, 0.06423, 0.04363, 10.47%
Time spent: 8.93s
- Epoch 094, ExpID 95536
Train - Loss (one batch): 0.00292
Val - Loss, MSE, RMSE, MAE, MAPE: 0.00466, 0.00466, 0.06645, 0.04587, 209266.59%
Test - Best epoch, Loss, MSE, RMSE, MAE, MAPE: 85, 0.00434, 0.00434, 0.06423, 0.04363, 10.47%
Time spent: 8.65s
- Epoch 095, ExpID 95536
Train - Loss (one batch): 0.00332
Val - Loss, MSE, RMSE, MAE, MAPE: 0.00502, 0.00502, 0.06940, 0.04868, 226732.35%
Test - Best epoch, Loss, MSE, RMSE, MAE, MAPE: 85, 0.00434, 0.00434, 0.06423, 0.04363, 10.47%
Time spent: 8.91s
- Epoch 096, ExpID 95536
Train - Loss (one batch): 0.00231
Val - Loss, MSE, RMSE, MAE, MAPE: 0.00457, 0.00457, 0.06588, 0.04415, 213047.14%
Test - Best epoch, Loss, MSE, RMSE, MAE, MAPE: 85, 0.00434, 0.00434, 0.06423, 0.04363, 10.47%
Time spent: 8.68s
- Epoch 097, ExpID 95536
Train - Loss (one batch): 0.00446
Val - Loss, MSE, RMSE, MAE, MAPE: 0.00463, 0.00463, 0.06637, 0.04466, 212778.44%
Test - Best epoch, Loss, MSE, RMSE, MAE, MAPE: 85, 0.00434, 0.00434, 0.06423, 0.04363, 10.47%
Time spent: 8.78s
- Epoch 098, ExpID 95536
Train - Loss (one batch): 0.00436
Val - Loss, MSE, RMSE, MAE, MAPE: 0.00463, 0.00463, 0.06614, 0.04435, 203183.98%
Test - Best epoch, Loss, MSE, RMSE, MAE, MAPE: 85, 0.00434, 0.00434, 0.06423, 0.04363, 10.47%
Time spent: 8.76s
- Epoch 099, ExpID 95536
Train - Loss (one batch): 0.00479
Val - Loss, MSE, RMSE, MAE, MAPE: 0.00481, 0.00481, 0.06777, 0.04619, 220695.08%
Test - Best epoch, Loss, MSE, RMSE, MAE, MAPE: 85, 0.00434, 0.00434, 0.06423, 0.04363, 10.47%
Time spent: 8.97s
- Epoch 100, ExpID 95536
Train - Loss (one batch): 0.00374
Val - Loss, MSE, RMSE, MAE, MAPE: 0.00456, 0.00456, 0.06577, 0.04473, 206852.73%
Test - Best epoch, Loss, MSE, RMSE, MAE, MAPE: 100, 0.00440, 0.00440, 0.06481, 0.04460, 10.77%
Time spent: 10.16s
- Epoch 101, ExpID 95536
Train - Loss (one batch): 0.00332
Val - Loss, MSE, RMSE, MAE, MAPE: 0.00473, 0.00473, 0.06706, 0.04553, 218929.11%
Test - Best epoch, Loss, MSE, RMSE, MAE, MAPE: 100, 0.00440, 0.00440, 0.06481, 0.04460, 10.77%
Time spent: 8.86s
- Epoch 102, ExpID 95536
Train - Loss (one batch): 0.00488
Val - Loss, MSE, RMSE, MAE, MAPE: 0.00453, 0.00453, 0.06550, 0.04432, 206368.82%
Test - Best epoch, Loss, MSE, RMSE, MAE, MAPE: 102, 0.00431, 0.00431, 0.06401, 0.04368, 10.44%
Time spent: 9.70s
- Epoch 103, ExpID 95536
Train - Loss (one batch): 0.00357
Val - Loss, MSE, RMSE, MAE, MAPE: 0.00460, 0.00460, 0.06596, 0.04423, 209867.48%
Test - Best epoch, Loss, MSE, RMSE, MAE, MAPE: 102, 0.00431, 0.00431, 0.06401, 0.04368, 10.44%
Time spent: 8.63s
- Epoch 104, ExpID 95536
Train - Loss (one batch): 0.00434
Val - Loss, MSE, RMSE, MAE, MAPE: 0.00465, 0.00465, 0.06655, 0.04469, 212601.80%
Test - Best epoch, Loss, MSE, RMSE, MAE, MAPE: 102, 0.00431, 0.00431, 0.06401, 0.04368, 10.44%
Time spent: 8.67s
- Epoch 105, ExpID 95536
Train - Loss (one batch): 0.00389
Val - Loss, MSE, RMSE, MAE, MAPE: 0.00460, 0.00460, 0.06623, 0.04472, 218362.63%
Test - Best epoch, Loss, MSE, RMSE, MAE, MAPE: 102, 0.00431, 0.00431, 0.06401, 0.04368, 10.44%
Time spent: 8.61s
- Epoch 106, ExpID 95536
Train - Loss (one batch): 0.00480
Val - Loss, MSE, RMSE, MAE, MAPE: 0.00469, 0.00469, 0.06694, 0.04552, 219527.73%
Test - Best epoch, Loss, MSE, RMSE, MAE, MAPE: 102, 0.00431, 0.00431, 0.06401, 0.04368, 10.44%
Time spent: 8.85s
- Epoch 107, ExpID 95536
Train - Loss (one batch): 0.00400
Val - Loss, MSE, RMSE, MAE, MAPE: 0.00455, 0.00455, 0.06546, 0.04400, 202028.48%
Test - Best epoch, Loss, MSE, RMSE, MAE, MAPE: 102, 0.00431, 0.00431, 0.06401, 0.04368, 10.44%
Time spent: 8.87s
- Epoch 108, ExpID 95536
Train - Loss (one batch): 0.00468
Val - Loss, MSE, RMSE, MAE, MAPE: 0.00465, 0.00465, 0.06657, 0.04511, 222976.85%
Test - Best epoch, Loss, MSE, RMSE, MAE, MAPE: 102, 0.00431, 0.00431, 0.06401, 0.04368, 10.44%
Time spent: 8.68s
- Epoch 109, ExpID 95536
Train - Loss (one batch): 0.00344
Val - Loss, MSE, RMSE, MAE, MAPE: 0.00458, 0.00458, 0.06594, 0.04466, 206033.61%
Test - Best epoch, Loss, MSE, RMSE, MAE, MAPE: 102, 0.00431, 0.00431, 0.06401, 0.04368, 10.44%
Time spent: 8.77s
- Epoch 110, ExpID 95536
Train - Loss (one batch): 0.00465
Val - Loss, MSE, RMSE, MAE, MAPE: 0.00460, 0.00460, 0.06588, 0.04458, 207867.32%
Test - Best epoch, Loss, MSE, RMSE, MAE, MAPE: 102, 0.00431, 0.00431, 0.06401, 0.04368, 10.44%
Time spent: 8.65s
- Epoch 111, ExpID 95536
Train - Loss (one batch): 0.00335
Val - Loss, MSE, RMSE, MAE, MAPE: 0.00468, 0.00468, 0.06656, 0.04513, 211378.32%
Test - Best epoch, Loss, MSE, RMSE, MAE, MAPE: 102, 0.00431, 0.00431, 0.06401, 0.04368, 10.44%
Time spent: 8.41s
- Epoch 112, ExpID 95536
Train - Loss (one batch): 0.00381
Val - Loss, MSE, RMSE, MAE, MAPE: 0.00462, 0.00462, 0.06612, 0.04467, 203062.36%
Test - Best epoch, Loss, MSE, RMSE, MAE, MAPE: 102, 0.00431, 0.00431, 0.06401, 0.04368, 10.44%
Time spent: 8.71s
- Epoch 113, ExpID 95536
Train - Loss (one batch): 0.00346
Val - Loss, MSE, RMSE, MAE, MAPE: 0.00492, 0.00492, 0.06871, 0.04593, 229020.35%
Test - Best epoch, Loss, MSE, RMSE, MAE, MAPE: 102, 0.00431, 0.00431, 0.06401, 0.04368, 10.44%
Time spent: 8.72s
- Epoch 114, ExpID 95536
Train - Loss (one batch): 0.00317
Val - Loss, MSE, RMSE, MAE, MAPE: 0.00453, 0.00453, 0.06543, 0.04396, 210277.48%
Test - Best epoch, Loss, MSE, RMSE, MAE, MAPE: 114, 0.00427, 0.00427, 0.06372, 0.04325, 10.44%
Time spent: 9.88s
- Epoch 115, ExpID 95536
Train - Loss (one batch): 0.00398
Val - Loss, MSE, RMSE, MAE, MAPE: 0.00461, 0.00461, 0.06603, 0.04449, 207816.50%
Test - Best epoch, Loss, MSE, RMSE, MAE, MAPE: 114, 0.00427, 0.00427, 0.06372, 0.04325, 10.44%
Time spent: 8.76s
- Epoch 116, ExpID 95536
Train - Loss (one batch): 0.00398
Val - Loss, MSE, RMSE, MAE, MAPE: 0.00454, 0.00454, 0.06565, 0.04434, 210986.26%
Test - Best epoch, Loss, MSE, RMSE, MAE, MAPE: 114, 0.00427, 0.00427, 0.06372, 0.04325, 10.44%
Time spent: 8.56s
- Epoch 117, ExpID 95536
Train - Loss (one batch): 0.00407
Val - Loss, MSE, RMSE, MAE, MAPE: 0.00446, 0.00446, 0.06498, 0.04346, 206639.26%
Test - Best epoch, Loss, MSE, RMSE, MAE, MAPE: 117, 0.00423, 0.00423, 0.06345, 0.04278, 10.21%
Time spent: 9.82s
- Epoch 118, ExpID 95536
Train - Loss (one batch): 0.00296
Val - Loss, MSE, RMSE, MAE, MAPE: 0.00442, 0.00442, 0.06474, 0.04371, 211743.63%
Test - Best epoch, Loss, MSE, RMSE, MAE, MAPE: 118, 0.00425, 0.00425, 0.06358, 0.04326, 10.47%
Time spent: 10.13s
- Epoch 119, ExpID 95536
Train - Loss (one batch): 0.00526
Val - Loss, MSE, RMSE, MAE, MAPE: 0.00487, 0.00487, 0.06825, 0.04636, 224725.93%
Test - Best epoch, Loss, MSE, RMSE, MAE, MAPE: 118, 0.00425, 0.00425, 0.06358, 0.04326, 10.47%
Time spent: 8.75s
- Epoch 120, ExpID 95536
Train - Loss (one batch): 0.00326
Val - Loss, MSE, RMSE, MAE, MAPE: 0.00455, 0.00455, 0.06563, 0.04411, 209323.58%
Test - Best epoch, Loss, MSE, RMSE, MAE, MAPE: 118, 0.00425, 0.00425, 0.06358, 0.04326, 10.47%
Time spent: 8.73s
- Epoch 121, ExpID 95536
Train - Loss (one batch): 0.00425
Val - Loss, MSE, RMSE, MAE, MAPE: 0.00446, 0.00446, 0.06497, 0.04360, 203580.68%
Test - Best epoch, Loss, MSE, RMSE, MAE, MAPE: 118, 0.00425, 0.00425, 0.06358, 0.04326, 10.47%
Time spent: 8.78s
- Epoch 122, ExpID 95536
Train - Loss (one batch): 0.00450
Val - Loss, MSE, RMSE, MAE, MAPE: 0.00459, 0.00459, 0.06614, 0.04438, 215548.73%
Test - Best epoch, Loss, MSE, RMSE, MAE, MAPE: 118, 0.00425, 0.00425, 0.06358, 0.04326, 10.47%
Time spent: 8.71s
- Epoch 123, ExpID 95536
Train - Loss (one batch): 0.00288
Val - Loss, MSE, RMSE, MAE, MAPE: 0.00455, 0.00455, 0.06566, 0.04411, 210280.58%
Test - Best epoch, Loss, MSE, RMSE, MAE, MAPE: 118, 0.00425, 0.00425, 0.06358, 0.04326, 10.47%
Time spent: 8.88s
- Epoch 124, ExpID 95536
Train - Loss (one batch): 0.00316
Val - Loss, MSE, RMSE, MAE, MAPE: 0.00450, 0.00450, 0.06524, 0.04406, 208140.22%
Test - Best epoch, Loss, MSE, RMSE, MAE, MAPE: 118, 0.00425, 0.00425, 0.06358, 0.04326, 10.47%
Time spent: 8.59s
- Epoch 125, ExpID 95536
Train - Loss (one batch): 0.00333
Val - Loss, MSE, RMSE, MAE, MAPE: 0.00454, 0.00454, 0.06546, 0.04408, 204990.67%
Test - Best epoch, Loss, MSE, RMSE, MAE, MAPE: 118, 0.00425, 0.00425, 0.06358, 0.04326, 10.47%
Time spent: 8.96s
- Epoch 126, ExpID 95536
Train - Loss (one batch): 0.00441
Val - Loss, MSE, RMSE, MAE, MAPE: 0.00447, 0.00447, 0.06515, 0.04382, 211701.09%
Test - Best epoch, Loss, MSE, RMSE, MAE, MAPE: 118, 0.00425, 0.00425, 0.06358, 0.04326, 10.47%
Time spent: 8.71s
- Epoch 127, ExpID 95536
Train - Loss (one batch): 0.00363
Val - Loss, MSE, RMSE, MAE, MAPE: 0.00445, 0.00445, 0.06500, 0.04333, 215065.70%
Test - Best epoch, Loss, MSE, RMSE, MAE, MAPE: 118, 0.00425, 0.00425, 0.06358, 0.04326, 10.47%
Time spent: 8.56s
- Epoch 128, ExpID 95536
Train - Loss (one batch): 0.00397
Val - Loss, MSE, RMSE, MAE, MAPE: 0.00457, 0.00457, 0.06571, 0.04399, 210080.03%
Test - Best epoch, Loss, MSE, RMSE, MAE, MAPE: 118, 0.00425, 0.00425, 0.06358, 0.04326, 10.47%
Time spent: 8.69s
- Epoch 129, ExpID 95536
Train - Loss (one batch): 0.00345
Val - Loss, MSE, RMSE, MAE, MAPE: 0.00441, 0.00441, 0.06458, 0.04285, 216110.23%
Test - Best epoch, Loss, MSE, RMSE, MAE, MAPE: 129, 0.00423, 0.00423, 0.06337, 0.04265, 10.23%
Time spent: 9.85s
- Epoch 130, ExpID 95536
Train - Loss (one batch): 0.00362
Val - Loss, MSE, RMSE, MAE, MAPE: 0.00450, 0.00450, 0.06527, 0.04394, 214235.56%
Test - Best epoch, Loss, MSE, RMSE, MAE, MAPE: 129, 0.00423, 0.00423, 0.06337, 0.04265, 10.23%
Time spent: 8.73s
- Epoch 131, ExpID 95536
Train - Loss (one batch): 0.00517
Val - Loss, MSE, RMSE, MAE, MAPE: 0.00453, 0.00453, 0.06552, 0.04448, 214878.46%
Test - Best epoch, Loss, MSE, RMSE, MAE, MAPE: 129, 0.00423, 0.00423, 0.06337, 0.04265, 10.23%
Time spent: 8.66s
- Epoch 132, ExpID 95536
Train - Loss (one batch): 0.00331
Val - Loss, MSE, RMSE, MAE, MAPE: 0.00452, 0.00452, 0.06540, 0.04430, 214759.81%
Test - Best epoch, Loss, MSE, RMSE, MAE, MAPE: 129, 0.00423, 0.00423, 0.06337, 0.04265, 10.23%
Time spent: 8.86s
- Epoch 133, ExpID 95536
Train - Loss (one batch): 0.00344
Val - Loss, MSE, RMSE, MAE, MAPE: 0.00455, 0.00455, 0.06541, 0.04444, 199770.56%
Test - Best epoch, Loss, MSE, RMSE, MAE, MAPE: 129, 0.00423, 0.00423, 0.06337, 0.04265, 10.23%
Time spent: 8.77s
- Epoch 134, ExpID 95536
Train - Loss (one batch): 0.00270
Val - Loss, MSE, RMSE, MAE, MAPE: 0.00443, 0.00443, 0.06466, 0.04312, 206140.26%
Test - Best epoch, Loss, MSE, RMSE, MAE, MAPE: 129, 0.00423, 0.00423, 0.06337, 0.04265, 10.23%
Time spent: 8.74s
- Epoch 135, ExpID 95536
Train - Loss (one batch): 0.00382
Val - Loss, MSE, RMSE, MAE, MAPE: 0.00457, 0.00457, 0.06606, 0.04518, 220277.02%
Test - Best epoch, Loss, MSE, RMSE, MAE, MAPE: 129, 0.00423, 0.00423, 0.06337, 0.04265, 10.23%
Time spent: 8.96s
- Epoch 136, ExpID 95536
Train - Loss (one batch): 0.00335
Val - Loss, MSE, RMSE, MAE, MAPE: 0.00442, 0.00442, 0.06482, 0.04327, 217289.49%
Test - Best epoch, Loss, MSE, RMSE, MAE, MAPE: 129, 0.00423, 0.00423, 0.06337, 0.04265, 10.23%
Time spent: 8.60s
- Epoch 137, ExpID 95536
Train - Loss (one batch): 0.00336
Val - Loss, MSE, RMSE, MAE, MAPE: 0.00448, 0.00448, 0.06502, 0.04359, 206097.04%
Test - Best epoch, Loss, MSE, RMSE, MAE, MAPE: 129, 0.00423, 0.00423, 0.06337, 0.04265, 10.23%
Time spent: 8.58s
- Epoch 138, ExpID 95536
Train - Loss (one batch): 0.00360
Val - Loss, MSE, RMSE, MAE, MAPE: 0.00454, 0.00454, 0.06562, 0.04398, 219627.26%
Test - Best epoch, Loss, MSE, RMSE, MAE, MAPE: 129, 0.00423, 0.00423, 0.06337, 0.04265, 10.23%
Time spent: 8.81s
- Epoch 139, ExpID 95536
Train - Loss (one batch): 0.00389
Val - Loss, MSE, RMSE, MAE, MAPE: 0.00455, 0.00455, 0.06576, 0.04409, 219880.72%
Test - Best epoch, Loss, MSE, RMSE, MAE, MAPE: 129, 0.00423, 0.00423, 0.06337, 0.04265, 10.23%
Time spent: 8.58s
- Epoch 140, ExpID 95536
Train - Loss (one batch): 0.00405
Val - Loss, MSE, RMSE, MAE, MAPE: 0.00478, 0.00478, 0.06745, 0.04703, 217273.01%
Test - Best epoch, Loss, MSE, RMSE, MAE, MAPE: 129, 0.00423, 0.00423, 0.06337, 0.04265, 10.23%
Time spent: 8.81s
- Epoch 141, ExpID 95536
Train - Loss (one batch): 0.00357
Val - Loss, MSE, RMSE, MAE, MAPE: 0.00448, 0.00448, 0.06513, 0.04352, 216445.91%
Test - Best epoch, Loss, MSE, RMSE, MAE, MAPE: 129, 0.00423, 0.00423, 0.06337, 0.04265, 10.23%
Time spent: 8.93s
- Epoch 142, ExpID 95536
Train - Loss (one batch): 0.00242
Val - Loss, MSE, RMSE, MAE, MAPE: 0.00439, 0.00439, 0.06422, 0.04294, 205439.67%
Test - Best epoch, Loss, MSE, RMSE, MAE, MAPE: 142, 0.00413, 0.00413, 0.06258, 0.04214, 10.02%
Time spent: 9.89s
- Epoch 143, ExpID 95536
Train - Loss (one batch): 0.00386
Val - Loss, MSE, RMSE, MAE, MAPE: 0.00476, 0.00476, 0.06730, 0.04635, 222975.35%
Test - Best epoch, Loss, MSE, RMSE, MAE, MAPE: 142, 0.00413, 0.00413, 0.06258, 0.04214, 10.02%
Time spent: 8.78s
- Epoch 144, ExpID 95536
Train - Loss (one batch): 0.00324
Val - Loss, MSE, RMSE, MAE, MAPE: 0.00438, 0.00438, 0.06423, 0.04305, 208879.28%
Test - Best epoch, Loss, MSE, RMSE, MAE, MAPE: 144, 0.00414, 0.00414, 0.06264, 0.04224, 10.14%
Time spent: 9.86s
- Epoch 145, ExpID 95536
Train - Loss (one batch): 0.00322
Val - Loss, MSE, RMSE, MAE, MAPE: 0.00439, 0.00439, 0.06438, 0.04303, 209096.31%
Test - Best epoch, Loss, MSE, RMSE, MAE, MAPE: 144, 0.00414, 0.00414, 0.06264, 0.04224, 10.14%
Time spent: 8.65s
- Epoch 146, ExpID 95536
Train - Loss (one batch): 0.00409
Val - Loss, MSE, RMSE, MAE, MAPE: 0.00444, 0.00444, 0.06475, 0.04307, 204310.18%
Test - Best epoch, Loss, MSE, RMSE, MAE, MAPE: 144, 0.00414, 0.00414, 0.06264, 0.04224, 10.14%
Time spent: 8.66s
- Epoch 147, ExpID 95536
Train - Loss (one batch): 0.00415
Val - Loss, MSE, RMSE, MAE, MAPE: 0.00472, 0.00472, 0.06708, 0.04556, 218065.51%
Test - Best epoch, Loss, MSE, RMSE, MAE, MAPE: 144, 0.00414, 0.00414, 0.06264, 0.04224, 10.14%
Time spent: 8.75s
- Epoch 148, ExpID 95536
Train - Loss (one batch): 0.00347
Val - Loss, MSE, RMSE, MAE, MAPE: 0.00450, 0.00450, 0.06518, 0.04358, 211252.61%
Test - Best epoch, Loss, MSE, RMSE, MAE, MAPE: 144, 0.00414, 0.00414, 0.06264, 0.04224, 10.14%
Time spent: 8.62s
- Epoch 149, ExpID 95536
Train - Loss (one batch): 0.00236
Val - Loss, MSE, RMSE, MAE, MAPE: 0.00448, 0.00448, 0.06507, 0.04377, 206565.87%
Test - Best epoch, Loss, MSE, RMSE, MAE, MAPE: 144, 0.00414, 0.00414, 0.06264, 0.04224, 10.14%
Time spent: 8.58s
- Epoch 150, ExpID 95536
Train - Loss (one batch): 0.00524
Val - Loss, MSE, RMSE, MAE, MAPE: 0.00470, 0.00470, 0.06664, 0.04507, 208910.88%
Test - Best epoch, Loss, MSE, RMSE, MAE, MAPE: 144, 0.00414, 0.00414, 0.06264, 0.04224, 10.14%
Time spent: 8.64s
- Epoch 151, ExpID 95536
Train - Loss (one batch): 0.00297
Val - Loss, MSE, RMSE, MAE, MAPE: 0.00442, 0.00442, 0.06474, 0.04325, 214965.84%
Test - Best epoch, Loss, MSE, RMSE, MAE, MAPE: 144, 0.00414, 0.00414, 0.06264, 0.04224, 10.14%
Time spent: 9.06s
- Epoch 152, ExpID 95536
Train - Loss (one batch): 0.00445
Val - Loss, MSE, RMSE, MAE, MAPE: 0.00440, 0.00440, 0.06451, 0.04301, 212222.26%
Test - Best epoch, Loss, MSE, RMSE, MAE, MAPE: 144, 0.00414, 0.00414, 0.06264, 0.04224, 10.14%
Time spent: 8.66s
- Epoch 153, ExpID 95536
Train - Loss (one batch): 0.00298
Val - Loss, MSE, RMSE, MAE, MAPE: 0.00477, 0.00477, 0.06756, 0.04588, 217669.92%
Test - Best epoch, Loss, MSE, RMSE, MAE, MAPE: 144, 0.00414, 0.00414, 0.06264, 0.04224, 10.14%
Time spent: 9.01s
- Epoch 154, ExpID 95536
Train - Loss (one batch): 0.00383
Val - Loss, MSE, RMSE, MAE, MAPE: 0.00444, 0.00444, 0.06479, 0.04396, 217042.25%
Test - Best epoch, Loss, MSE, RMSE, MAE, MAPE: 144, 0.00414, 0.00414, 0.06264, 0.04224, 10.14%
Time spent: 8.83s
- Epoch 155, ExpID 95536
Train - Loss (one batch): 0.00314
Val - Loss, MSE, RMSE, MAE, MAPE: 0.00444, 0.00444, 0.06458, 0.04331, 214497.99%
Test - Best epoch, Loss, MSE, RMSE, MAE, MAPE: 144, 0.00414, 0.00414, 0.06264, 0.04224, 10.14%
Time spent: 8.82s
- Epoch 156, ExpID 95536
Train - Loss (one batch): 0.00452
Val - Loss, MSE, RMSE, MAE, MAPE: 0.00437, 0.00437, 0.06423, 0.04289, 207735.42%
Test - Best epoch, Loss, MSE, RMSE, MAE, MAPE: 156, 0.00412, 0.00412, 0.06264, 0.04239, 10.17%
Time spent: 9.93s
- Epoch 157, ExpID 95536
Train - Loss (one batch): 0.00236
Val - Loss, MSE, RMSE, MAE, MAPE: 0.00449, 0.00449, 0.06533, 0.04371, 215754.49%
Test - Best epoch, Loss, MSE, RMSE, MAE, MAPE: 156, 0.00412, 0.00412, 0.06264, 0.04239, 10.17%
Time spent: 8.91s
- Epoch 158, ExpID 95536
Train - Loss (one batch): 0.00337
Val - Loss, MSE, RMSE, MAE, MAPE: 0.00472, 0.00472, 0.06698, 0.04663, 221046.66%
Test - Best epoch, Loss, MSE, RMSE, MAE, MAPE: 156, 0.00412, 0.00412, 0.06264, 0.04239, 10.17%
Time spent: 9.04s
- Epoch 159, ExpID 95536
Train - Loss (one batch): 0.00367
Val - Loss, MSE, RMSE, MAE, MAPE: 0.00429, 0.00429, 0.06358, 0.04251, 207099.16%
Test - Best epoch, Loss, MSE, RMSE, MAE, MAPE: 159, 0.00405, 0.00405, 0.06204, 0.04192, 9.99%
Time spent: 10.50s
- Epoch 160, ExpID 95536
Train - Loss (one batch): 0.00338
Val - Loss, MSE, RMSE, MAE, MAPE: 0.00452, 0.00452, 0.06559, 0.04411, 214572.86%
Test - Best epoch, Loss, MSE, RMSE, MAE, MAPE: 159, 0.00405, 0.00405, 0.06204, 0.04192, 9.99%
Time spent: 8.57s
- Epoch 161, ExpID 95536
Train - Loss (one batch): 0.00342
Val - Loss, MSE, RMSE, MAE, MAPE: 0.00494, 0.00494, 0.06880, 0.04748, 227450.34%
Test - Best epoch, Loss, MSE, RMSE, MAE, MAPE: 159, 0.00405, 0.00405, 0.06204, 0.04192, 9.99%
Time spent: 8.65s
- Epoch 162, ExpID 95536
Train - Loss (one batch): 0.00360
Val - Loss, MSE, RMSE, MAE, MAPE: 0.00450, 0.00450, 0.06536, 0.04377, 221392.35%
Test - Best epoch, Loss, MSE, RMSE, MAE, MAPE: 159, 0.00405, 0.00405, 0.06204, 0.04192, 9.99%
Time spent: 8.51s
- Epoch 163, ExpID 95536
Train - Loss (one batch): 0.00398
Val - Loss, MSE, RMSE, MAE, MAPE: 0.00434, 0.00434, 0.06414, 0.04330, 213501.21%
Test - Best epoch, Loss, MSE, RMSE, MAE, MAPE: 159, 0.00405, 0.00405, 0.06204, 0.04192, 9.99%
Time spent: 8.95s
- Epoch 164, ExpID 95536
Train - Loss (one batch): 0.00541
Val - Loss, MSE, RMSE, MAE, MAPE: 0.00453, 0.00453, 0.06569, 0.04403, 217005.69%
Test - Best epoch, Loss, MSE, RMSE, MAE, MAPE: 159, 0.00405, 0.00405, 0.06204, 0.04192, 9.99%
Time spent: 8.90s
- Epoch 165, ExpID 95536
Train - Loss (one batch): 0.00433
Val - Loss, MSE, RMSE, MAE, MAPE: 0.00439, 0.00439, 0.06459, 0.04337, 219161.51%
Test - Best epoch, Loss, MSE, RMSE, MAE, MAPE: 159, 0.00405, 0.00405, 0.06204, 0.04192, 9.99%
Time spent: 8.60s
- Epoch 166, ExpID 95536
Train - Loss (one batch): 0.00336
Val - Loss, MSE, RMSE, MAE, MAPE: 0.00431, 0.00431, 0.06391, 0.04311, 213899.57%
Test - Best epoch, Loss, MSE, RMSE, MAE, MAPE: 159, 0.00405, 0.00405, 0.06204, 0.04192, 9.99%
Time spent: 8.81s
- Epoch 167, ExpID 95536
Train - Loss (one batch): 0.00336
Val - Loss, MSE, RMSE, MAE, MAPE: 0.00447, 0.00447, 0.06515, 0.04445, 219386.43%
Test - Best epoch, Loss, MSE, RMSE, MAE, MAPE: 159, 0.00405, 0.00405, 0.06204, 0.04192, 9.99%
Time spent: 9.09s
- Epoch 168, ExpID 95536
Train - Loss (one batch): 0.00442
Val - Loss, MSE, RMSE, MAE, MAPE: 0.00440, 0.00440, 0.06463, 0.04299, 220480.12%
Test - Best epoch, Loss, MSE, RMSE, MAE, MAPE: 159, 0.00405, 0.00405, 0.06204, 0.04192, 9.99%
Time spent: 9.00s
- Epoch 169, ExpID 95536
Train - Loss (one batch): 0.00348
Val - Loss, MSE, RMSE, MAE, MAPE: 0.00435, 0.00435, 0.06416, 0.04303, 215092.58%
Test - Best epoch, Loss, MSE, RMSE, MAE, MAPE: 159, 0.00405, 0.00405, 0.06204, 0.04192, 9.99%
Time spent: 8.85s
- Epoch 170, ExpID 95536
Train - Loss (one batch): 0.00323
Val - Loss, MSE, RMSE, MAE, MAPE: 0.00466, 0.00466, 0.06673, 0.04585, 223196.08%
Test - Best epoch, Loss, MSE, RMSE, MAE, MAPE: 159, 0.00405, 0.00405, 0.06204, 0.04192, 9.99%
Time spent: 8.94s
- Epoch 171, ExpID 95536
Train - Loss (one batch): 0.00398
Val - Loss, MSE, RMSE, MAE, MAPE: 0.00460, 0.00460, 0.06630, 0.04511, 224936.43%
Test - Best epoch, Loss, MSE, RMSE, MAE, MAPE: 159, 0.00405, 0.00405, 0.06204, 0.04192, 9.99%
Time spent: 8.75s
- Epoch 172, ExpID 95536
Train - Loss (one batch): 0.00389
Val - Loss, MSE, RMSE, MAE, MAPE: 0.00417, 0.00417, 0.06273, 0.04183, 212227.16%
Test - Best epoch, Loss, MSE, RMSE, MAE, MAPE: 172, 0.00393, 0.00393, 0.06119, 0.04139, 9.86%
Time spent: 10.04s
- Epoch 173, ExpID 95536
Train - Loss (one batch): 0.00349
Val - Loss, MSE, RMSE, MAE, MAPE: 0.00424, 0.00424, 0.06348, 0.04282, 216260.41%
Test - Best epoch, Loss, MSE, RMSE, MAE, MAPE: 172, 0.00393, 0.00393, 0.06119, 0.04139, 9.86%
Time spent: 8.83s
- Epoch 174, ExpID 95536
Train - Loss (one batch): 0.00470
Val - Loss, MSE, RMSE, MAE, MAPE: 0.00434, 0.00434, 0.06414, 0.04383, 207577.78%
Test - Best epoch, Loss, MSE, RMSE, MAE, MAPE: 172, 0.00393, 0.00393, 0.06119, 0.04139, 9.86%
Time spent: 8.83s
- Epoch 175, ExpID 95536
Train - Loss (one batch): 0.00363
Val - Loss, MSE, RMSE, MAE, MAPE: 0.00436, 0.00436, 0.06438, 0.04333, 218787.81%
Test - Best epoch, Loss, MSE, RMSE, MAE, MAPE: 172, 0.00393, 0.00393, 0.06119, 0.04139, 9.86%
Time spent: 8.69s
- Epoch 176, ExpID 95536
Train - Loss (one batch): 0.00344
Val - Loss, MSE, RMSE, MAE, MAPE: 0.00415, 0.00415, 0.06262, 0.04253, 223460.64%
Test - Best epoch, Loss, MSE, RMSE, MAE, MAPE: 176, 0.00388, 0.00388, 0.06068, 0.04184, 10.28%
Time spent: 10.02s
- Epoch 177, ExpID 95536
Train - Loss (one batch): 0.00339
Val - Loss, MSE, RMSE, MAE, MAPE: 0.00407, 0.00407, 0.06215, 0.04172, 219857.93%
Test - Best epoch, Loss, MSE, RMSE, MAE, MAPE: 177, 0.00380, 0.00380, 0.06015, 0.04073, 9.97%
Time spent: 9.91s
- Epoch 178, ExpID 95536
Train - Loss (one batch): 0.00469
Val - Loss, MSE, RMSE, MAE, MAPE: 0.00391, 0.00391, 0.06080, 0.04088, 211471.50%
Test - Best epoch, Loss, MSE, RMSE, MAE, MAPE: 178, 0.00369, 0.00369, 0.05922, 0.04044, 9.79%
Time spent: 9.99s
- Epoch 179, ExpID 95536
Train - Loss (one batch): 0.00430
Val - Loss, MSE, RMSE, MAE, MAPE: 0.00392, 0.00392, 0.06097, 0.04039, 210409.12%
Test - Best epoch, Loss, MSE, RMSE, MAE, MAPE: 178, 0.00369, 0.00369, 0.05922, 0.04044, 9.79%
Time spent: 8.49s
- Epoch 180, ExpID 95536
Train - Loss (one batch): 0.00327
Val - Loss, MSE, RMSE, MAE, MAPE: 0.00387, 0.00387, 0.06065, 0.04112, 209473.80%
Test - Best epoch, Loss, MSE, RMSE, MAE, MAPE: 180, 0.00368, 0.00368, 0.05915, 0.04028, 9.60%
Time spent: 10.12s
- Epoch 181, ExpID 95536
Train - Loss (one batch): 0.00364
Val - Loss, MSE, RMSE, MAE, MAPE: 0.00419, 0.00419, 0.06328, 0.04427, 215981.11%
Test - Best epoch, Loss, MSE, RMSE, MAE, MAPE: 180, 0.00368, 0.00368, 0.05915, 0.04028, 9.60%
Time spent: 8.83s
- Epoch 182, ExpID 95536
Train - Loss (one batch): 0.00355
Val - Loss, MSE, RMSE, MAE, MAPE: 0.00501, 0.00501, 0.06945, 0.04974, 225660.48%
Test - Best epoch, Loss, MSE, RMSE, MAE, MAPE: 180, 0.00368, 0.00368, 0.05915, 0.04028, 9.60%
Time spent: 8.87s
- Epoch 183, ExpID 95536
Train - Loss (one batch): 0.00347
Val - Loss, MSE, RMSE, MAE, MAPE: 0.00367, 0.00367, 0.05898, 0.03922, 204823.71%
Test - Best epoch, Loss, MSE, RMSE, MAE, MAPE: 183, 0.00355, 0.00355, 0.05803, 0.03904, 9.33%
Time spent: 10.00s
- Epoch 184, ExpID 95536
Train - Loss (one batch): 0.00351
Val - Loss, MSE, RMSE, MAE, MAPE: 0.00359, 0.00359, 0.05826, 0.03846, 211196.44%
Test - Best epoch, Loss, MSE, RMSE, MAE, MAPE: 184, 0.00343, 0.00343, 0.05703, 0.03804, 9.19%
Time spent: 9.76s
- Epoch 185, ExpID 95536
Train - Loss (one batch): 0.00306
Val - Loss, MSE, RMSE, MAE, MAPE: 0.00360, 0.00360, 0.05845, 0.03881, 209016.96%
Test - Best epoch, Loss, MSE, RMSE, MAE, MAPE: 184, 0.00343, 0.00343, 0.05703, 0.03804, 9.19%
Time spent: 8.81s
- Epoch 186, ExpID 95536
Train - Loss (one batch): 0.00332
Val - Loss, MSE, RMSE, MAE, MAPE: 0.00376, 0.00376, 0.05968, 0.04005, 200698.07%
Test - Best epoch, Loss, MSE, RMSE, MAE, MAPE: 184, 0.00343, 0.00343, 0.05703, 0.03804, 9.19%
Time spent: 8.94s
- Epoch 187, ExpID 95536
Train - Loss (one batch): 0.00296
Val - Loss, MSE, RMSE, MAE, MAPE: 0.00383, 0.00383, 0.06036, 0.04124, 204847.90%
Test - Best epoch, Loss, MSE, RMSE, MAE, MAPE: 184, 0.00343, 0.00343, 0.05703, 0.03804, 9.19%
Time spent: 9.25s
- Epoch 188, ExpID 95536
Train - Loss (one batch): 0.00244
Val - Loss, MSE, RMSE, MAE, MAPE: 0.00347, 0.00347, 0.05727, 0.03786, 208692.79%
Test - Best epoch, Loss, MSE, RMSE, MAE, MAPE: 188, 0.00337, 0.00337, 0.05646, 0.03771, 9.09%
Time spent: 9.95s
- Epoch 189, ExpID 95536
Train - Loss (one batch): 0.00340
Val - Loss, MSE, RMSE, MAE, MAPE: 0.00372, 0.00372, 0.05936, 0.04017, 218624.94%
Test - Best epoch, Loss, MSE, RMSE, MAE, MAPE: 188, 0.00337, 0.00337, 0.05646, 0.03771, 9.09%
Time spent: 8.62s
- Epoch 190, ExpID 95536
Train - Loss (one batch): 0.00284
Val - Loss, MSE, RMSE, MAE, MAPE: 0.00351, 0.00351, 0.05760, 0.03816, 211522.48%
Test - Best epoch, Loss, MSE, RMSE, MAE, MAPE: 188, 0.00337, 0.00337, 0.05646, 0.03771, 9.09%
Time spent: 8.75s
- Epoch 191, ExpID 95536
Train - Loss (one batch): 0.00322
Val - Loss, MSE, RMSE, MAE, MAPE: 0.00351, 0.00351, 0.05762, 0.03808, 208184.74%
Test - Best epoch, Loss, MSE, RMSE, MAE, MAPE: 188, 0.00337, 0.00337, 0.05646, 0.03771, 9.09%
Time spent: 8.77s
- Epoch 192, ExpID 95536
Train - Loss (one batch): 0.00333
Val - Loss, MSE, RMSE, MAE, MAPE: 0.00346, 0.00346, 0.05732, 0.03822, 208787.10%
Test - Best epoch, Loss, MSE, RMSE, MAE, MAPE: 192, 0.00338, 0.00338, 0.05655, 0.03809, 9.22%
Time spent: 9.84s
- Epoch 193, ExpID 95536
Train - Loss (one batch): 0.00359
Val - Loss, MSE, RMSE, MAE, MAPE: 0.00350, 0.00350, 0.05754, 0.03833, 202808.01%
Test - Best epoch, Loss, MSE, RMSE, MAE, MAPE: 192, 0.00338, 0.00338, 0.05655, 0.03809, 9.22%
Time spent: 8.87s
- Epoch 194, ExpID 95536
Train - Loss (one batch): 0.00434
Val - Loss, MSE, RMSE, MAE, MAPE: 0.00370, 0.00370, 0.05917, 0.03950, 200237.49%
Test - Best epoch, Loss, MSE, RMSE, MAE, MAPE: 192, 0.00338, 0.00338, 0.05655, 0.03809, 9.22%
Time spent: 8.59s
- Epoch 195, ExpID 95536
Train - Loss (one batch): 0.00420
Val - Loss, MSE, RMSE, MAE, MAPE: 0.00348, 0.00348, 0.05739, 0.03804, 207482.50%
Test - Best epoch, Loss, MSE, RMSE, MAE, MAPE: 192, 0.00338, 0.00338, 0.05655, 0.03809, 9.22%
Time spent: 8.75s
- Epoch 196, ExpID 95536
Train - Loss (one batch): 0.00278
Val - Loss, MSE, RMSE, MAE, MAPE: 0.00398, 0.00398, 0.06150, 0.04158, 204844.33%
Test - Best epoch, Loss, MSE, RMSE, MAE, MAPE: 192, 0.00338, 0.00338, 0.05655, 0.03809, 9.22%
Time spent: 8.94s
- Epoch 197, ExpID 95536
Train - Loss (one batch): 0.00388
Val - Loss, MSE, RMSE, MAE, MAPE: 0.00365, 0.00365, 0.05896, 0.03964, 199207.43%
Test - Best epoch, Loss, MSE, RMSE, MAE, MAPE: 192, 0.00338, 0.00338, 0.05655, 0.03809, 9.22%
Time spent: 8.71s
- Epoch 198, ExpID 95536
Train - Loss (one batch): 0.00326
Val - Loss, MSE, RMSE, MAE, MAPE: 0.00357, 0.00357, 0.05828, 0.03927, 213701.42%
Test - Best epoch, Loss, MSE, RMSE, MAE, MAPE: 192, 0.00338, 0.00338, 0.05655, 0.03809, 9.22%
Time spent: 8.84s
- Epoch 199, ExpID 95536
Train - Loss (one batch): 0.00350
Val - Loss, MSE, RMSE, MAE, MAPE: 0.00367, 0.00367, 0.05893, 0.03912, 206282.38%
Test - Best epoch, Loss, MSE, RMSE, MAE, MAPE: 192, 0.00338, 0.00338, 0.05655, 0.03809, 9.22%
Time spent: 8.57s
- Epoch 200, ExpID 95536
Train - Loss (one batch): 0.00303
Val - Loss, MSE, RMSE, MAE, MAPE: 0.00351, 0.00351, 0.05785, 0.03927, 205519.00%
Test - Best epoch, Loss, MSE, RMSE, MAE, MAPE: 192, 0.00338, 0.00338, 0.05655, 0.03809, 9.22%
Time spent: 8.62s
- Epoch 201, ExpID 95536
Train - Loss (one batch): 0.00248
Val - Loss, MSE, RMSE, MAE, MAPE: 0.00333, 0.00333, 0.05625, 0.03749, 203638.89%
Test - Best epoch, Loss, MSE, RMSE, MAE, MAPE: 201, 0.00326, 0.00326, 0.05563, 0.03742, 8.84%
Time spent: 9.68s
- Epoch 202, ExpID 95536
Train - Loss (one batch): 0.00197
Val - Loss, MSE, RMSE, MAE, MAPE: 0.00343, 0.00343, 0.05710, 0.03860, 207277.60%
Test - Best epoch, Loss, MSE, RMSE, MAE, MAPE: 201, 0.00326, 0.00326, 0.05563, 0.03742, 8.84%
Time spent: 8.92s
- Epoch 203, ExpID 95536
Train - Loss (one batch): 0.00198
Val - Loss, MSE, RMSE, MAE, MAPE: 0.00345, 0.00345, 0.05718, 0.03824, 212114.19%
Test - Best epoch, Loss, MSE, RMSE, MAE, MAPE: 201, 0.00326, 0.00326, 0.05563, 0.03742, 8.84%
Time spent: 8.61s
- Epoch 204, ExpID 95536
Train - Loss (one batch): 0.00244
Val - Loss, MSE, RMSE, MAE, MAPE: 0.00339, 0.00339, 0.05668, 0.03756, 210276.44%
Test - Best epoch, Loss, MSE, RMSE, MAE, MAPE: 201, 0.00326, 0.00326, 0.05563, 0.03742, 8.84%
Time spent: 8.68s
- Epoch 205, ExpID 95536
Train - Loss (one batch): 0.00317
Val - Loss, MSE, RMSE, MAE, MAPE: 0.00335, 0.00335, 0.05646, 0.03789, 206970.64%
Test - Best epoch, Loss, MSE, RMSE, MAE, MAPE: 201, 0.00326, 0.00326, 0.05563, 0.03742, 8.84%
Time spent: 8.65s
- Epoch 206, ExpID 95536
Train - Loss (one batch): 0.00266
Val - Loss, MSE, RMSE, MAE, MAPE: 0.00333, 0.00333, 0.05624, 0.03735, 207712.19%
Test - Best epoch, Loss, MSE, RMSE, MAE, MAPE: 201, 0.00326, 0.00326, 0.05563, 0.03742, 8.84%
Time spent: 8.68s
- Epoch 207, ExpID 95536
Train - Loss (one batch): 0.00471
Val - Loss, MSE, RMSE, MAE, MAPE: 0.00330, 0.00330, 0.05595, 0.03692, 204262.94%
Test - Best epoch, Loss, MSE, RMSE, MAE, MAPE: 207, 0.00324, 0.00324, 0.05542, 0.03700, 8.90%
Time spent: 9.82s
- Epoch 208, ExpID 95536
Train - Loss (one batch): 0.00295
Val - Loss, MSE, RMSE, MAE, MAPE: 0.00326, 0.00326, 0.05556, 0.03665, 202283.13%
Test - Best epoch, Loss, MSE, RMSE, MAE, MAPE: 208, 0.00322, 0.00322, 0.05522, 0.03670, 8.82%
Time spent: 9.79s
- Epoch 209, ExpID 95536
Train - Loss (one batch): 0.00345
Val - Loss, MSE, RMSE, MAE, MAPE: 0.00338, 0.00338, 0.05665, 0.03815, 211235.47%
Test - Best epoch, Loss, MSE, RMSE, MAE, MAPE: 208, 0.00322, 0.00322, 0.05522, 0.03670, 8.82%
Time spent: 8.83s
- Epoch 210, ExpID 95536
Train - Loss (one batch): 0.00238
Val - Loss, MSE, RMSE, MAE, MAPE: 0.00340, 0.00340, 0.05676, 0.03767, 210936.00%
Test - Best epoch, Loss, MSE, RMSE, MAE, MAPE: 208, 0.00322, 0.00322, 0.05522, 0.03670, 8.82%
Time spent: 8.68s
- Epoch 211, ExpID 95536
Train - Loss (one batch): 0.00318
Val - Loss, MSE, RMSE, MAE, MAPE: 0.00350, 0.00350, 0.05766, 0.03870, 212432.31%
Test - Best epoch, Loss, MSE, RMSE, MAE, MAPE: 208, 0.00322, 0.00322, 0.05522, 0.03670, 8.82%
Time spent: 8.88s
- Epoch 212, ExpID 95536
Train - Loss (one batch): 0.00254
Val - Loss, MSE, RMSE, MAE, MAPE: 0.00348, 0.00348, 0.05747, 0.03903, 213171.72%
Test - Best epoch, Loss, MSE, RMSE, MAE, MAPE: 208, 0.00322, 0.00322, 0.05522, 0.03670, 8.82%
Time spent: 8.92s
- Epoch 213, ExpID 95536
Train - Loss (one batch): 0.00234
Val - Loss, MSE, RMSE, MAE, MAPE: 0.00330, 0.00330, 0.05592, 0.03671, 209039.71%
Test - Best epoch, Loss, MSE, RMSE, MAE, MAPE: 208, 0.00322, 0.00322, 0.05522, 0.03670, 8.82%
Time spent: 8.62s
- Epoch 214, ExpID 95536
Train - Loss (one batch): 0.00229
Val - Loss, MSE, RMSE, MAE, MAPE: 0.00327, 0.00327, 0.05566, 0.03636, 206806.05%
Test - Best epoch, Loss, MSE, RMSE, MAE, MAPE: 208, 0.00322, 0.00322, 0.05522, 0.03670, 8.82%
Time spent: 8.74s
- Epoch 215, ExpID 95536
Train - Loss (one batch): 0.00236
Val - Loss, MSE, RMSE, MAE, MAPE: 0.00323, 0.00323, 0.05538, 0.03649, 212489.45%
Test - Best epoch, Loss, MSE, RMSE, MAE, MAPE: 215, 0.00322, 0.00322, 0.05526, 0.03680, 8.69%
Time spent: 9.85s
- Epoch 216, ExpID 95536
Train - Loss (one batch): 0.00299
Val - Loss, MSE, RMSE, MAE, MAPE: 0.00335, 0.00335, 0.05640, 0.03736, 209659.24%
Test - Best epoch, Loss, MSE, RMSE, MAE, MAPE: 215, 0.00322, 0.00322, 0.05526, 0.03680, 8.69%
Time spent: 8.63s
- Epoch 217, ExpID 95536
Train - Loss (one batch): 0.00354
Val - Loss, MSE, RMSE, MAE, MAPE: 0.00329, 0.00329, 0.05586, 0.03692, 204287.64%
Test - Best epoch, Loss, MSE, RMSE, MAE, MAPE: 215, 0.00322, 0.00322, 0.05526, 0.03680, 8.69%
Time spent: 8.77s
- Epoch 218, ExpID 95536
Train - Loss (one batch): 0.00321
Val - Loss, MSE, RMSE, MAE, MAPE: 0.00328, 0.00328, 0.05587, 0.03714, 203309.95%
Test - Best epoch, Loss, MSE, RMSE, MAE, MAPE: 215, 0.00322, 0.00322, 0.05526, 0.03680, 8.69%
Time spent: 8.82s
- Epoch 219, ExpID 95536
Train - Loss (one batch): 0.00371
Val - Loss, MSE, RMSE, MAE, MAPE: 0.00347, 0.00347, 0.05755, 0.03885, 203864.86%
Test - Best epoch, Loss, MSE, RMSE, MAE, MAPE: 215, 0.00322, 0.00322, 0.05526, 0.03680, 8.69%
Time spent: 8.76s
- Epoch 220, ExpID 95536
Train - Loss (one batch): 0.00308
Val - Loss, MSE, RMSE, MAE, MAPE: 0.00336, 0.00336, 0.05658, 0.03794, 210856.98%
Test - Best epoch, Loss, MSE, RMSE, MAE, MAPE: 215, 0.00322, 0.00322, 0.05526, 0.03680, 8.69%
Time spent: 8.71s
- Epoch 221, ExpID 95536
Train - Loss (one batch): 0.00326
Val - Loss, MSE, RMSE, MAE, MAPE: 0.00338, 0.00338, 0.05671, 0.03849, 211410.47%
Test - Best epoch, Loss, MSE, RMSE, MAE, MAPE: 215, 0.00322, 0.00322, 0.05526, 0.03680, 8.69%
Time spent: 8.78s
- Epoch 222, ExpID 95536
Train - Loss (one batch): 0.00429
Val - Loss, MSE, RMSE, MAE, MAPE: 0.00318, 0.00318, 0.05492, 0.03604, 201153.44%
Test - Best epoch, Loss, MSE, RMSE, MAE, MAPE: 222, 0.00315, 0.00315, 0.05463, 0.03613, 8.72%
Time spent: 9.96s
- Epoch 223, ExpID 95536
Train - Loss (one batch): 0.00360
Val - Loss, MSE, RMSE, MAE, MAPE: 0.00334, 0.00334, 0.05630, 0.03761, 209225.06%
Test - Best epoch, Loss, MSE, RMSE, MAE, MAPE: 222, 0.00315, 0.00315, 0.05463, 0.03613, 8.72%
Time spent: 8.88s
- Epoch 224, ExpID 95536
Train - Loss (one batch): 0.00190
Val - Loss, MSE, RMSE, MAE, MAPE: 0.00326, 0.00326, 0.05564, 0.03737, 204405.30%
Test - Best epoch, Loss, MSE, RMSE, MAE, MAPE: 222, 0.00315, 0.00315, 0.05463, 0.03613, 8.72%
Time spent: 9.07s
- Epoch 225, ExpID 95536
Train - Loss (one batch): 0.00196
Val - Loss, MSE, RMSE, MAE, MAPE: 0.00321, 0.00321, 0.05515, 0.03632, 204159.25%
Test - Best epoch, Loss, MSE, RMSE, MAE, MAPE: 222, 0.00315, 0.00315, 0.05463, 0.03613, 8.72%
Time spent: 8.72s
- Epoch 226, ExpID 95536
Train - Loss (one batch): 0.00220
Val - Loss, MSE, RMSE, MAE, MAPE: 0.00336, 0.00336, 0.05645, 0.03743, 201280.70%
Test - Best epoch, Loss, MSE, RMSE, MAE, MAPE: 222, 0.00315, 0.00315, 0.05463, 0.03613, 8.72%
Time spent: 9.01s
- Epoch 227, ExpID 95536
Train - Loss (one batch): 0.00426
Val - Loss, MSE, RMSE, MAE, MAPE: 0.00323, 0.00323, 0.05531, 0.03674, 209552.74%
Test - Best epoch, Loss, MSE, RMSE, MAE, MAPE: 222, 0.00315, 0.00315, 0.05463, 0.03613, 8.72%
Time spent: 9.06s
- Epoch 228, ExpID 95536
Train - Loss (one batch): 0.00302
Val - Loss, MSE, RMSE, MAE, MAPE: 0.00319, 0.00319, 0.05498, 0.03615, 207513.71%
Test - Best epoch, Loss, MSE, RMSE, MAE, MAPE: 222, 0.00315, 0.00315, 0.05463, 0.03613, 8.72%
Time spent: 8.70s
- Epoch 229, ExpID 95536
Train - Loss (one batch): 0.00250
Val - Loss, MSE, RMSE, MAE, MAPE: 0.00325, 0.00325, 0.05554, 0.03628, 210935.14%
Test - Best epoch, Loss, MSE, RMSE, MAE, MAPE: 222, 0.00315, 0.00315, 0.05463, 0.03613, 8.72%
Time spent: 8.95s
- Epoch 230, ExpID 95536
Train - Loss (one batch): 0.00236
Val - Loss, MSE, RMSE, MAE, MAPE: 0.00347, 0.00347, 0.05732, 0.03817, 207350.78%
Test - Best epoch, Loss, MSE, RMSE, MAE, MAPE: 222, 0.00315, 0.00315, 0.05463, 0.03613, 8.72%
Time spent: 8.85s
- Epoch 231, ExpID 95536
Train - Loss (one batch): 0.00482
Val - Loss, MSE, RMSE, MAE, MAPE: 0.00325, 0.00325, 0.05558, 0.03714, 208146.83%
Test - Best epoch, Loss, MSE, RMSE, MAE, MAPE: 222, 0.00315, 0.00315, 0.05463, 0.03613, 8.72%
Time spent: 8.86s
- Epoch 232, ExpID 95536
Train - Loss (one batch): 0.00264
Val - Loss, MSE, RMSE, MAE, MAPE: 0.00320, 0.00320, 0.05507, 0.03622, 212684.09%
Test - Best epoch, Loss, MSE, RMSE, MAE, MAPE: 222, 0.00315, 0.00315, 0.05463, 0.03613, 8.72%
Time spent: 8.85s
- Epoch 233, ExpID 95536
Train - Loss (one batch): 0.00282
Val - Loss, MSE, RMSE, MAE, MAPE: 0.00352, 0.00352, 0.05785, 0.03946, 213660.90%
Test - Best epoch, Loss, MSE, RMSE, MAE, MAPE: 222, 0.00315, 0.00315, 0.05463, 0.03613, 8.72%
Time spent: 8.76s
- Epoch 234, ExpID 95536
Train - Loss (one batch): 0.00291
Val - Loss, MSE, RMSE, MAE, MAPE: 0.00324, 0.00324, 0.05542, 0.03627, 206316.03%
Test - Best epoch, Loss, MSE, RMSE, MAE, MAPE: 222, 0.00315, 0.00315, 0.05463, 0.03613, 8.72%
Time spent: 8.89s
- Epoch 235, ExpID 95536
Train - Loss (one batch): 0.00232
Val - Loss, MSE, RMSE, MAE, MAPE: 0.00318, 0.00318, 0.05493, 0.03612, 201739.04%
Test - Best epoch, Loss, MSE, RMSE, MAE, MAPE: 235, 0.00318, 0.00318, 0.05478, 0.03617, 8.54%
Time spent: 10.04s
- Epoch 236, ExpID 95536
Train - Loss (one batch): 0.00269
Val - Loss, MSE, RMSE, MAE, MAPE: 0.00322, 0.00322, 0.05529, 0.03678, 210420.06%
Test - Best epoch, Loss, MSE, RMSE, MAE, MAPE: 235, 0.00318, 0.00318, 0.05478, 0.03617, 8.54%
Time spent: 8.84s
- Epoch 237, ExpID 95536
Train - Loss (one batch): 0.00279
Val - Loss, MSE, RMSE, MAE, MAPE: 0.00366, 0.00366, 0.05906, 0.04072, 217674.29%
Test - Best epoch, Loss, MSE, RMSE, MAE, MAPE: 235, 0.00318, 0.00318, 0.05478, 0.03617, 8.54%
Time spent: 8.62s
- Epoch 238, ExpID 95536
Train - Loss (one batch): 0.00258
Val - Loss, MSE, RMSE, MAE, MAPE: 0.00340, 0.00340, 0.05696, 0.03832, 205061.93%
Test - Best epoch, Loss, MSE, RMSE, MAE, MAPE: 235, 0.00318, 0.00318, 0.05478, 0.03617, 8.54%
Time spent: 9.04s
- Epoch 239, ExpID 95536
Train - Loss (one batch): 0.00338
Val - Loss, MSE, RMSE, MAE, MAPE: 0.00320, 0.00320, 0.05505, 0.03630, 208751.86%
Test - Best epoch, Loss, MSE, RMSE, MAE, MAPE: 235, 0.00318, 0.00318, 0.05478, 0.03617, 8.54%
Time spent: 8.62s
- Epoch 240, ExpID 95536
Train - Loss (one batch): 0.00283
Val - Loss, MSE, RMSE, MAE, MAPE: 0.00331, 0.00331, 0.05599, 0.03717, 214903.50%
Test - Best epoch, Loss, MSE, RMSE, MAE, MAPE: 235, 0.00318, 0.00318, 0.05478, 0.03617, 8.54%
Time spent: 8.71s
- Epoch 241, ExpID 95536
Train - Loss (one batch): 0.00265
Val - Loss, MSE, RMSE, MAE, MAPE: 0.00327, 0.00327, 0.05563, 0.03686, 210168.97%
Test - Best epoch, Loss, MSE, RMSE, MAE, MAPE: 235, 0.00318, 0.00318, 0.05478, 0.03617, 8.54%
Time spent: 8.71s
- Epoch 242, ExpID 95536
Train - Loss (one batch): 0.00291
Val - Loss, MSE, RMSE, MAE, MAPE: 0.00336, 0.00336, 0.05665, 0.03869, 207155.35%
Test - Best epoch, Loss, MSE, RMSE, MAE, MAPE: 235, 0.00318, 0.00318, 0.05478, 0.03617, 8.54%
Time spent: 8.68s
- Epoch 243, ExpID 95536
Train - Loss (one batch): 0.00285
Val - Loss, MSE, RMSE, MAE, MAPE: 0.00390, 0.00390, 0.06131, 0.04304, 196184.29%
Test - Best epoch, Loss, MSE, RMSE, MAE, MAPE: 235, 0.00318, 0.00318, 0.05478, 0.03617, 8.54%
Time spent: 8.76s
- Epoch 244, ExpID 95536
Train - Loss (one batch): 0.00300
Val - Loss, MSE, RMSE, MAE, MAPE: 0.00317, 0.00317, 0.05476, 0.03605, 208195.60%
Test - Best epoch, Loss, MSE, RMSE, MAE, MAPE: 244, 0.00316, 0.00316, 0.05472, 0.03634, 8.66%
Time spent: 9.80s
- Epoch 245, ExpID 95536
Train - Loss (one batch): 0.00427
Val - Loss, MSE, RMSE, MAE, MAPE: 0.00348, 0.00348, 0.05756, 0.03910, 220607.62%
Test - Best epoch, Loss, MSE, RMSE, MAE, MAPE: 244, 0.00316, 0.00316, 0.05472, 0.03634, 8.66%
Time spent: 8.58s
- Epoch 246, ExpID 95536
Train - Loss (one batch): 0.00242
Val - Loss, MSE, RMSE, MAE, MAPE: 0.00323, 0.00323, 0.05537, 0.03704, 207155.48%
Test - Best epoch, Loss, MSE, RMSE, MAE, MAPE: 244, 0.00316, 0.00316, 0.05472, 0.03634, 8.66%
Time spent: 8.80s
- Epoch 247, ExpID 95536
Train - Loss (one batch): 0.00319
Val - Loss, MSE, RMSE, MAE, MAPE: 0.00345, 0.00345, 0.05713, 0.03789, 211926.23%
Test - Best epoch, Loss, MSE, RMSE, MAE, MAPE: 244, 0.00316, 0.00316, 0.05472, 0.03634, 8.66%
Time spent: 8.65s
- Epoch 248, ExpID 95536
Train - Loss (one batch): 0.00308
Val - Loss, MSE, RMSE, MAE, MAPE: 0.00348, 0.00348, 0.05741, 0.03871, 211229.44%
Test - Best epoch, Loss, MSE, RMSE, MAE, MAPE: 244, 0.00316, 0.00316, 0.05472, 0.03634, 8.66%
Time spent: 9.08s
- Epoch 249, ExpID 95536
Train - Loss (one batch): 0.00229
Val - Loss, MSE, RMSE, MAE, MAPE: 0.00322, 0.00322, 0.05531, 0.03711, 206721.96%
Test - Best epoch, Loss, MSE, RMSE, MAE, MAPE: 244, 0.00316, 0.00316, 0.05472, 0.03634, 8.66%
Time spent: 8.80s
- Epoch 250, ExpID 95536
Train - Loss (one batch): 0.00205
Val - Loss, MSE, RMSE, MAE, MAPE: 0.00327, 0.00327, 0.05569, 0.03653, 200636.71%
Test - Best epoch, Loss, MSE, RMSE, MAE, MAPE: 244, 0.00316, 0.00316, 0.05472, 0.03634, 8.66%
Time spent: 8.76s
- Epoch 251, ExpID 95536
Train - Loss (one batch): 0.00252
Val - Loss, MSE, RMSE, MAE, MAPE: 0.00330, 0.00330, 0.05592, 0.03719, 208152.97%
Test - Best epoch, Loss, MSE, RMSE, MAE, MAPE: 244, 0.00316, 0.00316, 0.05472, 0.03634, 8.66%
Time spent: 9.11s
- Epoch 252, ExpID 95536
Train - Loss (one batch): 0.00376
Val - Loss, MSE, RMSE, MAE, MAPE: 0.00325, 0.00325, 0.05546, 0.03681, 210603.73%
Test - Best epoch, Loss, MSE, RMSE, MAE, MAPE: 244, 0.00316, 0.00316, 0.05472, 0.03634, 8.66%
Time spent: 8.60s
- Epoch 253, ExpID 95536
Train - Loss (one batch): 0.00346
Val - Loss, MSE, RMSE, MAE, MAPE: 0.00317, 0.00317, 0.05476, 0.03628, 204529.38%
Test - Best epoch, Loss, MSE, RMSE, MAE, MAPE: 244, 0.00316, 0.00316, 0.05472, 0.03634, 8.66%
Time spent: 8.88s
- Epoch 254, ExpID 95536
Train - Loss (one batch): 0.00375
Val - Loss, MSE, RMSE, MAE, MAPE: 0.00310, 0.00310, 0.05421, 0.03530, 196155.00%
Test - Best epoch, Loss, MSE, RMSE, MAE, MAPE: 254, 0.00309, 0.00309, 0.05408, 0.03547, 8.44%
Time spent: 9.90s
- Epoch 255, ExpID 95536
Train - Loss (one batch): 0.00247
Val - Loss, MSE, RMSE, MAE, MAPE: 0.00319, 0.00319, 0.05494, 0.03595, 202503.70%
Test - Best epoch, Loss, MSE, RMSE, MAE, MAPE: 254, 0.00309, 0.00309, 0.05408, 0.03547, 8.44%
Time spent: 8.58s
- Epoch 256, ExpID 95536
Train - Loss (one batch): 0.00227
Val - Loss, MSE, RMSE, MAE, MAPE: 0.00359, 0.00359, 0.05846, 0.04023, 209163.40%
Test - Best epoch, Loss, MSE, RMSE, MAE, MAPE: 254, 0.00309, 0.00309, 0.05408, 0.03547, 8.44%
Time spent: 9.11s
- Epoch 257, ExpID 95536
Train - Loss (one batch): 0.00315
Val - Loss, MSE, RMSE, MAE, MAPE: 0.00334, 0.00334, 0.05647, 0.03837, 210896.19%
Test - Best epoch, Loss, MSE, RMSE, MAE, MAPE: 254, 0.00309, 0.00309, 0.05408, 0.03547, 8.44%
Time spent: 9.11s
- Epoch 258, ExpID 95536
Train - Loss (one batch): 0.00332
Val - Loss, MSE, RMSE, MAE, MAPE: 0.00314, 0.00314, 0.05460, 0.03575, 207085.69%
Test - Best epoch, Loss, MSE, RMSE, MAE, MAPE: 254, 0.00309, 0.00309, 0.05408, 0.03547, 8.44%
Time spent: 8.48s
- Epoch 259, ExpID 95536
Train - Loss (one batch): 0.00297
Val - Loss, MSE, RMSE, MAE, MAPE: 0.00317, 0.00317, 0.05487, 0.03617, 203498.55%
Test - Best epoch, Loss, MSE, RMSE, MAE, MAPE: 254, 0.00309, 0.00309, 0.05408, 0.03547, 8.44%
Time spent: 8.70s
- Epoch 260, ExpID 95536
Train - Loss (one batch): 0.00157
Val - Loss, MSE, RMSE, MAE, MAPE: 0.00321, 0.00321, 0.05516, 0.03659, 208973.54%
Test - Best epoch, Loss, MSE, RMSE, MAE, MAPE: 254, 0.00309, 0.00309, 0.05408, 0.03547, 8.44%
Time spent: 8.88s
- Epoch 261, ExpID 95536
Train - Loss (one batch): 0.00224
Val - Loss, MSE, RMSE, MAE, MAPE: 0.00321, 0.00321, 0.05505, 0.03616, 209650.55%
Test - Best epoch, Loss, MSE, RMSE, MAE, MAPE: 254, 0.00309, 0.00309, 0.05408, 0.03547, 8.44%
Time spent: 8.81s
- Epoch 262, ExpID 95536
Train - Loss (one batch): 0.00369
Val - Loss, MSE, RMSE, MAE, MAPE: 0.00396, 0.00396, 0.06165, 0.04231, 194972.37%
Test - Best epoch, Loss, MSE, RMSE, MAE, MAPE: 254, 0.00309, 0.00309, 0.05408, 0.03547, 8.44%
Time spent: 8.89s
- Epoch 263, ExpID 95536
Train - Loss (one batch): 0.00216
Val - Loss, MSE, RMSE, MAE, MAPE: 0.00322, 0.00322, 0.05529, 0.03651, 204424.58%
Test - Best epoch, Loss, MSE, RMSE, MAE, MAPE: 254, 0.00309, 0.00309, 0.05408, 0.03547, 8.44%
Time spent: 8.83s
- Epoch 264, ExpID 95536
Train - Loss (one batch): 0.00258
Val - Loss, MSE, RMSE, MAE, MAPE: 0.00344, 0.00344, 0.05700, 0.03799, 206820.82%
Test - Best epoch, Loss, MSE, RMSE, MAE, MAPE: 254, 0.00309, 0.00309, 0.05408, 0.03547, 8.44%
Time spent: 8.84s
- Epoch 265, ExpID 95536
Train - Loss (one batch): 0.00293
Val - Loss, MSE, RMSE, MAE, MAPE: 0.00330, 0.00330, 0.05593, 0.03742, 204309.63%
Test - Best epoch, Loss, MSE, RMSE, MAE, MAPE: 254, 0.00309, 0.00309, 0.05408, 0.03547, 8.44%
Time spent: 8.78s
- Epoch 266, ExpID 95536
Train - Loss (one batch): 0.00361
Val - Loss, MSE, RMSE, MAE, MAPE: 0.00327, 0.00327, 0.05575, 0.03705, 207330.87%
Test - Best epoch, Loss, MSE, RMSE, MAE, MAPE: 254, 0.00309, 0.00309, 0.05408, 0.03547, 8.44%
Time spent: 8.82s
- Epoch 267, ExpID 95536
Train - Loss (one batch): 0.00285
Val - Loss, MSE, RMSE, MAE, MAPE: 0.00325, 0.00325, 0.05557, 0.03733, 209492.53%
Test - Best epoch, Loss, MSE, RMSE, MAE, MAPE: 254, 0.00309, 0.00309, 0.05408, 0.03547, 8.44%
Time spent: 8.68s
- Epoch 268, ExpID 95536
Train - Loss (one batch): 0.00199
Val - Loss, MSE, RMSE, MAE, MAPE: 0.00315, 0.00315, 0.05459, 0.03574, 200065.08%
Test - Best epoch, Loss, MSE, RMSE, MAE, MAPE: 254, 0.00309, 0.00309, 0.05408, 0.03547, 8.44%
Time spent: 8.69s
- Epoch 269, ExpID 95536
Train - Loss (one batch): 0.00271
Val - Loss, MSE, RMSE, MAE, MAPE: 0.00328, 0.00328, 0.05574, 0.03732, 207519.35%
Test - Best epoch, Loss, MSE, RMSE, MAE, MAPE: 254, 0.00309, 0.00309, 0.05408, 0.03547, 8.44%
Time spent: 8.75s
- Epoch 270, ExpID 95536
Train - Loss (one batch): 0.00273
Val - Loss, MSE, RMSE, MAE, MAPE: 0.00316, 0.00316, 0.05473, 0.03560, 192319.03%
Test - Best epoch, Loss, MSE, RMSE, MAE, MAPE: 254, 0.00309, 0.00309, 0.05408, 0.03547, 8.44%
Time spent: 8.61s
- Epoch 271, ExpID 95536
Train - Loss (one batch): 0.00346
Val - Loss, MSE, RMSE, MAE, MAPE: 0.00312, 0.00312, 0.05435, 0.03548, 202241.50%
Test - Best epoch, Loss, MSE, RMSE, MAE, MAPE: 254, 0.00309, 0.00309, 0.05408, 0.03547, 8.44%
Time spent: 8.83s
- Epoch 272, ExpID 95536
Train - Loss (one batch): 0.00426
Val - Loss, MSE, RMSE, MAE, MAPE: 0.00315, 0.00315, 0.05459, 0.03578, 209508.48%
Test - Best epoch, Loss, MSE, RMSE, MAE, MAPE: 254, 0.00309, 0.00309, 0.05408, 0.03547, 8.44%
Time spent: 8.57s
- Epoch 273, ExpID 95536
Train - Loss (one batch): 0.00316
Val - Loss, MSE, RMSE, MAE, MAPE: 0.00312, 0.00312, 0.05440, 0.03560, 202883.28%
Test - Best epoch, Loss, MSE, RMSE, MAE, MAPE: 254, 0.00309, 0.00309, 0.05408, 0.03547, 8.44%
Time spent: 8.75s
- Epoch 274, ExpID 95536
Train - Loss (one batch): 0.00365
Val - Loss, MSE, RMSE, MAE, MAPE: 0.00317, 0.00317, 0.05475, 0.03572, 208697.58%
Test - Best epoch, Loss, MSE, RMSE, MAE, MAPE: 254, 0.00309, 0.00309, 0.05408, 0.03547, 8.44%
Time spent: 8.81s
/home/ouass/Test/MSP-IMTS/tPatchGNN/run_models.py
2025-11-22 01:13:56
run_models.py --dataset activity --state def --history 4000 --patience 20 --batch_size 32 --lr 1e-3 --nhead 1 --tf_layer 1 --nlayer 1 --te_dim 10 --node_dim 10 --hid_dim 32 --outlayer Linear --multi_scales 200,1200 --multi_strides 200,1200 --seed 2 --gpu 0 --fusion concat
Namespace(multi_scales='200,1200', multi_strides='200,1200', fusion='concat', state='def', n=100000000, hop=1, nhead=1, tf_layer=1, nlayer=1, epoch=1000, patience=20, history=4000, patch_size=24, stride=24, logmode='a', lr=0.001, w_decay=0.0, batch_size=32, save='experiments/', load=None, seed=2, dataset='activity', quantization=0.0, model='tPatchGNN', outlayer='Linear', hid_dim=32, te_dim=10, node_dim=10, gpu='0', npatch=167, device=device(type='cuda'), PID=1431597, pred_window=1000, ndim=12)
- Epoch 000, ExpID 58961
Train - Loss (one batch): 0.01216
Val - Loss, MSE, RMSE, MAE, MAPE: 0.01313, 0.01313, 0.11172, 0.08698, 271412.38%
Test - Best epoch, Loss, MSE, RMSE, MAE, MAPE: 0, 0.01209, 0.01209, 0.10714, 0.08375, 20.82%
Time spent: 10.45s
- Epoch 001, ExpID 58961
Train - Loss (one batch): 0.00413
Val - Loss, MSE, RMSE, MAE, MAPE: 0.00564, 0.00564, 0.07359, 0.05088, 236137.65%
Test - Best epoch, Loss, MSE, RMSE, MAE, MAPE: 1, 0.00536, 0.00536, 0.07152, 0.04920, 11.97%
Time spent: 9.76s
- Epoch 002, ExpID 58961
Train - Loss (one batch): 0.00463
Val - Loss, MSE, RMSE, MAE, MAPE: 0.00514, 0.00514, 0.07005, 0.04661, 225141.92%
Test - Best epoch, Loss, MSE, RMSE, MAE, MAPE: 2, 0.00492, 0.00492, 0.06844, 0.04580, 10.84%
Time spent: 9.84s
- Epoch 003, ExpID 58961
Train - Loss (one batch): 0.00368
Val - Loss, MSE, RMSE, MAE, MAPE: 0.00526, 0.00526, 0.07090, 0.04659, 222229.63%
Test - Best epoch, Loss, MSE, RMSE, MAE, MAPE: 2, 0.00492, 0.00492, 0.06844, 0.04580, 10.84%
Time spent: 8.91s
- Epoch 004, ExpID 58961
Train - Loss (one batch): 0.00451
Val - Loss, MSE, RMSE, MAE, MAPE: 0.00548, 0.00548, 0.07255, 0.05079, 232398.57%
Test - Best epoch, Loss, MSE, RMSE, MAE, MAPE: 2, 0.00492, 0.00492, 0.06844, 0.04580, 10.84%
Time spent: 8.59s
- Epoch 005, ExpID 58961
Train - Loss (one batch): 0.00541
Val - Loss, MSE, RMSE, MAE, MAPE: 0.00570, 0.00570, 0.07393, 0.05189, 201284.85%
Test - Best epoch, Loss, MSE, RMSE, MAE, MAPE: 2, 0.00492, 0.00492, 0.06844, 0.04580, 10.84%
Time spent: 8.71s
- Epoch 006, ExpID 58961
Train - Loss (one batch): 0.00409
Val - Loss, MSE, RMSE, MAE, MAPE: 0.00519, 0.00519, 0.07042, 0.04689, 218424.77%
Test - Best epoch, Loss, MSE, RMSE, MAE, MAPE: 2, 0.00492, 0.00492, 0.06844, 0.04580, 10.84%
Time spent: 8.81s
- Epoch 007, ExpID 58961
Train - Loss (one batch): 0.00490
Val - Loss, MSE, RMSE, MAE, MAPE: 0.00511, 0.00511, 0.06982, 0.04624, 212644.01%
Test - Best epoch, Loss, MSE, RMSE, MAE, MAPE: 7, 0.00487, 0.00487, 0.06816, 0.04541, 10.51%
Time spent: 9.91s
- Epoch 008, ExpID 58961
Train - Loss (one batch): 0.00518
Val - Loss, MSE, RMSE, MAE, MAPE: 0.00499, 0.00499, 0.06899, 0.04572, 221815.19%
Test - Best epoch, Loss, MSE, RMSE, MAE, MAPE: 8, 0.00477, 0.00477, 0.06746, 0.04512, 10.76%
Time spent: 9.86s
- Epoch 009, ExpID 58961
Train - Loss (one batch): 0.00426
Val - Loss, MSE, RMSE, MAE, MAPE: 0.00502, 0.00502, 0.06914, 0.04589, 212023.41%
Test - Best epoch, Loss, MSE, RMSE, MAE, MAPE: 8, 0.00477, 0.00477, 0.06746, 0.04512, 10.76%
Time spent: 8.67s
- Epoch 010, ExpID 58961
Train - Loss (one batch): 0.00481
Val - Loss, MSE, RMSE, MAE, MAPE: 0.00512, 0.00512, 0.07003, 0.04758, 220486.55%
Test - Best epoch, Loss, MSE, RMSE, MAE, MAPE: 8, 0.00477, 0.00477, 0.06746, 0.04512, 10.76%
Time spent: 8.78s
- Epoch 011, ExpID 58961
Train - Loss (one batch): 0.00395
Val - Loss, MSE, RMSE, MAE, MAPE: 0.00531, 0.00531, 0.07142, 0.05020, 229233.50%
Test - Best epoch, Loss, MSE, RMSE, MAE, MAPE: 8, 0.00477, 0.00477, 0.06746, 0.04512, 10.76%
Time spent: 8.85s
- Epoch 012, ExpID 58961
Train - Loss (one batch): 0.00475
Val - Loss, MSE, RMSE, MAE, MAPE: 0.00504, 0.00504, 0.06939, 0.04688, 222735.91%
Test - Best epoch, Loss, MSE, RMSE, MAE, MAPE: 8, 0.00477, 0.00477, 0.06746, 0.04512, 10.76%
Time spent: 8.66s
- Epoch 013, ExpID 58961
Train - Loss (one batch): 0.00551
Val - Loss, MSE, RMSE, MAE, MAPE: 0.00532, 0.00532, 0.07144, 0.05047, 229471.40%
Test - Best epoch, Loss, MSE, RMSE, MAE, MAPE: 8, 0.00477, 0.00477, 0.06746, 0.04512, 10.76%
Time spent: 8.80s
- Epoch 014, ExpID 58961
Train - Loss (one batch): 0.00282
Val - Loss, MSE, RMSE, MAE, MAPE: 0.00493, 0.00493, 0.06854, 0.04573, 215828.77%
Test - Best epoch, Loss, MSE, RMSE, MAE, MAPE: 14, 0.00470, 0.00470, 0.06695, 0.04511, 10.68%
Time spent: 10.03s
- Epoch 015, ExpID 58961
Train - Loss (one batch): 0.00658
Val - Loss, MSE, RMSE, MAE, MAPE: 0.00616, 0.00616, 0.07725, 0.05756, 240288.84%
Test - Best epoch, Loss, MSE, RMSE, MAE, MAPE: 14, 0.00470, 0.00470, 0.06695, 0.04511, 10.68%
Time spent: 8.78s
- Epoch 016, ExpID 58961
Train - Loss (one batch): 0.00329
Val - Loss, MSE, RMSE, MAE, MAPE: 0.00525, 0.00525, 0.07103, 0.04953, 220414.27%
Test - Best epoch, Loss, MSE, RMSE, MAE, MAPE: 14, 0.00470, 0.00470, 0.06695, 0.04511, 10.68%
Time spent: 8.79s
- Epoch 017, ExpID 58961
Train - Loss (one batch): 0.00452
Val - Loss, MSE, RMSE, MAE, MAPE: 0.00526, 0.00526, 0.07098, 0.04994, 226674.95%
Test - Best epoch, Loss, MSE, RMSE, MAE, MAPE: 14, 0.00470, 0.00470, 0.06695, 0.04511, 10.68%
Time spent: 8.70s
- Epoch 018, ExpID 58961
Train - Loss (one batch): 0.00504
Val - Loss, MSE, RMSE, MAE, MAPE: 0.00503, 0.00503, 0.06927, 0.04743, 212036.22%
Test - Best epoch, Loss, MSE, RMSE, MAE, MAPE: 14, 0.00470, 0.00470, 0.06695, 0.04511, 10.68%
Time spent: 8.86s
- Epoch 019, ExpID 58961
Train - Loss (one batch): 0.00448
Val - Loss, MSE, RMSE, MAE, MAPE: 0.00535, 0.00535, 0.07164, 0.05096, 227567.16%
Test - Best epoch, Loss, MSE, RMSE, MAE, MAPE: 14, 0.00470, 0.00470, 0.06695, 0.04511, 10.68%
Time spent: 8.69s
- Epoch 020, ExpID 58961
Train - Loss (one batch): 0.00371
Val - Loss, MSE, RMSE, MAE, MAPE: 0.00513, 0.00513, 0.07005, 0.04874, 212268.50%
Test - Best epoch, Loss, MSE, RMSE, MAE, MAPE: 14, 0.00470, 0.00470, 0.06695, 0.04511, 10.68%
Time spent: 8.68s
- Epoch 021, ExpID 58961
Train - Loss (one batch): 0.00545
Val - Loss, MSE, RMSE, MAE, MAPE: 0.00521, 0.00521, 0.07060, 0.04989, 224064.50%
Test - Best epoch, Loss, MSE, RMSE, MAE, MAPE: 14, 0.00470, 0.00470, 0.06695, 0.04511, 10.68%
Time spent: 8.69s
- Epoch 022, ExpID 58961
Train - Loss (one batch): 0.00455
Val - Loss, MSE, RMSE, MAE, MAPE: 0.00519, 0.00519, 0.07044, 0.04966, 228608.73%
Test - Best epoch, Loss, MSE, RMSE, MAE, MAPE: 14, 0.00470, 0.00470, 0.06695, 0.04511, 10.68%
Time spent: 8.90s
- Epoch 023, ExpID 58961
Train - Loss (one batch): 0.00283
Val - Loss, MSE, RMSE, MAE, MAPE: 0.00498, 0.00498, 0.06894, 0.04706, 218429.08%
Test - Best epoch, Loss, MSE, RMSE, MAE, MAPE: 14, 0.00470, 0.00470, 0.06695, 0.04511, 10.68%
Time spent: 8.76s
- Epoch 024, ExpID 58961
Train - Loss (one batch): 0.00649
Val - Loss, MSE, RMSE, MAE, MAPE: 0.00487, 0.00487, 0.06812, 0.04666, 216088.14%
Test - Best epoch, Loss, MSE, RMSE, MAE, MAPE: 24, 0.00467, 0.00467, 0.06674, 0.04641, 10.96%
Time spent: 9.79s
- Epoch 025, ExpID 58961
Train - Loss (one batch): 0.00503
Val - Loss, MSE, RMSE, MAE, MAPE: 0.00485, 0.00485, 0.06799, 0.04569, 218406.22%
Test - Best epoch, Loss, MSE, RMSE, MAE, MAPE: 25, 0.00461, 0.00461, 0.06636, 0.04512, 10.78%
Time spent: 10.23s
- Epoch 026, ExpID 58961
Train - Loss (one batch): 0.00429
Val - Loss, MSE, RMSE, MAE, MAPE: 0.00498, 0.00498, 0.06893, 0.04712, 219695.41%
Test - Best epoch, Loss, MSE, RMSE, MAE, MAPE: 25, 0.00461, 0.00461, 0.06636, 0.04512, 10.78%
Time spent: 8.81s
- Epoch 027, ExpID 58961
Train - Loss (one batch): 0.00338
Val - Loss, MSE, RMSE, MAE, MAPE: 0.00487, 0.00487, 0.06804, 0.04626, 217097.43%
Test - Best epoch, Loss, MSE, RMSE, MAE, MAPE: 25, 0.00461, 0.00461, 0.06636, 0.04512, 10.78%
Time spent: 8.92s
- Epoch 028, ExpID 58961
Train - Loss (one batch): 0.00335
Val - Loss, MSE, RMSE, MAE, MAPE: 0.00478, 0.00478, 0.06735, 0.04543, 217825.83%
Test - Best epoch, Loss, MSE, RMSE, MAE, MAPE: 28, 0.00462, 0.00462, 0.06635, 0.04539, 10.72%
Time spent: 10.16s
- Epoch 029, ExpID 58961
Train - Loss (one batch): 0.00471
Val - Loss, MSE, RMSE, MAE, MAPE: 0.00488, 0.00488, 0.06808, 0.04656, 215855.68%
Test - Best epoch, Loss, MSE, RMSE, MAE, MAPE: 28, 0.00462, 0.00462, 0.06635, 0.04539, 10.72%
Time spent: 8.83s
- Epoch 030, ExpID 58961
Train - Loss (one batch): 0.00463
Val - Loss, MSE, RMSE, MAE, MAPE: 0.00493, 0.00493, 0.06853, 0.04702, 212306.29%
Test - Best epoch, Loss, MSE, RMSE, MAE, MAPE: 28, 0.00462, 0.00462, 0.06635, 0.04539, 10.72%
Time spent: 8.75s
- Epoch 031, ExpID 58961
Train - Loss (one batch): 0.00470
Val - Loss, MSE, RMSE, MAE, MAPE: 0.00518, 0.00518, 0.07047, 0.04795, 218312.77%
Test - Best epoch, Loss, MSE, RMSE, MAE, MAPE: 28, 0.00462, 0.00462, 0.06635, 0.04539, 10.72%
Time spent: 8.75s
- Epoch 032, ExpID 58961
Train - Loss (one batch): 0.00386
Val - Loss, MSE, RMSE, MAE, MAPE: 0.00506, 0.00506, 0.06940, 0.04815, 223435.70%
Test - Best epoch, Loss, MSE, RMSE, MAE, MAPE: 28, 0.00462, 0.00462, 0.06635, 0.04539, 10.72%
Time spent: 8.79s
- Epoch 033, ExpID 58961
Train - Loss (one batch): 0.00368
Val - Loss, MSE, RMSE, MAE, MAPE: 0.00511, 0.00511, 0.06992, 0.04828, 224463.27%
Test - Best epoch, Loss, MSE, RMSE, MAE, MAPE: 28, 0.00462, 0.00462, 0.06635, 0.04539, 10.72%
Time spent: 8.65s
- Epoch 034, ExpID 58961
Train - Loss (one batch): 0.00342
Val - Loss, MSE, RMSE, MAE, MAPE: 0.00510, 0.00510, 0.06968, 0.04886, 228252.83%
Test - Best epoch, Loss, MSE, RMSE, MAE, MAPE: 28, 0.00462, 0.00462, 0.06635, 0.04539, 10.72%
Time spent: 9.01s
- Epoch 035, ExpID 58961
Train - Loss (one batch): 0.00433
Val - Loss, MSE, RMSE, MAE, MAPE: 0.00497, 0.00497, 0.06862, 0.04709, 223120.43%
Test - Best epoch, Loss, MSE, RMSE, MAE, MAPE: 28, 0.00462, 0.00462, 0.06635, 0.04539, 10.72%
Time spent: 8.70s
- Epoch 036, ExpID 58961
Train - Loss (one batch): 0.00377
Val - Loss, MSE, RMSE, MAE, MAPE: 0.00538, 0.00538, 0.07195, 0.05159, 224881.81%
Test - Best epoch, Loss, MSE, RMSE, MAE, MAPE: 28, 0.00462, 0.00462, 0.06635, 0.04539, 10.72%
Time spent: 8.58s
- Epoch 037, ExpID 58961
Train - Loss (one batch): 0.00399
Val - Loss, MSE, RMSE, MAE, MAPE: 0.00475, 0.00475, 0.06716, 0.04538, 221560.18%
Test - Best epoch, Loss, MSE, RMSE, MAE, MAPE: 37, 0.00454, 0.00454, 0.06578, 0.04490, 10.73%
Time spent: 9.84s
- Epoch 038, ExpID 58961
Train - Loss (one batch): 0.00576
Val - Loss, MSE, RMSE, MAE, MAPE: 0.00481, 0.00481, 0.06760, 0.04607, 225530.30%
Test - Best epoch, Loss, MSE, RMSE, MAE, MAPE: 37, 0.00454, 0.00454, 0.06578, 0.04490, 10.73%
Time spent: 8.64s
- Epoch 039, ExpID 58961
Train - Loss (one batch): 0.00546
Val - Loss, MSE, RMSE, MAE, MAPE: 0.00492, 0.00492, 0.06833, 0.04719, 222409.90%
Test - Best epoch, Loss, MSE, RMSE, MAE, MAPE: 37, 0.00454, 0.00454, 0.06578, 0.04490, 10.73%
Time spent: 8.82s
- Epoch 040, ExpID 58961
Train - Loss (one batch): 0.00450
Val - Loss, MSE, RMSE, MAE, MAPE: 0.00477, 0.00477, 0.06741, 0.04583, 217437.44%
Test - Best epoch, Loss, MSE, RMSE, MAE, MAPE: 37, 0.00454, 0.00454, 0.06578, 0.04490, 10.73%
Time spent: 8.97s
- Epoch 041, ExpID 58961
Train - Loss (one batch): 0.00417
Val - Loss, MSE, RMSE, MAE, MAPE: 0.00471, 0.00471, 0.06688, 0.04484, 225069.30%
Test - Best epoch, Loss, MSE, RMSE, MAE, MAPE: 41, 0.00451, 0.00451, 0.06562, 0.04470, 10.75%
Time spent: 10.06s
- Epoch 042, ExpID 58961
Train - Loss (one batch): 0.00390
Val - Loss, MSE, RMSE, MAE, MAPE: 0.00470, 0.00470, 0.06681, 0.04450, 213580.12%
Test - Best epoch, Loss, MSE, RMSE, MAE, MAPE: 42, 0.00454, 0.00454, 0.06586, 0.04417, 10.43%
Time spent: 9.71s
- Epoch 043, ExpID 58961
Train - Loss (one batch): 0.00474
Val - Loss, MSE, RMSE, MAE, MAPE: 0.00461, 0.00461, 0.06613, 0.04423, 224079.60%
Test - Best epoch, Loss, MSE, RMSE, MAE, MAPE: 43, 0.00448, 0.00448, 0.06539, 0.04421, 10.63%
Time spent: 10.06s
- Epoch 044, ExpID 58961
Train - Loss (one batch): 0.00354
Val - Loss, MSE, RMSE, MAE, MAPE: 0.00483, 0.00483, 0.06770, 0.04592, 222324.21%
Test - Best epoch, Loss, MSE, RMSE, MAE, MAPE: 43, 0.00448, 0.00448, 0.06539, 0.04421, 10.63%
Time spent: 8.82s
- Epoch 045, ExpID 58961
Train - Loss (one batch): 0.00345
Val - Loss, MSE, RMSE, MAE, MAPE: 0.00473, 0.00473, 0.06693, 0.04519, 217420.15%
Test - Best epoch, Loss, MSE, RMSE, MAE, MAPE: 43, 0.00448, 0.00448, 0.06539, 0.04421, 10.63%
Time spent: 8.68s
- Epoch 046, ExpID 58961
Train - Loss (one batch): 0.00293
Val - Loss, MSE, RMSE, MAE, MAPE: 0.00479, 0.00479, 0.06742, 0.04612, 230437.43%
Test - Best epoch, Loss, MSE, RMSE, MAE, MAPE: 43, 0.00448, 0.00448, 0.06539, 0.04421, 10.63%
Time spent: 8.62s
- Epoch 047, ExpID 58961
Train - Loss (one batch): 0.00344
Val - Loss, MSE, RMSE, MAE, MAPE: 0.00491, 0.00491, 0.06840, 0.04694, 209798.60%
Test - Best epoch, Loss, MSE, RMSE, MAE, MAPE: 43, 0.00448, 0.00448, 0.06539, 0.04421, 10.63%
Time spent: 9.03s
- Epoch 048, ExpID 58961
Train - Loss (one batch): 0.00323
Val - Loss, MSE, RMSE, MAE, MAPE: 0.00472, 0.00472, 0.06684, 0.04462, 215769.42%
Test - Best epoch, Loss, MSE, RMSE, MAE, MAPE: 43, 0.00448, 0.00448, 0.06539, 0.04421, 10.63%
Time spent: 8.86s
- Epoch 049, ExpID 58961
Train - Loss (one batch): 0.00524
Val - Loss, MSE, RMSE, MAE, MAPE: 0.00468, 0.00468, 0.06673, 0.04614, 223594.05%
Test - Best epoch, Loss, MSE, RMSE, MAE, MAPE: 43, 0.00448, 0.00448, 0.06539, 0.04421, 10.63%
Time spent: 9.01s
- Epoch 050, ExpID 58961
Train - Loss (one batch): 0.00510
Val - Loss, MSE, RMSE, MAE, MAPE: 0.00463, 0.00463, 0.06635, 0.04511, 208929.90%
Test - Best epoch, Loss, MSE, RMSE, MAE, MAPE: 43, 0.00448, 0.00448, 0.06539, 0.04421, 10.63%
Time spent: 8.80s
- Epoch 051, ExpID 58961
Train - Loss (one batch): 0.00453
Val - Loss, MSE, RMSE, MAE, MAPE: 0.00473, 0.00473, 0.06706, 0.04589, 229950.43%
Test - Best epoch, Loss, MSE, RMSE, MAE, MAPE: 43, 0.00448, 0.00448, 0.06539, 0.04421, 10.63%
Time spent: 8.95s
- Epoch 052, ExpID 58961
Train - Loss (one batch): 0.00449
Val - Loss, MSE, RMSE, MAE, MAPE: 0.00466, 0.00466, 0.06646, 0.04424, 219652.31%
Test - Best epoch, Loss, MSE, RMSE, MAE, MAPE: 43, 0.00448, 0.00448, 0.06539, 0.04421, 10.63%
Time spent: 8.77s
- Epoch 053, ExpID 58961
Train - Loss (one batch): 0.00419
Val - Loss, MSE, RMSE, MAE, MAPE: 0.00467, 0.00467, 0.06660, 0.04508, 209367.80%
Test - Best epoch, Loss, MSE, RMSE, MAE, MAPE: 43, 0.00448, 0.00448, 0.06539, 0.04421, 10.63%
Time spent: 8.81s
- Epoch 054, ExpID 58961
Train - Loss (one batch): 0.00324
Val - Loss, MSE, RMSE, MAE, MAPE: 0.00464, 0.00464, 0.06648, 0.04458, 220653.47%
Test - Best epoch, Loss, MSE, RMSE, MAE, MAPE: 43, 0.00448, 0.00448, 0.06539, 0.04421, 10.63%
Time spent: 8.72s
- Epoch 055, ExpID 58961
Train - Loss (one batch): 0.00439
Val - Loss, MSE, RMSE, MAE, MAPE: 0.00457, 0.00457, 0.06584, 0.04428, 210292.04%
Test - Best epoch, Loss, MSE, RMSE, MAE, MAPE: 55, 0.00444, 0.00444, 0.06506, 0.04406, 10.21%
Time spent: 9.89s
- Epoch 056, ExpID 58961
Train - Loss (one batch): 0.00350
Val - Loss, MSE, RMSE, MAE, MAPE: 0.00471, 0.00471, 0.06698, 0.04575, 220376.27%
Test - Best epoch, Loss, MSE, RMSE, MAE, MAPE: 55, 0.00444, 0.00444, 0.06506, 0.04406, 10.21%
Time spent: 8.69s
- Epoch 057, ExpID 58961
Train - Loss (one batch): 0.00364
Val - Loss, MSE, RMSE, MAE, MAPE: 0.00460, 0.00460, 0.06627, 0.04538, 220996.38%
Test - Best epoch, Loss, MSE, RMSE, MAE, MAPE: 55, 0.00444, 0.00444, 0.06506, 0.04406, 10.21%
Time spent: 8.67s
- Epoch 058, ExpID 58961
Train - Loss (one batch): 0.00474
Val - Loss, MSE, RMSE, MAE, MAPE: 0.00474, 0.00474, 0.06712, 0.04525, 214869.11%
Test - Best epoch, Loss, MSE, RMSE, MAE, MAPE: 55, 0.00444, 0.00444, 0.06506, 0.04406, 10.21%
Time spent: 9.03s
- Epoch 059, ExpID 58961
Train - Loss (one batch): 0.00461
Val - Loss, MSE, RMSE, MAE, MAPE: 0.00462, 0.00462, 0.06621, 0.04491, 219053.61%
Test - Best epoch, Loss, MSE, RMSE, MAE, MAPE: 55, 0.00444, 0.00444, 0.06506, 0.04406, 10.21%
Time spent: 8.48s
- Epoch 060, ExpID 58961
Train - Loss (one batch): 0.00375
Val - Loss, MSE, RMSE, MAE, MAPE: 0.00487, 0.00487, 0.06792, 0.04639, 225668.09%
Test - Best epoch, Loss, MSE, RMSE, MAE, MAPE: 55, 0.00444, 0.00444, 0.06506, 0.04406, 10.21%
Time spent: 9.09s
- Epoch 061, ExpID 58961
Train - Loss (one batch): 0.00356
Val - Loss, MSE, RMSE, MAE, MAPE: 0.00508, 0.00508, 0.06948, 0.04836, 229616.69%
Test - Best epoch, Loss, MSE, RMSE, MAE, MAPE: 55, 0.00444, 0.00444, 0.06506, 0.04406, 10.21%
Time spent: 8.49s
- Epoch 062, ExpID 58961
Train - Loss (one batch): 0.00376
Val - Loss, MSE, RMSE, MAE, MAPE: 0.00486, 0.00486, 0.06794, 0.04595, 222343.51%
Test - Best epoch, Loss, MSE, RMSE, MAE, MAPE: 55, 0.00444, 0.00444, 0.06506, 0.04406, 10.21%
Time spent: 8.65s
- Epoch 063, ExpID 58961
Train - Loss (one batch): 0.00324
Val - Loss, MSE, RMSE, MAE, MAPE: 0.00450, 0.00450, 0.06540, 0.04375, 215436.22%
Test - Best epoch, Loss, MSE, RMSE, MAE, MAPE: 63, 0.00436, 0.00436, 0.06454, 0.04376, 10.36%
Time spent: 9.73s
- Epoch 064, ExpID 58961
Train - Loss (one batch): 0.00358
Val - Loss, MSE, RMSE, MAE, MAPE: 0.00463, 0.00463, 0.06643, 0.04430, 220567.77%
Test - Best epoch, Loss, MSE, RMSE, MAE, MAPE: 63, 0.00436, 0.00436, 0.06454, 0.04376, 10.36%
Time spent: 8.77s
- Epoch 065, ExpID 58961
Train - Loss (one batch): 0.00277
Val - Loss, MSE, RMSE, MAE, MAPE: 0.00458, 0.00458, 0.06599, 0.04464, 212103.02%
Test - Best epoch, Loss, MSE, RMSE, MAE, MAPE: 63, 0.00436, 0.00436, 0.06454, 0.04376, 10.36%
Time spent: 8.99s
- Epoch 066, ExpID 58961
Train - Loss (one batch): 0.00351
Val - Loss, MSE, RMSE, MAE, MAPE: 0.00465, 0.00465, 0.06643, 0.04462, 221108.56%
Test - Best epoch, Loss, MSE, RMSE, MAE, MAPE: 63, 0.00436, 0.00436, 0.06454, 0.04376, 10.36%
Time spent: 8.71s
- Epoch 067, ExpID 58961
Train - Loss (one batch): 0.00314
Val - Loss, MSE, RMSE, MAE, MAPE: 0.00449, 0.00449, 0.06525, 0.04376, 213090.21%
Test - Best epoch, Loss, MSE, RMSE, MAE, MAPE: 67, 0.00435, 0.00435, 0.06445, 0.04391, 10.41%
Time spent: 9.99s
- Epoch 068, ExpID 58961
Train - Loss (one batch): 0.00300
Val - Loss, MSE, RMSE, MAE, MAPE: 0.00449, 0.00449, 0.06520, 0.04348, 213531.43%
Test - Best epoch, Loss, MSE, RMSE, MAE, MAPE: 67, 0.00435, 0.00435, 0.06445, 0.04391, 10.41%
Time spent: 8.63s
- Epoch 069, ExpID 58961
Train - Loss (one batch): 0.00245
Val - Loss, MSE, RMSE, MAE, MAPE: 0.00455, 0.00455, 0.06571, 0.04427, 226193.90%
Test - Best epoch, Loss, MSE, RMSE, MAE, MAPE: 67, 0.00435, 0.00435, 0.06445, 0.04391, 10.41%
Time spent: 8.64s
- Epoch 070, ExpID 58961
Train - Loss (one batch): 0.00397
Val - Loss, MSE, RMSE, MAE, MAPE: 0.00468, 0.00468, 0.06679, 0.04578, 212738.48%
Test - Best epoch, Loss, MSE, RMSE, MAE, MAPE: 67, 0.00435, 0.00435, 0.06445, 0.04391, 10.41%
Time spent: 8.85s
- Epoch 071, ExpID 58961
Train - Loss (one batch): 0.00312
Val - Loss, MSE, RMSE, MAE, MAPE: 0.00456, 0.00456, 0.06581, 0.04460, 212991.02%
Test - Best epoch, Loss, MSE, RMSE, MAE, MAPE: 67, 0.00435, 0.00435, 0.06445, 0.04391, 10.41%
Time spent: 8.72s
- Epoch 072, ExpID 58961
Train - Loss (one batch): 0.00310
Val - Loss, MSE, RMSE, MAE, MAPE: 0.00461, 0.00461, 0.06618, 0.04396, 214177.00%
Test - Best epoch, Loss, MSE, RMSE, MAE, MAPE: 67, 0.00435, 0.00435, 0.06445, 0.04391, 10.41%
Time spent: 8.87s
- Epoch 073, ExpID 58961
Train - Loss (one batch): 0.00550
Val - Loss, MSE, RMSE, MAE, MAPE: 0.00474, 0.00474, 0.06704, 0.04622, 224970.25%
Test - Best epoch, Loss, MSE, RMSE, MAE, MAPE: 67, 0.00435, 0.00435, 0.06445, 0.04391, 10.41%
Time spent: 8.82s
- Epoch 074, ExpID 58961
Train - Loss (one batch): 0.00433
Val - Loss, MSE, RMSE, MAE, MAPE: 0.00454, 0.00454, 0.06555, 0.04399, 216905.87%
Test - Best epoch, Loss, MSE, RMSE, MAE, MAPE: 67, 0.00435, 0.00435, 0.06445, 0.04391, 10.41%
Time spent: 9.03s
- Epoch 075, ExpID 58961
Train - Loss (one batch): 0.00311
Val - Loss, MSE, RMSE, MAE, MAPE: 0.00466, 0.00466, 0.06652, 0.04531, 215195.46%
Test - Best epoch, Loss, MSE, RMSE, MAE, MAPE: 67, 0.00435, 0.00435, 0.06445, 0.04391, 10.41%
Time spent: 8.87s
- Epoch 076, ExpID 58961
Train - Loss (one batch): 0.00509
Val - Loss, MSE, RMSE, MAE, MAPE: 0.00450, 0.00450, 0.06530, 0.04402, 216275.97%
Test - Best epoch, Loss, MSE, RMSE, MAE, MAPE: 67, 0.00435, 0.00435, 0.06445, 0.04391, 10.41%
Time spent: 8.69s
- Epoch 077, ExpID 58961
Train - Loss (one batch): 0.00384
Val - Loss, MSE, RMSE, MAE, MAPE: 0.00458, 0.00458, 0.06600, 0.04516, 218180.98%
Test - Best epoch, Loss, MSE, RMSE, MAE, MAPE: 67, 0.00435, 0.00435, 0.06445, 0.04391, 10.41%
Time spent: 8.88s
- Epoch 078, ExpID 58961
Train - Loss (one batch): 0.00298
Val - Loss, MSE, RMSE, MAE, MAPE: 0.00456, 0.00456, 0.06574, 0.04441, 221987.15%
Test - Best epoch, Loss, MSE, RMSE, MAE, MAPE: 67, 0.00435, 0.00435, 0.06445, 0.04391, 10.41%
Time spent: 8.64s
- Epoch 079, ExpID 58961
Train - Loss (one batch): 0.00535
Val - Loss, MSE, RMSE, MAE, MAPE: 0.00465, 0.00465, 0.06666, 0.04607, 212537.96%
Test - Best epoch, Loss, MSE, RMSE, MAE, MAPE: 67, 0.00435, 0.00435, 0.06445, 0.04391, 10.41%
Time spent: 8.78s
- Epoch 080, ExpID 58961
Train - Loss (one batch): 0.00428
Val - Loss, MSE, RMSE, MAE, MAPE: 0.00466, 0.00466, 0.06635, 0.04450, 227772.39%
Test - Best epoch, Loss, MSE, RMSE, MAE, MAPE: 67, 0.00435, 0.00435, 0.06445, 0.04391, 10.41%
Time spent: 8.84s
- Epoch 081, ExpID 58961
Train - Loss (one batch): 0.00350
Val - Loss, MSE, RMSE, MAE, MAPE: 0.00440, 0.00440, 0.06463, 0.04329, 216577.46%
Test - Best epoch, Loss, MSE, RMSE, MAE, MAPE: 81, 0.00428, 0.00428, 0.06392, 0.04329, 10.26%
Time spent: 10.10s
- Epoch 082, ExpID 58961
Train - Loss (one batch): 0.00412
Val - Loss, MSE, RMSE, MAE, MAPE: 0.00441, 0.00441, 0.06460, 0.04306, 221281.61%
Test - Best epoch, Loss, MSE, RMSE, MAE, MAPE: 81, 0.00428, 0.00428, 0.06392, 0.04329, 10.26%
Time spent: 8.68s
- Epoch 083, ExpID 58961
Train - Loss (one batch): 0.00368
Val - Loss, MSE, RMSE, MAE, MAPE: 0.00444, 0.00444, 0.06482, 0.04328, 215652.40%
Test - Best epoch, Loss, MSE, RMSE, MAE, MAPE: 81, 0.00428, 0.00428, 0.06392, 0.04329, 10.26%
Time spent: 8.98s
- Epoch 084, ExpID 58961
Train - Loss (one batch): 0.00467
Val - Loss, MSE, RMSE, MAE, MAPE: 0.00455, 0.00455, 0.06561, 0.04463, 225354.57%
Test - Best epoch, Loss, MSE, RMSE, MAE, MAPE: 81, 0.00428, 0.00428, 0.06392, 0.04329, 10.26%
Time spent: 8.71s
- Epoch 085, ExpID 58961
Train - Loss (one batch): 0.00336
Val - Loss, MSE, RMSE, MAE, MAPE: 0.00469, 0.00469, 0.06662, 0.04423, 216155.65%
Test - Best epoch, Loss, MSE, RMSE, MAE, MAPE: 81, 0.00428, 0.00428, 0.06392, 0.04329, 10.26%
Time spent: 8.68s
- Epoch 086, ExpID 58961
Train - Loss (one batch): 0.00329
Val - Loss, MSE, RMSE, MAE, MAPE: 0.00509, 0.00509, 0.06963, 0.04866, 229668.32%
Test - Best epoch, Loss, MSE, RMSE, MAE, MAPE: 81, 0.00428, 0.00428, 0.06392, 0.04329, 10.26%
Time spent: 8.68s
- Epoch 087, ExpID 58961
Train - Loss (one batch): 0.00317
Val - Loss, MSE, RMSE, MAE, MAPE: 0.00449, 0.00449, 0.06528, 0.04434, 219113.95%
Test - Best epoch, Loss, MSE, RMSE, MAE, MAPE: 81, 0.00428, 0.00428, 0.06392, 0.04329, 10.26%
Time spent: 8.66s
- Epoch 088, ExpID 58961
Train - Loss (one batch): 0.00380
Val - Loss, MSE, RMSE, MAE, MAPE: 0.00447, 0.00447, 0.06520, 0.04445, 222055.79%
Test - Best epoch, Loss, MSE, RMSE, MAE, MAPE: 81, 0.00428, 0.00428, 0.06392, 0.04329, 10.26%
Time spent: 8.86s
- Epoch 089, ExpID 58961
Train - Loss (one batch): 0.00392
Val - Loss, MSE, RMSE, MAE, MAPE: 0.00437, 0.00437, 0.06430, 0.04309, 219325.81%
Test - Best epoch, Loss, MSE, RMSE, MAE, MAPE: 89, 0.00423, 0.00423, 0.06346, 0.04316, 10.20%
Time spent: 10.13s
- Epoch 090, ExpID 58961
Train - Loss (one batch): 0.00405
Val - Loss, MSE, RMSE, MAE, MAPE: 0.00452, 0.00452, 0.06536, 0.04348, 219285.02%
Test - Best epoch, Loss, MSE, RMSE, MAE, MAPE: 89, 0.00423, 0.00423, 0.06346, 0.04316, 10.20%
Time spent: 8.82s
- Epoch 091, ExpID 58961
Train - Loss (one batch): 0.00224
Val - Loss, MSE, RMSE, MAE, MAPE: 0.00464, 0.00464, 0.06634, 0.04574, 230131.55%
Test - Best epoch, Loss, MSE, RMSE, MAE, MAPE: 89, 0.00423, 0.00423, 0.06346, 0.04316, 10.20%
Time spent: 8.68s
- Epoch 092, ExpID 58961
Train - Loss (one batch): 0.00476
Val - Loss, MSE, RMSE, MAE, MAPE: 0.00454, 0.00454, 0.06565, 0.04497, 223501.58%
Test - Best epoch, Loss, MSE, RMSE, MAE, MAPE: 89, 0.00423, 0.00423, 0.06346, 0.04316, 10.20%
Time spent: 8.75s
- Epoch 093, ExpID 58961
Train - Loss (one batch): 0.00343
Val - Loss, MSE, RMSE, MAE, MAPE: 0.00441, 0.00441, 0.06467, 0.04337, 217160.28%
Test - Best epoch, Loss, MSE, RMSE, MAE, MAPE: 89, 0.00423, 0.00423, 0.06346, 0.04316, 10.20%
Time spent: 8.77s
- Epoch 094, ExpID 58961
Train - Loss (one batch): 0.00272
Val - Loss, MSE, RMSE, MAE, MAPE: 0.00443, 0.00443, 0.06473, 0.04338, 219156.82%
Test - Best epoch, Loss, MSE, RMSE, MAE, MAPE: 89, 0.00423, 0.00423, 0.06346, 0.04316, 10.20%
Time spent: 8.85s
- Epoch 095, ExpID 58961
Train - Loss (one batch): 0.00288
Val - Loss, MSE, RMSE, MAE, MAPE: 0.00459, 0.00459, 0.06592, 0.04480, 225537.29%
Test - Best epoch, Loss, MSE, RMSE, MAE, MAPE: 89, 0.00423, 0.00423, 0.06346, 0.04316, 10.20%
Time spent: 8.89s
- Epoch 096, ExpID 58961
Train - Loss (one batch): 0.00322
Val - Loss, MSE, RMSE, MAE, MAPE: 0.00448, 0.00448, 0.06503, 0.04342, 222760.20%
Test - Best epoch, Loss, MSE, RMSE, MAE, MAPE: 89, 0.00423, 0.00423, 0.06346, 0.04316, 10.20%
Time spent: 8.69s
- Epoch 097, ExpID 58961
Train - Loss (one batch): 0.00390
Val - Loss, MSE, RMSE, MAE, MAPE: 0.00461, 0.00461, 0.06611, 0.04431, 223836.31%
Test - Best epoch, Loss, MSE, RMSE, MAE, MAPE: 89, 0.00423, 0.00423, 0.06346, 0.04316, 10.20%
Time spent: 8.67s
- Epoch 098, ExpID 58961
Train - Loss (one batch): 0.00324
Val - Loss, MSE, RMSE, MAE, MAPE: 0.00443, 0.00443, 0.06470, 0.04355, 223216.14%
Test - Best epoch, Loss, MSE, RMSE, MAE, MAPE: 89, 0.00423, 0.00423, 0.06346, 0.04316, 10.20%
Time spent: 8.58s
- Epoch 099, ExpID 58961
Train - Loss (one batch): 0.00438
Val - Loss, MSE, RMSE, MAE, MAPE: 0.00446, 0.00446, 0.06501, 0.04406, 215937.22%
Test - Best epoch, Loss, MSE, RMSE, MAE, MAPE: 89, 0.00423, 0.00423, 0.06346, 0.04316, 10.20%
Time spent: 9.21s
- Epoch 100, ExpID 58961
Train - Loss (one batch): 0.00596
Val - Loss, MSE, RMSE, MAE, MAPE: 0.00449, 0.00449, 0.06532, 0.04461, 225676.62%
Test - Best epoch, Loss, MSE, RMSE, MAE, MAPE: 89, 0.00423, 0.00423, 0.06346, 0.04316, 10.20%
Time spent: 8.81s
- Epoch 101, ExpID 58961
Train - Loss (one batch): 0.00344
Val - Loss, MSE, RMSE, MAE, MAPE: 0.00470, 0.00470, 0.06674, 0.04539, 231932.63%
Test - Best epoch, Loss, MSE, RMSE, MAE, MAPE: 89, 0.00423, 0.00423, 0.06346, 0.04316, 10.20%
Time spent: 8.79s
- Epoch 102, ExpID 58961
Train - Loss (one batch): 0.00339
Val - Loss, MSE, RMSE, MAE, MAPE: 0.00443, 0.00443, 0.06465, 0.04324, 214968.09%
Test - Best epoch, Loss, MSE, RMSE, MAE, MAPE: 89, 0.00423, 0.00423, 0.06346, 0.04316, 10.20%
Time spent: 8.78s
- Epoch 103, ExpID 58961
Train - Loss (one batch): 0.00485
Val - Loss, MSE, RMSE, MAE, MAPE: 0.00434, 0.00434, 0.06409, 0.04319, 215190.50%
Test - Best epoch, Loss, MSE, RMSE, MAE, MAPE: 103, 0.00420, 0.00420, 0.06323, 0.04298, 10.32%
Time spent: 9.89s
- Epoch 104, ExpID 58961
Train - Loss (one batch): 0.00371
Val - Loss, MSE, RMSE, MAE, MAPE: 0.00435, 0.00435, 0.06419, 0.04300, 219094.33%
Test - Best epoch, Loss, MSE, RMSE, MAE, MAPE: 103, 0.00420, 0.00420, 0.06323, 0.04298, 10.32%
Time spent: 8.82s
- Epoch 105, ExpID 58961
Train - Loss (one batch): 0.00340
Val - Loss, MSE, RMSE, MAE, MAPE: 0.00441, 0.00441, 0.06468, 0.04397, 223221.89%
Test - Best epoch, Loss, MSE, RMSE, MAE, MAPE: 103, 0.00420, 0.00420, 0.06323, 0.04298, 10.32%
Time spent: 8.75s
- Epoch 106, ExpID 58961
Train - Loss (one batch): 0.00537
Val - Loss, MSE, RMSE, MAE, MAPE: 0.00437, 0.00437, 0.06422, 0.04315, 215708.29%
Test - Best epoch, Loss, MSE, RMSE, MAE, MAPE: 103, 0.00420, 0.00420, 0.06323, 0.04298, 10.32%
Time spent: 8.76s
- Epoch 107, ExpID 58961
Train - Loss (one batch): 0.00378
Val - Loss, MSE, RMSE, MAE, MAPE: 0.00442, 0.00442, 0.06459, 0.04328, 219756.19%
Test - Best epoch, Loss, MSE, RMSE, MAE, MAPE: 103, 0.00420, 0.00420, 0.06323, 0.04298, 10.32%
Time spent: 8.68s
- Epoch 108, ExpID 58961
Train - Loss (one batch): 0.00488
Val - Loss, MSE, RMSE, MAE, MAPE: 0.00440, 0.00440, 0.06460, 0.04403, 221872.17%
Test - Best epoch, Loss, MSE, RMSE, MAE, MAPE: 103, 0.00420, 0.00420, 0.06323, 0.04298, 10.32%
Time spent: 8.73s
- Epoch 109, ExpID 58961
Train - Loss (one batch): 0.00301
Val - Loss, MSE, RMSE, MAE, MAPE: 0.00462, 0.00462, 0.06617, 0.04476, 209445.58%
Test - Best epoch, Loss, MSE, RMSE, MAE, MAPE: 103, 0.00420, 0.00420, 0.06323, 0.04298, 10.32%
Time spent: 8.94s
- Epoch 110, ExpID 58961
Train - Loss (one batch): 0.00375
Val - Loss, MSE, RMSE, MAE, MAPE: 0.00455, 0.00455, 0.06583, 0.04472, 213659.94%
Test - Best epoch, Loss, MSE, RMSE, MAE, MAPE: 103, 0.00420, 0.00420, 0.06323, 0.04298, 10.32%
Time spent: 8.76s
- Epoch 111, ExpID 58961
Train - Loss (one batch): 0.00258
Val - Loss, MSE, RMSE, MAE, MAPE: 0.00433, 0.00433, 0.06406, 0.04277, 220383.74%
Test - Best epoch, Loss, MSE, RMSE, MAE, MAPE: 111, 0.00421, 0.00421, 0.06337, 0.04290, 10.30%
Time spent: 10.08s
- Epoch 112, ExpID 58961
Train - Loss (one batch): 0.00258
Val - Loss, MSE, RMSE, MAE, MAPE: 0.00463, 0.00463, 0.06630, 0.04579, 228973.93%
Test - Best epoch, Loss, MSE, RMSE, MAE, MAPE: 111, 0.00421, 0.00421, 0.06337, 0.04290, 10.30%
Time spent: 8.86s
- Epoch 113, ExpID 58961
Train - Loss (one batch): 0.00273
Val - Loss, MSE, RMSE, MAE, MAPE: 0.00442, 0.00442, 0.06464, 0.04363, 218089.71%
Test - Best epoch, Loss, MSE, RMSE, MAE, MAPE: 111, 0.00421, 0.00421, 0.06337, 0.04290, 10.30%
Time spent: 8.79s
- Epoch 114, ExpID 58961
Train - Loss (one batch): 0.00360
Val - Loss, MSE, RMSE, MAE, MAPE: 0.00478, 0.00478, 0.06753, 0.04768, 223146.07%
Test - Best epoch, Loss, MSE, RMSE, MAE, MAPE: 111, 0.00421, 0.00421, 0.06337, 0.04290, 10.30%
Time spent: 8.62s
- Epoch 115, ExpID 58961
Train - Loss (one batch): 0.00323
Val - Loss, MSE, RMSE, MAE, MAPE: 0.00474, 0.00474, 0.06712, 0.04655, 221944.40%
Test - Best epoch, Loss, MSE, RMSE, MAE, MAPE: 111, 0.00421, 0.00421, 0.06337, 0.04290, 10.30%
Time spent: 8.75s
- Epoch 116, ExpID 58961
Train - Loss (one batch): 0.00380
Val - Loss, MSE, RMSE, MAE, MAPE: 0.00435, 0.00435, 0.06414, 0.04280, 215369.34%
Test - Best epoch, Loss, MSE, RMSE, MAE, MAPE: 111, 0.00421, 0.00421, 0.06337, 0.04290, 10.30%
Time spent: 8.80s
- Epoch 117, ExpID 58961
Train - Loss (one batch): 0.00310
Val - Loss, MSE, RMSE, MAE, MAPE: 0.00462, 0.00462, 0.06606, 0.04496, 224550.75%
Test - Best epoch, Loss, MSE, RMSE, MAE, MAPE: 111, 0.00421, 0.00421, 0.06337, 0.04290, 10.30%
Time spent: 8.67s
- Epoch 118, ExpID 58961
Train - Loss (one batch): 0.00366
Val - Loss, MSE, RMSE, MAE, MAPE: 0.00445, 0.00445, 0.06475, 0.04302, 220397.71%
Test - Best epoch, Loss, MSE, RMSE, MAE, MAPE: 111, 0.00421, 0.00421, 0.06337, 0.04290, 10.30%
Time spent: 8.72s
- Epoch 119, ExpID 58961
Train - Loss (one batch): 0.00342
Val - Loss, MSE, RMSE, MAE, MAPE: 0.00433, 0.00433, 0.06397, 0.04247, 215927.25%
Test - Best epoch, Loss, MSE, RMSE, MAE, MAPE: 119, 0.00416, 0.00416, 0.06296, 0.04217, 10.05%
Time spent: 10.02s
- Epoch 120, ExpID 58961
Train - Loss (one batch): 0.00386
Val - Loss, MSE, RMSE, MAE, MAPE: 0.00428, 0.00428, 0.06361, 0.04277, 225914.05%
Test - Best epoch, Loss, MSE, RMSE, MAE, MAPE: 120, 0.00417, 0.00417, 0.06297, 0.04292, 10.33%
Time spent: 9.73s
- Epoch 121, ExpID 58961
Train - Loss (one batch): 0.00324
Val - Loss, MSE, RMSE, MAE, MAPE: 0.00447, 0.00447, 0.06500, 0.04340, 214911.89%
Test - Best epoch, Loss, MSE, RMSE, MAE, MAPE: 120, 0.00417, 0.00417, 0.06297, 0.04292, 10.33%
Time spent: 8.65s
- Epoch 122, ExpID 58961
Train - Loss (one batch): 0.00421
Val - Loss, MSE, RMSE, MAE, MAPE: 0.00455, 0.00455, 0.06564, 0.04492, 217913.14%
Test - Best epoch, Loss, MSE, RMSE, MAE, MAPE: 120, 0.00417, 0.00417, 0.06297, 0.04292, 10.33%
Time spent: 8.64s
- Epoch 123, ExpID 58961
Train - Loss (one batch): 0.00461
Val - Loss, MSE, RMSE, MAE, MAPE: 0.00444, 0.00444, 0.06489, 0.04374, 216888.16%
Test - Best epoch, Loss, MSE, RMSE, MAE, MAPE: 120, 0.00417, 0.00417, 0.06297, 0.04292, 10.33%
Time spent: 8.85s
- Epoch 124, ExpID 58961
Train - Loss (one batch): 0.00516
Val - Loss, MSE, RMSE, MAE, MAPE: 0.00444, 0.00444, 0.06497, 0.04415, 215612.76%
Test - Best epoch, Loss, MSE, RMSE, MAE, MAPE: 120, 0.00417, 0.00417, 0.06297, 0.04292, 10.33%
Time spent: 8.63s
- Epoch 125, ExpID 58961
Train - Loss (one batch): 0.00507
Val - Loss, MSE, RMSE, MAE, MAPE: 0.00486, 0.00486, 0.06812, 0.04762, 202299.42%
Test - Best epoch, Loss, MSE, RMSE, MAE, MAPE: 120, 0.00417, 0.00417, 0.06297, 0.04292, 10.33%
Time spent: 8.62s
- Epoch 126, ExpID 58961
Train - Loss (one batch): 0.00254
Val - Loss, MSE, RMSE, MAE, MAPE: 0.00447, 0.00447, 0.06517, 0.04377, 217528.81%
Test - Best epoch, Loss, MSE, RMSE, MAE, MAPE: 120, 0.00417, 0.00417, 0.06297, 0.04292, 10.33%
Time spent: 8.68s
- Epoch 127, ExpID 58961
Train - Loss (one batch): 0.00247
Val - Loss, MSE, RMSE, MAE, MAPE: 0.00439, 0.00439, 0.06442, 0.04368, 222182.37%
Test - Best epoch, Loss, MSE, RMSE, MAE, MAPE: 120, 0.00417, 0.00417, 0.06297, 0.04292, 10.33%
Time spent: 8.77s
- Epoch 128, ExpID 58961
Train - Loss (one batch): 0.00394
Val - Loss, MSE, RMSE, MAE, MAPE: 0.00443, 0.00443, 0.06482, 0.04389, 217132.43%
Test - Best epoch, Loss, MSE, RMSE, MAE, MAPE: 120, 0.00417, 0.00417, 0.06297, 0.04292, 10.33%
Time spent: 8.58s
- Epoch 129, ExpID 58961
Train - Loss (one batch): 0.00279
Val - Loss, MSE, RMSE, MAE, MAPE: 0.00427, 0.00427, 0.06368, 0.04258, 214011.80%
Test - Best epoch, Loss, MSE, RMSE, MAE, MAPE: 129, 0.00417, 0.00417, 0.06308, 0.04251, 10.12%
Time spent: 9.78s
- Epoch 130, ExpID 58961
Train - Loss (one batch): 0.00307
Val - Loss, MSE, RMSE, MAE, MAPE: 0.00441, 0.00441, 0.06455, 0.04336, 207359.60%
Test - Best epoch, Loss, MSE, RMSE, MAE, MAPE: 129, 0.00417, 0.00417, 0.06308, 0.04251, 10.12%
Time spent: 8.66s
- Epoch 131, ExpID 58961
Train - Loss (one batch): 0.00474
Val - Loss, MSE, RMSE, MAE, MAPE: 0.00425, 0.00425, 0.06342, 0.04235, 216730.91%
Test - Best epoch, Loss, MSE, RMSE, MAE, MAPE: 131, 0.00413, 0.00413, 0.06268, 0.04222, 10.02%
Time spent: 9.75s
- Epoch 132, ExpID 58961
Train - Loss (one batch): 0.00231
Val - Loss, MSE, RMSE, MAE, MAPE: 0.00473, 0.00473, 0.06692, 0.04588, 226266.51%
Test - Best epoch, Loss, MSE, RMSE, MAE, MAPE: 131, 0.00413, 0.00413, 0.06268, 0.04222, 10.02%
Time spent: 8.74s
- Epoch 133, ExpID 58961
Train - Loss (one batch): 0.00329
Val - Loss, MSE, RMSE, MAE, MAPE: 0.00448, 0.00448, 0.06510, 0.04480, 219525.43%
Test - Best epoch, Loss, MSE, RMSE, MAE, MAPE: 131, 0.00413, 0.00413, 0.06268, 0.04222, 10.02%
Time spent: 8.93s
- Epoch 134, ExpID 58961
Train - Loss (one batch): 0.00302
Val - Loss, MSE, RMSE, MAE, MAPE: 0.00444, 0.00444, 0.06471, 0.04364, 218079.32%
Test - Best epoch, Loss, MSE, RMSE, MAE, MAPE: 131, 0.00413, 0.00413, 0.06268, 0.04222, 10.02%
Time spent: 8.90s
- Epoch 135, ExpID 58961
Train - Loss (one batch): 0.00493
Val - Loss, MSE, RMSE, MAE, MAPE: 0.00431, 0.00431, 0.06380, 0.04265, 219850.93%
Test - Best epoch, Loss, MSE, RMSE, MAE, MAPE: 131, 0.00413, 0.00413, 0.06268, 0.04222, 10.02%
Time spent: 8.81s
- Epoch 136, ExpID 58961
Train - Loss (one batch): 0.00299
Val - Loss, MSE, RMSE, MAE, MAPE: 0.00439, 0.00439, 0.06433, 0.04318, 218135.34%
Test - Best epoch, Loss, MSE, RMSE, MAE, MAPE: 131, 0.00413, 0.00413, 0.06268, 0.04222, 10.02%
Time spent: 8.80s
- Epoch 137, ExpID 58961
Train - Loss (one batch): 0.00369
Val - Loss, MSE, RMSE, MAE, MAPE: 0.00432, 0.00432, 0.06390, 0.04281, 214292.18%
Test - Best epoch, Loss, MSE, RMSE, MAE, MAPE: 131, 0.00413, 0.00413, 0.06268, 0.04222, 10.02%
Time spent: 8.59s
- Epoch 138, ExpID 58961
Train - Loss (one batch): 0.00323
Val - Loss, MSE, RMSE, MAE, MAPE: 0.00453, 0.00453, 0.06545, 0.04503, 225619.57%
Test - Best epoch, Loss, MSE, RMSE, MAE, MAPE: 131, 0.00413, 0.00413, 0.06268, 0.04222, 10.02%
Time spent: 8.73s
- Epoch 139, ExpID 58961
Train - Loss (one batch): 0.00301
Val - Loss, MSE, RMSE, MAE, MAPE: 0.00451, 0.00451, 0.06524, 0.04371, 218945.69%
Test - Best epoch, Loss, MSE, RMSE, MAE, MAPE: 131, 0.00413, 0.00413, 0.06268, 0.04222, 10.02%
Time spent: 8.78s
- Epoch 140, ExpID 58961
Train - Loss (one batch): 0.00341
Val - Loss, MSE, RMSE, MAE, MAPE: 0.00454, 0.00454, 0.06566, 0.04520, 222588.62%
Test - Best epoch, Loss, MSE, RMSE, MAE, MAPE: 131, 0.00413, 0.00413, 0.06268, 0.04222, 10.02%
Time spent: 8.56s
- Epoch 141, ExpID 58961
Train - Loss (one batch): 0.00293
Val - Loss, MSE, RMSE, MAE, MAPE: 0.00442, 0.00442, 0.06462, 0.04299, 212694.12%
Test - Best epoch, Loss, MSE, RMSE, MAE, MAPE: 131, 0.00413, 0.00413, 0.06268, 0.04222, 10.02%
Time spent: 8.56s
- Epoch 142, ExpID 58961
Train - Loss (one batch): 0.00398
Val - Loss, MSE, RMSE, MAE, MAPE: 0.00439, 0.00439, 0.06441, 0.04305, 209910.24%
Test - Best epoch, Loss, MSE, RMSE, MAE, MAPE: 131, 0.00413, 0.00413, 0.06268, 0.04222, 10.02%
Time spent: 8.89s
- Epoch 143, ExpID 58961
Train - Loss (one batch): 0.00423
Val - Loss, MSE, RMSE, MAE, MAPE: 0.00434, 0.00434, 0.06410, 0.04310, 219420.20%
Test - Best epoch, Loss, MSE, RMSE, MAE, MAPE: 131, 0.00413, 0.00413, 0.06268, 0.04222, 10.02%
Time spent: 8.70s
- Epoch 144, ExpID 58961
Train - Loss (one batch): 0.00312
Val - Loss, MSE, RMSE, MAE, MAPE: 0.00432, 0.00432, 0.06389, 0.04252, 218100.69%
Test - Best epoch, Loss, MSE, RMSE, MAE, MAPE: 131, 0.00413, 0.00413, 0.06268, 0.04222, 10.02%
Time spent: 8.72s
- Epoch 145, ExpID 58961
Train - Loss (one batch): 0.00484
Val - Loss, MSE, RMSE, MAE, MAPE: 0.00458, 0.00458, 0.06577, 0.04532, 231175.30%
Test - Best epoch, Loss, MSE, RMSE, MAE, MAPE: 131, 0.00413, 0.00413, 0.06268, 0.04222, 10.02%
Time spent: 8.61s
- Epoch 146, ExpID 58961
Train - Loss (one batch): 0.00346
Val - Loss, MSE, RMSE, MAE, MAPE: 0.00445, 0.00445, 0.06486, 0.04348, 211082.48%
Test - Best epoch, Loss, MSE, RMSE, MAE, MAPE: 131, 0.00413, 0.00413, 0.06268, 0.04222, 10.02%
Time spent: 8.61s
- Epoch 147, ExpID 58961
Train - Loss (one batch): 0.00391
Val - Loss, MSE, RMSE, MAE, MAPE: 0.00446, 0.00446, 0.06503, 0.04384, 219403.45%
Test - Best epoch, Loss, MSE, RMSE, MAE, MAPE: 131, 0.00413, 0.00413, 0.06268, 0.04222, 10.02%
Time spent: 8.71s
- Epoch 148, ExpID 58961
Train - Loss (one batch): 0.00401
Val - Loss, MSE, RMSE, MAE, MAPE: 0.00431, 0.00431, 0.06373, 0.04247, 213609.35%
Test - Best epoch, Loss, MSE, RMSE, MAE, MAPE: 131, 0.00413, 0.00413, 0.06268, 0.04222, 10.02%
Time spent: 8.75s
- Epoch 149, ExpID 58961
Train - Loss (one batch): 0.00236
Val - Loss, MSE, RMSE, MAE, MAPE: 0.00446, 0.00446, 0.06482, 0.04336, 205556.79%
Test - Best epoch, Loss, MSE, RMSE, MAE, MAPE: 131, 0.00413, 0.00413, 0.06268, 0.04222, 10.02%
Time spent: 8.55s
- Epoch 150, ExpID 58961
Train - Loss (one batch): 0.00441
Val - Loss, MSE, RMSE, MAE, MAPE: 0.00444, 0.00444, 0.06488, 0.04387, 209065.70%
Test - Best epoch, Loss, MSE, RMSE, MAE, MAPE: 131, 0.00413, 0.00413, 0.06268, 0.04222, 10.02%
Time spent: 8.59s
- Epoch 151, ExpID 58961
Train - Loss (one batch): 0.00370
Val - Loss, MSE, RMSE, MAE, MAPE: 0.00443, 0.00443, 0.06470, 0.04389, 217006.45%
Test - Best epoch, Loss, MSE, RMSE, MAE, MAPE: 131, 0.00413, 0.00413, 0.06268, 0.04222, 10.02%
Time spent: 8.59s
/home/ouass/Test/MSP-IMTS/tPatchGNN/run_models.py
2025-11-22 01:36:42
run_models.py --dataset activity --state def --history 4000 --patience 20 --batch_size 32 --lr 1e-3 --nhead 1 --tf_layer 1 --nlayer 1 --te_dim 10 --node_dim 10 --hid_dim 32 --outlayer Linear --multi_scales 200,1200 --multi_strides 200,1200 --seed 3 --gpu 0 --fusion concat
Namespace(multi_scales='200,1200', multi_strides='200,1200', fusion='concat', state='def', n=100000000, hop=1, nhead=1, tf_layer=1, nlayer=1, epoch=1000, patience=20, history=4000, patch_size=24, stride=24, logmode='a', lr=0.001, w_decay=0.0, batch_size=32, save='experiments/', load=None, seed=3, dataset='activity', quantization=0.0, model='tPatchGNN', outlayer='Linear', hid_dim=32, te_dim=10, node_dim=10, gpu='0', npatch=167, device=device(type='cuda'), PID=1471946, pred_window=1000, ndim=12)
- Epoch 000, ExpID 71475
Train - Loss (one batch): 0.01295
Val - Loss, MSE, RMSE, MAE, MAPE: 0.01689, 0.01689, 0.12701, 0.10084, 293491.76%
Test - Best epoch, Loss, MSE, RMSE, MAE, MAPE: 0, 0.01541, 0.01541, 0.12118, 0.09634, 24.94%
Time spent: 10.50s
- Epoch 001, ExpID 71475
Train - Loss (one batch): 0.00536
Val - Loss, MSE, RMSE, MAE, MAPE: 0.00715, 0.00715, 0.08343, 0.06406, 243782.40%
Test - Best epoch, Loss, MSE, RMSE, MAE, MAPE: 1, 0.00682, 0.00682, 0.08125, 0.06212, 15.21%
Time spent: 9.91s
- Epoch 002, ExpID 71475
Train - Loss (one batch): 0.00904
Val - Loss, MSE, RMSE, MAE, MAPE: 0.00554, 0.00554, 0.07293, 0.05075, 234313.10%
Test - Best epoch, Loss, MSE, RMSE, MAE, MAPE: 2, 0.00532, 0.00532, 0.07132, 0.04965, 12.20%
Time spent: 9.77s
- Epoch 003, ExpID 71475
Train - Loss (one batch): 0.00483
Val - Loss, MSE, RMSE, MAE, MAPE: 0.00597, 0.00597, 0.07600, 0.05466, 233620.36%
Test - Best epoch, Loss, MSE, RMSE, MAE, MAPE: 2, 0.00532, 0.00532, 0.07132, 0.04965, 12.20%
Time spent: 8.80s
- Epoch 004, ExpID 71475
Train - Loss (one batch): 0.00593
Val - Loss, MSE, RMSE, MAE, MAPE: 0.00511, 0.00511, 0.06993, 0.04748, 226248.03%
Test - Best epoch, Loss, MSE, RMSE, MAE, MAPE: 4, 0.00491, 0.00491, 0.06835, 0.04670, 11.32%
Time spent: 9.81s
- Epoch 005, ExpID 71475
Train - Loss (one batch): 0.00644
Val - Loss, MSE, RMSE, MAE, MAPE: 0.00771, 0.00771, 0.08689, 0.06869, 243281.67%
Test - Best epoch, Loss, MSE, RMSE, MAE, MAPE: 4, 0.00491, 0.00491, 0.06835, 0.04670, 11.32%
Time spent: 8.69s
- Epoch 006, ExpID 71475
Train - Loss (one batch): 0.00462
Val - Loss, MSE, RMSE, MAE, MAPE: 0.00623, 0.00623, 0.07772, 0.05772, 232843.11%
Test - Best epoch, Loss, MSE, RMSE, MAE, MAPE: 4, 0.00491, 0.00491, 0.06835, 0.04670, 11.32%
Time spent: 8.79s
- Epoch 007, ExpID 71475
Train - Loss (one batch): 0.00421
Val - Loss, MSE, RMSE, MAE, MAPE: 0.00630, 0.00630, 0.07829, 0.05778, 227052.51%
Test - Best epoch, Loss, MSE, RMSE, MAE, MAPE: 4, 0.00491, 0.00491, 0.06835, 0.04670, 11.32%
Time spent: 8.70s
- Epoch 008, ExpID 71475
Train - Loss (one batch): 0.00686
Val - Loss, MSE, RMSE, MAE, MAPE: 0.00650, 0.00650, 0.07947, 0.05993, 237395.42%
Test - Best epoch, Loss, MSE, RMSE, MAE, MAPE: 4, 0.00491, 0.00491, 0.06835, 0.04670, 11.32%
Time spent: 8.65s
- Epoch 009, ExpID 71475
Train - Loss (one batch): 0.00429
Val - Loss, MSE, RMSE, MAE, MAPE: 0.00524, 0.00524, 0.07085, 0.04852, 222564.10%
Test - Best epoch, Loss, MSE, RMSE, MAE, MAPE: 4, 0.00491, 0.00491, 0.06835, 0.04670, 11.32%
Time spent: 8.71s
- Epoch 010, ExpID 71475
Train - Loss (one batch): 0.00542
Val - Loss, MSE, RMSE, MAE, MAPE: 0.00575, 0.00575, 0.07455, 0.05278, 223867.91%
Test - Best epoch, Loss, MSE, RMSE, MAE, MAPE: 4, 0.00491, 0.00491, 0.06835, 0.04670, 11.32%
Time spent: 8.66s
- Epoch 011, ExpID 71475
Train - Loss (one batch): 0.00540
Val - Loss, MSE, RMSE, MAE, MAPE: 0.00609, 0.00609, 0.07682, 0.05633, 221711.06%
Test - Best epoch, Loss, MSE, RMSE, MAE, MAPE: 4, 0.00491, 0.00491, 0.06835, 0.04670, 11.32%
Time spent: 8.62s
- Epoch 012, ExpID 71475
Train - Loss (one batch): 0.00348
Val - Loss, MSE, RMSE, MAE, MAPE: 0.00541, 0.00541, 0.07206, 0.05064, 225308.75%
Test - Best epoch, Loss, MSE, RMSE, MAE, MAPE: 4, 0.00491, 0.00491, 0.06835, 0.04670, 11.32%
Time spent: 8.58s
- Epoch 013, ExpID 71475
Train - Loss (one batch): 0.00471
Val - Loss, MSE, RMSE, MAE, MAPE: 0.00655, 0.00655, 0.07982, 0.06069, 230372.26%
Test - Best epoch, Loss, MSE, RMSE, MAE, MAPE: 4, 0.00491, 0.00491, 0.06835, 0.04670, 11.32%
Time spent: 8.62s
- Epoch 014, ExpID 71475
Train - Loss (one batch): 0.00323
Val - Loss, MSE, RMSE, MAE, MAPE: 0.00517, 0.00517, 0.07037, 0.04787, 216108.21%
Test - Best epoch, Loss, MSE, RMSE, MAE, MAPE: 4, 0.00491, 0.00491, 0.06835, 0.04670, 11.32%
Time spent: 8.57s
- Epoch 015, ExpID 71475
Train - Loss (one batch): 0.00442
Val - Loss, MSE, RMSE, MAE, MAPE: 0.00508, 0.00508, 0.06972, 0.04695, 216280.48%
Test - Best epoch, Loss, MSE, RMSE, MAE, MAPE: 15, 0.00484, 0.00484, 0.06798, 0.04602, 11.00%
Time spent: 9.72s
- Epoch 016, ExpID 71475
Train - Loss (one batch): 0.00630
Val - Loss, MSE, RMSE, MAE, MAPE: 0.00508, 0.00508, 0.06973, 0.04744, 223258.53%
Test - Best epoch, Loss, MSE, RMSE, MAE, MAPE: 15, 0.00484, 0.00484, 0.06798, 0.04602, 11.00%
Time spent: 8.78s
- Epoch 017, ExpID 71475
Train - Loss (one batch): 0.00435
Val - Loss, MSE, RMSE, MAE, MAPE: 0.00540, 0.00540, 0.07197, 0.05089, 220865.15%
Test - Best epoch, Loss, MSE, RMSE, MAE, MAPE: 15, 0.00484, 0.00484, 0.06798, 0.04602, 11.00%
Time spent: 8.67s
- Epoch 018, ExpID 71475
Train - Loss (one batch): 0.00444
Val - Loss, MSE, RMSE, MAE, MAPE: 0.00498, 0.00498, 0.06898, 0.04575, 213302.89%
Test - Best epoch, Loss, MSE, RMSE, MAE, MAPE: 18, 0.00475, 0.00475, 0.06733, 0.04487, 10.59%
Time spent: 9.70s
- Epoch 019, ExpID 71475
Train - Loss (one batch): 0.00342
Val - Loss, MSE, RMSE, MAE, MAPE: 0.00527, 0.00527, 0.07113, 0.04912, 220499.25%
Test - Best epoch, Loss, MSE, RMSE, MAE, MAPE: 18, 0.00475, 0.00475, 0.06733, 0.04487, 10.59%
Time spent: 8.83s
- Epoch 020, ExpID 71475
Train - Loss (one batch): 0.00393
Val - Loss, MSE, RMSE, MAE, MAPE: 0.00508, 0.00508, 0.06971, 0.04681, 211156.41%
Test - Best epoch, Loss, MSE, RMSE, MAE, MAPE: 18, 0.00475, 0.00475, 0.06733, 0.04487, 10.59%
Time spent: 8.62s
- Epoch 021, ExpID 71475
Train - Loss (one batch): 0.00331
Val - Loss, MSE, RMSE, MAE, MAPE: 0.00583, 0.00583, 0.07506, 0.05416, 225328.38%
Test - Best epoch, Loss, MSE, RMSE, MAE, MAPE: 18, 0.00475, 0.00475, 0.06733, 0.04487, 10.59%
Time spent: 8.64s
- Epoch 022, ExpID 71475
Train - Loss (one batch): 0.00548
Val - Loss, MSE, RMSE, MAE, MAPE: 0.00529, 0.00529, 0.07125, 0.04947, 223275.83%
Test - Best epoch, Loss, MSE, RMSE, MAE, MAPE: 18, 0.00475, 0.00475, 0.06733, 0.04487, 10.59%
Time spent: 8.66s
- Epoch 023, ExpID 71475
Train - Loss (one batch): 0.00401
Val - Loss, MSE, RMSE, MAE, MAPE: 0.00539, 0.00539, 0.07202, 0.05098, 226591.20%
Test - Best epoch, Loss, MSE, RMSE, MAE, MAPE: 18, 0.00475, 0.00475, 0.06733, 0.04487, 10.59%
Time spent: 8.60s
- Epoch 024, ExpID 71475
Train - Loss (one batch): 0.00551
Val - Loss, MSE, RMSE, MAE, MAPE: 0.00560, 0.00560, 0.07337, 0.05273, 233714.32%
Test - Best epoch, Loss, MSE, RMSE, MAE, MAPE: 18, 0.00475, 0.00475, 0.06733, 0.04487, 10.59%
Time spent: 8.83s
- Epoch 025, ExpID 71475
Train - Loss (one batch): 0.00402
Val - Loss, MSE, RMSE, MAE, MAPE: 0.00498, 0.00498, 0.06896, 0.04634, 218986.51%
Test - Best epoch, Loss, MSE, RMSE, MAE, MAPE: 25, 0.00474, 0.00474, 0.06723, 0.04550, 11.09%
Time spent: 9.97s
- Epoch 026, ExpID 71475
Train - Loss (one batch): 0.00508
Val - Loss, MSE, RMSE, MAE, MAPE: 0.00499, 0.00499, 0.06907, 0.04761, 222849.25%
Test - Best epoch, Loss, MSE, RMSE, MAE, MAPE: 25, 0.00474, 0.00474, 0.06723, 0.04550, 11.09%
Time spent: 8.70s
- Epoch 027, ExpID 71475
Train - Loss (one batch): 0.00411
Val - Loss, MSE, RMSE, MAE, MAPE: 0.00551, 0.00551, 0.07288, 0.05140, 221294.19%
Test - Best epoch, Loss, MSE, RMSE, MAE, MAPE: 25, 0.00474, 0.00474, 0.06723, 0.04550, 11.09%
Time spent: 8.58s
- Epoch 028, ExpID 71475
Train - Loss (one batch): 0.00523
Val - Loss, MSE, RMSE, MAE, MAPE: 0.00517, 0.00517, 0.07039, 0.04833, 226447.69%
Test - Best epoch, Loss, MSE, RMSE, MAE, MAPE: 25, 0.00474, 0.00474, 0.06723, 0.04550, 11.09%
Time spent: 8.81s
- Epoch 029, ExpID 71475
Train - Loss (one batch): 0.00517
Val - Loss, MSE, RMSE, MAE, MAPE: 0.00567, 0.00567, 0.07390, 0.05301, 231430.52%
Test - Best epoch, Loss, MSE, RMSE, MAE, MAPE: 25, 0.00474, 0.00474, 0.06723, 0.04550, 11.09%
Time spent: 8.67s
- Epoch 030, ExpID 71475
Train - Loss (one batch): 0.00394
Val - Loss, MSE, RMSE, MAE, MAPE: 0.00516, 0.00516, 0.07038, 0.04860, 224929.90%
Test - Best epoch, Loss, MSE, RMSE, MAE, MAPE: 25, 0.00474, 0.00474, 0.06723, 0.04550, 11.09%
Time spent: 8.62s
- Epoch 031, ExpID 71475
Train - Loss (one batch): 0.00493
Val - Loss, MSE, RMSE, MAE, MAPE: 0.00513, 0.00513, 0.07014, 0.04799, 222523.76%
Test - Best epoch, Loss, MSE, RMSE, MAE, MAPE: 25, 0.00474, 0.00474, 0.06723, 0.04550, 11.09%
Time spent: 8.90s
- Epoch 032, ExpID 71475
Train - Loss (one batch): 0.00630
Val - Loss, MSE, RMSE, MAE, MAPE: 0.00656, 0.00656, 0.07998, 0.06099, 230982.50%
Test - Best epoch, Loss, MSE, RMSE, MAE, MAPE: 25, 0.00474, 0.00474, 0.06723, 0.04550, 11.09%
Time spent: 8.70s
- Epoch 033, ExpID 71475
Train - Loss (one batch): 0.00430
Val - Loss, MSE, RMSE, MAE, MAPE: 0.00541, 0.00541, 0.07211, 0.05135, 229862.70%
Test - Best epoch, Loss, MSE, RMSE, MAE, MAPE: 25, 0.00474, 0.00474, 0.06723, 0.04550, 11.09%
Time spent: 9.02s
- Epoch 034, ExpID 71475
Train - Loss (one batch): 0.00400
Val - Loss, MSE, RMSE, MAE, MAPE: 0.00529, 0.00529, 0.07124, 0.04983, 226332.20%
Test - Best epoch, Loss, MSE, RMSE, MAE, MAPE: 25, 0.00474, 0.00474, 0.06723, 0.04550, 11.09%
Time spent: 8.66s
- Epoch 035, ExpID 71475
Train - Loss (one batch): 0.00400
Val - Loss, MSE, RMSE, MAE, MAPE: 0.00504, 0.00504, 0.06945, 0.04702, 222831.60%
Test - Best epoch, Loss, MSE, RMSE, MAE, MAPE: 25, 0.00474, 0.00474, 0.06723, 0.04550, 11.09%
Time spent: 8.74s
- Epoch 036, ExpID 71475
Train - Loss (one batch): 0.00466
Val - Loss, MSE, RMSE, MAE, MAPE: 0.00491, 0.00491, 0.06845, 0.04609, 216067.20%
Test - Best epoch, Loss, MSE, RMSE, MAE, MAPE: 36, 0.00469, 0.00469, 0.06686, 0.04514, 10.91%
Time spent: 9.96s
- Epoch 037, ExpID 71475
Train - Loss (one batch): 0.00351
Val - Loss, MSE, RMSE, MAE, MAPE: 0.00503, 0.00503, 0.06938, 0.04694, 217033.44%
Test - Best epoch, Loss, MSE, RMSE, MAE, MAPE: 36, 0.00469, 0.00469, 0.06686, 0.04514, 10.91%
Time spent: 8.83s
- Epoch 038, ExpID 71475
Train - Loss (one batch): 0.00512
Val - Loss, MSE, RMSE, MAE, MAPE: 0.00661, 0.00661, 0.08023, 0.06049, 229660.66%
Test - Best epoch, Loss, MSE, RMSE, MAE, MAPE: 36, 0.00469, 0.00469, 0.06686, 0.04514, 10.91%
Time spent: 8.81s
- Epoch 039, ExpID 71475
Train - Loss (one batch): 0.00437
Val - Loss, MSE, RMSE, MAE, MAPE: 0.00499, 0.00499, 0.06906, 0.04633, 214541.24%
Test - Best epoch, Loss, MSE, RMSE, MAE, MAPE: 36, 0.00469, 0.00469, 0.06686, 0.04514, 10.91%
Time spent: 8.67s
- Epoch 040, ExpID 71475
Train - Loss (one batch): 0.00442
Val - Loss, MSE, RMSE, MAE, MAPE: 0.00490, 0.00490, 0.06842, 0.04603, 217861.24%
Test - Best epoch, Loss, MSE, RMSE, MAE, MAPE: 40, 0.00467, 0.00467, 0.06672, 0.04514, 10.85%
Time spent: 9.89s
- Epoch 041, ExpID 71475
Train - Loss (one batch): 0.00639
Val - Loss, MSE, RMSE, MAE, MAPE: 0.00490, 0.00490, 0.06835, 0.04602, 220637.50%
Test - Best epoch, Loss, MSE, RMSE, MAE, MAPE: 41, 0.00469, 0.00469, 0.06688, 0.04553, 11.08%
Time spent: 10.48s
- Epoch 042, ExpID 71475
Train - Loss (one batch): 0.00555
Val - Loss, MSE, RMSE, MAE, MAPE: 0.00501, 0.00501, 0.06925, 0.04716, 209542.70%
Test - Best epoch, Loss, MSE, RMSE, MAE, MAPE: 41, 0.00469, 0.00469, 0.06688, 0.04553, 11.08%
Time spent: 8.40s
- Epoch 043, ExpID 71475
Train - Loss (one batch): 0.00540
Val - Loss, MSE, RMSE, MAE, MAPE: 0.00576, 0.00576, 0.07464, 0.05468, 231976.04%
Test - Best epoch, Loss, MSE, RMSE, MAE, MAPE: 41, 0.00469, 0.00469, 0.06688, 0.04553, 11.08%
Time spent: 8.42s
- Epoch 044, ExpID 71475
Train - Loss (one batch): 0.00239
Val - Loss, MSE, RMSE, MAE, MAPE: 0.00508, 0.00508, 0.06971, 0.04827, 227428.10%
Test - Best epoch, Loss, MSE, RMSE, MAE, MAPE: 41, 0.00469, 0.00469, 0.06688, 0.04553, 11.08%
Time spent: 8.82s
- Epoch 045, ExpID 71475
Train - Loss (one batch): 0.00499
Val - Loss, MSE, RMSE, MAE, MAPE: 0.00588, 0.00588, 0.07546, 0.05546, 228414.91%
Test - Best epoch, Loss, MSE, RMSE, MAE, MAPE: 41, 0.00469, 0.00469, 0.06688, 0.04553, 11.08%
Time spent: 9.09s
- Epoch 046, ExpID 71475
Train - Loss (one batch): 0.00347
Val - Loss, MSE, RMSE, MAE, MAPE: 0.00488, 0.00488, 0.06830, 0.04608, 221308.96%
Test - Best epoch, Loss, MSE, RMSE, MAE, MAPE: 46, 0.00469, 0.00469, 0.06689, 0.04525, 10.81%
Time spent: 9.89s
- Epoch 047, ExpID 71475
Train - Loss (one batch): 0.00311
Val - Loss, MSE, RMSE, MAE, MAPE: 0.00488, 0.00488, 0.06833, 0.04607, 214050.00%
Test - Best epoch, Loss, MSE, RMSE, MAE, MAPE: 47, 0.00469, 0.00469, 0.06699, 0.04521, 10.63%
Time spent: 9.84s
- Epoch 048, ExpID 71475
Train - Loss (one batch): 0.00382
Val - Loss, MSE, RMSE, MAE, MAPE: 0.00534, 0.00534, 0.07149, 0.05022, 231373.46%
Test - Best epoch, Loss, MSE, RMSE, MAE, MAPE: 47, 0.00469, 0.00469, 0.06699, 0.04521, 10.63%
Time spent: 8.57s
- Epoch 049, ExpID 71475
Train - Loss (one batch): 0.00532
Val - Loss, MSE, RMSE, MAE, MAPE: 0.00490, 0.00490, 0.06841, 0.04631, 225451.77%
Test - Best epoch, Loss, MSE, RMSE, MAE, MAPE: 47, 0.00469, 0.00469, 0.06699, 0.04521, 10.63%
Time spent: 8.64s
- Epoch 050, ExpID 71475
Train - Loss (one batch): 0.00427
Val - Loss, MSE, RMSE, MAE, MAPE: 0.00484, 0.00484, 0.06795, 0.04596, 223179.12%
Test - Best epoch, Loss, MSE, RMSE, MAE, MAPE: 50, 0.00466, 0.00466, 0.06655, 0.04519, 11.09%
Time spent: 9.81s
- Epoch 051, ExpID 71475
Train - Loss (one batch): 0.00320
Val - Loss, MSE, RMSE, MAE, MAPE: 0.00575, 0.00575, 0.07464, 0.05410, 227635.30%
Test - Best epoch, Loss, MSE, RMSE, MAE, MAPE: 50, 0.00466, 0.00466, 0.06655, 0.04519, 11.09%
Time spent: 8.61s
- Epoch 052, ExpID 71475
Train - Loss (one batch): 0.00472
Val - Loss, MSE, RMSE, MAE, MAPE: 0.00491, 0.00491, 0.06850, 0.04644, 213614.84%
Test - Best epoch, Loss, MSE, RMSE, MAE, MAPE: 50, 0.00466, 0.00466, 0.06655, 0.04519, 11.09%
Time spent: 8.77s
- Epoch 053, ExpID 71475
Train - Loss (one batch): 0.00598
Val - Loss, MSE, RMSE, MAE, MAPE: 0.00547, 0.00547, 0.07258, 0.05209, 232645.22%
Test - Best epoch, Loss, MSE, RMSE, MAE, MAPE: 50, 0.00466, 0.00466, 0.06655, 0.04519, 11.09%
Time spent: 8.73s
- Epoch 054, ExpID 71475
Train - Loss (one batch): 0.00462
Val - Loss, MSE, RMSE, MAE, MAPE: 0.00598, 0.00598, 0.07612, 0.05655, 230245.81%
Test - Best epoch, Loss, MSE, RMSE, MAE, MAPE: 50, 0.00466, 0.00466, 0.06655, 0.04519, 11.09%
Time spent: 8.78s
- Epoch 055, ExpID 71475
Train - Loss (one batch): 0.00444
Val - Loss, MSE, RMSE, MAE, MAPE: 0.00589, 0.00589, 0.07550, 0.05545, 230757.09%
Test - Best epoch, Loss, MSE, RMSE, MAE, MAPE: 50, 0.00466, 0.00466, 0.06655, 0.04519, 11.09%
Time spent: 8.58s
- Epoch 056, ExpID 71475
Train - Loss (one batch): 0.00512
Val - Loss, MSE, RMSE, MAE, MAPE: 0.00500, 0.00500, 0.06908, 0.04761, 223075.55%
Test - Best epoch, Loss, MSE, RMSE, MAE, MAPE: 50, 0.00466, 0.00466, 0.06655, 0.04519, 11.09%
Time spent: 8.62s
- Epoch 057, ExpID 71475
Train - Loss (one batch): 0.00358
Val - Loss, MSE, RMSE, MAE, MAPE: 0.00487, 0.00487, 0.06820, 0.04637, 221373.12%
Test - Best epoch, Loss, MSE, RMSE, MAE, MAPE: 50, 0.00466, 0.00466, 0.06655, 0.04519, 11.09%
Time spent: 8.57s
- Epoch 058, ExpID 71475
Train - Loss (one batch): 0.00397
Val - Loss, MSE, RMSE, MAE, MAPE: 0.00541, 0.00541, 0.07229, 0.05212, 227496.13%
Test - Best epoch, Loss, MSE, RMSE, MAE, MAPE: 50, 0.00466, 0.00466, 0.06655, 0.04519, 11.09%
Time spent: 8.75s
- Epoch 059, ExpID 71475
Train - Loss (one batch): 0.00315
Val - Loss, MSE, RMSE, MAE, MAPE: 0.00485, 0.00485, 0.06801, 0.04629, 221280.75%
Test - Best epoch, Loss, MSE, RMSE, MAE, MAPE: 50, 0.00466, 0.00466, 0.06655, 0.04519, 11.09%
Time spent: 8.58s
- Epoch 060, ExpID 71475
Train - Loss (one batch): 0.00526
Val - Loss, MSE, RMSE, MAE, MAPE: 0.00492, 0.00492, 0.06853, 0.04713, 223247.15%
Test - Best epoch, Loss, MSE, RMSE, MAE, MAPE: 50, 0.00466, 0.00466, 0.06655, 0.04519, 11.09%
Time spent: 8.86s
- Epoch 061, ExpID 71475
Train - Loss (one batch): 0.00304
Val - Loss, MSE, RMSE, MAE, MAPE: 0.00502, 0.00502, 0.06937, 0.04800, 223421.54%
Test - Best epoch, Loss, MSE, RMSE, MAE, MAPE: 50, 0.00466, 0.00466, 0.06655, 0.04519, 11.09%
Time spent: 8.61s
- Epoch 062, ExpID 71475
Train - Loss (one batch): 0.00502
Val - Loss, MSE, RMSE, MAE, MAPE: 0.00497, 0.00497, 0.06894, 0.04687, 211913.51%
Test - Best epoch, Loss, MSE, RMSE, MAE, MAPE: 50, 0.00466, 0.00466, 0.06655, 0.04519, 11.09%
Time spent: 8.64s
- Epoch 063, ExpID 71475
Train - Loss (one batch): 0.00435
Val - Loss, MSE, RMSE, MAE, MAPE: 0.00481, 0.00481, 0.06771, 0.04609, 221472.02%
Test - Best epoch, Loss, MSE, RMSE, MAE, MAPE: 63, 0.00461, 0.00461, 0.06630, 0.04539, 11.00%
Time spent: 9.93s
- Epoch 064, ExpID 71475
Train - Loss (one batch): 0.00367
Val - Loss, MSE, RMSE, MAE, MAPE: 0.00478, 0.00478, 0.06751, 0.04572, 220277.83%
Test - Best epoch, Loss, MSE, RMSE, MAE, MAPE: 64, 0.00459, 0.00459, 0.06615, 0.04496, 10.81%
Time spent: 9.77s
- Epoch 065, ExpID 71475
Train - Loss (one batch): 0.00382
Val - Loss, MSE, RMSE, MAE, MAPE: 0.00475, 0.00475, 0.06725, 0.04519, 220296.06%
Test - Best epoch, Loss, MSE, RMSE, MAE, MAPE: 65, 0.00457, 0.00457, 0.06591, 0.04442, 10.66%
Time spent: 10.22s
- Epoch 066, ExpID 71475
Train - Loss (one batch): 0.00479
Val - Loss, MSE, RMSE, MAE, MAPE: 0.00480, 0.00480, 0.06761, 0.04584, 224502.86%
Test - Best epoch, Loss, MSE, RMSE, MAE, MAPE: 65, 0.00457, 0.00457, 0.06591, 0.04442, 10.66%
Time spent: 8.58s
- Epoch 067, ExpID 71475
Train - Loss (one batch): 0.00488
Val - Loss, MSE, RMSE, MAE, MAPE: 0.00490, 0.00490, 0.06850, 0.04731, 228889.27%
Test - Best epoch, Loss, MSE, RMSE, MAE, MAPE: 65, 0.00457, 0.00457, 0.06591, 0.04442, 10.66%
Time spent: 8.65s
- Epoch 068, ExpID 71475
Train - Loss (one batch): 0.00396
Val - Loss, MSE, RMSE, MAE, MAPE: 0.00489, 0.00489, 0.06840, 0.04658, 218655.29%
Test - Best epoch, Loss, MSE, RMSE, MAE, MAPE: 65, 0.00457, 0.00457, 0.06591, 0.04442, 10.66%
Time spent: 8.61s
- Epoch 069, ExpID 71475
Train - Loss (one batch): 0.00419
Val - Loss, MSE, RMSE, MAE, MAPE: 0.00473, 0.00473, 0.06713, 0.04533, 216743.96%
Test - Best epoch, Loss, MSE, RMSE, MAE, MAPE: 69, 0.00453, 0.00453, 0.06563, 0.04438, 10.70%
Time spent: 9.81s
- Epoch 070, ExpID 71475
Train - Loss (one batch): 0.00426
Val - Loss, MSE, RMSE, MAE, MAPE: 0.00505, 0.00505, 0.06956, 0.04902, 231778.91%
Test - Best epoch, Loss, MSE, RMSE, MAE, MAPE: 69, 0.00453, 0.00453, 0.06563, 0.04438, 10.70%
Time spent: 8.64s
- Epoch 071, ExpID 71475
Train - Loss (one batch): 0.00255
Val - Loss, MSE, RMSE, MAE, MAPE: 0.00474, 0.00474, 0.06716, 0.04507, 215105.51%
Test - Best epoch, Loss, MSE, RMSE, MAE, MAPE: 69, 0.00453, 0.00453, 0.06563, 0.04438, 10.70%
Time spent: 8.58s
- Epoch 072, ExpID 71475
Train - Loss (one batch): 0.00453
Val - Loss, MSE, RMSE, MAE, MAPE: 0.00493, 0.00493, 0.06867, 0.04673, 225268.57%
Test - Best epoch, Loss, MSE, RMSE, MAE, MAPE: 69, 0.00453, 0.00453, 0.06563, 0.04438, 10.70%
Time spent: 8.82s
- Epoch 073, ExpID 71475
Train - Loss (one batch): 0.00507
Val - Loss, MSE, RMSE, MAE, MAPE: 0.00476, 0.00476, 0.06739, 0.04537, 218769.87%
Test - Best epoch, Loss, MSE, RMSE, MAE, MAPE: 69, 0.00453, 0.00453, 0.06563, 0.04438, 10.70%
Time spent: 8.66s
- Epoch 074, ExpID 71475
Train - Loss (one batch): 0.00401
Val - Loss, MSE, RMSE, MAE, MAPE: 0.00489, 0.00489, 0.06837, 0.04689, 227166.25%
Test - Best epoch, Loss, MSE, RMSE, MAE, MAPE: 69, 0.00453, 0.00453, 0.06563, 0.04438, 10.70%
Time spent: 8.57s
- Epoch 075, ExpID 71475
Train - Loss (one batch): 0.00410
Val - Loss, MSE, RMSE, MAE, MAPE: 0.00477, 0.00477, 0.06746, 0.04535, 214572.94%
Test - Best epoch, Loss, MSE, RMSE, MAE, MAPE: 69, 0.00453, 0.00453, 0.06563, 0.04438, 10.70%
Time spent: 8.70s
- Epoch 076, ExpID 71475
Train - Loss (one batch): 0.00360
Val - Loss, MSE, RMSE, MAE, MAPE: 0.00498, 0.00498, 0.06898, 0.04797, 223190.79%
Test - Best epoch, Loss, MSE, RMSE, MAE, MAPE: 69, 0.00453, 0.00453, 0.06563, 0.04438, 10.70%
Time spent: 9.01s
- Epoch 077, ExpID 71475
Train - Loss (one batch): 0.00377
Val - Loss, MSE, RMSE, MAE, MAPE: 0.00480, 0.00480, 0.06768, 0.04660, 224404.32%
Test - Best epoch, Loss, MSE, RMSE, MAE, MAPE: 69, 0.00453, 0.00453, 0.06563, 0.04438, 10.70%
Time spent: 9.15s
- Epoch 078, ExpID 71475
Train - Loss (one batch): 0.00523
Val - Loss, MSE, RMSE, MAE, MAPE: 0.00486, 0.00486, 0.06814, 0.04709, 229322.19%
Test - Best epoch, Loss, MSE, RMSE, MAE, MAPE: 69, 0.00453, 0.00453, 0.06563, 0.04438, 10.70%
Time spent: 8.60s
- Epoch 079, ExpID 71475
Train - Loss (one batch): 0.00276
Val - Loss, MSE, RMSE, MAE, MAPE: 0.00486, 0.00486, 0.06812, 0.04667, 230217.50%
Test - Best epoch, Loss, MSE, RMSE, MAE, MAPE: 69, 0.00453, 0.00453, 0.06563, 0.04438, 10.70%
Time spent: 8.72s
- Epoch 080, ExpID 71475
Train - Loss (one batch): 0.00365
Val - Loss, MSE, RMSE, MAE, MAPE: 0.00520, 0.00520, 0.07069, 0.05016, 226105.05%
Test - Best epoch, Loss, MSE, RMSE, MAE, MAPE: 69, 0.00453, 0.00453, 0.06563, 0.04438, 10.70%
Time spent: 8.90s
- Epoch 081, ExpID 71475
Train - Loss (one batch): 0.00460
Val - Loss, MSE, RMSE, MAE, MAPE: 0.00473, 0.00473, 0.06724, 0.04576, 221130.91%
Test - Best epoch, Loss, MSE, RMSE, MAE, MAPE: 69, 0.00453, 0.00453, 0.06563, 0.04438, 10.70%
Time spent: 8.60s
- Epoch 082, ExpID 71475
Train - Loss (one batch): 0.00436
Val - Loss, MSE, RMSE, MAE, MAPE: 0.00500, 0.00500, 0.06921, 0.04779, 226148.48%
Test - Best epoch, Loss, MSE, RMSE, MAE, MAPE: 69, 0.00453, 0.00453, 0.06563, 0.04438, 10.70%
Time spent: 8.77s
- Epoch 083, ExpID 71475
Train - Loss (one batch): 0.00456
Val - Loss, MSE, RMSE, MAE, MAPE: 0.00488, 0.00488, 0.06826, 0.04633, 230549.57%
Test - Best epoch, Loss, MSE, RMSE, MAE, MAPE: 69, 0.00453, 0.00453, 0.06563, 0.04438, 10.70%
Time spent: 8.57s
- Epoch 084, ExpID 71475
Train - Loss (one batch): 0.00441
Val - Loss, MSE, RMSE, MAE, MAPE: 0.00478, 0.00478, 0.06761, 0.04602, 226770.24%
Test - Best epoch, Loss, MSE, RMSE, MAE, MAPE: 69, 0.00453, 0.00453, 0.06563, 0.04438, 10.70%
Time spent: 8.63s
- Epoch 085, ExpID 71475
Train - Loss (one batch): 0.00391
Val - Loss, MSE, RMSE, MAE, MAPE: 0.00479, 0.00479, 0.06771, 0.04660, 227072.08%
Test - Best epoch, Loss, MSE, RMSE, MAE, MAPE: 69, 0.00453, 0.00453, 0.06563, 0.04438, 10.70%
Time spent: 8.68s
- Epoch 086, ExpID 71475
Train - Loss (one batch): 0.00389
Val - Loss, MSE, RMSE, MAE, MAPE: 0.00506, 0.00506, 0.06979, 0.04928, 230288.36%
Test - Best epoch, Loss, MSE, RMSE, MAE, MAPE: 69, 0.00453, 0.00453, 0.06563, 0.04438, 10.70%
Time spent: 8.66s
- Epoch 087, ExpID 71475
Train - Loss (one batch): 0.00390
Val - Loss, MSE, RMSE, MAE, MAPE: 0.00628, 0.00628, 0.07818, 0.05755, 240173.83%
Test - Best epoch, Loss, MSE, RMSE, MAE, MAPE: 69, 0.00453, 0.00453, 0.06563, 0.04438, 10.70%
Time spent: 8.82s
- Epoch 088, ExpID 71475
Train - Loss (one batch): 0.00390
Val - Loss, MSE, RMSE, MAE, MAPE: 0.00530, 0.00530, 0.07139, 0.05153, 229510.11%
Test - Best epoch, Loss, MSE, RMSE, MAE, MAPE: 69, 0.00453, 0.00453, 0.06563, 0.04438, 10.70%
Time spent: 8.87s
- Epoch 089, ExpID 71475
Train - Loss (one batch): 0.00469
Val - Loss, MSE, RMSE, MAE, MAPE: 0.00476, 0.00476, 0.06730, 0.04576, 225346.70%
Test - Best epoch, Loss, MSE, RMSE, MAE, MAPE: 69, 0.00453, 0.00453, 0.06563, 0.04438, 10.70%
Time spent: 8.67s
/home/ouass/Test/MSP-IMTS/tPatchGNN/run_models.py
2025-11-22 01:50:12
run_models.py --dataset activity --state def --history 4000 --patience 20 --batch_size 32 --lr 1e-3 --nhead 1 --tf_layer 1 --nlayer 1 --te_dim 10 --node_dim 10 --hid_dim 32 --outlayer Linear --multi_scales 200,1200 --multi_strides 200,1200 --seed 4 --gpu 0 --fusion concat
Namespace(multi_scales='200,1200', multi_strides='200,1200', fusion='concat', state='def', n=100000000, hop=1, nhead=1, tf_layer=1, nlayer=1, epoch=1000, patience=20, history=4000, patch_size=24, stride=24, logmode='a', lr=0.001, w_decay=0.0, batch_size=32, save='experiments/', load=None, seed=4, dataset='activity', quantization=0.0, model='tPatchGNN', outlayer='Linear', hid_dim=32, te_dim=10, node_dim=10, gpu='0', npatch=167, device=device(type='cuda'), PID=1518695, pred_window=1000, ndim=12)
- Epoch 000, ExpID 85707
Train - Loss (one batch): 0.00694
Val - Loss, MSE, RMSE, MAE, MAPE: 0.00747, 0.00747, 0.08472, 0.06287, 244334.11%
Test - Best epoch, Loss, MSE, RMSE, MAE, MAPE: 0, 0.00699, 0.00699, 0.08191, 0.06009, 14.85%
Time spent: 10.59s
- Epoch 001, ExpID 85707
Train - Loss (one batch): 0.00664
Val - Loss, MSE, RMSE, MAE, MAPE: 0.00574, 0.00574, 0.07420, 0.05272, 234790.91%
Test - Best epoch, Loss, MSE, RMSE, MAE, MAPE: 1, 0.00545, 0.00545, 0.07222, 0.05167, 12.37%
Time spent: 9.96s
- Epoch 002, ExpID 85707
Train - Loss (one batch): 0.00466
Val - Loss, MSE, RMSE, MAE, MAPE: 0.00623, 0.00623, 0.07784, 0.05694, 221623.68%
Test - Best epoch, Loss, MSE, RMSE, MAE, MAPE: 1, 0.00545, 0.00545, 0.07222, 0.05167, 12.37%
Time spent: 8.82s
- Epoch 003, ExpID 85707
Train - Loss (one batch): 0.00352
Val - Loss, MSE, RMSE, MAE, MAPE: 0.00566, 0.00566, 0.07390, 0.05232, 221163.70%
Test - Best epoch, Loss, MSE, RMSE, MAE, MAPE: 3, 0.00548, 0.00548, 0.07272, 0.05196, 11.63%
Time spent: 9.91s
- Epoch 004, ExpID 85707
Train - Loss (one batch): 0.00332
Val - Loss, MSE, RMSE, MAE, MAPE: 0.00586, 0.00586, 0.07521, 0.05326, 222189.69%
Test - Best epoch, Loss, MSE, RMSE, MAE, MAPE: 3, 0.00548, 0.00548, 0.07272, 0.05196, 11.63%
Time spent: 8.67s
- Epoch 005, ExpID 85707
Train - Loss (one batch): 0.00350
Val - Loss, MSE, RMSE, MAE, MAPE: 0.00542, 0.00542, 0.07215, 0.04996, 219766.62%
Test - Best epoch, Loss, MSE, RMSE, MAE, MAPE: 5, 0.00520, 0.00520, 0.07072, 0.04944, 11.19%
Time spent: 10.11s
- Epoch 006, ExpID 85707
Train - Loss (one batch): 0.00572
Val - Loss, MSE, RMSE, MAE, MAPE: 0.00610, 0.00610, 0.07681, 0.05532, 216833.58%
Test - Best epoch, Loss, MSE, RMSE, MAE, MAPE: 5, 0.00520, 0.00520, 0.07072, 0.04944, 11.19%
Time spent: 8.57s
- Epoch 007, ExpID 85707
Train - Loss (one batch): 0.00391
Val - Loss, MSE, RMSE, MAE, MAPE: 0.00600, 0.00600, 0.07617, 0.05469, 214720.30%
Test - Best epoch, Loss, MSE, RMSE, MAE, MAPE: 5, 0.00520, 0.00520, 0.07072, 0.04944, 11.19%
Time spent: 8.71s
- Epoch 008, ExpID 85707
Train - Loss (one batch): 0.00540
Val - Loss, MSE, RMSE, MAE, MAPE: 0.00537, 0.00537, 0.07199, 0.04819, 220851.24%
Test - Best epoch, Loss, MSE, RMSE, MAE, MAPE: 8, 0.00516, 0.00516, 0.07057, 0.04765, 11.11%
Time spent: 9.70s
- Epoch 009, ExpID 85707
Train - Loss (one batch): 0.00325
Val - Loss, MSE, RMSE, MAE, MAPE: 0.00511, 0.00511, 0.07001, 0.04826, 217137.04%
Test - Best epoch, Loss, MSE, RMSE, MAE, MAPE: 9, 0.00491, 0.00491, 0.06866, 0.04787, 11.07%
Time spent: 10.25s
- Epoch 010, ExpID 85707
Train - Loss (one batch): 0.00429
Val - Loss, MSE, RMSE, MAE, MAPE: 0.00594, 0.00594, 0.07545, 0.05185, 220505.08%
Test - Best epoch, Loss, MSE, RMSE, MAE, MAPE: 9, 0.00491, 0.00491, 0.06866, 0.04787, 11.07%
Time spent: 8.69s
- Epoch 011, ExpID 85707
Train - Loss (one batch): 0.00426
Val - Loss, MSE, RMSE, MAE, MAPE: 0.00528, 0.00528, 0.07121, 0.04932, 224239.84%
Test - Best epoch, Loss, MSE, RMSE, MAE, MAPE: 9, 0.00491, 0.00491, 0.06866, 0.04787, 11.07%
Time spent: 8.86s
- Epoch 012, ExpID 85707
Train - Loss (one batch): 0.00507
Val - Loss, MSE, RMSE, MAE, MAPE: 0.00505, 0.00505, 0.06950, 0.04627, 215567.02%
Test - Best epoch, Loss, MSE, RMSE, MAE, MAPE: 12, 0.00482, 0.00482, 0.06784, 0.04540, 10.71%
Time spent: 9.81s
- Epoch 013, ExpID 85707
Train - Loss (one batch): 0.00352
Val - Loss, MSE, RMSE, MAE, MAPE: 0.00511, 0.00511, 0.06997, 0.04738, 221699.96%
Test - Best epoch, Loss, MSE, RMSE, MAE, MAPE: 12, 0.00482, 0.00482, 0.06784, 0.04540, 10.71%
Time spent: 8.64s
- Epoch 014, ExpID 85707
Train - Loss (one batch): 0.00412
Val - Loss, MSE, RMSE, MAE, MAPE: 0.00540, 0.00540, 0.07189, 0.04850, 216693.61%
Test - Best epoch, Loss, MSE, RMSE, MAE, MAPE: 12, 0.00482, 0.00482, 0.06784, 0.04540, 10.71%
Time spent: 8.75s
- Epoch 015, ExpID 85707
Train - Loss (one batch): 0.00600
Val - Loss, MSE, RMSE, MAE, MAPE: 0.00520, 0.00520, 0.07069, 0.04754, 220252.18%
Test - Best epoch, Loss, MSE, RMSE, MAE, MAPE: 12, 0.00482, 0.00482, 0.06784, 0.04540, 10.71%
Time spent: 8.70s
- Epoch 016, ExpID 85707
Train - Loss (one batch): 0.00420
Val - Loss, MSE, RMSE, MAE, MAPE: 0.00555, 0.00555, 0.07297, 0.05027, 213955.91%
Test - Best epoch, Loss, MSE, RMSE, MAE, MAPE: 12, 0.00482, 0.00482, 0.06784, 0.04540, 10.71%
Time spent: 8.83s
- Epoch 017, ExpID 85707
Train - Loss (one batch): 0.00565
Val - Loss, MSE, RMSE, MAE, MAPE: 0.00521, 0.00521, 0.07061, 0.04765, 218933.07%
Test - Best epoch, Loss, MSE, RMSE, MAE, MAPE: 12, 0.00482, 0.00482, 0.06784, 0.04540, 10.71%
Time spent: 8.79s
- Epoch 018, ExpID 85707
Train - Loss (one batch): 0.00373
Val - Loss, MSE, RMSE, MAE, MAPE: 0.00539, 0.00539, 0.07202, 0.04896, 219922.19%
Test - Best epoch, Loss, MSE, RMSE, MAE, MAPE: 12, 0.00482, 0.00482, 0.06784, 0.04540, 10.71%
Time spent: 8.62s
- Epoch 019, ExpID 85707
Train - Loss (one batch): 0.00349
Val - Loss, MSE, RMSE, MAE, MAPE: 0.00516, 0.00516, 0.07047, 0.04728, 222752.50%
Test - Best epoch, Loss, MSE, RMSE, MAE, MAPE: 12, 0.00482, 0.00482, 0.06784, 0.04540, 10.71%
Time spent: 8.67s
- Epoch 020, ExpID 85707
Train - Loss (one batch): 0.00473
Val - Loss, MSE, RMSE, MAE, MAPE: 0.00605, 0.00605, 0.07615, 0.05382, 201653.94%
Test - Best epoch, Loss, MSE, RMSE, MAE, MAPE: 12, 0.00482, 0.00482, 0.06784, 0.04540, 10.71%
Time spent: 8.93s
- Epoch 021, ExpID 85707
Train - Loss (one batch): 0.00328
Val - Loss, MSE, RMSE, MAE, MAPE: 0.00516, 0.00516, 0.07043, 0.04826, 217554.90%
Test - Best epoch, Loss, MSE, RMSE, MAE, MAPE: 12, 0.00482, 0.00482, 0.06784, 0.04540, 10.71%
Time spent: 8.58s
- Epoch 022, ExpID 85707
Train - Loss (one batch): 0.00404
Val - Loss, MSE, RMSE, MAE, MAPE: 0.00531, 0.00531, 0.07136, 0.04833, 210853.80%
Test - Best epoch, Loss, MSE, RMSE, MAE, MAPE: 12, 0.00482, 0.00482, 0.06784, 0.04540, 10.71%
Time spent: 8.89s
- Epoch 023, ExpID 85707
Train - Loss (one batch): 0.00556
Val - Loss, MSE, RMSE, MAE, MAPE: 0.00533, 0.00533, 0.07165, 0.04928, 218800.23%
Test - Best epoch, Loss, MSE, RMSE, MAE, MAPE: 12, 0.00482, 0.00482, 0.06784, 0.04540, 10.71%
Time spent: 8.80s
- Epoch 024, ExpID 85707
Train - Loss (one batch): 0.00434
Val - Loss, MSE, RMSE, MAE, MAPE: 0.00499, 0.00499, 0.06916, 0.04651, 217128.15%
Test - Best epoch, Loss, MSE, RMSE, MAE, MAPE: 24, 0.00480, 0.00480, 0.06782, 0.04591, 10.87%
Time spent: 10.04s
- Epoch 025, ExpID 85707
Train - Loss (one batch): 0.00502
Val - Loss, MSE, RMSE, MAE, MAPE: 0.00524, 0.00524, 0.07079, 0.04771, 210884.33%
Test - Best epoch, Loss, MSE, RMSE, MAE, MAPE: 24, 0.00480, 0.00480, 0.06782, 0.04591, 10.87%
Time spent: 8.66s
- Epoch 026, ExpID 85707
Train - Loss (one batch): 0.00447
Val - Loss, MSE, RMSE, MAE, MAPE: 0.00504, 0.00504, 0.06952, 0.04701, 212361.77%
Test - Best epoch, Loss, MSE, RMSE, MAE, MAPE: 24, 0.00480, 0.00480, 0.06782, 0.04591, 10.87%
Time spent: 8.95s
- Epoch 027, ExpID 85707
Train - Loss (one batch): 0.00450
Val - Loss, MSE, RMSE, MAE, MAPE: 0.00583, 0.00583, 0.07510, 0.05231, 212043.46%
Test - Best epoch, Loss, MSE, RMSE, MAE, MAPE: 24, 0.00480, 0.00480, 0.06782, 0.04591, 10.87%
Time spent: 8.59s
- Epoch 028, ExpID 85707
Train - Loss (one batch): 0.00433
Val - Loss, MSE, RMSE, MAE, MAPE: 0.00514, 0.00514, 0.07016, 0.04742, 210195.50%
Test - Best epoch, Loss, MSE, RMSE, MAE, MAPE: 24, 0.00480, 0.00480, 0.06782, 0.04591, 10.87%
Time spent: 8.58s
- Epoch 029, ExpID 85707
Train - Loss (one batch): 0.00346
Val - Loss, MSE, RMSE, MAE, MAPE: 0.00500, 0.00500, 0.06925, 0.04631, 217602.72%
Test - Best epoch, Loss, MSE, RMSE, MAE, MAPE: 24, 0.00480, 0.00480, 0.06782, 0.04591, 10.87%
Time spent: 8.71s
- Epoch 030, ExpID 85707
Train - Loss (one batch): 0.00359
Val - Loss, MSE, RMSE, MAE, MAPE: 0.00490, 0.00490, 0.06846, 0.04577, 215362.23%
Test - Best epoch, Loss, MSE, RMSE, MAE, MAPE: 30, 0.00468, 0.00468, 0.06690, 0.04503, 10.79%
Time spent: 9.97s
- Epoch 031, ExpID 85707
Train - Loss (one batch): 0.00467
Val - Loss, MSE, RMSE, MAE, MAPE: 0.00506, 0.00506, 0.06978, 0.04736, 218740.97%
Test - Best epoch, Loss, MSE, RMSE, MAE, MAPE: 30, 0.00468, 0.00468, 0.06690, 0.04503, 10.79%
Time spent: 8.76s
- Epoch 032, ExpID 85707
Train - Loss (one batch): 0.00458
Val - Loss, MSE, RMSE, MAE, MAPE: 0.00499, 0.00499, 0.06915, 0.04661, 217257.49%
Test - Best epoch, Loss, MSE, RMSE, MAE, MAPE: 30, 0.00468, 0.00468, 0.06690, 0.04503, 10.79%
Time spent: 8.85s
- Epoch 033, ExpID 85707
Train - Loss (one batch): 0.00253
Val - Loss, MSE, RMSE, MAE, MAPE: 0.00515, 0.00515, 0.07034, 0.04852, 213833.90%
Test - Best epoch, Loss, MSE, RMSE, MAE, MAPE: 30, 0.00468, 0.00468, 0.06690, 0.04503, 10.79%
Time spent: 8.62s
- Epoch 034, ExpID 85707
Train - Loss (one batch): 0.00365
Val - Loss, MSE, RMSE, MAE, MAPE: 0.00494, 0.00494, 0.06881, 0.04626, 219170.19%
Test - Best epoch, Loss, MSE, RMSE, MAE, MAPE: 30, 0.00468, 0.00468, 0.06690, 0.04503, 10.79%
Time spent: 8.77s
- Epoch 035, ExpID 85707
Train - Loss (one batch): 0.00389
Val - Loss, MSE, RMSE, MAE, MAPE: 0.00522, 0.00522, 0.07079, 0.04831, 221898.30%
Test - Best epoch, Loss, MSE, RMSE, MAE, MAPE: 30, 0.00468, 0.00468, 0.06690, 0.04503, 10.79%
Time spent: 8.63s
- Epoch 036, ExpID 85707
Train - Loss (one batch): 0.00388
Val - Loss, MSE, RMSE, MAE, MAPE: 0.00482, 0.00482, 0.06794, 0.04597, 215922.58%
Test - Best epoch, Loss, MSE, RMSE, MAE, MAPE: 36, 0.00465, 0.00465, 0.06676, 0.04557, 10.86%
Time spent: 9.79s
- Epoch 037, ExpID 85707
Train - Loss (one batch): 0.00481
Val - Loss, MSE, RMSE, MAE, MAPE: 0.00493, 0.00493, 0.06861, 0.04584, 210317.96%
Test - Best epoch, Loss, MSE, RMSE, MAE, MAPE: 36, 0.00465, 0.00465, 0.06676, 0.04557, 10.86%
Time spent: 8.62s
- Epoch 038, ExpID 85707
Train - Loss (one batch): 0.00410
Val - Loss, MSE, RMSE, MAE, MAPE: 0.00498, 0.00498, 0.06906, 0.04671, 211164.64%
Test - Best epoch, Loss, MSE, RMSE, MAE, MAPE: 36, 0.00465, 0.00465, 0.06676, 0.04557, 10.86%
Time spent: 8.75s
- Epoch 039, ExpID 85707
Train - Loss (one batch): 0.00517
Val - Loss, MSE, RMSE, MAE, MAPE: 0.00486, 0.00486, 0.06813, 0.04638, 223127.51%
Test - Best epoch, Loss, MSE, RMSE, MAE, MAPE: 36, 0.00465, 0.00465, 0.06676, 0.04557, 10.86%
Time spent: 8.63s
- Epoch 040, ExpID 85707
Train - Loss (one batch): 0.00339
Val - Loss, MSE, RMSE, MAE, MAPE: 0.00488, 0.00488, 0.06814, 0.04548, 204939.43%
Test - Best epoch, Loss, MSE, RMSE, MAE, MAPE: 36, 0.00465, 0.00465, 0.06676, 0.04557, 10.86%
Time spent: 8.83s
- Epoch 041, ExpID 85707
Train - Loss (one batch): 0.00426
Val - Loss, MSE, RMSE, MAE, MAPE: 0.00536, 0.00536, 0.07162, 0.05006, 201200.71%
Test - Best epoch, Loss, MSE, RMSE, MAE, MAPE: 36, 0.00465, 0.00465, 0.06676, 0.04557, 10.86%
Time spent: 8.56s
- Epoch 042, ExpID 85707
Train - Loss (one batch): 0.00428
Val - Loss, MSE, RMSE, MAE, MAPE: 0.00486, 0.00486, 0.06818, 0.04602, 215756.55%
Test - Best epoch, Loss, MSE, RMSE, MAE, MAPE: 36, 0.00465, 0.00465, 0.06676, 0.04557, 10.86%
Time spent: 8.75s
- Epoch 043, ExpID 85707
Train - Loss (one batch): 0.00428
Val - Loss, MSE, RMSE, MAE, MAPE: 0.00494, 0.00494, 0.06871, 0.04629, 208861.05%
Test - Best epoch, Loss, MSE, RMSE, MAE, MAPE: 36, 0.00465, 0.00465, 0.06676, 0.04557, 10.86%
Time spent: 8.68s
- Epoch 044, ExpID 85707
Train - Loss (one batch): 0.00345
Val - Loss, MSE, RMSE, MAE, MAPE: 0.00491, 0.00491, 0.06854, 0.04612, 211194.09%
Test - Best epoch, Loss, MSE, RMSE, MAE, MAPE: 36, 0.00465, 0.00465, 0.06676, 0.04557, 10.86%
Time spent: 8.56s
- Epoch 045, ExpID 85707
Train - Loss (one batch): 0.00496
Val - Loss, MSE, RMSE, MAE, MAPE: 0.00478, 0.00478, 0.06766, 0.04599, 213274.50%
Test - Best epoch, Loss, MSE, RMSE, MAE, MAPE: 45, 0.00464, 0.00464, 0.06667, 0.04577, 10.88%
Time spent: 9.89s
- Epoch 046, ExpID 85707
Train - Loss (one batch): 0.00338
Val - Loss, MSE, RMSE, MAE, MAPE: 0.00482, 0.00482, 0.06797, 0.04706, 213318.06%
Test - Best epoch, Loss, MSE, RMSE, MAE, MAPE: 45, 0.00464, 0.00464, 0.06667, 0.04577, 10.88%
Time spent: 8.72s
- Epoch 047, ExpID 85707
Train - Loss (one batch): 0.00464
Val - Loss, MSE, RMSE, MAE, MAPE: 0.00497, 0.00497, 0.06899, 0.04707, 214320.47%
Test - Best epoch, Loss, MSE, RMSE, MAE, MAPE: 45, 0.00464, 0.00464, 0.06667, 0.04577, 10.88%
Time spent: 8.64s
- Epoch 048, ExpID 85707
Train - Loss (one batch): 0.00399
Val - Loss, MSE, RMSE, MAE, MAPE: 0.00483, 0.00483, 0.06792, 0.04580, 212556.65%
Test - Best epoch, Loss, MSE, RMSE, MAE, MAPE: 45, 0.00464, 0.00464, 0.06667, 0.04577, 10.88%
Time spent: 8.63s
- Epoch 049, ExpID 85707
Train - Loss (one batch): 0.00358
Val - Loss, MSE, RMSE, MAE, MAPE: 0.00522, 0.00522, 0.07088, 0.04965, 214084.41%
Test - Best epoch, Loss, MSE, RMSE, MAE, MAPE: 45, 0.00464, 0.00464, 0.06667, 0.04577, 10.88%
Time spent: 8.72s
- Epoch 050, ExpID 85707
Train - Loss (one batch): 0.00260
Val - Loss, MSE, RMSE, MAE, MAPE: 0.00510, 0.00510, 0.06997, 0.04767, 221945.67%
Test - Best epoch, Loss, MSE, RMSE, MAE, MAPE: 45, 0.00464, 0.00464, 0.06667, 0.04577, 10.88%
Time spent: 8.74s
- Epoch 051, ExpID 85707
Train - Loss (one batch): 0.00313
Val - Loss, MSE, RMSE, MAE, MAPE: 0.00506, 0.00506, 0.06953, 0.04699, 208902.35%
Test - Best epoch, Loss, MSE, RMSE, MAE, MAPE: 45, 0.00464, 0.00464, 0.06667, 0.04577, 10.88%
Time spent: 8.94s
- Epoch 052, ExpID 85707
Train - Loss (one batch): 0.00414
Val - Loss, MSE, RMSE, MAE, MAPE: 0.00479, 0.00479, 0.06770, 0.04614, 208547.89%
Test - Best epoch, Loss, MSE, RMSE, MAE, MAPE: 45, 0.00464, 0.00464, 0.06667, 0.04577, 10.88%
Time spent: 8.81s
- Epoch 053, ExpID 85707
Train - Loss (one batch): 0.00438
Val - Loss, MSE, RMSE, MAE, MAPE: 0.00502, 0.00502, 0.06943, 0.04705, 218294.57%
Test - Best epoch, Loss, MSE, RMSE, MAE, MAPE: 45, 0.00464, 0.00464, 0.06667, 0.04577, 10.88%
Time spent: 8.81s
- Epoch 054, ExpID 85707
Train - Loss (one batch): 0.00446
Val - Loss, MSE, RMSE, MAE, MAPE: 0.00500, 0.00500, 0.06919, 0.04818, 214831.36%
Test - Best epoch, Loss, MSE, RMSE, MAE, MAPE: 45, 0.00464, 0.00464, 0.06667, 0.04577, 10.88%
Time spent: 8.81s
- Epoch 055, ExpID 85707
Train - Loss (one batch): 0.00390
Val - Loss, MSE, RMSE, MAE, MAPE: 0.00474, 0.00474, 0.06731, 0.04550, 216885.66%
Test - Best epoch, Loss, MSE, RMSE, MAE, MAPE: 55, 0.00457, 0.00457, 0.06617, 0.04493, 10.66%
Time spent: 10.00s
- Epoch 056, ExpID 85707
Train - Loss (one batch): 0.00299
Val - Loss, MSE, RMSE, MAE, MAPE: 0.00479, 0.00479, 0.06772, 0.04613, 221293.52%
Test - Best epoch, Loss, MSE, RMSE, MAE, MAPE: 55, 0.00457, 0.00457, 0.06617, 0.04493, 10.66%
Time spent: 8.75s
- Epoch 057, ExpID 85707
Train - Loss (one batch): 0.00400
Val - Loss, MSE, RMSE, MAE, MAPE: 0.00502, 0.00502, 0.06920, 0.04661, 218881.68%
Test - Best epoch, Loss, MSE, RMSE, MAE, MAPE: 55, 0.00457, 0.00457, 0.06617, 0.04493, 10.66%
Time spent: 8.90s
- Epoch 058, ExpID 85707
Train - Loss (one batch): 0.00336
Val - Loss, MSE, RMSE, MAE, MAPE: 0.00509, 0.00509, 0.06969, 0.04649, 214756.92%
Test - Best epoch, Loss, MSE, RMSE, MAE, MAPE: 55, 0.00457, 0.00457, 0.06617, 0.04493, 10.66%
Time spent: 8.95s
- Epoch 059, ExpID 85707
Train - Loss (one batch): 0.00537
Val - Loss, MSE, RMSE, MAE, MAPE: 0.00511, 0.00511, 0.07023, 0.04980, 206455.46%
Test - Best epoch, Loss, MSE, RMSE, MAE, MAPE: 55, 0.00457, 0.00457, 0.06617, 0.04493, 10.66%
Time spent: 9.01s
- Epoch 060, ExpID 85707
Train - Loss (one batch): 0.00404
Val - Loss, MSE, RMSE, MAE, MAPE: 0.00490, 0.00490, 0.06851, 0.04782, 219956.72%
Test - Best epoch, Loss, MSE, RMSE, MAE, MAPE: 55, 0.00457, 0.00457, 0.06617, 0.04493, 10.66%
Time spent: 8.51s
- Epoch 061, ExpID 85707
Train - Loss (one batch): 0.00395
Val - Loss, MSE, RMSE, MAE, MAPE: 0.00469, 0.00469, 0.06692, 0.04568, 206211.10%
Test - Best epoch, Loss, MSE, RMSE, MAE, MAPE: 61, 0.00449, 0.00449, 0.06557, 0.04499, 10.45%
Time spent: 10.03s
- Epoch 062, ExpID 85707
Train - Loss (one batch): 0.00389
Val - Loss, MSE, RMSE, MAE, MAPE: 0.00475, 0.00475, 0.06727, 0.04611, 204982.47%
Test - Best epoch, Loss, MSE, RMSE, MAE, MAPE: 61, 0.00449, 0.00449, 0.06557, 0.04499, 10.45%
Time spent: 8.78s
- Epoch 063, ExpID 85707
Train - Loss (one batch): 0.00452
Val - Loss, MSE, RMSE, MAE, MAPE: 0.00466, 0.00466, 0.06675, 0.04490, 220836.87%
Test - Best epoch, Loss, MSE, RMSE, MAE, MAPE: 63, 0.00451, 0.00451, 0.06571, 0.04466, 10.56%
Time spent: 9.71s
- Epoch 064, ExpID 85707
Train - Loss (one batch): 0.00572
Val - Loss, MSE, RMSE, MAE, MAPE: 0.00485, 0.00485, 0.06819, 0.04760, 208197.56%
Test - Best epoch, Loss, MSE, RMSE, MAE, MAPE: 63, 0.00451, 0.00451, 0.06571, 0.04466, 10.56%
Time spent: 9.00s
- Epoch 065, ExpID 85707
Train - Loss (one batch): 0.00422
Val - Loss, MSE, RMSE, MAE, MAPE: 0.00461, 0.00461, 0.06625, 0.04438, 217856.23%
Test - Best epoch, Loss, MSE, RMSE, MAE, MAPE: 65, 0.00445, 0.00445, 0.06516, 0.04434, 10.82%
Time spent: 10.09s
- Epoch 066, ExpID 85707
Train - Loss (one batch): 0.00374
Val - Loss, MSE, RMSE, MAE, MAPE: 0.00463, 0.00463, 0.06645, 0.04497, 214038.95%
Test - Best epoch, Loss, MSE, RMSE, MAE, MAPE: 65, 0.00445, 0.00445, 0.06516, 0.04434, 10.82%
Time spent: 8.80s
- Epoch 067, ExpID 85707
Train - Loss (one batch): 0.00305
Val - Loss, MSE, RMSE, MAE, MAPE: 0.00497, 0.00497, 0.06875, 0.04664, 202162.14%
Test - Best epoch, Loss, MSE, RMSE, MAE, MAPE: 65, 0.00445, 0.00445, 0.06516, 0.04434, 10.82%
Time spent: 8.85s
- Epoch 068, ExpID 85707
Train - Loss (one batch): 0.00562
Val - Loss, MSE, RMSE, MAE, MAPE: 0.00495, 0.00495, 0.06876, 0.04712, 208981.07%
Test - Best epoch, Loss, MSE, RMSE, MAE, MAPE: 65, 0.00445, 0.00445, 0.06516, 0.04434, 10.82%
Time spent: 8.88s
- Epoch 069, ExpID 85707
Train - Loss (one batch): 0.00621
Val - Loss, MSE, RMSE, MAE, MAPE: 0.00454, 0.00454, 0.06582, 0.04457, 210827.80%
Test - Best epoch, Loss, MSE, RMSE, MAE, MAPE: 69, 0.00437, 0.00437, 0.06461, 0.04373, 10.34%
Time spent: 9.97s
- Epoch 070, ExpID 85707
Train - Loss (one batch): 0.00321
Val - Loss, MSE, RMSE, MAE, MAPE: 0.00496, 0.00496, 0.06862, 0.04643, 209498.56%
Test - Best epoch, Loss, MSE, RMSE, MAE, MAPE: 69, 0.00437, 0.00437, 0.06461, 0.04373, 10.34%
Time spent: 8.67s
- Epoch 071, ExpID 85707
Train - Loss (one batch): 0.00557
Val - Loss, MSE, RMSE, MAE, MAPE: 0.00476, 0.00476, 0.06725, 0.04531, 205423.54%
Test - Best epoch, Loss, MSE, RMSE, MAE, MAPE: 69, 0.00437, 0.00437, 0.06461, 0.04373, 10.34%
Time spent: 8.67s
- Epoch 072, ExpID 85707
Train - Loss (one batch): 0.00357
Val - Loss, MSE, RMSE, MAE, MAPE: 0.00447, 0.00447, 0.06528, 0.04417, 222169.09%
Test - Best epoch, Loss, MSE, RMSE, MAE, MAPE: 72, 0.00433, 0.00433, 0.06436, 0.04394, 10.60%
Time spent: 10.16s
- Epoch 073, ExpID 85707
Train - Loss (one batch): 0.00344
Val - Loss, MSE, RMSE, MAE, MAPE: 0.00468, 0.00468, 0.06669, 0.04501, 213214.35%
Test - Best epoch, Loss, MSE, RMSE, MAE, MAPE: 72, 0.00433, 0.00433, 0.06436, 0.04394, 10.60%
Time spent: 8.57s
- Epoch 074, ExpID 85707
Train - Loss (one batch): 0.00274
Val - Loss, MSE, RMSE, MAE, MAPE: 0.00480, 0.00480, 0.06763, 0.04576, 207648.58%
Test - Best epoch, Loss, MSE, RMSE, MAE, MAPE: 72, 0.00433, 0.00433, 0.06436, 0.04394, 10.60%
Time spent: 8.65s
- Epoch 075, ExpID 85707
Train - Loss (one batch): 0.00290
Val - Loss, MSE, RMSE, MAE, MAPE: 0.00457, 0.00457, 0.06602, 0.04469, 220696.52%
Test - Best epoch, Loss, MSE, RMSE, MAE, MAPE: 72, 0.00433, 0.00433, 0.06436, 0.04394, 10.60%
Time spent: 8.77s
- Epoch 076, ExpID 85707
Train - Loss (one batch): 0.00419
Val - Loss, MSE, RMSE, MAE, MAPE: 0.00447, 0.00447, 0.06530, 0.04416, 215725.03%
Test - Best epoch, Loss, MSE, RMSE, MAE, MAPE: 72, 0.00433, 0.00433, 0.06436, 0.04394, 10.60%
Time spent: 8.64s
- Epoch 077, ExpID 85707
Train - Loss (one batch): 0.00366
Val - Loss, MSE, RMSE, MAE, MAPE: 0.00452, 0.00452, 0.06562, 0.04435, 213723.43%
Test - Best epoch, Loss, MSE, RMSE, MAE, MAPE: 72, 0.00433, 0.00433, 0.06436, 0.04394, 10.60%
Time spent: 8.90s
- Epoch 078, ExpID 85707
Train - Loss (one batch): 0.00421
Val - Loss, MSE, RMSE, MAE, MAPE: 0.00452, 0.00452, 0.06560, 0.04432, 212158.13%
Test - Best epoch, Loss, MSE, RMSE, MAE, MAPE: 72, 0.00433, 0.00433, 0.06436, 0.04394, 10.60%
Time spent: 8.84s
- Epoch 079, ExpID 85707
Train - Loss (one batch): 0.00332
Val - Loss, MSE, RMSE, MAE, MAPE: 0.00454, 0.00454, 0.06574, 0.04438, 213016.52%
Test - Best epoch, Loss, MSE, RMSE, MAE, MAPE: 72, 0.00433, 0.00433, 0.06436, 0.04394, 10.60%
Time spent: 8.91s
- Epoch 080, ExpID 85707
Train - Loss (one batch): 0.00352
Val - Loss, MSE, RMSE, MAE, MAPE: 0.00495, 0.00495, 0.06909, 0.04949, 207986.32%
Test - Best epoch, Loss, MSE, RMSE, MAE, MAPE: 72, 0.00433, 0.00433, 0.06436, 0.04394, 10.60%
Time spent: 8.95s
- Epoch 081, ExpID 85707
Train - Loss (one batch): 0.00424
Val - Loss, MSE, RMSE, MAE, MAPE: 0.00463, 0.00463, 0.06631, 0.04448, 210347.63%
Test - Best epoch, Loss, MSE, RMSE, MAE, MAPE: 72, 0.00433, 0.00433, 0.06436, 0.04394, 10.60%
Time spent: 8.57s
- Epoch 082, ExpID 85707
Train - Loss (one batch): 0.00338
Val - Loss, MSE, RMSE, MAE, MAPE: 0.00455, 0.00455, 0.06582, 0.04437, 214256.74%
Test - Best epoch, Loss, MSE, RMSE, MAE, MAPE: 72, 0.00433, 0.00433, 0.06436, 0.04394, 10.60%
Time spent: 8.86s
- Epoch 083, ExpID 85707
Train - Loss (one batch): 0.00433
Val - Loss, MSE, RMSE, MAE, MAPE: 0.00459, 0.00459, 0.06604, 0.04478, 216485.38%
Test - Best epoch, Loss, MSE, RMSE, MAE, MAPE: 72, 0.00433, 0.00433, 0.06436, 0.04394, 10.60%
Time spent: 9.06s
- Epoch 084, ExpID 85707
Train - Loss (one batch): 0.00373
Val - Loss, MSE, RMSE, MAE, MAPE: 0.00446, 0.00446, 0.06511, 0.04386, 208704.29%
Test - Best epoch, Loss, MSE, RMSE, MAE, MAPE: 84, 0.00425, 0.00425, 0.06378, 0.04304, 10.07%
Time spent: 10.03s
- Epoch 085, ExpID 85707
Train - Loss (one batch): 0.00382
Val - Loss, MSE, RMSE, MAE, MAPE: 0.00476, 0.00476, 0.06747, 0.04622, 213299.60%
Test - Best epoch, Loss, MSE, RMSE, MAE, MAPE: 84, 0.00425, 0.00425, 0.06378, 0.04304, 10.07%
Time spent: 8.91s
- Epoch 086, ExpID 85707
Train - Loss (one batch): 0.00412
Val - Loss, MSE, RMSE, MAE, MAPE: 0.00456, 0.00456, 0.06597, 0.04592, 222140.46%
Test - Best epoch, Loss, MSE, RMSE, MAE, MAPE: 84, 0.00425, 0.00425, 0.06378, 0.04304, 10.07%
Time spent: 8.76s
- Epoch 087, ExpID 85707
Train - Loss (one batch): 0.00440
Val - Loss, MSE, RMSE, MAE, MAPE: 0.00449, 0.00449, 0.06541, 0.04432, 207808.41%
Test - Best epoch, Loss, MSE, RMSE, MAE, MAPE: 84, 0.00425, 0.00425, 0.06378, 0.04304, 10.07%
Time spent: 8.79s
- Epoch 088, ExpID 85707
Train - Loss (one batch): 0.00459
Val - Loss, MSE, RMSE, MAE, MAPE: 0.00449, 0.00449, 0.06541, 0.04428, 215217.98%
Test - Best epoch, Loss, MSE, RMSE, MAE, MAPE: 84, 0.00425, 0.00425, 0.06378, 0.04304, 10.07%
Time spent: 8.81s
- Epoch 089, ExpID 85707
Train - Loss (one batch): 0.00264
Val - Loss, MSE, RMSE, MAE, MAPE: 0.00437, 0.00437, 0.06455, 0.04347, 215869.69%
Test - Best epoch, Loss, MSE, RMSE, MAE, MAPE: 89, 0.00419, 0.00419, 0.06331, 0.04296, 10.19%
Time spent: 9.88s
- Epoch 090, ExpID 85707
Train - Loss (one batch): 0.00390
Val - Loss, MSE, RMSE, MAE, MAPE: 0.00447, 0.00447, 0.06524, 0.04380, 219465.93%
Test - Best epoch, Loss, MSE, RMSE, MAE, MAPE: 89, 0.00419, 0.00419, 0.06331, 0.04296, 10.19%
Time spent: 8.92s
- Epoch 091, ExpID 85707
Train - Loss (one batch): 0.00428
Val - Loss, MSE, RMSE, MAE, MAPE: 0.00442, 0.00442, 0.06485, 0.04416, 213449.63%
Test - Best epoch, Loss, MSE, RMSE, MAE, MAPE: 89, 0.00419, 0.00419, 0.06331, 0.04296, 10.19%
Time spent: 8.89s
- Epoch 092, ExpID 85707
Train - Loss (one batch): 0.00365
Val - Loss, MSE, RMSE, MAE, MAPE: 0.00443, 0.00443, 0.06491, 0.04371, 208985.51%
Test - Best epoch, Loss, MSE, RMSE, MAE, MAPE: 89, 0.00419, 0.00419, 0.06331, 0.04296, 10.19%
Time spent: 8.63s
- Epoch 093, ExpID 85707
Train - Loss (one batch): 0.00651
Val - Loss, MSE, RMSE, MAE, MAPE: 0.00468, 0.00468, 0.06680, 0.04552, 212034.30%
Test - Best epoch, Loss, MSE, RMSE, MAE, MAPE: 89, 0.00419, 0.00419, 0.06331, 0.04296, 10.19%
Time spent: 8.73s
- Epoch 094, ExpID 85707
Train - Loss (one batch): 0.00318
Val - Loss, MSE, RMSE, MAE, MAPE: 0.00434, 0.00434, 0.06415, 0.04323, 214394.72%
Test - Best epoch, Loss, MSE, RMSE, MAE, MAPE: 94, 0.00422, 0.00422, 0.06344, 0.04292, 10.07%
Time spent: 9.91s
- Epoch 095, ExpID 85707
Train - Loss (one batch): 0.00532
Val - Loss, MSE, RMSE, MAE, MAPE: 0.00461, 0.00461, 0.06628, 0.04508, 216202.20%
Test - Best epoch, Loss, MSE, RMSE, MAE, MAPE: 94, 0.00422, 0.00422, 0.06344, 0.04292, 10.07%
Time spent: 8.72s
- Epoch 096, ExpID 85707
Train - Loss (one batch): 0.00286
Val - Loss, MSE, RMSE, MAE, MAPE: 0.00446, 0.00446, 0.06504, 0.04402, 208980.02%
Test - Best epoch, Loss, MSE, RMSE, MAE, MAPE: 94, 0.00422, 0.00422, 0.06344, 0.04292, 10.07%
Time spent: 8.75s
- Epoch 097, ExpID 85707
Train - Loss (one batch): 0.00428
Val - Loss, MSE, RMSE, MAE, MAPE: 0.00432, 0.00432, 0.06408, 0.04332, 212485.72%
Test - Best epoch, Loss, MSE, RMSE, MAE, MAPE: 97, 0.00414, 0.00414, 0.06283, 0.04263, 10.08%
Time spent: 10.10s
- Epoch 098, ExpID 85707
Train - Loss (one batch): 0.00326
Val - Loss, MSE, RMSE, MAE, MAPE: 0.00461, 0.00461, 0.06648, 0.04677, 215819.82%
Test - Best epoch, Loss, MSE, RMSE, MAE, MAPE: 97, 0.00414, 0.00414, 0.06283, 0.04263, 10.08%
Time spent: 8.75s
- Epoch 099, ExpID 85707
Train - Loss (one batch): 0.00299
Val - Loss, MSE, RMSE, MAE, MAPE: 0.00445, 0.00445, 0.06508, 0.04374, 210968.30%
Test - Best epoch, Loss, MSE, RMSE, MAE, MAPE: 97, 0.00414, 0.00414, 0.06283, 0.04263, 10.08%
Time spent: 8.72s
- Epoch 100, ExpID 85707
Train - Loss (one batch): 0.00510
Val - Loss, MSE, RMSE, MAE, MAPE: 0.00461, 0.00461, 0.06611, 0.04540, 221361.83%
Test - Best epoch, Loss, MSE, RMSE, MAE, MAPE: 97, 0.00414, 0.00414, 0.06283, 0.04263, 10.08%
Time spent: 8.70s
- Epoch 101, ExpID 85707
Train - Loss (one batch): 0.00356
Val - Loss, MSE, RMSE, MAE, MAPE: 0.00434, 0.00434, 0.06417, 0.04294, 207852.18%
Test - Best epoch, Loss, MSE, RMSE, MAE, MAPE: 97, 0.00414, 0.00414, 0.06283, 0.04263, 10.08%
Time spent: 8.62s
- Epoch 102, ExpID 85707
Train - Loss (one batch): 0.00370
Val - Loss, MSE, RMSE, MAE, MAPE: 0.00439, 0.00439, 0.06462, 0.04437, 217725.93%
Test - Best epoch, Loss, MSE, RMSE, MAE, MAPE: 97, 0.00414, 0.00414, 0.06283, 0.04263, 10.08%
Time spent: 9.01s
- Epoch 103, ExpID 85707
Train - Loss (one batch): 0.00331
Val - Loss, MSE, RMSE, MAE, MAPE: 0.00456, 0.00456, 0.06597, 0.04500, 215989.14%
Test - Best epoch, Loss, MSE, RMSE, MAE, MAPE: 97, 0.00414, 0.00414, 0.06283, 0.04263, 10.08%
Time spent: 8.90s
- Epoch 104, ExpID 85707
Train - Loss (one batch): 0.00245
Val - Loss, MSE, RMSE, MAE, MAPE: 0.00431, 0.00431, 0.06400, 0.04319, 211813.25%
Test - Best epoch, Loss, MSE, RMSE, MAE, MAPE: 104, 0.00414, 0.00414, 0.06288, 0.04243, 9.99%
Time spent: 10.23s
- Epoch 105, ExpID 85707
Train - Loss (one batch): 0.00475
Val - Loss, MSE, RMSE, MAE, MAPE: 0.00439, 0.00439, 0.06459, 0.04366, 216893.08%
Test - Best epoch, Loss, MSE, RMSE, MAE, MAPE: 104, 0.00414, 0.00414, 0.06288, 0.04243, 9.99%
Time spent: 8.61s
- Epoch 106, ExpID 85707
Train - Loss (one batch): 0.00355
Val - Loss, MSE, RMSE, MAE, MAPE: 0.00431, 0.00431, 0.06407, 0.04327, 212380.22%
Test - Best epoch, Loss, MSE, RMSE, MAE, MAPE: 104, 0.00414, 0.00414, 0.06288, 0.04243, 9.99%
Time spent: 8.82s
- Epoch 107, ExpID 85707
Train - Loss (one batch): 0.00400
Val - Loss, MSE, RMSE, MAE, MAPE: 0.00432, 0.00432, 0.06411, 0.04311, 210908.78%
Test - Best epoch, Loss, MSE, RMSE, MAE, MAPE: 104, 0.00414, 0.00414, 0.06288, 0.04243, 9.99%
Time spent: 8.66s
- Epoch 108, ExpID 85707
Train - Loss (one batch): 0.00335
Val - Loss, MSE, RMSE, MAE, MAPE: 0.00487, 0.00487, 0.06820, 0.04722, 205802.55%
Test - Best epoch, Loss, MSE, RMSE, MAE, MAPE: 104, 0.00414, 0.00414, 0.06288, 0.04243, 9.99%
Time spent: 8.67s
- Epoch 109, ExpID 85707
Train - Loss (one batch): 0.00390
Val - Loss, MSE, RMSE, MAE, MAPE: 0.00432, 0.00432, 0.06407, 0.04323, 215186.01%
Test - Best epoch, Loss, MSE, RMSE, MAE, MAPE: 104, 0.00414, 0.00414, 0.06288, 0.04243, 9.99%
Time spent: 8.67s
- Epoch 110, ExpID 85707
Train - Loss (one batch): 0.00269
Val - Loss, MSE, RMSE, MAE, MAPE: 0.00431, 0.00431, 0.06402, 0.04321, 210656.06%
Test - Best epoch, Loss, MSE, RMSE, MAE, MAPE: 110, 0.00418, 0.00418, 0.06318, 0.04280, 10.07%
Time spent: 9.96s
- Epoch 111, ExpID 85707
Train - Loss (one batch): 0.00273
Val - Loss, MSE, RMSE, MAE, MAPE: 0.00445, 0.00445, 0.06507, 0.04454, 203559.69%
Test - Best epoch, Loss, MSE, RMSE, MAE, MAPE: 110, 0.00418, 0.00418, 0.06318, 0.04280, 10.07%
Time spent: 8.79s
- Epoch 112, ExpID 85707
Train - Loss (one batch): 0.00263
Val - Loss, MSE, RMSE, MAE, MAPE: 0.00432, 0.00432, 0.06399, 0.04266, 213402.84%
Test - Best epoch, Loss, MSE, RMSE, MAE, MAPE: 110, 0.00418, 0.00418, 0.06318, 0.04280, 10.07%
Time spent: 8.78s
- Epoch 113, ExpID 85707
Train - Loss (one batch): 0.00541
Val - Loss, MSE, RMSE, MAE, MAPE: 0.00450, 0.00450, 0.06548, 0.04507, 205785.04%
Test - Best epoch, Loss, MSE, RMSE, MAE, MAPE: 110, 0.00418, 0.00418, 0.06318, 0.04280, 10.07%
Time spent: 8.72s
- Epoch 114, ExpID 85707
Train - Loss (one batch): 0.00387
Val - Loss, MSE, RMSE, MAE, MAPE: 0.00429, 0.00429, 0.06370, 0.04314, 207941.56%
Test - Best epoch, Loss, MSE, RMSE, MAE, MAPE: 114, 0.00411, 0.00411, 0.06255, 0.04213, 9.84%
Time spent: 9.96s
- Epoch 115, ExpID 85707
Train - Loss (one batch): 0.00358
Val - Loss, MSE, RMSE, MAE, MAPE: 0.00436, 0.00436, 0.06433, 0.04360, 208431.79%
Test - Best epoch, Loss, MSE, RMSE, MAE, MAPE: 114, 0.00411, 0.00411, 0.06255, 0.04213, 9.84%
Time spent: 8.60s
- Epoch 116, ExpID 85707
Train - Loss (one batch): 0.00388
Val - Loss, MSE, RMSE, MAE, MAPE: 0.00440, 0.00440, 0.06470, 0.04425, 207149.24%
Test - Best epoch, Loss, MSE, RMSE, MAE, MAPE: 114, 0.00411, 0.00411, 0.06255, 0.04213, 9.84%
Time spent: 8.84s
- Epoch 117, ExpID 85707
Train - Loss (one batch): 0.00481
Val - Loss, MSE, RMSE, MAE, MAPE: 0.00425, 0.00425, 0.06357, 0.04270, 211838.16%
Test - Best epoch, Loss, MSE, RMSE, MAE, MAPE: 117, 0.00408, 0.00408, 0.06238, 0.04209, 9.94%
Time spent: 9.77s
- Epoch 118, ExpID 85707
Train - Loss (one batch): 0.00281
Val - Loss, MSE, RMSE, MAE, MAPE: 0.00449, 0.00449, 0.06526, 0.04376, 208888.07%
Test - Best epoch, Loss, MSE, RMSE, MAE, MAPE: 117, 0.00408, 0.00408, 0.06238, 0.04209, 9.94%
Time spent: 9.11s
- Epoch 119, ExpID 85707
Train - Loss (one batch): 0.00309
Val - Loss, MSE, RMSE, MAE, MAPE: 0.00450, 0.00450, 0.06551, 0.04576, 217718.79%
Test - Best epoch, Loss, MSE, RMSE, MAE, MAPE: 117, 0.00408, 0.00408, 0.06238, 0.04209, 9.94%
Time spent: 8.62s
- Epoch 120, ExpID 85707
Train - Loss (one batch): 0.00339
Val - Loss, MSE, RMSE, MAE, MAPE: 0.00427, 0.00427, 0.06374, 0.04322, 215473.28%
Test - Best epoch, Loss, MSE, RMSE, MAE, MAPE: 117, 0.00408, 0.00408, 0.06238, 0.04209, 9.94%
Time spent: 8.72s
- Epoch 121, ExpID 85707
Train - Loss (one batch): 0.00263
Val - Loss, MSE, RMSE, MAE, MAPE: 0.00433, 0.00433, 0.06403, 0.04272, 214526.30%
Test - Best epoch, Loss, MSE, RMSE, MAE, MAPE: 117, 0.00408, 0.00408, 0.06238, 0.04209, 9.94%
Time spent: 8.69s
- Epoch 122, ExpID 85707
Train - Loss (one batch): 0.00369
Val - Loss, MSE, RMSE, MAE, MAPE: 0.00446, 0.00446, 0.06518, 0.04483, 215874.94%
Test - Best epoch, Loss, MSE, RMSE, MAE, MAPE: 117, 0.00408, 0.00408, 0.06238, 0.04209, 9.94%
Time spent: 8.73s
- Epoch 123, ExpID 85707
Train - Loss (one batch): 0.00389
Val - Loss, MSE, RMSE, MAE, MAPE: 0.00438, 0.00438, 0.06450, 0.04460, 216638.81%
Test - Best epoch, Loss, MSE, RMSE, MAE, MAPE: 117, 0.00408, 0.00408, 0.06238, 0.04209, 9.94%
Time spent: 9.14s
- Epoch 124, ExpID 85707
Train - Loss (one batch): 0.00264
Val - Loss, MSE, RMSE, MAE, MAPE: 0.00433, 0.00433, 0.06415, 0.04334, 206169.10%
Test - Best epoch, Loss, MSE, RMSE, MAE, MAPE: 117, 0.00408, 0.00408, 0.06238, 0.04209, 9.94%
Time spent: 8.72s
- Epoch 125, ExpID 85707
Train - Loss (one batch): 0.00616
Val - Loss, MSE, RMSE, MAE, MAPE: 0.00419, 0.00419, 0.06303, 0.04267, 213297.61%
Test - Best epoch, Loss, MSE, RMSE, MAE, MAPE: 125, 0.00403, 0.00403, 0.06200, 0.04216, 10.04%
Time spent: 9.77s
- Epoch 126, ExpID 85707
Train - Loss (one batch): 0.00439
Val - Loss, MSE, RMSE, MAE, MAPE: 0.00442, 0.00442, 0.06480, 0.04397, 205860.19%
Test - Best epoch, Loss, MSE, RMSE, MAE, MAPE: 125, 0.00403, 0.00403, 0.06200, 0.04216, 10.04%
Time spent: 8.55s
- Epoch 127, ExpID 85707
Train - Loss (one batch): 0.00319
Val - Loss, MSE, RMSE, MAE, MAPE: 0.00444, 0.00444, 0.06516, 0.04440, 220229.58%
Test - Best epoch, Loss, MSE, RMSE, MAE, MAPE: 125, 0.00403, 0.00403, 0.06200, 0.04216, 10.04%
Time spent: 9.05s
- Epoch 128, ExpID 85707
Train - Loss (one batch): 0.00334
Val - Loss, MSE, RMSE, MAE, MAPE: 0.00420, 0.00420, 0.06331, 0.04313, 215457.90%
Test - Best epoch, Loss, MSE, RMSE, MAE, MAPE: 125, 0.00403, 0.00403, 0.06200, 0.04216, 10.04%
Time spent: 8.55s
- Epoch 129, ExpID 85707
Train - Loss (one batch): 0.00403
Val - Loss, MSE, RMSE, MAE, MAPE: 0.00428, 0.00428, 0.06395, 0.04339, 212226.92%
Test - Best epoch, Loss, MSE, RMSE, MAE, MAPE: 125, 0.00403, 0.00403, 0.06200, 0.04216, 10.04%
Time spent: 8.70s
- Epoch 130, ExpID 85707
Train - Loss (one batch): 0.00377
Val - Loss, MSE, RMSE, MAE, MAPE: 0.00436, 0.00436, 0.06442, 0.04331, 218336.63%
Test - Best epoch, Loss, MSE, RMSE, MAE, MAPE: 125, 0.00403, 0.00403, 0.06200, 0.04216, 10.04%
Time spent: 8.83s
- Epoch 131, ExpID 85707
Train - Loss (one batch): 0.00416
Val - Loss, MSE, RMSE, MAE, MAPE: 0.00437, 0.00437, 0.06440, 0.04387, 208890.92%
Test - Best epoch, Loss, MSE, RMSE, MAE, MAPE: 125, 0.00403, 0.00403, 0.06200, 0.04216, 10.04%
Time spent: 8.58s
- Epoch 132, ExpID 85707
Train - Loss (one batch): 0.00405
Val - Loss, MSE, RMSE, MAE, MAPE: 0.00419, 0.00419, 0.06314, 0.04299, 212772.85%
Test - Best epoch, Loss, MSE, RMSE, MAE, MAPE: 125, 0.00403, 0.00403, 0.06200, 0.04216, 10.04%
Time spent: 9.13s
- Epoch 133, ExpID 85707
Train - Loss (one batch): 0.00353
Val - Loss, MSE, RMSE, MAE, MAPE: 0.00430, 0.00430, 0.06417, 0.04428, 211576.81%
Test - Best epoch, Loss, MSE, RMSE, MAE, MAPE: 125, 0.00403, 0.00403, 0.06200, 0.04216, 10.04%
Time spent: 8.69s
- Epoch 134, ExpID 85707
Train - Loss (one batch): 0.00233
Val - Loss, MSE, RMSE, MAE, MAPE: 0.00437, 0.00437, 0.06448, 0.04459, 208183.21%
Test - Best epoch, Loss, MSE, RMSE, MAE, MAPE: 125, 0.00403, 0.00403, 0.06200, 0.04216, 10.04%
Time spent: 8.70s
- Epoch 135, ExpID 85707
Train - Loss (one batch): 0.00406
Val - Loss, MSE, RMSE, MAE, MAPE: 0.00419, 0.00419, 0.06307, 0.04281, 209755.67%
Test - Best epoch, Loss, MSE, RMSE, MAE, MAPE: 135, 0.00402, 0.00402, 0.06204, 0.04223, 9.88%
Time spent: 9.72s
- Epoch 136, ExpID 85707
Train - Loss (one batch): 0.00435
Val - Loss, MSE, RMSE, MAE, MAPE: 0.00490, 0.00490, 0.06875, 0.04932, 203108.70%
Test - Best epoch, Loss, MSE, RMSE, MAE, MAPE: 135, 0.00402, 0.00402, 0.06204, 0.04223, 9.88%
Time spent: 8.93s
- Epoch 137, ExpID 85707
Train - Loss (one batch): 0.00324
Val - Loss, MSE, RMSE, MAE, MAPE: 0.00419, 0.00419, 0.06317, 0.04218, 211712.74%
Test - Best epoch, Loss, MSE, RMSE, MAE, MAPE: 135, 0.00402, 0.00402, 0.06204, 0.04223, 9.88%
Time spent: 8.67s
- Epoch 138, ExpID 85707
Train - Loss (one batch): 0.00417
Val - Loss, MSE, RMSE, MAE, MAPE: 0.00421, 0.00421, 0.06330, 0.04268, 211440.48%
Test - Best epoch, Loss, MSE, RMSE, MAE, MAPE: 135, 0.00402, 0.00402, 0.06204, 0.04223, 9.88%
Time spent: 8.70s
- Epoch 139, ExpID 85707
Train - Loss (one batch): 0.00373
Val - Loss, MSE, RMSE, MAE, MAPE: 0.00432, 0.00432, 0.06426, 0.04361, 210604.83%
Test - Best epoch, Loss, MSE, RMSE, MAE, MAPE: 135, 0.00402, 0.00402, 0.06204, 0.04223, 9.88%
Time spent: 8.58s
- Epoch 140, ExpID 85707
Train - Loss (one batch): 0.00277
Val - Loss, MSE, RMSE, MAE, MAPE: 0.00429, 0.00429, 0.06383, 0.04372, 204968.76%
Test - Best epoch, Loss, MSE, RMSE, MAE, MAPE: 135, 0.00402, 0.00402, 0.06204, 0.04223, 9.88%
Time spent: 8.78s
- Epoch 141, ExpID 85707
Train - Loss (one batch): 0.00345
Val - Loss, MSE, RMSE, MAE, MAPE: 0.00416, 0.00416, 0.06275, 0.04237, 210214.54%
Test - Best epoch, Loss, MSE, RMSE, MAE, MAPE: 141, 0.00403, 0.00403, 0.06197, 0.04219, 9.98%
Time spent: 9.81s
- Epoch 142, ExpID 85707
Train - Loss (one batch): 0.00424
Val - Loss, MSE, RMSE, MAE, MAPE: 0.00420, 0.00420, 0.06304, 0.04277, 216672.47%
Test - Best epoch, Loss, MSE, RMSE, MAE, MAPE: 141, 0.00403, 0.00403, 0.06197, 0.04219, 9.98%
Time spent: 8.76s
- Epoch 143, ExpID 85707
Train - Loss (one batch): 0.00333
Val - Loss, MSE, RMSE, MAE, MAPE: 0.00448, 0.00448, 0.06545, 0.04552, 205578.34%
Test - Best epoch, Loss, MSE, RMSE, MAE, MAPE: 141, 0.00403, 0.00403, 0.06197, 0.04219, 9.98%
Time spent: 8.77s
- Epoch 144, ExpID 85707
Train - Loss (one batch): 0.00251
Val - Loss, MSE, RMSE, MAE, MAPE: 0.00422, 0.00422, 0.06324, 0.04257, 211511.01%
Test - Best epoch, Loss, MSE, RMSE, MAE, MAPE: 141, 0.00403, 0.00403, 0.06197, 0.04219, 9.98%
Time spent: 8.61s
- Epoch 145, ExpID 85707
Train - Loss (one batch): 0.00279
Val - Loss, MSE, RMSE, MAE, MAPE: 0.00409, 0.00409, 0.06234, 0.04192, 211539.53%
Test - Best epoch, Loss, MSE, RMSE, MAE, MAPE: 145, 0.00395, 0.00395, 0.06134, 0.04144, 9.87%
Time spent: 9.75s
- Epoch 146, ExpID 85707
Train - Loss (one batch): 0.00285
Val - Loss, MSE, RMSE, MAE, MAPE: 0.00422, 0.00422, 0.06338, 0.04364, 203182.87%
Test - Best epoch, Loss, MSE, RMSE, MAE, MAPE: 145, 0.00395, 0.00395, 0.06134, 0.04144, 9.87%
Time spent: 8.50s
- Epoch 147, ExpID 85707
Train - Loss (one batch): 0.00444
Val - Loss, MSE, RMSE, MAE, MAPE: 0.00453, 0.00453, 0.06574, 0.04517, 204552.10%
Test - Best epoch, Loss, MSE, RMSE, MAE, MAPE: 145, 0.00395, 0.00395, 0.06134, 0.04144, 9.87%
Time spent: 8.73s
- Epoch 148, ExpID 85707
Train - Loss (one batch): 0.00352
Val - Loss, MSE, RMSE, MAE, MAPE: 0.00429, 0.00429, 0.06380, 0.04244, 207857.80%
Test - Best epoch, Loss, MSE, RMSE, MAE, MAPE: 145, 0.00395, 0.00395, 0.06134, 0.04144, 9.87%
Time spent: 8.91s
- Epoch 149, ExpID 85707
Train - Loss (one batch): 0.00419
Val - Loss, MSE, RMSE, MAE, MAPE: 0.00427, 0.00427, 0.06357, 0.04371, 212018.79%
Test - Best epoch, Loss, MSE, RMSE, MAE, MAPE: 145, 0.00395, 0.00395, 0.06134, 0.04144, 9.87%
Time spent: 8.73s
- Epoch 150, ExpID 85707
Train - Loss (one batch): 0.00320
Val - Loss, MSE, RMSE, MAE, MAPE: 0.00410, 0.00410, 0.06231, 0.04219, 210566.61%
Test - Best epoch, Loss, MSE, RMSE, MAE, MAPE: 145, 0.00395, 0.00395, 0.06134, 0.04144, 9.87%
Time spent: 8.74s
- Epoch 151, ExpID 85707
Train - Loss (one batch): 0.00334
Val - Loss, MSE, RMSE, MAE, MAPE: 0.00404, 0.00404, 0.06191, 0.04166, 215360.42%
Test - Best epoch, Loss, MSE, RMSE, MAE, MAPE: 151, 0.00386, 0.00386, 0.06070, 0.04120, 9.91%
Time spent: 9.79s
- Epoch 152, ExpID 85707
Train - Loss (one batch): 0.00353
Val - Loss, MSE, RMSE, MAE, MAPE: 0.00417, 0.00417, 0.06306, 0.04309, 213076.57%
Test - Best epoch, Loss, MSE, RMSE, MAE, MAPE: 151, 0.00386, 0.00386, 0.06070, 0.04120, 9.91%
Time spent: 8.88s
- Epoch 153, ExpID 85707
Train - Loss (one batch): 0.00302
Val - Loss, MSE, RMSE, MAE, MAPE: 0.00433, 0.00433, 0.06431, 0.04433, 201991.89%
Test - Best epoch, Loss, MSE, RMSE, MAE, MAPE: 151, 0.00386, 0.00386, 0.06070, 0.04120, 9.91%
Time spent: 8.95s
- Epoch 154, ExpID 85707
Train - Loss (one batch): 0.00297
Val - Loss, MSE, RMSE, MAE, MAPE: 0.00424, 0.00424, 0.06343, 0.04307, 211366.90%
Test - Best epoch, Loss, MSE, RMSE, MAE, MAPE: 151, 0.00386, 0.00386, 0.06070, 0.04120, 9.91%
Time spent: 8.87s
- Epoch 155, ExpID 85707
Train - Loss (one batch): 0.00301
Val - Loss, MSE, RMSE, MAE, MAPE: 0.00411, 0.00411, 0.06255, 0.04291, 207695.21%
Test - Best epoch, Loss, MSE, RMSE, MAE, MAPE: 151, 0.00386, 0.00386, 0.06070, 0.04120, 9.91%
Time spent: 9.09s
- Epoch 156, ExpID 85707
Train - Loss (one batch): 0.00301
Val - Loss, MSE, RMSE, MAE, MAPE: 0.00416, 0.00416, 0.06295, 0.04324, 202067.44%
Test - Best epoch, Loss, MSE, RMSE, MAE, MAPE: 151, 0.00386, 0.00386, 0.06070, 0.04120, 9.91%
Time spent: 8.47s
- Epoch 157, ExpID 85707
Train - Loss (one batch): 0.00348
Val - Loss, MSE, RMSE, MAE, MAPE: 0.00412, 0.00412, 0.06250, 0.04274, 198866.95%
Test - Best epoch, Loss, MSE, RMSE, MAE, MAPE: 151, 0.00386, 0.00386, 0.06070, 0.04120, 9.91%
Time spent: 8.77s
- Epoch 158, ExpID 85707
Train - Loss (one batch): 0.00415
Val - Loss, MSE, RMSE, MAE, MAPE: 0.00400, 0.00400, 0.06155, 0.04161, 204533.74%
Test - Best epoch, Loss, MSE, RMSE, MAE, MAPE: 158, 0.00388, 0.00388, 0.06091, 0.04127, 9.73%
Time spent: 9.79s
- Epoch 159, ExpID 85707
Train - Loss (one batch): 0.00333
Val - Loss, MSE, RMSE, MAE, MAPE: 0.00396, 0.00396, 0.06115, 0.04086, 202793.37%
Test - Best epoch, Loss, MSE, RMSE, MAE, MAPE: 159, 0.00385, 0.00385, 0.06043, 0.04031, 9.32%
Time spent: 10.20s
- Epoch 160, ExpID 85707
Train - Loss (one batch): 0.00433
Val - Loss, MSE, RMSE, MAE, MAPE: 0.00396, 0.00396, 0.06117, 0.04095, 198011.13%
Test - Best epoch, Loss, MSE, RMSE, MAE, MAPE: 160, 0.00384, 0.00384, 0.06047, 0.04040, 9.36%
Time spent: 10.12s
- Epoch 161, ExpID 85707
Train - Loss (one batch): 0.00374
Val - Loss, MSE, RMSE, MAE, MAPE: 0.00465, 0.00465, 0.06687, 0.04812, 198156.70%
Test - Best epoch, Loss, MSE, RMSE, MAE, MAPE: 160, 0.00384, 0.00384, 0.06047, 0.04040, 9.36%
Time spent: 8.86s
- Epoch 162, ExpID 85707
Train - Loss (one batch): 0.00391
Val - Loss, MSE, RMSE, MAE, MAPE: 0.00443, 0.00443, 0.06492, 0.04551, 193274.70%
Test - Best epoch, Loss, MSE, RMSE, MAE, MAPE: 160, 0.00384, 0.00384, 0.06047, 0.04040, 9.36%
Time spent: 9.04s
- Epoch 163, ExpID 85707
Train - Loss (one batch): 0.00344
Val - Loss, MSE, RMSE, MAE, MAPE: 0.00402, 0.00402, 0.06166, 0.04204, 202097.39%
Test - Best epoch, Loss, MSE, RMSE, MAE, MAPE: 160, 0.00384, 0.00384, 0.06047, 0.04040, 9.36%
Time spent: 8.87s
- Epoch 164, ExpID 85707
Train - Loss (one batch): 0.00260
Val - Loss, MSE, RMSE, MAE, MAPE: 0.00385, 0.00385, 0.06030, 0.04067, 209627.90%
Test - Best epoch, Loss, MSE, RMSE, MAE, MAPE: 164, 0.00373, 0.00373, 0.05964, 0.04041, 9.58%
Time spent: 10.08s
- Epoch 165, ExpID 85707
Train - Loss (one batch): 0.00328
Val - Loss, MSE, RMSE, MAE, MAPE: 0.00382, 0.00382, 0.06004, 0.04069, 203715.24%
Test - Best epoch, Loss, MSE, RMSE, MAE, MAPE: 165, 0.00367, 0.00367, 0.05908, 0.04005, 9.55%
Time spent: 9.92s
- Epoch 166, ExpID 85707
Train - Loss (one batch): 0.00380
Val - Loss, MSE, RMSE, MAE, MAPE: 0.00379, 0.00379, 0.05983, 0.04038, 197285.38%
Test - Best epoch, Loss, MSE, RMSE, MAE, MAPE: 166, 0.00368, 0.00368, 0.05930, 0.03996, 9.19%
Time spent: 9.77s
- Epoch 167, ExpID 85707
Train - Loss (one batch): 0.00294
Val - Loss, MSE, RMSE, MAE, MAPE: 0.00373, 0.00373, 0.05934, 0.03989, 192518.75%
Test - Best epoch, Loss, MSE, RMSE, MAE, MAPE: 167, 0.00357, 0.00357, 0.05836, 0.03903, 9.12%
Time spent: 10.17s
- Epoch 168, ExpID 85707
Train - Loss (one batch): 0.00339
Val - Loss, MSE, RMSE, MAE, MAPE: 0.00395, 0.00395, 0.06131, 0.04233, 192744.11%
Test - Best epoch, Loss, MSE, RMSE, MAE, MAPE: 167, 0.00357, 0.00357, 0.05836, 0.03903, 9.12%
Time spent: 8.81s
- Epoch 169, ExpID 85707
Train - Loss (one batch): 0.00245
Val - Loss, MSE, RMSE, MAE, MAPE: 0.00449, 0.00449, 0.06520, 0.04491, 191830.38%
Test - Best epoch, Loss, MSE, RMSE, MAE, MAPE: 167, 0.00357, 0.00357, 0.05836, 0.03903, 9.12%
Time spent: 8.89s
- Epoch 170, ExpID 85707
Train - Loss (one batch): 0.00275
Val - Loss, MSE, RMSE, MAE, MAPE: 0.00382, 0.00382, 0.06023, 0.04079, 200777.12%
Test - Best epoch, Loss, MSE, RMSE, MAE, MAPE: 167, 0.00357, 0.00357, 0.05836, 0.03903, 9.12%
Time spent: 8.60s
- Epoch 171, ExpID 85707
Train - Loss (one batch): 0.00254
Val - Loss, MSE, RMSE, MAE, MAPE: 0.00457, 0.00457, 0.06635, 0.04822, 189210.98%
Test - Best epoch, Loss, MSE, RMSE, MAE, MAPE: 167, 0.00357, 0.00357, 0.05836, 0.03903, 9.12%
Time spent: 8.90s
- Epoch 172, ExpID 85707
Train - Loss (one batch): 0.00275
Val - Loss, MSE, RMSE, MAE, MAPE: 0.00397, 0.00397, 0.06135, 0.04243, 186734.67%
Test - Best epoch, Loss, MSE, RMSE, MAE, MAPE: 167, 0.00357, 0.00357, 0.05836, 0.03903, 9.12%
Time spent: 8.88s
- Epoch 173, ExpID 85707
Train - Loss (one batch): 0.00289
Val - Loss, MSE, RMSE, MAE, MAPE: 0.00375, 0.00375, 0.05977, 0.04078, 199331.03%
Test - Best epoch, Loss, MSE, RMSE, MAE, MAPE: 167, 0.00357, 0.00357, 0.05836, 0.03903, 9.12%
Time spent: 8.75s
- Epoch 174, ExpID 85707
Train - Loss (one batch): 0.00264
Val - Loss, MSE, RMSE, MAE, MAPE: 0.00483, 0.00483, 0.06796, 0.04855, 185544.29%
Test - Best epoch, Loss, MSE, RMSE, MAE, MAPE: 167, 0.00357, 0.00357, 0.05836, 0.03903, 9.12%
Time spent: 9.17s
- Epoch 175, ExpID 85707
Train - Loss (one batch): 0.00246
Val - Loss, MSE, RMSE, MAE, MAPE: 0.00352, 0.00352, 0.05776, 0.03899, 204238.12%
Test - Best epoch, Loss, MSE, RMSE, MAE, MAPE: 175, 0.00351, 0.00351, 0.05783, 0.03919, 9.25%
Time spent: 10.05s
- Epoch 176, ExpID 85707
Train - Loss (one batch): 0.00262
Val - Loss, MSE, RMSE, MAE, MAPE: 0.00383, 0.00383, 0.06039, 0.04177, 197731.06%
Test - Best epoch, Loss, MSE, RMSE, MAE, MAPE: 175, 0.00351, 0.00351, 0.05783, 0.03919, 9.25%
Time spent: 8.89s
- Epoch 177, ExpID 85707
Train - Loss (one batch): 0.00339
Val - Loss, MSE, RMSE, MAE, MAPE: 0.00350, 0.00350, 0.05757, 0.03860, 196757.68%
Test - Best epoch, Loss, MSE, RMSE, MAE, MAPE: 177, 0.00342, 0.00342, 0.05709, 0.03823, 8.97%
Time spent: 9.90s
- Epoch 178, ExpID 85707
Train - Loss (one batch): 0.00344
Val - Loss, MSE, RMSE, MAE, MAPE: 0.00374, 0.00374, 0.05966, 0.04110, 190513.93%
Test - Best epoch, Loss, MSE, RMSE, MAE, MAPE: 177, 0.00342, 0.00342, 0.05709, 0.03823, 8.97%
Time spent: 8.97s
- Epoch 179, ExpID 85707
Train - Loss (one batch): 0.00372
Val - Loss, MSE, RMSE, MAE, MAPE: 0.00342, 0.00342, 0.05686, 0.03777, 200771.67%
Test - Best epoch, Loss, MSE, RMSE, MAE, MAPE: 179, 0.00337, 0.00337, 0.05661, 0.03760, 9.03%
Time spent: 9.88s
- Epoch 180, ExpID 85707
Train - Loss (one batch): 0.00326
Val - Loss, MSE, RMSE, MAE, MAPE: 0.00379, 0.00379, 0.06016, 0.04192, 189094.27%
Test - Best epoch, Loss, MSE, RMSE, MAE, MAPE: 179, 0.00337, 0.00337, 0.05661, 0.03760, 9.03%
Time spent: 8.78s
- Epoch 181, ExpID 85707
Train - Loss (one batch): 0.00300
Val - Loss, MSE, RMSE, MAE, MAPE: 0.00376, 0.00376, 0.05978, 0.04060, 189038.09%
Test - Best epoch, Loss, MSE, RMSE, MAE, MAPE: 179, 0.00337, 0.00337, 0.05661, 0.03760, 9.03%
Time spent: 8.72s
- Epoch 182, ExpID 85707
Train - Loss (one batch): 0.00269
Val - Loss, MSE, RMSE, MAE, MAPE: 0.00452, 0.00452, 0.06592, 0.04719, 180281.13%
Test - Best epoch, Loss, MSE, RMSE, MAE, MAPE: 179, 0.00337, 0.00337, 0.05661, 0.03760, 9.03%
Time spent: 8.69s
- Epoch 183, ExpID 85707
Train - Loss (one batch): 0.00341
Val - Loss, MSE, RMSE, MAE, MAPE: 0.00375, 0.00375, 0.05968, 0.04076, 179382.92%
Test - Best epoch, Loss, MSE, RMSE, MAE, MAPE: 179, 0.00337, 0.00337, 0.05661, 0.03760, 9.03%
Time spent: 8.80s
- Epoch 184, ExpID 85707
Train - Loss (one batch): 0.00435
Val - Loss, MSE, RMSE, MAE, MAPE: 0.00340, 0.00340, 0.05673, 0.03755, 197815.15%
Test - Best epoch, Loss, MSE, RMSE, MAE, MAPE: 184, 0.00335, 0.00335, 0.05650, 0.03748, 8.70%
Time spent: 10.26s
- Epoch 185, ExpID 85707
Train - Loss (one batch): 0.00321
Val - Loss, MSE, RMSE, MAE, MAPE: 0.00382, 0.00382, 0.06057, 0.04281, 188538.29%
Test - Best epoch, Loss, MSE, RMSE, MAE, MAPE: 184, 0.00335, 0.00335, 0.05650, 0.03748, 8.70%
Time spent: 8.75s
- Epoch 186, ExpID 85707
Train - Loss (one batch): 0.00294
Val - Loss, MSE, RMSE, MAE, MAPE: 0.00345, 0.00345, 0.05719, 0.03803, 194875.34%
Test - Best epoch, Loss, MSE, RMSE, MAE, MAPE: 184, 0.00335, 0.00335, 0.05650, 0.03748, 8.70%
Time spent: 8.62s
- Epoch 187, ExpID 85707
Train - Loss (one batch): 0.00302
Val - Loss, MSE, RMSE, MAE, MAPE: 0.00413, 0.00413, 0.06278, 0.04344, 180522.64%
Test - Best epoch, Loss, MSE, RMSE, MAE, MAPE: 184, 0.00335, 0.00335, 0.05650, 0.03748, 8.70%
Time spent: 9.01s
- Epoch 188, ExpID 85707
Train - Loss (one batch): 0.00252
Val - Loss, MSE, RMSE, MAE, MAPE: 0.00389, 0.00389, 0.06094, 0.04208, 186362.65%
Test - Best epoch, Loss, MSE, RMSE, MAE, MAPE: 184, 0.00335, 0.00335, 0.05650, 0.03748, 8.70%
Time spent: 8.83s
- Epoch 189, ExpID 85707
Train - Loss (one batch): 0.00398
Val - Loss, MSE, RMSE, MAE, MAPE: 0.00339, 0.00339, 0.05669, 0.03760, 200284.58%
Test - Best epoch, Loss, MSE, RMSE, MAE, MAPE: 189, 0.00341, 0.00341, 0.05690, 0.03806, 8.83%
Time spent: 10.03s
- Epoch 190, ExpID 85707
Train - Loss (one batch): 0.00278
Val - Loss, MSE, RMSE, MAE, MAPE: 0.00357, 0.00357, 0.05837, 0.03995, 213162.43%
Test - Best epoch, Loss, MSE, RMSE, MAE, MAPE: 189, 0.00341, 0.00341, 0.05690, 0.03806, 8.83%
Time spent: 8.66s
- Epoch 191, ExpID 85707
Train - Loss (one batch): 0.00208
Val - Loss, MSE, RMSE, MAE, MAPE: 0.00347, 0.00347, 0.05733, 0.03835, 199079.70%
Test - Best epoch, Loss, MSE, RMSE, MAE, MAPE: 189, 0.00341, 0.00341, 0.05690, 0.03806, 8.83%
Time spent: 8.76s
- Epoch 192, ExpID 85707
Train - Loss (one batch): 0.00240
Val - Loss, MSE, RMSE, MAE, MAPE: 0.00335, 0.00335, 0.05627, 0.03734, 211104.91%
Test - Best epoch, Loss, MSE, RMSE, MAE, MAPE: 192, 0.00327, 0.00327, 0.05571, 0.03704, 9.01%
Time spent: 10.10s
- Epoch 193, ExpID 85707
Train - Loss (one batch): 0.00234
Val - Loss, MSE, RMSE, MAE, MAPE: 0.00341, 0.00341, 0.05689, 0.03783, 189327.31%
Test - Best epoch, Loss, MSE, RMSE, MAE, MAPE: 192, 0.00327, 0.00327, 0.05571, 0.03704, 9.01%
Time spent: 8.79s
- Epoch 194, ExpID 85707
Train - Loss (one batch): 0.00374
Val - Loss, MSE, RMSE, MAE, MAPE: 0.00329, 0.00329, 0.05584, 0.03694, 202412.41%
Test - Best epoch, Loss, MSE, RMSE, MAE, MAPE: 194, 0.00324, 0.00324, 0.05557, 0.03686, 8.69%
Time spent: 10.28s
- Epoch 195, ExpID 85707
Train - Loss (one batch): 0.00372
Val - Loss, MSE, RMSE, MAE, MAPE: 0.00334, 0.00334, 0.05614, 0.03671, 199308.26%
Test - Best epoch, Loss, MSE, RMSE, MAE, MAPE: 194, 0.00324, 0.00324, 0.05557, 0.03686, 8.69%
Time spent: 9.02s
- Epoch 196, ExpID 85707
Train - Loss (one batch): 0.00202
Val - Loss, MSE, RMSE, MAE, MAPE: 0.00387, 0.00387, 0.06087, 0.04216, 184101.01%
Test - Best epoch, Loss, MSE, RMSE, MAE, MAPE: 194, 0.00324, 0.00324, 0.05557, 0.03686, 8.69%
Time spent: 8.73s
- Epoch 197, ExpID 85707
Train - Loss (one batch): 0.00248
Val - Loss, MSE, RMSE, MAE, MAPE: 0.00366, 0.00366, 0.05925, 0.04089, 194606.49%
Test - Best epoch, Loss, MSE, RMSE, MAE, MAPE: 194, 0.00324, 0.00324, 0.05557, 0.03686, 8.69%
Time spent: 8.78s
- Epoch 198, ExpID 85707
Train - Loss (one batch): 0.00258
Val - Loss, MSE, RMSE, MAE, MAPE: 0.00362, 0.00362, 0.05867, 0.03975, 196606.14%
Test - Best epoch, Loss, MSE, RMSE, MAE, MAPE: 194, 0.00324, 0.00324, 0.05557, 0.03686, 8.69%
Time spent: 8.78s
- Epoch 199, ExpID 85707
Train - Loss (one batch): 0.00202
Val - Loss, MSE, RMSE, MAE, MAPE: 0.00342, 0.00342, 0.05697, 0.03805, 199505.32%
Test - Best epoch, Loss, MSE, RMSE, MAE, MAPE: 194, 0.00324, 0.00324, 0.05557, 0.03686, 8.69%
Time spent: 8.91s
- Epoch 200, ExpID 85707
Train - Loss (one batch): 0.00332
Val - Loss, MSE, RMSE, MAE, MAPE: 0.00341, 0.00341, 0.05678, 0.03780, 196622.59%
Test - Best epoch, Loss, MSE, RMSE, MAE, MAPE: 194, 0.00324, 0.00324, 0.05557, 0.03686, 8.69%
Time spent: 8.95s
- Epoch 201, ExpID 85707
Train - Loss (one batch): 0.00351
Val - Loss, MSE, RMSE, MAE, MAPE: 0.00358, 0.00358, 0.05840, 0.03907, 195635.96%
Test - Best epoch, Loss, MSE, RMSE, MAE, MAPE: 194, 0.00324, 0.00324, 0.05557, 0.03686, 8.69%
Time spent: 8.67s
- Epoch 202, ExpID 85707
Train - Loss (one batch): 0.00216
Val - Loss, MSE, RMSE, MAE, MAPE: 0.00328, 0.00328, 0.05567, 0.03678, 197128.79%
Test - Best epoch, Loss, MSE, RMSE, MAE, MAPE: 202, 0.00326, 0.00326, 0.05569, 0.03675, 8.57%
Time spent: 10.33s
- Epoch 203, ExpID 85707
Train - Loss (one batch): 0.00352
Val - Loss, MSE, RMSE, MAE, MAPE: 0.00364, 0.00364, 0.05905, 0.04015, 199519.70%
Test - Best epoch, Loss, MSE, RMSE, MAE, MAPE: 202, 0.00326, 0.00326, 0.05569, 0.03675, 8.57%
Time spent: 8.59s
- Epoch 204, ExpID 85707
Train - Loss (one batch): 0.00244
Val - Loss, MSE, RMSE, MAE, MAPE: 0.00332, 0.00332, 0.05615, 0.03730, 197937.71%
Test - Best epoch, Loss, MSE, RMSE, MAE, MAPE: 202, 0.00326, 0.00326, 0.05569, 0.03675, 8.57%
Time spent: 8.62s
- Epoch 205, ExpID 85707
Train - Loss (one batch): 0.00266
Val - Loss, MSE, RMSE, MAE, MAPE: 0.00331, 0.00331, 0.05602, 0.03666, 197440.75%
Test - Best epoch, Loss, MSE, RMSE, MAE, MAPE: 202, 0.00326, 0.00326, 0.05569, 0.03675, 8.57%
Time spent: 8.70s
- Epoch 206, ExpID 85707
Train - Loss (one batch): 0.00280
Val - Loss, MSE, RMSE, MAE, MAPE: 0.00432, 0.00432, 0.06453, 0.04585, 189620.42%
Test - Best epoch, Loss, MSE, RMSE, MAE, MAPE: 202, 0.00326, 0.00326, 0.05569, 0.03675, 8.57%
Time spent: 8.88s
- Epoch 207, ExpID 85707
Train - Loss (one batch): 0.00261
Val - Loss, MSE, RMSE, MAE, MAPE: 0.00365, 0.00365, 0.05906, 0.04067, 190815.24%
Test - Best epoch, Loss, MSE, RMSE, MAE, MAPE: 202, 0.00326, 0.00326, 0.05569, 0.03675, 8.57%
Time spent: 8.62s
- Epoch 208, ExpID 85707
Train - Loss (one batch): 0.00239
Val - Loss, MSE, RMSE, MAE, MAPE: 0.00337, 0.00337, 0.05659, 0.03718, 196201.10%
Test - Best epoch, Loss, MSE, RMSE, MAE, MAPE: 202, 0.00326, 0.00326, 0.05569, 0.03675, 8.57%
Time spent: 8.77s
- Epoch 209, ExpID 85707
Train - Loss (one batch): 0.00292
Val - Loss, MSE, RMSE, MAE, MAPE: 0.00382, 0.00382, 0.06064, 0.04231, 193637.28%
Test - Best epoch, Loss, MSE, RMSE, MAE, MAPE: 202, 0.00326, 0.00326, 0.05569, 0.03675, 8.57%
Time spent: 8.85s
- Epoch 210, ExpID 85707
Train - Loss (one batch): 0.00340
Val - Loss, MSE, RMSE, MAE, MAPE: 0.00358, 0.00358, 0.05855, 0.03991, 193771.48%
Test - Best epoch, Loss, MSE, RMSE, MAE, MAPE: 202, 0.00326, 0.00326, 0.05569, 0.03675, 8.57%
Time spent: 9.01s
- Epoch 211, ExpID 85707
Train - Loss (one batch): 0.00309
Val - Loss, MSE, RMSE, MAE, MAPE: 0.00345, 0.00345, 0.05731, 0.03900, 193205.26%
Test - Best epoch, Loss, MSE, RMSE, MAE, MAPE: 202, 0.00326, 0.00326, 0.05569, 0.03675, 8.57%
Time spent: 8.60s
- Epoch 212, ExpID 85707
Train - Loss (one batch): 0.00278
Val - Loss, MSE, RMSE, MAE, MAPE: 0.00332, 0.00332, 0.05611, 0.03701, 198937.31%
Test - Best epoch, Loss, MSE, RMSE, MAE, MAPE: 202, 0.00326, 0.00326, 0.05569, 0.03675, 8.57%
Time spent: 8.57s
- Epoch 213, ExpID 85707
Train - Loss (one batch): 0.00278
Val - Loss, MSE, RMSE, MAE, MAPE: 0.00330, 0.00330, 0.05599, 0.03675, 200343.78%
Test - Best epoch, Loss, MSE, RMSE, MAE, MAPE: 202, 0.00326, 0.00326, 0.05569, 0.03675, 8.57%
Time spent: 8.98s
- Epoch 214, ExpID 85707
Train - Loss (one batch): 0.00254
Val - Loss, MSE, RMSE, MAE, MAPE: 0.00328, 0.00328, 0.05567, 0.03690, 206075.68%
Test - Best epoch, Loss, MSE, RMSE, MAE, MAPE: 202, 0.00326, 0.00326, 0.05569, 0.03675, 8.57%
Time spent: 8.94s
- Epoch 215, ExpID 85707
Train - Loss (one batch): 0.00240
Val - Loss, MSE, RMSE, MAE, MAPE: 0.00344, 0.00344, 0.05722, 0.03829, 186876.18%
Test - Best epoch, Loss, MSE, RMSE, MAE, MAPE: 202, 0.00326, 0.00326, 0.05569, 0.03675, 8.57%
Time spent: 8.63s
- Epoch 216, ExpID 85707
Train - Loss (one batch): 0.00151
Val - Loss, MSE, RMSE, MAE, MAPE: 0.00344, 0.00344, 0.05728, 0.03830, 195428.95%
Test - Best epoch, Loss, MSE, RMSE, MAE, MAPE: 202, 0.00326, 0.00326, 0.05569, 0.03675, 8.57%
Time spent: 8.89s
- Epoch 217, ExpID 85707
Train - Loss (one batch): 0.00312
Val - Loss, MSE, RMSE, MAE, MAPE: 0.00359, 0.00359, 0.05854, 0.03935, 194524.08%
Test - Best epoch, Loss, MSE, RMSE, MAE, MAPE: 202, 0.00326, 0.00326, 0.05569, 0.03675, 8.57%
Time spent: 8.94s
- Epoch 218, ExpID 85707
Train - Loss (one batch): 0.00225
Val - Loss, MSE, RMSE, MAE, MAPE: 0.00367, 0.00367, 0.05928, 0.04072, 199606.64%
Test - Best epoch, Loss, MSE, RMSE, MAE, MAPE: 202, 0.00326, 0.00326, 0.05569, 0.03675, 8.57%
Time spent: 8.61s
- Epoch 219, ExpID 85707
Train - Loss (one batch): 0.00390
Val - Loss, MSE, RMSE, MAE, MAPE: 0.00335, 0.00335, 0.05638, 0.03757, 210883.02%
Test - Best epoch, Loss, MSE, RMSE, MAE, MAPE: 202, 0.00326, 0.00326, 0.05569, 0.03675, 8.57%
Time spent: 8.59s
- Epoch 220, ExpID 85707
Train - Loss (one batch): 0.00310
Val - Loss, MSE, RMSE, MAE, MAPE: 0.00345, 0.00345, 0.05738, 0.03841, 201235.19%
Test - Best epoch, Loss, MSE, RMSE, MAE, MAPE: 202, 0.00326, 0.00326, 0.05569, 0.03675, 8.57%
Time spent: 8.59s
- Epoch 221, ExpID 85707
Train - Loss (one batch): 0.00452
Val - Loss, MSE, RMSE, MAE, MAPE: 0.00423, 0.00423, 0.06398, 0.04572, 187318.95%
Test - Best epoch, Loss, MSE, RMSE, MAE, MAPE: 202, 0.00326, 0.00326, 0.05569, 0.03675, 8.57%
Time spent: 8.73s
- Epoch 222, ExpID 85707
Train - Loss (one batch): 0.00272
Val - Loss, MSE, RMSE, MAE, MAPE: 0.00415, 0.00415, 0.06317, 0.04460, 184839.37%
Test - Best epoch, Loss, MSE, RMSE, MAE, MAPE: 202, 0.00326, 0.00326, 0.05569, 0.03675, 8.57%
Time spent: 8.61s
/home/ouass/Test/MSP-IMTS/tPatchGNN/run_models.py
2025-11-22 02:23:48
run_models.py --dataset activity --state def --history 4000 --patience 20 --batch_size 32 --lr 1e-3 --nhead 1 --tf_layer 1 --nlayer 1 --te_dim 10 --node_dim 10 --hid_dim 32 --outlayer Linear --multi_scales 200,1200 --multi_strides 200,1200 --seed 5 --gpu 0 --fusion concat
Namespace(multi_scales='200,1200', multi_strides='200,1200', fusion='concat', state='def', n=100000000, hop=1, nhead=1, tf_layer=1, nlayer=1, epoch=1000, patience=20, history=4000, patch_size=24, stride=24, logmode='a', lr=0.001, w_decay=0.0, batch_size=32, save='experiments/', load=None, seed=5, dataset='activity', quantization=0.0, model='tPatchGNN', outlayer='Linear', hid_dim=32, te_dim=10, node_dim=10, gpu='0', npatch=167, device=device(type='cuda'), PID=1650716, pred_window=1000, ndim=12)
- Epoch 000, ExpID 69898
Train - Loss (one batch): 0.00522
Val - Loss, MSE, RMSE, MAE, MAPE: 0.00700, 0.00700, 0.08150, 0.05984, 246510.44%
Test - Best epoch, Loss, MSE, RMSE, MAE, MAPE: 0, 0.00626, 0.00626, 0.07702, 0.05585, 13.85%
Time spent: 11.18s
- Epoch 001, ExpID 69898
Train - Loss (one batch): 0.00478
Val - Loss, MSE, RMSE, MAE, MAPE: 0.00553, 0.00553, 0.07286, 0.04941, 231532.05%
Test - Best epoch, Loss, MSE, RMSE, MAE, MAPE: 1, 0.00528, 0.00528, 0.07106, 0.04807, 11.47%
Time spent: 9.87s
- Epoch 002, ExpID 69898
Train - Loss (one batch): 0.00462
Val - Loss, MSE, RMSE, MAE, MAPE: 0.00619, 0.00619, 0.07744, 0.05625, 237579.26%
Test - Best epoch, Loss, MSE, RMSE, MAE, MAPE: 1, 0.00528, 0.00528, 0.07106, 0.04807, 11.47%
Time spent: 8.83s
- Epoch 003, ExpID 69898
Train - Loss (one batch): 0.00587
Val - Loss, MSE, RMSE, MAE, MAPE: 0.00747, 0.00747, 0.08529, 0.06605, 248171.07%
Test - Best epoch, Loss, MSE, RMSE, MAE, MAPE: 1, 0.00528, 0.00528, 0.07106, 0.04807, 11.47%
Time spent: 8.78s
- Epoch 004, ExpID 69898
Train - Loss (one batch): 0.00494
Val - Loss, MSE, RMSE, MAE, MAPE: 0.00539, 0.00539, 0.07193, 0.04995, 213219.87%
Test - Best epoch, Loss, MSE, RMSE, MAE, MAPE: 4, 0.00519, 0.00519, 0.07057, 0.04934, 11.12%
Time spent: 10.05s
- Epoch 005, ExpID 69898
Train - Loss (one batch): 0.00464
Val - Loss, MSE, RMSE, MAE, MAPE: 0.00555, 0.00555, 0.07292, 0.05129, 228871.01%
Test - Best epoch, Loss, MSE, RMSE, MAE, MAPE: 4, 0.00519, 0.00519, 0.07057, 0.04934, 11.12%
Time spent: 8.81s
- Epoch 006, ExpID 69898
Train - Loss (one batch): 0.00289
Val - Loss, MSE, RMSE, MAE, MAPE: 0.00518, 0.00518, 0.07037, 0.04688, 214542.46%
Test - Best epoch, Loss, MSE, RMSE, MAE, MAPE: 6, 0.00491, 0.00491, 0.06843, 0.04584, 10.93%
Time spent: 10.18s
- Epoch 007, ExpID 69898
Train - Loss (one batch): 0.00412
Val - Loss, MSE, RMSE, MAE, MAPE: 0.00514, 0.00514, 0.07012, 0.04690, 217855.26%
Test - Best epoch, Loss, MSE, RMSE, MAE, MAPE: 7, 0.00487, 0.00487, 0.06820, 0.04595, 11.03%
Time spent: 10.02s
- Epoch 008, ExpID 69898
Train - Loss (one batch): 0.00523
Val - Loss, MSE, RMSE, MAE, MAPE: 0.00516, 0.00516, 0.07025, 0.04741, 217346.30%
Test - Best epoch, Loss, MSE, RMSE, MAE, MAPE: 7, 0.00487, 0.00487, 0.06820, 0.04595, 11.03%
Time spent: 8.76s
- Epoch 009, ExpID 69898
Train - Loss (one batch): 0.00489
Val - Loss, MSE, RMSE, MAE, MAPE: 0.00552, 0.00552, 0.07287, 0.05161, 230574.59%
Test - Best epoch, Loss, MSE, RMSE, MAE, MAPE: 7, 0.00487, 0.00487, 0.06820, 0.04595, 11.03%
Time spent: 8.77s
- Epoch 010, ExpID 69898
Train - Loss (one batch): 0.00481
Val - Loss, MSE, RMSE, MAE, MAPE: 0.00500, 0.00500, 0.06907, 0.04624, 213094.58%
Test - Best epoch, Loss, MSE, RMSE, MAE, MAPE: 10, 0.00472, 0.00472, 0.06712, 0.04519, 10.81%
Time spent: 10.06s
- Epoch 011, ExpID 69898
Train - Loss (one batch): 0.00414
Val - Loss, MSE, RMSE, MAE, MAPE: 0.00515, 0.00515, 0.07019, 0.04845, 220169.94%
Test - Best epoch, Loss, MSE, RMSE, MAE, MAPE: 10, 0.00472, 0.00472, 0.06712, 0.04519, 10.81%
Time spent: 8.37s
- Epoch 012, ExpID 69898
Train - Loss (one batch): 0.00477
Val - Loss, MSE, RMSE, MAE, MAPE: 0.00578, 0.00578, 0.07475, 0.05439, 228216.64%
Test - Best epoch, Loss, MSE, RMSE, MAE, MAPE: 10, 0.00472, 0.00472, 0.06712, 0.04519, 10.81%
Time spent: 8.53s
- Epoch 013, ExpID 69898
Train - Loss (one batch): 0.00493
Val - Loss, MSE, RMSE, MAE, MAPE: 0.00534, 0.00534, 0.07157, 0.05020, 222667.50%
Test - Best epoch, Loss, MSE, RMSE, MAE, MAPE: 10, 0.00472, 0.00472, 0.06712, 0.04519, 10.81%
Time spent: 8.55s
- Epoch 014, ExpID 69898
Train - Loss (one batch): 0.00579
Val - Loss, MSE, RMSE, MAE, MAPE: 0.00496, 0.00496, 0.06882, 0.04595, 218765.64%
Test - Best epoch, Loss, MSE, RMSE, MAE, MAPE: 14, 0.00472, 0.00472, 0.06708, 0.04532, 10.88%
Time spent: 9.90s
- Epoch 015, ExpID 69898
Train - Loss (one batch): 0.00425
Val - Loss, MSE, RMSE, MAE, MAPE: 0.00573, 0.00573, 0.07436, 0.05401, 229956.41%
Test - Best epoch, Loss, MSE, RMSE, MAE, MAPE: 14, 0.00472, 0.00472, 0.06708, 0.04532, 10.88%
Time spent: 8.78s
- Epoch 016, ExpID 69898
Train - Loss (one batch): 0.00403
Val - Loss, MSE, RMSE, MAE, MAPE: 0.00521, 0.00521, 0.07076, 0.04910, 224482.74%
Test - Best epoch, Loss, MSE, RMSE, MAE, MAPE: 14, 0.00472, 0.00472, 0.06708, 0.04532, 10.88%
Time spent: 8.94s
- Epoch 017, ExpID 69898
Train - Loss (one batch): 0.00510
Val - Loss, MSE, RMSE, MAE, MAPE: 0.00530, 0.00530, 0.07144, 0.04973, 220167.45%
Test - Best epoch, Loss, MSE, RMSE, MAE, MAPE: 14, 0.00472, 0.00472, 0.06708, 0.04532, 10.88%
Time spent: 8.81s
- Epoch 018, ExpID 69898
Train - Loss (one batch): 0.00337
Val - Loss, MSE, RMSE, MAE, MAPE: 0.00532, 0.00532, 0.07153, 0.05017, 220558.35%
Test - Best epoch, Loss, MSE, RMSE, MAE, MAPE: 14, 0.00472, 0.00472, 0.06708, 0.04532, 10.88%
Time spent: 8.72s
- Epoch 019, ExpID 69898
Train - Loss (one batch): 0.00372
Val - Loss, MSE, RMSE, MAE, MAPE: 0.00493, 0.00493, 0.06859, 0.04594, 215587.85%
Test - Best epoch, Loss, MSE, RMSE, MAE, MAPE: 19, 0.00470, 0.00470, 0.06698, 0.04518, 10.64%
Time spent: 9.80s
- Epoch 020, ExpID 69898
Train - Loss (one batch): 0.00445
Val - Loss, MSE, RMSE, MAE, MAPE: 0.00498, 0.00498, 0.06900, 0.04647, 210851.45%
Test - Best epoch, Loss, MSE, RMSE, MAE, MAPE: 19, 0.00470, 0.00470, 0.06698, 0.04518, 10.64%
Time spent: 8.58s
- Epoch 021, ExpID 69898
Train - Loss (one batch): 0.00469
Val - Loss, MSE, RMSE, MAE, MAPE: 0.00497, 0.00497, 0.06898, 0.04685, 219196.75%
Test - Best epoch, Loss, MSE, RMSE, MAE, MAPE: 19, 0.00470, 0.00470, 0.06698, 0.04518, 10.64%
Time spent: 8.88s
- Epoch 022, ExpID 69898
Train - Loss (one batch): 0.00381
Val - Loss, MSE, RMSE, MAE, MAPE: 0.00494, 0.00494, 0.06868, 0.04636, 209236.13%
Test - Best epoch, Loss, MSE, RMSE, MAE, MAPE: 19, 0.00470, 0.00470, 0.06698, 0.04518, 10.64%
Time spent: 8.80s
- Epoch 023, ExpID 69898
Train - Loss (one batch): 0.00288
Val - Loss, MSE, RMSE, MAE, MAPE: 0.00499, 0.00499, 0.06912, 0.04717, 222176.19%
Test - Best epoch, Loss, MSE, RMSE, MAE, MAPE: 19, 0.00470, 0.00470, 0.06698, 0.04518, 10.64%
Time spent: 9.02s
- Epoch 024, ExpID 69898
Train - Loss (one batch): 0.00535
Val - Loss, MSE, RMSE, MAE, MAPE: 0.00503, 0.00503, 0.06950, 0.04773, 217629.29%
Test - Best epoch, Loss, MSE, RMSE, MAE, MAPE: 19, 0.00470, 0.00470, 0.06698, 0.04518, 10.64%
Time spent: 8.85s
- Epoch 025, ExpID 69898
Train - Loss (one batch): 0.00447
Val - Loss, MSE, RMSE, MAE, MAPE: 0.00528, 0.00528, 0.07132, 0.04995, 224685.11%
Test - Best epoch, Loss, MSE, RMSE, MAE, MAPE: 19, 0.00470, 0.00470, 0.06698, 0.04518, 10.64%
Time spent: 8.66s
- Epoch 026, ExpID 69898
Train - Loss (one batch): 0.00522
Val - Loss, MSE, RMSE, MAE, MAPE: 0.00537, 0.00537, 0.07197, 0.05106, 226931.88%
Test - Best epoch, Loss, MSE, RMSE, MAE, MAPE: 19, 0.00470, 0.00470, 0.06698, 0.04518, 10.64%
Time spent: 8.80s
- Epoch 027, ExpID 69898
Train - Loss (one batch): 0.00305
Val - Loss, MSE, RMSE, MAE, MAPE: 0.00570, 0.00570, 0.07432, 0.05428, 227108.95%
Test - Best epoch, Loss, MSE, RMSE, MAE, MAPE: 19, 0.00470, 0.00470, 0.06698, 0.04518, 10.64%
Time spent: 8.91s
- Epoch 028, ExpID 69898
Train - Loss (one batch): 0.00548
Val - Loss, MSE, RMSE, MAE, MAPE: 0.00486, 0.00486, 0.06814, 0.04629, 213459.51%
Test - Best epoch, Loss, MSE, RMSE, MAE, MAPE: 28, 0.00467, 0.00467, 0.06679, 0.04604, 10.98%
Time spent: 9.94s
- Epoch 029, ExpID 69898
Train - Loss (one batch): 0.00513
Val - Loss, MSE, RMSE, MAE, MAPE: 0.00511, 0.00511, 0.07002, 0.04886, 223533.04%
Test - Best epoch, Loss, MSE, RMSE, MAE, MAPE: 28, 0.00467, 0.00467, 0.06679, 0.04604, 10.98%
Time spent: 8.87s
- Epoch 030, ExpID 69898
Train - Loss (one batch): 0.00471
Val - Loss, MSE, RMSE, MAE, MAPE: 0.00498, 0.00498, 0.06915, 0.04706, 213755.66%
Test - Best epoch, Loss, MSE, RMSE, MAE, MAPE: 28, 0.00467, 0.00467, 0.06679, 0.04604, 10.98%
Time spent: 8.71s
- Epoch 031, ExpID 69898
Train - Loss (one batch): 0.00289
Val - Loss, MSE, RMSE, MAE, MAPE: 0.00494, 0.00494, 0.06882, 0.04763, 225457.75%
Test - Best epoch, Loss, MSE, RMSE, MAE, MAPE: 28, 0.00467, 0.00467, 0.06679, 0.04604, 10.98%
Time spent: 8.90s
- Epoch 032, ExpID 69898
Train - Loss (one batch): 0.00518
Val - Loss, MSE, RMSE, MAE, MAPE: 0.00496, 0.00496, 0.06900, 0.04740, 215746.80%
Test - Best epoch, Loss, MSE, RMSE, MAE, MAPE: 28, 0.00467, 0.00467, 0.06679, 0.04604, 10.98%
Time spent: 8.94s
- Epoch 033, ExpID 69898
Train - Loss (one batch): 0.00456
Val - Loss, MSE, RMSE, MAE, MAPE: 0.00502, 0.00502, 0.06945, 0.04818, 224687.77%
Test - Best epoch, Loss, MSE, RMSE, MAE, MAPE: 28, 0.00467, 0.00467, 0.06679, 0.04604, 10.98%
Time spent: 8.72s
- Epoch 034, ExpID 69898
Train - Loss (one batch): 0.00465
Val - Loss, MSE, RMSE, MAE, MAPE: 0.00519, 0.00519, 0.07072, 0.04959, 223328.48%
Test - Best epoch, Loss, MSE, RMSE, MAE, MAPE: 28, 0.00467, 0.00467, 0.06679, 0.04604, 10.98%
Time spent: 8.55s
- Epoch 035, ExpID 69898
Train - Loss (one batch): 0.00458
Val - Loss, MSE, RMSE, MAE, MAPE: 0.00508, 0.00508, 0.06968, 0.04807, 201132.50%
Test - Best epoch, Loss, MSE, RMSE, MAE, MAPE: 28, 0.00467, 0.00467, 0.06679, 0.04604, 10.98%
Time spent: 8.59s
- Epoch 036, ExpID 69898
Train - Loss (one batch): 0.00376
Val - Loss, MSE, RMSE, MAE, MAPE: 0.00506, 0.00506, 0.06979, 0.04886, 220364.25%
Test - Best epoch, Loss, MSE, RMSE, MAE, MAPE: 28, 0.00467, 0.00467, 0.06679, 0.04604, 10.98%
Time spent: 8.68s
- Epoch 037, ExpID 69898
Train - Loss (one batch): 0.00411
Val - Loss, MSE, RMSE, MAE, MAPE: 0.00480, 0.00480, 0.06774, 0.04556, 217029.53%
Test - Best epoch, Loss, MSE, RMSE, MAE, MAPE: 37, 0.00460, 0.00460, 0.06634, 0.04502, 10.62%
Time spent: 10.05s
- Epoch 038, ExpID 69898
Train - Loss (one batch): 0.00428
Val - Loss, MSE, RMSE, MAE, MAPE: 0.00493, 0.00493, 0.06870, 0.04717, 219581.01%
Test - Best epoch, Loss, MSE, RMSE, MAE, MAPE: 37, 0.00460, 0.00460, 0.06634, 0.04502, 10.62%
Time spent: 8.92s
- Epoch 039, ExpID 69898
Train - Loss (one batch): 0.00372
Val - Loss, MSE, RMSE, MAE, MAPE: 0.00499, 0.00499, 0.06911, 0.04788, 208830.14%
Test - Best epoch, Loss, MSE, RMSE, MAE, MAPE: 37, 0.00460, 0.00460, 0.06634, 0.04502, 10.62%
Time spent: 8.79s
- Epoch 040, ExpID 69898
Train - Loss (one batch): 0.00322
Val - Loss, MSE, RMSE, MAE, MAPE: 0.00487, 0.00487, 0.06825, 0.04633, 205728.54%
Test - Best epoch, Loss, MSE, RMSE, MAE, MAPE: 37, 0.00460, 0.00460, 0.06634, 0.04502, 10.62%
Time spent: 8.85s
- Epoch 041, ExpID 69898
Train - Loss (one batch): 0.00430
Val - Loss, MSE, RMSE, MAE, MAPE: 0.00481, 0.00481, 0.06781, 0.04592, 217106.69%
Test - Best epoch, Loss, MSE, RMSE, MAE, MAPE: 37, 0.00460, 0.00460, 0.06634, 0.04502, 10.62%
Time spent: 8.82s
- Epoch 042, ExpID 69898
Train - Loss (one batch): 0.00554
Val - Loss, MSE, RMSE, MAE, MAPE: 0.00470, 0.00470, 0.06700, 0.04521, 217627.31%
Test - Best epoch, Loss, MSE, RMSE, MAE, MAPE: 42, 0.00453, 0.00453, 0.06575, 0.04490, 10.74%
Time spent: 9.70s
- Epoch 043, ExpID 69898
Train - Loss (one batch): 0.00360
Val - Loss, MSE, RMSE, MAE, MAPE: 0.00475, 0.00475, 0.06735, 0.04544, 211884.41%
Test - Best epoch, Loss, MSE, RMSE, MAE, MAPE: 42, 0.00453, 0.00453, 0.06575, 0.04490, 10.74%
Time spent: 8.95s
- Epoch 044, ExpID 69898
Train - Loss (one batch): 0.00380
Val - Loss, MSE, RMSE, MAE, MAPE: 0.00494, 0.00494, 0.06883, 0.04786, 225576.72%
Test - Best epoch, Loss, MSE, RMSE, MAE, MAPE: 42, 0.00453, 0.00453, 0.06575, 0.04490, 10.74%
Time spent: 8.66s
- Epoch 045, ExpID 69898
Train - Loss (one batch): 0.00489
Val - Loss, MSE, RMSE, MAE, MAPE: 0.00478, 0.00478, 0.06764, 0.04606, 207315.66%
Test - Best epoch, Loss, MSE, RMSE, MAE, MAPE: 42, 0.00453, 0.00453, 0.06575, 0.04490, 10.74%
Time spent: 8.74s
- Epoch 046, ExpID 69898
Train - Loss (one batch): 0.00519
Val - Loss, MSE, RMSE, MAE, MAPE: 0.00485, 0.00485, 0.06822, 0.04714, 220123.81%
Test - Best epoch, Loss, MSE, RMSE, MAE, MAPE: 42, 0.00453, 0.00453, 0.06575, 0.04490, 10.74%
Time spent: 8.80s
- Epoch 047, ExpID 69898
Train - Loss (one batch): 0.00321
Val - Loss, MSE, RMSE, MAE, MAPE: 0.00478, 0.00478, 0.06764, 0.04600, 221503.27%
Test - Best epoch, Loss, MSE, RMSE, MAE, MAPE: 42, 0.00453, 0.00453, 0.06575, 0.04490, 10.74%
Time spent: 8.89s
- Epoch 048, ExpID 69898
Train - Loss (one batch): 0.00418
Val - Loss, MSE, RMSE, MAE, MAPE: 0.00470, 0.00470, 0.06702, 0.04554, 213248.60%
Test - Best epoch, Loss, MSE, RMSE, MAE, MAPE: 42, 0.00453, 0.00453, 0.06575, 0.04490, 10.74%
Time spent: 8.62s
- Epoch 049, ExpID 69898
Train - Loss (one batch): 0.00349
Val - Loss, MSE, RMSE, MAE, MAPE: 0.00477, 0.00477, 0.06761, 0.04627, 220237.49%
Test - Best epoch, Loss, MSE, RMSE, MAE, MAPE: 42, 0.00453, 0.00453, 0.06575, 0.04490, 10.74%
Time spent: 8.96s
- Epoch 050, ExpID 69898
Train - Loss (one batch): 0.00555
Val - Loss, MSE, RMSE, MAE, MAPE: 0.00553, 0.00553, 0.07319, 0.05324, 231028.18%
Test - Best epoch, Loss, MSE, RMSE, MAE, MAPE: 42, 0.00453, 0.00453, 0.06575, 0.04490, 10.74%
Time spent: 8.87s
- Epoch 051, ExpID 69898
Train - Loss (one batch): 0.00344
Val - Loss, MSE, RMSE, MAE, MAPE: 0.00481, 0.00481, 0.06785, 0.04565, 214633.70%
Test - Best epoch, Loss, MSE, RMSE, MAE, MAPE: 42, 0.00453, 0.00453, 0.06575, 0.04490, 10.74%
Time spent: 8.95s
- Epoch 052, ExpID 69898
Train - Loss (one batch): 0.00416
Val - Loss, MSE, RMSE, MAE, MAPE: 0.00506, 0.00506, 0.06976, 0.04928, 222938.01%
Test - Best epoch, Loss, MSE, RMSE, MAE, MAPE: 42, 0.00453, 0.00453, 0.06575, 0.04490, 10.74%
Time spent: 8.92s
- Epoch 053, ExpID 69898
Train - Loss (one batch): 0.00372
Val - Loss, MSE, RMSE, MAE, MAPE: 0.00496, 0.00496, 0.06900, 0.04851, 218255.98%
Test - Best epoch, Loss, MSE, RMSE, MAE, MAPE: 42, 0.00453, 0.00453, 0.06575, 0.04490, 10.74%
Time spent: 8.83s
- Epoch 054, ExpID 69898
Train - Loss (one batch): 0.00642
Val - Loss, MSE, RMSE, MAE, MAPE: 0.00482, 0.00482, 0.06790, 0.04643, 205638.20%
Test - Best epoch, Loss, MSE, RMSE, MAE, MAPE: 42, 0.00453, 0.00453, 0.06575, 0.04490, 10.74%
Time spent: 8.54s
- Epoch 055, ExpID 69898
Train - Loss (one batch): 0.00292
Val - Loss, MSE, RMSE, MAE, MAPE: 0.00474, 0.00474, 0.06725, 0.04547, 207870.87%
Test - Best epoch, Loss, MSE, RMSE, MAE, MAPE: 42, 0.00453, 0.00453, 0.06575, 0.04490, 10.74%
Time spent: 8.82s
- Epoch 056, ExpID 69898
Train - Loss (one batch): 0.00419
Val - Loss, MSE, RMSE, MAE, MAPE: 0.00468, 0.00468, 0.06684, 0.04565, 213340.67%
Test - Best epoch, Loss, MSE, RMSE, MAE, MAPE: 56, 0.00452, 0.00452, 0.06585, 0.04554, 10.62%
Time spent: 10.18s
- Epoch 057, ExpID 69898
Train - Loss (one batch): 0.00289
Val - Loss, MSE, RMSE, MAE, MAPE: 0.00469, 0.00469, 0.06694, 0.04513, 211990.77%
Test - Best epoch, Loss, MSE, RMSE, MAE, MAPE: 56, 0.00452, 0.00452, 0.06585, 0.04554, 10.62%
Time spent: 8.71s
- Epoch 058, ExpID 69898
Train - Loss (one batch): 0.00513
Val - Loss, MSE, RMSE, MAE, MAPE: 0.00471, 0.00471, 0.06709, 0.04553, 212885.41%
Test - Best epoch, Loss, MSE, RMSE, MAE, MAPE: 56, 0.00452, 0.00452, 0.06585, 0.04554, 10.62%
Time spent: 8.75s
- Epoch 059, ExpID 69898
Train - Loss (one batch): 0.00282
Val - Loss, MSE, RMSE, MAE, MAPE: 0.00474, 0.00474, 0.06738, 0.04607, 214219.42%
Test - Best epoch, Loss, MSE, RMSE, MAE, MAPE: 56, 0.00452, 0.00452, 0.06585, 0.04554, 10.62%
Time spent: 8.61s
- Epoch 060, ExpID 69898
Train - Loss (one batch): 0.00471
Val - Loss, MSE, RMSE, MAE, MAPE: 0.00546, 0.00546, 0.07266, 0.05198, 219194.47%
Test - Best epoch, Loss, MSE, RMSE, MAE, MAPE: 56, 0.00452, 0.00452, 0.06585, 0.04554, 10.62%
Time spent: 8.81s
- Epoch 061, ExpID 69898
Train - Loss (one batch): 0.00407
Val - Loss, MSE, RMSE, MAE, MAPE: 0.00501, 0.00501, 0.06932, 0.04739, 213432.07%
Test - Best epoch, Loss, MSE, RMSE, MAE, MAPE: 56, 0.00452, 0.00452, 0.06585, 0.04554, 10.62%
Time spent: 8.66s
- Epoch 062, ExpID 69898
Train - Loss (one batch): 0.00422
Val - Loss, MSE, RMSE, MAE, MAPE: 0.00463, 0.00463, 0.06648, 0.04501, 215432.05%
Test - Best epoch, Loss, MSE, RMSE, MAE, MAPE: 62, 0.00438, 0.00438, 0.06468, 0.04427, 10.71%
Time spent: 9.71s
- Epoch 063, ExpID 69898
Train - Loss (one batch): 0.00391
Val - Loss, MSE, RMSE, MAE, MAPE: 0.00490, 0.00490, 0.06856, 0.04755, 213821.35%
Test - Best epoch, Loss, MSE, RMSE, MAE, MAPE: 62, 0.00438, 0.00438, 0.06468, 0.04427, 10.71%
Time spent: 8.76s
- Epoch 064, ExpID 69898
Train - Loss (one batch): 0.00405
Val - Loss, MSE, RMSE, MAE, MAPE: 0.00482, 0.00482, 0.06792, 0.04697, 213773.38%
Test - Best epoch, Loss, MSE, RMSE, MAE, MAPE: 62, 0.00438, 0.00438, 0.06468, 0.04427, 10.71%
Time spent: 8.63s
- Epoch 065, ExpID 69898
Train - Loss (one batch): 0.00375
Val - Loss, MSE, RMSE, MAE, MAPE: 0.00469, 0.00469, 0.06673, 0.04575, 217662.39%
Test - Best epoch, Loss, MSE, RMSE, MAE, MAPE: 62, 0.00438, 0.00438, 0.06468, 0.04427, 10.71%
Time spent: 8.74s
- Epoch 066, ExpID 69898
Train - Loss (one batch): 0.00423
Val - Loss, MSE, RMSE, MAE, MAPE: 0.00518, 0.00518, 0.07065, 0.05026, 225056.28%
Test - Best epoch, Loss, MSE, RMSE, MAE, MAPE: 62, 0.00438, 0.00438, 0.06468, 0.04427, 10.71%
Time spent: 8.43s
- Epoch 067, ExpID 69898
Train - Loss (one batch): 0.00282
Val - Loss, MSE, RMSE, MAE, MAPE: 0.00465, 0.00465, 0.06664, 0.04535, 214412.08%
Test - Best epoch, Loss, MSE, RMSE, MAE, MAPE: 62, 0.00438, 0.00438, 0.06468, 0.04427, 10.71%
Time spent: 8.68s
- Epoch 068, ExpID 69898
Train - Loss (one batch): 0.00397
Val - Loss, MSE, RMSE, MAE, MAPE: 0.00475, 0.00475, 0.06750, 0.04675, 220765.13%
Test - Best epoch, Loss, MSE, RMSE, MAE, MAPE: 62, 0.00438, 0.00438, 0.06468, 0.04427, 10.71%
Time spent: 8.92s
- Epoch 069, ExpID 69898
Train - Loss (one batch): 0.00237
Val - Loss, MSE, RMSE, MAE, MAPE: 0.00463, 0.00463, 0.06642, 0.04481, 207701.58%
Test - Best epoch, Loss, MSE, RMSE, MAE, MAPE: 62, 0.00438, 0.00438, 0.06468, 0.04427, 10.71%
Time spent: 8.67s
- Epoch 070, ExpID 69898
Train - Loss (one batch): 0.00413
Val - Loss, MSE, RMSE, MAE, MAPE: 0.00499, 0.00499, 0.06897, 0.04790, 206039.46%
Test - Best epoch, Loss, MSE, RMSE, MAE, MAPE: 62, 0.00438, 0.00438, 0.06468, 0.04427, 10.71%
Time spent: 8.75s
- Epoch 071, ExpID 69898
Train - Loss (one batch): 0.00260
Val - Loss, MSE, RMSE, MAE, MAPE: 0.00467, 0.00467, 0.06672, 0.04559, 219403.70%
Test - Best epoch, Loss, MSE, RMSE, MAE, MAPE: 62, 0.00438, 0.00438, 0.06468, 0.04427, 10.71%
Time spent: 8.58s
- Epoch 072, ExpID 69898
Train - Loss (one batch): 0.00374
Val - Loss, MSE, RMSE, MAE, MAPE: 0.00453, 0.00453, 0.06563, 0.04406, 213555.24%
Test - Best epoch, Loss, MSE, RMSE, MAE, MAPE: 72, 0.00429, 0.00429, 0.06397, 0.04337, 10.37%
Time spent: 10.22s
- Epoch 073, ExpID 69898
Train - Loss (one batch): 0.00529
Val - Loss, MSE, RMSE, MAE, MAPE: 0.00460, 0.00460, 0.06613, 0.04429, 211734.28%
Test - Best epoch, Loss, MSE, RMSE, MAE, MAPE: 72, 0.00429, 0.00429, 0.06397, 0.04337, 10.37%
Time spent: 8.92s
- Epoch 074, ExpID 69898
Train - Loss (one batch): 0.00379
Val - Loss, MSE, RMSE, MAE, MAPE: 0.00454, 0.00454, 0.06566, 0.04383, 211551.96%
Test - Best epoch, Loss, MSE, RMSE, MAE, MAPE: 72, 0.00429, 0.00429, 0.06397, 0.04337, 10.37%
Time spent: 8.64s
- Epoch 075, ExpID 69898
Train - Loss (one batch): 0.00412
Val - Loss, MSE, RMSE, MAE, MAPE: 0.00463, 0.00463, 0.06642, 0.04456, 212904.68%
Test - Best epoch, Loss, MSE, RMSE, MAE, MAPE: 72, 0.00429, 0.00429, 0.06397, 0.04337, 10.37%
Time spent: 8.96s
- Epoch 076, ExpID 69898
Train - Loss (one batch): 0.00339
Val - Loss, MSE, RMSE, MAE, MAPE: 0.00448, 0.00448, 0.06517, 0.04368, 218299.02%
Test - Best epoch, Loss, MSE, RMSE, MAE, MAPE: 76, 0.00424, 0.00424, 0.06358, 0.04328, 10.41%
Time spent: 10.02s
- Epoch 077, ExpID 69898
Train - Loss (one batch): 0.00285
Val - Loss, MSE, RMSE, MAE, MAPE: 0.00490, 0.00490, 0.06853, 0.04719, 222153.82%
Test - Best epoch, Loss, MSE, RMSE, MAE, MAPE: 76, 0.00424, 0.00424, 0.06358, 0.04328, 10.41%
Time spent: 8.89s
- Epoch 078, ExpID 69898
Train - Loss (one batch): 0.00423
Val - Loss, MSE, RMSE, MAE, MAPE: 0.00452, 0.00452, 0.06549, 0.04476, 218241.35%
Test - Best epoch, Loss, MSE, RMSE, MAE, MAPE: 76, 0.00424, 0.00424, 0.06358, 0.04328, 10.41%
Time spent: 8.66s
- Epoch 079, ExpID 69898
Train - Loss (one batch): 0.00653
Val - Loss, MSE, RMSE, MAE, MAPE: 0.00452, 0.00452, 0.06548, 0.04408, 211970.80%
Test - Best epoch, Loss, MSE, RMSE, MAE, MAPE: 76, 0.00424, 0.00424, 0.06358, 0.04328, 10.41%
Time spent: 8.65s
- Epoch 080, ExpID 69898
Train - Loss (one batch): 0.00317
Val - Loss, MSE, RMSE, MAE, MAPE: 0.00470, 0.00470, 0.06697, 0.04615, 225266.47%
Test - Best epoch, Loss, MSE, RMSE, MAE, MAPE: 76, 0.00424, 0.00424, 0.06358, 0.04328, 10.41%
Time spent: 8.96s
- Epoch 081, ExpID 69898
Train - Loss (one batch): 0.00416
Val - Loss, MSE, RMSE, MAE, MAPE: 0.00456, 0.00456, 0.06574, 0.04470, 214875.78%
Test - Best epoch, Loss, MSE, RMSE, MAE, MAPE: 76, 0.00424, 0.00424, 0.06358, 0.04328, 10.41%
Time spent: 8.65s
- Epoch 082, ExpID 69898
Train - Loss (one batch): 0.00480
Val - Loss, MSE, RMSE, MAE, MAPE: 0.00465, 0.00465, 0.06667, 0.04578, 217975.08%
Test - Best epoch, Loss, MSE, RMSE, MAE, MAPE: 76, 0.00424, 0.00424, 0.06358, 0.04328, 10.41%
Time spent: 8.76s
- Epoch 083, ExpID 69898
Train - Loss (one batch): 0.00378
Val - Loss, MSE, RMSE, MAE, MAPE: 0.00445, 0.00445, 0.06498, 0.04363, 215665.23%
Test - Best epoch, Loss, MSE, RMSE, MAE, MAPE: 83, 0.00426, 0.00426, 0.06374, 0.04346, 10.44%
Time spent: 9.73s
- Epoch 084, ExpID 69898
Train - Loss (one batch): 0.00413
Val - Loss, MSE, RMSE, MAE, MAPE: 0.00454, 0.00454, 0.06564, 0.04416, 219450.08%
Test - Best epoch, Loss, MSE, RMSE, MAE, MAPE: 83, 0.00426, 0.00426, 0.06374, 0.04346, 10.44%
Time spent: 8.57s
- Epoch 085, ExpID 69898
Train - Loss (one batch): 0.00329
Val - Loss, MSE, RMSE, MAE, MAPE: 0.00451, 0.00451, 0.06536, 0.04385, 214553.69%
Test - Best epoch, Loss, MSE, RMSE, MAE, MAPE: 83, 0.00426, 0.00426, 0.06374, 0.04346, 10.44%
Time spent: 8.80s
- Epoch 086, ExpID 69898
Train - Loss (one batch): 0.00215
Val - Loss, MSE, RMSE, MAE, MAPE: 0.00457, 0.00457, 0.06600, 0.04473, 217187.20%
Test - Best epoch, Loss, MSE, RMSE, MAE, MAPE: 83, 0.00426, 0.00426, 0.06374, 0.04346, 10.44%
Time spent: 8.63s
- Epoch 087, ExpID 69898
Train - Loss (one batch): 0.00376
Val - Loss, MSE, RMSE, MAE, MAPE: 0.00444, 0.00444, 0.06490, 0.04363, 219845.95%
Test - Best epoch, Loss, MSE, RMSE, MAE, MAPE: 87, 0.00421, 0.00421, 0.06329, 0.04309, 10.43%
Time spent: 10.21s
- Epoch 088, ExpID 69898
Train - Loss (one batch): 0.00326
Val - Loss, MSE, RMSE, MAE, MAPE: 0.00460, 0.00460, 0.06629, 0.04439, 219883.14%
Test - Best epoch, Loss, MSE, RMSE, MAE, MAPE: 87, 0.00421, 0.00421, 0.06329, 0.04309, 10.43%
Time spent: 8.57s
- Epoch 089, ExpID 69898
Train - Loss (one batch): 0.00380
Val - Loss, MSE, RMSE, MAE, MAPE: 0.00446, 0.00446, 0.06502, 0.04374, 215582.68%
Test - Best epoch, Loss, MSE, RMSE, MAE, MAPE: 87, 0.00421, 0.00421, 0.06329, 0.04309, 10.43%
Time spent: 8.82s
- Epoch 090, ExpID 69898
Train - Loss (one batch): 0.00427
Val - Loss, MSE, RMSE, MAE, MAPE: 0.00454, 0.00454, 0.06574, 0.04521, 222301.95%
Test - Best epoch, Loss, MSE, RMSE, MAE, MAPE: 87, 0.00421, 0.00421, 0.06329, 0.04309, 10.43%
Time spent: 8.69s
- Epoch 091, ExpID 69898
Train - Loss (one batch): 0.00243
Val - Loss, MSE, RMSE, MAE, MAPE: 0.00449, 0.00449, 0.06539, 0.04397, 220725.29%
Test - Best epoch, Loss, MSE, RMSE, MAE, MAPE: 87, 0.00421, 0.00421, 0.06329, 0.04309, 10.43%
Time spent: 8.57s
- Epoch 092, ExpID 69898
Train - Loss (one batch): 0.00295
Val - Loss, MSE, RMSE, MAE, MAPE: 0.00442, 0.00442, 0.06454, 0.04301, 211062.51%
Test - Best epoch, Loss, MSE, RMSE, MAE, MAPE: 92, 0.00416, 0.00416, 0.06292, 0.04241, 10.06%
Time spent: 10.02s
- Epoch 093, ExpID 69898
Train - Loss (one batch): 0.00407
Val - Loss, MSE, RMSE, MAE, MAPE: 0.00482, 0.00482, 0.06795, 0.04747, 202480.61%
Test - Best epoch, Loss, MSE, RMSE, MAE, MAPE: 92, 0.00416, 0.00416, 0.06292, 0.04241, 10.06%
Time spent: 8.68s
- Epoch 094, ExpID 69898
Train - Loss (one batch): 0.00451
Val - Loss, MSE, RMSE, MAE, MAPE: 0.00441, 0.00441, 0.06462, 0.04321, 216025.70%
Test - Best epoch, Loss, MSE, RMSE, MAE, MAPE: 94, 0.00420, 0.00420, 0.06332, 0.04302, 10.20%
Time spent: 9.96s
- Epoch 095, ExpID 69898
Train - Loss (one batch): 0.00459
Val - Loss, MSE, RMSE, MAE, MAPE: 0.00447, 0.00447, 0.06509, 0.04401, 208930.79%
Test - Best epoch, Loss, MSE, RMSE, MAE, MAPE: 94, 0.00420, 0.00420, 0.06332, 0.04302, 10.20%
Time spent: 8.62s
- Epoch 096, ExpID 69898
Train - Loss (one batch): 0.00240
Val - Loss, MSE, RMSE, MAE, MAPE: 0.00439, 0.00439, 0.06449, 0.04325, 216993.85%
Test - Best epoch, Loss, MSE, RMSE, MAE, MAPE: 96, 0.00413, 0.00413, 0.06272, 0.04266, 10.25%
Time spent: 9.77s
- Epoch 097, ExpID 69898
Train - Loss (one batch): 0.00361
Val - Loss, MSE, RMSE, MAE, MAPE: 0.00452, 0.00452, 0.06568, 0.04478, 217933.93%
Test - Best epoch, Loss, MSE, RMSE, MAE, MAPE: 96, 0.00413, 0.00413, 0.06272, 0.04266, 10.25%
Time spent: 9.03s
- Epoch 098, ExpID 69898
Train - Loss (one batch): 0.00409
Val - Loss, MSE, RMSE, MAE, MAPE: 0.00434, 0.00434, 0.06417, 0.04313, 211309.47%
Test - Best epoch, Loss, MSE, RMSE, MAE, MAPE: 98, 0.00415, 0.00415, 0.06290, 0.04282, 10.10%
Time spent: 10.11s
- Epoch 099, ExpID 69898
Train - Loss (one batch): 0.00340
Val - Loss, MSE, RMSE, MAE, MAPE: 0.00430, 0.00430, 0.06388, 0.04274, 215537.49%
Test - Best epoch, Loss, MSE, RMSE, MAE, MAPE: 99, 0.00409, 0.00409, 0.06238, 0.04215, 10.17%
Time spent: 9.95s
- Epoch 100, ExpID 69898
Train - Loss (one batch): 0.00262
Val - Loss, MSE, RMSE, MAE, MAPE: 0.00435, 0.00435, 0.06403, 0.04236, 216055.50%
Test - Best epoch, Loss, MSE, RMSE, MAE, MAPE: 99, 0.00409, 0.00409, 0.06238, 0.04215, 10.17%
Time spent: 8.67s
- Epoch 101, ExpID 69898
Train - Loss (one batch): 0.00416
Val - Loss, MSE, RMSE, MAE, MAPE: 0.00456, 0.00456, 0.06602, 0.04511, 219767.37%
Test - Best epoch, Loss, MSE, RMSE, MAE, MAPE: 99, 0.00409, 0.00409, 0.06238, 0.04215, 10.17%
Time spent: 8.57s
- Epoch 102, ExpID 69898
Train - Loss (one batch): 0.00302
Val - Loss, MSE, RMSE, MAE, MAPE: 0.00437, 0.00437, 0.06430, 0.04289, 217059.17%
Test - Best epoch, Loss, MSE, RMSE, MAE, MAPE: 99, 0.00409, 0.00409, 0.06238, 0.04215, 10.17%
Time spent: 8.90s
- Epoch 103, ExpID 69898
Train - Loss (one batch): 0.00341
Val - Loss, MSE, RMSE, MAE, MAPE: 0.00446, 0.00446, 0.06521, 0.04416, 220359.08%
Test - Best epoch, Loss, MSE, RMSE, MAE, MAPE: 99, 0.00409, 0.00409, 0.06238, 0.04215, 10.17%
Time spent: 8.69s
- Epoch 104, ExpID 69898
Train - Loss (one batch): 0.00398
Val - Loss, MSE, RMSE, MAE, MAPE: 0.00440, 0.00440, 0.06472, 0.04358, 211026.65%
Test - Best epoch, Loss, MSE, RMSE, MAE, MAPE: 99, 0.00409, 0.00409, 0.06238, 0.04215, 10.17%
Time spent: 8.76s
- Epoch 105, ExpID 69898
Train - Loss (one batch): 0.00350
Val - Loss, MSE, RMSE, MAE, MAPE: 0.00453, 0.00453, 0.06575, 0.04426, 210571.36%
Test - Best epoch, Loss, MSE, RMSE, MAE, MAPE: 99, 0.00409, 0.00409, 0.06238, 0.04215, 10.17%
Time spent: 8.78s
- Epoch 106, ExpID 69898
Train - Loss (one batch): 0.00384
Val - Loss, MSE, RMSE, MAE, MAPE: 0.00440, 0.00440, 0.06463, 0.04367, 220724.85%
Test - Best epoch, Loss, MSE, RMSE, MAE, MAPE: 99, 0.00409, 0.00409, 0.06238, 0.04215, 10.17%
Time spent: 8.56s
- Epoch 107, ExpID 69898
Train - Loss (one batch): 0.00368
Val - Loss, MSE, RMSE, MAE, MAPE: 0.00443, 0.00443, 0.06483, 0.04345, 210915.31%
Test - Best epoch, Loss, MSE, RMSE, MAE, MAPE: 99, 0.00409, 0.00409, 0.06238, 0.04215, 10.17%
Time spent: 8.74s
- Epoch 108, ExpID 69898
Train - Loss (one batch): 0.00290
Val - Loss, MSE, RMSE, MAE, MAPE: 0.00442, 0.00442, 0.06488, 0.04404, 215082.69%
Test - Best epoch, Loss, MSE, RMSE, MAE, MAPE: 99, 0.00409, 0.00409, 0.06238, 0.04215, 10.17%
Time spent: 8.76s
- Epoch 109, ExpID 69898
Train - Loss (one batch): 0.00257
Val - Loss, MSE, RMSE, MAE, MAPE: 0.00428, 0.00428, 0.06363, 0.04248, 211621.00%
Test - Best epoch, Loss, MSE, RMSE, MAE, MAPE: 109, 0.00407, 0.00407, 0.06219, 0.04211, 10.14%
Time spent: 9.73s
- Epoch 110, ExpID 69898
Train - Loss (one batch): 0.00377
Val - Loss, MSE, RMSE, MAE, MAPE: 0.00429, 0.00429, 0.06373, 0.04238, 207138.37%
Test - Best epoch, Loss, MSE, RMSE, MAE, MAPE: 109, 0.00407, 0.00407, 0.06219, 0.04211, 10.14%
Time spent: 8.77s
- Epoch 111, ExpID 69898
Train - Loss (one batch): 0.00471
Val - Loss, MSE, RMSE, MAE, MAPE: 0.00465, 0.00465, 0.06651, 0.04603, 209016.49%
Test - Best epoch, Loss, MSE, RMSE, MAE, MAPE: 109, 0.00407, 0.00407, 0.06219, 0.04211, 10.14%
Time spent: 8.95s
- Epoch 112, ExpID 69898
Train - Loss (one batch): 0.00353
Val - Loss, MSE, RMSE, MAE, MAPE: 0.00424, 0.00424, 0.06337, 0.04211, 214169.52%
Test - Best epoch, Loss, MSE, RMSE, MAE, MAPE: 112, 0.00404, 0.00404, 0.06197, 0.04192, 9.92%
Time spent: 10.28s
- Epoch 113, ExpID 69898
Train - Loss (one batch): 0.00382
Val - Loss, MSE, RMSE, MAE, MAPE: 0.00431, 0.00431, 0.06384, 0.04252, 210439.53%
Test - Best epoch, Loss, MSE, RMSE, MAE, MAPE: 112, 0.00404, 0.00404, 0.06197, 0.04192, 9.92%
Time spent: 8.63s
- Epoch 114, ExpID 69898
Train - Loss (one batch): 0.00274
Val - Loss, MSE, RMSE, MAE, MAPE: 0.00424, 0.00424, 0.06342, 0.04208, 208999.75%
Test - Best epoch, Loss, MSE, RMSE, MAE, MAPE: 114, 0.00405, 0.00405, 0.06198, 0.04143, 10.01%
Time spent: 9.81s
- Epoch 115, ExpID 69898
Train - Loss (one batch): 0.00363
Val - Loss, MSE, RMSE, MAE, MAPE: 0.00433, 0.00433, 0.06418, 0.04338, 215049.45%
Test - Best epoch, Loss, MSE, RMSE, MAE, MAPE: 114, 0.00405, 0.00405, 0.06198, 0.04143, 10.01%
Time spent: 9.01s
- Epoch 116, ExpID 69898
Train - Loss (one batch): 0.00423
Val - Loss, MSE, RMSE, MAE, MAPE: 0.00424, 0.00424, 0.06321, 0.04188, 209765.67%
Test - Best epoch, Loss, MSE, RMSE, MAE, MAPE: 114, 0.00405, 0.00405, 0.06198, 0.04143, 10.01%
Time spent: 8.96s
- Epoch 117, ExpID 69898
Train - Loss (one batch): 0.00245
Val - Loss, MSE, RMSE, MAE, MAPE: 0.00420, 0.00420, 0.06308, 0.04177, 210942.63%
Test - Best epoch, Loss, MSE, RMSE, MAE, MAPE: 117, 0.00396, 0.00396, 0.06135, 0.04117, 9.82%
Time spent: 9.77s
- Epoch 118, ExpID 69898
Train - Loss (one batch): 0.00356
Val - Loss, MSE, RMSE, MAE, MAPE: 0.00425, 0.00425, 0.06327, 0.04223, 209996.56%
Test - Best epoch, Loss, MSE, RMSE, MAE, MAPE: 117, 0.00396, 0.00396, 0.06135, 0.04117, 9.82%
Time spent: 8.72s
- Epoch 119, ExpID 69898
Train - Loss (one batch): 0.00389
Val - Loss, MSE, RMSE, MAE, MAPE: 0.00433, 0.00433, 0.06400, 0.04300, 203857.55%
Test - Best epoch, Loss, MSE, RMSE, MAE, MAPE: 117, 0.00396, 0.00396, 0.06135, 0.04117, 9.82%
Time spent: 8.62s
- Epoch 120, ExpID 69898
Train - Loss (one batch): 0.00561
Val - Loss, MSE, RMSE, MAE, MAPE: 0.00441, 0.00441, 0.06467, 0.04374, 218871.49%
Test - Best epoch, Loss, MSE, RMSE, MAE, MAPE: 117, 0.00396, 0.00396, 0.06135, 0.04117, 9.82%
Time spent: 8.89s
- Epoch 121, ExpID 69898
Train - Loss (one batch): 0.00320
Val - Loss, MSE, RMSE, MAE, MAPE: 0.00446, 0.00446, 0.06532, 0.04517, 219163.63%
Test - Best epoch, Loss, MSE, RMSE, MAE, MAPE: 117, 0.00396, 0.00396, 0.06135, 0.04117, 9.82%
Time spent: 8.49s
- Epoch 122, ExpID 69898
Train - Loss (one batch): 0.00286
Val - Loss, MSE, RMSE, MAE, MAPE: 0.00442, 0.00442, 0.06475, 0.04419, 211636.55%
Test - Best epoch, Loss, MSE, RMSE, MAE, MAPE: 117, 0.00396, 0.00396, 0.06135, 0.04117, 9.82%
Time spent: 8.56s
- Epoch 123, ExpID 69898
Train - Loss (one batch): 0.00409
Val - Loss, MSE, RMSE, MAE, MAPE: 0.00408, 0.00408, 0.06220, 0.04126, 214644.53%
Test - Best epoch, Loss, MSE, RMSE, MAE, MAPE: 123, 0.00390, 0.00390, 0.06078, 0.04083, 9.85%
Time spent: 10.21s
- Epoch 124, ExpID 69898
Train - Loss (one batch): 0.00378
Val - Loss, MSE, RMSE, MAE, MAPE: 0.00507, 0.00507, 0.06986, 0.05065, 202049.32%
Test - Best epoch, Loss, MSE, RMSE, MAE, MAPE: 123, 0.00390, 0.00390, 0.06078, 0.04083, 9.85%
Time spent: 8.76s
- Epoch 125, ExpID 69898
Train - Loss (one batch): 0.00465
Val - Loss, MSE, RMSE, MAE, MAPE: 0.00415, 0.00415, 0.06265, 0.04177, 207568.16%
Test - Best epoch, Loss, MSE, RMSE, MAE, MAPE: 123, 0.00390, 0.00390, 0.06078, 0.04083, 9.85%
Time spent: 8.85s
- Epoch 126, ExpID 69898
Train - Loss (one batch): 0.00330
Val - Loss, MSE, RMSE, MAE, MAPE: 0.00457, 0.00457, 0.06609, 0.04606, 218946.38%
Test - Best epoch, Loss, MSE, RMSE, MAE, MAPE: 123, 0.00390, 0.00390, 0.06078, 0.04083, 9.85%
Time spent: 8.89s
- Epoch 127, ExpID 69898
Train - Loss (one batch): 0.00402
Val - Loss, MSE, RMSE, MAE, MAPE: 0.00426, 0.00426, 0.06357, 0.04307, 214094.39%
Test - Best epoch, Loss, MSE, RMSE, MAE, MAPE: 123, 0.00390, 0.00390, 0.06078, 0.04083, 9.85%
Time spent: 8.71s
- Epoch 128, ExpID 69898
Train - Loss (one batch): 0.00390
Val - Loss, MSE, RMSE, MAE, MAPE: 0.00413, 0.00413, 0.06267, 0.04208, 213107.46%
Test - Best epoch, Loss, MSE, RMSE, MAE, MAPE: 123, 0.00390, 0.00390, 0.06078, 0.04083, 9.85%
Time spent: 8.85s
- Epoch 129, ExpID 69898
Train - Loss (one batch): 0.00250
Val - Loss, MSE, RMSE, MAE, MAPE: 0.00406, 0.00406, 0.06208, 0.04111, 212880.52%
Test - Best epoch, Loss, MSE, RMSE, MAE, MAPE: 129, 0.00386, 0.00386, 0.06063, 0.04033, 9.70%
Time spent: 9.75s
- Epoch 130, ExpID 69898
Train - Loss (one batch): 0.00348
Val - Loss, MSE, RMSE, MAE, MAPE: 0.00405, 0.00405, 0.06196, 0.04100, 215424.12%
Test - Best epoch, Loss, MSE, RMSE, MAE, MAPE: 130, 0.00379, 0.00379, 0.06002, 0.04011, 9.41%
Time spent: 10.07s
- Epoch 131, ExpID 69898
Train - Loss (one batch): 0.00220
Val - Loss, MSE, RMSE, MAE, MAPE: 0.00461, 0.00461, 0.06629, 0.04491, 215912.83%
Test - Best epoch, Loss, MSE, RMSE, MAE, MAPE: 130, 0.00379, 0.00379, 0.06002, 0.04011, 9.41%
Time spent: 8.92s
- Epoch 132, ExpID 69898
Train - Loss (one batch): 0.00285
Val - Loss, MSE, RMSE, MAE, MAPE: 0.00402, 0.00402, 0.06172, 0.04084, 216161.31%
Test - Best epoch, Loss, MSE, RMSE, MAE, MAPE: 132, 0.00379, 0.00379, 0.06008, 0.04047, 9.67%
Time spent: 10.02s
- Epoch 133, ExpID 69898
Train - Loss (one batch): 0.00437
Val - Loss, MSE, RMSE, MAE, MAPE: 0.00411, 0.00411, 0.06264, 0.04290, 214966.34%
Test - Best epoch, Loss, MSE, RMSE, MAE, MAPE: 132, 0.00379, 0.00379, 0.06008, 0.04047, 9.67%
Time spent: 8.73s
- Epoch 134, ExpID 69898
Train - Loss (one batch): 0.00271
Val - Loss, MSE, RMSE, MAE, MAPE: 0.00405, 0.00405, 0.06214, 0.04238, 221504.94%
Test - Best epoch, Loss, MSE, RMSE, MAE, MAPE: 132, 0.00379, 0.00379, 0.06008, 0.04047, 9.67%
Time spent: 8.73s
- Epoch 135, ExpID 69898
Train - Loss (one batch): 0.00329
Val - Loss, MSE, RMSE, MAE, MAPE: 0.00406, 0.00406, 0.06210, 0.04212, 216818.03%
Test - Best epoch, Loss, MSE, RMSE, MAE, MAPE: 132, 0.00379, 0.00379, 0.06008, 0.04047, 9.67%
Time spent: 8.78s
- Epoch 136, ExpID 69898
Train - Loss (one batch): 0.00366
Val - Loss, MSE, RMSE, MAE, MAPE: 0.00391, 0.00391, 0.06076, 0.03964, 212723.83%
Test - Best epoch, Loss, MSE, RMSE, MAE, MAPE: 136, 0.00370, 0.00370, 0.05926, 0.03922, 9.18%
Time spent: 9.99s
- Epoch 137, ExpID 69898
Train - Loss (one batch): 0.00195
Val - Loss, MSE, RMSE, MAE, MAPE: 0.00378, 0.00378, 0.05982, 0.03926, 214480.90%
Test - Best epoch, Loss, MSE, RMSE, MAE, MAPE: 137, 0.00360, 0.00360, 0.05838, 0.03884, 9.25%
Time spent: 9.71s
- Epoch 138, ExpID 69898
Train - Loss (one batch): 0.00439
Val - Loss, MSE, RMSE, MAE, MAPE: 0.00406, 0.00406, 0.06217, 0.04277, 220817.15%
Test - Best epoch, Loss, MSE, RMSE, MAE, MAPE: 137, 0.00360, 0.00360, 0.05838, 0.03884, 9.25%
Time spent: 8.80s
- Epoch 139, ExpID 69898
Train - Loss (one batch): 0.00277
Val - Loss, MSE, RMSE, MAE, MAPE: 0.00389, 0.00389, 0.06090, 0.04123, 216115.20%
Test - Best epoch, Loss, MSE, RMSE, MAE, MAPE: 137, 0.00360, 0.00360, 0.05838, 0.03884, 9.25%
Time spent: 8.76s
- Epoch 140, ExpID 69898
Train - Loss (one batch): 0.00478
Val - Loss, MSE, RMSE, MAE, MAPE: 0.00380, 0.00380, 0.05992, 0.04006, 213934.40%
Test - Best epoch, Loss, MSE, RMSE, MAE, MAPE: 137, 0.00360, 0.00360, 0.05838, 0.03884, 9.25%
Time spent: 8.61s
- Epoch 141, ExpID 69898
Train - Loss (one batch): 0.00443
Val - Loss, MSE, RMSE, MAE, MAPE: 0.00405, 0.00405, 0.06221, 0.04279, 224451.29%
Test - Best epoch, Loss, MSE, RMSE, MAE, MAPE: 137, 0.00360, 0.00360, 0.05838, 0.03884, 9.25%
Time spent: 8.69s
- Epoch 142, ExpID 69898
Train - Loss (one batch): 0.00320
Val - Loss, MSE, RMSE, MAE, MAPE: 0.00402, 0.00402, 0.06203, 0.04322, 220985.06%
Test - Best epoch, Loss, MSE, RMSE, MAE, MAPE: 137, 0.00360, 0.00360, 0.05838, 0.03884, 9.25%
Time spent: 8.85s
- Epoch 143, ExpID 69898
Train - Loss (one batch): 0.00379
Val - Loss, MSE, RMSE, MAE, MAPE: 0.00372, 0.00372, 0.05938, 0.03985, 220048.13%
Test - Best epoch, Loss, MSE, RMSE, MAE, MAPE: 143, 0.00361, 0.00361, 0.05838, 0.03948, 9.71%
Time spent: 9.90s
- Epoch 144, ExpID 69898
Train - Loss (one batch): 0.00245
Val - Loss, MSE, RMSE, MAE, MAPE: 0.00414, 0.00414, 0.06267, 0.04230, 206071.68%
Test - Best epoch, Loss, MSE, RMSE, MAE, MAPE: 143, 0.00361, 0.00361, 0.05838, 0.03948, 9.71%
Time spent: 8.82s
- Epoch 145, ExpID 69898
Train - Loss (one batch): 0.00311
Val - Loss, MSE, RMSE, MAE, MAPE: 0.00391, 0.00391, 0.06092, 0.04126, 205970.75%
Test - Best epoch, Loss, MSE, RMSE, MAE, MAPE: 143, 0.00361, 0.00361, 0.05838, 0.03948, 9.71%
Time spent: 9.04s
- Epoch 146, ExpID 69898
Train - Loss (one batch): 0.00321
Val - Loss, MSE, RMSE, MAE, MAPE: 0.00378, 0.00378, 0.05995, 0.04052, 206097.66%
Test - Best epoch, Loss, MSE, RMSE, MAE, MAPE: 143, 0.00361, 0.00361, 0.05838, 0.03948, 9.71%
Time spent: 8.55s
- Epoch 147, ExpID 69898
Train - Loss (one batch): 0.00419
Val - Loss, MSE, RMSE, MAE, MAPE: 0.00356, 0.00356, 0.05798, 0.03827, 205986.36%
Test - Best epoch, Loss, MSE, RMSE, MAE, MAPE: 147, 0.00343, 0.00343, 0.05684, 0.03774, 8.92%
Time spent: 10.05s
- Epoch 148, ExpID 69898
Train - Loss (one batch): 0.00225
Val - Loss, MSE, RMSE, MAE, MAPE: 0.00351, 0.00351, 0.05766, 0.03799, 212107.66%
Test - Best epoch, Loss, MSE, RMSE, MAE, MAPE: 148, 0.00341, 0.00341, 0.05681, 0.03786, 9.05%
Time spent: 10.18s
- Epoch 149, ExpID 69898
Train - Loss (one batch): 0.00335
Val - Loss, MSE, RMSE, MAE, MAPE: 0.00377, 0.00377, 0.05981, 0.04009, 202570.78%
Test - Best epoch, Loss, MSE, RMSE, MAE, MAPE: 148, 0.00341, 0.00341, 0.05681, 0.03786, 9.05%
Time spent: 8.85s
- Epoch 150, ExpID 69898
Train - Loss (one batch): 0.00375
Val - Loss, MSE, RMSE, MAE, MAPE: 0.00423, 0.00423, 0.06372, 0.04532, 219904.10%
Test - Best epoch, Loss, MSE, RMSE, MAE, MAPE: 148, 0.00341, 0.00341, 0.05681, 0.03786, 9.05%
Time spent: 8.73s
- Epoch 151, ExpID 69898
Train - Loss (one batch): 0.00328
Val - Loss, MSE, RMSE, MAE, MAPE: 0.00346, 0.00346, 0.05729, 0.03779, 210372.85%
Test - Best epoch, Loss, MSE, RMSE, MAE, MAPE: 151, 0.00338, 0.00338, 0.05663, 0.03771, 9.11%
Time spent: 9.98s
- Epoch 152, ExpID 69898
Train - Loss (one batch): 0.00353
Val - Loss, MSE, RMSE, MAE, MAPE: 0.00435, 0.00435, 0.06482, 0.04748, 225952.67%
Test - Best epoch, Loss, MSE, RMSE, MAE, MAPE: 151, 0.00338, 0.00338, 0.05663, 0.03771, 9.11%
Time spent: 8.78s
- Epoch 153, ExpID 69898
Train - Loss (one batch): 0.00460
Val - Loss, MSE, RMSE, MAE, MAPE: 0.00345, 0.00345, 0.05714, 0.03730, 213613.71%
Test - Best epoch, Loss, MSE, RMSE, MAE, MAPE: 153, 0.00335, 0.00335, 0.05632, 0.03711, 8.83%
Time spent: 9.75s
- Epoch 154, ExpID 69898
Train - Loss (one batch): 0.00215
Val - Loss, MSE, RMSE, MAE, MAPE: 0.00343, 0.00343, 0.05702, 0.03779, 213532.80%
Test - Best epoch, Loss, MSE, RMSE, MAE, MAPE: 154, 0.00337, 0.00337, 0.05640, 0.03786, 9.08%
Time spent: 9.98s
- Epoch 155, ExpID 69898
Train - Loss (one batch): 0.00353
Val - Loss, MSE, RMSE, MAE, MAPE: 0.00348, 0.00348, 0.05751, 0.03871, 215477.37%
Test - Best epoch, Loss, MSE, RMSE, MAE, MAPE: 154, 0.00337, 0.00337, 0.05640, 0.03786, 9.08%
Time spent: 8.66s
- Epoch 156, ExpID 69898
Train - Loss (one batch): 0.00351
Val - Loss, MSE, RMSE, MAE, MAPE: 0.00343, 0.00343, 0.05697, 0.03774, 210516.15%
Test - Best epoch, Loss, MSE, RMSE, MAE, MAPE: 156, 0.00336, 0.00336, 0.05640, 0.03772, 8.93%
Time spent: 10.12s
- Epoch 157, ExpID 69898
Train - Loss (one batch): 0.00304
Val - Loss, MSE, RMSE, MAE, MAPE: 0.00355, 0.00355, 0.05801, 0.03823, 213820.38%
Test - Best epoch, Loss, MSE, RMSE, MAE, MAPE: 156, 0.00336, 0.00336, 0.05640, 0.03772, 8.93%
Time spent: 8.59s
- Epoch 158, ExpID 69898
Train - Loss (one batch): 0.00294
Val - Loss, MSE, RMSE, MAE, MAPE: 0.00338, 0.00338, 0.05657, 0.03719, 207420.12%
Test - Best epoch, Loss, MSE, RMSE, MAE, MAPE: 158, 0.00332, 0.00332, 0.05603, 0.03705, 8.71%
Time spent: 9.75s
- Epoch 159, ExpID 69898
Train - Loss (one batch): 0.00416
Val - Loss, MSE, RMSE, MAE, MAPE: 0.00342, 0.00342, 0.05703, 0.03801, 210691.35%
Test - Best epoch, Loss, MSE, RMSE, MAE, MAPE: 158, 0.00332, 0.00332, 0.05603, 0.03705, 8.71%
Time spent: 8.83s
- Epoch 160, ExpID 69898
Train - Loss (one batch): 0.00327
Val - Loss, MSE, RMSE, MAE, MAPE: 0.00355, 0.00355, 0.05789, 0.03776, 210968.53%
Test - Best epoch, Loss, MSE, RMSE, MAE, MAPE: 158, 0.00332, 0.00332, 0.05603, 0.03705, 8.71%
Time spent: 8.98s
- Epoch 161, ExpID 69898
Train - Loss (one batch): 0.00393
Val - Loss, MSE, RMSE, MAE, MAPE: 0.00363, 0.00363, 0.05869, 0.03924, 205266.46%
Test - Best epoch, Loss, MSE, RMSE, MAE, MAPE: 158, 0.00332, 0.00332, 0.05603, 0.03705, 8.71%
Time spent: 8.80s
- Epoch 162, ExpID 69898
Train - Loss (one batch): 0.00354
Val - Loss, MSE, RMSE, MAE, MAPE: 0.00338, 0.00338, 0.05661, 0.03728, 206978.91%
Test - Best epoch, Loss, MSE, RMSE, MAE, MAPE: 158, 0.00332, 0.00332, 0.05603, 0.03705, 8.71%
Time spent: 8.64s
- Epoch 163, ExpID 69898
Train - Loss (one batch): 0.00340
Val - Loss, MSE, RMSE, MAE, MAPE: 0.00347, 0.00347, 0.05736, 0.03805, 207161.82%
Test - Best epoch, Loss, MSE, RMSE, MAE, MAPE: 158, 0.00332, 0.00332, 0.05603, 0.03705, 8.71%
Time spent: 8.75s
- Epoch 164, ExpID 69898
Train - Loss (one batch): 0.00367
Val - Loss, MSE, RMSE, MAE, MAPE: 0.00335, 0.00335, 0.05621, 0.03683, 205128.93%
Test - Best epoch, Loss, MSE, RMSE, MAE, MAPE: 164, 0.00329, 0.00329, 0.05580, 0.03664, 8.54%
Time spent: 10.28s
- Epoch 165, ExpID 69898
Train - Loss (one batch): 0.00278
Val - Loss, MSE, RMSE, MAE, MAPE: 0.00332, 0.00332, 0.05598, 0.03682, 212840.08%
Test - Best epoch, Loss, MSE, RMSE, MAE, MAPE: 165, 0.00322, 0.00322, 0.05526, 0.03659, 8.80%
Time spent: 10.35s
- Epoch 166, ExpID 69898
Train - Loss (one batch): 0.00253
Val - Loss, MSE, RMSE, MAE, MAPE: 0.00333, 0.00333, 0.05615, 0.03721, 207884.71%
Test - Best epoch, Loss, MSE, RMSE, MAE, MAPE: 165, 0.00322, 0.00322, 0.05526, 0.03659, 8.80%
Time spent: 8.76s
- Epoch 167, ExpID 69898
Train - Loss (one batch): 0.00312
Val - Loss, MSE, RMSE, MAE, MAPE: 0.00369, 0.00369, 0.05921, 0.03951, 209408.58%
Test - Best epoch, Loss, MSE, RMSE, MAE, MAPE: 165, 0.00322, 0.00322, 0.05526, 0.03659, 8.80%
Time spent: 8.91s
- Epoch 168, ExpID 69898
Train - Loss (one batch): 0.00312
Val - Loss, MSE, RMSE, MAE, MAPE: 0.00334, 0.00334, 0.05628, 0.03722, 216933.19%
Test - Best epoch, Loss, MSE, RMSE, MAE, MAPE: 165, 0.00322, 0.00322, 0.05526, 0.03659, 8.80%
Time spent: 8.96s
- Epoch 169, ExpID 69898
Train - Loss (one batch): 0.00274
Val - Loss, MSE, RMSE, MAE, MAPE: 0.00400, 0.00400, 0.06153, 0.04106, 198761.51%
Test - Best epoch, Loss, MSE, RMSE, MAE, MAPE: 165, 0.00322, 0.00322, 0.05526, 0.03659, 8.80%
Time spent: 9.26s
- Epoch 170, ExpID 69898
Train - Loss (one batch): 0.00266
Val - Loss, MSE, RMSE, MAE, MAPE: 0.00386, 0.00386, 0.06044, 0.04055, 201046.02%
Test - Best epoch, Loss, MSE, RMSE, MAE, MAPE: 165, 0.00322, 0.00322, 0.05526, 0.03659, 8.80%
Time spent: 8.82s
- Epoch 171, ExpID 69898
Train - Loss (one batch): 0.00347
Val - Loss, MSE, RMSE, MAE, MAPE: 0.00340, 0.00340, 0.05666, 0.03748, 199949.57%
Test - Best epoch, Loss, MSE, RMSE, MAE, MAPE: 165, 0.00322, 0.00322, 0.05526, 0.03659, 8.80%
Time spent: 8.61s
- Epoch 172, ExpID 69898
Train - Loss (one batch): 0.00306
Val - Loss, MSE, RMSE, MAE, MAPE: 0.00367, 0.00367, 0.05933, 0.04076, 203583.35%
Test - Best epoch, Loss, MSE, RMSE, MAE, MAPE: 165, 0.00322, 0.00322, 0.05526, 0.03659, 8.80%
Time spent: 8.65s
- Epoch 173, ExpID 69898
Train - Loss (one batch): 0.00248
Val - Loss, MSE, RMSE, MAE, MAPE: 0.00348, 0.00348, 0.05730, 0.03814, 209604.40%
Test - Best epoch, Loss, MSE, RMSE, MAE, MAPE: 165, 0.00322, 0.00322, 0.05526, 0.03659, 8.80%
Time spent: 8.56s
- Epoch 174, ExpID 69898
Train - Loss (one batch): 0.00218
Val - Loss, MSE, RMSE, MAE, MAPE: 0.00327, 0.00327, 0.05558, 0.03660, 213559.60%
Test - Best epoch, Loss, MSE, RMSE, MAE, MAPE: 174, 0.00321, 0.00321, 0.05513, 0.03663, 8.87%
Time spent: 9.78s
- Epoch 175, ExpID 69898
Train - Loss (one batch): 0.00336
Val - Loss, MSE, RMSE, MAE, MAPE: 0.00327, 0.00327, 0.05561, 0.03674, 203572.78%
Test - Best epoch, Loss, MSE, RMSE, MAE, MAPE: 175, 0.00320, 0.00320, 0.05516, 0.03664, 8.62%
Time spent: 9.91s
- Epoch 176, ExpID 69898
Train - Loss (one batch): 0.00380
Val - Loss, MSE, RMSE, MAE, MAPE: 0.00345, 0.00345, 0.05717, 0.03798, 201373.04%
Test - Best epoch, Loss, MSE, RMSE, MAE, MAPE: 175, 0.00320, 0.00320, 0.05516, 0.03664, 8.62%
Time spent: 8.85s
- Epoch 177, ExpID 69898
Train - Loss (one batch): 0.00219
Val - Loss, MSE, RMSE, MAE, MAPE: 0.00317, 0.00317, 0.05473, 0.03604, 206916.09%
Test - Best epoch, Loss, MSE, RMSE, MAE, MAPE: 177, 0.00314, 0.00314, 0.05452, 0.03600, 8.62%
Time spent: 9.92s
- Epoch 178, ExpID 69898
Train - Loss (one batch): 0.00222
Val - Loss, MSE, RMSE, MAE, MAPE: 0.00373, 0.00373, 0.05950, 0.03978, 218787.80%
Test - Best epoch, Loss, MSE, RMSE, MAE, MAPE: 177, 0.00314, 0.00314, 0.05452, 0.03600, 8.62%
Time spent: 8.77s
- Epoch 179, ExpID 69898
Train - Loss (one batch): 0.00316
Val - Loss, MSE, RMSE, MAE, MAPE: 0.00336, 0.00336, 0.05645, 0.03753, 214984.71%
Test - Best epoch, Loss, MSE, RMSE, MAE, MAPE: 177, 0.00314, 0.00314, 0.05452, 0.03600, 8.62%
Time spent: 8.85s
- Epoch 180, ExpID 69898
Train - Loss (one batch): 0.00324
Val - Loss, MSE, RMSE, MAE, MAPE: 0.00319, 0.00319, 0.05491, 0.03602, 207390.71%
Test - Best epoch, Loss, MSE, RMSE, MAE, MAPE: 177, 0.00314, 0.00314, 0.05452, 0.03600, 8.62%
Time spent: 8.82s
- Epoch 181, ExpID 69898
Train - Loss (one batch): 0.00392
Val - Loss, MSE, RMSE, MAE, MAPE: 0.00333, 0.00333, 0.05614, 0.03761, 214551.35%
Test - Best epoch, Loss, MSE, RMSE, MAE, MAPE: 177, 0.00314, 0.00314, 0.05452, 0.03600, 8.62%
Time spent: 8.92s
- Epoch 182, ExpID 69898
Train - Loss (one batch): 0.00274
Val - Loss, MSE, RMSE, MAE, MAPE: 0.00322, 0.00322, 0.05521, 0.03651, 207900.05%
Test - Best epoch, Loss, MSE, RMSE, MAE, MAPE: 177, 0.00314, 0.00314, 0.05452, 0.03600, 8.62%
Time spent: 8.61s
- Epoch 183, ExpID 69898
Train - Loss (one batch): 0.00361
Val - Loss, MSE, RMSE, MAE, MAPE: 0.00324, 0.00324, 0.05536, 0.03628, 202551.14%
Test - Best epoch, Loss, MSE, RMSE, MAE, MAPE: 177, 0.00314, 0.00314, 0.05452, 0.03600, 8.62%
Time spent: 8.87s
- Epoch 184, ExpID 69898
Train - Loss (one batch): 0.00381
Val - Loss, MSE, RMSE, MAE, MAPE: 0.00328, 0.00328, 0.05566, 0.03690, 205489.51%
Test - Best epoch, Loss, MSE, RMSE, MAE, MAPE: 177, 0.00314, 0.00314, 0.05452, 0.03600, 8.62%
Time spent: 8.78s
- Epoch 185, ExpID 69898
Train - Loss (one batch): 0.00254
Val - Loss, MSE, RMSE, MAE, MAPE: 0.00329, 0.00329, 0.05575, 0.03695, 217468.42%
Test - Best epoch, Loss, MSE, RMSE, MAE, MAPE: 177, 0.00314, 0.00314, 0.05452, 0.03600, 8.62%
Time spent: 8.74s
- Epoch 186, ExpID 69898
Train - Loss (one batch): 0.00320
Val - Loss, MSE, RMSE, MAE, MAPE: 0.00336, 0.00336, 0.05630, 0.03698, 202867.55%
Test - Best epoch, Loss, MSE, RMSE, MAE, MAPE: 177, 0.00314, 0.00314, 0.05452, 0.03600, 8.62%
Time spent: 9.04s
- Epoch 187, ExpID 69898
Train - Loss (one batch): 0.00260
Val - Loss, MSE, RMSE, MAE, MAPE: 0.00316, 0.00316, 0.05464, 0.03606, 209564.22%
Test - Best epoch, Loss, MSE, RMSE, MAE, MAPE: 187, 0.00314, 0.00314, 0.05459, 0.03622, 8.75%
Time spent: 10.17s
- Epoch 188, ExpID 69898
Train - Loss (one batch): 0.00374
Val - Loss, MSE, RMSE, MAE, MAPE: 0.00325, 0.00325, 0.05547, 0.03669, 208156.96%
Test - Best epoch, Loss, MSE, RMSE, MAE, MAPE: 187, 0.00314, 0.00314, 0.05459, 0.03622, 8.75%
Time spent: 8.72s
- Epoch 189, ExpID 69898
Train - Loss (one batch): 0.00199
Val - Loss, MSE, RMSE, MAE, MAPE: 0.00318, 0.00318, 0.05488, 0.03609, 206578.29%
Test - Best epoch, Loss, MSE, RMSE, MAE, MAPE: 187, 0.00314, 0.00314, 0.05459, 0.03622, 8.75%
Time spent: 8.75s
- Epoch 190, ExpID 69898
Train - Loss (one batch): 0.00340
Val - Loss, MSE, RMSE, MAE, MAPE: 0.00315, 0.00315, 0.05454, 0.03562, 208508.08%
Test - Best epoch, Loss, MSE, RMSE, MAE, MAPE: 190, 0.00312, 0.00312, 0.05432, 0.03575, 8.57%
Time spent: 9.92s
- Epoch 191, ExpID 69898
Train - Loss (one batch): 0.00384
Val - Loss, MSE, RMSE, MAE, MAPE: 0.00320, 0.00320, 0.05504, 0.03656, 208183.96%
Test - Best epoch, Loss, MSE, RMSE, MAE, MAPE: 190, 0.00312, 0.00312, 0.05432, 0.03575, 8.57%
Time spent: 8.88s
- Epoch 192, ExpID 69898
Train - Loss (one batch): 0.00219
Val - Loss, MSE, RMSE, MAE, MAPE: 0.00314, 0.00314, 0.05447, 0.03563, 208352.47%
Test - Best epoch, Loss, MSE, RMSE, MAE, MAPE: 192, 0.00312, 0.00312, 0.05440, 0.03585, 8.65%
Time spent: 9.49s
- Epoch 193, ExpID 69898
Train - Loss (one batch): 0.00178
Val - Loss, MSE, RMSE, MAE, MAPE: 0.00424, 0.00424, 0.06343, 0.04334, 196282.81%
Test - Best epoch, Loss, MSE, RMSE, MAE, MAPE: 192, 0.00312, 0.00312, 0.05440, 0.03585, 8.65%
Time spent: 8.93s
- Epoch 194, ExpID 69898
Train - Loss (one batch): 0.00203
Val - Loss, MSE, RMSE, MAE, MAPE: 0.00320, 0.00320, 0.05499, 0.03618, 210018.43%
Test - Best epoch, Loss, MSE, RMSE, MAE, MAPE: 192, 0.00312, 0.00312, 0.05440, 0.03585, 8.65%
Time spent: 8.71s
- Epoch 195, ExpID 69898
Train - Loss (one batch): 0.00226
Val - Loss, MSE, RMSE, MAE, MAPE: 0.00340, 0.00340, 0.05654, 0.03702, 205178.74%
Test - Best epoch, Loss, MSE, RMSE, MAE, MAPE: 192, 0.00312, 0.00312, 0.05440, 0.03585, 8.65%
Time spent: 8.60s
- Epoch 196, ExpID 69898
Train - Loss (one batch): 0.00231
Val - Loss, MSE, RMSE, MAE, MAPE: 0.00321, 0.00321, 0.05511, 0.03666, 210938.01%
Test - Best epoch, Loss, MSE, RMSE, MAE, MAPE: 192, 0.00312, 0.00312, 0.05440, 0.03585, 8.65%
Time spent: 8.81s
- Epoch 197, ExpID 69898
Train - Loss (one batch): 0.00235
Val - Loss, MSE, RMSE, MAE, MAPE: 0.00322, 0.00322, 0.05519, 0.03611, 209525.68%
Test - Best epoch, Loss, MSE, RMSE, MAE, MAPE: 192, 0.00312, 0.00312, 0.05440, 0.03585, 8.65%
Time spent: 8.63s
- Epoch 198, ExpID 69898
Train - Loss (one batch): 0.00353
Val - Loss, MSE, RMSE, MAE, MAPE: 0.00331, 0.00331, 0.05600, 0.03764, 201707.30%
Test - Best epoch, Loss, MSE, RMSE, MAE, MAPE: 192, 0.00312, 0.00312, 0.05440, 0.03585, 8.65%
Time spent: 8.76s
- Epoch 199, ExpID 69898
Train - Loss (one batch): 0.00259
Val - Loss, MSE, RMSE, MAE, MAPE: 0.00335, 0.00335, 0.05641, 0.03793, 202128.42%
Test - Best epoch, Loss, MSE, RMSE, MAE, MAPE: 192, 0.00312, 0.00312, 0.05440, 0.03585, 8.65%
Time spent: 8.63s
- Epoch 200, ExpID 69898
Train - Loss (one batch): 0.00381
Val - Loss, MSE, RMSE, MAE, MAPE: 0.00344, 0.00344, 0.05703, 0.03815, 211785.00%
Test - Best epoch, Loss, MSE, RMSE, MAE, MAPE: 192, 0.00312, 0.00312, 0.05440, 0.03585, 8.65%
Time spent: 8.65s
- Epoch 201, ExpID 69898
Train - Loss (one batch): 0.00298
Val - Loss, MSE, RMSE, MAE, MAPE: 0.00331, 0.00331, 0.05598, 0.03716, 201258.16%
Test - Best epoch, Loss, MSE, RMSE, MAE, MAPE: 192, 0.00312, 0.00312, 0.05440, 0.03585, 8.65%
Time spent: 8.78s
- Epoch 202, ExpID 69898
Train - Loss (one batch): 0.00285
Val - Loss, MSE, RMSE, MAE, MAPE: 0.00315, 0.00315, 0.05457, 0.03580, 205254.35%
Test - Best epoch, Loss, MSE, RMSE, MAE, MAPE: 192, 0.00312, 0.00312, 0.05440, 0.03585, 8.65%
Time spent: 8.91s
- Epoch 203, ExpID 69898
Train - Loss (one batch): 0.00331
Val - Loss, MSE, RMSE, MAE, MAPE: 0.00316, 0.00316, 0.05467, 0.03599, 212129.92%
Test - Best epoch, Loss, MSE, RMSE, MAE, MAPE: 192, 0.00312, 0.00312, 0.05440, 0.03585, 8.65%
Time spent: 8.90s
- Epoch 204, ExpID 69898
Train - Loss (one batch): 0.00278
Val - Loss, MSE, RMSE, MAE, MAPE: 0.00313, 0.00313, 0.05439, 0.03566, 204461.87%
Test - Best epoch, Loss, MSE, RMSE, MAE, MAPE: 204, 0.00312, 0.00312, 0.05441, 0.03572, 8.40%
Time spent: 10.39s
- Epoch 205, ExpID 69898
Train - Loss (one batch): 0.00250
Val - Loss, MSE, RMSE, MAE, MAPE: 0.00314, 0.00314, 0.05446, 0.03577, 206333.57%
Test - Best epoch, Loss, MSE, RMSE, MAE, MAPE: 204, 0.00312, 0.00312, 0.05441, 0.03572, 8.40%
Time spent: 8.96s
- Epoch 206, ExpID 69898
Train - Loss (one batch): 0.00276
Val - Loss, MSE, RMSE, MAE, MAPE: 0.00335, 0.00335, 0.05629, 0.03700, 197850.61%
Test - Best epoch, Loss, MSE, RMSE, MAE, MAPE: 204, 0.00312, 0.00312, 0.05441, 0.03572, 8.40%
Time spent: 8.64s
- Epoch 207, ExpID 69898
Train - Loss (one batch): 0.00218
Val - Loss, MSE, RMSE, MAE, MAPE: 0.00340, 0.00340, 0.05675, 0.03809, 213040.74%
Test - Best epoch, Loss, MSE, RMSE, MAE, MAPE: 204, 0.00312, 0.00312, 0.05441, 0.03572, 8.40%
Time spent: 8.93s
- Epoch 208, ExpID 69898
Train - Loss (one batch): 0.00372
Val - Loss, MSE, RMSE, MAE, MAPE: 0.00377, 0.00377, 0.05965, 0.03940, 220096.64%
Test - Best epoch, Loss, MSE, RMSE, MAE, MAPE: 204, 0.00312, 0.00312, 0.05441, 0.03572, 8.40%
Time spent: 8.96s
- Epoch 209, ExpID 69898
Train - Loss (one batch): 0.00232
Val - Loss, MSE, RMSE, MAE, MAPE: 0.00310, 0.00310, 0.05411, 0.03553, 204233.93%
Test - Best epoch, Loss, MSE, RMSE, MAE, MAPE: 209, 0.00310, 0.00310, 0.05418, 0.03569, 8.48%
Time spent: 10.06s
- Epoch 210, ExpID 69898
Train - Loss (one batch): 0.00392
Val - Loss, MSE, RMSE, MAE, MAPE: 0.00318, 0.00318, 0.05481, 0.03604, 205927.45%
Test - Best epoch, Loss, MSE, RMSE, MAE, MAPE: 209, 0.00310, 0.00310, 0.05418, 0.03569, 8.48%
Time spent: 8.86s
- Epoch 211, ExpID 69898
Train - Loss (one batch): 0.00297
Val - Loss, MSE, RMSE, MAE, MAPE: 0.00333, 0.00333, 0.05621, 0.03756, 196735.73%
Test - Best epoch, Loss, MSE, RMSE, MAE, MAPE: 209, 0.00310, 0.00310, 0.05418, 0.03569, 8.48%
Time spent: 8.84s
- Epoch 212, ExpID 69898
Train - Loss (one batch): 0.00273
Val - Loss, MSE, RMSE, MAE, MAPE: 0.00312, 0.00312, 0.05429, 0.03567, 208594.24%
Test - Best epoch, Loss, MSE, RMSE, MAE, MAPE: 209, 0.00310, 0.00310, 0.05418, 0.03569, 8.48%
Time spent: 8.68s
- Epoch 213, ExpID 69898
Train - Loss (one batch): 0.00252
Val - Loss, MSE, RMSE, MAE, MAPE: 0.00316, 0.00316, 0.05473, 0.03607, 210880.38%
Test - Best epoch, Loss, MSE, RMSE, MAE, MAPE: 209, 0.00310, 0.00310, 0.05418, 0.03569, 8.48%
Time spent: 9.11s
- Epoch 214, ExpID 69898
Train - Loss (one batch): 0.00327
Val - Loss, MSE, RMSE, MAE, MAPE: 0.00327, 0.00327, 0.05574, 0.03708, 200971.09%
Test - Best epoch, Loss, MSE, RMSE, MAE, MAPE: 209, 0.00310, 0.00310, 0.05418, 0.03569, 8.48%
Time spent: 8.86s
- Epoch 215, ExpID 69898
Train - Loss (one batch): 0.00207
Val - Loss, MSE, RMSE, MAE, MAPE: 0.00317, 0.00317, 0.05478, 0.03646, 209452.63%
Test - Best epoch, Loss, MSE, RMSE, MAE, MAPE: 209, 0.00310, 0.00310, 0.05418, 0.03569, 8.48%
Time spent: 8.91s
- Epoch 216, ExpID 69898
Train - Loss (one batch): 0.00411
Val - Loss, MSE, RMSE, MAE, MAPE: 0.00308, 0.00308, 0.05395, 0.03515, 206964.33%
Test - Best epoch, Loss, MSE, RMSE, MAE, MAPE: 216, 0.00309, 0.00309, 0.05415, 0.03567, 8.49%
Time spent: 10.01s
- Epoch 217, ExpID 69898
Train - Loss (one batch): 0.00176
Val - Loss, MSE, RMSE, MAE, MAPE: 0.00311, 0.00311, 0.05417, 0.03540, 210615.00%
Test - Best epoch, Loss, MSE, RMSE, MAE, MAPE: 216, 0.00309, 0.00309, 0.05415, 0.03567, 8.49%
Time spent: 8.66s
- Epoch 218, ExpID 69898
Train - Loss (one batch): 0.00313
Val - Loss, MSE, RMSE, MAE, MAPE: 0.00344, 0.00344, 0.05711, 0.03816, 198947.30%
Test - Best epoch, Loss, MSE, RMSE, MAE, MAPE: 216, 0.00309, 0.00309, 0.05415, 0.03567, 8.49%
Time spent: 8.74s
- Epoch 219, ExpID 69898
Train - Loss (one batch): 0.00364
Val - Loss, MSE, RMSE, MAE, MAPE: 0.00314, 0.00314, 0.05439, 0.03571, 209220.62%
Test - Best epoch, Loss, MSE, RMSE, MAE, MAPE: 216, 0.00309, 0.00309, 0.05415, 0.03567, 8.49%
Time spent: 8.69s
- Epoch 220, ExpID 69898
Train - Loss (one batch): 0.00243
Val - Loss, MSE, RMSE, MAE, MAPE: 0.00317, 0.00317, 0.05468, 0.03574, 211828.91%
Test - Best epoch, Loss, MSE, RMSE, MAE, MAPE: 216, 0.00309, 0.00309, 0.05415, 0.03567, 8.49%
Time spent: 8.88s
- Epoch 221, ExpID 69898
Train - Loss (one batch): 0.00384
Val - Loss, MSE, RMSE, MAE, MAPE: 0.00321, 0.00321, 0.05510, 0.03632, 211054.45%
Test - Best epoch, Loss, MSE, RMSE, MAE, MAPE: 216, 0.00309, 0.00309, 0.05415, 0.03567, 8.49%
Time spent: 8.87s
- Epoch 222, ExpID 69898
Train - Loss (one batch): 0.00244
Val - Loss, MSE, RMSE, MAE, MAPE: 0.00314, 0.00314, 0.05447, 0.03614, 201485.65%
Test - Best epoch, Loss, MSE, RMSE, MAE, MAPE: 216, 0.00309, 0.00309, 0.05415, 0.03567, 8.49%
Time spent: 8.63s
- Epoch 223, ExpID 69898
Train - Loss (one batch): 0.00206
Val - Loss, MSE, RMSE, MAE, MAPE: 0.00321, 0.00321, 0.05501, 0.03615, 200437.44%
Test - Best epoch, Loss, MSE, RMSE, MAE, MAPE: 216, 0.00309, 0.00309, 0.05415, 0.03567, 8.49%
Time spent: 8.76s
- Epoch 224, ExpID 69898
Train - Loss (one batch): 0.00363
Val - Loss, MSE, RMSE, MAE, MAPE: 0.00321, 0.00321, 0.05511, 0.03607, 206285.33%
Test - Best epoch, Loss, MSE, RMSE, MAE, MAPE: 216, 0.00309, 0.00309, 0.05415, 0.03567, 8.49%
Time spent: 8.67s
- Epoch 225, ExpID 69898
Train - Loss (one batch): 0.00233
Val - Loss, MSE, RMSE, MAE, MAPE: 0.00319, 0.00319, 0.05494, 0.03619, 201609.44%
Test - Best epoch, Loss, MSE, RMSE, MAE, MAPE: 216, 0.00309, 0.00309, 0.05415, 0.03567, 8.49%
Time spent: 8.61s
- Epoch 226, ExpID 69898
Train - Loss (one batch): 0.00273
Val - Loss, MSE, RMSE, MAE, MAPE: 0.00313, 0.00313, 0.05440, 0.03554, 208184.82%
Test - Best epoch, Loss, MSE, RMSE, MAE, MAPE: 216, 0.00309, 0.00309, 0.05415, 0.03567, 8.49%
Time spent: 8.71s
- Epoch 227, ExpID 69898
Train - Loss (one batch): 0.00233
Val - Loss, MSE, RMSE, MAE, MAPE: 0.00310, 0.00310, 0.05408, 0.03545, 201513.20%
Test - Best epoch, Loss, MSE, RMSE, MAE, MAPE: 216, 0.00309, 0.00309, 0.05415, 0.03567, 8.49%
Time spent: 8.75s
- Epoch 228, ExpID 69898
Train - Loss (one batch): 0.00257
Val - Loss, MSE, RMSE, MAE, MAPE: 0.00335, 0.00335, 0.05641, 0.03841, 208419.38%
Test - Best epoch, Loss, MSE, RMSE, MAE, MAPE: 216, 0.00309, 0.00309, 0.05415, 0.03567, 8.49%
Time spent: 8.71s
- Epoch 229, ExpID 69898
Train - Loss (one batch): 0.00280
Val - Loss, MSE, RMSE, MAE, MAPE: 0.00315, 0.00315, 0.05457, 0.03539, 209493.88%
Test - Best epoch, Loss, MSE, RMSE, MAE, MAPE: 216, 0.00309, 0.00309, 0.05415, 0.03567, 8.49%
Time spent: 8.77s
- Epoch 230, ExpID 69898
Train - Loss (one batch): 0.00303
Val - Loss, MSE, RMSE, MAE, MAPE: 0.00306, 0.00306, 0.05376, 0.03495, 209564.79%
Test - Best epoch, Loss, MSE, RMSE, MAE, MAPE: 230, 0.00306, 0.00306, 0.05379, 0.03516, 8.52%
Time spent: 9.91s
- Epoch 231, ExpID 69898
Train - Loss (one batch): 0.00211
Val - Loss, MSE, RMSE, MAE, MAPE: 0.00317, 0.00317, 0.05479, 0.03621, 201766.39%
Test - Best epoch, Loss, MSE, RMSE, MAE, MAPE: 230, 0.00306, 0.00306, 0.05379, 0.03516, 8.52%
Time spent: 8.88s
- Epoch 232, ExpID 69898
Train - Loss (one batch): 0.00333
Val - Loss, MSE, RMSE, MAE, MAPE: 0.00353, 0.00353, 0.05811, 0.04034, 213298.30%
Test - Best epoch, Loss, MSE, RMSE, MAE, MAPE: 230, 0.00306, 0.00306, 0.05379, 0.03516, 8.52%
Time spent: 8.59s
- Epoch 233, ExpID 69898
Train - Loss (one batch): 0.00236
Val - Loss, MSE, RMSE, MAE, MAPE: 0.00327, 0.00327, 0.05573, 0.03771, 211990.21%
Test - Best epoch, Loss, MSE, RMSE, MAE, MAPE: 230, 0.00306, 0.00306, 0.05379, 0.03516, 8.52%
Time spent: 8.82s
- Epoch 234, ExpID 69898
Train - Loss (one batch): 0.00319
Val - Loss, MSE, RMSE, MAE, MAPE: 0.00349, 0.00349, 0.05770, 0.03956, 201959.31%
Test - Best epoch, Loss, MSE, RMSE, MAE, MAPE: 230, 0.00306, 0.00306, 0.05379, 0.03516, 8.52%
Time spent: 8.90s
- Epoch 235, ExpID 69898
Train - Loss (one batch): 0.00239
Val - Loss, MSE, RMSE, MAE, MAPE: 0.00319, 0.00319, 0.05494, 0.03582, 209424.86%
Test - Best epoch, Loss, MSE, RMSE, MAE, MAPE: 230, 0.00306, 0.00306, 0.05379, 0.03516, 8.52%
Time spent: 8.86s
- Epoch 236, ExpID 69898
Train - Loss (one batch): 0.00334
Val - Loss, MSE, RMSE, MAE, MAPE: 0.00314, 0.00314, 0.05437, 0.03583, 205565.91%
Test - Best epoch, Loss, MSE, RMSE, MAE, MAPE: 230, 0.00306, 0.00306, 0.05379, 0.03516, 8.52%
Time spent: 8.73s
- Epoch 237, ExpID 69898
Train - Loss (one batch): 0.00217
Val - Loss, MSE, RMSE, MAE, MAPE: 0.00313, 0.00313, 0.05435, 0.03549, 206335.91%
Test - Best epoch, Loss, MSE, RMSE, MAE, MAPE: 230, 0.00306, 0.00306, 0.05379, 0.03516, 8.52%
Time spent: 8.87s
- Epoch 238, ExpID 69898
Train - Loss (one batch): 0.00229
Val - Loss, MSE, RMSE, MAE, MAPE: 0.00309, 0.00309, 0.05401, 0.03549, 205404.31%
Test - Best epoch, Loss, MSE, RMSE, MAE, MAPE: 230, 0.00306, 0.00306, 0.05379, 0.03516, 8.52%
Time spent: 8.66s
- Epoch 239, ExpID 69898
Train - Loss (one batch): 0.00298
Val - Loss, MSE, RMSE, MAE, MAPE: 0.00315, 0.00315, 0.05449, 0.03519, 204331.27%
Test - Best epoch, Loss, MSE, RMSE, MAE, MAPE: 230, 0.00306, 0.00306, 0.05379, 0.03516, 8.52%
Time spent: 8.77s
- Epoch 240, ExpID 69898
Train - Loss (one batch): 0.00284
Val - Loss, MSE, RMSE, MAE, MAPE: 0.00315, 0.00315, 0.05449, 0.03575, 201178.10%
Test - Best epoch, Loss, MSE, RMSE, MAE, MAPE: 230, 0.00306, 0.00306, 0.05379, 0.03516, 8.52%
Time spent: 8.89s
- Epoch 241, ExpID 69898
Train - Loss (one batch): 0.00261
Val - Loss, MSE, RMSE, MAE, MAPE: 0.00304, 0.00304, 0.05353, 0.03471, 208747.34%
Test - Best epoch, Loss, MSE, RMSE, MAE, MAPE: 241, 0.00309, 0.00309, 0.05403, 0.03522, 8.40%
Time spent: 9.70s
- Epoch 242, ExpID 69898
Train - Loss (one batch): 0.00286
Val - Loss, MSE, RMSE, MAE, MAPE: 0.00308, 0.00308, 0.05394, 0.03496, 208940.32%
Test - Best epoch, Loss, MSE, RMSE, MAE, MAPE: 241, 0.00309, 0.00309, 0.05403, 0.03522, 8.40%
Time spent: 8.73s
- Epoch 243, ExpID 69898
Train - Loss (one batch): 0.00205
Val - Loss, MSE, RMSE, MAE, MAPE: 0.00307, 0.00307, 0.05384, 0.03502, 210408.56%
Test - Best epoch, Loss, MSE, RMSE, MAE, MAPE: 241, 0.00309, 0.00309, 0.05403, 0.03522, 8.40%
Time spent: 8.61s
- Epoch 244, ExpID 69898
Train - Loss (one batch): 0.00299
Val - Loss, MSE, RMSE, MAE, MAPE: 0.00320, 0.00320, 0.05500, 0.03665, 206351.80%
Test - Best epoch, Loss, MSE, RMSE, MAE, MAPE: 241, 0.00309, 0.00309, 0.05403, 0.03522, 8.40%
Time spent: 8.82s
- Epoch 245, ExpID 69898
Train - Loss (one batch): 0.00245
Val - Loss, MSE, RMSE, MAE, MAPE: 0.00344, 0.00344, 0.05717, 0.03853, 192946.70%
Test - Best epoch, Loss, MSE, RMSE, MAE, MAPE: 241, 0.00309, 0.00309, 0.05403, 0.03522, 8.40%
Time spent: 8.82s
- Epoch 246, ExpID 69898
Train - Loss (one batch): 0.00221
Val - Loss, MSE, RMSE, MAE, MAPE: 0.00308, 0.00308, 0.05395, 0.03506, 205629.09%
Test - Best epoch, Loss, MSE, RMSE, MAE, MAPE: 241, 0.00309, 0.00309, 0.05403, 0.03522, 8.40%
Time spent: 8.63s
- Epoch 247, ExpID 69898
Train - Loss (one batch): 0.00253
Val - Loss, MSE, RMSE, MAE, MAPE: 0.00309, 0.00309, 0.05408, 0.03571, 198520.61%
Test - Best epoch, Loss, MSE, RMSE, MAE, MAPE: 241, 0.00309, 0.00309, 0.05403, 0.03522, 8.40%
Time spent: 8.89s
- Epoch 248, ExpID 69898
Train - Loss (one batch): 0.00269
Val - Loss, MSE, RMSE, MAE, MAPE: 0.00317, 0.00317, 0.05492, 0.03695, 205849.98%
Test - Best epoch, Loss, MSE, RMSE, MAE, MAPE: 241, 0.00309, 0.00309, 0.05403, 0.03522, 8.40%
Time spent: 8.67s
- Epoch 249, ExpID 69898
Train - Loss (one batch): 0.00260
Val - Loss, MSE, RMSE, MAE, MAPE: 0.00310, 0.00310, 0.05417, 0.03525, 206196.35%
Test - Best epoch, Loss, MSE, RMSE, MAE, MAPE: 241, 0.00309, 0.00309, 0.05403, 0.03522, 8.40%
Time spent: 8.69s
- Epoch 250, ExpID 69898
Train - Loss (one batch): 0.00197
Val - Loss, MSE, RMSE, MAE, MAPE: 0.00318, 0.00318, 0.05479, 0.03615, 199855.40%
Test - Best epoch, Loss, MSE, RMSE, MAE, MAPE: 241, 0.00309, 0.00309, 0.05403, 0.03522, 8.40%
Time spent: 8.77s
- Epoch 251, ExpID 69898
Train - Loss (one batch): 0.00201
Val - Loss, MSE, RMSE, MAE, MAPE: 0.00312, 0.00312, 0.05432, 0.03588, 200068.83%
Test - Best epoch, Loss, MSE, RMSE, MAE, MAPE: 241, 0.00309, 0.00309, 0.05403, 0.03522, 8.40%
Time spent: 8.67s
- Epoch 252, ExpID 69898
Train - Loss (one batch): 0.00215
Val - Loss, MSE, RMSE, MAE, MAPE: 0.00327, 0.00327, 0.05575, 0.03807, 207672.25%
Test - Best epoch, Loss, MSE, RMSE, MAE, MAPE: 241, 0.00309, 0.00309, 0.05403, 0.03522, 8.40%
Time spent: 8.62s
- Epoch 253, ExpID 69898
Train - Loss (one batch): 0.00327
Val - Loss, MSE, RMSE, MAE, MAPE: 0.00313, 0.00313, 0.05431, 0.03574, 214171.07%
Test - Best epoch, Loss, MSE, RMSE, MAE, MAPE: 241, 0.00309, 0.00309, 0.05403, 0.03522, 8.40%
Time spent: 9.13s
- Epoch 254, ExpID 69898
Train - Loss (one batch): 0.00298
Val - Loss, MSE, RMSE, MAE, MAPE: 0.00311, 0.00311, 0.05416, 0.03496, 202355.17%
Test - Best epoch, Loss, MSE, RMSE, MAE, MAPE: 241, 0.00309, 0.00309, 0.05403, 0.03522, 8.40%
Time spent: 8.59s
- Epoch 255, ExpID 69898
Train - Loss (one batch): 0.00225
Val - Loss, MSE, RMSE, MAE, MAPE: 0.00316, 0.00316, 0.05463, 0.03590, 208491.84%
Test - Best epoch, Loss, MSE, RMSE, MAE, MAPE: 241, 0.00309, 0.00309, 0.05403, 0.03522, 8.40%
Time spent: 8.72s
- Epoch 256, ExpID 69898
Train - Loss (one batch): 0.00309
Val - Loss, MSE, RMSE, MAE, MAPE: 0.00336, 0.00336, 0.05654, 0.03826, 200371.94%
Test - Best epoch, Loss, MSE, RMSE, MAE, MAPE: 241, 0.00309, 0.00309, 0.05403, 0.03522, 8.40%
Time spent: 8.86s
- Epoch 257, ExpID 69898
Train - Loss (one batch): 0.00196
Val - Loss, MSE, RMSE, MAE, MAPE: 0.00326, 0.00326, 0.05550, 0.03636, 199116.69%
Test - Best epoch, Loss, MSE, RMSE, MAE, MAPE: 241, 0.00309, 0.00309, 0.05403, 0.03522, 8.40%
Time spent: 8.57s
- Epoch 258, ExpID 69898
Train - Loss (one batch): 0.00196
Val - Loss, MSE, RMSE, MAE, MAPE: 0.00305, 0.00305, 0.05366, 0.03474, 205278.86%
Test - Best epoch, Loss, MSE, RMSE, MAE, MAPE: 241, 0.00309, 0.00309, 0.05403, 0.03522, 8.40%
Time spent: 8.52s
- Epoch 259, ExpID 69898
Train - Loss (one batch): 0.00208
Val - Loss, MSE, RMSE, MAE, MAPE: 0.00311, 0.00311, 0.05427, 0.03542, 198623.55%
Test - Best epoch, Loss, MSE, RMSE, MAE, MAPE: 241, 0.00309, 0.00309, 0.05403, 0.03522, 8.40%
Time spent: 9.33s
- Epoch 260, ExpID 69898
Train - Loss (one batch): 0.00289
Val - Loss, MSE, RMSE, MAE, MAPE: 0.00313, 0.00313, 0.05440, 0.03612, 206645.06%
Test - Best epoch, Loss, MSE, RMSE, MAE, MAPE: 241, 0.00309, 0.00309, 0.05403, 0.03522, 8.40%
Time spent: 8.71s
- Epoch 261, ExpID 69898
Train - Loss (one batch): 0.00360
Val - Loss, MSE, RMSE, MAE, MAPE: 0.00321, 0.00321, 0.05512, 0.03641, 206190.16%
Test - Best epoch, Loss, MSE, RMSE, MAE, MAPE: 241, 0.00309, 0.00309, 0.05403, 0.03522, 8.40%
Time spent: 8.71s
