INFO | - Epoch 000, ExpID 67118
INFO | Train - Loss (one batch): 0.00987
INFO | Val - Loss, MSE, RMSE, MAE: 0.01173, 0.01173, 0.10832, 0.08448
INFO | Test - Best epoch 0, Loss, MSE, RMSE, MAE: 0.72635, 0.72635, 0.84485, 0.66170
INFO | Time spent: 10.91s
INFO | - Epoch 001, ExpID 67118
INFO | Train - Loss (one batch): 0.00307
INFO | Val - Loss, MSE, RMSE, MAE: 0.00276, 0.00276, 0.05253, 0.04247
INFO | Test - Best epoch 1, Loss, MSE, RMSE, MAE: 0.18810, 0.18810, 0.43337, 0.35499
INFO | Time spent: 3.52s
INFO | - Epoch 002, ExpID 67118
INFO | Train - Loss (one batch): 0.00229
INFO | Val - Loss, MSE, RMSE, MAE: 0.00131, 0.00131, 0.03617, 0.02335
INFO | Test - Best epoch 2, Loss, MSE, RMSE, MAE: 0.08464, 0.08464, 0.28879, 0.19131
INFO | Time spent: 3.30s
INFO | - Epoch 003, ExpID 67118
INFO | Train - Loss (one batch): 0.00124
INFO | Val - Loss, MSE, RMSE, MAE: 0.00131, 0.00131, 0.03615, 0.02298
INFO | Test - Best epoch 3, Loss, MSE, RMSE, MAE: 0.08485, 0.08485, 0.28958, 0.18947
INFO | Time spent: 3.30s
INFO | - Epoch 004, ExpID 67118
INFO | Train - Loss (one batch): 0.00135
INFO | Val - Loss, MSE, RMSE, MAE: 0.00144, 0.00144, 0.03794, 0.02576
INFO | Test - Best epoch 3, Loss, MSE, RMSE, MAE: 0.08485, 0.08485, 0.28958, 0.18947
INFO | Time spent: 2.42s
INFO | - Epoch 005, ExpID 67118
INFO | Train - Loss (one batch): 0.00127
INFO | Val - Loss, MSE, RMSE, MAE: 0.00126, 0.00126, 0.03545, 0.02235
INFO | Test - Best epoch 5, Loss, MSE, RMSE, MAE: 0.08126, 0.08126, 0.28324, 0.18379
INFO | Time spent: 3.27s
INFO | - Epoch 006, ExpID 67118
INFO | Train - Loss (one batch): 0.00090
INFO | Val - Loss, MSE, RMSE, MAE: 0.00127, 0.00127, 0.03560, 0.02273
INFO | Test - Best epoch 5, Loss, MSE, RMSE, MAE: 0.08126, 0.08126, 0.28324, 0.18379
INFO | Time spent: 2.43s
INFO | - Epoch 007, ExpID 67118
INFO | Train - Loss (one batch): 0.00127
INFO | Val - Loss, MSE, RMSE, MAE: 0.00123, 0.00123, 0.03511, 0.02234
INFO | Test - Best epoch 7, Loss, MSE, RMSE, MAE: 0.07982, 0.07982, 0.28062, 0.18333
INFO | Time spent: 3.26s
INFO | - Epoch 008, ExpID 67118
INFO | Train - Loss (one batch): 0.00105
INFO | Val - Loss, MSE, RMSE, MAE: 0.00205, 0.00205, 0.04533, 0.03477
INFO | Test - Best epoch 7, Loss, MSE, RMSE, MAE: 0.07982, 0.07982, 0.28062, 0.18333
INFO | Time spent: 2.42s
INFO | - Epoch 009, ExpID 67118
INFO | Train - Loss (one batch): 0.00124
INFO | Val - Loss, MSE, RMSE, MAE: 0.00169, 0.00169, 0.04107, 0.02944
INFO | Test - Best epoch 7, Loss, MSE, RMSE, MAE: 0.07982, 0.07982, 0.28062, 0.18333
INFO | Time spent: 2.44s
INFO | - Epoch 010, ExpID 67118
INFO | Train - Loss (one batch): 0.00098
INFO | Val - Loss, MSE, RMSE, MAE: 0.00129, 0.00129, 0.03591, 0.02345
INFO | Test - Best epoch 7, Loss, MSE, RMSE, MAE: 0.07982, 0.07982, 0.28062, 0.18333
INFO | Time spent: 2.46s
INFO | - Epoch 011, ExpID 67118
INFO | Train - Loss (one batch): 0.00148
INFO | Val - Loss, MSE, RMSE, MAE: 0.00171, 0.00171, 0.04139, 0.03028
INFO | Test - Best epoch 7, Loss, MSE, RMSE, MAE: 0.07982, 0.07982, 0.28062, 0.18333
INFO | Time spent: 2.50s
INFO | - Epoch 012, ExpID 67118
INFO | Train - Loss (one batch): 0.00104
INFO | Val - Loss, MSE, RMSE, MAE: 0.00115, 0.00115, 0.03391, 0.02096
INFO | Test - Best epoch 12, Loss, MSE, RMSE, MAE: 0.07421, 0.07421, 0.27040, 0.17179
INFO | Time spent: 3.28s
INFO | - Epoch 013, ExpID 67118
INFO | Train - Loss (one batch): 0.00106
INFO | Val - Loss, MSE, RMSE, MAE: 0.00182, 0.00182, 0.04262, 0.03190
INFO | Test - Best epoch 12, Loss, MSE, RMSE, MAE: 0.07421, 0.07421, 0.27040, 0.17179
INFO | Time spent: 2.45s
INFO | - Epoch 014, ExpID 67118
INFO | Train - Loss (one batch): 0.00109
INFO | Val - Loss, MSE, RMSE, MAE: 0.00161, 0.00161, 0.04016, 0.02871
INFO | Test - Best epoch 12, Loss, MSE, RMSE, MAE: 0.07421, 0.07421, 0.27040, 0.17179
INFO | Time spent: 2.43s
INFO | - Epoch 015, ExpID 67118
INFO | Train - Loss (one batch): 0.00093
INFO | Val - Loss, MSE, RMSE, MAE: 0.00131, 0.00131, 0.03619, 0.02414
INFO | Test - Best epoch 12, Loss, MSE, RMSE, MAE: 0.07421, 0.07421, 0.27040, 0.17179
INFO | Time spent: 2.43s
INFO | - Epoch 016, ExpID 67118
INFO | Train - Loss (one batch): 0.00133
INFO | Val - Loss, MSE, RMSE, MAE: 0.00118, 0.00118, 0.03442, 0.02165
INFO | Test - Best epoch 12, Loss, MSE, RMSE, MAE: 0.07421, 0.07421, 0.27040, 0.17179
INFO | Time spent: 2.45s
INFO | - Epoch 017, ExpID 67118
INFO | Train - Loss (one batch): 0.00110
INFO | Val - Loss, MSE, RMSE, MAE: 0.00115, 0.00115, 0.03386, 0.02103
INFO | Test - Best epoch 17, Loss, MSE, RMSE, MAE: 0.07394, 0.07394, 0.26992, 0.17246
INFO | Time spent: 3.28s
INFO | - Epoch 018, ExpID 67118
INFO | Train - Loss (one batch): 0.00119
INFO | Val - Loss, MSE, RMSE, MAE: 0.00117, 0.00117, 0.03427, 0.02172
INFO | Test - Best epoch 17, Loss, MSE, RMSE, MAE: 0.07394, 0.07394, 0.26992, 0.17246
INFO | Time spent: 2.44s
INFO | - Epoch 019, ExpID 67118
INFO | Train - Loss (one batch): 0.00130
INFO | Val - Loss, MSE, RMSE, MAE: 0.00136, 0.00136, 0.03683, 0.02486
INFO | Test - Best epoch 17, Loss, MSE, RMSE, MAE: 0.07394, 0.07394, 0.26992, 0.17246
INFO | Time spent: 2.43s
INFO | - Epoch 020, ExpID 67118
INFO | Train - Loss (one batch): 0.00098
INFO | Val - Loss, MSE, RMSE, MAE: 0.00116, 0.00116, 0.03405, 0.02137
INFO | Test - Best epoch 17, Loss, MSE, RMSE, MAE: 0.07394, 0.07394, 0.26992, 0.17246
INFO | Time spent: 2.43s
INFO | - Epoch 021, ExpID 67118
INFO | Train - Loss (one batch): 0.00102
INFO | Val - Loss, MSE, RMSE, MAE: 0.00117, 0.00117, 0.03425, 0.02202
INFO | Test - Best epoch 17, Loss, MSE, RMSE, MAE: 0.07394, 0.07394, 0.26992, 0.17246
INFO | Time spent: 2.70s
INFO | - Epoch 022, ExpID 67118
INFO | Train - Loss (one batch): 0.00121
INFO | Val - Loss, MSE, RMSE, MAE: 0.00112, 0.00112, 0.03342, 0.02060
INFO | Test - Best epoch 22, Loss, MSE, RMSE, MAE: 0.07191, 0.07191, 0.26611, 0.16849
INFO | Time spent: 3.32s
INFO | - Epoch 023, ExpID 67118
INFO | Train - Loss (one batch): 0.00100
INFO | Val - Loss, MSE, RMSE, MAE: 0.00135, 0.00135, 0.03679, 0.02544
INFO | Test - Best epoch 22, Loss, MSE, RMSE, MAE: 0.07191, 0.07191, 0.26611, 0.16849
INFO | Time spent: 2.42s
INFO | - Epoch 024, ExpID 67118
INFO | Train - Loss (one batch): 0.00093
INFO | Val - Loss, MSE, RMSE, MAE: 0.00122, 0.00122, 0.03492, 0.02261
INFO | Test - Best epoch 22, Loss, MSE, RMSE, MAE: 0.07191, 0.07191, 0.26611, 0.16849
INFO | Time spent: 2.45s
INFO | - Epoch 025, ExpID 67118
INFO | Train - Loss (one batch): 0.00093
INFO | Val - Loss, MSE, RMSE, MAE: 0.00110, 0.00110, 0.03319, 0.02033
INFO | Test - Best epoch 25, Loss, MSE, RMSE, MAE: 0.07093, 0.07093, 0.26424, 0.16649
INFO | Time spent: 3.29s
INFO | - Epoch 026, ExpID 67118
INFO | Train - Loss (one batch): 0.00105
INFO | Val - Loss, MSE, RMSE, MAE: 0.00116, 0.00116, 0.03408, 0.02140
INFO | Test - Best epoch 25, Loss, MSE, RMSE, MAE: 0.07093, 0.07093, 0.26424, 0.16649
INFO | Time spent: 2.44s
INFO | - Epoch 027, ExpID 67118
INFO | Train - Loss (one batch): 0.00122
INFO | Val - Loss, MSE, RMSE, MAE: 0.00228, 0.00228, 0.04773, 0.03798
INFO | Test - Best epoch 25, Loss, MSE, RMSE, MAE: 0.07093, 0.07093, 0.26424, 0.16649
INFO | Time spent: 2.54s
INFO | - Epoch 028, ExpID 67118
INFO | Train - Loss (one batch): 0.00122
INFO | Val - Loss, MSE, RMSE, MAE: 0.00112, 0.00112, 0.03342, 0.02089
INFO | Test - Best epoch 25, Loss, MSE, RMSE, MAE: 0.07093, 0.07093, 0.26424, 0.16649
INFO | Time spent: 2.45s
INFO | - Epoch 029, ExpID 67118
INFO | Train - Loss (one batch): 0.00083
INFO | Val - Loss, MSE, RMSE, MAE: 0.00111, 0.00111, 0.03326, 0.02050
INFO | Test - Best epoch 25, Loss, MSE, RMSE, MAE: 0.07093, 0.07093, 0.26424, 0.16649
INFO | Time spent: 2.45s
INFO | - Epoch 030, ExpID 67118
INFO | Train - Loss (one batch): 0.00112
INFO | Val - Loss, MSE, RMSE, MAE: 0.00116, 0.00116, 0.03413, 0.02148
INFO | Test - Best epoch 25, Loss, MSE, RMSE, MAE: 0.07093, 0.07093, 0.26424, 0.16649
INFO | Time spent: 2.44s
INFO | - Epoch 031, ExpID 67118
INFO | Train - Loss (one batch): 0.00110
INFO | Val - Loss, MSE, RMSE, MAE: 0.00112, 0.00112, 0.03351, 0.02062
INFO | Test - Best epoch 25, Loss, MSE, RMSE, MAE: 0.07093, 0.07093, 0.26424, 0.16649
INFO | Time spent: 2.57s
INFO | - Epoch 032, ExpID 67118
INFO | Train - Loss (one batch): 0.00089
INFO | Val - Loss, MSE, RMSE, MAE: 0.00133, 0.00133, 0.03651, 0.02483
INFO | Test - Best epoch 25, Loss, MSE, RMSE, MAE: 0.07093, 0.07093, 0.26424, 0.16649
INFO | Time spent: 2.45s
INFO | - Epoch 033, ExpID 67118
INFO | Train - Loss (one batch): 0.00078
INFO | Val - Loss, MSE, RMSE, MAE: 0.00141, 0.00141, 0.03761, 0.02601
INFO | Test - Best epoch 25, Loss, MSE, RMSE, MAE: 0.07093, 0.07093, 0.26424, 0.16649
INFO | Time spent: 2.65s
INFO | - Epoch 034, ExpID 67118
INFO | Train - Loss (one batch): 0.00123
INFO | Val - Loss, MSE, RMSE, MAE: 0.00131, 0.00131, 0.03618, 0.02413
INFO | Test - Best epoch 25, Loss, MSE, RMSE, MAE: 0.07093, 0.07093, 0.26424, 0.16649
INFO | Time spent: 2.64s
INFO | - Epoch 035, ExpID 67118
INFO | Train - Loss (one batch): 0.00097
INFO | Val - Loss, MSE, RMSE, MAE: 0.00122, 0.00122, 0.03493, 0.02278
INFO | Test - Best epoch 25, Loss, MSE, RMSE, MAE: 0.07093, 0.07093, 0.26424, 0.16649
INFO | Time spent: 2.68s
INFO | - Epoch 036, ExpID 67118
INFO | Train - Loss (one batch): 0.00104
INFO | Val - Loss, MSE, RMSE, MAE: 0.00124, 0.00124, 0.03525, 0.02368
INFO | Test - Best epoch 25, Loss, MSE, RMSE, MAE: 0.07093, 0.07093, 0.26424, 0.16649
INFO | Time spent: 2.50s
INFO | - Epoch 037, ExpID 67118
INFO | Train - Loss (one batch): 0.00110
INFO | Val - Loss, MSE, RMSE, MAE: 0.00110, 0.00110, 0.03312, 0.02045
INFO | Test - Best epoch 37, Loss, MSE, RMSE, MAE: 0.07093, 0.07093, 0.26443, 0.16805
INFO | Time spent: 3.43s
INFO | - Epoch 038, ExpID 67118
INFO | Train - Loss (one batch): 0.00086
INFO | Val - Loss, MSE, RMSE, MAE: 0.00117, 0.00117, 0.03425, 0.02193
INFO | Test - Best epoch 37, Loss, MSE, RMSE, MAE: 0.07093, 0.07093, 0.26443, 0.16805
INFO | Time spent: 2.53s
INFO | - Epoch 039, ExpID 67118
INFO | Train - Loss (one batch): 0.00100
INFO | Val - Loss, MSE, RMSE, MAE: 0.00139, 0.00139, 0.03734, 0.02598
INFO | Test - Best epoch 37, Loss, MSE, RMSE, MAE: 0.07093, 0.07093, 0.26443, 0.16805
INFO | Time spent: 2.51s
INFO | - Epoch 040, ExpID 67118
INFO | Train - Loss (one batch): 0.00132
INFO | Val - Loss, MSE, RMSE, MAE: 0.00149, 0.00149, 0.03860, 0.02773
INFO | Test - Best epoch 37, Loss, MSE, RMSE, MAE: 0.07093, 0.07093, 0.26443, 0.16805
INFO | Time spent: 2.63s
INFO | - Epoch 041, ExpID 67118
INFO | Train - Loss (one batch): 0.00137
INFO | Val - Loss, MSE, RMSE, MAE: 0.00141, 0.00141, 0.03761, 0.02678
INFO | Test - Best epoch 37, Loss, MSE, RMSE, MAE: 0.07093, 0.07093, 0.26443, 0.16805
INFO | Time spent: 2.53s
INFO | - Epoch 042, ExpID 67118
INFO | Train - Loss (one batch): 0.00096
INFO | Val - Loss, MSE, RMSE, MAE: 0.00110, 0.00110, 0.03316, 0.02053
INFO | Test - Best epoch 37, Loss, MSE, RMSE, MAE: 0.07093, 0.07093, 0.26443, 0.16805
INFO | Time spent: 2.48s
INFO | - Epoch 043, ExpID 67118
INFO | Train - Loss (one batch): 0.00092
INFO | Val - Loss, MSE, RMSE, MAE: 0.00115, 0.00115, 0.03394, 0.02182
INFO | Test - Best epoch 37, Loss, MSE, RMSE, MAE: 0.07093, 0.07093, 0.26443, 0.16805
INFO | Time spent: 2.48s
INFO | - Epoch 044, ExpID 67118
INFO | Train - Loss (one batch): 0.00127
INFO | Val - Loss, MSE, RMSE, MAE: 0.00116, 0.00116, 0.03410, 0.02171
INFO | Test - Best epoch 37, Loss, MSE, RMSE, MAE: 0.07093, 0.07093, 0.26443, 0.16805
INFO | Time spent: 2.49s
INFO | - Epoch 045, ExpID 67118
INFO | Train - Loss (one batch): 0.00097
INFO | Val - Loss, MSE, RMSE, MAE: 0.00108, 0.00108, 0.03289, 0.02043
INFO | Test - Best epoch 45, Loss, MSE, RMSE, MAE: 0.07002, 0.07002, 0.26253, 0.16765
INFO | Time spent: 3.34s
INFO | - Epoch 046, ExpID 67118
INFO | Train - Loss (one batch): 0.00131
INFO | Val - Loss, MSE, RMSE, MAE: 0.00115, 0.00115, 0.03393, 0.02160
INFO | Test - Best epoch 45, Loss, MSE, RMSE, MAE: 0.07002, 0.07002, 0.26253, 0.16765
INFO | Time spent: 2.51s
INFO | - Epoch 047, ExpID 67118
INFO | Train - Loss (one batch): 0.00085
INFO | Val - Loss, MSE, RMSE, MAE: 0.00111, 0.00111, 0.03325, 0.02095
INFO | Test - Best epoch 45, Loss, MSE, RMSE, MAE: 0.07002, 0.07002, 0.26253, 0.16765
INFO | Time spent: 2.56s
INFO | - Epoch 048, ExpID 67118
INFO | Train - Loss (one batch): 0.00125
INFO | Val - Loss, MSE, RMSE, MAE: 0.00113, 0.00113, 0.03365, 0.02153
INFO | Test - Best epoch 45, Loss, MSE, RMSE, MAE: 0.07002, 0.07002, 0.26253, 0.16765
INFO | Time spent: 2.51s
INFO | - Epoch 049, ExpID 67118
INFO | Train - Loss (one batch): 0.00132
INFO | Val - Loss, MSE, RMSE, MAE: 0.00118, 0.00118, 0.03431, 0.02263
INFO | Test - Best epoch 45, Loss, MSE, RMSE, MAE: 0.07002, 0.07002, 0.26253, 0.16765
INFO | Time spent: 2.73s
INFO | - Epoch 050, ExpID 67118
INFO | Train - Loss (one batch): 0.00103
INFO | Val - Loss, MSE, RMSE, MAE: 0.00107, 0.00107, 0.03271, 0.02031
INFO | Test - Best epoch 50, Loss, MSE, RMSE, MAE: 0.06971, 0.06971, 0.26218, 0.16750
INFO | Time spent: 3.33s
INFO | - Epoch 051, ExpID 67118
INFO | Train - Loss (one batch): 0.00091
INFO | Val - Loss, MSE, RMSE, MAE: 0.00111, 0.00111, 0.03326, 0.02075
INFO | Test - Best epoch 50, Loss, MSE, RMSE, MAE: 0.06971, 0.06971, 0.26218, 0.16750
INFO | Time spent: 2.51s
INFO | - Epoch 052, ExpID 67118
INFO | Train - Loss (one batch): 0.00122
INFO | Val - Loss, MSE, RMSE, MAE: 0.00126, 0.00126, 0.03555, 0.02433
INFO | Test - Best epoch 50, Loss, MSE, RMSE, MAE: 0.06971, 0.06971, 0.26218, 0.16750
INFO | Time spent: 2.50s
INFO | - Epoch 053, ExpID 67118
INFO | Train - Loss (one batch): 0.00082
INFO | Val - Loss, MSE, RMSE, MAE: 0.00113, 0.00113, 0.03366, 0.02141
INFO | Test - Best epoch 50, Loss, MSE, RMSE, MAE: 0.06971, 0.06971, 0.26218, 0.16750
INFO | Time spent: 2.50s
INFO | - Epoch 054, ExpID 67118
INFO | Train - Loss (one batch): 0.00106
INFO | Val - Loss, MSE, RMSE, MAE: 0.00119, 0.00119, 0.03451, 0.02282
INFO | Test - Best epoch 50, Loss, MSE, RMSE, MAE: 0.06971, 0.06971, 0.26218, 0.16750
INFO | Time spent: 2.63s
INFO | - Epoch 055, ExpID 67118
INFO | Train - Loss (one batch): 0.00134
INFO | Val - Loss, MSE, RMSE, MAE: 0.00112, 0.00112, 0.03342, 0.02130
INFO | Test - Best epoch 50, Loss, MSE, RMSE, MAE: 0.06971, 0.06971, 0.26218, 0.16750
INFO | Time spent: 2.56s
INFO | - Epoch 056, ExpID 67118
INFO | Train - Loss (one batch): 0.00077
INFO | Val - Loss, MSE, RMSE, MAE: 0.00106, 0.00106, 0.03263, 0.02025
INFO | Test - Best epoch 56, Loss, MSE, RMSE, MAE: 0.06919, 0.06919, 0.26103, 0.16604
INFO | Time spent: 3.38s
INFO | - Epoch 057, ExpID 67118
INFO | Train - Loss (one batch): 0.00120
INFO | Val - Loss, MSE, RMSE, MAE: 0.00110, 0.00110, 0.03312, 0.02079
INFO | Test - Best epoch 56, Loss, MSE, RMSE, MAE: 0.06919, 0.06919, 0.26103, 0.16604
INFO | Time spent: 2.59s
INFO | - Epoch 058, ExpID 67118
INFO | Train - Loss (one batch): 0.00100
INFO | Val - Loss, MSE, RMSE, MAE: 0.00111, 0.00111, 0.03338, 0.02139
INFO | Test - Best epoch 56, Loss, MSE, RMSE, MAE: 0.06919, 0.06919, 0.26103, 0.16604
INFO | Time spent: 2.47s
INFO | - Epoch 059, ExpID 67118
INFO | Train - Loss (one batch): 0.00097
INFO | Val - Loss, MSE, RMSE, MAE: 0.00115, 0.00115, 0.03397, 0.02229
INFO | Test - Best epoch 56, Loss, MSE, RMSE, MAE: 0.06919, 0.06919, 0.26103, 0.16604
INFO | Time spent: 2.50s
INFO | - Epoch 060, ExpID 67118
INFO | Train - Loss (one batch): 0.00091
INFO | Val - Loss, MSE, RMSE, MAE: 0.00105, 0.00105, 0.03248, 0.01982
INFO | Test - Best epoch 60, Loss, MSE, RMSE, MAE: 0.06850, 0.06850, 0.25981, 0.16304
INFO | Time spent: 3.34s
INFO | - Epoch 061, ExpID 67118
INFO | Train - Loss (one batch): 0.00101
INFO | Val - Loss, MSE, RMSE, MAE: 0.00126, 0.00126, 0.03553, 0.02436
INFO | Test - Best epoch 60, Loss, MSE, RMSE, MAE: 0.06850, 0.06850, 0.25981, 0.16304
INFO | Time spent: 2.49s
INFO | - Epoch 062, ExpID 67118
INFO | Train - Loss (one batch): 0.00099
INFO | Val - Loss, MSE, RMSE, MAE: 0.00121, 0.00121, 0.03472, 0.02284
INFO | Test - Best epoch 60, Loss, MSE, RMSE, MAE: 0.06850, 0.06850, 0.25981, 0.16304
INFO | Time spent: 2.62s
INFO | - Epoch 063, ExpID 67118
INFO | Train - Loss (one batch): 0.00116
INFO | Val - Loss, MSE, RMSE, MAE: 0.00148, 0.00148, 0.03850, 0.02824
INFO | Test - Best epoch 60, Loss, MSE, RMSE, MAE: 0.06850, 0.06850, 0.25981, 0.16304
INFO | Time spent: 2.44s
INFO | - Epoch 064, ExpID 67118
INFO | Train - Loss (one batch): 0.00102
INFO | Val - Loss, MSE, RMSE, MAE: 0.00106, 0.00106, 0.03253, 0.02016
INFO | Test - Best epoch 60, Loss, MSE, RMSE, MAE: 0.06850, 0.06850, 0.25981, 0.16304
INFO | Time spent: 2.53s
INFO | - Epoch 065, ExpID 67118
INFO | Train - Loss (one batch): 0.00115
INFO | Val - Loss, MSE, RMSE, MAE: 0.00158, 0.00158, 0.03976, 0.02979
INFO | Test - Best epoch 60, Loss, MSE, RMSE, MAE: 0.06850, 0.06850, 0.25981, 0.16304
INFO | Time spent: 2.42s
INFO | - Epoch 066, ExpID 67118
INFO | Train - Loss (one batch): 0.00109
INFO | Val - Loss, MSE, RMSE, MAE: 0.00115, 0.00115, 0.03392, 0.02186
INFO | Test - Best epoch 60, Loss, MSE, RMSE, MAE: 0.06850, 0.06850, 0.25981, 0.16304
INFO | Time spent: 2.44s
INFO | - Epoch 067, ExpID 67118
INFO | Train - Loss (one batch): 0.00105
INFO | Val - Loss, MSE, RMSE, MAE: 0.00105, 0.00105, 0.03234, 0.01986
INFO | Test - Best epoch 67, Loss, MSE, RMSE, MAE: 0.06821, 0.06821, 0.25925, 0.16341
INFO | Time spent: 3.32s
INFO | - Epoch 068, ExpID 67118
INFO | Train - Loss (one batch): 0.00089
INFO | Val - Loss, MSE, RMSE, MAE: 0.00116, 0.00116, 0.03403, 0.02254
INFO | Test - Best epoch 67, Loss, MSE, RMSE, MAE: 0.06821, 0.06821, 0.25925, 0.16341
INFO | Time spent: 2.59s
INFO | - Epoch 069, ExpID 67118
INFO | Train - Loss (one batch): 0.00126
INFO | Val - Loss, MSE, RMSE, MAE: 0.00113, 0.00113, 0.03360, 0.02126
INFO | Test - Best epoch 67, Loss, MSE, RMSE, MAE: 0.06821, 0.06821, 0.25925, 0.16341
INFO | Time spent: 2.46s
INFO | - Epoch 070, ExpID 67118
INFO | Train - Loss (one batch): 0.00072
INFO | Val - Loss, MSE, RMSE, MAE: 0.00106, 0.00106, 0.03252, 0.02027
INFO | Test - Best epoch 67, Loss, MSE, RMSE, MAE: 0.06821, 0.06821, 0.25925, 0.16341
INFO | Time spent: 2.44s
INFO | - Epoch 071, ExpID 67118
INFO | Train - Loss (one batch): 0.00149
INFO | Val - Loss, MSE, RMSE, MAE: 0.00105, 0.00105, 0.03243, 0.02016
INFO | Test - Best epoch 67, Loss, MSE, RMSE, MAE: 0.06821, 0.06821, 0.25925, 0.16341
INFO | Time spent: 2.49s
INFO | - Epoch 072, ExpID 67118
INFO | Train - Loss (one batch): 0.00086
INFO | Val - Loss, MSE, RMSE, MAE: 0.00107, 0.00107, 0.03276, 0.02070
INFO | Test - Best epoch 67, Loss, MSE, RMSE, MAE: 0.06821, 0.06821, 0.25925, 0.16341
INFO | Time spent: 2.63s
INFO | - Epoch 073, ExpID 67118
INFO | Train - Loss (one batch): 0.00073
INFO | Val - Loss, MSE, RMSE, MAE: 0.00112, 0.00112, 0.03345, 0.02149
INFO | Test - Best epoch 67, Loss, MSE, RMSE, MAE: 0.06821, 0.06821, 0.25925, 0.16341
INFO | Time spent: 2.44s
INFO | - Epoch 074, ExpID 67118
INFO | Train - Loss (one batch): 0.00094
INFO | Val - Loss, MSE, RMSE, MAE: 0.00102, 0.00102, 0.03201, 0.01971
INFO | Test - Best epoch 74, Loss, MSE, RMSE, MAE: 0.06734, 0.06734, 0.25758, 0.16224
INFO | Time spent: 3.36s
INFO | - Epoch 075, ExpID 67118
INFO | Train - Loss (one batch): 0.00112
INFO | Val - Loss, MSE, RMSE, MAE: 0.00105, 0.00105, 0.03245, 0.02026
INFO | Test - Best epoch 74, Loss, MSE, RMSE, MAE: 0.06734, 0.06734, 0.25758, 0.16224
INFO | Time spent: 2.45s
INFO | - Epoch 076, ExpID 67118
INFO | Train - Loss (one batch): 0.00109
INFO | Val - Loss, MSE, RMSE, MAE: 0.00101, 0.00101, 0.03185, 0.01936
INFO | Test - Best epoch 76, Loss, MSE, RMSE, MAE: 0.06636, 0.06636, 0.25561, 0.15967
INFO | Time spent: 3.78s
INFO | - Epoch 077, ExpID 67118
INFO | Train - Loss (one batch): 0.00089
INFO | Val - Loss, MSE, RMSE, MAE: 0.00108, 0.00108, 0.03282, 0.02083
INFO | Test - Best epoch 76, Loss, MSE, RMSE, MAE: 0.06636, 0.06636, 0.25561, 0.15967
INFO | Time spent: 2.97s
INFO | - Epoch 078, ExpID 67118
INFO | Train - Loss (one batch): 0.00104
INFO | Val - Loss, MSE, RMSE, MAE: 0.00103, 0.00103, 0.03210, 0.01973
INFO | Test - Best epoch 76, Loss, MSE, RMSE, MAE: 0.06636, 0.06636, 0.25561, 0.15967
INFO | Time spent: 2.96s
INFO | - Epoch 079, ExpID 67118
INFO | Train - Loss (one batch): 0.00101
INFO | Val - Loss, MSE, RMSE, MAE: 0.00112, 0.00112, 0.03343, 0.02164
INFO | Test - Best epoch 76, Loss, MSE, RMSE, MAE: 0.06636, 0.06636, 0.25561, 0.15967
INFO | Time spent: 3.00s
INFO | - Epoch 080, ExpID 67118
INFO | Train - Loss (one batch): 0.00107
INFO | Val - Loss, MSE, RMSE, MAE: 0.00104, 0.00104, 0.03220, 0.02015
INFO | Test - Best epoch 76, Loss, MSE, RMSE, MAE: 0.06636, 0.06636, 0.25561, 0.15967
INFO | Time spent: 3.06s
INFO | - Epoch 081, ExpID 67118
INFO | Train - Loss (one batch): 0.00107
INFO | Val - Loss, MSE, RMSE, MAE: 0.00136, 0.00136, 0.03690, 0.02650
INFO | Test - Best epoch 76, Loss, MSE, RMSE, MAE: 0.06636, 0.06636, 0.25561, 0.15967
INFO | Time spent: 2.99s
INFO | - Epoch 082, ExpID 67118
INFO | Train - Loss (one batch): 0.00104
INFO | Val - Loss, MSE, RMSE, MAE: 0.00103, 0.00103, 0.03214, 0.01982
INFO | Test - Best epoch 76, Loss, MSE, RMSE, MAE: 0.06636, 0.06636, 0.25561, 0.15967
INFO | Time spent: 2.98s
INFO | - Epoch 083, ExpID 67118
INFO | Train - Loss (one batch): 0.00097
INFO | Val - Loss, MSE, RMSE, MAE: 0.00104, 0.00104, 0.03219, 0.02006
INFO | Test - Best epoch 76, Loss, MSE, RMSE, MAE: 0.06636, 0.06636, 0.25561, 0.15967
INFO | Time spent: 2.99s
INFO | - Epoch 084, ExpID 67118
INFO | Train - Loss (one batch): 0.00076
INFO | Val - Loss, MSE, RMSE, MAE: 0.00110, 0.00110, 0.03323, 0.02170
INFO | Test - Best epoch 76, Loss, MSE, RMSE, MAE: 0.06636, 0.06636, 0.25561, 0.15967
INFO | Time spent: 2.99s
INFO | - Epoch 085, ExpID 67118
INFO | Train - Loss (one batch): 0.00127
INFO | Val - Loss, MSE, RMSE, MAE: 0.00115, 0.00115, 0.03396, 0.02261
INFO | Test - Best epoch 76, Loss, MSE, RMSE, MAE: 0.06636, 0.06636, 0.25561, 0.15967
INFO | Time spent: 2.99s
INFO | - Epoch 086, ExpID 67118
INFO | Train - Loss (one batch): 0.00078
INFO | Val - Loss, MSE, RMSE, MAE: 0.00101, 0.00101, 0.03181, 0.01946
INFO | Test - Best epoch 86, Loss, MSE, RMSE, MAE: 0.06747, 0.06747, 0.25787, 0.16186
INFO | Time spent: 4.06s
INFO | - Epoch 087, ExpID 67118
INFO | Train - Loss (one batch): 0.00093
INFO | Val - Loss, MSE, RMSE, MAE: 0.00104, 0.00104, 0.03231, 0.02016
INFO | Test - Best epoch 86, Loss, MSE, RMSE, MAE: 0.06747, 0.06747, 0.25787, 0.16186
INFO | Time spent: 3.01s
INFO | - Epoch 088, ExpID 67118
INFO | Train - Loss (one batch): 0.00108
INFO | Val - Loss, MSE, RMSE, MAE: 0.00111, 0.00111, 0.03337, 0.02151
INFO | Test - Best epoch 86, Loss, MSE, RMSE, MAE: 0.06747, 0.06747, 0.25787, 0.16186
INFO | Time spent: 2.99s
INFO | - Epoch 089, ExpID 67118
INFO | Train - Loss (one batch): 0.00082
INFO | Val - Loss, MSE, RMSE, MAE: 0.00103, 0.00103, 0.03212, 0.01987
INFO | Test - Best epoch 86, Loss, MSE, RMSE, MAE: 0.06747, 0.06747, 0.25787, 0.16186
INFO | Time spent: 2.97s
INFO | - Epoch 090, ExpID 67118
INFO | Train - Loss (one batch): 0.00078
INFO | Val - Loss, MSE, RMSE, MAE: 0.00107, 0.00107, 0.03269, 0.02052
INFO | Test - Best epoch 86, Loss, MSE, RMSE, MAE: 0.06747, 0.06747, 0.25787, 0.16186
INFO | Time spent: 2.98s
INFO | - Epoch 091, ExpID 67118
INFO | Train - Loss (one batch): 0.00081
INFO | Val - Loss, MSE, RMSE, MAE: 0.00101, 0.00101, 0.03176, 0.01957
INFO | Test - Best epoch 91, Loss, MSE, RMSE, MAE: 0.06653, 0.06653, 0.25585, 0.16118
INFO | Time spent: 4.07s
INFO | - Epoch 092, ExpID 67118
INFO | Train - Loss (one batch): 0.00108
INFO | Val - Loss, MSE, RMSE, MAE: 0.00101, 0.00101, 0.03184, 0.01952
INFO | Test - Best epoch 91, Loss, MSE, RMSE, MAE: 0.06653, 0.06653, 0.25585, 0.16118
INFO | Time spent: 2.94s
INFO | - Epoch 093, ExpID 67118
INFO | Train - Loss (one batch): 0.00108
INFO | Val - Loss, MSE, RMSE, MAE: 0.00108, 0.00108, 0.03280, 0.02094
INFO | Test - Best epoch 91, Loss, MSE, RMSE, MAE: 0.06653, 0.06653, 0.25585, 0.16118
INFO | Time spent: 2.93s
INFO | - Epoch 094, ExpID 67118
INFO | Train - Loss (one batch): 0.00100
INFO | Val - Loss, MSE, RMSE, MAE: 0.00108, 0.00108, 0.03281, 0.02094
INFO | Test - Best epoch 91, Loss, MSE, RMSE, MAE: 0.06653, 0.06653, 0.25585, 0.16118
INFO | Time spent: 2.92s
INFO | - Epoch 095, ExpID 67118
INFO | Train - Loss (one batch): 0.00105
INFO | Val - Loss, MSE, RMSE, MAE: 0.00104, 0.00104, 0.03228, 0.02010
INFO | Test - Best epoch 91, Loss, MSE, RMSE, MAE: 0.06653, 0.06653, 0.25585, 0.16118
INFO | Time spent: 2.94s
INFO | - Epoch 096, ExpID 67118
INFO | Train - Loss (one batch): 0.00108
INFO | Val - Loss, MSE, RMSE, MAE: 0.00115, 0.00115, 0.03387, 0.02259
INFO | Test - Best epoch 91, Loss, MSE, RMSE, MAE: 0.06653, 0.06653, 0.25585, 0.16118
INFO | Time spent: 3.11s
INFO | - Epoch 097, ExpID 67118
INFO | Train - Loss (one batch): 0.00100
INFO | Val - Loss, MSE, RMSE, MAE: 0.00106, 0.00106, 0.03257, 0.02070
INFO | Test - Best epoch 91, Loss, MSE, RMSE, MAE: 0.06653, 0.06653, 0.25585, 0.16118
INFO | Time spent: 3.14s
INFO | - Epoch 098, ExpID 67118
INFO | Train - Loss (one batch): 0.00084
INFO | Val - Loss, MSE, RMSE, MAE: 0.00100, 0.00100, 0.03165, 0.01934
INFO | Test - Best epoch 98, Loss, MSE, RMSE, MAE: 0.06560, 0.06560, 0.25419, 0.15901
INFO | Time spent: 4.22s
INFO | - Epoch 099, ExpID 67118
INFO | Train - Loss (one batch): 0.00095
INFO | Val - Loss, MSE, RMSE, MAE: 0.00102, 0.00102, 0.03192, 0.01969
INFO | Test - Best epoch 98, Loss, MSE, RMSE, MAE: 0.06560, 0.06560, 0.25419, 0.15901
INFO | Time spent: 2.98s
INFO | - Epoch 100, ExpID 67118
INFO | Train - Loss (one batch): 0.00070
INFO | Val - Loss, MSE, RMSE, MAE: 0.00102, 0.00102, 0.03190, 0.01953
INFO | Test - Best epoch 98, Loss, MSE, RMSE, MAE: 0.06560, 0.06560, 0.25419, 0.15901
INFO | Time spent: 2.96s
INFO | - Epoch 101, ExpID 67118
INFO | Train - Loss (one batch): 0.00087
INFO | Val - Loss, MSE, RMSE, MAE: 0.00112, 0.00112, 0.03354, 0.02224
INFO | Test - Best epoch 98, Loss, MSE, RMSE, MAE: 0.06560, 0.06560, 0.25419, 0.15901
INFO | Time spent: 2.94s
INFO | - Epoch 102, ExpID 67118
INFO | Train - Loss (one batch): 0.00090
INFO | Val - Loss, MSE, RMSE, MAE: 0.00108, 0.00108, 0.03290, 0.02118
INFO | Test - Best epoch 98, Loss, MSE, RMSE, MAE: 0.06560, 0.06560, 0.25419, 0.15901
INFO | Time spent: 3.05s
INFO | - Epoch 103, ExpID 67118
INFO | Train - Loss (one batch): 0.00090
INFO | Val - Loss, MSE, RMSE, MAE: 0.00104, 0.00104, 0.03225, 0.02028
INFO | Test - Best epoch 98, Loss, MSE, RMSE, MAE: 0.06560, 0.06560, 0.25419, 0.15901
INFO | Time spent: 2.99s
INFO | - Epoch 104, ExpID 67118
INFO | Train - Loss (one batch): 0.00088
INFO | Val - Loss, MSE, RMSE, MAE: 0.00102, 0.00102, 0.03193, 0.01960
INFO | Test - Best epoch 98, Loss, MSE, RMSE, MAE: 0.06560, 0.06560, 0.25419, 0.15901
INFO | Time spent: 2.93s
INFO | - Epoch 105, ExpID 67118
INFO | Train - Loss (one batch): 0.00108
INFO | Val - Loss, MSE, RMSE, MAE: 0.00101, 0.00101, 0.03173, 0.01943
INFO | Test - Best epoch 98, Loss, MSE, RMSE, MAE: 0.06560, 0.06560, 0.25419, 0.15901
INFO | Time spent: 2.93s
INFO | - Epoch 106, ExpID 67118
INFO | Train - Loss (one batch): 0.00083
INFO | Val - Loss, MSE, RMSE, MAE: 0.00101, 0.00101, 0.03182, 0.01991
INFO | Test - Best epoch 98, Loss, MSE, RMSE, MAE: 0.06560, 0.06560, 0.25419, 0.15901
INFO | Time spent: 2.95s
INFO | - Epoch 107, ExpID 67118
INFO | Train - Loss (one batch): 0.00111
INFO | Val - Loss, MSE, RMSE, MAE: 0.00102, 0.00102, 0.03200, 0.02006
INFO | Test - Best epoch 98, Loss, MSE, RMSE, MAE: 0.06560, 0.06560, 0.25419, 0.15901
INFO | Time spent: 2.96s
INFO | - Epoch 108, ExpID 67118
INFO | Train - Loss (one batch): 0.00087
INFO | Val - Loss, MSE, RMSE, MAE: 0.00100, 0.00100, 0.03156, 0.01936
INFO | Test - Best epoch 108, Loss, MSE, RMSE, MAE: 0.06557, 0.06557, 0.25401, 0.15936
INFO | Time spent: 4.03s
INFO | - Epoch 109, ExpID 67118
INFO | Train - Loss (one batch): 0.00081
INFO | Val - Loss, MSE, RMSE, MAE: 0.00109, 0.00109, 0.03308, 0.02160
INFO | Test - Best epoch 108, Loss, MSE, RMSE, MAE: 0.06557, 0.06557, 0.25401, 0.15936
INFO | Time spent: 2.92s
INFO | - Epoch 110, ExpID 67118
INFO | Train - Loss (one batch): 0.00082
INFO | Val - Loss, MSE, RMSE, MAE: 0.00101, 0.00101, 0.03171, 0.01974
INFO | Test - Best epoch 108, Loss, MSE, RMSE, MAE: 0.06557, 0.06557, 0.25401, 0.15936
INFO | Time spent: 2.96s
INFO | - Epoch 111, ExpID 67118
INFO | Train - Loss (one batch): 0.00091
INFO | Val - Loss, MSE, RMSE, MAE: 0.00100, 0.00100, 0.03163, 0.01974
INFO | Test - Best epoch 108, Loss, MSE, RMSE, MAE: 0.06557, 0.06557, 0.25401, 0.15936
INFO | Time spent: 2.94s
INFO | - Epoch 112, ExpID 67118
INFO | Train - Loss (one batch): 0.00097
INFO | Val - Loss, MSE, RMSE, MAE: 0.00100, 0.00100, 0.03156, 0.01952
INFO | Test - Best epoch 108, Loss, MSE, RMSE, MAE: 0.06557, 0.06557, 0.25401, 0.15936
INFO | Time spent: 2.97s
INFO | - Epoch 113, ExpID 67118
INFO | Train - Loss (one batch): 0.00125
INFO | Val - Loss, MSE, RMSE, MAE: 0.00107, 0.00107, 0.03270, 0.02085
INFO | Test - Best epoch 108, Loss, MSE, RMSE, MAE: 0.06557, 0.06557, 0.25401, 0.15936
INFO | Time spent: 2.95s
INFO | - Epoch 114, ExpID 67118
INFO | Train - Loss (one batch): 0.00082
INFO | Val - Loss, MSE, RMSE, MAE: 0.00102, 0.00102, 0.03198, 0.02004
INFO | Test - Best epoch 108, Loss, MSE, RMSE, MAE: 0.06557, 0.06557, 0.25401, 0.15936
INFO | Time spent: 2.96s
INFO | - Epoch 115, ExpID 67118
INFO | Train - Loss (one batch): 0.00089
INFO | Val - Loss, MSE, RMSE, MAE: 0.00099, 0.00099, 0.03147, 0.01924
INFO | Test - Best epoch 115, Loss, MSE, RMSE, MAE: 0.06535, 0.06535, 0.25359, 0.15868
INFO | Time spent: 4.08s
INFO | - Epoch 116, ExpID 67118
INFO | Train - Loss (one batch): 0.00121
INFO | Val - Loss, MSE, RMSE, MAE: 0.00109, 0.00109, 0.03303, 0.02139
INFO | Test - Best epoch 115, Loss, MSE, RMSE, MAE: 0.06535, 0.06535, 0.25359, 0.15868
INFO | Time spent: 2.70s
INFO | - Epoch 117, ExpID 67118
INFO | Train - Loss (one batch): 0.00107
INFO | Val - Loss, MSE, RMSE, MAE: 0.00099, 0.00099, 0.03142, 0.01930
INFO | Test - Best epoch 117, Loss, MSE, RMSE, MAE: 0.06528, 0.06528, 0.25352, 0.15936
INFO | Time spent: 3.37s
INFO | - Epoch 118, ExpID 67118
INFO | Train - Loss (one batch): 0.00081
INFO | Val - Loss, MSE, RMSE, MAE: 0.00103, 0.00103, 0.03214, 0.02043
INFO | Test - Best epoch 117, Loss, MSE, RMSE, MAE: 0.06528, 0.06528, 0.25352, 0.15936
INFO | Time spent: 2.51s
INFO | - Epoch 119, ExpID 67118
INFO | Train - Loss (one batch): 0.00097
INFO | Val - Loss, MSE, RMSE, MAE: 0.00104, 0.00104, 0.03219, 0.02064
INFO | Test - Best epoch 117, Loss, MSE, RMSE, MAE: 0.06528, 0.06528, 0.25352, 0.15936
INFO | Time spent: 2.55s
INFO | - Epoch 120, ExpID 67118
INFO | Train - Loss (one batch): 0.00088
INFO | Val - Loss, MSE, RMSE, MAE: 0.00100, 0.00100, 0.03165, 0.01939
INFO | Test - Best epoch 117, Loss, MSE, RMSE, MAE: 0.06528, 0.06528, 0.25352, 0.15936
INFO | Time spent: 2.65s
INFO | - Epoch 121, ExpID 67118
INFO | Train - Loss (one batch): 0.00068
INFO | Val - Loss, MSE, RMSE, MAE: 0.00103, 0.00103, 0.03207, 0.02003
INFO | Test - Best epoch 117, Loss, MSE, RMSE, MAE: 0.06528, 0.06528, 0.25352, 0.15936
INFO | Time spent: 2.50s
INFO | - Epoch 122, ExpID 67118
INFO | Train - Loss (one batch): 0.00080
INFO | Val - Loss, MSE, RMSE, MAE: 0.00105, 0.00105, 0.03236, 0.02063
INFO | Test - Best epoch 117, Loss, MSE, RMSE, MAE: 0.06528, 0.06528, 0.25352, 0.15936
INFO | Time spent: 2.54s
INFO | - Epoch 123, ExpID 67118
INFO | Train - Loss (one batch): 0.00075
INFO | Val - Loss, MSE, RMSE, MAE: 0.00107, 0.00107, 0.03274, 0.02121
INFO | Test - Best epoch 117, Loss, MSE, RMSE, MAE: 0.06528, 0.06528, 0.25352, 0.15936
INFO | Time spent: 2.61s
INFO | - Epoch 124, ExpID 67118
INFO | Train - Loss (one batch): 0.00090
INFO | Val - Loss, MSE, RMSE, MAE: 0.00106, 0.00106, 0.03250, 0.02082
INFO | Test - Best epoch 117, Loss, MSE, RMSE, MAE: 0.06528, 0.06528, 0.25352, 0.15936
INFO | Time spent: 2.49s
INFO | - Epoch 125, ExpID 67118
INFO | Train - Loss (one batch): 0.00064
INFO | Val - Loss, MSE, RMSE, MAE: 0.00099, 0.00099, 0.03145, 0.01942
INFO | Test - Best epoch 117, Loss, MSE, RMSE, MAE: 0.06528, 0.06528, 0.25352, 0.15936
INFO | Time spent: 2.49s
INFO | - Epoch 126, ExpID 67118
INFO | Train - Loss (one batch): 0.00081
INFO | Val - Loss, MSE, RMSE, MAE: 0.00098, 0.00098, 0.03127, 0.01909
INFO | Test - Best epoch 126, Loss, MSE, RMSE, MAE: 0.06468, 0.06468, 0.25229, 0.15680
INFO | Time spent: 3.35s
INFO | - Epoch 127, ExpID 67118
INFO | Train - Loss (one batch): 0.00081
INFO | Val - Loss, MSE, RMSE, MAE: 0.00100, 0.00100, 0.03157, 0.01960
INFO | Test - Best epoch 126, Loss, MSE, RMSE, MAE: 0.06468, 0.06468, 0.25229, 0.15680
INFO | Time spent: 2.64s
INFO | - Epoch 128, ExpID 67118
INFO | Train - Loss (one batch): 0.00103
INFO | Val - Loss, MSE, RMSE, MAE: 0.00101, 0.00101, 0.03184, 0.01985
INFO | Test - Best epoch 126, Loss, MSE, RMSE, MAE: 0.06468, 0.06468, 0.25229, 0.15680
INFO | Time spent: 2.50s
INFO | - Epoch 129, ExpID 67118
INFO | Train - Loss (one batch): 0.00096
INFO | Val - Loss, MSE, RMSE, MAE: 0.00103, 0.00103, 0.03202, 0.02017
INFO | Test - Best epoch 126, Loss, MSE, RMSE, MAE: 0.06468, 0.06468, 0.25229, 0.15680
INFO | Time spent: 2.52s
INFO | - Epoch 130, ExpID 67118
INFO | Train - Loss (one batch): 0.00088
INFO | Val - Loss, MSE, RMSE, MAE: 0.00106, 0.00106, 0.03257, 0.02111
INFO | Test - Best epoch 126, Loss, MSE, RMSE, MAE: 0.06468, 0.06468, 0.25229, 0.15680
INFO | Time spent: 2.41s
INFO | - Epoch 131, ExpID 67118
INFO | Train - Loss (one batch): 0.00087
INFO | Val - Loss, MSE, RMSE, MAE: 0.00100, 0.00100, 0.03168, 0.01962
INFO | Test - Best epoch 126, Loss, MSE, RMSE, MAE: 0.06468, 0.06468, 0.25229, 0.15680
INFO | Time spent: 2.58s
INFO | - Epoch 132, ExpID 67118
INFO | Train - Loss (one batch): 0.00092
INFO | Val - Loss, MSE, RMSE, MAE: 0.00098, 0.00098, 0.03128, 0.01953
INFO | Test - Best epoch 126, Loss, MSE, RMSE, MAE: 0.06468, 0.06468, 0.25229, 0.15680
INFO | Time spent: 2.43s
INFO | - Epoch 133, ExpID 67118
INFO | Train - Loss (one batch): 0.00088
INFO | Val - Loss, MSE, RMSE, MAE: 0.00099, 0.00099, 0.03149, 0.01917
INFO | Test - Best epoch 126, Loss, MSE, RMSE, MAE: 0.06468, 0.06468, 0.25229, 0.15680
INFO | Time spent: 2.47s
INFO | - Epoch 134, ExpID 67118
INFO | Train - Loss (one batch): 0.00114
INFO | Val - Loss, MSE, RMSE, MAE: 0.00100, 0.00100, 0.03160, 0.01962
INFO | Test - Best epoch 126, Loss, MSE, RMSE, MAE: 0.06468, 0.06468, 0.25229, 0.15680
INFO | Time spent: 2.42s
INFO | - Epoch 135, ExpID 67118
INFO | Train - Loss (one batch): 0.00066
INFO | Val - Loss, MSE, RMSE, MAE: 0.00099, 0.00099, 0.03149, 0.01932
INFO | Test - Best epoch 126, Loss, MSE, RMSE, MAE: 0.06468, 0.06468, 0.25229, 0.15680
INFO | Time spent: 2.51s
INFO | - Epoch 136, ExpID 67118
INFO | Train - Loss (one batch): 0.00107
INFO | Val - Loss, MSE, RMSE, MAE: 0.00132, 0.00132, 0.03639, 0.02586
INFO | Test - Best epoch 126, Loss, MSE, RMSE, MAE: 0.06468, 0.06468, 0.25229, 0.15680
INFO | Time spent: 2.45s
INFO | - Epoch 137, ExpID 67118
INFO | Train - Loss (one batch): 0.00126
INFO | Val - Loss, MSE, RMSE, MAE: 0.00103, 0.00103, 0.03216, 0.02029
INFO | Test - Best epoch 126, Loss, MSE, RMSE, MAE: 0.06468, 0.06468, 0.25229, 0.15680
INFO | Time spent: 2.48s
INFO | - Epoch 138, ExpID 67118
INFO | Train - Loss (one batch): 0.00067
INFO | Val - Loss, MSE, RMSE, MAE: 0.00119, 0.00119, 0.03446, 0.02331
INFO | Test - Best epoch 126, Loss, MSE, RMSE, MAE: 0.06468, 0.06468, 0.25229, 0.15680
INFO | Time spent: 2.43s
INFO | - Epoch 139, ExpID 67118
INFO | Train - Loss (one batch): 0.00072
INFO | Val - Loss, MSE, RMSE, MAE: 0.00099, 0.00099, 0.03149, 0.01942
INFO | Test - Best epoch 126, Loss, MSE, RMSE, MAE: 0.06468, 0.06468, 0.25229, 0.15680
INFO | Time spent: 2.57s
INFO | - Epoch 140, ExpID 67118
INFO | Train - Loss (one batch): 0.00092
INFO | Val - Loss, MSE, RMSE, MAE: 0.00101, 0.00101, 0.03171, 0.01995
INFO | Test - Best epoch 126, Loss, MSE, RMSE, MAE: 0.06468, 0.06468, 0.25229, 0.15680
INFO | Time spent: 2.42s
INFO | - Epoch 141, ExpID 67118
INFO | Train - Loss (one batch): 0.00095
INFO | Val - Loss, MSE, RMSE, MAE: 0.00100, 0.00100, 0.03166, 0.01988
INFO | Test - Best epoch 126, Loss, MSE, RMSE, MAE: 0.06468, 0.06468, 0.25229, 0.15680
INFO | Time spent: 2.41s
INFO | - Epoch 142, ExpID 67118
INFO | Train - Loss (one batch): 0.00089
INFO | Val - Loss, MSE, RMSE, MAE: 0.00119, 0.00119, 0.03445, 0.02346
INFO | Test - Best epoch 126, Loss, MSE, RMSE, MAE: 0.06468, 0.06468, 0.25229, 0.15680
INFO | Time spent: 2.46s
INFO | - Epoch 143, ExpID 67118
INFO | Train - Loss (one batch): 0.00091
INFO | Val - Loss, MSE, RMSE, MAE: 0.00113, 0.00113, 0.03363, 0.02247
INFO | Test - Best epoch 126, Loss, MSE, RMSE, MAE: 0.06468, 0.06468, 0.25229, 0.15680
INFO | Time spent: 2.45s
INFO | - Epoch 144, ExpID 67118
INFO | Train - Loss (one batch): 0.00071
INFO | Val - Loss, MSE, RMSE, MAE: 0.00108, 0.00108, 0.03290, 0.02129
INFO | Test - Best epoch 126, Loss, MSE, RMSE, MAE: 0.06468, 0.06468, 0.25229, 0.15680
INFO | Time spent: 2.44s
INFO | - Epoch 145, ExpID 67118
INFO | Train - Loss (one batch): 0.00075
INFO | Val - Loss, MSE, RMSE, MAE: 0.00097, 0.00097, 0.03111, 0.01910
INFO | Test - Best epoch 145, Loss, MSE, RMSE, MAE: 0.06464, 0.06464, 0.25206, 0.15863
INFO | Time spent: 3.29s
INFO | - Epoch 146, ExpID 67118
INFO | Train - Loss (one batch): 0.00087
INFO | Val - Loss, MSE, RMSE, MAE: 0.00102, 0.00102, 0.03195, 0.02016
INFO | Test - Best epoch 145, Loss, MSE, RMSE, MAE: 0.06464, 0.06464, 0.25206, 0.15863
INFO | Time spent: 2.43s
INFO | - Epoch 147, ExpID 67118
INFO | Train - Loss (one batch): 0.00093
INFO | Val - Loss, MSE, RMSE, MAE: 0.00097, 0.00097, 0.03109, 0.01894
INFO | Test - Best epoch 147, Loss, MSE, RMSE, MAE: 0.06419, 0.06419, 0.25123, 0.15667
INFO | Time spent: 3.28s
INFO | - Epoch 148, ExpID 67118
INFO | Train - Loss (one batch): 0.00118
INFO | Val - Loss, MSE, RMSE, MAE: 0.00099, 0.00099, 0.03142, 0.01950
INFO | Test - Best epoch 147, Loss, MSE, RMSE, MAE: 0.06419, 0.06419, 0.25123, 0.15667
INFO | Time spent: 2.50s
INFO | - Epoch 149, ExpID 67118
INFO | Train - Loss (one batch): 0.00093
INFO | Val - Loss, MSE, RMSE, MAE: 0.00105, 0.00105, 0.03245, 0.02087
INFO | Test - Best epoch 147, Loss, MSE, RMSE, MAE: 0.06419, 0.06419, 0.25123, 0.15667
INFO | Time spent: 2.54s
INFO | - Epoch 150, ExpID 67118
INFO | Train - Loss (one batch): 0.00076
INFO | Val - Loss, MSE, RMSE, MAE: 0.00098, 0.00098, 0.03131, 0.01931
INFO | Test - Best epoch 147, Loss, MSE, RMSE, MAE: 0.06419, 0.06419, 0.25123, 0.15667
INFO | Time spent: 2.42s
INFO | - Epoch 151, ExpID 67118
INFO | Train - Loss (one batch): 0.00080
INFO | Val - Loss, MSE, RMSE, MAE: 0.00099, 0.00099, 0.03139, 0.01926
INFO | Test - Best epoch 147, Loss, MSE, RMSE, MAE: 0.06419, 0.06419, 0.25123, 0.15667
INFO | Time spent: 2.41s
INFO | - Epoch 152, ExpID 67118
INFO | Train - Loss (one batch): 0.00086
INFO | Val - Loss, MSE, RMSE, MAE: 0.00104, 0.00104, 0.03231, 0.02074
INFO | Test - Best epoch 147, Loss, MSE, RMSE, MAE: 0.06419, 0.06419, 0.25123, 0.15667
INFO | Time spent: 2.43s
INFO | - Epoch 153, ExpID 67118
INFO | Train - Loss (one batch): 0.00113
INFO | Val - Loss, MSE, RMSE, MAE: 0.00111, 0.00111, 0.03331, 0.02210
INFO | Test - Best epoch 147, Loss, MSE, RMSE, MAE: 0.06419, 0.06419, 0.25123, 0.15667
INFO | Time spent: 2.39s
INFO | - Epoch 154, ExpID 67118
INFO | Train - Loss (one batch): 0.00066
INFO | Val - Loss, MSE, RMSE, MAE: 0.00098, 0.00098, 0.03134, 0.01916
INFO | Test - Best epoch 147, Loss, MSE, RMSE, MAE: 0.06419, 0.06419, 0.25123, 0.15667
INFO | Time spent: 2.42s
INFO | - Epoch 155, ExpID 67118
INFO | Train - Loss (one batch): 0.00075
INFO | Val - Loss, MSE, RMSE, MAE: 0.00096, 0.00096, 0.03104, 0.01897
INFO | Test - Best epoch 155, Loss, MSE, RMSE, MAE: 0.06449, 0.06449, 0.25175, 0.15789
INFO | Time spent: 3.24s
INFO | - Epoch 156, ExpID 67118
INFO | Train - Loss (one batch): 0.00061
INFO | Val - Loss, MSE, RMSE, MAE: 0.00100, 0.00100, 0.03163, 0.01942
INFO | Test - Best epoch 155, Loss, MSE, RMSE, MAE: 0.06449, 0.06449, 0.25175, 0.15789
INFO | Time spent: 2.49s
INFO | - Epoch 157, ExpID 67118
INFO | Train - Loss (one batch): 0.00092
INFO | Val - Loss, MSE, RMSE, MAE: 0.00116, 0.00116, 0.03412, 0.02326
INFO | Test - Best epoch 155, Loss, MSE, RMSE, MAE: 0.06449, 0.06449, 0.25175, 0.15789
INFO | Time spent: 2.42s
INFO | - Epoch 158, ExpID 67118
INFO | Train - Loss (one batch): 0.00058
INFO | Val - Loss, MSE, RMSE, MAE: 0.00097, 0.00097, 0.03118, 0.01914
INFO | Test - Best epoch 155, Loss, MSE, RMSE, MAE: 0.06449, 0.06449, 0.25175, 0.15789
INFO | Time spent: 2.39s
INFO | - Epoch 159, ExpID 67118
INFO | Train - Loss (one batch): 0.00094
INFO | Val - Loss, MSE, RMSE, MAE: 0.00100, 0.00100, 0.03156, 0.01952
INFO | Test - Best epoch 155, Loss, MSE, RMSE, MAE: 0.06449, 0.06449, 0.25175, 0.15789
INFO | Time spent: 2.54s
INFO | - Epoch 160, ExpID 67118
INFO | Train - Loss (one batch): 0.00097
INFO | Val - Loss, MSE, RMSE, MAE: 0.00097, 0.00097, 0.03109, 0.01888
INFO | Test - Best epoch 155, Loss, MSE, RMSE, MAE: 0.06449, 0.06449, 0.25175, 0.15789
INFO | Time spent: 2.43s
INFO | - Epoch 161, ExpID 67118
INFO | Train - Loss (one batch): 0.00094
INFO | Val - Loss, MSE, RMSE, MAE: 0.00101, 0.00101, 0.03184, 0.02010
INFO | Test - Best epoch 155, Loss, MSE, RMSE, MAE: 0.06449, 0.06449, 0.25175, 0.15789
INFO | Time spent: 2.43s
INFO | - Epoch 162, ExpID 67118
INFO | Train - Loss (one batch): 0.00087
INFO | Val - Loss, MSE, RMSE, MAE: 0.00098, 0.00098, 0.03131, 0.01913
INFO | Test - Best epoch 155, Loss, MSE, RMSE, MAE: 0.06449, 0.06449, 0.25175, 0.15789
INFO | Time spent: 2.45s
INFO | - Epoch 163, ExpID 67118
INFO | Train - Loss (one batch): 0.00084
INFO | Val - Loss, MSE, RMSE, MAE: 0.00097, 0.00097, 0.03110, 0.01907
INFO | Test - Best epoch 155, Loss, MSE, RMSE, MAE: 0.06449, 0.06449, 0.25175, 0.15789
INFO | Time spent: 2.60s
INFO | - Epoch 164, ExpID 67118
INFO | Train - Loss (one batch): 0.00084
INFO | Val - Loss, MSE, RMSE, MAE: 0.00098, 0.00098, 0.03125, 0.01901
INFO | Test - Best epoch 155, Loss, MSE, RMSE, MAE: 0.06449, 0.06449, 0.25175, 0.15789
INFO | Time spent: 2.42s
INFO | - Epoch 165, ExpID 67118
INFO | Train - Loss (one batch): 0.00089
INFO | Val - Loss, MSE, RMSE, MAE: 0.00099, 0.00099, 0.03139, 0.01951
INFO | Test - Best epoch 155, Loss, MSE, RMSE, MAE: 0.06449, 0.06449, 0.25175, 0.15789
INFO | Time spent: 2.43s
INFO | - Epoch 166, ExpID 67118
INFO | Train - Loss (one batch): 0.00098
INFO | Val - Loss, MSE, RMSE, MAE: 0.00109, 0.00109, 0.03303, 0.02206
INFO | Test - Best epoch 155, Loss, MSE, RMSE, MAE: 0.06449, 0.06449, 0.25175, 0.15789
INFO | Time spent: 2.45s
INFO | - Epoch 167, ExpID 67118
INFO | Train - Loss (one batch): 0.00079
INFO | Val - Loss, MSE, RMSE, MAE: 0.00097, 0.00097, 0.03115, 0.01903
INFO | Test - Best epoch 155, Loss, MSE, RMSE, MAE: 0.06449, 0.06449, 0.25175, 0.15789
INFO | Time spent: 2.43s
INFO | - Epoch 168, ExpID 67118
INFO | Train - Loss (one batch): 0.00086
INFO | Val - Loss, MSE, RMSE, MAE: 0.00097, 0.00097, 0.03121, 0.01936
INFO | Test - Best epoch 155, Loss, MSE, RMSE, MAE: 0.06449, 0.06449, 0.25175, 0.15789
INFO | Time spent: 2.45s
INFO | - Epoch 169, ExpID 67118
INFO | Train - Loss (one batch): 0.00088
INFO | Val - Loss, MSE, RMSE, MAE: 0.00096, 0.00096, 0.03101, 0.01894
INFO | Test - Best epoch 169, Loss, MSE, RMSE, MAE: 0.06436, 0.06436, 0.25161, 0.15699
INFO | Time spent: 3.26s
INFO | - Epoch 170, ExpID 67118
INFO | Train - Loss (one batch): 0.00102
INFO | Val - Loss, MSE, RMSE, MAE: 0.00097, 0.00097, 0.03116, 0.01916
INFO | Test - Best epoch 169, Loss, MSE, RMSE, MAE: 0.06436, 0.06436, 0.25161, 0.15699
INFO | Time spent: 2.44s
INFO | - Epoch 171, ExpID 67118
INFO | Train - Loss (one batch): 0.00102
INFO | Val - Loss, MSE, RMSE, MAE: 0.00098, 0.00098, 0.03132, 0.01941
INFO | Test - Best epoch 169, Loss, MSE, RMSE, MAE: 0.06436, 0.06436, 0.25161, 0.15699
INFO | Time spent: 2.42s
INFO | - Epoch 172, ExpID 67118
INFO | Train - Loss (one batch): 0.00100
INFO | Val - Loss, MSE, RMSE, MAE: 0.00098, 0.00098, 0.03134, 0.01914
INFO | Test - Best epoch 169, Loss, MSE, RMSE, MAE: 0.06436, 0.06436, 0.25161, 0.15699
INFO | Time spent: 2.42s
INFO | - Epoch 173, ExpID 67118
INFO | Train - Loss (one batch): 0.00109
INFO | Val - Loss, MSE, RMSE, MAE: 0.00098, 0.00098, 0.03126, 0.01903
INFO | Test - Best epoch 169, Loss, MSE, RMSE, MAE: 0.06436, 0.06436, 0.25161, 0.15699
INFO | Time spent: 2.56s
INFO | - Epoch 174, ExpID 67118
INFO | Train - Loss (one batch): 0.00069
INFO | Val - Loss, MSE, RMSE, MAE: 0.00113, 0.00113, 0.03364, 0.02274
INFO | Test - Best epoch 169, Loss, MSE, RMSE, MAE: 0.06436, 0.06436, 0.25161, 0.15699
INFO | Time spent: 2.68s
INFO | - Epoch 175, ExpID 67118
INFO | Train - Loss (one batch): 0.00063
INFO | Val - Loss, MSE, RMSE, MAE: 0.00101, 0.00101, 0.03181, 0.01990
INFO | Test - Best epoch 169, Loss, MSE, RMSE, MAE: 0.06436, 0.06436, 0.25161, 0.15699
INFO | Time spent: 2.63s
INFO | - Epoch 176, ExpID 67118
INFO | Train - Loss (one batch): 0.00090
INFO | Val - Loss, MSE, RMSE, MAE: 0.00098, 0.00098, 0.03124, 0.01930
INFO | Test - Best epoch 169, Loss, MSE, RMSE, MAE: 0.06436, 0.06436, 0.25161, 0.15699
INFO | Time spent: 2.42s
INFO | - Epoch 177, ExpID 67118
INFO | Train - Loss (one batch): 0.00112
INFO | Val - Loss, MSE, RMSE, MAE: 0.00102, 0.00102, 0.03201, 0.02045
INFO | Test - Best epoch 169, Loss, MSE, RMSE, MAE: 0.06436, 0.06436, 0.25161, 0.15699
INFO | Time spent: 2.42s
INFO | - Epoch 178, ExpID 67118
INFO | Train - Loss (one batch): 0.00074
INFO | Val - Loss, MSE, RMSE, MAE: 0.00104, 0.00104, 0.03232, 0.02089
INFO | Test - Best epoch 169, Loss, MSE, RMSE, MAE: 0.06436, 0.06436, 0.25161, 0.15699
INFO | Time spent: 2.43s
INFO | - Epoch 179, ExpID 67118
INFO | Train - Loss (one batch): 0.00087
INFO | Val - Loss, MSE, RMSE, MAE: 0.00102, 0.00102, 0.03193, 0.01989
INFO | Test - Best epoch 169, Loss, MSE, RMSE, MAE: 0.06436, 0.06436, 0.25161, 0.15699
INFO | Time spent: 2.63s
INFO | - Epoch 180, ExpID 67118
INFO | Train - Loss (one batch): 0.00063
INFO | Val - Loss, MSE, RMSE, MAE: 0.00103, 0.00103, 0.03202, 0.02047
INFO | Test - Best epoch 169, Loss, MSE, RMSE, MAE: 0.06436, 0.06436, 0.25161, 0.15699
INFO | Time spent: 2.42s
INFO | - Epoch 181, ExpID 67118
INFO | Train - Loss (one batch): 0.00104
INFO | Val - Loss, MSE, RMSE, MAE: 0.00102, 0.00102, 0.03189, 0.02013
INFO | Test - Best epoch 169, Loss, MSE, RMSE, MAE: 0.06436, 0.06436, 0.25161, 0.15699
INFO | Time spent: 2.45s
INFO | - Epoch 182, ExpID 67118
INFO | Train - Loss (one batch): 0.00107
INFO | Val - Loss, MSE, RMSE, MAE: 0.00099, 0.00099, 0.03146, 0.01960
INFO | Test - Best epoch 169, Loss, MSE, RMSE, MAE: 0.06436, 0.06436, 0.25161, 0.15699
INFO | Time spent: 2.43s
INFO | - Epoch 183, ExpID 67118
INFO | Train - Loss (one batch): 0.00094
INFO | Val - Loss, MSE, RMSE, MAE: 0.00099, 0.00099, 0.03152, 0.01973
INFO | Test - Best epoch 169, Loss, MSE, RMSE, MAE: 0.06436, 0.06436, 0.25161, 0.15699
INFO | Time spent: 2.45s
INFO | - Epoch 184, ExpID 67118
INFO | Train - Loss (one batch): 0.00088
INFO | Val - Loss, MSE, RMSE, MAE: 0.00099, 0.00099, 0.03149, 0.01963
INFO | Test - Best epoch 169, Loss, MSE, RMSE, MAE: 0.06436, 0.06436, 0.25161, 0.15699
INFO | Time spent: 2.41s
INFO | - Epoch 185, ExpID 67118
INFO | Train - Loss (one batch): 0.00109
INFO | Val - Loss, MSE, RMSE, MAE: 0.00097, 0.00097, 0.03108, 0.01889
INFO | Test - Best epoch 169, Loss, MSE, RMSE, MAE: 0.06436, 0.06436, 0.25161, 0.15699
INFO | Time spent: 2.43s
INFO | - Epoch 186, ExpID 67118
INFO | Train - Loss (one batch): 0.00098
INFO | Val - Loss, MSE, RMSE, MAE: 0.00103, 0.00103, 0.03204, 0.02052
INFO | Test - Best epoch 169, Loss, MSE, RMSE, MAE: 0.06436, 0.06436, 0.25161, 0.15699
INFO | Time spent: 2.44s
INFO | - Epoch 187, ExpID 67118
INFO | Train - Loss (one batch): 0.00101
INFO | Val - Loss, MSE, RMSE, MAE: 0.00103, 0.00103, 0.03202, 0.02052
INFO | Test - Best epoch 169, Loss, MSE, RMSE, MAE: 0.06436, 0.06436, 0.25161, 0.15699
INFO | Time spent: 2.44s
INFO | - Epoch 188, ExpID 67118
INFO | Train - Loss (one batch): 0.00062
INFO | Val - Loss, MSE, RMSE, MAE: 0.00106, 0.00106, 0.03258, 0.02110
INFO | Test - Best epoch 169, Loss, MSE, RMSE, MAE: 0.06436, 0.06436, 0.25161, 0.15699
INFO | Time spent: 2.40s
INFO | - Epoch 189, ExpID 67118
INFO | Train - Loss (one batch): 0.00084
INFO | Val - Loss, MSE, RMSE, MAE: 0.00108, 0.00108, 0.03291, 0.02164
INFO | Test - Best epoch 169, Loss, MSE, RMSE, MAE: 0.06436, 0.06436, 0.25161, 0.15699
INFO | Time spent: 2.53s
INFO | - Epoch 190, ExpID 67118
INFO | Train - Loss (one batch): 0.00094
INFO | Val - Loss, MSE, RMSE, MAE: 0.00097, 0.00097, 0.03115, 0.01897
INFO | Test - Best epoch 169, Loss, MSE, RMSE, MAE: 0.06436, 0.06436, 0.25161, 0.15699
INFO | Time spent: 2.43s
INFO | - Epoch 191, ExpID 67118
INFO | Train - Loss (one batch): 0.00110
INFO | Val - Loss, MSE, RMSE, MAE: 0.00099, 0.00099, 0.03143, 0.01951
INFO | Test - Best epoch 169, Loss, MSE, RMSE, MAE: 0.06436, 0.06436, 0.25161, 0.15699
INFO | Time spent: 2.40s
INFO | - Epoch 192, ExpID 67118
INFO | Train - Loss (one batch): 0.00082
INFO | Val - Loss, MSE, RMSE, MAE: 0.00097, 0.00097, 0.03116, 0.01918
INFO | Test - Best epoch 169, Loss, MSE, RMSE, MAE: 0.06436, 0.06436, 0.25161, 0.15699
INFO | Time spent: 2.59s
INFO | - Epoch 193, ExpID 67118
INFO | Train - Loss (one batch): 0.00089
INFO | Val - Loss, MSE, RMSE, MAE: 0.00106, 0.00106, 0.03252, 0.02112
INFO | Test - Best epoch 169, Loss, MSE, RMSE, MAE: 0.06436, 0.06436, 0.25161, 0.15699
INFO | Time spent: 2.41s
INFO | - Epoch 194, ExpID 67118
INFO | Train - Loss (one batch): 0.00076
INFO | Val - Loss, MSE, RMSE, MAE: 0.00099, 0.00099, 0.03153, 0.01989
INFO | Test - Best epoch 169, Loss, MSE, RMSE, MAE: 0.06436, 0.06436, 0.25161, 0.15699
INFO | Time spent: 2.43s
INFO | - Epoch 195, ExpID 67118
INFO | Train - Loss (one batch): 0.00079
INFO | Val - Loss, MSE, RMSE, MAE: 0.00098, 0.00098, 0.03130, 0.01921
INFO | Test - Best epoch 169, Loss, MSE, RMSE, MAE: 0.06436, 0.06436, 0.25161, 0.15699
INFO | Time spent: 2.42s
INFO | - Epoch 196, ExpID 67118
INFO | Train - Loss (one batch): 0.00086
INFO | Val - Loss, MSE, RMSE, MAE: 0.00098, 0.00098, 0.03134, 0.01946
INFO | Test - Best epoch 169, Loss, MSE, RMSE, MAE: 0.06436, 0.06436, 0.25161, 0.15699
INFO | Time spent: 2.42s
INFO | - Epoch 197, ExpID 67118
INFO | Train - Loss (one batch): 0.00090
INFO | Val - Loss, MSE, RMSE, MAE: 0.00097, 0.00097, 0.03118, 0.01912
INFO | Test - Best epoch 169, Loss, MSE, RMSE, MAE: 0.06436, 0.06436, 0.25161, 0.15699
INFO | Time spent: 2.41s
INFO | - Epoch 198, ExpID 67118
INFO | Train - Loss (one batch): 0.00097
INFO | Val - Loss, MSE, RMSE, MAE: 0.00099, 0.00099, 0.03139, 0.01943
INFO | Test - Best epoch 169, Loss, MSE, RMSE, MAE: 0.06436, 0.06436, 0.25161, 0.15699
INFO | Time spent: 2.41s
INFO | - Epoch 199, ExpID 67118
INFO | Train - Loss (one batch): 0.00058
INFO | Val - Loss, MSE, RMSE, MAE: 0.00102, 0.00102, 0.03194, 0.02021
INFO | Test - Best epoch 169, Loss, MSE, RMSE, MAE: 0.06436, 0.06436, 0.25161, 0.15699
INFO | Time spent: 2.44s
INFO | - Epoch 200, ExpID 67118
INFO | Train - Loss (one batch): 0.00081
INFO | Val - Loss, MSE, RMSE, MAE: 0.00100, 0.00100, 0.03169, 0.01986
INFO | Test - Best epoch 169, Loss, MSE, RMSE, MAE: 0.06436, 0.06436, 0.25161, 0.15699
INFO | Time spent: 2.44s
INFO | - Epoch 201, ExpID 67118
INFO | Train - Loss (one batch): 0.00108
INFO | Val - Loss, MSE, RMSE, MAE: 0.00098, 0.00098, 0.03130, 0.01951
INFO | Test - Best epoch 169, Loss, MSE, RMSE, MAE: 0.06436, 0.06436, 0.25161, 0.15699
INFO | Time spent: 2.43s
INFO | - Epoch 202, ExpID 67118
INFO | Train - Loss (one batch): 0.00066
INFO | Val - Loss, MSE, RMSE, MAE: 0.00101, 0.00101, 0.03176, 0.02002
INFO | Test - Best epoch 169, Loss, MSE, RMSE, MAE: 0.06436, 0.06436, 0.25161, 0.15699
INFO | Time spent: 2.42s
INFO | - Epoch 203, ExpID 67118
INFO | Train - Loss (one batch): 0.00078
INFO | Val - Loss, MSE, RMSE, MAE: 0.00097, 0.00097, 0.03118, 0.01907
INFO | Test - Best epoch 169, Loss, MSE, RMSE, MAE: 0.06436, 0.06436, 0.25161, 0.15699
INFO | Time spent: 2.63s
INFO | - Epoch 204, ExpID 67118
INFO | Train - Loss (one batch): 0.00081
INFO | Val - Loss, MSE, RMSE, MAE: 0.00102, 0.00102, 0.03189, 0.02022
INFO | Test - Best epoch 169, Loss, MSE, RMSE, MAE: 0.06436, 0.06436, 0.25161, 0.15699
INFO | Time spent: 2.45s
INFO | - Epoch 205, ExpID 67118
INFO | Train - Loss (one batch): 0.00060
INFO | Val - Loss, MSE, RMSE, MAE: 0.00108, 0.00108, 0.03286, 0.02116
INFO | Test - Best epoch 169, Loss, MSE, RMSE, MAE: 0.06436, 0.06436, 0.25161, 0.15699
INFO | Time spent: 2.43s
INFO | - Epoch 206, ExpID 67118
INFO | Train - Loss (one batch): 0.00070
INFO | Val - Loss, MSE, RMSE, MAE: 0.00098, 0.00098, 0.03133, 0.01913
INFO | Test - Best epoch 169, Loss, MSE, RMSE, MAE: 0.06436, 0.06436, 0.25161, 0.15699
INFO | Time spent: 2.47s
INFO | - Epoch 207, ExpID 67118
INFO | Train - Loss (one batch): 0.00093
INFO | Val - Loss, MSE, RMSE, MAE: 0.00101, 0.00101, 0.03180, 0.01983
INFO | Test - Best epoch 169, Loss, MSE, RMSE, MAE: 0.06436, 0.06436, 0.25161, 0.15699
INFO | Time spent: 2.52s
INFO | - Epoch 208, ExpID 67118
INFO | Train - Loss (one batch): 0.00095
INFO | Val - Loss, MSE, RMSE, MAE: 0.00102, 0.00102, 0.03188, 0.02043
INFO | Test - Best epoch 169, Loss, MSE, RMSE, MAE: 0.06436, 0.06436, 0.25161, 0.15699
INFO | Time spent: 2.42s
INFO | - Epoch 209, ExpID 67118
INFO | Train - Loss (one batch): 0.00080
INFO | Val - Loss, MSE, RMSE, MAE: 0.00103, 0.00103, 0.03207, 0.02057
INFO | Test - Best epoch 169, Loss, MSE, RMSE, MAE: 0.06436, 0.06436, 0.25161, 0.15699
INFO | Time spent: 2.45s
INFO | - Epoch 210, ExpID 67118
INFO | Train - Loss (one batch): 0.00086
INFO | Val - Loss, MSE, RMSE, MAE: 0.00098, 0.00098, 0.03136, 0.01949
INFO | Test - Best epoch 169, Loss, MSE, RMSE, MAE: 0.06436, 0.06436, 0.25161, 0.15699
INFO | Time spent: 2.44s
INFO | - Epoch 211, ExpID 67118
INFO | Train - Loss (one batch): 0.00097
INFO | Val - Loss, MSE, RMSE, MAE: 0.00098, 0.00098, 0.03132, 0.01927
INFO | Test - Best epoch 169, Loss, MSE, RMSE, MAE: 0.06436, 0.06436, 0.25161, 0.15699
INFO | Time spent: 2.43s
INFO | - Epoch 212, ExpID 67118
INFO | Train - Loss (one batch): 0.00059
INFO | Val - Loss, MSE, RMSE, MAE: 0.00101, 0.00101, 0.03180, 0.02019
INFO | Test - Best epoch 169, Loss, MSE, RMSE, MAE: 0.06436, 0.06436, 0.25161, 0.15699
INFO | Time spent: 2.43s
INFO | - Epoch 213, ExpID 67118
INFO | Train - Loss (one batch): 0.00089
INFO | Val - Loss, MSE, RMSE, MAE: 0.00101, 0.00101, 0.03182, 0.02019
INFO | Test - Best epoch 169, Loss, MSE, RMSE, MAE: 0.06436, 0.06436, 0.25161, 0.15699
INFO | Time spent: 2.45s
INFO | - Epoch 214, ExpID 67118
INFO | Train - Loss (one batch): 0.00088
INFO | Val - Loss, MSE, RMSE, MAE: 0.00107, 0.00107, 0.03264, 0.02142
INFO | Test - Best epoch 169, Loss, MSE, RMSE, MAE: 0.06436, 0.06436, 0.25161, 0.15699
INFO | Time spent: 2.44s
INFO | - Epoch 215, ExpID 67118
INFO | Train - Loss (one batch): 0.00080
INFO | Val - Loss, MSE, RMSE, MAE: 0.00103, 0.00103, 0.03207, 0.02044
INFO | Test - Best epoch 169, Loss, MSE, RMSE, MAE: 0.06436, 0.06436, 0.25161, 0.15699
INFO | Time spent: 2.44s
INFO | - Epoch 216, ExpID 67118
INFO | Train - Loss (one batch): 0.00092
INFO | Val - Loss, MSE, RMSE, MAE: 0.00103, 0.00103, 0.03207, 0.02043
INFO | Test - Best epoch 169, Loss, MSE, RMSE, MAE: 0.06436, 0.06436, 0.25161, 0.15699
INFO | Time spent: 2.43s
INFO | - Epoch 217, ExpID 67118
INFO | Train - Loss (one batch): 0.00101
INFO | Val - Loss, MSE, RMSE, MAE: 0.00119, 0.00119, 0.03443, 0.02368
INFO | Test - Best epoch 169, Loss, MSE, RMSE, MAE: 0.06436, 0.06436, 0.25161, 0.15699
INFO | Time spent: 2.43s
INFO | - Epoch 218, ExpID 67118
INFO | Train - Loss (one batch): 0.00055
INFO | Val - Loss, MSE, RMSE, MAE: 0.00104, 0.00104, 0.03227, 0.02100
INFO | Test - Best epoch 169, Loss, MSE, RMSE, MAE: 0.06436, 0.06436, 0.25161, 0.15699
INFO | Time spent: 2.43s
INFO | - Epoch 219, ExpID 67118
INFO | Train - Loss (one batch): 0.00071
INFO | Val - Loss, MSE, RMSE, MAE: 0.00098, 0.00098, 0.03133, 0.01927
INFO | Test - Best epoch 169, Loss, MSE, RMSE, MAE: 0.06436, 0.06436, 0.25161, 0.15699
INFO | Time spent: 2.43s
INFO | - Epoch 220, ExpID 67118
INFO | Train - Loss (one batch): 0.00083
INFO | Val - Loss, MSE, RMSE, MAE: 0.00098, 0.00098, 0.03131, 0.01939
INFO | Test - Best epoch 169, Loss, MSE, RMSE, MAE: 0.06436, 0.06436, 0.25161, 0.15699
INFO | Time spent: 2.43s
INFO | - Epoch 221, ExpID 67118
INFO | Train - Loss (one batch): 0.00080
INFO | Val - Loss, MSE, RMSE, MAE: 0.00098, 0.00098, 0.03138, 0.01944
INFO | Test - Best epoch 169, Loss, MSE, RMSE, MAE: 0.06436, 0.06436, 0.25161, 0.15699
INFO | Time spent: 2.45s
INFO | - Epoch 222, ExpID 67118
INFO | Train - Loss (one batch): 0.00091
INFO | Val - Loss, MSE, RMSE, MAE: 0.00096, 0.00096, 0.03105, 0.01897
INFO | Test - Best epoch 169, Loss, MSE, RMSE, MAE: 0.06436, 0.06436, 0.25161, 0.15699
INFO | Time spent: 2.44s
INFO | - Epoch 223, ExpID 67118
INFO | Train - Loss (one batch): 0.00098
INFO | Val - Loss, MSE, RMSE, MAE: 0.00113, 0.00113, 0.03363, 0.02197
INFO | Test - Best epoch 169, Loss, MSE, RMSE, MAE: 0.06436, 0.06436, 0.25161, 0.15699
INFO | Time spent: 2.44s
INFO | - Epoch 224, ExpID 67118
INFO | Train - Loss (one batch): 0.00092
INFO | Val - Loss, MSE, RMSE, MAE: 0.00097, 0.00097, 0.03112, 0.01907
INFO | Test - Best epoch 169, Loss, MSE, RMSE, MAE: 0.06436, 0.06436, 0.25161, 0.15699
INFO | Time spent: 2.43s
INFO | - Epoch 225, ExpID 67118
INFO | Train - Loss (one batch): 0.00087
INFO | Val - Loss, MSE, RMSE, MAE: 0.00097, 0.00097, 0.03122, 0.01905
INFO | Test - Best epoch 169, Loss, MSE, RMSE, MAE: 0.06436, 0.06436, 0.25161, 0.15699
INFO | Time spent: 2.45s
INFO | - Epoch 226, ExpID 67118
INFO | Train - Loss (one batch): 0.00076
INFO | Val - Loss, MSE, RMSE, MAE: 0.00102, 0.00102, 0.03189, 0.02027
INFO | Test - Best epoch 169, Loss, MSE, RMSE, MAE: 0.06436, 0.06436, 0.25161, 0.15699
INFO | Time spent: 2.61s
INFO | - Epoch 227, ExpID 67118
INFO | Train - Loss (one batch): 0.00092
INFO | Val - Loss, MSE, RMSE, MAE: 0.00104, 0.00104, 0.03229, 0.02077
INFO | Test - Best epoch 169, Loss, MSE, RMSE, MAE: 0.06436, 0.06436, 0.25161, 0.15699
INFO | Time spent: 2.43s
INFO | - Epoch 228, ExpID 67118
INFO | Train - Loss (one batch): 0.00085
INFO | Val - Loss, MSE, RMSE, MAE: 0.00097, 0.00097, 0.03118, 0.01934
INFO | Test - Best epoch 169, Loss, MSE, RMSE, MAE: 0.06436, 0.06436, 0.25161, 0.15699
INFO | Time spent: 2.66s
INFO | - Epoch 229, ExpID 67118
INFO | Train - Loss (one batch): 0.00069
INFO | Val - Loss, MSE, RMSE, MAE: 0.00097, 0.00097, 0.03119, 0.01907
INFO | Test - Best epoch 169, Loss, MSE, RMSE, MAE: 0.06436, 0.06436, 0.25161, 0.15699
INFO | Time spent: 2.44s
INFO | - Epoch 230, ExpID 67118
INFO | Train - Loss (one batch): 0.00062
INFO | Val - Loss, MSE, RMSE, MAE: 0.00096, 0.00096, 0.03098, 0.01875
INFO | Test - Best epoch 230, Loss, MSE, RMSE, MAE: 0.06310, 0.06310, 0.24894, 0.15384
INFO | Time spent: 3.28s
INFO | - Epoch 231, ExpID 67118
INFO | Train - Loss (one batch): 0.00070
INFO | Val - Loss, MSE, RMSE, MAE: 0.00099, 0.00099, 0.03153, 0.01974
INFO | Test - Best epoch 230, Loss, MSE, RMSE, MAE: 0.06310, 0.06310, 0.24894, 0.15384
INFO | Time spent: 2.44s
INFO | - Epoch 232, ExpID 67118
INFO | Train - Loss (one batch): 0.00073
INFO | Val - Loss, MSE, RMSE, MAE: 0.00097, 0.00097, 0.03118, 0.01919
INFO | Test - Best epoch 230, Loss, MSE, RMSE, MAE: 0.06310, 0.06310, 0.24894, 0.15384
INFO | Time spent: 2.45s
INFO | - Epoch 233, ExpID 67118
INFO | Train - Loss (one batch): 0.00093
INFO | Val - Loss, MSE, RMSE, MAE: 0.00100, 0.00100, 0.03161, 0.01989
INFO | Test - Best epoch 230, Loss, MSE, RMSE, MAE: 0.06310, 0.06310, 0.24894, 0.15384
INFO | Time spent: 2.43s
INFO | - Epoch 234, ExpID 67118
INFO | Train - Loss (one batch): 0.00076
INFO | Val - Loss, MSE, RMSE, MAE: 0.00098, 0.00098, 0.03133, 0.01944
INFO | Test - Best epoch 230, Loss, MSE, RMSE, MAE: 0.06310, 0.06310, 0.24894, 0.15384
INFO | Time spent: 2.63s
INFO | - Epoch 235, ExpID 67118
INFO | Train - Loss (one batch): 0.00081
INFO | Val - Loss, MSE, RMSE, MAE: 0.00100, 0.00100, 0.03158, 0.01954
INFO | Test - Best epoch 230, Loss, MSE, RMSE, MAE: 0.06310, 0.06310, 0.24894, 0.15384
INFO | Time spent: 2.44s
INFO | - Epoch 236, ExpID 67118
INFO | Train - Loss (one batch): 0.00078
INFO | Val - Loss, MSE, RMSE, MAE: 0.00095, 0.00095, 0.03086, 0.01887
INFO | Test - Best epoch 236, Loss, MSE, RMSE, MAE: 0.06331, 0.06331, 0.24946, 0.15542
INFO | Time spent: 3.29s
INFO | - Epoch 237, ExpID 67118
INFO | Train - Loss (one batch): 0.00077
INFO | Val - Loss, MSE, RMSE, MAE: 0.00106, 0.00106, 0.03261, 0.02129
INFO | Test - Best epoch 236, Loss, MSE, RMSE, MAE: 0.06331, 0.06331, 0.24946, 0.15542
INFO | Time spent: 2.43s
INFO | - Epoch 238, ExpID 67118
INFO | Train - Loss (one batch): 0.00076
INFO | Val - Loss, MSE, RMSE, MAE: 0.00098, 0.00098, 0.03134, 0.01915
INFO | Test - Best epoch 236, Loss, MSE, RMSE, MAE: 0.06331, 0.06331, 0.24946, 0.15542
INFO | Time spent: 2.50s
INFO | - Epoch 239, ExpID 67118
INFO | Train - Loss (one batch): 0.00077
INFO | Val - Loss, MSE, RMSE, MAE: 0.00097, 0.00097, 0.03109, 0.01890
INFO | Test - Best epoch 236, Loss, MSE, RMSE, MAE: 0.06331, 0.06331, 0.24946, 0.15542
INFO | Time spent: 2.42s
INFO | - Epoch 240, ExpID 67118
INFO | Train - Loss (one batch): 0.00098
INFO | Val - Loss, MSE, RMSE, MAE: 0.00115, 0.00115, 0.03391, 0.02261
INFO | Test - Best epoch 236, Loss, MSE, RMSE, MAE: 0.06331, 0.06331, 0.24946, 0.15542
INFO | Time spent: 2.44s
INFO | - Epoch 241, ExpID 67118
INFO | Train - Loss (one batch): 0.00101
INFO | Val - Loss, MSE, RMSE, MAE: 0.00097, 0.00097, 0.03112, 0.01912
INFO | Test - Best epoch 236, Loss, MSE, RMSE, MAE: 0.06331, 0.06331, 0.24946, 0.15542
INFO | Time spent: 2.43s
INFO | - Epoch 242, ExpID 67118
INFO | Train - Loss (one batch): 0.00079
INFO | Val - Loss, MSE, RMSE, MAE: 0.00097, 0.00097, 0.03113, 0.01922
INFO | Test - Best epoch 236, Loss, MSE, RMSE, MAE: 0.06331, 0.06331, 0.24946, 0.15542
INFO | Time spent: 2.59s
INFO | - Epoch 243, ExpID 67118
INFO | Train - Loss (one batch): 0.00103
INFO | Val - Loss, MSE, RMSE, MAE: 0.00097, 0.00097, 0.03108, 0.01892
INFO | Test - Best epoch 236, Loss, MSE, RMSE, MAE: 0.06331, 0.06331, 0.24946, 0.15542
INFO | Time spent: 2.46s
INFO | - Epoch 244, ExpID 67118
INFO | Train - Loss (one batch): 0.00089
INFO | Val - Loss, MSE, RMSE, MAE: 0.00100, 0.00100, 0.03161, 0.01982
INFO | Test - Best epoch 236, Loss, MSE, RMSE, MAE: 0.06331, 0.06331, 0.24946, 0.15542
INFO | Time spent: 2.43s
INFO | - Epoch 245, ExpID 67118
INFO | Train - Loss (one batch): 0.00078
INFO | Val - Loss, MSE, RMSE, MAE: 0.00097, 0.00097, 0.03121, 0.01923
INFO | Test - Best epoch 236, Loss, MSE, RMSE, MAE: 0.06331, 0.06331, 0.24946, 0.15542
INFO | Time spent: 2.43s
INFO | - Epoch 246, ExpID 67118
INFO | Train - Loss (one batch): 0.00074
INFO | Val - Loss, MSE, RMSE, MAE: 0.00097, 0.00097, 0.03120, 0.01921
INFO | Test - Best epoch 236, Loss, MSE, RMSE, MAE: 0.06331, 0.06331, 0.24946, 0.15542
INFO | Time spent: 2.45s
INFO | - Epoch 247, ExpID 67118
INFO | Train - Loss (one batch): 0.00075
INFO | Val - Loss, MSE, RMSE, MAE: 0.00098, 0.00098, 0.03129, 0.01939
INFO | Test - Best epoch 236, Loss, MSE, RMSE, MAE: 0.06331, 0.06331, 0.24946, 0.15542
INFO | Time spent: 2.44s
INFO | - Epoch 248, ExpID 67118
INFO | Train - Loss (one batch): 0.00091
INFO | Val - Loss, MSE, RMSE, MAE: 0.00098, 0.00098, 0.03128, 0.01902
INFO | Test - Best epoch 236, Loss, MSE, RMSE, MAE: 0.06331, 0.06331, 0.24946, 0.15542
INFO | Time spent: 2.48s
INFO | - Epoch 249, ExpID 67118
INFO | Train - Loss (one batch): 0.00063
INFO | Val - Loss, MSE, RMSE, MAE: 0.00098, 0.00098, 0.03123, 0.01881
INFO | Test - Best epoch 236, Loss, MSE, RMSE, MAE: 0.06331, 0.06331, 0.24946, 0.15542
INFO | Time spent: 2.50s
INFO | - Epoch 250, ExpID 67118
INFO | Train - Loss (one batch): 0.00096
INFO | Val - Loss, MSE, RMSE, MAE: 0.00099, 0.00099, 0.03139, 0.01957
INFO | Test - Best epoch 236, Loss, MSE, RMSE, MAE: 0.06331, 0.06331, 0.24946, 0.15542
INFO | Time spent: 2.41s
INFO | - Epoch 251, ExpID 67118
INFO | Train - Loss (one batch): 0.00088
INFO | Val - Loss, MSE, RMSE, MAE: 0.00100, 0.00100, 0.03168, 0.01970
INFO | Test - Best epoch 236, Loss, MSE, RMSE, MAE: 0.06331, 0.06331, 0.24946, 0.15542
INFO | Time spent: 2.43s
INFO | - Epoch 252, ExpID 67118
INFO | Train - Loss (one batch): 0.00072
INFO | Val - Loss, MSE, RMSE, MAE: 0.00099, 0.00099, 0.03144, 0.01977
INFO | Test - Best epoch 236, Loss, MSE, RMSE, MAE: 0.06331, 0.06331, 0.24946, 0.15542
INFO | Time spent: 2.42s
INFO | - Epoch 253, ExpID 67118
INFO | Train - Loss (one batch): 0.00065
INFO | Val - Loss, MSE, RMSE, MAE: 0.00097, 0.00097, 0.03120, 0.01899
INFO | Test - Best epoch 236, Loss, MSE, RMSE, MAE: 0.06331, 0.06331, 0.24946, 0.15542
INFO | Time spent: 2.42s
INFO | - Epoch 254, ExpID 67118
INFO | Train - Loss (one batch): 0.00088
INFO | Val - Loss, MSE, RMSE, MAE: 0.00098, 0.00098, 0.03127, 0.01920
INFO | Test - Best epoch 236, Loss, MSE, RMSE, MAE: 0.06331, 0.06331, 0.24946, 0.15542
INFO | Time spent: 2.42s
INFO | - Epoch 255, ExpID 67118
INFO | Train - Loss (one batch): 0.00092
INFO | Val - Loss, MSE, RMSE, MAE: 0.00095, 0.00095, 0.03089, 0.01880
INFO | Test - Best epoch 236, Loss, MSE, RMSE, MAE: 0.06331, 0.06331, 0.24946, 0.15542
INFO | Time spent: 2.44s
INFO | - Epoch 256, ExpID 67118
INFO | Train - Loss (one batch): 0.00069
INFO | Val - Loss, MSE, RMSE, MAE: 0.00096, 0.00096, 0.03103, 0.01888
INFO | Test - Best epoch 236, Loss, MSE, RMSE, MAE: 0.06331, 0.06331, 0.24946, 0.15542
INFO | Time spent: 2.43s
INFO | - Epoch 257, ExpID 67118
INFO | Train - Loss (one batch): 0.00069
INFO | Val - Loss, MSE, RMSE, MAE: 0.00099, 0.00099, 0.03140, 0.01957
INFO | Test - Best epoch 236, Loss, MSE, RMSE, MAE: 0.06331, 0.06331, 0.24946, 0.15542
INFO | Time spent: 2.41s
INFO | - Epoch 258, ExpID 67118
INFO | Train - Loss (one batch): 0.00071
INFO | Val - Loss, MSE, RMSE, MAE: 0.00097, 0.00097, 0.03120, 0.01914
INFO | Test - Best epoch 236, Loss, MSE, RMSE, MAE: 0.06331, 0.06331, 0.24946, 0.15542
INFO | Time spent: 2.43s
INFO | - Epoch 259, ExpID 67118
INFO | Train - Loss (one batch): 0.00069
INFO | Val - Loss, MSE, RMSE, MAE: 0.00098, 0.00098, 0.03125, 0.01934
INFO | Test - Best epoch 236, Loss, MSE, RMSE, MAE: 0.06331, 0.06331, 0.24946, 0.15542
INFO | Time spent: 2.44s
INFO | - Epoch 260, ExpID 67118
INFO | Train - Loss (one batch): 0.00087
INFO | Val - Loss, MSE, RMSE, MAE: 0.00099, 0.00099, 0.03147, 0.01948
INFO | Test - Best epoch 236, Loss, MSE, RMSE, MAE: 0.06331, 0.06331, 0.24946, 0.15542
INFO | Time spent: 2.45s
INFO | - Epoch 261, ExpID 67118
INFO | Train - Loss (one batch): 0.00073
INFO | Val - Loss, MSE, RMSE, MAE: 0.00096, 0.00096, 0.03104, 0.01892
INFO | Test - Best epoch 236, Loss, MSE, RMSE, MAE: 0.06331, 0.06331, 0.24946, 0.15542
INFO | Time spent: 2.45s
INFO | - Epoch 262, ExpID 67118
INFO | Train - Loss (one batch): 0.00063
INFO | Val - Loss, MSE, RMSE, MAE: 0.00100, 0.00100, 0.03162, 0.01985
INFO | Test - Best epoch 236, Loss, MSE, RMSE, MAE: 0.06331, 0.06331, 0.24946, 0.15542
INFO | Time spent: 2.66s
INFO | - Epoch 263, ExpID 67118
INFO | Train - Loss (one batch): 0.00100
INFO | Val - Loss, MSE, RMSE, MAE: 0.00103, 0.00103, 0.03202, 0.02035
INFO | Test - Best epoch 236, Loss, MSE, RMSE, MAE: 0.06331, 0.06331, 0.24946, 0.15542
INFO | Time spent: 2.42s
INFO | - Epoch 264, ExpID 67118
INFO | Train - Loss (one batch): 0.00061
INFO | Val - Loss, MSE, RMSE, MAE: 0.00096, 0.00096, 0.03105, 0.01870
INFO | Test - Best epoch 236, Loss, MSE, RMSE, MAE: 0.06331, 0.06331, 0.24946, 0.15542
INFO | Time spent: 2.42s
INFO | - Epoch 265, ExpID 67118
INFO | Train - Loss (one batch): 0.00091
INFO | Val - Loss, MSE, RMSE, MAE: 0.00097, 0.00097, 0.03108, 0.01887
INFO | Test - Best epoch 236, Loss, MSE, RMSE, MAE: 0.06331, 0.06331, 0.24946, 0.15542
INFO | Time spent: 2.44s
INFO | - Epoch 266, ExpID 67118
INFO | Train - Loss (one batch): 0.00056
INFO | Val - Loss, MSE, RMSE, MAE: 0.00097, 0.00097, 0.03114, 0.01891
INFO | Test - Best epoch 236, Loss, MSE, RMSE, MAE: 0.06331, 0.06331, 0.24946, 0.15542
INFO | Time spent: 2.59s
INFO | - Epoch 267, ExpID 67118
INFO | Train - Loss (one batch): 0.00080
INFO | Val - Loss, MSE, RMSE, MAE: 0.00096, 0.00096, 0.03097, 0.01879
INFO | Test - Best epoch 236, Loss, MSE, RMSE, MAE: 0.06331, 0.06331, 0.24946, 0.15542
INFO | Time spent: 2.59s
INFO | - Epoch 268, ExpID 67118
INFO | Train - Loss (one batch): 0.00084
INFO | Val - Loss, MSE, RMSE, MAE: 0.00098, 0.00098, 0.03134, 0.01911
INFO | Test - Best epoch 236, Loss, MSE, RMSE, MAE: 0.06331, 0.06331, 0.24946, 0.15542
INFO | Time spent: 2.44s
INFO | - Epoch 269, ExpID 67118
INFO | Train - Loss (one batch): 0.00065
INFO | Val - Loss, MSE, RMSE, MAE: 0.00099, 0.00099, 0.03139, 0.01964
INFO | Test - Best epoch 236, Loss, MSE, RMSE, MAE: 0.06331, 0.06331, 0.24946, 0.15542
INFO | Time spent: 2.44s
INFO | - Epoch 270, ExpID 67118
INFO | Train - Loss (one batch): 0.00067
INFO | Val - Loss, MSE, RMSE, MAE: 0.00096, 0.00096, 0.03103, 0.01881
INFO | Test - Best epoch 236, Loss, MSE, RMSE, MAE: 0.06331, 0.06331, 0.24946, 0.15542
INFO | Time spent: 2.45s
INFO | - Epoch 271, ExpID 67118
INFO | Train - Loss (one batch): 0.00088
INFO | Val - Loss, MSE, RMSE, MAE: 0.00107, 0.00107, 0.03264, 0.02114
INFO | Test - Best epoch 236, Loss, MSE, RMSE, MAE: 0.06331, 0.06331, 0.24946, 0.15542
INFO | Time spent: 2.44s
INFO | - Epoch 272, ExpID 67118
INFO | Train - Loss (one batch): 0.00071
INFO | Val - Loss, MSE, RMSE, MAE: 0.00098, 0.00098, 0.03125, 0.01938
INFO | Test - Best epoch 236, Loss, MSE, RMSE, MAE: 0.06331, 0.06331, 0.24946, 0.15542
INFO | Time spent: 2.44s
INFO | - Epoch 273, ExpID 67118
INFO | Train - Loss (one batch): 0.00073
INFO | Val - Loss, MSE, RMSE, MAE: 0.00100, 0.00100, 0.03162, 0.01995
INFO | Test - Best epoch 236, Loss, MSE, RMSE, MAE: 0.06331, 0.06331, 0.24946, 0.15542
INFO | Time spent: 2.68s
INFO | - Epoch 274, ExpID 67118
INFO | Train - Loss (one batch): 0.00080
INFO | Val - Loss, MSE, RMSE, MAE: 0.00100, 0.00100, 0.03160, 0.01976
INFO | Test - Best epoch 236, Loss, MSE, RMSE, MAE: 0.06331, 0.06331, 0.24946, 0.15542
INFO | Time spent: 2.46s
INFO | - Epoch 275, ExpID 67118
INFO | Train - Loss (one batch): 0.00069
INFO | Val - Loss, MSE, RMSE, MAE: 0.00101, 0.00101, 0.03183, 0.02024
INFO | Test - Best epoch 236, Loss, MSE, RMSE, MAE: 0.06331, 0.06331, 0.24946, 0.15542
INFO | Time spent: 2.43s
INFO | - Epoch 276, ExpID 67118
INFO | Train - Loss (one batch): 0.00067
INFO | Val - Loss, MSE, RMSE, MAE: 0.00097, 0.00097, 0.03122, 0.01907
INFO | Test - Best epoch 236, Loss, MSE, RMSE, MAE: 0.06331, 0.06331, 0.24946, 0.15542
INFO | Time spent: 2.42s
INFO | - Epoch 277, ExpID 67118
INFO | Train - Loss (one batch): 0.00099
INFO | Val - Loss, MSE, RMSE, MAE: 0.00096, 0.00096, 0.03104, 0.01903
INFO | Test - Best epoch 236, Loss, MSE, RMSE, MAE: 0.06331, 0.06331, 0.24946, 0.15542
INFO | Time spent: 2.44s
INFO | - Epoch 278, ExpID 67118
INFO | Train - Loss (one batch): 0.00070
INFO | Val - Loss, MSE, RMSE, MAE: 0.00096, 0.00096, 0.03101, 0.01893
INFO | Test - Best epoch 236, Loss, MSE, RMSE, MAE: 0.06331, 0.06331, 0.24946, 0.15542
INFO | Time spent: 2.46s
INFO | - Epoch 279, ExpID 67118
INFO | Train - Loss (one batch): 0.00069
INFO | Val - Loss, MSE, RMSE, MAE: 0.00097, 0.00097, 0.03120, 0.01929
INFO | Test - Best epoch 236, Loss, MSE, RMSE, MAE: 0.06331, 0.06331, 0.24946, 0.15542
INFO | Time spent: 2.42s
INFO | - Epoch 280, ExpID 67118
INFO | Train - Loss (one batch): 0.00092
INFO | Val - Loss, MSE, RMSE, MAE: 0.00102, 0.00102, 0.03195, 0.02039
INFO | Test - Best epoch 236, Loss, MSE, RMSE, MAE: 0.06331, 0.06331, 0.24946, 0.15542
INFO | Time spent: 2.44s
INFO | - Epoch 281, ExpID 67118
INFO | Train - Loss (one batch): 0.00085
INFO | Val - Loss, MSE, RMSE, MAE: 0.00100, 0.00100, 0.03167, 0.01980
INFO | Test - Best epoch 236, Loss, MSE, RMSE, MAE: 0.06331, 0.06331, 0.24946, 0.15542
INFO | Time spent: 2.58s
INFO | - Epoch 282, ExpID 67118
INFO | Train - Loss (one batch): 0.00061
INFO | Val - Loss, MSE, RMSE, MAE: 0.00096, 0.00096, 0.03102, 0.01864
INFO | Test - Best epoch 236, Loss, MSE, RMSE, MAE: 0.06331, 0.06331, 0.24946, 0.15542
INFO | Time spent: 2.45s
INFO | - Epoch 283, ExpID 67118
INFO | Train - Loss (one batch): 0.00076
INFO | Val - Loss, MSE, RMSE, MAE: 0.00099, 0.00099, 0.03139, 0.01934
INFO | Test - Best epoch 236, Loss, MSE, RMSE, MAE: 0.06331, 0.06331, 0.24946, 0.15542
INFO | Time spent: 2.46s
INFO | - Epoch 284, ExpID 67118
INFO | Train - Loss (one batch): 0.00086
INFO | Val - Loss, MSE, RMSE, MAE: 0.00098, 0.00098, 0.03130, 0.01920
INFO | Test - Best epoch 236, Loss, MSE, RMSE, MAE: 0.06331, 0.06331, 0.24946, 0.15542
INFO | Time spent: 2.55s
INFO | - Epoch 285, ExpID 67118
INFO | Train - Loss (one batch): 0.00071
INFO | Val - Loss, MSE, RMSE, MAE: 0.00100, 0.00100, 0.03162, 0.01962
INFO | Test - Best epoch 236, Loss, MSE, RMSE, MAE: 0.06331, 0.06331, 0.24946, 0.15542
INFO | Time spent: 2.43s
INFO | - Epoch 286, ExpID 67118
INFO | Train - Loss (one batch): 0.00088
INFO | Val - Loss, MSE, RMSE, MAE: 0.00107, 0.00107, 0.03276, 0.02132
INFO | Test - Best epoch 236, Loss, MSE, RMSE, MAE: 0.06331, 0.06331, 0.24946, 0.15542
INFO | Time spent: 2.48s
INFO | - Epoch 287, ExpID 67118
INFO | Train - Loss (one batch): 0.00052
INFO | Val - Loss, MSE, RMSE, MAE: 0.00096, 0.00096, 0.03101, 0.01884
INFO | Test - Best epoch 236, Loss, MSE, RMSE, MAE: 0.06331, 0.06331, 0.24946, 0.15542
INFO | Time spent: 2.51s
INFO | - Epoch 288, ExpID 67118
INFO | Train - Loss (one batch): 0.00099
INFO | Val - Loss, MSE, RMSE, MAE: 0.00102, 0.00102, 0.03188, 0.02010
INFO | Test - Best epoch 236, Loss, MSE, RMSE, MAE: 0.06331, 0.06331, 0.24946, 0.15542
INFO | Time spent: 2.39s
INFO | - Epoch 289, ExpID 67118
INFO | Train - Loss (one batch): 0.00083
INFO | Val - Loss, MSE, RMSE, MAE: 0.00097, 0.00097, 0.03116, 0.01915
INFO | Test - Best epoch 236, Loss, MSE, RMSE, MAE: 0.06331, 0.06331, 0.24946, 0.15542
INFO | Time spent: 2.39s
INFO | - Epoch 290, ExpID 67118
INFO | Train - Loss (one batch): 0.00091
INFO | Val - Loss, MSE, RMSE, MAE: 0.00098, 0.00098, 0.03125, 0.01930
INFO | Test - Best epoch 236, Loss, MSE, RMSE, MAE: 0.06331, 0.06331, 0.24946, 0.15542
INFO | Time spent: 2.47s
INFO | - Epoch 291, ExpID 67118
INFO | Train - Loss (one batch): 0.00091
INFO | Val - Loss, MSE, RMSE, MAE: 0.00096, 0.00096, 0.03102, 0.01904
INFO | Test - Best epoch 236, Loss, MSE, RMSE, MAE: 0.06331, 0.06331, 0.24946, 0.15542
INFO | Time spent: 2.56s
INFO | - Epoch 292, ExpID 67118
INFO | Train - Loss (one batch): 0.00109
INFO | Val - Loss, MSE, RMSE, MAE: 0.00098, 0.00098, 0.03130, 0.01933
INFO | Test - Best epoch 236, Loss, MSE, RMSE, MAE: 0.06331, 0.06331, 0.24946, 0.15542
INFO | Time spent: 2.42s
INFO | - Epoch 293, ExpID 67118
INFO | Train - Loss (one batch): 0.00084
INFO | Val - Loss, MSE, RMSE, MAE: 0.00100, 0.00100, 0.03160, 0.01935
INFO | Test - Best epoch 236, Loss, MSE, RMSE, MAE: 0.06331, 0.06331, 0.24946, 0.15542
INFO | Time spent: 2.53s
INFO | - Epoch 294, ExpID 67118
INFO | Train - Loss (one batch): 0.00079
INFO | Val - Loss, MSE, RMSE, MAE: 0.00097, 0.00097, 0.03114, 0.01935
INFO | Test - Best epoch 236, Loss, MSE, RMSE, MAE: 0.06331, 0.06331, 0.24946, 0.15542
INFO | Time spent: 2.43s
INFO | - Epoch 295, ExpID 67118
INFO | Train - Loss (one batch): 0.00069
INFO | Val - Loss, MSE, RMSE, MAE: 0.00101, 0.00101, 0.03175, 0.01989
INFO | Test - Best epoch 236, Loss, MSE, RMSE, MAE: 0.06331, 0.06331, 0.24946, 0.15542
INFO | Time spent: 2.42s
INFO | - Epoch 296, ExpID 67118
INFO | Train - Loss (one batch): 0.00070
INFO | Val - Loss, MSE, RMSE, MAE: 0.00097, 0.00097, 0.03116, 0.01898
INFO | Test - Best epoch 236, Loss, MSE, RMSE, MAE: 0.06331, 0.06331, 0.24946, 0.15542
INFO | Time spent: 2.43s
INFO | - Epoch 297, ExpID 67118
INFO | Train - Loss (one batch): 0.00069
INFO | Val - Loss, MSE, RMSE, MAE: 0.00109, 0.00109, 0.03308, 0.02202
INFO | Test - Best epoch 236, Loss, MSE, RMSE, MAE: 0.06331, 0.06331, 0.24946, 0.15542
INFO | Time spent: 2.43s
INFO | - Epoch 298, ExpID 67118
INFO | Train - Loss (one batch): 0.00083
INFO | Val - Loss, MSE, RMSE, MAE: 0.00099, 0.00099, 0.03140, 0.01933
INFO | Test - Best epoch 236, Loss, MSE, RMSE, MAE: 0.06331, 0.06331, 0.24946, 0.15542
INFO | Time spent: 2.48s
INFO | - Epoch 299, ExpID 67118
INFO | Train - Loss (one batch): 0.00052
INFO | Val - Loss, MSE, RMSE, MAE: 0.00104, 0.00104, 0.03229, 0.02101
INFO | Test - Best epoch 236, Loss, MSE, RMSE, MAE: 0.06331, 0.06331, 0.24946, 0.15542
INFO | Time spent: 2.56s
INFO | - Epoch 000, ExpID 48235
INFO | Train - Loss (one batch): 0.00865
INFO | Val - Loss, MSE, RMSE, MAE: 0.00863, 0.00863, 0.09290, 0.07521
INFO | Test - Best epoch 0, Loss, MSE, RMSE, MAE: 0.54988, 0.54988, 0.73353, 0.59701
INFO | Time spent: 4.10s
INFO | - Epoch 001, ExpID 48235
INFO | Train - Loss (one batch): 0.00320
INFO | Val - Loss, MSE, RMSE, MAE: 0.00245, 0.00245, 0.04947, 0.03754
INFO | Test - Best epoch 1, Loss, MSE, RMSE, MAE: 0.16375, 0.16375, 0.40368, 0.30959
INFO | Time spent: 3.32s
INFO | - Epoch 002, ExpID 48235
INFO | Train - Loss (one batch): 0.00168
INFO | Val - Loss, MSE, RMSE, MAE: 0.00175, 0.00175, 0.04180, 0.02988
INFO | Test - Best epoch 2, Loss, MSE, RMSE, MAE: 0.11756, 0.11756, 0.34178, 0.24714
INFO | Time spent: 3.34s
INFO | - Epoch 003, ExpID 48235
INFO | Train - Loss (one batch): 0.00121
INFO | Val - Loss, MSE, RMSE, MAE: 0.00230, 0.00230, 0.04793, 0.03679
INFO | Test - Best epoch 2, Loss, MSE, RMSE, MAE: 0.11756, 0.11756, 0.34178, 0.24714
INFO | Time spent: 2.54s
INFO | - Epoch 004, ExpID 48235
INFO | Train - Loss (one batch): 0.00169
INFO | Val - Loss, MSE, RMSE, MAE: 0.00198, 0.00198, 0.04453, 0.03395
INFO | Test - Best epoch 2, Loss, MSE, RMSE, MAE: 0.11756, 0.11756, 0.34178, 0.24714
INFO | Time spent: 2.79s
INFO | - Epoch 005, ExpID 48235
INFO | Train - Loss (one batch): 0.00154
INFO | Val - Loss, MSE, RMSE, MAE: 0.00124, 0.00124, 0.03522, 0.02242
INFO | Test - Best epoch 5, Loss, MSE, RMSE, MAE: 0.08190, 0.08190, 0.28433, 0.18300
INFO | Time spent: 3.30s
INFO | - Epoch 006, ExpID 48235
INFO | Train - Loss (one batch): 0.00145
INFO | Val - Loss, MSE, RMSE, MAE: 0.00137, 0.00137, 0.03695, 0.02467
INFO | Test - Best epoch 5, Loss, MSE, RMSE, MAE: 0.08190, 0.08190, 0.28433, 0.18300
INFO | Time spent: 2.48s
INFO | - Epoch 007, ExpID 48235
INFO | Train - Loss (one batch): 0.00130
INFO | Val - Loss, MSE, RMSE, MAE: 0.00134, 0.00134, 0.03665, 0.02467
INFO | Test - Best epoch 5, Loss, MSE, RMSE, MAE: 0.08190, 0.08190, 0.28433, 0.18300
INFO | Time spent: 2.60s
INFO | - Epoch 008, ExpID 48235
INFO | Train - Loss (one batch): 0.00103
INFO | Val - Loss, MSE, RMSE, MAE: 0.00155, 0.00155, 0.03935, 0.02811
INFO | Test - Best epoch 5, Loss, MSE, RMSE, MAE: 0.08190, 0.08190, 0.28433, 0.18300
INFO | Time spent: 2.49s
INFO | - Epoch 009, ExpID 48235
INFO | Train - Loss (one batch): 0.00110
INFO | Val - Loss, MSE, RMSE, MAE: 0.00147, 0.00147, 0.03834, 0.02748
INFO | Test - Best epoch 5, Loss, MSE, RMSE, MAE: 0.08190, 0.08190, 0.28433, 0.18300
INFO | Time spent: 2.55s
INFO | - Epoch 010, ExpID 48235
INFO | Train - Loss (one batch): 0.00126
INFO | Val - Loss, MSE, RMSE, MAE: 0.00121, 0.00121, 0.03480, 0.02202
INFO | Test - Best epoch 10, Loss, MSE, RMSE, MAE: 0.08011, 0.08011, 0.28115, 0.18052
INFO | Time spent: 3.31s
INFO | - Epoch 011, ExpID 48235
INFO | Train - Loss (one batch): 0.00134
INFO | Val - Loss, MSE, RMSE, MAE: 0.00257, 0.00257, 0.05070, 0.04271
INFO | Test - Best epoch 10, Loss, MSE, RMSE, MAE: 0.08011, 0.08011, 0.28115, 0.18052
INFO | Time spent: 2.48s
INFO | - Epoch 012, ExpID 48235
INFO | Train - Loss (one batch): 0.00095
INFO | Val - Loss, MSE, RMSE, MAE: 0.00117, 0.00117, 0.03420, 0.02138
INFO | Test - Best epoch 12, Loss, MSE, RMSE, MAE: 0.07762, 0.07762, 0.27663, 0.17602
INFO | Time spent: 3.40s
INFO | - Epoch 013, ExpID 48235
INFO | Train - Loss (one batch): 0.00082
INFO | Val - Loss, MSE, RMSE, MAE: 0.00136, 0.00136, 0.03693, 0.02580
INFO | Test - Best epoch 12, Loss, MSE, RMSE, MAE: 0.07762, 0.07762, 0.27663, 0.17602
INFO | Time spent: 2.47s
INFO | - Epoch 014, ExpID 48235
INFO | Train - Loss (one batch): 0.00133
INFO | Val - Loss, MSE, RMSE, MAE: 0.00136, 0.00136, 0.03686, 0.02602
INFO | Test - Best epoch 12, Loss, MSE, RMSE, MAE: 0.07762, 0.07762, 0.27663, 0.17602
INFO | Time spent: 2.51s
INFO | - Epoch 015, ExpID 48235
INFO | Train - Loss (one batch): 0.00113
INFO | Val - Loss, MSE, RMSE, MAE: 0.00139, 0.00139, 0.03723, 0.02618
INFO | Test - Best epoch 12, Loss, MSE, RMSE, MAE: 0.07762, 0.07762, 0.27663, 0.17602
INFO | Time spent: 2.48s
INFO | - Epoch 016, ExpID 48235
INFO | Train - Loss (one batch): 0.00110
INFO | Val - Loss, MSE, RMSE, MAE: 0.00126, 0.00126, 0.03553, 0.02385
INFO | Test - Best epoch 12, Loss, MSE, RMSE, MAE: 0.07762, 0.07762, 0.27663, 0.17602
INFO | Time spent: 2.45s
INFO | - Epoch 017, ExpID 48235
INFO | Train - Loss (one batch): 0.00101
INFO | Val - Loss, MSE, RMSE, MAE: 0.00128, 0.00128, 0.03580, 0.02447
INFO | Test - Best epoch 12, Loss, MSE, RMSE, MAE: 0.07762, 0.07762, 0.27663, 0.17602
INFO | Time spent: 2.46s
INFO | - Epoch 018, ExpID 48235
INFO | Train - Loss (one batch): 0.00110
INFO | Val - Loss, MSE, RMSE, MAE: 0.00135, 0.00135, 0.03679, 0.02600
INFO | Test - Best epoch 12, Loss, MSE, RMSE, MAE: 0.07762, 0.07762, 0.27663, 0.17602
INFO | Time spent: 2.63s
INFO | - Epoch 019, ExpID 48235
INFO | Train - Loss (one batch): 0.00098
INFO | Val - Loss, MSE, RMSE, MAE: 0.00124, 0.00124, 0.03517, 0.02362
INFO | Test - Best epoch 12, Loss, MSE, RMSE, MAE: 0.07762, 0.07762, 0.27663, 0.17602
INFO | Time spent: 2.48s
INFO | - Epoch 020, ExpID 48235
INFO | Train - Loss (one batch): 0.00123
INFO | Val - Loss, MSE, RMSE, MAE: 0.00110, 0.00110, 0.03314, 0.02036
INFO | Test - Best epoch 20, Loss, MSE, RMSE, MAE: 0.07306, 0.07306, 0.26800, 0.16828
INFO | Time spent: 3.47s
INFO | - Epoch 021, ExpID 48235
INFO | Train - Loss (one batch): 0.00083
INFO | Val - Loss, MSE, RMSE, MAE: 0.00111, 0.00111, 0.03330, 0.02066
INFO | Test - Best epoch 20, Loss, MSE, RMSE, MAE: 0.07306, 0.07306, 0.26800, 0.16828
INFO | Time spent: 2.57s
INFO | - Epoch 022, ExpID 48235
INFO | Train - Loss (one batch): 0.00109
INFO | Val - Loss, MSE, RMSE, MAE: 0.00109, 0.00109, 0.03308, 0.02050
INFO | Test - Best epoch 22, Loss, MSE, RMSE, MAE: 0.07267, 0.07267, 0.26737, 0.16859
INFO | Time spent: 3.31s
INFO | - Epoch 023, ExpID 48235
INFO | Train - Loss (one batch): 0.00110
INFO | Val - Loss, MSE, RMSE, MAE: 0.00109, 0.00109, 0.03294, 0.02010
INFO | Test - Best epoch 23, Loss, MSE, RMSE, MAE: 0.07205, 0.07205, 0.26607, 0.16557
INFO | Time spent: 3.33s
INFO | - Epoch 024, ExpID 48235
INFO | Train - Loss (one batch): 0.00102
INFO | Val - Loss, MSE, RMSE, MAE: 0.00109, 0.00109, 0.03299, 0.02047
INFO | Test - Best epoch 23, Loss, MSE, RMSE, MAE: 0.07205, 0.07205, 0.26607, 0.16557
INFO | Time spent: 2.49s
INFO | - Epoch 025, ExpID 48235
INFO | Train - Loss (one batch): 0.00098
INFO | Val - Loss, MSE, RMSE, MAE: 0.00103, 0.00103, 0.03213, 0.01921
INFO | Test - Best epoch 25, Loss, MSE, RMSE, MAE: 0.06838, 0.06838, 0.25898, 0.15764
INFO | Time spent: 3.32s
INFO | - Epoch 026, ExpID 48235
INFO | Train - Loss (one batch): 0.00082
INFO | Val - Loss, MSE, RMSE, MAE: 0.00108, 0.00108, 0.03283, 0.02037
INFO | Test - Best epoch 25, Loss, MSE, RMSE, MAE: 0.06838, 0.06838, 0.25898, 0.15764
INFO | Time spent: 2.51s
INFO | - Epoch 027, ExpID 48235
INFO | Train - Loss (one batch): 0.00107
INFO | Val - Loss, MSE, RMSE, MAE: 0.00125, 0.00125, 0.03539, 0.02429
INFO | Test - Best epoch 25, Loss, MSE, RMSE, MAE: 0.06838, 0.06838, 0.25898, 0.15764
INFO | Time spent: 2.48s
INFO | - Epoch 028, ExpID 48235
INFO | Train - Loss (one batch): 0.00132
INFO | Val - Loss, MSE, RMSE, MAE: 0.00153, 0.00153, 0.03910, 0.02925
INFO | Test - Best epoch 25, Loss, MSE, RMSE, MAE: 0.06838, 0.06838, 0.25898, 0.15764
INFO | Time spent: 2.52s
INFO | - Epoch 029, ExpID 48235
INFO | Train - Loss (one batch): 0.00095
INFO | Val - Loss, MSE, RMSE, MAE: 0.00105, 0.00105, 0.03234, 0.01973
INFO | Test - Best epoch 25, Loss, MSE, RMSE, MAE: 0.06838, 0.06838, 0.25898, 0.15764
INFO | Time spent: 2.52s
INFO | - Epoch 030, ExpID 48235
INFO | Train - Loss (one batch): 0.00097
INFO | Val - Loss, MSE, RMSE, MAE: 0.00111, 0.00111, 0.03333, 0.02136
INFO | Test - Best epoch 25, Loss, MSE, RMSE, MAE: 0.06838, 0.06838, 0.25898, 0.15764
INFO | Time spent: 2.48s
INFO | - Epoch 031, ExpID 48235
INFO | Train - Loss (one batch): 0.00072
INFO | Val - Loss, MSE, RMSE, MAE: 0.00108, 0.00108, 0.03287, 0.02014
INFO | Test - Best epoch 25, Loss, MSE, RMSE, MAE: 0.06838, 0.06838, 0.25898, 0.15764
INFO | Time spent: 2.56s
INFO | - Epoch 032, ExpID 48235
INFO | Train - Loss (one batch): 0.00081
INFO | Val - Loss, MSE, RMSE, MAE: 0.00115, 0.00115, 0.03398, 0.02197
INFO | Test - Best epoch 25, Loss, MSE, RMSE, MAE: 0.06838, 0.06838, 0.25898, 0.15764
INFO | Time spent: 2.49s
INFO | - Epoch 033, ExpID 48235
INFO | Train - Loss (one batch): 0.00104
INFO | Val - Loss, MSE, RMSE, MAE: 0.00111, 0.00111, 0.03328, 0.02152
INFO | Test - Best epoch 25, Loss, MSE, RMSE, MAE: 0.06838, 0.06838, 0.25898, 0.15764
INFO | Time spent: 2.48s
INFO | - Epoch 034, ExpID 48235
INFO | Train - Loss (one batch): 0.00090
INFO | Val - Loss, MSE, RMSE, MAE: 0.00123, 0.00123, 0.03503, 0.02390
INFO | Test - Best epoch 25, Loss, MSE, RMSE, MAE: 0.06838, 0.06838, 0.25898, 0.15764
INFO | Time spent: 2.56s
INFO | - Epoch 035, ExpID 48235
INFO | Train - Loss (one batch): 0.00091
INFO | Val - Loss, MSE, RMSE, MAE: 0.00103, 0.00103, 0.03208, 0.01943
INFO | Test - Best epoch 35, Loss, MSE, RMSE, MAE: 0.06825, 0.06825, 0.25874, 0.15966
INFO | Time spent: 3.33s
INFO | - Epoch 036, ExpID 48235
INFO | Train - Loss (one batch): 0.00108
INFO | Val - Loss, MSE, RMSE, MAE: 0.00146, 0.00146, 0.03824, 0.02817
INFO | Test - Best epoch 35, Loss, MSE, RMSE, MAE: 0.06825, 0.06825, 0.25874, 0.15966
INFO | Time spent: 2.49s
INFO | - Epoch 037, ExpID 48235
INFO | Train - Loss (one batch): 0.00088
INFO | Val - Loss, MSE, RMSE, MAE: 0.00129, 0.00129, 0.03590, 0.02512
INFO | Test - Best epoch 35, Loss, MSE, RMSE, MAE: 0.06825, 0.06825, 0.25874, 0.15966
INFO | Time spent: 2.47s
INFO | - Epoch 038, ExpID 48235
INFO | Train - Loss (one batch): 0.00082
INFO | Val - Loss, MSE, RMSE, MAE: 0.00129, 0.00129, 0.03585, 0.02456
INFO | Test - Best epoch 35, Loss, MSE, RMSE, MAE: 0.06825, 0.06825, 0.25874, 0.15966
INFO | Time spent: 2.51s
INFO | - Epoch 039, ExpID 48235
INFO | Train - Loss (one batch): 0.00112
INFO | Val - Loss, MSE, RMSE, MAE: 0.00102, 0.00102, 0.03193, 0.01917
INFO | Test - Best epoch 39, Loss, MSE, RMSE, MAE: 0.06782, 0.06782, 0.25796, 0.15802
INFO | Time spent: 3.43s
INFO | - Epoch 040, ExpID 48235
INFO | Train - Loss (one batch): 0.00099
INFO | Val - Loss, MSE, RMSE, MAE: 0.00120, 0.00120, 0.03460, 0.02330
INFO | Test - Best epoch 39, Loss, MSE, RMSE, MAE: 0.06782, 0.06782, 0.25796, 0.15802
INFO | Time spent: 2.53s
INFO | - Epoch 041, ExpID 48235
INFO | Train - Loss (one batch): 0.00102
INFO | Val - Loss, MSE, RMSE, MAE: 0.00142, 0.00142, 0.03764, 0.02735
INFO | Test - Best epoch 39, Loss, MSE, RMSE, MAE: 0.06782, 0.06782, 0.25796, 0.15802
INFO | Time spent: 2.47s
INFO | - Epoch 042, ExpID 48235
INFO | Train - Loss (one batch): 0.00114
INFO | Val - Loss, MSE, RMSE, MAE: 0.00105, 0.00105, 0.03233, 0.01983
INFO | Test - Best epoch 39, Loss, MSE, RMSE, MAE: 0.06782, 0.06782, 0.25796, 0.15802
INFO | Time spent: 2.47s
INFO | - Epoch 043, ExpID 48235
INFO | Train - Loss (one batch): 0.00095
INFO | Val - Loss, MSE, RMSE, MAE: 0.00130, 0.00130, 0.03600, 0.02521
INFO | Test - Best epoch 39, Loss, MSE, RMSE, MAE: 0.06782, 0.06782, 0.25796, 0.15802
INFO | Time spent: 2.59s
INFO | - Epoch 044, ExpID 48235
INFO | Train - Loss (one batch): 0.00081
INFO | Val - Loss, MSE, RMSE, MAE: 0.00101, 0.00101, 0.03176, 0.01896
INFO | Test - Best epoch 44, Loss, MSE, RMSE, MAE: 0.06712, 0.06712, 0.25664, 0.15659
INFO | Time spent: 3.33s
INFO | - Epoch 045, ExpID 48235
INFO | Train - Loss (one batch): 0.00088
INFO | Val - Loss, MSE, RMSE, MAE: 0.00112, 0.00112, 0.03344, 0.02151
INFO | Test - Best epoch 44, Loss, MSE, RMSE, MAE: 0.06712, 0.06712, 0.25664, 0.15659
INFO | Time spent: 2.49s
INFO | - Epoch 046, ExpID 48235
INFO | Train - Loss (one batch): 0.00091
INFO | Val - Loss, MSE, RMSE, MAE: 0.00106, 0.00106, 0.03250, 0.02013
INFO | Test - Best epoch 44, Loss, MSE, RMSE, MAE: 0.06712, 0.06712, 0.25664, 0.15659
INFO | Time spent: 2.62s
INFO | - Epoch 047, ExpID 48235
INFO | Train - Loss (one batch): 0.00096
INFO | Val - Loss, MSE, RMSE, MAE: 0.00113, 0.00113, 0.03365, 0.02184
INFO | Test - Best epoch 44, Loss, MSE, RMSE, MAE: 0.06712, 0.06712, 0.25664, 0.15659
INFO | Time spent: 2.59s
INFO | - Epoch 048, ExpID 48235
INFO | Train - Loss (one batch): 0.00097
INFO | Val - Loss, MSE, RMSE, MAE: 0.00117, 0.00117, 0.03425, 0.02271
INFO | Test - Best epoch 44, Loss, MSE, RMSE, MAE: 0.06712, 0.06712, 0.25664, 0.15659
INFO | Time spent: 2.66s
INFO | - Epoch 049, ExpID 48235
INFO | Train - Loss (one batch): 0.00109
INFO | Val - Loss, MSE, RMSE, MAE: 0.00103, 0.00103, 0.03202, 0.01953
INFO | Test - Best epoch 44, Loss, MSE, RMSE, MAE: 0.06712, 0.06712, 0.25664, 0.15659
INFO | Time spent: 2.46s
INFO | - Epoch 050, ExpID 48235
INFO | Train - Loss (one batch): 0.00116
INFO | Val - Loss, MSE, RMSE, MAE: 0.00102, 0.00102, 0.03199, 0.01926
INFO | Test - Best epoch 44, Loss, MSE, RMSE, MAE: 0.06712, 0.06712, 0.25664, 0.15659
INFO | Time spent: 2.49s
INFO | - Epoch 051, ExpID 48235
INFO | Train - Loss (one batch): 0.00121
INFO | Val - Loss, MSE, RMSE, MAE: 0.00106, 0.00106, 0.03260, 0.02039
INFO | Test - Best epoch 44, Loss, MSE, RMSE, MAE: 0.06712, 0.06712, 0.25664, 0.15659
INFO | Time spent: 2.51s
INFO | - Epoch 052, ExpID 48235
INFO | Train - Loss (one batch): 0.00108
INFO | Val - Loss, MSE, RMSE, MAE: 0.00100, 0.00100, 0.03156, 0.01878
INFO | Test - Best epoch 52, Loss, MSE, RMSE, MAE: 0.06632, 0.06632, 0.25516, 0.15505
INFO | Time spent: 3.51s
INFO | - Epoch 053, ExpID 48235
INFO | Train - Loss (one batch): 0.00094
INFO | Val - Loss, MSE, RMSE, MAE: 0.00126, 0.00126, 0.03556, 0.02452
INFO | Test - Best epoch 52, Loss, MSE, RMSE, MAE: 0.06632, 0.06632, 0.25516, 0.15505
INFO | Time spent: 2.46s
INFO | - Epoch 054, ExpID 48235
INFO | Train - Loss (one batch): 0.00116
INFO | Val - Loss, MSE, RMSE, MAE: 0.00118, 0.00118, 0.03439, 0.02282
INFO | Test - Best epoch 52, Loss, MSE, RMSE, MAE: 0.06632, 0.06632, 0.25516, 0.15505
INFO | Time spent: 2.48s
INFO | - Epoch 055, ExpID 48235
INFO | Train - Loss (one batch): 0.00104
INFO | Val - Loss, MSE, RMSE, MAE: 0.00127, 0.00127, 0.03561, 0.02462
INFO | Test - Best epoch 52, Loss, MSE, RMSE, MAE: 0.06632, 0.06632, 0.25516, 0.15505
INFO | Time spent: 2.55s
INFO | - Epoch 056, ExpID 48235
INFO | Train - Loss (one batch): 0.00093
INFO | Val - Loss, MSE, RMSE, MAE: 0.00105, 0.00105, 0.03245, 0.02036
INFO | Test - Best epoch 52, Loss, MSE, RMSE, MAE: 0.06632, 0.06632, 0.25516, 0.15505
INFO | Time spent: 2.45s
INFO | - Epoch 057, ExpID 48235
INFO | Train - Loss (one batch): 0.00127
INFO | Val - Loss, MSE, RMSE, MAE: 0.00108, 0.00108, 0.03287, 0.02090
INFO | Test - Best epoch 52, Loss, MSE, RMSE, MAE: 0.06632, 0.06632, 0.25516, 0.15505
INFO | Time spent: 2.64s
INFO | - Epoch 058, ExpID 48235
INFO | Train - Loss (one batch): 0.00095
INFO | Val - Loss, MSE, RMSE, MAE: 0.00134, 0.00134, 0.03661, 0.02602
INFO | Test - Best epoch 52, Loss, MSE, RMSE, MAE: 0.06632, 0.06632, 0.25516, 0.15505
INFO | Time spent: 2.52s
INFO | - Epoch 059, ExpID 48235
INFO | Train - Loss (one batch): 0.00107
INFO | Val - Loss, MSE, RMSE, MAE: 0.00103, 0.00103, 0.03215, 0.01942
INFO | Test - Best epoch 52, Loss, MSE, RMSE, MAE: 0.06632, 0.06632, 0.25516, 0.15505
INFO | Time spent: 2.45s
INFO | - Epoch 060, ExpID 48235
INFO | Train - Loss (one batch): 0.00117
INFO | Val - Loss, MSE, RMSE, MAE: 0.00107, 0.00107, 0.03277, 0.02062
INFO | Test - Best epoch 52, Loss, MSE, RMSE, MAE: 0.06632, 0.06632, 0.25516, 0.15505
INFO | Time spent: 2.49s
INFO | - Epoch 061, ExpID 48235
INFO | Train - Loss (one batch): 0.00091
INFO | Val - Loss, MSE, RMSE, MAE: 0.00141, 0.00141, 0.03750, 0.02698
INFO | Test - Best epoch 52, Loss, MSE, RMSE, MAE: 0.06632, 0.06632, 0.25516, 0.15505
INFO | Time spent: 2.53s
INFO | - Epoch 062, ExpID 48235
INFO | Train - Loss (one batch): 0.00075
INFO | Val - Loss, MSE, RMSE, MAE: 0.00104, 0.00104, 0.03218, 0.01974
INFO | Test - Best epoch 52, Loss, MSE, RMSE, MAE: 0.06632, 0.06632, 0.25516, 0.15505
INFO | Time spent: 2.52s
INFO | - Epoch 063, ExpID 48235
INFO | Train - Loss (one batch): 0.00092
INFO | Val - Loss, MSE, RMSE, MAE: 0.00100, 0.00100, 0.03159, 0.01880
INFO | Test - Best epoch 52, Loss, MSE, RMSE, MAE: 0.06632, 0.06632, 0.25516, 0.15505
INFO | Time spent: 2.57s
INFO | - Epoch 064, ExpID 48235
INFO | Train - Loss (one batch): 0.00086
INFO | Val - Loss, MSE, RMSE, MAE: 0.00109, 0.00109, 0.03304, 0.02128
INFO | Test - Best epoch 52, Loss, MSE, RMSE, MAE: 0.06632, 0.06632, 0.25516, 0.15505
INFO | Time spent: 2.67s
INFO | - Epoch 065, ExpID 48235
INFO | Train - Loss (one batch): 0.00125
INFO | Val - Loss, MSE, RMSE, MAE: 0.00103, 0.00103, 0.03211, 0.01990
INFO | Test - Best epoch 52, Loss, MSE, RMSE, MAE: 0.06632, 0.06632, 0.25516, 0.15505
INFO | Time spent: 2.48s
INFO | - Epoch 066, ExpID 48235
INFO | Train - Loss (one batch): 0.00072
INFO | Val - Loss, MSE, RMSE, MAE: 0.00105, 0.00105, 0.03239, 0.02029
INFO | Test - Best epoch 52, Loss, MSE, RMSE, MAE: 0.06632, 0.06632, 0.25516, 0.15505
INFO | Time spent: 2.51s
INFO | - Epoch 067, ExpID 48235
INFO | Train - Loss (one batch): 0.00114
INFO | Val - Loss, MSE, RMSE, MAE: 0.00103, 0.00103, 0.03206, 0.01990
INFO | Test - Best epoch 52, Loss, MSE, RMSE, MAE: 0.06632, 0.06632, 0.25516, 0.15505
INFO | Time spent: 2.49s
INFO | - Epoch 068, ExpID 48235
INFO | Train - Loss (one batch): 0.00108
INFO | Val - Loss, MSE, RMSE, MAE: 0.00108, 0.00108, 0.03289, 0.02117
INFO | Test - Best epoch 52, Loss, MSE, RMSE, MAE: 0.06632, 0.06632, 0.25516, 0.15505
INFO | Time spent: 2.75s
INFO | - Epoch 069, ExpID 48235
INFO | Train - Loss (one batch): 0.00096
INFO | Val - Loss, MSE, RMSE, MAE: 0.00100, 0.00100, 0.03161, 0.01890
INFO | Test - Best epoch 52, Loss, MSE, RMSE, MAE: 0.06632, 0.06632, 0.25516, 0.15505
INFO | Time spent: 2.50s
INFO | - Epoch 070, ExpID 48235
INFO | Train - Loss (one batch): 0.00086
INFO | Val - Loss, MSE, RMSE, MAE: 0.00102, 0.00102, 0.03200, 0.01947
INFO | Test - Best epoch 52, Loss, MSE, RMSE, MAE: 0.06632, 0.06632, 0.25516, 0.15505
INFO | Time spent: 2.79s
INFO | - Epoch 071, ExpID 48235
INFO | Train - Loss (one batch): 0.00085
INFO | Val - Loss, MSE, RMSE, MAE: 0.00099, 0.00099, 0.03154, 0.01884
INFO | Test - Best epoch 71, Loss, MSE, RMSE, MAE: 0.06605, 0.06605, 0.25474, 0.15477
INFO | Time spent: 3.28s
INFO | - Epoch 072, ExpID 48235
INFO | Train - Loss (one batch): 0.00087
INFO | Val - Loss, MSE, RMSE, MAE: 0.00105, 0.00105, 0.03233, 0.02013
INFO | Test - Best epoch 71, Loss, MSE, RMSE, MAE: 0.06605, 0.06605, 0.25474, 0.15477
INFO | Time spent: 2.48s
INFO | - Epoch 073, ExpID 48235
INFO | Train - Loss (one batch): 0.00095
INFO | Val - Loss, MSE, RMSE, MAE: 0.00107, 0.00107, 0.03265, 0.02045
INFO | Test - Best epoch 71, Loss, MSE, RMSE, MAE: 0.06605, 0.06605, 0.25474, 0.15477
INFO | Time spent: 2.47s
INFO | - Epoch 074, ExpID 48235
INFO | Train - Loss (one batch): 0.00098
INFO | Val - Loss, MSE, RMSE, MAE: 0.00102, 0.00102, 0.03187, 0.01927
INFO | Test - Best epoch 71, Loss, MSE, RMSE, MAE: 0.06605, 0.06605, 0.25474, 0.15477
INFO | Time spent: 2.50s
INFO | - Epoch 075, ExpID 48235
INFO | Train - Loss (one batch): 0.00084
INFO | Val - Loss, MSE, RMSE, MAE: 0.00105, 0.00105, 0.03246, 0.02003
INFO | Test - Best epoch 71, Loss, MSE, RMSE, MAE: 0.06605, 0.06605, 0.25474, 0.15477
INFO | Time spent: 2.46s
INFO | - Epoch 076, ExpID 48235
INFO | Train - Loss (one batch): 0.00087
INFO | Val - Loss, MSE, RMSE, MAE: 0.00102, 0.00102, 0.03197, 0.01964
INFO | Test - Best epoch 71, Loss, MSE, RMSE, MAE: 0.06605, 0.06605, 0.25474, 0.15477
INFO | Time spent: 2.46s
INFO | - Epoch 077, ExpID 48235
INFO | Train - Loss (one batch): 0.00090
INFO | Val - Loss, MSE, RMSE, MAE: 0.00121, 0.00121, 0.03482, 0.02385
INFO | Test - Best epoch 71, Loss, MSE, RMSE, MAE: 0.06605, 0.06605, 0.25474, 0.15477
INFO | Time spent: 2.45s
INFO | - Epoch 078, ExpID 48235
INFO | Train - Loss (one batch): 0.00115
INFO | Val - Loss, MSE, RMSE, MAE: 0.00107, 0.00107, 0.03268, 0.02098
INFO | Test - Best epoch 71, Loss, MSE, RMSE, MAE: 0.06605, 0.06605, 0.25474, 0.15477
INFO | Time spent: 2.45s
INFO | - Epoch 079, ExpID 48235
INFO | Train - Loss (one batch): 0.00094
INFO | Val - Loss, MSE, RMSE, MAE: 0.00101, 0.00101, 0.03182, 0.01948
INFO | Test - Best epoch 71, Loss, MSE, RMSE, MAE: 0.06605, 0.06605, 0.25474, 0.15477
INFO | Time spent: 2.63s
INFO | - Epoch 080, ExpID 48235
INFO | Train - Loss (one batch): 0.00077
INFO | Val - Loss, MSE, RMSE, MAE: 0.00100, 0.00100, 0.03161, 0.01901
INFO | Test - Best epoch 71, Loss, MSE, RMSE, MAE: 0.06605, 0.06605, 0.25474, 0.15477
INFO | Time spent: 2.69s
INFO | - Epoch 081, ExpID 48235
INFO | Train - Loss (one batch): 0.00091
INFO | Val - Loss, MSE, RMSE, MAE: 0.00101, 0.00101, 0.03170, 0.01937
INFO | Test - Best epoch 71, Loss, MSE, RMSE, MAE: 0.06605, 0.06605, 0.25474, 0.15477
INFO | Time spent: 2.50s
INFO | - Epoch 082, ExpID 48235
INFO | Train - Loss (one batch): 0.00083
INFO | Val - Loss, MSE, RMSE, MAE: 0.00107, 0.00107, 0.03271, 0.02083
INFO | Test - Best epoch 71, Loss, MSE, RMSE, MAE: 0.06605, 0.06605, 0.25474, 0.15477
INFO | Time spent: 2.54s
INFO | - Epoch 083, ExpID 48235
INFO | Train - Loss (one batch): 0.00094
INFO | Val - Loss, MSE, RMSE, MAE: 0.00100, 0.00100, 0.03169, 0.01912
INFO | Test - Best epoch 71, Loss, MSE, RMSE, MAE: 0.06605, 0.06605, 0.25474, 0.15477
INFO | Time spent: 2.48s
INFO | - Epoch 084, ExpID 48235
INFO | Train - Loss (one batch): 0.00100
INFO | Val - Loss, MSE, RMSE, MAE: 0.00099, 0.00099, 0.03147, 0.01910
INFO | Test - Best epoch 84, Loss, MSE, RMSE, MAE: 0.06634, 0.06634, 0.25537, 0.15747
INFO | Time spent: 3.36s
INFO | - Epoch 085, ExpID 48235
INFO | Train - Loss (one batch): 0.00130
INFO | Val - Loss, MSE, RMSE, MAE: 0.00108, 0.00108, 0.03281, 0.02126
INFO | Test - Best epoch 84, Loss, MSE, RMSE, MAE: 0.06634, 0.06634, 0.25537, 0.15747
INFO | Time spent: 2.53s
INFO | - Epoch 086, ExpID 48235
INFO | Train - Loss (one batch): 0.00100
INFO | Val - Loss, MSE, RMSE, MAE: 0.00100, 0.00100, 0.03167, 0.01958
INFO | Test - Best epoch 84, Loss, MSE, RMSE, MAE: 0.06634, 0.06634, 0.25537, 0.15747
INFO | Time spent: 2.50s
INFO | - Epoch 087, ExpID 48235
INFO | Train - Loss (one batch): 0.00112
INFO | Val - Loss, MSE, RMSE, MAE: 0.00100, 0.00100, 0.03166, 0.01942
INFO | Test - Best epoch 84, Loss, MSE, RMSE, MAE: 0.06634, 0.06634, 0.25537, 0.15747
INFO | Time spent: 2.59s
INFO | - Epoch 088, ExpID 48235
INFO | Train - Loss (one batch): 0.00095
INFO | Val - Loss, MSE, RMSE, MAE: 0.00102, 0.00102, 0.03190, 0.01976
INFO | Test - Best epoch 84, Loss, MSE, RMSE, MAE: 0.06634, 0.06634, 0.25537, 0.15747
INFO | Time spent: 2.46s
INFO | - Epoch 089, ExpID 48235
INFO | Train - Loss (one batch): 0.00081
INFO | Val - Loss, MSE, RMSE, MAE: 0.00099, 0.00099, 0.03140, 0.01920
INFO | Test - Best epoch 89, Loss, MSE, RMSE, MAE: 0.06630, 0.06630, 0.25534, 0.15908
INFO | Time spent: 3.63s
INFO | - Epoch 090, ExpID 48235
INFO | Train - Loss (one batch): 0.00090
INFO | Val - Loss, MSE, RMSE, MAE: 0.00098, 0.00098, 0.03137, 0.01878
INFO | Test - Best epoch 90, Loss, MSE, RMSE, MAE: 0.06554, 0.06554, 0.25377, 0.15501
INFO | Time spent: 3.34s
INFO | - Epoch 091, ExpID 48235
INFO | Train - Loss (one batch): 0.00082
INFO | Val - Loss, MSE, RMSE, MAE: 0.00099, 0.00099, 0.03142, 0.01891
INFO | Test - Best epoch 90, Loss, MSE, RMSE, MAE: 0.06554, 0.06554, 0.25377, 0.15501
INFO | Time spent: 2.48s
INFO | - Epoch 092, ExpID 48235
INFO | Train - Loss (one batch): 0.00114
INFO | Val - Loss, MSE, RMSE, MAE: 0.00099, 0.00099, 0.03144, 0.01905
INFO | Test - Best epoch 90, Loss, MSE, RMSE, MAE: 0.06554, 0.06554, 0.25377, 0.15501
INFO | Time spent: 2.65s
INFO | - Epoch 093, ExpID 48235
INFO | Train - Loss (one batch): 0.00095
INFO | Val - Loss, MSE, RMSE, MAE: 0.00101, 0.00101, 0.03173, 0.01949
INFO | Test - Best epoch 90, Loss, MSE, RMSE, MAE: 0.06554, 0.06554, 0.25377, 0.15501
INFO | Time spent: 2.50s
INFO | - Epoch 094, ExpID 48235
INFO | Train - Loss (one batch): 0.00074
INFO | Val - Loss, MSE, RMSE, MAE: 0.00098, 0.00098, 0.03132, 0.01877
INFO | Test - Best epoch 94, Loss, MSE, RMSE, MAE: 0.06530, 0.06530, 0.25337, 0.15497
INFO | Time spent: 3.30s
INFO | - Epoch 095, ExpID 48235
INFO | Train - Loss (one batch): 0.00070
INFO | Val - Loss, MSE, RMSE, MAE: 0.00104, 0.00104, 0.03218, 0.02021
INFO | Test - Best epoch 94, Loss, MSE, RMSE, MAE: 0.06530, 0.06530, 0.25337, 0.15497
INFO | Time spent: 2.49s
INFO | - Epoch 096, ExpID 48235
INFO | Train - Loss (one batch): 0.00115
INFO | Val - Loss, MSE, RMSE, MAE: 0.00099, 0.00099, 0.03151, 0.01905
INFO | Test - Best epoch 94, Loss, MSE, RMSE, MAE: 0.06530, 0.06530, 0.25337, 0.15497
INFO | Time spent: 2.49s
INFO | - Epoch 097, ExpID 48235
INFO | Train - Loss (one batch): 0.00093
INFO | Val - Loss, MSE, RMSE, MAE: 0.00098, 0.00098, 0.03131, 0.01883
INFO | Test - Best epoch 97, Loss, MSE, RMSE, MAE: 0.06555, 0.06555, 0.25393, 0.15538
INFO | Time spent: 3.30s
INFO | - Epoch 098, ExpID 48235
INFO | Train - Loss (one batch): 0.00093
INFO | Val - Loss, MSE, RMSE, MAE: 0.00101, 0.00101, 0.03175, 0.01967
INFO | Test - Best epoch 97, Loss, MSE, RMSE, MAE: 0.06555, 0.06555, 0.25393, 0.15538
INFO | Time spent: 2.70s
INFO | - Epoch 099, ExpID 48235
INFO | Train - Loss (one batch): 0.00093
INFO | Val - Loss, MSE, RMSE, MAE: 0.00104, 0.00104, 0.03230, 0.01999
INFO | Test - Best epoch 97, Loss, MSE, RMSE, MAE: 0.06555, 0.06555, 0.25393, 0.15538
INFO | Time spent: 2.61s
INFO | - Epoch 100, ExpID 48235
INFO | Train - Loss (one batch): 0.00104
INFO | Val - Loss, MSE, RMSE, MAE: 0.00108, 0.00108, 0.03282, 0.02116
INFO | Test - Best epoch 97, Loss, MSE, RMSE, MAE: 0.06555, 0.06555, 0.25393, 0.15538
INFO | Time spent: 2.47s
INFO | - Epoch 101, ExpID 48235
INFO | Train - Loss (one batch): 0.00086
INFO | Val - Loss, MSE, RMSE, MAE: 0.00097, 0.00097, 0.03112, 0.01883
INFO | Test - Best epoch 101, Loss, MSE, RMSE, MAE: 0.06484, 0.06484, 0.25242, 0.15494
INFO | Time spent: 3.31s
INFO | - Epoch 102, ExpID 48235
INFO | Train - Loss (one batch): 0.00092
INFO | Val - Loss, MSE, RMSE, MAE: 0.00100, 0.00100, 0.03166, 0.01929
INFO | Test - Best epoch 101, Loss, MSE, RMSE, MAE: 0.06484, 0.06484, 0.25242, 0.15494
INFO | Time spent: 2.73s
INFO | - Epoch 103, ExpID 48235
INFO | Train - Loss (one batch): 0.00063
INFO | Val - Loss, MSE, RMSE, MAE: 0.00097, 0.00097, 0.03111, 0.01886
INFO | Test - Best epoch 103, Loss, MSE, RMSE, MAE: 0.06501, 0.06501, 0.25286, 0.15636
INFO | Time spent: 3.31s
INFO | - Epoch 104, ExpID 48235
INFO | Train - Loss (one batch): 0.00136
INFO | Val - Loss, MSE, RMSE, MAE: 0.00108, 0.00108, 0.03290, 0.02147
INFO | Test - Best epoch 103, Loss, MSE, RMSE, MAE: 0.06501, 0.06501, 0.25286, 0.15636
INFO | Time spent: 2.47s
INFO | - Epoch 105, ExpID 48235
INFO | Train - Loss (one batch): 0.00110
INFO | Val - Loss, MSE, RMSE, MAE: 0.00100, 0.00100, 0.03168, 0.01930
INFO | Test - Best epoch 103, Loss, MSE, RMSE, MAE: 0.06501, 0.06501, 0.25286, 0.15636
INFO | Time spent: 2.53s
INFO | - Epoch 106, ExpID 48235
INFO | Train - Loss (one batch): 0.00075
INFO | Val - Loss, MSE, RMSE, MAE: 0.00098, 0.00098, 0.03136, 0.01898
INFO | Test - Best epoch 103, Loss, MSE, RMSE, MAE: 0.06501, 0.06501, 0.25286, 0.15636
INFO | Time spent: 2.51s
INFO | - Epoch 107, ExpID 48235
INFO | Train - Loss (one batch): 0.00119
INFO | Val - Loss, MSE, RMSE, MAE: 0.00099, 0.00099, 0.03150, 0.01944
INFO | Test - Best epoch 103, Loss, MSE, RMSE, MAE: 0.06501, 0.06501, 0.25286, 0.15636
INFO | Time spent: 2.47s
INFO | - Epoch 108, ExpID 48235
INFO | Train - Loss (one batch): 0.00095
INFO | Val - Loss, MSE, RMSE, MAE: 0.00097, 0.00097, 0.03114, 0.01888
INFO | Test - Best epoch 103, Loss, MSE, RMSE, MAE: 0.06501, 0.06501, 0.25286, 0.15636
INFO | Time spent: 2.50s
INFO | - Epoch 109, ExpID 48235
INFO | Train - Loss (one batch): 0.00087
INFO | Val - Loss, MSE, RMSE, MAE: 0.00097, 0.00097, 0.03112, 0.01860
INFO | Test - Best epoch 103, Loss, MSE, RMSE, MAE: 0.06501, 0.06501, 0.25286, 0.15636
INFO | Time spent: 2.49s
INFO | - Epoch 110, ExpID 48235
INFO | Train - Loss (one batch): 0.00097
INFO | Val - Loss, MSE, RMSE, MAE: 0.00098, 0.00098, 0.03124, 0.01883
INFO | Test - Best epoch 103, Loss, MSE, RMSE, MAE: 0.06501, 0.06501, 0.25286, 0.15636
INFO | Time spent: 2.54s
INFO | - Epoch 111, ExpID 48235
INFO | Train - Loss (one batch): 0.00067
INFO | Val - Loss, MSE, RMSE, MAE: 0.00097, 0.00097, 0.03117, 0.01904
INFO | Test - Best epoch 103, Loss, MSE, RMSE, MAE: 0.06501, 0.06501, 0.25286, 0.15636
INFO | Time spent: 2.52s
INFO | - Epoch 112, ExpID 48235
INFO | Train - Loss (one batch): 0.00088
INFO | Val - Loss, MSE, RMSE, MAE: 0.00097, 0.00097, 0.03116, 0.01875
INFO | Test - Best epoch 103, Loss, MSE, RMSE, MAE: 0.06501, 0.06501, 0.25286, 0.15636
INFO | Time spent: 2.53s
INFO | - Epoch 113, ExpID 48235
INFO | Train - Loss (one batch): 0.00107
INFO | Val - Loss, MSE, RMSE, MAE: 0.00101, 0.00101, 0.03184, 0.01991
INFO | Test - Best epoch 103, Loss, MSE, RMSE, MAE: 0.06501, 0.06501, 0.25286, 0.15636
INFO | Time spent: 2.51s
INFO | - Epoch 114, ExpID 48235
INFO | Train - Loss (one batch): 0.00094
INFO | Val - Loss, MSE, RMSE, MAE: 0.00106, 0.00106, 0.03260, 0.02104
INFO | Test - Best epoch 103, Loss, MSE, RMSE, MAE: 0.06501, 0.06501, 0.25286, 0.15636
INFO | Time spent: 2.51s
INFO | - Epoch 115, ExpID 48235
INFO | Train - Loss (one batch): 0.00076
INFO | Val - Loss, MSE, RMSE, MAE: 0.00101, 0.00101, 0.03178, 0.01999
INFO | Test - Best epoch 103, Loss, MSE, RMSE, MAE: 0.06501, 0.06501, 0.25286, 0.15636
INFO | Time spent: 2.50s
INFO | - Epoch 116, ExpID 48235
INFO | Train - Loss (one batch): 0.00099
INFO | Val - Loss, MSE, RMSE, MAE: 0.00098, 0.00098, 0.03127, 0.01911
INFO | Test - Best epoch 103, Loss, MSE, RMSE, MAE: 0.06501, 0.06501, 0.25286, 0.15636
INFO | Time spent: 2.51s
INFO | - Epoch 117, ExpID 48235
INFO | Train - Loss (one batch): 0.00128
INFO | Val - Loss, MSE, RMSE, MAE: 0.00104, 0.00104, 0.03217, 0.01991
INFO | Test - Best epoch 103, Loss, MSE, RMSE, MAE: 0.06501, 0.06501, 0.25286, 0.15636
INFO | Time spent: 2.47s
INFO | - Epoch 118, ExpID 48235
INFO | Train - Loss (one batch): 0.00085
INFO | Val - Loss, MSE, RMSE, MAE: 0.00098, 0.00098, 0.03123, 0.01871
INFO | Test - Best epoch 103, Loss, MSE, RMSE, MAE: 0.06501, 0.06501, 0.25286, 0.15636
INFO | Time spent: 2.51s
INFO | - Epoch 119, ExpID 48235
INFO | Train - Loss (one batch): 0.00101
INFO | Val - Loss, MSE, RMSE, MAE: 0.00106, 0.00106, 0.03253, 0.02088
INFO | Test - Best epoch 103, Loss, MSE, RMSE, MAE: 0.06501, 0.06501, 0.25286, 0.15636
INFO | Time spent: 2.46s
INFO | - Epoch 120, ExpID 48235
INFO | Train - Loss (one batch): 0.00099
INFO | Val - Loss, MSE, RMSE, MAE: 0.00105, 0.00105, 0.03243, 0.02085
INFO | Test - Best epoch 103, Loss, MSE, RMSE, MAE: 0.06501, 0.06501, 0.25286, 0.15636
INFO | Time spent: 2.49s
INFO | - Epoch 121, ExpID 48235
INFO | Train - Loss (one batch): 0.00083
INFO | Val - Loss, MSE, RMSE, MAE: 0.00099, 0.00099, 0.03152, 0.01948
INFO | Test - Best epoch 103, Loss, MSE, RMSE, MAE: 0.06501, 0.06501, 0.25286, 0.15636
INFO | Time spent: 2.50s
INFO | - Epoch 122, ExpID 48235
INFO | Train - Loss (one batch): 0.00108
INFO | Val - Loss, MSE, RMSE, MAE: 0.00112, 0.00112, 0.03341, 0.02212
INFO | Test - Best epoch 103, Loss, MSE, RMSE, MAE: 0.06501, 0.06501, 0.25286, 0.15636
INFO | Time spent: 2.44s
INFO | - Epoch 123, ExpID 48235
INFO | Train - Loss (one batch): 0.00087
INFO | Val - Loss, MSE, RMSE, MAE: 0.00097, 0.00097, 0.03122, 0.01916
INFO | Test - Best epoch 103, Loss, MSE, RMSE, MAE: 0.06501, 0.06501, 0.25286, 0.15636
INFO | Time spent: 2.47s
INFO | - Epoch 124, ExpID 48235
INFO | Train - Loss (one batch): 0.00086
INFO | Val - Loss, MSE, RMSE, MAE: 0.00100, 0.00100, 0.03163, 0.01956
INFO | Test - Best epoch 103, Loss, MSE, RMSE, MAE: 0.06501, 0.06501, 0.25286, 0.15636
INFO | Time spent: 2.49s
INFO | - Epoch 125, ExpID 48235
INFO | Train - Loss (one batch): 0.00094
INFO | Val - Loss, MSE, RMSE, MAE: 0.00105, 0.00105, 0.03242, 0.02067
INFO | Test - Best epoch 103, Loss, MSE, RMSE, MAE: 0.06501, 0.06501, 0.25286, 0.15636
INFO | Time spent: 2.44s
INFO | - Epoch 126, ExpID 48235
INFO | Train - Loss (one batch): 0.00073
INFO | Val - Loss, MSE, RMSE, MAE: 0.00103, 0.00103, 0.03209, 0.02037
INFO | Test - Best epoch 103, Loss, MSE, RMSE, MAE: 0.06501, 0.06501, 0.25286, 0.15636
INFO | Time spent: 2.45s
INFO | - Epoch 127, ExpID 48235
INFO | Train - Loss (one batch): 0.00094
INFO | Val - Loss, MSE, RMSE, MAE: 0.00099, 0.00099, 0.03150, 0.01936
INFO | Test - Best epoch 103, Loss, MSE, RMSE, MAE: 0.06501, 0.06501, 0.25286, 0.15636
INFO | Time spent: 2.45s
INFO | - Epoch 128, ExpID 48235
INFO | Train - Loss (one batch): 0.00091
INFO | Val - Loss, MSE, RMSE, MAE: 0.00097, 0.00097, 0.03112, 0.01866
INFO | Test - Best epoch 103, Loss, MSE, RMSE, MAE: 0.06501, 0.06501, 0.25286, 0.15636
INFO | Time spent: 2.43s
INFO | - Epoch 129, ExpID 48235
INFO | Train - Loss (one batch): 0.00099
INFO | Val - Loss, MSE, RMSE, MAE: 0.00097, 0.00097, 0.03121, 0.01907
INFO | Test - Best epoch 103, Loss, MSE, RMSE, MAE: 0.06501, 0.06501, 0.25286, 0.15636
INFO | Time spent: 2.45s
INFO | - Epoch 130, ExpID 48235
INFO | Train - Loss (one batch): 0.00072
INFO | Val - Loss, MSE, RMSE, MAE: 0.00098, 0.00098, 0.03137, 0.01933
INFO | Test - Best epoch 103, Loss, MSE, RMSE, MAE: 0.06501, 0.06501, 0.25286, 0.15636
INFO | Time spent: 2.56s
INFO | - Epoch 131, ExpID 48235
INFO | Train - Loss (one batch): 0.00075
INFO | Val - Loss, MSE, RMSE, MAE: 0.00097, 0.00097, 0.03119, 0.01925
INFO | Test - Best epoch 103, Loss, MSE, RMSE, MAE: 0.06501, 0.06501, 0.25286, 0.15636
INFO | Time spent: 2.49s
INFO | - Epoch 132, ExpID 48235
INFO | Train - Loss (one batch): 0.00074
INFO | Val - Loss, MSE, RMSE, MAE: 0.00097, 0.00097, 0.03117, 0.01897
INFO | Test - Best epoch 103, Loss, MSE, RMSE, MAE: 0.06501, 0.06501, 0.25286, 0.15636
INFO | Time spent: 2.76s
INFO | - Epoch 133, ExpID 48235
INFO | Train - Loss (one batch): 0.00097
INFO | Val - Loss, MSE, RMSE, MAE: 0.00095, 0.00095, 0.03085, 0.01869
INFO | Test - Best epoch 133, Loss, MSE, RMSE, MAE: 0.06407, 0.06407, 0.25091, 0.15564
INFO | Time spent: 3.30s
INFO | - Epoch 134, ExpID 48235
INFO | Train - Loss (one batch): 0.00102
INFO | Val - Loss, MSE, RMSE, MAE: 0.00098, 0.00098, 0.03126, 0.01914
INFO | Test - Best epoch 133, Loss, MSE, RMSE, MAE: 0.06407, 0.06407, 0.25091, 0.15564
INFO | Time spent: 2.50s
INFO | - Epoch 135, ExpID 48235
INFO | Train - Loss (one batch): 0.00075
INFO | Val - Loss, MSE, RMSE, MAE: 0.00096, 0.00096, 0.03101, 0.01907
INFO | Test - Best epoch 133, Loss, MSE, RMSE, MAE: 0.06407, 0.06407, 0.25091, 0.15564
INFO | Time spent: 2.50s
INFO | - Epoch 136, ExpID 48235
INFO | Train - Loss (one batch): 0.00078
INFO | Val - Loss, MSE, RMSE, MAE: 0.00098, 0.00098, 0.03128, 0.01931
INFO | Test - Best epoch 133, Loss, MSE, RMSE, MAE: 0.06407, 0.06407, 0.25091, 0.15564
INFO | Time spent: 2.52s
INFO | - Epoch 137, ExpID 48235
INFO | Train - Loss (one batch): 0.00071
INFO | Val - Loss, MSE, RMSE, MAE: 0.00094, 0.00094, 0.03065, 0.01847
INFO | Test - Best epoch 137, Loss, MSE, RMSE, MAE: 0.06360, 0.06360, 0.24998, 0.15383
INFO | Time spent: 3.44s
INFO | - Epoch 138, ExpID 48235
INFO | Train - Loss (one batch): 0.00066
INFO | Val - Loss, MSE, RMSE, MAE: 0.00096, 0.00096, 0.03105, 0.01901
INFO | Test - Best epoch 137, Loss, MSE, RMSE, MAE: 0.06360, 0.06360, 0.24998, 0.15383
INFO | Time spent: 2.48s
INFO | - Epoch 139, ExpID 48235
INFO | Train - Loss (one batch): 0.00088
INFO | Val - Loss, MSE, RMSE, MAE: 0.00097, 0.00097, 0.03122, 0.01964
INFO | Test - Best epoch 137, Loss, MSE, RMSE, MAE: 0.06360, 0.06360, 0.24998, 0.15383
INFO | Time spent: 2.48s
INFO | - Epoch 140, ExpID 48235
INFO | Train - Loss (one batch): 0.00083
INFO | Val - Loss, MSE, RMSE, MAE: 0.00096, 0.00096, 0.03103, 0.01880
INFO | Test - Best epoch 137, Loss, MSE, RMSE, MAE: 0.06360, 0.06360, 0.24998, 0.15383
INFO | Time spent: 2.50s
INFO | - Epoch 141, ExpID 48235
INFO | Train - Loss (one batch): 0.00087
INFO | Val - Loss, MSE, RMSE, MAE: 0.00097, 0.00097, 0.03114, 0.01924
INFO | Test - Best epoch 137, Loss, MSE, RMSE, MAE: 0.06360, 0.06360, 0.24998, 0.15383
INFO | Time spent: 2.50s
INFO | - Epoch 142, ExpID 48235
INFO | Train - Loss (one batch): 0.00064
INFO | Val - Loss, MSE, RMSE, MAE: 0.00101, 0.00101, 0.03173, 0.01992
INFO | Test - Best epoch 137, Loss, MSE, RMSE, MAE: 0.06360, 0.06360, 0.24998, 0.15383
INFO | Time spent: 2.46s
INFO | - Epoch 143, ExpID 48235
INFO | Train - Loss (one batch): 0.00085
INFO | Val - Loss, MSE, RMSE, MAE: 0.00094, 0.00094, 0.03063, 0.01838
INFO | Test - Best epoch 143, Loss, MSE, RMSE, MAE: 0.06333, 0.06333, 0.24949, 0.15317
INFO | Time spent: 3.30s
INFO | - Epoch 144, ExpID 48235
INFO | Train - Loss (one batch): 0.00081
INFO | Val - Loss, MSE, RMSE, MAE: 0.00098, 0.00098, 0.03123, 0.01942
INFO | Test - Best epoch 143, Loss, MSE, RMSE, MAE: 0.06333, 0.06333, 0.24949, 0.15317
INFO | Time spent: 2.49s
INFO | - Epoch 145, ExpID 48235
INFO | Train - Loss (one batch): 0.00072
INFO | Val - Loss, MSE, RMSE, MAE: 0.00097, 0.00097, 0.03108, 0.01915
INFO | Test - Best epoch 143, Loss, MSE, RMSE, MAE: 0.06333, 0.06333, 0.24949, 0.15317
INFO | Time spent: 2.48s
INFO | - Epoch 146, ExpID 48235
INFO | Train - Loss (one batch): 0.00098
INFO | Val - Loss, MSE, RMSE, MAE: 0.00094, 0.00094, 0.03067, 0.01849
INFO | Test - Best epoch 143, Loss, MSE, RMSE, MAE: 0.06333, 0.06333, 0.24949, 0.15317
INFO | Time spent: 2.48s
INFO | - Epoch 147, ExpID 48235
INFO | Train - Loss (one batch): 0.00071
INFO | Val - Loss, MSE, RMSE, MAE: 0.00094, 0.00094, 0.03069, 0.01866
INFO | Test - Best epoch 143, Loss, MSE, RMSE, MAE: 0.06333, 0.06333, 0.24949, 0.15317
INFO | Time spent: 2.55s
INFO | - Epoch 148, ExpID 48235
INFO | Train - Loss (one batch): 0.00096
INFO | Val - Loss, MSE, RMSE, MAE: 0.00094, 0.00094, 0.03071, 0.01847
INFO | Test - Best epoch 143, Loss, MSE, RMSE, MAE: 0.06333, 0.06333, 0.24949, 0.15317
INFO | Time spent: 2.47s
INFO | - Epoch 149, ExpID 48235
INFO | Train - Loss (one batch): 0.00077
INFO | Val - Loss, MSE, RMSE, MAE: 0.00104, 0.00104, 0.03217, 0.02065
INFO | Test - Best epoch 143, Loss, MSE, RMSE, MAE: 0.06333, 0.06333, 0.24949, 0.15317
INFO | Time spent: 2.49s
INFO | - Epoch 150, ExpID 48235
INFO | Train - Loss (one batch): 0.00084
INFO | Val - Loss, MSE, RMSE, MAE: 0.00094, 0.00094, 0.03074, 0.01854
INFO | Test - Best epoch 143, Loss, MSE, RMSE, MAE: 0.06333, 0.06333, 0.24949, 0.15317
INFO | Time spent: 2.59s
INFO | - Epoch 151, ExpID 48235
INFO | Train - Loss (one batch): 0.00075
INFO | Val - Loss, MSE, RMSE, MAE: 0.00094, 0.00094, 0.03061, 0.01868
INFO | Test - Best epoch 151, Loss, MSE, RMSE, MAE: 0.06305, 0.06305, 0.24892, 0.15522
INFO | Time spent: 3.33s
INFO | - Epoch 152, ExpID 48235
INFO | Train - Loss (one batch): 0.00087
INFO | Val - Loss, MSE, RMSE, MAE: 0.00094, 0.00094, 0.03069, 0.01839
INFO | Test - Best epoch 151, Loss, MSE, RMSE, MAE: 0.06305, 0.06305, 0.24892, 0.15522
INFO | Time spent: 2.50s
INFO | - Epoch 153, ExpID 48235
INFO | Train - Loss (one batch): 0.00084
INFO | Val - Loss, MSE, RMSE, MAE: 0.00095, 0.00095, 0.03081, 0.01875
INFO | Test - Best epoch 151, Loss, MSE, RMSE, MAE: 0.06305, 0.06305, 0.24892, 0.15522
INFO | Time spent: 2.47s
INFO | - Epoch 154, ExpID 48235
INFO | Train - Loss (one batch): 0.00074
INFO | Val - Loss, MSE, RMSE, MAE: 0.00094, 0.00094, 0.03066, 0.01856
INFO | Test - Best epoch 151, Loss, MSE, RMSE, MAE: 0.06305, 0.06305, 0.24892, 0.15522
INFO | Time spent: 2.47s
INFO | - Epoch 155, ExpID 48235
INFO | Train - Loss (one batch): 0.00099
INFO | Val - Loss, MSE, RMSE, MAE: 0.00093, 0.00093, 0.03051, 0.01828
INFO | Test - Best epoch 155, Loss, MSE, RMSE, MAE: 0.06255, 0.06255, 0.24790, 0.15195
INFO | Time spent: 3.32s
INFO | - Epoch 156, ExpID 48235
INFO | Train - Loss (one batch): 0.00098
INFO | Val - Loss, MSE, RMSE, MAE: 0.00100, 0.00100, 0.03163, 0.02004
INFO | Test - Best epoch 155, Loss, MSE, RMSE, MAE: 0.06255, 0.06255, 0.24790, 0.15195
INFO | Time spent: 2.51s
INFO | - Epoch 157, ExpID 48235
INFO | Train - Loss (one batch): 0.00111
INFO | Val - Loss, MSE, RMSE, MAE: 0.00095, 0.00095, 0.03090, 0.01887
INFO | Test - Best epoch 155, Loss, MSE, RMSE, MAE: 0.06255, 0.06255, 0.24790, 0.15195
INFO | Time spent: 2.48s
INFO | - Epoch 158, ExpID 48235
INFO | Train - Loss (one batch): 0.00085
INFO | Val - Loss, MSE, RMSE, MAE: 0.00094, 0.00094, 0.03067, 0.01832
INFO | Test - Best epoch 155, Loss, MSE, RMSE, MAE: 0.06255, 0.06255, 0.24790, 0.15195
INFO | Time spent: 2.63s
INFO | - Epoch 159, ExpID 48235
INFO | Train - Loss (one batch): 0.00088
INFO | Val - Loss, MSE, RMSE, MAE: 0.00097, 0.00097, 0.03114, 0.01894
INFO | Test - Best epoch 155, Loss, MSE, RMSE, MAE: 0.06255, 0.06255, 0.24790, 0.15195
INFO | Time spent: 2.63s
INFO | - Epoch 160, ExpID 48235
INFO | Train - Loss (one batch): 0.00091
INFO | Val - Loss, MSE, RMSE, MAE: 0.00093, 0.00093, 0.03053, 0.01849
INFO | Test - Best epoch 155, Loss, MSE, RMSE, MAE: 0.06255, 0.06255, 0.24790, 0.15195
INFO | Time spent: 2.63s
INFO | - Epoch 161, ExpID 48235
INFO | Train - Loss (one batch): 0.00089
INFO | Val - Loss, MSE, RMSE, MAE: 0.00095, 0.00095, 0.03080, 0.01876
INFO | Test - Best epoch 155, Loss, MSE, RMSE, MAE: 0.06255, 0.06255, 0.24790, 0.15195
INFO | Time spent: 2.56s
INFO | - Epoch 162, ExpID 48235
INFO | Train - Loss (one batch): 0.00075
INFO | Val - Loss, MSE, RMSE, MAE: 0.00105, 0.00105, 0.03244, 0.02113
INFO | Test - Best epoch 155, Loss, MSE, RMSE, MAE: 0.06255, 0.06255, 0.24790, 0.15195
INFO | Time spent: 2.47s
INFO | - Epoch 163, ExpID 48235
INFO | Train - Loss (one batch): 0.00084
INFO | Val - Loss, MSE, RMSE, MAE: 0.00097, 0.00097, 0.03121, 0.01944
INFO | Test - Best epoch 155, Loss, MSE, RMSE, MAE: 0.06255, 0.06255, 0.24790, 0.15195
INFO | Time spent: 2.61s
INFO | - Epoch 164, ExpID 48235
INFO | Train - Loss (one batch): 0.00087
INFO | Val - Loss, MSE, RMSE, MAE: 0.00105, 0.00105, 0.03239, 0.02117
INFO | Test - Best epoch 155, Loss, MSE, RMSE, MAE: 0.06255, 0.06255, 0.24790, 0.15195
INFO | Time spent: 2.48s
INFO | - Epoch 165, ExpID 48235
INFO | Train - Loss (one batch): 0.00108
INFO | Val - Loss, MSE, RMSE, MAE: 0.00098, 0.00098, 0.03137, 0.01956
INFO | Test - Best epoch 155, Loss, MSE, RMSE, MAE: 0.06255, 0.06255, 0.24790, 0.15195
INFO | Time spent: 2.53s
INFO | - Epoch 166, ExpID 48235
INFO | Train - Loss (one batch): 0.00093
INFO | Val - Loss, MSE, RMSE, MAE: 0.00093, 0.00093, 0.03044, 0.01817
INFO | Test - Best epoch 166, Loss, MSE, RMSE, MAE: 0.06224, 0.06224, 0.24722, 0.15083
INFO | Time spent: 3.55s
INFO | - Epoch 167, ExpID 48235
INFO | Train - Loss (one batch): 0.00088
INFO | Val - Loss, MSE, RMSE, MAE: 0.00098, 0.00098, 0.03135, 0.01953
INFO | Test - Best epoch 166, Loss, MSE, RMSE, MAE: 0.06224, 0.06224, 0.24722, 0.15083
INFO | Time spent: 2.47s
INFO | - Epoch 168, ExpID 48235
INFO | Train - Loss (one batch): 0.00089
INFO | Val - Loss, MSE, RMSE, MAE: 0.00116, 0.00116, 0.03402, 0.02324
INFO | Test - Best epoch 166, Loss, MSE, RMSE, MAE: 0.06224, 0.06224, 0.24722, 0.15083
INFO | Time spent: 2.48s
INFO | - Epoch 169, ExpID 48235
INFO | Train - Loss (one batch): 0.00061
INFO | Val - Loss, MSE, RMSE, MAE: 0.00093, 0.00093, 0.03055, 0.01852
INFO | Test - Best epoch 166, Loss, MSE, RMSE, MAE: 0.06224, 0.06224, 0.24722, 0.15083
INFO | Time spent: 2.50s
INFO | - Epoch 170, ExpID 48235
INFO | Train - Loss (one batch): 0.00084
INFO | Val - Loss, MSE, RMSE, MAE: 0.00097, 0.00097, 0.03112, 0.01944
INFO | Test - Best epoch 166, Loss, MSE, RMSE, MAE: 0.06224, 0.06224, 0.24722, 0.15083
INFO | Time spent: 2.47s
INFO | - Epoch 171, ExpID 48235
INFO | Train - Loss (one batch): 0.00102
INFO | Val - Loss, MSE, RMSE, MAE: 0.00106, 0.00106, 0.03255, 0.02139
INFO | Test - Best epoch 166, Loss, MSE, RMSE, MAE: 0.06224, 0.06224, 0.24722, 0.15083
INFO | Time spent: 2.49s
INFO | - Epoch 172, ExpID 48235
INFO | Train - Loss (one batch): 0.00118
INFO | Val - Loss, MSE, RMSE, MAE: 0.00093, 0.00093, 0.03049, 0.01828
INFO | Test - Best epoch 166, Loss, MSE, RMSE, MAE: 0.06224, 0.06224, 0.24722, 0.15083
INFO | Time spent: 2.48s
INFO | - Epoch 173, ExpID 48235
INFO | Train - Loss (one batch): 0.00105
INFO | Val - Loss, MSE, RMSE, MAE: 0.00094, 0.00094, 0.03061, 0.01872
INFO | Test - Best epoch 166, Loss, MSE, RMSE, MAE: 0.06224, 0.06224, 0.24722, 0.15083
INFO | Time spent: 2.49s
INFO | - Epoch 174, ExpID 48235
INFO | Train - Loss (one batch): 0.00079
INFO | Val - Loss, MSE, RMSE, MAE: 0.00098, 0.00098, 0.03134, 0.01952
INFO | Test - Best epoch 166, Loss, MSE, RMSE, MAE: 0.06224, 0.06224, 0.24722, 0.15083
INFO | Time spent: 2.49s
INFO | - Epoch 175, ExpID 48235
INFO | Train - Loss (one batch): 0.00085
INFO | Val - Loss, MSE, RMSE, MAE: 0.00111, 0.00111, 0.03326, 0.02229
INFO | Test - Best epoch 166, Loss, MSE, RMSE, MAE: 0.06224, 0.06224, 0.24722, 0.15083
INFO | Time spent: 2.50s
INFO | - Epoch 176, ExpID 48235
INFO | Train - Loss (one batch): 0.00083
INFO | Val - Loss, MSE, RMSE, MAE: 0.00097, 0.00097, 0.03109, 0.01915
INFO | Test - Best epoch 166, Loss, MSE, RMSE, MAE: 0.06224, 0.06224, 0.24722, 0.15083
INFO | Time spent: 2.48s
INFO | - Epoch 177, ExpID 48235
INFO | Train - Loss (one batch): 0.00105
INFO | Val - Loss, MSE, RMSE, MAE: 0.00114, 0.00114, 0.03371, 0.02289
INFO | Test - Best epoch 166, Loss, MSE, RMSE, MAE: 0.06224, 0.06224, 0.24722, 0.15083
INFO | Time spent: 2.78s
INFO | - Epoch 178, ExpID 48235
INFO | Train - Loss (one batch): 0.00078
INFO | Val - Loss, MSE, RMSE, MAE: 0.00097, 0.00097, 0.03108, 0.01901
INFO | Test - Best epoch 166, Loss, MSE, RMSE, MAE: 0.06224, 0.06224, 0.24722, 0.15083
INFO | Time spent: 2.50s
INFO | - Epoch 179, ExpID 48235
INFO | Train - Loss (one batch): 0.00064
INFO | Val - Loss, MSE, RMSE, MAE: 0.00097, 0.00097, 0.03111, 0.01915
INFO | Test - Best epoch 166, Loss, MSE, RMSE, MAE: 0.06224, 0.06224, 0.24722, 0.15083
INFO | Time spent: 2.49s
INFO | - Epoch 180, ExpID 48235
INFO | Train - Loss (one batch): 0.00071
INFO | Val - Loss, MSE, RMSE, MAE: 0.00095, 0.00095, 0.03089, 0.01908
INFO | Test - Best epoch 166, Loss, MSE, RMSE, MAE: 0.06224, 0.06224, 0.24722, 0.15083
INFO | Time spent: 2.47s
INFO | - Epoch 181, ExpID 48235
INFO | Train - Loss (one batch): 0.00086
INFO | Val - Loss, MSE, RMSE, MAE: 0.00093, 0.00093, 0.03058, 0.01858
INFO | Test - Best epoch 166, Loss, MSE, RMSE, MAE: 0.06224, 0.06224, 0.24722, 0.15083
INFO | Time spent: 2.69s
INFO | - Epoch 182, ExpID 48235
INFO | Train - Loss (one batch): 0.00070
INFO | Val - Loss, MSE, RMSE, MAE: 0.00093, 0.00093, 0.03057, 0.01860
INFO | Test - Best epoch 166, Loss, MSE, RMSE, MAE: 0.06224, 0.06224, 0.24722, 0.15083
INFO | Time spent: 2.48s
INFO | - Epoch 183, ExpID 48235
INFO | Train - Loss (one batch): 0.00079
INFO | Val - Loss, MSE, RMSE, MAE: 0.00093, 0.00093, 0.03057, 0.01830
INFO | Test - Best epoch 166, Loss, MSE, RMSE, MAE: 0.06224, 0.06224, 0.24722, 0.15083
INFO | Time spent: 2.49s
INFO | - Epoch 184, ExpID 48235
INFO | Train - Loss (one batch): 0.00077
INFO | Val - Loss, MSE, RMSE, MAE: 0.00093, 0.00093, 0.03047, 0.01849
INFO | Test - Best epoch 166, Loss, MSE, RMSE, MAE: 0.06224, 0.06224, 0.24722, 0.15083
INFO | Time spent: 2.46s
INFO | - Epoch 185, ExpID 48235
INFO | Train - Loss (one batch): 0.00093
INFO | Val - Loss, MSE, RMSE, MAE: 0.00092, 0.00092, 0.03028, 0.01824
INFO | Test - Best epoch 185, Loss, MSE, RMSE, MAE: 0.06236, 0.06236, 0.24728, 0.15154
INFO | Time spent: 3.48s
INFO | - Epoch 186, ExpID 48235
INFO | Train - Loss (one batch): 0.00085
INFO | Val - Loss, MSE, RMSE, MAE: 0.00095, 0.00095, 0.03076, 0.01845
INFO | Test - Best epoch 185, Loss, MSE, RMSE, MAE: 0.06236, 0.06236, 0.24728, 0.15154
INFO | Time spent: 2.46s
INFO | - Epoch 187, ExpID 48235
INFO | Train - Loss (one batch): 0.00069
INFO | Val - Loss, MSE, RMSE, MAE: 0.00092, 0.00092, 0.03038, 0.01823
INFO | Test - Best epoch 185, Loss, MSE, RMSE, MAE: 0.06236, 0.06236, 0.24728, 0.15154
INFO | Time spent: 2.49s
INFO | - Epoch 188, ExpID 48235
INFO | Train - Loss (one batch): 0.00082
INFO | Val - Loss, MSE, RMSE, MAE: 0.00101, 0.00101, 0.03181, 0.02051
INFO | Test - Best epoch 185, Loss, MSE, RMSE, MAE: 0.06236, 0.06236, 0.24728, 0.15154
INFO | Time spent: 2.55s
INFO | - Epoch 189, ExpID 48235
INFO | Train - Loss (one batch): 0.00054
INFO | Val - Loss, MSE, RMSE, MAE: 0.00094, 0.00094, 0.03073, 0.01890
INFO | Test - Best epoch 185, Loss, MSE, RMSE, MAE: 0.06236, 0.06236, 0.24728, 0.15154
INFO | Time spent: 2.44s
INFO | - Epoch 190, ExpID 48235
INFO | Train - Loss (one batch): 0.00079
INFO | Val - Loss, MSE, RMSE, MAE: 0.00099, 0.00099, 0.03153, 0.02001
INFO | Test - Best epoch 185, Loss, MSE, RMSE, MAE: 0.06236, 0.06236, 0.24728, 0.15154
INFO | Time spent: 2.69s
INFO | - Epoch 191, ExpID 48235
INFO | Train - Loss (one batch): 0.00103
INFO | Val - Loss, MSE, RMSE, MAE: 0.00093, 0.00093, 0.03049, 0.01853
INFO | Test - Best epoch 185, Loss, MSE, RMSE, MAE: 0.06236, 0.06236, 0.24728, 0.15154
INFO | Time spent: 2.51s
INFO | - Epoch 192, ExpID 48235
INFO | Train - Loss (one batch): 0.00085
INFO | Val - Loss, MSE, RMSE, MAE: 0.00097, 0.00097, 0.03116, 0.01954
INFO | Test - Best epoch 185, Loss, MSE, RMSE, MAE: 0.06236, 0.06236, 0.24728, 0.15154
INFO | Time spent: 2.48s
INFO | - Epoch 193, ExpID 48235
INFO | Train - Loss (one batch): 0.00069
INFO | Val - Loss, MSE, RMSE, MAE: 0.00093, 0.00093, 0.03042, 0.01846
INFO | Test - Best epoch 185, Loss, MSE, RMSE, MAE: 0.06236, 0.06236, 0.24728, 0.15154
INFO | Time spent: 2.51s
INFO | - Epoch 194, ExpID 48235
INFO | Train - Loss (one batch): 0.00100
INFO | Val - Loss, MSE, RMSE, MAE: 0.00115, 0.00115, 0.03385, 0.02276
INFO | Test - Best epoch 185, Loss, MSE, RMSE, MAE: 0.06236, 0.06236, 0.24728, 0.15154
INFO | Time spent: 2.51s
INFO | - Epoch 195, ExpID 48235
INFO | Train - Loss (one batch): 0.00082
INFO | Val - Loss, MSE, RMSE, MAE: 0.00096, 0.00096, 0.03104, 0.01917
INFO | Test - Best epoch 185, Loss, MSE, RMSE, MAE: 0.06236, 0.06236, 0.24728, 0.15154
INFO | Time spent: 2.50s
INFO | - Epoch 196, ExpID 48235
INFO | Train - Loss (one batch): 0.00092
INFO | Val - Loss, MSE, RMSE, MAE: 0.00097, 0.00097, 0.03114, 0.01961
INFO | Test - Best epoch 185, Loss, MSE, RMSE, MAE: 0.06236, 0.06236, 0.24728, 0.15154
INFO | Time spent: 2.60s
INFO | - Epoch 197, ExpID 48235
INFO | Train - Loss (one batch): 0.00080
INFO | Val - Loss, MSE, RMSE, MAE: 0.00112, 0.00112, 0.03345, 0.02245
INFO | Test - Best epoch 185, Loss, MSE, RMSE, MAE: 0.06236, 0.06236, 0.24728, 0.15154
INFO | Time spent: 2.52s
INFO | - Epoch 198, ExpID 48235
INFO | Train - Loss (one batch): 0.00094
INFO | Val - Loss, MSE, RMSE, MAE: 0.00098, 0.00098, 0.03130, 0.01992
INFO | Test - Best epoch 185, Loss, MSE, RMSE, MAE: 0.06236, 0.06236, 0.24728, 0.15154
INFO | Time spent: 2.47s
INFO | - Epoch 199, ExpID 48235
INFO | Train - Loss (one batch): 0.00073
INFO | Val - Loss, MSE, RMSE, MAE: 0.00100, 0.00100, 0.03159, 0.02004
INFO | Test - Best epoch 185, Loss, MSE, RMSE, MAE: 0.06236, 0.06236, 0.24728, 0.15154
INFO | Time spent: 2.48s
INFO | - Epoch 200, ExpID 48235
INFO | Train - Loss (one batch): 0.00084
INFO | Val - Loss, MSE, RMSE, MAE: 0.00094, 0.00094, 0.03062, 0.01848
INFO | Test - Best epoch 185, Loss, MSE, RMSE, MAE: 0.06236, 0.06236, 0.24728, 0.15154
INFO | Time spent: 2.47s
INFO | - Epoch 201, ExpID 48235
INFO | Train - Loss (one batch): 0.00060
INFO | Val - Loss, MSE, RMSE, MAE: 0.00101, 0.00101, 0.03177, 0.02047
INFO | Test - Best epoch 185, Loss, MSE, RMSE, MAE: 0.06236, 0.06236, 0.24728, 0.15154
INFO | Time spent: 2.49s
INFO | - Epoch 202, ExpID 48235
INFO | Train - Loss (one batch): 0.00083
INFO | Val - Loss, MSE, RMSE, MAE: 0.00093, 0.00093, 0.03054, 0.01864
INFO | Test - Best epoch 185, Loss, MSE, RMSE, MAE: 0.06236, 0.06236, 0.24728, 0.15154
INFO | Time spent: 2.49s
INFO | - Epoch 203, ExpID 48235
INFO | Train - Loss (one batch): 0.00097
INFO | Val - Loss, MSE, RMSE, MAE: 0.00093, 0.00093, 0.03057, 0.01847
INFO | Test - Best epoch 185, Loss, MSE, RMSE, MAE: 0.06236, 0.06236, 0.24728, 0.15154
INFO | Time spent: 2.47s
INFO | - Epoch 204, ExpID 48235
INFO | Train - Loss (one batch): 0.00080
INFO | Val - Loss, MSE, RMSE, MAE: 0.00095, 0.00095, 0.03079, 0.01891
INFO | Test - Best epoch 185, Loss, MSE, RMSE, MAE: 0.06236, 0.06236, 0.24728, 0.15154
INFO | Time spent: 2.49s
INFO | - Epoch 205, ExpID 48235
INFO | Train - Loss (one batch): 0.00110
INFO | Val - Loss, MSE, RMSE, MAE: 0.00094, 0.00094, 0.03061, 0.01868
INFO | Test - Best epoch 185, Loss, MSE, RMSE, MAE: 0.06236, 0.06236, 0.24728, 0.15154
INFO | Time spent: 2.49s
INFO | - Epoch 206, ExpID 48235
INFO | Train - Loss (one batch): 0.00096
INFO | Val - Loss, MSE, RMSE, MAE: 0.00095, 0.00095, 0.03085, 0.01899
INFO | Test - Best epoch 185, Loss, MSE, RMSE, MAE: 0.06236, 0.06236, 0.24728, 0.15154
INFO | Time spent: 2.49s
INFO | - Epoch 207, ExpID 48235
INFO | Train - Loss (one batch): 0.00077
INFO | Val - Loss, MSE, RMSE, MAE: 0.00091, 0.00091, 0.03014, 0.01796
INFO | Test - Best epoch 207, Loss, MSE, RMSE, MAE: 0.06107, 0.06107, 0.24486, 0.14885
INFO | Time spent: 3.28s
INFO | - Epoch 208, ExpID 48235
INFO | Train - Loss (one batch): 0.00062
INFO | Val - Loss, MSE, RMSE, MAE: 0.00092, 0.00092, 0.03030, 0.01812
INFO | Test - Best epoch 207, Loss, MSE, RMSE, MAE: 0.06107, 0.06107, 0.24486, 0.14885
INFO | Time spent: 2.53s
INFO | - Epoch 209, ExpID 48235
INFO | Train - Loss (one batch): 0.00077
INFO | Val - Loss, MSE, RMSE, MAE: 0.00107, 0.00107, 0.03271, 0.02129
INFO | Test - Best epoch 207, Loss, MSE, RMSE, MAE: 0.06107, 0.06107, 0.24486, 0.14885
INFO | Time spent: 2.42s
INFO | - Epoch 210, ExpID 48235
INFO | Train - Loss (one batch): 0.00110
INFO | Val - Loss, MSE, RMSE, MAE: 0.00096, 0.00096, 0.03093, 0.01942
INFO | Test - Best epoch 207, Loss, MSE, RMSE, MAE: 0.06107, 0.06107, 0.24486, 0.14885
INFO | Time spent: 2.42s
INFO | - Epoch 211, ExpID 48235
INFO | Train - Loss (one batch): 0.00068
INFO | Val - Loss, MSE, RMSE, MAE: 0.00095, 0.00095, 0.03074, 0.01867
INFO | Test - Best epoch 207, Loss, MSE, RMSE, MAE: 0.06107, 0.06107, 0.24486, 0.14885
INFO | Time spent: 2.43s
INFO | - Epoch 212, ExpID 48235
INFO | Train - Loss (one batch): 0.00103
INFO | Val - Loss, MSE, RMSE, MAE: 0.00097, 0.00097, 0.03117, 0.01941
INFO | Test - Best epoch 207, Loss, MSE, RMSE, MAE: 0.06107, 0.06107, 0.24486, 0.14885
INFO | Time spent: 2.59s
INFO | - Epoch 213, ExpID 48235
INFO | Train - Loss (one batch): 0.00096
INFO | Val - Loss, MSE, RMSE, MAE: 0.00096, 0.00096, 0.03096, 0.01963
INFO | Test - Best epoch 207, Loss, MSE, RMSE, MAE: 0.06107, 0.06107, 0.24486, 0.14885
INFO | Time spent: 2.42s
INFO | - Epoch 214, ExpID 48235
INFO | Train - Loss (one batch): 0.00096
INFO | Val - Loss, MSE, RMSE, MAE: 0.00093, 0.00093, 0.03052, 0.01834
INFO | Test - Best epoch 207, Loss, MSE, RMSE, MAE: 0.06107, 0.06107, 0.24486, 0.14885
INFO | Time spent: 2.43s
INFO | - Epoch 215, ExpID 48235
INFO | Train - Loss (one batch): 0.00068
INFO | Val - Loss, MSE, RMSE, MAE: 0.00108, 0.00108, 0.03286, 0.02198
INFO | Test - Best epoch 207, Loss, MSE, RMSE, MAE: 0.06107, 0.06107, 0.24486, 0.14885
INFO | Time spent: 2.40s
INFO | - Epoch 216, ExpID 48235
INFO | Train - Loss (one batch): 0.00093
INFO | Val - Loss, MSE, RMSE, MAE: 0.00095, 0.00095, 0.03080, 0.01900
INFO | Test - Best epoch 207, Loss, MSE, RMSE, MAE: 0.06107, 0.06107, 0.24486, 0.14885
INFO | Time spent: 2.41s
INFO | - Epoch 217, ExpID 48235
INFO | Train - Loss (one batch): 0.00079
INFO | Val - Loss, MSE, RMSE, MAE: 0.00103, 0.00103, 0.03202, 0.02087
INFO | Test - Best epoch 207, Loss, MSE, RMSE, MAE: 0.06107, 0.06107, 0.24486, 0.14885
INFO | Time spent: 2.43s
INFO | - Epoch 218, ExpID 48235
INFO | Train - Loss (one batch): 0.00059
INFO | Val - Loss, MSE, RMSE, MAE: 0.00094, 0.00094, 0.03069, 0.01894
INFO | Test - Best epoch 207, Loss, MSE, RMSE, MAE: 0.06107, 0.06107, 0.24486, 0.14885
INFO | Time spent: 2.40s
INFO | - Epoch 219, ExpID 48235
INFO | Train - Loss (one batch): 0.00099
INFO | Val - Loss, MSE, RMSE, MAE: 0.00096, 0.00096, 0.03103, 0.01937
INFO | Test - Best epoch 207, Loss, MSE, RMSE, MAE: 0.06107, 0.06107, 0.24486, 0.14885
INFO | Time spent: 2.45s
INFO | - Epoch 220, ExpID 48235
INFO | Train - Loss (one batch): 0.00078
INFO | Val - Loss, MSE, RMSE, MAE: 0.00093, 0.00093, 0.03044, 0.01848
INFO | Test - Best epoch 207, Loss, MSE, RMSE, MAE: 0.06107, 0.06107, 0.24486, 0.14885
INFO | Time spent: 2.45s
INFO | - Epoch 221, ExpID 48235
INFO | Train - Loss (one batch): 0.00066
INFO | Val - Loss, MSE, RMSE, MAE: 0.00096, 0.00096, 0.03097, 0.01885
INFO | Test - Best epoch 207, Loss, MSE, RMSE, MAE: 0.06107, 0.06107, 0.24486, 0.14885
INFO | Time spent: 2.42s
INFO | - Epoch 222, ExpID 48235
INFO | Train - Loss (one batch): 0.00080
INFO | Val - Loss, MSE, RMSE, MAE: 0.00102, 0.00102, 0.03188, 0.02022
INFO | Test - Best epoch 207, Loss, MSE, RMSE, MAE: 0.06107, 0.06107, 0.24486, 0.14885
INFO | Time spent: 2.67s
INFO | - Epoch 223, ExpID 48235
INFO | Train - Loss (one batch): 0.00099
INFO | Val - Loss, MSE, RMSE, MAE: 0.00091, 0.00091, 0.03024, 0.01814
INFO | Test - Best epoch 207, Loss, MSE, RMSE, MAE: 0.06107, 0.06107, 0.24486, 0.14885
INFO | Time spent: 3.01s
INFO | - Epoch 224, ExpID 48235
INFO | Train - Loss (one batch): 0.00078
INFO | Val - Loss, MSE, RMSE, MAE: 0.00096, 0.00096, 0.03099, 0.01935
INFO | Test - Best epoch 207, Loss, MSE, RMSE, MAE: 0.06107, 0.06107, 0.24486, 0.14885
INFO | Time spent: 2.94s
INFO | - Epoch 225, ExpID 48235
INFO | Train - Loss (one batch): 0.00083
INFO | Val - Loss, MSE, RMSE, MAE: 0.00097, 0.00097, 0.03119, 0.01954
INFO | Test - Best epoch 207, Loss, MSE, RMSE, MAE: 0.06107, 0.06107, 0.24486, 0.14885
INFO | Time spent: 2.95s
INFO | - Epoch 226, ExpID 48235
INFO | Train - Loss (one batch): 0.00079
INFO | Val - Loss, MSE, RMSE, MAE: 0.00100, 0.00100, 0.03170, 0.02044
INFO | Test - Best epoch 207, Loss, MSE, RMSE, MAE: 0.06107, 0.06107, 0.24486, 0.14885
INFO | Time spent: 3.25s
INFO | - Epoch 227, ExpID 48235
INFO | Train - Loss (one batch): 0.00078
INFO | Val - Loss, MSE, RMSE, MAE: 0.00092, 0.00092, 0.03041, 0.01834
INFO | Test - Best epoch 207, Loss, MSE, RMSE, MAE: 0.06107, 0.06107, 0.24486, 0.14885
INFO | Time spent: 2.96s
INFO | - Epoch 228, ExpID 48235
INFO | Train - Loss (one batch): 0.00086
INFO | Val - Loss, MSE, RMSE, MAE: 0.00093, 0.00093, 0.03046, 0.01843
INFO | Test - Best epoch 207, Loss, MSE, RMSE, MAE: 0.06107, 0.06107, 0.24486, 0.14885
INFO | Time spent: 3.00s
INFO | - Epoch 229, ExpID 48235
INFO | Train - Loss (one batch): 0.00077
INFO | Val - Loss, MSE, RMSE, MAE: 0.00098, 0.00098, 0.03126, 0.01932
INFO | Test - Best epoch 207, Loss, MSE, RMSE, MAE: 0.06107, 0.06107, 0.24486, 0.14885
INFO | Time spent: 3.18s
INFO | - Epoch 230, ExpID 48235
INFO | Train - Loss (one batch): 0.00060
INFO | Val - Loss, MSE, RMSE, MAE: 0.00098, 0.00098, 0.03128, 0.01957
INFO | Test - Best epoch 207, Loss, MSE, RMSE, MAE: 0.06107, 0.06107, 0.24486, 0.14885
INFO | Time spent: 3.00s
INFO | - Epoch 231, ExpID 48235
INFO | Train - Loss (one batch): 0.00099
INFO | Val - Loss, MSE, RMSE, MAE: 0.00092, 0.00092, 0.03031, 0.01807
INFO | Test - Best epoch 207, Loss, MSE, RMSE, MAE: 0.06107, 0.06107, 0.24486, 0.14885
INFO | Time spent: 3.14s
INFO | - Epoch 232, ExpID 48235
INFO | Train - Loss (one batch): 0.00093
INFO | Val - Loss, MSE, RMSE, MAE: 0.00092, 0.00092, 0.03033, 0.01827
INFO | Test - Best epoch 207, Loss, MSE, RMSE, MAE: 0.06107, 0.06107, 0.24486, 0.14885
INFO | Time spent: 2.97s
INFO | - Epoch 233, ExpID 48235
INFO | Train - Loss (one batch): 0.00086
INFO | Val - Loss, MSE, RMSE, MAE: 0.00093, 0.00093, 0.03042, 0.01828
INFO | Test - Best epoch 207, Loss, MSE, RMSE, MAE: 0.06107, 0.06107, 0.24486, 0.14885
INFO | Time spent: 2.93s
INFO | - Epoch 234, ExpID 48235
INFO | Train - Loss (one batch): 0.00089
INFO | Val - Loss, MSE, RMSE, MAE: 0.00104, 0.00104, 0.03229, 0.02109
INFO | Test - Best epoch 207, Loss, MSE, RMSE, MAE: 0.06107, 0.06107, 0.24486, 0.14885
INFO | Time spent: 2.95s
INFO | - Epoch 235, ExpID 48235
INFO | Train - Loss (one batch): 0.00096
INFO | Val - Loss, MSE, RMSE, MAE: 0.00094, 0.00094, 0.03061, 0.01845
INFO | Test - Best epoch 207, Loss, MSE, RMSE, MAE: 0.06107, 0.06107, 0.24486, 0.14885
INFO | Time spent: 2.95s
INFO | - Epoch 236, ExpID 48235
INFO | Train - Loss (one batch): 0.00063
INFO | Val - Loss, MSE, RMSE, MAE: 0.00095, 0.00095, 0.03089, 0.01892
INFO | Test - Best epoch 207, Loss, MSE, RMSE, MAE: 0.06107, 0.06107, 0.24486, 0.14885
INFO | Time spent: 2.93s
INFO | - Epoch 237, ExpID 48235
INFO | Train - Loss (one batch): 0.00094
INFO | Val - Loss, MSE, RMSE, MAE: 0.00092, 0.00092, 0.03025, 0.01792
INFO | Test - Best epoch 207, Loss, MSE, RMSE, MAE: 0.06107, 0.06107, 0.24486, 0.14885
INFO | Time spent: 2.94s
INFO | - Epoch 238, ExpID 48235
INFO | Train - Loss (one batch): 0.00081
INFO | Val - Loss, MSE, RMSE, MAE: 0.00097, 0.00097, 0.03117, 0.01963
INFO | Test - Best epoch 207, Loss, MSE, RMSE, MAE: 0.06107, 0.06107, 0.24486, 0.14885
INFO | Time spent: 2.95s
INFO | - Epoch 239, ExpID 48235
INFO | Train - Loss (one batch): 0.00063
INFO | Val - Loss, MSE, RMSE, MAE: 0.00093, 0.00093, 0.03055, 0.01847
INFO | Test - Best epoch 207, Loss, MSE, RMSE, MAE: 0.06107, 0.06107, 0.24486, 0.14885
INFO | Time spent: 2.93s
INFO | - Epoch 240, ExpID 48235
INFO | Train - Loss (one batch): 0.00082
INFO | Val - Loss, MSE, RMSE, MAE: 0.00103, 0.00103, 0.03202, 0.02079
INFO | Test - Best epoch 207, Loss, MSE, RMSE, MAE: 0.06107, 0.06107, 0.24486, 0.14885
INFO | Time spent: 2.95s
INFO | - Epoch 241, ExpID 48235
INFO | Train - Loss (one batch): 0.00058
INFO | Val - Loss, MSE, RMSE, MAE: 0.00097, 0.00097, 0.03111, 0.01936
INFO | Test - Best epoch 207, Loss, MSE, RMSE, MAE: 0.06107, 0.06107, 0.24486, 0.14885
INFO | Time spent: 2.95s
INFO | - Epoch 242, ExpID 48235
INFO | Train - Loss (one batch): 0.00061
INFO | Val - Loss, MSE, RMSE, MAE: 0.00093, 0.00093, 0.03053, 0.01881
INFO | Test - Best epoch 207, Loss, MSE, RMSE, MAE: 0.06107, 0.06107, 0.24486, 0.14885
INFO | Time spent: 2.94s
INFO | - Epoch 243, ExpID 48235
INFO | Train - Loss (one batch): 0.00112
INFO | Val - Loss, MSE, RMSE, MAE: 0.00094, 0.00094, 0.03059, 0.01866
INFO | Test - Best epoch 207, Loss, MSE, RMSE, MAE: 0.06107, 0.06107, 0.24486, 0.14885
INFO | Time spent: 2.93s
INFO | - Epoch 244, ExpID 48235
INFO | Train - Loss (one batch): 0.00067
INFO | Val - Loss, MSE, RMSE, MAE: 0.00099, 0.00099, 0.03146, 0.01983
INFO | Test - Best epoch 207, Loss, MSE, RMSE, MAE: 0.06107, 0.06107, 0.24486, 0.14885
INFO | Time spent: 2.96s
INFO | - Epoch 245, ExpID 48235
INFO | Train - Loss (one batch): 0.00089
INFO | Val - Loss, MSE, RMSE, MAE: 0.00097, 0.00097, 0.03122, 0.01956
INFO | Test - Best epoch 207, Loss, MSE, RMSE, MAE: 0.06107, 0.06107, 0.24486, 0.14885
INFO | Time spent: 2.94s
INFO | - Epoch 246, ExpID 48235
INFO | Train - Loss (one batch): 0.00069
INFO | Val - Loss, MSE, RMSE, MAE: 0.00093, 0.00093, 0.03047, 0.01815
INFO | Test - Best epoch 207, Loss, MSE, RMSE, MAE: 0.06107, 0.06107, 0.24486, 0.14885
INFO | Time spent: 2.96s
INFO | - Epoch 247, ExpID 48235
INFO | Train - Loss (one batch): 0.00088
INFO | Val - Loss, MSE, RMSE, MAE: 0.00094, 0.00094, 0.03066, 0.01908
INFO | Test - Best epoch 207, Loss, MSE, RMSE, MAE: 0.06107, 0.06107, 0.24486, 0.14885
INFO | Time spent: 2.96s
INFO | - Epoch 248, ExpID 48235
INFO | Train - Loss (one batch): 0.00061
INFO | Val - Loss, MSE, RMSE, MAE: 0.00092, 0.00092, 0.03028, 0.01818
INFO | Test - Best epoch 207, Loss, MSE, RMSE, MAE: 0.06107, 0.06107, 0.24486, 0.14885
INFO | Time spent: 2.95s
INFO | - Epoch 249, ExpID 48235
INFO | Train - Loss (one batch): 0.00088
INFO | Val - Loss, MSE, RMSE, MAE: 0.00092, 0.00092, 0.03033, 0.01801
INFO | Test - Best epoch 207, Loss, MSE, RMSE, MAE: 0.06107, 0.06107, 0.24486, 0.14885
INFO | Time spent: 2.91s
INFO | - Epoch 250, ExpID 48235
INFO | Train - Loss (one batch): 0.00055
INFO | Val - Loss, MSE, RMSE, MAE: 0.00094, 0.00094, 0.03065, 0.01869
INFO | Test - Best epoch 207, Loss, MSE, RMSE, MAE: 0.06107, 0.06107, 0.24486, 0.14885
INFO | Time spent: 2.76s
INFO | - Epoch 251, ExpID 48235
INFO | Train - Loss (one batch): 0.00094
INFO | Val - Loss, MSE, RMSE, MAE: 0.00102, 0.00102, 0.03188, 0.02059
INFO | Test - Best epoch 207, Loss, MSE, RMSE, MAE: 0.06107, 0.06107, 0.24486, 0.14885
INFO | Time spent: 2.49s
INFO | - Epoch 252, ExpID 48235
INFO | Train - Loss (one batch): 0.00084
INFO | Val - Loss, MSE, RMSE, MAE: 0.00095, 0.00095, 0.03078, 0.01873
INFO | Test - Best epoch 207, Loss, MSE, RMSE, MAE: 0.06107, 0.06107, 0.24486, 0.14885
INFO | Time spent: 2.52s
INFO | - Epoch 253, ExpID 48235
INFO | Train - Loss (one batch): 0.00084
INFO | Val - Loss, MSE, RMSE, MAE: 0.00096, 0.00096, 0.03103, 0.01957
INFO | Test - Best epoch 207, Loss, MSE, RMSE, MAE: 0.06107, 0.06107, 0.24486, 0.14885
INFO | Time spent: 2.46s
INFO | - Epoch 254, ExpID 48235
INFO | Train - Loss (one batch): 0.00080
INFO | Val - Loss, MSE, RMSE, MAE: 0.00094, 0.00094, 0.03062, 0.01855
INFO | Test - Best epoch 207, Loss, MSE, RMSE, MAE: 0.06107, 0.06107, 0.24486, 0.14885
INFO | Time spent: 2.52s
INFO | - Epoch 255, ExpID 48235
INFO | Train - Loss (one batch): 0.00081
INFO | Val - Loss, MSE, RMSE, MAE: 0.00095, 0.00095, 0.03086, 0.01923
INFO | Test - Best epoch 207, Loss, MSE, RMSE, MAE: 0.06107, 0.06107, 0.24486, 0.14885
INFO | Time spent: 2.42s
INFO | - Epoch 256, ExpID 48235
INFO | Train - Loss (one batch): 0.00071
INFO | Val - Loss, MSE, RMSE, MAE: 0.00097, 0.00097, 0.03109, 0.01948
INFO | Test - Best epoch 207, Loss, MSE, RMSE, MAE: 0.06107, 0.06107, 0.24486, 0.14885
INFO | Time spent: 2.55s
INFO | - Epoch 257, ExpID 48235
INFO | Train - Loss (one batch): 0.00072
INFO | Val - Loss, MSE, RMSE, MAE: 0.00107, 0.00107, 0.03272, 0.02171
INFO | Test - Best epoch 207, Loss, MSE, RMSE, MAE: 0.06107, 0.06107, 0.24486, 0.14885
INFO | Time spent: 2.52s
INFO | - Epoch 258, ExpID 48235
INFO | Train - Loss (one batch): 0.00063
INFO | Val - Loss, MSE, RMSE, MAE: 0.00093, 0.00093, 0.03049, 0.01847
INFO | Test - Best epoch 207, Loss, MSE, RMSE, MAE: 0.06107, 0.06107, 0.24486, 0.14885
INFO | Time spent: 2.68s
INFO | - Epoch 259, ExpID 48235
INFO | Train - Loss (one batch): 0.00060
INFO | Val - Loss, MSE, RMSE, MAE: 0.00099, 0.00099, 0.03152, 0.02002
INFO | Test - Best epoch 207, Loss, MSE, RMSE, MAE: 0.06107, 0.06107, 0.24486, 0.14885
INFO | Time spent: 2.42s
INFO | - Epoch 260, ExpID 48235
INFO | Train - Loss (one batch): 0.00088
INFO | Val - Loss, MSE, RMSE, MAE: 0.00091, 0.00091, 0.03014, 0.01784
INFO | Test - Best epoch 260, Loss, MSE, RMSE, MAE: 0.06136, 0.06136, 0.24526, 0.14817
INFO | Time spent: 3.24s
INFO | - Epoch 261, ExpID 48235
INFO | Train - Loss (one batch): 0.00071
INFO | Val - Loss, MSE, RMSE, MAE: 0.00093, 0.00093, 0.03046, 0.01857
INFO | Test - Best epoch 260, Loss, MSE, RMSE, MAE: 0.06136, 0.06136, 0.24526, 0.14817
INFO | Time spent: 2.43s
INFO | - Epoch 262, ExpID 48235
INFO | Train - Loss (one batch): 0.00090
INFO | Val - Loss, MSE, RMSE, MAE: 0.00094, 0.00094, 0.03071, 0.01923
INFO | Test - Best epoch 260, Loss, MSE, RMSE, MAE: 0.06136, 0.06136, 0.24526, 0.14817
INFO | Time spent: 2.42s
INFO | - Epoch 263, ExpID 48235
INFO | Train - Loss (one batch): 0.00059
INFO | Val - Loss, MSE, RMSE, MAE: 0.00092, 0.00092, 0.03040, 0.01820
INFO | Test - Best epoch 260, Loss, MSE, RMSE, MAE: 0.06136, 0.06136, 0.24526, 0.14817
INFO | Time spent: 2.41s
INFO | - Epoch 264, ExpID 48235
INFO | Train - Loss (one batch): 0.00066
INFO | Val - Loss, MSE, RMSE, MAE: 0.00095, 0.00095, 0.03088, 0.01901
INFO | Test - Best epoch 260, Loss, MSE, RMSE, MAE: 0.06136, 0.06136, 0.24526, 0.14817
INFO | Time spent: 2.44s
INFO | - Epoch 265, ExpID 48235
INFO | Train - Loss (one batch): 0.00092
INFO | Val - Loss, MSE, RMSE, MAE: 0.00094, 0.00094, 0.03072, 0.01874
INFO | Test - Best epoch 260, Loss, MSE, RMSE, MAE: 0.06136, 0.06136, 0.24526, 0.14817
INFO | Time spent: 2.42s
INFO | - Epoch 266, ExpID 48235
INFO | Train - Loss (one batch): 0.00079
INFO | Val - Loss, MSE, RMSE, MAE: 0.00101, 0.00101, 0.03177, 0.02027
INFO | Test - Best epoch 260, Loss, MSE, RMSE, MAE: 0.06136, 0.06136, 0.24526, 0.14817
INFO | Time spent: 2.40s
INFO | - Epoch 267, ExpID 48235
INFO | Train - Loss (one batch): 0.00088
INFO | Val - Loss, MSE, RMSE, MAE: 0.00091, 0.00091, 0.03021, 0.01820
INFO | Test - Best epoch 260, Loss, MSE, RMSE, MAE: 0.06136, 0.06136, 0.24526, 0.14817
INFO | Time spent: 2.44s
INFO | - Epoch 268, ExpID 48235
INFO | Train - Loss (one batch): 0.00085
INFO | Val - Loss, MSE, RMSE, MAE: 0.00100, 0.00100, 0.03160, 0.02003
INFO | Test - Best epoch 260, Loss, MSE, RMSE, MAE: 0.06136, 0.06136, 0.24526, 0.14817
INFO | Time spent: 2.72s
INFO | - Epoch 269, ExpID 48235
INFO | Train - Loss (one batch): 0.00088
INFO | Val - Loss, MSE, RMSE, MAE: 0.00095, 0.00095, 0.03085, 0.01906
INFO | Test - Best epoch 260, Loss, MSE, RMSE, MAE: 0.06136, 0.06136, 0.24526, 0.14817
INFO | Time spent: 2.40s
INFO | - Epoch 270, ExpID 48235
INFO | Train - Loss (one batch): 0.00082
INFO | Val - Loss, MSE, RMSE, MAE: 0.00095, 0.00095, 0.03083, 0.01916
INFO | Test - Best epoch 260, Loss, MSE, RMSE, MAE: 0.06136, 0.06136, 0.24526, 0.14817
INFO | Time spent: 2.47s
INFO | - Epoch 271, ExpID 48235
INFO | Train - Loss (one batch): 0.00068
INFO | Val - Loss, MSE, RMSE, MAE: 0.00098, 0.00098, 0.03126, 0.01966
INFO | Test - Best epoch 260, Loss, MSE, RMSE, MAE: 0.06136, 0.06136, 0.24526, 0.14817
INFO | Time spent: 2.49s
INFO | - Epoch 272, ExpID 48235
INFO | Train - Loss (one batch): 0.00081
INFO | Val - Loss, MSE, RMSE, MAE: 0.00091, 0.00091, 0.03024, 0.01812
INFO | Test - Best epoch 260, Loss, MSE, RMSE, MAE: 0.06136, 0.06136, 0.24526, 0.14817
INFO | Time spent: 2.50s
INFO | - Epoch 273, ExpID 48235
INFO | Train - Loss (one batch): 0.00100
INFO | Val - Loss, MSE, RMSE, MAE: 0.00096, 0.00096, 0.03101, 0.01914
INFO | Test - Best epoch 260, Loss, MSE, RMSE, MAE: 0.06136, 0.06136, 0.24526, 0.14817
INFO | Time spent: 2.43s
INFO | - Epoch 274, ExpID 48235
INFO | Train - Loss (one batch): 0.00066
INFO | Val - Loss, MSE, RMSE, MAE: 0.00097, 0.00097, 0.03112, 0.01969
INFO | Test - Best epoch 260, Loss, MSE, RMSE, MAE: 0.06136, 0.06136, 0.24526, 0.14817
INFO | Time spent: 2.41s
INFO | - Epoch 275, ExpID 48235
INFO | Train - Loss (one batch): 0.00060
INFO | Val - Loss, MSE, RMSE, MAE: 0.00095, 0.00095, 0.03080, 0.01886
INFO | Test - Best epoch 260, Loss, MSE, RMSE, MAE: 0.06136, 0.06136, 0.24526, 0.14817
INFO | Time spent: 2.40s
INFO | - Epoch 276, ExpID 48235
INFO | Train - Loss (one batch): 0.00064
INFO | Val - Loss, MSE, RMSE, MAE: 0.00093, 0.00093, 0.03054, 0.01872
INFO | Test - Best epoch 260, Loss, MSE, RMSE, MAE: 0.06136, 0.06136, 0.24526, 0.14817
INFO | Time spent: 2.49s
INFO | - Epoch 277, ExpID 48235
INFO | Train - Loss (one batch): 0.00081
INFO | Val - Loss, MSE, RMSE, MAE: 0.00096, 0.00096, 0.03101, 0.01951
INFO | Test - Best epoch 260, Loss, MSE, RMSE, MAE: 0.06136, 0.06136, 0.24526, 0.14817
INFO | Time spent: 2.49s
INFO | - Epoch 278, ExpID 48235
INFO | Train - Loss (one batch): 0.00088
INFO | Val - Loss, MSE, RMSE, MAE: 0.00094, 0.00094, 0.03072, 0.01892
INFO | Test - Best epoch 260, Loss, MSE, RMSE, MAE: 0.06136, 0.06136, 0.24526, 0.14817
INFO | Time spent: 2.38s
INFO | - Epoch 279, ExpID 48235
INFO | Train - Loss (one batch): 0.00086
INFO | Val - Loss, MSE, RMSE, MAE: 0.00093, 0.00093, 0.03045, 0.01840
INFO | Test - Best epoch 260, Loss, MSE, RMSE, MAE: 0.06136, 0.06136, 0.24526, 0.14817
INFO | Time spent: 2.39s
INFO | - Epoch 280, ExpID 48235
INFO | Train - Loss (one batch): 0.00086
INFO | Val - Loss, MSE, RMSE, MAE: 0.00096, 0.00096, 0.03098, 0.01902
INFO | Test - Best epoch 260, Loss, MSE, RMSE, MAE: 0.06136, 0.06136, 0.24526, 0.14817
INFO | Time spent: 2.44s
INFO | - Epoch 281, ExpID 48235
INFO | Train - Loss (one batch): 0.00071
INFO | Val - Loss, MSE, RMSE, MAE: 0.00092, 0.00092, 0.03038, 0.01848
INFO | Test - Best epoch 260, Loss, MSE, RMSE, MAE: 0.06136, 0.06136, 0.24526, 0.14817
INFO | Time spent: 2.42s
INFO | - Epoch 282, ExpID 48235
INFO | Train - Loss (one batch): 0.00081
INFO | Val - Loss, MSE, RMSE, MAE: 0.00092, 0.00092, 0.03030, 0.01823
INFO | Test - Best epoch 260, Loss, MSE, RMSE, MAE: 0.06136, 0.06136, 0.24526, 0.14817
INFO | Time spent: 2.38s
INFO | - Epoch 283, ExpID 48235
INFO | Train - Loss (one batch): 0.00091
INFO | Val - Loss, MSE, RMSE, MAE: 0.00094, 0.00094, 0.03062, 0.01878
INFO | Test - Best epoch 260, Loss, MSE, RMSE, MAE: 0.06136, 0.06136, 0.24526, 0.14817
INFO | Time spent: 2.42s
INFO | - Epoch 284, ExpID 48235
INFO | Train - Loss (one batch): 0.00058
INFO | Val - Loss, MSE, RMSE, MAE: 0.00104, 0.00104, 0.03226, 0.02119
INFO | Test - Best epoch 260, Loss, MSE, RMSE, MAE: 0.06136, 0.06136, 0.24526, 0.14817
INFO | Time spent: 2.43s
INFO | - Epoch 285, ExpID 48235
INFO | Train - Loss (one batch): 0.00062
INFO | Val - Loss, MSE, RMSE, MAE: 0.00094, 0.00094, 0.03061, 0.01897
INFO | Test - Best epoch 260, Loss, MSE, RMSE, MAE: 0.06136, 0.06136, 0.24526, 0.14817
INFO | Time spent: 2.42s
INFO | - Epoch 286, ExpID 48235
INFO | Train - Loss (one batch): 0.00073
INFO | Val - Loss, MSE, RMSE, MAE: 0.00097, 0.00097, 0.03107, 0.01905
INFO | Test - Best epoch 260, Loss, MSE, RMSE, MAE: 0.06136, 0.06136, 0.24526, 0.14817
INFO | Time spent: 2.40s
INFO | - Epoch 287, ExpID 48235
INFO | Train - Loss (one batch): 0.00083
INFO | Val - Loss, MSE, RMSE, MAE: 0.00094, 0.00094, 0.03060, 0.01844
INFO | Test - Best epoch 260, Loss, MSE, RMSE, MAE: 0.06136, 0.06136, 0.24526, 0.14817
INFO | Time spent: 2.41s
INFO | - Epoch 288, ExpID 48235
INFO | Train - Loss (one batch): 0.00094
INFO | Val - Loss, MSE, RMSE, MAE: 0.00094, 0.00094, 0.03070, 0.01880
INFO | Test - Best epoch 260, Loss, MSE, RMSE, MAE: 0.06136, 0.06136, 0.24526, 0.14817
INFO | Time spent: 2.41s
INFO | - Epoch 289, ExpID 48235
INFO | Train - Loss (one batch): 0.00071
INFO | Val - Loss, MSE, RMSE, MAE: 0.00094, 0.00094, 0.03061, 0.01853
INFO | Test - Best epoch 260, Loss, MSE, RMSE, MAE: 0.06136, 0.06136, 0.24526, 0.14817
INFO | Time spent: 2.41s
INFO | - Epoch 290, ExpID 48235
INFO | Train - Loss (one batch): 0.00086
INFO | Val - Loss, MSE, RMSE, MAE: 0.00093, 0.00093, 0.03051, 0.01830
INFO | Test - Best epoch 260, Loss, MSE, RMSE, MAE: 0.06136, 0.06136, 0.24526, 0.14817
INFO | Time spent: 2.41s
INFO | - Epoch 291, ExpID 48235
INFO | Train - Loss (one batch): 0.00081
INFO | Val - Loss, MSE, RMSE, MAE: 0.00095, 0.00095, 0.03076, 0.01872
INFO | Test - Best epoch 260, Loss, MSE, RMSE, MAE: 0.06136, 0.06136, 0.24526, 0.14817
INFO | Time spent: 2.57s
INFO | - Epoch 292, ExpID 48235
INFO | Train - Loss (one batch): 0.00097
INFO | Val - Loss, MSE, RMSE, MAE: 0.00094, 0.00094, 0.03069, 0.01882
INFO | Test - Best epoch 260, Loss, MSE, RMSE, MAE: 0.06136, 0.06136, 0.24526, 0.14817
INFO | Time spent: 2.51s
INFO | - Epoch 293, ExpID 48235
INFO | Train - Loss (one batch): 0.00077
INFO | Val - Loss, MSE, RMSE, MAE: 0.00092, 0.00092, 0.03033, 0.01827
INFO | Test - Best epoch 260, Loss, MSE, RMSE, MAE: 0.06136, 0.06136, 0.24526, 0.14817
INFO | Time spent: 2.42s
INFO | - Epoch 294, ExpID 48235
INFO | Train - Loss (one batch): 0.00067
INFO | Val - Loss, MSE, RMSE, MAE: 0.00094, 0.00094, 0.03069, 0.01887
INFO | Test - Best epoch 260, Loss, MSE, RMSE, MAE: 0.06136, 0.06136, 0.24526, 0.14817
INFO | Time spent: 2.50s
INFO | - Epoch 295, ExpID 48235
INFO | Train - Loss (one batch): 0.00057
INFO | Val - Loss, MSE, RMSE, MAE: 0.00095, 0.00095, 0.03079, 0.01928
INFO | Test - Best epoch 260, Loss, MSE, RMSE, MAE: 0.06136, 0.06136, 0.24526, 0.14817
INFO | Time spent: 2.48s
INFO | - Epoch 296, ExpID 48235
INFO | Train - Loss (one batch): 0.00089
INFO | Val - Loss, MSE, RMSE, MAE: 0.00097, 0.00097, 0.03107, 0.01929
INFO | Test - Best epoch 260, Loss, MSE, RMSE, MAE: 0.06136, 0.06136, 0.24526, 0.14817
INFO | Time spent: 2.51s
INFO | - Epoch 297, ExpID 48235
INFO | Train - Loss (one batch): 0.00081
INFO | Val - Loss, MSE, RMSE, MAE: 0.00093, 0.00093, 0.03049, 0.01868
INFO | Test - Best epoch 260, Loss, MSE, RMSE, MAE: 0.06136, 0.06136, 0.24526, 0.14817
INFO | Time spent: 2.43s
INFO | - Epoch 298, ExpID 48235
INFO | Train - Loss (one batch): 0.00060
INFO | Val - Loss, MSE, RMSE, MAE: 0.00092, 0.00092, 0.03031, 0.01833
INFO | Test - Best epoch 260, Loss, MSE, RMSE, MAE: 0.06136, 0.06136, 0.24526, 0.14817
INFO | Time spent: 2.41s
INFO | - Epoch 299, ExpID 48235
INFO | Train - Loss (one batch): 0.00072
INFO | Val - Loss, MSE, RMSE, MAE: 0.00097, 0.00097, 0.03113, 0.01925
INFO | Test - Best epoch 260, Loss, MSE, RMSE, MAE: 0.06136, 0.06136, 0.24526, 0.14817
INFO | Time spent: 2.39s
INFO | - Epoch 000, ExpID 43834
INFO | Train - Loss (one batch): 0.00751
INFO | Val - Loss, MSE, RMSE, MAE: 0.00797, 0.00797, 0.08929, 0.06347
INFO | Test - Best epoch 0, Loss, MSE, RMSE, MAE: 0.50222, 0.50222, 0.70437, 0.49676
INFO | Time spent: 4.81s
INFO | - Epoch 001, ExpID 43834
INFO | Train - Loss (one batch): 0.00159
INFO | Val - Loss, MSE, RMSE, MAE: 0.00236, 0.00236, 0.04861, 0.03699
INFO | Test - Best epoch 1, Loss, MSE, RMSE, MAE: 0.15624, 0.15624, 0.39389, 0.30106
INFO | Time spent: 4.02s
INFO | - Epoch 002, ExpID 43834
INFO | Train - Loss (one batch): 0.00132
INFO | Val - Loss, MSE, RMSE, MAE: 0.00128, 0.00128, 0.03582, 0.02309
INFO | Test - Best epoch 2, Loss, MSE, RMSE, MAE: 0.08422, 0.08422, 0.28847, 0.18829
INFO | Time spent: 4.04s
INFO | - Epoch 003, ExpID 43834
INFO | Train - Loss (one batch): 0.00091
INFO | Val - Loss, MSE, RMSE, MAE: 0.00117, 0.00117, 0.03426, 0.02114
INFO | Test - Best epoch 3, Loss, MSE, RMSE, MAE: 0.07709, 0.07709, 0.27556, 0.17224
INFO | Time spent: 3.99s
INFO | - Epoch 004, ExpID 43834
INFO | Train - Loss (one batch): 0.00123
INFO | Val - Loss, MSE, RMSE, MAE: 0.00117, 0.00117, 0.03417, 0.02132
INFO | Test - Best epoch 4, Loss, MSE, RMSE, MAE: 0.07724, 0.07724, 0.27593, 0.17511
INFO | Time spent: 3.98s
INFO | - Epoch 005, ExpID 43834
INFO | Train - Loss (one batch): 0.00122
INFO | Val - Loss, MSE, RMSE, MAE: 0.00121, 0.00121, 0.03482, 0.02229
INFO | Test - Best epoch 4, Loss, MSE, RMSE, MAE: 0.07724, 0.07724, 0.27593, 0.17511
INFO | Time spent: 2.88s
INFO | - Epoch 006, ExpID 43834
INFO | Train - Loss (one batch): 0.00129
INFO | Val - Loss, MSE, RMSE, MAE: 0.00113, 0.00113, 0.03365, 0.02081
INFO | Test - Best epoch 6, Loss, MSE, RMSE, MAE: 0.07435, 0.07435, 0.27044, 0.16950
INFO | Time spent: 4.26s
INFO | - Epoch 007, ExpID 43834
INFO | Train - Loss (one batch): 0.00121
INFO | Val - Loss, MSE, RMSE, MAE: 0.00110, 0.00110, 0.03315, 0.02017
INFO | Test - Best epoch 7, Loss, MSE, RMSE, MAE: 0.07249, 0.07249, 0.26709, 0.16482
INFO | Time spent: 3.99s
INFO | - Epoch 008, ExpID 43834
INFO | Train - Loss (one batch): 0.00119
INFO | Val - Loss, MSE, RMSE, MAE: 0.00111, 0.00111, 0.03332, 0.02046
INFO | Test - Best epoch 7, Loss, MSE, RMSE, MAE: 0.07249, 0.07249, 0.26709, 0.16482
INFO | Time spent: 2.91s
INFO | - Epoch 009, ExpID 43834
INFO | Train - Loss (one batch): 0.00090
INFO | Val - Loss, MSE, RMSE, MAE: 0.00142, 0.00142, 0.03774, 0.02671
INFO | Test - Best epoch 7, Loss, MSE, RMSE, MAE: 0.07249, 0.07249, 0.26709, 0.16482
INFO | Time spent: 2.88s
INFO | - Epoch 010, ExpID 43834
INFO | Train - Loss (one batch): 0.00143
INFO | Val - Loss, MSE, RMSE, MAE: 0.00114, 0.00114, 0.03381, 0.02131
INFO | Test - Best epoch 7, Loss, MSE, RMSE, MAE: 0.07249, 0.07249, 0.26709, 0.16482
INFO | Time spent: 2.92s
INFO | - Epoch 011, ExpID 43834
INFO | Train - Loss (one batch): 0.00128
INFO | Val - Loss, MSE, RMSE, MAE: 0.00112, 0.00112, 0.03345, 0.02079
INFO | Test - Best epoch 7, Loss, MSE, RMSE, MAE: 0.07249, 0.07249, 0.26709, 0.16482
INFO | Time spent: 3.17s
INFO | - Epoch 012, ExpID 43834
INFO | Train - Loss (one batch): 0.00096
INFO | Val - Loss, MSE, RMSE, MAE: 0.00144, 0.00144, 0.03799, 0.02725
INFO | Test - Best epoch 7, Loss, MSE, RMSE, MAE: 0.07249, 0.07249, 0.26709, 0.16482
INFO | Time spent: 2.94s
INFO | - Epoch 013, ExpID 43834
INFO | Train - Loss (one batch): 0.00111
INFO | Val - Loss, MSE, RMSE, MAE: 0.00110, 0.00110, 0.03316, 0.02052
INFO | Test - Best epoch 7, Loss, MSE, RMSE, MAE: 0.07249, 0.07249, 0.26709, 0.16482
INFO | Time spent: 2.91s
INFO | - Epoch 014, ExpID 43834
INFO | Train - Loss (one batch): 0.00110
INFO | Val - Loss, MSE, RMSE, MAE: 0.00119, 0.00119, 0.03444, 0.02246
INFO | Test - Best epoch 7, Loss, MSE, RMSE, MAE: 0.07249, 0.07249, 0.26709, 0.16482
INFO | Time spent: 2.95s
INFO | - Epoch 015, ExpID 43834
INFO | Train - Loss (one batch): 0.00110
INFO | Val - Loss, MSE, RMSE, MAE: 0.00143, 0.00143, 0.03778, 0.02679
INFO | Test - Best epoch 7, Loss, MSE, RMSE, MAE: 0.07249, 0.07249, 0.26709, 0.16482
INFO | Time spent: 2.95s
INFO | - Epoch 016, ExpID 43834
INFO | Train - Loss (one batch): 0.00107
INFO | Val - Loss, MSE, RMSE, MAE: 0.00107, 0.00107, 0.03276, 0.01984
INFO | Test - Best epoch 16, Loss, MSE, RMSE, MAE: 0.07069, 0.07069, 0.26371, 0.16207
INFO | Time spent: 4.19s
INFO | - Epoch 017, ExpID 43834
INFO | Train - Loss (one batch): 0.00096
INFO | Val - Loss, MSE, RMSE, MAE: 0.00143, 0.00143, 0.03786, 0.02742
INFO | Test - Best epoch 16, Loss, MSE, RMSE, MAE: 0.07069, 0.07069, 0.26371, 0.16207
INFO | Time spent: 2.95s
INFO | - Epoch 018, ExpID 43834
INFO | Train - Loss (one batch): 0.00083
INFO | Val - Loss, MSE, RMSE, MAE: 0.00112, 0.00112, 0.03343, 0.02116
INFO | Test - Best epoch 16, Loss, MSE, RMSE, MAE: 0.07069, 0.07069, 0.26371, 0.16207
INFO | Time spent: 2.91s
INFO | - Epoch 019, ExpID 43834
INFO | Train - Loss (one batch): 0.00076
INFO | Val - Loss, MSE, RMSE, MAE: 0.00108, 0.00108, 0.03289, 0.02005
INFO | Test - Best epoch 16, Loss, MSE, RMSE, MAE: 0.07069, 0.07069, 0.26371, 0.16207
INFO | Time spent: 2.94s
INFO | - Epoch 020, ExpID 43834
INFO | Train - Loss (one batch): 0.00073
INFO | Val - Loss, MSE, RMSE, MAE: 0.00108, 0.00108, 0.03290, 0.02015
INFO | Test - Best epoch 16, Loss, MSE, RMSE, MAE: 0.07069, 0.07069, 0.26371, 0.16207
INFO | Time spent: 2.94s
INFO | - Epoch 021, ExpID 43834
INFO | Train - Loss (one batch): 0.00098
INFO | Val - Loss, MSE, RMSE, MAE: 0.00116, 0.00116, 0.03405, 0.02209
INFO | Test - Best epoch 16, Loss, MSE, RMSE, MAE: 0.07069, 0.07069, 0.26371, 0.16207
INFO | Time spent: 2.97s
INFO | - Epoch 022, ExpID 43834
INFO | Train - Loss (one batch): 0.00121
INFO | Val - Loss, MSE, RMSE, MAE: 0.00107, 0.00107, 0.03265, 0.01987
INFO | Test - Best epoch 22, Loss, MSE, RMSE, MAE: 0.07036, 0.07036, 0.26304, 0.16357
INFO | Time spent: 4.36s
INFO | - Epoch 023, ExpID 43834
INFO | Train - Loss (one batch): 0.00092
INFO | Val - Loss, MSE, RMSE, MAE: 0.00109, 0.00109, 0.03294, 0.02055
INFO | Test - Best epoch 22, Loss, MSE, RMSE, MAE: 0.07036, 0.07036, 0.26304, 0.16357
INFO | Time spent: 2.93s
INFO | - Epoch 024, ExpID 43834
INFO | Train - Loss (one batch): 0.00084
INFO | Val - Loss, MSE, RMSE, MAE: 0.00104, 0.00104, 0.03231, 0.01953
INFO | Test - Best epoch 24, Loss, MSE, RMSE, MAE: 0.06882, 0.06882, 0.26000, 0.16031
INFO | Time spent: 4.01s
INFO | - Epoch 025, ExpID 43834
INFO | Train - Loss (one batch): 0.00094
INFO | Val - Loss, MSE, RMSE, MAE: 0.00105, 0.00105, 0.03234, 0.01953
INFO | Test - Best epoch 24, Loss, MSE, RMSE, MAE: 0.06882, 0.06882, 0.26000, 0.16031
INFO | Time spent: 2.92s
INFO | - Epoch 026, ExpID 43834
INFO | Train - Loss (one batch): 0.00104
INFO | Val - Loss, MSE, RMSE, MAE: 0.00120, 0.00120, 0.03461, 0.02294
INFO | Test - Best epoch 24, Loss, MSE, RMSE, MAE: 0.06882, 0.06882, 0.26000, 0.16031
INFO | Time spent: 2.92s
INFO | - Epoch 027, ExpID 43834
INFO | Train - Loss (one batch): 0.00079
INFO | Val - Loss, MSE, RMSE, MAE: 0.00101, 0.00101, 0.03179, 0.01892
INFO | Test - Best epoch 27, Loss, MSE, RMSE, MAE: 0.06687, 0.06687, 0.25628, 0.15553
INFO | Time spent: 3.99s
INFO | - Epoch 028, ExpID 43834
INFO | Train - Loss (one batch): 0.00099
INFO | Val - Loss, MSE, RMSE, MAE: 0.00107, 0.00107, 0.03272, 0.02006
INFO | Test - Best epoch 27, Loss, MSE, RMSE, MAE: 0.06687, 0.06687, 0.25628, 0.15553
INFO | Time spent: 2.91s
INFO | - Epoch 029, ExpID 43834
INFO | Train - Loss (one batch): 0.00070
INFO | Val - Loss, MSE, RMSE, MAE: 0.00111, 0.00111, 0.03328, 0.02127
INFO | Test - Best epoch 27, Loss, MSE, RMSE, MAE: 0.06687, 0.06687, 0.25628, 0.15553
INFO | Time spent: 2.89s
INFO | - Epoch 030, ExpID 43834
INFO | Train - Loss (one batch): 0.00085
INFO | Val - Loss, MSE, RMSE, MAE: 0.00103, 0.00103, 0.03205, 0.01925
INFO | Test - Best epoch 27, Loss, MSE, RMSE, MAE: 0.06687, 0.06687, 0.25628, 0.15553
INFO | Time spent: 2.90s
INFO | - Epoch 031, ExpID 43834
INFO | Train - Loss (one batch): 0.00106
INFO | Val - Loss, MSE, RMSE, MAE: 0.00103, 0.00103, 0.03206, 0.01940
INFO | Test - Best epoch 27, Loss, MSE, RMSE, MAE: 0.06687, 0.06687, 0.25628, 0.15553
INFO | Time spent: 2.92s
INFO | - Epoch 032, ExpID 43834
INFO | Train - Loss (one batch): 0.00079
INFO | Val - Loss, MSE, RMSE, MAE: 0.00101, 0.00101, 0.03184, 0.01918
INFO | Test - Best epoch 27, Loss, MSE, RMSE, MAE: 0.06687, 0.06687, 0.25628, 0.15553
INFO | Time spent: 2.92s
INFO | - Epoch 033, ExpID 43834
INFO | Train - Loss (one batch): 0.00080
INFO | Val - Loss, MSE, RMSE, MAE: 0.00105, 0.00105, 0.03239, 0.01980
INFO | Test - Best epoch 27, Loss, MSE, RMSE, MAE: 0.06687, 0.06687, 0.25628, 0.15553
INFO | Time spent: 2.93s
INFO | - Epoch 034, ExpID 43834
INFO | Train - Loss (one batch): 0.00062
INFO | Val - Loss, MSE, RMSE, MAE: 0.00141, 0.00141, 0.03757, 0.02670
INFO | Test - Best epoch 27, Loss, MSE, RMSE, MAE: 0.06687, 0.06687, 0.25628, 0.15553
INFO | Time spent: 2.95s
INFO | - Epoch 035, ExpID 43834
INFO | Train - Loss (one batch): 0.00098
INFO | Val - Loss, MSE, RMSE, MAE: 0.00139, 0.00139, 0.03730, 0.02674
INFO | Test - Best epoch 27, Loss, MSE, RMSE, MAE: 0.06687, 0.06687, 0.25628, 0.15553
INFO | Time spent: 2.91s
INFO | - Epoch 036, ExpID 43834
INFO | Train - Loss (one batch): 0.00089
INFO | Val - Loss, MSE, RMSE, MAE: 0.00103, 0.00103, 0.03213, 0.01951
INFO | Test - Best epoch 27, Loss, MSE, RMSE, MAE: 0.06687, 0.06687, 0.25628, 0.15553
INFO | Time spent: 3.06s
INFO | - Epoch 037, ExpID 43834
INFO | Train - Loss (one batch): 0.00098
INFO | Val - Loss, MSE, RMSE, MAE: 0.00101, 0.00101, 0.03179, 0.01909
INFO | Test - Best epoch 27, Loss, MSE, RMSE, MAE: 0.06687, 0.06687, 0.25628, 0.15553
INFO | Time spent: 2.91s
INFO | - Epoch 038, ExpID 43834
INFO | Train - Loss (one batch): 0.00073
INFO | Val - Loss, MSE, RMSE, MAE: 0.00100, 0.00100, 0.03169, 0.01898
INFO | Test - Best epoch 38, Loss, MSE, RMSE, MAE: 0.06644, 0.06644, 0.25548, 0.15620
INFO | Time spent: 4.00s
INFO | - Epoch 039, ExpID 43834
INFO | Train - Loss (one batch): 0.00109
INFO | Val - Loss, MSE, RMSE, MAE: 0.00126, 0.00126, 0.03556, 0.02454
INFO | Test - Best epoch 38, Loss, MSE, RMSE, MAE: 0.06644, 0.06644, 0.25548, 0.15620
INFO | Time spent: 2.92s
INFO | - Epoch 040, ExpID 43834
INFO | Train - Loss (one batch): 0.00089
INFO | Val - Loss, MSE, RMSE, MAE: 0.00103, 0.00103, 0.03213, 0.01967
INFO | Test - Best epoch 38, Loss, MSE, RMSE, MAE: 0.06644, 0.06644, 0.25548, 0.15620
INFO | Time spent: 2.94s
INFO | - Epoch 041, ExpID 43834
INFO | Train - Loss (one batch): 0.00099
INFO | Val - Loss, MSE, RMSE, MAE: 0.00100, 0.00100, 0.03156, 0.01900
INFO | Test - Best epoch 41, Loss, MSE, RMSE, MAE: 0.06607, 0.06607, 0.25481, 0.15654
INFO | Time spent: 3.98s
INFO | - Epoch 042, ExpID 43834
INFO | Train - Loss (one batch): 0.00098
INFO | Val - Loss, MSE, RMSE, MAE: 0.00108, 0.00108, 0.03289, 0.02067
INFO | Test - Best epoch 41, Loss, MSE, RMSE, MAE: 0.06607, 0.06607, 0.25481, 0.15654
INFO | Time spent: 2.92s
INFO | - Epoch 043, ExpID 43834
INFO | Train - Loss (one batch): 0.00091
INFO | Val - Loss, MSE, RMSE, MAE: 0.00107, 0.00107, 0.03272, 0.02093
INFO | Test - Best epoch 41, Loss, MSE, RMSE, MAE: 0.06607, 0.06607, 0.25481, 0.15654
INFO | Time spent: 2.90s
INFO | - Epoch 044, ExpID 43834
INFO | Train - Loss (one batch): 0.00104
INFO | Val - Loss, MSE, RMSE, MAE: 0.00111, 0.00111, 0.03331, 0.02160
INFO | Test - Best epoch 41, Loss, MSE, RMSE, MAE: 0.06607, 0.06607, 0.25481, 0.15654
INFO | Time spent: 2.91s
INFO | - Epoch 045, ExpID 43834
INFO | Train - Loss (one batch): 0.00095
INFO | Val - Loss, MSE, RMSE, MAE: 0.00103, 0.00103, 0.03217, 0.01994
INFO | Test - Best epoch 41, Loss, MSE, RMSE, MAE: 0.06607, 0.06607, 0.25481, 0.15654
INFO | Time spent: 2.89s
INFO | - Epoch 046, ExpID 43834
INFO | Train - Loss (one batch): 0.00083
INFO | Val - Loss, MSE, RMSE, MAE: 0.00101, 0.00101, 0.03179, 0.01933
INFO | Test - Best epoch 41, Loss, MSE, RMSE, MAE: 0.06607, 0.06607, 0.25481, 0.15654
INFO | Time spent: 2.90s
INFO | - Epoch 047, ExpID 43834
INFO | Train - Loss (one batch): 0.00074
INFO | Val - Loss, MSE, RMSE, MAE: 0.00104, 0.00104, 0.03232, 0.02033
INFO | Test - Best epoch 41, Loss, MSE, RMSE, MAE: 0.06607, 0.06607, 0.25481, 0.15654
INFO | Time spent: 2.90s
INFO | - Epoch 048, ExpID 43834
INFO | Train - Loss (one batch): 0.00079
INFO | Val - Loss, MSE, RMSE, MAE: 0.00098, 0.00098, 0.03131, 0.01874
INFO | Test - Best epoch 48, Loss, MSE, RMSE, MAE: 0.06490, 0.06490, 0.25238, 0.15406
INFO | Time spent: 3.99s
INFO | - Epoch 049, ExpID 43834
INFO | Train - Loss (one batch): 0.00116
INFO | Val - Loss, MSE, RMSE, MAE: 0.00112, 0.00112, 0.03353, 0.02220
INFO | Test - Best epoch 48, Loss, MSE, RMSE, MAE: 0.06490, 0.06490, 0.25238, 0.15406
INFO | Time spent: 2.95s
INFO | - Epoch 050, ExpID 43834
INFO | Train - Loss (one batch): 0.00078
INFO | Val - Loss, MSE, RMSE, MAE: 0.00101, 0.00101, 0.03185, 0.01949
INFO | Test - Best epoch 48, Loss, MSE, RMSE, MAE: 0.06490, 0.06490, 0.25238, 0.15406
INFO | Time spent: 2.89s
INFO | - Epoch 051, ExpID 43834
INFO | Train - Loss (one batch): 0.00071
INFO | Val - Loss, MSE, RMSE, MAE: 0.00098, 0.00098, 0.03125, 0.01895
INFO | Test - Best epoch 51, Loss, MSE, RMSE, MAE: 0.06535, 0.06535, 0.25347, 0.15678
INFO | Time spent: 3.98s
INFO | - Epoch 052, ExpID 43834
INFO | Train - Loss (one batch): 0.00087
INFO | Val - Loss, MSE, RMSE, MAE: 0.00106, 0.00106, 0.03249, 0.02054
INFO | Test - Best epoch 51, Loss, MSE, RMSE, MAE: 0.06535, 0.06535, 0.25347, 0.15678
INFO | Time spent: 2.93s
INFO | - Epoch 053, ExpID 43834
INFO | Train - Loss (one batch): 0.00087
INFO | Val - Loss, MSE, RMSE, MAE: 0.00099, 0.00099, 0.03154, 0.01905
INFO | Test - Best epoch 51, Loss, MSE, RMSE, MAE: 0.06535, 0.06535, 0.25347, 0.15678
INFO | Time spent: 2.93s
INFO | - Epoch 054, ExpID 43834
INFO | Train - Loss (one batch): 0.00071
INFO | Val - Loss, MSE, RMSE, MAE: 0.00096, 0.00096, 0.03106, 0.01869
INFO | Test - Best epoch 54, Loss, MSE, RMSE, MAE: 0.06406, 0.06406, 0.25086, 0.15402
INFO | Time spent: 4.02s
INFO | - Epoch 055, ExpID 43834
INFO | Train - Loss (one batch): 0.00118
INFO | Val - Loss, MSE, RMSE, MAE: 0.00110, 0.00110, 0.03321, 0.02157
INFO | Test - Best epoch 54, Loss, MSE, RMSE, MAE: 0.06406, 0.06406, 0.25086, 0.15402
INFO | Time spent: 3.13s
INFO | - Epoch 056, ExpID 43834
INFO | Train - Loss (one batch): 0.00118
INFO | Val - Loss, MSE, RMSE, MAE: 0.00118, 0.00118, 0.03438, 0.02367
INFO | Test - Best epoch 54, Loss, MSE, RMSE, MAE: 0.06406, 0.06406, 0.25086, 0.15402
INFO | Time spent: 2.93s
INFO | - Epoch 057, ExpID 43834
INFO | Train - Loss (one batch): 0.00092
INFO | Val - Loss, MSE, RMSE, MAE: 0.00121, 0.00121, 0.03481, 0.02386
INFO | Test - Best epoch 54, Loss, MSE, RMSE, MAE: 0.06406, 0.06406, 0.25086, 0.15402
INFO | Time spent: 2.92s
INFO | - Epoch 058, ExpID 43834
INFO | Train - Loss (one batch): 0.00103
INFO | Val - Loss, MSE, RMSE, MAE: 0.00100, 0.00100, 0.03155, 0.01948
INFO | Test - Best epoch 54, Loss, MSE, RMSE, MAE: 0.06406, 0.06406, 0.25086, 0.15402
INFO | Time spent: 2.95s
INFO | - Epoch 059, ExpID 43834
INFO | Train - Loss (one batch): 0.00112
INFO | Val - Loss, MSE, RMSE, MAE: 0.00099, 0.00099, 0.03146, 0.01911
INFO | Test - Best epoch 54, Loss, MSE, RMSE, MAE: 0.06406, 0.06406, 0.25086, 0.15402
INFO | Time spent: 2.95s
INFO | - Epoch 060, ExpID 43834
INFO | Train - Loss (one batch): 0.00089
INFO | Val - Loss, MSE, RMSE, MAE: 0.00100, 0.00100, 0.03162, 0.01933
INFO | Test - Best epoch 54, Loss, MSE, RMSE, MAE: 0.06406, 0.06406, 0.25086, 0.15402
INFO | Time spent: 3.12s
INFO | - Epoch 061, ExpID 43834
INFO | Train - Loss (one batch): 0.00085
INFO | Val - Loss, MSE, RMSE, MAE: 0.00100, 0.00100, 0.03163, 0.01954
INFO | Test - Best epoch 54, Loss, MSE, RMSE, MAE: 0.06406, 0.06406, 0.25086, 0.15402
INFO | Time spent: 2.95s
INFO | - Epoch 062, ExpID 43834
INFO | Train - Loss (one batch): 0.00092
INFO | Val - Loss, MSE, RMSE, MAE: 0.00097, 0.00097, 0.03119, 0.01881
INFO | Test - Best epoch 54, Loss, MSE, RMSE, MAE: 0.06406, 0.06406, 0.25086, 0.15402
INFO | Time spent: 2.93s
INFO | - Epoch 063, ExpID 43834
INFO | Train - Loss (one batch): 0.00089
INFO | Val - Loss, MSE, RMSE, MAE: 0.00097, 0.00097, 0.03109, 0.01879
INFO | Test - Best epoch 54, Loss, MSE, RMSE, MAE: 0.06406, 0.06406, 0.25086, 0.15402
INFO | Time spent: 2.99s
INFO | - Epoch 064, ExpID 43834
INFO | Train - Loss (one batch): 0.00115
INFO | Val - Loss, MSE, RMSE, MAE: 0.00097, 0.00097, 0.03114, 0.01895
INFO | Test - Best epoch 54, Loss, MSE, RMSE, MAE: 0.06406, 0.06406, 0.25086, 0.15402
INFO | Time spent: 3.04s
INFO | - Epoch 065, ExpID 43834
INFO | Train - Loss (one batch): 0.00087
INFO | Val - Loss, MSE, RMSE, MAE: 0.00101, 0.00101, 0.03172, 0.01992
INFO | Test - Best epoch 54, Loss, MSE, RMSE, MAE: 0.06406, 0.06406, 0.25086, 0.15402
INFO | Time spent: 2.90s
INFO | - Epoch 066, ExpID 43834
INFO | Train - Loss (one batch): 0.00087
INFO | Val - Loss, MSE, RMSE, MAE: 0.00095, 0.00095, 0.03088, 0.01849
INFO | Test - Best epoch 66, Loss, MSE, RMSE, MAE: 0.06339, 0.06339, 0.24953, 0.15256
INFO | Time spent: 4.00s
INFO | - Epoch 067, ExpID 43834
INFO | Train - Loss (one batch): 0.00086
INFO | Val - Loss, MSE, RMSE, MAE: 0.00098, 0.00098, 0.03134, 0.01912
INFO | Test - Best epoch 66, Loss, MSE, RMSE, MAE: 0.06339, 0.06339, 0.24953, 0.15256
INFO | Time spent: 2.89s
INFO | - Epoch 068, ExpID 43834
INFO | Train - Loss (one batch): 0.00100
INFO | Val - Loss, MSE, RMSE, MAE: 0.00095, 0.00095, 0.03077, 0.01859
INFO | Test - Best epoch 68, Loss, MSE, RMSE, MAE: 0.06364, 0.06364, 0.25015, 0.15389
INFO | Time spent: 3.98s
INFO | - Epoch 069, ExpID 43834
INFO | Train - Loss (one batch): 0.00109
INFO | Val - Loss, MSE, RMSE, MAE: 0.00094, 0.00094, 0.03066, 0.01831
INFO | Test - Best epoch 69, Loss, MSE, RMSE, MAE: 0.06300, 0.06300, 0.24879, 0.15150
INFO | Time spent: 3.98s
INFO | - Epoch 070, ExpID 43834
INFO | Train - Loss (one batch): 0.00082
INFO | Val - Loss, MSE, RMSE, MAE: 0.00116, 0.00116, 0.03400, 0.02276
INFO | Test - Best epoch 69, Loss, MSE, RMSE, MAE: 0.06300, 0.06300, 0.24879, 0.15150
INFO | Time spent: 2.91s
INFO | - Epoch 071, ExpID 43834
INFO | Train - Loss (one batch): 0.00098
INFO | Val - Loss, MSE, RMSE, MAE: 0.00106, 0.00106, 0.03254, 0.02073
INFO | Test - Best epoch 69, Loss, MSE, RMSE, MAE: 0.06300, 0.06300, 0.24879, 0.15150
INFO | Time spent: 2.91s
INFO | - Epoch 072, ExpID 43834
INFO | Train - Loss (one batch): 0.00097
INFO | Val - Loss, MSE, RMSE, MAE: 0.00096, 0.00096, 0.03104, 0.01892
INFO | Test - Best epoch 69, Loss, MSE, RMSE, MAE: 0.06300, 0.06300, 0.24879, 0.15150
INFO | Time spent: 2.94s
INFO | - Epoch 073, ExpID 43834
INFO | Train - Loss (one batch): 0.00082
INFO | Val - Loss, MSE, RMSE, MAE: 0.00093, 0.00093, 0.03055, 0.01817
INFO | Test - Best epoch 73, Loss, MSE, RMSE, MAE: 0.06257, 0.06257, 0.24802, 0.15045
INFO | Time spent: 3.97s
INFO | - Epoch 074, ExpID 43834
INFO | Train - Loss (one batch): 0.00150
INFO | Val - Loss, MSE, RMSE, MAE: 0.00098, 0.00098, 0.03137, 0.01952
INFO | Test - Best epoch 73, Loss, MSE, RMSE, MAE: 0.06257, 0.06257, 0.24802, 0.15045
INFO | Time spent: 2.90s
INFO | - Epoch 075, ExpID 43834
INFO | Train - Loss (one batch): 0.00105
INFO | Val - Loss, MSE, RMSE, MAE: 0.00095, 0.00095, 0.03088, 0.01892
INFO | Test - Best epoch 73, Loss, MSE, RMSE, MAE: 0.06257, 0.06257, 0.24802, 0.15045
INFO | Time spent: 2.92s
INFO | - Epoch 076, ExpID 43834
INFO | Train - Loss (one batch): 0.00091
INFO | Val - Loss, MSE, RMSE, MAE: 0.00100, 0.00100, 0.03156, 0.01968
INFO | Test - Best epoch 73, Loss, MSE, RMSE, MAE: 0.06257, 0.06257, 0.24802, 0.15045
INFO | Time spent: 2.87s
INFO | - Epoch 077, ExpID 43834
INFO | Train - Loss (one batch): 0.00087
INFO | Val - Loss, MSE, RMSE, MAE: 0.00094, 0.00094, 0.03060, 0.01824
INFO | Test - Best epoch 73, Loss, MSE, RMSE, MAE: 0.06257, 0.06257, 0.24802, 0.15045
INFO | Time spent: 2.96s
INFO | - Epoch 078, ExpID 43834
INFO | Train - Loss (one batch): 0.00082
INFO | Val - Loss, MSE, RMSE, MAE: 0.00094, 0.00094, 0.03070, 0.01845
INFO | Test - Best epoch 73, Loss, MSE, RMSE, MAE: 0.06257, 0.06257, 0.24802, 0.15045
INFO | Time spent: 2.91s
INFO | - Epoch 079, ExpID 43834
INFO | Train - Loss (one batch): 0.00087
INFO | Val - Loss, MSE, RMSE, MAE: 0.00096, 0.00096, 0.03093, 0.01888
INFO | Test - Best epoch 73, Loss, MSE, RMSE, MAE: 0.06257, 0.06257, 0.24802, 0.15045
INFO | Time spent: 2.89s
INFO | - Epoch 080, ExpID 43834
INFO | Train - Loss (one batch): 0.00075
INFO | Val - Loss, MSE, RMSE, MAE: 0.00095, 0.00095, 0.03086, 0.01846
INFO | Test - Best epoch 73, Loss, MSE, RMSE, MAE: 0.06257, 0.06257, 0.24802, 0.15045
INFO | Time spent: 2.92s
INFO | - Epoch 081, ExpID 43834
INFO | Train - Loss (one batch): 0.00085
INFO | Val - Loss, MSE, RMSE, MAE: 0.00101, 0.00101, 0.03176, 0.01974
INFO | Test - Best epoch 73, Loss, MSE, RMSE, MAE: 0.06257, 0.06257, 0.24802, 0.15045
INFO | Time spent: 2.89s
INFO | - Epoch 082, ExpID 43834
INFO | Train - Loss (one batch): 0.00086
INFO | Val - Loss, MSE, RMSE, MAE: 0.00097, 0.00097, 0.03114, 0.01899
INFO | Test - Best epoch 73, Loss, MSE, RMSE, MAE: 0.06257, 0.06257, 0.24802, 0.15045
INFO | Time spent: 2.79s
INFO | - Epoch 083, ExpID 43834
INFO | Train - Loss (one batch): 0.00102
INFO | Val - Loss, MSE, RMSE, MAE: 0.00098, 0.00098, 0.03131, 0.01950
INFO | Test - Best epoch 73, Loss, MSE, RMSE, MAE: 0.06257, 0.06257, 0.24802, 0.15045
INFO | Time spent: 2.40s
INFO | - Epoch 084, ExpID 43834
INFO | Train - Loss (one batch): 0.00074
INFO | Val - Loss, MSE, RMSE, MAE: 0.00099, 0.00099, 0.03147, 0.01989
INFO | Test - Best epoch 73, Loss, MSE, RMSE, MAE: 0.06257, 0.06257, 0.24802, 0.15045
INFO | Time spent: 2.43s
INFO | - Epoch 085, ExpID 43834
INFO | Train - Loss (one batch): 0.00107
INFO | Val - Loss, MSE, RMSE, MAE: 0.00101, 0.00101, 0.03173, 0.01983
INFO | Test - Best epoch 73, Loss, MSE, RMSE, MAE: 0.06257, 0.06257, 0.24802, 0.15045
INFO | Time spent: 2.40s
INFO | - Epoch 086, ExpID 43834
INFO | Train - Loss (one batch): 0.00095
INFO | Val - Loss, MSE, RMSE, MAE: 0.00097, 0.00097, 0.03111, 0.01910
INFO | Test - Best epoch 73, Loss, MSE, RMSE, MAE: 0.06257, 0.06257, 0.24802, 0.15045
INFO | Time spent: 2.42s
INFO | - Epoch 087, ExpID 43834
INFO | Train - Loss (one batch): 0.00084
INFO | Val - Loss, MSE, RMSE, MAE: 0.00092, 0.00092, 0.03040, 0.01814
INFO | Test - Best epoch 87, Loss, MSE, RMSE, MAE: 0.06196, 0.06196, 0.24681, 0.15046
INFO | Time spent: 3.24s
INFO | - Epoch 088, ExpID 43834
INFO | Train - Loss (one batch): 0.00082
INFO | Val - Loss, MSE, RMSE, MAE: 0.00093, 0.00093, 0.03042, 0.01815
INFO | Test - Best epoch 87, Loss, MSE, RMSE, MAE: 0.06196, 0.06196, 0.24681, 0.15046
INFO | Time spent: 2.59s
INFO | - Epoch 089, ExpID 43834
INFO | Train - Loss (one batch): 0.00087
INFO | Val - Loss, MSE, RMSE, MAE: 0.00092, 0.00092, 0.03032, 0.01804
INFO | Test - Best epoch 89, Loss, MSE, RMSE, MAE: 0.06165, 0.06165, 0.24614, 0.14931
INFO | Time spent: 3.38s
INFO | - Epoch 090, ExpID 43834
INFO | Train - Loss (one batch): 0.00087
INFO | Val - Loss, MSE, RMSE, MAE: 0.00097, 0.00097, 0.03109, 0.01928
INFO | Test - Best epoch 89, Loss, MSE, RMSE, MAE: 0.06165, 0.06165, 0.24614, 0.14931
INFO | Time spent: 2.42s
INFO | - Epoch 091, ExpID 43834
INFO | Train - Loss (one batch): 0.00062
INFO | Val - Loss, MSE, RMSE, MAE: 0.00098, 0.00098, 0.03138, 0.01980
INFO | Test - Best epoch 89, Loss, MSE, RMSE, MAE: 0.06165, 0.06165, 0.24614, 0.14931
INFO | Time spent: 2.45s
INFO | - Epoch 092, ExpID 43834
INFO | Train - Loss (one batch): 0.00080
INFO | Val - Loss, MSE, RMSE, MAE: 0.00093, 0.00093, 0.03046, 0.01823
INFO | Test - Best epoch 89, Loss, MSE, RMSE, MAE: 0.06165, 0.06165, 0.24614, 0.14931
INFO | Time spent: 2.54s
INFO | - Epoch 093, ExpID 43834
INFO | Train - Loss (one batch): 0.00124
INFO | Val - Loss, MSE, RMSE, MAE: 0.00093, 0.00093, 0.03046, 0.01833
INFO | Test - Best epoch 89, Loss, MSE, RMSE, MAE: 0.06165, 0.06165, 0.24614, 0.14931
INFO | Time spent: 2.39s
INFO | - Epoch 094, ExpID 43834
INFO | Train - Loss (one batch): 0.00111
INFO | Val - Loss, MSE, RMSE, MAE: 0.00096, 0.00096, 0.03099, 0.01921
INFO | Test - Best epoch 89, Loss, MSE, RMSE, MAE: 0.06165, 0.06165, 0.24614, 0.14931
INFO | Time spent: 2.53s
INFO | - Epoch 095, ExpID 43834
INFO | Train - Loss (one batch): 0.00088
INFO | Val - Loss, MSE, RMSE, MAE: 0.00097, 0.00097, 0.03107, 0.01931
INFO | Test - Best epoch 89, Loss, MSE, RMSE, MAE: 0.06165, 0.06165, 0.24614, 0.14931
INFO | Time spent: 2.41s
INFO | - Epoch 096, ExpID 43834
INFO | Train - Loss (one batch): 0.00082
INFO | Val - Loss, MSE, RMSE, MAE: 0.00093, 0.00093, 0.03049, 0.01843
INFO | Test - Best epoch 89, Loss, MSE, RMSE, MAE: 0.06165, 0.06165, 0.24614, 0.14931
INFO | Time spent: 2.39s
INFO | - Epoch 097, ExpID 43834
INFO | Train - Loss (one batch): 0.00116
INFO | Val - Loss, MSE, RMSE, MAE: 0.00098, 0.00098, 0.03138, 0.01957
INFO | Test - Best epoch 89, Loss, MSE, RMSE, MAE: 0.06165, 0.06165, 0.24614, 0.14931
INFO | Time spent: 2.39s
INFO | - Epoch 098, ExpID 43834
INFO | Train - Loss (one batch): 0.00089
INFO | Val - Loss, MSE, RMSE, MAE: 0.00096, 0.00096, 0.03105, 0.01924
INFO | Test - Best epoch 89, Loss, MSE, RMSE, MAE: 0.06165, 0.06165, 0.24614, 0.14931
INFO | Time spent: 2.39s
INFO | - Epoch 099, ExpID 43834
INFO | Train - Loss (one batch): 0.00079
INFO | Val - Loss, MSE, RMSE, MAE: 0.00093, 0.00093, 0.03055, 0.01850
INFO | Test - Best epoch 89, Loss, MSE, RMSE, MAE: 0.06165, 0.06165, 0.24614, 0.14931
INFO | Time spent: 2.43s
INFO | - Epoch 100, ExpID 43834
INFO | Train - Loss (one batch): 0.00082
INFO | Val - Loss, MSE, RMSE, MAE: 0.00103, 0.00103, 0.03210, 0.02089
INFO | Test - Best epoch 89, Loss, MSE, RMSE, MAE: 0.06165, 0.06165, 0.24614, 0.14931
INFO | Time spent: 2.41s
INFO | - Epoch 101, ExpID 43834
INFO | Train - Loss (one batch): 0.00095
INFO | Val - Loss, MSE, RMSE, MAE: 0.00092, 0.00092, 0.03035, 0.01806
INFO | Test - Best epoch 89, Loss, MSE, RMSE, MAE: 0.06165, 0.06165, 0.24614, 0.14931
INFO | Time spent: 2.41s
INFO | - Epoch 102, ExpID 43834
INFO | Train - Loss (one batch): 0.00074
INFO | Val - Loss, MSE, RMSE, MAE: 0.00091, 0.00091, 0.03023, 0.01808
INFO | Test - Best epoch 102, Loss, MSE, RMSE, MAE: 0.06127, 0.06127, 0.24541, 0.14922
INFO | Time spent: 3.30s
INFO | - Epoch 103, ExpID 43834
INFO | Train - Loss (one batch): 0.00082
INFO | Val - Loss, MSE, RMSE, MAE: 0.00093, 0.00093, 0.03049, 0.01836
INFO | Test - Best epoch 102, Loss, MSE, RMSE, MAE: 0.06127, 0.06127, 0.24541, 0.14922
INFO | Time spent: 2.41s
INFO | - Epoch 104, ExpID 43834
INFO | Train - Loss (one batch): 0.00078
INFO | Val - Loss, MSE, RMSE, MAE: 0.00093, 0.00093, 0.03050, 0.01838
INFO | Test - Best epoch 102, Loss, MSE, RMSE, MAE: 0.06127, 0.06127, 0.24541, 0.14922
INFO | Time spent: 2.51s
INFO | - Epoch 105, ExpID 43834
INFO | Train - Loss (one batch): 0.00087
INFO | Val - Loss, MSE, RMSE, MAE: 0.00101, 0.00101, 0.03180, 0.02050
INFO | Test - Best epoch 102, Loss, MSE, RMSE, MAE: 0.06127, 0.06127, 0.24541, 0.14922
INFO | Time spent: 2.40s
INFO | - Epoch 106, ExpID 43834
INFO | Train - Loss (one batch): 0.00094
INFO | Val - Loss, MSE, RMSE, MAE: 0.00097, 0.00097, 0.03115, 0.01932
INFO | Test - Best epoch 102, Loss, MSE, RMSE, MAE: 0.06127, 0.06127, 0.24541, 0.14922
INFO | Time spent: 2.43s
INFO | - Epoch 107, ExpID 43834
INFO | Train - Loss (one batch): 0.00070
INFO | Val - Loss, MSE, RMSE, MAE: 0.00097, 0.00097, 0.03111, 0.01921
INFO | Test - Best epoch 102, Loss, MSE, RMSE, MAE: 0.06127, 0.06127, 0.24541, 0.14922
INFO | Time spent: 2.49s
INFO | - Epoch 108, ExpID 43834
INFO | Train - Loss (one batch): 0.00099
INFO | Val - Loss, MSE, RMSE, MAE: 0.00093, 0.00093, 0.03050, 0.01822
INFO | Test - Best epoch 102, Loss, MSE, RMSE, MAE: 0.06127, 0.06127, 0.24541, 0.14922
INFO | Time spent: 2.41s
INFO | - Epoch 109, ExpID 43834
INFO | Train - Loss (one batch): 0.00079
INFO | Val - Loss, MSE, RMSE, MAE: 0.00093, 0.00093, 0.03047, 0.01863
INFO | Test - Best epoch 102, Loss, MSE, RMSE, MAE: 0.06127, 0.06127, 0.24541, 0.14922
INFO | Time spent: 2.52s
INFO | - Epoch 110, ExpID 43834
INFO | Train - Loss (one batch): 0.00072
INFO | Val - Loss, MSE, RMSE, MAE: 0.00096, 0.00096, 0.03099, 0.01931
INFO | Test - Best epoch 102, Loss, MSE, RMSE, MAE: 0.06127, 0.06127, 0.24541, 0.14922
INFO | Time spent: 2.43s
INFO | - Epoch 111, ExpID 43834
INFO | Train - Loss (one batch): 0.00074
INFO | Val - Loss, MSE, RMSE, MAE: 0.00094, 0.00094, 0.03069, 0.01903
INFO | Test - Best epoch 102, Loss, MSE, RMSE, MAE: 0.06127, 0.06127, 0.24541, 0.14922
INFO | Time spent: 2.38s
INFO | - Epoch 112, ExpID 43834
INFO | Train - Loss (one batch): 0.00113
INFO | Val - Loss, MSE, RMSE, MAE: 0.00098, 0.00098, 0.03123, 0.01968
INFO | Test - Best epoch 102, Loss, MSE, RMSE, MAE: 0.06127, 0.06127, 0.24541, 0.14922
INFO | Time spent: 2.46s
INFO | - Epoch 113, ExpID 43834
INFO | Train - Loss (one batch): 0.00080
INFO | Val - Loss, MSE, RMSE, MAE: 0.00091, 0.00091, 0.03015, 0.01778
INFO | Test - Best epoch 113, Loss, MSE, RMSE, MAE: 0.06107, 0.06107, 0.24487, 0.14752
INFO | Time spent: 3.23s
INFO | - Epoch 114, ExpID 43834
INFO | Train - Loss (one batch): 0.00092
INFO | Val - Loss, MSE, RMSE, MAE: 0.00104, 0.00104, 0.03221, 0.02101
INFO | Test - Best epoch 113, Loss, MSE, RMSE, MAE: 0.06107, 0.06107, 0.24487, 0.14752
INFO | Time spent: 2.41s
INFO | - Epoch 115, ExpID 43834
INFO | Train - Loss (one batch): 0.00076
INFO | Val - Loss, MSE, RMSE, MAE: 0.00096, 0.00096, 0.03100, 0.01926
INFO | Test - Best epoch 113, Loss, MSE, RMSE, MAE: 0.06107, 0.06107, 0.24487, 0.14752
INFO | Time spent: 2.39s
INFO | - Epoch 116, ExpID 43834
INFO | Train - Loss (one batch): 0.00085
INFO | Val - Loss, MSE, RMSE, MAE: 0.00102, 0.00102, 0.03192, 0.02038
INFO | Test - Best epoch 113, Loss, MSE, RMSE, MAE: 0.06107, 0.06107, 0.24487, 0.14752
INFO | Time spent: 2.40s
INFO | - Epoch 117, ExpID 43834
INFO | Train - Loss (one batch): 0.00098
INFO | Val - Loss, MSE, RMSE, MAE: 0.00094, 0.00094, 0.03062, 0.01865
INFO | Test - Best epoch 113, Loss, MSE, RMSE, MAE: 0.06107, 0.06107, 0.24487, 0.14752
INFO | Time spent: 2.39s
INFO | - Epoch 118, ExpID 43834
INFO | Train - Loss (one batch): 0.00094
INFO | Val - Loss, MSE, RMSE, MAE: 0.00091, 0.00091, 0.03013, 0.01805
INFO | Test - Best epoch 118, Loss, MSE, RMSE, MAE: 0.06135, 0.06135, 0.24560, 0.15103
INFO | Time spent: 3.23s
INFO | - Epoch 119, ExpID 43834
INFO | Train - Loss (one batch): 0.00079
INFO | Val - Loss, MSE, RMSE, MAE: 0.00092, 0.00092, 0.03026, 0.01812
INFO | Test - Best epoch 118, Loss, MSE, RMSE, MAE: 0.06135, 0.06135, 0.24560, 0.15103
INFO | Time spent: 2.37s
INFO | - Epoch 120, ExpID 43834
INFO | Train - Loss (one batch): 0.00079
INFO | Val - Loss, MSE, RMSE, MAE: 0.00092, 0.00092, 0.03038, 0.01822
INFO | Test - Best epoch 118, Loss, MSE, RMSE, MAE: 0.06135, 0.06135, 0.24560, 0.15103
INFO | Time spent: 2.38s
INFO | - Epoch 121, ExpID 43834
INFO | Train - Loss (one batch): 0.00090
INFO | Val - Loss, MSE, RMSE, MAE: 0.00092, 0.00092, 0.03038, 0.01821
INFO | Test - Best epoch 118, Loss, MSE, RMSE, MAE: 0.06135, 0.06135, 0.24560, 0.15103
INFO | Time spent: 2.67s
INFO | - Epoch 122, ExpID 43834
INFO | Train - Loss (one batch): 0.00104
INFO | Val - Loss, MSE, RMSE, MAE: 0.00090, 0.00090, 0.03002, 0.01771
INFO | Test - Best epoch 122, Loss, MSE, RMSE, MAE: 0.06082, 0.06082, 0.24438, 0.14710
INFO | Time spent: 3.23s
INFO | - Epoch 123, ExpID 43834
INFO | Train - Loss (one batch): 0.00063
INFO | Val - Loss, MSE, RMSE, MAE: 0.00100, 0.00100, 0.03156, 0.01992
INFO | Test - Best epoch 122, Loss, MSE, RMSE, MAE: 0.06082, 0.06082, 0.24438, 0.14710
INFO | Time spent: 2.41s
INFO | - Epoch 124, ExpID 43834
INFO | Train - Loss (one batch): 0.00102
INFO | Val - Loss, MSE, RMSE, MAE: 0.00092, 0.00092, 0.03039, 0.01815
INFO | Test - Best epoch 122, Loss, MSE, RMSE, MAE: 0.06082, 0.06082, 0.24438, 0.14710
INFO | Time spent: 2.40s
INFO | - Epoch 125, ExpID 43834
INFO | Train - Loss (one batch): 0.00087
INFO | Val - Loss, MSE, RMSE, MAE: 0.00091, 0.00091, 0.03020, 0.01786
INFO | Test - Best epoch 122, Loss, MSE, RMSE, MAE: 0.06082, 0.06082, 0.24438, 0.14710
INFO | Time spent: 2.41s
INFO | - Epoch 126, ExpID 43834
INFO | Train - Loss (one batch): 0.00082
INFO | Val - Loss, MSE, RMSE, MAE: 0.00093, 0.00093, 0.03051, 0.01834
INFO | Test - Best epoch 122, Loss, MSE, RMSE, MAE: 0.06082, 0.06082, 0.24438, 0.14710
INFO | Time spent: 2.40s
INFO | - Epoch 127, ExpID 43834
INFO | Train - Loss (one batch): 0.00097
INFO | Val - Loss, MSE, RMSE, MAE: 0.00095, 0.00095, 0.03084, 0.01898
INFO | Test - Best epoch 122, Loss, MSE, RMSE, MAE: 0.06082, 0.06082, 0.24438, 0.14710
INFO | Time spent: 2.54s
INFO | - Epoch 128, ExpID 43834
INFO | Train - Loss (one batch): 0.00078
INFO | Val - Loss, MSE, RMSE, MAE: 0.00091, 0.00091, 0.03011, 0.01776
INFO | Test - Best epoch 122, Loss, MSE, RMSE, MAE: 0.06082, 0.06082, 0.24438, 0.14710
INFO | Time spent: 2.39s
INFO | - Epoch 129, ExpID 43834
INFO | Train - Loss (one batch): 0.00059
INFO | Val - Loss, MSE, RMSE, MAE: 0.00091, 0.00091, 0.03023, 0.01788
INFO | Test - Best epoch 122, Loss, MSE, RMSE, MAE: 0.06082, 0.06082, 0.24438, 0.14710
INFO | Time spent: 2.40s
INFO | - Epoch 130, ExpID 43834
INFO | Train - Loss (one batch): 0.00068
INFO | Val - Loss, MSE, RMSE, MAE: 0.00092, 0.00092, 0.03029, 0.01811
INFO | Test - Best epoch 122, Loss, MSE, RMSE, MAE: 0.06082, 0.06082, 0.24438, 0.14710
INFO | Time spent: 2.40s
INFO | - Epoch 131, ExpID 43834
INFO | Train - Loss (one batch): 0.00083
INFO | Val - Loss, MSE, RMSE, MAE: 0.00094, 0.00094, 0.03063, 0.01852
INFO | Test - Best epoch 122, Loss, MSE, RMSE, MAE: 0.06082, 0.06082, 0.24438, 0.14710
INFO | Time spent: 2.42s
INFO | - Epoch 132, ExpID 43834
INFO | Train - Loss (one batch): 0.00092
INFO | Val - Loss, MSE, RMSE, MAE: 0.00096, 0.00096, 0.03101, 0.01961
INFO | Test - Best epoch 122, Loss, MSE, RMSE, MAE: 0.06082, 0.06082, 0.24438, 0.14710
INFO | Time spent: 2.38s
INFO | - Epoch 133, ExpID 43834
INFO | Train - Loss (one batch): 0.00062
INFO | Val - Loss, MSE, RMSE, MAE: 0.00100, 0.00100, 0.03158, 0.01995
INFO | Test - Best epoch 122, Loss, MSE, RMSE, MAE: 0.06082, 0.06082, 0.24438, 0.14710
INFO | Time spent: 2.41s
INFO | - Epoch 134, ExpID 43834
INFO | Train - Loss (one batch): 0.00079
INFO | Val - Loss, MSE, RMSE, MAE: 0.00092, 0.00092, 0.03026, 0.01788
INFO | Test - Best epoch 122, Loss, MSE, RMSE, MAE: 0.06082, 0.06082, 0.24438, 0.14710
INFO | Time spent: 2.39s
INFO | - Epoch 135, ExpID 43834
INFO | Train - Loss (one batch): 0.00084
INFO | Val - Loss, MSE, RMSE, MAE: 0.00093, 0.00093, 0.03057, 0.01846
INFO | Test - Best epoch 122, Loss, MSE, RMSE, MAE: 0.06082, 0.06082, 0.24438, 0.14710
INFO | Time spent: 2.41s
INFO | - Epoch 136, ExpID 43834
INFO | Train - Loss (one batch): 0.00072
INFO | Val - Loss, MSE, RMSE, MAE: 0.00092, 0.00092, 0.03025, 0.01794
INFO | Test - Best epoch 122, Loss, MSE, RMSE, MAE: 0.06082, 0.06082, 0.24438, 0.14710
INFO | Time spent: 2.41s
INFO | - Epoch 137, ExpID 43834
INFO | Train - Loss (one batch): 0.00079
INFO | Val - Loss, MSE, RMSE, MAE: 0.00092, 0.00092, 0.03036, 0.01800
INFO | Test - Best epoch 122, Loss, MSE, RMSE, MAE: 0.06082, 0.06082, 0.24438, 0.14710
INFO | Time spent: 2.41s
INFO | - Epoch 138, ExpID 43834
INFO | Train - Loss (one batch): 0.00083
INFO | Val - Loss, MSE, RMSE, MAE: 0.00091, 0.00091, 0.03016, 0.01790
INFO | Test - Best epoch 122, Loss, MSE, RMSE, MAE: 0.06082, 0.06082, 0.24438, 0.14710
INFO | Time spent: 2.41s
INFO | - Epoch 139, ExpID 43834
INFO | Train - Loss (one batch): 0.00105
INFO | Val - Loss, MSE, RMSE, MAE: 0.00093, 0.00093, 0.03051, 0.01808
INFO | Test - Best epoch 122, Loss, MSE, RMSE, MAE: 0.06082, 0.06082, 0.24438, 0.14710
INFO | Time spent: 2.39s
INFO | - Epoch 140, ExpID 43834
INFO | Train - Loss (one batch): 0.00070
INFO | Val - Loss, MSE, RMSE, MAE: 0.00099, 0.00099, 0.03144, 0.01953
INFO | Test - Best epoch 122, Loss, MSE, RMSE, MAE: 0.06082, 0.06082, 0.24438, 0.14710
INFO | Time spent: 3.09s
INFO | - Epoch 141, ExpID 43834
INFO | Train - Loss (one batch): 0.00077
INFO | Val - Loss, MSE, RMSE, MAE: 0.00094, 0.00094, 0.03059, 0.01836
INFO | Test - Best epoch 122, Loss, MSE, RMSE, MAE: 0.06082, 0.06082, 0.24438, 0.14710
INFO | Time spent: 3.23s
INFO | - Epoch 142, ExpID 43834
INFO | Train - Loss (one batch): 0.00074
INFO | Val - Loss, MSE, RMSE, MAE: 0.00091, 0.00091, 0.03017, 0.01797
INFO | Test - Best epoch 122, Loss, MSE, RMSE, MAE: 0.06082, 0.06082, 0.24438, 0.14710
INFO | Time spent: 2.95s
INFO | - Epoch 143, ExpID 43834
INFO | Train - Loss (one batch): 0.00075
INFO | Val - Loss, MSE, RMSE, MAE: 0.00092, 0.00092, 0.03032, 0.01815
INFO | Test - Best epoch 122, Loss, MSE, RMSE, MAE: 0.06082, 0.06082, 0.24438, 0.14710
INFO | Time spent: 2.89s
INFO | - Epoch 144, ExpID 43834
INFO | Train - Loss (one batch): 0.00079
INFO | Val - Loss, MSE, RMSE, MAE: 0.00100, 0.00100, 0.03162, 0.01981
INFO | Test - Best epoch 122, Loss, MSE, RMSE, MAE: 0.06082, 0.06082, 0.24438, 0.14710
INFO | Time spent: 2.37s
INFO | - Epoch 145, ExpID 43834
INFO | Train - Loss (one batch): 0.00075
INFO | Val - Loss, MSE, RMSE, MAE: 0.00092, 0.00092, 0.03031, 0.01791
INFO | Test - Best epoch 122, Loss, MSE, RMSE, MAE: 0.06082, 0.06082, 0.24438, 0.14710
INFO | Time spent: 2.39s
INFO | - Epoch 146, ExpID 43834
INFO | Train - Loss (one batch): 0.00056
INFO | Val - Loss, MSE, RMSE, MAE: 0.00091, 0.00091, 0.03012, 0.01775
INFO | Test - Best epoch 122, Loss, MSE, RMSE, MAE: 0.06082, 0.06082, 0.24438, 0.14710
INFO | Time spent: 2.38s
INFO | - Epoch 147, ExpID 43834
INFO | Train - Loss (one batch): 0.00068
INFO | Val - Loss, MSE, RMSE, MAE: 0.00090, 0.00090, 0.03006, 0.01771
INFO | Test - Best epoch 122, Loss, MSE, RMSE, MAE: 0.06082, 0.06082, 0.24438, 0.14710
INFO | Time spent: 2.39s
INFO | - Epoch 148, ExpID 43834
INFO | Train - Loss (one batch): 0.00078
INFO | Val - Loss, MSE, RMSE, MAE: 0.00090, 0.00090, 0.03005, 0.01780
INFO | Test - Best epoch 122, Loss, MSE, RMSE, MAE: 0.06082, 0.06082, 0.24438, 0.14710
INFO | Time spent: 2.41s
INFO | - Epoch 149, ExpID 43834
INFO | Train - Loss (one batch): 0.00088
INFO | Val - Loss, MSE, RMSE, MAE: 0.00094, 0.00094, 0.03059, 0.01854
INFO | Test - Best epoch 122, Loss, MSE, RMSE, MAE: 0.06082, 0.06082, 0.24438, 0.14710
INFO | Time spent: 2.41s
INFO | - Epoch 150, ExpID 43834
INFO | Train - Loss (one batch): 0.00063
INFO | Val - Loss, MSE, RMSE, MAE: 0.00090, 0.00090, 0.03007, 0.01783
INFO | Test - Best epoch 122, Loss, MSE, RMSE, MAE: 0.06082, 0.06082, 0.24438, 0.14710
INFO | Time spent: 2.41s
INFO | - Epoch 151, ExpID 43834
INFO | Train - Loss (one batch): 0.00068
INFO | Val - Loss, MSE, RMSE, MAE: 0.00099, 0.00099, 0.03143, 0.01985
INFO | Test - Best epoch 122, Loss, MSE, RMSE, MAE: 0.06082, 0.06082, 0.24438, 0.14710
INFO | Time spent: 2.40s
INFO | - Epoch 152, ExpID 43834
INFO | Train - Loss (one batch): 0.00062
INFO | Val - Loss, MSE, RMSE, MAE: 0.00090, 0.00090, 0.03008, 0.01771
INFO | Test - Best epoch 122, Loss, MSE, RMSE, MAE: 0.06082, 0.06082, 0.24438, 0.14710
INFO | Time spent: 2.41s
INFO | - Epoch 153, ExpID 43834
INFO | Train - Loss (one batch): 0.00080
INFO | Val - Loss, MSE, RMSE, MAE: 0.00092, 0.00092, 0.03041, 0.01831
INFO | Test - Best epoch 122, Loss, MSE, RMSE, MAE: 0.06082, 0.06082, 0.24438, 0.14710
INFO | Time spent: 2.40s
INFO | - Epoch 154, ExpID 43834
INFO | Train - Loss (one batch): 0.00084
INFO | Val - Loss, MSE, RMSE, MAE: 0.00092, 0.00092, 0.03025, 0.01831
INFO | Test - Best epoch 122, Loss, MSE, RMSE, MAE: 0.06082, 0.06082, 0.24438, 0.14710
INFO | Time spent: 2.41s
INFO | - Epoch 155, ExpID 43834
INFO | Train - Loss (one batch): 0.00061
INFO | Val - Loss, MSE, RMSE, MAE: 0.00092, 0.00092, 0.03034, 0.01809
INFO | Test - Best epoch 122, Loss, MSE, RMSE, MAE: 0.06082, 0.06082, 0.24438, 0.14710
INFO | Time spent: 2.38s
INFO | - Epoch 156, ExpID 43834
INFO | Train - Loss (one batch): 0.00077
INFO | Val - Loss, MSE, RMSE, MAE: 0.00102, 0.00102, 0.03197, 0.02018
INFO | Test - Best epoch 122, Loss, MSE, RMSE, MAE: 0.06082, 0.06082, 0.24438, 0.14710
INFO | Time spent: 2.50s
INFO | - Epoch 157, ExpID 43834
INFO | Train - Loss (one batch): 0.00087
INFO | Val - Loss, MSE, RMSE, MAE: 0.00094, 0.00094, 0.03063, 0.01869
INFO | Test - Best epoch 122, Loss, MSE, RMSE, MAE: 0.06082, 0.06082, 0.24438, 0.14710
INFO | Time spent: 2.40s
INFO | - Epoch 158, ExpID 43834
INFO | Train - Loss (one batch): 0.00076
INFO | Val - Loss, MSE, RMSE, MAE: 0.00091, 0.00091, 0.03020, 0.01790
INFO | Test - Best epoch 122, Loss, MSE, RMSE, MAE: 0.06082, 0.06082, 0.24438, 0.14710
INFO | Time spent: 2.41s
INFO | - Epoch 159, ExpID 43834
INFO | Train - Loss (one batch): 0.00076
INFO | Val - Loss, MSE, RMSE, MAE: 0.00096, 0.00096, 0.03097, 0.01914
INFO | Test - Best epoch 122, Loss, MSE, RMSE, MAE: 0.06082, 0.06082, 0.24438, 0.14710
INFO | Time spent: 2.41s
INFO | - Epoch 160, ExpID 43834
INFO | Train - Loss (one batch): 0.00091
INFO | Val - Loss, MSE, RMSE, MAE: 0.00091, 0.00091, 0.03016, 0.01782
INFO | Test - Best epoch 122, Loss, MSE, RMSE, MAE: 0.06082, 0.06082, 0.24438, 0.14710
INFO | Time spent: 2.41s
INFO | - Epoch 161, ExpID 43834
INFO | Train - Loss (one batch): 0.00083
INFO | Val - Loss, MSE, RMSE, MAE: 0.00093, 0.00093, 0.03046, 0.01849
INFO | Test - Best epoch 122, Loss, MSE, RMSE, MAE: 0.06082, 0.06082, 0.24438, 0.14710
INFO | Time spent: 2.42s
INFO | - Epoch 162, ExpID 43834
INFO | Train - Loss (one batch): 0.00050
INFO | Val - Loss, MSE, RMSE, MAE: 0.00092, 0.00092, 0.03033, 0.01794
INFO | Test - Best epoch 122, Loss, MSE, RMSE, MAE: 0.06082, 0.06082, 0.24438, 0.14710
INFO | Time spent: 2.40s
INFO | - Epoch 163, ExpID 43834
INFO | Train - Loss (one batch): 0.00064
INFO | Val - Loss, MSE, RMSE, MAE: 0.00103, 0.00103, 0.03210, 0.02044
INFO | Test - Best epoch 122, Loss, MSE, RMSE, MAE: 0.06082, 0.06082, 0.24438, 0.14710
INFO | Time spent: 2.42s
INFO | - Epoch 164, ExpID 43834
INFO | Train - Loss (one batch): 0.00082
INFO | Val - Loss, MSE, RMSE, MAE: 0.00091, 0.00091, 0.03019, 0.01787
INFO | Test - Best epoch 122, Loss, MSE, RMSE, MAE: 0.06082, 0.06082, 0.24438, 0.14710
INFO | Time spent: 2.49s
INFO | - Epoch 165, ExpID 43834
INFO | Train - Loss (one batch): 0.00062
INFO | Val - Loss, MSE, RMSE, MAE: 0.00091, 0.00091, 0.03016, 0.01788
INFO | Test - Best epoch 122, Loss, MSE, RMSE, MAE: 0.06082, 0.06082, 0.24438, 0.14710
INFO | Time spent: 2.38s
INFO | - Epoch 166, ExpID 43834
INFO | Train - Loss (one batch): 0.00079
INFO | Val - Loss, MSE, RMSE, MAE: 0.00093, 0.00093, 0.03056, 0.01845
INFO | Test - Best epoch 122, Loss, MSE, RMSE, MAE: 0.06082, 0.06082, 0.24438, 0.14710
INFO | Time spent: 2.40s
INFO | - Epoch 167, ExpID 43834
INFO | Train - Loss (one batch): 0.00065
INFO | Val - Loss, MSE, RMSE, MAE: 0.00094, 0.00094, 0.03062, 0.01877
INFO | Test - Best epoch 122, Loss, MSE, RMSE, MAE: 0.06082, 0.06082, 0.24438, 0.14710
INFO | Time spent: 2.37s
INFO | - Epoch 168, ExpID 43834
INFO | Train - Loss (one batch): 0.00087
INFO | Val - Loss, MSE, RMSE, MAE: 0.00091, 0.00091, 0.03022, 0.01796
INFO | Test - Best epoch 122, Loss, MSE, RMSE, MAE: 0.06082, 0.06082, 0.24438, 0.14710
INFO | Time spent: 2.38s
INFO | - Epoch 169, ExpID 43834
INFO | Train - Loss (one batch): 0.00072
INFO | Val - Loss, MSE, RMSE, MAE: 0.00097, 0.00097, 0.03118, 0.01940
INFO | Test - Best epoch 122, Loss, MSE, RMSE, MAE: 0.06082, 0.06082, 0.24438, 0.14710
INFO | Time spent: 2.39s
INFO | - Epoch 170, ExpID 43834
INFO | Train - Loss (one batch): 0.00078
INFO | Val - Loss, MSE, RMSE, MAE: 0.00092, 0.00092, 0.03038, 0.01834
INFO | Test - Best epoch 122, Loss, MSE, RMSE, MAE: 0.06082, 0.06082, 0.24438, 0.14710
INFO | Time spent: 2.60s
INFO | - Epoch 171, ExpID 43834
INFO | Train - Loss (one batch): 0.00076
INFO | Val - Loss, MSE, RMSE, MAE: 0.00097, 0.00097, 0.03122, 0.01960
INFO | Test - Best epoch 122, Loss, MSE, RMSE, MAE: 0.06082, 0.06082, 0.24438, 0.14710
INFO | Time spent: 2.42s
INFO | - Epoch 172, ExpID 43834
INFO | Train - Loss (one batch): 0.00090
INFO | Val - Loss, MSE, RMSE, MAE: 0.00091, 0.00091, 0.03015, 0.01793
INFO | Test - Best epoch 122, Loss, MSE, RMSE, MAE: 0.06082, 0.06082, 0.24438, 0.14710
INFO | Time spent: 2.42s
INFO | - Epoch 173, ExpID 43834
INFO | Train - Loss (one batch): 0.00076
INFO | Val - Loss, MSE, RMSE, MAE: 0.00100, 0.00100, 0.03166, 0.02040
INFO | Test - Best epoch 122, Loss, MSE, RMSE, MAE: 0.06082, 0.06082, 0.24438, 0.14710
INFO | Time spent: 2.57s
INFO | - Epoch 174, ExpID 43834
INFO | Train - Loss (one batch): 0.00083
INFO | Val - Loss, MSE, RMSE, MAE: 0.00094, 0.00094, 0.03058, 0.01858
INFO | Test - Best epoch 122, Loss, MSE, RMSE, MAE: 0.06082, 0.06082, 0.24438, 0.14710
INFO | Time spent: 2.41s
INFO | - Epoch 175, ExpID 43834
INFO | Train - Loss (one batch): 0.00075
INFO | Val - Loss, MSE, RMSE, MAE: 0.00094, 0.00094, 0.03063, 0.01900
INFO | Test - Best epoch 122, Loss, MSE, RMSE, MAE: 0.06082, 0.06082, 0.24438, 0.14710
INFO | Time spent: 2.60s
INFO | - Epoch 176, ExpID 43834
INFO | Train - Loss (one batch): 0.00072
INFO | Val - Loss, MSE, RMSE, MAE: 0.00092, 0.00092, 0.03031, 0.01822
INFO | Test - Best epoch 122, Loss, MSE, RMSE, MAE: 0.06082, 0.06082, 0.24438, 0.14710
INFO | Time spent: 2.42s
INFO | - Epoch 177, ExpID 43834
INFO | Train - Loss (one batch): 0.00072
INFO | Val - Loss, MSE, RMSE, MAE: 0.00097, 0.00097, 0.03107, 0.01929
INFO | Test - Best epoch 122, Loss, MSE, RMSE, MAE: 0.06082, 0.06082, 0.24438, 0.14710
INFO | Time spent: 2.38s
INFO | - Epoch 178, ExpID 43834
INFO | Train - Loss (one batch): 0.00050
INFO | Val - Loss, MSE, RMSE, MAE: 0.00093, 0.00093, 0.03056, 0.01849
INFO | Test - Best epoch 122, Loss, MSE, RMSE, MAE: 0.06082, 0.06082, 0.24438, 0.14710
INFO | Time spent: 2.46s
INFO | - Epoch 179, ExpID 43834
INFO | Train - Loss (one batch): 0.00076
INFO | Val - Loss, MSE, RMSE, MAE: 0.00093, 0.00093, 0.03050, 0.01822
INFO | Test - Best epoch 122, Loss, MSE, RMSE, MAE: 0.06082, 0.06082, 0.24438, 0.14710
INFO | Time spent: 2.38s
INFO | - Epoch 180, ExpID 43834
INFO | Train - Loss (one batch): 0.00086
INFO | Val - Loss, MSE, RMSE, MAE: 0.00092, 0.00092, 0.03033, 0.01825
INFO | Test - Best epoch 122, Loss, MSE, RMSE, MAE: 0.06082, 0.06082, 0.24438, 0.14710
INFO | Time spent: 2.37s
INFO | - Epoch 181, ExpID 43834
INFO | Train - Loss (one batch): 0.00073
INFO | Val - Loss, MSE, RMSE, MAE: 0.00095, 0.00095, 0.03086, 0.01879
INFO | Test - Best epoch 122, Loss, MSE, RMSE, MAE: 0.06082, 0.06082, 0.24438, 0.14710
INFO | Time spent: 2.39s
INFO | - Epoch 182, ExpID 43834
INFO | Train - Loss (one batch): 0.00104
INFO | Val - Loss, MSE, RMSE, MAE: 0.00101, 0.00101, 0.03171, 0.02027
INFO | Test - Best epoch 122, Loss, MSE, RMSE, MAE: 0.06082, 0.06082, 0.24438, 0.14710
INFO | Time spent: 2.39s
INFO | - Epoch 183, ExpID 43834
INFO | Train - Loss (one batch): 0.00101
INFO | Val - Loss, MSE, RMSE, MAE: 0.00094, 0.00094, 0.03061, 0.01835
INFO | Test - Best epoch 122, Loss, MSE, RMSE, MAE: 0.06082, 0.06082, 0.24438, 0.14710
INFO | Time spent: 2.42s
INFO | - Epoch 184, ExpID 43834
INFO | Train - Loss (one batch): 0.00092
INFO | Val - Loss, MSE, RMSE, MAE: 0.00091, 0.00091, 0.03016, 0.01787
INFO | Test - Best epoch 122, Loss, MSE, RMSE, MAE: 0.06082, 0.06082, 0.24438, 0.14710
INFO | Time spent: 2.39s
INFO | - Epoch 185, ExpID 43834
INFO | Train - Loss (one batch): 0.00071
INFO | Val - Loss, MSE, RMSE, MAE: 0.00093, 0.00093, 0.03046, 0.01851
INFO | Test - Best epoch 122, Loss, MSE, RMSE, MAE: 0.06082, 0.06082, 0.24438, 0.14710
INFO | Time spent: 2.43s
INFO | - Epoch 186, ExpID 43834
INFO | Train - Loss (one batch): 0.00072
INFO | Val - Loss, MSE, RMSE, MAE: 0.00093, 0.00093, 0.03042, 0.01827
INFO | Test - Best epoch 122, Loss, MSE, RMSE, MAE: 0.06082, 0.06082, 0.24438, 0.14710
INFO | Time spent: 2.49s
INFO | - Epoch 187, ExpID 43834
INFO | Train - Loss (one batch): 0.00087
INFO | Val - Loss, MSE, RMSE, MAE: 0.00091, 0.00091, 0.03018, 0.01800
INFO | Test - Best epoch 122, Loss, MSE, RMSE, MAE: 0.06082, 0.06082, 0.24438, 0.14710
INFO | Time spent: 2.58s
INFO | - Epoch 188, ExpID 43834
INFO | Train - Loss (one batch): 0.00075
INFO | Val - Loss, MSE, RMSE, MAE: 0.00095, 0.00095, 0.03077, 0.01903
INFO | Test - Best epoch 122, Loss, MSE, RMSE, MAE: 0.06082, 0.06082, 0.24438, 0.14710
INFO | Time spent: 2.40s
INFO | - Epoch 189, ExpID 43834
INFO | Train - Loss (one batch): 0.00080
INFO | Val - Loss, MSE, RMSE, MAE: 0.00094, 0.00094, 0.03058, 0.01873
INFO | Test - Best epoch 122, Loss, MSE, RMSE, MAE: 0.06082, 0.06082, 0.24438, 0.14710
INFO | Time spent: 2.40s
INFO | - Epoch 190, ExpID 43834
INFO | Train - Loss (one batch): 0.00072
INFO | Val - Loss, MSE, RMSE, MAE: 0.00092, 0.00092, 0.03040, 0.01828
INFO | Test - Best epoch 122, Loss, MSE, RMSE, MAE: 0.06082, 0.06082, 0.24438, 0.14710
INFO | Time spent: 2.60s
INFO | - Epoch 191, ExpID 43834
INFO | Train - Loss (one batch): 0.00073
INFO | Val - Loss, MSE, RMSE, MAE: 0.00097, 0.00097, 0.03120, 0.01960
INFO | Test - Best epoch 122, Loss, MSE, RMSE, MAE: 0.06082, 0.06082, 0.24438, 0.14710
INFO | Time spent: 2.62s
INFO | - Epoch 192, ExpID 43834
INFO | Train - Loss (one batch): 0.00071
INFO | Val - Loss, MSE, RMSE, MAE: 0.00092, 0.00092, 0.03031, 0.01838
INFO | Test - Best epoch 122, Loss, MSE, RMSE, MAE: 0.06082, 0.06082, 0.24438, 0.14710
INFO | Time spent: 2.41s
INFO | - Epoch 193, ExpID 43834
INFO | Train - Loss (one batch): 0.00077
INFO | Val - Loss, MSE, RMSE, MAE: 0.00092, 0.00092, 0.03028, 0.01826
INFO | Test - Best epoch 122, Loss, MSE, RMSE, MAE: 0.06082, 0.06082, 0.24438, 0.14710
INFO | Time spent: 2.51s
INFO | - Epoch 194, ExpID 43834
INFO | Train - Loss (one batch): 0.00089
INFO | Val - Loss, MSE, RMSE, MAE: 0.00092, 0.00092, 0.03039, 0.01832
INFO | Test - Best epoch 122, Loss, MSE, RMSE, MAE: 0.06082, 0.06082, 0.24438, 0.14710
INFO | Time spent: 2.40s
INFO | - Epoch 195, ExpID 43834
INFO | Train - Loss (one batch): 0.00090
INFO | Val - Loss, MSE, RMSE, MAE: 0.00091, 0.00091, 0.03016, 0.01785
INFO | Test - Best epoch 122, Loss, MSE, RMSE, MAE: 0.06082, 0.06082, 0.24438, 0.14710
INFO | Time spent: 2.36s
INFO | - Epoch 196, ExpID 43834
INFO | Train - Loss (one batch): 0.00080
INFO | Val - Loss, MSE, RMSE, MAE: 0.00090, 0.00090, 0.03002, 0.01763
INFO | Test - Best epoch 122, Loss, MSE, RMSE, MAE: 0.06082, 0.06082, 0.24438, 0.14710
INFO | Time spent: 2.38s
INFO | - Epoch 197, ExpID 43834
INFO | Train - Loss (one batch): 0.00112
INFO | Val - Loss, MSE, RMSE, MAE: 0.00091, 0.00091, 0.03009, 0.01811
INFO | Test - Best epoch 122, Loss, MSE, RMSE, MAE: 0.06082, 0.06082, 0.24438, 0.14710
INFO | Time spent: 2.39s
INFO | - Epoch 198, ExpID 43834
INFO | Train - Loss (one batch): 0.00077
INFO | Val - Loss, MSE, RMSE, MAE: 0.00093, 0.00093, 0.03052, 0.01892
INFO | Test - Best epoch 122, Loss, MSE, RMSE, MAE: 0.06082, 0.06082, 0.24438, 0.14710
INFO | Time spent: 2.61s
INFO | - Epoch 199, ExpID 43834
INFO | Train - Loss (one batch): 0.00070
INFO | Val - Loss, MSE, RMSE, MAE: 0.00093, 0.00093, 0.03056, 0.01883
INFO | Test - Best epoch 122, Loss, MSE, RMSE, MAE: 0.06082, 0.06082, 0.24438, 0.14710
INFO | Time spent: 2.40s
INFO | - Epoch 200, ExpID 43834
INFO | Train - Loss (one batch): 0.00061
INFO | Val - Loss, MSE, RMSE, MAE: 0.00093, 0.00093, 0.03043, 0.01843
INFO | Test - Best epoch 122, Loss, MSE, RMSE, MAE: 0.06082, 0.06082, 0.24438, 0.14710
INFO | Time spent: 2.43s
INFO | - Epoch 201, ExpID 43834
INFO | Train - Loss (one batch): 0.00070
INFO | Val - Loss, MSE, RMSE, MAE: 0.00090, 0.00090, 0.03006, 0.01777
INFO | Test - Best epoch 122, Loss, MSE, RMSE, MAE: 0.06082, 0.06082, 0.24438, 0.14710
INFO | Time spent: 2.40s
INFO | - Epoch 202, ExpID 43834
INFO | Train - Loss (one batch): 0.00070
INFO | Val - Loss, MSE, RMSE, MAE: 0.00092, 0.00092, 0.03033, 0.01835
INFO | Test - Best epoch 122, Loss, MSE, RMSE, MAE: 0.06082, 0.06082, 0.24438, 0.14710
INFO | Time spent: 2.34s
INFO | - Epoch 203, ExpID 43834
INFO | Train - Loss (one batch): 0.00079
INFO | Val - Loss, MSE, RMSE, MAE: 0.00092, 0.00092, 0.03029, 0.01824
INFO | Test - Best epoch 122, Loss, MSE, RMSE, MAE: 0.06082, 0.06082, 0.24438, 0.14710
INFO | Time spent: 2.29s
INFO | - Epoch 204, ExpID 43834
INFO | Train - Loss (one batch): 0.00085
INFO | Val - Loss, MSE, RMSE, MAE: 0.00092, 0.00092, 0.03030, 0.01832
INFO | Test - Best epoch 122, Loss, MSE, RMSE, MAE: 0.06082, 0.06082, 0.24438, 0.14710
INFO | Time spent: 2.29s
INFO | - Epoch 205, ExpID 43834
INFO | Train - Loss (one batch): 0.00081
INFO | Val - Loss, MSE, RMSE, MAE: 0.00099, 0.00099, 0.03149, 0.02054
INFO | Test - Best epoch 122, Loss, MSE, RMSE, MAE: 0.06082, 0.06082, 0.24438, 0.14710
INFO | Time spent: 2.29s
INFO | - Epoch 206, ExpID 43834
INFO | Train - Loss (one batch): 0.00073
INFO | Val - Loss, MSE, RMSE, MAE: 0.00093, 0.00093, 0.03042, 0.01854
INFO | Test - Best epoch 122, Loss, MSE, RMSE, MAE: 0.06082, 0.06082, 0.24438, 0.14710
INFO | Time spent: 2.30s
INFO | - Epoch 207, ExpID 43834
INFO | Train - Loss (one batch): 0.00054
INFO | Val - Loss, MSE, RMSE, MAE: 0.00102, 0.00102, 0.03194, 0.02111
INFO | Test - Best epoch 122, Loss, MSE, RMSE, MAE: 0.06082, 0.06082, 0.24438, 0.14710
INFO | Time spent: 2.39s
INFO | - Epoch 208, ExpID 43834
INFO | Train - Loss (one batch): 0.00071
INFO | Val - Loss, MSE, RMSE, MAE: 0.00092, 0.00092, 0.03034, 0.01859
INFO | Test - Best epoch 122, Loss, MSE, RMSE, MAE: 0.06082, 0.06082, 0.24438, 0.14710
INFO | Time spent: 2.37s
INFO | - Epoch 209, ExpID 43834
INFO | Train - Loss (one batch): 0.00063
INFO | Val - Loss, MSE, RMSE, MAE: 0.00093, 0.00093, 0.03050, 0.01860
INFO | Test - Best epoch 122, Loss, MSE, RMSE, MAE: 0.06082, 0.06082, 0.24438, 0.14710
INFO | Time spent: 2.53s
INFO | - Epoch 210, ExpID 43834
INFO | Train - Loss (one batch): 0.00076
INFO | Val - Loss, MSE, RMSE, MAE: 0.00095, 0.00095, 0.03077, 0.01911
INFO | Test - Best epoch 122, Loss, MSE, RMSE, MAE: 0.06082, 0.06082, 0.24438, 0.14710
INFO | Time spent: 2.41s
INFO | - Epoch 211, ExpID 43834
INFO | Train - Loss (one batch): 0.00071
INFO | Val - Loss, MSE, RMSE, MAE: 0.00095, 0.00095, 0.03075, 0.01883
INFO | Test - Best epoch 122, Loss, MSE, RMSE, MAE: 0.06082, 0.06082, 0.24438, 0.14710
INFO | Time spent: 2.52s
INFO | - Epoch 212, ExpID 43834
INFO | Train - Loss (one batch): 0.00063
INFO | Val - Loss, MSE, RMSE, MAE: 0.00094, 0.00094, 0.03063, 0.01892
INFO | Test - Best epoch 122, Loss, MSE, RMSE, MAE: 0.06082, 0.06082, 0.24438, 0.14710
INFO | Time spent: 2.46s
INFO | - Epoch 213, ExpID 43834
INFO | Train - Loss (one batch): 0.00078
INFO | Val - Loss, MSE, RMSE, MAE: 0.00089, 0.00089, 0.02984, 0.01761
INFO | Test - Best epoch 213, Loss, MSE, RMSE, MAE: 0.06055, 0.06055, 0.24376, 0.14682
INFO | Time spent: 3.22s
INFO | - Epoch 214, ExpID 43834
INFO | Train - Loss (one batch): 0.00078
INFO | Val - Loss, MSE, RMSE, MAE: 0.00096, 0.00096, 0.03095, 0.01902
INFO | Test - Best epoch 213, Loss, MSE, RMSE, MAE: 0.06055, 0.06055, 0.24376, 0.14682
INFO | Time spent: 2.53s
INFO | - Epoch 215, ExpID 43834
INFO | Train - Loss (one batch): 0.00074
INFO | Val - Loss, MSE, RMSE, MAE: 0.00095, 0.00095, 0.03082, 0.01922
INFO | Test - Best epoch 213, Loss, MSE, RMSE, MAE: 0.06055, 0.06055, 0.24376, 0.14682
INFO | Time spent: 2.60s
INFO | - Epoch 216, ExpID 43834
INFO | Train - Loss (one batch): 0.00066
INFO | Val - Loss, MSE, RMSE, MAE: 0.00092, 0.00092, 0.03030, 0.01825
INFO | Test - Best epoch 213, Loss, MSE, RMSE, MAE: 0.06055, 0.06055, 0.24376, 0.14682
INFO | Time spent: 2.40s
INFO | - Epoch 217, ExpID 43834
INFO | Train - Loss (one batch): 0.00060
INFO | Val - Loss, MSE, RMSE, MAE: 0.00094, 0.00094, 0.03061, 0.01855
INFO | Test - Best epoch 213, Loss, MSE, RMSE, MAE: 0.06055, 0.06055, 0.24376, 0.14682
INFO | Time spent: 2.38s
INFO | - Epoch 218, ExpID 43834
INFO | Train - Loss (one batch): 0.00075
INFO | Val - Loss, MSE, RMSE, MAE: 0.00090, 0.00090, 0.02999, 0.01775
INFO | Test - Best epoch 213, Loss, MSE, RMSE, MAE: 0.06055, 0.06055, 0.24376, 0.14682
INFO | Time spent: 2.40s
INFO | - Epoch 219, ExpID 43834
INFO | Train - Loss (one batch): 0.00080
INFO | Val - Loss, MSE, RMSE, MAE: 0.00092, 0.00092, 0.03031, 0.01821
INFO | Test - Best epoch 213, Loss, MSE, RMSE, MAE: 0.06055, 0.06055, 0.24376, 0.14682
INFO | Time spent: 2.41s
INFO | - Epoch 220, ExpID 43834
INFO | Train - Loss (one batch): 0.00107
INFO | Val - Loss, MSE, RMSE, MAE: 0.00092, 0.00092, 0.03035, 0.01833
INFO | Test - Best epoch 213, Loss, MSE, RMSE, MAE: 0.06055, 0.06055, 0.24376, 0.14682
INFO | Time spent: 2.38s
INFO | - Epoch 221, ExpID 43834
INFO | Train - Loss (one batch): 0.00080
INFO | Val - Loss, MSE, RMSE, MAE: 0.00091, 0.00091, 0.03024, 0.01859
INFO | Test - Best epoch 213, Loss, MSE, RMSE, MAE: 0.06055, 0.06055, 0.24376, 0.14682
INFO | Time spent: 2.56s
INFO | - Epoch 222, ExpID 43834
INFO | Train - Loss (one batch): 0.00068
INFO | Val - Loss, MSE, RMSE, MAE: 0.00091, 0.00091, 0.03020, 0.01792
INFO | Test - Best epoch 213, Loss, MSE, RMSE, MAE: 0.06055, 0.06055, 0.24376, 0.14682
INFO | Time spent: 2.42s
INFO | - Epoch 223, ExpID 43834
INFO | Train - Loss (one batch): 0.00092
INFO | Val - Loss, MSE, RMSE, MAE: 0.00094, 0.00094, 0.03065, 0.01872
INFO | Test - Best epoch 213, Loss, MSE, RMSE, MAE: 0.06055, 0.06055, 0.24376, 0.14682
INFO | Time spent: 2.41s
INFO | - Epoch 224, ExpID 43834
INFO | Train - Loss (one batch): 0.00073
INFO | Val - Loss, MSE, RMSE, MAE: 0.00090, 0.00090, 0.03003, 0.01782
INFO | Test - Best epoch 213, Loss, MSE, RMSE, MAE: 0.06055, 0.06055, 0.24376, 0.14682
INFO | Time spent: 2.38s
INFO | - Epoch 225, ExpID 43834
INFO | Train - Loss (one batch): 0.00074
INFO | Val - Loss, MSE, RMSE, MAE: 0.00093, 0.00093, 0.03050, 0.01832
INFO | Test - Best epoch 213, Loss, MSE, RMSE, MAE: 0.06055, 0.06055, 0.24376, 0.14682
INFO | Time spent: 2.41s
INFO | - Epoch 226, ExpID 43834
INFO | Train - Loss (one batch): 0.00084
INFO | Val - Loss, MSE, RMSE, MAE: 0.00091, 0.00091, 0.03009, 0.01791
INFO | Test - Best epoch 213, Loss, MSE, RMSE, MAE: 0.06055, 0.06055, 0.24376, 0.14682
INFO | Time spent: 2.40s
INFO | - Epoch 227, ExpID 43834
INFO | Train - Loss (one batch): 0.00080
INFO | Val - Loss, MSE, RMSE, MAE: 0.00090, 0.00090, 0.02995, 0.01775
INFO | Test - Best epoch 213, Loss, MSE, RMSE, MAE: 0.06055, 0.06055, 0.24376, 0.14682
INFO | Time spent: 2.40s
INFO | - Epoch 228, ExpID 43834
INFO | Train - Loss (one batch): 0.00059
INFO | Val - Loss, MSE, RMSE, MAE: 0.00093, 0.00093, 0.03042, 0.01830
INFO | Test - Best epoch 213, Loss, MSE, RMSE, MAE: 0.06055, 0.06055, 0.24376, 0.14682
INFO | Time spent: 2.42s
INFO | - Epoch 229, ExpID 43834
INFO | Train - Loss (one batch): 0.00060
INFO | Val - Loss, MSE, RMSE, MAE: 0.00092, 0.00092, 0.03031, 0.01832
INFO | Test - Best epoch 213, Loss, MSE, RMSE, MAE: 0.06055, 0.06055, 0.24376, 0.14682
INFO | Time spent: 2.42s
INFO | - Epoch 230, ExpID 43834
INFO | Train - Loss (one batch): 0.00067
INFO | Val - Loss, MSE, RMSE, MAE: 0.00099, 0.00099, 0.03147, 0.02000
INFO | Test - Best epoch 213, Loss, MSE, RMSE, MAE: 0.06055, 0.06055, 0.24376, 0.14682
INFO | Time spent: 2.39s
INFO | - Epoch 231, ExpID 43834
INFO | Train - Loss (one batch): 0.00081
INFO | Val - Loss, MSE, RMSE, MAE: 0.00092, 0.00092, 0.03038, 0.01869
INFO | Test - Best epoch 213, Loss, MSE, RMSE, MAE: 0.06055, 0.06055, 0.24376, 0.14682
INFO | Time spent: 2.40s
INFO | - Epoch 232, ExpID 43834
INFO | Train - Loss (one batch): 0.00063
INFO | Val - Loss, MSE, RMSE, MAE: 0.00092, 0.00092, 0.03035, 0.01830
INFO | Test - Best epoch 213, Loss, MSE, RMSE, MAE: 0.06055, 0.06055, 0.24376, 0.14682
INFO | Time spent: 2.49s
INFO | - Epoch 233, ExpID 43834
INFO | Train - Loss (one batch): 0.00061
INFO | Val - Loss, MSE, RMSE, MAE: 0.00089, 0.00089, 0.02987, 0.01770
INFO | Test - Best epoch 213, Loss, MSE, RMSE, MAE: 0.06055, 0.06055, 0.24376, 0.14682
INFO | Time spent: 2.39s
INFO | - Epoch 234, ExpID 43834
INFO | Train - Loss (one batch): 0.00072
INFO | Val - Loss, MSE, RMSE, MAE: 0.00092, 0.00092, 0.03041, 0.01836
INFO | Test - Best epoch 213, Loss, MSE, RMSE, MAE: 0.06055, 0.06055, 0.24376, 0.14682
INFO | Time spent: 2.42s
INFO | - Epoch 235, ExpID 43834
INFO | Train - Loss (one batch): 0.00080
INFO | Val - Loss, MSE, RMSE, MAE: 0.00110, 0.00110, 0.03315, 0.02173
INFO | Test - Best epoch 213, Loss, MSE, RMSE, MAE: 0.06055, 0.06055, 0.24376, 0.14682
INFO | Time spent: 2.40s
INFO | - Epoch 236, ExpID 43834
INFO | Train - Loss (one batch): 0.00065
INFO | Val - Loss, MSE, RMSE, MAE: 0.00092, 0.00092, 0.03034, 0.01843
INFO | Test - Best epoch 213, Loss, MSE, RMSE, MAE: 0.06055, 0.06055, 0.24376, 0.14682
INFO | Time spent: 2.38s
INFO | - Epoch 237, ExpID 43834
INFO | Train - Loss (one batch): 0.00068
INFO | Val - Loss, MSE, RMSE, MAE: 0.00094, 0.00094, 0.03059, 0.01842
INFO | Test - Best epoch 213, Loss, MSE, RMSE, MAE: 0.06055, 0.06055, 0.24376, 0.14682
INFO | Time spent: 2.42s
INFO | - Epoch 238, ExpID 43834
INFO | Train - Loss (one batch): 0.00079
INFO | Val - Loss, MSE, RMSE, MAE: 0.00091, 0.00091, 0.03010, 0.01789
INFO | Test - Best epoch 213, Loss, MSE, RMSE, MAE: 0.06055, 0.06055, 0.24376, 0.14682
INFO | Time spent: 2.38s
INFO | - Epoch 239, ExpID 43834
INFO | Train - Loss (one batch): 0.00076
INFO | Val - Loss, MSE, RMSE, MAE: 0.00094, 0.00094, 0.03073, 0.01896
INFO | Test - Best epoch 213, Loss, MSE, RMSE, MAE: 0.06055, 0.06055, 0.24376, 0.14682
INFO | Time spent: 2.36s
INFO | - Epoch 240, ExpID 43834
INFO | Train - Loss (one batch): 0.00082
INFO | Val - Loss, MSE, RMSE, MAE: 0.00098, 0.00098, 0.03126, 0.01951
INFO | Test - Best epoch 213, Loss, MSE, RMSE, MAE: 0.06055, 0.06055, 0.24376, 0.14682
INFO | Time spent: 2.49s
INFO | - Epoch 241, ExpID 43834
INFO | Train - Loss (one batch): 0.00046
INFO | Val - Loss, MSE, RMSE, MAE: 0.00089, 0.00089, 0.02985, 0.01762
INFO | Test - Best epoch 213, Loss, MSE, RMSE, MAE: 0.06055, 0.06055, 0.24376, 0.14682
INFO | Time spent: 2.38s
INFO | - Epoch 242, ExpID 43834
INFO | Train - Loss (one batch): 0.00070
INFO | Val - Loss, MSE, RMSE, MAE: 0.00090, 0.00090, 0.03004, 0.01807
INFO | Test - Best epoch 213, Loss, MSE, RMSE, MAE: 0.06055, 0.06055, 0.24376, 0.14682
INFO | Time spent: 2.40s
INFO | - Epoch 243, ExpID 43834
INFO | Train - Loss (one batch): 0.00094
INFO | Val - Loss, MSE, RMSE, MAE: 0.00093, 0.00093, 0.03046, 0.01879
INFO | Test - Best epoch 213, Loss, MSE, RMSE, MAE: 0.06055, 0.06055, 0.24376, 0.14682
INFO | Time spent: 2.44s
INFO | - Epoch 244, ExpID 43834
INFO | Train - Loss (one batch): 0.00076
INFO | Val - Loss, MSE, RMSE, MAE: 0.00098, 0.00098, 0.03134, 0.01978
INFO | Test - Best epoch 213, Loss, MSE, RMSE, MAE: 0.06055, 0.06055, 0.24376, 0.14682
INFO | Time spent: 2.37s
INFO | - Epoch 245, ExpID 43834
INFO | Train - Loss (one batch): 0.00058
INFO | Val - Loss, MSE, RMSE, MAE: 0.00090, 0.00090, 0.02997, 0.01770
INFO | Test - Best epoch 213, Loss, MSE, RMSE, MAE: 0.06055, 0.06055, 0.24376, 0.14682
INFO | Time spent: 2.40s
INFO | - Epoch 246, ExpID 43834
INFO | Train - Loss (one batch): 0.00056
INFO | Val - Loss, MSE, RMSE, MAE: 0.00093, 0.00093, 0.03043, 0.01839
INFO | Test - Best epoch 213, Loss, MSE, RMSE, MAE: 0.06055, 0.06055, 0.24376, 0.14682
INFO | Time spent: 2.38s
INFO | - Epoch 247, ExpID 43834
INFO | Train - Loss (one batch): 0.00081
INFO | Val - Loss, MSE, RMSE, MAE: 0.00093, 0.00093, 0.03048, 0.01843
INFO | Test - Best epoch 213, Loss, MSE, RMSE, MAE: 0.06055, 0.06055, 0.24376, 0.14682
INFO | Time spent: 2.39s
INFO | - Epoch 248, ExpID 43834
INFO | Train - Loss (one batch): 0.00065
INFO | Val - Loss, MSE, RMSE, MAE: 0.00093, 0.00093, 0.03044, 0.01836
INFO | Test - Best epoch 213, Loss, MSE, RMSE, MAE: 0.06055, 0.06055, 0.24376, 0.14682
INFO | Time spent: 2.40s
INFO | - Epoch 249, ExpID 43834
INFO | Train - Loss (one batch): 0.00063
INFO | Val - Loss, MSE, RMSE, MAE: 0.00091, 0.00091, 0.03022, 0.01808
INFO | Test - Best epoch 213, Loss, MSE, RMSE, MAE: 0.06055, 0.06055, 0.24376, 0.14682
INFO | Time spent: 2.46s
INFO | - Epoch 250, ExpID 43834
INFO | Train - Loss (one batch): 0.00060
INFO | Val - Loss, MSE, RMSE, MAE: 0.00090, 0.00090, 0.02998, 0.01776
INFO | Test - Best epoch 213, Loss, MSE, RMSE, MAE: 0.06055, 0.06055, 0.24376, 0.14682
INFO | Time spent: 2.41s
INFO | - Epoch 251, ExpID 43834
INFO | Train - Loss (one batch): 0.00082
INFO | Val - Loss, MSE, RMSE, MAE: 0.00091, 0.00091, 0.03009, 0.01782
INFO | Test - Best epoch 213, Loss, MSE, RMSE, MAE: 0.06055, 0.06055, 0.24376, 0.14682
INFO | Time spent: 2.41s
INFO | - Epoch 252, ExpID 43834
INFO | Train - Loss (one batch): 0.00058
INFO | Val - Loss, MSE, RMSE, MAE: 0.00092, 0.00092, 0.03032, 0.01791
INFO | Test - Best epoch 213, Loss, MSE, RMSE, MAE: 0.06055, 0.06055, 0.24376, 0.14682
INFO | Time spent: 2.38s
INFO | - Epoch 253, ExpID 43834
INFO | Train - Loss (one batch): 0.00052
INFO | Val - Loss, MSE, RMSE, MAE: 0.00095, 0.00095, 0.03077, 0.01895
INFO | Test - Best epoch 213, Loss, MSE, RMSE, MAE: 0.06055, 0.06055, 0.24376, 0.14682
INFO | Time spent: 2.46s
INFO | - Epoch 254, ExpID 43834
INFO | Train - Loss (one batch): 0.00081
INFO | Val - Loss, MSE, RMSE, MAE: 0.00095, 0.00095, 0.03083, 0.01894
INFO | Test - Best epoch 213, Loss, MSE, RMSE, MAE: 0.06055, 0.06055, 0.24376, 0.14682
INFO | Time spent: 2.47s
INFO | - Epoch 255, ExpID 43834
INFO | Train - Loss (one batch): 0.00063
INFO | Val - Loss, MSE, RMSE, MAE: 0.00089, 0.00089, 0.02984, 0.01758
INFO | Test - Best epoch 213, Loss, MSE, RMSE, MAE: 0.06055, 0.06055, 0.24376, 0.14682
INFO | Time spent: 2.32s
INFO | - Epoch 256, ExpID 43834
INFO | Train - Loss (one batch): 0.00107
INFO | Val - Loss, MSE, RMSE, MAE: 0.00094, 0.00094, 0.03061, 0.01910
INFO | Test - Best epoch 213, Loss, MSE, RMSE, MAE: 0.06055, 0.06055, 0.24376, 0.14682
INFO | Time spent: 2.42s
INFO | - Epoch 257, ExpID 43834
INFO | Train - Loss (one batch): 0.00064
INFO | Val - Loss, MSE, RMSE, MAE: 0.00092, 0.00092, 0.03038, 0.01827
INFO | Test - Best epoch 213, Loss, MSE, RMSE, MAE: 0.06055, 0.06055, 0.24376, 0.14682
INFO | Time spent: 2.41s
INFO | - Epoch 258, ExpID 43834
INFO | Train - Loss (one batch): 0.00081
INFO | Val - Loss, MSE, RMSE, MAE: 0.00092, 0.00092, 0.03026, 0.01798
INFO | Test - Best epoch 213, Loss, MSE, RMSE, MAE: 0.06055, 0.06055, 0.24376, 0.14682
INFO | Time spent: 2.43s
INFO | - Epoch 259, ExpID 43834
INFO | Train - Loss (one batch): 0.00055
INFO | Val - Loss, MSE, RMSE, MAE: 0.00091, 0.00091, 0.03017, 0.01809
INFO | Test - Best epoch 213, Loss, MSE, RMSE, MAE: 0.06055, 0.06055, 0.24376, 0.14682
INFO | Time spent: 2.40s
INFO | - Epoch 260, ExpID 43834
INFO | Train - Loss (one batch): 0.00078
INFO | Val - Loss, MSE, RMSE, MAE: 0.00092, 0.00092, 0.03030, 0.01814
INFO | Test - Best epoch 213, Loss, MSE, RMSE, MAE: 0.06055, 0.06055, 0.24376, 0.14682
INFO | Time spent: 2.60s
INFO | - Epoch 261, ExpID 43834
INFO | Train - Loss (one batch): 0.00062
INFO | Val - Loss, MSE, RMSE, MAE: 0.00094, 0.00094, 0.03061, 0.01837
INFO | Test - Best epoch 213, Loss, MSE, RMSE, MAE: 0.06055, 0.06055, 0.24376, 0.14682
INFO | Time spent: 2.50s
INFO | - Epoch 262, ExpID 43834
INFO | Train - Loss (one batch): 0.00058
INFO | Val - Loss, MSE, RMSE, MAE: 0.00090, 0.00090, 0.02999, 0.01769
INFO | Test - Best epoch 213, Loss, MSE, RMSE, MAE: 0.06055, 0.06055, 0.24376, 0.14682
INFO | Time spent: 2.50s
INFO | - Epoch 263, ExpID 43834
INFO | Train - Loss (one batch): 0.00061
INFO | Val - Loss, MSE, RMSE, MAE: 0.00093, 0.00093, 0.03053, 0.01871
INFO | Test - Best epoch 213, Loss, MSE, RMSE, MAE: 0.06055, 0.06055, 0.24376, 0.14682
INFO | Time spent: 2.63s
INFO | - Epoch 264, ExpID 43834
INFO | Train - Loss (one batch): 0.00057
INFO | Val - Loss, MSE, RMSE, MAE: 0.00093, 0.00093, 0.03056, 0.01852
INFO | Test - Best epoch 213, Loss, MSE, RMSE, MAE: 0.06055, 0.06055, 0.24376, 0.14682
INFO | Time spent: 2.57s
INFO | - Epoch 265, ExpID 43834
INFO | Train - Loss (one batch): 0.00067
INFO | Val - Loss, MSE, RMSE, MAE: 0.00095, 0.00095, 0.03077, 0.01885
INFO | Test - Best epoch 213, Loss, MSE, RMSE, MAE: 0.06055, 0.06055, 0.24376, 0.14682
INFO | Time spent: 2.49s
INFO | - Epoch 266, ExpID 43834
INFO | Train - Loss (one batch): 0.00077
INFO | Val - Loss, MSE, RMSE, MAE: 0.00099, 0.00099, 0.03142, 0.01992
INFO | Test - Best epoch 213, Loss, MSE, RMSE, MAE: 0.06055, 0.06055, 0.24376, 0.14682
INFO | Time spent: 2.50s
INFO | - Epoch 267, ExpID 43834
INFO | Train - Loss (one batch): 0.00064
INFO | Val - Loss, MSE, RMSE, MAE: 0.00091, 0.00091, 0.03016, 0.01799
INFO | Test - Best epoch 213, Loss, MSE, RMSE, MAE: 0.06055, 0.06055, 0.24376, 0.14682
INFO | Time spent: 2.50s
INFO | - Epoch 268, ExpID 43834
INFO | Train - Loss (one batch): 0.00083
INFO | Val - Loss, MSE, RMSE, MAE: 0.00091, 0.00091, 0.03018, 0.01782
INFO | Test - Best epoch 213, Loss, MSE, RMSE, MAE: 0.06055, 0.06055, 0.24376, 0.14682
INFO | Time spent: 2.50s
INFO | - Epoch 269, ExpID 43834
INFO | Train - Loss (one batch): 0.00075
INFO | Val - Loss, MSE, RMSE, MAE: 0.00090, 0.00090, 0.02998, 0.01776
INFO | Test - Best epoch 213, Loss, MSE, RMSE, MAE: 0.06055, 0.06055, 0.24376, 0.14682
INFO | Time spent: 2.49s
INFO | - Epoch 270, ExpID 43834
INFO | Train - Loss (one batch): 0.00085
INFO | Val - Loss, MSE, RMSE, MAE: 0.00092, 0.00092, 0.03035, 0.01857
INFO | Test - Best epoch 213, Loss, MSE, RMSE, MAE: 0.06055, 0.06055, 0.24376, 0.14682
INFO | Time spent: 2.48s
INFO | - Epoch 271, ExpID 43834
INFO | Train - Loss (one batch): 0.00072
INFO | Val - Loss, MSE, RMSE, MAE: 0.00095, 0.00095, 0.03079, 0.01891
INFO | Test - Best epoch 213, Loss, MSE, RMSE, MAE: 0.06055, 0.06055, 0.24376, 0.14682
INFO | Time spent: 2.47s
INFO | - Epoch 272, ExpID 43834
INFO | Train - Loss (one batch): 0.00068
INFO | Val - Loss, MSE, RMSE, MAE: 0.00090, 0.00090, 0.03007, 0.01780
INFO | Test - Best epoch 213, Loss, MSE, RMSE, MAE: 0.06055, 0.06055, 0.24376, 0.14682
INFO | Time spent: 2.51s
INFO | - Epoch 273, ExpID 43834
INFO | Train - Loss (one batch): 0.00083
INFO | Val - Loss, MSE, RMSE, MAE: 0.00092, 0.00092, 0.03029, 0.01827
INFO | Test - Best epoch 213, Loss, MSE, RMSE, MAE: 0.06055, 0.06055, 0.24376, 0.14682
INFO | Time spent: 2.47s
INFO | - Epoch 274, ExpID 43834
INFO | Train - Loss (one batch): 0.00055
INFO | Val - Loss, MSE, RMSE, MAE: 0.00091, 0.00091, 0.03019, 0.01775
INFO | Test - Best epoch 213, Loss, MSE, RMSE, MAE: 0.06055, 0.06055, 0.24376, 0.14682
INFO | Time spent: 2.50s
INFO | - Epoch 275, ExpID 43834
INFO | Train - Loss (one batch): 0.00062
INFO | Val - Loss, MSE, RMSE, MAE: 0.00091, 0.00091, 0.03009, 0.01790
INFO | Test - Best epoch 213, Loss, MSE, RMSE, MAE: 0.06055, 0.06055, 0.24376, 0.14682
INFO | Time spent: 2.46s
INFO | - Epoch 276, ExpID 43834
INFO | Train - Loss (one batch): 0.00068
INFO | Val - Loss, MSE, RMSE, MAE: 0.00093, 0.00093, 0.03050, 0.01847
INFO | Test - Best epoch 213, Loss, MSE, RMSE, MAE: 0.06055, 0.06055, 0.24376, 0.14682
INFO | Time spent: 2.61s
INFO | - Epoch 277, ExpID 43834
INFO | Train - Loss (one batch): 0.00068
INFO | Val - Loss, MSE, RMSE, MAE: 0.00095, 0.00095, 0.03075, 0.01891
INFO | Test - Best epoch 213, Loss, MSE, RMSE, MAE: 0.06055, 0.06055, 0.24376, 0.14682
INFO | Time spent: 2.47s
INFO | - Epoch 278, ExpID 43834
INFO | Train - Loss (one batch): 0.00075
INFO | Val - Loss, MSE, RMSE, MAE: 0.00090, 0.00090, 0.02994, 0.01793
INFO | Test - Best epoch 213, Loss, MSE, RMSE, MAE: 0.06055, 0.06055, 0.24376, 0.14682
INFO | Time spent: 2.49s
INFO | - Epoch 279, ExpID 43834
INFO | Train - Loss (one batch): 0.00068
INFO | Val - Loss, MSE, RMSE, MAE: 0.00093, 0.00093, 0.03050, 0.01851
INFO | Test - Best epoch 213, Loss, MSE, RMSE, MAE: 0.06055, 0.06055, 0.24376, 0.14682
INFO | Time spent: 2.49s
INFO | - Epoch 280, ExpID 43834
INFO | Train - Loss (one batch): 0.00082
INFO | Val - Loss, MSE, RMSE, MAE: 0.00094, 0.00094, 0.03063, 0.01830
INFO | Test - Best epoch 213, Loss, MSE, RMSE, MAE: 0.06055, 0.06055, 0.24376, 0.14682
INFO | Time spent: 2.48s
INFO | - Epoch 281, ExpID 43834
INFO | Train - Loss (one batch): 0.00082
INFO | Val - Loss, MSE, RMSE, MAE: 0.00091, 0.00091, 0.03014, 0.01811
INFO | Test - Best epoch 213, Loss, MSE, RMSE, MAE: 0.06055, 0.06055, 0.24376, 0.14682
INFO | Time spent: 2.53s
INFO | - Epoch 282, ExpID 43834
INFO | Train - Loss (one batch): 0.00054
INFO | Val - Loss, MSE, RMSE, MAE: 0.00090, 0.00090, 0.03004, 0.01782
INFO | Test - Best epoch 213, Loss, MSE, RMSE, MAE: 0.06055, 0.06055, 0.24376, 0.14682
INFO | Time spent: 2.50s
INFO | - Epoch 283, ExpID 43834
INFO | Train - Loss (one batch): 0.00097
INFO | Val - Loss, MSE, RMSE, MAE: 0.00091, 0.00091, 0.03017, 0.01811
INFO | Test - Best epoch 213, Loss, MSE, RMSE, MAE: 0.06055, 0.06055, 0.24376, 0.14682
INFO | Time spent: 2.53s
INFO | - Epoch 284, ExpID 43834
INFO | Train - Loss (one batch): 0.00085
INFO | Val - Loss, MSE, RMSE, MAE: 0.00090, 0.00090, 0.02999, 0.01767
INFO | Test - Best epoch 213, Loss, MSE, RMSE, MAE: 0.06055, 0.06055, 0.24376, 0.14682
INFO | Time spent: 2.48s
INFO | - Epoch 285, ExpID 43834
INFO | Train - Loss (one batch): 0.00078
INFO | Val - Loss, MSE, RMSE, MAE: 0.00096, 0.00096, 0.03091, 0.01939
INFO | Test - Best epoch 213, Loss, MSE, RMSE, MAE: 0.06055, 0.06055, 0.24376, 0.14682
INFO | Time spent: 2.70s
INFO | - Epoch 286, ExpID 43834
INFO | Train - Loss (one batch): 0.00067
INFO | Val - Loss, MSE, RMSE, MAE: 0.00091, 0.00091, 0.03025, 0.01811
INFO | Test - Best epoch 213, Loss, MSE, RMSE, MAE: 0.06055, 0.06055, 0.24376, 0.14682
INFO | Time spent: 2.53s
INFO | - Epoch 287, ExpID 43834
INFO | Train - Loss (one batch): 0.00048
INFO | Val - Loss, MSE, RMSE, MAE: 0.00091, 0.00091, 0.03013, 0.01789
INFO | Test - Best epoch 213, Loss, MSE, RMSE, MAE: 0.06055, 0.06055, 0.24376, 0.14682
INFO | Time spent: 2.47s
INFO | - Epoch 288, ExpID 43834
INFO | Train - Loss (one batch): 0.00067
INFO | Val - Loss, MSE, RMSE, MAE: 0.00092, 0.00092, 0.03027, 0.01800
INFO | Test - Best epoch 213, Loss, MSE, RMSE, MAE: 0.06055, 0.06055, 0.24376, 0.14682
INFO | Time spent: 2.48s
INFO | - Epoch 289, ExpID 43834
INFO | Train - Loss (one batch): 0.00077
INFO | Val - Loss, MSE, RMSE, MAE: 0.00092, 0.00092, 0.03039, 0.01822
INFO | Test - Best epoch 213, Loss, MSE, RMSE, MAE: 0.06055, 0.06055, 0.24376, 0.14682
INFO | Time spent: 2.47s
INFO | - Epoch 290, ExpID 43834
INFO | Train - Loss (one batch): 0.00072
INFO | Val - Loss, MSE, RMSE, MAE: 0.00093, 0.00093, 0.03057, 0.01851
INFO | Test - Best epoch 213, Loss, MSE, RMSE, MAE: 0.06055, 0.06055, 0.24376, 0.14682
INFO | Time spent: 2.51s
INFO | - Epoch 291, ExpID 43834
INFO | Train - Loss (one batch): 0.00076
INFO | Val - Loss, MSE, RMSE, MAE: 0.00090, 0.00090, 0.02992, 0.01773
INFO | Test - Best epoch 213, Loss, MSE, RMSE, MAE: 0.06055, 0.06055, 0.24376, 0.14682
INFO | Time spent: 2.68s
INFO | - Epoch 292, ExpID 43834
INFO | Train - Loss (one batch): 0.00063
INFO | Val - Loss, MSE, RMSE, MAE: 0.00090, 0.00090, 0.03007, 0.01802
INFO | Test - Best epoch 213, Loss, MSE, RMSE, MAE: 0.06055, 0.06055, 0.24376, 0.14682
INFO | Time spent: 2.48s
INFO | - Epoch 293, ExpID 43834
INFO | Train - Loss (one batch): 0.00064
INFO | Val - Loss, MSE, RMSE, MAE: 0.00091, 0.00091, 0.03012, 0.01786
INFO | Test - Best epoch 213, Loss, MSE, RMSE, MAE: 0.06055, 0.06055, 0.24376, 0.14682
INFO | Time spent: 2.65s
INFO | - Epoch 294, ExpID 43834
INFO | Train - Loss (one batch): 0.00061
INFO | Val - Loss, MSE, RMSE, MAE: 0.00091, 0.00091, 0.03013, 0.01798
INFO | Test - Best epoch 213, Loss, MSE, RMSE, MAE: 0.06055, 0.06055, 0.24376, 0.14682
INFO | Time spent: 2.72s
INFO | - Epoch 295, ExpID 43834
INFO | Train - Loss (one batch): 0.00090
INFO | Val - Loss, MSE, RMSE, MAE: 0.00099, 0.00099, 0.03152, 0.02016
INFO | Test - Best epoch 213, Loss, MSE, RMSE, MAE: 0.06055, 0.06055, 0.24376, 0.14682
INFO | Time spent: 2.49s
INFO | - Epoch 296, ExpID 43834
INFO | Train - Loss (one batch): 0.00054
INFO | Val - Loss, MSE, RMSE, MAE: 0.00091, 0.00091, 0.03015, 0.01774
INFO | Test - Best epoch 213, Loss, MSE, RMSE, MAE: 0.06055, 0.06055, 0.24376, 0.14682
INFO | Time spent: 2.57s
INFO | - Epoch 297, ExpID 43834
INFO | Train - Loss (one batch): 0.00060
INFO | Val - Loss, MSE, RMSE, MAE: 0.00092, 0.00092, 0.03038, 0.01810
INFO | Test - Best epoch 213, Loss, MSE, RMSE, MAE: 0.06055, 0.06055, 0.24376, 0.14682
INFO | Time spent: 2.49s
INFO | - Epoch 298, ExpID 43834
INFO | Train - Loss (one batch): 0.00097
INFO | Val - Loss, MSE, RMSE, MAE: 0.00093, 0.00093, 0.03042, 0.01827
INFO | Test - Best epoch 213, Loss, MSE, RMSE, MAE: 0.06055, 0.06055, 0.24376, 0.14682
INFO | Time spent: 2.49s
INFO | - Epoch 299, ExpID 43834
INFO | Train - Loss (one batch): 0.00082
INFO | Val - Loss, MSE, RMSE, MAE: 0.00090, 0.00090, 0.03007, 0.01783
INFO | Test - Best epoch 213, Loss, MSE, RMSE, MAE: 0.06055, 0.06055, 0.24376, 0.14682
INFO | Time spent: 2.54s
INFO | - Epoch 000, ExpID 63826
INFO | Train - Loss (one batch): 0.00185
INFO | Val - Loss, MSE, RMSE, MAE: 0.00342, 0.00342, 0.05850, 0.04695
INFO | Test - Best epoch 0, Loss, MSE, RMSE, MAE: 0.23243, 0.23243, 0.48104, 0.39209
INFO | Time spent: 4.32s
INFO | - Epoch 001, ExpID 63826
INFO | Train - Loss (one batch): 0.00165
INFO | Val - Loss, MSE, RMSE, MAE: 0.00178, 0.00178, 0.04218, 0.02862
INFO | Test - Best epoch 1, Loss, MSE, RMSE, MAE: 0.11718, 0.11718, 0.34028, 0.23294
INFO | Time spent: 3.36s
INFO | - Epoch 002, ExpID 63826
INFO | Train - Loss (one batch): 0.00120
INFO | Val - Loss, MSE, RMSE, MAE: 0.00151, 0.00151, 0.03888, 0.02649
INFO | Test - Best epoch 2, Loss, MSE, RMSE, MAE: 0.10022, 0.10022, 0.31491, 0.21546
INFO | Time spent: 3.48s
INFO | - Epoch 003, ExpID 63826
INFO | Train - Loss (one batch): 0.00132
INFO | Val - Loss, MSE, RMSE, MAE: 0.00152, 0.00152, 0.03897, 0.02680
INFO | Test - Best epoch 2, Loss, MSE, RMSE, MAE: 0.10022, 0.10022, 0.31491, 0.21546
INFO | Time spent: 2.49s
INFO | - Epoch 004, ExpID 63826
INFO | Train - Loss (one batch): 0.00187
INFO | Val - Loss, MSE, RMSE, MAE: 0.00124, 0.00124, 0.03524, 0.02244
INFO | Test - Best epoch 4, Loss, MSE, RMSE, MAE: 0.08279, 0.08279, 0.28588, 0.18388
INFO | Time spent: 3.34s
INFO | - Epoch 005, ExpID 63826
INFO | Train - Loss (one batch): 0.00207
INFO | Val - Loss, MSE, RMSE, MAE: 0.00159, 0.00159, 0.03987, 0.02869
INFO | Test - Best epoch 4, Loss, MSE, RMSE, MAE: 0.08279, 0.08279, 0.28588, 0.18388
INFO | Time spent: 2.54s
INFO | - Epoch 006, ExpID 63826
INFO | Train - Loss (one batch): 0.00109
INFO | Val - Loss, MSE, RMSE, MAE: 0.00125, 0.00125, 0.03538, 0.02288
INFO | Test - Best epoch 4, Loss, MSE, RMSE, MAE: 0.08279, 0.08279, 0.28588, 0.18388
INFO | Time spent: 2.70s
INFO | - Epoch 007, ExpID 63826
INFO | Train - Loss (one batch): 0.00100
INFO | Val - Loss, MSE, RMSE, MAE: 0.00150, 0.00150, 0.03867, 0.02686
INFO | Test - Best epoch 4, Loss, MSE, RMSE, MAE: 0.08279, 0.08279, 0.28588, 0.18388
INFO | Time spent: 2.52s
INFO | - Epoch 008, ExpID 63826
INFO | Train - Loss (one batch): 0.00110
INFO | Val - Loss, MSE, RMSE, MAE: 0.00138, 0.00138, 0.03710, 0.02545
INFO | Test - Best epoch 4, Loss, MSE, RMSE, MAE: 0.08279, 0.08279, 0.28588, 0.18388
INFO | Time spent: 2.49s
INFO | - Epoch 009, ExpID 63826
INFO | Train - Loss (one batch): 0.00129
INFO | Val - Loss, MSE, RMSE, MAE: 0.00136, 0.00136, 0.03692, 0.02521
INFO | Test - Best epoch 4, Loss, MSE, RMSE, MAE: 0.08279, 0.08279, 0.28588, 0.18388
INFO | Time spent: 2.48s
INFO | - Epoch 010, ExpID 63826
INFO | Train - Loss (one batch): 0.00108
INFO | Val - Loss, MSE, RMSE, MAE: 0.00135, 0.00135, 0.03672, 0.02477
INFO | Test - Best epoch 4, Loss, MSE, RMSE, MAE: 0.08279, 0.08279, 0.28588, 0.18388
INFO | Time spent: 2.52s
INFO | - Epoch 011, ExpID 63826
INFO | Train - Loss (one batch): 0.00111
INFO | Val - Loss, MSE, RMSE, MAE: 0.00122, 0.00122, 0.03496, 0.02262
INFO | Test - Best epoch 11, Loss, MSE, RMSE, MAE: 0.08189, 0.08189, 0.28448, 0.18816
INFO | Time spent: 3.48s
INFO | - Epoch 012, ExpID 63826
INFO | Train - Loss (one batch): 0.00119
INFO | Val - Loss, MSE, RMSE, MAE: 0.00171, 0.00171, 0.04140, 0.03076
INFO | Test - Best epoch 11, Loss, MSE, RMSE, MAE: 0.08189, 0.08189, 0.28448, 0.18816
INFO | Time spent: 2.49s
INFO | - Epoch 013, ExpID 63826
INFO | Train - Loss (one batch): 0.00078
INFO | Val - Loss, MSE, RMSE, MAE: 0.00121, 0.00121, 0.03486, 0.02258
INFO | Test - Best epoch 13, Loss, MSE, RMSE, MAE: 0.08072, 0.08072, 0.28224, 0.18661
INFO | Time spent: 3.64s
INFO | - Epoch 014, ExpID 63826
INFO | Train - Loss (one batch): 0.00103
INFO | Val - Loss, MSE, RMSE, MAE: 0.00129, 0.00129, 0.03589, 0.02394
INFO | Test - Best epoch 13, Loss, MSE, RMSE, MAE: 0.08072, 0.08072, 0.28224, 0.18661
INFO | Time spent: 2.67s
INFO | - Epoch 015, ExpID 63826
INFO | Train - Loss (one batch): 0.00096
INFO | Val - Loss, MSE, RMSE, MAE: 0.00115, 0.00115, 0.03389, 0.02117
INFO | Test - Best epoch 15, Loss, MSE, RMSE, MAE: 0.07631, 0.07631, 0.27429, 0.17505
INFO | Time spent: 3.32s
INFO | - Epoch 016, ExpID 63826
INFO | Train - Loss (one batch): 0.00109
INFO | Val - Loss, MSE, RMSE, MAE: 0.00110, 0.00110, 0.03318, 0.02031
INFO | Test - Best epoch 16, Loss, MSE, RMSE, MAE: 0.07262, 0.07262, 0.26737, 0.16654
INFO | Time spent: 3.33s
INFO | - Epoch 017, ExpID 63826
INFO | Train - Loss (one batch): 0.00105
INFO | Val - Loss, MSE, RMSE, MAE: 0.00116, 0.00116, 0.03408, 0.02172
INFO | Test - Best epoch 16, Loss, MSE, RMSE, MAE: 0.07262, 0.07262, 0.26737, 0.16654
INFO | Time spent: 2.55s
INFO | - Epoch 018, ExpID 63826
INFO | Train - Loss (one batch): 0.00125
INFO | Val - Loss, MSE, RMSE, MAE: 0.00117, 0.00117, 0.03414, 0.02166
INFO | Test - Best epoch 16, Loss, MSE, RMSE, MAE: 0.07262, 0.07262, 0.26737, 0.16654
INFO | Time spent: 2.48s
INFO | - Epoch 019, ExpID 63826
INFO | Train - Loss (one batch): 0.00111
INFO | Val - Loss, MSE, RMSE, MAE: 0.00129, 0.00129, 0.03589, 0.02439
INFO | Test - Best epoch 16, Loss, MSE, RMSE, MAE: 0.07262, 0.07262, 0.26737, 0.16654
INFO | Time spent: 2.68s
INFO | - Epoch 020, ExpID 63826
INFO | Train - Loss (one batch): 0.00108
INFO | Val - Loss, MSE, RMSE, MAE: 0.00117, 0.00117, 0.03418, 0.02181
INFO | Test - Best epoch 16, Loss, MSE, RMSE, MAE: 0.07262, 0.07262, 0.26737, 0.16654
INFO | Time spent: 2.50s
INFO | - Epoch 021, ExpID 63826
INFO | Train - Loss (one batch): 0.00097
INFO | Val - Loss, MSE, RMSE, MAE: 0.00163, 0.00163, 0.04033, 0.02930
INFO | Test - Best epoch 16, Loss, MSE, RMSE, MAE: 0.07262, 0.07262, 0.26737, 0.16654
INFO | Time spent: 2.57s
INFO | - Epoch 022, ExpID 63826
INFO | Train - Loss (one batch): 0.00079
INFO | Val - Loss, MSE, RMSE, MAE: 0.00147, 0.00147, 0.03835, 0.02734
INFO | Test - Best epoch 16, Loss, MSE, RMSE, MAE: 0.07262, 0.07262, 0.26737, 0.16654
INFO | Time spent: 2.49s
INFO | - Epoch 023, ExpID 63826
INFO | Train - Loss (one batch): 0.00113
INFO | Val - Loss, MSE, RMSE, MAE: 0.00149, 0.00149, 0.03854, 0.02775
INFO | Test - Best epoch 16, Loss, MSE, RMSE, MAE: 0.07262, 0.07262, 0.26737, 0.16654
INFO | Time spent: 2.55s
INFO | - Epoch 024, ExpID 63826
INFO | Train - Loss (one batch): 0.00093
INFO | Val - Loss, MSE, RMSE, MAE: 0.00107, 0.00107, 0.03268, 0.01986
INFO | Test - Best epoch 24, Loss, MSE, RMSE, MAE: 0.07048, 0.07048, 0.26326, 0.16279
INFO | Time spent: 3.33s
INFO | - Epoch 025, ExpID 63826
INFO | Train - Loss (one batch): 0.00087
INFO | Val - Loss, MSE, RMSE, MAE: 0.00120, 0.00120, 0.03462, 0.02259
INFO | Test - Best epoch 24, Loss, MSE, RMSE, MAE: 0.07048, 0.07048, 0.26326, 0.16279
INFO | Time spent: 2.50s
INFO | - Epoch 026, ExpID 63826
INFO | Train - Loss (one batch): 0.00109
INFO | Val - Loss, MSE, RMSE, MAE: 0.00106, 0.00106, 0.03260, 0.01980
INFO | Test - Best epoch 26, Loss, MSE, RMSE, MAE: 0.07003, 0.07003, 0.26241, 0.16230
INFO | Time spent: 3.54s
INFO | - Epoch 027, ExpID 63826
INFO | Train - Loss (one batch): 0.00110
INFO | Val - Loss, MSE, RMSE, MAE: 0.00136, 0.00136, 0.03684, 0.02560
INFO | Test - Best epoch 26, Loss, MSE, RMSE, MAE: 0.07003, 0.07003, 0.26241, 0.16230
INFO | Time spent: 2.53s
INFO | - Epoch 028, ExpID 63826
INFO | Train - Loss (one batch): 0.00115
INFO | Val - Loss, MSE, RMSE, MAE: 0.00106, 0.00106, 0.03250, 0.01979
INFO | Test - Best epoch 28, Loss, MSE, RMSE, MAE: 0.06969, 0.06969, 0.26177, 0.16233
INFO | Time spent: 3.31s
INFO | - Epoch 029, ExpID 63826
INFO | Train - Loss (one batch): 0.00101
INFO | Val - Loss, MSE, RMSE, MAE: 0.00130, 0.00130, 0.03602, 0.02488
INFO | Test - Best epoch 28, Loss, MSE, RMSE, MAE: 0.06969, 0.06969, 0.26177, 0.16233
INFO | Time spent: 2.56s
INFO | - Epoch 030, ExpID 63826
INFO | Train - Loss (one batch): 0.00085
INFO | Val - Loss, MSE, RMSE, MAE: 0.00122, 0.00122, 0.03497, 0.02301
INFO | Test - Best epoch 28, Loss, MSE, RMSE, MAE: 0.06969, 0.06969, 0.26177, 0.16233
INFO | Time spent: 2.51s
INFO | - Epoch 031, ExpID 63826
INFO | Train - Loss (one batch): 0.00079
INFO | Val - Loss, MSE, RMSE, MAE: 0.00133, 0.00133, 0.03644, 0.02525
INFO | Test - Best epoch 28, Loss, MSE, RMSE, MAE: 0.06969, 0.06969, 0.26177, 0.16233
INFO | Time spent: 2.54s
INFO | - Epoch 032, ExpID 63826
INFO | Train - Loss (one batch): 0.00074
INFO | Val - Loss, MSE, RMSE, MAE: 0.00106, 0.00106, 0.03257, 0.01996
INFO | Test - Best epoch 28, Loss, MSE, RMSE, MAE: 0.06969, 0.06969, 0.26177, 0.16233
INFO | Time spent: 2.48s
INFO | - Epoch 033, ExpID 63826
INFO | Train - Loss (one batch): 0.00124
INFO | Val - Loss, MSE, RMSE, MAE: 0.00128, 0.00128, 0.03581, 0.02452
INFO | Test - Best epoch 28, Loss, MSE, RMSE, MAE: 0.06969, 0.06969, 0.26177, 0.16233
INFO | Time spent: 2.66s
INFO | - Epoch 034, ExpID 63826
INFO | Train - Loss (one batch): 0.00110
INFO | Val - Loss, MSE, RMSE, MAE: 0.00109, 0.00109, 0.03303, 0.02060
INFO | Test - Best epoch 28, Loss, MSE, RMSE, MAE: 0.06969, 0.06969, 0.26177, 0.16233
INFO | Time spent: 2.75s
INFO | - Epoch 035, ExpID 63826
INFO | Train - Loss (one batch): 0.00113
INFO | Val - Loss, MSE, RMSE, MAE: 0.00105, 0.00105, 0.03240, 0.01984
INFO | Test - Best epoch 35, Loss, MSE, RMSE, MAE: 0.06946, 0.06946, 0.26131, 0.16325
INFO | Time spent: 3.52s
INFO | - Epoch 036, ExpID 63826
INFO | Train - Loss (one batch): 0.00077
INFO | Val - Loss, MSE, RMSE, MAE: 0.00129, 0.00129, 0.03593, 0.02497
INFO | Test - Best epoch 35, Loss, MSE, RMSE, MAE: 0.06946, 0.06946, 0.26131, 0.16325
INFO | Time spent: 2.49s
INFO | - Epoch 037, ExpID 63826
INFO | Train - Loss (one batch): 0.00101
INFO | Val - Loss, MSE, RMSE, MAE: 0.00112, 0.00112, 0.03348, 0.02134
INFO | Test - Best epoch 35, Loss, MSE, RMSE, MAE: 0.06946, 0.06946, 0.26131, 0.16325
INFO | Time spent: 2.59s
INFO | - Epoch 038, ExpID 63826
INFO | Train - Loss (one batch): 0.00105
INFO | Val - Loss, MSE, RMSE, MAE: 0.00103, 0.00103, 0.03210, 0.01942
INFO | Test - Best epoch 38, Loss, MSE, RMSE, MAE: 0.06825, 0.06825, 0.25900, 0.15973
INFO | Time spent: 3.32s
INFO | - Epoch 039, ExpID 63826
INFO | Train - Loss (one batch): 0.00089
INFO | Val - Loss, MSE, RMSE, MAE: 0.00105, 0.00105, 0.03248, 0.02013
INFO | Test - Best epoch 38, Loss, MSE, RMSE, MAE: 0.06825, 0.06825, 0.25900, 0.15973
INFO | Time spent: 2.53s
INFO | - Epoch 040, ExpID 63826
INFO | Train - Loss (one batch): 0.00119
INFO | Val - Loss, MSE, RMSE, MAE: 0.00110, 0.00110, 0.03310, 0.02077
INFO | Test - Best epoch 38, Loss, MSE, RMSE, MAE: 0.06825, 0.06825, 0.25900, 0.15973
INFO | Time spent: 2.83s
INFO | - Epoch 041, ExpID 63826
INFO | Train - Loss (one batch): 0.00100
INFO | Val - Loss, MSE, RMSE, MAE: 0.00125, 0.00125, 0.03540, 0.02385
INFO | Test - Best epoch 38, Loss, MSE, RMSE, MAE: 0.06825, 0.06825, 0.25900, 0.15973
INFO | Time spent: 2.47s
INFO | - Epoch 042, ExpID 63826
INFO | Train - Loss (one batch): 0.00084
INFO | Val - Loss, MSE, RMSE, MAE: 0.00104, 0.00104, 0.03223, 0.01980
INFO | Test - Best epoch 38, Loss, MSE, RMSE, MAE: 0.06825, 0.06825, 0.25900, 0.15973
INFO | Time spent: 2.49s
INFO | - Epoch 043, ExpID 63826
INFO | Train - Loss (one batch): 0.00081
INFO | Val - Loss, MSE, RMSE, MAE: 0.00110, 0.00110, 0.03322, 0.02138
INFO | Test - Best epoch 38, Loss, MSE, RMSE, MAE: 0.06825, 0.06825, 0.25900, 0.15973
INFO | Time spent: 2.52s
INFO | - Epoch 044, ExpID 63826
INFO | Train - Loss (one batch): 0.00108
INFO | Val - Loss, MSE, RMSE, MAE: 0.00103, 0.00103, 0.03216, 0.01959
INFO | Test - Best epoch 38, Loss, MSE, RMSE, MAE: 0.06825, 0.06825, 0.25900, 0.15973
INFO | Time spent: 2.47s
INFO | - Epoch 045, ExpID 63826
INFO | Train - Loss (one batch): 0.00106
INFO | Val - Loss, MSE, RMSE, MAE: 0.00208, 0.00208, 0.04562, 0.03608
INFO | Test - Best epoch 38, Loss, MSE, RMSE, MAE: 0.06825, 0.06825, 0.25900, 0.15973
INFO | Time spent: 2.51s
INFO | - Epoch 046, ExpID 63826
INFO | Train - Loss (one batch): 0.00111
INFO | Val - Loss, MSE, RMSE, MAE: 0.00114, 0.00114, 0.03377, 0.02168
INFO | Test - Best epoch 38, Loss, MSE, RMSE, MAE: 0.06825, 0.06825, 0.25900, 0.15973
INFO | Time spent: 2.46s
INFO | - Epoch 047, ExpID 63826
INFO | Train - Loss (one batch): 0.00071
INFO | Val - Loss, MSE, RMSE, MAE: 0.00119, 0.00119, 0.03446, 0.02313
INFO | Test - Best epoch 38, Loss, MSE, RMSE, MAE: 0.06825, 0.06825, 0.25900, 0.15973
INFO | Time spent: 2.74s
INFO | - Epoch 048, ExpID 63826
INFO | Train - Loss (one batch): 0.00080
INFO | Val - Loss, MSE, RMSE, MAE: 0.00131, 0.00131, 0.03622, 0.02531
INFO | Test - Best epoch 38, Loss, MSE, RMSE, MAE: 0.06825, 0.06825, 0.25900, 0.15973
INFO | Time spent: 2.55s
INFO | - Epoch 049, ExpID 63826
INFO | Train - Loss (one batch): 0.00099
INFO | Val - Loss, MSE, RMSE, MAE: 0.00102, 0.00102, 0.03200, 0.01957
INFO | Test - Best epoch 49, Loss, MSE, RMSE, MAE: 0.06790, 0.06790, 0.25838, 0.16085
INFO | Time spent: 3.33s
INFO | - Epoch 050, ExpID 63826
INFO | Train - Loss (one batch): 0.00115
INFO | Val - Loss, MSE, RMSE, MAE: 0.00120, 0.00120, 0.03459, 0.02337
INFO | Test - Best epoch 49, Loss, MSE, RMSE, MAE: 0.06790, 0.06790, 0.25838, 0.16085
INFO | Time spent: 2.49s
INFO | - Epoch 051, ExpID 63826
INFO | Train - Loss (one batch): 0.00108
INFO | Val - Loss, MSE, RMSE, MAE: 0.00114, 0.00114, 0.03372, 0.02210
INFO | Test - Best epoch 49, Loss, MSE, RMSE, MAE: 0.06790, 0.06790, 0.25838, 0.16085
INFO | Time spent: 2.47s
INFO | - Epoch 052, ExpID 63826
INFO | Train - Loss (one batch): 0.00119
INFO | Val - Loss, MSE, RMSE, MAE: 0.00119, 0.00119, 0.03455, 0.02330
INFO | Test - Best epoch 49, Loss, MSE, RMSE, MAE: 0.06790, 0.06790, 0.25838, 0.16085
INFO | Time spent: 2.52s
INFO | - Epoch 053, ExpID 63826
INFO | Train - Loss (one batch): 0.00146
INFO | Val - Loss, MSE, RMSE, MAE: 0.00099, 0.00099, 0.03152, 0.01902
INFO | Test - Best epoch 53, Loss, MSE, RMSE, MAE: 0.06600, 0.06600, 0.25457, 0.15641
INFO | Time spent: 3.30s
INFO | - Epoch 054, ExpID 63826
INFO | Train - Loss (one batch): 0.00086
INFO | Val - Loss, MSE, RMSE, MAE: 0.00105, 0.00105, 0.03239, 0.02018
INFO | Test - Best epoch 53, Loss, MSE, RMSE, MAE: 0.06600, 0.06600, 0.25457, 0.15641
INFO | Time spent: 2.50s
INFO | - Epoch 055, ExpID 63826
INFO | Train - Loss (one batch): 0.00114
INFO | Val - Loss, MSE, RMSE, MAE: 0.00117, 0.00117, 0.03426, 0.02293
INFO | Test - Best epoch 53, Loss, MSE, RMSE, MAE: 0.06600, 0.06600, 0.25457, 0.15641
INFO | Time spent: 2.46s
INFO | - Epoch 056, ExpID 63826
INFO | Train - Loss (one batch): 0.00089
INFO | Val - Loss, MSE, RMSE, MAE: 0.00108, 0.00108, 0.03282, 0.02093
INFO | Test - Best epoch 53, Loss, MSE, RMSE, MAE: 0.06600, 0.06600, 0.25457, 0.15641
INFO | Time spent: 2.47s
INFO | - Epoch 057, ExpID 63826
INFO | Train - Loss (one batch): 0.00115
INFO | Val - Loss, MSE, RMSE, MAE: 0.00202, 0.00202, 0.04489, 0.03534
INFO | Test - Best epoch 53, Loss, MSE, RMSE, MAE: 0.06600, 0.06600, 0.25457, 0.15641
INFO | Time spent: 2.47s
INFO | - Epoch 058, ExpID 63826
INFO | Train - Loss (one batch): 0.00091
INFO | Val - Loss, MSE, RMSE, MAE: 0.00119, 0.00119, 0.03446, 0.02303
INFO | Test - Best epoch 53, Loss, MSE, RMSE, MAE: 0.06600, 0.06600, 0.25457, 0.15641
INFO | Time spent: 2.50s
INFO | - Epoch 059, ExpID 63826
INFO | Train - Loss (one batch): 0.00104
INFO | Val - Loss, MSE, RMSE, MAE: 0.00100, 0.00100, 0.03164, 0.01927
INFO | Test - Best epoch 53, Loss, MSE, RMSE, MAE: 0.06600, 0.06600, 0.25457, 0.15641
INFO | Time spent: 2.48s
INFO | - Epoch 060, ExpID 63826
INFO | Train - Loss (one batch): 0.00068
INFO | Val - Loss, MSE, RMSE, MAE: 0.00104, 0.00104, 0.03222, 0.01992
INFO | Test - Best epoch 53, Loss, MSE, RMSE, MAE: 0.06600, 0.06600, 0.25457, 0.15641
INFO | Time spent: 2.54s
INFO | - Epoch 061, ExpID 63826
INFO | Train - Loss (one batch): 0.00090
INFO | Val - Loss, MSE, RMSE, MAE: 0.00114, 0.00114, 0.03374, 0.02241
INFO | Test - Best epoch 53, Loss, MSE, RMSE, MAE: 0.06600, 0.06600, 0.25457, 0.15641
INFO | Time spent: 2.50s
INFO | - Epoch 062, ExpID 63826
INFO | Train - Loss (one batch): 0.00102
INFO | Val - Loss, MSE, RMSE, MAE: 0.00098, 0.00098, 0.03135, 0.01905
INFO | Test - Best epoch 62, Loss, MSE, RMSE, MAE: 0.06614, 0.06614, 0.25497, 0.15775
INFO | Time spent: 3.31s
INFO | - Epoch 063, ExpID 63826
INFO | Train - Loss (one batch): 0.00079
INFO | Val - Loss, MSE, RMSE, MAE: 0.00112, 0.00112, 0.03346, 0.02182
INFO | Test - Best epoch 62, Loss, MSE, RMSE, MAE: 0.06614, 0.06614, 0.25497, 0.15775
INFO | Time spent: 2.44s
INFO | - Epoch 064, ExpID 63826
INFO | Train - Loss (one batch): 0.00064
INFO | Val - Loss, MSE, RMSE, MAE: 0.00142, 0.00142, 0.03774, 0.02744
INFO | Test - Best epoch 62, Loss, MSE, RMSE, MAE: 0.06614, 0.06614, 0.25497, 0.15775
INFO | Time spent: 2.39s
INFO | - Epoch 065, ExpID 63826
INFO | Train - Loss (one batch): 0.00090
INFO | Val - Loss, MSE, RMSE, MAE: 0.00104, 0.00104, 0.03230, 0.02024
INFO | Test - Best epoch 62, Loss, MSE, RMSE, MAE: 0.06614, 0.06614, 0.25497, 0.15775
INFO | Time spent: 2.41s
INFO | - Epoch 066, ExpID 63826
INFO | Train - Loss (one batch): 0.00086
INFO | Val - Loss, MSE, RMSE, MAE: 0.00102, 0.00102, 0.03194, 0.01983
INFO | Test - Best epoch 62, Loss, MSE, RMSE, MAE: 0.06614, 0.06614, 0.25497, 0.15775
INFO | Time spent: 2.44s
INFO | - Epoch 067, ExpID 63826
INFO | Train - Loss (one batch): 0.00084
INFO | Val - Loss, MSE, RMSE, MAE: 0.00108, 0.00108, 0.03284, 0.02108
INFO | Test - Best epoch 62, Loss, MSE, RMSE, MAE: 0.06614, 0.06614, 0.25497, 0.15775
INFO | Time spent: 2.41s
INFO | - Epoch 068, ExpID 63826
INFO | Train - Loss (one batch): 0.00075
INFO | Val - Loss, MSE, RMSE, MAE: 0.00115, 0.00115, 0.03395, 0.02282
INFO | Test - Best epoch 62, Loss, MSE, RMSE, MAE: 0.06614, 0.06614, 0.25497, 0.15775
INFO | Time spent: 2.44s
INFO | - Epoch 069, ExpID 63826
INFO | Train - Loss (one batch): 0.00071
INFO | Val - Loss, MSE, RMSE, MAE: 0.00101, 0.00101, 0.03185, 0.01969
INFO | Test - Best epoch 62, Loss, MSE, RMSE, MAE: 0.06614, 0.06614, 0.25497, 0.15775
INFO | Time spent: 2.43s
INFO | - Epoch 070, ExpID 63826
INFO | Train - Loss (one batch): 0.00099
INFO | Val - Loss, MSE, RMSE, MAE: 0.00102, 0.00102, 0.03191, 0.01983
INFO | Test - Best epoch 62, Loss, MSE, RMSE, MAE: 0.06614, 0.06614, 0.25497, 0.15775
INFO | Time spent: 2.43s
INFO | - Epoch 071, ExpID 63826
INFO | Train - Loss (one batch): 0.00064
INFO | Val - Loss, MSE, RMSE, MAE: 0.00115, 0.00115, 0.03390, 0.02263
INFO | Test - Best epoch 62, Loss, MSE, RMSE, MAE: 0.06614, 0.06614, 0.25497, 0.15775
INFO | Time spent: 2.44s
INFO | - Epoch 072, ExpID 63826
INFO | Train - Loss (one batch): 0.00068
INFO | Val - Loss, MSE, RMSE, MAE: 0.00107, 0.00107, 0.03271, 0.02106
INFO | Test - Best epoch 62, Loss, MSE, RMSE, MAE: 0.06614, 0.06614, 0.25497, 0.15775
INFO | Time spent: 2.42s
INFO | - Epoch 073, ExpID 63826
INFO | Train - Loss (one batch): 0.00087
INFO | Val - Loss, MSE, RMSE, MAE: 0.00098, 0.00098, 0.03125, 0.01888
INFO | Test - Best epoch 73, Loss, MSE, RMSE, MAE: 0.06527, 0.06527, 0.25315, 0.15555
INFO | Time spent: 3.25s
INFO | - Epoch 074, ExpID 63826
INFO | Train - Loss (one batch): 0.00076
INFO | Val - Loss, MSE, RMSE, MAE: 0.00103, 0.00103, 0.03213, 0.02019
INFO | Test - Best epoch 73, Loss, MSE, RMSE, MAE: 0.06527, 0.06527, 0.25315, 0.15555
INFO | Time spent: 2.41s
INFO | - Epoch 075, ExpID 63826
INFO | Train - Loss (one batch): 0.00126
INFO | Val - Loss, MSE, RMSE, MAE: 0.00123, 0.00123, 0.03511, 0.02408
INFO | Test - Best epoch 73, Loss, MSE, RMSE, MAE: 0.06527, 0.06527, 0.25315, 0.15555
INFO | Time spent: 2.50s
INFO | - Epoch 076, ExpID 63826
INFO | Train - Loss (one batch): 0.00069
INFO | Val - Loss, MSE, RMSE, MAE: 0.00101, 0.00101, 0.03175, 0.01965
INFO | Test - Best epoch 73, Loss, MSE, RMSE, MAE: 0.06527, 0.06527, 0.25315, 0.15555
INFO | Time spent: 2.42s
INFO | - Epoch 077, ExpID 63826
INFO | Train - Loss (one batch): 0.00081
INFO | Val - Loss, MSE, RMSE, MAE: 0.00099, 0.00099, 0.03142, 0.01936
INFO | Test - Best epoch 73, Loss, MSE, RMSE, MAE: 0.06527, 0.06527, 0.25315, 0.15555
INFO | Time spent: 2.40s
INFO | - Epoch 078, ExpID 63826
INFO | Train - Loss (one batch): 0.00085
INFO | Val - Loss, MSE, RMSE, MAE: 0.00097, 0.00097, 0.03119, 0.01893
INFO | Test - Best epoch 78, Loss, MSE, RMSE, MAE: 0.06510, 0.06510, 0.25282, 0.15601
INFO | Time spent: 3.28s
INFO | - Epoch 079, ExpID 63826
INFO | Train - Loss (one batch): 0.00085
INFO | Val - Loss, MSE, RMSE, MAE: 0.00103, 0.00103, 0.03203, 0.01991
INFO | Test - Best epoch 78, Loss, MSE, RMSE, MAE: 0.06510, 0.06510, 0.25282, 0.15601
INFO | Time spent: 2.43s
INFO | - Epoch 080, ExpID 63826
INFO | Train - Loss (one batch): 0.00084
INFO | Val - Loss, MSE, RMSE, MAE: 0.00110, 0.00110, 0.03312, 0.02168
INFO | Test - Best epoch 78, Loss, MSE, RMSE, MAE: 0.06510, 0.06510, 0.25282, 0.15601
INFO | Time spent: 2.39s
INFO | - Epoch 081, ExpID 63826
INFO | Train - Loss (one batch): 0.00093
INFO | Val - Loss, MSE, RMSE, MAE: 0.00107, 0.00107, 0.03265, 0.02088
INFO | Test - Best epoch 78, Loss, MSE, RMSE, MAE: 0.06510, 0.06510, 0.25282, 0.15601
INFO | Time spent: 2.40s
INFO | - Epoch 082, ExpID 63826
INFO | Train - Loss (one batch): 0.00092
INFO | Val - Loss, MSE, RMSE, MAE: 0.00098, 0.00098, 0.03126, 0.01901
INFO | Test - Best epoch 78, Loss, MSE, RMSE, MAE: 0.06510, 0.06510, 0.25282, 0.15601
INFO | Time spent: 2.42s
INFO | - Epoch 083, ExpID 63826
INFO | Train - Loss (one batch): 0.00072
INFO | Val - Loss, MSE, RMSE, MAE: 0.00110, 0.00110, 0.03314, 0.02174
INFO | Test - Best epoch 78, Loss, MSE, RMSE, MAE: 0.06510, 0.06510, 0.25282, 0.15601
INFO | Time spent: 2.40s
INFO | - Epoch 084, ExpID 63826
INFO | Train - Loss (one batch): 0.00088
INFO | Val - Loss, MSE, RMSE, MAE: 0.00097, 0.00097, 0.03118, 0.01890
INFO | Test - Best epoch 84, Loss, MSE, RMSE, MAE: 0.06498, 0.06498, 0.25264, 0.15617
INFO | Time spent: 3.26s
INFO | - Epoch 085, ExpID 63826
INFO | Train - Loss (one batch): 0.00057
INFO | Val - Loss, MSE, RMSE, MAE: 0.00098, 0.00098, 0.03126, 0.01893
INFO | Test - Best epoch 84, Loss, MSE, RMSE, MAE: 0.06498, 0.06498, 0.25264, 0.15617
INFO | Time spent: 2.44s
INFO | - Epoch 086, ExpID 63826
INFO | Train - Loss (one batch): 0.00090
INFO | Val - Loss, MSE, RMSE, MAE: 0.00100, 0.00100, 0.03167, 0.01970
INFO | Test - Best epoch 84, Loss, MSE, RMSE, MAE: 0.06498, 0.06498, 0.25264, 0.15617
INFO | Time spent: 2.39s
INFO | - Epoch 087, ExpID 63826
INFO | Train - Loss (one batch): 0.00081
INFO | Val - Loss, MSE, RMSE, MAE: 0.00113, 0.00113, 0.03364, 0.02228
INFO | Test - Best epoch 84, Loss, MSE, RMSE, MAE: 0.06498, 0.06498, 0.25264, 0.15617
INFO | Time spent: 2.42s
INFO | - Epoch 088, ExpID 63826
INFO | Train - Loss (one batch): 0.00102
INFO | Val - Loss, MSE, RMSE, MAE: 0.00097, 0.00097, 0.03117, 0.01921
INFO | Test - Best epoch 88, Loss, MSE, RMSE, MAE: 0.06549, 0.06549, 0.25383, 0.15889
INFO | Time spent: 3.26s
INFO | - Epoch 089, ExpID 63826
INFO | Train - Loss (one batch): 0.00092
INFO | Val - Loss, MSE, RMSE, MAE: 0.00103, 0.00103, 0.03203, 0.02045
INFO | Test - Best epoch 88, Loss, MSE, RMSE, MAE: 0.06549, 0.06549, 0.25383, 0.15889
INFO | Time spent: 2.44s
INFO | - Epoch 090, ExpID 63826
INFO | Train - Loss (one batch): 0.00082
INFO | Val - Loss, MSE, RMSE, MAE: 0.00094, 0.00094, 0.03066, 0.01822
INFO | Test - Best epoch 90, Loss, MSE, RMSE, MAE: 0.06299, 0.06299, 0.24869, 0.15120
INFO | Time spent: 3.37s
INFO | - Epoch 091, ExpID 63826
INFO | Train - Loss (one batch): 0.00122
INFO | Val - Loss, MSE, RMSE, MAE: 0.00106, 0.00106, 0.03262, 0.02116
INFO | Test - Best epoch 90, Loss, MSE, RMSE, MAE: 0.06299, 0.06299, 0.24869, 0.15120
INFO | Time spent: 2.49s
INFO | - Epoch 092, ExpID 63826
INFO | Train - Loss (one batch): 0.00100
INFO | Val - Loss, MSE, RMSE, MAE: 0.00110, 0.00110, 0.03320, 0.02200
INFO | Test - Best epoch 90, Loss, MSE, RMSE, MAE: 0.06299, 0.06299, 0.24869, 0.15120
INFO | Time spent: 2.55s
INFO | - Epoch 093, ExpID 63826
INFO | Train - Loss (one batch): 0.00081
INFO | Val - Loss, MSE, RMSE, MAE: 0.00097, 0.00097, 0.03109, 0.01872
INFO | Test - Best epoch 90, Loss, MSE, RMSE, MAE: 0.06299, 0.06299, 0.24869, 0.15120
INFO | Time spent: 2.57s
INFO | - Epoch 094, ExpID 63826
INFO | Train - Loss (one batch): 0.00109
INFO | Val - Loss, MSE, RMSE, MAE: 0.00098, 0.00098, 0.03128, 0.01918
INFO | Test - Best epoch 90, Loss, MSE, RMSE, MAE: 0.06299, 0.06299, 0.24869, 0.15120
INFO | Time spent: 2.50s
INFO | - Epoch 095, ExpID 63826
INFO | Train - Loss (one batch): 0.00083
INFO | Val - Loss, MSE, RMSE, MAE: 0.00097, 0.00097, 0.03117, 0.01940
INFO | Test - Best epoch 90, Loss, MSE, RMSE, MAE: 0.06299, 0.06299, 0.24869, 0.15120
INFO | Time spent: 2.50s
INFO | - Epoch 096, ExpID 63826
INFO | Train - Loss (one batch): 0.00081
INFO | Val - Loss, MSE, RMSE, MAE: 0.00120, 0.00120, 0.03461, 0.02436
INFO | Test - Best epoch 90, Loss, MSE, RMSE, MAE: 0.06299, 0.06299, 0.24869, 0.15120
INFO | Time spent: 2.64s
INFO | - Epoch 097, ExpID 63826
INFO | Train - Loss (one batch): 0.00082
INFO | Val - Loss, MSE, RMSE, MAE: 0.00103, 0.00103, 0.03209, 0.02023
INFO | Test - Best epoch 90, Loss, MSE, RMSE, MAE: 0.06299, 0.06299, 0.24869, 0.15120
INFO | Time spent: 2.50s
INFO | - Epoch 098, ExpID 63826
INFO | Train - Loss (one batch): 0.00081
INFO | Val - Loss, MSE, RMSE, MAE: 0.00107, 0.00107, 0.03267, 0.02161
INFO | Test - Best epoch 90, Loss, MSE, RMSE, MAE: 0.06299, 0.06299, 0.24869, 0.15120
INFO | Time spent: 2.49s
INFO | - Epoch 099, ExpID 63826
INFO | Train - Loss (one batch): 0.00129
INFO | Val - Loss, MSE, RMSE, MAE: 0.00111, 0.00111, 0.03337, 0.02270
INFO | Test - Best epoch 90, Loss, MSE, RMSE, MAE: 0.06299, 0.06299, 0.24869, 0.15120
INFO | Time spent: 2.47s
INFO | - Epoch 100, ExpID 63826
INFO | Train - Loss (one batch): 0.00072
INFO | Val - Loss, MSE, RMSE, MAE: 0.00104, 0.00104, 0.03228, 0.02093
INFO | Test - Best epoch 90, Loss, MSE, RMSE, MAE: 0.06299, 0.06299, 0.24869, 0.15120
INFO | Time spent: 2.48s
INFO | - Epoch 101, ExpID 63826
INFO | Train - Loss (one batch): 0.00074
INFO | Val - Loss, MSE, RMSE, MAE: 0.00096, 0.00096, 0.03095, 0.01903
INFO | Test - Best epoch 90, Loss, MSE, RMSE, MAE: 0.06299, 0.06299, 0.24869, 0.15120
INFO | Time spent: 2.79s
INFO | - Epoch 102, ExpID 63826
INFO | Train - Loss (one batch): 0.00101
INFO | Val - Loss, MSE, RMSE, MAE: 0.00095, 0.00095, 0.03076, 0.01868
INFO | Test - Best epoch 90, Loss, MSE, RMSE, MAE: 0.06299, 0.06299, 0.24869, 0.15120
INFO | Time spent: 2.49s
INFO | - Epoch 103, ExpID 63826
INFO | Train - Loss (one batch): 0.00079
INFO | Val - Loss, MSE, RMSE, MAE: 0.00094, 0.00094, 0.03069, 0.01851
INFO | Test - Best epoch 90, Loss, MSE, RMSE, MAE: 0.06299, 0.06299, 0.24869, 0.15120
INFO | Time spent: 2.64s
INFO | - Epoch 104, ExpID 63826
INFO | Train - Loss (one batch): 0.00078
INFO | Val - Loss, MSE, RMSE, MAE: 0.00093, 0.00093, 0.03045, 0.01836
INFO | Test - Best epoch 104, Loss, MSE, RMSE, MAE: 0.06245, 0.06245, 0.24763, 0.15200
INFO | Time spent: 3.37s
INFO | - Epoch 105, ExpID 63826
INFO | Train - Loss (one batch): 0.00089
INFO | Val - Loss, MSE, RMSE, MAE: 0.00096, 0.00096, 0.03095, 0.01905
INFO | Test - Best epoch 104, Loss, MSE, RMSE, MAE: 0.06245, 0.06245, 0.24763, 0.15200
INFO | Time spent: 2.65s
INFO | - Epoch 106, ExpID 63826
INFO | Train - Loss (one batch): 0.00082
INFO | Val - Loss, MSE, RMSE, MAE: 0.00098, 0.00098, 0.03128, 0.01927
INFO | Test - Best epoch 104, Loss, MSE, RMSE, MAE: 0.06245, 0.06245, 0.24763, 0.15200
INFO | Time spent: 2.75s
INFO | - Epoch 107, ExpID 63826
INFO | Train - Loss (one batch): 0.00091
INFO | Val - Loss, MSE, RMSE, MAE: 0.00109, 0.00109, 0.03306, 0.02225
INFO | Test - Best epoch 104, Loss, MSE, RMSE, MAE: 0.06245, 0.06245, 0.24763, 0.15200
INFO | Time spent: 2.51s
INFO | - Epoch 108, ExpID 63826
INFO | Train - Loss (one batch): 0.00060
INFO | Val - Loss, MSE, RMSE, MAE: 0.00094, 0.00094, 0.03067, 0.01868
INFO | Test - Best epoch 104, Loss, MSE, RMSE, MAE: 0.06245, 0.06245, 0.24763, 0.15200
INFO | Time spent: 2.48s
INFO | - Epoch 109, ExpID 63826
INFO | Train - Loss (one batch): 0.00094
INFO | Val - Loss, MSE, RMSE, MAE: 0.00094, 0.00094, 0.03064, 0.01867
INFO | Test - Best epoch 104, Loss, MSE, RMSE, MAE: 0.06245, 0.06245, 0.24763, 0.15200
INFO | Time spent: 2.50s
INFO | - Epoch 110, ExpID 63826
INFO | Train - Loss (one batch): 0.00081
INFO | Val - Loss, MSE, RMSE, MAE: 0.00093, 0.00093, 0.03049, 0.01842
INFO | Test - Best epoch 104, Loss, MSE, RMSE, MAE: 0.06245, 0.06245, 0.24763, 0.15200
INFO | Time spent: 2.48s
INFO | - Epoch 111, ExpID 63826
INFO | Train - Loss (one batch): 0.00087
INFO | Val - Loss, MSE, RMSE, MAE: 0.00100, 0.00100, 0.03163, 0.02007
INFO | Test - Best epoch 104, Loss, MSE, RMSE, MAE: 0.06245, 0.06245, 0.24763, 0.15200
INFO | Time spent: 2.50s
INFO | - Epoch 112, ExpID 63826
INFO | Train - Loss (one batch): 0.00112
INFO | Val - Loss, MSE, RMSE, MAE: 0.00117, 0.00117, 0.03414, 0.02385
INFO | Test - Best epoch 104, Loss, MSE, RMSE, MAE: 0.06245, 0.06245, 0.24763, 0.15200
INFO | Time spent: 2.72s
INFO | - Epoch 113, ExpID 63826
INFO | Train - Loss (one batch): 0.00083
INFO | Val - Loss, MSE, RMSE, MAE: 0.00099, 0.00099, 0.03146, 0.01976
INFO | Test - Best epoch 104, Loss, MSE, RMSE, MAE: 0.06245, 0.06245, 0.24763, 0.15200
INFO | Time spent: 2.44s
INFO | - Epoch 114, ExpID 63826
INFO | Train - Loss (one batch): 0.00095
INFO | Val - Loss, MSE, RMSE, MAE: 0.00094, 0.00094, 0.03073, 0.01862
INFO | Test - Best epoch 104, Loss, MSE, RMSE, MAE: 0.06245, 0.06245, 0.24763, 0.15200
INFO | Time spent: 2.47s
INFO | - Epoch 115, ExpID 63826
INFO | Train - Loss (one batch): 0.00104
INFO | Val - Loss, MSE, RMSE, MAE: 0.00095, 0.00095, 0.03081, 0.01889
INFO | Test - Best epoch 104, Loss, MSE, RMSE, MAE: 0.06245, 0.06245, 0.24763, 0.15200
INFO | Time spent: 2.41s
INFO | - Epoch 116, ExpID 63826
INFO | Train - Loss (one batch): 0.00120
INFO | Val - Loss, MSE, RMSE, MAE: 0.00094, 0.00094, 0.03068, 0.01881
INFO | Test - Best epoch 104, Loss, MSE, RMSE, MAE: 0.06245, 0.06245, 0.24763, 0.15200
INFO | Time spent: 2.41s
INFO | - Epoch 117, ExpID 63826
INFO | Train - Loss (one batch): 0.00063
INFO | Val - Loss, MSE, RMSE, MAE: 0.00103, 0.00103, 0.03205, 0.02113
INFO | Test - Best epoch 104, Loss, MSE, RMSE, MAE: 0.06245, 0.06245, 0.24763, 0.15200
INFO | Time spent: 2.43s
INFO | - Epoch 118, ExpID 63826
INFO | Train - Loss (one batch): 0.00108
INFO | Val - Loss, MSE, RMSE, MAE: 0.00092, 0.00092, 0.03034, 0.01807
INFO | Test - Best epoch 118, Loss, MSE, RMSE, MAE: 0.06208, 0.06208, 0.24687, 0.15007
INFO | Time spent: 3.26s
INFO | - Epoch 119, ExpID 63826
INFO | Train - Loss (one batch): 0.00077
INFO | Val - Loss, MSE, RMSE, MAE: 0.00098, 0.00098, 0.03123, 0.01988
INFO | Test - Best epoch 118, Loss, MSE, RMSE, MAE: 0.06208, 0.06208, 0.24687, 0.15007
INFO | Time spent: 2.43s
INFO | - Epoch 120, ExpID 63826
INFO | Train - Loss (one batch): 0.00120
INFO | Val - Loss, MSE, RMSE, MAE: 0.00104, 0.00104, 0.03218, 0.02139
INFO | Test - Best epoch 118, Loss, MSE, RMSE, MAE: 0.06208, 0.06208, 0.24687, 0.15007
INFO | Time spent: 2.42s
INFO | - Epoch 121, ExpID 63826
INFO | Train - Loss (one batch): 0.00099
INFO | Val - Loss, MSE, RMSE, MAE: 0.00091, 0.00091, 0.03021, 0.01801
INFO | Test - Best epoch 121, Loss, MSE, RMSE, MAE: 0.06175, 0.06175, 0.24618, 0.15018
INFO | Time spent: 3.23s
INFO | - Epoch 122, ExpID 63826
INFO | Train - Loss (one batch): 0.00086
INFO | Val - Loss, MSE, RMSE, MAE: 0.00092, 0.00092, 0.03034, 0.01857
INFO | Test - Best epoch 121, Loss, MSE, RMSE, MAE: 0.06175, 0.06175, 0.24618, 0.15018
INFO | Time spent: 2.40s
INFO | - Epoch 123, ExpID 63826
INFO | Train - Loss (one batch): 0.00080
INFO | Val - Loss, MSE, RMSE, MAE: 0.00103, 0.00103, 0.03216, 0.02083
INFO | Test - Best epoch 121, Loss, MSE, RMSE, MAE: 0.06175, 0.06175, 0.24618, 0.15018
INFO | Time spent: 2.41s
INFO | - Epoch 124, ExpID 63826
INFO | Train - Loss (one batch): 0.00083
INFO | Val - Loss, MSE, RMSE, MAE: 0.00096, 0.00096, 0.03103, 0.01924
INFO | Test - Best epoch 121, Loss, MSE, RMSE, MAE: 0.06175, 0.06175, 0.24618, 0.15018
INFO | Time spent: 2.43s
INFO | - Epoch 125, ExpID 63826
INFO | Train - Loss (one batch): 0.00101
INFO | Val - Loss, MSE, RMSE, MAE: 0.00095, 0.00095, 0.03083, 0.01900
INFO | Test - Best epoch 121, Loss, MSE, RMSE, MAE: 0.06175, 0.06175, 0.24618, 0.15018
INFO | Time spent: 2.39s
INFO | - Epoch 126, ExpID 63826
INFO | Train - Loss (one batch): 0.00063
INFO | Val - Loss, MSE, RMSE, MAE: 0.00095, 0.00095, 0.03081, 0.01884
INFO | Test - Best epoch 121, Loss, MSE, RMSE, MAE: 0.06175, 0.06175, 0.24618, 0.15018
INFO | Time spent: 2.42s
INFO | - Epoch 127, ExpID 63826
INFO | Train - Loss (one batch): 0.00083
INFO | Val - Loss, MSE, RMSE, MAE: 0.00093, 0.00093, 0.03047, 0.01874
INFO | Test - Best epoch 121, Loss, MSE, RMSE, MAE: 0.06175, 0.06175, 0.24618, 0.15018
INFO | Time spent: 2.42s
INFO | - Epoch 128, ExpID 63826
INFO | Train - Loss (one batch): 0.00102
INFO | Val - Loss, MSE, RMSE, MAE: 0.00092, 0.00092, 0.03029, 0.01818
INFO | Test - Best epoch 121, Loss, MSE, RMSE, MAE: 0.06175, 0.06175, 0.24618, 0.15018
INFO | Time spent: 2.42s
INFO | - Epoch 129, ExpID 63826
INFO | Train - Loss (one batch): 0.00075
INFO | Val - Loss, MSE, RMSE, MAE: 0.00091, 0.00091, 0.03015, 0.01800
INFO | Test - Best epoch 129, Loss, MSE, RMSE, MAE: 0.06179, 0.06179, 0.24630, 0.15072
INFO | Time spent: 3.22s
INFO | - Epoch 130, ExpID 63826
INFO | Train - Loss (one batch): 0.00072
INFO | Val - Loss, MSE, RMSE, MAE: 0.00092, 0.00092, 0.03039, 0.01805
INFO | Test - Best epoch 129, Loss, MSE, RMSE, MAE: 0.06179, 0.06179, 0.24630, 0.15072
INFO | Time spent: 2.44s
INFO | - Epoch 131, ExpID 63826
INFO | Train - Loss (one batch): 0.00079
INFO | Val - Loss, MSE, RMSE, MAE: 0.00093, 0.00093, 0.03042, 0.01824
INFO | Test - Best epoch 129, Loss, MSE, RMSE, MAE: 0.06179, 0.06179, 0.24630, 0.15072
INFO | Time spent: 2.43s
INFO | - Epoch 132, ExpID 63826
INFO | Train - Loss (one batch): 0.00072
INFO | Val - Loss, MSE, RMSE, MAE: 0.00092, 0.00092, 0.03033, 0.01838
INFO | Test - Best epoch 129, Loss, MSE, RMSE, MAE: 0.06179, 0.06179, 0.24630, 0.15072
INFO | Time spent: 2.42s
INFO | - Epoch 133, ExpID 63826
INFO | Train - Loss (one batch): 0.00067
INFO | Val - Loss, MSE, RMSE, MAE: 0.00098, 0.00098, 0.03130, 0.01993
INFO | Test - Best epoch 129, Loss, MSE, RMSE, MAE: 0.06179, 0.06179, 0.24630, 0.15072
INFO | Time spent: 2.41s
INFO | - Epoch 134, ExpID 63826
INFO | Train - Loss (one batch): 0.00077
INFO | Val - Loss, MSE, RMSE, MAE: 0.00093, 0.00093, 0.03042, 0.01836
INFO | Test - Best epoch 129, Loss, MSE, RMSE, MAE: 0.06179, 0.06179, 0.24630, 0.15072
INFO | Time spent: 2.41s
INFO | - Epoch 135, ExpID 63826
INFO | Train - Loss (one batch): 0.00087
INFO | Val - Loss, MSE, RMSE, MAE: 0.00091, 0.00091, 0.03012, 0.01806
INFO | Test - Best epoch 135, Loss, MSE, RMSE, MAE: 0.06182, 0.06182, 0.24636, 0.15089
INFO | Time spent: 3.25s
INFO | - Epoch 136, ExpID 63826
INFO | Train - Loss (one batch): 0.00075
INFO | Val - Loss, MSE, RMSE, MAE: 0.00103, 0.00103, 0.03203, 0.02125
INFO | Test - Best epoch 135, Loss, MSE, RMSE, MAE: 0.06182, 0.06182, 0.24636, 0.15089
INFO | Time spent: 2.49s
INFO | - Epoch 137, ExpID 63826
INFO | Train - Loss (one batch): 0.00090
INFO | Val - Loss, MSE, RMSE, MAE: 0.00092, 0.00092, 0.03031, 0.01832
INFO | Test - Best epoch 135, Loss, MSE, RMSE, MAE: 0.06182, 0.06182, 0.24636, 0.15089
INFO | Time spent: 2.43s
INFO | - Epoch 138, ExpID 63826
INFO | Train - Loss (one batch): 0.00097
INFO | Val - Loss, MSE, RMSE, MAE: 0.00094, 0.00094, 0.03062, 0.01845
INFO | Test - Best epoch 135, Loss, MSE, RMSE, MAE: 0.06182, 0.06182, 0.24636, 0.15089
INFO | Time spent: 2.48s
INFO | - Epoch 139, ExpID 63826
INFO | Train - Loss (one batch): 0.00097
INFO | Val - Loss, MSE, RMSE, MAE: 0.00090, 0.00090, 0.03006, 0.01799
INFO | Test - Best epoch 139, Loss, MSE, RMSE, MAE: 0.06148, 0.06148, 0.24567, 0.15045
INFO | Time spent: 3.27s
INFO | - Epoch 140, ExpID 63826
INFO | Train - Loss (one batch): 0.00078
INFO | Val - Loss, MSE, RMSE, MAE: 0.00092, 0.00092, 0.03036, 0.01818
INFO | Test - Best epoch 139, Loss, MSE, RMSE, MAE: 0.06148, 0.06148, 0.24567, 0.15045
INFO | Time spent: 2.41s
INFO | - Epoch 141, ExpID 63826
INFO | Train - Loss (one batch): 0.00067
INFO | Val - Loss, MSE, RMSE, MAE: 0.00099, 0.00099, 0.03154, 0.02039
INFO | Test - Best epoch 139, Loss, MSE, RMSE, MAE: 0.06148, 0.06148, 0.24567, 0.15045
INFO | Time spent: 2.63s
INFO | - Epoch 142, ExpID 63826
INFO | Train - Loss (one batch): 0.00104
INFO | Val - Loss, MSE, RMSE, MAE: 0.00096, 0.00096, 0.03103, 0.01946
INFO | Test - Best epoch 139, Loss, MSE, RMSE, MAE: 0.06148, 0.06148, 0.24567, 0.15045
INFO | Time spent: 2.94s
INFO | - Epoch 143, ExpID 63826
INFO | Train - Loss (one batch): 0.00100
INFO | Val - Loss, MSE, RMSE, MAE: 0.00092, 0.00092, 0.03034, 0.01836
INFO | Test - Best epoch 139, Loss, MSE, RMSE, MAE: 0.06148, 0.06148, 0.24567, 0.15045
INFO | Time spent: 2.95s
INFO | - Epoch 144, ExpID 63826
INFO | Train - Loss (one batch): 0.00095
INFO | Val - Loss, MSE, RMSE, MAE: 0.00092, 0.00092, 0.03041, 0.01846
INFO | Test - Best epoch 139, Loss, MSE, RMSE, MAE: 0.06148, 0.06148, 0.24567, 0.15045
INFO | Time spent: 2.95s
INFO | - Epoch 145, ExpID 63826
INFO | Train - Loss (one batch): 0.00097
INFO | Val - Loss, MSE, RMSE, MAE: 0.00090, 0.00090, 0.03008, 0.01781
INFO | Test - Best epoch 139, Loss, MSE, RMSE, MAE: 0.06148, 0.06148, 0.24567, 0.15045
INFO | Time spent: 2.92s
INFO | - Epoch 146, ExpID 63826
INFO | Train - Loss (one batch): 0.00070
INFO | Val - Loss, MSE, RMSE, MAE: 0.00094, 0.00094, 0.03061, 0.01840
INFO | Test - Best epoch 139, Loss, MSE, RMSE, MAE: 0.06148, 0.06148, 0.24567, 0.15045
INFO | Time spent: 2.90s
INFO | - Epoch 147, ExpID 63826
INFO | Train - Loss (one batch): 0.00067
INFO | Val - Loss, MSE, RMSE, MAE: 0.00091, 0.00091, 0.03016, 0.01797
INFO | Test - Best epoch 139, Loss, MSE, RMSE, MAE: 0.06148, 0.06148, 0.24567, 0.15045
INFO | Time spent: 2.90s
INFO | - Epoch 148, ExpID 63826
INFO | Train - Loss (one batch): 0.00063
INFO | Val - Loss, MSE, RMSE, MAE: 0.00095, 0.00095, 0.03087, 0.01917
INFO | Test - Best epoch 139, Loss, MSE, RMSE, MAE: 0.06148, 0.06148, 0.24567, 0.15045
INFO | Time spent: 3.01s
INFO | - Epoch 149, ExpID 63826
INFO | Train - Loss (one batch): 0.00120
INFO | Val - Loss, MSE, RMSE, MAE: 0.00095, 0.00095, 0.03080, 0.01875
INFO | Test - Best epoch 139, Loss, MSE, RMSE, MAE: 0.06148, 0.06148, 0.24567, 0.15045
INFO | Time spent: 2.92s
INFO | - Epoch 150, ExpID 63826
INFO | Train - Loss (one batch): 0.00088
INFO | Val - Loss, MSE, RMSE, MAE: 0.00102, 0.00102, 0.03195, 0.02047
INFO | Test - Best epoch 139, Loss, MSE, RMSE, MAE: 0.06148, 0.06148, 0.24567, 0.15045
INFO | Time spent: 2.94s
INFO | - Epoch 151, ExpID 63826
INFO | Train - Loss (one batch): 0.00074
INFO | Val - Loss, MSE, RMSE, MAE: 0.00097, 0.00097, 0.03116, 0.01955
INFO | Test - Best epoch 139, Loss, MSE, RMSE, MAE: 0.06148, 0.06148, 0.24567, 0.15045
INFO | Time spent: 2.94s
INFO | - Epoch 152, ExpID 63826
INFO | Train - Loss (one batch): 0.00084
INFO | Val - Loss, MSE, RMSE, MAE: 0.00093, 0.00093, 0.03055, 0.01872
INFO | Test - Best epoch 139, Loss, MSE, RMSE, MAE: 0.06148, 0.06148, 0.24567, 0.15045
INFO | Time spent: 3.01s
INFO | - Epoch 153, ExpID 63826
INFO | Train - Loss (one batch): 0.00088
INFO | Val - Loss, MSE, RMSE, MAE: 0.00096, 0.00096, 0.03106, 0.01907
INFO | Test - Best epoch 139, Loss, MSE, RMSE, MAE: 0.06148, 0.06148, 0.24567, 0.15045
INFO | Time spent: 3.25s
INFO | - Epoch 154, ExpID 63826
INFO | Train - Loss (one batch): 0.00079
INFO | Val - Loss, MSE, RMSE, MAE: 0.00091, 0.00091, 0.03014, 0.01791
INFO | Test - Best epoch 139, Loss, MSE, RMSE, MAE: 0.06148, 0.06148, 0.24567, 0.15045
INFO | Time spent: 2.95s
INFO | - Epoch 155, ExpID 63826
INFO | Train - Loss (one batch): 0.00078
INFO | Val - Loss, MSE, RMSE, MAE: 0.00094, 0.00094, 0.03071, 0.01900
INFO | Test - Best epoch 139, Loss, MSE, RMSE, MAE: 0.06148, 0.06148, 0.24567, 0.15045
INFO | Time spent: 2.95s
INFO | - Epoch 156, ExpID 63826
INFO | Train - Loss (one batch): 0.00068
INFO | Val - Loss, MSE, RMSE, MAE: 0.00090, 0.00090, 0.03002, 0.01787
INFO | Test - Best epoch 156, Loss, MSE, RMSE, MAE: 0.06177, 0.06177, 0.24627, 0.15044
INFO | Time spent: 4.00s
INFO | - Epoch 157, ExpID 63826
INFO | Train - Loss (one batch): 0.00062
INFO | Val - Loss, MSE, RMSE, MAE: 0.00100, 0.00100, 0.03168, 0.02055
INFO | Test - Best epoch 156, Loss, MSE, RMSE, MAE: 0.06177, 0.06177, 0.24627, 0.15044
INFO | Time spent: 2.95s
INFO | - Epoch 158, ExpID 63826
INFO | Train - Loss (one batch): 0.00082
INFO | Val - Loss, MSE, RMSE, MAE: 0.00097, 0.00097, 0.03122, 0.01928
INFO | Test - Best epoch 156, Loss, MSE, RMSE, MAE: 0.06177, 0.06177, 0.24627, 0.15044
INFO | Time spent: 3.06s
INFO | - Epoch 159, ExpID 63826
INFO | Train - Loss (one batch): 0.00077
INFO | Val - Loss, MSE, RMSE, MAE: 0.00091, 0.00091, 0.03018, 0.01796
INFO | Test - Best epoch 156, Loss, MSE, RMSE, MAE: 0.06177, 0.06177, 0.24627, 0.15044
INFO | Time spent: 2.94s
INFO | - Epoch 160, ExpID 63826
INFO | Train - Loss (one batch): 0.00066
INFO | Val - Loss, MSE, RMSE, MAE: 0.00089, 0.00089, 0.02991, 0.01769
INFO | Test - Best epoch 160, Loss, MSE, RMSE, MAE: 0.06109, 0.06109, 0.24487, 0.14811
INFO | Time spent: 4.04s
INFO | - Epoch 161, ExpID 63826
INFO | Train - Loss (one batch): 0.00090
INFO | Val - Loss, MSE, RMSE, MAE: 0.00090, 0.00090, 0.02994, 0.01786
INFO | Test - Best epoch 160, Loss, MSE, RMSE, MAE: 0.06109, 0.06109, 0.24487, 0.14811
INFO | Time spent: 2.94s
INFO | - Epoch 162, ExpID 63826
INFO | Train - Loss (one batch): 0.00106
INFO | Val - Loss, MSE, RMSE, MAE: 0.00091, 0.00091, 0.03015, 0.01798
INFO | Test - Best epoch 160, Loss, MSE, RMSE, MAE: 0.06109, 0.06109, 0.24487, 0.14811
INFO | Time spent: 2.90s
INFO | - Epoch 163, ExpID 63826
INFO | Train - Loss (one batch): 0.00066
INFO | Val - Loss, MSE, RMSE, MAE: 0.00099, 0.00099, 0.03144, 0.02002
INFO | Test - Best epoch 160, Loss, MSE, RMSE, MAE: 0.06109, 0.06109, 0.24487, 0.14811
INFO | Time spent: 2.95s
INFO | - Epoch 164, ExpID 63826
INFO | Train - Loss (one batch): 0.00076
INFO | Val - Loss, MSE, RMSE, MAE: 0.00091, 0.00091, 0.03025, 0.01796
INFO | Test - Best epoch 160, Loss, MSE, RMSE, MAE: 0.06109, 0.06109, 0.24487, 0.14811
INFO | Time spent: 2.93s
INFO | - Epoch 165, ExpID 63826
INFO | Train - Loss (one batch): 0.00088
INFO | Val - Loss, MSE, RMSE, MAE: 0.00091, 0.00091, 0.03014, 0.01797
INFO | Test - Best epoch 160, Loss, MSE, RMSE, MAE: 0.06109, 0.06109, 0.24487, 0.14811
INFO | Time spent: 3.05s
INFO | - Epoch 166, ExpID 63826
INFO | Train - Loss (one batch): 0.00073
INFO | Val - Loss, MSE, RMSE, MAE: 0.00091, 0.00091, 0.03014, 0.01793
INFO | Test - Best epoch 160, Loss, MSE, RMSE, MAE: 0.06109, 0.06109, 0.24487, 0.14811
INFO | Time spent: 2.91s
INFO | - Epoch 167, ExpID 63826
INFO | Train - Loss (one batch): 0.00061
INFO | Val - Loss, MSE, RMSE, MAE: 0.00089, 0.00089, 0.02991, 0.01764
INFO | Test - Best epoch 160, Loss, MSE, RMSE, MAE: 0.06109, 0.06109, 0.24487, 0.14811
INFO | Time spent: 2.97s
INFO | - Epoch 168, ExpID 63826
INFO | Train - Loss (one batch): 0.00073
INFO | Val - Loss, MSE, RMSE, MAE: 0.00091, 0.00091, 0.03009, 0.01797
INFO | Test - Best epoch 160, Loss, MSE, RMSE, MAE: 0.06109, 0.06109, 0.24487, 0.14811
INFO | Time spent: 2.94s
INFO | - Epoch 169, ExpID 63826
INFO | Train - Loss (one batch): 0.00066
INFO | Val - Loss, MSE, RMSE, MAE: 0.00118, 0.00118, 0.03436, 0.02401
INFO | Test - Best epoch 160, Loss, MSE, RMSE, MAE: 0.06109, 0.06109, 0.24487, 0.14811
INFO | Time spent: 2.92s
INFO | - Epoch 170, ExpID 63826
INFO | Train - Loss (one batch): 0.00071
INFO | Val - Loss, MSE, RMSE, MAE: 0.00095, 0.00095, 0.03087, 0.01888
INFO | Test - Best epoch 160, Loss, MSE, RMSE, MAE: 0.06109, 0.06109, 0.24487, 0.14811
INFO | Time spent: 2.95s
INFO | - Epoch 171, ExpID 63826
INFO | Train - Loss (one batch): 0.00085
INFO | Val - Loss, MSE, RMSE, MAE: 0.00090, 0.00090, 0.02995, 0.01778
INFO | Test - Best epoch 160, Loss, MSE, RMSE, MAE: 0.06109, 0.06109, 0.24487, 0.14811
INFO | Time spent: 2.97s
INFO | - Epoch 172, ExpID 63826
INFO | Train - Loss (one batch): 0.00052
INFO | Val - Loss, MSE, RMSE, MAE: 0.00089, 0.00089, 0.02989, 0.01765
INFO | Test - Best epoch 172, Loss, MSE, RMSE, MAE: 0.06098, 0.06098, 0.24460, 0.14754
INFO | Time spent: 4.05s
INFO | - Epoch 173, ExpID 63826
INFO | Train - Loss (one batch): 0.00078
INFO | Val - Loss, MSE, RMSE, MAE: 0.00090, 0.00090, 0.03001, 0.01775
INFO | Test - Best epoch 172, Loss, MSE, RMSE, MAE: 0.06098, 0.06098, 0.24460, 0.14754
INFO | Time spent: 3.03s
INFO | - Epoch 174, ExpID 63826
INFO | Train - Loss (one batch): 0.00083
INFO | Val - Loss, MSE, RMSE, MAE: 0.00093, 0.00093, 0.03044, 0.01836
INFO | Test - Best epoch 172, Loss, MSE, RMSE, MAE: 0.06098, 0.06098, 0.24460, 0.14754
INFO | Time spent: 3.00s
INFO | - Epoch 175, ExpID 63826
INFO | Train - Loss (one batch): 0.00063
INFO | Val - Loss, MSE, RMSE, MAE: 0.00089, 0.00089, 0.02988, 0.01767
INFO | Test - Best epoch 175, Loss, MSE, RMSE, MAE: 0.06141, 0.06141, 0.24549, 0.14805
INFO | Time spent: 4.16s
INFO | - Epoch 176, ExpID 63826
INFO | Train - Loss (one batch): 0.00061
INFO | Val - Loss, MSE, RMSE, MAE: 0.00092, 0.00092, 0.03036, 0.01849
INFO | Test - Best epoch 175, Loss, MSE, RMSE, MAE: 0.06141, 0.06141, 0.24549, 0.14805
INFO | Time spent: 2.95s
INFO | - Epoch 177, ExpID 63826
INFO | Train - Loss (one batch): 0.00072
INFO | Val - Loss, MSE, RMSE, MAE: 0.00091, 0.00091, 0.03015, 0.01803
INFO | Test - Best epoch 175, Loss, MSE, RMSE, MAE: 0.06141, 0.06141, 0.24549, 0.14805
INFO | Time spent: 2.93s
INFO | - Epoch 178, ExpID 63826
INFO | Train - Loss (one batch): 0.00066
INFO | Val - Loss, MSE, RMSE, MAE: 0.00092, 0.00092, 0.03029, 0.01855
INFO | Test - Best epoch 175, Loss, MSE, RMSE, MAE: 0.06141, 0.06141, 0.24549, 0.14805
INFO | Time spent: 2.94s
INFO | - Epoch 179, ExpID 63826
INFO | Train - Loss (one batch): 0.00059
INFO | Val - Loss, MSE, RMSE, MAE: 0.00091, 0.00091, 0.03017, 0.01786
INFO | Test - Best epoch 175, Loss, MSE, RMSE, MAE: 0.06141, 0.06141, 0.24549, 0.14805
INFO | Time spent: 2.92s
INFO | - Epoch 180, ExpID 63826
INFO | Train - Loss (one batch): 0.00062
INFO | Val - Loss, MSE, RMSE, MAE: 0.00094, 0.00094, 0.03058, 0.01862
INFO | Test - Best epoch 175, Loss, MSE, RMSE, MAE: 0.06141, 0.06141, 0.24549, 0.14805
INFO | Time spent: 2.93s
INFO | - Epoch 181, ExpID 63826
INFO | Train - Loss (one batch): 0.00077
INFO | Val - Loss, MSE, RMSE, MAE: 0.00092, 0.00092, 0.03030, 0.01806
INFO | Test - Best epoch 175, Loss, MSE, RMSE, MAE: 0.06141, 0.06141, 0.24549, 0.14805
INFO | Time spent: 2.94s
INFO | - Epoch 182, ExpID 63826
INFO | Train - Loss (one batch): 0.00104
INFO | Val - Loss, MSE, RMSE, MAE: 0.00091, 0.00091, 0.03017, 0.01798
INFO | Test - Best epoch 175, Loss, MSE, RMSE, MAE: 0.06141, 0.06141, 0.24549, 0.14805
INFO | Time spent: 2.90s
INFO | - Epoch 183, ExpID 63826
INFO | Train - Loss (one batch): 0.00066
INFO | Val - Loss, MSE, RMSE, MAE: 0.00091, 0.00091, 0.03011, 0.01817
INFO | Test - Best epoch 175, Loss, MSE, RMSE, MAE: 0.06141, 0.06141, 0.24549, 0.14805
INFO | Time spent: 2.92s
INFO | - Epoch 184, ExpID 63826
INFO | Train - Loss (one batch): 0.00081
INFO | Val - Loss, MSE, RMSE, MAE: 0.00094, 0.00094, 0.03062, 0.01853
INFO | Test - Best epoch 175, Loss, MSE, RMSE, MAE: 0.06141, 0.06141, 0.24549, 0.14805
INFO | Time spent: 2.93s
INFO | - Epoch 185, ExpID 63826
INFO | Train - Loss (one batch): 0.00082
INFO | Val - Loss, MSE, RMSE, MAE: 0.00092, 0.00092, 0.03037, 0.01848
INFO | Test - Best epoch 175, Loss, MSE, RMSE, MAE: 0.06141, 0.06141, 0.24549, 0.14805
INFO | Time spent: 2.93s
INFO | - Epoch 186, ExpID 63826
INFO | Train - Loss (one batch): 0.00065
INFO | Val - Loss, MSE, RMSE, MAE: 0.00098, 0.00098, 0.03133, 0.01992
INFO | Test - Best epoch 175, Loss, MSE, RMSE, MAE: 0.06141, 0.06141, 0.24549, 0.14805
INFO | Time spent: 2.95s
INFO | - Epoch 187, ExpID 63826
INFO | Train - Loss (one batch): 0.00061
INFO | Val - Loss, MSE, RMSE, MAE: 0.00091, 0.00091, 0.03013, 0.01798
INFO | Test - Best epoch 175, Loss, MSE, RMSE, MAE: 0.06141, 0.06141, 0.24549, 0.14805
INFO | Time spent: 2.93s
INFO | - Epoch 188, ExpID 63826
INFO | Train - Loss (one batch): 0.00090
INFO | Val - Loss, MSE, RMSE, MAE: 0.00089, 0.00089, 0.02990, 0.01765
INFO | Test - Best epoch 175, Loss, MSE, RMSE, MAE: 0.06141, 0.06141, 0.24549, 0.14805
INFO | Time spent: 2.93s
INFO | - Epoch 189, ExpID 63826
INFO | Train - Loss (one batch): 0.00091
INFO | Val - Loss, MSE, RMSE, MAE: 0.00090, 0.00090, 0.02995, 0.01780
INFO | Test - Best epoch 175, Loss, MSE, RMSE, MAE: 0.06141, 0.06141, 0.24549, 0.14805
INFO | Time spent: 2.88s
INFO | - Epoch 190, ExpID 63826
INFO | Train - Loss (one batch): 0.00076
INFO | Val - Loss, MSE, RMSE, MAE: 0.00090, 0.00090, 0.03005, 0.01795
INFO | Test - Best epoch 175, Loss, MSE, RMSE, MAE: 0.06141, 0.06141, 0.24549, 0.14805
INFO | Time spent: 2.97s
INFO | - Epoch 191, ExpID 63826
INFO | Train - Loss (one batch): 0.00084
INFO | Val - Loss, MSE, RMSE, MAE: 0.00096, 0.00096, 0.03098, 0.01884
INFO | Test - Best epoch 175, Loss, MSE, RMSE, MAE: 0.06141, 0.06141, 0.24549, 0.14805
INFO | Time spent: 2.91s
INFO | - Epoch 192, ExpID 63826
INFO | Train - Loss (one batch): 0.00073
INFO | Val - Loss, MSE, RMSE, MAE: 0.00094, 0.00094, 0.03067, 0.01869
INFO | Test - Best epoch 175, Loss, MSE, RMSE, MAE: 0.06141, 0.06141, 0.24549, 0.14805
INFO | Time spent: 2.90s
INFO | - Epoch 193, ExpID 63826
INFO | Train - Loss (one batch): 0.00106
INFO | Val - Loss, MSE, RMSE, MAE: 0.00102, 0.00102, 0.03187, 0.02043
INFO | Test - Best epoch 175, Loss, MSE, RMSE, MAE: 0.06141, 0.06141, 0.24549, 0.14805
INFO | Time spent: 2.90s
INFO | - Epoch 194, ExpID 63826
INFO | Train - Loss (one batch): 0.00063
INFO | Val - Loss, MSE, RMSE, MAE: 0.00092, 0.00092, 0.03028, 0.01793
INFO | Test - Best epoch 175, Loss, MSE, RMSE, MAE: 0.06141, 0.06141, 0.24549, 0.14805
INFO | Time spent: 2.92s
INFO | - Epoch 195, ExpID 63826
INFO | Train - Loss (one batch): 0.00071
INFO | Val - Loss, MSE, RMSE, MAE: 0.00090, 0.00090, 0.03008, 0.01790
INFO | Test - Best epoch 175, Loss, MSE, RMSE, MAE: 0.06141, 0.06141, 0.24549, 0.14805
INFO | Time spent: 3.27s
INFO | - Epoch 196, ExpID 63826
INFO | Train - Loss (one batch): 0.00084
INFO | Val - Loss, MSE, RMSE, MAE: 0.00098, 0.00098, 0.03138, 0.01942
INFO | Test - Best epoch 175, Loss, MSE, RMSE, MAE: 0.06141, 0.06141, 0.24549, 0.14805
INFO | Time spent: 2.93s
INFO | - Epoch 197, ExpID 63826
INFO | Train - Loss (one batch): 0.00071
INFO | Val - Loss, MSE, RMSE, MAE: 0.00093, 0.00093, 0.03049, 0.01848
INFO | Test - Best epoch 175, Loss, MSE, RMSE, MAE: 0.06141, 0.06141, 0.24549, 0.14805
INFO | Time spent: 2.95s
INFO | - Epoch 198, ExpID 63826
INFO | Train - Loss (one batch): 0.00079
INFO | Val - Loss, MSE, RMSE, MAE: 0.00098, 0.00098, 0.03134, 0.01958
INFO | Test - Best epoch 175, Loss, MSE, RMSE, MAE: 0.06141, 0.06141, 0.24549, 0.14805
INFO | Time spent: 2.93s
INFO | - Epoch 199, ExpID 63826
INFO | Train - Loss (one batch): 0.00071
INFO | Val - Loss, MSE, RMSE, MAE: 0.00091, 0.00091, 0.03018, 0.01813
INFO | Test - Best epoch 175, Loss, MSE, RMSE, MAE: 0.06141, 0.06141, 0.24549, 0.14805
INFO | Time spent: 2.94s
INFO | - Epoch 200, ExpID 63826
INFO | Train - Loss (one batch): 0.00062
INFO | Val - Loss, MSE, RMSE, MAE: 0.00090, 0.00090, 0.03004, 0.01798
INFO | Test - Best epoch 175, Loss, MSE, RMSE, MAE: 0.06141, 0.06141, 0.24549, 0.14805
INFO | Time spent: 2.91s
INFO | - Epoch 201, ExpID 63826
INFO | Train - Loss (one batch): 0.00062
INFO | Val - Loss, MSE, RMSE, MAE: 0.00090, 0.00090, 0.03000, 0.01780
INFO | Test - Best epoch 175, Loss, MSE, RMSE, MAE: 0.06141, 0.06141, 0.24549, 0.14805
INFO | Time spent: 2.94s
INFO | - Epoch 202, ExpID 63826
INFO | Train - Loss (one batch): 0.00064
INFO | Val - Loss, MSE, RMSE, MAE: 0.00089, 0.00089, 0.02988, 0.01765
INFO | Test - Best epoch 202, Loss, MSE, RMSE, MAE: 0.06168, 0.06168, 0.24601, 0.14853
INFO | Time spent: 4.05s
INFO | - Epoch 203, ExpID 63826
INFO | Train - Loss (one batch): 0.00100
INFO | Val - Loss, MSE, RMSE, MAE: 0.00091, 0.00091, 0.03016, 0.01791
INFO | Test - Best epoch 202, Loss, MSE, RMSE, MAE: 0.06168, 0.06168, 0.24601, 0.14853
INFO | Time spent: 2.95s
INFO | - Epoch 204, ExpID 63826
INFO | Train - Loss (one batch): 0.00062
INFO | Val - Loss, MSE, RMSE, MAE: 0.00090, 0.00090, 0.03001, 0.01758
INFO | Test - Best epoch 202, Loss, MSE, RMSE, MAE: 0.06168, 0.06168, 0.24601, 0.14853
INFO | Time spent: 2.91s
INFO | - Epoch 205, ExpID 63826
INFO | Train - Loss (one batch): 0.00058
INFO | Val - Loss, MSE, RMSE, MAE: 0.00096, 0.00096, 0.03099, 0.01910
INFO | Test - Best epoch 202, Loss, MSE, RMSE, MAE: 0.06168, 0.06168, 0.24601, 0.14853
INFO | Time spent: 2.99s
INFO | - Epoch 206, ExpID 63826
INFO | Train - Loss (one batch): 0.00078
INFO | Val - Loss, MSE, RMSE, MAE: 0.00094, 0.00094, 0.03062, 0.01895
INFO | Test - Best epoch 202, Loss, MSE, RMSE, MAE: 0.06168, 0.06168, 0.24601, 0.14853
INFO | Time spent: 2.92s
INFO | - Epoch 207, ExpID 63826
INFO | Train - Loss (one batch): 0.00070
INFO | Val - Loss, MSE, RMSE, MAE: 0.00091, 0.00091, 0.03019, 0.01794
INFO | Test - Best epoch 202, Loss, MSE, RMSE, MAE: 0.06168, 0.06168, 0.24601, 0.14853
INFO | Time spent: 2.93s
INFO | - Epoch 208, ExpID 63826
INFO | Train - Loss (one batch): 0.00095
INFO | Val - Loss, MSE, RMSE, MAE: 0.00091, 0.00091, 0.03017, 0.01789
INFO | Test - Best epoch 202, Loss, MSE, RMSE, MAE: 0.06168, 0.06168, 0.24601, 0.14853
INFO | Time spent: 2.93s
INFO | - Epoch 209, ExpID 63826
INFO | Train - Loss (one batch): 0.00078
INFO | Val - Loss, MSE, RMSE, MAE: 0.00093, 0.00093, 0.03044, 0.01823
INFO | Test - Best epoch 202, Loss, MSE, RMSE, MAE: 0.06168, 0.06168, 0.24601, 0.14853
INFO | Time spent: 2.96s
INFO | - Epoch 210, ExpID 63826
INFO | Train - Loss (one batch): 0.00087
INFO | Val - Loss, MSE, RMSE, MAE: 0.00092, 0.00092, 0.03027, 0.01819
INFO | Test - Best epoch 202, Loss, MSE, RMSE, MAE: 0.06168, 0.06168, 0.24601, 0.14853
INFO | Time spent: 2.93s
INFO | - Epoch 211, ExpID 63826
INFO | Train - Loss (one batch): 0.00082
INFO | Val - Loss, MSE, RMSE, MAE: 0.00090, 0.00090, 0.03004, 0.01770
INFO | Test - Best epoch 202, Loss, MSE, RMSE, MAE: 0.06168, 0.06168, 0.24601, 0.14853
INFO | Time spent: 2.92s
INFO | - Epoch 212, ExpID 63826
INFO | Train - Loss (one batch): 0.00072
INFO | Val - Loss, MSE, RMSE, MAE: 0.00092, 0.00092, 0.03033, 0.01825
INFO | Test - Best epoch 202, Loss, MSE, RMSE, MAE: 0.06168, 0.06168, 0.24601, 0.14853
INFO | Time spent: 2.94s
INFO | - Epoch 213, ExpID 63826
INFO | Train - Loss (one batch): 0.00093
INFO | Val - Loss, MSE, RMSE, MAE: 0.00092, 0.00092, 0.03030, 0.01800
INFO | Test - Best epoch 202, Loss, MSE, RMSE, MAE: 0.06168, 0.06168, 0.24601, 0.14853
INFO | Time spent: 2.94s
INFO | - Epoch 214, ExpID 63826
INFO | Train - Loss (one batch): 0.00091
INFO | Val - Loss, MSE, RMSE, MAE: 0.00093, 0.00093, 0.03047, 0.01846
INFO | Test - Best epoch 202, Loss, MSE, RMSE, MAE: 0.06168, 0.06168, 0.24601, 0.14853
INFO | Time spent: 2.92s
INFO | - Epoch 215, ExpID 63826
INFO | Train - Loss (one batch): 0.00068
INFO | Val - Loss, MSE, RMSE, MAE: 0.00092, 0.00092, 0.03037, 0.01865
INFO | Test - Best epoch 202, Loss, MSE, RMSE, MAE: 0.06168, 0.06168, 0.24601, 0.14853
INFO | Time spent: 2.93s
INFO | - Epoch 216, ExpID 63826
INFO | Train - Loss (one batch): 0.00091
INFO | Val - Loss, MSE, RMSE, MAE: 0.00092, 0.00092, 0.03031, 0.01806
INFO | Test - Best epoch 202, Loss, MSE, RMSE, MAE: 0.06168, 0.06168, 0.24601, 0.14853
INFO | Time spent: 2.95s
INFO | - Epoch 217, ExpID 63826
INFO | Train - Loss (one batch): 0.00066
INFO | Val - Loss, MSE, RMSE, MAE: 0.00092, 0.00092, 0.03039, 0.01813
INFO | Test - Best epoch 202, Loss, MSE, RMSE, MAE: 0.06168, 0.06168, 0.24601, 0.14853
INFO | Time spent: 2.96s
INFO | - Epoch 218, ExpID 63826
INFO | Train - Loss (one batch): 0.00070
INFO | Val - Loss, MSE, RMSE, MAE: 0.00094, 0.00094, 0.03061, 0.01865
INFO | Test - Best epoch 202, Loss, MSE, RMSE, MAE: 0.06168, 0.06168, 0.24601, 0.14853
INFO | Time spent: 2.98s
INFO | - Epoch 219, ExpID 63826
INFO | Train - Loss (one batch): 0.00049
INFO | Val - Loss, MSE, RMSE, MAE: 0.00090, 0.00090, 0.03001, 0.01766
INFO | Test - Best epoch 202, Loss, MSE, RMSE, MAE: 0.06168, 0.06168, 0.24601, 0.14853
INFO | Time spent: 2.97s
INFO | - Epoch 220, ExpID 63826
INFO | Train - Loss (one batch): 0.00070
INFO | Val - Loss, MSE, RMSE, MAE: 0.00090, 0.00090, 0.03004, 0.01780
INFO | Test - Best epoch 202, Loss, MSE, RMSE, MAE: 0.06168, 0.06168, 0.24601, 0.14853
INFO | Time spent: 3.07s
INFO | - Epoch 221, ExpID 63826
INFO | Train - Loss (one batch): 0.00087
INFO | Val - Loss, MSE, RMSE, MAE: 0.00098, 0.00098, 0.03130, 0.01965
INFO | Test - Best epoch 202, Loss, MSE, RMSE, MAE: 0.06168, 0.06168, 0.24601, 0.14853
INFO | Time spent: 2.96s
INFO | - Epoch 222, ExpID 63826
INFO | Train - Loss (one batch): 0.00072
INFO | Val - Loss, MSE, RMSE, MAE: 0.00095, 0.00095, 0.03081, 0.01867
INFO | Test - Best epoch 202, Loss, MSE, RMSE, MAE: 0.06168, 0.06168, 0.24601, 0.14853
INFO | Time spent: 3.25s
INFO | - Epoch 223, ExpID 63826
INFO | Train - Loss (one batch): 0.00049
INFO | Val - Loss, MSE, RMSE, MAE: 0.00097, 0.00097, 0.03118, 0.01902
INFO | Test - Best epoch 202, Loss, MSE, RMSE, MAE: 0.06168, 0.06168, 0.24601, 0.14853
INFO | Time spent: 3.15s
INFO | - Epoch 224, ExpID 63826
INFO | Train - Loss (one batch): 0.00075
INFO | Val - Loss, MSE, RMSE, MAE: 0.00090, 0.00090, 0.03003, 0.01772
INFO | Test - Best epoch 202, Loss, MSE, RMSE, MAE: 0.06168, 0.06168, 0.24601, 0.14853
INFO | Time spent: 3.05s
INFO | - Epoch 225, ExpID 63826
INFO | Train - Loss (one batch): 0.00084
INFO | Val - Loss, MSE, RMSE, MAE: 0.00091, 0.00091, 0.03018, 0.01799
INFO | Test - Best epoch 202, Loss, MSE, RMSE, MAE: 0.06168, 0.06168, 0.24601, 0.14853
INFO | Time spent: 2.90s
INFO | - Epoch 226, ExpID 63826
INFO | Train - Loss (one batch): 0.00053
INFO | Val - Loss, MSE, RMSE, MAE: 0.00093, 0.00093, 0.03054, 0.01886
INFO | Test - Best epoch 202, Loss, MSE, RMSE, MAE: 0.06168, 0.06168, 0.24601, 0.14853
INFO | Time spent: 2.96s
INFO | - Epoch 227, ExpID 63826
INFO | Train - Loss (one batch): 0.00069
INFO | Val - Loss, MSE, RMSE, MAE: 0.00091, 0.00091, 0.03012, 0.01817
INFO | Test - Best epoch 202, Loss, MSE, RMSE, MAE: 0.06168, 0.06168, 0.24601, 0.14853
INFO | Time spent: 2.92s
INFO | - Epoch 228, ExpID 63826
INFO | Train - Loss (one batch): 0.00072
INFO | Val - Loss, MSE, RMSE, MAE: 0.00090, 0.00090, 0.03003, 0.01789
INFO | Test - Best epoch 202, Loss, MSE, RMSE, MAE: 0.06168, 0.06168, 0.24601, 0.14853
INFO | Time spent: 3.00s
INFO | - Epoch 229, ExpID 63826
INFO | Train - Loss (one batch): 0.00066
INFO | Val - Loss, MSE, RMSE, MAE: 0.00092, 0.00092, 0.03041, 0.01851
INFO | Test - Best epoch 202, Loss, MSE, RMSE, MAE: 0.06168, 0.06168, 0.24601, 0.14853
INFO | Time spent: 2.98s
INFO | - Epoch 230, ExpID 63826
INFO | Train - Loss (one batch): 0.00063
INFO | Val - Loss, MSE, RMSE, MAE: 0.00093, 0.00093, 0.03055, 0.01863
INFO | Test - Best epoch 202, Loss, MSE, RMSE, MAE: 0.06168, 0.06168, 0.24601, 0.14853
INFO | Time spent: 2.86s
INFO | - Epoch 231, ExpID 63826
INFO | Train - Loss (one batch): 0.00061
INFO | Val - Loss, MSE, RMSE, MAE: 0.00092, 0.00092, 0.03028, 0.01792
INFO | Test - Best epoch 202, Loss, MSE, RMSE, MAE: 0.06168, 0.06168, 0.24601, 0.14853
INFO | Time spent: 3.02s
INFO | - Epoch 232, ExpID 63826
INFO | Train - Loss (one batch): 0.00098
INFO | Val - Loss, MSE, RMSE, MAE: 0.00092, 0.00092, 0.03041, 0.01838
INFO | Test - Best epoch 202, Loss, MSE, RMSE, MAE: 0.06168, 0.06168, 0.24601, 0.14853
INFO | Time spent: 2.50s
INFO | - Epoch 233, ExpID 63826
INFO | Train - Loss (one batch): 0.00062
INFO | Val - Loss, MSE, RMSE, MAE: 0.00090, 0.00090, 0.03005, 0.01800
INFO | Test - Best epoch 202, Loss, MSE, RMSE, MAE: 0.06168, 0.06168, 0.24601, 0.14853
INFO | Time spent: 2.48s
INFO | - Epoch 234, ExpID 63826
INFO | Train - Loss (one batch): 0.00078
INFO | Val - Loss, MSE, RMSE, MAE: 0.00093, 0.00093, 0.03044, 0.01861
INFO | Test - Best epoch 202, Loss, MSE, RMSE, MAE: 0.06168, 0.06168, 0.24601, 0.14853
INFO | Time spent: 2.48s
INFO | - Epoch 235, ExpID 63826
INFO | Train - Loss (one batch): 0.00069
INFO | Val - Loss, MSE, RMSE, MAE: 0.00097, 0.00097, 0.03113, 0.01925
INFO | Test - Best epoch 202, Loss, MSE, RMSE, MAE: 0.06168, 0.06168, 0.24601, 0.14853
INFO | Time spent: 2.47s
INFO | - Epoch 236, ExpID 63826
INFO | Train - Loss (one batch): 0.00081
INFO | Val - Loss, MSE, RMSE, MAE: 0.00090, 0.00090, 0.03006, 0.01793
INFO | Test - Best epoch 202, Loss, MSE, RMSE, MAE: 0.06168, 0.06168, 0.24601, 0.14853
INFO | Time spent: 2.44s
INFO | - Epoch 237, ExpID 63826
INFO | Train - Loss (one batch): 0.00070
INFO | Val - Loss, MSE, RMSE, MAE: 0.00092, 0.00092, 0.03039, 0.01840
INFO | Test - Best epoch 202, Loss, MSE, RMSE, MAE: 0.06168, 0.06168, 0.24601, 0.14853
INFO | Time spent: 2.46s
INFO | - Epoch 238, ExpID 63826
INFO | Train - Loss (one batch): 0.00063
INFO | Val - Loss, MSE, RMSE, MAE: 0.00092, 0.00092, 0.03032, 0.01823
INFO | Test - Best epoch 202, Loss, MSE, RMSE, MAE: 0.06168, 0.06168, 0.24601, 0.14853
INFO | Time spent: 2.65s
INFO | - Epoch 239, ExpID 63826
INFO | Train - Loss (one batch): 0.00062
INFO | Val - Loss, MSE, RMSE, MAE: 0.00090, 0.00090, 0.03001, 0.01785
INFO | Test - Best epoch 202, Loss, MSE, RMSE, MAE: 0.06168, 0.06168, 0.24601, 0.14853
INFO | Time spent: 2.47s
INFO | - Epoch 240, ExpID 63826
INFO | Train - Loss (one batch): 0.00081
INFO | Val - Loss, MSE, RMSE, MAE: 0.00091, 0.00091, 0.03009, 0.01790
INFO | Test - Best epoch 202, Loss, MSE, RMSE, MAE: 0.06168, 0.06168, 0.24601, 0.14853
INFO | Time spent: 2.54s
INFO | - Epoch 241, ExpID 63826
INFO | Train - Loss (one batch): 0.00061
INFO | Val - Loss, MSE, RMSE, MAE: 0.00091, 0.00091, 0.03022, 0.01802
INFO | Test - Best epoch 202, Loss, MSE, RMSE, MAE: 0.06168, 0.06168, 0.24601, 0.14853
INFO | Time spent: 2.48s
INFO | - Epoch 242, ExpID 63826
INFO | Train - Loss (one batch): 0.00068
INFO | Val - Loss, MSE, RMSE, MAE: 0.00093, 0.00093, 0.03043, 0.01861
INFO | Test - Best epoch 202, Loss, MSE, RMSE, MAE: 0.06168, 0.06168, 0.24601, 0.14853
INFO | Time spent: 2.55s
INFO | - Epoch 243, ExpID 63826
INFO | Train - Loss (one batch): 0.00081
INFO | Val - Loss, MSE, RMSE, MAE: 0.00093, 0.00093, 0.03056, 0.01835
INFO | Test - Best epoch 202, Loss, MSE, RMSE, MAE: 0.06168, 0.06168, 0.24601, 0.14853
INFO | Time spent: 2.48s
INFO | - Epoch 244, ExpID 63826
INFO | Train - Loss (one batch): 0.00071
INFO | Val - Loss, MSE, RMSE, MAE: 0.00091, 0.00091, 0.03013, 0.01785
INFO | Test - Best epoch 202, Loss, MSE, RMSE, MAE: 0.06168, 0.06168, 0.24601, 0.14853
INFO | Time spent: 2.46s
INFO | - Epoch 245, ExpID 63826
INFO | Train - Loss (one batch): 0.00064
INFO | Val - Loss, MSE, RMSE, MAE: 0.00099, 0.00099, 0.03151, 0.01974
INFO | Test - Best epoch 202, Loss, MSE, RMSE, MAE: 0.06168, 0.06168, 0.24601, 0.14853
INFO | Time spent: 2.48s
INFO | - Epoch 246, ExpID 63826
INFO | Train - Loss (one batch): 0.00087
INFO | Val - Loss, MSE, RMSE, MAE: 0.00095, 0.00095, 0.03076, 0.01864
INFO | Test - Best epoch 202, Loss, MSE, RMSE, MAE: 0.06168, 0.06168, 0.24601, 0.14853
INFO | Time spent: 2.50s
INFO | - Epoch 247, ExpID 63826
INFO | Train - Loss (one batch): 0.00080
INFO | Val - Loss, MSE, RMSE, MAE: 0.00092, 0.00092, 0.03036, 0.01820
INFO | Test - Best epoch 202, Loss, MSE, RMSE, MAE: 0.06168, 0.06168, 0.24601, 0.14853
INFO | Time spent: 2.50s
INFO | - Epoch 248, ExpID 63826
INFO | Train - Loss (one batch): 0.00072
INFO | Val - Loss, MSE, RMSE, MAE: 0.00093, 0.00093, 0.03049, 0.01872
INFO | Test - Best epoch 202, Loss, MSE, RMSE, MAE: 0.06168, 0.06168, 0.24601, 0.14853
INFO | Time spent: 2.53s
INFO | - Epoch 249, ExpID 63826
INFO | Train - Loss (one batch): 0.00062
INFO | Val - Loss, MSE, RMSE, MAE: 0.00093, 0.00093, 0.03046, 0.01842
INFO | Test - Best epoch 202, Loss, MSE, RMSE, MAE: 0.06168, 0.06168, 0.24601, 0.14853
INFO | Time spent: 2.50s
INFO | - Epoch 250, ExpID 63826
INFO | Train - Loss (one batch): 0.00064
INFO | Val - Loss, MSE, RMSE, MAE: 0.00090, 0.00090, 0.03005, 0.01798
INFO | Test - Best epoch 202, Loss, MSE, RMSE, MAE: 0.06168, 0.06168, 0.24601, 0.14853
INFO | Time spent: 2.51s
INFO | - Epoch 251, ExpID 63826
INFO | Train - Loss (one batch): 0.00082
INFO | Val - Loss, MSE, RMSE, MAE: 0.00093, 0.00093, 0.03046, 0.01839
INFO | Test - Best epoch 202, Loss, MSE, RMSE, MAE: 0.06168, 0.06168, 0.24601, 0.14853
INFO | Time spent: 2.56s
INFO | - Epoch 252, ExpID 63826
INFO | Train - Loss (one batch): 0.00062
INFO | Val - Loss, MSE, RMSE, MAE: 0.00091, 0.00091, 0.03015, 0.01781
INFO | Test - Best epoch 202, Loss, MSE, RMSE, MAE: 0.06168, 0.06168, 0.24601, 0.14853
INFO | Time spent: 2.56s
INFO | - Epoch 253, ExpID 63826
INFO | Train - Loss (one batch): 0.00072
INFO | Val - Loss, MSE, RMSE, MAE: 0.00092, 0.00092, 0.03039, 0.01839
INFO | Test - Best epoch 202, Loss, MSE, RMSE, MAE: 0.06168, 0.06168, 0.24601, 0.14853
INFO | Time spent: 2.48s
INFO | - Epoch 254, ExpID 63826
INFO | Train - Loss (one batch): 0.00053
INFO | Val - Loss, MSE, RMSE, MAE: 0.00094, 0.00094, 0.03073, 0.01886
INFO | Test - Best epoch 202, Loss, MSE, RMSE, MAE: 0.06168, 0.06168, 0.24601, 0.14853
INFO | Time spent: 2.49s
INFO | - Epoch 255, ExpID 63826
INFO | Train - Loss (one batch): 0.00078
INFO | Val - Loss, MSE, RMSE, MAE: 0.00091, 0.00091, 0.03018, 0.01803
INFO | Test - Best epoch 202, Loss, MSE, RMSE, MAE: 0.06168, 0.06168, 0.24601, 0.14853
INFO | Time spent: 2.46s
INFO | - Epoch 256, ExpID 63826
INFO | Train - Loss (one batch): 0.00099
INFO | Val - Loss, MSE, RMSE, MAE: 0.00094, 0.00094, 0.03064, 0.01862
INFO | Test - Best epoch 202, Loss, MSE, RMSE, MAE: 0.06168, 0.06168, 0.24601, 0.14853
INFO | Time spent: 2.50s
INFO | - Epoch 257, ExpID 63826
INFO | Train - Loss (one batch): 0.00081
INFO | Val - Loss, MSE, RMSE, MAE: 0.00091, 0.00091, 0.03013, 0.01784
INFO | Test - Best epoch 202, Loss, MSE, RMSE, MAE: 0.06168, 0.06168, 0.24601, 0.14853
INFO | Time spent: 2.53s
INFO | - Epoch 258, ExpID 63826
INFO | Train - Loss (one batch): 0.00106
INFO | Val - Loss, MSE, RMSE, MAE: 0.00094, 0.00094, 0.03071, 0.01859
INFO | Test - Best epoch 202, Loss, MSE, RMSE, MAE: 0.06168, 0.06168, 0.24601, 0.14853
INFO | Time spent: 2.45s
INFO | - Epoch 259, ExpID 63826
INFO | Train - Loss (one batch): 0.00068
INFO | Val - Loss, MSE, RMSE, MAE: 0.00090, 0.00090, 0.03007, 0.01789
INFO | Test - Best epoch 202, Loss, MSE, RMSE, MAE: 0.06168, 0.06168, 0.24601, 0.14853
INFO | Time spent: 2.48s
INFO | - Epoch 260, ExpID 63826
INFO | Train - Loss (one batch): 0.00094
INFO | Val - Loss, MSE, RMSE, MAE: 0.00092, 0.00092, 0.03035, 0.01823
INFO | Test - Best epoch 202, Loss, MSE, RMSE, MAE: 0.06168, 0.06168, 0.24601, 0.14853
INFO | Time spent: 2.42s
INFO | - Epoch 261, ExpID 63826
INFO | Train - Loss (one batch): 0.00075
INFO | Val - Loss, MSE, RMSE, MAE: 0.00096, 0.00096, 0.03092, 0.01935
INFO | Test - Best epoch 202, Loss, MSE, RMSE, MAE: 0.06168, 0.06168, 0.24601, 0.14853
INFO | Time spent: 2.42s
INFO | - Epoch 262, ExpID 63826
INFO | Train - Loss (one batch): 0.00061
INFO | Val - Loss, MSE, RMSE, MAE: 0.00096, 0.00096, 0.03093, 0.01933
INFO | Test - Best epoch 202, Loss, MSE, RMSE, MAE: 0.06168, 0.06168, 0.24601, 0.14853
INFO | Time spent: 2.40s
INFO | - Epoch 263, ExpID 63826
INFO | Train - Loss (one batch): 0.00065
INFO | Val - Loss, MSE, RMSE, MAE: 0.00089, 0.00089, 0.02991, 0.01769
INFO | Test - Best epoch 202, Loss, MSE, RMSE, MAE: 0.06168, 0.06168, 0.24601, 0.14853
INFO | Time spent: 2.41s
INFO | - Epoch 264, ExpID 63826
INFO | Train - Loss (one batch): 0.00078
INFO | Val - Loss, MSE, RMSE, MAE: 0.00094, 0.00094, 0.03059, 0.01855
INFO | Test - Best epoch 202, Loss, MSE, RMSE, MAE: 0.06168, 0.06168, 0.24601, 0.14853
INFO | Time spent: 2.44s
INFO | - Epoch 265, ExpID 63826
INFO | Train - Loss (one batch): 0.00051
INFO | Val - Loss, MSE, RMSE, MAE: 0.00093, 0.00093, 0.03056, 0.01852
INFO | Test - Best epoch 202, Loss, MSE, RMSE, MAE: 0.06168, 0.06168, 0.24601, 0.14853
INFO | Time spent: 2.50s
INFO | - Epoch 266, ExpID 63826
INFO | Train - Loss (one batch): 0.00068
INFO | Val - Loss, MSE, RMSE, MAE: 0.00091, 0.00091, 0.03016, 0.01793
INFO | Test - Best epoch 202, Loss, MSE, RMSE, MAE: 0.06168, 0.06168, 0.24601, 0.14853
INFO | Time spent: 2.41s
INFO | - Epoch 267, ExpID 63826
INFO | Train - Loss (one batch): 0.00066
INFO | Val - Loss, MSE, RMSE, MAE: 0.00095, 0.00095, 0.03084, 0.01891
INFO | Test - Best epoch 202, Loss, MSE, RMSE, MAE: 0.06168, 0.06168, 0.24601, 0.14853
INFO | Time spent: 2.42s
INFO | - Epoch 268, ExpID 63826
INFO | Train - Loss (one batch): 0.00065
INFO | Val - Loss, MSE, RMSE, MAE: 0.00090, 0.00090, 0.03006, 0.01787
INFO | Test - Best epoch 202, Loss, MSE, RMSE, MAE: 0.06168, 0.06168, 0.24601, 0.14853
INFO | Time spent: 2.41s
INFO | - Epoch 269, ExpID 63826
INFO | Train - Loss (one batch): 0.00082
INFO | Val - Loss, MSE, RMSE, MAE: 0.00091, 0.00091, 0.03014, 0.01798
INFO | Test - Best epoch 202, Loss, MSE, RMSE, MAE: 0.06168, 0.06168, 0.24601, 0.14853
INFO | Time spent: 2.42s
INFO | - Epoch 270, ExpID 63826
INFO | Train - Loss (one batch): 0.00059
INFO | Val - Loss, MSE, RMSE, MAE: 0.00094, 0.00094, 0.03066, 0.01880
INFO | Test - Best epoch 202, Loss, MSE, RMSE, MAE: 0.06168, 0.06168, 0.24601, 0.14853
INFO | Time spent: 2.47s
INFO | - Epoch 271, ExpID 63826
INFO | Train - Loss (one batch): 0.00079
INFO | Val - Loss, MSE, RMSE, MAE: 0.00093, 0.00093, 0.03044, 0.01861
INFO | Test - Best epoch 202, Loss, MSE, RMSE, MAE: 0.06168, 0.06168, 0.24601, 0.14853
INFO | Time spent: 2.58s
INFO | - Epoch 272, ExpID 63826
INFO | Train - Loss (one batch): 0.00066
INFO | Val - Loss, MSE, RMSE, MAE: 0.00091, 0.00091, 0.03012, 0.01788
INFO | Test - Best epoch 202, Loss, MSE, RMSE, MAE: 0.06168, 0.06168, 0.24601, 0.14853
INFO | Time spent: 2.49s
INFO | - Epoch 273, ExpID 63826
INFO | Train - Loss (one batch): 0.00060
INFO | Val - Loss, MSE, RMSE, MAE: 0.00091, 0.00091, 0.03020, 0.01808
INFO | Test - Best epoch 202, Loss, MSE, RMSE, MAE: 0.06168, 0.06168, 0.24601, 0.14853
INFO | Time spent: 2.52s
INFO | - Epoch 274, ExpID 63826
INFO | Train - Loss (one batch): 0.00091
INFO | Val - Loss, MSE, RMSE, MAE: 0.00097, 0.00097, 0.03117, 0.01939
INFO | Test - Best epoch 202, Loss, MSE, RMSE, MAE: 0.06168, 0.06168, 0.24601, 0.14853
INFO | Time spent: 2.46s
INFO | - Epoch 275, ExpID 63826
INFO | Train - Loss (one batch): 0.00084
INFO | Val - Loss, MSE, RMSE, MAE: 0.00092, 0.00092, 0.03030, 0.01814
INFO | Test - Best epoch 202, Loss, MSE, RMSE, MAE: 0.06168, 0.06168, 0.24601, 0.14853
INFO | Time spent: 2.50s
INFO | - Epoch 276, ExpID 63826
INFO | Train - Loss (one batch): 0.00066
INFO | Val - Loss, MSE, RMSE, MAE: 0.00092, 0.00092, 0.03036, 0.01809
INFO | Test - Best epoch 202, Loss, MSE, RMSE, MAE: 0.06168, 0.06168, 0.24601, 0.14853
INFO | Time spent: 2.46s
INFO | - Epoch 277, ExpID 63826
INFO | Train - Loss (one batch): 0.00100
INFO | Val - Loss, MSE, RMSE, MAE: 0.00093, 0.00093, 0.03056, 0.01837
INFO | Test - Best epoch 202, Loss, MSE, RMSE, MAE: 0.06168, 0.06168, 0.24601, 0.14853
INFO | Time spent: 2.49s
INFO | - Epoch 278, ExpID 63826
INFO | Train - Loss (one batch): 0.00051
INFO | Val - Loss, MSE, RMSE, MAE: 0.00103, 0.00103, 0.03214, 0.02087
INFO | Test - Best epoch 202, Loss, MSE, RMSE, MAE: 0.06168, 0.06168, 0.24601, 0.14853
INFO | Time spent: 2.78s
INFO | - Epoch 279, ExpID 63826
INFO | Train - Loss (one batch): 0.00070
INFO | Val - Loss, MSE, RMSE, MAE: 0.00092, 0.00092, 0.03031, 0.01815
INFO | Test - Best epoch 202, Loss, MSE, RMSE, MAE: 0.06168, 0.06168, 0.24601, 0.14853
INFO | Time spent: 2.48s
INFO | - Epoch 280, ExpID 63826
INFO | Train - Loss (one batch): 0.00065
INFO | Val - Loss, MSE, RMSE, MAE: 0.00092, 0.00092, 0.03033, 0.01802
INFO | Test - Best epoch 202, Loss, MSE, RMSE, MAE: 0.06168, 0.06168, 0.24601, 0.14853
INFO | Time spent: 2.67s
INFO | - Epoch 281, ExpID 63826
INFO | Train - Loss (one batch): 0.00060
INFO | Val - Loss, MSE, RMSE, MAE: 0.00091, 0.00091, 0.03015, 0.01785
INFO | Test - Best epoch 202, Loss, MSE, RMSE, MAE: 0.06168, 0.06168, 0.24601, 0.14853
INFO | Time spent: 2.46s
INFO | - Epoch 282, ExpID 63826
INFO | Train - Loss (one batch): 0.00060
INFO | Val - Loss, MSE, RMSE, MAE: 0.00091, 0.00091, 0.03014, 0.01797
INFO | Test - Best epoch 202, Loss, MSE, RMSE, MAE: 0.06168, 0.06168, 0.24601, 0.14853
INFO | Time spent: 2.50s
INFO | - Epoch 283, ExpID 63826
INFO | Train - Loss (one batch): 0.00069
INFO | Val - Loss, MSE, RMSE, MAE: 0.00092, 0.00092, 0.03026, 0.01806
INFO | Test - Best epoch 202, Loss, MSE, RMSE, MAE: 0.06168, 0.06168, 0.24601, 0.14853
INFO | Time spent: 2.47s
INFO | - Epoch 284, ExpID 63826
INFO | Train - Loss (one batch): 0.00059
INFO | Val - Loss, MSE, RMSE, MAE: 0.00096, 0.00096, 0.03101, 0.01949
INFO | Test - Best epoch 202, Loss, MSE, RMSE, MAE: 0.06168, 0.06168, 0.24601, 0.14853
INFO | Time spent: 2.72s
INFO | - Epoch 285, ExpID 63826
INFO | Train - Loss (one batch): 0.00065
INFO | Val - Loss, MSE, RMSE, MAE: 0.00092, 0.00092, 0.03033, 0.01846
INFO | Test - Best epoch 202, Loss, MSE, RMSE, MAE: 0.06168, 0.06168, 0.24601, 0.14853
INFO | Time spent: 2.79s
INFO | - Epoch 286, ExpID 63826
INFO | Train - Loss (one batch): 0.00055
INFO | Val - Loss, MSE, RMSE, MAE: 0.00093, 0.00093, 0.03053, 0.01841
INFO | Test - Best epoch 202, Loss, MSE, RMSE, MAE: 0.06168, 0.06168, 0.24601, 0.14853
INFO | Time spent: 2.48s
INFO | - Epoch 287, ExpID 63826
INFO | Train - Loss (one batch): 0.00074
INFO | Val - Loss, MSE, RMSE, MAE: 0.00092, 0.00092, 0.03037, 0.01821
INFO | Test - Best epoch 202, Loss, MSE, RMSE, MAE: 0.06168, 0.06168, 0.24601, 0.14853
INFO | Time spent: 2.54s
INFO | - Epoch 288, ExpID 63826
INFO | Train - Loss (one batch): 0.00064
INFO | Val - Loss, MSE, RMSE, MAE: 0.00091, 0.00091, 0.03018, 0.01779
INFO | Test - Best epoch 202, Loss, MSE, RMSE, MAE: 0.06168, 0.06168, 0.24601, 0.14853
INFO | Time spent: 2.48s
INFO | - Epoch 289, ExpID 63826
INFO | Train - Loss (one batch): 0.00071
INFO | Val - Loss, MSE, RMSE, MAE: 0.00091, 0.00091, 0.03012, 0.01786
INFO | Test - Best epoch 202, Loss, MSE, RMSE, MAE: 0.06168, 0.06168, 0.24601, 0.14853
INFO | Time spent: 2.48s
INFO | - Epoch 290, ExpID 63826
INFO | Train - Loss (one batch): 0.00062
INFO | Val - Loss, MSE, RMSE, MAE: 0.00092, 0.00092, 0.03026, 0.01789
INFO | Test - Best epoch 202, Loss, MSE, RMSE, MAE: 0.06168, 0.06168, 0.24601, 0.14853
INFO | Time spent: 2.46s
INFO | - Epoch 291, ExpID 63826
INFO | Train - Loss (one batch): 0.00101
INFO | Val - Loss, MSE, RMSE, MAE: 0.00093, 0.00093, 0.03056, 0.01871
INFO | Test - Best epoch 202, Loss, MSE, RMSE, MAE: 0.06168, 0.06168, 0.24601, 0.14853
INFO | Time spent: 2.58s
INFO | - Epoch 292, ExpID 63826
INFO | Train - Loss (one batch): 0.00072
INFO | Val - Loss, MSE, RMSE, MAE: 0.00093, 0.00093, 0.03044, 0.01813
INFO | Test - Best epoch 202, Loss, MSE, RMSE, MAE: 0.06168, 0.06168, 0.24601, 0.14853
INFO | Time spent: 2.47s
INFO | - Epoch 293, ExpID 63826
INFO | Train - Loss (one batch): 0.00081
INFO | Val - Loss, MSE, RMSE, MAE: 0.00093, 0.00093, 0.03046, 0.01825
INFO | Test - Best epoch 202, Loss, MSE, RMSE, MAE: 0.06168, 0.06168, 0.24601, 0.14853
INFO | Time spent: 2.49s
INFO | - Epoch 294, ExpID 63826
INFO | Train - Loss (one batch): 0.00075
INFO | Val - Loss, MSE, RMSE, MAE: 0.00093, 0.00093, 0.03045, 0.01853
INFO | Test - Best epoch 202, Loss, MSE, RMSE, MAE: 0.06168, 0.06168, 0.24601, 0.14853
INFO | Time spent: 2.50s
INFO | - Epoch 295, ExpID 63826
INFO | Train - Loss (one batch): 0.00062
INFO | Val - Loss, MSE, RMSE, MAE: 0.00092, 0.00092, 0.03033, 0.01814
INFO | Test - Best epoch 202, Loss, MSE, RMSE, MAE: 0.06168, 0.06168, 0.24601, 0.14853
INFO | Time spent: 2.51s
INFO | - Epoch 296, ExpID 63826
INFO | Train - Loss (one batch): 0.00079
INFO | Val - Loss, MSE, RMSE, MAE: 0.00097, 0.00097, 0.03110, 0.01903
INFO | Test - Best epoch 202, Loss, MSE, RMSE, MAE: 0.06168, 0.06168, 0.24601, 0.14853
INFO | Time spent: 2.61s
INFO | - Epoch 297, ExpID 63826
INFO | Train - Loss (one batch): 0.00088
INFO | Val - Loss, MSE, RMSE, MAE: 0.00091, 0.00091, 0.03023, 0.01797
INFO | Test - Best epoch 202, Loss, MSE, RMSE, MAE: 0.06168, 0.06168, 0.24601, 0.14853
INFO | Time spent: 2.51s
INFO | - Epoch 298, ExpID 63826
INFO | Train - Loss (one batch): 0.00063
INFO | Val - Loss, MSE, RMSE, MAE: 0.00092, 0.00092, 0.03032, 0.01824
INFO | Test - Best epoch 202, Loss, MSE, RMSE, MAE: 0.06168, 0.06168, 0.24601, 0.14853
INFO | Time spent: 2.49s
INFO | - Epoch 299, ExpID 63826
INFO | Train - Loss (one batch): 0.00093
INFO | Val - Loss, MSE, RMSE, MAE: 0.00093, 0.00093, 0.03046, 0.01831
INFO | Test - Best epoch 202, Loss, MSE, RMSE, MAE: 0.06168, 0.06168, 0.24601, 0.14853
INFO | Time spent: 2.47s
INFO | - Epoch 000, ExpID 43538
INFO | Train - Loss (one batch): 0.01144
INFO | Val - Loss, MSE, RMSE, MAE: 0.01156, 0.01156, 0.10752, 0.08729
INFO | Test - Best epoch 0, Loss, MSE, RMSE, MAE: 0.76758, 0.76758, 0.87396, 0.70505
INFO | Time spent: 5.17s
INFO | - Epoch 001, ExpID 43538
INFO | Train - Loss (one batch): 0.00211
INFO | Val - Loss, MSE, RMSE, MAE: 0.00181, 0.00181, 0.04252, 0.02996
INFO | Test - Best epoch 1, Loss, MSE, RMSE, MAE: 0.11854, 0.11854, 0.34291, 0.24694
INFO | Time spent: 4.12s
INFO | - Epoch 002, ExpID 43538
INFO | Train - Loss (one batch): 0.00150
INFO | Val - Loss, MSE, RMSE, MAE: 0.00175, 0.00175, 0.04181, 0.02909
INFO | Test - Best epoch 2, Loss, MSE, RMSE, MAE: 0.11302, 0.11302, 0.33445, 0.23805
INFO | Time spent: 3.81s
INFO | - Epoch 003, ExpID 43538
INFO | Train - Loss (one batch): 0.00160
INFO | Val - Loss, MSE, RMSE, MAE: 0.00140, 0.00140, 0.03742, 0.02451
INFO | Test - Best epoch 3, Loss, MSE, RMSE, MAE: 0.08929, 0.08929, 0.29686, 0.19883
INFO | Time spent: 3.27s
INFO | - Epoch 004, ExpID 43538
INFO | Train - Loss (one batch): 0.00127
INFO | Val - Loss, MSE, RMSE, MAE: 0.00169, 0.00169, 0.04106, 0.02978
INFO | Test - Best epoch 3, Loss, MSE, RMSE, MAE: 0.08929, 0.08929, 0.29686, 0.19883
INFO | Time spent: 2.42s
INFO | - Epoch 005, ExpID 43538
INFO | Train - Loss (one batch): 0.00110
INFO | Val - Loss, MSE, RMSE, MAE: 0.00156, 0.00156, 0.03949, 0.02657
INFO | Test - Best epoch 3, Loss, MSE, RMSE, MAE: 0.08929, 0.08929, 0.29686, 0.19883
INFO | Time spent: 2.45s
INFO | - Epoch 006, ExpID 43538
INFO | Train - Loss (one batch): 0.00149
INFO | Val - Loss, MSE, RMSE, MAE: 0.00124, 0.00124, 0.03526, 0.02254
INFO | Test - Best epoch 6, Loss, MSE, RMSE, MAE: 0.08036, 0.08036, 0.28156, 0.18419
INFO | Time spent: 3.33s
INFO | - Epoch 007, ExpID 43538
INFO | Train - Loss (one batch): 0.00246
INFO | Val - Loss, MSE, RMSE, MAE: 0.00175, 0.00175, 0.04185, 0.03159
INFO | Test - Best epoch 6, Loss, MSE, RMSE, MAE: 0.08036, 0.08036, 0.28156, 0.18419
INFO | Time spent: 2.34s
INFO | - Epoch 008, ExpID 43538
INFO | Train - Loss (one batch): 0.00106
INFO | Val - Loss, MSE, RMSE, MAE: 0.00146, 0.00146, 0.03817, 0.02675
INFO | Test - Best epoch 6, Loss, MSE, RMSE, MAE: 0.08036, 0.08036, 0.28156, 0.18419
INFO | Time spent: 2.33s
INFO | - Epoch 009, ExpID 43538
INFO | Train - Loss (one batch): 0.00094
INFO | Val - Loss, MSE, RMSE, MAE: 0.00119, 0.00119, 0.03452, 0.02156
INFO | Test - Best epoch 9, Loss, MSE, RMSE, MAE: 0.07637, 0.07637, 0.27445, 0.17562
INFO | Time spent: 3.25s
INFO | - Epoch 010, ExpID 43538
INFO | Train - Loss (one batch): 0.00105
INFO | Val - Loss, MSE, RMSE, MAE: 0.00119, 0.00119, 0.03447, 0.02187
INFO | Test - Best epoch 10, Loss, MSE, RMSE, MAE: 0.07674, 0.07674, 0.27527, 0.17854
INFO | Time spent: 3.27s
INFO | - Epoch 011, ExpID 43538
INFO | Train - Loss (one batch): 0.00144
INFO | Val - Loss, MSE, RMSE, MAE: 0.00143, 0.00143, 0.03777, 0.02625
INFO | Test - Best epoch 10, Loss, MSE, RMSE, MAE: 0.07674, 0.07674, 0.27527, 0.17854
INFO | Time spent: 2.43s
INFO | - Epoch 012, ExpID 43538
INFO | Train - Loss (one batch): 0.00106
INFO | Val - Loss, MSE, RMSE, MAE: 0.00147, 0.00147, 0.03838, 0.02740
INFO | Test - Best epoch 10, Loss, MSE, RMSE, MAE: 0.07674, 0.07674, 0.27527, 0.17854
INFO | Time spent: 2.44s
INFO | - Epoch 013, ExpID 43538
INFO | Train - Loss (one batch): 0.00106
INFO | Val - Loss, MSE, RMSE, MAE: 0.00145, 0.00145, 0.03804, 0.02670
INFO | Test - Best epoch 10, Loss, MSE, RMSE, MAE: 0.07674, 0.07674, 0.27527, 0.17854
INFO | Time spent: 2.45s
INFO | - Epoch 014, ExpID 43538
INFO | Train - Loss (one batch): 0.00137
INFO | Val - Loss, MSE, RMSE, MAE: 0.00123, 0.00123, 0.03502, 0.02245
INFO | Test - Best epoch 10, Loss, MSE, RMSE, MAE: 0.07674, 0.07674, 0.27527, 0.17854
INFO | Time spent: 2.47s
INFO | - Epoch 015, ExpID 43538
INFO | Train - Loss (one batch): 0.00155
INFO | Val - Loss, MSE, RMSE, MAE: 0.00159, 0.00159, 0.03985, 0.02929
INFO | Test - Best epoch 10, Loss, MSE, RMSE, MAE: 0.07674, 0.07674, 0.27527, 0.17854
INFO | Time spent: 2.43s
INFO | - Epoch 016, ExpID 43538
INFO | Train - Loss (one batch): 0.00116
INFO | Val - Loss, MSE, RMSE, MAE: 0.00115, 0.00115, 0.03398, 0.02087
INFO | Test - Best epoch 16, Loss, MSE, RMSE, MAE: 0.07393, 0.07393, 0.26993, 0.16977
INFO | Time spent: 3.28s
INFO | - Epoch 017, ExpID 43538
INFO | Train - Loss (one batch): 0.00102
INFO | Val - Loss, MSE, RMSE, MAE: 0.00130, 0.00130, 0.03608, 0.02387
INFO | Test - Best epoch 16, Loss, MSE, RMSE, MAE: 0.07393, 0.07393, 0.26993, 0.16977
INFO | Time spent: 2.45s
INFO | - Epoch 018, ExpID 43538
INFO | Train - Loss (one batch): 0.00109
INFO | Val - Loss, MSE, RMSE, MAE: 0.00115, 0.00115, 0.03389, 0.02094
INFO | Test - Best epoch 18, Loss, MSE, RMSE, MAE: 0.07323, 0.07323, 0.26844, 0.17035
INFO | Time spent: 3.28s
INFO | - Epoch 019, ExpID 43538
INFO | Train - Loss (one batch): 0.00096
INFO | Val - Loss, MSE, RMSE, MAE: 0.00121, 0.00121, 0.03473, 0.02258
INFO | Test - Best epoch 18, Loss, MSE, RMSE, MAE: 0.07323, 0.07323, 0.26844, 0.17035
INFO | Time spent: 2.45s
INFO | - Epoch 020, ExpID 43538
INFO | Train - Loss (one batch): 0.00112
INFO | Val - Loss, MSE, RMSE, MAE: 0.00114, 0.00114, 0.03377, 0.02113
INFO | Test - Best epoch 20, Loss, MSE, RMSE, MAE: 0.07365, 0.07365, 0.26948, 0.17308
INFO | Time spent: 3.28s
INFO | - Epoch 021, ExpID 43538
INFO | Train - Loss (one batch): 0.00126
INFO | Val - Loss, MSE, RMSE, MAE: 0.00121, 0.00121, 0.03477, 0.02218
INFO | Test - Best epoch 20, Loss, MSE, RMSE, MAE: 0.07365, 0.07365, 0.26948, 0.17308
INFO | Time spent: 2.43s
INFO | - Epoch 022, ExpID 43538
INFO | Train - Loss (one batch): 0.00104
INFO | Val - Loss, MSE, RMSE, MAE: 0.00131, 0.00131, 0.03622, 0.02454
INFO | Test - Best epoch 20, Loss, MSE, RMSE, MAE: 0.07365, 0.07365, 0.26948, 0.17308
INFO | Time spent: 2.42s
INFO | - Epoch 023, ExpID 43538
INFO | Train - Loss (one batch): 0.00109
INFO | Val - Loss, MSE, RMSE, MAE: 0.00110, 0.00110, 0.03322, 0.02027
INFO | Test - Best epoch 23, Loss, MSE, RMSE, MAE: 0.07084, 0.07084, 0.26407, 0.16530
INFO | Time spent: 3.26s
INFO | - Epoch 024, ExpID 43538
INFO | Train - Loss (one batch): 0.00112
INFO | Val - Loss, MSE, RMSE, MAE: 0.00111, 0.00111, 0.03338, 0.02062
INFO | Test - Best epoch 23, Loss, MSE, RMSE, MAE: 0.07084, 0.07084, 0.26407, 0.16530
INFO | Time spent: 2.52s
INFO | - Epoch 025, ExpID 43538
INFO | Train - Loss (one batch): 0.00096
INFO | Val - Loss, MSE, RMSE, MAE: 0.00117, 0.00117, 0.03422, 0.02162
INFO | Test - Best epoch 23, Loss, MSE, RMSE, MAE: 0.07084, 0.07084, 0.26407, 0.16530
INFO | Time spent: 2.42s
INFO | - Epoch 026, ExpID 43538
INFO | Train - Loss (one batch): 0.00116
INFO | Val - Loss, MSE, RMSE, MAE: 0.00127, 0.00127, 0.03563, 0.02399
INFO | Test - Best epoch 23, Loss, MSE, RMSE, MAE: 0.07084, 0.07084, 0.26407, 0.16530
INFO | Time spent: 2.43s
INFO | - Epoch 027, ExpID 43538
INFO | Train - Loss (one batch): 0.00118
INFO | Val - Loss, MSE, RMSE, MAE: 0.00118, 0.00118, 0.03434, 0.02219
INFO | Test - Best epoch 23, Loss, MSE, RMSE, MAE: 0.07084, 0.07084, 0.26407, 0.16530
INFO | Time spent: 2.73s
INFO | - Epoch 028, ExpID 43538
INFO | Train - Loss (one batch): 0.00126
INFO | Val - Loss, MSE, RMSE, MAE: 0.00139, 0.00139, 0.03735, 0.02638
INFO | Test - Best epoch 23, Loss, MSE, RMSE, MAE: 0.07084, 0.07084, 0.26407, 0.16530
INFO | Time spent: 2.48s
INFO | - Epoch 029, ExpID 43538
INFO | Train - Loss (one batch): 0.00122
INFO | Val - Loss, MSE, RMSE, MAE: 0.00115, 0.00115, 0.03398, 0.02170
INFO | Test - Best epoch 23, Loss, MSE, RMSE, MAE: 0.07084, 0.07084, 0.26407, 0.16530
INFO | Time spent: 2.42s
INFO | - Epoch 030, ExpID 43538
INFO | Train - Loss (one batch): 0.00088
INFO | Val - Loss, MSE, RMSE, MAE: 0.00175, 0.00175, 0.04181, 0.03206
INFO | Test - Best epoch 23, Loss, MSE, RMSE, MAE: 0.07084, 0.07084, 0.26407, 0.16530
INFO | Time spent: 2.57s
INFO | - Epoch 031, ExpID 43538
INFO | Train - Loss (one batch): 0.00084
INFO | Val - Loss, MSE, RMSE, MAE: 0.00114, 0.00114, 0.03375, 0.02142
INFO | Test - Best epoch 23, Loss, MSE, RMSE, MAE: 0.07084, 0.07084, 0.26407, 0.16530
INFO | Time spent: 2.40s
INFO | - Epoch 032, ExpID 43538
INFO | Train - Loss (one batch): 0.00139
INFO | Val - Loss, MSE, RMSE, MAE: 0.00154, 0.00154, 0.03926, 0.02880
INFO | Test - Best epoch 23, Loss, MSE, RMSE, MAE: 0.07084, 0.07084, 0.26407, 0.16530
INFO | Time spent: 2.75s
INFO | - Epoch 033, ExpID 43538
INFO | Train - Loss (one batch): 0.00118
INFO | Val - Loss, MSE, RMSE, MAE: 0.00115, 0.00115, 0.03395, 0.02166
INFO | Test - Best epoch 23, Loss, MSE, RMSE, MAE: 0.07084, 0.07084, 0.26407, 0.16530
INFO | Time spent: 2.42s
INFO | - Epoch 034, ExpID 43538
INFO | Train - Loss (one batch): 0.00106
INFO | Val - Loss, MSE, RMSE, MAE: 0.00132, 0.00132, 0.03634, 0.02512
INFO | Test - Best epoch 23, Loss, MSE, RMSE, MAE: 0.07084, 0.07084, 0.26407, 0.16530
INFO | Time spent: 2.44s
INFO | - Epoch 035, ExpID 43538
INFO | Train - Loss (one batch): 0.00112
INFO | Val - Loss, MSE, RMSE, MAE: 0.00121, 0.00121, 0.03480, 0.02296
INFO | Test - Best epoch 23, Loss, MSE, RMSE, MAE: 0.07084, 0.07084, 0.26407, 0.16530
INFO | Time spent: 2.43s
INFO | - Epoch 036, ExpID 43538
INFO | Train - Loss (one batch): 0.00117
INFO | Val - Loss, MSE, RMSE, MAE: 0.00130, 0.00130, 0.03606, 0.02443
INFO | Test - Best epoch 23, Loss, MSE, RMSE, MAE: 0.07084, 0.07084, 0.26407, 0.16530
INFO | Time spent: 2.44s
INFO | - Epoch 037, ExpID 43538
INFO | Train - Loss (one batch): 0.00109
INFO | Val - Loss, MSE, RMSE, MAE: 0.00117, 0.00117, 0.03424, 0.02191
INFO | Test - Best epoch 23, Loss, MSE, RMSE, MAE: 0.07084, 0.07084, 0.26407, 0.16530
INFO | Time spent: 2.41s
INFO | - Epoch 038, ExpID 43538
INFO | Train - Loss (one batch): 0.00103
INFO | Val - Loss, MSE, RMSE, MAE: 0.00141, 0.00141, 0.03754, 0.02642
INFO | Test - Best epoch 23, Loss, MSE, RMSE, MAE: 0.07084, 0.07084, 0.26407, 0.16530
INFO | Time spent: 2.41s
INFO | - Epoch 039, ExpID 43538
INFO | Train - Loss (one batch): 0.00080
INFO | Val - Loss, MSE, RMSE, MAE: 0.00131, 0.00131, 0.03619, 0.02485
INFO | Test - Best epoch 23, Loss, MSE, RMSE, MAE: 0.07084, 0.07084, 0.26407, 0.16530
INFO | Time spent: 2.43s
INFO | - Epoch 040, ExpID 43538
INFO | Train - Loss (one batch): 0.00103
INFO | Val - Loss, MSE, RMSE, MAE: 0.00110, 0.00110, 0.03321, 0.02049
INFO | Test - Best epoch 40, Loss, MSE, RMSE, MAE: 0.07092, 0.07092, 0.26438, 0.16738
INFO | Time spent: 3.27s
INFO | - Epoch 041, ExpID 43538
INFO | Train - Loss (one batch): 0.00099
INFO | Val - Loss, MSE, RMSE, MAE: 0.00129, 0.00129, 0.03589, 0.02442
INFO | Test - Best epoch 40, Loss, MSE, RMSE, MAE: 0.07092, 0.07092, 0.26438, 0.16738
INFO | Time spent: 2.44s
INFO | - Epoch 042, ExpID 43538
INFO | Train - Loss (one batch): 0.00138
INFO | Val - Loss, MSE, RMSE, MAE: 0.00119, 0.00119, 0.03443, 0.02239
INFO | Test - Best epoch 40, Loss, MSE, RMSE, MAE: 0.07092, 0.07092, 0.26438, 0.16738
INFO | Time spent: 2.46s
INFO | - Epoch 043, ExpID 43538
INFO | Train - Loss (one batch): 0.00123
INFO | Val - Loss, MSE, RMSE, MAE: 0.00115, 0.00115, 0.03393, 0.02165
INFO | Test - Best epoch 40, Loss, MSE, RMSE, MAE: 0.07092, 0.07092, 0.26438, 0.16738
INFO | Time spent: 2.44s
INFO | - Epoch 044, ExpID 43538
INFO | Train - Loss (one batch): 0.00124
INFO | Val - Loss, MSE, RMSE, MAE: 0.00115, 0.00115, 0.03390, 0.02163
INFO | Test - Best epoch 40, Loss, MSE, RMSE, MAE: 0.07092, 0.07092, 0.26438, 0.16738
INFO | Time spent: 2.43s
INFO | - Epoch 045, ExpID 43538
INFO | Train - Loss (one batch): 0.00073
INFO | Val - Loss, MSE, RMSE, MAE: 0.00153, 0.00153, 0.03912, 0.02883
INFO | Test - Best epoch 40, Loss, MSE, RMSE, MAE: 0.07092, 0.07092, 0.26438, 0.16738
INFO | Time spent: 2.42s
INFO | - Epoch 046, ExpID 43538
INFO | Train - Loss (one batch): 0.00090
INFO | Val - Loss, MSE, RMSE, MAE: 0.00125, 0.00125, 0.03539, 0.02349
INFO | Test - Best epoch 40, Loss, MSE, RMSE, MAE: 0.07092, 0.07092, 0.26438, 0.16738
INFO | Time spent: 2.44s
INFO | - Epoch 047, ExpID 43538
INFO | Train - Loss (one batch): 0.00098
INFO | Val - Loss, MSE, RMSE, MAE: 0.00120, 0.00120, 0.03460, 0.02266
INFO | Test - Best epoch 40, Loss, MSE, RMSE, MAE: 0.07092, 0.07092, 0.26438, 0.16738
INFO | Time spent: 2.64s
INFO | - Epoch 048, ExpID 43538
INFO | Train - Loss (one batch): 0.00087
INFO | Val - Loss, MSE, RMSE, MAE: 0.00111, 0.00111, 0.03325, 0.02064
INFO | Test - Best epoch 40, Loss, MSE, RMSE, MAE: 0.07092, 0.07092, 0.26438, 0.16738
INFO | Time spent: 2.44s
INFO | - Epoch 049, ExpID 43538
INFO | Train - Loss (one batch): 0.00092
INFO | Val - Loss, MSE, RMSE, MAE: 0.00163, 0.00163, 0.04039, 0.03036
INFO | Test - Best epoch 40, Loss, MSE, RMSE, MAE: 0.07092, 0.07092, 0.26438, 0.16738
INFO | Time spent: 2.51s
INFO | - Epoch 050, ExpID 43538
INFO | Train - Loss (one batch): 0.00097
INFO | Val - Loss, MSE, RMSE, MAE: 0.00115, 0.00115, 0.03398, 0.02174
INFO | Test - Best epoch 40, Loss, MSE, RMSE, MAE: 0.07092, 0.07092, 0.26438, 0.16738
INFO | Time spent: 2.40s
INFO | - Epoch 051, ExpID 43538
INFO | Train - Loss (one batch): 0.00089
INFO | Val - Loss, MSE, RMSE, MAE: 0.00143, 0.00143, 0.03782, 0.02704
INFO | Test - Best epoch 40, Loss, MSE, RMSE, MAE: 0.07092, 0.07092, 0.26438, 0.16738
INFO | Time spent: 2.43s
INFO | - Epoch 052, ExpID 43538
INFO | Train - Loss (one batch): 0.00081
INFO | Val - Loss, MSE, RMSE, MAE: 0.00113, 0.00113, 0.03363, 0.02144
INFO | Test - Best epoch 40, Loss, MSE, RMSE, MAE: 0.07092, 0.07092, 0.26438, 0.16738
INFO | Time spent: 2.56s
INFO | - Epoch 053, ExpID 43538
INFO | Train - Loss (one batch): 0.00107
INFO | Val - Loss, MSE, RMSE, MAE: 0.00130, 0.00130, 0.03609, 0.02470
INFO | Test - Best epoch 40, Loss, MSE, RMSE, MAE: 0.07092, 0.07092, 0.26438, 0.16738
INFO | Time spent: 2.44s
INFO | - Epoch 054, ExpID 43538
INFO | Train - Loss (one batch): 0.00104
INFO | Val - Loss, MSE, RMSE, MAE: 0.00110, 0.00110, 0.03313, 0.02045
INFO | Test - Best epoch 54, Loss, MSE, RMSE, MAE: 0.07051, 0.07051, 0.26368, 0.16699
INFO | Time spent: 3.42s
INFO | - Epoch 055, ExpID 43538
INFO | Train - Loss (one batch): 0.00088
INFO | Val - Loss, MSE, RMSE, MAE: 0.00145, 0.00145, 0.03813, 0.02758
INFO | Test - Best epoch 54, Loss, MSE, RMSE, MAE: 0.07051, 0.07051, 0.26368, 0.16699
INFO | Time spent: 2.44s
INFO | - Epoch 056, ExpID 43538
INFO | Train - Loss (one batch): 0.00081
INFO | Val - Loss, MSE, RMSE, MAE: 0.00107, 0.00107, 0.03265, 0.02005
INFO | Test - Best epoch 56, Loss, MSE, RMSE, MAE: 0.06875, 0.06875, 0.26025, 0.16386
INFO | Time spent: 3.26s
INFO | - Epoch 057, ExpID 43538
INFO | Train - Loss (one batch): 0.00084
INFO | Val - Loss, MSE, RMSE, MAE: 0.00120, 0.00120, 0.03467, 0.02304
INFO | Test - Best epoch 56, Loss, MSE, RMSE, MAE: 0.06875, 0.06875, 0.26025, 0.16386
INFO | Time spent: 2.44s
INFO | - Epoch 058, ExpID 43538
INFO | Train - Loss (one batch): 0.00119
INFO | Val - Loss, MSE, RMSE, MAE: 0.00152, 0.00152, 0.03893, 0.02805
INFO | Test - Best epoch 56, Loss, MSE, RMSE, MAE: 0.06875, 0.06875, 0.26025, 0.16386
INFO | Time spent: 2.41s
INFO | - Epoch 059, ExpID 43538
INFO | Train - Loss (one batch): 0.00089
INFO | Val - Loss, MSE, RMSE, MAE: 0.00111, 0.00111, 0.03328, 0.02093
INFO | Test - Best epoch 56, Loss, MSE, RMSE, MAE: 0.06875, 0.06875, 0.26025, 0.16386
INFO | Time spent: 2.46s
INFO | - Epoch 060, ExpID 43538
INFO | Train - Loss (one batch): 0.00089
INFO | Val - Loss, MSE, RMSE, MAE: 0.00137, 0.00137, 0.03700, 0.02605
INFO | Test - Best epoch 56, Loss, MSE, RMSE, MAE: 0.06875, 0.06875, 0.26025, 0.16386
INFO | Time spent: 2.62s
INFO | - Epoch 061, ExpID 43538
INFO | Train - Loss (one batch): 0.00099
INFO | Val - Loss, MSE, RMSE, MAE: 0.00120, 0.00120, 0.03459, 0.02299
INFO | Test - Best epoch 56, Loss, MSE, RMSE, MAE: 0.06875, 0.06875, 0.26025, 0.16386
INFO | Time spent: 2.44s
INFO | - Epoch 062, ExpID 43538
INFO | Train - Loss (one batch): 0.00090
INFO | Val - Loss, MSE, RMSE, MAE: 0.00141, 0.00141, 0.03758, 0.02694
INFO | Test - Best epoch 56, Loss, MSE, RMSE, MAE: 0.06875, 0.06875, 0.26025, 0.16386
INFO | Time spent: 2.44s
INFO | - Epoch 063, ExpID 43538
INFO | Train - Loss (one batch): 0.00094
INFO | Val - Loss, MSE, RMSE, MAE: 0.00108, 0.00108, 0.03285, 0.01999
INFO | Test - Best epoch 56, Loss, MSE, RMSE, MAE: 0.06875, 0.06875, 0.26025, 0.16386
INFO | Time spent: 2.42s
INFO | - Epoch 064, ExpID 43538
INFO | Train - Loss (one batch): 0.00122
INFO | Val - Loss, MSE, RMSE, MAE: 0.00119, 0.00119, 0.03448, 0.02272
INFO | Test - Best epoch 56, Loss, MSE, RMSE, MAE: 0.06875, 0.06875, 0.26025, 0.16386
INFO | Time spent: 2.44s
INFO | - Epoch 065, ExpID 43538
INFO | Train - Loss (one batch): 0.00108
INFO | Val - Loss, MSE, RMSE, MAE: 0.00119, 0.00119, 0.03448, 0.02279
INFO | Test - Best epoch 56, Loss, MSE, RMSE, MAE: 0.06875, 0.06875, 0.26025, 0.16386
INFO | Time spent: 2.45s
INFO | - Epoch 066, ExpID 43538
INFO | Train - Loss (one batch): 0.00097
INFO | Val - Loss, MSE, RMSE, MAE: 0.00115, 0.00115, 0.03386, 0.02206
INFO | Test - Best epoch 56, Loss, MSE, RMSE, MAE: 0.06875, 0.06875, 0.26025, 0.16386
INFO | Time spent: 2.54s
INFO | - Epoch 067, ExpID 43538
INFO | Train - Loss (one batch): 0.00115
INFO | Val - Loss, MSE, RMSE, MAE: 0.00110, 0.00110, 0.03322, 0.02106
INFO | Test - Best epoch 56, Loss, MSE, RMSE, MAE: 0.06875, 0.06875, 0.26025, 0.16386
INFO | Time spent: 2.50s
INFO | - Epoch 068, ExpID 43538
INFO | Train - Loss (one batch): 0.00103
INFO | Val - Loss, MSE, RMSE, MAE: 0.00134, 0.00134, 0.03665, 0.02569
INFO | Test - Best epoch 56, Loss, MSE, RMSE, MAE: 0.06875, 0.06875, 0.26025, 0.16386
INFO | Time spent: 2.50s
INFO | - Epoch 069, ExpID 43538
INFO | Train - Loss (one batch): 0.00077
INFO | Val - Loss, MSE, RMSE, MAE: 0.00111, 0.00111, 0.03332, 0.02110
INFO | Test - Best epoch 56, Loss, MSE, RMSE, MAE: 0.06875, 0.06875, 0.26025, 0.16386
INFO | Time spent: 2.48s
INFO | - Epoch 070, ExpID 43538
INFO | Train - Loss (one batch): 0.00095
INFO | Val - Loss, MSE, RMSE, MAE: 0.00142, 0.00142, 0.03773, 0.02736
INFO | Test - Best epoch 56, Loss, MSE, RMSE, MAE: 0.06875, 0.06875, 0.26025, 0.16386
INFO | Time spent: 2.58s
INFO | - Epoch 071, ExpID 43538
INFO | Train - Loss (one batch): 0.00111
INFO | Val - Loss, MSE, RMSE, MAE: 0.00132, 0.00132, 0.03639, 0.02530
INFO | Test - Best epoch 56, Loss, MSE, RMSE, MAE: 0.06875, 0.06875, 0.26025, 0.16386
INFO | Time spent: 2.48s
INFO | - Epoch 072, ExpID 43538
INFO | Train - Loss (one batch): 0.00101
INFO | Val - Loss, MSE, RMSE, MAE: 0.00164, 0.00164, 0.04045, 0.03029
INFO | Test - Best epoch 56, Loss, MSE, RMSE, MAE: 0.06875, 0.06875, 0.26025, 0.16386
INFO | Time spent: 2.57s
INFO | - Epoch 073, ExpID 43538
INFO | Train - Loss (one batch): 0.00099
INFO | Val - Loss, MSE, RMSE, MAE: 0.00131, 0.00131, 0.03622, 0.02535
INFO | Test - Best epoch 56, Loss, MSE, RMSE, MAE: 0.06875, 0.06875, 0.26025, 0.16386
INFO | Time spent: 2.50s
INFO | - Epoch 074, ExpID 43538
INFO | Train - Loss (one batch): 0.00084
INFO | Val - Loss, MSE, RMSE, MAE: 0.00104, 0.00104, 0.03220, 0.01977
INFO | Test - Best epoch 74, Loss, MSE, RMSE, MAE: 0.06708, 0.06708, 0.25695, 0.16145
INFO | Time spent: 3.34s
INFO | - Epoch 075, ExpID 43538
INFO | Train - Loss (one batch): 0.00089
INFO | Val - Loss, MSE, RMSE, MAE: 0.00111, 0.00111, 0.03337, 0.02140
INFO | Test - Best epoch 74, Loss, MSE, RMSE, MAE: 0.06708, 0.06708, 0.25695, 0.16145
INFO | Time spent: 2.88s
INFO | - Epoch 076, ExpID 43538
INFO | Train - Loss (one batch): 0.00095
INFO | Val - Loss, MSE, RMSE, MAE: 0.00122, 0.00122, 0.03499, 0.02351
INFO | Test - Best epoch 74, Loss, MSE, RMSE, MAE: 0.06708, 0.06708, 0.25695, 0.16145
INFO | Time spent: 2.58s
INFO | - Epoch 077, ExpID 43538
INFO | Train - Loss (one batch): 0.00093
INFO | Val - Loss, MSE, RMSE, MAE: 0.00109, 0.00109, 0.03297, 0.02089
INFO | Test - Best epoch 74, Loss, MSE, RMSE, MAE: 0.06708, 0.06708, 0.25695, 0.16145
INFO | Time spent: 2.51s
INFO | - Epoch 078, ExpID 43538
INFO | Train - Loss (one batch): 0.00096
INFO | Val - Loss, MSE, RMSE, MAE: 0.00104, 0.00104, 0.03220, 0.01971
INFO | Test - Best epoch 74, Loss, MSE, RMSE, MAE: 0.06708, 0.06708, 0.25695, 0.16145
INFO | Time spent: 2.53s
INFO | - Epoch 079, ExpID 43538
INFO | Train - Loss (one batch): 0.00079
INFO | Val - Loss, MSE, RMSE, MAE: 0.00107, 0.00107, 0.03275, 0.02057
INFO | Test - Best epoch 74, Loss, MSE, RMSE, MAE: 0.06708, 0.06708, 0.25695, 0.16145
INFO | Time spent: 2.51s
INFO | - Epoch 080, ExpID 43538
INFO | Train - Loss (one batch): 0.00103
INFO | Val - Loss, MSE, RMSE, MAE: 0.00107, 0.00107, 0.03273, 0.02051
INFO | Test - Best epoch 74, Loss, MSE, RMSE, MAE: 0.06708, 0.06708, 0.25695, 0.16145
INFO | Time spent: 2.58s
INFO | - Epoch 081, ExpID 43538
INFO | Train - Loss (one batch): 0.00070
INFO | Val - Loss, MSE, RMSE, MAE: 0.00131, 0.00131, 0.03613, 0.02499
INFO | Test - Best epoch 74, Loss, MSE, RMSE, MAE: 0.06708, 0.06708, 0.25695, 0.16145
INFO | Time spent: 2.51s
INFO | - Epoch 082, ExpID 43538
INFO | Train - Loss (one batch): 0.00097
INFO | Val - Loss, MSE, RMSE, MAE: 0.00166, 0.00166, 0.04073, 0.03093
INFO | Test - Best epoch 74, Loss, MSE, RMSE, MAE: 0.06708, 0.06708, 0.25695, 0.16145
INFO | Time spent: 2.53s
INFO | - Epoch 083, ExpID 43538
INFO | Train - Loss (one batch): 0.00132
INFO | Val - Loss, MSE, RMSE, MAE: 0.00117, 0.00117, 0.03421, 0.02267
INFO | Test - Best epoch 74, Loss, MSE, RMSE, MAE: 0.06708, 0.06708, 0.25695, 0.16145
INFO | Time spent: 2.52s
INFO | - Epoch 084, ExpID 43538
INFO | Train - Loss (one batch): 0.00118
INFO | Val - Loss, MSE, RMSE, MAE: 0.00121, 0.00121, 0.03473, 0.02349
INFO | Test - Best epoch 74, Loss, MSE, RMSE, MAE: 0.06708, 0.06708, 0.25695, 0.16145
INFO | Time spent: 2.46s
INFO | - Epoch 085, ExpID 43538
INFO | Train - Loss (one batch): 0.00083
INFO | Val - Loss, MSE, RMSE, MAE: 0.00111, 0.00111, 0.03334, 0.02159
INFO | Test - Best epoch 74, Loss, MSE, RMSE, MAE: 0.06708, 0.06708, 0.25695, 0.16145
INFO | Time spent: 2.47s
INFO | - Epoch 086, ExpID 43538
INFO | Train - Loss (one batch): 0.00099
INFO | Val - Loss, MSE, RMSE, MAE: 0.00134, 0.00134, 0.03665, 0.02605
INFO | Test - Best epoch 74, Loss, MSE, RMSE, MAE: 0.06708, 0.06708, 0.25695, 0.16145
INFO | Time spent: 2.54s
INFO | - Epoch 087, ExpID 43538
INFO | Train - Loss (one batch): 0.00116
INFO | Val - Loss, MSE, RMSE, MAE: 0.00121, 0.00121, 0.03480, 0.02337
INFO | Test - Best epoch 74, Loss, MSE, RMSE, MAE: 0.06708, 0.06708, 0.25695, 0.16145
INFO | Time spent: 2.70s
INFO | - Epoch 088, ExpID 43538
INFO | Train - Loss (one batch): 0.00088
INFO | Val - Loss, MSE, RMSE, MAE: 0.00130, 0.00130, 0.03600, 0.02493
INFO | Test - Best epoch 74, Loss, MSE, RMSE, MAE: 0.06708, 0.06708, 0.25695, 0.16145
INFO | Time spent: 2.56s
INFO | - Epoch 089, ExpID 43538
INFO | Train - Loss (one batch): 0.00095
INFO | Val - Loss, MSE, RMSE, MAE: 0.00115, 0.00115, 0.03388, 0.02264
INFO | Test - Best epoch 74, Loss, MSE, RMSE, MAE: 0.06708, 0.06708, 0.25695, 0.16145
INFO | Time spent: 2.48s
INFO | - Epoch 090, ExpID 43538
INFO | Train - Loss (one batch): 0.00098
INFO | Val - Loss, MSE, RMSE, MAE: 0.00105, 0.00105, 0.03238, 0.02018
INFO | Test - Best epoch 74, Loss, MSE, RMSE, MAE: 0.06708, 0.06708, 0.25695, 0.16145
INFO | Time spent: 2.49s
INFO | - Epoch 091, ExpID 43538
INFO | Train - Loss (one batch): 0.00108
INFO | Val - Loss, MSE, RMSE, MAE: 0.00127, 0.00127, 0.03566, 0.02490
INFO | Test - Best epoch 74, Loss, MSE, RMSE, MAE: 0.06708, 0.06708, 0.25695, 0.16145
INFO | Time spent: 2.74s
INFO | - Epoch 092, ExpID 43538
INFO | Train - Loss (one batch): 0.00098
INFO | Val - Loss, MSE, RMSE, MAE: 0.00104, 0.00104, 0.03224, 0.01969
INFO | Test - Best epoch 74, Loss, MSE, RMSE, MAE: 0.06708, 0.06708, 0.25695, 0.16145
INFO | Time spent: 2.53s
INFO | - Epoch 093, ExpID 43538
INFO | Train - Loss (one batch): 0.00089
INFO | Val - Loss, MSE, RMSE, MAE: 0.00121, 0.00121, 0.03474, 0.02350
INFO | Test - Best epoch 74, Loss, MSE, RMSE, MAE: 0.06708, 0.06708, 0.25695, 0.16145
INFO | Time spent: 2.67s
INFO | - Epoch 094, ExpID 43538
INFO | Train - Loss (one batch): 0.00080
INFO | Val - Loss, MSE, RMSE, MAE: 0.00106, 0.00106, 0.03249, 0.02023
INFO | Test - Best epoch 74, Loss, MSE, RMSE, MAE: 0.06708, 0.06708, 0.25695, 0.16145
INFO | Time spent: 2.69s
INFO | - Epoch 095, ExpID 43538
INFO | Train - Loss (one batch): 0.00097
INFO | Val - Loss, MSE, RMSE, MAE: 0.00104, 0.00104, 0.03227, 0.02006
INFO | Test - Best epoch 74, Loss, MSE, RMSE, MAE: 0.06708, 0.06708, 0.25695, 0.16145
INFO | Time spent: 2.51s
INFO | - Epoch 096, ExpID 43538
INFO | Train - Loss (one batch): 0.00096
INFO | Val - Loss, MSE, RMSE, MAE: 0.00112, 0.00112, 0.03349, 0.02201
INFO | Test - Best epoch 74, Loss, MSE, RMSE, MAE: 0.06708, 0.06708, 0.25695, 0.16145
INFO | Time spent: 2.50s
INFO | - Epoch 097, ExpID 43538
INFO | Train - Loss (one batch): 0.00068
INFO | Val - Loss, MSE, RMSE, MAE: 0.00102, 0.00102, 0.03201, 0.01965
INFO | Test - Best epoch 97, Loss, MSE, RMSE, MAE: 0.06753, 0.06753, 0.25786, 0.16148
INFO | Time spent: 3.36s
INFO | - Epoch 098, ExpID 43538
INFO | Train - Loss (one batch): 0.00083
INFO | Val - Loss, MSE, RMSE, MAE: 0.00124, 0.00124, 0.03525, 0.02434
INFO | Test - Best epoch 97, Loss, MSE, RMSE, MAE: 0.06753, 0.06753, 0.25786, 0.16148
INFO | Time spent: 2.84s
INFO | - Epoch 099, ExpID 43538
INFO | Train - Loss (one batch): 0.00073
INFO | Val - Loss, MSE, RMSE, MAE: 0.00115, 0.00115, 0.03396, 0.02283
INFO | Test - Best epoch 97, Loss, MSE, RMSE, MAE: 0.06753, 0.06753, 0.25786, 0.16148
INFO | Time spent: 2.53s
INFO | - Epoch 100, ExpID 43538
INFO | Train - Loss (one batch): 0.00082
INFO | Val - Loss, MSE, RMSE, MAE: 0.00101, 0.00101, 0.03172, 0.01942
INFO | Test - Best epoch 100, Loss, MSE, RMSE, MAE: 0.06670, 0.06670, 0.25609, 0.15954
INFO | Time spent: 3.57s
INFO | - Epoch 101, ExpID 43538
INFO | Train - Loss (one batch): 0.00082
INFO | Val - Loss, MSE, RMSE, MAE: 0.00139, 0.00139, 0.03735, 0.02689
INFO | Test - Best epoch 100, Loss, MSE, RMSE, MAE: 0.06670, 0.06670, 0.25609, 0.15954
INFO | Time spent: 2.67s
INFO | - Epoch 102, ExpID 43538
INFO | Train - Loss (one batch): 0.00147
INFO | Val - Loss, MSE, RMSE, MAE: 0.00105, 0.00105, 0.03248, 0.02020
INFO | Test - Best epoch 100, Loss, MSE, RMSE, MAE: 0.06670, 0.06670, 0.25609, 0.15954
INFO | Time spent: 2.49s
INFO | - Epoch 103, ExpID 43538
INFO | Train - Loss (one batch): 0.00116
INFO | Val - Loss, MSE, RMSE, MAE: 0.00108, 0.00108, 0.03279, 0.02106
INFO | Test - Best epoch 100, Loss, MSE, RMSE, MAE: 0.06670, 0.06670, 0.25609, 0.15954
INFO | Time spent: 2.49s
INFO | - Epoch 104, ExpID 43538
INFO | Train - Loss (one batch): 0.00087
INFO | Val - Loss, MSE, RMSE, MAE: 0.00116, 0.00116, 0.03404, 0.02280
INFO | Test - Best epoch 100, Loss, MSE, RMSE, MAE: 0.06670, 0.06670, 0.25609, 0.15954
INFO | Time spent: 2.58s
INFO | - Epoch 105, ExpID 43538
INFO | Train - Loss (one batch): 0.00101
INFO | Val - Loss, MSE, RMSE, MAE: 0.00112, 0.00112, 0.03343, 0.02203
INFO | Test - Best epoch 100, Loss, MSE, RMSE, MAE: 0.06670, 0.06670, 0.25609, 0.15954
INFO | Time spent: 2.51s
INFO | - Epoch 106, ExpID 43538
INFO | Train - Loss (one batch): 0.00072
INFO | Val - Loss, MSE, RMSE, MAE: 0.00099, 0.00099, 0.03147, 0.01909
INFO | Test - Best epoch 106, Loss, MSE, RMSE, MAE: 0.06526, 0.06526, 0.25329, 0.15709
INFO | Time spent: 3.34s
INFO | - Epoch 107, ExpID 43538
INFO | Train - Loss (one batch): 0.00094
INFO | Val - Loss, MSE, RMSE, MAE: 0.00099, 0.00099, 0.03143, 0.01915
INFO | Test - Best epoch 107, Loss, MSE, RMSE, MAE: 0.06585, 0.06585, 0.25448, 0.15807
INFO | Time spent: 3.43s
INFO | - Epoch 108, ExpID 43538
INFO | Train - Loss (one batch): 0.00085
INFO | Val - Loss, MSE, RMSE, MAE: 0.00131, 0.00131, 0.03626, 0.02570
INFO | Test - Best epoch 107, Loss, MSE, RMSE, MAE: 0.06585, 0.06585, 0.25448, 0.15807
INFO | Time spent: 2.43s
INFO | - Epoch 109, ExpID 43538
INFO | Train - Loss (one batch): 0.00088
INFO | Val - Loss, MSE, RMSE, MAE: 0.00132, 0.00132, 0.03628, 0.02560
INFO | Test - Best epoch 107, Loss, MSE, RMSE, MAE: 0.06585, 0.06585, 0.25448, 0.15807
INFO | Time spent: 2.54s
INFO | - Epoch 110, ExpID 43538
INFO | Train - Loss (one batch): 0.00079
INFO | Val - Loss, MSE, RMSE, MAE: 0.00104, 0.00104, 0.03222, 0.02044
INFO | Test - Best epoch 107, Loss, MSE, RMSE, MAE: 0.06585, 0.06585, 0.25448, 0.15807
INFO | Time spent: 2.44s
INFO | - Epoch 111, ExpID 43538
INFO | Train - Loss (one batch): 0.00098
INFO | Val - Loss, MSE, RMSE, MAE: 0.00100, 0.00100, 0.03158, 0.01920
INFO | Test - Best epoch 107, Loss, MSE, RMSE, MAE: 0.06585, 0.06585, 0.25448, 0.15807
INFO | Time spent: 2.43s
INFO | - Epoch 112, ExpID 43538
INFO | Train - Loss (one batch): 0.00098
INFO | Val - Loss, MSE, RMSE, MAE: 0.00101, 0.00101, 0.03185, 0.01980
INFO | Test - Best epoch 107, Loss, MSE, RMSE, MAE: 0.06585, 0.06585, 0.25448, 0.15807
INFO | Time spent: 2.46s
INFO | - Epoch 113, ExpID 43538
INFO | Train - Loss (one batch): 0.00070
INFO | Val - Loss, MSE, RMSE, MAE: 0.00103, 0.00103, 0.03206, 0.02020
INFO | Test - Best epoch 107, Loss, MSE, RMSE, MAE: 0.06585, 0.06585, 0.25448, 0.15807
INFO | Time spent: 2.39s
INFO | - Epoch 114, ExpID 43538
INFO | Train - Loss (one batch): 0.00101
INFO | Val - Loss, MSE, RMSE, MAE: 0.00112, 0.00112, 0.03342, 0.02190
INFO | Test - Best epoch 107, Loss, MSE, RMSE, MAE: 0.06585, 0.06585, 0.25448, 0.15807
INFO | Time spent: 2.63s
INFO | - Epoch 115, ExpID 43538
INFO | Train - Loss (one batch): 0.00103
INFO | Val - Loss, MSE, RMSE, MAE: 0.00127, 0.00127, 0.03569, 0.02473
INFO | Test - Best epoch 107, Loss, MSE, RMSE, MAE: 0.06585, 0.06585, 0.25448, 0.15807
INFO | Time spent: 2.44s
INFO | - Epoch 116, ExpID 43538
INFO | Train - Loss (one batch): 0.00101
INFO | Val - Loss, MSE, RMSE, MAE: 0.00101, 0.00101, 0.03174, 0.01978
INFO | Test - Best epoch 107, Loss, MSE, RMSE, MAE: 0.06585, 0.06585, 0.25448, 0.15807
INFO | Time spent: 2.49s
INFO | - Epoch 117, ExpID 43538
INFO | Train - Loss (one batch): 0.00080
INFO | Val - Loss, MSE, RMSE, MAE: 0.00125, 0.00125, 0.03538, 0.02479
INFO | Test - Best epoch 107, Loss, MSE, RMSE, MAE: 0.06585, 0.06585, 0.25448, 0.15807
INFO | Time spent: 2.42s
INFO | - Epoch 118, ExpID 43538
INFO | Train - Loss (one batch): 0.00093
INFO | Val - Loss, MSE, RMSE, MAE: 0.00107, 0.00107, 0.03278, 0.02109
INFO | Test - Best epoch 107, Loss, MSE, RMSE, MAE: 0.06585, 0.06585, 0.25448, 0.15807
INFO | Time spent: 2.43s
INFO | - Epoch 119, ExpID 43538
INFO | Train - Loss (one batch): 0.00079
INFO | Val - Loss, MSE, RMSE, MAE: 0.00102, 0.00102, 0.03200, 0.01992
INFO | Test - Best epoch 107, Loss, MSE, RMSE, MAE: 0.06585, 0.06585, 0.25448, 0.15807
INFO | Time spent: 2.40s
INFO | - Epoch 120, ExpID 43538
INFO | Train - Loss (one batch): 0.00083
INFO | Val - Loss, MSE, RMSE, MAE: 0.00107, 0.00107, 0.03273, 0.02126
INFO | Test - Best epoch 107, Loss, MSE, RMSE, MAE: 0.06585, 0.06585, 0.25448, 0.15807
INFO | Time spent: 2.61s
INFO | - Epoch 121, ExpID 43538
INFO | Train - Loss (one batch): 0.00072
INFO | Val - Loss, MSE, RMSE, MAE: 0.00114, 0.00114, 0.03380, 0.02273
INFO | Test - Best epoch 107, Loss, MSE, RMSE, MAE: 0.06585, 0.06585, 0.25448, 0.15807
INFO | Time spent: 2.43s
INFO | - Epoch 122, ExpID 43538
INFO | Train - Loss (one batch): 0.00090
INFO | Val - Loss, MSE, RMSE, MAE: 0.00109, 0.00109, 0.03302, 0.02164
INFO | Test - Best epoch 107, Loss, MSE, RMSE, MAE: 0.06585, 0.06585, 0.25448, 0.15807
INFO | Time spent: 2.43s
INFO | - Epoch 123, ExpID 43538
INFO | Train - Loss (one batch): 0.00083
INFO | Val - Loss, MSE, RMSE, MAE: 0.00102, 0.00102, 0.03199, 0.02029
INFO | Test - Best epoch 107, Loss, MSE, RMSE, MAE: 0.06585, 0.06585, 0.25448, 0.15807
INFO | Time spent: 2.55s
INFO | - Epoch 124, ExpID 43538
INFO | Train - Loss (one batch): 0.00098
INFO | Val - Loss, MSE, RMSE, MAE: 0.00101, 0.00101, 0.03172, 0.01937
INFO | Test - Best epoch 107, Loss, MSE, RMSE, MAE: 0.06585, 0.06585, 0.25448, 0.15807
INFO | Time spent: 2.46s
INFO | - Epoch 125, ExpID 43538
INFO | Train - Loss (one batch): 0.00101
INFO | Val - Loss, MSE, RMSE, MAE: 0.00110, 0.00110, 0.03312, 0.02187
INFO | Test - Best epoch 107, Loss, MSE, RMSE, MAE: 0.06585, 0.06585, 0.25448, 0.15807
INFO | Time spent: 2.44s
INFO | - Epoch 126, ExpID 43538
INFO | Train - Loss (one batch): 0.00099
INFO | Val - Loss, MSE, RMSE, MAE: 0.00131, 0.00131, 0.03615, 0.02568
INFO | Test - Best epoch 107, Loss, MSE, RMSE, MAE: 0.06585, 0.06585, 0.25448, 0.15807
INFO | Time spent: 2.44s
INFO | - Epoch 127, ExpID 43538
INFO | Train - Loss (one batch): 0.00078
INFO | Val - Loss, MSE, RMSE, MAE: 0.00121, 0.00121, 0.03481, 0.02406
INFO | Test - Best epoch 107, Loss, MSE, RMSE, MAE: 0.06585, 0.06585, 0.25448, 0.15807
INFO | Time spent: 2.43s
INFO | - Epoch 128, ExpID 43538
INFO | Train - Loss (one batch): 0.00090
INFO | Val - Loss, MSE, RMSE, MAE: 0.00099, 0.00099, 0.03150, 0.01962
INFO | Test - Best epoch 107, Loss, MSE, RMSE, MAE: 0.06585, 0.06585, 0.25448, 0.15807
INFO | Time spent: 2.46s
INFO | - Epoch 129, ExpID 43538
INFO | Train - Loss (one batch): 0.00075
INFO | Val - Loss, MSE, RMSE, MAE: 0.00115, 0.00115, 0.03396, 0.02298
INFO | Test - Best epoch 107, Loss, MSE, RMSE, MAE: 0.06585, 0.06585, 0.25448, 0.15807
INFO | Time spent: 2.44s
INFO | - Epoch 130, ExpID 43538
INFO | Train - Loss (one batch): 0.00073
INFO | Val - Loss, MSE, RMSE, MAE: 0.00106, 0.00106, 0.03255, 0.02102
INFO | Test - Best epoch 107, Loss, MSE, RMSE, MAE: 0.06585, 0.06585, 0.25448, 0.15807
INFO | Time spent: 2.41s
INFO | - Epoch 131, ExpID 43538
INFO | Train - Loss (one batch): 0.00080
INFO | Val - Loss, MSE, RMSE, MAE: 0.00117, 0.00117, 0.03416, 0.02302
INFO | Test - Best epoch 107, Loss, MSE, RMSE, MAE: 0.06585, 0.06585, 0.25448, 0.15807
INFO | Time spent: 2.44s
INFO | - Epoch 132, ExpID 43538
INFO | Train - Loss (one batch): 0.00105
INFO | Val - Loss, MSE, RMSE, MAE: 0.00097, 0.00097, 0.03114, 0.01900
INFO | Test - Best epoch 132, Loss, MSE, RMSE, MAE: 0.06494, 0.06494, 0.25276, 0.15656
INFO | Time spent: 3.28s
INFO | - Epoch 133, ExpID 43538
INFO | Train - Loss (one batch): 0.00097
INFO | Val - Loss, MSE, RMSE, MAE: 0.00113, 0.00113, 0.03368, 0.02270
INFO | Test - Best epoch 132, Loss, MSE, RMSE, MAE: 0.06494, 0.06494, 0.25276, 0.15656
INFO | Time spent: 2.67s
INFO | - Epoch 134, ExpID 43538
INFO | Train - Loss (one batch): 0.00078
INFO | Val - Loss, MSE, RMSE, MAE: 0.00106, 0.00106, 0.03263, 0.02125
INFO | Test - Best epoch 132, Loss, MSE, RMSE, MAE: 0.06494, 0.06494, 0.25276, 0.15656
INFO | Time spent: 2.43s
INFO | - Epoch 135, ExpID 43538
INFO | Train - Loss (one batch): 0.00089
INFO | Val - Loss, MSE, RMSE, MAE: 0.00106, 0.00106, 0.03254, 0.02122
INFO | Test - Best epoch 132, Loss, MSE, RMSE, MAE: 0.06494, 0.06494, 0.25276, 0.15656
INFO | Time spent: 2.44s
INFO | - Epoch 136, ExpID 43538
INFO | Train - Loss (one batch): 0.00080
INFO | Val - Loss, MSE, RMSE, MAE: 0.00098, 0.00098, 0.03126, 0.01899
INFO | Test - Best epoch 132, Loss, MSE, RMSE, MAE: 0.06494, 0.06494, 0.25276, 0.15656
INFO | Time spent: 2.43s
INFO | - Epoch 137, ExpID 43538
INFO | Train - Loss (one batch): 0.00071
INFO | Val - Loss, MSE, RMSE, MAE: 0.00104, 0.00104, 0.03221, 0.02062
INFO | Test - Best epoch 132, Loss, MSE, RMSE, MAE: 0.06494, 0.06494, 0.25276, 0.15656
INFO | Time spent: 2.42s
INFO | - Epoch 138, ExpID 43538
INFO | Train - Loss (one batch): 0.00104
INFO | Val - Loss, MSE, RMSE, MAE: 0.00117, 0.00117, 0.03414, 0.02322
INFO | Test - Best epoch 132, Loss, MSE, RMSE, MAE: 0.06494, 0.06494, 0.25276, 0.15656
INFO | Time spent: 2.45s
INFO | - Epoch 139, ExpID 43538
INFO | Train - Loss (one batch): 0.00071
INFO | Val - Loss, MSE, RMSE, MAE: 0.00098, 0.00098, 0.03131, 0.01923
INFO | Test - Best epoch 132, Loss, MSE, RMSE, MAE: 0.06494, 0.06494, 0.25276, 0.15656
INFO | Time spent: 2.60s
INFO | - Epoch 140, ExpID 43538
INFO | Train - Loss (one batch): 0.00078
INFO | Val - Loss, MSE, RMSE, MAE: 0.00101, 0.00101, 0.03184, 0.01955
INFO | Test - Best epoch 132, Loss, MSE, RMSE, MAE: 0.06494, 0.06494, 0.25276, 0.15656
INFO | Time spent: 2.43s
INFO | - Epoch 141, ExpID 43538
INFO | Train - Loss (one batch): 0.00128
INFO | Val - Loss, MSE, RMSE, MAE: 0.00113, 0.00113, 0.03364, 0.02256
INFO | Test - Best epoch 132, Loss, MSE, RMSE, MAE: 0.06494, 0.06494, 0.25276, 0.15656
INFO | Time spent: 2.44s
INFO | - Epoch 142, ExpID 43538
INFO | Train - Loss (one batch): 0.00068
INFO | Val - Loss, MSE, RMSE, MAE: 0.00110, 0.00110, 0.03322, 0.02187
INFO | Test - Best epoch 132, Loss, MSE, RMSE, MAE: 0.06494, 0.06494, 0.25276, 0.15656
INFO | Time spent: 2.53s
INFO | - Epoch 143, ExpID 43538
INFO | Train - Loss (one batch): 0.00076
INFO | Val - Loss, MSE, RMSE, MAE: 0.00102, 0.00102, 0.03198, 0.02029
INFO | Test - Best epoch 132, Loss, MSE, RMSE, MAE: 0.06494, 0.06494, 0.25276, 0.15656
INFO | Time spent: 2.44s
INFO | - Epoch 144, ExpID 43538
INFO | Train - Loss (one batch): 0.00075
INFO | Val - Loss, MSE, RMSE, MAE: 0.00100, 0.00100, 0.03164, 0.01963
INFO | Test - Best epoch 132, Loss, MSE, RMSE, MAE: 0.06494, 0.06494, 0.25276, 0.15656
INFO | Time spent: 2.43s
INFO | - Epoch 145, ExpID 43538
INFO | Train - Loss (one batch): 0.00074
INFO | Val - Loss, MSE, RMSE, MAE: 0.00097, 0.00097, 0.03122, 0.01917
INFO | Test - Best epoch 132, Loss, MSE, RMSE, MAE: 0.06494, 0.06494, 0.25276, 0.15656
INFO | Time spent: 2.45s
INFO | - Epoch 146, ExpID 43538
INFO | Train - Loss (one batch): 0.00080
INFO | Val - Loss, MSE, RMSE, MAE: 0.00100, 0.00100, 0.03166, 0.01944
INFO | Test - Best epoch 132, Loss, MSE, RMSE, MAE: 0.06494, 0.06494, 0.25276, 0.15656
INFO | Time spent: 2.42s
INFO | - Epoch 147, ExpID 43538
INFO | Train - Loss (one batch): 0.00093
INFO | Val - Loss, MSE, RMSE, MAE: 0.00140, 0.00140, 0.03747, 0.02758
INFO | Test - Best epoch 132, Loss, MSE, RMSE, MAE: 0.06494, 0.06494, 0.25276, 0.15656
INFO | Time spent: 2.41s
INFO | - Epoch 148, ExpID 43538
INFO | Train - Loss (one batch): 0.00089
INFO | Val - Loss, MSE, RMSE, MAE: 0.00105, 0.00105, 0.03243, 0.02068
INFO | Test - Best epoch 132, Loss, MSE, RMSE, MAE: 0.06494, 0.06494, 0.25276, 0.15656
INFO | Time spent: 2.42s
INFO | - Epoch 149, ExpID 43538
INFO | Train - Loss (one batch): 0.00092
INFO | Val - Loss, MSE, RMSE, MAE: 0.00118, 0.00118, 0.03433, 0.02376
INFO | Test - Best epoch 132, Loss, MSE, RMSE, MAE: 0.06494, 0.06494, 0.25276, 0.15656
INFO | Time spent: 2.44s
INFO | - Epoch 150, ExpID 43538
INFO | Train - Loss (one batch): 0.00074
INFO | Val - Loss, MSE, RMSE, MAE: 0.00106, 0.00106, 0.03249, 0.02086
INFO | Test - Best epoch 132, Loss, MSE, RMSE, MAE: 0.06494, 0.06494, 0.25276, 0.15656
INFO | Time spent: 2.42s
INFO | - Epoch 151, ExpID 43538
INFO | Train - Loss (one batch): 0.00078
INFO | Val - Loss, MSE, RMSE, MAE: 0.00102, 0.00102, 0.03191, 0.02027
INFO | Test - Best epoch 132, Loss, MSE, RMSE, MAE: 0.06494, 0.06494, 0.25276, 0.15656
INFO | Time spent: 2.42s
INFO | - Epoch 152, ExpID 43538
INFO | Train - Loss (one batch): 0.00089
INFO | Val - Loss, MSE, RMSE, MAE: 0.00099, 0.00099, 0.03144, 0.01959
INFO | Test - Best epoch 132, Loss, MSE, RMSE, MAE: 0.06494, 0.06494, 0.25276, 0.15656
INFO | Time spent: 2.45s
INFO | - Epoch 153, ExpID 43538
INFO | Train - Loss (one batch): 0.00064
INFO | Val - Loss, MSE, RMSE, MAE: 0.00119, 0.00119, 0.03447, 0.02353
INFO | Test - Best epoch 132, Loss, MSE, RMSE, MAE: 0.06494, 0.06494, 0.25276, 0.15656
INFO | Time spent: 2.55s
INFO | - Epoch 154, ExpID 43538
INFO | Train - Loss (one batch): 0.00076
INFO | Val - Loss, MSE, RMSE, MAE: 0.00115, 0.00115, 0.03397, 0.02302
INFO | Test - Best epoch 132, Loss, MSE, RMSE, MAE: 0.06494, 0.06494, 0.25276, 0.15656
INFO | Time spent: 2.44s
INFO | - Epoch 155, ExpID 43538
INFO | Train - Loss (one batch): 0.00083
INFO | Val - Loss, MSE, RMSE, MAE: 0.00103, 0.00103, 0.03215, 0.02058
INFO | Test - Best epoch 132, Loss, MSE, RMSE, MAE: 0.06494, 0.06494, 0.25276, 0.15656
INFO | Time spent: 2.42s
INFO | - Epoch 156, ExpID 43538
INFO | Train - Loss (one batch): 0.00085
INFO | Val - Loss, MSE, RMSE, MAE: 0.00117, 0.00117, 0.03414, 0.02336
INFO | Test - Best epoch 132, Loss, MSE, RMSE, MAE: 0.06494, 0.06494, 0.25276, 0.15656
INFO | Time spent: 2.43s
INFO | - Epoch 157, ExpID 43538
INFO | Train - Loss (one batch): 0.00058
INFO | Val - Loss, MSE, RMSE, MAE: 0.00108, 0.00108, 0.03293, 0.02178
INFO | Test - Best epoch 132, Loss, MSE, RMSE, MAE: 0.06494, 0.06494, 0.25276, 0.15656
INFO | Time spent: 2.44s
INFO | - Epoch 158, ExpID 43538
INFO | Train - Loss (one batch): 0.00082
INFO | Val - Loss, MSE, RMSE, MAE: 0.00109, 0.00109, 0.03304, 0.02195
INFO | Test - Best epoch 132, Loss, MSE, RMSE, MAE: 0.06494, 0.06494, 0.25276, 0.15656
INFO | Time spent: 2.44s
INFO | - Epoch 159, ExpID 43538
INFO | Train - Loss (one batch): 0.00094
INFO | Val - Loss, MSE, RMSE, MAE: 0.00126, 0.00126, 0.03553, 0.02489
INFO | Test - Best epoch 132, Loss, MSE, RMSE, MAE: 0.06494, 0.06494, 0.25276, 0.15656
INFO | Time spent: 2.43s
INFO | - Epoch 160, ExpID 43538
INFO | Train - Loss (one batch): 0.00077
INFO | Val - Loss, MSE, RMSE, MAE: 0.00114, 0.00114, 0.03375, 0.02275
INFO | Test - Best epoch 132, Loss, MSE, RMSE, MAE: 0.06494, 0.06494, 0.25276, 0.15656
INFO | Time spent: 2.42s
INFO | - Epoch 161, ExpID 43538
INFO | Train - Loss (one batch): 0.00087
INFO | Val - Loss, MSE, RMSE, MAE: 0.00103, 0.00103, 0.03202, 0.02043
INFO | Test - Best epoch 132, Loss, MSE, RMSE, MAE: 0.06494, 0.06494, 0.25276, 0.15656
INFO | Time spent: 2.44s
INFO | - Epoch 162, ExpID 43538
INFO | Train - Loss (one batch): 0.00058
INFO | Val - Loss, MSE, RMSE, MAE: 0.00148, 0.00148, 0.03849, 0.02885
INFO | Test - Best epoch 132, Loss, MSE, RMSE, MAE: 0.06494, 0.06494, 0.25276, 0.15656
INFO | Time spent: 2.57s
INFO | - Epoch 163, ExpID 43538
INFO | Train - Loss (one batch): 0.00108
INFO | Val - Loss, MSE, RMSE, MAE: 0.00097, 0.00097, 0.03117, 0.01907
INFO | Test - Best epoch 132, Loss, MSE, RMSE, MAE: 0.06494, 0.06494, 0.25276, 0.15656
INFO | Time spent: 2.42s
INFO | - Epoch 164, ExpID 43538
INFO | Train - Loss (one batch): 0.00070
INFO | Val - Loss, MSE, RMSE, MAE: 0.00121, 0.00121, 0.03472, 0.02412
INFO | Test - Best epoch 132, Loss, MSE, RMSE, MAE: 0.06494, 0.06494, 0.25276, 0.15656
INFO | Time spent: 2.43s
INFO | - Epoch 165, ExpID 43538
INFO | Train - Loss (one batch): 0.00116
INFO | Val - Loss, MSE, RMSE, MAE: 0.00101, 0.00101, 0.03178, 0.02028
INFO | Test - Best epoch 132, Loss, MSE, RMSE, MAE: 0.06494, 0.06494, 0.25276, 0.15656
INFO | Time spent: 2.42s
INFO | - Epoch 166, ExpID 43538
INFO | Train - Loss (one batch): 0.00075
INFO | Val - Loss, MSE, RMSE, MAE: 0.00114, 0.00114, 0.03380, 0.02295
INFO | Test - Best epoch 132, Loss, MSE, RMSE, MAE: 0.06494, 0.06494, 0.25276, 0.15656
INFO | Time spent: 2.41s
INFO | - Epoch 167, ExpID 43538
INFO | Train - Loss (one batch): 0.00079
INFO | Val - Loss, MSE, RMSE, MAE: 0.00098, 0.00098, 0.03134, 0.01958
INFO | Test - Best epoch 132, Loss, MSE, RMSE, MAE: 0.06494, 0.06494, 0.25276, 0.15656
INFO | Time spent: 2.42s
INFO | - Epoch 168, ExpID 43538
INFO | Train - Loss (one batch): 0.00074
INFO | Val - Loss, MSE, RMSE, MAE: 0.00098, 0.00098, 0.03132, 0.01915
INFO | Test - Best epoch 132, Loss, MSE, RMSE, MAE: 0.06494, 0.06494, 0.25276, 0.15656
INFO | Time spent: 2.42s
INFO | - Epoch 169, ExpID 43538
INFO | Train - Loss (one batch): 0.00081
INFO | Val - Loss, MSE, RMSE, MAE: 0.00111, 0.00111, 0.03333, 0.02189
INFO | Test - Best epoch 132, Loss, MSE, RMSE, MAE: 0.06494, 0.06494, 0.25276, 0.15656
INFO | Time spent: 2.40s
INFO | - Epoch 170, ExpID 43538
INFO | Train - Loss (one batch): 0.00080
INFO | Val - Loss, MSE, RMSE, MAE: 0.00103, 0.00103, 0.03216, 0.02066
INFO | Test - Best epoch 132, Loss, MSE, RMSE, MAE: 0.06494, 0.06494, 0.25276, 0.15656
INFO | Time spent: 2.42s
INFO | - Epoch 171, ExpID 43538
INFO | Train - Loss (one batch): 0.00092
INFO | Val - Loss, MSE, RMSE, MAE: 0.00109, 0.00109, 0.03296, 0.02158
INFO | Test - Best epoch 132, Loss, MSE, RMSE, MAE: 0.06494, 0.06494, 0.25276, 0.15656
INFO | Time spent: 2.53s
INFO | - Epoch 172, ExpID 43538
INFO | Train - Loss (one batch): 0.00049
INFO | Val - Loss, MSE, RMSE, MAE: 0.00110, 0.00110, 0.03324, 0.02195
INFO | Test - Best epoch 132, Loss, MSE, RMSE, MAE: 0.06494, 0.06494, 0.25276, 0.15656
INFO | Time spent: 2.43s
INFO | - Epoch 173, ExpID 43538
INFO | Train - Loss (one batch): 0.00108
INFO | Val - Loss, MSE, RMSE, MAE: 0.00100, 0.00100, 0.03159, 0.01983
INFO | Test - Best epoch 132, Loss, MSE, RMSE, MAE: 0.06494, 0.06494, 0.25276, 0.15656
INFO | Time spent: 2.44s
INFO | - Epoch 174, ExpID 43538
INFO | Train - Loss (one batch): 0.00084
INFO | Val - Loss, MSE, RMSE, MAE: 0.00099, 0.00099, 0.03144, 0.01929
INFO | Test - Best epoch 132, Loss, MSE, RMSE, MAE: 0.06494, 0.06494, 0.25276, 0.15656
INFO | Time spent: 2.43s
INFO | - Epoch 175, ExpID 43538
INFO | Train - Loss (one batch): 0.00098
INFO | Val - Loss, MSE, RMSE, MAE: 0.00123, 0.00123, 0.03502, 0.02421
INFO | Test - Best epoch 132, Loss, MSE, RMSE, MAE: 0.06494, 0.06494, 0.25276, 0.15656
INFO | Time spent: 2.52s
INFO | - Epoch 176, ExpID 43538
INFO | Train - Loss (one batch): 0.00073
INFO | Val - Loss, MSE, RMSE, MAE: 0.00108, 0.00108, 0.03287, 0.02115
INFO | Test - Best epoch 132, Loss, MSE, RMSE, MAE: 0.06494, 0.06494, 0.25276, 0.15656
INFO | Time spent: 2.43s
INFO | - Epoch 177, ExpID 43538
INFO | Train - Loss (one batch): 0.00058
INFO | Val - Loss, MSE, RMSE, MAE: 0.00109, 0.00109, 0.03308, 0.02189
INFO | Test - Best epoch 132, Loss, MSE, RMSE, MAE: 0.06494, 0.06494, 0.25276, 0.15656
INFO | Time spent: 2.43s
INFO | - Epoch 178, ExpID 43538
INFO | Train - Loss (one batch): 0.00084
INFO | Val - Loss, MSE, RMSE, MAE: 0.00104, 0.00104, 0.03230, 0.02058
INFO | Test - Best epoch 132, Loss, MSE, RMSE, MAE: 0.06494, 0.06494, 0.25276, 0.15656
INFO | Time spent: 2.43s
INFO | - Epoch 179, ExpID 43538
INFO | Train - Loss (one batch): 0.00089
INFO | Val - Loss, MSE, RMSE, MAE: 0.00100, 0.00100, 0.03163, 0.01972
INFO | Test - Best epoch 132, Loss, MSE, RMSE, MAE: 0.06494, 0.06494, 0.25276, 0.15656
INFO | Time spent: 2.43s
INFO | - Epoch 180, ExpID 43538
INFO | Train - Loss (one batch): 0.00064
INFO | Val - Loss, MSE, RMSE, MAE: 0.00136, 0.00136, 0.03694, 0.02650
INFO | Test - Best epoch 132, Loss, MSE, RMSE, MAE: 0.06494, 0.06494, 0.25276, 0.15656
INFO | Time spent: 2.45s
INFO | - Epoch 181, ExpID 43538
INFO | Train - Loss (one batch): 0.00081
INFO | Val - Loss, MSE, RMSE, MAE: 0.00102, 0.00102, 0.03200, 0.02035
INFO | Test - Best epoch 132, Loss, MSE, RMSE, MAE: 0.06494, 0.06494, 0.25276, 0.15656
INFO | Time spent: 2.44s
INFO | - Epoch 182, ExpID 43538
INFO | Train - Loss (one batch): 0.00078
INFO | Val - Loss, MSE, RMSE, MAE: 0.00101, 0.00101, 0.03185, 0.02040
INFO | Test - Best epoch 132, Loss, MSE, RMSE, MAE: 0.06494, 0.06494, 0.25276, 0.15656
INFO | Time spent: 2.43s
INFO | - Epoch 183, ExpID 43538
INFO | Train - Loss (one batch): 0.00079
INFO | Val - Loss, MSE, RMSE, MAE: 0.00098, 0.00098, 0.03135, 0.01938
INFO | Test - Best epoch 132, Loss, MSE, RMSE, MAE: 0.06494, 0.06494, 0.25276, 0.15656
INFO | Time spent: 2.63s
INFO | - Epoch 184, ExpID 43538
INFO | Train - Loss (one batch): 0.00077
INFO | Val - Loss, MSE, RMSE, MAE: 0.00101, 0.00101, 0.03180, 0.02011
INFO | Test - Best epoch 132, Loss, MSE, RMSE, MAE: 0.06494, 0.06494, 0.25276, 0.15656
INFO | Time spent: 2.43s
INFO | - Epoch 185, ExpID 43538
INFO | Train - Loss (one batch): 0.00077
INFO | Val - Loss, MSE, RMSE, MAE: 0.00112, 0.00112, 0.03346, 0.02219
INFO | Test - Best epoch 132, Loss, MSE, RMSE, MAE: 0.06494, 0.06494, 0.25276, 0.15656
INFO | Time spent: 2.43s
INFO | - Epoch 186, ExpID 43538
INFO | Train - Loss (one batch): 0.00083
INFO | Val - Loss, MSE, RMSE, MAE: 0.00125, 0.00125, 0.03541, 0.02489
INFO | Test - Best epoch 132, Loss, MSE, RMSE, MAE: 0.06494, 0.06494, 0.25276, 0.15656
INFO | Time spent: 2.59s
INFO | - Epoch 187, ExpID 43538
INFO | Train - Loss (one batch): 0.00083
INFO | Val - Loss, MSE, RMSE, MAE: 0.00112, 0.00112, 0.03346, 0.02224
INFO | Test - Best epoch 132, Loss, MSE, RMSE, MAE: 0.06494, 0.06494, 0.25276, 0.15656
INFO | Time spent: 2.44s
INFO | - Epoch 188, ExpID 43538
INFO | Train - Loss (one batch): 0.00068
INFO | Val - Loss, MSE, RMSE, MAE: 0.00098, 0.00098, 0.03126, 0.01931
INFO | Test - Best epoch 132, Loss, MSE, RMSE, MAE: 0.06494, 0.06494, 0.25276, 0.15656
INFO | Time spent: 2.41s
INFO | - Epoch 189, ExpID 43538
INFO | Train - Loss (one batch): 0.00109
INFO | Val - Loss, MSE, RMSE, MAE: 0.00110, 0.00110, 0.03323, 0.02203
INFO | Test - Best epoch 132, Loss, MSE, RMSE, MAE: 0.06494, 0.06494, 0.25276, 0.15656
INFO | Time spent: 2.43s
INFO | - Epoch 190, ExpID 43538
INFO | Train - Loss (one batch): 0.00115
INFO | Val - Loss, MSE, RMSE, MAE: 0.00124, 0.00124, 0.03527, 0.02470
INFO | Test - Best epoch 132, Loss, MSE, RMSE, MAE: 0.06494, 0.06494, 0.25276, 0.15656
INFO | Time spent: 2.43s
INFO | - Epoch 191, ExpID 43538
INFO | Train - Loss (one batch): 0.00095
INFO | Val - Loss, MSE, RMSE, MAE: 0.00117, 0.00117, 0.03427, 0.02316
INFO | Test - Best epoch 132, Loss, MSE, RMSE, MAE: 0.06494, 0.06494, 0.25276, 0.15656
INFO | Time spent: 2.44s
INFO | - Epoch 192, ExpID 43538
INFO | Train - Loss (one batch): 0.00065
INFO | Val - Loss, MSE, RMSE, MAE: 0.00103, 0.00103, 0.03207, 0.02050
INFO | Test - Best epoch 132, Loss, MSE, RMSE, MAE: 0.06494, 0.06494, 0.25276, 0.15656
INFO | Time spent: 2.43s
INFO | - Epoch 193, ExpID 43538
INFO | Train - Loss (one batch): 0.00100
INFO | Val - Loss, MSE, RMSE, MAE: 0.00105, 0.00105, 0.03235, 0.02070
INFO | Test - Best epoch 132, Loss, MSE, RMSE, MAE: 0.06494, 0.06494, 0.25276, 0.15656
INFO | Time spent: 2.43s
INFO | - Epoch 194, ExpID 43538
INFO | Train - Loss (one batch): 0.00067
INFO | Val - Loss, MSE, RMSE, MAE: 0.00107, 0.00107, 0.03278, 0.02142
INFO | Test - Best epoch 132, Loss, MSE, RMSE, MAE: 0.06494, 0.06494, 0.25276, 0.15656
INFO | Time spent: 2.42s
INFO | - Epoch 195, ExpID 43538
INFO | Train - Loss (one batch): 0.00085
INFO | Val - Loss, MSE, RMSE, MAE: 0.00098, 0.00098, 0.03134, 0.01941
INFO | Test - Best epoch 132, Loss, MSE, RMSE, MAE: 0.06494, 0.06494, 0.25276, 0.15656
INFO | Time spent: 2.43s
INFO | - Epoch 196, ExpID 43538
INFO | Train - Loss (one batch): 0.00088
INFO | Val - Loss, MSE, RMSE, MAE: 0.00099, 0.00099, 0.03147, 0.01896
INFO | Test - Best epoch 132, Loss, MSE, RMSE, MAE: 0.06494, 0.06494, 0.25276, 0.15656
INFO | Time spent: 2.42s
INFO | - Epoch 197, ExpID 43538
INFO | Train - Loss (one batch): 0.00075
INFO | Val - Loss, MSE, RMSE, MAE: 0.00101, 0.00101, 0.03175, 0.01992
INFO | Test - Best epoch 132, Loss, MSE, RMSE, MAE: 0.06494, 0.06494, 0.25276, 0.15656
INFO | Time spent: 2.45s
INFO | - Epoch 198, ExpID 43538
INFO | Train - Loss (one batch): 0.00055
INFO | Val - Loss, MSE, RMSE, MAE: 0.00102, 0.00102, 0.03193, 0.02055
INFO | Test - Best epoch 132, Loss, MSE, RMSE, MAE: 0.06494, 0.06494, 0.25276, 0.15656
INFO | Time spent: 2.41s
INFO | - Epoch 199, ExpID 43538
INFO | Train - Loss (one batch): 0.00114
INFO | Val - Loss, MSE, RMSE, MAE: 0.00124, 0.00124, 0.03524, 0.02426
INFO | Test - Best epoch 132, Loss, MSE, RMSE, MAE: 0.06494, 0.06494, 0.25276, 0.15656
INFO | Time spent: 2.43s
INFO | - Epoch 200, ExpID 43538
INFO | Train - Loss (one batch): 0.00063
INFO | Val - Loss, MSE, RMSE, MAE: 0.00110, 0.00110, 0.03313, 0.02204
INFO | Test - Best epoch 132, Loss, MSE, RMSE, MAE: 0.06494, 0.06494, 0.25276, 0.15656
INFO | Time spent: 2.42s
INFO | - Epoch 201, ExpID 43538
INFO | Train - Loss (one batch): 0.00097
INFO | Val - Loss, MSE, RMSE, MAE: 0.00098, 0.00098, 0.03134, 0.01931
INFO | Test - Best epoch 132, Loss, MSE, RMSE, MAE: 0.06494, 0.06494, 0.25276, 0.15656
INFO | Time spent: 2.42s
INFO | - Epoch 202, ExpID 43538
INFO | Train - Loss (one batch): 0.00081
INFO | Val - Loss, MSE, RMSE, MAE: 0.00102, 0.00102, 0.03195, 0.02059
INFO | Test - Best epoch 132, Loss, MSE, RMSE, MAE: 0.06494, 0.06494, 0.25276, 0.15656
INFO | Time spent: 2.42s
INFO | - Epoch 203, ExpID 43538
INFO | Train - Loss (one batch): 0.00080
INFO | Val - Loss, MSE, RMSE, MAE: 0.00100, 0.00100, 0.03169, 0.01967
INFO | Test - Best epoch 132, Loss, MSE, RMSE, MAE: 0.06494, 0.06494, 0.25276, 0.15656
INFO | Time spent: 2.44s
INFO | - Epoch 204, ExpID 43538
INFO | Train - Loss (one batch): 0.00084
INFO | Val - Loss, MSE, RMSE, MAE: 0.00101, 0.00101, 0.03175, 0.01988
INFO | Test - Best epoch 132, Loss, MSE, RMSE, MAE: 0.06494, 0.06494, 0.25276, 0.15656
INFO | Time spent: 2.58s
INFO | - Epoch 205, ExpID 43538
INFO | Train - Loss (one batch): 0.00073
INFO | Val - Loss, MSE, RMSE, MAE: 0.00097, 0.00097, 0.03109, 0.01896
INFO | Test - Best epoch 205, Loss, MSE, RMSE, MAE: 0.06431, 0.06431, 0.25149, 0.15587
INFO | Time spent: 3.27s
INFO | - Epoch 206, ExpID 43538
INFO | Train - Loss (one batch): 0.00065
INFO | Val - Loss, MSE, RMSE, MAE: 0.00114, 0.00114, 0.03377, 0.02247
INFO | Test - Best epoch 205, Loss, MSE, RMSE, MAE: 0.06431, 0.06431, 0.25149, 0.15587
INFO | Time spent: 2.41s
INFO | - Epoch 207, ExpID 43538
INFO | Train - Loss (one batch): 0.00096
INFO | Val - Loss, MSE, RMSE, MAE: 0.00111, 0.00111, 0.03336, 0.02217
INFO | Test - Best epoch 205, Loss, MSE, RMSE, MAE: 0.06431, 0.06431, 0.25149, 0.15587
INFO | Time spent: 2.43s
INFO | - Epoch 208, ExpID 43538
INFO | Train - Loss (one batch): 0.00077
INFO | Val - Loss, MSE, RMSE, MAE: 0.00125, 0.00125, 0.03539, 0.02481
INFO | Test - Best epoch 205, Loss, MSE, RMSE, MAE: 0.06431, 0.06431, 0.25149, 0.15587
INFO | Time spent: 2.42s
INFO | - Epoch 209, ExpID 43538
INFO | Train - Loss (one batch): 0.00086
INFO | Val - Loss, MSE, RMSE, MAE: 0.00117, 0.00117, 0.03417, 0.02304
INFO | Test - Best epoch 205, Loss, MSE, RMSE, MAE: 0.06431, 0.06431, 0.25149, 0.15587
INFO | Time spent: 2.44s
INFO | - Epoch 210, ExpID 43538
INFO | Train - Loss (one batch): 0.00071
INFO | Val - Loss, MSE, RMSE, MAE: 0.00099, 0.00099, 0.03139, 0.01936
INFO | Test - Best epoch 205, Loss, MSE, RMSE, MAE: 0.06431, 0.06431, 0.25149, 0.15587
INFO | Time spent: 2.51s
INFO | - Epoch 211, ExpID 43538
INFO | Train - Loss (one batch): 0.00099
INFO | Val - Loss, MSE, RMSE, MAE: 0.00135, 0.00135, 0.03673, 0.02657
INFO | Test - Best epoch 205, Loss, MSE, RMSE, MAE: 0.06431, 0.06431, 0.25149, 0.15587
INFO | Time spent: 2.49s
INFO | - Epoch 212, ExpID 43538
INFO | Train - Loss (one batch): 0.00086
INFO | Val - Loss, MSE, RMSE, MAE: 0.00136, 0.00136, 0.03688, 0.02682
INFO | Test - Best epoch 205, Loss, MSE, RMSE, MAE: 0.06431, 0.06431, 0.25149, 0.15587
INFO | Time spent: 2.60s
INFO | - Epoch 213, ExpID 43538
INFO | Train - Loss (one batch): 0.00073
INFO | Val - Loss, MSE, RMSE, MAE: 0.00117, 0.00117, 0.03419, 0.02311
INFO | Test - Best epoch 205, Loss, MSE, RMSE, MAE: 0.06431, 0.06431, 0.25149, 0.15587
INFO | Time spent: 2.42s
INFO | - Epoch 214, ExpID 43538
INFO | Train - Loss (one batch): 0.00084
INFO | Val - Loss, MSE, RMSE, MAE: 0.00099, 0.00099, 0.03150, 0.01952
INFO | Test - Best epoch 205, Loss, MSE, RMSE, MAE: 0.06431, 0.06431, 0.25149, 0.15587
INFO | Time spent: 2.42s
INFO | - Epoch 215, ExpID 43538
INFO | Train - Loss (one batch): 0.00079
INFO | Val - Loss, MSE, RMSE, MAE: 0.00099, 0.00099, 0.03141, 0.01946
INFO | Test - Best epoch 205, Loss, MSE, RMSE, MAE: 0.06431, 0.06431, 0.25149, 0.15587
INFO | Time spent: 2.43s
INFO | - Epoch 216, ExpID 43538
INFO | Train - Loss (one batch): 0.00083
INFO | Val - Loss, MSE, RMSE, MAE: 0.00124, 0.00124, 0.03526, 0.02447
INFO | Test - Best epoch 205, Loss, MSE, RMSE, MAE: 0.06431, 0.06431, 0.25149, 0.15587
INFO | Time spent: 2.48s
INFO | - Epoch 217, ExpID 43538
INFO | Train - Loss (one batch): 0.00101
INFO | Val - Loss, MSE, RMSE, MAE: 0.00107, 0.00107, 0.03278, 0.02124
INFO | Test - Best epoch 205, Loss, MSE, RMSE, MAE: 0.06431, 0.06431, 0.25149, 0.15587
INFO | Time spent: 2.44s
INFO | - Epoch 218, ExpID 43538
INFO | Train - Loss (one batch): 0.00068
INFO | Val - Loss, MSE, RMSE, MAE: 0.00122, 0.00122, 0.03494, 0.02414
INFO | Test - Best epoch 205, Loss, MSE, RMSE, MAE: 0.06431, 0.06431, 0.25149, 0.15587
INFO | Time spent: 2.49s
INFO | - Epoch 219, ExpID 43538
INFO | Train - Loss (one batch): 0.00097
INFO | Val - Loss, MSE, RMSE, MAE: 0.00102, 0.00102, 0.03191, 0.02018
INFO | Test - Best epoch 205, Loss, MSE, RMSE, MAE: 0.06431, 0.06431, 0.25149, 0.15587
INFO | Time spent: 2.39s
INFO | - Epoch 220, ExpID 43538
INFO | Train - Loss (one batch): 0.00086
INFO | Val - Loss, MSE, RMSE, MAE: 0.00105, 0.00105, 0.03236, 0.02080
INFO | Test - Best epoch 205, Loss, MSE, RMSE, MAE: 0.06431, 0.06431, 0.25149, 0.15587
INFO | Time spent: 2.34s
INFO | - Epoch 221, ExpID 43538
INFO | Train - Loss (one batch): 0.00059
INFO | Val - Loss, MSE, RMSE, MAE: 0.00099, 0.00099, 0.03148, 0.01946
INFO | Test - Best epoch 205, Loss, MSE, RMSE, MAE: 0.06431, 0.06431, 0.25149, 0.15587
INFO | Time spent: 2.61s
INFO | - Epoch 222, ExpID 43538
INFO | Train - Loss (one batch): 0.00080
INFO | Val - Loss, MSE, RMSE, MAE: 0.00124, 0.00124, 0.03515, 0.02419
INFO | Test - Best epoch 205, Loss, MSE, RMSE, MAE: 0.06431, 0.06431, 0.25149, 0.15587
INFO | Time spent: 2.34s
INFO | - Epoch 223, ExpID 43538
INFO | Train - Loss (one batch): 0.00097
INFO | Val - Loss, MSE, RMSE, MAE: 0.00108, 0.00108, 0.03284, 0.02122
INFO | Test - Best epoch 205, Loss, MSE, RMSE, MAE: 0.06431, 0.06431, 0.25149, 0.15587
INFO | Time spent: 2.30s
INFO | - Epoch 224, ExpID 43538
INFO | Train - Loss (one batch): 0.00067
INFO | Val - Loss, MSE, RMSE, MAE: 0.00103, 0.00103, 0.03214, 0.02036
INFO | Test - Best epoch 205, Loss, MSE, RMSE, MAE: 0.06431, 0.06431, 0.25149, 0.15587
INFO | Time spent: 2.34s
INFO | - Epoch 225, ExpID 43538
INFO | Train - Loss (one batch): 0.00078
INFO | Val - Loss, MSE, RMSE, MAE: 0.00099, 0.00099, 0.03148, 0.01946
INFO | Test - Best epoch 205, Loss, MSE, RMSE, MAE: 0.06431, 0.06431, 0.25149, 0.15587
INFO | Time spent: 2.33s
INFO | - Epoch 226, ExpID 43538
INFO | Train - Loss (one batch): 0.00065
INFO | Val - Loss, MSE, RMSE, MAE: 0.00100, 0.00100, 0.03155, 0.01972
INFO | Test - Best epoch 205, Loss, MSE, RMSE, MAE: 0.06431, 0.06431, 0.25149, 0.15587
INFO | Time spent: 3.21s
INFO | - Epoch 227, ExpID 43538
INFO | Train - Loss (one batch): 0.00072
INFO | Val - Loss, MSE, RMSE, MAE: 0.00099, 0.00099, 0.03146, 0.01951
INFO | Test - Best epoch 205, Loss, MSE, RMSE, MAE: 0.06431, 0.06431, 0.25149, 0.15587
INFO | Time spent: 3.19s
INFO | - Epoch 228, ExpID 43538
INFO | Train - Loss (one batch): 0.00056
INFO | Val - Loss, MSE, RMSE, MAE: 0.00109, 0.00109, 0.03305, 0.02178
INFO | Test - Best epoch 205, Loss, MSE, RMSE, MAE: 0.06431, 0.06431, 0.25149, 0.15587
INFO | Time spent: 3.17s
INFO | - Epoch 229, ExpID 43538
INFO | Train - Loss (one batch): 0.00054
INFO | Val - Loss, MSE, RMSE, MAE: 0.00097, 0.00097, 0.03113, 0.01884
INFO | Test - Best epoch 205, Loss, MSE, RMSE, MAE: 0.06431, 0.06431, 0.25149, 0.15587
INFO | Time spent: 2.95s
INFO | - Epoch 230, ExpID 43538
INFO | Train - Loss (one batch): 0.00083
INFO | Val - Loss, MSE, RMSE, MAE: 0.00107, 0.00107, 0.03277, 0.02126
INFO | Test - Best epoch 205, Loss, MSE, RMSE, MAE: 0.06431, 0.06431, 0.25149, 0.15587
INFO | Time spent: 2.61s
INFO | - Epoch 231, ExpID 43538
INFO | Train - Loss (one batch): 0.00069
INFO | Val - Loss, MSE, RMSE, MAE: 0.00098, 0.00098, 0.03133, 0.01945
INFO | Test - Best epoch 205, Loss, MSE, RMSE, MAE: 0.06431, 0.06431, 0.25149, 0.15587
INFO | Time spent: 2.50s
INFO | - Epoch 232, ExpID 43538
INFO | Train - Loss (one batch): 0.00071
INFO | Val - Loss, MSE, RMSE, MAE: 0.00107, 0.00107, 0.03277, 0.02114
INFO | Test - Best epoch 205, Loss, MSE, RMSE, MAE: 0.06431, 0.06431, 0.25149, 0.15587
INFO | Time spent: 2.42s
INFO | - Epoch 233, ExpID 43538
INFO | Train - Loss (one batch): 0.00106
INFO | Val - Loss, MSE, RMSE, MAE: 0.00098, 0.00098, 0.03125, 0.01923
INFO | Test - Best epoch 205, Loss, MSE, RMSE, MAE: 0.06431, 0.06431, 0.25149, 0.15587
INFO | Time spent: 2.40s
INFO | - Epoch 234, ExpID 43538
INFO | Train - Loss (one batch): 0.00081
INFO | Val - Loss, MSE, RMSE, MAE: 0.00105, 0.00105, 0.03233, 0.02082
INFO | Test - Best epoch 205, Loss, MSE, RMSE, MAE: 0.06431, 0.06431, 0.25149, 0.15587
INFO | Time spent: 2.39s
INFO | - Epoch 235, ExpID 43538
INFO | Train - Loss (one batch): 0.00078
INFO | Val - Loss, MSE, RMSE, MAE: 0.00103, 0.00103, 0.03217, 0.02032
INFO | Test - Best epoch 205, Loss, MSE, RMSE, MAE: 0.06431, 0.06431, 0.25149, 0.15587
INFO | Time spent: 2.41s
INFO | - Epoch 236, ExpID 43538
INFO | Train - Loss (one batch): 0.00072
INFO | Val - Loss, MSE, RMSE, MAE: 0.00103, 0.00103, 0.03216, 0.02050
INFO | Test - Best epoch 205, Loss, MSE, RMSE, MAE: 0.06431, 0.06431, 0.25149, 0.15587
INFO | Time spent: 2.41s
INFO | - Epoch 237, ExpID 43538
INFO | Train - Loss (one batch): 0.00060
INFO | Val - Loss, MSE, RMSE, MAE: 0.00101, 0.00101, 0.03175, 0.01982
INFO | Test - Best epoch 205, Loss, MSE, RMSE, MAE: 0.06431, 0.06431, 0.25149, 0.15587
INFO | Time spent: 3.14s
INFO | - Epoch 238, ExpID 43538
INFO | Train - Loss (one batch): 0.00112
INFO | Val - Loss, MSE, RMSE, MAE: 0.00109, 0.00109, 0.03299, 0.02137
INFO | Test - Best epoch 205, Loss, MSE, RMSE, MAE: 0.06431, 0.06431, 0.25149, 0.15587
INFO | Time spent: 3.06s
INFO | - Epoch 239, ExpID 43538
INFO | Train - Loss (one batch): 0.00100
INFO | Val - Loss, MSE, RMSE, MAE: 0.00104, 0.00104, 0.03219, 0.02063
INFO | Test - Best epoch 205, Loss, MSE, RMSE, MAE: 0.06431, 0.06431, 0.25149, 0.15587
INFO | Time spent: 2.94s
INFO | - Epoch 240, ExpID 43538
INFO | Train - Loss (one batch): 0.00084
INFO | Val - Loss, MSE, RMSE, MAE: 0.00102, 0.00102, 0.03187, 0.02001
INFO | Test - Best epoch 205, Loss, MSE, RMSE, MAE: 0.06431, 0.06431, 0.25149, 0.15587
INFO | Time spent: 2.92s
INFO | - Epoch 241, ExpID 43538
INFO | Train - Loss (one batch): 0.00092
INFO | Val - Loss, MSE, RMSE, MAE: 0.00098, 0.00098, 0.03134, 0.01908
INFO | Test - Best epoch 205, Loss, MSE, RMSE, MAE: 0.06431, 0.06431, 0.25149, 0.15587
INFO | Time spent: 2.90s
INFO | - Epoch 242, ExpID 43538
INFO | Train - Loss (one batch): 0.00073
INFO | Val - Loss, MSE, RMSE, MAE: 0.00097, 0.00097, 0.03120, 0.01879
INFO | Test - Best epoch 205, Loss, MSE, RMSE, MAE: 0.06431, 0.06431, 0.25149, 0.15587
INFO | Time spent: 2.98s
INFO | - Epoch 243, ExpID 43538
INFO | Train - Loss (one batch): 0.00078
INFO | Val - Loss, MSE, RMSE, MAE: 0.00103, 0.00103, 0.03203, 0.02053
INFO | Test - Best epoch 205, Loss, MSE, RMSE, MAE: 0.06431, 0.06431, 0.25149, 0.15587
INFO | Time spent: 2.79s
INFO | - Epoch 244, ExpID 43538
INFO | Train - Loss (one batch): 0.00088
INFO | Val - Loss, MSE, RMSE, MAE: 0.00104, 0.00104, 0.03231, 0.02085
INFO | Test - Best epoch 205, Loss, MSE, RMSE, MAE: 0.06431, 0.06431, 0.25149, 0.15587
INFO | Time spent: 2.37s
INFO | - Epoch 245, ExpID 43538
INFO | Train - Loss (one batch): 0.00067
INFO | Val - Loss, MSE, RMSE, MAE: 0.00098, 0.00098, 0.03126, 0.01919
INFO | Test - Best epoch 205, Loss, MSE, RMSE, MAE: 0.06431, 0.06431, 0.25149, 0.15587
INFO | Time spent: 2.41s
INFO | - Epoch 246, ExpID 43538
INFO | Train - Loss (one batch): 0.00076
INFO | Val - Loss, MSE, RMSE, MAE: 0.00099, 0.00099, 0.03150, 0.01953
INFO | Test - Best epoch 205, Loss, MSE, RMSE, MAE: 0.06431, 0.06431, 0.25149, 0.15587
INFO | Time spent: 2.41s
INFO | - Epoch 247, ExpID 43538
INFO | Train - Loss (one batch): 0.00062
INFO | Val - Loss, MSE, RMSE, MAE: 0.00105, 0.00105, 0.03243, 0.02069
INFO | Test - Best epoch 205, Loss, MSE, RMSE, MAE: 0.06431, 0.06431, 0.25149, 0.15587
INFO | Time spent: 2.49s
INFO | - Epoch 248, ExpID 43538
INFO | Train - Loss (one batch): 0.00080
INFO | Val - Loss, MSE, RMSE, MAE: 0.00100, 0.00100, 0.03161, 0.01934
INFO | Test - Best epoch 205, Loss, MSE, RMSE, MAE: 0.06431, 0.06431, 0.25149, 0.15587
INFO | Time spent: 2.40s
INFO | - Epoch 249, ExpID 43538
INFO | Train - Loss (one batch): 0.00075
INFO | Val - Loss, MSE, RMSE, MAE: 0.00105, 0.00105, 0.03245, 0.02087
INFO | Test - Best epoch 205, Loss, MSE, RMSE, MAE: 0.06431, 0.06431, 0.25149, 0.15587
INFO | Time spent: 2.42s
INFO | - Epoch 250, ExpID 43538
INFO | Train - Loss (one batch): 0.00085
INFO | Val - Loss, MSE, RMSE, MAE: 0.00104, 0.00104, 0.03225, 0.02052
INFO | Test - Best epoch 205, Loss, MSE, RMSE, MAE: 0.06431, 0.06431, 0.25149, 0.15587
INFO | Time spent: 2.53s
INFO | - Epoch 251, ExpID 43538
INFO | Train - Loss (one batch): 0.00070
INFO | Val - Loss, MSE, RMSE, MAE: 0.00098, 0.00098, 0.03138, 0.01922
INFO | Test - Best epoch 205, Loss, MSE, RMSE, MAE: 0.06431, 0.06431, 0.25149, 0.15587
INFO | Time spent: 2.41s
INFO | - Epoch 252, ExpID 43538
INFO | Train - Loss (one batch): 0.00086
INFO | Val - Loss, MSE, RMSE, MAE: 0.00118, 0.00118, 0.03429, 0.02300
INFO | Test - Best epoch 205, Loss, MSE, RMSE, MAE: 0.06431, 0.06431, 0.25149, 0.15587
INFO | Time spent: 2.36s
INFO | - Epoch 253, ExpID 43538
INFO | Train - Loss (one batch): 0.00080
INFO | Val - Loss, MSE, RMSE, MAE: 0.00103, 0.00103, 0.03212, 0.02058
INFO | Test - Best epoch 205, Loss, MSE, RMSE, MAE: 0.06431, 0.06431, 0.25149, 0.15587
INFO | Time spent: 2.37s
INFO | - Epoch 254, ExpID 43538
INFO | Train - Loss (one batch): 0.00092
INFO | Val - Loss, MSE, RMSE, MAE: 0.00100, 0.00100, 0.03163, 0.01976
INFO | Test - Best epoch 205, Loss, MSE, RMSE, MAE: 0.06431, 0.06431, 0.25149, 0.15587
INFO | Time spent: 2.41s
INFO | - Epoch 255, ExpID 43538
INFO | Train - Loss (one batch): 0.00085
INFO | Val - Loss, MSE, RMSE, MAE: 0.00104, 0.00104, 0.03227, 0.02064
INFO | Test - Best epoch 205, Loss, MSE, RMSE, MAE: 0.06431, 0.06431, 0.25149, 0.15587
INFO | Time spent: 2.41s
INFO | - Epoch 256, ExpID 43538
INFO | Train - Loss (one batch): 0.00075
INFO | Val - Loss, MSE, RMSE, MAE: 0.00107, 0.00107, 0.03269, 0.02109
INFO | Test - Best epoch 205, Loss, MSE, RMSE, MAE: 0.06431, 0.06431, 0.25149, 0.15587
INFO | Time spent: 2.37s
INFO | - Epoch 257, ExpID 43538
INFO | Train - Loss (one batch): 0.00075
INFO | Val - Loss, MSE, RMSE, MAE: 0.00106, 0.00106, 0.03256, 0.02102
INFO | Test - Best epoch 205, Loss, MSE, RMSE, MAE: 0.06431, 0.06431, 0.25149, 0.15587
INFO | Time spent: 2.41s
INFO | - Epoch 258, ExpID 43538
INFO | Train - Loss (one batch): 0.00095
INFO | Val - Loss, MSE, RMSE, MAE: 0.00097, 0.00097, 0.03119, 0.01879
INFO | Test - Best epoch 205, Loss, MSE, RMSE, MAE: 0.06431, 0.06431, 0.25149, 0.15587
INFO | Time spent: 2.41s
INFO | - Epoch 259, ExpID 43538
INFO | Train - Loss (one batch): 0.00072
INFO | Val - Loss, MSE, RMSE, MAE: 0.00110, 0.00110, 0.03324, 0.02190
INFO | Test - Best epoch 205, Loss, MSE, RMSE, MAE: 0.06431, 0.06431, 0.25149, 0.15587
INFO | Time spent: 2.40s
INFO | - Epoch 260, ExpID 43538
INFO | Train - Loss (one batch): 0.00063
INFO | Val - Loss, MSE, RMSE, MAE: 0.00120, 0.00120, 0.03459, 0.02368
INFO | Test - Best epoch 205, Loss, MSE, RMSE, MAE: 0.06431, 0.06431, 0.25149, 0.15587
INFO | Time spent: 2.36s
INFO | - Epoch 261, ExpID 43538
INFO | Train - Loss (one batch): 0.00069
INFO | Val - Loss, MSE, RMSE, MAE: 0.00103, 0.00103, 0.03208, 0.02029
INFO | Test - Best epoch 205, Loss, MSE, RMSE, MAE: 0.06431, 0.06431, 0.25149, 0.15587
INFO | Time spent: 2.38s
INFO | - Epoch 262, ExpID 43538
INFO | Train - Loss (one batch): 0.00061
INFO | Val - Loss, MSE, RMSE, MAE: 0.00103, 0.00103, 0.03208, 0.02015
INFO | Test - Best epoch 205, Loss, MSE, RMSE, MAE: 0.06431, 0.06431, 0.25149, 0.15587
INFO | Time spent: 2.41s
INFO | - Epoch 263, ExpID 43538
INFO | Train - Loss (one batch): 0.00077
INFO | Val - Loss, MSE, RMSE, MAE: 0.00103, 0.00103, 0.03217, 0.02023
INFO | Test - Best epoch 205, Loss, MSE, RMSE, MAE: 0.06431, 0.06431, 0.25149, 0.15587
INFO | Time spent: 2.42s
INFO | - Epoch 264, ExpID 43538
INFO | Train - Loss (one batch): 0.00078
INFO | Val - Loss, MSE, RMSE, MAE: 0.00107, 0.00107, 0.03273, 0.02102
INFO | Test - Best epoch 205, Loss, MSE, RMSE, MAE: 0.06431, 0.06431, 0.25149, 0.15587
INFO | Time spent: 2.41s
INFO | - Epoch 265, ExpID 43538
INFO | Train - Loss (one batch): 0.00063
INFO | Val - Loss, MSE, RMSE, MAE: 0.00105, 0.00105, 0.03248, 0.02089
INFO | Test - Best epoch 205, Loss, MSE, RMSE, MAE: 0.06431, 0.06431, 0.25149, 0.15587
INFO | Time spent: 2.56s
INFO | - Epoch 266, ExpID 43538
INFO | Train - Loss (one batch): 0.00082
INFO | Val - Loss, MSE, RMSE, MAE: 0.00110, 0.00110, 0.03309, 0.02178
INFO | Test - Best epoch 205, Loss, MSE, RMSE, MAE: 0.06431, 0.06431, 0.25149, 0.15587
INFO | Time spent: 2.41s
INFO | - Epoch 267, ExpID 43538
INFO | Train - Loss (one batch): 0.00092
INFO | Val - Loss, MSE, RMSE, MAE: 0.00116, 0.00116, 0.03412, 0.02307
INFO | Test - Best epoch 205, Loss, MSE, RMSE, MAE: 0.06431, 0.06431, 0.25149, 0.15587
INFO | Time spent: 2.41s
INFO | - Epoch 268, ExpID 43538
INFO | Train - Loss (one batch): 0.00090
INFO | Val - Loss, MSE, RMSE, MAE: 0.00105, 0.00105, 0.03248, 0.02073
INFO | Test - Best epoch 205, Loss, MSE, RMSE, MAE: 0.06431, 0.06431, 0.25149, 0.15587
INFO | Time spent: 2.38s
INFO | - Epoch 269, ExpID 43538
INFO | Train - Loss (one batch): 0.00068
INFO | Val - Loss, MSE, RMSE, MAE: 0.00113, 0.00113, 0.03360, 0.02233
INFO | Test - Best epoch 205, Loss, MSE, RMSE, MAE: 0.06431, 0.06431, 0.25149, 0.15587
INFO | Time spent: 2.37s
INFO | - Epoch 270, ExpID 43538
INFO | Train - Loss (one batch): 0.00120
INFO | Val - Loss, MSE, RMSE, MAE: 0.00102, 0.00102, 0.03197, 0.02019
INFO | Test - Best epoch 205, Loss, MSE, RMSE, MAE: 0.06431, 0.06431, 0.25149, 0.15587
INFO | Time spent: 2.54s
INFO | - Epoch 271, ExpID 43538
INFO | Train - Loss (one batch): 0.00081
INFO | Val - Loss, MSE, RMSE, MAE: 0.00097, 0.00097, 0.03115, 0.01877
INFO | Test - Best epoch 205, Loss, MSE, RMSE, MAE: 0.06431, 0.06431, 0.25149, 0.15587
INFO | Time spent: 2.41s
INFO | - Epoch 272, ExpID 43538
INFO | Train - Loss (one batch): 0.00060
INFO | Val - Loss, MSE, RMSE, MAE: 0.00113, 0.00113, 0.03360, 0.02248
INFO | Test - Best epoch 205, Loss, MSE, RMSE, MAE: 0.06431, 0.06431, 0.25149, 0.15587
INFO | Time spent: 2.40s
INFO | - Epoch 273, ExpID 43538
INFO | Train - Loss (one batch): 0.00079
INFO | Val - Loss, MSE, RMSE, MAE: 0.00107, 0.00107, 0.03272, 0.02139
INFO | Test - Best epoch 205, Loss, MSE, RMSE, MAE: 0.06431, 0.06431, 0.25149, 0.15587
INFO | Time spent: 2.40s
INFO | - Epoch 274, ExpID 43538
INFO | Train - Loss (one batch): 0.00067
INFO | Val - Loss, MSE, RMSE, MAE: 0.00098, 0.00098, 0.03138, 0.01935
INFO | Test - Best epoch 205, Loss, MSE, RMSE, MAE: 0.06431, 0.06431, 0.25149, 0.15587
INFO | Time spent: 2.42s
INFO | - Epoch 275, ExpID 43538
INFO | Train - Loss (one batch): 0.00077
INFO | Val - Loss, MSE, RMSE, MAE: 0.00109, 0.00109, 0.03298, 0.02131
INFO | Test - Best epoch 205, Loss, MSE, RMSE, MAE: 0.06431, 0.06431, 0.25149, 0.15587
INFO | Time spent: 2.57s
INFO | - Epoch 276, ExpID 43538
INFO | Train - Loss (one batch): 0.00053
INFO | Val - Loss, MSE, RMSE, MAE: 0.00101, 0.00101, 0.03177, 0.01980
INFO | Test - Best epoch 205, Loss, MSE, RMSE, MAE: 0.06431, 0.06431, 0.25149, 0.15587
INFO | Time spent: 2.39s
INFO | - Epoch 277, ExpID 43538
INFO | Train - Loss (one batch): 0.00095
INFO | Val - Loss, MSE, RMSE, MAE: 0.00104, 0.00104, 0.03221, 0.02039
INFO | Test - Best epoch 205, Loss, MSE, RMSE, MAE: 0.06431, 0.06431, 0.25149, 0.15587
INFO | Time spent: 2.38s
INFO | - Epoch 278, ExpID 43538
INFO | Train - Loss (one batch): 0.00077
INFO | Val - Loss, MSE, RMSE, MAE: 0.00099, 0.00099, 0.03153, 0.01934
INFO | Test - Best epoch 205, Loss, MSE, RMSE, MAE: 0.06431, 0.06431, 0.25149, 0.15587
INFO | Time spent: 2.40s
INFO | - Epoch 279, ExpID 43538
INFO | Train - Loss (one batch): 0.00071
INFO | Val - Loss, MSE, RMSE, MAE: 0.00108, 0.00108, 0.03292, 0.02126
INFO | Test - Best epoch 205, Loss, MSE, RMSE, MAE: 0.06431, 0.06431, 0.25149, 0.15587
INFO | Time spent: 2.40s
INFO | - Epoch 280, ExpID 43538
INFO | Train - Loss (one batch): 0.00065
INFO | Val - Loss, MSE, RMSE, MAE: 0.00118, 0.00118, 0.03440, 0.02309
INFO | Test - Best epoch 205, Loss, MSE, RMSE, MAE: 0.06431, 0.06431, 0.25149, 0.15587
INFO | Time spent: 2.42s
INFO | - Epoch 281, ExpID 43538
INFO | Train - Loss (one batch): 0.00069
INFO | Val - Loss, MSE, RMSE, MAE: 0.00101, 0.00101, 0.03172, 0.01981
INFO | Test - Best epoch 205, Loss, MSE, RMSE, MAE: 0.06431, 0.06431, 0.25149, 0.15587
INFO | Time spent: 2.42s
INFO | - Epoch 282, ExpID 43538
INFO | Train - Loss (one batch): 0.00084
INFO | Val - Loss, MSE, RMSE, MAE: 0.00103, 0.00103, 0.03204, 0.02050
INFO | Test - Best epoch 205, Loss, MSE, RMSE, MAE: 0.06431, 0.06431, 0.25149, 0.15587
INFO | Time spent: 2.39s
INFO | - Epoch 283, ExpID 43538
INFO | Train - Loss (one batch): 0.00064
INFO | Val - Loss, MSE, RMSE, MAE: 0.00105, 0.00105, 0.03242, 0.02064
INFO | Test - Best epoch 205, Loss, MSE, RMSE, MAE: 0.06431, 0.06431, 0.25149, 0.15587
INFO | Time spent: 2.41s
INFO | - Epoch 284, ExpID 43538
INFO | Train - Loss (one batch): 0.00092
INFO | Val - Loss, MSE, RMSE, MAE: 0.00110, 0.00110, 0.03316, 0.02194
INFO | Test - Best epoch 205, Loss, MSE, RMSE, MAE: 0.06431, 0.06431, 0.25149, 0.15587
INFO | Time spent: 2.38s
INFO | - Epoch 285, ExpID 43538
INFO | Train - Loss (one batch): 0.00069
INFO | Val - Loss, MSE, RMSE, MAE: 0.00120, 0.00120, 0.03462, 0.02370
INFO | Test - Best epoch 205, Loss, MSE, RMSE, MAE: 0.06431, 0.06431, 0.25149, 0.15587
INFO | Time spent: 2.45s
INFO | - Epoch 286, ExpID 43538
INFO | Train - Loss (one batch): 0.00066
INFO | Val - Loss, MSE, RMSE, MAE: 0.00106, 0.00106, 0.03253, 0.02083
INFO | Test - Best epoch 205, Loss, MSE, RMSE, MAE: 0.06431, 0.06431, 0.25149, 0.15587
INFO | Time spent: 2.52s
INFO | - Epoch 287, ExpID 43538
INFO | Train - Loss (one batch): 0.00075
INFO | Val - Loss, MSE, RMSE, MAE: 0.00108, 0.00108, 0.03288, 0.02149
INFO | Test - Best epoch 205, Loss, MSE, RMSE, MAE: 0.06431, 0.06431, 0.25149, 0.15587
INFO | Time spent: 2.48s
INFO | - Epoch 288, ExpID 43538
INFO | Train - Loss (one batch): 0.00058
INFO | Val - Loss, MSE, RMSE, MAE: 0.00101, 0.00101, 0.03172, 0.01937
INFO | Test - Best epoch 205, Loss, MSE, RMSE, MAE: 0.06431, 0.06431, 0.25149, 0.15587
INFO | Time spent: 2.52s
INFO | - Epoch 289, ExpID 43538
INFO | Train - Loss (one batch): 0.00061
INFO | Val - Loss, MSE, RMSE, MAE: 0.00111, 0.00111, 0.03329, 0.02207
INFO | Test - Best epoch 205, Loss, MSE, RMSE, MAE: 0.06431, 0.06431, 0.25149, 0.15587
INFO | Time spent: 2.39s
INFO | - Epoch 290, ExpID 43538
INFO | Train - Loss (one batch): 0.00066
INFO | Val - Loss, MSE, RMSE, MAE: 0.00114, 0.00114, 0.03375, 0.02282
INFO | Test - Best epoch 205, Loss, MSE, RMSE, MAE: 0.06431, 0.06431, 0.25149, 0.15587
INFO | Time spent: 2.39s
INFO | - Epoch 291, ExpID 43538
INFO | Train - Loss (one batch): 0.00059
INFO | Val - Loss, MSE, RMSE, MAE: 0.00099, 0.00099, 0.03140, 0.01938
INFO | Test - Best epoch 205, Loss, MSE, RMSE, MAE: 0.06431, 0.06431, 0.25149, 0.15587
INFO | Time spent: 2.41s
INFO | - Epoch 292, ExpID 43538
INFO | Train - Loss (one batch): 0.00086
INFO | Val - Loss, MSE, RMSE, MAE: 0.00102, 0.00102, 0.03188, 0.02006
INFO | Test - Best epoch 205, Loss, MSE, RMSE, MAE: 0.06431, 0.06431, 0.25149, 0.15587
INFO | Time spent: 2.39s
INFO | - Epoch 293, ExpID 43538
INFO | Train - Loss (one batch): 0.00071
INFO | Val - Loss, MSE, RMSE, MAE: 0.00102, 0.00102, 0.03188, 0.02014
INFO | Test - Best epoch 205, Loss, MSE, RMSE, MAE: 0.06431, 0.06431, 0.25149, 0.15587
INFO | Time spent: 2.52s
INFO | - Epoch 294, ExpID 43538
INFO | Train - Loss (one batch): 0.00070
INFO | Val - Loss, MSE, RMSE, MAE: 0.00104, 0.00104, 0.03228, 0.02045
INFO | Test - Best epoch 205, Loss, MSE, RMSE, MAE: 0.06431, 0.06431, 0.25149, 0.15587
INFO | Time spent: 2.42s
INFO | - Epoch 295, ExpID 43538
INFO | Train - Loss (one batch): 0.00083
INFO | Val - Loss, MSE, RMSE, MAE: 0.00102, 0.00102, 0.03198, 0.02014
INFO | Test - Best epoch 205, Loss, MSE, RMSE, MAE: 0.06431, 0.06431, 0.25149, 0.15587
INFO | Time spent: 2.42s
INFO | - Epoch 296, ExpID 43538
INFO | Train - Loss (one batch): 0.00071
INFO | Val - Loss, MSE, RMSE, MAE: 0.00103, 0.00103, 0.03203, 0.02048
INFO | Test - Best epoch 205, Loss, MSE, RMSE, MAE: 0.06431, 0.06431, 0.25149, 0.15587
INFO | Time spent: 2.39s
INFO | - Epoch 297, ExpID 43538
INFO | Train - Loss (one batch): 0.00088
INFO | Val - Loss, MSE, RMSE, MAE: 0.00118, 0.00118, 0.03434, 0.02313
INFO | Test - Best epoch 205, Loss, MSE, RMSE, MAE: 0.06431, 0.06431, 0.25149, 0.15587
INFO | Time spent: 2.39s
INFO | - Epoch 298, ExpID 43538
INFO | Train - Loss (one batch): 0.00077
INFO | Val - Loss, MSE, RMSE, MAE: 0.00102, 0.00102, 0.03196, 0.02010
INFO | Test - Best epoch 205, Loss, MSE, RMSE, MAE: 0.06431, 0.06431, 0.25149, 0.15587
INFO | Time spent: 2.54s
INFO | - Epoch 299, ExpID 43538
INFO | Train - Loss (one batch): 0.00057
INFO | Val - Loss, MSE, RMSE, MAE: 0.00109, 0.00109, 0.03298, 0.02125
INFO | Test - Best epoch 205, Loss, MSE, RMSE, MAE: 0.06431, 0.06431, 0.25149, 0.15587
INFO | Time spent: 2.43s
