INFO | TOP_ERR | split=test epoch=0 rank=1/10 b=3 t=23 var_idx=9 tp=0.925982 y_true=0.039639 y_pred=0.494093 diff=0.454454 abs_err=0.454454
INFO | TOP_ERR | split=test epoch=0 rank=2/10 b=4 t=15 var_idx=9 tp=0.892223 y_true=0.038542 y_pred=0.470961 diff=0.432419 abs_err=0.432419
INFO | TOP_ERR | split=test epoch=0 rank=3/10 b=28 t=17 var_idx=10 tp=0.917729 y_true=0.911302 y_pred=0.480405 diff=-0.430897 abs_err=0.430897
INFO | TOP_ERR | split=test epoch=0 rank=4/10 b=60 t=18 var_idx=9 tp=0.889222 y_true=0.073623 y_pred=0.490516 diff=0.416893 abs_err=0.416893
INFO | TOP_ERR | split=test epoch=0 rank=5/10 b=60 t=21 var_idx=9 tp=0.916229 y_true=0.076939 y_pred=0.490534 diff=0.413595 abs_err=0.413595
INFO | TOP_ERR | split=test epoch=0 rank=6/10 b=3 t=23 var_idx=11 tp=0.925982 y_true=0.941412 y_pred=0.542350 diff=-0.399062 abs_err=0.399062
INFO | TOP_ERR | split=test epoch=0 rank=7/10 b=47 t=28 var_idx=9 tp=0.978995 y_true=0.262216 y_pred=0.630299 diff=0.368083 abs_err=0.368083
INFO | TOP_ERR | split=test epoch=0 rank=8/10 b=4 t=15 var_idx=11 tp=0.892223 y_true=0.927668 y_pred=0.562131 diff=-0.365538 abs_err=0.365538
INFO | TOP_ERR | split=test epoch=0 rank=9/10 b=3 t=23 var_idx=10 tp=0.925982 y_true=0.806160 y_pred=0.459414 diff=-0.346746 abs_err=0.346746
INFO | TOP_ERR | split=test epoch=0 rank=10/10 b=32 t=20 var_idx=6 tp=0.910978 y_true=0.803406 y_pred=0.470546 diff=-0.332860 abs_err=0.332860
INFO | TOP_BEST | split=test epoch=0 rank=1/3 b=38 t=1 var_idx=7 tp=0.762441 y_true=0.451190 y_pred=0.451183 diff=-0.000007 abs_err=0.000007
INFO | TOP_BEST | split=test epoch=0 rank=2/3 b=38 t=18 var_idx=10 tp=0.904476 y_true=0.450842 y_pred=0.450822 diff=-0.000020 abs_err=0.000020
INFO | TOP_BEST | split=test epoch=0 rank=3/3 b=27 t=18 var_idx=9 tp=0.897474 y_true=0.528437 y_pred=0.528416 diff=-0.000021 abs_err=0.000021
INFO | TOP_OK | split=test epoch=0 rank=1/3 b=0 t=1 var_idx=10 tp=0.756939 y_true=0.479089 y_pred=0.468631
INFO | TOP_OK | split=test epoch=0 rank=2/3 b=0 t=4 var_idx=9 tp=0.783946 y_true=0.627416 y_pred=0.633360
INFO | TOP_OK | split=test epoch=0 rank=3/3 b=0 t=5 var_idx=5 tp=0.790698 y_true=0.580565 y_pred=0.575267
INFO | TOP_ERR | split=test epoch=1 rank=1/10 b=47 t=28 var_idx=9 tp=0.978995 y_true=0.262216 y_pred=0.790570 diff=0.528354 abs_err=0.528354
INFO | TOP_ERR | split=test epoch=1 rank=2/10 b=47 t=24 var_idx=6 tp=0.945236 y_true=0.324231 y_pred=0.766670 diff=0.442439 abs_err=0.442439
INFO | TOP_ERR | split=test epoch=1 rank=3/10 b=9 t=23 var_idx=9 tp=0.939735 y_true=0.743767 y_pred=0.370557 diff=-0.373211 abs_err=0.373211
INFO | TOP_ERR | split=test epoch=1 rank=4/10 b=7 t=7 var_idx=0 tp=0.804451 y_true=0.670168 y_pred=0.299714 diff=-0.370454 abs_err=0.370454
INFO | TOP_ERR | split=test epoch=1 rank=5/10 b=9 t=19 var_idx=9 tp=0.912728 y_true=0.739735 y_pred=0.370556 diff=-0.369178 abs_err=0.369178
INFO | TOP_ERR | split=test epoch=1 rank=6/10 b=60 t=7 var_idx=9 tp=0.808202 y_true=0.720162 y_pred=0.372139 diff=-0.348023 abs_err=0.348023
INFO | TOP_ERR | split=test epoch=1 rank=7/10 b=3 t=23 var_idx=9 tp=0.925982 y_true=0.039639 y_pred=0.379547 diff=0.339908 abs_err=0.339908
INFO | TOP_ERR | split=test epoch=1 rank=8/10 b=3 t=23 var_idx=10 tp=0.925982 y_true=0.806160 y_pred=0.484136 diff=-0.322024 abs_err=0.322024
INFO | TOP_ERR | split=test epoch=1 rank=9/10 b=32 t=23 var_idx=2 tp=0.931233 y_true=0.747928 y_pred=0.427544 diff=-0.320384 abs_err=0.320384
INFO | TOP_ERR | split=test epoch=1 rank=10/10 b=60 t=11 var_idx=9 tp=0.835209 y_true=0.692128 y_pred=0.372187 diff=-0.319941 abs_err=0.319941
INFO | TOP_BEST | split=test epoch=1 rank=1/3 b=38 t=0 var_idx=1 tp=0.755689 y_true=0.367868 y_pred=0.367870 diff=0.000001 abs_err=0.000001
INFO | TOP_BEST | split=test epoch=1 rank=2/3 b=23 t=12 var_idx=0 tp=0.856714 y_true=0.409630 y_pred=0.409643 diff=0.000014 abs_err=0.000014
INFO | TOP_BEST | split=test epoch=1 rank=3/3 b=6 t=19 var_idx=10 tp=0.905726 y_true=0.473230 y_pred=0.473250 diff=0.000020 abs_err=0.000020
INFO | TOP_OK | split=test epoch=1 rank=1/3 b=0 t=1 var_idx=9 tp=0.756939 y_true=0.764134 y_pred=0.793149
INFO | TOP_OK | split=test epoch=1 rank=2/3 b=0 t=1 var_idx=11 tp=0.756939 y_true=0.662485 y_pred=0.681829
INFO | TOP_OK | split=test epoch=1 rank=3/3 b=0 t=2 var_idx=3 tp=0.763691 y_true=0.755550 y_pred=0.761596
INFO | TOP_ERR | split=test epoch=3 rank=1/10 b=47 t=28 var_idx=9 tp=0.978995 y_true=0.262216 y_pred=0.782147 diff=0.519931 abs_err=0.519931
INFO | TOP_ERR | split=test epoch=3 rank=2/10 b=47 t=24 var_idx=6 tp=0.945236 y_true=0.324231 y_pred=0.820467 diff=0.496236 abs_err=0.496236
INFO | TOP_ERR | split=test epoch=3 rank=3/10 b=9 t=23 var_idx=9 tp=0.939735 y_true=0.743767 y_pred=0.375941 diff=-0.367826 abs_err=0.367826
INFO | TOP_ERR | split=test epoch=3 rank=4/10 b=7 t=7 var_idx=0 tp=0.804451 y_true=0.670168 y_pred=0.304823 diff=-0.365345 abs_err=0.365345
INFO | TOP_ERR | split=test epoch=3 rank=5/10 b=9 t=19 var_idx=9 tp=0.912728 y_true=0.739735 y_pred=0.375953 diff=-0.363781 abs_err=0.363781
INFO | TOP_ERR | split=test epoch=3 rank=6/10 b=60 t=7 var_idx=9 tp=0.808202 y_true=0.720162 y_pred=0.357984 diff=-0.362178 abs_err=0.362178
INFO | TOP_ERR | split=test epoch=3 rank=7/10 b=60 t=11 var_idx=9 tp=0.835209 y_true=0.692128 y_pred=0.357986 diff=-0.334142 abs_err=0.334142
INFO | TOP_ERR | split=test epoch=3 rank=8/10 b=14 t=21 var_idx=2 tp=0.919480 y_true=0.669667 y_pred=0.335537 diff=-0.334130 abs_err=0.334130
INFO | TOP_ERR | split=test epoch=3 rank=9/10 b=28 t=17 var_idx=10 tp=0.917729 y_true=0.911302 y_pred=0.583270 diff=-0.328032 abs_err=0.328032
INFO | TOP_ERR | split=test epoch=3 rank=10/10 b=3 t=23 var_idx=10 tp=0.925982 y_true=0.806160 y_pred=0.484662 diff=-0.321497 abs_err=0.321497
INFO | TOP_BEST | split=test epoch=3 rank=1/3 b=43 t=1 var_idx=10 tp=0.762691 y_true=0.398045 y_pred=0.398030 diff=-0.000015 abs_err=0.000015
INFO | TOP_BEST | split=test epoch=3 rank=2/3 b=19 t=24 var_idx=9 tp=0.951238 y_true=0.510289 y_pred=0.510266 diff=-0.000023 abs_err=0.000023
INFO | TOP_BEST | split=test epoch=3 rank=3/3 b=50 t=13 var_idx=4 tp=0.857464 y_true=0.618233 y_pred=0.618258 diff=0.000025 abs_err=0.000025
INFO | TOP_OK | split=test epoch=3 rank=1/3 b=0 t=0 var_idx=6 tp=0.750188 y_true=0.724202 y_pred=0.718383
INFO | TOP_OK | split=test epoch=3 rank=2/3 b=0 t=0 var_idx=7 tp=0.750188 y_true=0.552868 y_pred=0.550223
INFO | TOP_OK | split=test epoch=3 rank=3/3 b=0 t=0 var_idx=8 tp=0.750188 y_true=0.753995 y_pred=0.733818
INFO | TOP_ERR | split=test epoch=6 rank=1/10 b=47 t=28 var_idx=9 tp=0.978995 y_true=0.262216 y_pred=0.737922 diff=0.475707 abs_err=0.475707
INFO | TOP_ERR | split=test epoch=6 rank=2/10 b=47 t=24 var_idx=6 tp=0.945236 y_true=0.324231 y_pred=0.797087 diff=0.472856 abs_err=0.472856
INFO | TOP_ERR | split=test epoch=6 rank=3/10 b=7 t=7 var_idx=0 tp=0.804451 y_true=0.670168 y_pred=0.286899 diff=-0.383269 abs_err=0.383269
INFO | TOP_ERR | split=test epoch=6 rank=4/10 b=60 t=7 var_idx=9 tp=0.808202 y_true=0.720162 y_pred=0.349799 diff=-0.370363 abs_err=0.370363
INFO | TOP_ERR | split=test epoch=6 rank=5/10 b=9 t=23 var_idx=9 tp=0.939735 y_true=0.743767 y_pred=0.381773 diff=-0.361995 abs_err=0.361995
INFO | TOP_ERR | split=test epoch=6 rank=6/10 b=9 t=19 var_idx=9 tp=0.912728 y_true=0.739735 y_pred=0.381767 diff=-0.357967 abs_err=0.357967
INFO | TOP_ERR | split=test epoch=6 rank=7/10 b=60 t=11 var_idx=9 tp=0.835209 y_true=0.692128 y_pred=0.349837 diff=-0.342291 abs_err=0.342291
INFO | TOP_ERR | split=test epoch=6 rank=8/10 b=28 t=17 var_idx=10 tp=0.917729 y_true=0.911302 y_pred=0.571015 diff=-0.340288 abs_err=0.340288
INFO | TOP_ERR | split=test epoch=6 rank=9/10 b=14 t=21 var_idx=2 tp=0.919480 y_true=0.669667 y_pred=0.332366 diff=-0.337302 abs_err=0.337302
INFO | TOP_ERR | split=test epoch=6 rank=10/10 b=4 t=15 var_idx=10 tp=0.892223 y_true=0.791293 y_pred=0.463102 diff=-0.328191 abs_err=0.328191
INFO | TOP_BEST | split=test epoch=6 rank=1/3 b=24 t=26 var_idx=6 tp=0.964991 y_true=0.514145 y_pred=0.514143 diff=-0.000002 abs_err=0.000002
INFO | TOP_BEST | split=test epoch=6 rank=2/3 b=31 t=4 var_idx=10 tp=0.789447 y_true=0.403861 y_pred=0.403870 diff=0.000009 abs_err=0.000009
INFO | TOP_BEST | split=test epoch=6 rank=3/3 b=52 t=10 var_idx=7 tp=0.830458 y_true=0.493940 y_pred=0.493923 diff=-0.000017 abs_err=0.000017
INFO | TOP_OK | split=test epoch=6 rank=1/3 b=0 t=0 var_idx=6 tp=0.750188 y_true=0.724202 y_pred=0.701891
INFO | TOP_OK | split=test epoch=6 rank=2/3 b=0 t=0 var_idx=7 tp=0.750188 y_true=0.552868 y_pred=0.525663
INFO | TOP_OK | split=test epoch=6 rank=3/3 b=0 t=1 var_idx=11 tp=0.756939 y_true=0.662485 y_pred=0.631046
INFO | TOP_ERR | split=test epoch=9 rank=1/10 b=47 t=28 var_idx=9 tp=0.978995 y_true=0.262216 y_pred=0.781334 diff=0.519118 abs_err=0.519118
INFO | TOP_ERR | split=test epoch=9 rank=2/10 b=47 t=24 var_idx=6 tp=0.945236 y_true=0.324231 y_pred=0.841016 diff=0.516785 abs_err=0.516785
INFO | TOP_ERR | split=test epoch=9 rank=3/10 b=7 t=7 var_idx=0 tp=0.804451 y_true=0.670168 y_pred=0.274259 diff=-0.395909 abs_err=0.395909
INFO | TOP_ERR | split=test epoch=9 rank=4/10 b=60 t=7 var_idx=9 tp=0.808202 y_true=0.720162 y_pred=0.346291 diff=-0.373870 abs_err=0.373870
INFO | TOP_ERR | split=test epoch=9 rank=5/10 b=9 t=23 var_idx=9 tp=0.939735 y_true=0.743767 y_pred=0.387609 diff=-0.356159 abs_err=0.356159
INFO | TOP_ERR | split=test epoch=9 rank=6/10 b=9 t=19 var_idx=9 tp=0.912728 y_true=0.739735 y_pred=0.387605 diff=-0.352130 abs_err=0.352130
INFO | TOP_ERR | split=test epoch=9 rank=7/10 b=60 t=11 var_idx=9 tp=0.835209 y_true=0.692128 y_pred=0.346326 diff=-0.345802 abs_err=0.345802
INFO | TOP_ERR | split=test epoch=9 rank=8/10 b=14 t=21 var_idx=2 tp=0.919480 y_true=0.669667 y_pred=0.338807 diff=-0.330861 abs_err=0.330861
INFO | TOP_ERR | split=test epoch=9 rank=9/10 b=28 t=17 var_idx=10 tp=0.917729 y_true=0.911302 y_pred=0.581041 diff=-0.330261 abs_err=0.330261
INFO | TOP_ERR | split=test epoch=9 rank=10/10 b=4 t=15 var_idx=10 tp=0.892223 y_true=0.791293 y_pred=0.467423 diff=-0.323870 abs_err=0.323870
INFO | TOP_BEST | split=test epoch=9 rank=1/3 b=25 t=1 var_idx=0 tp=0.762191 y_true=0.416894 y_pred=0.416891 diff=-0.000003 abs_err=0.000003
INFO | TOP_BEST | split=test epoch=9 rank=2/3 b=23 t=2 var_idx=1 tp=0.775694 y_true=0.376233 y_pred=0.376244 diff=0.000011 abs_err=0.000011
INFO | TOP_BEST | split=test epoch=9 rank=3/3 b=10 t=12 var_idx=9 tp=0.851963 y_true=0.511285 y_pred=0.511300 diff=0.000015 abs_err=0.000015
INFO | TOP_OK | split=test epoch=9 rank=1/3 b=0 t=0 var_idx=6 tp=0.750188 y_true=0.724202 y_pred=0.711412
INFO | TOP_OK | split=test epoch=9 rank=2/3 b=0 t=1 var_idx=9 tp=0.756939 y_true=0.764134 y_pred=0.752678
INFO | TOP_OK | split=test epoch=9 rank=3/3 b=0 t=1 var_idx=11 tp=0.756939 y_true=0.662485 y_pred=0.645200
INFO | TOP_ERR | split=test epoch=12 rank=1/10 b=47 t=28 var_idx=9 tp=0.978995 y_true=0.262216 y_pred=0.790261 diff=0.528045 abs_err=0.528045
INFO | TOP_ERR | split=test epoch=12 rank=2/10 b=47 t=24 var_idx=6 tp=0.945236 y_true=0.324231 y_pred=0.842776 diff=0.518545 abs_err=0.518545
INFO | TOP_ERR | split=test epoch=12 rank=3/10 b=7 t=7 var_idx=0 tp=0.804451 y_true=0.670168 y_pred=0.278430 diff=-0.391738 abs_err=0.391738
INFO | TOP_ERR | split=test epoch=12 rank=4/10 b=60 t=7 var_idx=9 tp=0.808202 y_true=0.720162 y_pred=0.349767 diff=-0.370394 abs_err=0.370394
INFO | TOP_ERR | split=test epoch=12 rank=5/10 b=9 t=23 var_idx=9 tp=0.939735 y_true=0.743767 y_pred=0.395319 diff=-0.348448 abs_err=0.348448
INFO | TOP_ERR | split=test epoch=12 rank=6/10 b=9 t=19 var_idx=9 tp=0.912728 y_true=0.739735 y_pred=0.395316 diff=-0.344418 abs_err=0.344418
INFO | TOP_ERR | split=test epoch=12 rank=7/10 b=60 t=11 var_idx=9 tp=0.835209 y_true=0.692128 y_pred=0.349777 diff=-0.342351 abs_err=0.342351
INFO | TOP_ERR | split=test epoch=12 rank=8/10 b=28 t=17 var_idx=10 tp=0.917729 y_true=0.911302 y_pred=0.578416 diff=-0.332886 abs_err=0.332886
INFO | TOP_ERR | split=test epoch=12 rank=9/10 b=32 t=23 var_idx=2 tp=0.931233 y_true=0.747928 y_pred=0.425351 diff=-0.322578 abs_err=0.322578
INFO | TOP_ERR | split=test epoch=12 rank=10/10 b=3 t=23 var_idx=10 tp=0.925982 y_true=0.806160 y_pred=0.485589 diff=-0.320571 abs_err=0.320571
INFO | TOP_BEST | split=test epoch=12 rank=1/3 b=21 t=16 var_idx=4 tp=0.890473 y_true=0.519525 y_pred=0.519530 diff=0.000005 abs_err=0.000005
INFO | TOP_BEST | split=test epoch=12 rank=2/3 b=38 t=12 var_idx=11 tp=0.850213 y_true=0.493051 y_pred=0.493034 diff=-0.000017 abs_err=0.000017
INFO | TOP_BEST | split=test epoch=12 rank=3/3 b=15 t=16 var_idx=5 tp=0.878970 y_true=0.570543 y_pred=0.570526 diff=-0.000017 abs_err=0.000017
INFO | TOP_OK | split=test epoch=12 rank=1/3 b=0 t=0 var_idx=7 tp=0.750188 y_true=0.552868 y_pred=0.540445
INFO | TOP_OK | split=test epoch=12 rank=2/3 b=0 t=0 var_idx=8 tp=0.750188 y_true=0.753995 y_pred=0.761770
INFO | TOP_OK | split=test epoch=12 rank=3/3 b=0 t=1 var_idx=9 tp=0.756939 y_true=0.764134 y_pred=0.776825
INFO | TOP_ERR | split=test epoch=19 rank=1/10 b=47 t=28 var_idx=9 tp=0.978995 y_true=0.262216 y_pred=0.797277 diff=0.535062 abs_err=0.535062
INFO | TOP_ERR | split=test epoch=19 rank=2/10 b=47 t=24 var_idx=6 tp=0.945236 y_true=0.324231 y_pred=0.836330 diff=0.512099 abs_err=0.512099
INFO | TOP_ERR | split=test epoch=19 rank=3/10 b=7 t=7 var_idx=0 tp=0.804451 y_true=0.670168 y_pred=0.271786 diff=-0.398382 abs_err=0.398382
INFO | TOP_ERR | split=test epoch=19 rank=4/10 b=60 t=7 var_idx=9 tp=0.808202 y_true=0.720162 y_pred=0.344819 diff=-0.375342 abs_err=0.375342
INFO | TOP_ERR | split=test epoch=19 rank=5/10 b=60 t=11 var_idx=9 tp=0.835209 y_true=0.692128 y_pred=0.344838 diff=-0.347290 abs_err=0.347290
INFO | TOP_ERR | split=test epoch=19 rank=6/10 b=9 t=23 var_idx=9 tp=0.939735 y_true=0.743767 y_pred=0.399914 diff=-0.343853 abs_err=0.343853
INFO | TOP_ERR | split=test epoch=19 rank=7/10 b=9 t=19 var_idx=9 tp=0.912728 y_true=0.739735 y_pred=0.399913 diff=-0.339821 abs_err=0.339821
INFO | TOP_ERR | split=test epoch=19 rank=8/10 b=28 t=17 var_idx=10 tp=0.917729 y_true=0.911302 y_pred=0.582205 diff=-0.329097 abs_err=0.329097
INFO | TOP_ERR | split=test epoch=19 rank=9/10 b=32 t=23 var_idx=2 tp=0.931233 y_true=0.747928 y_pred=0.419931 diff=-0.327997 abs_err=0.327997
INFO | TOP_ERR | split=test epoch=19 rank=10/10 b=3 t=23 var_idx=10 tp=0.925982 y_true=0.806160 y_pred=0.483609 diff=-0.322551 abs_err=0.322551
INFO | TOP_BEST | split=test epoch=19 rank=1/3 b=20 t=31 var_idx=11 tp=0.998750 y_true=0.552197 y_pred=0.552203 diff=0.000005 abs_err=0.000005
INFO | TOP_BEST | split=test epoch=19 rank=2/3 b=16 t=8 var_idx=5 tp=0.818205 y_true=0.578065 y_pred=0.578060 diff=-0.000005 abs_err=0.000005
INFO | TOP_BEST | split=test epoch=19 rank=3/3 b=25 t=23 var_idx=6 tp=0.931233 y_true=0.522365 y_pred=0.522355 diff=-0.000010 abs_err=0.000010
INFO | TOP_OK | split=test epoch=19 rank=1/3 b=0 t=0 var_idx=7 tp=0.750188 y_true=0.552868 y_pred=0.547251
INFO | TOP_OK | split=test epoch=19 rank=2/3 b=0 t=0 var_idx=8 tp=0.750188 y_true=0.753995 y_pred=0.764968
INFO | TOP_OK | split=test epoch=19 rank=3/3 b=0 t=1 var_idx=9 tp=0.756939 y_true=0.764134 y_pred=0.774672
INFO | TOP_ERR | split=test epoch=29 rank=1/10 b=47 t=28 var_idx=9 tp=0.978995 y_true=0.262216 y_pred=0.784148 diff=0.521933 abs_err=0.521933
INFO | TOP_ERR | split=test epoch=29 rank=2/10 b=47 t=24 var_idx=6 tp=0.945236 y_true=0.324231 y_pred=0.807616 diff=0.483385 abs_err=0.483385
INFO | TOP_ERR | split=test epoch=29 rank=3/10 b=7 t=7 var_idx=0 tp=0.804451 y_true=0.670168 y_pred=0.267703 diff=-0.402465 abs_err=0.402465
INFO | TOP_ERR | split=test epoch=29 rank=4/10 b=60 t=7 var_idx=9 tp=0.808202 y_true=0.720162 y_pred=0.343279 diff=-0.376882 abs_err=0.376882
INFO | TOP_ERR | split=test epoch=29 rank=5/10 b=60 t=11 var_idx=9 tp=0.835209 y_true=0.692128 y_pred=0.343332 diff=-0.348796 abs_err=0.348796
INFO | TOP_ERR | split=test epoch=29 rank=6/10 b=9 t=23 var_idx=9 tp=0.939735 y_true=0.743767 y_pred=0.408875 diff=-0.334892 abs_err=0.334892
INFO | TOP_ERR | split=test epoch=29 rank=7/10 b=9 t=19 var_idx=9 tp=0.912728 y_true=0.739735 y_pred=0.408849 diff=-0.330885 abs_err=0.330885
INFO | TOP_ERR | split=test epoch=29 rank=8/10 b=28 t=17 var_idx=10 tp=0.917729 y_true=0.911302 y_pred=0.582768 diff=-0.328534 abs_err=0.328534
INFO | TOP_ERR | split=test epoch=29 rank=9/10 b=32 t=23 var_idx=2 tp=0.931233 y_true=0.747928 y_pred=0.424280 diff=-0.323648 abs_err=0.323648
INFO | TOP_ERR | split=test epoch=29 rank=10/10 b=4 t=15 var_idx=10 tp=0.892223 y_true=0.791293 y_pred=0.472033 diff=-0.319259 abs_err=0.319259
INFO | TOP_BEST | split=test epoch=29 rank=1/3 b=27 t=1 var_idx=11 tp=0.762191 y_true=0.555083 y_pred=0.555082 diff=-0.000001 abs_err=0.000001
INFO | TOP_BEST | split=test epoch=29 rank=2/3 b=22 t=12 var_idx=10 tp=0.849962 y_true=0.572859 y_pred=0.572867 diff=0.000008 abs_err=0.000008
INFO | TOP_BEST | split=test epoch=29 rank=3/3 b=14 t=31 var_idx=3 tp=0.993999 y_true=0.488093 y_pred=0.488104 diff=0.000012 abs_err=0.000012
INFO | TOP_OK | split=test epoch=29 rank=1/3 b=0 t=0 var_idx=7 tp=0.750188 y_true=0.552868 y_pred=0.538670
INFO | TOP_OK | split=test epoch=29 rank=2/3 b=0 t=0 var_idx=8 tp=0.750188 y_true=0.753995 y_pred=0.745309
INFO | TOP_OK | split=test epoch=29 rank=3/3 b=0 t=1 var_idx=9 tp=0.756939 y_true=0.764134 y_pred=0.751606
INFO | TOP_ERR | split=test epoch=30 rank=1/10 b=47 t=28 var_idx=9 tp=0.978995 y_true=0.262216 y_pred=0.769013 diff=0.506797 abs_err=0.506797
INFO | TOP_ERR | split=test epoch=30 rank=2/10 b=47 t=24 var_idx=6 tp=0.945236 y_true=0.324231 y_pred=0.796088 diff=0.471857 abs_err=0.471857
INFO | TOP_ERR | split=test epoch=30 rank=3/10 b=7 t=7 var_idx=0 tp=0.804451 y_true=0.670168 y_pred=0.260778 diff=-0.409390 abs_err=0.409390
INFO | TOP_ERR | split=test epoch=30 rank=4/10 b=60 t=7 var_idx=9 tp=0.808202 y_true=0.720162 y_pred=0.337766 diff=-0.382396 abs_err=0.382396
INFO | TOP_ERR | split=test epoch=30 rank=5/10 b=60 t=11 var_idx=9 tp=0.835209 y_true=0.692128 y_pred=0.337824 diff=-0.354304 abs_err=0.354304
INFO | TOP_ERR | split=test epoch=30 rank=6/10 b=9 t=23 var_idx=9 tp=0.939735 y_true=0.743767 y_pred=0.399288 diff=-0.344479 abs_err=0.344479
INFO | TOP_ERR | split=test epoch=30 rank=7/10 b=9 t=19 var_idx=9 tp=0.912728 y_true=0.739735 y_pred=0.399262 diff=-0.340473 abs_err=0.340473
INFO | TOP_ERR | split=test epoch=30 rank=8/10 b=28 t=17 var_idx=10 tp=0.917729 y_true=0.911302 y_pred=0.578564 diff=-0.332738 abs_err=0.332738
INFO | TOP_ERR | split=test epoch=30 rank=9/10 b=32 t=23 var_idx=2 tp=0.931233 y_true=0.747928 y_pred=0.418226 diff=-0.329702 abs_err=0.329702
INFO | TOP_ERR | split=test epoch=30 rank=10/10 b=3 t=23 var_idx=10 tp=0.925982 y_true=0.806160 y_pred=0.482417 diff=-0.323743 abs_err=0.323743
INFO | TOP_BEST | split=test epoch=30 rank=1/3 b=36 t=3 var_idx=9 tp=0.782696 y_true=0.772789 y_pred=0.772792 diff=0.000003 abs_err=0.000003
INFO | TOP_BEST | split=test epoch=30 rank=2/3 b=54 t=8 var_idx=9 tp=0.821455 y_true=0.676955 y_pred=0.676949 diff=-0.000006 abs_err=0.000006
INFO | TOP_BEST | split=test epoch=30 rank=3/3 b=28 t=11 var_idx=5 tp=0.870468 y_true=0.512178 y_pred=0.512189 diff=0.000010 abs_err=0.000010
INFO | TOP_OK | split=test epoch=30 rank=1/3 b=0 t=0 var_idx=6 tp=0.750188 y_true=0.724202 y_pred=0.743089
INFO | TOP_OK | split=test epoch=30 rank=2/3 b=0 t=0 var_idx=8 tp=0.750188 y_true=0.753995 y_pred=0.719108
INFO | TOP_OK | split=test epoch=30 rank=3/3 b=0 t=1 var_idx=9 tp=0.756939 y_true=0.764134 y_pred=0.740707
INFO | TOP_ERR | split=test epoch=32 rank=1/10 b=47 t=28 var_idx=9 tp=0.978995 y_true=0.262216 y_pred=0.777442 diff=0.515226 abs_err=0.515226
INFO | TOP_ERR | split=test epoch=32 rank=2/10 b=47 t=24 var_idx=6 tp=0.945236 y_true=0.324231 y_pred=0.801337 diff=0.477106 abs_err=0.477106
INFO | TOP_ERR | split=test epoch=32 rank=3/10 b=7 t=7 var_idx=0 tp=0.804451 y_true=0.670168 y_pred=0.270540 diff=-0.399628 abs_err=0.399628
INFO | TOP_ERR | split=test epoch=32 rank=4/10 b=60 t=7 var_idx=9 tp=0.808202 y_true=0.720162 y_pred=0.341338 diff=-0.378824 abs_err=0.378824
INFO | TOP_ERR | split=test epoch=32 rank=5/10 b=60 t=11 var_idx=9 tp=0.835209 y_true=0.692128 y_pred=0.341397 diff=-0.350731 abs_err=0.350731
INFO | TOP_ERR | split=test epoch=32 rank=6/10 b=9 t=23 var_idx=9 tp=0.939735 y_true=0.743767 y_pred=0.407831 diff=-0.335937 abs_err=0.335937
INFO | TOP_ERR | split=test epoch=32 rank=7/10 b=28 t=17 var_idx=10 tp=0.917729 y_true=0.911302 y_pred=0.577891 diff=-0.333411 abs_err=0.333411
INFO | TOP_ERR | split=test epoch=32 rank=8/10 b=9 t=19 var_idx=9 tp=0.912728 y_true=0.739735 y_pred=0.407822 diff=-0.331913 abs_err=0.331913
INFO | TOP_ERR | split=test epoch=32 rank=9/10 b=32 t=23 var_idx=2 tp=0.931233 y_true=0.747928 y_pred=0.421543 diff=-0.326385 abs_err=0.326385
INFO | TOP_ERR | split=test epoch=32 rank=10/10 b=4 t=15 var_idx=10 tp=0.892223 y_true=0.791293 y_pred=0.468778 diff=-0.322515 abs_err=0.322515
INFO | TOP_BEST | split=test epoch=32 rank=1/3 b=46 t=18 var_idx=0 tp=0.917979 y_true=0.527987 y_pred=0.527983 diff=-0.000004 abs_err=0.000004
INFO | TOP_BEST | split=test epoch=32 rank=2/3 b=46 t=1 var_idx=6 tp=0.762691 y_true=0.815845 y_pred=0.815862 diff=0.000017 abs_err=0.000017
INFO | TOP_BEST | split=test epoch=32 rank=3/3 b=43 t=11 var_idx=9 tp=0.843711 y_true=0.765963 y_pred=0.765987 diff=0.000024 abs_err=0.000024
INFO | TOP_OK | split=test epoch=32 rank=1/3 b=0 t=0 var_idx=6 tp=0.750188 y_true=0.724202 y_pred=0.758852
INFO | TOP_OK | split=test epoch=32 rank=2/3 b=0 t=0 var_idx=7 tp=0.750188 y_true=0.552868 y_pred=0.542338
INFO | TOP_OK | split=test epoch=32 rank=3/3 b=0 t=0 var_idx=8 tp=0.750188 y_true=0.753995 y_pred=0.730350
INFO | TOP_ERR | split=test epoch=33 rank=1/10 b=47 t=28 var_idx=9 tp=0.978995 y_true=0.262216 y_pred=0.775972 diff=0.513756 abs_err=0.513756
INFO | TOP_ERR | split=test epoch=33 rank=2/10 b=47 t=24 var_idx=6 tp=0.945236 y_true=0.324231 y_pred=0.802045 diff=0.477814 abs_err=0.477814
INFO | TOP_ERR | split=test epoch=33 rank=3/10 b=7 t=7 var_idx=0 tp=0.804451 y_true=0.670168 y_pred=0.267785 diff=-0.402383 abs_err=0.402383
INFO | TOP_ERR | split=test epoch=33 rank=4/10 b=60 t=7 var_idx=9 tp=0.808202 y_true=0.720162 y_pred=0.347684 diff=-0.372478 abs_err=0.372478
INFO | TOP_ERR | split=test epoch=33 rank=5/10 b=60 t=11 var_idx=9 tp=0.835209 y_true=0.692128 y_pred=0.347746 diff=-0.344382 abs_err=0.344382
INFO | TOP_ERR | split=test epoch=33 rank=6/10 b=28 t=17 var_idx=10 tp=0.917729 y_true=0.911302 y_pred=0.574201 diff=-0.337101 abs_err=0.337101
INFO | TOP_ERR | split=test epoch=33 rank=7/10 b=9 t=23 var_idx=9 tp=0.939735 y_true=0.743767 y_pred=0.414430 diff=-0.329338 abs_err=0.329338
INFO | TOP_ERR | split=test epoch=33 rank=8/10 b=9 t=19 var_idx=9 tp=0.912728 y_true=0.739735 y_pred=0.414421 diff=-0.325314 abs_err=0.325314
INFO | TOP_ERR | split=test epoch=33 rank=9/10 b=32 t=23 var_idx=2 tp=0.931233 y_true=0.747928 y_pred=0.425631 diff=-0.322297 abs_err=0.322297
INFO | TOP_ERR | split=test epoch=33 rank=10/10 b=3 t=23 var_idx=10 tp=0.925982 y_true=0.806160 y_pred=0.484314 diff=-0.321846 abs_err=0.321846
INFO | TOP_BEST | split=test epoch=33 rank=1/3 b=34 t=29 var_idx=3 tp=0.992248 y_true=0.645841 y_pred=0.645842 diff=0.000001 abs_err=0.000001
INFO | TOP_BEST | split=test epoch=33 rank=2/3 b=0 t=12 var_idx=2 tp=0.851713 y_true=0.471658 y_pred=0.471654 diff=-0.000003 abs_err=0.000003
INFO | TOP_BEST | split=test epoch=33 rank=3/3 b=32 t=22 var_idx=3 tp=0.924481 y_true=0.544151 y_pred=0.544145 diff=-0.000006 abs_err=0.000006
INFO | TOP_OK | split=test epoch=33 rank=1/3 b=0 t=0 var_idx=6 tp=0.750188 y_true=0.724202 y_pred=0.748897
INFO | TOP_OK | split=test epoch=33 rank=2/3 b=0 t=0 var_idx=7 tp=0.750188 y_true=0.552868 y_pred=0.530963
INFO | TOP_OK | split=test epoch=33 rank=3/3 b=0 t=0 var_idx=8 tp=0.750188 y_true=0.753995 y_pred=0.720530
INFO | TOP_ERR | split=test epoch=43 rank=1/10 b=47 t=28 var_idx=9 tp=0.978995 y_true=0.262216 y_pred=0.778048 diff=0.515832 abs_err=0.515832
INFO | TOP_ERR | split=test epoch=43 rank=2/10 b=47 t=24 var_idx=6 tp=0.945236 y_true=0.324231 y_pred=0.796543 diff=0.472312 abs_err=0.472312
INFO | TOP_ERR | split=test epoch=43 rank=3/10 b=7 t=7 var_idx=0 tp=0.804451 y_true=0.670168 y_pred=0.256130 diff=-0.414038 abs_err=0.414038
INFO | TOP_ERR | split=test epoch=43 rank=4/10 b=60 t=7 var_idx=9 tp=0.808202 y_true=0.720162 y_pred=0.315604 diff=-0.404557 abs_err=0.404557
INFO | TOP_ERR | split=test epoch=43 rank=5/10 b=60 t=11 var_idx=9 tp=0.835209 y_true=0.692128 y_pred=0.315671 diff=-0.376457 abs_err=0.376457
INFO | TOP_ERR | split=test epoch=43 rank=6/10 b=28 t=17 var_idx=10 tp=0.917729 y_true=0.911302 y_pred=0.576651 diff=-0.334651 abs_err=0.334651
INFO | TOP_ERR | split=test epoch=43 rank=7/10 b=9 t=23 var_idx=9 tp=0.939735 y_true=0.743767 y_pred=0.410795 diff=-0.332972 abs_err=0.332972
INFO | TOP_ERR | split=test epoch=43 rank=8/10 b=9 t=19 var_idx=9 tp=0.912728 y_true=0.739735 y_pred=0.410785 diff=-0.328950 abs_err=0.328950
INFO | TOP_ERR | split=test epoch=43 rank=9/10 b=4 t=15 var_idx=10 tp=0.892223 y_true=0.791293 y_pred=0.464895 diff=-0.326397 abs_err=0.326397
INFO | TOP_ERR | split=test epoch=43 rank=10/10 b=32 t=23 var_idx=2 tp=0.931233 y_true=0.747928 y_pred=0.423186 diff=-0.324742 abs_err=0.324742
INFO | TOP_BEST | split=test epoch=43 rank=1/3 b=61 t=1 var_idx=2 tp=0.760940 y_true=0.413794 y_pred=0.413812 diff=0.000018 abs_err=0.000018
INFO | TOP_BEST | split=test epoch=43 rank=2/3 b=45 t=29 var_idx=4 tp=0.999250 y_true=0.536517 y_pred=0.536537 diff=0.000020 abs_err=0.000020
INFO | TOP_BEST | split=test epoch=43 rank=3/3 b=24 t=24 var_idx=11 tp=0.944736 y_true=0.555061 y_pred=0.555034 diff=-0.000026 abs_err=0.000026
INFO | TOP_OK | split=test epoch=43 rank=1/3 b=0 t=0 var_idx=6 tp=0.750188 y_true=0.724202 y_pred=0.733809
INFO | TOP_OK | split=test epoch=43 rank=2/3 b=0 t=1 var_idx=11 tp=0.756939 y_true=0.662485 y_pred=0.633749
INFO | TOP_OK | split=test epoch=43 rank=3/3 b=0 t=2 var_idx=5 tp=0.763691 y_true=0.608434 y_pred=0.627098
INFO | TOP_ERR | split=test epoch=46 rank=1/10 b=47 t=28 var_idx=9 tp=0.978995 y_true=0.262216 y_pred=0.768286 diff=0.506070 abs_err=0.506070
INFO | TOP_ERR | split=test epoch=46 rank=2/10 b=47 t=24 var_idx=6 tp=0.945236 y_true=0.324231 y_pred=0.806476 diff=0.482245 abs_err=0.482245
INFO | TOP_ERR | split=test epoch=46 rank=3/10 b=7 t=7 var_idx=0 tp=0.804451 y_true=0.670168 y_pred=0.258135 diff=-0.412033 abs_err=0.412033
INFO | TOP_ERR | split=test epoch=46 rank=4/10 b=60 t=7 var_idx=9 tp=0.808202 y_true=0.720162 y_pred=0.317545 diff=-0.402617 abs_err=0.402617
INFO | TOP_ERR | split=test epoch=46 rank=5/10 b=60 t=11 var_idx=9 tp=0.835209 y_true=0.692128 y_pred=0.317651 diff=-0.374476 abs_err=0.374476
INFO | TOP_ERR | split=test epoch=46 rank=6/10 b=28 t=17 var_idx=10 tp=0.917729 y_true=0.911302 y_pred=0.570711 diff=-0.340592 abs_err=0.340592
INFO | TOP_ERR | split=test epoch=46 rank=7/10 b=4 t=15 var_idx=10 tp=0.892223 y_true=0.791293 y_pred=0.454799 diff=-0.336494 abs_err=0.336494
INFO | TOP_ERR | split=test epoch=46 rank=8/10 b=9 t=23 var_idx=9 tp=0.939735 y_true=0.743767 y_pred=0.409977 diff=-0.333790 abs_err=0.333790
INFO | TOP_ERR | split=test epoch=46 rank=9/10 b=9 t=19 var_idx=9 tp=0.912728 y_true=0.739735 y_pred=0.409967 diff=-0.329768 abs_err=0.329768
INFO | TOP_ERR | split=test epoch=46 rank=10/10 b=3 t=23 var_idx=10 tp=0.925982 y_true=0.806160 y_pred=0.477119 diff=-0.329041 abs_err=0.329041
INFO | TOP_BEST | split=test epoch=46 rank=1/3 b=6 t=20 var_idx=5 tp=0.912478 y_true=0.564542 y_pred=0.564532 diff=-0.000009 abs_err=0.000009
INFO | TOP_BEST | split=test epoch=46 rank=2/3 b=14 t=9 var_idx=8 tp=0.818205 y_true=0.626841 y_pred=0.626831 diff=-0.000010 abs_err=0.000010
INFO | TOP_BEST | split=test epoch=46 rank=3/3 b=45 t=26 var_idx=5 tp=0.972243 y_true=0.568430 y_pred=0.568441 diff=0.000011 abs_err=0.000011
INFO | TOP_OK | split=test epoch=46 rank=1/3 b=0 t=0 var_idx=6 tp=0.750188 y_true=0.724202 y_pred=0.740716
INFO | TOP_OK | split=test epoch=46 rank=2/3 b=0 t=0 var_idx=8 tp=0.750188 y_true=0.753995 y_pred=0.717893
INFO | TOP_OK | split=test epoch=46 rank=3/3 b=0 t=1 var_idx=11 tp=0.756939 y_true=0.662485 y_pred=0.633624
INFO | TOP_ERR | split=test epoch=51 rank=1/10 b=47 t=28 var_idx=9 tp=0.978995 y_true=0.262216 y_pred=0.776858 diff=0.514643 abs_err=0.514643
INFO | TOP_ERR | split=test epoch=51 rank=2/10 b=47 t=24 var_idx=6 tp=0.945236 y_true=0.324231 y_pred=0.803335 diff=0.479104 abs_err=0.479104
INFO | TOP_ERR | split=test epoch=51 rank=3/10 b=7 t=7 var_idx=0 tp=0.804451 y_true=0.670168 y_pred=0.273820 diff=-0.396348 abs_err=0.396348
INFO | TOP_ERR | split=test epoch=51 rank=4/10 b=60 t=7 var_idx=9 tp=0.808202 y_true=0.720162 y_pred=0.326677 diff=-0.393484 abs_err=0.393484
INFO | TOP_ERR | split=test epoch=51 rank=5/10 b=60 t=11 var_idx=9 tp=0.835209 y_true=0.692128 y_pred=0.326797 diff=-0.365331 abs_err=0.365331
INFO | TOP_ERR | split=test epoch=51 rank=6/10 b=28 t=17 var_idx=10 tp=0.917729 y_true=0.911302 y_pred=0.570360 diff=-0.340942 abs_err=0.340942
INFO | TOP_ERR | split=test epoch=51 rank=7/10 b=4 t=15 var_idx=10 tp=0.892223 y_true=0.791293 y_pred=0.460560 diff=-0.330732 abs_err=0.330732
INFO | TOP_ERR | split=test epoch=51 rank=8/10 b=3 t=23 var_idx=10 tp=0.925982 y_true=0.806160 y_pred=0.482006 diff=-0.324153 abs_err=0.324153
INFO | TOP_ERR | split=test epoch=51 rank=9/10 b=32 t=23 var_idx=2 tp=0.931233 y_true=0.747928 y_pred=0.428014 diff=-0.319914 abs_err=0.319914
INFO | TOP_ERR | split=test epoch=51 rank=10/10 b=9 t=23 var_idx=9 tp=0.939735 y_true=0.743767 y_pred=0.427249 diff=-0.316518 abs_err=0.316518
INFO | TOP_BEST | split=test epoch=51 rank=1/3 b=39 t=19 var_idx=1 tp=0.911228 y_true=0.377445 y_pred=0.377422 diff=-0.000023 abs_err=0.000023
INFO | TOP_BEST | split=test epoch=51 rank=2/3 b=20 t=31 var_idx=10 tp=0.998750 y_true=0.570052 y_pred=0.570026 diff=-0.000026 abs_err=0.000026
INFO | TOP_BEST | split=test epoch=51 rank=3/3 b=36 t=28 var_idx=7 tp=0.992248 y_true=0.320898 y_pred=0.320956 diff=0.000058 abs_err=0.000058
INFO | TOP_OK | split=test epoch=51 rank=1/3 b=0 t=0 var_idx=6 tp=0.750188 y_true=0.724202 y_pred=0.730031
INFO | TOP_OK | split=test epoch=51 rank=2/3 b=0 t=0 var_idx=8 tp=0.750188 y_true=0.753995 y_pred=0.722847
INFO | TOP_OK | split=test epoch=51 rank=3/3 b=0 t=1 var_idx=11 tp=0.756939 y_true=0.662485 y_pred=0.629403
INFO | TOP_ERR | split=test epoch=59 rank=1/10 b=47 t=28 var_idx=9 tp=0.978995 y_true=0.262216 y_pred=0.783579 diff=0.521363 abs_err=0.521363
INFO | TOP_ERR | split=test epoch=59 rank=2/10 b=47 t=24 var_idx=6 tp=0.945236 y_true=0.324231 y_pred=0.826118 diff=0.501887 abs_err=0.501887
INFO | TOP_ERR | split=test epoch=59 rank=3/10 b=7 t=7 var_idx=0 tp=0.804451 y_true=0.670168 y_pred=0.257565 diff=-0.412603 abs_err=0.412603
INFO | TOP_ERR | split=test epoch=59 rank=4/10 b=60 t=7 var_idx=9 tp=0.808202 y_true=0.720162 y_pred=0.316731 diff=-0.403431 abs_err=0.403431
INFO | TOP_ERR | split=test epoch=59 rank=5/10 b=60 t=11 var_idx=9 tp=0.835209 y_true=0.692128 y_pred=0.316866 diff=-0.375262 abs_err=0.375262
INFO | TOP_ERR | split=test epoch=59 rank=6/10 b=28 t=17 var_idx=10 tp=0.917729 y_true=0.911302 y_pred=0.573309 diff=-0.337994 abs_err=0.337994
INFO | TOP_ERR | split=test epoch=59 rank=7/10 b=4 t=15 var_idx=10 tp=0.892223 y_true=0.791293 y_pred=0.464419 diff=-0.326874 abs_err=0.326874
INFO | TOP_ERR | split=test epoch=59 rank=8/10 b=3 t=23 var_idx=10 tp=0.925982 y_true=0.806160 y_pred=0.484121 diff=-0.322039 abs_err=0.322039
INFO | TOP_ERR | split=test epoch=59 rank=9/10 b=32 t=23 var_idx=2 tp=0.931233 y_true=0.747928 y_pred=0.427294 diff=-0.320634 abs_err=0.320634
INFO | TOP_ERR | split=test epoch=59 rank=10/10 b=9 t=23 var_idx=9 tp=0.939735 y_true=0.743767 y_pred=0.429090 diff=-0.314677 abs_err=0.314677
INFO | TOP_BEST | split=test epoch=59 rank=1/3 b=42 t=6 var_idx=3 tp=0.803201 y_true=0.618158 y_pred=0.618160 diff=0.000002 abs_err=0.000002
INFO | TOP_BEST | split=test epoch=59 rank=2/3 b=22 t=5 var_idx=11 tp=0.795949 y_true=0.550404 y_pred=0.550399 diff=-0.000005 abs_err=0.000005
INFO | TOP_BEST | split=test epoch=59 rank=3/3 b=53 t=9 var_idx=9 tp=0.830458 y_true=0.720910 y_pred=0.720927 diff=0.000017 abs_err=0.000017
INFO | TOP_OK | split=test epoch=59 rank=1/3 b=0 t=0 var_idx=6 tp=0.750188 y_true=0.724202 y_pred=0.723451
INFO | TOP_OK | split=test epoch=59 rank=2/3 b=0 t=0 var_idx=8 tp=0.750188 y_true=0.753995 y_pred=0.730949
INFO | TOP_OK | split=test epoch=59 rank=3/3 b=0 t=1 var_idx=11 tp=0.756939 y_true=0.662485 y_pred=0.630507
INFO | TOP_ERR | split=test epoch=72 rank=1/10 b=47 t=28 var_idx=9 tp=0.978995 y_true=0.262216 y_pred=0.780222 diff=0.518006 abs_err=0.518006
INFO | TOP_ERR | split=test epoch=72 rank=2/10 b=47 t=24 var_idx=6 tp=0.945236 y_true=0.324231 y_pred=0.826003 diff=0.501772 abs_err=0.501772
INFO | TOP_ERR | split=test epoch=72 rank=3/10 b=60 t=7 var_idx=9 tp=0.808202 y_true=0.720162 y_pred=0.313216 diff=-0.406945 abs_err=0.406945
INFO | TOP_ERR | split=test epoch=72 rank=4/10 b=7 t=7 var_idx=0 tp=0.804451 y_true=0.670168 y_pred=0.274265 diff=-0.395903 abs_err=0.395903
INFO | TOP_ERR | split=test epoch=72 rank=5/10 b=60 t=11 var_idx=9 tp=0.835209 y_true=0.692128 y_pred=0.313468 diff=-0.378660 abs_err=0.378660
INFO | TOP_ERR | split=test epoch=72 rank=6/10 b=28 t=17 var_idx=10 tp=0.917729 y_true=0.911302 y_pred=0.566975 diff=-0.344327 abs_err=0.344327
INFO | TOP_ERR | split=test epoch=72 rank=7/10 b=3 t=23 var_idx=10 tp=0.925982 y_true=0.806160 y_pred=0.476136 diff=-0.330023 abs_err=0.330023
INFO | TOP_ERR | split=test epoch=72 rank=8/10 b=14 t=21 var_idx=2 tp=0.919480 y_true=0.669667 y_pred=0.341468 diff=-0.328199 abs_err=0.328199
INFO | TOP_ERR | split=test epoch=72 rank=9/10 b=4 t=15 var_idx=10 tp=0.892223 y_true=0.791293 y_pred=0.463267 diff=-0.328026 abs_err=0.328026
INFO | TOP_ERR | split=test epoch=72 rank=10/10 b=32 t=23 var_idx=2 tp=0.931233 y_true=0.747928 y_pred=0.425530 diff=-0.322398 abs_err=0.322398
INFO | TOP_BEST | split=test epoch=72 rank=1/3 b=45 t=14 var_idx=0 tp=0.870718 y_true=0.535646 y_pred=0.535660 diff=0.000014 abs_err=0.000014
INFO | TOP_BEST | split=test epoch=72 rank=2/3 b=49 t=19 var_idx=1 tp=0.924981 y_true=0.460801 y_pred=0.460818 diff=0.000016 abs_err=0.000016
INFO | TOP_BEST | split=test epoch=72 rank=3/3 b=41 t=27 var_idx=3 tp=0.971993 y_true=0.625852 y_pred=0.625832 diff=-0.000020 abs_err=0.000020
INFO | TOP_OK | split=test epoch=72 rank=1/3 b=0 t=0 var_idx=6 tp=0.750188 y_true=0.724202 y_pred=0.724301
INFO | TOP_OK | split=test epoch=72 rank=2/3 b=0 t=0 var_idx=8 tp=0.750188 y_true=0.753995 y_pred=0.733374
INFO | TOP_OK | split=test epoch=72 rank=3/3 b=0 t=3 var_idx=0 tp=0.770443 y_true=0.669886 y_pred=0.642308
INFO | TOP_ERR | split=test epoch=86 rank=1/10 b=47 t=28 var_idx=9 tp=0.978995 y_true=0.262216 y_pred=0.766561 diff=0.504345 abs_err=0.504345
INFO | TOP_ERR | split=test epoch=86 rank=2/10 b=47 t=24 var_idx=6 tp=0.945236 y_true=0.324231 y_pred=0.797780 diff=0.473549 abs_err=0.473549
INFO | TOP_ERR | split=test epoch=86 rank=3/10 b=7 t=7 var_idx=0 tp=0.804451 y_true=0.670168 y_pred=0.258193 diff=-0.411975 abs_err=0.411975
INFO | TOP_ERR | split=test epoch=86 rank=4/10 b=60 t=7 var_idx=9 tp=0.808202 y_true=0.720162 y_pred=0.314684 diff=-0.405477 abs_err=0.405477
INFO | TOP_ERR | split=test epoch=86 rank=5/10 b=60 t=11 var_idx=9 tp=0.835209 y_true=0.692128 y_pred=0.315024 diff=-0.377104 abs_err=0.377104
INFO | TOP_ERR | split=test epoch=86 rank=6/10 b=28 t=17 var_idx=10 tp=0.917729 y_true=0.911302 y_pred=0.568629 diff=-0.342673 abs_err=0.342673
INFO | TOP_ERR | split=test epoch=86 rank=7/10 b=3 t=23 var_idx=10 tp=0.925982 y_true=0.806160 y_pred=0.479509 diff=-0.326651 abs_err=0.326651
INFO | TOP_ERR | split=test epoch=86 rank=8/10 b=4 t=15 var_idx=10 tp=0.892223 y_true=0.791293 y_pred=0.469834 diff=-0.321459 abs_err=0.321459
INFO | TOP_ERR | split=test epoch=86 rank=9/10 b=32 t=23 var_idx=2 tp=0.931233 y_true=0.747928 y_pred=0.430170 diff=-0.317758 abs_err=0.317758
INFO | TOP_ERR | split=test epoch=86 rank=10/10 b=14 t=21 var_idx=2 tp=0.919480 y_true=0.669667 y_pred=0.352043 diff=-0.317624 abs_err=0.317624
INFO | TOP_BEST | split=test epoch=86 rank=1/3 b=20 t=11 var_idx=10 tp=0.836459 y_true=0.570592 y_pred=0.570587 diff=-0.000005 abs_err=0.000005
INFO | TOP_BEST | split=test epoch=86 rank=2/3 b=45 t=8 var_idx=1 tp=0.816704 y_true=0.410228 y_pred=0.410250 diff=0.000022 abs_err=0.000022
INFO | TOP_BEST | split=test epoch=86 rank=3/3 b=63 t=14 var_idx=0 tp=0.882471 y_true=0.442869 y_pred=0.442892 diff=0.000023 abs_err=0.000023
INFO | TOP_OK | split=test epoch=86 rank=1/3 b=0 t=0 var_idx=6 tp=0.750188 y_true=0.724202 y_pred=0.696979
INFO | TOP_OK | split=test epoch=86 rank=2/3 b=0 t=3 var_idx=0 tp=0.770443 y_true=0.669886 y_pred=0.688699
INFO | TOP_OK | split=test epoch=86 rank=3/3 b=0 t=3 var_idx=1 tp=0.770443 y_true=0.486860 y_pred=0.499269
INFO | TOP_ERR | split=test epoch=88 rank=1/10 b=47 t=28 var_idx=9 tp=0.978995 y_true=0.262216 y_pred=0.773425 diff=0.511209 abs_err=0.511209
INFO | TOP_ERR | split=test epoch=88 rank=2/10 b=47 t=24 var_idx=6 tp=0.945236 y_true=0.324231 y_pred=0.820630 diff=0.496399 abs_err=0.496399
INFO | TOP_ERR | split=test epoch=88 rank=3/10 b=7 t=7 var_idx=0 tp=0.804451 y_true=0.670168 y_pred=0.279092 diff=-0.391076 abs_err=0.391076
INFO | TOP_ERR | split=test epoch=88 rank=4/10 b=60 t=7 var_idx=9 tp=0.808202 y_true=0.720162 y_pred=0.341836 diff=-0.378325 abs_err=0.378325
INFO | TOP_ERR | split=test epoch=88 rank=5/10 b=60 t=11 var_idx=9 tp=0.835209 y_true=0.692128 y_pred=0.342108 diff=-0.350020 abs_err=0.350020
INFO | TOP_ERR | split=test epoch=88 rank=6/10 b=28 t=17 var_idx=10 tp=0.917729 y_true=0.911302 y_pred=0.569980 diff=-0.341322 abs_err=0.341322
INFO | TOP_ERR | split=test epoch=88 rank=7/10 b=3 t=23 var_idx=10 tp=0.925982 y_true=0.806160 y_pred=0.479108 diff=-0.327052 abs_err=0.327052
INFO | TOP_ERR | split=test epoch=88 rank=8/10 b=4 t=15 var_idx=10 tp=0.892223 y_true=0.791293 y_pred=0.464484 diff=-0.326808 abs_err=0.326808
INFO | TOP_ERR | split=test epoch=88 rank=9/10 b=32 t=23 var_idx=2 tp=0.931233 y_true=0.747928 y_pred=0.428123 diff=-0.319805 abs_err=0.319805
INFO | TOP_ERR | split=test epoch=88 rank=10/10 b=14 t=21 var_idx=2 tp=0.919480 y_true=0.669667 y_pred=0.355252 diff=-0.314416 abs_err=0.314416
INFO | TOP_BEST | split=test epoch=88 rank=1/3 b=0 t=23 var_idx=1 tp=0.932733 y_true=0.494798 y_pred=0.494793 diff=-0.000005 abs_err=0.000005
INFO | TOP_BEST | split=test epoch=88 rank=2/3 b=61 t=18 var_idx=2 tp=0.895974 y_true=0.419849 y_pred=0.419855 diff=0.000006 abs_err=0.000006
INFO | TOP_BEST | split=test epoch=88 rank=3/3 b=52 t=8 var_idx=3 tp=0.816954 y_true=0.631212 y_pred=0.631200 diff=-0.000013 abs_err=0.000013
INFO | TOP_OK | split=test epoch=88 rank=1/3 b=0 t=0 var_idx=6 tp=0.750188 y_true=0.724202 y_pred=0.693877
INFO | TOP_OK | split=test epoch=88 rank=2/3 b=0 t=2 var_idx=5 tp=0.763691 y_true=0.608434 y_pred=0.634329
INFO | TOP_OK | split=test epoch=88 rank=3/3 b=0 t=3 var_idx=0 tp=0.770443 y_true=0.669886 y_pred=0.690667
INFO | TOP_ERR | split=test epoch=98 rank=1/10 b=47 t=28 var_idx=9 tp=0.978995 y_true=0.262216 y_pred=0.752290 diff=0.490074 abs_err=0.490074
INFO | TOP_ERR | split=test epoch=98 rank=2/10 b=47 t=24 var_idx=6 tp=0.945236 y_true=0.324231 y_pred=0.788519 diff=0.464288 abs_err=0.464288
INFO | TOP_ERR | split=test epoch=98 rank=3/10 b=60 t=7 var_idx=9 tp=0.808202 y_true=0.720162 y_pred=0.302372 diff=-0.417790 abs_err=0.417790
INFO | TOP_ERR | split=test epoch=98 rank=4/10 b=60 t=11 var_idx=9 tp=0.835209 y_true=0.692128 y_pred=0.302553 diff=-0.389575 abs_err=0.389575
INFO | TOP_ERR | split=test epoch=98 rank=5/10 b=7 t=7 var_idx=0 tp=0.804451 y_true=0.670168 y_pred=0.291537 diff=-0.378631 abs_err=0.378631
INFO | TOP_ERR | split=test epoch=98 rank=6/10 b=28 t=17 var_idx=10 tp=0.917729 y_true=0.911302 y_pred=0.562202 diff=-0.349100 abs_err=0.349100
INFO | TOP_ERR | split=test epoch=98 rank=7/10 b=3 t=23 var_idx=10 tp=0.925982 y_true=0.806160 y_pred=0.477865 diff=-0.328295 abs_err=0.328295
INFO | TOP_ERR | split=test epoch=98 rank=8/10 b=4 t=15 var_idx=10 tp=0.892223 y_true=0.791293 y_pred=0.468331 diff=-0.322961 abs_err=0.322961
INFO | TOP_ERR | split=test epoch=98 rank=9/10 b=32 t=23 var_idx=2 tp=0.931233 y_true=0.747928 y_pred=0.432564 diff=-0.315364 abs_err=0.315364
INFO | TOP_ERR | split=test epoch=98 rank=10/10 b=14 t=21 var_idx=2 tp=0.919480 y_true=0.669667 y_pred=0.354605 diff=-0.315062 abs_err=0.315062
INFO | TOP_BEST | split=test epoch=98 rank=1/3 b=36 t=3 var_idx=10 tp=0.782696 y_true=0.415303 y_pred=0.415311 diff=0.000008 abs_err=0.000008
INFO | TOP_BEST | split=test epoch=98 rank=2/3 b=14 t=3 var_idx=9 tp=0.770943 y_true=0.512665 y_pred=0.512655 diff=-0.000010 abs_err=0.000010
INFO | TOP_BEST | split=test epoch=98 rank=3/3 b=0 t=19 var_idx=0 tp=0.905726 y_true=0.692075 y_pred=0.692100 diff=0.000025 abs_err=0.000025
INFO | TOP_OK | split=test epoch=98 rank=1/3 b=0 t=2 var_idx=5 tp=0.763691 y_true=0.608434 y_pred=0.627188
INFO | TOP_OK | split=test epoch=98 rank=2/3 b=0 t=3 var_idx=0 tp=0.770443 y_true=0.669886 y_pred=0.692330
INFO | TOP_OK | split=test epoch=98 rank=3/3 b=0 t=3 var_idx=1 tp=0.770443 y_true=0.486860 y_pred=0.494224
INFO | TOP_ERR | split=test epoch=102 rank=1/10 b=47 t=28 var_idx=9 tp=0.978995 y_true=0.262216 y_pred=0.757031 diff=0.494815 abs_err=0.494815
INFO | TOP_ERR | split=test epoch=102 rank=2/10 b=47 t=24 var_idx=6 tp=0.945236 y_true=0.324231 y_pred=0.807482 diff=0.483251 abs_err=0.483251
INFO | TOP_ERR | split=test epoch=102 rank=3/10 b=60 t=7 var_idx=9 tp=0.808202 y_true=0.720162 y_pred=0.317246 diff=-0.402915 abs_err=0.402915
INFO | TOP_ERR | split=test epoch=102 rank=4/10 b=7 t=7 var_idx=0 tp=0.804451 y_true=0.670168 y_pred=0.288131 diff=-0.382037 abs_err=0.382037
INFO | TOP_ERR | split=test epoch=102 rank=5/10 b=60 t=11 var_idx=9 tp=0.835209 y_true=0.692128 y_pred=0.317595 diff=-0.374533 abs_err=0.374533
INFO | TOP_ERR | split=test epoch=102 rank=6/10 b=28 t=17 var_idx=10 tp=0.917729 y_true=0.911302 y_pred=0.564817 diff=-0.346485 abs_err=0.346485
INFO | TOP_ERR | split=test epoch=102 rank=7/10 b=3 t=23 var_idx=10 tp=0.925982 y_true=0.806160 y_pred=0.477705 diff=-0.328455 abs_err=0.328455
INFO | TOP_ERR | split=test epoch=102 rank=8/10 b=4 t=15 var_idx=10 tp=0.892223 y_true=0.791293 y_pred=0.463965 diff=-0.327328 abs_err=0.327328
INFO | TOP_ERR | split=test epoch=102 rank=9/10 b=14 t=21 var_idx=2 tp=0.919480 y_true=0.669667 y_pred=0.347250 diff=-0.322418 abs_err=0.322418
INFO | TOP_ERR | split=test epoch=102 rank=10/10 b=32 t=23 var_idx=2 tp=0.931233 y_true=0.747928 y_pred=0.432602 diff=-0.315326 abs_err=0.315326
INFO | TOP_BEST | split=test epoch=102 rank=1/3 b=14 t=26 var_idx=9 tp=0.959990 y_true=0.512218 y_pred=0.512227 diff=0.000009 abs_err=0.000009
INFO | TOP_BEST | split=test epoch=102 rank=2/3 b=1 t=10 var_idx=10 tp=0.831458 y_true=0.489151 y_pred=0.489166 diff=0.000015 abs_err=0.000015
INFO | TOP_BEST | split=test epoch=102 rank=3/3 b=32 t=3 var_idx=9 tp=0.782696 y_true=0.654035 y_pred=0.654052 diff=0.000017 abs_err=0.000017
INFO | TOP_OK | split=test epoch=102 rank=1/3 b=0 t=2 var_idx=5 tp=0.763691 y_true=0.608434 y_pred=0.636691
INFO | TOP_OK | split=test epoch=102 rank=2/3 b=0 t=3 var_idx=0 tp=0.770443 y_true=0.669886 y_pred=0.668611
INFO | TOP_OK | split=test epoch=102 rank=3/3 b=0 t=3 var_idx=1 tp=0.770443 y_true=0.486860 y_pred=0.492472
INFO | TOP_ERR | split=test epoch=0 rank=1/10 b=47 t=28 var_idx=9 tp=0.978995 y_true=0.262216 y_pred=0.765616 diff=0.503401 abs_err=0.503401
INFO | TOP_ERR | split=test epoch=0 rank=2/10 b=47 t=24 var_idx=6 tp=0.945236 y_true=0.324231 y_pred=0.782908 diff=0.458677 abs_err=0.458677
INFO | TOP_ERR | split=test epoch=0 rank=3/10 b=9 t=23 var_idx=9 tp=0.939735 y_true=0.743767 y_pred=0.317493 diff=-0.426275 abs_err=0.426275
INFO | TOP_ERR | split=test epoch=0 rank=4/10 b=9 t=19 var_idx=9 tp=0.912728 y_true=0.739735 y_pred=0.316622 diff=-0.423113 abs_err=0.423113
INFO | TOP_ERR | split=test epoch=0 rank=5/10 b=7 t=7 var_idx=0 tp=0.804451 y_true=0.670168 y_pred=0.249753 diff=-0.420415 abs_err=0.420415
INFO | TOP_ERR | split=test epoch=0 rank=6/10 b=32 t=25 var_idx=0 tp=0.958240 y_true=0.792505 y_pred=0.414807 diff=-0.377697 abs_err=0.377697
INFO | TOP_ERR | split=test epoch=0 rank=7/10 b=32 t=23 var_idx=0 tp=0.931233 y_true=0.789967 y_pred=0.414189 diff=-0.375778 abs_err=0.375778
INFO | TOP_ERR | split=test epoch=0 rank=8/10 b=60 t=7 var_idx=9 tp=0.808202 y_true=0.720162 y_pred=0.350299 diff=-0.369862 abs_err=0.369862
INFO | TOP_ERR | split=test epoch=0 rank=9/10 b=3 t=23 var_idx=9 tp=0.925982 y_true=0.039639 y_pred=0.404391 diff=0.364752 abs_err=0.364752
INFO | TOP_ERR | split=test epoch=0 rank=10/10 b=1 t=6 var_idx=9 tp=0.804451 y_true=0.358579 y_pred=0.721757 diff=0.363179 abs_err=0.363179
INFO | TOP_BEST | split=test epoch=0 rank=1/3 b=33 t=15 var_idx=1 tp=0.870468 y_true=0.351582 y_pred=0.351562 diff=-0.000020 abs_err=0.000020
INFO | TOP_BEST | split=test epoch=0 rank=2/3 b=24 t=3 var_idx=11 tp=0.782446 y_true=0.558250 y_pred=0.558276 diff=0.000026 abs_err=0.000026
INFO | TOP_BEST | split=test epoch=0 rank=3/3 b=25 t=4 var_idx=4 tp=0.782446 y_true=0.376262 y_pred=0.376220 diff=-0.000042 abs_err=0.000042
INFO | TOP_OK | split=test epoch=0 rank=1/3 b=0 t=1 var_idx=9 tp=0.756939 y_true=0.764134 y_pred=0.785617
INFO | TOP_OK | split=test epoch=0 rank=2/3 b=0 t=1 var_idx=11 tp=0.756939 y_true=0.662485 y_pred=0.662197
INFO | TOP_OK | split=test epoch=0 rank=3/3 b=0 t=4 var_idx=10 tp=0.783946 y_true=0.534366 y_pred=0.522197
INFO | TOP_ERR | split=test epoch=1 rank=1/10 b=47 t=28 var_idx=9 tp=0.978995 y_true=0.262216 y_pred=0.765799 diff=0.503584 abs_err=0.503584
INFO | TOP_ERR | split=test epoch=1 rank=2/10 b=47 t=24 var_idx=6 tp=0.945236 y_true=0.324231 y_pred=0.768937 diff=0.444706 abs_err=0.444706
INFO | TOP_ERR | split=test epoch=1 rank=3/10 b=7 t=7 var_idx=0 tp=0.804451 y_true=0.670168 y_pred=0.272769 diff=-0.397399 abs_err=0.397399
INFO | TOP_ERR | split=test epoch=1 rank=4/10 b=9 t=23 var_idx=9 tp=0.939735 y_true=0.743767 y_pred=0.368138 diff=-0.375629 abs_err=0.375629
INFO | TOP_ERR | split=test epoch=1 rank=5/10 b=60 t=7 var_idx=9 tp=0.808202 y_true=0.720162 y_pred=0.344811 diff=-0.375350 abs_err=0.375350
INFO | TOP_ERR | split=test epoch=1 rank=6/10 b=9 t=19 var_idx=9 tp=0.912728 y_true=0.739735 y_pred=0.367521 diff=-0.372214 abs_err=0.372214
INFO | TOP_ERR | split=test epoch=1 rank=7/10 b=60 t=11 var_idx=9 tp=0.835209 y_true=0.692128 y_pred=0.345491 diff=-0.346637 abs_err=0.346637
INFO | TOP_ERR | split=test epoch=1 rank=8/10 b=28 t=17 var_idx=10 tp=0.917729 y_true=0.911302 y_pred=0.583344 diff=-0.327958 abs_err=0.327958
INFO | TOP_ERR | split=test epoch=1 rank=9/10 b=3 t=23 var_idx=10 tp=0.925982 y_true=0.806160 y_pred=0.479738 diff=-0.326422 abs_err=0.326422
INFO | TOP_ERR | split=test epoch=1 rank=10/10 b=3 t=23 var_idx=9 tp=0.925982 y_true=0.039639 y_pred=0.362937 diff=0.323298 abs_err=0.323298
INFO | TOP_BEST | split=test epoch=1 rank=1/3 b=48 t=6 var_idx=7 tp=0.803201 y_true=0.426147 y_pred=0.426147 diff=-0.000000 abs_err=0.000000
INFO | TOP_BEST | split=test epoch=1 rank=2/3 b=17 t=10 var_idx=6 tp=0.824956 y_true=0.526611 y_pred=0.526609 diff=-0.000002 abs_err=0.000002
INFO | TOP_BEST | split=test epoch=1 rank=3/3 b=14 t=13 var_idx=11 tp=0.851963 y_true=0.544714 y_pred=0.544705 diff=-0.000009 abs_err=0.000009
INFO | TOP_OK | split=test epoch=1 rank=1/3 b=0 t=1 var_idx=9 tp=0.756939 y_true=0.764134 y_pred=0.790340
INFO | TOP_OK | split=test epoch=1 rank=2/3 b=0 t=1 var_idx=11 tp=0.756939 y_true=0.662485 y_pred=0.644840
INFO | TOP_OK | split=test epoch=1 rank=3/3 b=0 t=2 var_idx=3 tp=0.763691 y_true=0.755550 y_pred=0.780742
INFO | TOP_ERR | split=test epoch=2 rank=1/10 b=47 t=28 var_idx=9 tp=0.978995 y_true=0.262216 y_pred=0.779246 diff=0.517030 abs_err=0.517030
INFO | TOP_ERR | split=test epoch=2 rank=2/10 b=47 t=24 var_idx=6 tp=0.945236 y_true=0.324231 y_pred=0.805034 diff=0.480803 abs_err=0.480803
INFO | TOP_ERR | split=test epoch=2 rank=3/10 b=7 t=7 var_idx=0 tp=0.804451 y_true=0.670168 y_pred=0.266843 diff=-0.403325 abs_err=0.403325
INFO | TOP_ERR | split=test epoch=2 rank=4/10 b=60 t=7 var_idx=9 tp=0.808202 y_true=0.720162 y_pred=0.351165 diff=-0.368997 abs_err=0.368997
INFO | TOP_ERR | split=test epoch=2 rank=5/10 b=9 t=23 var_idx=9 tp=0.939735 y_true=0.743767 y_pred=0.387237 diff=-0.356530 abs_err=0.356530
INFO | TOP_ERR | split=test epoch=2 rank=6/10 b=9 t=19 var_idx=9 tp=0.912728 y_true=0.739735 y_pred=0.386511 diff=-0.353223 abs_err=0.353223
INFO | TOP_ERR | split=test epoch=2 rank=7/10 b=60 t=11 var_idx=9 tp=0.835209 y_true=0.692128 y_pred=0.351932 diff=-0.340196 abs_err=0.340196
INFO | TOP_ERR | split=test epoch=2 rank=8/10 b=28 t=17 var_idx=10 tp=0.917729 y_true=0.911302 y_pred=0.584651 diff=-0.326651 abs_err=0.326651
INFO | TOP_ERR | split=test epoch=2 rank=9/10 b=3 t=23 var_idx=10 tp=0.925982 y_true=0.806160 y_pred=0.485807 diff=-0.320353 abs_err=0.320353
INFO | TOP_ERR | split=test epoch=2 rank=10/10 b=3 t=23 var_idx=9 tp=0.925982 y_true=0.039639 y_pred=0.354102 diff=0.314464 abs_err=0.314464
INFO | TOP_BEST | split=test epoch=2 rank=1/3 b=59 t=7 var_idx=10 tp=0.814954 y_true=0.486777 y_pred=0.486793 diff=0.000016 abs_err=0.000016
INFO | TOP_BEST | split=test epoch=2 rank=2/3 b=41 t=8 var_idx=8 tp=0.823456 y_true=0.496149 y_pred=0.496116 diff=-0.000034 abs_err=0.000034
INFO | TOP_BEST | split=test epoch=2 rank=3/3 b=5 t=2 var_idx=10 tp=0.777444 y_true=0.481898 y_pred=0.481850 diff=-0.000047 abs_err=0.000047
INFO | TOP_OK | split=test epoch=2 rank=1/3 b=0 t=0 var_idx=7 tp=0.750188 y_true=0.552868 y_pred=0.531740
INFO | TOP_OK | split=test epoch=2 rank=2/3 b=0 t=1 var_idx=9 tp=0.756939 y_true=0.764134 y_pred=0.793027
INFO | TOP_OK | split=test epoch=2 rank=3/3 b=0 t=1 var_idx=11 tp=0.756939 y_true=0.662485 y_pred=0.645031
INFO | TOP_ERR | split=test epoch=5 rank=1/10 b=47 t=28 var_idx=9 tp=0.978995 y_true=0.262216 y_pred=0.794409 diff=0.532194 abs_err=0.532194
INFO | TOP_ERR | split=test epoch=5 rank=2/10 b=47 t=24 var_idx=6 tp=0.945236 y_true=0.324231 y_pred=0.816642 diff=0.492411 abs_err=0.492411
INFO | TOP_ERR | split=test epoch=5 rank=3/10 b=7 t=7 var_idx=0 tp=0.804451 y_true=0.670168 y_pred=0.250911 diff=-0.419257 abs_err=0.419257
INFO | TOP_ERR | split=test epoch=5 rank=4/10 b=60 t=7 var_idx=9 tp=0.808202 y_true=0.720162 y_pred=0.345362 diff=-0.374800 abs_err=0.374800
INFO | TOP_ERR | split=test epoch=5 rank=5/10 b=60 t=11 var_idx=9 tp=0.835209 y_true=0.692128 y_pred=0.346042 diff=-0.346086 abs_err=0.346086
INFO | TOP_ERR | split=test epoch=5 rank=6/10 b=9 t=23 var_idx=9 tp=0.939735 y_true=0.743767 y_pred=0.406426 diff=-0.337342 abs_err=0.337342
INFO | TOP_ERR | split=test epoch=5 rank=7/10 b=9 t=19 var_idx=9 tp=0.912728 y_true=0.739735 y_pred=0.405770 diff=-0.333964 abs_err=0.333964
INFO | TOP_ERR | split=test epoch=5 rank=8/10 b=4 t=15 var_idx=10 tp=0.892223 y_true=0.791293 y_pred=0.465089 diff=-0.326204 abs_err=0.326204
INFO | TOP_ERR | split=test epoch=5 rank=9/10 b=14 t=21 var_idx=2 tp=0.919480 y_true=0.669667 y_pred=0.345561 diff=-0.324107 abs_err=0.324107
INFO | TOP_ERR | split=test epoch=5 rank=10/10 b=28 t=17 var_idx=10 tp=0.917729 y_true=0.911302 y_pred=0.591446 diff=-0.319856 abs_err=0.319856
INFO | TOP_BEST | split=test epoch=5 rank=1/3 b=19 t=7 var_idx=2 tp=0.802701 y_true=0.469875 y_pred=0.469888 diff=0.000012 abs_err=0.000012
INFO | TOP_BEST | split=test epoch=5 rank=2/3 b=43 t=0 var_idx=7 tp=0.755939 y_true=0.396998 y_pred=0.397022 diff=0.000024 abs_err=0.000024
INFO | TOP_BEST | split=test epoch=5 rank=3/3 b=58 t=10 var_idx=0 tp=0.835209 y_true=0.475710 y_pred=0.475684 diff=-0.000027 abs_err=0.000027
INFO | TOP_OK | split=test epoch=5 rank=1/3 b=0 t=0 var_idx=6 tp=0.750188 y_true=0.724202 y_pred=0.706708
INFO | TOP_OK | split=test epoch=5 rank=2/3 b=0 t=0 var_idx=7 tp=0.750188 y_true=0.552868 y_pred=0.544119
INFO | TOP_OK | split=test epoch=5 rank=3/3 b=0 t=1 var_idx=9 tp=0.756939 y_true=0.764134 y_pred=0.795719
INFO | TOP_ERR | split=test epoch=6 rank=1/10 b=47 t=28 var_idx=9 tp=0.978995 y_true=0.262216 y_pred=0.791573 diff=0.529357 abs_err=0.529357
INFO | TOP_ERR | split=test epoch=6 rank=2/10 b=47 t=24 var_idx=6 tp=0.945236 y_true=0.324231 y_pred=0.803406 diff=0.479175 abs_err=0.479175
INFO | TOP_ERR | split=test epoch=6 rank=3/10 b=7 t=7 var_idx=0 tp=0.804451 y_true=0.670168 y_pred=0.259704 diff=-0.410464 abs_err=0.410464
INFO | TOP_ERR | split=test epoch=6 rank=4/10 b=60 t=7 var_idx=9 tp=0.808202 y_true=0.720162 y_pred=0.348520 diff=-0.371641 abs_err=0.371641
INFO | TOP_ERR | split=test epoch=6 rank=5/10 b=60 t=11 var_idx=9 tp=0.835209 y_true=0.692128 y_pred=0.349196 diff=-0.342932 abs_err=0.342932
INFO | TOP_ERR | split=test epoch=6 rank=6/10 b=9 t=23 var_idx=9 tp=0.939735 y_true=0.743767 y_pred=0.407871 diff=-0.335897 abs_err=0.335897
INFO | TOP_ERR | split=test epoch=6 rank=7/10 b=4 t=15 var_idx=10 tp=0.892223 y_true=0.791293 y_pred=0.457702 diff=-0.333590 abs_err=0.333590
INFO | TOP_ERR | split=test epoch=6 rank=8/10 b=9 t=19 var_idx=9 tp=0.912728 y_true=0.739735 y_pred=0.407205 diff=-0.332530 abs_err=0.332530
INFO | TOP_ERR | split=test epoch=6 rank=9/10 b=28 t=17 var_idx=10 tp=0.917729 y_true=0.911302 y_pred=0.587459 diff=-0.323843 abs_err=0.323843
INFO | TOP_ERR | split=test epoch=6 rank=10/10 b=14 t=21 var_idx=2 tp=0.919480 y_true=0.669667 y_pred=0.347602 diff=-0.322065 abs_err=0.322065
INFO | TOP_BEST | split=test epoch=6 rank=1/3 b=44 t=15 var_idx=3 tp=0.870718 y_true=0.659614 y_pred=0.659609 diff=-0.000005 abs_err=0.000005
INFO | TOP_BEST | split=test epoch=6 rank=2/3 b=43 t=1 var_idx=9 tp=0.762691 y_true=0.771201 y_pred=0.771192 diff=-0.000009 abs_err=0.000009
INFO | TOP_BEST | split=test epoch=6 rank=3/3 b=19 t=30 var_idx=0 tp=0.991748 y_true=0.404901 y_pred=0.404917 diff=0.000015 abs_err=0.000015
INFO | TOP_OK | split=test epoch=6 rank=1/3 b=0 t=0 var_idx=6 tp=0.750188 y_true=0.724202 y_pred=0.704668
INFO | TOP_OK | split=test epoch=6 rank=2/3 b=0 t=0 var_idx=7 tp=0.750188 y_true=0.552868 y_pred=0.543714
INFO | TOP_OK | split=test epoch=6 rank=3/3 b=0 t=1 var_idx=9 tp=0.756939 y_true=0.764134 y_pred=0.794622
INFO | TOP_ERR | split=test epoch=7 rank=1/10 b=47 t=28 var_idx=9 tp=0.978995 y_true=0.262216 y_pred=0.779548 diff=0.517333 abs_err=0.517333
INFO | TOP_ERR | split=test epoch=7 rank=2/10 b=47 t=24 var_idx=6 tp=0.945236 y_true=0.324231 y_pred=0.799793 diff=0.475562 abs_err=0.475562
INFO | TOP_ERR | split=test epoch=7 rank=3/10 b=7 t=7 var_idx=0 tp=0.804451 y_true=0.670168 y_pred=0.243461 diff=-0.426707 abs_err=0.426707
INFO | TOP_ERR | split=test epoch=7 rank=4/10 b=60 t=7 var_idx=9 tp=0.808202 y_true=0.720162 y_pred=0.346028 diff=-0.374133 abs_err=0.374133
INFO | TOP_ERR | split=test epoch=7 rank=5/10 b=60 t=11 var_idx=9 tp=0.835209 y_true=0.692128 y_pred=0.346692 diff=-0.345436 abs_err=0.345436
INFO | TOP_ERR | split=test epoch=7 rank=6/10 b=9 t=23 var_idx=9 tp=0.939735 y_true=0.743767 y_pred=0.405322 diff=-0.338446 abs_err=0.338446
INFO | TOP_ERR | split=test epoch=7 rank=7/10 b=9 t=19 var_idx=9 tp=0.912728 y_true=0.739735 y_pred=0.404665 diff=-0.335069 abs_err=0.335069
INFO | TOP_ERR | split=test epoch=7 rank=8/10 b=4 t=15 var_idx=10 tp=0.892223 y_true=0.791293 y_pred=0.457096 diff=-0.334197 abs_err=0.334197
INFO | TOP_ERR | split=test epoch=7 rank=9/10 b=28 t=17 var_idx=10 tp=0.917729 y_true=0.911302 y_pred=0.577802 diff=-0.333500 abs_err=0.333500
INFO | TOP_ERR | split=test epoch=7 rank=10/10 b=14 t=21 var_idx=2 tp=0.919480 y_true=0.669667 y_pred=0.346916 diff=-0.322751 abs_err=0.322751
INFO | TOP_BEST | split=test epoch=7 rank=1/3 b=5 t=13 var_idx=11 tp=0.885471 y_true=0.639997 y_pred=0.639996 diff=-0.000001 abs_err=0.000001
INFO | TOP_BEST | split=test epoch=7 rank=2/3 b=8 t=26 var_idx=0 tp=0.959990 y_true=0.323263 y_pred=0.323254 diff=-0.000009 abs_err=0.000009
INFO | TOP_BEST | split=test epoch=7 rank=3/3 b=39 t=2 var_idx=0 tp=0.775944 y_true=0.550244 y_pred=0.550230 diff=-0.000014 abs_err=0.000014
INFO | TOP_OK | split=test epoch=7 rank=1/3 b=0 t=0 var_idx=6 tp=0.750188 y_true=0.724202 y_pred=0.698443
INFO | TOP_OK | split=test epoch=7 rank=2/3 b=0 t=0 var_idx=7 tp=0.750188 y_true=0.552868 y_pred=0.536607
INFO | TOP_OK | split=test epoch=7 rank=3/3 b=0 t=1 var_idx=9 tp=0.756939 y_true=0.764134 y_pred=0.776341
INFO | TOP_ERR | split=test epoch=9 rank=1/10 b=47 t=28 var_idx=9 tp=0.978995 y_true=0.262216 y_pred=0.790103 diff=0.527888 abs_err=0.527888
INFO | TOP_ERR | split=test epoch=9 rank=2/10 b=47 t=24 var_idx=6 tp=0.945236 y_true=0.324231 y_pred=0.799578 diff=0.475347 abs_err=0.475347
INFO | TOP_ERR | split=test epoch=9 rank=3/10 b=7 t=7 var_idx=0 tp=0.804451 y_true=0.670168 y_pred=0.246637 diff=-0.423531 abs_err=0.423531
INFO | TOP_ERR | split=test epoch=9 rank=4/10 b=60 t=7 var_idx=9 tp=0.808202 y_true=0.720162 y_pred=0.344342 diff=-0.375819 abs_err=0.375819
INFO | TOP_ERR | split=test epoch=9 rank=5/10 b=60 t=11 var_idx=9 tp=0.835209 y_true=0.692128 y_pred=0.345043 diff=-0.347085 abs_err=0.347085
INFO | TOP_ERR | split=test epoch=9 rank=6/10 b=9 t=23 var_idx=9 tp=0.939735 y_true=0.743767 y_pred=0.404303 diff=-0.339464 abs_err=0.339464
INFO | TOP_ERR | split=test epoch=9 rank=7/10 b=9 t=19 var_idx=9 tp=0.912728 y_true=0.739735 y_pred=0.403671 diff=-0.336064 abs_err=0.336064
INFO | TOP_ERR | split=test epoch=9 rank=8/10 b=28 t=17 var_idx=10 tp=0.917729 y_true=0.911302 y_pred=0.580439 diff=-0.330863 abs_err=0.330863
INFO | TOP_ERR | split=test epoch=9 rank=9/10 b=4 t=15 var_idx=10 tp=0.892223 y_true=0.791293 y_pred=0.462385 diff=-0.328908 abs_err=0.328908
INFO | TOP_ERR | split=test epoch=9 rank=10/10 b=14 t=21 var_idx=2 tp=0.919480 y_true=0.669667 y_pred=0.346031 diff=-0.323637 abs_err=0.323637
INFO | TOP_BEST | split=test epoch=9 rank=1/3 b=16 t=0 var_idx=7 tp=0.750688 y_true=0.619437 y_pred=0.619435 diff=-0.000002 abs_err=0.000002
INFO | TOP_BEST | split=test epoch=9 rank=2/3 b=19 t=20 var_idx=6 tp=0.917479 y_true=0.509984 y_pred=0.509975 diff=-0.000009 abs_err=0.000009
INFO | TOP_BEST | split=test epoch=9 rank=3/3 b=54 t=12 var_idx=5 tp=0.855214 y_true=0.606000 y_pred=0.605985 diff=-0.000016 abs_err=0.000016
INFO | TOP_OK | split=test epoch=9 rank=1/3 b=0 t=0 var_idx=6 tp=0.750188 y_true=0.724202 y_pred=0.714436
INFO | TOP_OK | split=test epoch=9 rank=2/3 b=0 t=0 var_idx=7 tp=0.750188 y_true=0.552868 y_pred=0.545954
INFO | TOP_OK | split=test epoch=9 rank=3/3 b=0 t=1 var_idx=9 tp=0.756939 y_true=0.764134 y_pred=0.778726
INFO | TOP_ERR | split=test epoch=13 rank=1/10 b=47 t=28 var_idx=9 tp=0.978995 y_true=0.262216 y_pred=0.795483 diff=0.533268 abs_err=0.533268
INFO | TOP_ERR | split=test epoch=13 rank=2/10 b=47 t=24 var_idx=6 tp=0.945236 y_true=0.324231 y_pred=0.799185 diff=0.474954 abs_err=0.474954
INFO | TOP_ERR | split=test epoch=13 rank=3/10 b=7 t=7 var_idx=0 tp=0.804451 y_true=0.670168 y_pred=0.269941 diff=-0.400227 abs_err=0.400227
INFO | TOP_ERR | split=test epoch=13 rank=4/10 b=60 t=7 var_idx=9 tp=0.808202 y_true=0.720162 y_pred=0.352295 diff=-0.367866 abs_err=0.367866
INFO | TOP_ERR | split=test epoch=13 rank=5/10 b=28 t=17 var_idx=10 tp=0.917729 y_true=0.911302 y_pred=0.571968 diff=-0.339334 abs_err=0.339334
INFO | TOP_ERR | split=test epoch=13 rank=6/10 b=60 t=11 var_idx=9 tp=0.835209 y_true=0.692128 y_pred=0.352972 diff=-0.339156 abs_err=0.339156
INFO | TOP_ERR | split=test epoch=13 rank=7/10 b=9 t=23 var_idx=9 tp=0.939735 y_true=0.743767 y_pred=0.406270 diff=-0.337497 abs_err=0.337497
INFO | TOP_ERR | split=test epoch=13 rank=8/10 b=9 t=19 var_idx=9 tp=0.912728 y_true=0.739735 y_pred=0.405692 diff=-0.334042 abs_err=0.334042
INFO | TOP_ERR | split=test epoch=13 rank=9/10 b=4 t=15 var_idx=10 tp=0.892223 y_true=0.791293 y_pred=0.465985 diff=-0.325307 abs_err=0.325307
INFO | TOP_ERR | split=test epoch=13 rank=10/10 b=32 t=23 var_idx=2 tp=0.931233 y_true=0.747928 y_pred=0.430954 diff=-0.316974 abs_err=0.316974
INFO | TOP_BEST | split=test epoch=13 rank=1/3 b=50 t=28 var_idx=2 tp=0.972243 y_true=0.396963 y_pred=0.396957 diff=-0.000006 abs_err=0.000006
INFO | TOP_BEST | split=test epoch=13 rank=2/3 b=49 t=15 var_idx=5 tp=0.891223 y_true=0.561529 y_pred=0.561520 diff=-0.000009 abs_err=0.000009
INFO | TOP_BEST | split=test epoch=13 rank=3/3 b=26 t=12 var_idx=11 tp=0.849962 y_true=0.555618 y_pred=0.555632 diff=0.000014 abs_err=0.000014
INFO | TOP_OK | split=test epoch=13 rank=1/3 b=0 t=0 var_idx=6 tp=0.750188 y_true=0.724202 y_pred=0.715843
INFO | TOP_OK | split=test epoch=13 rank=2/3 b=0 t=0 var_idx=7 tp=0.750188 y_true=0.552868 y_pred=0.537280
INFO | TOP_OK | split=test epoch=13 rank=3/3 b=0 t=1 var_idx=9 tp=0.756939 y_true=0.764134 y_pred=0.775311
INFO | TOP_ERR | split=test epoch=16 rank=1/10 b=47 t=28 var_idx=9 tp=0.978995 y_true=0.262216 y_pred=0.776986 diff=0.514770 abs_err=0.514770
INFO | TOP_ERR | split=test epoch=16 rank=2/10 b=47 t=24 var_idx=6 tp=0.945236 y_true=0.324231 y_pred=0.781691 diff=0.457460 abs_err=0.457460
INFO | TOP_ERR | split=test epoch=16 rank=3/10 b=7 t=7 var_idx=0 tp=0.804451 y_true=0.670168 y_pred=0.253094 diff=-0.417074 abs_err=0.417074
INFO | TOP_ERR | split=test epoch=16 rank=4/10 b=60 t=7 var_idx=9 tp=0.808202 y_true=0.720162 y_pred=0.344048 diff=-0.376114 abs_err=0.376114
INFO | TOP_ERR | split=test epoch=16 rank=5/10 b=60 t=11 var_idx=9 tp=0.835209 y_true=0.692128 y_pred=0.344745 diff=-0.347383 abs_err=0.347383
INFO | TOP_ERR | split=test epoch=16 rank=6/10 b=28 t=17 var_idx=10 tp=0.917729 y_true=0.911302 y_pred=0.570915 diff=-0.340387 abs_err=0.340387
INFO | TOP_ERR | split=test epoch=16 rank=7/10 b=9 t=23 var_idx=9 tp=0.939735 y_true=0.743767 y_pred=0.405093 diff=-0.338674 abs_err=0.338674
INFO | TOP_ERR | split=test epoch=16 rank=8/10 b=9 t=19 var_idx=9 tp=0.912728 y_true=0.739735 y_pred=0.404546 diff=-0.335188 abs_err=0.335188
INFO | TOP_ERR | split=test epoch=16 rank=9/10 b=4 t=15 var_idx=10 tp=0.892223 y_true=0.791293 y_pred=0.471924 diff=-0.319369 abs_err=0.319369
INFO | TOP_ERR | split=test epoch=16 rank=10/10 b=3 t=23 var_idx=10 tp=0.925982 y_true=0.806160 y_pred=0.491751 diff=-0.314409 abs_err=0.314409
INFO | TOP_BEST | split=test epoch=16 rank=1/3 b=9 t=17 var_idx=3 tp=0.892473 y_true=0.387742 y_pred=0.387735 diff=-0.000007 abs_err=0.000007
INFO | TOP_BEST | split=test epoch=16 rank=2/3 b=61 t=26 var_idx=8 tp=0.956739 y_true=0.605656 y_pred=0.605649 diff=-0.000007 abs_err=0.000007
INFO | TOP_BEST | split=test epoch=16 rank=3/3 b=19 t=11 var_idx=9 tp=0.843211 y_true=0.513725 y_pred=0.513739 diff=0.000014 abs_err=0.000014
INFO | TOP_OK | split=test epoch=16 rank=1/3 b=0 t=0 var_idx=6 tp=0.750188 y_true=0.724202 y_pred=0.707659
INFO | TOP_OK | split=test epoch=16 rank=2/3 b=0 t=0 var_idx=7 tp=0.750188 y_true=0.552868 y_pred=0.543900
INFO | TOP_OK | split=test epoch=16 rank=3/3 b=0 t=1 var_idx=9 tp=0.756939 y_true=0.764134 y_pred=0.746378
INFO | TOP_ERR | split=test epoch=26 rank=1/10 b=47 t=28 var_idx=9 tp=0.978995 y_true=0.262216 y_pred=0.789697 diff=0.527482 abs_err=0.527482
INFO | TOP_ERR | split=test epoch=26 rank=2/10 b=47 t=24 var_idx=6 tp=0.945236 y_true=0.324231 y_pred=0.811173 diff=0.486942 abs_err=0.486942
INFO | TOP_ERR | split=test epoch=26 rank=3/10 b=7 t=7 var_idx=0 tp=0.804451 y_true=0.670168 y_pred=0.242064 diff=-0.428104 abs_err=0.428104
INFO | TOP_ERR | split=test epoch=26 rank=4/10 b=60 t=7 var_idx=9 tp=0.808202 y_true=0.720162 y_pred=0.329859 diff=-0.390302 abs_err=0.390302
INFO | TOP_ERR | split=test epoch=26 rank=5/10 b=60 t=11 var_idx=9 tp=0.835209 y_true=0.692128 y_pred=0.330620 diff=-0.361508 abs_err=0.361508
INFO | TOP_ERR | split=test epoch=26 rank=6/10 b=9 t=23 var_idx=9 tp=0.939735 y_true=0.743767 y_pred=0.399085 diff=-0.344682 abs_err=0.344682
INFO | TOP_ERR | split=test epoch=26 rank=7/10 b=28 t=17 var_idx=10 tp=0.917729 y_true=0.911302 y_pred=0.568186 diff=-0.343116 abs_err=0.343116
INFO | TOP_ERR | split=test epoch=26 rank=8/10 b=9 t=19 var_idx=9 tp=0.912728 y_true=0.739735 y_pred=0.398573 diff=-0.341162 abs_err=0.341162
INFO | TOP_ERR | split=test epoch=26 rank=9/10 b=32 t=23 var_idx=2 tp=0.931233 y_true=0.747928 y_pred=0.422824 diff=-0.325104 abs_err=0.325104
INFO | TOP_ERR | split=test epoch=26 rank=10/10 b=4 t=15 var_idx=10 tp=0.892223 y_true=0.791293 y_pred=0.467921 diff=-0.323371 abs_err=0.323371
INFO | TOP_BEST | split=test epoch=26 rank=1/3 b=37 t=3 var_idx=1 tp=0.789447 y_true=0.355483 y_pred=0.355476 diff=-0.000006 abs_err=0.000006
INFO | TOP_BEST | split=test epoch=26 rank=2/3 b=18 t=3 var_idx=5 tp=0.777694 y_true=0.596327 y_pred=0.596336 diff=0.000009 abs_err=0.000009
INFO | TOP_BEST | split=test epoch=26 rank=3/3 b=2 t=9 var_idx=10 tp=0.824706 y_true=0.487110 y_pred=0.487101 diff=-0.000009 abs_err=0.000009
INFO | TOP_OK | split=test epoch=26 rank=1/3 b=0 t=0 var_idx=6 tp=0.750188 y_true=0.724202 y_pred=0.735190
INFO | TOP_OK | split=test epoch=26 rank=2/3 b=0 t=1 var_idx=9 tp=0.756939 y_true=0.764134 y_pred=0.741381
INFO | TOP_OK | split=test epoch=26 rank=3/3 b=0 t=1 var_idx=11 tp=0.756939 y_true=0.662485 y_pred=0.647916
INFO | TOP_ERR | split=test epoch=27 rank=1/10 b=47 t=28 var_idx=9 tp=0.978995 y_true=0.262216 y_pred=0.776567 diff=0.514351 abs_err=0.514351
INFO | TOP_ERR | split=test epoch=27 rank=2/10 b=47 t=24 var_idx=6 tp=0.945236 y_true=0.324231 y_pred=0.814935 diff=0.490704 abs_err=0.490704
INFO | TOP_ERR | split=test epoch=27 rank=3/10 b=7 t=7 var_idx=0 tp=0.804451 y_true=0.670168 y_pred=0.252403 diff=-0.417765 abs_err=0.417765
INFO | TOP_ERR | split=test epoch=27 rank=4/10 b=60 t=7 var_idx=9 tp=0.808202 y_true=0.720162 y_pred=0.336482 diff=-0.383680 abs_err=0.383680
INFO | TOP_ERR | split=test epoch=27 rank=5/10 b=60 t=11 var_idx=9 tp=0.835209 y_true=0.692128 y_pred=0.337237 diff=-0.354891 abs_err=0.354891
INFO | TOP_ERR | split=test epoch=27 rank=6/10 b=28 t=17 var_idx=10 tp=0.917729 y_true=0.911302 y_pred=0.565704 diff=-0.345598 abs_err=0.345598
INFO | TOP_ERR | split=test epoch=27 rank=7/10 b=9 t=23 var_idx=9 tp=0.939735 y_true=0.743767 y_pred=0.403573 diff=-0.340195 abs_err=0.340195
INFO | TOP_ERR | split=test epoch=27 rank=8/10 b=9 t=19 var_idx=9 tp=0.912728 y_true=0.739735 y_pred=0.403034 diff=-0.336700 abs_err=0.336700
INFO | TOP_ERR | split=test epoch=27 rank=9/10 b=4 t=15 var_idx=10 tp=0.892223 y_true=0.791293 y_pred=0.469316 diff=-0.321977 abs_err=0.321977
INFO | TOP_ERR | split=test epoch=27 rank=10/10 b=32 t=23 var_idx=2 tp=0.931233 y_true=0.747928 y_pred=0.427445 diff=-0.320483 abs_err=0.320483
INFO | TOP_BEST | split=test epoch=27 rank=1/3 b=22 t=23 var_idx=9 tp=0.930983 y_true=0.510317 y_pred=0.510319 diff=0.000002 abs_err=0.000002
INFO | TOP_BEST | split=test epoch=27 rank=2/3 b=25 t=11 var_idx=5 tp=0.836459 y_true=0.594151 y_pred=0.594143 diff=-0.000008 abs_err=0.000008
INFO | TOP_BEST | split=test epoch=27 rank=3/3 b=39 t=15 var_idx=2 tp=0.884221 y_true=0.449785 y_pred=0.449773 diff=-0.000013 abs_err=0.000013
INFO | TOP_OK | split=test epoch=27 rank=1/3 b=0 t=0 var_idx=6 tp=0.750188 y_true=0.724202 y_pred=0.738827
INFO | TOP_OK | split=test epoch=27 rank=2/3 b=0 t=0 var_idx=7 tp=0.750188 y_true=0.552868 y_pred=0.531407
INFO | TOP_OK | split=test epoch=27 rank=3/3 b=0 t=1 var_idx=9 tp=0.756939 y_true=0.764134 y_pred=0.733739
INFO | TOP_ERR | split=test epoch=31 rank=1/10 b=47 t=28 var_idx=9 tp=0.978995 y_true=0.262216 y_pred=0.781290 diff=0.519074 abs_err=0.519074
INFO | TOP_ERR | split=test epoch=31 rank=2/10 b=47 t=24 var_idx=6 tp=0.945236 y_true=0.324231 y_pred=0.813654 diff=0.489423 abs_err=0.489423
INFO | TOP_ERR | split=test epoch=31 rank=3/10 b=7 t=7 var_idx=0 tp=0.804451 y_true=0.670168 y_pred=0.257556 diff=-0.412612 abs_err=0.412612
INFO | TOP_ERR | split=test epoch=31 rank=4/10 b=60 t=7 var_idx=9 tp=0.808202 y_true=0.720162 y_pred=0.332598 diff=-0.387564 abs_err=0.387564
INFO | TOP_ERR | split=test epoch=31 rank=5/10 b=60 t=11 var_idx=9 tp=0.835209 y_true=0.692128 y_pred=0.333249 diff=-0.358879 abs_err=0.358879
INFO | TOP_ERR | split=test epoch=31 rank=6/10 b=28 t=17 var_idx=10 tp=0.917729 y_true=0.911302 y_pred=0.564193 diff=-0.347109 abs_err=0.347109
INFO | TOP_ERR | split=test epoch=31 rank=7/10 b=9 t=23 var_idx=9 tp=0.939735 y_true=0.743767 y_pred=0.399087 diff=-0.344680 abs_err=0.344680
INFO | TOP_ERR | split=test epoch=31 rank=8/10 b=9 t=19 var_idx=9 tp=0.912728 y_true=0.739735 y_pred=0.398551 diff=-0.341183 abs_err=0.341183
INFO | TOP_ERR | split=test epoch=31 rank=9/10 b=4 t=15 var_idx=10 tp=0.892223 y_true=0.791293 y_pred=0.461024 diff=-0.330269 abs_err=0.330269
INFO | TOP_ERR | split=test epoch=31 rank=10/10 b=32 t=23 var_idx=2 tp=0.931233 y_true=0.747928 y_pred=0.426181 diff=-0.321747 abs_err=0.321747
INFO | TOP_BEST | split=test epoch=31 rank=1/3 b=26 t=1 var_idx=9 tp=0.768942 y_true=0.510445 y_pred=0.510449 diff=0.000004 abs_err=0.000004
INFO | TOP_BEST | split=test epoch=31 rank=2/3 b=20 t=21 var_idx=5 tp=0.924231 y_true=0.599669 y_pred=0.599656 diff=-0.000014 abs_err=0.000014
INFO | TOP_BEST | split=test epoch=31 rank=3/3 b=29 t=24 var_idx=5 tp=0.944736 y_true=0.542005 y_pred=0.542019 diff=0.000014 abs_err=0.000014
INFO | TOP_OK | split=test epoch=31 rank=1/3 b=0 t=0 var_idx=6 tp=0.750188 y_true=0.724202 y_pred=0.754317
INFO | TOP_OK | split=test epoch=31 rank=2/3 b=0 t=1 var_idx=9 tp=0.756939 y_true=0.764134 y_pred=0.734192
INFO | TOP_OK | split=test epoch=31 rank=3/3 b=0 t=1 var_idx=11 tp=0.756939 y_true=0.662485 y_pred=0.638356
INFO | TOP_ERR | split=test epoch=37 rank=1/10 b=47 t=28 var_idx=9 tp=0.978995 y_true=0.262216 y_pred=0.777006 diff=0.514790 abs_err=0.514790
INFO | TOP_ERR | split=test epoch=37 rank=2/10 b=47 t=24 var_idx=6 tp=0.945236 y_true=0.324231 y_pred=0.808150 diff=0.483919 abs_err=0.483919
INFO | TOP_ERR | split=test epoch=37 rank=3/10 b=7 t=7 var_idx=0 tp=0.804451 y_true=0.670168 y_pred=0.265752 diff=-0.404416 abs_err=0.404416
INFO | TOP_ERR | split=test epoch=37 rank=4/10 b=60 t=7 var_idx=9 tp=0.808202 y_true=0.720162 y_pred=0.340299 diff=-0.379863 abs_err=0.379863
INFO | TOP_ERR | split=test epoch=37 rank=5/10 b=60 t=11 var_idx=9 tp=0.835209 y_true=0.692128 y_pred=0.340872 diff=-0.351256 abs_err=0.351256
INFO | TOP_ERR | split=test epoch=37 rank=6/10 b=28 t=17 var_idx=10 tp=0.917729 y_true=0.911302 y_pred=0.573167 diff=-0.338135 abs_err=0.338135
INFO | TOP_ERR | split=test epoch=37 rank=7/10 b=9 t=23 var_idx=9 tp=0.939735 y_true=0.743767 y_pred=0.417409 diff=-0.326359 abs_err=0.326359
INFO | TOP_ERR | split=test epoch=37 rank=8/10 b=9 t=19 var_idx=9 tp=0.912728 y_true=0.739735 y_pred=0.416914 diff=-0.322820 abs_err=0.322820
INFO | TOP_ERR | split=test epoch=37 rank=9/10 b=4 t=15 var_idx=10 tp=0.892223 y_true=0.791293 y_pred=0.474102 diff=-0.317190 abs_err=0.317190
INFO | TOP_ERR | split=test epoch=37 rank=10/10 b=32 t=23 var_idx=2 tp=0.931233 y_true=0.747928 y_pred=0.432560 diff=-0.315368 abs_err=0.315368
INFO | TOP_BEST | split=test epoch=37 rank=1/3 b=13 t=21 var_idx=1 tp=0.926232 y_true=0.494891 y_pred=0.494900 diff=0.000009 abs_err=0.000009
INFO | TOP_BEST | split=test epoch=37 rank=2/3 b=12 t=21 var_idx=9 tp=0.919480 y_true=0.520278 y_pred=0.520287 diff=0.000009 abs_err=0.000009
INFO | TOP_BEST | split=test epoch=37 rank=3/3 b=63 t=11 var_idx=4 tp=0.848712 y_true=0.561767 y_pred=0.561758 diff=-0.000009 abs_err=0.000009
INFO | TOP_OK | split=test epoch=37 rank=1/3 b=0 t=0 var_idx=6 tp=0.750188 y_true=0.724202 y_pred=0.707357
INFO | TOP_OK | split=test epoch=37 rank=2/3 b=0 t=1 var_idx=9 tp=0.756939 y_true=0.764134 y_pred=0.753415
INFO | TOP_OK | split=test epoch=37 rank=3/3 b=0 t=1 var_idx=11 tp=0.756939 y_true=0.662485 y_pred=0.652057
INFO | TOP_ERR | split=test epoch=43 rank=1/10 b=47 t=28 var_idx=9 tp=0.978995 y_true=0.262216 y_pred=0.780718 diff=0.518503 abs_err=0.518503
INFO | TOP_ERR | split=test epoch=43 rank=2/10 b=47 t=24 var_idx=6 tp=0.945236 y_true=0.324231 y_pred=0.811375 diff=0.487144 abs_err=0.487144
INFO | TOP_ERR | split=test epoch=43 rank=3/10 b=7 t=7 var_idx=0 tp=0.804451 y_true=0.670168 y_pred=0.258228 diff=-0.411940 abs_err=0.411940
INFO | TOP_ERR | split=test epoch=43 rank=4/10 b=60 t=7 var_idx=9 tp=0.808202 y_true=0.720162 y_pred=0.331843 diff=-0.388319 abs_err=0.388319
INFO | TOP_ERR | split=test epoch=43 rank=5/10 b=60 t=11 var_idx=9 tp=0.835209 y_true=0.692128 y_pred=0.332471 diff=-0.359657 abs_err=0.359657
INFO | TOP_ERR | split=test epoch=43 rank=6/10 b=28 t=17 var_idx=10 tp=0.917729 y_true=0.911302 y_pred=0.568919 diff=-0.342384 abs_err=0.342384
INFO | TOP_ERR | split=test epoch=43 rank=7/10 b=4 t=15 var_idx=10 tp=0.892223 y_true=0.791293 y_pred=0.462255 diff=-0.329038 abs_err=0.329038
INFO | TOP_ERR | split=test epoch=43 rank=8/10 b=32 t=23 var_idx=2 tp=0.931233 y_true=0.747928 y_pred=0.426647 diff=-0.321281 abs_err=0.321281
INFO | TOP_ERR | split=test epoch=43 rank=9/10 b=14 t=21 var_idx=2 tp=0.919480 y_true=0.669667 y_pred=0.353537 diff=-0.316131 abs_err=0.316131
INFO | TOP_ERR | split=test epoch=43 rank=10/10 b=3 t=23 var_idx=10 tp=0.925982 y_true=0.806160 y_pred=0.490778 diff=-0.315381 abs_err=0.315381
INFO | TOP_BEST | split=test epoch=43 rank=1/3 b=56 t=14 var_idx=5 tp=0.868967 y_true=0.571997 y_pred=0.571990 diff=-0.000007 abs_err=0.000007
INFO | TOP_BEST | split=test epoch=43 rank=2/3 b=43 t=22 var_idx=10 tp=0.924731 y_true=0.404947 y_pred=0.404939 diff=-0.000008 abs_err=0.000008
INFO | TOP_BEST | split=test epoch=43 rank=3/3 b=4 t=13 var_idx=5 tp=0.871968 y_true=0.563783 y_pred=0.563800 diff=0.000017 abs_err=0.000017
INFO | TOP_OK | split=test epoch=43 rank=1/3 b=0 t=0 var_idx=6 tp=0.750188 y_true=0.724202 y_pred=0.759624
INFO | TOP_OK | split=test epoch=43 rank=2/3 b=0 t=1 var_idx=9 tp=0.756939 y_true=0.764134 y_pred=0.751442
INFO | TOP_OK | split=test epoch=43 rank=3/3 b=0 t=1 var_idx=11 tp=0.756939 y_true=0.662485 y_pred=0.643625
INFO | TOP_ERR | split=test epoch=48 rank=1/10 b=47 t=28 var_idx=9 tp=0.978995 y_true=0.262216 y_pred=0.769859 diff=0.507643 abs_err=0.507643
INFO | TOP_ERR | split=test epoch=48 rank=2/10 b=47 t=24 var_idx=6 tp=0.945236 y_true=0.324231 y_pred=0.816884 diff=0.492653 abs_err=0.492653
INFO | TOP_ERR | split=test epoch=48 rank=3/10 b=7 t=7 var_idx=0 tp=0.804451 y_true=0.670168 y_pred=0.247143 diff=-0.423025 abs_err=0.423025
INFO | TOP_ERR | split=test epoch=48 rank=4/10 b=60 t=7 var_idx=9 tp=0.808202 y_true=0.720162 y_pred=0.337448 diff=-0.382713 abs_err=0.382713
INFO | TOP_ERR | split=test epoch=48 rank=5/10 b=60 t=11 var_idx=9 tp=0.835209 y_true=0.692128 y_pred=0.338018 diff=-0.354110 abs_err=0.354110
INFO | TOP_ERR | split=test epoch=48 rank=6/10 b=28 t=17 var_idx=10 tp=0.917729 y_true=0.911302 y_pred=0.560948 diff=-0.350354 abs_err=0.350354
INFO | TOP_ERR | split=test epoch=48 rank=7/10 b=4 t=15 var_idx=10 tp=0.892223 y_true=0.791293 y_pred=0.463385 diff=-0.327907 abs_err=0.327907
INFO | TOP_ERR | split=test epoch=48 rank=8/10 b=32 t=23 var_idx=2 tp=0.931233 y_true=0.747928 y_pred=0.423805 diff=-0.324123 abs_err=0.324123
INFO | TOP_ERR | split=test epoch=48 rank=9/10 b=3 t=23 var_idx=10 tp=0.925982 y_true=0.806160 y_pred=0.484528 diff=-0.321632 abs_err=0.321632
INFO | TOP_ERR | split=test epoch=48 rank=10/10 b=3 t=23 var_idx=11 tp=0.925982 y_true=0.941412 y_pred=0.629734 diff=-0.311678 abs_err=0.311678
INFO | TOP_BEST | split=test epoch=48 rank=1/3 b=57 t=28 var_idx=5 tp=0.970243 y_true=0.548178 y_pred=0.548195 diff=0.000017 abs_err=0.000017
INFO | TOP_BEST | split=test epoch=48 rank=2/3 b=57 t=20 var_idx=9 tp=0.909477 y_true=0.476266 y_pred=0.476295 diff=0.000030 abs_err=0.000030
INFO | TOP_BEST | split=test epoch=48 rank=3/3 b=23 t=5 var_idx=2 tp=0.802701 y_true=0.459834 y_pred=0.459875 diff=0.000041 abs_err=0.000041
INFO | TOP_OK | split=test epoch=48 rank=1/3 b=0 t=0 var_idx=6 tp=0.750188 y_true=0.724202 y_pred=0.758599
INFO | TOP_OK | split=test epoch=48 rank=2/3 b=0 t=1 var_idx=9 tp=0.756939 y_true=0.764134 y_pred=0.745918
INFO | TOP_OK | split=test epoch=48 rank=3/3 b=0 t=1 var_idx=11 tp=0.756939 y_true=0.662485 y_pred=0.647044
INFO | TOP_ERR | split=test epoch=50 rank=1/10 b=47 t=28 var_idx=9 tp=0.978995 y_true=0.262216 y_pred=0.766121 diff=0.503905 abs_err=0.503905
INFO | TOP_ERR | split=test epoch=50 rank=2/10 b=47 t=24 var_idx=6 tp=0.945236 y_true=0.324231 y_pred=0.805216 diff=0.480985 abs_err=0.480985
INFO | TOP_ERR | split=test epoch=50 rank=3/10 b=7 t=7 var_idx=0 tp=0.804451 y_true=0.670168 y_pred=0.238533 diff=-0.431635 abs_err=0.431635
INFO | TOP_ERR | split=test epoch=50 rank=4/10 b=60 t=7 var_idx=9 tp=0.808202 y_true=0.720162 y_pred=0.328161 diff=-0.392000 abs_err=0.392000
INFO | TOP_ERR | split=test epoch=50 rank=5/10 b=60 t=11 var_idx=9 tp=0.835209 y_true=0.692128 y_pred=0.328642 diff=-0.363486 abs_err=0.363486
INFO | TOP_ERR | split=test epoch=50 rank=6/10 b=28 t=17 var_idx=10 tp=0.917729 y_true=0.911302 y_pred=0.565176 diff=-0.346127 abs_err=0.346127
INFO | TOP_ERR | split=test epoch=50 rank=7/10 b=4 t=15 var_idx=10 tp=0.892223 y_true=0.791293 y_pred=0.462754 diff=-0.328539 abs_err=0.328539
INFO | TOP_ERR | split=test epoch=50 rank=8/10 b=32 t=23 var_idx=2 tp=0.931233 y_true=0.747928 y_pred=0.421918 diff=-0.326010 abs_err=0.326010
INFO | TOP_ERR | split=test epoch=50 rank=9/10 b=14 t=21 var_idx=2 tp=0.919480 y_true=0.669667 y_pred=0.349708 diff=-0.319960 abs_err=0.319960
INFO | TOP_ERR | split=test epoch=50 rank=10/10 b=3 t=23 var_idx=10 tp=0.925982 y_true=0.806160 y_pred=0.487663 diff=-0.318497 abs_err=0.318497
INFO | TOP_BEST | split=test epoch=50 rank=1/3 b=49 t=9 var_idx=2 tp=0.843711 y_true=0.424300 y_pred=0.424306 diff=0.000006 abs_err=0.000006
INFO | TOP_BEST | split=test epoch=50 rank=2/3 b=45 t=1 var_idx=0 tp=0.762691 y_true=0.527386 y_pred=0.527375 diff=-0.000011 abs_err=0.000011
INFO | TOP_BEST | split=test epoch=50 rank=3/3 b=21 t=3 var_idx=5 tp=0.782446 y_true=0.603952 y_pred=0.603912 diff=-0.000040 abs_err=0.000040
INFO | TOP_OK | split=test epoch=50 rank=1/3 b=0 t=0 var_idx=6 tp=0.750188 y_true=0.724202 y_pred=0.725587
INFO | TOP_OK | split=test epoch=50 rank=2/3 b=0 t=1 var_idx=9 tp=0.756939 y_true=0.764134 y_pred=0.741741
INFO | TOP_OK | split=test epoch=50 rank=3/3 b=0 t=1 var_idx=11 tp=0.756939 y_true=0.662485 y_pred=0.648469
INFO | TOP_ERR | split=test epoch=53 rank=1/10 b=47 t=28 var_idx=9 tp=0.978995 y_true=0.262216 y_pred=0.761920 diff=0.499705 abs_err=0.499705
INFO | TOP_ERR | split=test epoch=53 rank=2/10 b=47 t=24 var_idx=6 tp=0.945236 y_true=0.324231 y_pred=0.790077 diff=0.465846 abs_err=0.465846
INFO | TOP_ERR | split=test epoch=53 rank=3/10 b=7 t=7 var_idx=0 tp=0.804451 y_true=0.670168 y_pred=0.246663 diff=-0.423505 abs_err=0.423505
INFO | TOP_ERR | split=test epoch=53 rank=4/10 b=60 t=7 var_idx=9 tp=0.808202 y_true=0.720162 y_pred=0.342531 diff=-0.377630 abs_err=0.377630
INFO | TOP_ERR | split=test epoch=53 rank=5/10 b=60 t=11 var_idx=9 tp=0.835209 y_true=0.692128 y_pred=0.342947 diff=-0.349181 abs_err=0.349181
INFO | TOP_ERR | split=test epoch=53 rank=6/10 b=28 t=17 var_idx=10 tp=0.917729 y_true=0.911302 y_pred=0.570714 diff=-0.340588 abs_err=0.340588
INFO | TOP_ERR | split=test epoch=53 rank=7/10 b=32 t=23 var_idx=2 tp=0.931233 y_true=0.747928 y_pred=0.424640 diff=-0.323288 abs_err=0.323288
INFO | TOP_ERR | split=test epoch=53 rank=8/10 b=4 t=15 var_idx=10 tp=0.892223 y_true=0.791293 y_pred=0.470722 diff=-0.320571 abs_err=0.320571
INFO | TOP_ERR | split=test epoch=53 rank=9/10 b=14 t=21 var_idx=2 tp=0.919480 y_true=0.669667 y_pred=0.350502 diff=-0.319166 abs_err=0.319166
INFO | TOP_ERR | split=test epoch=53 rank=10/10 b=3 t=23 var_idx=10 tp=0.925982 y_true=0.806160 y_pred=0.490159 diff=-0.316001 abs_err=0.316001
INFO | TOP_BEST | split=test epoch=53 rank=1/3 b=8 t=19 var_idx=4 tp=0.899225 y_true=0.491008 y_pred=0.491000 diff=-0.000008 abs_err=0.000008
INFO | TOP_BEST | split=test epoch=53 rank=2/3 b=16 t=0 var_idx=8 tp=0.750688 y_true=0.613735 y_pred=0.613762 diff=0.000027 abs_err=0.000027
INFO | TOP_BEST | split=test epoch=53 rank=3/3 b=33 t=21 var_idx=5 tp=0.917729 y_true=0.598671 y_pred=0.598699 diff=0.000028 abs_err=0.000028
INFO | TOP_OK | split=test epoch=53 rank=1/3 b=0 t=0 var_idx=6 tp=0.750188 y_true=0.724202 y_pred=0.741188
INFO | TOP_OK | split=test epoch=53 rank=2/3 b=0 t=0 var_idx=7 tp=0.750188 y_true=0.552868 y_pred=0.529834
INFO | TOP_OK | split=test epoch=53 rank=3/3 b=0 t=1 var_idx=9 tp=0.756939 y_true=0.764134 y_pred=0.743883
INFO | TOP_ERR | split=test epoch=60 rank=1/10 b=47 t=28 var_idx=9 tp=0.978995 y_true=0.262216 y_pred=0.778673 diff=0.516458 abs_err=0.516458
INFO | TOP_ERR | split=test epoch=60 rank=2/10 b=47 t=24 var_idx=6 tp=0.945236 y_true=0.324231 y_pred=0.823387 diff=0.499156 abs_err=0.499156
INFO | TOP_ERR | split=test epoch=60 rank=3/10 b=7 t=7 var_idx=0 tp=0.804451 y_true=0.670168 y_pred=0.248935 diff=-0.421233 abs_err=0.421233
INFO | TOP_ERR | split=test epoch=60 rank=4/10 b=60 t=7 var_idx=9 tp=0.808202 y_true=0.720162 y_pred=0.347079 diff=-0.373083 abs_err=0.373083
INFO | TOP_ERR | split=test epoch=60 rank=5/10 b=28 t=17 var_idx=10 tp=0.917729 y_true=0.911302 y_pred=0.562657 diff=-0.348646 abs_err=0.348646
INFO | TOP_ERR | split=test epoch=60 rank=6/10 b=60 t=11 var_idx=9 tp=0.835209 y_true=0.692128 y_pred=0.347471 diff=-0.344657 abs_err=0.344657
INFO | TOP_ERR | split=test epoch=60 rank=7/10 b=4 t=15 var_idx=10 tp=0.892223 y_true=0.791293 y_pred=0.468307 diff=-0.322986 abs_err=0.322986
INFO | TOP_ERR | split=test epoch=60 rank=8/10 b=32 t=23 var_idx=2 tp=0.931233 y_true=0.747928 y_pred=0.426234 diff=-0.321694 abs_err=0.321694
INFO | TOP_ERR | split=test epoch=60 rank=9/10 b=3 t=23 var_idx=10 tp=0.925982 y_true=0.806160 y_pred=0.485199 diff=-0.320961 abs_err=0.320961
INFO | TOP_ERR | split=test epoch=60 rank=10/10 b=14 t=21 var_idx=2 tp=0.919480 y_true=0.669667 y_pred=0.353272 diff=-0.316396 abs_err=0.316396
INFO | TOP_BEST | split=test epoch=60 rank=1/3 b=60 t=4 var_idx=9 tp=0.781195 y_true=0.346673 y_pred=0.346681 diff=0.000008 abs_err=0.000008
INFO | TOP_BEST | split=test epoch=60 rank=2/3 b=22 t=14 var_idx=1 tp=0.863466 y_true=0.363376 y_pred=0.363356 diff=-0.000020 abs_err=0.000020
INFO | TOP_BEST | split=test epoch=60 rank=3/3 b=20 t=11 var_idx=10 tp=0.836459 y_true=0.570592 y_pred=0.570569 diff=-0.000023 abs_err=0.000023
INFO | TOP_OK | split=test epoch=60 rank=1/3 b=0 t=0 var_idx=6 tp=0.750188 y_true=0.724202 y_pred=0.735959
INFO | TOP_OK | split=test epoch=60 rank=2/3 b=0 t=1 var_idx=9 tp=0.756939 y_true=0.764134 y_pred=0.744961
INFO | TOP_OK | split=test epoch=60 rank=3/3 b=0 t=1 var_idx=11 tp=0.756939 y_true=0.662485 y_pred=0.647009
INFO | TOP_ERR | split=test epoch=62 rank=1/10 b=47 t=28 var_idx=9 tp=0.978995 y_true=0.262216 y_pred=0.770247 diff=0.508032 abs_err=0.508032
INFO | TOP_ERR | split=test epoch=62 rank=2/10 b=47 t=24 var_idx=6 tp=0.945236 y_true=0.324231 y_pred=0.797546 diff=0.473315 abs_err=0.473315
INFO | TOP_ERR | split=test epoch=62 rank=3/10 b=7 t=7 var_idx=0 tp=0.804451 y_true=0.670168 y_pred=0.257747 diff=-0.412421 abs_err=0.412421
INFO | TOP_ERR | split=test epoch=62 rank=4/10 b=60 t=7 var_idx=9 tp=0.808202 y_true=0.720162 y_pred=0.355107 diff=-0.365054 abs_err=0.365054
INFO | TOP_ERR | split=test epoch=62 rank=5/10 b=28 t=17 var_idx=10 tp=0.917729 y_true=0.911302 y_pred=0.565418 diff=-0.345884 abs_err=0.345884
INFO | TOP_ERR | split=test epoch=62 rank=6/10 b=60 t=11 var_idx=9 tp=0.835209 y_true=0.692128 y_pred=0.355457 diff=-0.336671 abs_err=0.336671
INFO | TOP_ERR | split=test epoch=62 rank=7/10 b=32 t=23 var_idx=2 tp=0.931233 y_true=0.747928 y_pred=0.425934 diff=-0.321994 abs_err=0.321994
INFO | TOP_ERR | split=test epoch=62 rank=8/10 b=4 t=15 var_idx=10 tp=0.892223 y_true=0.791293 y_pred=0.471680 diff=-0.319613 abs_err=0.319613
INFO | TOP_ERR | split=test epoch=62 rank=9/10 b=3 t=23 var_idx=10 tp=0.925982 y_true=0.806160 y_pred=0.491069 diff=-0.315091 abs_err=0.315091
INFO | TOP_ERR | split=test epoch=62 rank=10/10 b=14 t=21 var_idx=2 tp=0.919480 y_true=0.669667 y_pred=0.357677 diff=-0.311990 abs_err=0.311990
INFO | TOP_BEST | split=test epoch=62 rank=1/3 b=23 t=13 var_idx=9 tp=0.870218 y_true=0.506398 y_pred=0.506410 diff=0.000011 abs_err=0.000011
INFO | TOP_BEST | split=test epoch=62 rank=2/3 b=38 t=26 var_idx=0 tp=0.971993 y_true=0.548363 y_pred=0.548346 diff=-0.000017 abs_err=0.000017
INFO | TOP_BEST | split=test epoch=62 rank=3/3 b=39 t=3 var_idx=7 tp=0.782696 y_true=0.384448 y_pred=0.384469 diff=0.000021 abs_err=0.000021
INFO | TOP_OK | split=test epoch=62 rank=1/3 b=0 t=0 var_idx=6 tp=0.750188 y_true=0.724202 y_pred=0.712158
INFO | TOP_OK | split=test epoch=62 rank=2/3 b=0 t=1 var_idx=9 tp=0.756939 y_true=0.764134 y_pred=0.748421
INFO | TOP_OK | split=test epoch=62 rank=3/3 b=0 t=1 var_idx=11 tp=0.756939 y_true=0.662485 y_pred=0.650354
INFO | TOP_ERR | split=test epoch=70 rank=1/10 b=47 t=28 var_idx=9 tp=0.978995 y_true=0.262216 y_pred=0.774237 diff=0.512021 abs_err=0.512021
INFO | TOP_ERR | split=test epoch=70 rank=2/10 b=47 t=24 var_idx=6 tp=0.945236 y_true=0.324231 y_pred=0.794717 diff=0.470486 abs_err=0.470486
INFO | TOP_ERR | split=test epoch=70 rank=3/10 b=7 t=7 var_idx=0 tp=0.804451 y_true=0.670168 y_pred=0.254432 diff=-0.415736 abs_err=0.415736
INFO | TOP_ERR | split=test epoch=70 rank=4/10 b=60 t=7 var_idx=9 tp=0.808202 y_true=0.720162 y_pred=0.349044 diff=-0.371117 abs_err=0.371117
INFO | TOP_ERR | split=test epoch=70 rank=5/10 b=28 t=17 var_idx=10 tp=0.917729 y_true=0.911302 y_pred=0.563871 diff=-0.347431 abs_err=0.347431
INFO | TOP_ERR | split=test epoch=70 rank=6/10 b=60 t=11 var_idx=9 tp=0.835209 y_true=0.692128 y_pred=0.349529 diff=-0.342598 abs_err=0.342598
INFO | TOP_ERR | split=test epoch=70 rank=7/10 b=3 t=23 var_idx=10 tp=0.925982 y_true=0.806160 y_pred=0.485241 diff=-0.320918 abs_err=0.320918
INFO | TOP_ERR | split=test epoch=70 rank=8/10 b=32 t=23 var_idx=2 tp=0.931233 y_true=0.747928 y_pred=0.427308 diff=-0.320620 abs_err=0.320620
INFO | TOP_ERR | split=test epoch=70 rank=9/10 b=14 t=21 var_idx=2 tp=0.919480 y_true=0.669667 y_pred=0.352089 diff=-0.317578 abs_err=0.317578
INFO | TOP_ERR | split=test epoch=70 rank=10/10 b=4 t=15 var_idx=10 tp=0.892223 y_true=0.791293 y_pred=0.474502 diff=-0.316790 abs_err=0.316790
INFO | TOP_BEST | split=test epoch=70 rank=1/3 b=22 t=22 var_idx=6 tp=0.924231 y_true=0.508805 y_pred=0.508805 diff=-0.000001 abs_err=0.000001
INFO | TOP_BEST | split=test epoch=70 rank=2/3 b=52 t=8 var_idx=5 tp=0.816954 y_true=0.566420 y_pred=0.566422 diff=0.000002 abs_err=0.000002
INFO | TOP_BEST | split=test epoch=70 rank=3/3 b=14 t=9 var_idx=8 tp=0.818205 y_true=0.626841 y_pred=0.626847 diff=0.000006 abs_err=0.000006
INFO | TOP_OK | split=test epoch=70 rank=1/3 b=0 t=0 var_idx=6 tp=0.750188 y_true=0.724202 y_pred=0.748406
INFO | TOP_OK | split=test epoch=70 rank=2/3 b=0 t=0 var_idx=7 tp=0.750188 y_true=0.552868 y_pred=0.548518
INFO | TOP_OK | split=test epoch=70 rank=3/3 b=0 t=1 var_idx=9 tp=0.756939 y_true=0.764134 y_pred=0.745367
INFO | TOP_ERR | split=test epoch=84 rank=1/10 b=47 t=28 var_idx=9 tp=0.978995 y_true=0.262216 y_pred=0.774250 diff=0.512034 abs_err=0.512034
INFO | TOP_ERR | split=test epoch=84 rank=2/10 b=47 t=24 var_idx=6 tp=0.945236 y_true=0.324231 y_pred=0.798079 diff=0.473848 abs_err=0.473848
INFO | TOP_ERR | split=test epoch=84 rank=3/10 b=7 t=7 var_idx=0 tp=0.804451 y_true=0.670168 y_pred=0.278042 diff=-0.392126 abs_err=0.392126
INFO | TOP_ERR | split=test epoch=84 rank=4/10 b=60 t=7 var_idx=9 tp=0.808202 y_true=0.720162 y_pred=0.336799 diff=-0.383362 abs_err=0.383362
INFO | TOP_ERR | split=test epoch=84 rank=5/10 b=28 t=17 var_idx=10 tp=0.917729 y_true=0.911302 y_pred=0.551376 diff=-0.359926 abs_err=0.359926
INFO | TOP_ERR | split=test epoch=84 rank=6/10 b=60 t=11 var_idx=9 tp=0.835209 y_true=0.692128 y_pred=0.337265 diff=-0.354863 abs_err=0.354863
INFO | TOP_ERR | split=test epoch=84 rank=7/10 b=3 t=23 var_idx=10 tp=0.925982 y_true=0.806160 y_pred=0.487423 diff=-0.318737 abs_err=0.318737
INFO | TOP_ERR | split=test epoch=84 rank=8/10 b=32 t=23 var_idx=2 tp=0.931233 y_true=0.747928 y_pred=0.431568 diff=-0.316360 abs_err=0.316360
INFO | TOP_ERR | split=test epoch=84 rank=9/10 b=4 t=15 var_idx=10 tp=0.892223 y_true=0.791293 y_pred=0.475470 diff=-0.315822 abs_err=0.315822
INFO | TOP_ERR | split=test epoch=84 rank=10/10 b=14 t=21 var_idx=2 tp=0.919480 y_true=0.669667 y_pred=0.354689 diff=-0.314979 abs_err=0.314979
INFO | TOP_BEST | split=test epoch=84 rank=1/3 b=10 t=5 var_idx=8 tp=0.790948 y_true=0.706302 y_pred=0.706307 diff=0.000005 abs_err=0.000005
INFO | TOP_BEST | split=test epoch=84 rank=2/3 b=35 t=2 var_idx=3 tp=0.769192 y_true=0.644792 y_pred=0.644779 diff=-0.000014 abs_err=0.000014
INFO | TOP_BEST | split=test epoch=84 rank=3/3 b=54 t=18 var_idx=10 tp=0.902726 y_true=0.539486 y_pred=0.539466 diff=-0.000020 abs_err=0.000020
INFO | TOP_OK | split=test epoch=84 rank=1/3 b=0 t=0 var_idx=6 tp=0.750188 y_true=0.724202 y_pred=0.717369
INFO | TOP_OK | split=test epoch=84 rank=2/3 b=0 t=0 var_idx=7 tp=0.750188 y_true=0.552868 y_pred=0.537363
INFO | TOP_OK | split=test epoch=84 rank=3/3 b=0 t=1 var_idx=9 tp=0.756939 y_true=0.764134 y_pred=0.761971
INFO | TOP_ERR | split=test epoch=91 rank=1/10 b=47 t=28 var_idx=9 tp=0.978995 y_true=0.262216 y_pred=0.769316 diff=0.507101 abs_err=0.507101
INFO | TOP_ERR | split=test epoch=91 rank=2/10 b=47 t=24 var_idx=6 tp=0.945236 y_true=0.324231 y_pred=0.801821 diff=0.477590 abs_err=0.477590
INFO | TOP_ERR | split=test epoch=91 rank=3/10 b=7 t=7 var_idx=0 tp=0.804451 y_true=0.670168 y_pred=0.284478 diff=-0.385690 abs_err=0.385690
INFO | TOP_ERR | split=test epoch=91 rank=4/10 b=28 t=17 var_idx=10 tp=0.917729 y_true=0.911302 y_pred=0.546382 diff=-0.364920 abs_err=0.364920
INFO | TOP_ERR | split=test epoch=91 rank=5/10 b=60 t=7 var_idx=9 tp=0.808202 y_true=0.720162 y_pred=0.356209 diff=-0.363953 abs_err=0.363953
INFO | TOP_ERR | split=test epoch=91 rank=6/10 b=60 t=11 var_idx=9 tp=0.835209 y_true=0.692128 y_pred=0.356324 diff=-0.335804 abs_err=0.335804
INFO | TOP_ERR | split=test epoch=91 rank=7/10 b=4 t=15 var_idx=10 tp=0.892223 y_true=0.791293 y_pred=0.466045 diff=-0.325248 abs_err=0.325248
INFO | TOP_ERR | split=test epoch=91 rank=8/10 b=14 t=21 var_idx=2 tp=0.919480 y_true=0.669667 y_pred=0.345911 diff=-0.323756 abs_err=0.323756
INFO | TOP_ERR | split=test epoch=91 rank=9/10 b=32 t=23 var_idx=2 tp=0.931233 y_true=0.747928 y_pred=0.429518 diff=-0.318410 abs_err=0.318410
INFO | TOP_ERR | split=test epoch=91 rank=10/10 b=3 t=23 var_idx=10 tp=0.925982 y_true=0.806160 y_pred=0.489656 diff=-0.316504 abs_err=0.316504
INFO | TOP_BEST | split=test epoch=91 rank=1/3 b=37 t=13 var_idx=2 tp=0.870468 y_true=0.480479 y_pred=0.480481 diff=0.000003 abs_err=0.000003
INFO | TOP_BEST | split=test epoch=91 rank=2/3 b=54 t=1 var_idx=6 tp=0.760690 y_true=0.705837 y_pred=0.705827 diff=-0.000010 abs_err=0.000010
INFO | TOP_BEST | split=test epoch=91 rank=3/3 b=51 t=23 var_idx=0 tp=0.938485 y_true=0.620111 y_pred=0.620121 diff=0.000011 abs_err=0.000011
INFO | TOP_OK | split=test epoch=91 rank=1/3 b=0 t=0 var_idx=7 tp=0.750188 y_true=0.552868 y_pred=0.546230
INFO | TOP_OK | split=test epoch=91 rank=2/3 b=0 t=1 var_idx=9 tp=0.756939 y_true=0.764134 y_pred=0.727770
INFO | TOP_OK | split=test epoch=91 rank=3/3 b=0 t=1 var_idx=11 tp=0.756939 y_true=0.662485 y_pred=0.659549
INFO | TOP_ERR | split=test epoch=0 rank=1/10 b=3 t=23 var_idx=9 tp=0.925982 y_true=0.039639 y_pred=0.505201 diff=0.465563 abs_err=0.465563
INFO | TOP_ERR | split=test epoch=0 rank=2/10 b=4 t=15 var_idx=9 tp=0.892223 y_true=0.038542 y_pred=0.472776 diff=0.434234 abs_err=0.434234
INFO | TOP_ERR | split=test epoch=0 rank=3/10 b=47 t=24 var_idx=6 tp=0.945236 y_true=0.324231 y_pred=0.750337 diff=0.426106 abs_err=0.426106
INFO | TOP_ERR | split=test epoch=0 rank=4/10 b=60 t=18 var_idx=9 tp=0.889222 y_true=0.073623 y_pred=0.481070 diff=0.407447 abs_err=0.407447
INFO | TOP_ERR | split=test epoch=0 rank=5/10 b=60 t=21 var_idx=9 tp=0.916229 y_true=0.076939 y_pred=0.481404 diff=0.404465 abs_err=0.404465
INFO | TOP_ERR | split=test epoch=0 rank=6/10 b=47 t=28 var_idx=9 tp=0.978995 y_true=0.262216 y_pred=0.647377 diff=0.385161 abs_err=0.385161
INFO | TOP_ERR | split=test epoch=0 rank=7/10 b=28 t=17 var_idx=10 tp=0.917729 y_true=0.911302 y_pred=0.559768 diff=-0.351535 abs_err=0.351535
INFO | TOP_ERR | split=test epoch=0 rank=8/10 b=3 t=23 var_idx=10 tp=0.925982 y_true=0.806160 y_pred=0.459813 diff=-0.346346 abs_err=0.346346
INFO | TOP_ERR | split=test epoch=0 rank=9/10 b=32 t=23 var_idx=2 tp=0.931233 y_true=0.747928 y_pred=0.416348 diff=-0.331580 abs_err=0.331580
INFO | TOP_ERR | split=test epoch=0 rank=10/10 b=4 t=15 var_idx=10 tp=0.892223 y_true=0.791293 y_pred=0.466688 diff=-0.324604 abs_err=0.324604
INFO | TOP_BEST | split=test epoch=0 rank=1/3 b=21 t=4 var_idx=2 tp=0.789197 y_true=0.457506 y_pred=0.457538 diff=0.000032 abs_err=0.000032
INFO | TOP_BEST | split=test epoch=0 rank=2/3 b=16 t=13 var_idx=7 tp=0.858715 y_true=0.622338 y_pred=0.622373 diff=0.000035 abs_err=0.000035
INFO | TOP_BEST | split=test epoch=0 rank=3/3 b=44 t=11 var_idx=10 tp=0.836959 y_true=0.446856 y_pred=0.446900 diff=0.000044 abs_err=0.000044
INFO | TOP_OK | split=test epoch=0 rank=1/3 b=0 t=1 var_idx=10 tp=0.756939 y_true=0.479089 y_pred=0.480934
INFO | TOP_OK | split=test epoch=0 rank=2/3 b=0 t=1 var_idx=11 tp=0.756939 y_true=0.662485 y_pred=0.670345
INFO | TOP_OK | split=test epoch=0 rank=3/3 b=0 t=5 var_idx=5 tp=0.790698 y_true=0.580565 y_pred=0.573142
INFO | TOP_ERR | split=test epoch=1 rank=1/10 b=47 t=28 var_idx=9 tp=0.978995 y_true=0.262216 y_pred=0.763352 diff=0.501137 abs_err=0.501137
INFO | TOP_ERR | split=test epoch=1 rank=2/10 b=47 t=24 var_idx=6 tp=0.945236 y_true=0.324231 y_pred=0.758461 diff=0.434230 abs_err=0.434230
INFO | TOP_ERR | split=test epoch=1 rank=3/10 b=60 t=7 var_idx=9 tp=0.808202 y_true=0.720162 y_pred=0.332739 diff=-0.387423 abs_err=0.387423
INFO | TOP_ERR | split=test epoch=1 rank=4/10 b=7 t=7 var_idx=0 tp=0.804451 y_true=0.670168 y_pred=0.289325 diff=-0.380843 abs_err=0.380843
INFO | TOP_ERR | split=test epoch=1 rank=5/10 b=9 t=23 var_idx=9 tp=0.939735 y_true=0.743767 y_pred=0.365718 diff=-0.378049 abs_err=0.378049
INFO | TOP_ERR | split=test epoch=1 rank=6/10 b=9 t=19 var_idx=9 tp=0.912728 y_true=0.739735 y_pred=0.365383 diff=-0.374351 abs_err=0.374351
INFO | TOP_ERR | split=test epoch=1 rank=7/10 b=60 t=11 var_idx=9 tp=0.835209 y_true=0.692128 y_pred=0.333146 diff=-0.358982 abs_err=0.358982
INFO | TOP_ERR | split=test epoch=1 rank=8/10 b=3 t=23 var_idx=10 tp=0.925982 y_true=0.806160 y_pred=0.474862 diff=-0.331298 abs_err=0.331298
INFO | TOP_ERR | split=test epoch=1 rank=9/10 b=32 t=23 var_idx=2 tp=0.931233 y_true=0.747928 y_pred=0.421505 diff=-0.326423 abs_err=0.326423
INFO | TOP_ERR | split=test epoch=1 rank=10/10 b=28 t=17 var_idx=10 tp=0.917729 y_true=0.911302 y_pred=0.586200 diff=-0.325102 abs_err=0.325102
INFO | TOP_BEST | split=test epoch=1 rank=1/3 b=38 t=26 var_idx=0 tp=0.971993 y_true=0.548363 y_pred=0.548360 diff=-0.000004 abs_err=0.000004
INFO | TOP_BEST | split=test epoch=1 rank=2/3 b=18 t=18 var_idx=2 tp=0.892473 y_true=0.484940 y_pred=0.484936 diff=-0.000004 abs_err=0.000004
INFO | TOP_BEST | split=test epoch=1 rank=3/3 b=54 t=18 var_idx=10 tp=0.902726 y_true=0.539486 y_pred=0.539472 diff=-0.000014 abs_err=0.000014
INFO | TOP_OK | split=test epoch=1 rank=1/3 b=0 t=1 var_idx=9 tp=0.756939 y_true=0.764134 y_pred=0.740176
INFO | TOP_OK | split=test epoch=1 rank=2/3 b=0 t=1 var_idx=11 tp=0.756939 y_true=0.662485 y_pred=0.646704
INFO | TOP_OK | split=test epoch=1 rank=3/3 b=0 t=2 var_idx=3 tp=0.763691 y_true=0.755550 y_pred=0.729860
INFO | TOP_ERR | split=test epoch=2 rank=1/10 b=47 t=28 var_idx=9 tp=0.978995 y_true=0.262216 y_pred=0.794774 diff=0.532558 abs_err=0.532558
INFO | TOP_ERR | split=test epoch=2 rank=2/10 b=47 t=24 var_idx=6 tp=0.945236 y_true=0.324231 y_pred=0.802305 diff=0.478074 abs_err=0.478074
INFO | TOP_ERR | split=test epoch=2 rank=3/10 b=60 t=7 var_idx=9 tp=0.808202 y_true=0.720162 y_pred=0.337370 diff=-0.382791 abs_err=0.382791
INFO | TOP_ERR | split=test epoch=2 rank=4/10 b=9 t=23 var_idx=9 tp=0.939735 y_true=0.743767 y_pred=0.376037 diff=-0.367731 abs_err=0.367731
INFO | TOP_ERR | split=test epoch=2 rank=5/10 b=9 t=19 var_idx=9 tp=0.912728 y_true=0.739735 y_pred=0.375685 diff=-0.364050 abs_err=0.364050
INFO | TOP_ERR | split=test epoch=2 rank=6/10 b=7 t=7 var_idx=0 tp=0.804451 y_true=0.670168 y_pred=0.309521 diff=-0.360647 abs_err=0.360647
INFO | TOP_ERR | split=test epoch=2 rank=7/10 b=60 t=11 var_idx=9 tp=0.835209 y_true=0.692128 y_pred=0.337815 diff=-0.354313 abs_err=0.354313
INFO | TOP_ERR | split=test epoch=2 rank=8/10 b=3 t=23 var_idx=9 tp=0.925982 y_true=0.039639 y_pred=0.363567 diff=0.323928 abs_err=0.323928
INFO | TOP_ERR | split=test epoch=2 rank=9/10 b=28 t=17 var_idx=10 tp=0.917729 y_true=0.911302 y_pred=0.598831 diff=-0.312471 abs_err=0.312471
INFO | TOP_ERR | split=test epoch=2 rank=10/10 b=3 t=23 var_idx=10 tp=0.925982 y_true=0.806160 y_pred=0.497328 diff=-0.308832 abs_err=0.308832
INFO | TOP_BEST | split=test epoch=2 rank=1/3 b=18 t=26 var_idx=7 tp=0.953488 y_true=0.644677 y_pred=0.644678 diff=0.000001 abs_err=0.000001
INFO | TOP_BEST | split=test epoch=2 rank=2/3 b=23 t=28 var_idx=1 tp=0.991998 y_true=0.384832 y_pred=0.384828 diff=-0.000004 abs_err=0.000004
INFO | TOP_BEST | split=test epoch=2 rank=3/3 b=37 t=22 var_idx=4 tp=0.944986 y_true=0.456427 y_pred=0.456432 diff=0.000005 abs_err=0.000005
INFO | TOP_OK | split=test epoch=2 rank=1/3 b=0 t=0 var_idx=6 tp=0.750188 y_true=0.724202 y_pred=0.707833
INFO | TOP_OK | split=test epoch=2 rank=2/3 b=0 t=0 var_idx=7 tp=0.750188 y_true=0.552868 y_pred=0.576912
INFO | TOP_OK | split=test epoch=2 rank=3/3 b=0 t=1 var_idx=9 tp=0.756939 y_true=0.764134 y_pred=0.750245
INFO | TOP_ERR | split=test epoch=3 rank=1/10 b=47 t=28 var_idx=9 tp=0.978995 y_true=0.262216 y_pred=0.771613 diff=0.509398 abs_err=0.509398
INFO | TOP_ERR | split=test epoch=3 rank=2/10 b=47 t=24 var_idx=6 tp=0.945236 y_true=0.324231 y_pred=0.795176 diff=0.470945 abs_err=0.470945
INFO | TOP_ERR | split=test epoch=3 rank=3/10 b=60 t=7 var_idx=9 tp=0.808202 y_true=0.720162 y_pred=0.340117 diff=-0.380044 abs_err=0.380044
INFO | TOP_ERR | split=test epoch=3 rank=4/10 b=7 t=7 var_idx=0 tp=0.804451 y_true=0.670168 y_pred=0.301241 diff=-0.368927 abs_err=0.368927
INFO | TOP_ERR | split=test epoch=3 rank=5/10 b=9 t=23 var_idx=9 tp=0.939735 y_true=0.743767 y_pred=0.388656 diff=-0.355111 abs_err=0.355111
INFO | TOP_ERR | split=test epoch=3 rank=6/10 b=60 t=11 var_idx=9 tp=0.835209 y_true=0.692128 y_pred=0.340577 diff=-0.351551 abs_err=0.351551
INFO | TOP_ERR | split=test epoch=3 rank=7/10 b=9 t=19 var_idx=9 tp=0.912728 y_true=0.739735 y_pred=0.388299 diff=-0.351435 abs_err=0.351435
INFO | TOP_ERR | split=test epoch=3 rank=8/10 b=28 t=17 var_idx=10 tp=0.917729 y_true=0.911302 y_pred=0.581722 diff=-0.329580 abs_err=0.329580
INFO | TOP_ERR | split=test epoch=3 rank=9/10 b=4 t=15 var_idx=10 tp=0.892223 y_true=0.791293 y_pred=0.463295 diff=-0.327997 abs_err=0.327997
INFO | TOP_ERR | split=test epoch=3 rank=10/10 b=3 t=23 var_idx=10 tp=0.925982 y_true=0.806160 y_pred=0.483379 diff=-0.322781 abs_err=0.322781
INFO | TOP_BEST | split=test epoch=3 rank=1/3 b=26 t=21 var_idx=1 tp=0.917729 y_true=0.451861 y_pred=0.451860 diff=-0.000002 abs_err=0.000002
INFO | TOP_BEST | split=test epoch=3 rank=2/3 b=17 t=4 var_idx=9 tp=0.777694 y_true=0.509679 y_pred=0.509681 diff=0.000002 abs_err=0.000002
INFO | TOP_BEST | split=test epoch=3 rank=3/3 b=35 t=20 var_idx=10 tp=0.924731 y_true=0.415066 y_pred=0.415071 diff=0.000005 abs_err=0.000005
INFO | TOP_OK | split=test epoch=3 rank=1/3 b=0 t=0 var_idx=7 tp=0.750188 y_true=0.552868 y_pred=0.548923
INFO | TOP_OK | split=test epoch=3 rank=2/3 b=0 t=1 var_idx=9 tp=0.756939 y_true=0.764134 y_pred=0.726012
INFO | TOP_OK | split=test epoch=3 rank=3/3 b=0 t=1 var_idx=11 tp=0.756939 y_true=0.662485 y_pred=0.639023
INFO | TOP_ERR | split=test epoch=8 rank=1/10 b=47 t=28 var_idx=9 tp=0.978995 y_true=0.262216 y_pred=0.780414 diff=0.518199 abs_err=0.518199
INFO | TOP_ERR | split=test epoch=8 rank=2/10 b=47 t=24 var_idx=6 tp=0.945236 y_true=0.324231 y_pred=0.842098 diff=0.517867 abs_err=0.517867
INFO | TOP_ERR | split=test epoch=8 rank=3/10 b=7 t=7 var_idx=0 tp=0.804451 y_true=0.670168 y_pred=0.257495 diff=-0.412673 abs_err=0.412673
INFO | TOP_ERR | split=test epoch=8 rank=4/10 b=60 t=7 var_idx=9 tp=0.808202 y_true=0.720162 y_pred=0.331875 diff=-0.388286 abs_err=0.388286
INFO | TOP_ERR | split=test epoch=8 rank=5/10 b=60 t=11 var_idx=9 tp=0.835209 y_true=0.692128 y_pred=0.332329 diff=-0.359799 abs_err=0.359799
INFO | TOP_ERR | split=test epoch=8 rank=6/10 b=9 t=23 var_idx=9 tp=0.939735 y_true=0.743767 y_pred=0.391982 diff=-0.351786 abs_err=0.351786
INFO | TOP_ERR | split=test epoch=8 rank=7/10 b=9 t=19 var_idx=9 tp=0.912728 y_true=0.739735 y_pred=0.391619 diff=-0.348116 abs_err=0.348116
INFO | TOP_ERR | split=test epoch=8 rank=8/10 b=14 t=21 var_idx=2 tp=0.919480 y_true=0.669667 y_pred=0.330984 diff=-0.338684 abs_err=0.338684
INFO | TOP_ERR | split=test epoch=8 rank=9/10 b=4 t=15 var_idx=10 tp=0.892223 y_true=0.791293 y_pred=0.453572 diff=-0.337721 abs_err=0.337721
INFO | TOP_ERR | split=test epoch=8 rank=10/10 b=28 t=17 var_idx=10 tp=0.917729 y_true=0.911302 y_pred=0.582196 diff=-0.329107 abs_err=0.329107
INFO | TOP_BEST | split=test epoch=8 rank=1/3 b=42 t=17 var_idx=2 tp=0.890973 y_true=0.500398 y_pred=0.500398 diff=0.000000 abs_err=0.000000
INFO | TOP_BEST | split=test epoch=8 rank=2/3 b=20 t=6 var_idx=0 tp=0.795949 y_true=0.403117 y_pred=0.403116 diff=-0.000001 abs_err=0.000001
INFO | TOP_BEST | split=test epoch=8 rank=3/3 b=5 t=4 var_idx=7 tp=0.797699 y_true=0.477911 y_pred=0.477887 diff=-0.000024 abs_err=0.000024
INFO | TOP_OK | split=test epoch=8 rank=1/3 b=0 t=1 var_idx=9 tp=0.756939 y_true=0.764134 y_pred=0.745720
INFO | TOP_OK | split=test epoch=8 rank=2/3 b=0 t=1 var_idx=11 tp=0.756939 y_true=0.662485 y_pred=0.652185
INFO | TOP_OK | split=test epoch=8 rank=3/3 b=0 t=2 var_idx=5 tp=0.763691 y_true=0.608434 y_pred=0.623611
INFO | TOP_ERR | split=test epoch=9 rank=1/10 b=47 t=28 var_idx=9 tp=0.978995 y_true=0.262216 y_pred=0.784951 diff=0.522735 abs_err=0.522735
INFO | TOP_ERR | split=test epoch=9 rank=2/10 b=47 t=24 var_idx=6 tp=0.945236 y_true=0.324231 y_pred=0.833310 diff=0.509079 abs_err=0.509079
INFO | TOP_ERR | split=test epoch=9 rank=3/10 b=7 t=7 var_idx=0 tp=0.804451 y_true=0.670168 y_pred=0.275916 diff=-0.394252 abs_err=0.394252
INFO | TOP_ERR | split=test epoch=9 rank=4/10 b=60 t=7 var_idx=9 tp=0.808202 y_true=0.720162 y_pred=0.347475 diff=-0.372686 abs_err=0.372686
INFO | TOP_ERR | split=test epoch=9 rank=5/10 b=60 t=11 var_idx=9 tp=0.835209 y_true=0.692128 y_pred=0.347931 diff=-0.344197 abs_err=0.344197
INFO | TOP_ERR | split=test epoch=9 rank=6/10 b=9 t=23 var_idx=9 tp=0.939735 y_true=0.743767 y_pred=0.401365 diff=-0.342402 abs_err=0.342402
INFO | TOP_ERR | split=test epoch=9 rank=7/10 b=9 t=19 var_idx=9 tp=0.912728 y_true=0.739735 y_pred=0.400998 diff=-0.338737 abs_err=0.338737
INFO | TOP_ERR | split=test epoch=9 rank=8/10 b=4 t=15 var_idx=10 tp=0.892223 y_true=0.791293 y_pred=0.455052 diff=-0.336241 abs_err=0.336241
INFO | TOP_ERR | split=test epoch=9 rank=9/10 b=14 t=21 var_idx=2 tp=0.919480 y_true=0.669667 y_pred=0.340919 diff=-0.328748 abs_err=0.328748
INFO | TOP_ERR | split=test epoch=9 rank=10/10 b=28 t=17 var_idx=10 tp=0.917729 y_true=0.911302 y_pred=0.583328 diff=-0.327974 abs_err=0.327974
INFO | TOP_BEST | split=test epoch=9 rank=1/3 b=37 t=29 var_idx=4 tp=0.999000 y_true=0.454531 y_pred=0.454547 diff=0.000017 abs_err=0.000017
INFO | TOP_BEST | split=test epoch=9 rank=2/3 b=33 t=0 var_idx=3 tp=0.755689 y_true=0.591773 y_pred=0.591754 diff=-0.000019 abs_err=0.000019
INFO | TOP_BEST | split=test epoch=9 rank=3/3 b=19 t=4 var_idx=2 tp=0.775694 y_true=0.467027 y_pred=0.467048 diff=0.000021 abs_err=0.000021
INFO | TOP_OK | split=test epoch=9 rank=1/3 b=0 t=1 var_idx=9 tp=0.756939 y_true=0.764134 y_pred=0.756267
INFO | TOP_OK | split=test epoch=9 rank=2/3 b=0 t=1 var_idx=11 tp=0.756939 y_true=0.662485 y_pred=0.656531
INFO | TOP_OK | split=test epoch=9 rank=3/3 b=0 t=2 var_idx=5 tp=0.763691 y_true=0.608434 y_pred=0.616986
INFO | TOP_ERR | split=test epoch=12 rank=1/10 b=47 t=28 var_idx=9 tp=0.978995 y_true=0.262216 y_pred=0.784112 diff=0.521897 abs_err=0.521897
INFO | TOP_ERR | split=test epoch=12 rank=2/10 b=47 t=24 var_idx=6 tp=0.945236 y_true=0.324231 y_pred=0.830810 diff=0.506579 abs_err=0.506579
INFO | TOP_ERR | split=test epoch=12 rank=3/10 b=7 t=7 var_idx=0 tp=0.804451 y_true=0.670168 y_pred=0.253696 diff=-0.416472 abs_err=0.416472
INFO | TOP_ERR | split=test epoch=12 rank=4/10 b=60 t=7 var_idx=9 tp=0.808202 y_true=0.720162 y_pred=0.334572 diff=-0.385589 abs_err=0.385589
INFO | TOP_ERR | split=test epoch=12 rank=5/10 b=60 t=11 var_idx=9 tp=0.835209 y_true=0.692128 y_pred=0.335032 diff=-0.357096 abs_err=0.357096
INFO | TOP_ERR | split=test epoch=12 rank=6/10 b=9 t=23 var_idx=9 tp=0.939735 y_true=0.743767 y_pred=0.394282 diff=-0.349486 abs_err=0.349486
INFO | TOP_ERR | split=test epoch=12 rank=7/10 b=9 t=19 var_idx=9 tp=0.912728 y_true=0.739735 y_pred=0.393911 diff=-0.345824 abs_err=0.345824
INFO | TOP_ERR | split=test epoch=12 rank=8/10 b=4 t=15 var_idx=10 tp=0.892223 y_true=0.791293 y_pred=0.448105 diff=-0.343187 abs_err=0.343187
INFO | TOP_ERR | split=test epoch=12 rank=9/10 b=14 t=21 var_idx=2 tp=0.919480 y_true=0.669667 y_pred=0.336060 diff=-0.333607 abs_err=0.333607
INFO | TOP_ERR | split=test epoch=12 rank=10/10 b=28 t=17 var_idx=10 tp=0.917729 y_true=0.911302 y_pred=0.581186 diff=-0.330116 abs_err=0.330116
INFO | TOP_BEST | split=test epoch=12 rank=1/3 b=50 t=2 var_idx=3 tp=0.776194 y_true=0.647968 y_pred=0.647970 diff=0.000003 abs_err=0.000003
INFO | TOP_BEST | split=test epoch=12 rank=2/3 b=3 t=26 var_idx=11 tp=0.952988 y_true=0.642775 y_pred=0.642778 diff=0.000003 abs_err=0.000003
INFO | TOP_BEST | split=test epoch=12 rank=3/3 b=1 t=7 var_idx=4 tp=0.811203 y_true=0.497189 y_pred=0.497185 diff=-0.000004 abs_err=0.000004
INFO | TOP_OK | split=test epoch=12 rank=1/3 b=0 t=1 var_idx=9 tp=0.756939 y_true=0.764134 y_pred=0.755018
INFO | TOP_OK | split=test epoch=12 rank=2/3 b=0 t=1 var_idx=11 tp=0.756939 y_true=0.662485 y_pred=0.639381
INFO | TOP_OK | split=test epoch=12 rank=3/3 b=0 t=2 var_idx=5 tp=0.763691 y_true=0.608434 y_pred=0.616228
INFO | TOP_ERR | split=test epoch=15 rank=1/10 b=47 t=28 var_idx=9 tp=0.978995 y_true=0.262216 y_pred=0.767542 diff=0.505327 abs_err=0.505327
INFO | TOP_ERR | split=test epoch=15 rank=2/10 b=47 t=24 var_idx=6 tp=0.945236 y_true=0.324231 y_pred=0.815336 diff=0.491105 abs_err=0.491105
INFO | TOP_ERR | split=test epoch=15 rank=3/10 b=7 t=7 var_idx=0 tp=0.804451 y_true=0.670168 y_pred=0.248778 diff=-0.421390 abs_err=0.421390
INFO | TOP_ERR | split=test epoch=15 rank=4/10 b=60 t=7 var_idx=9 tp=0.808202 y_true=0.720162 y_pred=0.339625 diff=-0.380537 abs_err=0.380537
INFO | TOP_ERR | split=test epoch=15 rank=5/10 b=60 t=11 var_idx=9 tp=0.835209 y_true=0.692128 y_pred=0.340047 diff=-0.352081 abs_err=0.352081
INFO | TOP_ERR | split=test epoch=15 rank=6/10 b=9 t=23 var_idx=9 tp=0.939735 y_true=0.743767 y_pred=0.399098 diff=-0.344669 abs_err=0.344669
INFO | TOP_ERR | split=test epoch=15 rank=7/10 b=4 t=15 var_idx=10 tp=0.892223 y_true=0.791293 y_pred=0.447668 diff=-0.343625 abs_err=0.343625
INFO | TOP_ERR | split=test epoch=15 rank=8/10 b=9 t=19 var_idx=9 tp=0.912728 y_true=0.739735 y_pred=0.398727 diff=-0.341007 abs_err=0.341007
INFO | TOP_ERR | split=test epoch=15 rank=9/10 b=28 t=17 var_idx=10 tp=0.917729 y_true=0.911302 y_pred=0.575594 diff=-0.335708 abs_err=0.335708
INFO | TOP_ERR | split=test epoch=15 rank=10/10 b=14 t=21 var_idx=2 tp=0.919480 y_true=0.669667 y_pred=0.343749 diff=-0.325919 abs_err=0.325919
INFO | TOP_BEST | split=test epoch=15 rank=1/3 b=5 t=24 var_idx=5 tp=0.973493 y_true=0.558300 y_pred=0.558302 diff=0.000002 abs_err=0.000002
INFO | TOP_BEST | split=test epoch=15 rank=2/3 b=39 t=19 var_idx=1 tp=0.911228 y_true=0.377445 y_pred=0.377440 diff=-0.000005 abs_err=0.000005
INFO | TOP_BEST | split=test epoch=15 rank=3/3 b=56 t=2 var_idx=0 tp=0.767442 y_true=0.622274 y_pred=0.622288 diff=0.000014 abs_err=0.000014
INFO | TOP_OK | split=test epoch=15 rank=1/3 b=0 t=1 var_idx=9 tp=0.756939 y_true=0.764134 y_pred=0.744547
INFO | TOP_OK | split=test epoch=15 rank=2/3 b=0 t=1 var_idx=11 tp=0.756939 y_true=0.662485 y_pred=0.642278
INFO | TOP_OK | split=test epoch=15 rank=3/3 b=0 t=2 var_idx=5 tp=0.763691 y_true=0.608434 y_pred=0.607444
INFO | TOP_ERR | split=test epoch=18 rank=1/10 b=47 t=28 var_idx=9 tp=0.978995 y_true=0.262216 y_pred=0.766677 diff=0.504461 abs_err=0.504461
INFO | TOP_ERR | split=test epoch=18 rank=2/10 b=47 t=24 var_idx=6 tp=0.945236 y_true=0.324231 y_pred=0.814605 diff=0.490374 abs_err=0.490374
INFO | TOP_ERR | split=test epoch=18 rank=3/10 b=7 t=7 var_idx=0 tp=0.804451 y_true=0.670168 y_pred=0.239093 diff=-0.431075 abs_err=0.431075
INFO | TOP_ERR | split=test epoch=18 rank=4/10 b=60 t=7 var_idx=9 tp=0.808202 y_true=0.720162 y_pred=0.329014 diff=-0.391147 abs_err=0.391147
INFO | TOP_ERR | split=test epoch=18 rank=5/10 b=60 t=11 var_idx=9 tp=0.835209 y_true=0.692128 y_pred=0.329401 diff=-0.362726 abs_err=0.362726
INFO | TOP_ERR | split=test epoch=18 rank=6/10 b=9 t=23 var_idx=9 tp=0.939735 y_true=0.743767 y_pred=0.399607 diff=-0.344160 abs_err=0.344160
INFO | TOP_ERR | split=test epoch=18 rank=7/10 b=4 t=15 var_idx=10 tp=0.892223 y_true=0.791293 y_pred=0.449881 diff=-0.341412 abs_err=0.341412
INFO | TOP_ERR | split=test epoch=18 rank=8/10 b=9 t=19 var_idx=9 tp=0.912728 y_true=0.739735 y_pred=0.399243 diff=-0.340492 abs_err=0.340492
INFO | TOP_ERR | split=test epoch=18 rank=9/10 b=28 t=17 var_idx=10 tp=0.917729 y_true=0.911302 y_pred=0.578805 diff=-0.332497 abs_err=0.332497
INFO | TOP_ERR | split=test epoch=18 rank=10/10 b=14 t=21 var_idx=2 tp=0.919480 y_true=0.669667 y_pred=0.339228 diff=-0.330439 abs_err=0.330439
INFO | TOP_BEST | split=test epoch=18 rank=1/3 b=46 t=0 var_idx=0 tp=0.755939 y_true=0.531509 y_pred=0.531507 diff=-0.000001 abs_err=0.000001
INFO | TOP_BEST | split=test epoch=18 rank=2/3 b=7 t=0 var_idx=0 tp=0.750438 y_true=0.237202 y_pred=0.237188 diff=-0.000014 abs_err=0.000014
INFO | TOP_BEST | split=test epoch=18 rank=3/3 b=25 t=23 var_idx=6 tp=0.931233 y_true=0.522365 y_pred=0.522380 diff=0.000015 abs_err=0.000015
INFO | TOP_OK | split=test epoch=18 rank=1/3 b=0 t=0 var_idx=6 tp=0.750188 y_true=0.724202 y_pred=0.705763
INFO | TOP_OK | split=test epoch=18 rank=2/3 b=0 t=0 var_idx=8 tp=0.750188 y_true=0.753995 y_pred=0.719625
INFO | TOP_OK | split=test epoch=18 rank=3/3 b=0 t=1 var_idx=9 tp=0.756939 y_true=0.764134 y_pred=0.728706
INFO | TOP_ERR | split=test epoch=19 rank=1/10 b=47 t=28 var_idx=9 tp=0.978995 y_true=0.262216 y_pred=0.763650 diff=0.501434 abs_err=0.501434
INFO | TOP_ERR | split=test epoch=19 rank=2/10 b=47 t=24 var_idx=6 tp=0.945236 y_true=0.324231 y_pred=0.799613 diff=0.475382 abs_err=0.475382
INFO | TOP_ERR | split=test epoch=19 rank=3/10 b=7 t=7 var_idx=0 tp=0.804451 y_true=0.670168 y_pred=0.248815 diff=-0.421353 abs_err=0.421353
INFO | TOP_ERR | split=test epoch=19 rank=4/10 b=60 t=7 var_idx=9 tp=0.808202 y_true=0.720162 y_pred=0.333828 diff=-0.386334 abs_err=0.386334
INFO | TOP_ERR | split=test epoch=19 rank=5/10 b=60 t=11 var_idx=9 tp=0.835209 y_true=0.692128 y_pred=0.334290 diff=-0.357838 abs_err=0.357838
INFO | TOP_ERR | split=test epoch=19 rank=6/10 b=28 t=17 var_idx=10 tp=0.917729 y_true=0.911302 y_pred=0.567255 diff=-0.344047 abs_err=0.344047
INFO | TOP_ERR | split=test epoch=19 rank=7/10 b=9 t=23 var_idx=9 tp=0.939735 y_true=0.743767 y_pred=0.401369 diff=-0.342399 abs_err=0.342399
INFO | TOP_ERR | split=test epoch=19 rank=8/10 b=9 t=19 var_idx=9 tp=0.912728 y_true=0.739735 y_pred=0.401005 diff=-0.338729 abs_err=0.338729
INFO | TOP_ERR | split=test epoch=19 rank=9/10 b=4 t=15 var_idx=10 tp=0.892223 y_true=0.791293 y_pred=0.457688 diff=-0.333605 abs_err=0.333605
INFO | TOP_ERR | split=test epoch=19 rank=10/10 b=32 t=23 var_idx=2 tp=0.931233 y_true=0.747928 y_pred=0.417966 diff=-0.329962 abs_err=0.329962
INFO | TOP_BEST | split=test epoch=19 rank=1/3 b=37 t=17 var_idx=6 tp=0.904476 y_true=0.788634 y_pred=0.788643 diff=0.000009 abs_err=0.000009
INFO | TOP_BEST | split=test epoch=19 rank=2/3 b=42 t=14 var_idx=0 tp=0.863966 y_true=0.535082 y_pred=0.535066 diff=-0.000015 abs_err=0.000015
INFO | TOP_BEST | split=test epoch=19 rank=3/3 b=14 t=3 var_idx=11 tp=0.770943 y_true=0.535075 y_pred=0.535092 diff=0.000017 abs_err=0.000017
INFO | TOP_OK | split=test epoch=19 rank=1/3 b=0 t=0 var_idx=6 tp=0.750188 y_true=0.724202 y_pred=0.690472
INFO | TOP_OK | split=test epoch=19 rank=2/3 b=0 t=2 var_idx=5 tp=0.763691 y_true=0.608434 y_pred=0.604890
INFO | TOP_OK | split=test epoch=19 rank=3/3 b=0 t=3 var_idx=0 tp=0.770443 y_true=0.669886 y_pred=0.656189
INFO | TOP_ERR | split=test epoch=26 rank=1/10 b=47 t=28 var_idx=9 tp=0.978995 y_true=0.262216 y_pred=0.762247 diff=0.500032 abs_err=0.500032
INFO | TOP_ERR | split=test epoch=26 rank=2/10 b=47 t=24 var_idx=6 tp=0.945236 y_true=0.324231 y_pred=0.800727 diff=0.476496 abs_err=0.476496
INFO | TOP_ERR | split=test epoch=26 rank=3/10 b=7 t=7 var_idx=0 tp=0.804451 y_true=0.670168 y_pred=0.260825 diff=-0.409343 abs_err=0.409343
INFO | TOP_ERR | split=test epoch=26 rank=4/10 b=60 t=7 var_idx=9 tp=0.808202 y_true=0.720162 y_pred=0.337344 diff=-0.382817 abs_err=0.382817
INFO | TOP_ERR | split=test epoch=26 rank=5/10 b=60 t=11 var_idx=9 tp=0.835209 y_true=0.692128 y_pred=0.337760 diff=-0.354368 abs_err=0.354368
INFO | TOP_ERR | split=test epoch=26 rank=6/10 b=28 t=17 var_idx=10 tp=0.917729 y_true=0.911302 y_pred=0.580400 diff=-0.330902 abs_err=0.330902
INFO | TOP_ERR | split=test epoch=26 rank=7/10 b=4 t=15 var_idx=10 tp=0.892223 y_true=0.791293 y_pred=0.465683 diff=-0.325609 abs_err=0.325609
INFO | TOP_ERR | split=test epoch=26 rank=8/10 b=32 t=23 var_idx=2 tp=0.931233 y_true=0.747928 y_pred=0.422725 diff=-0.325204 abs_err=0.325204
INFO | TOP_ERR | split=test epoch=26 rank=9/10 b=9 t=23 var_idx=9 tp=0.939735 y_true=0.743767 y_pred=0.419135 diff=-0.324632 abs_err=0.324632
INFO | TOP_ERR | split=test epoch=26 rank=10/10 b=9 t=19 var_idx=9 tp=0.912728 y_true=0.739735 y_pred=0.418756 diff=-0.320978 abs_err=0.320978
INFO | TOP_BEST | split=test epoch=26 rank=1/3 b=44 t=15 var_idx=5 tp=0.870718 y_true=0.578106 y_pred=0.578103 diff=-0.000003 abs_err=0.000003
INFO | TOP_BEST | split=test epoch=26 rank=2/3 b=16 t=4 var_idx=11 tp=0.784446 y_true=0.556813 y_pred=0.556817 diff=0.000004 abs_err=0.000004
INFO | TOP_BEST | split=test epoch=26 rank=3/3 b=35 t=26 var_idx=10 tp=0.978745 y_true=0.416487 y_pred=0.416474 diff=-0.000013 abs_err=0.000013
INFO | TOP_OK | split=test epoch=26 rank=1/3 b=0 t=0 var_idx=6 tp=0.750188 y_true=0.724202 y_pred=0.695074
INFO | TOP_OK | split=test epoch=26 rank=2/3 b=0 t=1 var_idx=11 tp=0.756939 y_true=0.662485 y_pred=0.632688
INFO | TOP_OK | split=test epoch=26 rank=3/3 b=0 t=2 var_idx=5 tp=0.763691 y_true=0.608434 y_pred=0.608665
INFO | TOP_ERR | split=test epoch=30 rank=1/10 b=47 t=28 var_idx=9 tp=0.978995 y_true=0.262216 y_pred=0.760414 diff=0.498199 abs_err=0.498199
INFO | TOP_ERR | split=test epoch=30 rank=2/10 b=47 t=24 var_idx=6 tp=0.945236 y_true=0.324231 y_pred=0.796215 diff=0.471984 abs_err=0.471984
INFO | TOP_ERR | split=test epoch=30 rank=3/10 b=7 t=7 var_idx=0 tp=0.804451 y_true=0.670168 y_pred=0.255787 diff=-0.414381 abs_err=0.414381
INFO | TOP_ERR | split=test epoch=30 rank=4/10 b=60 t=7 var_idx=9 tp=0.808202 y_true=0.720162 y_pred=0.329626 diff=-0.390536 abs_err=0.390536
INFO | TOP_ERR | split=test epoch=30 rank=5/10 b=60 t=11 var_idx=9 tp=0.835209 y_true=0.692128 y_pred=0.330409 diff=-0.361719 abs_err=0.361719
INFO | TOP_ERR | split=test epoch=30 rank=6/10 b=28 t=17 var_idx=10 tp=0.917729 y_true=0.911302 y_pred=0.571251 diff=-0.340051 abs_err=0.340051
INFO | TOP_ERR | split=test epoch=30 rank=7/10 b=4 t=15 var_idx=10 tp=0.892223 y_true=0.791293 y_pred=0.452427 diff=-0.338866 abs_err=0.338866
INFO | TOP_ERR | split=test epoch=30 rank=8/10 b=32 t=23 var_idx=2 tp=0.931233 y_true=0.747928 y_pred=0.417954 diff=-0.329974 abs_err=0.329974
INFO | TOP_ERR | split=test epoch=30 rank=9/10 b=14 t=21 var_idx=2 tp=0.919480 y_true=0.669667 y_pred=0.340050 diff=-0.329617 abs_err=0.329617
INFO | TOP_ERR | split=test epoch=30 rank=10/10 b=9 t=23 var_idx=9 tp=0.939735 y_true=0.743767 y_pred=0.426866 diff=-0.316901 abs_err=0.316901
INFO | TOP_BEST | split=test epoch=30 rank=1/3 b=12 t=12 var_idx=5 tp=0.845211 y_true=0.509118 y_pred=0.509139 diff=0.000021 abs_err=0.000021
INFO | TOP_BEST | split=test epoch=30 rank=2/3 b=49 t=4 var_idx=2 tp=0.789697 y_true=0.415206 y_pred=0.415182 diff=-0.000024 abs_err=0.000024
INFO | TOP_BEST | split=test epoch=30 rank=3/3 b=24 t=17 var_idx=9 tp=0.890473 y_true=0.520738 y_pred=0.520710 diff=-0.000028 abs_err=0.000028
INFO | TOP_OK | split=test epoch=30 rank=1/3 b=0 t=0 var_idx=6 tp=0.750188 y_true=0.724202 y_pred=0.710944
INFO | TOP_OK | split=test epoch=30 rank=2/3 b=0 t=2 var_idx=5 tp=0.763691 y_true=0.608434 y_pred=0.610887
INFO | TOP_OK | split=test epoch=30 rank=3/3 b=0 t=3 var_idx=0 tp=0.770443 y_true=0.669886 y_pred=0.646056
INFO | TOP_ERR | split=test epoch=37 rank=1/10 b=47 t=28 var_idx=9 tp=0.978995 y_true=0.262216 y_pred=0.760260 diff=0.498044 abs_err=0.498044
INFO | TOP_ERR | split=test epoch=37 rank=2/10 b=47 t=24 var_idx=6 tp=0.945236 y_true=0.324231 y_pred=0.803962 diff=0.479731 abs_err=0.479731
INFO | TOP_ERR | split=test epoch=37 rank=3/10 b=7 t=7 var_idx=0 tp=0.804451 y_true=0.670168 y_pred=0.248134 diff=-0.422034 abs_err=0.422034
INFO | TOP_ERR | split=test epoch=37 rank=4/10 b=60 t=7 var_idx=9 tp=0.808202 y_true=0.720162 y_pred=0.328325 diff=-0.391837 abs_err=0.391837
INFO | TOP_ERR | split=test epoch=37 rank=5/10 b=60 t=11 var_idx=9 tp=0.835209 y_true=0.692128 y_pred=0.329049 diff=-0.363079 abs_err=0.363079
INFO | TOP_ERR | split=test epoch=37 rank=6/10 b=28 t=17 var_idx=10 tp=0.917729 y_true=0.911302 y_pred=0.568805 diff=-0.342497 abs_err=0.342497
INFO | TOP_ERR | split=test epoch=37 rank=7/10 b=4 t=15 var_idx=10 tp=0.892223 y_true=0.791293 y_pred=0.451212 diff=-0.340081 abs_err=0.340081
INFO | TOP_ERR | split=test epoch=37 rank=8/10 b=32 t=23 var_idx=2 tp=0.931233 y_true=0.747928 y_pred=0.411654 diff=-0.336275 abs_err=0.336275
INFO | TOP_ERR | split=test epoch=37 rank=9/10 b=14 t=21 var_idx=2 tp=0.919480 y_true=0.669667 y_pred=0.347024 diff=-0.322643 abs_err=0.322643
INFO | TOP_ERR | split=test epoch=37 rank=10/10 b=9 t=23 var_idx=9 tp=0.939735 y_true=0.743767 y_pred=0.422698 diff=-0.321070 abs_err=0.321070
INFO | TOP_BEST | split=test epoch=37 rank=1/3 b=32 t=6 var_idx=7 tp=0.802951 y_true=0.407041 y_pred=0.407042 diff=0.000001 abs_err=0.000001
INFO | TOP_BEST | split=test epoch=37 rank=2/3 b=15 t=26 var_idx=10 tp=0.953238 y_true=0.571304 y_pred=0.571296 diff=-0.000008 abs_err=0.000008
INFO | TOP_BEST | split=test epoch=37 rank=3/3 b=24 t=25 var_idx=5 tp=0.951488 y_true=0.597238 y_pred=0.597252 diff=0.000014 abs_err=0.000014
INFO | TOP_OK | split=test epoch=37 rank=1/3 b=0 t=0 var_idx=6 tp=0.750188 y_true=0.724202 y_pred=0.708497
INFO | TOP_OK | split=test epoch=37 rank=2/3 b=0 t=1 var_idx=11 tp=0.756939 y_true=0.662485 y_pred=0.633686
INFO | TOP_OK | split=test epoch=37 rank=3/3 b=0 t=2 var_idx=5 tp=0.763691 y_true=0.608434 y_pred=0.605405
INFO | TOP_ERR | split=test epoch=40 rank=1/10 b=47 t=28 var_idx=9 tp=0.978995 y_true=0.262216 y_pred=0.768000 diff=0.505785 abs_err=0.505785
INFO | TOP_ERR | split=test epoch=40 rank=2/10 b=47 t=24 var_idx=6 tp=0.945236 y_true=0.324231 y_pred=0.808972 diff=0.484741 abs_err=0.484741
INFO | TOP_ERR | split=test epoch=40 rank=3/10 b=7 t=7 var_idx=0 tp=0.804451 y_true=0.670168 y_pred=0.264126 diff=-0.406042 abs_err=0.406042
INFO | TOP_ERR | split=test epoch=40 rank=4/10 b=60 t=7 var_idx=9 tp=0.808202 y_true=0.720162 y_pred=0.337449 diff=-0.382713 abs_err=0.382713
INFO | TOP_ERR | split=test epoch=40 rank=5/10 b=60 t=11 var_idx=9 tp=0.835209 y_true=0.692128 y_pred=0.338365 diff=-0.353763 abs_err=0.353763
INFO | TOP_ERR | split=test epoch=40 rank=6/10 b=28 t=17 var_idx=10 tp=0.917729 y_true=0.911302 y_pred=0.572651 diff=-0.338651 abs_err=0.338651
INFO | TOP_ERR | split=test epoch=40 rank=7/10 b=4 t=15 var_idx=10 tp=0.892223 y_true=0.791293 y_pred=0.454707 diff=-0.336586 abs_err=0.336586
INFO | TOP_ERR | split=test epoch=40 rank=8/10 b=32 t=23 var_idx=2 tp=0.931233 y_true=0.747928 y_pred=0.416644 diff=-0.331284 abs_err=0.331284
INFO | TOP_ERR | split=test epoch=40 rank=9/10 b=14 t=21 var_idx=2 tp=0.919480 y_true=0.669667 y_pred=0.354918 diff=-0.314750 abs_err=0.314750
INFO | TOP_ERR | split=test epoch=40 rank=10/10 b=3 t=23 var_idx=10 tp=0.925982 y_true=0.806160 y_pred=0.492069 diff=-0.314090 abs_err=0.314090
INFO | TOP_BEST | split=test epoch=40 rank=1/3 b=36 t=28 var_idx=6 tp=0.992248 y_true=0.800377 y_pred=0.800368 diff=-0.000008 abs_err=0.000008
INFO | TOP_BEST | split=test epoch=40 rank=2/3 b=33 t=20 var_idx=9 tp=0.910978 y_true=0.766511 y_pred=0.766498 diff=-0.000013 abs_err=0.000013
INFO | TOP_BEST | split=test epoch=40 rank=3/3 b=18 t=23 var_idx=9 tp=0.933233 y_true=0.516389 y_pred=0.516357 diff=-0.000032 abs_err=0.000032
INFO | TOP_OK | split=test epoch=40 rank=1/3 b=0 t=0 var_idx=6 tp=0.750188 y_true=0.724202 y_pred=0.754144
INFO | TOP_OK | split=test epoch=40 rank=2/3 b=0 t=0 var_idx=7 tp=0.750188 y_true=0.552868 y_pred=0.542894
INFO | TOP_OK | split=test epoch=40 rank=3/3 b=0 t=0 var_idx=8 tp=0.750188 y_true=0.753995 y_pred=0.748639
INFO | TOP_ERR | split=test epoch=42 rank=1/10 b=47 t=28 var_idx=9 tp=0.978995 y_true=0.262216 y_pred=0.769418 diff=0.507202 abs_err=0.507202
INFO | TOP_ERR | split=test epoch=42 rank=2/10 b=47 t=24 var_idx=6 tp=0.945236 y_true=0.324231 y_pred=0.805123 diff=0.480892 abs_err=0.480892
INFO | TOP_ERR | split=test epoch=42 rank=3/10 b=60 t=7 var_idx=9 tp=0.808202 y_true=0.720162 y_pred=0.334762 diff=-0.385399 abs_err=0.385399
INFO | TOP_ERR | split=test epoch=42 rank=4/10 b=7 t=7 var_idx=0 tp=0.804451 y_true=0.670168 y_pred=0.301751 diff=-0.368417 abs_err=0.368417
INFO | TOP_ERR | split=test epoch=42 rank=5/10 b=60 t=11 var_idx=9 tp=0.835209 y_true=0.692128 y_pred=0.335478 diff=-0.356650 abs_err=0.356650
INFO | TOP_ERR | split=test epoch=42 rank=6/10 b=28 t=17 var_idx=10 tp=0.917729 y_true=0.911302 y_pred=0.575068 diff=-0.336234 abs_err=0.336234
INFO | TOP_ERR | split=test epoch=42 rank=7/10 b=4 t=15 var_idx=10 tp=0.892223 y_true=0.791293 y_pred=0.465430 diff=-0.325862 abs_err=0.325862
INFO | TOP_ERR | split=test epoch=42 rank=8/10 b=32 t=23 var_idx=2 tp=0.931233 y_true=0.747928 y_pred=0.424252 diff=-0.323676 abs_err=0.323676
INFO | TOP_ERR | split=test epoch=42 rank=9/10 b=9 t=23 var_idx=9 tp=0.939735 y_true=0.743767 y_pred=0.432233 diff=-0.311534 abs_err=0.311534
INFO | TOP_ERR | split=test epoch=42 rank=10/10 b=9 t=19 var_idx=9 tp=0.912728 y_true=0.739735 y_pred=0.431931 diff=-0.307804 abs_err=0.307804
INFO | TOP_BEST | split=test epoch=42 rank=1/3 b=55 t=21 var_idx=1 tp=0.936484 y_true=0.529830 y_pred=0.529832 diff=0.000002 abs_err=0.000002
INFO | TOP_BEST | split=test epoch=42 rank=2/3 b=60 t=22 var_idx=5 tp=0.922981 y_true=0.591421 y_pred=0.591431 diff=0.000010 abs_err=0.000010
INFO | TOP_BEST | split=test epoch=42 rank=3/3 b=46 t=29 var_idx=2 tp=0.999250 y_true=0.437248 y_pred=0.437234 diff=-0.000014 abs_err=0.000014
INFO | TOP_OK | split=test epoch=42 rank=1/3 b=0 t=0 var_idx=6 tp=0.750188 y_true=0.724202 y_pred=0.752061
INFO | TOP_OK | split=test epoch=42 rank=2/3 b=0 t=0 var_idx=7 tp=0.750188 y_true=0.552868 y_pred=0.535809
INFO | TOP_OK | split=test epoch=42 rank=3/3 b=0 t=0 var_idx=8 tp=0.750188 y_true=0.753995 y_pred=0.737799
INFO | TOP_ERR | split=test epoch=48 rank=1/10 b=47 t=28 var_idx=9 tp=0.978995 y_true=0.262216 y_pred=0.771766 diff=0.509550 abs_err=0.509550
INFO | TOP_ERR | split=test epoch=48 rank=2/10 b=47 t=24 var_idx=6 tp=0.945236 y_true=0.324231 y_pred=0.806410 diff=0.482179 abs_err=0.482179
INFO | TOP_ERR | split=test epoch=48 rank=3/10 b=7 t=7 var_idx=0 tp=0.804451 y_true=0.670168 y_pred=0.265625 diff=-0.404543 abs_err=0.404543
INFO | TOP_ERR | split=test epoch=48 rank=4/10 b=60 t=7 var_idx=9 tp=0.808202 y_true=0.720162 y_pred=0.330781 diff=-0.389380 abs_err=0.389380
INFO | TOP_ERR | split=test epoch=48 rank=5/10 b=60 t=11 var_idx=9 tp=0.835209 y_true=0.692128 y_pred=0.331478 diff=-0.360650 abs_err=0.360650
INFO | TOP_ERR | split=test epoch=48 rank=6/10 b=28 t=17 var_idx=10 tp=0.917729 y_true=0.911302 y_pred=0.577783 diff=-0.333519 abs_err=0.333519
INFO | TOP_ERR | split=test epoch=48 rank=7/10 b=32 t=23 var_idx=2 tp=0.931233 y_true=0.747928 y_pred=0.416962 diff=-0.330966 abs_err=0.330966
INFO | TOP_ERR | split=test epoch=48 rank=8/10 b=4 t=15 var_idx=10 tp=0.892223 y_true=0.791293 y_pred=0.461115 diff=-0.330178 abs_err=0.330178
INFO | TOP_ERR | split=test epoch=48 rank=9/10 b=14 t=21 var_idx=2 tp=0.919480 y_true=0.669667 y_pred=0.354416 diff=-0.315251 abs_err=0.315251
INFO | TOP_ERR | split=test epoch=48 rank=10/10 b=32 t=25 var_idx=2 tp=0.958240 y_true=0.730705 y_pred=0.417129 diff=-0.313576 abs_err=0.313576
INFO | TOP_BEST | split=test epoch=48 rank=1/3 b=50 t=6 var_idx=5 tp=0.803201 y_true=0.596687 y_pred=0.596686 diff=-0.000001 abs_err=0.000001
INFO | TOP_BEST | split=test epoch=48 rank=2/3 b=47 t=4 var_idx=9 tp=0.789697 y_true=0.770265 y_pred=0.770270 diff=0.000005 abs_err=0.000005
INFO | TOP_BEST | split=test epoch=48 rank=3/3 b=51 t=3 var_idx=1 tp=0.776194 y_true=0.519341 y_pred=0.519350 diff=0.000009 abs_err=0.000009
INFO | TOP_OK | split=test epoch=48 rank=1/3 b=0 t=0 var_idx=7 tp=0.750188 y_true=0.552868 y_pred=0.555918
INFO | TOP_OK | split=test epoch=48 rank=2/3 b=0 t=0 var_idx=8 tp=0.750188 y_true=0.753995 y_pred=0.765107
INFO | TOP_OK | split=test epoch=48 rank=3/3 b=0 t=1 var_idx=11 tp=0.756939 y_true=0.662485 y_pred=0.634019
INFO | TOP_ERR | split=test epoch=51 rank=1/10 b=47 t=28 var_idx=9 tp=0.978995 y_true=0.262216 y_pred=0.772620 diff=0.510404 abs_err=0.510404
INFO | TOP_ERR | split=test epoch=51 rank=2/10 b=47 t=24 var_idx=6 tp=0.945236 y_true=0.324231 y_pred=0.816894 diff=0.492663 abs_err=0.492663
INFO | TOP_ERR | split=test epoch=51 rank=3/10 b=60 t=7 var_idx=9 tp=0.808202 y_true=0.720162 y_pred=0.321596 diff=-0.398565 abs_err=0.398565
INFO | TOP_ERR | split=test epoch=51 rank=4/10 b=7 t=7 var_idx=0 tp=0.804451 y_true=0.670168 y_pred=0.282330 diff=-0.387838 abs_err=0.387838
INFO | TOP_ERR | split=test epoch=51 rank=5/10 b=60 t=11 var_idx=9 tp=0.835209 y_true=0.692128 y_pred=0.322255 diff=-0.369873 abs_err=0.369873
INFO | TOP_ERR | split=test epoch=51 rank=6/10 b=4 t=15 var_idx=10 tp=0.892223 y_true=0.791293 y_pred=0.445984 diff=-0.345308 abs_err=0.345308
INFO | TOP_ERR | split=test epoch=51 rank=7/10 b=28 t=17 var_idx=10 tp=0.917729 y_true=0.911302 y_pred=0.567158 diff=-0.344145 abs_err=0.344145
INFO | TOP_ERR | split=test epoch=51 rank=8/10 b=32 t=23 var_idx=2 tp=0.931233 y_true=0.747928 y_pred=0.412010 diff=-0.335918 abs_err=0.335918
INFO | TOP_ERR | split=test epoch=51 rank=9/10 b=3 t=23 var_idx=10 tp=0.925982 y_true=0.806160 y_pred=0.483399 diff=-0.322761 abs_err=0.322761
INFO | TOP_ERR | split=test epoch=51 rank=10/10 b=32 t=25 var_idx=2 tp=0.958240 y_true=0.730705 y_pred=0.412157 diff=-0.318548 abs_err=0.318548
INFO | TOP_BEST | split=test epoch=51 rank=1/3 b=14 t=17 var_idx=10 tp=0.878970 y_true=0.577528 y_pred=0.577529 diff=0.000000 abs_err=0.000000
INFO | TOP_BEST | split=test epoch=51 rank=2/3 b=24 t=0 var_idx=11 tp=0.755439 y_true=0.558679 y_pred=0.558684 diff=0.000005 abs_err=0.000005
INFO | TOP_BEST | split=test epoch=51 rank=3/3 b=52 t=8 var_idx=5 tp=0.816954 y_true=0.566420 y_pred=0.566411 diff=-0.000008 abs_err=0.000008
INFO | TOP_OK | split=test epoch=51 rank=1/3 b=0 t=2 var_idx=5 tp=0.763691 y_true=0.608434 y_pred=0.633148
INFO | TOP_OK | split=test epoch=51 rank=2/3 b=0 t=3 var_idx=0 tp=0.770443 y_true=0.669886 y_pred=0.640806
INFO | TOP_OK | split=test epoch=51 rank=3/3 b=0 t=3 var_idx=1 tp=0.770443 y_true=0.486860 y_pred=0.468021
INFO | TOP_ERR | split=test epoch=52 rank=1/10 b=47 t=28 var_idx=9 tp=0.978995 y_true=0.262216 y_pred=0.772784 diff=0.510569 abs_err=0.510569
INFO | TOP_ERR | split=test epoch=52 rank=2/10 b=47 t=24 var_idx=6 tp=0.945236 y_true=0.324231 y_pred=0.795699 diff=0.471468 abs_err=0.471468
INFO | TOP_ERR | split=test epoch=52 rank=3/10 b=7 t=7 var_idx=0 tp=0.804451 y_true=0.670168 y_pred=0.271625 diff=-0.398543 abs_err=0.398543
INFO | TOP_ERR | split=test epoch=52 rank=4/10 b=60 t=7 var_idx=9 tp=0.808202 y_true=0.720162 y_pred=0.324680 diff=-0.395482 abs_err=0.395482
INFO | TOP_ERR | split=test epoch=52 rank=5/10 b=60 t=11 var_idx=9 tp=0.835209 y_true=0.692128 y_pred=0.324976 diff=-0.367152 abs_err=0.367152
INFO | TOP_ERR | split=test epoch=52 rank=6/10 b=28 t=17 var_idx=10 tp=0.917729 y_true=0.911302 y_pred=0.566041 diff=-0.345262 abs_err=0.345262
INFO | TOP_ERR | split=test epoch=52 rank=7/10 b=4 t=15 var_idx=10 tp=0.892223 y_true=0.791293 y_pred=0.449394 diff=-0.341899 abs_err=0.341899
INFO | TOP_ERR | split=test epoch=52 rank=8/10 b=32 t=23 var_idx=2 tp=0.931233 y_true=0.747928 y_pred=0.415192 diff=-0.332736 abs_err=0.332736
INFO | TOP_ERR | split=test epoch=52 rank=9/10 b=14 t=21 var_idx=2 tp=0.919480 y_true=0.669667 y_pred=0.347147 diff=-0.322520 abs_err=0.322520
INFO | TOP_ERR | split=test epoch=52 rank=10/10 b=3 t=23 var_idx=10 tp=0.925982 y_true=0.806160 y_pred=0.489133 diff=-0.317027 abs_err=0.317027
INFO | TOP_BEST | split=test epoch=52 rank=1/3 b=6 t=5 var_idx=10 tp=0.797699 y_true=0.483338 y_pred=0.483336 diff=-0.000002 abs_err=0.000002
INFO | TOP_BEST | split=test epoch=52 rank=2/3 b=13 t=29 var_idx=11 tp=0.993748 y_true=0.528884 y_pred=0.528874 diff=-0.000011 abs_err=0.000011
INFO | TOP_BEST | split=test epoch=52 rank=3/3 b=37 t=3 var_idx=0 tp=0.789447 y_true=0.529580 y_pred=0.529553 diff=-0.000026 abs_err=0.000026
INFO | TOP_OK | split=test epoch=52 rank=1/3 b=0 t=0 var_idx=6 tp=0.750188 y_true=0.724202 y_pred=0.707703
INFO | TOP_OK | split=test epoch=52 rank=2/3 b=0 t=0 var_idx=7 tp=0.750188 y_true=0.552868 y_pred=0.543435
INFO | TOP_OK | split=test epoch=52 rank=3/3 b=0 t=0 var_idx=8 tp=0.750188 y_true=0.753995 y_pred=0.738139
INFO | TOP_ERR | split=test epoch=54 rank=1/10 b=47 t=28 var_idx=9 tp=0.978995 y_true=0.262216 y_pred=0.777391 diff=0.515175 abs_err=0.515175
INFO | TOP_ERR | split=test epoch=54 rank=2/10 b=47 t=24 var_idx=6 tp=0.945236 y_true=0.324231 y_pred=0.807785 diff=0.483554 abs_err=0.483554
INFO | TOP_ERR | split=test epoch=54 rank=3/10 b=7 t=7 var_idx=0 tp=0.804451 y_true=0.670168 y_pred=0.267762 diff=-0.402406 abs_err=0.402406
INFO | TOP_ERR | split=test epoch=54 rank=4/10 b=60 t=7 var_idx=9 tp=0.808202 y_true=0.720162 y_pred=0.318180 diff=-0.401982 abs_err=0.401982
INFO | TOP_ERR | split=test epoch=54 rank=5/10 b=60 t=11 var_idx=9 tp=0.835209 y_true=0.692128 y_pred=0.318819 diff=-0.373309 abs_err=0.373309
INFO | TOP_ERR | split=test epoch=54 rank=6/10 b=4 t=15 var_idx=10 tp=0.892223 y_true=0.791293 y_pred=0.460387 diff=-0.330906 abs_err=0.330906
INFO | TOP_ERR | split=test epoch=54 rank=7/10 b=28 t=17 var_idx=10 tp=0.917729 y_true=0.911302 y_pred=0.583022 diff=-0.328280 abs_err=0.328280
INFO | TOP_ERR | split=test epoch=54 rank=8/10 b=32 t=23 var_idx=2 tp=0.931233 y_true=0.747928 y_pred=0.420366 diff=-0.327562 abs_err=0.327562
INFO | TOP_ERR | split=test epoch=54 rank=9/10 b=14 t=21 var_idx=2 tp=0.919480 y_true=0.669667 y_pred=0.358495 diff=-0.311173 abs_err=0.311173
INFO | TOP_ERR | split=test epoch=54 rank=10/10 b=32 t=25 var_idx=2 tp=0.958240 y_true=0.730705 y_pred=0.420504 diff=-0.310201 abs_err=0.310201
INFO | TOP_BEST | split=test epoch=54 rank=1/3 b=62 t=24 var_idx=3 tp=0.936484 y_true=0.371284 y_pred=0.371288 diff=0.000004 abs_err=0.000004
INFO | TOP_BEST | split=test epoch=54 rank=2/3 b=20 t=23 var_idx=8 tp=0.937734 y_true=0.627462 y_pred=0.627444 diff=-0.000017 abs_err=0.000017
INFO | TOP_BEST | split=test epoch=54 rank=3/3 b=46 t=0 var_idx=2 tp=0.755939 y_true=0.430948 y_pred=0.430974 diff=0.000025 abs_err=0.000025
INFO | TOP_OK | split=test epoch=54 rank=1/3 b=0 t=0 var_idx=7 tp=0.750188 y_true=0.552868 y_pred=0.531444
INFO | TOP_OK | split=test epoch=54 rank=2/3 b=0 t=1 var_idx=11 tp=0.756939 y_true=0.662485 y_pred=0.634393
INFO | TOP_OK | split=test epoch=54 rank=3/3 b=0 t=3 var_idx=0 tp=0.770443 y_true=0.669886 y_pred=0.646654
INFO | TOP_ERR | split=test epoch=57 rank=1/10 b=47 t=28 var_idx=9 tp=0.978995 y_true=0.262216 y_pred=0.766942 diff=0.504726 abs_err=0.504726
INFO | TOP_ERR | split=test epoch=57 rank=2/10 b=47 t=24 var_idx=6 tp=0.945236 y_true=0.324231 y_pred=0.802869 diff=0.478638 abs_err=0.478638
INFO | TOP_ERR | split=test epoch=57 rank=3/10 b=60 t=7 var_idx=9 tp=0.808202 y_true=0.720162 y_pred=0.321826 diff=-0.398336 abs_err=0.398336
INFO | TOP_ERR | split=test epoch=57 rank=4/10 b=7 t=7 var_idx=0 tp=0.804451 y_true=0.670168 y_pred=0.277292 diff=-0.392876 abs_err=0.392876
INFO | TOP_ERR | split=test epoch=57 rank=5/10 b=60 t=11 var_idx=9 tp=0.835209 y_true=0.692128 y_pred=0.322396 diff=-0.369732 abs_err=0.369732
INFO | TOP_ERR | split=test epoch=57 rank=6/10 b=4 t=15 var_idx=10 tp=0.892223 y_true=0.791293 y_pred=0.450807 diff=-0.340485 abs_err=0.340485
INFO | TOP_ERR | split=test epoch=57 rank=7/10 b=28 t=17 var_idx=10 tp=0.917729 y_true=0.911302 y_pred=0.576417 diff=-0.334885 abs_err=0.334885
INFO | TOP_ERR | split=test epoch=57 rank=8/10 b=14 t=21 var_idx=2 tp=0.919480 y_true=0.669667 y_pred=0.340102 diff=-0.329566 abs_err=0.329566
INFO | TOP_ERR | split=test epoch=57 rank=9/10 b=32 t=23 var_idx=2 tp=0.931233 y_true=0.747928 y_pred=0.419314 diff=-0.328614 abs_err=0.328614
INFO | TOP_ERR | split=test epoch=57 rank=10/10 b=32 t=25 var_idx=2 tp=0.958240 y_true=0.730705 y_pred=0.419441 diff=-0.311264 abs_err=0.311264
INFO | TOP_BEST | split=test epoch=57 rank=1/3 b=31 t=20 var_idx=11 tp=0.924481 y_true=0.605350 y_pred=0.605356 diff=0.000006 abs_err=0.000006
INFO | TOP_BEST | split=test epoch=57 rank=2/3 b=29 t=24 var_idx=5 tp=0.944736 y_true=0.542005 y_pred=0.542022 diff=0.000017 abs_err=0.000017
INFO | TOP_BEST | split=test epoch=57 rank=3/3 b=15 t=25 var_idx=8 tp=0.946487 y_true=0.618162 y_pred=0.618180 diff=0.000017 abs_err=0.000017
INFO | TOP_OK | split=test epoch=57 rank=1/3 b=0 t=0 var_idx=7 tp=0.750188 y_true=0.552868 y_pred=0.538118
INFO | TOP_OK | split=test epoch=57 rank=2/3 b=0 t=3 var_idx=0 tp=0.770443 y_true=0.669886 y_pred=0.641353
INFO | TOP_OK | split=test epoch=57 rank=3/3 b=0 t=3 var_idx=1 tp=0.770443 y_true=0.486860 y_pred=0.466672
INFO | TOP_ERR | split=test epoch=60 rank=1/10 b=47 t=28 var_idx=9 tp=0.978995 y_true=0.262216 y_pred=0.759021 diff=0.496806 abs_err=0.496806
INFO | TOP_ERR | split=test epoch=60 rank=2/10 b=47 t=24 var_idx=6 tp=0.945236 y_true=0.324231 y_pred=0.794689 diff=0.470458 abs_err=0.470458
INFO | TOP_ERR | split=test epoch=60 rank=3/10 b=7 t=7 var_idx=0 tp=0.804451 y_true=0.670168 y_pred=0.268660 diff=-0.401508 abs_err=0.401508
INFO | TOP_ERR | split=test epoch=60 rank=4/10 b=60 t=7 var_idx=9 tp=0.808202 y_true=0.720162 y_pred=0.334280 diff=-0.385882 abs_err=0.385882
INFO | TOP_ERR | split=test epoch=60 rank=5/10 b=60 t=11 var_idx=9 tp=0.835209 y_true=0.692128 y_pred=0.334591 diff=-0.357537 abs_err=0.357537
INFO | TOP_ERR | split=test epoch=60 rank=6/10 b=28 t=17 var_idx=10 tp=0.917729 y_true=0.911302 y_pred=0.579306 diff=-0.331996 abs_err=0.331996
INFO | TOP_ERR | split=test epoch=60 rank=7/10 b=4 t=15 var_idx=10 tp=0.892223 y_true=0.791293 y_pred=0.460733 diff=-0.330560 abs_err=0.330560
INFO | TOP_ERR | split=test epoch=60 rank=8/10 b=32 t=23 var_idx=2 tp=0.931233 y_true=0.747928 y_pred=0.433106 diff=-0.314822 abs_err=0.314822
INFO | TOP_ERR | split=test epoch=60 rank=9/10 b=14 t=21 var_idx=2 tp=0.919480 y_true=0.669667 y_pred=0.355456 diff=-0.314211 abs_err=0.314211
INFO | TOP_ERR | split=test epoch=60 rank=10/10 b=3 t=23 var_idx=11 tp=0.925982 y_true=0.941412 y_pred=0.633242 diff=-0.308170 abs_err=0.308170
INFO | TOP_BEST | split=test epoch=60 rank=1/3 b=46 t=2 var_idx=10 tp=0.769442 y_true=0.465146 y_pred=0.465150 diff=0.000004 abs_err=0.000004
INFO | TOP_BEST | split=test epoch=60 rank=2/3 b=5 t=23 var_idx=8 tp=0.959990 y_true=0.763890 y_pred=0.763883 diff=-0.000007 abs_err=0.000007
INFO | TOP_BEST | split=test epoch=60 rank=3/3 b=55 t=0 var_idx=11 tp=0.760690 y_true=0.587743 y_pred=0.587735 diff=-0.000008 abs_err=0.000008
INFO | TOP_OK | split=test epoch=60 rank=1/3 b=0 t=0 var_idx=7 tp=0.750188 y_true=0.552868 y_pred=0.560758
INFO | TOP_OK | split=test epoch=60 rank=2/3 b=0 t=0 var_idx=8 tp=0.750188 y_true=0.753995 y_pred=0.716837
INFO | TOP_OK | split=test epoch=60 rank=3/3 b=0 t=1 var_idx=11 tp=0.756939 y_true=0.662485 y_pred=0.634519
INFO | TOP_ERR | split=test epoch=71 rank=1/10 b=47 t=28 var_idx=9 tp=0.978995 y_true=0.262216 y_pred=0.758901 diff=0.496685 abs_err=0.496685
INFO | TOP_ERR | split=test epoch=71 rank=2/10 b=47 t=24 var_idx=6 tp=0.945236 y_true=0.324231 y_pred=0.798052 diff=0.473821 abs_err=0.473821
INFO | TOP_ERR | split=test epoch=71 rank=3/10 b=60 t=7 var_idx=9 tp=0.808202 y_true=0.720162 y_pred=0.319819 diff=-0.400343 abs_err=0.400343
INFO | TOP_ERR | split=test epoch=71 rank=4/10 b=7 t=7 var_idx=0 tp=0.804451 y_true=0.670168 y_pred=0.276500 diff=-0.393668 abs_err=0.393668
INFO | TOP_ERR | split=test epoch=71 rank=5/10 b=60 t=11 var_idx=9 tp=0.835209 y_true=0.692128 y_pred=0.320168 diff=-0.371960 abs_err=0.371960
INFO | TOP_ERR | split=test epoch=71 rank=6/10 b=28 t=17 var_idx=10 tp=0.917729 y_true=0.911302 y_pred=0.567523 diff=-0.343779 abs_err=0.343779
INFO | TOP_ERR | split=test epoch=71 rank=7/10 b=4 t=15 var_idx=10 tp=0.892223 y_true=0.791293 y_pred=0.458217 diff=-0.333075 abs_err=0.333075
INFO | TOP_ERR | split=test epoch=71 rank=8/10 b=32 t=23 var_idx=2 tp=0.931233 y_true=0.747928 y_pred=0.434411 diff=-0.313517 abs_err=0.313517
INFO | TOP_ERR | split=test epoch=71 rank=9/10 b=14 t=21 var_idx=2 tp=0.919480 y_true=0.669667 y_pred=0.356450 diff=-0.313218 abs_err=0.313218
INFO | TOP_ERR | split=test epoch=71 rank=10/10 b=3 t=23 var_idx=10 tp=0.925982 y_true=0.806160 y_pred=0.496809 diff=-0.309351 abs_err=0.309351
INFO | TOP_BEST | split=test epoch=71 rank=1/3 b=15 t=29 var_idx=10 tp=0.980495 y_true=0.573149 y_pred=0.573144 diff=-0.000005 abs_err=0.000005
INFO | TOP_BEST | split=test epoch=71 rank=2/3 b=60 t=13 var_idx=2 tp=0.848712 y_true=0.427528 y_pred=0.427519 diff=-0.000009 abs_err=0.000009
INFO | TOP_BEST | split=test epoch=71 rank=3/3 b=58 t=11 var_idx=6 tp=0.841960 y_true=0.428458 y_pred=0.428446 diff=-0.000012 abs_err=0.000012
INFO | TOP_OK | split=test epoch=71 rank=1/3 b=0 t=0 var_idx=7 tp=0.750188 y_true=0.552868 y_pred=0.549375
INFO | TOP_OK | split=test epoch=71 rank=2/3 b=0 t=1 var_idx=11 tp=0.756939 y_true=0.662485 y_pred=0.638524
INFO | TOP_OK | split=test epoch=71 rank=3/3 b=0 t=3 var_idx=0 tp=0.770443 y_true=0.669886 y_pred=0.646717
INFO | TOP_ERR | split=test epoch=80 rank=1/10 b=47 t=28 var_idx=9 tp=0.978995 y_true=0.262216 y_pred=0.762668 diff=0.500452 abs_err=0.500452
INFO | TOP_ERR | split=test epoch=80 rank=2/10 b=47 t=24 var_idx=6 tp=0.945236 y_true=0.324231 y_pred=0.806492 diff=0.482261 abs_err=0.482261
INFO | TOP_ERR | split=test epoch=80 rank=3/10 b=7 t=7 var_idx=0 tp=0.804451 y_true=0.670168 y_pred=0.274661 diff=-0.395507 abs_err=0.395507
INFO | TOP_ERR | split=test epoch=80 rank=4/10 b=60 t=7 var_idx=9 tp=0.808202 y_true=0.720162 y_pred=0.325211 diff=-0.394951 abs_err=0.394951
INFO | TOP_ERR | split=test epoch=80 rank=5/10 b=60 t=11 var_idx=9 tp=0.835209 y_true=0.692128 y_pred=0.325952 diff=-0.366176 abs_err=0.366176
INFO | TOP_ERR | split=test epoch=80 rank=6/10 b=28 t=17 var_idx=10 tp=0.917729 y_true=0.911302 y_pred=0.569972 diff=-0.341330 abs_err=0.341330
INFO | TOP_ERR | split=test epoch=80 rank=7/10 b=4 t=15 var_idx=10 tp=0.892223 y_true=0.791293 y_pred=0.453657 diff=-0.337636 abs_err=0.337636
INFO | TOP_ERR | split=test epoch=80 rank=8/10 b=14 t=21 var_idx=2 tp=0.919480 y_true=0.669667 y_pred=0.347938 diff=-0.321729 abs_err=0.321729
INFO | TOP_ERR | split=test epoch=80 rank=9/10 b=32 t=23 var_idx=2 tp=0.931233 y_true=0.747928 y_pred=0.427535 diff=-0.320393 abs_err=0.320393
INFO | TOP_ERR | split=test epoch=80 rank=10/10 b=3 t=23 var_idx=10 tp=0.925982 y_true=0.806160 y_pred=0.497993 diff=-0.308167 abs_err=0.308167
INFO | TOP_BEST | split=test epoch=80 rank=1/3 b=12 t=22 var_idx=5 tp=0.926232 y_true=0.510892 y_pred=0.510887 diff=-0.000005 abs_err=0.000005
INFO | TOP_BEST | split=test epoch=80 rank=2/3 b=8 t=30 var_idx=0 tp=0.986997 y_true=0.330498 y_pred=0.330503 diff=0.000005 abs_err=0.000005
INFO | TOP_BEST | split=test epoch=80 rank=3/3 b=14 t=19 var_idx=10 tp=0.905976 y_true=0.585751 y_pred=0.585772 diff=0.000021 abs_err=0.000021
INFO | TOP_OK | split=test epoch=80 rank=1/3 b=0 t=0 var_idx=7 tp=0.750188 y_true=0.552868 y_pred=0.547410
INFO | TOP_OK | split=test epoch=80 rank=2/3 b=0 t=1 var_idx=11 tp=0.756939 y_true=0.662485 y_pred=0.631022
INFO | TOP_OK | split=test epoch=80 rank=3/3 b=0 t=2 var_idx=5 tp=0.763691 y_true=0.608434 y_pred=0.631896
INFO | TOP_ERR | split=test epoch=89 rank=1/10 b=47 t=28 var_idx=9 tp=0.978995 y_true=0.262216 y_pred=0.748573 diff=0.486357 abs_err=0.486357
INFO | TOP_ERR | split=test epoch=89 rank=2/10 b=47 t=24 var_idx=6 tp=0.945236 y_true=0.324231 y_pred=0.781501 diff=0.457270 abs_err=0.457270
INFO | TOP_ERR | split=test epoch=89 rank=3/10 b=7 t=7 var_idx=0 tp=0.804451 y_true=0.670168 y_pred=0.269988 diff=-0.400180 abs_err=0.400180
INFO | TOP_ERR | split=test epoch=89 rank=4/10 b=60 t=7 var_idx=9 tp=0.808202 y_true=0.720162 y_pred=0.329747 diff=-0.390414 abs_err=0.390414
INFO | TOP_ERR | split=test epoch=89 rank=5/10 b=60 t=11 var_idx=9 tp=0.835209 y_true=0.692128 y_pred=0.330456 diff=-0.361672 abs_err=0.361672
INFO | TOP_ERR | split=test epoch=89 rank=6/10 b=28 t=17 var_idx=10 tp=0.917729 y_true=0.911302 y_pred=0.565034 diff=-0.346268 abs_err=0.346268
INFO | TOP_ERR | split=test epoch=89 rank=7/10 b=4 t=15 var_idx=10 tp=0.892223 y_true=0.791293 y_pred=0.458488 diff=-0.332805 abs_err=0.332805
INFO | TOP_ERR | split=test epoch=89 rank=8/10 b=3 t=23 var_idx=11 tp=0.925982 y_true=0.941412 y_pred=0.621085 diff=-0.320327 abs_err=0.320327
INFO | TOP_ERR | split=test epoch=89 rank=9/10 b=4 t=15 var_idx=11 tp=0.892223 y_true=0.927668 y_pred=0.619612 diff=-0.308057 abs_err=0.308057
INFO | TOP_ERR | split=test epoch=89 rank=10/10 b=32 t=23 var_idx=2 tp=0.931233 y_true=0.747928 y_pred=0.442817 diff=-0.305111 abs_err=0.305111
INFO | TOP_BEST | split=test epoch=89 rank=1/3 b=50 t=24 var_idx=2 tp=0.945236 y_true=0.406139 y_pred=0.406140 diff=0.000001 abs_err=0.000001
INFO | TOP_BEST | split=test epoch=89 rank=2/3 b=5 t=3 var_idx=3 tp=0.784196 y_true=0.300565 y_pred=0.300564 diff=-0.000002 abs_err=0.000002
INFO | TOP_BEST | split=test epoch=89 rank=3/3 b=62 t=8 var_idx=7 tp=0.814954 y_true=0.603932 y_pred=0.603929 diff=-0.000003 abs_err=0.000003
INFO | TOP_OK | split=test epoch=89 rank=1/3 b=0 t=0 var_idx=7 tp=0.750188 y_true=0.552868 y_pred=0.541198
INFO | TOP_OK | split=test epoch=89 rank=2/3 b=0 t=2 var_idx=3 tp=0.763691 y_true=0.755550 y_pred=0.790199
INFO | TOP_OK | split=test epoch=89 rank=3/3 b=0 t=2 var_idx=5 tp=0.763691 y_true=0.608434 y_pred=0.626976
INFO | TOP_ERR | split=test epoch=96 rank=1/10 b=47 t=28 var_idx=9 tp=0.978995 y_true=0.262216 y_pred=0.744935 diff=0.482720 abs_err=0.482720
INFO | TOP_ERR | split=test epoch=96 rank=2/10 b=47 t=24 var_idx=6 tp=0.945236 y_true=0.324231 y_pred=0.798132 diff=0.473901 abs_err=0.473901
INFO | TOP_ERR | split=test epoch=96 rank=3/10 b=60 t=7 var_idx=9 tp=0.808202 y_true=0.720162 y_pred=0.321578 diff=-0.398583 abs_err=0.398583
INFO | TOP_ERR | split=test epoch=96 rank=4/10 b=7 t=7 var_idx=0 tp=0.804451 y_true=0.670168 y_pred=0.288593 diff=-0.381575 abs_err=0.381575
INFO | TOP_ERR | split=test epoch=96 rank=5/10 b=60 t=11 var_idx=9 tp=0.835209 y_true=0.692128 y_pred=0.321995 diff=-0.370133 abs_err=0.370133
INFO | TOP_ERR | split=test epoch=96 rank=6/10 b=28 t=17 var_idx=10 tp=0.917729 y_true=0.911302 y_pred=0.565870 diff=-0.345432 abs_err=0.345432
INFO | TOP_ERR | split=test epoch=96 rank=7/10 b=4 t=15 var_idx=10 tp=0.892223 y_true=0.791293 y_pred=0.461964 diff=-0.329329 abs_err=0.329329
INFO | TOP_ERR | split=test epoch=96 rank=8/10 b=32 t=23 var_idx=2 tp=0.931233 y_true=0.747928 y_pred=0.432866 diff=-0.315063 abs_err=0.315063
INFO | TOP_ERR | split=test epoch=96 rank=9/10 b=3 t=23 var_idx=10 tp=0.925982 y_true=0.806160 y_pred=0.493458 diff=-0.312702 abs_err=0.312702
INFO | TOP_ERR | split=test epoch=96 rank=10/10 b=3 t=23 var_idx=11 tp=0.925982 y_true=0.941412 y_pred=0.641382 diff=-0.300029 abs_err=0.300029
INFO | TOP_BEST | split=test epoch=96 rank=1/3 b=51 t=23 var_idx=0 tp=0.938485 y_true=0.620111 y_pred=0.620114 diff=0.000003 abs_err=0.000003
INFO | TOP_BEST | split=test epoch=96 rank=2/3 b=35 t=12 var_idx=6 tp=0.863716 y_true=0.778736 y_pred=0.778766 diff=0.000030 abs_err=0.000030
INFO | TOP_BEST | split=test epoch=96 rank=3/3 b=10 t=24 var_idx=0 tp=0.946487 y_true=0.497361 y_pred=0.497403 diff=0.000042 abs_err=0.000042
INFO | TOP_OK | split=test epoch=96 rank=1/3 b=0 t=1 var_idx=11 tp=0.756939 y_true=0.662485 y_pred=0.644882
INFO | TOP_OK | split=test epoch=96 rank=2/3 b=0 t=3 var_idx=1 tp=0.770443 y_true=0.486860 y_pred=0.475358
INFO | TOP_OK | split=test epoch=96 rank=3/3 b=0 t=4 var_idx=10 tp=0.783946 y_true=0.534366 y_pred=0.515409
INFO | TOP_ERR | split=test epoch=97 rank=1/10 b=47 t=28 var_idx=9 tp=0.978995 y_true=0.262216 y_pred=0.760156 diff=0.497941 abs_err=0.497941
INFO | TOP_ERR | split=test epoch=97 rank=2/10 b=47 t=24 var_idx=6 tp=0.945236 y_true=0.324231 y_pred=0.803755 diff=0.479524 abs_err=0.479524
INFO | TOP_ERR | split=test epoch=97 rank=3/10 b=7 t=7 var_idx=0 tp=0.804451 y_true=0.670168 y_pred=0.278122 diff=-0.392046 abs_err=0.392046
INFO | TOP_ERR | split=test epoch=97 rank=4/10 b=60 t=7 var_idx=9 tp=0.808202 y_true=0.720162 y_pred=0.331377 diff=-0.388785 abs_err=0.388785
INFO | TOP_ERR | split=test epoch=97 rank=5/10 b=60 t=11 var_idx=9 tp=0.835209 y_true=0.692128 y_pred=0.332052 diff=-0.360076 abs_err=0.360076
INFO | TOP_ERR | split=test epoch=97 rank=6/10 b=28 t=17 var_idx=10 tp=0.917729 y_true=0.911302 y_pred=0.561169 diff=-0.350133 abs_err=0.350133
INFO | TOP_ERR | split=test epoch=97 rank=7/10 b=4 t=15 var_idx=10 tp=0.892223 y_true=0.791293 y_pred=0.455221 diff=-0.336071 abs_err=0.336071
INFO | TOP_ERR | split=test epoch=97 rank=8/10 b=3 t=23 var_idx=11 tp=0.925982 y_true=0.941412 y_pred=0.625451 diff=-0.315961 abs_err=0.315961
INFO | TOP_ERR | split=test epoch=97 rank=9/10 b=14 t=21 var_idx=2 tp=0.919480 y_true=0.669667 y_pred=0.358346 diff=-0.311322 abs_err=0.311322
INFO | TOP_ERR | split=test epoch=97 rank=10/10 b=3 t=23 var_idx=10 tp=0.925982 y_true=0.806160 y_pred=0.497055 diff=-0.309105 abs_err=0.309105
INFO | TOP_BEST | split=test epoch=97 rank=1/3 b=38 t=17 var_idx=1 tp=0.890973 y_true=0.383381 y_pred=0.383381 diff=0.000000 abs_err=0.000000
INFO | TOP_BEST | split=test epoch=97 rank=2/3 b=16 t=18 var_idx=5 tp=0.899225 y_true=0.572468 y_pred=0.572462 diff=-0.000007 abs_err=0.000007
INFO | TOP_BEST | split=test epoch=97 rank=3/3 b=36 t=21 var_idx=6 tp=0.938235 y_true=0.788770 y_pred=0.788762 diff=-0.000007 abs_err=0.000007
INFO | TOP_OK | split=test epoch=97 rank=1/3 b=0 t=0 var_idx=7 tp=0.750188 y_true=0.552868 y_pred=0.534510
INFO | TOP_OK | split=test epoch=97 rank=2/3 b=0 t=1 var_idx=11 tp=0.756939 y_true=0.662485 y_pred=0.636104
INFO | TOP_OK | split=test epoch=97 rank=3/3 b=0 t=2 var_idx=5 tp=0.763691 y_true=0.608434 y_pred=0.625803
INFO | TOP_ERR | split=test epoch=116 rank=1/10 b=47 t=28 var_idx=9 tp=0.978995 y_true=0.262216 y_pred=0.751657 diff=0.489442 abs_err=0.489442
INFO | TOP_ERR | split=test epoch=116 rank=2/10 b=47 t=24 var_idx=6 tp=0.945236 y_true=0.324231 y_pred=0.798216 diff=0.473985 abs_err=0.473985
INFO | TOP_ERR | split=test epoch=116 rank=3/10 b=7 t=7 var_idx=0 tp=0.804451 y_true=0.670168 y_pred=0.276188 diff=-0.393980 abs_err=0.393980
INFO | TOP_ERR | split=test epoch=116 rank=4/10 b=60 t=7 var_idx=9 tp=0.808202 y_true=0.720162 y_pred=0.355131 diff=-0.365030 abs_err=0.365030
INFO | TOP_ERR | split=test epoch=116 rank=5/10 b=28 t=17 var_idx=10 tp=0.917729 y_true=0.911302 y_pred=0.574145 diff=-0.337157 abs_err=0.337157
INFO | TOP_ERR | split=test epoch=116 rank=6/10 b=60 t=11 var_idx=9 tp=0.835209 y_true=0.692128 y_pred=0.355484 diff=-0.336644 abs_err=0.336644
INFO | TOP_ERR | split=test epoch=116 rank=7/10 b=4 t=15 var_idx=10 tp=0.892223 y_true=0.791293 y_pred=0.458524 diff=-0.332768 abs_err=0.332768
INFO | TOP_ERR | split=test epoch=116 rank=8/10 b=3 t=23 var_idx=11 tp=0.925982 y_true=0.941412 y_pred=0.635388 diff=-0.306024 abs_err=0.306024
INFO | TOP_ERR | split=test epoch=116 rank=9/10 b=3 t=23 var_idx=10 tp=0.925982 y_true=0.806160 y_pred=0.500801 diff=-0.305359 abs_err=0.305359
INFO | TOP_ERR | split=test epoch=116 rank=10/10 b=60 t=21 var_idx=10 tp=0.916229 y_true=0.205834 y_pred=0.509295 diff=0.303462 abs_err=0.303462
INFO | TOP_BEST | split=test epoch=116 rank=1/3 b=4 t=23 var_idx=5 tp=0.980245 y_true=0.554278 y_pred=0.554279 diff=0.000000 abs_err=0.000000
INFO | TOP_BEST | split=test epoch=116 rank=2/3 b=36 t=29 var_idx=9 tp=0.999000 y_true=0.783026 y_pred=0.783037 diff=0.000011 abs_err=0.000011
INFO | TOP_BEST | split=test epoch=116 rank=3/3 b=43 t=16 var_idx=3 tp=0.877469 y_true=0.620205 y_pred=0.620223 diff=0.000017 abs_err=0.000017
INFO | TOP_OK | split=test epoch=116 rank=1/3 b=0 t=0 var_idx=6 tp=0.750188 y_true=0.724202 y_pred=0.705980
INFO | TOP_OK | split=test epoch=116 rank=2/3 b=0 t=0 var_idx=7 tp=0.750188 y_true=0.552868 y_pred=0.556605
INFO | TOP_OK | split=test epoch=116 rank=3/3 b=0 t=1 var_idx=11 tp=0.756939 y_true=0.662485 y_pred=0.643586
INFO | TOP_ERR | split=test epoch=123 rank=1/10 b=47 t=28 var_idx=9 tp=0.978995 y_true=0.262216 y_pred=0.753191 diff=0.490975 abs_err=0.490975
INFO | TOP_ERR | split=test epoch=123 rank=2/10 b=47 t=24 var_idx=6 tp=0.945236 y_true=0.324231 y_pred=0.803066 diff=0.478835 abs_err=0.478835
INFO | TOP_ERR | split=test epoch=123 rank=3/10 b=7 t=7 var_idx=0 tp=0.804451 y_true=0.670168 y_pred=0.284659 diff=-0.385509 abs_err=0.385509
INFO | TOP_ERR | split=test epoch=123 rank=4/10 b=60 t=7 var_idx=9 tp=0.808202 y_true=0.720162 y_pred=0.351496 diff=-0.368666 abs_err=0.368666
INFO | TOP_ERR | split=test epoch=123 rank=5/10 b=28 t=17 var_idx=10 tp=0.917729 y_true=0.911302 y_pred=0.560819 diff=-0.350483 abs_err=0.350483
INFO | TOP_ERR | split=test epoch=123 rank=6/10 b=4 t=15 var_idx=10 tp=0.892223 y_true=0.791293 y_pred=0.445717 diff=-0.345576 abs_err=0.345576
INFO | TOP_ERR | split=test epoch=123 rank=7/10 b=60 t=11 var_idx=9 tp=0.835209 y_true=0.692128 y_pred=0.351716 diff=-0.340412 abs_err=0.340412
INFO | TOP_ERR | split=test epoch=123 rank=8/10 b=3 t=23 var_idx=10 tp=0.925982 y_true=0.806160 y_pred=0.488492 diff=-0.317667 abs_err=0.317667
INFO | TOP_ERR | split=test epoch=123 rank=9/10 b=3 t=23 var_idx=11 tp=0.925982 y_true=0.941412 y_pred=0.631713 diff=-0.309699 abs_err=0.309699
INFO | TOP_ERR | split=test epoch=123 rank=10/10 b=32 t=23 var_idx=2 tp=0.931233 y_true=0.747928 y_pred=0.445929 diff=-0.301999 abs_err=0.301999
INFO | TOP_BEST | split=test epoch=123 rank=1/3 b=51 t=13 var_idx=1 tp=0.857464 y_true=0.511429 y_pred=0.511423 diff=-0.000006 abs_err=0.000006
INFO | TOP_BEST | split=test epoch=123 rank=2/3 b=49 t=2 var_idx=8 tp=0.769442 y_true=0.530491 y_pred=0.530479 diff=-0.000012 abs_err=0.000012
INFO | TOP_BEST | split=test epoch=123 rank=3/3 b=4 t=3 var_idx=9 tp=0.784196 y_true=0.229479 y_pred=0.229466 diff=-0.000013 abs_err=0.000013
INFO | TOP_OK | split=test epoch=123 rank=1/3 b=0 t=0 var_idx=7 tp=0.750188 y_true=0.552868 y_pred=0.560613
INFO | TOP_OK | split=test epoch=123 rank=2/3 b=0 t=1 var_idx=11 tp=0.756939 y_true=0.662485 y_pred=0.652539
INFO | TOP_OK | split=test epoch=123 rank=3/3 b=0 t=2 var_idx=3 tp=0.763691 y_true=0.755550 y_pred=0.783617
INFO | TOP_ERR | split=test epoch=0 rank=1/10 b=3 t=23 var_idx=9 tp=0.925982 y_true=0.039639 y_pred=0.508376 diff=0.468737 abs_err=0.468737
INFO | TOP_ERR | split=test epoch=0 rank=2/10 b=4 t=15 var_idx=9 tp=0.892223 y_true=0.038542 y_pred=0.505985 diff=0.467443 abs_err=0.467443
INFO | TOP_ERR | split=test epoch=0 rank=3/10 b=60 t=18 var_idx=9 tp=0.889222 y_true=0.073623 y_pred=0.507132 diff=0.433509 abs_err=0.433509
INFO | TOP_ERR | split=test epoch=0 rank=4/10 b=28 t=17 var_idx=10 tp=0.917729 y_true=0.911302 y_pred=0.480144 diff=-0.431158 abs_err=0.431158
INFO | TOP_ERR | split=test epoch=0 rank=5/10 b=60 t=21 var_idx=9 tp=0.916229 y_true=0.076939 y_pred=0.507753 diff=0.430814 abs_err=0.430814
INFO | TOP_ERR | split=test epoch=0 rank=6/10 b=3 t=23 var_idx=11 tp=0.925982 y_true=0.941412 y_pred=0.548748 diff=-0.392664 abs_err=0.392664
INFO | TOP_ERR | split=test epoch=0 rank=7/10 b=4 t=15 var_idx=11 tp=0.892223 y_true=0.927668 y_pred=0.549444 diff=-0.378224 abs_err=0.378224
INFO | TOP_ERR | split=test epoch=0 rank=8/10 b=43 t=0 var_idx=6 tp=0.755939 y_true=0.851631 y_pred=0.487089 diff=-0.364542 abs_err=0.364542
INFO | TOP_ERR | split=test epoch=0 rank=9/10 b=45 t=5 var_idx=6 tp=0.796449 y_true=0.848218 y_pred=0.488304 diff=-0.359914 abs_err=0.359914
INFO | TOP_ERR | split=test epoch=0 rank=10/10 b=39 t=9 var_idx=6 tp=0.836959 y_true=0.839157 y_pred=0.489544 diff=-0.349614 abs_err=0.349614
INFO | TOP_BEST | split=test epoch=0 rank=1/3 b=49 t=18 var_idx=5 tp=0.918230 y_true=0.548781 y_pred=0.548780 diff=-0.000001 abs_err=0.000001
INFO | TOP_BEST | split=test epoch=0 rank=2/3 b=21 t=21 var_idx=9 tp=0.937734 y_true=0.510191 y_pred=0.510151 diff=-0.000040 abs_err=0.000040
INFO | TOP_BEST | split=test epoch=0 rank=3/3 b=11 t=21 var_idx=9 tp=0.926232 y_true=0.509641 y_pred=0.509703 diff=0.000062 abs_err=0.000062
INFO | TOP_OK | split=test epoch=0 rank=1/3 b=0 t=1 var_idx=10 tp=0.756939 y_true=0.479089 y_pred=0.474357
INFO | TOP_OK | split=test epoch=0 rank=2/3 b=0 t=3 var_idx=1 tp=0.770443 y_true=0.486860 y_pred=0.472469
INFO | TOP_OK | split=test epoch=0 rank=3/3 b=0 t=8 var_idx=4 tp=0.817954 y_true=0.487502 y_pred=0.478347
INFO | TOP_ERR | split=test epoch=1 rank=1/10 b=47 t=24 var_idx=6 tp=0.945236 y_true=0.324231 y_pred=0.813398 diff=0.489167 abs_err=0.489167
INFO | TOP_ERR | split=test epoch=1 rank=2/10 b=47 t=28 var_idx=9 tp=0.978995 y_true=0.262216 y_pred=0.717922 diff=0.455706 abs_err=0.455706
INFO | TOP_ERR | split=test epoch=1 rank=3/10 b=3 t=23 var_idx=9 tp=0.925982 y_true=0.039639 y_pred=0.440532 diff=0.400893 abs_err=0.400893
INFO | TOP_ERR | split=test epoch=1 rank=4/10 b=60 t=18 var_idx=9 tp=0.889222 y_true=0.073623 y_pred=0.417834 diff=0.344211 abs_err=0.344211
INFO | TOP_ERR | split=test epoch=1 rank=5/10 b=60 t=21 var_idx=9 tp=0.916229 y_true=0.076939 y_pred=0.418360 diff=0.341421 abs_err=0.341421
INFO | TOP_ERR | split=test epoch=1 rank=6/10 b=28 t=17 var_idx=10 tp=0.917729 y_true=0.911302 y_pred=0.578097 diff=-0.333205 abs_err=0.333205
INFO | TOP_ERR | split=test epoch=1 rank=7/10 b=60 t=21 var_idx=10 tp=0.916229 y_true=0.205834 y_pred=0.527767 diff=0.321933 abs_err=0.321933
INFO | TOP_ERR | split=test epoch=1 rank=8/10 b=60 t=18 var_idx=10 tp=0.889222 y_true=0.206419 y_pred=0.527241 diff=0.320822 abs_err=0.320822
INFO | TOP_ERR | split=test epoch=1 rank=9/10 b=9 t=23 var_idx=9 tp=0.939735 y_true=0.743767 y_pred=0.423592 diff=-0.320175 abs_err=0.320175
INFO | TOP_ERR | split=test epoch=1 rank=10/10 b=7 t=7 var_idx=0 tp=0.804451 y_true=0.670168 y_pred=0.350120 diff=-0.320048 abs_err=0.320048
INFO | TOP_BEST | split=test epoch=1 rank=1/3 b=25 t=16 var_idx=7 tp=0.876969 y_true=0.608396 y_pred=0.608404 diff=0.000009 abs_err=0.000009
INFO | TOP_BEST | split=test epoch=1 rank=2/3 b=26 t=15 var_idx=11 tp=0.877219 y_true=0.553286 y_pred=0.553268 diff=-0.000018 abs_err=0.000018
INFO | TOP_BEST | split=test epoch=1 rank=3/3 b=39 t=1 var_idx=5 tp=0.769192 y_true=0.551321 y_pred=0.551341 diff=0.000020 abs_err=0.000020
INFO | TOP_OK | split=test epoch=1 rank=1/3 b=0 t=1 var_idx=10 tp=0.756939 y_true=0.479089 y_pred=0.498671
INFO | TOP_OK | split=test epoch=1 rank=2/3 b=0 t=2 var_idx=5 tp=0.763691 y_true=0.608434 y_pred=0.584867
INFO | TOP_OK | split=test epoch=1 rank=3/3 b=0 t=3 var_idx=1 tp=0.770443 y_true=0.486860 y_pred=0.468765
INFO | TOP_ERR | split=test epoch=2 rank=1/10 b=47 t=28 var_idx=9 tp=0.978995 y_true=0.262216 y_pred=0.780871 diff=0.518655 abs_err=0.518655
INFO | TOP_ERR | split=test epoch=2 rank=2/10 b=47 t=24 var_idx=6 tp=0.945236 y_true=0.324231 y_pred=0.834148 diff=0.509917 abs_err=0.509917
INFO | TOP_ERR | split=test epoch=2 rank=3/10 b=3 t=23 var_idx=9 tp=0.925982 y_true=0.039639 y_pred=0.410638 diff=0.371000 abs_err=0.371000
INFO | TOP_ERR | split=test epoch=2 rank=4/10 b=60 t=21 var_idx=10 tp=0.916229 y_true=0.205834 y_pred=0.566975 diff=0.361142 abs_err=0.361142
INFO | TOP_ERR | split=test epoch=2 rank=5/10 b=60 t=18 var_idx=10 tp=0.889222 y_true=0.206419 y_pred=0.566465 diff=0.360047 abs_err=0.360047
INFO | TOP_ERR | split=test epoch=2 rank=6/10 b=7 t=7 var_idx=0 tp=0.804451 y_true=0.670168 y_pred=0.323813 diff=-0.346355 abs_err=0.346355
INFO | TOP_ERR | split=test epoch=2 rank=7/10 b=9 t=23 var_idx=9 tp=0.939735 y_true=0.743767 y_pred=0.403168 diff=-0.340600 abs_err=0.340600
INFO | TOP_ERR | split=test epoch=2 rank=8/10 b=60 t=7 var_idx=9 tp=0.808202 y_true=0.720162 y_pred=0.383027 diff=-0.337134 abs_err=0.337134
INFO | TOP_ERR | split=test epoch=2 rank=9/10 b=9 t=19 var_idx=9 tp=0.912728 y_true=0.739735 y_pred=0.402757 diff=-0.336978 abs_err=0.336978
INFO | TOP_ERR | split=test epoch=2 rank=10/10 b=1 t=6 var_idx=9 tp=0.804451 y_true=0.358579 y_pred=0.685399 diff=0.326820 abs_err=0.326820
INFO | TOP_BEST | split=test epoch=2 rank=1/3 b=31 t=25 var_idx=5 tp=0.958240 y_true=0.604643 y_pred=0.604664 diff=0.000021 abs_err=0.000021
INFO | TOP_BEST | split=test epoch=2 rank=2/3 b=0 t=23 var_idx=0 tp=0.932733 y_true=0.712463 y_pred=0.712495 diff=0.000032 abs_err=0.000032
INFO | TOP_BEST | split=test epoch=2 rank=3/3 b=50 t=10 var_idx=0 tp=0.836959 y_true=0.617012 y_pred=0.616979 diff=-0.000034 abs_err=0.000034
INFO | TOP_OK | split=test epoch=2 rank=1/3 b=0 t=0 var_idx=6 tp=0.750188 y_true=0.724202 y_pred=0.701091
INFO | TOP_OK | split=test epoch=2 rank=2/3 b=0 t=1 var_idx=9 tp=0.756939 y_true=0.764134 y_pred=0.746397
INFO | TOP_OK | split=test epoch=2 rank=3/3 b=0 t=1 var_idx=11 tp=0.756939 y_true=0.662485 y_pred=0.655657
INFO | TOP_ERR | split=test epoch=3 rank=1/10 b=47 t=28 var_idx=9 tp=0.978995 y_true=0.262216 y_pred=0.766489 diff=0.504273 abs_err=0.504273
INFO | TOP_ERR | split=test epoch=3 rank=2/10 b=47 t=24 var_idx=6 tp=0.945236 y_true=0.324231 y_pred=0.823107 diff=0.498876 abs_err=0.498876
INFO | TOP_ERR | split=test epoch=3 rank=3/10 b=9 t=23 var_idx=9 tp=0.939735 y_true=0.743767 y_pred=0.334426 diff=-0.409341 abs_err=0.409341
INFO | TOP_ERR | split=test epoch=3 rank=4/10 b=9 t=19 var_idx=9 tp=0.912728 y_true=0.739735 y_pred=0.333947 diff=-0.405787 abs_err=0.405787
INFO | TOP_ERR | split=test epoch=3 rank=5/10 b=7 t=7 var_idx=0 tp=0.804451 y_true=0.670168 y_pred=0.265173 diff=-0.404995 abs_err=0.404995
INFO | TOP_ERR | split=test epoch=3 rank=6/10 b=60 t=7 var_idx=9 tp=0.808202 y_true=0.720162 y_pred=0.315252 diff=-0.404910 abs_err=0.404910
INFO | TOP_ERR | split=test epoch=3 rank=7/10 b=60 t=11 var_idx=9 tp=0.835209 y_true=0.692128 y_pred=0.315760 diff=-0.376367 abs_err=0.376367
INFO | TOP_ERR | split=test epoch=3 rank=8/10 b=14 t=21 var_idx=2 tp=0.919480 y_true=0.669667 y_pred=0.301521 diff=-0.368147 abs_err=0.368147
INFO | TOP_ERR | split=test epoch=3 rank=9/10 b=32 t=23 var_idx=2 tp=0.931233 y_true=0.747928 y_pred=0.412628 diff=-0.335301 abs_err=0.335301
INFO | TOP_ERR | split=test epoch=3 rank=10/10 b=6 t=24 var_idx=10 tp=0.959990 y_true=0.766321 y_pred=0.440947 diff=-0.325374 abs_err=0.325374
INFO | TOP_BEST | split=test epoch=3 rank=1/3 b=14 t=19 var_idx=10 tp=0.905976 y_true=0.585751 y_pred=0.585751 diff=-0.000000 abs_err=0.000000
INFO | TOP_BEST | split=test epoch=3 rank=2/3 b=25 t=3 var_idx=11 tp=0.775694 y_true=0.565649 y_pred=0.565636 diff=-0.000013 abs_err=0.000013
INFO | TOP_BEST | split=test epoch=3 rank=3/3 b=43 t=10 var_idx=0 tp=0.830208 y_true=0.551808 y_pred=0.551789 diff=-0.000019 abs_err=0.000019
INFO | TOP_OK | split=test epoch=3 rank=1/3 b=0 t=0 var_idx=6 tp=0.750188 y_true=0.724202 y_pred=0.695533
INFO | TOP_OK | split=test epoch=3 rank=2/3 b=0 t=1 var_idx=9 tp=0.756939 y_true=0.764134 y_pred=0.731493
INFO | TOP_OK | split=test epoch=3 rank=3/3 b=0 t=1 var_idx=10 tp=0.756939 y_true=0.479089 y_pred=0.476021
INFO | TOP_ERR | split=test epoch=5 rank=1/10 b=47 t=28 var_idx=9 tp=0.978995 y_true=0.262216 y_pred=0.773407 diff=0.511192 abs_err=0.511192
INFO | TOP_ERR | split=test epoch=5 rank=2/10 b=47 t=24 var_idx=6 tp=0.945236 y_true=0.324231 y_pred=0.809803 diff=0.485572 abs_err=0.485572
INFO | TOP_ERR | split=test epoch=5 rank=3/10 b=9 t=23 var_idx=9 tp=0.939735 y_true=0.743767 y_pred=0.369334 diff=-0.374433 abs_err=0.374433
INFO | TOP_ERR | split=test epoch=5 rank=4/10 b=60 t=7 var_idx=9 tp=0.808202 y_true=0.720162 y_pred=0.348236 diff=-0.371926 abs_err=0.371926
INFO | TOP_ERR | split=test epoch=5 rank=5/10 b=9 t=19 var_idx=9 tp=0.912728 y_true=0.739735 y_pred=0.368985 diff=-0.370749 abs_err=0.370749
INFO | TOP_ERR | split=test epoch=5 rank=6/10 b=7 t=7 var_idx=0 tp=0.804451 y_true=0.670168 y_pred=0.302518 diff=-0.367650 abs_err=0.367650
INFO | TOP_ERR | split=test epoch=5 rank=7/10 b=14 t=21 var_idx=2 tp=0.919480 y_true=0.669667 y_pred=0.314631 diff=-0.355037 abs_err=0.355037
INFO | TOP_ERR | split=test epoch=5 rank=8/10 b=60 t=11 var_idx=9 tp=0.835209 y_true=0.692128 y_pred=0.348618 diff=-0.343510 abs_err=0.343510
INFO | TOP_ERR | split=test epoch=5 rank=9/10 b=3 t=23 var_idx=9 tp=0.925982 y_true=0.039639 y_pred=0.362170 diff=0.322531 abs_err=0.322531
INFO | TOP_ERR | split=test epoch=5 rank=10/10 b=32 t=23 var_idx=2 tp=0.931233 y_true=0.747928 y_pred=0.427394 diff=-0.320534 abs_err=0.320534
INFO | TOP_BEST | split=test epoch=5 rank=1/3 b=17 t=2 var_idx=1 tp=0.764191 y_true=0.329946 y_pred=0.329945 diff=-0.000001 abs_err=0.000001
INFO | TOP_BEST | split=test epoch=5 rank=2/3 b=40 t=19 var_idx=6 tp=0.911228 y_true=0.810754 y_pred=0.810756 diff=0.000001 abs_err=0.000001
INFO | TOP_BEST | split=test epoch=5 rank=3/3 b=19 t=6 var_idx=5 tp=0.795949 y_true=0.602551 y_pred=0.602549 diff=-0.000003 abs_err=0.000003
INFO | TOP_OK | split=test epoch=5 rank=1/3 b=0 t=0 var_idx=6 tp=0.750188 y_true=0.724202 y_pred=0.746891
INFO | TOP_OK | split=test epoch=5 rank=2/3 b=0 t=0 var_idx=7 tp=0.750188 y_true=0.552868 y_pred=0.565212
INFO | TOP_OK | split=test epoch=5 rank=3/3 b=0 t=0 var_idx=8 tp=0.750188 y_true=0.753995 y_pred=0.745600
INFO | TOP_ERR | split=test epoch=10 rank=1/10 b=47 t=28 var_idx=9 tp=0.978995 y_true=0.262216 y_pred=0.746383 diff=0.484168 abs_err=0.484168
INFO | TOP_ERR | split=test epoch=10 rank=2/10 b=47 t=24 var_idx=6 tp=0.945236 y_true=0.324231 y_pred=0.805297 diff=0.481066 abs_err=0.481066
INFO | TOP_ERR | split=test epoch=10 rank=3/10 b=7 t=7 var_idx=0 tp=0.804451 y_true=0.670168 y_pred=0.280078 diff=-0.390090 abs_err=0.390090
INFO | TOP_ERR | split=test epoch=10 rank=4/10 b=60 t=7 var_idx=9 tp=0.808202 y_true=0.720162 y_pred=0.334250 diff=-0.385912 abs_err=0.385912
INFO | TOP_ERR | split=test epoch=10 rank=5/10 b=9 t=23 var_idx=9 tp=0.939735 y_true=0.743767 y_pred=0.360641 diff=-0.383126 abs_err=0.383126
INFO | TOP_ERR | split=test epoch=10 rank=6/10 b=9 t=19 var_idx=9 tp=0.912728 y_true=0.739735 y_pred=0.360364 diff=-0.379371 abs_err=0.379371
INFO | TOP_ERR | split=test epoch=10 rank=7/10 b=14 t=21 var_idx=2 tp=0.919480 y_true=0.669667 y_pred=0.303477 diff=-0.366191 abs_err=0.366191
INFO | TOP_ERR | split=test epoch=10 rank=8/10 b=60 t=11 var_idx=9 tp=0.835209 y_true=0.692128 y_pred=0.334561 diff=-0.357567 abs_err=0.357567
INFO | TOP_ERR | split=test epoch=10 rank=9/10 b=28 t=17 var_idx=10 tp=0.917729 y_true=0.911302 y_pred=0.570729 diff=-0.340573 abs_err=0.340573
INFO | TOP_ERR | split=test epoch=10 rank=10/10 b=32 t=23 var_idx=2 tp=0.931233 y_true=0.747928 y_pred=0.412581 diff=-0.335347 abs_err=0.335347
INFO | TOP_BEST | split=test epoch=10 rank=1/3 b=47 t=17 var_idx=7 tp=0.890973 y_true=0.425260 y_pred=0.425261 diff=0.000001 abs_err=0.000001
INFO | TOP_BEST | split=test epoch=10 rank=2/3 b=23 t=9 var_idx=6 tp=0.836459 y_true=0.513548 y_pred=0.513556 diff=0.000008 abs_err=0.000008
INFO | TOP_BEST | split=test epoch=10 rank=3/3 b=57 t=21 var_idx=3 tp=0.916229 y_true=0.585669 y_pred=0.585700 diff=0.000031 abs_err=0.000031
INFO | TOP_OK | split=test epoch=10 rank=1/3 b=0 t=0 var_idx=6 tp=0.750188 y_true=0.724202 y_pred=0.739665
INFO | TOP_OK | split=test epoch=10 rank=2/3 b=0 t=0 var_idx=7 tp=0.750188 y_true=0.552868 y_pred=0.570231
INFO | TOP_OK | split=test epoch=10 rank=3/3 b=0 t=0 var_idx=8 tp=0.750188 y_true=0.753995 y_pred=0.738616
INFO | TOP_ERR | split=test epoch=12 rank=1/10 b=47 t=24 var_idx=6 tp=0.945236 y_true=0.324231 y_pred=0.848451 diff=0.524220 abs_err=0.524220
INFO | TOP_ERR | split=test epoch=12 rank=2/10 b=47 t=28 var_idx=9 tp=0.978995 y_true=0.262216 y_pred=0.753018 diff=0.490802 abs_err=0.490802
INFO | TOP_ERR | split=test epoch=12 rank=3/10 b=7 t=7 var_idx=0 tp=0.804451 y_true=0.670168 y_pred=0.290338 diff=-0.379830 abs_err=0.379830
INFO | TOP_ERR | split=test epoch=12 rank=4/10 b=60 t=7 var_idx=9 tp=0.808202 y_true=0.720162 y_pred=0.351279 diff=-0.368882 abs_err=0.368882
INFO | TOP_ERR | split=test epoch=12 rank=5/10 b=9 t=23 var_idx=9 tp=0.939735 y_true=0.743767 y_pred=0.378460 diff=-0.365308 abs_err=0.365308
INFO | TOP_ERR | split=test epoch=12 rank=6/10 b=9 t=19 var_idx=9 tp=0.912728 y_true=0.739735 y_pred=0.378172 diff=-0.361562 abs_err=0.361562
INFO | TOP_ERR | split=test epoch=12 rank=7/10 b=14 t=21 var_idx=2 tp=0.919480 y_true=0.669667 y_pred=0.314324 diff=-0.355344 abs_err=0.355344
INFO | TOP_ERR | split=test epoch=12 rank=8/10 b=60 t=11 var_idx=9 tp=0.835209 y_true=0.692128 y_pred=0.351622 diff=-0.340506 abs_err=0.340506
INFO | TOP_ERR | split=test epoch=12 rank=9/10 b=32 t=23 var_idx=2 tp=0.931233 y_true=0.747928 y_pred=0.424831 diff=-0.323097 abs_err=0.323097
INFO | TOP_ERR | split=test epoch=12 rank=10/10 b=28 t=17 var_idx=10 tp=0.917729 y_true=0.911302 y_pred=0.589052 diff=-0.322250 abs_err=0.322250
INFO | TOP_BEST | split=test epoch=12 rank=1/3 b=42 t=26 var_idx=11 tp=0.958490 y_true=0.433310 y_pred=0.433313 diff=0.000003 abs_err=0.000003
INFO | TOP_BEST | split=test epoch=12 rank=2/3 b=24 t=5 var_idx=0 tp=0.795949 y_true=0.402960 y_pred=0.402964 diff=0.000003 abs_err=0.000003
INFO | TOP_BEST | split=test epoch=12 rank=3/3 b=16 t=3 var_idx=0 tp=0.770943 y_true=0.496981 y_pred=0.496964 diff=-0.000016 abs_err=0.000016
INFO | TOP_OK | split=test epoch=12 rank=1/3 b=0 t=0 var_idx=6 tp=0.750188 y_true=0.724202 y_pred=0.741484
INFO | TOP_OK | split=test epoch=12 rank=2/3 b=0 t=0 var_idx=7 tp=0.750188 y_true=0.552868 y_pred=0.572800
INFO | TOP_OK | split=test epoch=12 rank=3/3 b=0 t=0 var_idx=8 tp=0.750188 y_true=0.753995 y_pred=0.733868
INFO | TOP_ERR | split=test epoch=13 rank=1/10 b=47 t=24 var_idx=6 tp=0.945236 y_true=0.324231 y_pred=0.834568 diff=0.510337 abs_err=0.510337
INFO | TOP_ERR | split=test epoch=13 rank=2/10 b=47 t=28 var_idx=9 tp=0.978995 y_true=0.262216 y_pred=0.750505 diff=0.488289 abs_err=0.488289
INFO | TOP_ERR | split=test epoch=13 rank=3/10 b=7 t=7 var_idx=0 tp=0.804451 y_true=0.670168 y_pred=0.307966 diff=-0.362202 abs_err=0.362202
INFO | TOP_ERR | split=test epoch=13 rank=4/10 b=60 t=7 var_idx=9 tp=0.808202 y_true=0.720162 y_pred=0.359562 diff=-0.360600 abs_err=0.360600
INFO | TOP_ERR | split=test epoch=13 rank=5/10 b=9 t=23 var_idx=9 tp=0.939735 y_true=0.743767 y_pred=0.387942 diff=-0.355825 abs_err=0.355825
INFO | TOP_ERR | split=test epoch=13 rank=6/10 b=9 t=19 var_idx=9 tp=0.912728 y_true=0.739735 y_pred=0.387668 diff=-0.352066 abs_err=0.352066
INFO | TOP_ERR | split=test epoch=13 rank=7/10 b=14 t=21 var_idx=2 tp=0.919480 y_true=0.669667 y_pred=0.331888 diff=-0.337780 abs_err=0.337780
INFO | TOP_ERR | split=test epoch=13 rank=8/10 b=60 t=11 var_idx=9 tp=0.835209 y_true=0.692128 y_pred=0.359906 diff=-0.332222 abs_err=0.332222
INFO | TOP_ERR | split=test epoch=13 rank=9/10 b=28 t=17 var_idx=10 tp=0.917729 y_true=0.911302 y_pred=0.585299 diff=-0.326004 abs_err=0.326004
INFO | TOP_ERR | split=test epoch=13 rank=10/10 b=60 t=21 var_idx=10 tp=0.916229 y_true=0.205834 y_pred=0.522866 diff=0.317033 abs_err=0.317033
INFO | TOP_BEST | split=test epoch=13 rank=1/3 b=51 t=11 var_idx=9 tp=0.843961 y_true=0.740011 y_pred=0.740012 diff=0.000002 abs_err=0.000002
INFO | TOP_BEST | split=test epoch=13 rank=2/3 b=52 t=15 var_idx=2 tp=0.877719 y_true=0.395690 y_pred=0.395694 diff=0.000004 abs_err=0.000004
INFO | TOP_BEST | split=test epoch=13 rank=3/3 b=28 t=22 var_idx=0 tp=0.958240 y_true=0.535177 y_pred=0.535183 diff=0.000006 abs_err=0.000006
INFO | TOP_OK | split=test epoch=13 rank=1/3 b=0 t=0 var_idx=6 tp=0.750188 y_true=0.724202 y_pred=0.721730
INFO | TOP_OK | split=test epoch=13 rank=2/3 b=0 t=0 var_idx=7 tp=0.750188 y_true=0.552868 y_pred=0.564685
INFO | TOP_OK | split=test epoch=13 rank=3/3 b=0 t=1 var_idx=11 tp=0.756939 y_true=0.662485 y_pred=0.640093
INFO | TOP_ERR | split=test epoch=15 rank=1/10 b=47 t=24 var_idx=6 tp=0.945236 y_true=0.324231 y_pred=0.825920 diff=0.501689 abs_err=0.501689
INFO | TOP_ERR | split=test epoch=15 rank=2/10 b=47 t=28 var_idx=9 tp=0.978995 y_true=0.262216 y_pred=0.752996 diff=0.490780 abs_err=0.490780
INFO | TOP_ERR | split=test epoch=15 rank=3/10 b=7 t=7 var_idx=0 tp=0.804451 y_true=0.670168 y_pred=0.297198 diff=-0.372970 abs_err=0.372970
INFO | TOP_ERR | split=test epoch=15 rank=4/10 b=60 t=7 var_idx=9 tp=0.808202 y_true=0.720162 y_pred=0.352610 diff=-0.367551 abs_err=0.367551
INFO | TOP_ERR | split=test epoch=15 rank=5/10 b=9 t=23 var_idx=9 tp=0.939735 y_true=0.743767 y_pred=0.380458 diff=-0.363309 abs_err=0.363309
INFO | TOP_ERR | split=test epoch=15 rank=6/10 b=9 t=19 var_idx=9 tp=0.912728 y_true=0.739735 y_pred=0.380219 diff=-0.359516 abs_err=0.359516
INFO | TOP_ERR | split=test epoch=15 rank=7/10 b=14 t=21 var_idx=2 tp=0.919480 y_true=0.669667 y_pred=0.328918 diff=-0.340749 abs_err=0.340749
INFO | TOP_ERR | split=test epoch=15 rank=8/10 b=60 t=11 var_idx=9 tp=0.835209 y_true=0.692128 y_pred=0.352920 diff=-0.339208 abs_err=0.339208
INFO | TOP_ERR | split=test epoch=15 rank=9/10 b=28 t=17 var_idx=10 tp=0.917729 y_true=0.911302 y_pred=0.580941 diff=-0.330362 abs_err=0.330362
INFO | TOP_ERR | split=test epoch=15 rank=10/10 b=32 t=23 var_idx=2 tp=0.931233 y_true=0.747928 y_pred=0.424898 diff=-0.323030 abs_err=0.323030
INFO | TOP_BEST | split=test epoch=15 rank=1/3 b=15 t=30 var_idx=4 tp=0.987247 y_true=0.413577 y_pred=0.413577 diff=-0.000000 abs_err=0.000000
INFO | TOP_BEST | split=test epoch=15 rank=2/3 b=51 t=29 var_idx=5 tp=0.985746 y_true=0.558119 y_pred=0.558116 diff=-0.000002 abs_err=0.000002
INFO | TOP_BEST | split=test epoch=15 rank=3/3 b=12 t=4 var_idx=11 tp=0.784196 y_true=0.559932 y_pred=0.559937 diff=0.000005 abs_err=0.000005
INFO | TOP_OK | split=test epoch=15 rank=1/3 b=0 t=0 var_idx=6 tp=0.750188 y_true=0.724202 y_pred=0.709950
INFO | TOP_OK | split=test epoch=15 rank=2/3 b=0 t=0 var_idx=7 tp=0.750188 y_true=0.552868 y_pred=0.557068
INFO | TOP_OK | split=test epoch=15 rank=3/3 b=0 t=1 var_idx=11 tp=0.756939 y_true=0.662485 y_pred=0.642635
INFO | TOP_ERR | split=test epoch=30 rank=1/10 b=47 t=28 var_idx=9 tp=0.978995 y_true=0.262216 y_pred=0.786916 diff=0.524700 abs_err=0.524700
INFO | TOP_ERR | split=test epoch=30 rank=2/10 b=47 t=24 var_idx=6 tp=0.945236 y_true=0.324231 y_pred=0.848249 diff=0.524018 abs_err=0.524018
INFO | TOP_ERR | split=test epoch=30 rank=3/10 b=7 t=7 var_idx=0 tp=0.804451 y_true=0.670168 y_pred=0.267308 diff=-0.402860 abs_err=0.402860
INFO | TOP_ERR | split=test epoch=30 rank=4/10 b=60 t=7 var_idx=9 tp=0.808202 y_true=0.720162 y_pred=0.357556 diff=-0.362605 abs_err=0.362605
INFO | TOP_ERR | split=test epoch=30 rank=5/10 b=9 t=23 var_idx=9 tp=0.939735 y_true=0.743767 y_pred=0.399101 diff=-0.344667 abs_err=0.344667
INFO | TOP_ERR | split=test epoch=30 rank=6/10 b=9 t=19 var_idx=9 tp=0.912728 y_true=0.739735 y_pred=0.398957 diff=-0.340777 abs_err=0.340777
INFO | TOP_ERR | split=test epoch=30 rank=7/10 b=14 t=21 var_idx=2 tp=0.919480 y_true=0.669667 y_pred=0.331859 diff=-0.337808 abs_err=0.337808
INFO | TOP_ERR | split=test epoch=30 rank=8/10 b=4 t=15 var_idx=10 tp=0.892223 y_true=0.791293 y_pred=0.453542 diff=-0.337750 abs_err=0.337750
INFO | TOP_ERR | split=test epoch=30 rank=9/10 b=60 t=11 var_idx=9 tp=0.835209 y_true=0.692128 y_pred=0.357834 diff=-0.334294 abs_err=0.334294
INFO | TOP_ERR | split=test epoch=30 rank=10/10 b=28 t=17 var_idx=10 tp=0.917729 y_true=0.911302 y_pred=0.578906 diff=-0.332397 abs_err=0.332397
INFO | TOP_BEST | split=test epoch=30 rank=1/3 b=50 t=5 var_idx=11 tp=0.796449 y_true=0.510955 y_pred=0.510954 diff=-0.000000 abs_err=0.000000
INFO | TOP_BEST | split=test epoch=30 rank=2/3 b=0 t=0 var_idx=7 tp=0.750188 y_true=0.552868 y_pred=0.552881 diff=0.000013 abs_err=0.000013
INFO | TOP_BEST | split=test epoch=30 rank=3/3 b=3 t=2 var_idx=10 tp=0.763941 y_true=0.491612 y_pred=0.491631 diff=0.000020 abs_err=0.000020
INFO | TOP_OK | split=test epoch=30 rank=1/3 b=0 t=0 var_idx=6 tp=0.750188 y_true=0.724202 y_pred=0.746033
INFO | TOP_OK | split=test epoch=30 rank=2/3 b=0 t=0 var_idx=7 tp=0.750188 y_true=0.552868 y_pred=0.552881
INFO | TOP_OK | split=test epoch=30 rank=3/3 b=0 t=0 var_idx=8 tp=0.750188 y_true=0.753995 y_pred=0.738774
INFO | TOP_ERR | split=test epoch=31 rank=1/10 b=47 t=24 var_idx=6 tp=0.945236 y_true=0.324231 y_pred=0.836261 diff=0.512030 abs_err=0.512030
INFO | TOP_ERR | split=test epoch=31 rank=2/10 b=47 t=28 var_idx=9 tp=0.978995 y_true=0.262216 y_pred=0.773738 diff=0.511523 abs_err=0.511523
INFO | TOP_ERR | split=test epoch=31 rank=3/10 b=7 t=7 var_idx=0 tp=0.804451 y_true=0.670168 y_pred=0.268627 diff=-0.401541 abs_err=0.401541
INFO | TOP_ERR | split=test epoch=31 rank=4/10 b=60 t=7 var_idx=9 tp=0.808202 y_true=0.720162 y_pred=0.348766 diff=-0.371396 abs_err=0.371396
INFO | TOP_ERR | split=test epoch=31 rank=5/10 b=9 t=23 var_idx=9 tp=0.939735 y_true=0.743767 y_pred=0.391659 diff=-0.352108 abs_err=0.352108
INFO | TOP_ERR | split=test epoch=31 rank=6/10 b=9 t=19 var_idx=9 tp=0.912728 y_true=0.739735 y_pred=0.391446 diff=-0.348288 abs_err=0.348288
INFO | TOP_ERR | split=test epoch=31 rank=7/10 b=4 t=15 var_idx=10 tp=0.892223 y_true=0.791293 y_pred=0.445223 diff=-0.346069 abs_err=0.346069
INFO | TOP_ERR | split=test epoch=31 rank=8/10 b=28 t=17 var_idx=10 tp=0.917729 y_true=0.911302 y_pred=0.566450 diff=-0.344852 abs_err=0.344852
INFO | TOP_ERR | split=test epoch=31 rank=9/10 b=60 t=11 var_idx=9 tp=0.835209 y_true=0.692128 y_pred=0.349318 diff=-0.342810 abs_err=0.342810
INFO | TOP_ERR | split=test epoch=31 rank=10/10 b=14 t=21 var_idx=2 tp=0.919480 y_true=0.669667 y_pred=0.335302 diff=-0.334366 abs_err=0.334366
INFO | TOP_BEST | split=test epoch=31 rank=1/3 b=23 t=13 var_idx=9 tp=0.870218 y_true=0.506398 y_pred=0.506401 diff=0.000003 abs_err=0.000003
INFO | TOP_BEST | split=test epoch=31 rank=2/3 b=51 t=30 var_idx=0 tp=0.992498 y_true=0.615153 y_pred=0.615168 diff=0.000015 abs_err=0.000015
INFO | TOP_BEST | split=test epoch=31 rank=3/3 b=11 t=20 var_idx=6 tp=0.919480 y_true=0.517434 y_pred=0.517454 diff=0.000020 abs_err=0.000020
INFO | TOP_OK | split=test epoch=31 rank=1/3 b=0 t=0 var_idx=6 tp=0.750188 y_true=0.724202 y_pred=0.728145
INFO | TOP_OK | split=test epoch=31 rank=2/3 b=0 t=0 var_idx=7 tp=0.750188 y_true=0.552868 y_pred=0.539547
INFO | TOP_OK | split=test epoch=31 rank=3/3 b=0 t=0 var_idx=8 tp=0.750188 y_true=0.753995 y_pred=0.724259
INFO | TOP_ERR | split=test epoch=34 rank=1/10 b=47 t=24 var_idx=6 tp=0.945236 y_true=0.324231 y_pred=0.830609 diff=0.506378 abs_err=0.506378
INFO | TOP_ERR | split=test epoch=34 rank=2/10 b=47 t=28 var_idx=9 tp=0.978995 y_true=0.262216 y_pred=0.760395 diff=0.498179 abs_err=0.498179
INFO | TOP_ERR | split=test epoch=34 rank=3/10 b=7 t=7 var_idx=0 tp=0.804451 y_true=0.670168 y_pred=0.270330 diff=-0.399838 abs_err=0.399838
INFO | TOP_ERR | split=test epoch=34 rank=4/10 b=60 t=7 var_idx=9 tp=0.808202 y_true=0.720162 y_pred=0.360902 diff=-0.359259 abs_err=0.359259
INFO | TOP_ERR | split=test epoch=34 rank=5/10 b=28 t=17 var_idx=10 tp=0.917729 y_true=0.911302 y_pred=0.566955 diff=-0.344347 abs_err=0.344347
INFO | TOP_ERR | split=test epoch=34 rank=6/10 b=9 t=23 var_idx=9 tp=0.939735 y_true=0.743767 y_pred=0.400734 diff=-0.343034 abs_err=0.343034
INFO | TOP_ERR | split=test epoch=34 rank=7/10 b=9 t=19 var_idx=9 tp=0.912728 y_true=0.739735 y_pred=0.400555 diff=-0.339179 abs_err=0.339179
INFO | TOP_ERR | split=test epoch=34 rank=8/10 b=4 t=15 var_idx=10 tp=0.892223 y_true=0.791293 y_pred=0.455636 diff=-0.335657 abs_err=0.335657
INFO | TOP_ERR | split=test epoch=34 rank=9/10 b=60 t=11 var_idx=9 tp=0.835209 y_true=0.692128 y_pred=0.361503 diff=-0.330625 abs_err=0.330625
INFO | TOP_ERR | split=test epoch=34 rank=10/10 b=3 t=23 var_idx=10 tp=0.925982 y_true=0.806160 y_pred=0.482202 diff=-0.323958 abs_err=0.323958
INFO | TOP_BEST | split=test epoch=34 rank=1/3 b=21 t=14 var_idx=0 tp=0.870218 y_true=0.412054 y_pred=0.412064 diff=0.000011 abs_err=0.000011
INFO | TOP_BEST | split=test epoch=34 rank=2/3 b=37 t=29 var_idx=5 tp=0.999000 y_true=0.573554 y_pred=0.573529 diff=-0.000025 abs_err=0.000025
INFO | TOP_BEST | split=test epoch=34 rank=3/3 b=19 t=5 var_idx=9 tp=0.789197 y_true=0.514851 y_pred=0.514826 diff=-0.000025 abs_err=0.000025
INFO | TOP_OK | split=test epoch=34 rank=1/3 b=0 t=0 var_idx=6 tp=0.750188 y_true=0.724202 y_pred=0.712447
INFO | TOP_OK | split=test epoch=34 rank=2/3 b=0 t=0 var_idx=7 tp=0.750188 y_true=0.552868 y_pred=0.538304
INFO | TOP_OK | split=test epoch=34 rank=3/3 b=0 t=1 var_idx=11 tp=0.756939 y_true=0.662485 y_pred=0.636272
INFO | TOP_ERR | split=test epoch=39 rank=1/10 b=47 t=28 var_idx=9 tp=0.978995 y_true=0.262216 y_pred=0.772187 diff=0.509971 abs_err=0.509971
INFO | TOP_ERR | split=test epoch=39 rank=2/10 b=47 t=24 var_idx=6 tp=0.945236 y_true=0.324231 y_pred=0.825428 diff=0.501197 abs_err=0.501197
INFO | TOP_ERR | split=test epoch=39 rank=3/10 b=7 t=7 var_idx=0 tp=0.804451 y_true=0.670168 y_pred=0.261340 diff=-0.408828 abs_err=0.408828
INFO | TOP_ERR | split=test epoch=39 rank=4/10 b=60 t=7 var_idx=9 tp=0.808202 y_true=0.720162 y_pred=0.349971 diff=-0.370190 abs_err=0.370190
INFO | TOP_ERR | split=test epoch=39 rank=5/10 b=28 t=17 var_idx=10 tp=0.917729 y_true=0.911302 y_pred=0.568521 diff=-0.342781 abs_err=0.342781
INFO | TOP_ERR | split=test epoch=39 rank=6/10 b=9 t=23 var_idx=9 tp=0.939735 y_true=0.743767 y_pred=0.402079 diff=-0.341689 abs_err=0.341689
INFO | TOP_ERR | split=test epoch=39 rank=7/10 b=60 t=11 var_idx=9 tp=0.835209 y_true=0.692128 y_pred=0.350614 diff=-0.341514 abs_err=0.341514
INFO | TOP_ERR | split=test epoch=39 rank=8/10 b=9 t=19 var_idx=9 tp=0.912728 y_true=0.739735 y_pred=0.401844 diff=-0.337891 abs_err=0.337891
INFO | TOP_ERR | split=test epoch=39 rank=9/10 b=4 t=15 var_idx=10 tp=0.892223 y_true=0.791293 y_pred=0.456436 diff=-0.334857 abs_err=0.334857
INFO | TOP_ERR | split=test epoch=39 rank=10/10 b=3 t=23 var_idx=10 tp=0.925982 y_true=0.806160 y_pred=0.476578 diff=-0.329581 abs_err=0.329581
INFO | TOP_BEST | split=test epoch=39 rank=1/3 b=54 t=18 var_idx=9 tp=0.902726 y_true=0.670765 y_pred=0.670755 diff=-0.000010 abs_err=0.000010
INFO | TOP_BEST | split=test epoch=39 rank=2/3 b=57 t=21 var_idx=3 tp=0.916229 y_true=0.585669 y_pred=0.585680 diff=0.000011 abs_err=0.000011
INFO | TOP_BEST | split=test epoch=39 rank=3/3 b=20 t=19 var_idx=2 tp=0.903976 y_true=0.477557 y_pred=0.477596 diff=0.000040 abs_err=0.000040
INFO | TOP_OK | split=test epoch=39 rank=1/3 b=0 t=0 var_idx=6 tp=0.750188 y_true=0.724202 y_pred=0.714844
INFO | TOP_OK | split=test epoch=39 rank=2/3 b=0 t=0 var_idx=7 tp=0.750188 y_true=0.552868 y_pred=0.542447
INFO | TOP_OK | split=test epoch=39 rank=3/3 b=0 t=0 var_idx=8 tp=0.750188 y_true=0.753995 y_pred=0.728072
INFO | TOP_ERR | split=test epoch=57 rank=1/10 b=47 t=28 var_idx=9 tp=0.978995 y_true=0.262216 y_pred=0.752273 diff=0.490057 abs_err=0.490057
INFO | TOP_ERR | split=test epoch=57 rank=2/10 b=47 t=24 var_idx=6 tp=0.945236 y_true=0.324231 y_pred=0.803932 diff=0.479701 abs_err=0.479701
INFO | TOP_ERR | split=test epoch=57 rank=3/10 b=7 t=7 var_idx=0 tp=0.804451 y_true=0.670168 y_pred=0.296994 diff=-0.373174 abs_err=0.373174
INFO | TOP_ERR | split=test epoch=57 rank=4/10 b=60 t=7 var_idx=9 tp=0.808202 y_true=0.720162 y_pred=0.351192 diff=-0.368969 abs_err=0.368969
INFO | TOP_ERR | split=test epoch=57 rank=5/10 b=28 t=17 var_idx=10 tp=0.917729 y_true=0.911302 y_pred=0.564249 diff=-0.347053 abs_err=0.347053
INFO | TOP_ERR | split=test epoch=57 rank=6/10 b=60 t=11 var_idx=9 tp=0.835209 y_true=0.692128 y_pred=0.351864 diff=-0.340264 abs_err=0.340264
INFO | TOP_ERR | split=test epoch=57 rank=7/10 b=9 t=23 var_idx=9 tp=0.939735 y_true=0.743767 y_pred=0.410490 diff=-0.333278 abs_err=0.333278
INFO | TOP_ERR | split=test epoch=57 rank=8/10 b=3 t=23 var_idx=10 tp=0.925982 y_true=0.806160 y_pred=0.472909 diff=-0.333251 abs_err=0.333251
INFO | TOP_ERR | split=test epoch=57 rank=9/10 b=4 t=15 var_idx=10 tp=0.892223 y_true=0.791293 y_pred=0.458471 diff=-0.332821 abs_err=0.332821
INFO | TOP_ERR | split=test epoch=57 rank=10/10 b=9 t=19 var_idx=9 tp=0.912728 y_true=0.739735 y_pred=0.410092 diff=-0.329643 abs_err=0.329643
INFO | TOP_BEST | split=test epoch=57 rank=1/3 b=13 t=21 var_idx=1 tp=0.926232 y_true=0.494891 y_pred=0.494911 diff=0.000020 abs_err=0.000020
INFO | TOP_BEST | split=test epoch=57 rank=2/3 b=49 t=25 var_idx=3 tp=0.972243 y_true=0.655798 y_pred=0.655835 diff=0.000037 abs_err=0.000037
INFO | TOP_BEST | split=test epoch=57 rank=3/3 b=22 t=19 var_idx=9 tp=0.903976 y_true=0.506385 y_pred=0.506329 diff=-0.000056 abs_err=0.000056
INFO | TOP_OK | split=test epoch=57 rank=1/3 b=0 t=0 var_idx=6 tp=0.750188 y_true=0.724202 y_pred=0.708054
INFO | TOP_OK | split=test epoch=57 rank=2/3 b=0 t=0 var_idx=7 tp=0.750188 y_true=0.552868 y_pred=0.538209
INFO | TOP_OK | split=test epoch=57 rank=3/3 b=0 t=1 var_idx=10 tp=0.756939 y_true=0.479089 y_pred=0.498783
INFO | TOP_ERR | split=test epoch=60 rank=1/10 b=47 t=28 var_idx=9 tp=0.978995 y_true=0.262216 y_pred=0.762494 diff=0.500278 abs_err=0.500278
INFO | TOP_ERR | split=test epoch=60 rank=2/10 b=47 t=24 var_idx=6 tp=0.945236 y_true=0.324231 y_pred=0.809699 diff=0.485468 abs_err=0.485468
INFO | TOP_ERR | split=test epoch=60 rank=3/10 b=7 t=7 var_idx=0 tp=0.804451 y_true=0.670168 y_pred=0.263473 diff=-0.406695 abs_err=0.406695
INFO | TOP_ERR | split=test epoch=60 rank=4/10 b=60 t=7 var_idx=9 tp=0.808202 y_true=0.720162 y_pred=0.347177 diff=-0.372984 abs_err=0.372984
INFO | TOP_ERR | split=test epoch=60 rank=5/10 b=60 t=11 var_idx=9 tp=0.835209 y_true=0.692128 y_pred=0.347427 diff=-0.344701 abs_err=0.344701
INFO | TOP_ERR | split=test epoch=60 rank=6/10 b=28 t=17 var_idx=10 tp=0.917729 y_true=0.911302 y_pred=0.567452 diff=-0.343850 abs_err=0.343850
INFO | TOP_ERR | split=test epoch=60 rank=7/10 b=4 t=15 var_idx=10 tp=0.892223 y_true=0.791293 y_pred=0.459324 diff=-0.331968 abs_err=0.331968
INFO | TOP_ERR | split=test epoch=60 rank=8/10 b=3 t=23 var_idx=10 tp=0.925982 y_true=0.806160 y_pred=0.475609 diff=-0.330551 abs_err=0.330551
INFO | TOP_ERR | split=test epoch=60 rank=9/10 b=9 t=23 var_idx=9 tp=0.939735 y_true=0.743767 y_pred=0.421437 diff=-0.322330 abs_err=0.322330
INFO | TOP_ERR | split=test epoch=60 rank=10/10 b=32 t=23 var_idx=2 tp=0.931233 y_true=0.747928 y_pred=0.426986 diff=-0.320942 abs_err=0.320942
INFO | TOP_BEST | split=test epoch=60 rank=1/3 b=17 t=32 var_idx=10 tp=0.993999 y_true=0.589073 y_pred=0.589063 diff=-0.000010 abs_err=0.000010
INFO | TOP_BEST | split=test epoch=60 rank=2/3 b=39 t=16 var_idx=8 tp=0.890973 y_true=0.475052 y_pred=0.475038 diff=-0.000014 abs_err=0.000014
INFO | TOP_BEST | split=test epoch=60 rank=3/3 b=9 t=29 var_idx=8 tp=0.986997 y_true=0.720099 y_pred=0.720071 diff=-0.000028 abs_err=0.000028
INFO | TOP_OK | split=test epoch=60 rank=1/3 b=0 t=0 var_idx=6 tp=0.750188 y_true=0.724202 y_pred=0.703073
INFO | TOP_OK | split=test epoch=60 rank=2/3 b=0 t=0 var_idx=7 tp=0.750188 y_true=0.552868 y_pred=0.537493
INFO | TOP_OK | split=test epoch=60 rank=3/3 b=0 t=1 var_idx=11 tp=0.756939 y_true=0.662485 y_pred=0.641313
INFO | TOP_ERR | split=test epoch=71 rank=1/10 b=47 t=28 var_idx=9 tp=0.978995 y_true=0.262216 y_pred=0.755539 diff=0.493324 abs_err=0.493324
INFO | TOP_ERR | split=test epoch=71 rank=2/10 b=47 t=24 var_idx=6 tp=0.945236 y_true=0.324231 y_pred=0.790868 diff=0.466637 abs_err=0.466637
INFO | TOP_ERR | split=test epoch=71 rank=3/10 b=7 t=7 var_idx=0 tp=0.804451 y_true=0.670168 y_pred=0.227968 diff=-0.442200 abs_err=0.442200
INFO | TOP_ERR | split=test epoch=71 rank=4/10 b=60 t=7 var_idx=9 tp=0.808202 y_true=0.720162 y_pred=0.334555 diff=-0.385606 abs_err=0.385606
INFO | TOP_ERR | split=test epoch=71 rank=5/10 b=60 t=11 var_idx=9 tp=0.835209 y_true=0.692128 y_pred=0.335821 diff=-0.356307 abs_err=0.356307
INFO | TOP_ERR | split=test epoch=71 rank=6/10 b=9 t=23 var_idx=9 tp=0.939735 y_true=0.743767 y_pred=0.399502 diff=-0.344266 abs_err=0.344266
INFO | TOP_ERR | split=test epoch=71 rank=7/10 b=28 t=17 var_idx=10 tp=0.917729 y_true=0.911302 y_pred=0.567597 diff=-0.343705 abs_err=0.343705
INFO | TOP_ERR | split=test epoch=71 rank=8/10 b=9 t=19 var_idx=9 tp=0.912728 y_true=0.739735 y_pred=0.398917 diff=-0.340818 abs_err=0.340818
INFO | TOP_ERR | split=test epoch=71 rank=9/10 b=3 t=23 var_idx=10 tp=0.925982 y_true=0.806160 y_pred=0.473906 diff=-0.332254 abs_err=0.332254
INFO | TOP_ERR | split=test epoch=71 rank=10/10 b=4 t=15 var_idx=10 tp=0.892223 y_true=0.791293 y_pred=0.460856 diff=-0.330436 abs_err=0.330436
INFO | TOP_BEST | split=test epoch=71 rank=1/3 b=23 t=26 var_idx=10 tp=0.978495 y_true=0.562083 y_pred=0.562072 diff=-0.000012 abs_err=0.000012
INFO | TOP_BEST | split=test epoch=71 rank=2/3 b=44 t=0 var_idx=9 tp=0.755939 y_true=0.772294 y_pred=0.772277 diff=-0.000016 abs_err=0.000016
INFO | TOP_BEST | split=test epoch=71 rank=3/3 b=53 t=6 var_idx=9 tp=0.803451 y_true=0.690697 y_pred=0.690716 diff=0.000019 abs_err=0.000019
INFO | TOP_OK | split=test epoch=71 rank=1/3 b=0 t=0 var_idx=7 tp=0.750188 y_true=0.552868 y_pred=0.531948
INFO | TOP_OK | split=test epoch=71 rank=2/3 b=0 t=1 var_idx=11 tp=0.756939 y_true=0.662485 y_pred=0.635721
INFO | TOP_OK | split=test epoch=71 rank=3/3 b=0 t=2 var_idx=5 tp=0.763691 y_true=0.608434 y_pred=0.602643
INFO | TOP_ERR | split=test epoch=73 rank=1/10 b=47 t=28 var_idx=9 tp=0.978995 y_true=0.262216 y_pred=0.768102 diff=0.505887 abs_err=0.505887
INFO | TOP_ERR | split=test epoch=73 rank=2/10 b=47 t=24 var_idx=6 tp=0.945236 y_true=0.324231 y_pred=0.803795 diff=0.479564 abs_err=0.479564
INFO | TOP_ERR | split=test epoch=73 rank=3/10 b=7 t=7 var_idx=0 tp=0.804451 y_true=0.670168 y_pred=0.234766 diff=-0.435402 abs_err=0.435402
INFO | TOP_ERR | split=test epoch=73 rank=4/10 b=60 t=7 var_idx=9 tp=0.808202 y_true=0.720162 y_pred=0.337102 diff=-0.383060 abs_err=0.383060
INFO | TOP_ERR | split=test epoch=73 rank=5/10 b=60 t=11 var_idx=9 tp=0.835209 y_true=0.692128 y_pred=0.338491 diff=-0.353637 abs_err=0.353637
INFO | TOP_ERR | split=test epoch=73 rank=6/10 b=9 t=23 var_idx=9 tp=0.939735 y_true=0.743767 y_pred=0.401529 diff=-0.342238 abs_err=0.342238
INFO | TOP_ERR | split=test epoch=73 rank=7/10 b=9 t=19 var_idx=9 tp=0.912728 y_true=0.739735 y_pred=0.401360 diff=-0.338375 abs_err=0.338375
INFO | TOP_ERR | split=test epoch=73 rank=8/10 b=28 t=17 var_idx=10 tp=0.917729 y_true=0.911302 y_pred=0.574621 diff=-0.336681 abs_err=0.336681
INFO | TOP_ERR | split=test epoch=73 rank=9/10 b=4 t=15 var_idx=10 tp=0.892223 y_true=0.791293 y_pred=0.467187 diff=-0.324106 abs_err=0.324106
INFO | TOP_ERR | split=test epoch=73 rank=10/10 b=3 t=23 var_idx=10 tp=0.925982 y_true=0.806160 y_pred=0.482578 diff=-0.323582 abs_err=0.323582
INFO | TOP_BEST | split=test epoch=73 rank=1/3 b=1 t=1 var_idx=5 tp=0.756939 y_true=0.564939 y_pred=0.564939 diff=-0.000000 abs_err=0.000000
INFO | TOP_BEST | split=test epoch=73 rank=2/3 b=28 t=8 var_idx=3 tp=0.843461 y_true=0.480521 y_pred=0.480530 diff=0.000010 abs_err=0.000010
INFO | TOP_BEST | split=test epoch=73 rank=3/3 b=7 t=13 var_idx=3 tp=0.851713 y_true=0.272138 y_pred=0.272124 diff=-0.000014 abs_err=0.000014
INFO | TOP_OK | split=test epoch=73 rank=1/3 b=0 t=0 var_idx=6 tp=0.750188 y_true=0.724202 y_pred=0.695801
INFO | TOP_OK | split=test epoch=73 rank=2/3 b=0 t=0 var_idx=7 tp=0.750188 y_true=0.552868 y_pred=0.536601
INFO | TOP_OK | split=test epoch=73 rank=3/3 b=0 t=1 var_idx=11 tp=0.756939 y_true=0.662485 y_pred=0.636796
INFO | TOP_ERR | split=test epoch=74 rank=1/10 b=47 t=28 var_idx=9 tp=0.978995 y_true=0.262216 y_pred=0.771130 diff=0.508915 abs_err=0.508915
INFO | TOP_ERR | split=test epoch=74 rank=2/10 b=47 t=24 var_idx=6 tp=0.945236 y_true=0.324231 y_pred=0.809475 diff=0.485244 abs_err=0.485244
INFO | TOP_ERR | split=test epoch=74 rank=3/10 b=7 t=7 var_idx=0 tp=0.804451 y_true=0.670168 y_pred=0.255216 diff=-0.414952 abs_err=0.414952
INFO | TOP_ERR | split=test epoch=74 rank=4/10 b=60 t=7 var_idx=9 tp=0.808202 y_true=0.720162 y_pred=0.352438 diff=-0.367723 abs_err=0.367723
INFO | TOP_ERR | split=test epoch=74 rank=5/10 b=28 t=17 var_idx=10 tp=0.917729 y_true=0.911302 y_pred=0.566470 diff=-0.344832 abs_err=0.344832
INFO | TOP_ERR | split=test epoch=74 rank=6/10 b=60 t=11 var_idx=9 tp=0.835209 y_true=0.692128 y_pred=0.353313 diff=-0.338815 abs_err=0.338815
INFO | TOP_ERR | split=test epoch=74 rank=7/10 b=4 t=15 var_idx=10 tp=0.892223 y_true=0.791293 y_pred=0.457592 diff=-0.333701 abs_err=0.333701
INFO | TOP_ERR | split=test epoch=74 rank=8/10 b=3 t=23 var_idx=10 tp=0.925982 y_true=0.806160 y_pred=0.473876 diff=-0.332284 abs_err=0.332284
INFO | TOP_ERR | split=test epoch=74 rank=9/10 b=9 t=23 var_idx=9 tp=0.939735 y_true=0.743767 y_pred=0.422850 diff=-0.320917 abs_err=0.320917
INFO | TOP_ERR | split=test epoch=74 rank=10/10 b=32 t=23 var_idx=2 tp=0.931233 y_true=0.747928 y_pred=0.430292 diff=-0.317636 abs_err=0.317636
INFO | TOP_BEST | split=test epoch=74 rank=1/3 b=38 t=22 var_idx=3 tp=0.938235 y_true=0.618373 y_pred=0.618373 diff=-0.000001 abs_err=0.000001
INFO | TOP_BEST | split=test epoch=74 rank=2/3 b=23 t=26 var_idx=10 tp=0.978495 y_true=0.562083 y_pred=0.562075 diff=-0.000008 abs_err=0.000008
INFO | TOP_BEST | split=test epoch=74 rank=3/3 b=33 t=10 var_idx=10 tp=0.829957 y_true=0.405292 y_pred=0.405304 diff=0.000012 abs_err=0.000012
INFO | TOP_OK | split=test epoch=74 rank=1/3 b=0 t=0 var_idx=6 tp=0.750188 y_true=0.724202 y_pred=0.706546
INFO | TOP_OK | split=test epoch=74 rank=2/3 b=0 t=0 var_idx=7 tp=0.750188 y_true=0.552868 y_pred=0.540733
INFO | TOP_OK | split=test epoch=74 rank=3/3 b=0 t=1 var_idx=11 tp=0.756939 y_true=0.662485 y_pred=0.636924
INFO | TOP_ERR | split=test epoch=90 rank=1/10 b=47 t=28 var_idx=9 tp=0.978995 y_true=0.262216 y_pred=0.765438 diff=0.503223 abs_err=0.503223
INFO | TOP_ERR | split=test epoch=90 rank=2/10 b=47 t=24 var_idx=6 tp=0.945236 y_true=0.324231 y_pred=0.806711 diff=0.482480 abs_err=0.482480
INFO | TOP_ERR | split=test epoch=90 rank=3/10 b=7 t=7 var_idx=0 tp=0.804451 y_true=0.670168 y_pred=0.272302 diff=-0.397866 abs_err=0.397866
INFO | TOP_ERR | split=test epoch=90 rank=4/10 b=60 t=7 var_idx=9 tp=0.808202 y_true=0.720162 y_pred=0.330738 diff=-0.389424 abs_err=0.389424
INFO | TOP_ERR | split=test epoch=90 rank=5/10 b=60 t=11 var_idx=9 tp=0.835209 y_true=0.692128 y_pred=0.332241 diff=-0.359887 abs_err=0.359887
INFO | TOP_ERR | split=test epoch=90 rank=6/10 b=4 t=15 var_idx=10 tp=0.892223 y_true=0.791293 y_pred=0.447820 diff=-0.343472 abs_err=0.343472
INFO | TOP_ERR | split=test epoch=90 rank=7/10 b=28 t=17 var_idx=10 tp=0.917729 y_true=0.911302 y_pred=0.568826 diff=-0.342476 abs_err=0.342476
INFO | TOP_ERR | split=test epoch=90 rank=8/10 b=3 t=23 var_idx=10 tp=0.925982 y_true=0.806160 y_pred=0.466402 diff=-0.339758 abs_err=0.339758
INFO | TOP_ERR | split=test epoch=90 rank=9/10 b=9 t=23 var_idx=9 tp=0.939735 y_true=0.743767 y_pred=0.420191 diff=-0.323577 abs_err=0.323577
INFO | TOP_ERR | split=test epoch=90 rank=10/10 b=32 t=23 var_idx=2 tp=0.931233 y_true=0.747928 y_pred=0.427541 diff=-0.320387 abs_err=0.320387
INFO | TOP_BEST | split=test epoch=90 rank=1/3 b=45 t=25 var_idx=9 tp=0.965491 y_true=0.787829 y_pred=0.787827 diff=-0.000001 abs_err=0.000001
INFO | TOP_BEST | split=test epoch=90 rank=2/3 b=37 t=20 var_idx=1 tp=0.924731 y_true=0.357362 y_pred=0.357364 diff=0.000002 abs_err=0.000002
INFO | TOP_BEST | split=test epoch=90 rank=3/3 b=53 t=0 var_idx=3 tp=0.755939 y_true=0.699110 y_pred=0.699121 diff=0.000011 abs_err=0.000011
INFO | TOP_OK | split=test epoch=90 rank=1/3 b=0 t=1 var_idx=11 tp=0.756939 y_true=0.662485 y_pred=0.632960
INFO | TOP_OK | split=test epoch=90 rank=2/3 b=0 t=2 var_idx=3 tp=0.763691 y_true=0.755550 y_pred=0.790101
INFO | TOP_OK | split=test epoch=90 rank=3/3 b=0 t=2 var_idx=5 tp=0.763691 y_true=0.608434 y_pred=0.603225
INFO | TOP_ERR | split=test epoch=95 rank=1/10 b=47 t=28 var_idx=9 tp=0.978995 y_true=0.262216 y_pred=0.748747 diff=0.486531 abs_err=0.486531
INFO | TOP_ERR | split=test epoch=95 rank=2/10 b=47 t=24 var_idx=6 tp=0.945236 y_true=0.324231 y_pred=0.777660 diff=0.453429 abs_err=0.453429
INFO | TOP_ERR | split=test epoch=95 rank=3/10 b=7 t=7 var_idx=0 tp=0.804451 y_true=0.670168 y_pred=0.282724 diff=-0.387444 abs_err=0.387444
INFO | TOP_ERR | split=test epoch=95 rank=4/10 b=60 t=7 var_idx=9 tp=0.808202 y_true=0.720162 y_pred=0.339294 diff=-0.380867 abs_err=0.380867
INFO | TOP_ERR | split=test epoch=95 rank=5/10 b=60 t=11 var_idx=9 tp=0.835209 y_true=0.692128 y_pred=0.340446 diff=-0.351682 abs_err=0.351682
INFO | TOP_ERR | split=test epoch=95 rank=6/10 b=28 t=17 var_idx=10 tp=0.917729 y_true=0.911302 y_pred=0.570349 diff=-0.340953 abs_err=0.340953
INFO | TOP_ERR | split=test epoch=95 rank=7/10 b=4 t=15 var_idx=10 tp=0.892223 y_true=0.791293 y_pred=0.451277 diff=-0.340015 abs_err=0.340015
INFO | TOP_ERR | split=test epoch=95 rank=8/10 b=3 t=23 var_idx=10 tp=0.925982 y_true=0.806160 y_pred=0.468670 diff=-0.337490 abs_err=0.337490
INFO | TOP_ERR | split=test epoch=95 rank=9/10 b=3 t=23 var_idx=11 tp=0.925982 y_true=0.941412 y_pred=0.613850 diff=-0.327562 abs_err=0.327562
INFO | TOP_ERR | split=test epoch=95 rank=10/10 b=32 t=23 var_idx=2 tp=0.931233 y_true=0.747928 y_pred=0.427563 diff=-0.320365 abs_err=0.320365
INFO | TOP_BEST | split=test epoch=95 rank=1/3 b=43 t=4 var_idx=10 tp=0.789697 y_true=0.402966 y_pred=0.402981 diff=0.000015 abs_err=0.000015
INFO | TOP_BEST | split=test epoch=95 rank=2/3 b=13 t=20 var_idx=9 tp=0.912728 y_true=0.512875 y_pred=0.512898 diff=0.000023 abs_err=0.000023
INFO | TOP_BEST | split=test epoch=95 rank=3/3 b=41 t=1 var_idx=2 tp=0.762441 y_true=0.464553 y_pred=0.464593 diff=0.000040 abs_err=0.000040
INFO | TOP_OK | split=test epoch=95 rank=1/3 b=0 t=1 var_idx=11 tp=0.756939 y_true=0.662485 y_pred=0.635660
INFO | TOP_OK | split=test epoch=95 rank=2/3 b=0 t=2 var_idx=3 tp=0.763691 y_true=0.755550 y_pred=0.781078
INFO | TOP_OK | split=test epoch=95 rank=3/3 b=0 t=2 var_idx=5 tp=0.763691 y_true=0.608434 y_pred=0.600374
INFO | TOP_ERR | split=test epoch=96 rank=1/10 b=47 t=28 var_idx=9 tp=0.978995 y_true=0.262216 y_pred=0.755942 diff=0.493727 abs_err=0.493727
INFO | TOP_ERR | split=test epoch=96 rank=2/10 b=47 t=24 var_idx=6 tp=0.945236 y_true=0.324231 y_pred=0.799415 diff=0.475184 abs_err=0.475184
INFO | TOP_ERR | split=test epoch=96 rank=3/10 b=7 t=7 var_idx=0 tp=0.804451 y_true=0.670168 y_pred=0.268201 diff=-0.401967 abs_err=0.401967
INFO | TOP_ERR | split=test epoch=96 rank=4/10 b=60 t=7 var_idx=9 tp=0.808202 y_true=0.720162 y_pred=0.340119 diff=-0.380042 abs_err=0.380042
INFO | TOP_ERR | split=test epoch=96 rank=5/10 b=60 t=11 var_idx=9 tp=0.835209 y_true=0.692128 y_pred=0.340805 diff=-0.351323 abs_err=0.351323
INFO | TOP_ERR | split=test epoch=96 rank=6/10 b=28 t=17 var_idx=10 tp=0.917729 y_true=0.911302 y_pred=0.568993 diff=-0.342309 abs_err=0.342309
INFO | TOP_ERR | split=test epoch=96 rank=7/10 b=4 t=15 var_idx=10 tp=0.892223 y_true=0.791293 y_pred=0.456971 diff=-0.334321 abs_err=0.334321
INFO | TOP_ERR | split=test epoch=96 rank=8/10 b=3 t=23 var_idx=10 tp=0.925982 y_true=0.806160 y_pred=0.472234 diff=-0.333926 abs_err=0.333926
INFO | TOP_ERR | split=test epoch=96 rank=9/10 b=3 t=23 var_idx=11 tp=0.925982 y_true=0.941412 y_pred=0.615941 diff=-0.325471 abs_err=0.325471
INFO | TOP_ERR | split=test epoch=96 rank=10/10 b=32 t=23 var_idx=2 tp=0.931233 y_true=0.747928 y_pred=0.433502 diff=-0.314426 abs_err=0.314426
INFO | TOP_BEST | split=test epoch=96 rank=1/3 b=61 t=15 var_idx=2 tp=0.868967 y_true=0.420192 y_pred=0.420180 diff=-0.000012 abs_err=0.000012
INFO | TOP_BEST | split=test epoch=96 rank=2/3 b=20 t=16 var_idx=6 tp=0.883721 y_true=0.508577 y_pred=0.508605 diff=0.000028 abs_err=0.000028
INFO | TOP_BEST | split=test epoch=96 rank=3/3 b=31 t=18 var_idx=4 tp=0.904226 y_true=0.392502 y_pred=0.392458 diff=-0.000044 abs_err=0.000044
INFO | TOP_OK | split=test epoch=96 rank=1/3 b=0 t=0 var_idx=7 tp=0.750188 y_true=0.552868 y_pred=0.531411
INFO | TOP_OK | split=test epoch=96 rank=2/3 b=0 t=2 var_idx=3 tp=0.763691 y_true=0.755550 y_pred=0.792135
INFO | TOP_OK | split=test epoch=96 rank=3/3 b=0 t=2 var_idx=5 tp=0.763691 y_true=0.608434 y_pred=0.601576
INFO | TOP_ERR | split=test epoch=112 rank=1/10 b=47 t=28 var_idx=9 tp=0.978995 y_true=0.262216 y_pred=0.769797 diff=0.507582 abs_err=0.507582
INFO | TOP_ERR | split=test epoch=112 rank=2/10 b=47 t=24 var_idx=6 tp=0.945236 y_true=0.324231 y_pred=0.805073 diff=0.480842 abs_err=0.480842
INFO | TOP_ERR | split=test epoch=112 rank=3/10 b=7 t=7 var_idx=0 tp=0.804451 y_true=0.670168 y_pred=0.275003 diff=-0.395165 abs_err=0.395165
INFO | TOP_ERR | split=test epoch=112 rank=4/10 b=60 t=7 var_idx=9 tp=0.808202 y_true=0.720162 y_pred=0.339918 diff=-0.380243 abs_err=0.380243
INFO | TOP_ERR | split=test epoch=112 rank=5/10 b=60 t=11 var_idx=9 tp=0.835209 y_true=0.692128 y_pred=0.340290 diff=-0.351838 abs_err=0.351838
INFO | TOP_ERR | split=test epoch=112 rank=6/10 b=28 t=17 var_idx=10 tp=0.917729 y_true=0.911302 y_pred=0.569807 diff=-0.341495 abs_err=0.341495
INFO | TOP_ERR | split=test epoch=112 rank=7/10 b=3 t=23 var_idx=11 tp=0.925982 y_true=0.941412 y_pred=0.606408 diff=-0.335004 abs_err=0.335004
INFO | TOP_ERR | split=test epoch=112 rank=8/10 b=3 t=23 var_idx=10 tp=0.925982 y_true=0.806160 y_pred=0.472293 diff=-0.333867 abs_err=0.333867
INFO | TOP_ERR | split=test epoch=112 rank=9/10 b=4 t=15 var_idx=10 tp=0.892223 y_true=0.791293 y_pred=0.458364 diff=-0.332928 abs_err=0.332928
INFO | TOP_ERR | split=test epoch=112 rank=10/10 b=9 t=23 var_idx=9 tp=0.939735 y_true=0.743767 y_pred=0.415138 diff=-0.328629 abs_err=0.328629
INFO | TOP_BEST | split=test epoch=112 rank=1/3 b=51 t=1 var_idx=9 tp=0.762691 y_true=0.745145 y_pred=0.745145 diff=0.000001 abs_err=0.000001
INFO | TOP_BEST | split=test epoch=112 rank=2/3 b=40 t=19 var_idx=6 tp=0.911228 y_true=0.810754 y_pred=0.810761 diff=0.000006 abs_err=0.000006
INFO | TOP_BEST | split=test epoch=112 rank=3/3 b=53 t=2 var_idx=10 tp=0.776194 y_true=0.490132 y_pred=0.490146 diff=0.000014 abs_err=0.000014
INFO | TOP_OK | split=test epoch=112 rank=1/3 b=0 t=1 var_idx=11 tp=0.756939 y_true=0.662485 y_pred=0.645546
INFO | TOP_OK | split=test epoch=112 rank=2/3 b=0 t=2 var_idx=3 tp=0.763691 y_true=0.755550 y_pred=0.793121
INFO | TOP_OK | split=test epoch=112 rank=3/3 b=0 t=2 var_idx=5 tp=0.763691 y_true=0.608434 y_pred=0.604949
INFO | TOP_ERR | split=test epoch=113 rank=1/10 b=47 t=28 var_idx=9 tp=0.978995 y_true=0.262216 y_pred=0.765149 diff=0.502934 abs_err=0.502934
INFO | TOP_ERR | split=test epoch=113 rank=2/10 b=47 t=24 var_idx=6 tp=0.945236 y_true=0.324231 y_pred=0.810721 diff=0.486490 abs_err=0.486490
INFO | TOP_ERR | split=test epoch=113 rank=3/10 b=7 t=7 var_idx=0 tp=0.804451 y_true=0.670168 y_pred=0.269112 diff=-0.401056 abs_err=0.401056
INFO | TOP_ERR | split=test epoch=113 rank=4/10 b=60 t=7 var_idx=9 tp=0.808202 y_true=0.720162 y_pred=0.330896 diff=-0.389266 abs_err=0.389266
INFO | TOP_ERR | split=test epoch=113 rank=5/10 b=60 t=11 var_idx=9 tp=0.835209 y_true=0.692128 y_pred=0.331462 diff=-0.360666 abs_err=0.360666
INFO | TOP_ERR | split=test epoch=113 rank=6/10 b=28 t=17 var_idx=10 tp=0.917729 y_true=0.911302 y_pred=0.570004 diff=-0.341299 abs_err=0.341299
INFO | TOP_ERR | split=test epoch=113 rank=7/10 b=3 t=23 var_idx=10 tp=0.925982 y_true=0.806160 y_pred=0.473478 diff=-0.332682 abs_err=0.332682
INFO | TOP_ERR | split=test epoch=113 rank=8/10 b=4 t=15 var_idx=10 tp=0.892223 y_true=0.791293 y_pred=0.459186 diff=-0.332107 abs_err=0.332107
INFO | TOP_ERR | split=test epoch=113 rank=9/10 b=9 t=23 var_idx=9 tp=0.939735 y_true=0.743767 y_pred=0.418109 diff=-0.325658 abs_err=0.325658
INFO | TOP_ERR | split=test epoch=113 rank=10/10 b=9 t=19 var_idx=9 tp=0.912728 y_true=0.739735 y_pred=0.417968 diff=-0.321767 abs_err=0.321767
INFO | TOP_BEST | split=test epoch=113 rank=1/3 b=3 t=11 var_idx=1 tp=0.831458 y_true=0.448646 y_pred=0.448642 diff=-0.000004 abs_err=0.000004
INFO | TOP_BEST | split=test epoch=113 rank=2/3 b=49 t=11 var_idx=3 tp=0.864216 y_true=0.643620 y_pred=0.643625 diff=0.000005 abs_err=0.000005
INFO | TOP_BEST | split=test epoch=113 rank=3/3 b=51 t=11 var_idx=11 tp=0.843961 y_true=0.554997 y_pred=0.554990 diff=-0.000006 abs_err=0.000006
INFO | TOP_OK | split=test epoch=113 rank=1/3 b=0 t=0 var_idx=7 tp=0.750188 y_true=0.552868 y_pred=0.529540
INFO | TOP_OK | split=test epoch=113 rank=2/3 b=0 t=1 var_idx=11 tp=0.756939 y_true=0.662485 y_pred=0.643710
INFO | TOP_OK | split=test epoch=113 rank=3/3 b=0 t=2 var_idx=3 tp=0.763691 y_true=0.755550 y_pred=0.777862
INFO | TOP_ERR | split=test epoch=115 rank=1/10 b=47 t=28 var_idx=9 tp=0.978995 y_true=0.262216 y_pred=0.759092 diff=0.496876 abs_err=0.496876
INFO | TOP_ERR | split=test epoch=115 rank=2/10 b=47 t=24 var_idx=6 tp=0.945236 y_true=0.324231 y_pred=0.795455 diff=0.471224 abs_err=0.471224
INFO | TOP_ERR | split=test epoch=115 rank=3/10 b=7 t=7 var_idx=0 tp=0.804451 y_true=0.670168 y_pred=0.249883 diff=-0.420285 abs_err=0.420285
INFO | TOP_ERR | split=test epoch=115 rank=4/10 b=60 t=7 var_idx=9 tp=0.808202 y_true=0.720162 y_pred=0.342375 diff=-0.377787 abs_err=0.377787
INFO | TOP_ERR | split=test epoch=115 rank=5/10 b=60 t=11 var_idx=9 tp=0.835209 y_true=0.692128 y_pred=0.342730 diff=-0.349398 abs_err=0.349398
INFO | TOP_ERR | split=test epoch=115 rank=6/10 b=28 t=17 var_idx=10 tp=0.917729 y_true=0.911302 y_pred=0.574283 diff=-0.337019 abs_err=0.337019
INFO | TOP_ERR | split=test epoch=115 rank=7/10 b=4 t=15 var_idx=10 tp=0.892223 y_true=0.791293 y_pred=0.455750 diff=-0.335542 abs_err=0.335542
INFO | TOP_ERR | split=test epoch=115 rank=8/10 b=3 t=23 var_idx=10 tp=0.925982 y_true=0.806160 y_pred=0.480721 diff=-0.325438 abs_err=0.325438
INFO | TOP_ERR | split=test epoch=115 rank=9/10 b=3 t=23 var_idx=11 tp=0.925982 y_true=0.941412 y_pred=0.625804 diff=-0.315608 abs_err=0.315608
INFO | TOP_ERR | split=test epoch=115 rank=10/10 b=32 t=23 var_idx=2 tp=0.931233 y_true=0.747928 y_pred=0.435353 diff=-0.312575 abs_err=0.312575
INFO | TOP_BEST | split=test epoch=115 rank=1/3 b=38 t=16 var_idx=11 tp=0.877469 y_true=0.486939 y_pred=0.486935 diff=-0.000003 abs_err=0.000003
INFO | TOP_BEST | split=test epoch=115 rank=2/3 b=23 t=22 var_idx=8 tp=0.944736 y_true=0.619028 y_pred=0.619042 diff=0.000014 abs_err=0.000014
INFO | TOP_BEST | split=test epoch=115 rank=3/3 b=45 t=8 var_idx=0 tp=0.816704 y_true=0.533365 y_pred=0.533387 diff=0.000022 abs_err=0.000022
INFO | TOP_OK | split=test epoch=115 rank=1/3 b=0 t=0 var_idx=7 tp=0.750188 y_true=0.552868 y_pred=0.542993
INFO | TOP_OK | split=test epoch=115 rank=2/3 b=0 t=1 var_idx=11 tp=0.756939 y_true=0.662485 y_pred=0.642734
INFO | TOP_OK | split=test epoch=115 rank=3/3 b=0 t=2 var_idx=3 tp=0.763691 y_true=0.755550 y_pred=0.786028
INFO | TOP_ERR | split=test epoch=121 rank=1/10 b=47 t=28 var_idx=9 tp=0.978995 y_true=0.262216 y_pred=0.763297 diff=0.501081 abs_err=0.501081
INFO | TOP_ERR | split=test epoch=121 rank=2/10 b=47 t=24 var_idx=6 tp=0.945236 y_true=0.324231 y_pred=0.798851 diff=0.474620 abs_err=0.474620
INFO | TOP_ERR | split=test epoch=121 rank=3/10 b=7 t=7 var_idx=0 tp=0.804451 y_true=0.670168 y_pred=0.268895 diff=-0.401273 abs_err=0.401273
INFO | TOP_ERR | split=test epoch=121 rank=4/10 b=60 t=7 var_idx=9 tp=0.808202 y_true=0.720162 y_pred=0.355472 diff=-0.364690 abs_err=0.364690
INFO | TOP_ERR | split=test epoch=121 rank=5/10 b=4 t=15 var_idx=10 tp=0.892223 y_true=0.791293 y_pred=0.451220 diff=-0.340073 abs_err=0.340073
INFO | TOP_ERR | split=test epoch=121 rank=6/10 b=28 t=17 var_idx=10 tp=0.917729 y_true=0.911302 y_pred=0.574090 diff=-0.337212 abs_err=0.337212
INFO | TOP_ERR | split=test epoch=121 rank=7/10 b=60 t=11 var_idx=9 tp=0.835209 y_true=0.692128 y_pred=0.355849 diff=-0.336279 abs_err=0.336279
INFO | TOP_ERR | split=test epoch=121 rank=8/10 b=3 t=23 var_idx=10 tp=0.925982 y_true=0.806160 y_pred=0.473283 diff=-0.332877 abs_err=0.332877
INFO | TOP_ERR | split=test epoch=121 rank=9/10 b=3 t=23 var_idx=11 tp=0.925982 y_true=0.941412 y_pred=0.624523 diff=-0.316889 abs_err=0.316889
INFO | TOP_ERR | split=test epoch=121 rank=10/10 b=32 t=23 var_idx=2 tp=0.931233 y_true=0.747928 y_pred=0.435075 diff=-0.312853 abs_err=0.312853
INFO | TOP_BEST | split=test epoch=121 rank=1/3 b=20 t=4 var_idx=11 tp=0.782446 y_true=0.549006 y_pred=0.549004 diff=-0.000002 abs_err=0.000002
INFO | TOP_BEST | split=test epoch=121 rank=2/3 b=5 t=17 var_idx=9 tp=0.912478 y_true=0.221522 y_pred=0.221516 diff=-0.000006 abs_err=0.000006
INFO | TOP_BEST | split=test epoch=121 rank=3/3 b=42 t=22 var_idx=9 tp=0.931483 y_true=0.763037 y_pred=0.763025 diff=-0.000012 abs_err=0.000012
INFO | TOP_OK | split=test epoch=121 rank=1/3 b=0 t=0 var_idx=7 tp=0.750188 y_true=0.552868 y_pred=0.531224
INFO | TOP_OK | split=test epoch=121 rank=2/3 b=0 t=1 var_idx=11 tp=0.756939 y_true=0.662485 y_pred=0.644878
INFO | TOP_OK | split=test epoch=121 rank=3/3 b=0 t=2 var_idx=3 tp=0.763691 y_true=0.755550 y_pred=0.786253
INFO | TOP_ERR | split=test epoch=124 rank=1/10 b=47 t=28 var_idx=9 tp=0.978995 y_true=0.262216 y_pred=0.754702 diff=0.492486 abs_err=0.492486
INFO | TOP_ERR | split=test epoch=124 rank=2/10 b=47 t=24 var_idx=6 tp=0.945236 y_true=0.324231 y_pred=0.796650 diff=0.472419 abs_err=0.472419
INFO | TOP_ERR | split=test epoch=124 rank=3/10 b=7 t=7 var_idx=0 tp=0.804451 y_true=0.670168 y_pred=0.246702 diff=-0.423466 abs_err=0.423466
INFO | TOP_ERR | split=test epoch=124 rank=4/10 b=60 t=7 var_idx=9 tp=0.808202 y_true=0.720162 y_pred=0.344089 diff=-0.376072 abs_err=0.376072
INFO | TOP_ERR | split=test epoch=124 rank=5/10 b=60 t=11 var_idx=9 tp=0.835209 y_true=0.692128 y_pred=0.344501 diff=-0.347627 abs_err=0.347627
INFO | TOP_ERR | split=test epoch=124 rank=6/10 b=28 t=17 var_idx=10 tp=0.917729 y_true=0.911302 y_pred=0.572381 diff=-0.338921 abs_err=0.338921
INFO | TOP_ERR | split=test epoch=124 rank=7/10 b=4 t=15 var_idx=10 tp=0.892223 y_true=0.791293 y_pred=0.457561 diff=-0.333732 abs_err=0.333732
INFO | TOP_ERR | split=test epoch=124 rank=8/10 b=3 t=23 var_idx=10 tp=0.925982 y_true=0.806160 y_pred=0.473605 diff=-0.332555 abs_err=0.332555
INFO | TOP_ERR | split=test epoch=124 rank=9/10 b=3 t=23 var_idx=11 tp=0.925982 y_true=0.941412 y_pred=0.617568 diff=-0.323844 abs_err=0.323844
INFO | TOP_ERR | split=test epoch=124 rank=10/10 b=32 t=23 var_idx=2 tp=0.931233 y_true=0.747928 y_pred=0.432640 diff=-0.315288 abs_err=0.315288
INFO | TOP_BEST | split=test epoch=124 rank=1/3 b=40 t=5 var_idx=1 tp=0.796199 y_true=0.381665 y_pred=0.381674 diff=0.000010 abs_err=0.000010
INFO | TOP_BEST | split=test epoch=124 rank=2/3 b=22 t=5 var_idx=9 tp=0.795949 y_true=0.510336 y_pred=0.510314 diff=-0.000022 abs_err=0.000022
INFO | TOP_BEST | split=test epoch=124 rank=3/3 b=12 t=14 var_idx=9 tp=0.865466 y_true=0.522236 y_pred=0.522259 diff=0.000023 abs_err=0.000023
INFO | TOP_OK | split=test epoch=124 rank=1/3 b=0 t=0 var_idx=7 tp=0.750188 y_true=0.552868 y_pred=0.527290
INFO | TOP_OK | split=test epoch=124 rank=2/3 b=0 t=1 var_idx=11 tp=0.756939 y_true=0.662485 y_pred=0.638466
INFO | TOP_OK | split=test epoch=124 rank=3/3 b=0 t=2 var_idx=3 tp=0.763691 y_true=0.755550 y_pred=0.790665
INFO | TOP_ERR | split=test epoch=133 rank=1/10 b=47 t=28 var_idx=9 tp=0.978995 y_true=0.262216 y_pred=0.755137 diff=0.492921 abs_err=0.492921
INFO | TOP_ERR | split=test epoch=133 rank=2/10 b=47 t=24 var_idx=6 tp=0.945236 y_true=0.324231 y_pred=0.794760 diff=0.470529 abs_err=0.470529
INFO | TOP_ERR | split=test epoch=133 rank=3/10 b=7 t=7 var_idx=0 tp=0.804451 y_true=0.670168 y_pred=0.277685 diff=-0.392483 abs_err=0.392483
INFO | TOP_ERR | split=test epoch=133 rank=4/10 b=60 t=7 var_idx=9 tp=0.808202 y_true=0.720162 y_pred=0.328246 diff=-0.391916 abs_err=0.391916
INFO | TOP_ERR | split=test epoch=133 rank=5/10 b=60 t=11 var_idx=9 tp=0.835209 y_true=0.692128 y_pred=0.328103 diff=-0.364024 abs_err=0.364024
INFO | TOP_ERR | split=test epoch=133 rank=6/10 b=4 t=15 var_idx=10 tp=0.892223 y_true=0.791293 y_pred=0.450180 diff=-0.341112 abs_err=0.341112
INFO | TOP_ERR | split=test epoch=133 rank=7/10 b=28 t=17 var_idx=10 tp=0.917729 y_true=0.911302 y_pred=0.571535 diff=-0.339767 abs_err=0.339767
INFO | TOP_ERR | split=test epoch=133 rank=8/10 b=3 t=23 var_idx=10 tp=0.925982 y_true=0.806160 y_pred=0.477908 diff=-0.328252 abs_err=0.328252
INFO | TOP_ERR | split=test epoch=133 rank=9/10 b=32 t=23 var_idx=2 tp=0.931233 y_true=0.747928 y_pred=0.426308 diff=-0.321620 abs_err=0.321620
INFO | TOP_ERR | split=test epoch=133 rank=10/10 b=3 t=23 var_idx=11 tp=0.925982 y_true=0.941412 y_pred=0.623177 diff=-0.318234 abs_err=0.318234
INFO | TOP_BEST | split=test epoch=133 rank=1/3 b=20 t=11 var_idx=10 tp=0.836459 y_true=0.570592 y_pred=0.570591 diff=-0.000001 abs_err=0.000001
INFO | TOP_BEST | split=test epoch=133 rank=2/3 b=28 t=10 var_idx=9 tp=0.863716 y_true=0.508472 y_pred=0.508477 diff=0.000005 abs_err=0.000005
INFO | TOP_BEST | split=test epoch=133 rank=3/3 b=23 t=26 var_idx=10 tp=0.978495 y_true=0.562083 y_pred=0.562101 diff=0.000017 abs_err=0.000017
INFO | TOP_OK | split=test epoch=133 rank=1/3 b=0 t=0 var_idx=7 tp=0.750188 y_true=0.552868 y_pred=0.531763
INFO | TOP_OK | split=test epoch=133 rank=2/3 b=0 t=1 var_idx=11 tp=0.756939 y_true=0.662485 y_pred=0.641562
INFO | TOP_OK | split=test epoch=133 rank=3/3 b=0 t=2 var_idx=3 tp=0.763691 y_true=0.755550 y_pred=0.772894
INFO | TOP_ERR | split=test epoch=145 rank=1/10 b=47 t=28 var_idx=9 tp=0.978995 y_true=0.262216 y_pred=0.766482 diff=0.504266 abs_err=0.504266
INFO | TOP_ERR | split=test epoch=145 rank=2/10 b=47 t=24 var_idx=6 tp=0.945236 y_true=0.324231 y_pred=0.798650 diff=0.474419 abs_err=0.474419
INFO | TOP_ERR | split=test epoch=145 rank=3/10 b=7 t=7 var_idx=0 tp=0.804451 y_true=0.670168 y_pred=0.259163 diff=-0.411005 abs_err=0.411005
INFO | TOP_ERR | split=test epoch=145 rank=4/10 b=60 t=7 var_idx=9 tp=0.808202 y_true=0.720162 y_pred=0.353638 diff=-0.366524 abs_err=0.366524
INFO | TOP_ERR | split=test epoch=145 rank=5/10 b=28 t=17 var_idx=10 tp=0.917729 y_true=0.911302 y_pred=0.569044 diff=-0.342258 abs_err=0.342258
INFO | TOP_ERR | split=test epoch=145 rank=6/10 b=60 t=11 var_idx=9 tp=0.835209 y_true=0.692128 y_pred=0.353816 diff=-0.338312 abs_err=0.338312
INFO | TOP_ERR | split=test epoch=145 rank=7/10 b=4 t=15 var_idx=10 tp=0.892223 y_true=0.791293 y_pred=0.457512 diff=-0.333780 abs_err=0.333780
INFO | TOP_ERR | split=test epoch=145 rank=8/10 b=3 t=23 var_idx=10 tp=0.925982 y_true=0.806160 y_pred=0.481526 diff=-0.324634 abs_err=0.324634
INFO | TOP_ERR | split=test epoch=145 rank=9/10 b=14 t=21 var_idx=2 tp=0.919480 y_true=0.669667 y_pred=0.349489 diff=-0.320178 abs_err=0.320178
INFO | TOP_ERR | split=test epoch=145 rank=10/10 b=3 t=23 var_idx=11 tp=0.925982 y_true=0.941412 y_pred=0.622445 diff=-0.318967 abs_err=0.318967
INFO | TOP_BEST | split=test epoch=145 rank=1/3 b=12 t=2 var_idx=0 tp=0.770693 y_true=0.509675 y_pred=0.509695 diff=0.000020 abs_err=0.000020
INFO | TOP_BEST | split=test epoch=145 rank=2/3 b=8 t=21 var_idx=7 tp=0.912728 y_true=0.524226 y_pred=0.524177 diff=-0.000049 abs_err=0.000049
INFO | TOP_BEST | split=test epoch=145 rank=3/3 b=36 t=13 var_idx=1 tp=0.877219 y_true=0.377905 y_pred=0.377962 diff=0.000058 abs_err=0.000058
INFO | TOP_OK | split=test epoch=145 rank=1/3 b=0 t=0 var_idx=7 tp=0.750188 y_true=0.552868 y_pred=0.525724
INFO | TOP_OK | split=test epoch=145 rank=2/3 b=0 t=1 var_idx=11 tp=0.756939 y_true=0.662485 y_pred=0.642316
INFO | TOP_OK | split=test epoch=145 rank=3/3 b=0 t=2 var_idx=5 tp=0.763691 y_true=0.608434 y_pred=0.607997
INFO | TOP_ERR | split=test epoch=149 rank=1/10 b=47 t=28 var_idx=9 tp=0.978995 y_true=0.262216 y_pred=0.759634 diff=0.497419 abs_err=0.497419
INFO | TOP_ERR | split=test epoch=149 rank=2/10 b=47 t=24 var_idx=6 tp=0.945236 y_true=0.324231 y_pred=0.796777 diff=0.472546 abs_err=0.472546
INFO | TOP_ERR | split=test epoch=149 rank=3/10 b=7 t=7 var_idx=0 tp=0.804451 y_true=0.670168 y_pred=0.286410 diff=-0.383758 abs_err=0.383758
INFO | TOP_ERR | split=test epoch=149 rank=4/10 b=60 t=7 var_idx=9 tp=0.808202 y_true=0.720162 y_pred=0.350764 diff=-0.369397 abs_err=0.369397
INFO | TOP_ERR | split=test epoch=149 rank=5/10 b=28 t=17 var_idx=10 tp=0.917729 y_true=0.911302 y_pred=0.568092 diff=-0.343210 abs_err=0.343210
INFO | TOP_ERR | split=test epoch=149 rank=6/10 b=60 t=11 var_idx=9 tp=0.835209 y_true=0.692128 y_pred=0.350741 diff=-0.341387 abs_err=0.341387
INFO | TOP_ERR | split=test epoch=149 rank=7/10 b=3 t=23 var_idx=10 tp=0.925982 y_true=0.806160 y_pred=0.468483 diff=-0.337677 abs_err=0.337677
INFO | TOP_ERR | split=test epoch=149 rank=8/10 b=4 t=15 var_idx=10 tp=0.892223 y_true=0.791293 y_pred=0.454145 diff=-0.337147 abs_err=0.337147
INFO | TOP_ERR | split=test epoch=149 rank=9/10 b=3 t=23 var_idx=11 tp=0.925982 y_true=0.941412 y_pred=0.618586 diff=-0.322826 abs_err=0.322826
INFO | TOP_ERR | split=test epoch=149 rank=10/10 b=32 t=23 var_idx=2 tp=0.931233 y_true=0.747928 y_pred=0.426571 diff=-0.321357 abs_err=0.321357
INFO | TOP_BEST | split=test epoch=149 rank=1/3 b=20 t=10 var_idx=6 tp=0.829707 y_true=0.507014 y_pred=0.507009 diff=-0.000005 abs_err=0.000005
INFO | TOP_BEST | split=test epoch=149 rank=2/3 b=38 t=30 var_idx=2 tp=0.999000 y_true=0.452027 y_pred=0.452016 diff=-0.000011 abs_err=0.000011
INFO | TOP_BEST | split=test epoch=149 rank=3/3 b=32 t=29 var_idx=1 tp=0.985496 y_true=0.382210 y_pred=0.382241 diff=0.000030 abs_err=0.000030
INFO | TOP_OK | split=test epoch=149 rank=1/3 b=0 t=0 var_idx=7 tp=0.750188 y_true=0.552868 y_pred=0.527449
INFO | TOP_OK | split=test epoch=149 rank=2/3 b=0 t=1 var_idx=11 tp=0.756939 y_true=0.662485 y_pred=0.647689
INFO | TOP_OK | split=test epoch=149 rank=3/3 b=0 t=2 var_idx=3 tp=0.763691 y_true=0.755550 y_pred=0.783956
INFO | TOP_ERR | split=test epoch=174 rank=1/10 b=47 t=28 var_idx=9 tp=0.978995 y_true=0.262216 y_pred=0.760630 diff=0.498414 abs_err=0.498414
INFO | TOP_ERR | split=test epoch=174 rank=2/10 b=47 t=24 var_idx=6 tp=0.945236 y_true=0.324231 y_pred=0.806251 diff=0.482020 abs_err=0.482020
INFO | TOP_ERR | split=test epoch=174 rank=3/10 b=7 t=7 var_idx=0 tp=0.804451 y_true=0.670168 y_pred=0.296097 diff=-0.374071 abs_err=0.374071
INFO | TOP_ERR | split=test epoch=174 rank=4/10 b=60 t=7 var_idx=9 tp=0.808202 y_true=0.720162 y_pred=0.351450 diff=-0.368711 abs_err=0.368711
INFO | TOP_ERR | split=test epoch=174 rank=5/10 b=4 t=15 var_idx=10 tp=0.892223 y_true=0.791293 y_pred=0.448858 diff=-0.342435 abs_err=0.342435
INFO | TOP_ERR | split=test epoch=174 rank=6/10 b=28 t=17 var_idx=10 tp=0.917729 y_true=0.911302 y_pred=0.568895 diff=-0.342408 abs_err=0.342408
INFO | TOP_ERR | split=test epoch=174 rank=7/10 b=60 t=11 var_idx=9 tp=0.835209 y_true=0.692128 y_pred=0.351950 diff=-0.340178 abs_err=0.340178
INFO | TOP_ERR | split=test epoch=174 rank=8/10 b=3 t=23 var_idx=11 tp=0.925982 y_true=0.941412 y_pred=0.612846 diff=-0.328565 abs_err=0.328565
INFO | TOP_ERR | split=test epoch=174 rank=9/10 b=3 t=23 var_idx=10 tp=0.925982 y_true=0.806160 y_pred=0.482530 diff=-0.323629 abs_err=0.323629
INFO | TOP_ERR | split=test epoch=174 rank=10/10 b=32 t=23 var_idx=2 tp=0.931233 y_true=0.747928 y_pred=0.430086 diff=-0.317842 abs_err=0.317842
INFO | TOP_BEST | split=test epoch=174 rank=1/3 b=54 t=7 var_idx=6 tp=0.814704 y_true=0.683660 y_pred=0.683659 diff=-0.000000 abs_err=0.000000
INFO | TOP_BEST | split=test epoch=174 rank=2/3 b=4 t=0 var_idx=10 tp=0.757189 y_true=0.447844 y_pred=0.447827 diff=-0.000016 abs_err=0.000016
INFO | TOP_BEST | split=test epoch=174 rank=3/3 b=25 t=11 var_idx=5 tp=0.836459 y_true=0.594151 y_pred=0.594120 diff=-0.000030 abs_err=0.000030
INFO | TOP_OK | split=test epoch=174 rank=1/3 b=0 t=0 var_idx=7 tp=0.750188 y_true=0.552868 y_pred=0.535806
INFO | TOP_OK | split=test epoch=174 rank=2/3 b=0 t=1 var_idx=11 tp=0.756939 y_true=0.662485 y_pred=0.640098
INFO | TOP_OK | split=test epoch=174 rank=3/3 b=0 t=2 var_idx=5 tp=0.763691 y_true=0.608434 y_pred=0.608555
INFO | TOP_ERR | split=test epoch=184 rank=1/10 b=47 t=28 var_idx=9 tp=0.978995 y_true=0.262216 y_pred=0.771536 diff=0.509320 abs_err=0.509320
INFO | TOP_ERR | split=test epoch=184 rank=2/10 b=47 t=24 var_idx=6 tp=0.945236 y_true=0.324231 y_pred=0.811595 diff=0.487364 abs_err=0.487364
INFO | TOP_ERR | split=test epoch=184 rank=3/10 b=7 t=7 var_idx=0 tp=0.804451 y_true=0.670168 y_pred=0.277449 diff=-0.392719 abs_err=0.392719
INFO | TOP_ERR | split=test epoch=184 rank=4/10 b=60 t=7 var_idx=9 tp=0.808202 y_true=0.720162 y_pred=0.353814 diff=-0.366347 abs_err=0.366347
INFO | TOP_ERR | split=test epoch=184 rank=5/10 b=28 t=17 var_idx=10 tp=0.917729 y_true=0.911302 y_pred=0.566461 diff=-0.344841 abs_err=0.344841
INFO | TOP_ERR | split=test epoch=184 rank=6/10 b=60 t=11 var_idx=9 tp=0.835209 y_true=0.692128 y_pred=0.353147 diff=-0.338980 abs_err=0.338980
INFO | TOP_ERR | split=test epoch=184 rank=7/10 b=4 t=15 var_idx=10 tp=0.892223 y_true=0.791293 y_pred=0.453388 diff=-0.337905 abs_err=0.337905
INFO | TOP_ERR | split=test epoch=184 rank=8/10 b=3 t=23 var_idx=11 tp=0.925982 y_true=0.941412 y_pred=0.611020 diff=-0.330391 abs_err=0.330391
INFO | TOP_ERR | split=test epoch=184 rank=9/10 b=3 t=23 var_idx=10 tp=0.925982 y_true=0.806160 y_pred=0.478240 diff=-0.327920 abs_err=0.327920
INFO | TOP_ERR | split=test epoch=184 rank=10/10 b=32 t=23 var_idx=2 tp=0.931233 y_true=0.747928 y_pred=0.431217 diff=-0.316711 abs_err=0.316711
INFO | TOP_BEST | split=test epoch=184 rank=1/3 b=12 t=7 var_idx=11 tp=0.811453 y_true=0.558789 y_pred=0.558791 diff=0.000002 abs_err=0.000002
INFO | TOP_BEST | split=test epoch=184 rank=2/3 b=42 t=15 var_idx=9 tp=0.877469 y_true=0.769565 y_pred=0.769561 diff=-0.000003 abs_err=0.000003
INFO | TOP_BEST | split=test epoch=184 rank=3/3 b=16 t=8 var_idx=5 tp=0.818205 y_true=0.578065 y_pred=0.578091 diff=0.000026 abs_err=0.000026
INFO | TOP_OK | split=test epoch=184 rank=1/3 b=0 t=0 var_idx=7 tp=0.750188 y_true=0.552868 y_pred=0.536183
INFO | TOP_OK | split=test epoch=184 rank=2/3 b=0 t=1 var_idx=11 tp=0.756939 y_true=0.662485 y_pred=0.640051
INFO | TOP_OK | split=test epoch=184 rank=3/3 b=0 t=2 var_idx=5 tp=0.763691 y_true=0.608434 y_pred=0.604069
INFO | TOP_ERR | split=test epoch=201 rank=1/10 b=47 t=28 var_idx=9 tp=0.978995 y_true=0.262216 y_pred=0.755422 diff=0.493206 abs_err=0.493206
INFO | TOP_ERR | split=test epoch=201 rank=2/10 b=47 t=24 var_idx=6 tp=0.945236 y_true=0.324231 y_pred=0.794387 diff=0.470156 abs_err=0.470156
INFO | TOP_ERR | split=test epoch=201 rank=3/10 b=7 t=7 var_idx=0 tp=0.804451 y_true=0.670168 y_pred=0.272401 diff=-0.397767 abs_err=0.397767
INFO | TOP_ERR | split=test epoch=201 rank=4/10 b=60 t=7 var_idx=9 tp=0.808202 y_true=0.720162 y_pred=0.348289 diff=-0.371873 abs_err=0.371873
INFO | TOP_ERR | split=test epoch=201 rank=5/10 b=28 t=17 var_idx=10 tp=0.917729 y_true=0.911302 y_pred=0.559449 diff=-0.351853 abs_err=0.351853
INFO | TOP_ERR | split=test epoch=201 rank=6/10 b=60 t=11 var_idx=9 tp=0.835209 y_true=0.692128 y_pred=0.345934 diff=-0.346194 abs_err=0.346194
INFO | TOP_ERR | split=test epoch=201 rank=7/10 b=4 t=15 var_idx=10 tp=0.892223 y_true=0.791293 y_pred=0.450758 diff=-0.340534 abs_err=0.340534
INFO | TOP_ERR | split=test epoch=201 rank=8/10 b=32 t=23 var_idx=2 tp=0.931233 y_true=0.747928 y_pred=0.417546 diff=-0.330382 abs_err=0.330382
INFO | TOP_ERR | split=test epoch=201 rank=9/10 b=3 t=23 var_idx=10 tp=0.925982 y_true=0.806160 y_pred=0.480377 diff=-0.325782 abs_err=0.325782
INFO | TOP_ERR | split=test epoch=201 rank=10/10 b=3 t=23 var_idx=11 tp=0.925982 y_true=0.941412 y_pred=0.615662 diff=-0.325750 abs_err=0.325750
INFO | TOP_BEST | split=test epoch=201 rank=1/3 b=41 t=0 var_idx=5 tp=0.755689 y_true=0.548649 y_pred=0.548653 diff=0.000004 abs_err=0.000004
INFO | TOP_BEST | split=test epoch=201 rank=2/3 b=50 t=21 var_idx=0 tp=0.918230 y_true=0.603644 y_pred=0.603634 diff=-0.000010 abs_err=0.000010
INFO | TOP_BEST | split=test epoch=201 rank=3/3 b=36 t=21 var_idx=8 tp=0.938235 y_true=0.518422 y_pred=0.518434 diff=0.000012 abs_err=0.000012
INFO | TOP_OK | split=test epoch=201 rank=1/3 b=0 t=0 var_idx=6 tp=0.750188 y_true=0.724202 y_pred=0.689362
INFO | TOP_OK | split=test epoch=201 rank=2/3 b=0 t=0 var_idx=7 tp=0.750188 y_true=0.552868 y_pred=0.541127
INFO | TOP_OK | split=test epoch=201 rank=3/3 b=0 t=0 var_idx=8 tp=0.750188 y_true=0.753995 y_pred=0.718644
INFO | TOP_ERR | split=test epoch=238 rank=1/10 b=47 t=28 var_idx=9 tp=0.978995 y_true=0.262216 y_pred=0.766652 diff=0.504436 abs_err=0.504436
INFO | TOP_ERR | split=test epoch=238 rank=2/10 b=47 t=24 var_idx=6 tp=0.945236 y_true=0.324231 y_pred=0.809788 diff=0.485557 abs_err=0.485557
INFO | TOP_ERR | split=test epoch=238 rank=3/10 b=60 t=7 var_idx=9 tp=0.808202 y_true=0.720162 y_pred=0.319250 diff=-0.400911 abs_err=0.400911
INFO | TOP_ERR | split=test epoch=238 rank=4/10 b=7 t=7 var_idx=0 tp=0.804451 y_true=0.670168 y_pred=0.274327 diff=-0.395841 abs_err=0.395841
INFO | TOP_ERR | split=test epoch=238 rank=5/10 b=60 t=11 var_idx=9 tp=0.835209 y_true=0.692128 y_pred=0.317951 diff=-0.374177 abs_err=0.374177
INFO | TOP_ERR | split=test epoch=238 rank=6/10 b=28 t=17 var_idx=10 tp=0.917729 y_true=0.911302 y_pred=0.565133 diff=-0.346169 abs_err=0.346169
INFO | TOP_ERR | split=test epoch=238 rank=7/10 b=4 t=15 var_idx=10 tp=0.892223 y_true=0.791293 y_pred=0.445325 diff=-0.345967 abs_err=0.345967
INFO | TOP_ERR | split=test epoch=238 rank=8/10 b=3 t=23 var_idx=11 tp=0.925982 y_true=0.941412 y_pred=0.608794 diff=-0.332618 abs_err=0.332618
INFO | TOP_ERR | split=test epoch=238 rank=9/10 b=3 t=23 var_idx=10 tp=0.925982 y_true=0.806160 y_pred=0.480162 diff=-0.325998 abs_err=0.325998
INFO | TOP_ERR | split=test epoch=238 rank=10/10 b=32 t=23 var_idx=2 tp=0.931233 y_true=0.747928 y_pred=0.425254 diff=-0.322674 abs_err=0.322674
INFO | TOP_BEST | split=test epoch=238 rank=1/3 b=32 t=1 var_idx=3 tp=0.762441 y_true=0.583586 y_pred=0.583598 diff=0.000012 abs_err=0.000012
INFO | TOP_BEST | split=test epoch=238 rank=2/3 b=1 t=0 var_idx=9 tp=0.750188 y_true=0.497026 y_pred=0.497043 diff=0.000017 abs_err=0.000017
INFO | TOP_BEST | split=test epoch=238 rank=3/3 b=36 t=15 var_idx=11 tp=0.890723 y_true=0.468343 y_pred=0.468378 diff=0.000035 abs_err=0.000035
INFO | TOP_OK | split=test epoch=238 rank=1/3 b=0 t=0 var_idx=6 tp=0.750188 y_true=0.724202 y_pred=0.694505
INFO | TOP_OK | split=test epoch=238 rank=2/3 b=0 t=0 var_idx=7 tp=0.750188 y_true=0.552868 y_pred=0.532486
INFO | TOP_OK | split=test epoch=238 rank=3/3 b=0 t=0 var_idx=8 tp=0.750188 y_true=0.753995 y_pred=0.730202
INFO | TOP_ERR | split=test epoch=0 rank=1/10 b=3 t=23 var_idx=9 tp=0.925982 y_true=0.039639 y_pred=0.551187 diff=0.511548 abs_err=0.511548
INFO | TOP_ERR | split=test epoch=0 rank=2/10 b=4 t=15 var_idx=9 tp=0.892223 y_true=0.038542 y_pred=0.546252 diff=0.507711 abs_err=0.507711
INFO | TOP_ERR | split=test epoch=0 rank=3/10 b=60 t=18 var_idx=9 tp=0.889222 y_true=0.073623 y_pred=0.548193 diff=0.474570 abs_err=0.474570
INFO | TOP_ERR | split=test epoch=0 rank=4/10 b=60 t=21 var_idx=9 tp=0.916229 y_true=0.076939 y_pred=0.548598 diff=0.471658 abs_err=0.471658
INFO | TOP_ERR | split=test epoch=0 rank=5/10 b=28 t=17 var_idx=10 tp=0.917729 y_true=0.911302 y_pred=0.502895 diff=-0.408407 abs_err=0.408407
INFO | TOP_ERR | split=test epoch=0 rank=6/10 b=3 t=23 var_idx=11 tp=0.925982 y_true=0.941412 y_pred=0.535311 diff=-0.406101 abs_err=0.406101
INFO | TOP_ERR | split=test epoch=0 rank=7/10 b=4 t=15 var_idx=11 tp=0.892223 y_true=0.927668 y_pred=0.536357 diff=-0.391311 abs_err=0.391311
INFO | TOP_ERR | split=test epoch=0 rank=8/10 b=7 t=27 var_idx=3 tp=0.986997 y_true=0.216271 y_pred=0.574932 diff=0.358661 abs_err=0.358661
INFO | TOP_ERR | split=test epoch=0 rank=9/10 b=6 t=24 var_idx=9 tp=0.959990 y_true=0.197830 y_pred=0.542327 diff=0.344498 abs_err=0.344498
INFO | TOP_ERR | split=test epoch=0 rank=10/10 b=6 t=19 var_idx=9 tp=0.905726 y_true=0.198705 y_pred=0.541544 diff=0.342839 abs_err=0.342839
INFO | TOP_BEST | split=test epoch=0 rank=1/3 b=51 t=7 var_idx=7 tp=0.809952 y_true=0.523131 y_pred=0.523103 diff=-0.000028 abs_err=0.000028
INFO | TOP_BEST | split=test epoch=0 rank=2/3 b=10 t=15 var_idx=10 tp=0.878970 y_true=0.496931 y_pred=0.496872 diff=-0.000059 abs_err=0.000059
INFO | TOP_BEST | split=test epoch=0 rank=3/3 b=48 t=18 var_idx=1 tp=0.904726 y_true=0.476155 y_pred=0.476077 diff=-0.000079 abs_err=0.000079
INFO | TOP_OK | split=test epoch=0 rank=1/3 b=0 t=1 var_idx=10 tp=0.756939 y_true=0.479089 y_pred=0.498833
INFO | TOP_OK | split=test epoch=0 rank=2/3 b=0 t=3 var_idx=1 tp=0.770443 y_true=0.486860 y_pred=0.479024
INFO | TOP_OK | split=test epoch=0 rank=3/3 b=0 t=5 var_idx=4 tp=0.790698 y_true=0.561000 y_pred=0.546421
INFO | TOP_ERR | split=test epoch=1 rank=1/10 b=47 t=28 var_idx=9 tp=0.978995 y_true=0.262216 y_pred=0.789547 diff=0.527332 abs_err=0.527332
INFO | TOP_ERR | split=test epoch=1 rank=2/10 b=47 t=24 var_idx=6 tp=0.945236 y_true=0.324231 y_pred=0.731944 diff=0.407713 abs_err=0.407713
INFO | TOP_ERR | split=test epoch=1 rank=3/10 b=9 t=23 var_idx=9 tp=0.939735 y_true=0.743767 y_pred=0.350692 diff=-0.393076 abs_err=0.393076
INFO | TOP_ERR | split=test epoch=1 rank=4/10 b=9 t=19 var_idx=9 tp=0.912728 y_true=0.739735 y_pred=0.350504 diff=-0.389231 abs_err=0.389231
INFO | TOP_ERR | split=test epoch=1 rank=5/10 b=7 t=7 var_idx=0 tp=0.804451 y_true=0.670168 y_pred=0.300739 diff=-0.369429 abs_err=0.369429
INFO | TOP_ERR | split=test epoch=1 rank=6/10 b=3 t=23 var_idx=9 tp=0.925982 y_true=0.039639 y_pred=0.400387 diff=0.360749 abs_err=0.360749
INFO | TOP_ERR | split=test epoch=1 rank=7/10 b=28 t=17 var_idx=10 tp=0.917729 y_true=0.911302 y_pred=0.562808 diff=-0.348494 abs_err=0.348494
INFO | TOP_ERR | split=test epoch=1 rank=8/10 b=60 t=7 var_idx=9 tp=0.808202 y_true=0.720162 y_pred=0.376075 diff=-0.344087 abs_err=0.344087
INFO | TOP_ERR | split=test epoch=1 rank=9/10 b=32 t=23 var_idx=2 tp=0.931233 y_true=0.747928 y_pred=0.406962 diff=-0.340966 abs_err=0.340966
INFO | TOP_ERR | split=test epoch=1 rank=10/10 b=3 t=23 var_idx=10 tp=0.925982 y_true=0.806160 y_pred=0.468505 diff=-0.337655 abs_err=0.337655
INFO | TOP_BEST | split=test epoch=1 rank=1/3 b=22 t=29 var_idx=8 tp=0.978495 y_true=0.623098 y_pred=0.623103 diff=0.000005 abs_err=0.000005
INFO | TOP_BEST | split=test epoch=1 rank=2/3 b=46 t=22 var_idx=1 tp=0.945236 y_true=0.379284 y_pred=0.379303 diff=0.000019 abs_err=0.000019
INFO | TOP_BEST | split=test epoch=1 rank=3/3 b=36 t=15 var_idx=9 tp=0.890723 y_true=0.781183 y_pred=0.781203 diff=0.000020 abs_err=0.000020
INFO | TOP_OK | split=test epoch=1 rank=1/3 b=0 t=1 var_idx=9 tp=0.756939 y_true=0.764134 y_pred=0.794585
INFO | TOP_OK | split=test epoch=1 rank=2/3 b=0 t=1 var_idx=10 tp=0.756939 y_true=0.479089 y_pred=0.497257
INFO | TOP_OK | split=test epoch=1 rank=3/3 b=0 t=1 var_idx=11 tp=0.756939 y_true=0.662485 y_pred=0.648043
INFO | TOP_ERR | split=test epoch=2 rank=1/10 b=47 t=28 var_idx=9 tp=0.978995 y_true=0.262216 y_pred=0.797791 diff=0.535576 abs_err=0.535576
INFO | TOP_ERR | split=test epoch=2 rank=2/10 b=47 t=24 var_idx=6 tp=0.945236 y_true=0.324231 y_pred=0.766865 diff=0.442634 abs_err=0.442634
INFO | TOP_ERR | split=test epoch=2 rank=3/10 b=9 t=23 var_idx=9 tp=0.939735 y_true=0.743767 y_pred=0.341854 diff=-0.401913 abs_err=0.401913
INFO | TOP_ERR | split=test epoch=2 rank=4/10 b=9 t=19 var_idx=9 tp=0.912728 y_true=0.739735 y_pred=0.341697 diff=-0.398038 abs_err=0.398038
INFO | TOP_ERR | split=test epoch=2 rank=5/10 b=7 t=7 var_idx=0 tp=0.804451 y_true=0.670168 y_pred=0.283322 diff=-0.386846 abs_err=0.386846
INFO | TOP_ERR | split=test epoch=2 rank=6/10 b=60 t=7 var_idx=9 tp=0.808202 y_true=0.720162 y_pred=0.352402 diff=-0.367760 abs_err=0.367760
INFO | TOP_ERR | split=test epoch=2 rank=7/10 b=32 t=23 var_idx=2 tp=0.931233 y_true=0.747928 y_pred=0.402525 diff=-0.345403 abs_err=0.345403
INFO | TOP_ERR | split=test epoch=2 rank=8/10 b=60 t=11 var_idx=9 tp=0.835209 y_true=0.692128 y_pred=0.352588 diff=-0.339540 abs_err=0.339540
INFO | TOP_ERR | split=test epoch=2 rank=9/10 b=3 t=23 var_idx=10 tp=0.925982 y_true=0.806160 y_pred=0.473786 diff=-0.332374 abs_err=0.332374
INFO | TOP_ERR | split=test epoch=2 rank=10/10 b=28 t=17 var_idx=10 tp=0.917729 y_true=0.911302 y_pred=0.580278 diff=-0.331024 abs_err=0.331024
INFO | TOP_BEST | split=test epoch=2 rank=1/3 b=15 t=24 var_idx=0 tp=0.939735 y_true=0.497260 y_pred=0.497274 diff=0.000014 abs_err=0.000014
INFO | TOP_BEST | split=test epoch=2 rank=2/3 b=58 t=0 var_idx=0 tp=0.753938 y_true=0.476720 y_pred=0.476661 diff=-0.000059 abs_err=0.000059
INFO | TOP_BEST | split=test epoch=2 rank=3/3 b=44 t=24 var_idx=6 tp=0.938235 y_true=0.814481 y_pred=0.814556 diff=0.000075 abs_err=0.000075
INFO | TOP_OK | split=test epoch=2 rank=1/3 b=0 t=1 var_idx=9 tp=0.756939 y_true=0.764134 y_pred=0.795551
INFO | TOP_OK | split=test epoch=2 rank=2/3 b=0 t=1 var_idx=11 tp=0.756939 y_true=0.662485 y_pred=0.665681
INFO | TOP_OK | split=test epoch=2 rank=3/3 b=0 t=2 var_idx=3 tp=0.763691 y_true=0.755550 y_pred=0.728643
INFO | TOP_ERR | split=test epoch=3 rank=1/10 b=47 t=28 var_idx=9 tp=0.978995 y_true=0.262216 y_pred=0.790968 diff=0.528752 abs_err=0.528752
INFO | TOP_ERR | split=test epoch=3 rank=2/10 b=47 t=24 var_idx=6 tp=0.945236 y_true=0.324231 y_pred=0.771382 diff=0.447151 abs_err=0.447151
INFO | TOP_ERR | split=test epoch=3 rank=3/10 b=7 t=7 var_idx=0 tp=0.804451 y_true=0.670168 y_pred=0.265018 diff=-0.405150 abs_err=0.405150
INFO | TOP_ERR | split=test epoch=3 rank=4/10 b=9 t=23 var_idx=9 tp=0.939735 y_true=0.743767 y_pred=0.343476 diff=-0.400291 abs_err=0.400291
INFO | TOP_ERR | split=test epoch=3 rank=5/10 b=9 t=19 var_idx=9 tp=0.912728 y_true=0.739735 y_pred=0.343343 diff=-0.396392 abs_err=0.396392
INFO | TOP_ERR | split=test epoch=3 rank=6/10 b=60 t=7 var_idx=9 tp=0.808202 y_true=0.720162 y_pred=0.340251 diff=-0.379911 abs_err=0.379911
INFO | TOP_ERR | split=test epoch=3 rank=7/10 b=60 t=11 var_idx=9 tp=0.835209 y_true=0.692128 y_pred=0.340422 diff=-0.351706 abs_err=0.351706
INFO | TOP_ERR | split=test epoch=3 rank=8/10 b=32 t=23 var_idx=2 tp=0.931233 y_true=0.747928 y_pred=0.400414 diff=-0.347514 abs_err=0.347514
INFO | TOP_ERR | split=test epoch=3 rank=9/10 b=28 t=17 var_idx=10 tp=0.917729 y_true=0.911302 y_pred=0.579867 diff=-0.331435 abs_err=0.331435
INFO | TOP_ERR | split=test epoch=3 rank=10/10 b=32 t=25 var_idx=2 tp=0.958240 y_true=0.730705 y_pred=0.400505 diff=-0.330200 abs_err=0.330200
INFO | TOP_BEST | split=test epoch=3 rank=1/3 b=31 t=23 var_idx=7 tp=0.944736 y_true=0.408944 y_pred=0.408933 diff=-0.000010 abs_err=0.000010
INFO | TOP_BEST | split=test epoch=3 rank=2/3 b=62 t=17 var_idx=4 tp=0.882471 y_true=0.510019 y_pred=0.510044 diff=0.000025 abs_err=0.000025
INFO | TOP_BEST | split=test epoch=3 rank=3/3 b=30 t=20 var_idx=2 tp=0.917729 y_true=0.404131 y_pred=0.404167 diff=0.000035 abs_err=0.000035
INFO | TOP_OK | split=test epoch=3 rank=1/3 b=0 t=1 var_idx=9 tp=0.756939 y_true=0.764134 y_pred=0.791492
INFO | TOP_OK | split=test epoch=3 rank=2/3 b=0 t=1 var_idx=11 tp=0.756939 y_true=0.662485 y_pred=0.656231
INFO | TOP_OK | split=test epoch=3 rank=3/3 b=0 t=2 var_idx=3 tp=0.763691 y_true=0.755550 y_pred=0.750593
INFO | TOP_ERR | split=test epoch=7 rank=1/10 b=47 t=28 var_idx=9 tp=0.978995 y_true=0.262216 y_pred=0.781255 diff=0.519039 abs_err=0.519039
INFO | TOP_ERR | split=test epoch=7 rank=2/10 b=47 t=24 var_idx=6 tp=0.945236 y_true=0.324231 y_pred=0.775409 diff=0.451178 abs_err=0.451178
INFO | TOP_ERR | split=test epoch=7 rank=3/10 b=7 t=7 var_idx=0 tp=0.804451 y_true=0.670168 y_pred=0.227723 diff=-0.442445 abs_err=0.442445
INFO | TOP_ERR | split=test epoch=7 rank=4/10 b=60 t=7 var_idx=9 tp=0.808202 y_true=0.720162 y_pred=0.333607 diff=-0.386555 abs_err=0.386555
INFO | TOP_ERR | split=test epoch=7 rank=5/10 b=60 t=11 var_idx=9 tp=0.835209 y_true=0.692128 y_pred=0.333799 diff=-0.358329 abs_err=0.358329
INFO | TOP_ERR | split=test epoch=7 rank=6/10 b=9 t=23 var_idx=9 tp=0.939735 y_true=0.743767 y_pred=0.385582 diff=-0.358185 abs_err=0.358185
INFO | TOP_ERR | split=test epoch=7 rank=7/10 b=9 t=19 var_idx=9 tp=0.912728 y_true=0.739735 y_pred=0.385475 diff=-0.354259 abs_err=0.354259
INFO | TOP_ERR | split=test epoch=7 rank=8/10 b=32 t=23 var_idx=2 tp=0.931233 y_true=0.747928 y_pred=0.395550 diff=-0.352378 abs_err=0.352378
INFO | TOP_ERR | split=test epoch=7 rank=9/10 b=14 t=21 var_idx=2 tp=0.919480 y_true=0.669667 y_pred=0.330201 diff=-0.339466 abs_err=0.339466
INFO | TOP_ERR | split=test epoch=7 rank=10/10 b=28 t=17 var_idx=10 tp=0.917729 y_true=0.911302 y_pred=0.574319 diff=-0.336983 abs_err=0.336983
INFO | TOP_BEST | split=test epoch=7 rank=1/3 b=38 t=8 var_idx=6 tp=0.816454 y_true=0.813672 y_pred=0.813669 diff=-0.000003 abs_err=0.000003
INFO | TOP_BEST | split=test epoch=7 rank=2/3 b=62 t=12 var_idx=11 tp=0.848712 y_true=0.492750 y_pred=0.492760 diff=0.000011 abs_err=0.000011
INFO | TOP_BEST | split=test epoch=7 rank=3/3 b=56 t=10 var_idx=10 tp=0.835209 y_true=0.493085 y_pred=0.493106 diff=0.000021 abs_err=0.000021
INFO | TOP_OK | split=test epoch=7 rank=1/3 b=0 t=1 var_idx=9 tp=0.756939 y_true=0.764134 y_pred=0.766642
INFO | TOP_OK | split=test epoch=7 rank=2/3 b=0 t=1 var_idx=11 tp=0.756939 y_true=0.662485 y_pred=0.646804
INFO | TOP_OK | split=test epoch=7 rank=3/3 b=0 t=2 var_idx=3 tp=0.763691 y_true=0.755550 y_pred=0.759571
INFO | TOP_ERR | split=test epoch=9 rank=1/10 b=47 t=28 var_idx=9 tp=0.978995 y_true=0.262216 y_pred=0.780617 diff=0.518401 abs_err=0.518401
INFO | TOP_ERR | split=test epoch=9 rank=2/10 b=47 t=24 var_idx=6 tp=0.945236 y_true=0.324231 y_pred=0.783813 diff=0.459582 abs_err=0.459582
INFO | TOP_ERR | split=test epoch=9 rank=3/10 b=7 t=7 var_idx=0 tp=0.804451 y_true=0.670168 y_pred=0.220666 diff=-0.449502 abs_err=0.449502
INFO | TOP_ERR | split=test epoch=9 rank=4/10 b=60 t=7 var_idx=9 tp=0.808202 y_true=0.720162 y_pred=0.328777 diff=-0.391385 abs_err=0.391385
INFO | TOP_ERR | split=test epoch=9 rank=5/10 b=9 t=23 var_idx=9 tp=0.939735 y_true=0.743767 y_pred=0.380543 diff=-0.363225 abs_err=0.363225
INFO | TOP_ERR | split=test epoch=9 rank=6/10 b=60 t=11 var_idx=9 tp=0.835209 y_true=0.692128 y_pred=0.329090 diff=-0.363038 abs_err=0.363038
INFO | TOP_ERR | split=test epoch=9 rank=7/10 b=9 t=19 var_idx=9 tp=0.912728 y_true=0.739735 y_pred=0.380465 diff=-0.359270 abs_err=0.359270
INFO | TOP_ERR | split=test epoch=9 rank=8/10 b=32 t=23 var_idx=2 tp=0.931233 y_true=0.747928 y_pred=0.395054 diff=-0.352874 abs_err=0.352874
INFO | TOP_ERR | split=test epoch=9 rank=9/10 b=14 t=21 var_idx=2 tp=0.919480 y_true=0.669667 y_pred=0.319185 diff=-0.350482 abs_err=0.350482
INFO | TOP_ERR | split=test epoch=9 rank=10/10 b=28 t=17 var_idx=10 tp=0.917729 y_true=0.911302 y_pred=0.568493 diff=-0.342809 abs_err=0.342809
INFO | TOP_BEST | split=test epoch=9 rank=1/3 b=46 t=5 var_idx=5 tp=0.803201 y_true=0.556047 y_pred=0.556067 diff=0.000020 abs_err=0.000020
INFO | TOP_BEST | split=test epoch=9 rank=2/3 b=28 t=18 var_idx=4 tp=0.924481 y_true=0.470650 y_pred=0.470630 diff=-0.000021 abs_err=0.000021
INFO | TOP_BEST | split=test epoch=9 rank=3/3 b=26 t=22 var_idx=9 tp=0.931233 y_true=0.508394 y_pred=0.508435 diff=0.000041 abs_err=0.000041
INFO | TOP_OK | split=test epoch=9 rank=1/3 b=0 t=0 var_idx=6 tp=0.750188 y_true=0.724202 y_pred=0.692886
INFO | TOP_OK | split=test epoch=9 rank=2/3 b=0 t=1 var_idx=9 tp=0.756939 y_true=0.764134 y_pred=0.767538
INFO | TOP_OK | split=test epoch=9 rank=3/3 b=0 t=1 var_idx=11 tp=0.756939 y_true=0.662485 y_pred=0.643619
INFO | TOP_ERR | split=test epoch=12 rank=1/10 b=47 t=28 var_idx=9 tp=0.978995 y_true=0.262216 y_pred=0.772640 diff=0.510425 abs_err=0.510425
INFO | TOP_ERR | split=test epoch=12 rank=2/10 b=47 t=24 var_idx=6 tp=0.945236 y_true=0.324231 y_pred=0.755446 diff=0.431215 abs_err=0.431215
INFO | TOP_ERR | split=test epoch=12 rank=3/10 b=7 t=7 var_idx=0 tp=0.804451 y_true=0.670168 y_pred=0.245672 diff=-0.424496 abs_err=0.424496
INFO | TOP_ERR | split=test epoch=12 rank=4/10 b=60 t=7 var_idx=9 tp=0.808202 y_true=0.720162 y_pred=0.353893 diff=-0.366269 abs_err=0.366269
INFO | TOP_ERR | split=test epoch=12 rank=5/10 b=9 t=23 var_idx=9 tp=0.939735 y_true=0.743767 y_pred=0.394806 diff=-0.348962 abs_err=0.348962
INFO | TOP_ERR | split=test epoch=12 rank=6/10 b=9 t=19 var_idx=9 tp=0.912728 y_true=0.739735 y_pred=0.394962 diff=-0.344772 abs_err=0.344772
INFO | TOP_ERR | split=test epoch=12 rank=7/10 b=28 t=17 var_idx=10 tp=0.917729 y_true=0.911302 y_pred=0.569224 diff=-0.342078 abs_err=0.342078
INFO | TOP_ERR | split=test epoch=12 rank=8/10 b=32 t=23 var_idx=2 tp=0.931233 y_true=0.747928 y_pred=0.406661 diff=-0.341267 abs_err=0.341267
INFO | TOP_ERR | split=test epoch=12 rank=9/10 b=60 t=11 var_idx=9 tp=0.835209 y_true=0.692128 y_pred=0.353793 diff=-0.338335 abs_err=0.338335
INFO | TOP_ERR | split=test epoch=12 rank=10/10 b=14 t=21 var_idx=2 tp=0.919480 y_true=0.669667 y_pred=0.334597 diff=-0.335071 abs_err=0.335071
INFO | TOP_BEST | split=test epoch=12 rank=1/3 b=20 t=29 var_idx=1 tp=0.985246 y_true=0.362720 y_pred=0.362708 diff=-0.000013 abs_err=0.000013
INFO | TOP_BEST | split=test epoch=12 rank=2/3 b=30 t=0 var_idx=2 tp=0.755439 y_true=0.424548 y_pred=0.424535 diff=-0.000013 abs_err=0.000013
INFO | TOP_BEST | split=test epoch=12 rank=3/3 b=39 t=8 var_idx=0 tp=0.830208 y_true=0.542601 y_pred=0.542622 diff=0.000022 abs_err=0.000022
INFO | TOP_OK | split=test epoch=12 rank=1/3 b=0 t=0 var_idx=6 tp=0.750188 y_true=0.724202 y_pred=0.695477
INFO | TOP_OK | split=test epoch=12 rank=2/3 b=0 t=1 var_idx=9 tp=0.756939 y_true=0.764134 y_pred=0.746829
INFO | TOP_OK | split=test epoch=12 rank=3/3 b=0 t=1 var_idx=11 tp=0.756939 y_true=0.662485 y_pred=0.639740
INFO | TOP_ERR | split=test epoch=19 rank=1/10 b=47 t=28 var_idx=9 tp=0.978995 y_true=0.262216 y_pred=0.785128 diff=0.522912 abs_err=0.522912
INFO | TOP_ERR | split=test epoch=19 rank=2/10 b=47 t=24 var_idx=6 tp=0.945236 y_true=0.324231 y_pred=0.772149 diff=0.447918 abs_err=0.447918
INFO | TOP_ERR | split=test epoch=19 rank=3/10 b=7 t=7 var_idx=0 tp=0.804451 y_true=0.670168 y_pred=0.270289 diff=-0.399879 abs_err=0.399879
INFO | TOP_ERR | split=test epoch=19 rank=4/10 b=60 t=7 var_idx=9 tp=0.808202 y_true=0.720162 y_pred=0.368997 diff=-0.351164 abs_err=0.351164
INFO | TOP_ERR | split=test epoch=19 rank=5/10 b=9 t=23 var_idx=9 tp=0.939735 y_true=0.743767 y_pred=0.409615 diff=-0.334152 abs_err=0.334152
INFO | TOP_ERR | split=test epoch=19 rank=6/10 b=9 t=19 var_idx=9 tp=0.912728 y_true=0.739735 y_pred=0.409127 diff=-0.330608 abs_err=0.330608
INFO | TOP_ERR | split=test epoch=19 rank=7/10 b=28 t=17 var_idx=10 tp=0.917729 y_true=0.911302 y_pred=0.587907 diff=-0.323396 abs_err=0.323396
INFO | TOP_ERR | split=test epoch=19 rank=8/10 b=32 t=23 var_idx=2 tp=0.931233 y_true=0.747928 y_pred=0.425053 diff=-0.322875 abs_err=0.322875
INFO | TOP_ERR | split=test epoch=19 rank=9/10 b=60 t=11 var_idx=9 tp=0.835209 y_true=0.692128 y_pred=0.369547 diff=-0.322581 abs_err=0.322581
INFO | TOP_ERR | split=test epoch=19 rank=10/10 b=60 t=21 var_idx=10 tp=0.916229 y_true=0.205834 y_pred=0.521737 diff=0.315904 abs_err=0.315904
INFO | TOP_BEST | split=test epoch=19 rank=1/3 b=38 t=7 var_idx=1 tp=0.809702 y_true=0.363338 y_pred=0.363331 diff=-0.000007 abs_err=0.000007
INFO | TOP_BEST | split=test epoch=19 rank=2/3 b=15 t=14 var_idx=2 tp=0.858715 y_true=0.476915 y_pred=0.476925 diff=0.000011 abs_err=0.000011
INFO | TOP_BEST | split=test epoch=19 rank=3/3 b=21 t=20 var_idx=3 tp=0.917479 y_true=0.565131 y_pred=0.565145 diff=0.000014 abs_err=0.000014
INFO | TOP_OK | split=test epoch=19 rank=1/3 b=0 t=0 var_idx=6 tp=0.750188 y_true=0.724202 y_pred=0.729424
INFO | TOP_OK | split=test epoch=19 rank=2/3 b=0 t=0 var_idx=7 tp=0.750188 y_true=0.552868 y_pred=0.533441
INFO | TOP_OK | split=test epoch=19 rank=3/3 b=0 t=1 var_idx=9 tp=0.756939 y_true=0.764134 y_pred=0.758534
INFO | TOP_ERR | split=test epoch=28 rank=1/10 b=47 t=28 var_idx=9 tp=0.978995 y_true=0.262216 y_pred=0.767853 diff=0.505637 abs_err=0.505637
INFO | TOP_ERR | split=test epoch=28 rank=2/10 b=47 t=24 var_idx=6 tp=0.945236 y_true=0.324231 y_pred=0.760281 diff=0.436050 abs_err=0.436050
INFO | TOP_ERR | split=test epoch=28 rank=3/10 b=7 t=7 var_idx=0 tp=0.804451 y_true=0.670168 y_pred=0.243896 diff=-0.426272 abs_err=0.426271
INFO | TOP_ERR | split=test epoch=28 rank=4/10 b=60 t=7 var_idx=9 tp=0.808202 y_true=0.720162 y_pred=0.353038 diff=-0.367123 abs_err=0.367123
INFO | TOP_ERR | split=test epoch=28 rank=5/10 b=9 t=23 var_idx=9 tp=0.939735 y_true=0.743767 y_pred=0.400457 diff=-0.343310 abs_err=0.343310
INFO | TOP_ERR | split=test epoch=28 rank=6/10 b=28 t=17 var_idx=10 tp=0.917729 y_true=0.911302 y_pred=0.568433 diff=-0.342869 abs_err=0.342869
INFO | TOP_ERR | split=test epoch=28 rank=7/10 b=9 t=19 var_idx=9 tp=0.912728 y_true=0.739735 y_pred=0.399666 diff=-0.340069 abs_err=0.340069
INFO | TOP_ERR | split=test epoch=28 rank=8/10 b=60 t=11 var_idx=9 tp=0.835209 y_true=0.692128 y_pred=0.353960 diff=-0.338168 abs_err=0.338168
INFO | TOP_ERR | split=test epoch=28 rank=9/10 b=4 t=15 var_idx=10 tp=0.892223 y_true=0.791293 y_pred=0.456966 diff=-0.334326 abs_err=0.334326
INFO | TOP_ERR | split=test epoch=28 rank=10/10 b=32 t=23 var_idx=2 tp=0.931233 y_true=0.747928 y_pred=0.416203 diff=-0.331725 abs_err=0.331725
INFO | TOP_BEST | split=test epoch=28 rank=1/3 b=42 t=26 var_idx=9 tp=0.958490 y_true=0.766418 y_pred=0.766421 diff=0.000004 abs_err=0.000004
INFO | TOP_BEST | split=test epoch=28 rank=2/3 b=9 t=17 var_idx=4 tp=0.892473 y_true=0.482281 y_pred=0.482269 diff=-0.000013 abs_err=0.000013
INFO | TOP_BEST | split=test epoch=28 rank=3/3 b=54 t=9 var_idx=3 tp=0.828207 y_true=0.709036 y_pred=0.709062 diff=0.000027 abs_err=0.000027
INFO | TOP_OK | split=test epoch=28 rank=1/3 b=0 t=0 var_idx=6 tp=0.750188 y_true=0.724202 y_pred=0.727139
INFO | TOP_OK | split=test epoch=28 rank=2/3 b=0 t=0 var_idx=7 tp=0.750188 y_true=0.552868 y_pred=0.525865
INFO | TOP_OK | split=test epoch=28 rank=3/3 b=0 t=1 var_idx=9 tp=0.756939 y_true=0.764134 y_pred=0.740539
INFO | TOP_ERR | split=test epoch=49 rank=1/10 b=47 t=28 var_idx=9 tp=0.978995 y_true=0.262216 y_pred=0.787380 diff=0.525164 abs_err=0.525164
INFO | TOP_ERR | split=test epoch=49 rank=2/10 b=47 t=24 var_idx=6 tp=0.945236 y_true=0.324231 y_pred=0.792886 diff=0.468655 abs_err=0.468655
INFO | TOP_ERR | split=test epoch=49 rank=3/10 b=7 t=7 var_idx=0 tp=0.804451 y_true=0.670168 y_pred=0.265689 diff=-0.404479 abs_err=0.404479
INFO | TOP_ERR | split=test epoch=49 rank=4/10 b=60 t=7 var_idx=9 tp=0.808202 y_true=0.720162 y_pred=0.357119 diff=-0.363043 abs_err=0.363043
INFO | TOP_ERR | split=test epoch=49 rank=5/10 b=28 t=17 var_idx=10 tp=0.917729 y_true=0.911302 y_pred=0.574512 diff=-0.336791 abs_err=0.336791
INFO | TOP_ERR | split=test epoch=49 rank=6/10 b=60 t=11 var_idx=9 tp=0.835209 y_true=0.692128 y_pred=0.358167 diff=-0.333960 abs_err=0.333960
INFO | TOP_ERR | split=test epoch=49 rank=7/10 b=9 t=23 var_idx=9 tp=0.939735 y_true=0.743767 y_pred=0.413232 diff=-0.330535 abs_err=0.330535
INFO | TOP_ERR | split=test epoch=49 rank=8/10 b=9 t=19 var_idx=9 tp=0.912728 y_true=0.739735 y_pred=0.412291 diff=-0.327444 abs_err=0.327444
INFO | TOP_ERR | split=test epoch=49 rank=9/10 b=32 t=23 var_idx=2 tp=0.931233 y_true=0.747928 y_pred=0.421844 diff=-0.326084 abs_err=0.326084
INFO | TOP_ERR | split=test epoch=49 rank=10/10 b=3 t=23 var_idx=10 tp=0.925982 y_true=0.806160 y_pred=0.491992 diff=-0.314167 abs_err=0.314167
INFO | TOP_BEST | split=test epoch=49 rank=1/3 b=45 t=16 var_idx=2 tp=0.897724 y_true=0.416164 y_pred=0.416182 diff=0.000019 abs_err=0.000019
INFO | TOP_BEST | split=test epoch=49 rank=2/3 b=61 t=4 var_idx=1 tp=0.787947 y_true=0.447471 y_pred=0.447503 diff=0.000033 abs_err=0.000033
INFO | TOP_BEST | split=test epoch=49 rank=3/3 b=21 t=20 var_idx=4 tp=0.917479 y_true=0.513111 y_pred=0.513069 diff=-0.000042 abs_err=0.000042
INFO | TOP_OK | split=test epoch=49 rank=1/3 b=0 t=0 var_idx=6 tp=0.750188 y_true=0.724202 y_pred=0.746915
INFO | TOP_OK | split=test epoch=49 rank=2/3 b=0 t=0 var_idx=7 tp=0.750188 y_true=0.552868 y_pred=0.526973
INFO | TOP_OK | split=test epoch=49 rank=3/3 b=0 t=0 var_idx=8 tp=0.750188 y_true=0.753995 y_pred=0.723877
INFO | TOP_ERR | split=test epoch=56 rank=1/10 b=47 t=28 var_idx=9 tp=0.978995 y_true=0.262216 y_pred=0.760625 diff=0.498409 abs_err=0.498409
INFO | TOP_ERR | split=test epoch=56 rank=2/10 b=47 t=24 var_idx=6 tp=0.945236 y_true=0.324231 y_pred=0.769432 diff=0.445201 abs_err=0.445201
INFO | TOP_ERR | split=test epoch=56 rank=3/10 b=7 t=7 var_idx=0 tp=0.804451 y_true=0.670168 y_pred=0.266216 diff=-0.403952 abs_err=0.403952
INFO | TOP_ERR | split=test epoch=56 rank=4/10 b=60 t=7 var_idx=9 tp=0.808202 y_true=0.720162 y_pred=0.357162 diff=-0.362999 abs_err=0.362999
INFO | TOP_ERR | split=test epoch=56 rank=5/10 b=28 t=17 var_idx=10 tp=0.917729 y_true=0.911302 y_pred=0.559952 diff=-0.351350 abs_err=0.351350
INFO | TOP_ERR | split=test epoch=56 rank=6/10 b=60 t=11 var_idx=9 tp=0.835209 y_true=0.692128 y_pred=0.358266 diff=-0.333862 abs_err=0.333862
INFO | TOP_ERR | split=test epoch=56 rank=7/10 b=32 t=23 var_idx=2 tp=0.931233 y_true=0.747928 y_pred=0.420134 diff=-0.327794 abs_err=0.327794
INFO | TOP_ERR | split=test epoch=56 rank=8/10 b=9 t=23 var_idx=9 tp=0.939735 y_true=0.743767 y_pred=0.416432 diff=-0.327336 abs_err=0.327336
INFO | TOP_ERR | split=test epoch=56 rank=9/10 b=3 t=23 var_idx=11 tp=0.925982 y_true=0.941412 y_pred=0.614930 diff=-0.326482 abs_err=0.326482
INFO | TOP_ERR | split=test epoch=56 rank=10/10 b=3 t=23 var_idx=10 tp=0.925982 y_true=0.806160 y_pred=0.481856 diff=-0.324303 abs_err=0.324303
INFO | TOP_BEST | split=test epoch=56 rank=1/3 b=5 t=24 var_idx=5 tp=0.973493 y_true=0.558300 y_pred=0.558300 diff=-0.000001 abs_err=0.000001
INFO | TOP_BEST | split=test epoch=56 rank=2/3 b=51 t=4 var_idx=10 tp=0.789697 y_true=0.453954 y_pred=0.453958 diff=0.000004 abs_err=0.000004
INFO | TOP_BEST | split=test epoch=56 rank=3/3 b=47 t=6 var_idx=0 tp=0.803201 y_true=0.523957 y_pred=0.523945 diff=-0.000011 abs_err=0.000011
INFO | TOP_OK | split=test epoch=56 rank=1/3 b=0 t=0 var_idx=6 tp=0.750188 y_true=0.724202 y_pred=0.725806
INFO | TOP_OK | split=test epoch=56 rank=2/3 b=0 t=1 var_idx=9 tp=0.756939 y_true=0.764134 y_pred=0.729837
INFO | TOP_OK | split=test epoch=56 rank=3/3 b=0 t=2 var_idx=3 tp=0.763691 y_true=0.755550 y_pred=0.775855
INFO | TOP_ERR | split=test epoch=63 rank=1/10 b=47 t=28 var_idx=9 tp=0.978995 y_true=0.262216 y_pred=0.766586 diff=0.504370 abs_err=0.504370
INFO | TOP_ERR | split=test epoch=63 rank=2/10 b=47 t=24 var_idx=6 tp=0.945236 y_true=0.324231 y_pred=0.782639 diff=0.458408 abs_err=0.458408
INFO | TOP_ERR | split=test epoch=63 rank=3/10 b=7 t=7 var_idx=0 tp=0.804451 y_true=0.670168 y_pred=0.264057 diff=-0.406111 abs_err=0.406111
INFO | TOP_ERR | split=test epoch=63 rank=4/10 b=60 t=7 var_idx=9 tp=0.808202 y_true=0.720162 y_pred=0.352634 diff=-0.367527 abs_err=0.367527
INFO | TOP_ERR | split=test epoch=63 rank=5/10 b=28 t=17 var_idx=10 tp=0.917729 y_true=0.911302 y_pred=0.566331 diff=-0.344971 abs_err=0.344971
INFO | TOP_ERR | split=test epoch=63 rank=6/10 b=60 t=11 var_idx=9 tp=0.835209 y_true=0.692128 y_pred=0.353704 diff=-0.338424 abs_err=0.338424
INFO | TOP_ERR | split=test epoch=63 rank=7/10 b=32 t=23 var_idx=2 tp=0.931233 y_true=0.747928 y_pred=0.417890 diff=-0.330038 abs_err=0.330038
INFO | TOP_ERR | split=test epoch=63 rank=8/10 b=9 t=23 var_idx=9 tp=0.939735 y_true=0.743767 y_pred=0.414588 diff=-0.329179 abs_err=0.329179
INFO | TOP_ERR | split=test epoch=63 rank=9/10 b=9 t=19 var_idx=9 tp=0.912728 y_true=0.739735 y_pred=0.413747 diff=-0.325988 abs_err=0.325988
INFO | TOP_ERR | split=test epoch=63 rank=10/10 b=3 t=23 var_idx=10 tp=0.925982 y_true=0.806160 y_pred=0.482585 diff=-0.323574 abs_err=0.323574
INFO | TOP_BEST | split=test epoch=63 rank=1/3 b=16 t=0 var_idx=7 tp=0.750688 y_true=0.619437 y_pred=0.619439 diff=0.000002 abs_err=0.000002
INFO | TOP_BEST | split=test epoch=63 rank=2/3 b=31 t=15 var_idx=1 tp=0.883971 y_true=0.380472 y_pred=0.380469 diff=-0.000003 abs_err=0.000003
INFO | TOP_BEST | split=test epoch=63 rank=3/3 b=57 t=21 var_idx=4 tp=0.916229 y_true=0.521808 y_pred=0.521814 diff=0.000006 abs_err=0.000006
INFO | TOP_OK | split=test epoch=63 rank=1/3 b=0 t=0 var_idx=6 tp=0.750188 y_true=0.724202 y_pred=0.737173
INFO | TOP_OK | split=test epoch=63 rank=2/3 b=0 t=0 var_idx=8 tp=0.750188 y_true=0.753995 y_pred=0.716901
INFO | TOP_OK | split=test epoch=63 rank=3/3 b=0 t=1 var_idx=9 tp=0.756939 y_true=0.764134 y_pred=0.737985
INFO | TOP_ERR | split=test epoch=74 rank=1/10 b=47 t=28 var_idx=9 tp=0.978995 y_true=0.262216 y_pred=0.768778 diff=0.506563 abs_err=0.506563
INFO | TOP_ERR | split=test epoch=74 rank=2/10 b=47 t=24 var_idx=6 tp=0.945236 y_true=0.324231 y_pred=0.785785 diff=0.461554 abs_err=0.461554
INFO | TOP_ERR | split=test epoch=74 rank=3/10 b=7 t=7 var_idx=0 tp=0.804451 y_true=0.670168 y_pred=0.255691 diff=-0.414477 abs_err=0.414477
INFO | TOP_ERR | split=test epoch=74 rank=4/10 b=60 t=7 var_idx=9 tp=0.808202 y_true=0.720162 y_pred=0.353257 diff=-0.366905 abs_err=0.366905
INFO | TOP_ERR | split=test epoch=74 rank=5/10 b=28 t=17 var_idx=10 tp=0.917729 y_true=0.911302 y_pred=0.568388 diff=-0.342914 abs_err=0.342914
INFO | TOP_ERR | split=test epoch=74 rank=6/10 b=60 t=11 var_idx=9 tp=0.835209 y_true=0.692128 y_pred=0.354428 diff=-0.337700 abs_err=0.337700
INFO | TOP_ERR | split=test epoch=74 rank=7/10 b=32 t=23 var_idx=2 tp=0.931233 y_true=0.747928 y_pred=0.419896 diff=-0.328032 abs_err=0.328032
INFO | TOP_ERR | split=test epoch=74 rank=8/10 b=3 t=23 var_idx=10 tp=0.925982 y_true=0.806160 y_pred=0.481905 diff=-0.324255 abs_err=0.324255
INFO | TOP_ERR | split=test epoch=74 rank=9/10 b=9 t=23 var_idx=9 tp=0.939735 y_true=0.743767 y_pred=0.423156 diff=-0.320611 abs_err=0.320611
INFO | TOP_ERR | split=test epoch=74 rank=10/10 b=9 t=19 var_idx=9 tp=0.912728 y_true=0.739735 y_pred=0.422181 diff=-0.317554 abs_err=0.317554
INFO | TOP_BEST | split=test epoch=74 rank=1/3 b=34 t=0 var_idx=2 tp=0.755689 y_true=0.502437 y_pred=0.502422 diff=-0.000015 abs_err=0.000015
INFO | TOP_BEST | split=test epoch=74 rank=2/3 b=53 t=26 var_idx=6 tp=0.956739 y_true=0.716300 y_pred=0.716283 diff=-0.000017 abs_err=0.000017
INFO | TOP_BEST | split=test epoch=74 rank=3/3 b=57 t=21 var_idx=4 tp=0.916229 y_true=0.521808 y_pred=0.521839 diff=0.000031 abs_err=0.000031
INFO | TOP_OK | split=test epoch=74 rank=1/3 b=0 t=0 var_idx=6 tp=0.750188 y_true=0.724202 y_pred=0.746305
INFO | TOP_OK | split=test epoch=74 rank=2/3 b=0 t=0 var_idx=8 tp=0.750188 y_true=0.753995 y_pred=0.727174
INFO | TOP_OK | split=test epoch=74 rank=3/3 b=0 t=1 var_idx=9 tp=0.756939 y_true=0.764134 y_pred=0.736696
INFO | TOP_ERR | split=test epoch=79 rank=1/10 b=47 t=28 var_idx=9 tp=0.978995 y_true=0.262216 y_pred=0.758106 diff=0.495890 abs_err=0.495890
INFO | TOP_ERR | split=test epoch=79 rank=2/10 b=47 t=24 var_idx=6 tp=0.945236 y_true=0.324231 y_pred=0.772048 diff=0.447817 abs_err=0.447817
INFO | TOP_ERR | split=test epoch=79 rank=3/10 b=7 t=7 var_idx=0 tp=0.804451 y_true=0.670168 y_pred=0.267172 diff=-0.402996 abs_err=0.402996
INFO | TOP_ERR | split=test epoch=79 rank=4/10 b=60 t=7 var_idx=9 tp=0.808202 y_true=0.720162 y_pred=0.358277 diff=-0.361884 abs_err=0.361884
INFO | TOP_ERR | split=test epoch=79 rank=5/10 b=28 t=17 var_idx=10 tp=0.917729 y_true=0.911302 y_pred=0.570466 diff=-0.340836 abs_err=0.340836
INFO | TOP_ERR | split=test epoch=79 rank=6/10 b=60 t=11 var_idx=9 tp=0.835209 y_true=0.692128 y_pred=0.359333 diff=-0.332795 abs_err=0.332795
INFO | TOP_ERR | split=test epoch=79 rank=7/10 b=32 t=23 var_idx=2 tp=0.931233 y_true=0.747928 y_pred=0.426409 diff=-0.321520 abs_err=0.321520
INFO | TOP_ERR | split=test epoch=79 rank=8/10 b=3 t=23 var_idx=10 tp=0.925982 y_true=0.806160 y_pred=0.484830 diff=-0.321330 abs_err=0.321330
INFO | TOP_ERR | split=test epoch=79 rank=9/10 b=9 t=23 var_idx=9 tp=0.939735 y_true=0.743767 y_pred=0.431351 diff=-0.312417 abs_err=0.312417
INFO | TOP_ERR | split=test epoch=79 rank=10/10 b=9 t=19 var_idx=9 tp=0.912728 y_true=0.739735 y_pred=0.430652 diff=-0.309082 abs_err=0.309082
INFO | TOP_BEST | split=test epoch=79 rank=1/3 b=26 t=6 var_idx=3 tp=0.802701 y_true=0.495772 y_pred=0.495771 diff=-0.000000 abs_err=0.000000
INFO | TOP_BEST | split=test epoch=79 rank=2/3 b=31 t=27 var_idx=10 tp=0.978495 y_true=0.404052 y_pred=0.404058 diff=0.000006 abs_err=0.000006
INFO | TOP_BEST | split=test epoch=79 rank=3/3 b=36 t=3 var_idx=9 tp=0.782696 y_true=0.772789 y_pred=0.772798 diff=0.000009 abs_err=0.000009
INFO | TOP_OK | split=test epoch=79 rank=1/3 b=0 t=0 var_idx=6 tp=0.750188 y_true=0.724202 y_pred=0.731653
INFO | TOP_OK | split=test epoch=79 rank=2/3 b=0 t=1 var_idx=9 tp=0.756939 y_true=0.764134 y_pred=0.725929
INFO | TOP_OK | split=test epoch=79 rank=3/3 b=0 t=1 var_idx=11 tp=0.756939 y_true=0.662485 y_pred=0.645652
INFO | TOP_ERR | split=test epoch=94 rank=1/10 b=47 t=28 var_idx=9 tp=0.978995 y_true=0.262216 y_pred=0.766968 diff=0.504753 abs_err=0.504753
INFO | TOP_ERR | split=test epoch=94 rank=2/10 b=47 t=24 var_idx=6 tp=0.945236 y_true=0.324231 y_pred=0.774635 diff=0.450404 abs_err=0.450404
INFO | TOP_ERR | split=test epoch=94 rank=3/10 b=7 t=7 var_idx=0 tp=0.804451 y_true=0.670168 y_pred=0.268907 diff=-0.401261 abs_err=0.401261
INFO | TOP_ERR | split=test epoch=94 rank=4/10 b=60 t=7 var_idx=9 tp=0.808202 y_true=0.720162 y_pred=0.348792 diff=-0.371370 abs_err=0.371370
INFO | TOP_ERR | split=test epoch=94 rank=5/10 b=60 t=11 var_idx=9 tp=0.835209 y_true=0.692128 y_pred=0.350297 diff=-0.341830 abs_err=0.341830
INFO | TOP_ERR | split=test epoch=94 rank=6/10 b=28 t=17 var_idx=10 tp=0.917729 y_true=0.911302 y_pred=0.572109 diff=-0.339193 abs_err=0.339193
INFO | TOP_ERR | split=test epoch=94 rank=7/10 b=32 t=23 var_idx=2 tp=0.931233 y_true=0.747928 y_pred=0.425877 diff=-0.322052 abs_err=0.322052
INFO | TOP_ERR | split=test epoch=94 rank=8/10 b=3 t=23 var_idx=10 tp=0.925982 y_true=0.806160 y_pred=0.490721 diff=-0.315439 abs_err=0.315439
INFO | TOP_ERR | split=test epoch=94 rank=9/10 b=4 t=15 var_idx=10 tp=0.892223 y_true=0.791293 y_pred=0.481578 diff=-0.309714 abs_err=0.309714
INFO | TOP_ERR | split=test epoch=94 rank=10/10 b=9 t=23 var_idx=9 tp=0.939735 y_true=0.743767 y_pred=0.434645 diff=-0.309122 abs_err=0.309122
INFO | TOP_BEST | split=test epoch=94 rank=1/3 b=30 t=0 var_idx=2 tp=0.755439 y_true=0.424548 y_pred=0.424554 diff=0.000006 abs_err=0.000006
INFO | TOP_BEST | split=test epoch=94 rank=2/3 b=56 t=28 var_idx=4 tp=0.976994 y_true=0.546101 y_pred=0.546079 diff=-0.000022 abs_err=0.000022
INFO | TOP_BEST | split=test epoch=94 rank=3/3 b=32 t=11 var_idx=5 tp=0.843461 y_true=0.577875 y_pred=0.577849 diff=-0.000026 abs_err=0.000026
INFO | TOP_OK | split=test epoch=94 rank=1/3 b=0 t=0 var_idx=6 tp=0.750188 y_true=0.724202 y_pred=0.729781
INFO | TOP_OK | split=test epoch=94 rank=2/3 b=0 t=0 var_idx=7 tp=0.750188 y_true=0.552868 y_pred=0.532245
INFO | TOP_OK | split=test epoch=94 rank=3/3 b=0 t=0 var_idx=8 tp=0.750188 y_true=0.753995 y_pred=0.723235
INFO | TOP_ERR | split=test epoch=104 rank=1/10 b=47 t=28 var_idx=9 tp=0.978995 y_true=0.262216 y_pred=0.767087 diff=0.504872 abs_err=0.504872
INFO | TOP_ERR | split=test epoch=104 rank=2/10 b=47 t=24 var_idx=6 tp=0.945236 y_true=0.324231 y_pred=0.785056 diff=0.460825 abs_err=0.460825
INFO | TOP_ERR | split=test epoch=104 rank=3/10 b=7 t=7 var_idx=0 tp=0.804451 y_true=0.670168 y_pred=0.275423 diff=-0.394745 abs_err=0.394745
INFO | TOP_ERR | split=test epoch=104 rank=4/10 b=60 t=7 var_idx=9 tp=0.808202 y_true=0.720162 y_pred=0.364126 diff=-0.356036 abs_err=0.356036
INFO | TOP_ERR | split=test epoch=104 rank=5/10 b=28 t=17 var_idx=10 tp=0.917729 y_true=0.911302 y_pred=0.569312 diff=-0.341991 abs_err=0.341991
INFO | TOP_ERR | split=test epoch=104 rank=6/10 b=60 t=11 var_idx=9 tp=0.835209 y_true=0.692128 y_pred=0.365639 diff=-0.326489 abs_err=0.326489
INFO | TOP_ERR | split=test epoch=104 rank=7/10 b=32 t=23 var_idx=2 tp=0.931233 y_true=0.747928 y_pred=0.427656 diff=-0.320272 abs_err=0.320272
INFO | TOP_ERR | split=test epoch=104 rank=8/10 b=3 t=23 var_idx=10 tp=0.925982 y_true=0.806160 y_pred=0.489714 diff=-0.316446 abs_err=0.316446
INFO | TOP_ERR | split=test epoch=104 rank=9/10 b=3 t=23 var_idx=11 tp=0.925982 y_true=0.941412 y_pred=0.634804 diff=-0.306608 abs_err=0.306608
INFO | TOP_ERR | split=test epoch=104 rank=10/10 b=32 t=25 var_idx=2 tp=0.958240 y_true=0.730705 y_pred=0.427593 diff=-0.303112 abs_err=0.303112
INFO | TOP_BEST | split=test epoch=104 rank=1/3 b=60 t=9 var_idx=2 tp=0.821705 y_true=0.428470 y_pred=0.428484 diff=0.000013 abs_err=0.000013
INFO | TOP_BEST | split=test epoch=104 rank=2/3 b=42 t=26 var_idx=10 tp=0.958490 y_true=0.390918 y_pred=0.390894 diff=-0.000023 abs_err=0.000023
INFO | TOP_BEST | split=test epoch=104 rank=3/3 b=54 t=7 var_idx=6 tp=0.814704 y_true=0.683660 y_pred=0.683683 diff=0.000024 abs_err=0.000024
INFO | TOP_OK | split=test epoch=104 rank=1/3 b=0 t=0 var_idx=6 tp=0.750188 y_true=0.724202 y_pred=0.731088
INFO | TOP_OK | split=test epoch=104 rank=2/3 b=0 t=0 var_idx=7 tp=0.750188 y_true=0.552868 y_pred=0.531300
INFO | TOP_OK | split=test epoch=104 rank=3/3 b=0 t=1 var_idx=9 tp=0.756939 y_true=0.764134 y_pred=0.740043
INFO | TOP_ERR | split=test epoch=110 rank=1/10 b=47 t=28 var_idx=9 tp=0.978995 y_true=0.262216 y_pred=0.778278 diff=0.516062 abs_err=0.516062
INFO | TOP_ERR | split=test epoch=110 rank=2/10 b=47 t=24 var_idx=6 tp=0.945236 y_true=0.324231 y_pred=0.796313 diff=0.472082 abs_err=0.472082
INFO | TOP_ERR | split=test epoch=110 rank=3/10 b=7 t=7 var_idx=0 tp=0.804451 y_true=0.670168 y_pred=0.284283 diff=-0.385885 abs_err=0.385885
INFO | TOP_ERR | split=test epoch=110 rank=4/10 b=60 t=7 var_idx=9 tp=0.808202 y_true=0.720162 y_pred=0.356938 diff=-0.363223 abs_err=0.363223
INFO | TOP_ERR | split=test epoch=110 rank=5/10 b=28 t=17 var_idx=10 tp=0.917729 y_true=0.911302 y_pred=0.575388 diff=-0.335914 abs_err=0.335914
INFO | TOP_ERR | split=test epoch=110 rank=6/10 b=60 t=11 var_idx=9 tp=0.835209 y_true=0.692128 y_pred=0.357910 diff=-0.334218 abs_err=0.334218
INFO | TOP_ERR | split=test epoch=110 rank=7/10 b=9 t=23 var_idx=9 tp=0.939735 y_true=0.743767 y_pred=0.427938 diff=-0.315829 abs_err=0.315829
INFO | TOP_ERR | split=test epoch=110 rank=8/10 b=9 t=19 var_idx=9 tp=0.912728 y_true=0.739735 y_pred=0.427815 diff=-0.311920 abs_err=0.311920
INFO | TOP_ERR | split=test epoch=110 rank=9/10 b=32 t=23 var_idx=2 tp=0.931233 y_true=0.747928 y_pred=0.436428 diff=-0.311500 abs_err=0.311500
INFO | TOP_ERR | split=test epoch=110 rank=10/10 b=3 t=23 var_idx=10 tp=0.925982 y_true=0.806160 y_pred=0.499225 diff=-0.306934 abs_err=0.306934
INFO | TOP_BEST | split=test epoch=110 rank=1/3 b=53 t=9 var_idx=11 tp=0.830458 y_true=0.566897 y_pred=0.566892 diff=-0.000004 abs_err=0.000004
INFO | TOP_BEST | split=test epoch=110 rank=2/3 b=13 t=27 var_idx=4 tp=0.973493 y_true=0.495945 y_pred=0.495959 diff=0.000014 abs_err=0.000014
INFO | TOP_BEST | split=test epoch=110 rank=3/3 b=39 t=17 var_idx=11 tp=0.897724 y_true=0.451778 y_pred=0.451762 diff=-0.000016 abs_err=0.000016
INFO | TOP_OK | split=test epoch=110 rank=1/3 b=0 t=0 var_idx=6 tp=0.750188 y_true=0.724202 y_pred=0.724533
INFO | TOP_OK | split=test epoch=110 rank=2/3 b=0 t=0 var_idx=7 tp=0.750188 y_true=0.552868 y_pred=0.547705
INFO | TOP_OK | split=test epoch=110 rank=3/3 b=0 t=1 var_idx=9 tp=0.756939 y_true=0.764134 y_pred=0.728477
INFO | TOP_ERR | split=test epoch=130 rank=1/10 b=47 t=28 var_idx=9 tp=0.978995 y_true=0.262216 y_pred=0.777645 diff=0.515430 abs_err=0.515430
INFO | TOP_ERR | split=test epoch=130 rank=2/10 b=47 t=24 var_idx=6 tp=0.945236 y_true=0.324231 y_pred=0.786384 diff=0.462153 abs_err=0.462153
INFO | TOP_ERR | split=test epoch=130 rank=3/10 b=7 t=7 var_idx=0 tp=0.804451 y_true=0.670168 y_pred=0.266356 diff=-0.403812 abs_err=0.403812
INFO | TOP_ERR | split=test epoch=130 rank=4/10 b=60 t=7 var_idx=9 tp=0.808202 y_true=0.720162 y_pred=0.364601 diff=-0.355561 abs_err=0.355561
INFO | TOP_ERR | split=test epoch=130 rank=5/10 b=28 t=17 var_idx=10 tp=0.917729 y_true=0.911302 y_pred=0.575532 diff=-0.335770 abs_err=0.335770
INFO | TOP_ERR | split=test epoch=130 rank=6/10 b=60 t=11 var_idx=9 tp=0.835209 y_true=0.692128 y_pred=0.366717 diff=-0.325411 abs_err=0.325411
INFO | TOP_ERR | split=test epoch=130 rank=7/10 b=32 t=23 var_idx=2 tp=0.931233 y_true=0.747928 y_pred=0.432401 diff=-0.315527 abs_err=0.315527
INFO | TOP_ERR | split=test epoch=130 rank=8/10 b=3 t=23 var_idx=10 tp=0.925982 y_true=0.806160 y_pred=0.498695 diff=-0.307464 abs_err=0.307464
INFO | TOP_ERR | split=test epoch=130 rank=9/10 b=3 t=23 var_idx=11 tp=0.925982 y_true=0.941412 y_pred=0.636254 diff=-0.305157 abs_err=0.305157
INFO | TOP_ERR | split=test epoch=130 rank=10/10 b=4 t=15 var_idx=10 tp=0.892223 y_true=0.791293 y_pred=0.486790 diff=-0.304503 abs_err=0.304503
INFO | TOP_BEST | split=test epoch=130 rank=1/3 b=51 t=10 var_idx=1 tp=0.830458 y_true=0.510830 y_pred=0.510840 diff=0.000010 abs_err=0.000010
INFO | TOP_BEST | split=test epoch=130 rank=2/3 b=6 t=27 var_idx=6 tp=0.980245 y_true=0.261546 y_pred=0.261562 diff=0.000015 abs_err=0.000015
INFO | TOP_BEST | split=test epoch=130 rank=3/3 b=38 t=11 var_idx=2 tp=0.836709 y_true=0.465051 y_pred=0.465075 diff=0.000024 abs_err=0.000024
INFO | TOP_OK | split=test epoch=130 rank=1/3 b=0 t=0 var_idx=6 tp=0.750188 y_true=0.724202 y_pred=0.719609
INFO | TOP_OK | split=test epoch=130 rank=2/3 b=0 t=0 var_idx=7 tp=0.750188 y_true=0.552868 y_pred=0.551473
INFO | TOP_OK | split=test epoch=130 rank=3/3 b=0 t=1 var_idx=11 tp=0.756939 y_true=0.662485 y_pred=0.645798
INFO | TOP_ERR | split=test epoch=133 rank=1/10 b=47 t=28 var_idx=9 tp=0.978995 y_true=0.262216 y_pred=0.766445 diff=0.504229 abs_err=0.504229
INFO | TOP_ERR | split=test epoch=133 rank=2/10 b=47 t=24 var_idx=6 tp=0.945236 y_true=0.324231 y_pred=0.776569 diff=0.452338 abs_err=0.452338
INFO | TOP_ERR | split=test epoch=133 rank=3/10 b=7 t=7 var_idx=0 tp=0.804451 y_true=0.670168 y_pred=0.271566 diff=-0.398602 abs_err=0.398602
INFO | TOP_ERR | split=test epoch=133 rank=4/10 b=60 t=7 var_idx=9 tp=0.808202 y_true=0.720162 y_pred=0.357073 diff=-0.363088 abs_err=0.363088
INFO | TOP_ERR | split=test epoch=133 rank=5/10 b=28 t=17 var_idx=10 tp=0.917729 y_true=0.911302 y_pred=0.568789 diff=-0.342513 abs_err=0.342513
INFO | TOP_ERR | split=test epoch=133 rank=6/10 b=60 t=11 var_idx=9 tp=0.835209 y_true=0.692128 y_pred=0.358646 diff=-0.333482 abs_err=0.333482
INFO | TOP_ERR | split=test epoch=133 rank=7/10 b=3 t=23 var_idx=10 tp=0.925982 y_true=0.806160 y_pred=0.488398 diff=-0.317762 abs_err=0.317762
INFO | TOP_ERR | split=test epoch=133 rank=8/10 b=32 t=23 var_idx=2 tp=0.931233 y_true=0.747928 y_pred=0.431796 diff=-0.316132 abs_err=0.316132
INFO | TOP_ERR | split=test epoch=133 rank=9/10 b=3 t=23 var_idx=11 tp=0.925982 y_true=0.941412 y_pred=0.626288 diff=-0.315124 abs_err=0.315124
INFO | TOP_ERR | split=test epoch=133 rank=10/10 b=4 t=15 var_idx=10 tp=0.892223 y_true=0.791293 y_pred=0.477544 diff=-0.313749 abs_err=0.313749
INFO | TOP_BEST | split=test epoch=133 rank=1/3 b=15 t=23 var_idx=3 tp=0.932983 y_true=0.474114 y_pred=0.474116 diff=0.000002 abs_err=0.000002
INFO | TOP_BEST | split=test epoch=133 rank=2/3 b=54 t=1 var_idx=8 tp=0.760690 y_true=0.607059 y_pred=0.607081 diff=0.000022 abs_err=0.000022
INFO | TOP_BEST | split=test epoch=133 rank=3/3 b=50 t=17 var_idx=1 tp=0.891223 y_true=0.480566 y_pred=0.480591 diff=0.000024 abs_err=0.000024
INFO | TOP_OK | split=test epoch=133 rank=1/3 b=0 t=0 var_idx=6 tp=0.750188 y_true=0.724202 y_pred=0.706563
INFO | TOP_OK | split=test epoch=133 rank=2/3 b=0 t=0 var_idx=7 tp=0.750188 y_true=0.552868 y_pred=0.534005
INFO | TOP_OK | split=test epoch=133 rank=3/3 b=0 t=0 var_idx=8 tp=0.750188 y_true=0.753995 y_pred=0.717758
INFO | TOP_ERR | split=test epoch=140 rank=1/10 b=47 t=28 var_idx=9 tp=0.978995 y_true=0.262216 y_pred=0.755334 diff=0.493118 abs_err=0.493118
INFO | TOP_ERR | split=test epoch=140 rank=2/10 b=47 t=24 var_idx=6 tp=0.945236 y_true=0.324231 y_pred=0.769358 diff=0.445127 abs_err=0.445127
INFO | TOP_ERR | split=test epoch=140 rank=3/10 b=7 t=7 var_idx=0 tp=0.804451 y_true=0.670168 y_pred=0.264407 diff=-0.405761 abs_err=0.405761
INFO | TOP_ERR | split=test epoch=140 rank=4/10 b=60 t=7 var_idx=9 tp=0.808202 y_true=0.720162 y_pred=0.354833 diff=-0.365329 abs_err=0.365329
INFO | TOP_ERR | split=test epoch=140 rank=5/10 b=28 t=17 var_idx=10 tp=0.917729 y_true=0.911302 y_pred=0.567500 diff=-0.343802 abs_err=0.343802
INFO | TOP_ERR | split=test epoch=140 rank=6/10 b=60 t=11 var_idx=9 tp=0.835209 y_true=0.692128 y_pred=0.356000 diff=-0.336128 abs_err=0.336128
INFO | TOP_ERR | split=test epoch=140 rank=7/10 b=3 t=23 var_idx=11 tp=0.925982 y_true=0.941412 y_pred=0.621115 diff=-0.320297 abs_err=0.320297
INFO | TOP_ERR | split=test epoch=140 rank=8/10 b=32 t=23 var_idx=2 tp=0.931233 y_true=0.747928 y_pred=0.429905 diff=-0.318023 abs_err=0.318023
INFO | TOP_ERR | split=test epoch=140 rank=9/10 b=4 t=15 var_idx=10 tp=0.892223 y_true=0.791293 y_pred=0.476078 diff=-0.315215 abs_err=0.315215
INFO | TOP_ERR | split=test epoch=140 rank=10/10 b=3 t=23 var_idx=10 tp=0.925982 y_true=0.806160 y_pred=0.492159 diff=-0.314001 abs_err=0.314001
INFO | TOP_BEST | split=test epoch=140 rank=1/3 b=21 t=15 var_idx=11 tp=0.883721 y_true=0.554788 y_pred=0.554802 diff=0.000014 abs_err=0.000014
INFO | TOP_BEST | split=test epoch=140 rank=2/3 b=21 t=7 var_idx=5 tp=0.809452 y_true=0.594733 y_pred=0.594697 diff=-0.000036 abs_err=0.000036
INFO | TOP_BEST | split=test epoch=140 rank=3/3 b=55 t=26 var_idx=11 tp=0.976994 y_true=0.587970 y_pred=0.588008 diff=0.000038 abs_err=0.000038
INFO | TOP_OK | split=test epoch=140 rank=1/3 b=0 t=0 var_idx=6 tp=0.750188 y_true=0.724202 y_pred=0.713900
INFO | TOP_OK | split=test epoch=140 rank=2/3 b=0 t=0 var_idx=7 tp=0.750188 y_true=0.552868 y_pred=0.548576
INFO | TOP_OK | split=test epoch=140 rank=3/3 b=0 t=1 var_idx=11 tp=0.756939 y_true=0.662485 y_pred=0.641164
INFO | TOP_ERR | split=test epoch=162 rank=1/10 b=47 t=28 var_idx=9 tp=0.978995 y_true=0.262216 y_pred=0.763491 diff=0.501276 abs_err=0.501276
INFO | TOP_ERR | split=test epoch=162 rank=2/10 b=47 t=24 var_idx=6 tp=0.945236 y_true=0.324231 y_pred=0.773171 diff=0.448940 abs_err=0.448940
INFO | TOP_ERR | split=test epoch=162 rank=3/10 b=7 t=7 var_idx=0 tp=0.804451 y_true=0.670168 y_pred=0.252680 diff=-0.417488 abs_err=0.417488
INFO | TOP_ERR | split=test epoch=162 rank=4/10 b=60 t=7 var_idx=9 tp=0.808202 y_true=0.720162 y_pred=0.368916 diff=-0.351245 abs_err=0.351245
INFO | TOP_ERR | split=test epoch=162 rank=5/10 b=28 t=17 var_idx=10 tp=0.917729 y_true=0.911302 y_pred=0.565735 diff=-0.345568 abs_err=0.345568
INFO | TOP_ERR | split=test epoch=162 rank=6/10 b=4 t=15 var_idx=10 tp=0.892223 y_true=0.791293 y_pred=0.466362 diff=-0.324931 abs_err=0.324931
INFO | TOP_ERR | split=test epoch=162 rank=7/10 b=60 t=11 var_idx=9 tp=0.835209 y_true=0.692128 y_pred=0.369009 diff=-0.323119 abs_err=0.323119
INFO | TOP_ERR | split=test epoch=162 rank=8/10 b=32 t=23 var_idx=2 tp=0.931233 y_true=0.747928 y_pred=0.429138 diff=-0.318790 abs_err=0.318790
INFO | TOP_ERR | split=test epoch=162 rank=9/10 b=3 t=23 var_idx=10 tp=0.925982 y_true=0.806160 y_pred=0.489718 diff=-0.316442 abs_err=0.316442
INFO | TOP_ERR | split=test epoch=162 rank=10/10 b=3 t=23 var_idx=11 tp=0.925982 y_true=0.941412 y_pred=0.634982 diff=-0.306430 abs_err=0.306430
INFO | TOP_BEST | split=test epoch=162 rank=1/3 b=10 t=5 var_idx=8 tp=0.790948 y_true=0.706302 y_pred=0.706303 diff=0.000001 abs_err=0.000001
INFO | TOP_BEST | split=test epoch=162 rank=2/3 b=46 t=11 var_idx=0 tp=0.863966 y_true=0.520055 y_pred=0.520056 diff=0.000002 abs_err=0.000002
INFO | TOP_BEST | split=test epoch=162 rank=3/3 b=12 t=31 var_idx=6 tp=0.993748 y_true=0.506896 y_pred=0.506911 diff=0.000015 abs_err=0.000015
INFO | TOP_OK | split=test epoch=162 rank=1/3 b=0 t=0 var_idx=6 tp=0.750188 y_true=0.724202 y_pred=0.700585
INFO | TOP_OK | split=test epoch=162 rank=2/3 b=0 t=0 var_idx=8 tp=0.750188 y_true=0.753995 y_pred=0.718596
INFO | TOP_OK | split=test epoch=162 rank=3/3 b=0 t=1 var_idx=11 tp=0.756939 y_true=0.662485 y_pred=0.648179
