2025-12-22 01:32:38,509 | INFO | - Epoch 000, ExpID 13223 best_epoch=0 improved=1
2025-12-22 01:32:38,510 | INFO | Train - Loss (last batch): 0.02216
2025-12-22 01:32:38,510 | INFO | Val - Loss, MSE, MAE: 0.02225, 0.02225, 0.11992
2025-12-22 01:32:38,510 | INFO | Test - Best epoch, Loss, MSE, MAE: 0, 0.02147, 0.02147, 0.11745
2025-12-22 01:32:38,510 | INFO | Test - Points (EXACT): total_masked=96963 correct=12886 right_rate=13.2896%
2025-12-22 01:32:43,516 | INFO | - Epoch 001, ExpID 13223 best_epoch=1 improved=1
2025-12-22 01:32:43,516 | INFO | Train - Loss (last batch): 0.01439
2025-12-22 01:32:43,516 | INFO | Val - Loss, MSE, MAE: 0.01598, 0.01598, 0.09876
2025-12-22 01:32:43,516 | INFO | Test - Best epoch, Loss, MSE, MAE: 1, 0.01538, 0.01538, 0.09760
2025-12-22 01:32:43,516 | INFO | Test - Points (EXACT): total_masked=96963 correct=16898 right_rate=17.4273%
2025-12-22 01:32:48,503 | INFO | - Epoch 002, ExpID 13223 best_epoch=2 improved=1
2025-12-22 01:32:48,503 | INFO | Train - Loss (last batch): 0.01556
2025-12-22 01:32:48,503 | INFO | Val - Loss, MSE, MAE: 0.01511, 0.01511, 0.09525
2025-12-22 01:32:48,503 | INFO | Test - Best epoch, Loss, MSE, MAE: 2, 0.01445, 0.01445, 0.09364
2025-12-22 01:32:48,503 | INFO | Test - Points (EXACT): total_masked=96963 correct=18797 right_rate=19.3857%
2025-12-22 01:32:53,483 | INFO | - Epoch 003, ExpID 13223 best_epoch=3 improved=1
2025-12-22 01:32:53,483 | INFO | Train - Loss (last batch): 0.01151
2025-12-22 01:32:53,483 | INFO | Val - Loss, MSE, MAE: 0.01379, 0.01379, 0.09193
2025-12-22 01:32:53,483 | INFO | Test - Best epoch, Loss, MSE, MAE: 3, 0.01299, 0.01299, 0.08934
2025-12-22 01:32:53,483 | INFO | Test - Points (EXACT): total_masked=96963 correct=20068 right_rate=20.6966%
2025-12-22 01:32:58,464 | INFO | - Epoch 004, ExpID 13223 best_epoch=4 improved=1
2025-12-22 01:32:58,464 | INFO | Train - Loss (last batch): 0.00514
2025-12-22 01:32:58,464 | INFO | Val - Loss, MSE, MAE: 0.00455, 0.00455, 0.04554
2025-12-22 01:32:58,464 | INFO | Test - Best epoch, Loss, MSE, MAE: 4, 0.00438, 0.00438, 0.04451
2025-12-22 01:32:58,464 | INFO | Test - Points (EXACT): total_masked=96963 correct=43375 right_rate=44.7336%
2025-12-22 01:33:03,455 | INFO | - Epoch 005, ExpID 13223 best_epoch=5 improved=1
2025-12-22 01:33:03,455 | INFO | Train - Loss (last batch): 0.00465
2025-12-22 01:33:03,455 | INFO | Val - Loss, MSE, MAE: 0.00416, 0.00416, 0.04308
2025-12-22 01:33:03,455 | INFO | Test - Best epoch, Loss, MSE, MAE: 5, 0.00399, 0.00399, 0.04181
2025-12-22 01:33:03,455 | INFO | Test - Points (EXACT): total_masked=96963 correct=46129 right_rate=47.5738%
2025-12-22 01:33:08,440 | INFO | - Epoch 006, ExpID 13223 best_epoch=6 improved=1
2025-12-22 01:33:08,440 | INFO | Train - Loss (last batch): 0.00406
2025-12-22 01:33:08,440 | INFO | Val - Loss, MSE, MAE: 0.00362, 0.00362, 0.03860
2025-12-22 01:33:08,440 | INFO | Test - Best epoch, Loss, MSE, MAE: 6, 0.00347, 0.00347, 0.03750
2025-12-22 01:33:08,440 | INFO | Test - Points (EXACT): total_masked=96963 correct=51017 right_rate=52.6149%
2025-12-22 01:33:13,435 | INFO | - Epoch 007, ExpID 13223 best_epoch=7 improved=1
2025-12-22 01:33:13,435 | INFO | Train - Loss (last batch): 0.00355
2025-12-22 01:33:13,435 | INFO | Val - Loss, MSE, MAE: 0.00362, 0.00362, 0.03874
2025-12-22 01:33:13,435 | INFO | Test - Best epoch, Loss, MSE, MAE: 7, 0.00346, 0.00346, 0.03763
2025-12-22 01:33:13,435 | INFO | Test - Points (EXACT): total_masked=96963 correct=51697 right_rate=53.3162%
2025-12-22 01:33:18,415 | INFO | - Epoch 008, ExpID 13223 best_epoch=8 improved=1
2025-12-22 01:33:18,415 | INFO | Train - Loss (last batch): 0.00324
2025-12-22 01:33:18,415 | INFO | Val - Loss, MSE, MAE: 0.00337, 0.00337, 0.03626
2025-12-22 01:33:18,415 | INFO | Test - Best epoch, Loss, MSE, MAE: 8, 0.00323, 0.00323, 0.03539
2025-12-22 01:33:18,415 | INFO | Test - Points (EXACT): total_masked=96963 correct=54283 right_rate=55.9832%
2025-12-22 01:33:23,416 | INFO | - Epoch 009, ExpID 13223 best_epoch=9 improved=1
2025-12-22 01:33:23,416 | INFO | Train - Loss (last batch): 0.00342
2025-12-22 01:33:23,417 | INFO | Val - Loss, MSE, MAE: 0.00333, 0.00333, 0.03576
2025-12-22 01:33:23,417 | INFO | Test - Best epoch, Loss, MSE, MAE: 9, 0.00319, 0.00319, 0.03494
2025-12-22 01:33:23,417 | INFO | Test - Points (EXACT): total_masked=96963 correct=55039 right_rate=56.7629%
2025-12-22 01:33:28,431 | INFO | - Epoch 010, ExpID 13223 best_epoch=10 improved=1
2025-12-22 01:33:28,431 | INFO | Train - Loss (last batch): 0.00341
2025-12-22 01:33:28,431 | INFO | Val - Loss, MSE, MAE: 0.00330, 0.00330, 0.03577
2025-12-22 01:33:28,431 | INFO | Test - Best epoch, Loss, MSE, MAE: 10, 0.00317, 0.00317, 0.03508
2025-12-22 01:33:28,431 | INFO | Test - Points (EXACT): total_masked=96963 correct=54706 right_rate=56.4195%
2025-12-22 01:33:33,455 | INFO | - Epoch 011, ExpID 13223 best_epoch=11 improved=1
2025-12-22 01:33:33,455 | INFO | Train - Loss (last batch): 0.00345
2025-12-22 01:33:33,455 | INFO | Val - Loss, MSE, MAE: 0.00328, 0.00328, 0.03552
2025-12-22 01:33:33,455 | INFO | Test - Best epoch, Loss, MSE, MAE: 11, 0.00315, 0.00315, 0.03478
2025-12-22 01:33:33,455 | INFO | Test - Points (EXACT): total_masked=96963 correct=54979 right_rate=56.7010%
2025-12-22 01:33:37,937 | INFO | - Epoch 012, ExpID 13223 best_epoch=11 improved=0
2025-12-22 01:33:37,937 | INFO | Train - Loss (last batch): 0.00327
2025-12-22 01:33:37,937 | INFO | Val - Loss, MSE, MAE: 0.00336, 0.00336, 0.03678
2025-12-22 01:33:37,937 | INFO | Test - Best epoch, Loss, MSE, MAE: 11, 0.00315, 0.00315, 0.03478
2025-12-22 01:33:37,937 | INFO | Test - Points (EXACT): total_masked=96963 correct=54979 right_rate=56.7010%
2025-12-22 01:33:42,403 | INFO | - Epoch 013, ExpID 13223 best_epoch=11 improved=0
2025-12-22 01:33:42,403 | INFO | Train - Loss (last batch): 0.00264
2025-12-22 01:33:42,403 | INFO | Val - Loss, MSE, MAE: 0.00335, 0.00335, 0.03688
2025-12-22 01:33:42,403 | INFO | Test - Best epoch, Loss, MSE, MAE: 11, 0.00315, 0.00315, 0.03478
2025-12-22 01:33:42,403 | INFO | Test - Points (EXACT): total_masked=96963 correct=54979 right_rate=56.7010%
2025-12-22 01:33:47,431 | INFO | - Epoch 014, ExpID 13223 best_epoch=14 improved=1
2025-12-22 01:33:47,431 | INFO | Train - Loss (last batch): 0.00267
2025-12-22 01:33:47,431 | INFO | Val - Loss, MSE, MAE: 0.00322, 0.00322, 0.03469
2025-12-22 01:33:47,431 | INFO | Test - Best epoch, Loss, MSE, MAE: 14, 0.00309, 0.00309, 0.03416
2025-12-22 01:33:47,431 | INFO | Test - Points (EXACT): total_masked=96963 correct=56073 right_rate=57.8293%
2025-12-22 01:33:52,445 | INFO | - Epoch 015, ExpID 13223 best_epoch=15 improved=1
2025-12-22 01:33:52,445 | INFO | Train - Loss (last batch): 0.00386
2025-12-22 01:33:52,445 | INFO | Val - Loss, MSE, MAE: 0.00319, 0.00319, 0.03445
2025-12-22 01:33:52,445 | INFO | Test - Best epoch, Loss, MSE, MAE: 15, 0.00306, 0.00306, 0.03391
2025-12-22 01:33:52,445 | INFO | Test - Points (EXACT): total_masked=96963 correct=56251 right_rate=58.0129%
2025-12-22 01:33:57,442 | INFO | - Epoch 016, ExpID 13223 best_epoch=16 improved=1
2025-12-22 01:33:57,442 | INFO | Train - Loss (last batch): 0.00249
2025-12-22 01:33:57,442 | INFO | Val - Loss, MSE, MAE: 0.00317, 0.00317, 0.03439
2025-12-22 01:33:57,442 | INFO | Test - Best epoch, Loss, MSE, MAE: 16, 0.00305, 0.00305, 0.03388
2025-12-22 01:33:57,442 | INFO | Test - Points (EXACT): total_masked=96963 correct=56370 right_rate=58.1356%
2025-12-22 01:34:02,431 | INFO | - Epoch 017, ExpID 13223 best_epoch=17 improved=1
2025-12-22 01:34:02,431 | INFO | Train - Loss (last batch): 0.00228
2025-12-22 01:34:02,431 | INFO | Val - Loss, MSE, MAE: 0.00315, 0.00315, 0.03426
2025-12-22 01:34:02,431 | INFO | Test - Best epoch, Loss, MSE, MAE: 17, 0.00303, 0.00303, 0.03374
2025-12-22 01:34:02,431 | INFO | Test - Points (EXACT): total_masked=96963 correct=56492 right_rate=58.2614%
2025-12-22 01:34:07,428 | INFO | - Epoch 018, ExpID 13223 best_epoch=18 improved=1
2025-12-22 01:34:07,428 | INFO | Train - Loss (last batch): 0.00228
2025-12-22 01:34:07,428 | INFO | Val - Loss, MSE, MAE: 0.00312, 0.00312, 0.03390
2025-12-22 01:34:07,428 | INFO | Test - Best epoch, Loss, MSE, MAE: 18, 0.00300, 0.00300, 0.03339
2025-12-22 01:34:07,428 | INFO | Test - Points (EXACT): total_masked=96963 correct=56807 right_rate=58.5863%
2025-12-22 01:34:11,880 | INFO | - Epoch 019, ExpID 13223 best_epoch=18 improved=0
2025-12-22 01:34:11,880 | INFO | Train - Loss (last batch): 0.00341
2025-12-22 01:34:11,880 | INFO | Val - Loss, MSE, MAE: 0.00313, 0.00313, 0.03387
2025-12-22 01:34:11,880 | INFO | Test - Best epoch, Loss, MSE, MAE: 18, 0.00300, 0.00300, 0.03339
2025-12-22 01:34:11,880 | INFO | Test - Points (EXACT): total_masked=96963 correct=56807 right_rate=58.5863%
2025-12-22 01:34:16,307 | INFO | - Epoch 020, ExpID 13223 best_epoch=18 improved=0
2025-12-22 01:34:16,307 | INFO | Train - Loss (last batch): 0.00343
2025-12-22 01:34:16,307 | INFO | Val - Loss, MSE, MAE: 0.00313, 0.00313, 0.03388
2025-12-22 01:34:16,307 | INFO | Test - Best epoch, Loss, MSE, MAE: 18, 0.00300, 0.00300, 0.03339
2025-12-22 01:34:16,307 | INFO | Test - Points (EXACT): total_masked=96963 correct=56807 right_rate=58.5863%
2025-12-22 01:34:21,315 | INFO | - Epoch 021, ExpID 13223 best_epoch=21 improved=1
2025-12-22 01:34:21,315 | INFO | Train - Loss (last batch): 0.00255
2025-12-22 01:34:21,316 | INFO | Val - Loss, MSE, MAE: 0.00309, 0.00309, 0.03356
2025-12-22 01:34:21,316 | INFO | Test - Best epoch, Loss, MSE, MAE: 21, 0.00297, 0.00297, 0.03314
2025-12-22 01:34:21,316 | INFO | Test - Points (EXACT): total_masked=96963 correct=57279 right_rate=59.0730%
2025-12-22 01:34:25,800 | INFO | - Epoch 022, ExpID 13223 best_epoch=21 improved=0
2025-12-22 01:34:25,800 | INFO | Train - Loss (last batch): 0.00310
2025-12-22 01:34:25,800 | INFO | Val - Loss, MSE, MAE: 0.00310, 0.00310, 0.03372
2025-12-22 01:34:25,800 | INFO | Test - Best epoch, Loss, MSE, MAE: 21, 0.00297, 0.00297, 0.03314
2025-12-22 01:34:25,800 | INFO | Test - Points (EXACT): total_masked=96963 correct=57279 right_rate=59.0730%
2025-12-22 01:34:30,827 | INFO | - Epoch 023, ExpID 13223 best_epoch=23 improved=1
2025-12-22 01:34:30,827 | INFO | Train - Loss (last batch): 0.00239
2025-12-22 01:34:30,827 | INFO | Val - Loss, MSE, MAE: 0.00309, 0.00309, 0.03362
2025-12-22 01:34:30,827 | INFO | Test - Best epoch, Loss, MSE, MAE: 23, 0.00297, 0.00297, 0.03318
2025-12-22 01:34:30,827 | INFO | Test - Points (EXACT): total_masked=96963 correct=57104 right_rate=58.8926%
2025-12-22 01:34:35,858 | INFO | - Epoch 024, ExpID 13223 best_epoch=24 improved=1
2025-12-22 01:34:35,858 | INFO | Train - Loss (last batch): 0.00346
2025-12-22 01:34:35,858 | INFO | Val - Loss, MSE, MAE: 0.00306, 0.00306, 0.03324
2025-12-22 01:34:35,858 | INFO | Test - Best epoch, Loss, MSE, MAE: 24, 0.00294, 0.00294, 0.03281
2025-12-22 01:34:35,858 | INFO | Test - Points (EXACT): total_masked=96963 correct=57355 right_rate=59.1514%
2025-12-22 01:34:40,339 | INFO | - Epoch 025, ExpID 13223 best_epoch=24 improved=0
2025-12-22 01:34:40,339 | INFO | Train - Loss (last batch): 0.00269
2025-12-22 01:34:40,339 | INFO | Val - Loss, MSE, MAE: 0.00307, 0.00307, 0.03331
2025-12-22 01:34:40,339 | INFO | Test - Best epoch, Loss, MSE, MAE: 24, 0.00294, 0.00294, 0.03281
2025-12-22 01:34:40,339 | INFO | Test - Points (EXACT): total_masked=96963 correct=57355 right_rate=59.1514%
2025-12-22 01:34:44,812 | INFO | - Epoch 026, ExpID 13223 best_epoch=24 improved=0
2025-12-22 01:34:44,812 | INFO | Train - Loss (last batch): 0.00275
2025-12-22 01:34:44,812 | INFO | Val - Loss, MSE, MAE: 0.00309, 0.00309, 0.03393
2025-12-22 01:34:44,812 | INFO | Test - Best epoch, Loss, MSE, MAE: 24, 0.00294, 0.00294, 0.03281
2025-12-22 01:34:44,812 | INFO | Test - Points (EXACT): total_masked=96963 correct=57355 right_rate=59.1514%
2025-12-22 01:34:49,844 | INFO | - Epoch 027, ExpID 13223 best_epoch=27 improved=1
2025-12-22 01:34:49,844 | INFO | Train - Loss (last batch): 0.00282
2025-12-22 01:34:49,844 | INFO | Val - Loss, MSE, MAE: 0.00306, 0.00306, 0.03342
2025-12-22 01:34:49,844 | INFO | Test - Best epoch, Loss, MSE, MAE: 27, 0.00294, 0.00294, 0.03296
2025-12-22 01:34:49,844 | INFO | Test - Points (EXACT): total_masked=96963 correct=57105 right_rate=58.8936%
2025-12-22 01:34:54,877 | INFO | - Epoch 028, ExpID 13223 best_epoch=28 improved=1
2025-12-22 01:34:54,877 | INFO | Train - Loss (last batch): 0.00277
2025-12-22 01:34:54,877 | INFO | Val - Loss, MSE, MAE: 0.00305, 0.00305, 0.03312
2025-12-22 01:34:54,877 | INFO | Test - Best epoch, Loss, MSE, MAE: 28, 0.00293, 0.00293, 0.03266
2025-12-22 01:34:54,877 | INFO | Test - Points (EXACT): total_masked=96963 correct=57485 right_rate=59.2855%
2025-12-22 01:34:59,906 | INFO | - Epoch 029, ExpID 13223 best_epoch=29 improved=1
2025-12-22 01:34:59,906 | INFO | Train - Loss (last batch): 0.00251
2025-12-22 01:34:59,906 | INFO | Val - Loss, MSE, MAE: 0.00304, 0.00304, 0.03294
2025-12-22 01:34:59,906 | INFO | Test - Best epoch, Loss, MSE, MAE: 29, 0.00292, 0.00292, 0.03250
2025-12-22 01:34:59,906 | INFO | Test - Points (EXACT): total_masked=96963 correct=57668 right_rate=59.4742%
2025-12-22 01:35:04,944 | INFO | - Epoch 030, ExpID 13223 best_epoch=30 improved=1
2025-12-22 01:35:04,945 | INFO | Train - Loss (last batch): 0.00269
2025-12-22 01:35:04,945 | INFO | Val - Loss, MSE, MAE: 0.00303, 0.00303, 0.03297
2025-12-22 01:35:04,945 | INFO | Test - Best epoch, Loss, MSE, MAE: 30, 0.00291, 0.00291, 0.03251
2025-12-22 01:35:04,945 | INFO | Test - Points (EXACT): total_masked=96963 correct=57695 right_rate=59.5021%
2025-12-22 01:35:09,971 | INFO | - Epoch 031, ExpID 13223 best_epoch=31 improved=1
2025-12-22 01:35:09,971 | INFO | Train - Loss (last batch): 0.00253
2025-12-22 01:35:09,971 | INFO | Val - Loss, MSE, MAE: 0.00302, 0.00302, 0.03300
2025-12-22 01:35:09,971 | INFO | Test - Best epoch, Loss, MSE, MAE: 31, 0.00290, 0.00290, 0.03256
2025-12-22 01:35:09,971 | INFO | Test - Points (EXACT): total_masked=96963 correct=57582 right_rate=59.3855%
2025-12-22 01:35:14,989 | INFO | - Epoch 032, ExpID 13223 best_epoch=32 improved=1
2025-12-22 01:35:14,989 | INFO | Train - Loss (last batch): 0.00286
2025-12-22 01:35:14,989 | INFO | Val - Loss, MSE, MAE: 0.00302, 0.00302, 0.03285
2025-12-22 01:35:14,989 | INFO | Test - Best epoch, Loss, MSE, MAE: 32, 0.00289, 0.00289, 0.03243
2025-12-22 01:35:14,989 | INFO | Test - Points (EXACT): total_masked=96963 correct=57842 right_rate=59.6537%
2025-12-22 01:35:19,464 | INFO | - Epoch 033, ExpID 13223 best_epoch=32 improved=0
2025-12-22 01:35:19,464 | INFO | Train - Loss (last batch): 0.00313
2025-12-22 01:35:19,464 | INFO | Val - Loss, MSE, MAE: 0.00303, 0.00303, 0.03295
2025-12-22 01:35:19,464 | INFO | Test - Best epoch, Loss, MSE, MAE: 32, 0.00289, 0.00289, 0.03243
2025-12-22 01:35:19,464 | INFO | Test - Points (EXACT): total_masked=96963 correct=57842 right_rate=59.6537%
2025-12-22 01:35:23,928 | INFO | - Epoch 034, ExpID 13223 best_epoch=32 improved=0
2025-12-22 01:35:23,929 | INFO | Train - Loss (last batch): 0.00273
2025-12-22 01:35:23,929 | INFO | Val - Loss, MSE, MAE: 0.00302, 0.00302, 0.03282
2025-12-22 01:35:23,929 | INFO | Test - Best epoch, Loss, MSE, MAE: 32, 0.00289, 0.00289, 0.03243
2025-12-22 01:35:23,929 | INFO | Test - Points (EXACT): total_masked=96963 correct=57842 right_rate=59.6537%
2025-12-22 01:35:28,486 | INFO | - Epoch 035, ExpID 13223 best_epoch=32 improved=0
2025-12-22 01:35:28,486 | INFO | Train - Loss (last batch): 0.00287
2025-12-22 01:35:28,486 | INFO | Val - Loss, MSE, MAE: 0.00302, 0.00302, 0.03289
2025-12-22 01:35:28,486 | INFO | Test - Best epoch, Loss, MSE, MAE: 32, 0.00289, 0.00289, 0.03243
2025-12-22 01:35:28,486 | INFO | Test - Points (EXACT): total_masked=96963 correct=57842 right_rate=59.6537%
2025-12-22 01:35:32,932 | INFO | - Epoch 036, ExpID 13223 best_epoch=32 improved=0
2025-12-22 01:35:32,932 | INFO | Train - Loss (last batch): 0.00397
2025-12-22 01:35:32,932 | INFO | Val - Loss, MSE, MAE: 0.00307, 0.00307, 0.03408
2025-12-22 01:35:32,932 | INFO | Test - Best epoch, Loss, MSE, MAE: 32, 0.00289, 0.00289, 0.03243
2025-12-22 01:35:32,932 | INFO | Test - Points (EXACT): total_masked=96963 correct=57842 right_rate=59.6537%
2025-12-22 01:35:37,381 | INFO | - Epoch 037, ExpID 13223 best_epoch=32 improved=0
2025-12-22 01:35:37,381 | INFO | Train - Loss (last batch): 0.00250
2025-12-22 01:35:37,381 | INFO | Val - Loss, MSE, MAE: 0.00306, 0.00306, 0.03405
2025-12-22 01:35:37,381 | INFO | Test - Best epoch, Loss, MSE, MAE: 32, 0.00289, 0.00289, 0.03243
2025-12-22 01:35:37,381 | INFO | Test - Points (EXACT): total_masked=96963 correct=57842 right_rate=59.6537%
2025-12-22 01:35:41,839 | INFO | - Epoch 038, ExpID 13223 best_epoch=32 improved=0
2025-12-22 01:35:41,839 | INFO | Train - Loss (last batch): 0.00275
2025-12-22 01:35:41,839 | INFO | Val - Loss, MSE, MAE: 0.00307, 0.00307, 0.03400
2025-12-22 01:35:41,839 | INFO | Test - Best epoch, Loss, MSE, MAE: 32, 0.00289, 0.00289, 0.03243
2025-12-22 01:35:41,839 | INFO | Test - Points (EXACT): total_masked=96963 correct=57842 right_rate=59.6537%
2025-12-22 01:35:46,836 | INFO | - Epoch 039, ExpID 13223 best_epoch=39 improved=1
2025-12-22 01:35:46,836 | INFO | Train - Loss (last batch): 0.00275
2025-12-22 01:35:46,836 | INFO | Val - Loss, MSE, MAE: 0.00299, 0.00299, 0.03270
2025-12-22 01:35:46,836 | INFO | Test - Best epoch, Loss, MSE, MAE: 39, 0.00287, 0.00287, 0.03222
2025-12-22 01:35:46,836 | INFO | Test - Points (EXACT): total_masked=96963 correct=57991 right_rate=59.8073%
2025-12-22 01:35:51,303 | INFO | - Epoch 040, ExpID 13223 best_epoch=39 improved=0
2025-12-22 01:35:51,303 | INFO | Train - Loss (last batch): 0.00256
2025-12-22 01:35:51,303 | INFO | Val - Loss, MSE, MAE: 0.00305, 0.00305, 0.03371
2025-12-22 01:35:51,303 | INFO | Test - Best epoch, Loss, MSE, MAE: 39, 0.00287, 0.00287, 0.03222
2025-12-22 01:35:51,303 | INFO | Test - Points (EXACT): total_masked=96963 correct=57991 right_rate=59.8073%
2025-12-22 01:35:55,754 | INFO | - Epoch 041, ExpID 13223 best_epoch=39 improved=0
2025-12-22 01:35:55,754 | INFO | Train - Loss (last batch): 0.00282
2025-12-22 01:35:55,754 | INFO | Val - Loss, MSE, MAE: 0.00301, 0.00301, 0.03275
2025-12-22 01:35:55,754 | INFO | Test - Best epoch, Loss, MSE, MAE: 39, 0.00287, 0.00287, 0.03222
2025-12-22 01:35:55,754 | INFO | Test - Points (EXACT): total_masked=96963 correct=57991 right_rate=59.8073%
2025-12-22 01:36:00,212 | INFO | - Epoch 042, ExpID 13223 best_epoch=39 improved=0
2025-12-22 01:36:00,213 | INFO | Train - Loss (last batch): 0.00273
2025-12-22 01:36:00,213 | INFO | Val - Loss, MSE, MAE: 0.00305, 0.00305, 0.03386
2025-12-22 01:36:00,213 | INFO | Test - Best epoch, Loss, MSE, MAE: 39, 0.00287, 0.00287, 0.03222
2025-12-22 01:36:00,213 | INFO | Test - Points (EXACT): total_masked=96963 correct=57991 right_rate=59.8073%
2025-12-22 01:36:04,671 | INFO | - Epoch 043, ExpID 13223 best_epoch=39 improved=0
2025-12-22 01:36:04,672 | INFO | Train - Loss (last batch): 0.00249
2025-12-22 01:36:04,672 | INFO | Val - Loss, MSE, MAE: 0.00301, 0.00301, 0.03279
2025-12-22 01:36:04,672 | INFO | Test - Best epoch, Loss, MSE, MAE: 39, 0.00287, 0.00287, 0.03222
2025-12-22 01:36:04,672 | INFO | Test - Points (EXACT): total_masked=96963 correct=57991 right_rate=59.8073%
2025-12-22 01:36:09,137 | INFO | - Epoch 044, ExpID 13223 best_epoch=39 improved=0
2025-12-22 01:36:09,137 | INFO | Train - Loss (last batch): 0.00269
2025-12-22 01:36:09,137 | INFO | Val - Loss, MSE, MAE: 0.00300, 0.00300, 0.03281
2025-12-22 01:36:09,137 | INFO | Test - Best epoch, Loss, MSE, MAE: 39, 0.00287, 0.00287, 0.03222
2025-12-22 01:36:09,137 | INFO | Test - Points (EXACT): total_masked=96963 correct=57991 right_rate=59.8073%
2025-12-22 01:36:14,129 | INFO | - Epoch 045, ExpID 13223 best_epoch=45 improved=1
2025-12-22 01:36:14,129 | INFO | Train - Loss (last batch): 0.00229
2025-12-22 01:36:14,129 | INFO | Val - Loss, MSE, MAE: 0.00299, 0.00299, 0.03275
2025-12-22 01:36:14,129 | INFO | Test - Best epoch, Loss, MSE, MAE: 45, 0.00286, 0.00286, 0.03236
2025-12-22 01:36:14,129 | INFO | Test - Points (EXACT): total_masked=96963 correct=58054 right_rate=59.8723%
2025-12-22 01:36:19,133 | INFO | - Epoch 046, ExpID 13223 best_epoch=46 improved=1
2025-12-22 01:36:19,133 | INFO | Train - Loss (last batch): 0.00322
2025-12-22 01:36:19,133 | INFO | Val - Loss, MSE, MAE: 0.00299, 0.00299, 0.03256
2025-12-22 01:36:19,133 | INFO | Test - Best epoch, Loss, MSE, MAE: 46, 0.00286, 0.00286, 0.03217
2025-12-22 01:36:19,133 | INFO | Test - Points (EXACT): total_masked=96963 correct=58127 right_rate=59.9476%
2025-12-22 01:36:23,597 | INFO | - Epoch 047, ExpID 13223 best_epoch=46 improved=0
2025-12-22 01:36:23,597 | INFO | Train - Loss (last batch): 0.00299
2025-12-22 01:36:23,597 | INFO | Val - Loss, MSE, MAE: 0.00317, 0.00317, 0.03615
2025-12-22 01:36:23,597 | INFO | Test - Best epoch, Loss, MSE, MAE: 46, 0.00286, 0.00286, 0.03217
2025-12-22 01:36:23,598 | INFO | Test - Points (EXACT): total_masked=96963 correct=58127 right_rate=59.9476%
2025-12-22 01:36:28,037 | INFO | - Epoch 048, ExpID 13223 best_epoch=46 improved=0
2025-12-22 01:36:28,038 | INFO | Train - Loss (last batch): 0.00336
2025-12-22 01:36:28,038 | INFO | Val - Loss, MSE, MAE: 0.00303, 0.00303, 0.03385
2025-12-22 01:36:28,038 | INFO | Test - Best epoch, Loss, MSE, MAE: 46, 0.00286, 0.00286, 0.03217
2025-12-22 01:36:28,038 | INFO | Test - Points (EXACT): total_masked=96963 correct=58127 right_rate=59.9476%
2025-12-22 01:36:33,040 | INFO | - Epoch 049, ExpID 13223 best_epoch=49 improved=1
2025-12-22 01:36:33,040 | INFO | Train - Loss (last batch): 0.00235
2025-12-22 01:36:33,040 | INFO | Val - Loss, MSE, MAE: 0.00297, 0.00297, 0.03235
2025-12-22 01:36:33,040 | INFO | Test - Best epoch, Loss, MSE, MAE: 49, 0.00284, 0.00284, 0.03196
2025-12-22 01:36:33,040 | INFO | Test - Points (EXACT): total_masked=96963 correct=58355 right_rate=60.1828%
2025-12-22 01:36:37,497 | INFO | - Epoch 050, ExpID 13223 best_epoch=49 improved=0
2025-12-22 01:36:37,498 | INFO | Train - Loss (last batch): 0.00288
2025-12-22 01:36:37,498 | INFO | Val - Loss, MSE, MAE: 0.00298, 0.00298, 0.03254
2025-12-22 01:36:37,498 | INFO | Test - Best epoch, Loss, MSE, MAE: 49, 0.00284, 0.00284, 0.03196
2025-12-22 01:36:37,498 | INFO | Test - Points (EXACT): total_masked=96963 correct=58355 right_rate=60.1828%
2025-12-22 01:36:41,954 | INFO | - Epoch 051, ExpID 13223 best_epoch=49 improved=0
2025-12-22 01:36:41,955 | INFO | Train - Loss (last batch): 0.00320
2025-12-22 01:36:41,955 | INFO | Val - Loss, MSE, MAE: 0.00299, 0.00299, 0.03287
2025-12-22 01:36:41,955 | INFO | Test - Best epoch, Loss, MSE, MAE: 49, 0.00284, 0.00284, 0.03196
2025-12-22 01:36:41,955 | INFO | Test - Points (EXACT): total_masked=96963 correct=58355 right_rate=60.1828%
2025-12-22 01:36:46,414 | INFO | - Epoch 052, ExpID 13223 best_epoch=49 improved=0
2025-12-22 01:36:46,414 | INFO | Train - Loss (last batch): 0.00297
2025-12-22 01:36:46,414 | INFO | Val - Loss, MSE, MAE: 0.00297, 0.00297, 0.03241
2025-12-22 01:36:46,414 | INFO | Test - Best epoch, Loss, MSE, MAE: 49, 0.00284, 0.00284, 0.03196
2025-12-22 01:36:46,414 | INFO | Test - Points (EXACT): total_masked=96963 correct=58355 right_rate=60.1828%
2025-12-22 01:36:50,880 | INFO | - Epoch 053, ExpID 13223 best_epoch=49 improved=0
2025-12-22 01:36:50,880 | INFO | Train - Loss (last batch): 0.00222
2025-12-22 01:36:50,880 | INFO | Val - Loss, MSE, MAE: 0.00298, 0.00298, 0.03280
2025-12-22 01:36:50,880 | INFO | Test - Best epoch, Loss, MSE, MAE: 49, 0.00284, 0.00284, 0.03196
2025-12-22 01:36:50,880 | INFO | Test - Points (EXACT): total_masked=96963 correct=58355 right_rate=60.1828%
2025-12-22 01:36:55,336 | INFO | - Epoch 054, ExpID 13223 best_epoch=49 improved=0
2025-12-22 01:36:55,336 | INFO | Train - Loss (last batch): 0.00240
2025-12-22 01:36:55,336 | INFO | Val - Loss, MSE, MAE: 0.00297, 0.00297, 0.03269
2025-12-22 01:36:55,336 | INFO | Test - Best epoch, Loss, MSE, MAE: 49, 0.00284, 0.00284, 0.03196
2025-12-22 01:36:55,336 | INFO | Test - Points (EXACT): total_masked=96963 correct=58355 right_rate=60.1828%
2025-12-22 01:37:00,356 | INFO | - Epoch 055, ExpID 13223 best_epoch=55 improved=1
2025-12-22 01:37:00,356 | INFO | Train - Loss (last batch): 0.00182
2025-12-22 01:37:00,356 | INFO | Val - Loss, MSE, MAE: 0.00296, 0.00296, 0.03240
2025-12-22 01:37:00,356 | INFO | Test - Best epoch, Loss, MSE, MAE: 55, 0.00284, 0.00284, 0.03196
2025-12-22 01:37:00,356 | INFO | Test - Points (EXACT): total_masked=96963 correct=58336 right_rate=60.1632%
2025-12-22 01:37:05,359 | INFO | - Epoch 056, ExpID 13223 best_epoch=56 improved=1
2025-12-22 01:37:05,359 | INFO | Train - Loss (last batch): 0.00264
2025-12-22 01:37:05,359 | INFO | Val - Loss, MSE, MAE: 0.00296, 0.00296, 0.03242
2025-12-22 01:37:05,359 | INFO | Test - Best epoch, Loss, MSE, MAE: 56, 0.00283, 0.00283, 0.03198
2025-12-22 01:37:05,359 | INFO | Test - Points (EXACT): total_masked=96963 correct=58383 right_rate=60.2116%
2025-12-22 01:37:09,813 | INFO | - Epoch 057, ExpID 13223 best_epoch=56 improved=0
2025-12-22 01:37:09,813 | INFO | Train - Loss (last batch): 0.00244
2025-12-22 01:37:09,813 | INFO | Val - Loss, MSE, MAE: 0.00301, 0.00301, 0.03328
2025-12-22 01:37:09,813 | INFO | Test - Best epoch, Loss, MSE, MAE: 56, 0.00283, 0.00283, 0.03198
2025-12-22 01:37:09,813 | INFO | Test - Points (EXACT): total_masked=96963 correct=58383 right_rate=60.2116%
2025-12-22 01:37:14,815 | INFO | - Epoch 058, ExpID 13223 best_epoch=58 improved=1
2025-12-22 01:37:14,815 | INFO | Train - Loss (last batch): 0.00288
2025-12-22 01:37:14,815 | INFO | Val - Loss, MSE, MAE: 0.00295, 0.00295, 0.03232
2025-12-22 01:37:14,815 | INFO | Test - Best epoch, Loss, MSE, MAE: 58, 0.00282, 0.00282, 0.03192
2025-12-22 01:37:14,815 | INFO | Test - Points (EXACT): total_masked=96963 correct=58447 right_rate=60.2776%
2025-12-22 01:37:19,282 | INFO | - Epoch 059, ExpID 13223 best_epoch=58 improved=0
2025-12-22 01:37:19,282 | INFO | Train - Loss (last batch): 0.00276
2025-12-22 01:37:19,282 | INFO | Val - Loss, MSE, MAE: 0.00296, 0.00296, 0.03237
2025-12-22 01:37:19,282 | INFO | Test - Best epoch, Loss, MSE, MAE: 58, 0.00282, 0.00282, 0.03192
2025-12-22 01:37:19,282 | INFO | Test - Points (EXACT): total_masked=96963 correct=58447 right_rate=60.2776%
2025-12-22 01:37:23,752 | INFO | - Epoch 060, ExpID 13223 best_epoch=58 improved=0
2025-12-22 01:37:23,752 | INFO | Train - Loss (last batch): 0.00211
2025-12-22 01:37:23,752 | INFO | Val - Loss, MSE, MAE: 0.00302, 0.00302, 0.03380
2025-12-22 01:37:23,752 | INFO | Test - Best epoch, Loss, MSE, MAE: 58, 0.00282, 0.00282, 0.03192
2025-12-22 01:37:23,752 | INFO | Test - Points (EXACT): total_masked=96963 correct=58447 right_rate=60.2776%
2025-12-22 01:37:28,206 | INFO | - Epoch 061, ExpID 13223 best_epoch=58 improved=0
2025-12-22 01:37:28,206 | INFO | Train - Loss (last batch): 0.00284
2025-12-22 01:37:28,206 | INFO | Val - Loss, MSE, MAE: 0.00295, 0.00295, 0.03243
2025-12-22 01:37:28,207 | INFO | Test - Best epoch, Loss, MSE, MAE: 58, 0.00282, 0.00282, 0.03192
2025-12-22 01:37:28,207 | INFO | Test - Points (EXACT): total_masked=96963 correct=58447 right_rate=60.2776%
2025-12-22 01:37:32,666 | INFO | - Epoch 062, ExpID 13223 best_epoch=58 improved=0
2025-12-22 01:37:32,666 | INFO | Train - Loss (last batch): 0.00296
2025-12-22 01:37:32,666 | INFO | Val - Loss, MSE, MAE: 0.00295, 0.00295, 0.03236
2025-12-22 01:37:32,666 | INFO | Test - Best epoch, Loss, MSE, MAE: 58, 0.00282, 0.00282, 0.03192
2025-12-22 01:37:32,666 | INFO | Test - Points (EXACT): total_masked=96963 correct=58447 right_rate=60.2776%
2025-12-22 01:37:37,679 | INFO | - Epoch 063, ExpID 13223 best_epoch=63 improved=1
2025-12-22 01:37:37,679 | INFO | Train - Loss (last batch): 0.00297
2025-12-22 01:37:37,679 | INFO | Val - Loss, MSE, MAE: 0.00294, 0.00294, 0.03255
2025-12-22 01:37:37,679 | INFO | Test - Best epoch, Loss, MSE, MAE: 63, 0.00281, 0.00281, 0.03207
2025-12-22 01:37:37,679 | INFO | Test - Points (EXACT): total_masked=96963 correct=57916 right_rate=59.7300%
2025-12-22 01:37:42,238 | INFO | - Epoch 064, ExpID 13223 best_epoch=63 improved=0
2025-12-22 01:37:42,238 | INFO | Train - Loss (last batch): 0.00263
2025-12-22 01:37:42,238 | INFO | Val - Loss, MSE, MAE: 0.00298, 0.00298, 0.03320
2025-12-22 01:37:42,238 | INFO | Test - Best epoch, Loss, MSE, MAE: 63, 0.00281, 0.00281, 0.03207
2025-12-22 01:37:42,238 | INFO | Test - Points (EXACT): total_masked=96963 correct=57916 right_rate=59.7300%
2025-12-22 01:37:46,706 | INFO | - Epoch 065, ExpID 13223 best_epoch=63 improved=0
2025-12-22 01:37:46,706 | INFO | Train - Loss (last batch): 0.00270
2025-12-22 01:37:46,706 | INFO | Val - Loss, MSE, MAE: 0.00295, 0.00295, 0.03269
2025-12-22 01:37:46,707 | INFO | Test - Best epoch, Loss, MSE, MAE: 63, 0.00281, 0.00281, 0.03207
2025-12-22 01:37:46,707 | INFO | Test - Points (EXACT): total_masked=96963 correct=57916 right_rate=59.7300%
2025-12-22 01:37:51,174 | INFO | - Epoch 066, ExpID 13223 best_epoch=63 improved=0
2025-12-22 01:37:51,174 | INFO | Train - Loss (last batch): 0.00305
2025-12-22 01:37:51,174 | INFO | Val - Loss, MSE, MAE: 0.00296, 0.00296, 0.03276
2025-12-22 01:37:51,174 | INFO | Test - Best epoch, Loss, MSE, MAE: 63, 0.00281, 0.00281, 0.03207
2025-12-22 01:37:51,174 | INFO | Test - Points (EXACT): total_masked=96963 correct=57916 right_rate=59.7300%
2025-12-22 01:37:55,638 | INFO | - Epoch 067, ExpID 13223 best_epoch=63 improved=0
2025-12-22 01:37:55,639 | INFO | Train - Loss (last batch): 0.00255
2025-12-22 01:37:55,639 | INFO | Val - Loss, MSE, MAE: 0.00296, 0.00296, 0.03244
2025-12-22 01:37:55,639 | INFO | Test - Best epoch, Loss, MSE, MAE: 63, 0.00281, 0.00281, 0.03207
2025-12-22 01:37:55,639 | INFO | Test - Points (EXACT): total_masked=96963 correct=57916 right_rate=59.7300%
2025-12-22 01:38:00,660 | INFO | - Epoch 068, ExpID 13223 best_epoch=68 improved=1
2025-12-22 01:38:00,660 | INFO | Train - Loss (last batch): 0.00266
2025-12-22 01:38:00,660 | INFO | Val - Loss, MSE, MAE: 0.00294, 0.00294, 0.03261
2025-12-22 01:38:00,660 | INFO | Test - Best epoch, Loss, MSE, MAE: 68, 0.00281, 0.00281, 0.03212
2025-12-22 01:38:00,660 | INFO | Test - Points (EXACT): total_masked=96963 correct=57794 right_rate=59.6042%
2025-12-22 01:38:05,115 | INFO | - Epoch 069, ExpID 13223 best_epoch=68 improved=0
2025-12-22 01:38:05,115 | INFO | Train - Loss (last batch): 0.00239
2025-12-22 01:38:05,115 | INFO | Val - Loss, MSE, MAE: 0.00295, 0.00295, 0.03254
2025-12-22 01:38:05,115 | INFO | Test - Best epoch, Loss, MSE, MAE: 68, 0.00281, 0.00281, 0.03212
2025-12-22 01:38:05,115 | INFO | Test - Points (EXACT): total_masked=96963 correct=57794 right_rate=59.6042%
2025-12-22 01:38:09,567 | INFO | - Epoch 070, ExpID 13223 best_epoch=68 improved=0
2025-12-22 01:38:09,567 | INFO | Train - Loss (last batch): 0.00324
2025-12-22 01:38:09,567 | INFO | Val - Loss, MSE, MAE: 0.00297, 0.00297, 0.03277
2025-12-22 01:38:09,567 | INFO | Test - Best epoch, Loss, MSE, MAE: 68, 0.00281, 0.00281, 0.03212
2025-12-22 01:38:09,567 | INFO | Test - Points (EXACT): total_masked=96963 correct=57794 right_rate=59.6042%
2025-12-22 01:38:14,020 | INFO | - Epoch 071, ExpID 13223 best_epoch=68 improved=0
2025-12-22 01:38:14,020 | INFO | Train - Loss (last batch): 0.00281
2025-12-22 01:38:14,020 | INFO | Val - Loss, MSE, MAE: 0.00298, 0.00298, 0.03323
2025-12-22 01:38:14,020 | INFO | Test - Best epoch, Loss, MSE, MAE: 68, 0.00281, 0.00281, 0.03212
2025-12-22 01:38:14,020 | INFO | Test - Points (EXACT): total_masked=96963 correct=57794 right_rate=59.6042%
2025-12-22 01:38:18,475 | INFO | - Epoch 072, ExpID 13223 best_epoch=68 improved=0
2025-12-22 01:38:18,475 | INFO | Train - Loss (last batch): 0.00337
2025-12-22 01:38:18,475 | INFO | Val - Loss, MSE, MAE: 0.00295, 0.00295, 0.03305
2025-12-22 01:38:18,475 | INFO | Test - Best epoch, Loss, MSE, MAE: 68, 0.00281, 0.00281, 0.03212
2025-12-22 01:38:18,475 | INFO | Test - Points (EXACT): total_masked=96963 correct=57794 right_rate=59.6042%
2025-12-22 01:38:22,934 | INFO | - Epoch 073, ExpID 13223 best_epoch=68 improved=0
2025-12-22 01:38:22,934 | INFO | Train - Loss (last batch): 0.00191
2025-12-22 01:38:22,934 | INFO | Val - Loss, MSE, MAE: 0.00294, 0.00294, 0.03256
2025-12-22 01:38:22,934 | INFO | Test - Best epoch, Loss, MSE, MAE: 68, 0.00281, 0.00281, 0.03212
2025-12-22 01:38:22,934 | INFO | Test - Points (EXACT): total_masked=96963 correct=57794 right_rate=59.6042%
2025-12-22 01:38:27,931 | INFO | - Epoch 074, ExpID 13223 best_epoch=74 improved=1
2025-12-22 01:38:27,931 | INFO | Train - Loss (last batch): 0.00266
2025-12-22 01:38:27,931 | INFO | Val - Loss, MSE, MAE: 0.00294, 0.00294, 0.03252
2025-12-22 01:38:27,931 | INFO | Test - Best epoch, Loss, MSE, MAE: 74, 0.00281, 0.00281, 0.03201
2025-12-22 01:38:27,931 | INFO | Test - Points (EXACT): total_masked=96963 correct=58022 right_rate=59.8393%
2025-12-22 01:38:32,366 | INFO | - Epoch 075, ExpID 13223 best_epoch=74 improved=0
2025-12-22 01:38:32,366 | INFO | Train - Loss (last batch): 0.00308
2025-12-22 01:38:32,366 | INFO | Val - Loss, MSE, MAE: 0.00295, 0.00295, 0.03280
2025-12-22 01:38:32,366 | INFO | Test - Best epoch, Loss, MSE, MAE: 74, 0.00281, 0.00281, 0.03201
2025-12-22 01:38:32,366 | INFO | Test - Points (EXACT): total_masked=96963 correct=58022 right_rate=59.8393%
2025-12-22 01:38:37,380 | INFO | - Epoch 076, ExpID 13223 best_epoch=76 improved=1
2025-12-22 01:38:37,380 | INFO | Train - Loss (last batch): 0.00210
2025-12-22 01:38:37,380 | INFO | Val - Loss, MSE, MAE: 0.00293, 0.00293, 0.03251
2025-12-22 01:38:37,380 | INFO | Test - Best epoch, Loss, MSE, MAE: 76, 0.00280, 0.00280, 0.03200
2025-12-22 01:38:37,380 | INFO | Test - Points (EXACT): total_masked=96963 correct=58003 right_rate=59.8197%
2025-12-22 01:38:42,338 | INFO | - Epoch 077, ExpID 13223 best_epoch=77 improved=1
2025-12-22 01:38:42,338 | INFO | Train - Loss (last batch): 0.00219
2025-12-22 01:38:42,338 | INFO | Val - Loss, MSE, MAE: 0.00293, 0.00293, 0.03232
2025-12-22 01:38:42,338 | INFO | Test - Best epoch, Loss, MSE, MAE: 77, 0.00280, 0.00280, 0.03192
2025-12-22 01:38:42,338 | INFO | Test - Points (EXACT): total_masked=96963 correct=58343 right_rate=60.1704%
2025-12-22 01:38:47,352 | INFO | - Epoch 078, ExpID 13223 best_epoch=78 improved=1
2025-12-22 01:38:47,352 | INFO | Train - Loss (last batch): 0.00285
2025-12-22 01:38:47,352 | INFO | Val - Loss, MSE, MAE: 0.00292, 0.00292, 0.03231
2025-12-22 01:38:47,352 | INFO | Test - Best epoch, Loss, MSE, MAE: 78, 0.00279, 0.00279, 0.03185
2025-12-22 01:38:47,352 | INFO | Test - Points (EXACT): total_masked=96963 correct=58248 right_rate=60.0724%
2025-12-22 01:38:51,795 | INFO | - Epoch 079, ExpID 13223 best_epoch=78 improved=0
2025-12-22 01:38:51,795 | INFO | Train - Loss (last batch): 0.00273
2025-12-22 01:38:51,795 | INFO | Val - Loss, MSE, MAE: 0.00295, 0.00295, 0.03278
2025-12-22 01:38:51,795 | INFO | Test - Best epoch, Loss, MSE, MAE: 78, 0.00279, 0.00279, 0.03185
2025-12-22 01:38:51,795 | INFO | Test - Points (EXACT): total_masked=96963 correct=58248 right_rate=60.0724%
2025-12-22 01:38:56,248 | INFO | - Epoch 080, ExpID 13223 best_epoch=78 improved=0
2025-12-22 01:38:56,248 | INFO | Train - Loss (last batch): 0.00297
2025-12-22 01:38:56,248 | INFO | Val - Loss, MSE, MAE: 0.00299, 0.00299, 0.03368
2025-12-22 01:38:56,248 | INFO | Test - Best epoch, Loss, MSE, MAE: 78, 0.00279, 0.00279, 0.03185
2025-12-22 01:38:56,248 | INFO | Test - Points (EXACT): total_masked=96963 correct=58248 right_rate=60.0724%
2025-12-22 01:39:00,705 | INFO | - Epoch 081, ExpID 13223 best_epoch=78 improved=0
2025-12-22 01:39:00,705 | INFO | Train - Loss (last batch): 0.00288
2025-12-22 01:39:00,705 | INFO | Val - Loss, MSE, MAE: 0.00299, 0.00299, 0.03383
2025-12-22 01:39:00,705 | INFO | Test - Best epoch, Loss, MSE, MAE: 78, 0.00279, 0.00279, 0.03185
2025-12-22 01:39:00,705 | INFO | Test - Points (EXACT): total_masked=96963 correct=58248 right_rate=60.0724%
2025-12-22 01:39:05,155 | INFO | - Epoch 082, ExpID 13223 best_epoch=78 improved=0
2025-12-22 01:39:05,155 | INFO | Train - Loss (last batch): 0.00265
2025-12-22 01:39:05,155 | INFO | Val - Loss, MSE, MAE: 0.00295, 0.00295, 0.03293
2025-12-22 01:39:05,155 | INFO | Test - Best epoch, Loss, MSE, MAE: 78, 0.00279, 0.00279, 0.03185
2025-12-22 01:39:05,155 | INFO | Test - Points (EXACT): total_masked=96963 correct=58248 right_rate=60.0724%
2025-12-22 01:39:09,609 | INFO | - Epoch 083, ExpID 13223 best_epoch=78 improved=0
2025-12-22 01:39:09,609 | INFO | Train - Loss (last batch): 0.00258
2025-12-22 01:39:09,609 | INFO | Val - Loss, MSE, MAE: 0.00293, 0.00293, 0.03245
2025-12-22 01:39:09,609 | INFO | Test - Best epoch, Loss, MSE, MAE: 78, 0.00279, 0.00279, 0.03185
2025-12-22 01:39:09,609 | INFO | Test - Points (EXACT): total_masked=96963 correct=58248 right_rate=60.0724%
2025-12-22 01:39:14,605 | INFO | - Epoch 084, ExpID 13223 best_epoch=84 improved=1
2025-12-22 01:39:14,605 | INFO | Train - Loss (last batch): 0.00206
2025-12-22 01:39:14,605 | INFO | Val - Loss, MSE, MAE: 0.00292, 0.00292, 0.03229
2025-12-22 01:39:14,605 | INFO | Test - Best epoch, Loss, MSE, MAE: 84, 0.00279, 0.00279, 0.03184
2025-12-22 01:39:14,605 | INFO | Test - Points (EXACT): total_masked=96963 correct=58267 right_rate=60.0920%
2025-12-22 01:39:19,063 | INFO | - Epoch 085, ExpID 13223 best_epoch=84 improved=0
2025-12-22 01:39:19,063 | INFO | Train - Loss (last batch): 0.00236
2025-12-22 01:39:19,063 | INFO | Val - Loss, MSE, MAE: 0.00294, 0.00294, 0.03281
2025-12-22 01:39:19,063 | INFO | Test - Best epoch, Loss, MSE, MAE: 84, 0.00279, 0.00279, 0.03184
2025-12-22 01:39:19,063 | INFO | Test - Points (EXACT): total_masked=96963 correct=58267 right_rate=60.0920%
2025-12-22 01:39:23,525 | INFO | - Epoch 086, ExpID 13223 best_epoch=84 improved=0
2025-12-22 01:39:23,525 | INFO | Train - Loss (last batch): 0.00220
2025-12-22 01:39:23,525 | INFO | Val - Loss, MSE, MAE: 0.00297, 0.00297, 0.03339
2025-12-22 01:39:23,525 | INFO | Test - Best epoch, Loss, MSE, MAE: 84, 0.00279, 0.00279, 0.03184
2025-12-22 01:39:23,525 | INFO | Test - Points (EXACT): total_masked=96963 correct=58267 right_rate=60.0920%
2025-12-22 01:39:28,527 | INFO | - Epoch 087, ExpID 13223 best_epoch=87 improved=1
2025-12-22 01:39:28,527 | INFO | Train - Loss (last batch): 0.00206
2025-12-22 01:39:28,527 | INFO | Val - Loss, MSE, MAE: 0.00292, 0.00292, 0.03227
2025-12-22 01:39:28,527 | INFO | Test - Best epoch, Loss, MSE, MAE: 87, 0.00279, 0.00279, 0.03180
2025-12-22 01:39:28,527 | INFO | Test - Points (EXACT): total_masked=96963 correct=58353 right_rate=60.1807%
2025-12-22 01:39:32,990 | INFO | - Epoch 088, ExpID 13223 best_epoch=87 improved=0
2025-12-22 01:39:32,990 | INFO | Train - Loss (last batch): 0.00246
2025-12-22 01:39:32,990 | INFO | Val - Loss, MSE, MAE: 0.00294, 0.00294, 0.03282
2025-12-22 01:39:32,990 | INFO | Test - Best epoch, Loss, MSE, MAE: 87, 0.00279, 0.00279, 0.03180
2025-12-22 01:39:32,990 | INFO | Test - Points (EXACT): total_masked=96963 correct=58353 right_rate=60.1807%
2025-12-22 01:39:37,445 | INFO | - Epoch 089, ExpID 13223 best_epoch=87 improved=0
2025-12-22 01:39:37,445 | INFO | Train - Loss (last batch): 0.00298
2025-12-22 01:39:37,445 | INFO | Val - Loss, MSE, MAE: 0.00293, 0.00293, 0.03256
2025-12-22 01:39:37,445 | INFO | Test - Best epoch, Loss, MSE, MAE: 87, 0.00279, 0.00279, 0.03180
2025-12-22 01:39:37,445 | INFO | Test - Points (EXACT): total_masked=96963 correct=58353 right_rate=60.1807%
2025-12-22 01:39:42,437 | INFO | - Epoch 090, ExpID 13223 best_epoch=90 improved=1
2025-12-22 01:39:42,437 | INFO | Train - Loss (last batch): 0.00218
2025-12-22 01:39:42,437 | INFO | Val - Loss, MSE, MAE: 0.00291, 0.00291, 0.03238
2025-12-22 01:39:42,437 | INFO | Test - Best epoch, Loss, MSE, MAE: 90, 0.00279, 0.00279, 0.03190
2025-12-22 01:39:42,437 | INFO | Test - Points (EXACT): total_masked=96963 correct=58053 right_rate=59.8713%
2025-12-22 01:39:47,438 | INFO | - Epoch 091, ExpID 13223 best_epoch=91 improved=1
2025-12-22 01:39:47,438 | INFO | Train - Loss (last batch): 0.00180
2025-12-22 01:39:47,438 | INFO | Val - Loss, MSE, MAE: 0.00291, 0.00291, 0.03213
2025-12-22 01:39:47,439 | INFO | Test - Best epoch, Loss, MSE, MAE: 91, 0.00278, 0.00278, 0.03171
2025-12-22 01:39:47,439 | INFO | Test - Points (EXACT): total_masked=96963 correct=58413 right_rate=60.2426%
2025-12-22 01:39:51,888 | INFO | - Epoch 092, ExpID 13223 best_epoch=91 improved=0
2025-12-22 01:39:51,888 | INFO | Train - Loss (last batch): 0.00264
2025-12-22 01:39:51,888 | INFO | Val - Loss, MSE, MAE: 0.00292, 0.00292, 0.03241
2025-12-22 01:39:51,888 | INFO | Test - Best epoch, Loss, MSE, MAE: 91, 0.00278, 0.00278, 0.03171
2025-12-22 01:39:51,888 | INFO | Test - Points (EXACT): total_masked=96963 correct=58413 right_rate=60.2426%
2025-12-22 01:39:56,329 | INFO | - Epoch 093, ExpID 13223 best_epoch=91 improved=0
2025-12-22 01:39:56,329 | INFO | Train - Loss (last batch): 0.00286
2025-12-22 01:39:56,329 | INFO | Val - Loss, MSE, MAE: 0.00292, 0.00292, 0.03229
2025-12-22 01:39:56,329 | INFO | Test - Best epoch, Loss, MSE, MAE: 91, 0.00278, 0.00278, 0.03171
2025-12-22 01:39:56,329 | INFO | Test - Points (EXACT): total_masked=96963 correct=58413 right_rate=60.2426%
2025-12-22 01:40:00,773 | INFO | - Epoch 094, ExpID 13223 best_epoch=91 improved=0
2025-12-22 01:40:00,773 | INFO | Train - Loss (last batch): 0.00237
2025-12-22 01:40:00,773 | INFO | Val - Loss, MSE, MAE: 0.00297, 0.00297, 0.03349
2025-12-22 01:40:00,773 | INFO | Test - Best epoch, Loss, MSE, MAE: 91, 0.00278, 0.00278, 0.03171
2025-12-22 01:40:00,773 | INFO | Test - Points (EXACT): total_masked=96963 correct=58413 right_rate=60.2426%
2025-12-22 01:40:05,228 | INFO | - Epoch 095, ExpID 13223 best_epoch=91 improved=0
2025-12-22 01:40:05,228 | INFO | Train - Loss (last batch): 0.00325
2025-12-22 01:40:05,228 | INFO | Val - Loss, MSE, MAE: 0.00296, 0.00296, 0.03317
2025-12-22 01:40:05,228 | INFO | Test - Best epoch, Loss, MSE, MAE: 91, 0.00278, 0.00278, 0.03171
2025-12-22 01:40:05,228 | INFO | Test - Points (EXACT): total_masked=96963 correct=58413 right_rate=60.2426%
2025-12-22 01:40:09,677 | INFO | - Epoch 096, ExpID 13223 best_epoch=91 improved=0
2025-12-22 01:40:09,677 | INFO | Train - Loss (last batch): 0.00271
2025-12-22 01:40:09,677 | INFO | Val - Loss, MSE, MAE: 0.00297, 0.00297, 0.03352
2025-12-22 01:40:09,677 | INFO | Test - Best epoch, Loss, MSE, MAE: 91, 0.00278, 0.00278, 0.03171
2025-12-22 01:40:09,677 | INFO | Test - Points (EXACT): total_masked=96963 correct=58413 right_rate=60.2426%
2025-12-22 01:40:14,128 | INFO | - Epoch 097, ExpID 13223 best_epoch=91 improved=0
2025-12-22 01:40:14,128 | INFO | Train - Loss (last batch): 0.00266
2025-12-22 01:40:14,128 | INFO | Val - Loss, MSE, MAE: 0.00293, 0.00293, 0.03259
2025-12-22 01:40:14,128 | INFO | Test - Best epoch, Loss, MSE, MAE: 91, 0.00278, 0.00278, 0.03171
2025-12-22 01:40:14,128 | INFO | Test - Points (EXACT): total_masked=96963 correct=58413 right_rate=60.2426%
2025-12-22 01:40:18,582 | INFO | - Epoch 098, ExpID 13223 best_epoch=91 improved=0
2025-12-22 01:40:18,582 | INFO | Train - Loss (last batch): 0.00287
2025-12-22 01:40:18,582 | INFO | Val - Loss, MSE, MAE: 0.00293, 0.00293, 0.03269
2025-12-22 01:40:18,582 | INFO | Test - Best epoch, Loss, MSE, MAE: 91, 0.00278, 0.00278, 0.03171
2025-12-22 01:40:18,582 | INFO | Test - Points (EXACT): total_masked=96963 correct=58413 right_rate=60.2426%
2025-12-22 01:40:23,567 | INFO | - Epoch 099, ExpID 13223 best_epoch=99 improved=1
2025-12-22 01:40:23,567 | INFO | Train - Loss (last batch): 0.00254
2025-12-22 01:40:23,567 | INFO | Val - Loss, MSE, MAE: 0.00290, 0.00290, 0.03209
2025-12-22 01:40:23,567 | INFO | Test - Best epoch, Loss, MSE, MAE: 99, 0.00278, 0.00278, 0.03167
2025-12-22 01:40:23,567 | INFO | Test - Points (EXACT): total_masked=96963 correct=58454 right_rate=60.2849%
2025-12-22 01:40:28,002 | INFO | - Epoch 100, ExpID 13223 best_epoch=99 improved=0
2025-12-22 01:40:28,003 | INFO | Train - Loss (last batch): 0.00210
2025-12-22 01:40:28,003 | INFO | Val - Loss, MSE, MAE: 0.00291, 0.00291, 0.03207
2025-12-22 01:40:28,003 | INFO | Test - Best epoch, Loss, MSE, MAE: 99, 0.00278, 0.00278, 0.03167
2025-12-22 01:40:28,003 | INFO | Test - Points (EXACT): total_masked=96963 correct=58454 right_rate=60.2849%
2025-12-22 01:40:32,430 | INFO | - Epoch 101, ExpID 13223 best_epoch=99 improved=0
2025-12-22 01:40:32,430 | INFO | Train - Loss (last batch): 0.00305
2025-12-22 01:40:32,430 | INFO | Val - Loss, MSE, MAE: 0.00299, 0.00299, 0.03389
2025-12-22 01:40:32,430 | INFO | Test - Best epoch, Loss, MSE, MAE: 99, 0.00278, 0.00278, 0.03167
2025-12-22 01:40:32,430 | INFO | Test - Points (EXACT): total_masked=96963 correct=58454 right_rate=60.2849%
2025-12-22 01:40:36,868 | INFO | - Epoch 102, ExpID 13223 best_epoch=99 improved=0
2025-12-22 01:40:36,868 | INFO | Train - Loss (last batch): 0.00277
2025-12-22 01:40:36,868 | INFO | Val - Loss, MSE, MAE: 0.00290, 0.00290, 0.03214
2025-12-22 01:40:36,868 | INFO | Test - Best epoch, Loss, MSE, MAE: 99, 0.00278, 0.00278, 0.03167
2025-12-22 01:40:36,868 | INFO | Test - Points (EXACT): total_masked=96963 correct=58454 right_rate=60.2849%
2025-12-22 01:40:41,860 | INFO | - Epoch 103, ExpID 13223 best_epoch=103 improved=1
2025-12-22 01:40:41,860 | INFO | Train - Loss (last batch): 0.00283
2025-12-22 01:40:41,860 | INFO | Val - Loss, MSE, MAE: 0.00290, 0.00290, 0.03241
2025-12-22 01:40:41,860 | INFO | Test - Best epoch, Loss, MSE, MAE: 103, 0.00277, 0.00277, 0.03195
2025-12-22 01:40:41,860 | INFO | Test - Points (EXACT): total_masked=96963 correct=57764 right_rate=59.5732%
2025-12-22 01:40:46,327 | INFO | - Epoch 104, ExpID 13223 best_epoch=103 improved=0
2025-12-22 01:40:46,327 | INFO | Train - Loss (last batch): 0.00284
2025-12-22 01:40:46,327 | INFO | Val - Loss, MSE, MAE: 0.00295, 0.00295, 0.03331
2025-12-22 01:40:46,327 | INFO | Test - Best epoch, Loss, MSE, MAE: 103, 0.00277, 0.00277, 0.03195
2025-12-22 01:40:46,327 | INFO | Test - Points (EXACT): total_masked=96963 correct=57764 right_rate=59.5732%
2025-12-22 01:40:50,780 | INFO | - Epoch 105, ExpID 13223 best_epoch=103 improved=0
2025-12-22 01:40:50,780 | INFO | Train - Loss (last batch): 0.00346
2025-12-22 01:40:50,780 | INFO | Val - Loss, MSE, MAE: 0.00300, 0.00300, 0.03419
2025-12-22 01:40:50,780 | INFO | Test - Best epoch, Loss, MSE, MAE: 103, 0.00277, 0.00277, 0.03195
2025-12-22 01:40:50,780 | INFO | Test - Points (EXACT): total_masked=96963 correct=57764 right_rate=59.5732%
2025-12-22 01:40:55,225 | INFO | - Epoch 106, ExpID 13223 best_epoch=103 improved=0
2025-12-22 01:40:55,225 | INFO | Train - Loss (last batch): 0.00288
2025-12-22 01:40:55,225 | INFO | Val - Loss, MSE, MAE: 0.00291, 0.00291, 0.03239
2025-12-22 01:40:55,225 | INFO | Test - Best epoch, Loss, MSE, MAE: 103, 0.00277, 0.00277, 0.03195
2025-12-22 01:40:55,225 | INFO | Test - Points (EXACT): total_masked=96963 correct=57764 right_rate=59.5732%
2025-12-22 01:40:59,659 | INFO | - Epoch 107, ExpID 13223 best_epoch=103 improved=0
2025-12-22 01:40:59,659 | INFO | Train - Loss (last batch): 0.00288
2025-12-22 01:40:59,659 | INFO | Val - Loss, MSE, MAE: 0.00297, 0.00297, 0.03347
2025-12-22 01:40:59,659 | INFO | Test - Best epoch, Loss, MSE, MAE: 103, 0.00277, 0.00277, 0.03195
2025-12-22 01:40:59,659 | INFO | Test - Points (EXACT): total_masked=96963 correct=57764 right_rate=59.5732%
2025-12-22 01:41:04,105 | INFO | - Epoch 108, ExpID 13223 best_epoch=103 improved=0
2025-12-22 01:41:04,105 | INFO | Train - Loss (last batch): 0.00274
2025-12-22 01:41:04,105 | INFO | Val - Loss, MSE, MAE: 0.00300, 0.00300, 0.03402
2025-12-22 01:41:04,105 | INFO | Test - Best epoch, Loss, MSE, MAE: 103, 0.00277, 0.00277, 0.03195
2025-12-22 01:41:04,105 | INFO | Test - Points (EXACT): total_masked=96963 correct=57764 right_rate=59.5732%
2025-12-22 01:41:09,097 | INFO | - Epoch 109, ExpID 13223 best_epoch=109 improved=1
2025-12-22 01:41:09,097 | INFO | Train - Loss (last batch): 0.00269
2025-12-22 01:41:09,097 | INFO | Val - Loss, MSE, MAE: 0.00289, 0.00289, 0.03203
2025-12-22 01:41:09,097 | INFO | Test - Best epoch, Loss, MSE, MAE: 109, 0.00277, 0.00277, 0.03164
2025-12-22 01:41:09,097 | INFO | Test - Points (EXACT): total_masked=96963 correct=58490 right_rate=60.3220%
2025-12-22 01:41:13,547 | INFO | - Epoch 110, ExpID 13223 best_epoch=109 improved=0
2025-12-22 01:41:13,547 | INFO | Train - Loss (last batch): 0.00260
2025-12-22 01:41:13,547 | INFO | Val - Loss, MSE, MAE: 0.00290, 0.00290, 0.03229
2025-12-22 01:41:13,547 | INFO | Test - Best epoch, Loss, MSE, MAE: 109, 0.00277, 0.00277, 0.03164
2025-12-22 01:41:13,547 | INFO | Test - Points (EXACT): total_masked=96963 correct=58490 right_rate=60.3220%
2025-12-22 01:41:17,979 | INFO | - Epoch 111, ExpID 13223 best_epoch=109 improved=0
2025-12-22 01:41:17,979 | INFO | Train - Loss (last batch): 0.00242
2025-12-22 01:41:17,979 | INFO | Val - Loss, MSE, MAE: 0.00291, 0.00291, 0.03238
2025-12-22 01:41:17,979 | INFO | Test - Best epoch, Loss, MSE, MAE: 109, 0.00277, 0.00277, 0.03164
2025-12-22 01:41:17,979 | INFO | Test - Points (EXACT): total_masked=96963 correct=58490 right_rate=60.3220%
2025-12-22 01:41:22,400 | INFO | - Epoch 112, ExpID 13223 best_epoch=109 improved=0
2025-12-22 01:41:22,400 | INFO | Train - Loss (last batch): 0.00272
2025-12-22 01:41:22,400 | INFO | Val - Loss, MSE, MAE: 0.00296, 0.00296, 0.03334
2025-12-22 01:41:22,400 | INFO | Test - Best epoch, Loss, MSE, MAE: 109, 0.00277, 0.00277, 0.03164
2025-12-22 01:41:22,400 | INFO | Test - Points (EXACT): total_masked=96963 correct=58490 right_rate=60.3220%
2025-12-22 01:41:27,394 | INFO | - Epoch 113, ExpID 13223 best_epoch=113 improved=1
2025-12-22 01:41:27,394 | INFO | Train - Loss (last batch): 0.00281
2025-12-22 01:41:27,394 | INFO | Val - Loss, MSE, MAE: 0.00289, 0.00289, 0.03200
2025-12-22 01:41:27,394 | INFO | Test - Best epoch, Loss, MSE, MAE: 113, 0.00276, 0.00276, 0.03162
2025-12-22 01:41:27,394 | INFO | Test - Points (EXACT): total_masked=96963 correct=58513 right_rate=60.3457%
2025-12-22 01:41:31,839 | INFO | - Epoch 114, ExpID 13223 best_epoch=113 improved=0
2025-12-22 01:41:31,839 | INFO | Train - Loss (last batch): 0.00265
2025-12-22 01:41:31,839 | INFO | Val - Loss, MSE, MAE: 0.00293, 0.00293, 0.03291
2025-12-22 01:41:31,839 | INFO | Test - Best epoch, Loss, MSE, MAE: 113, 0.00276, 0.00276, 0.03162
2025-12-22 01:41:31,839 | INFO | Test - Points (EXACT): total_masked=96963 correct=58513 right_rate=60.3457%
2025-12-22 01:41:36,270 | INFO | - Epoch 115, ExpID 13223 best_epoch=113 improved=0
2025-12-22 01:41:36,271 | INFO | Train - Loss (last batch): 0.00288
2025-12-22 01:41:36,271 | INFO | Val - Loss, MSE, MAE: 0.00292, 0.00292, 0.03276
2025-12-22 01:41:36,271 | INFO | Test - Best epoch, Loss, MSE, MAE: 113, 0.00276, 0.00276, 0.03162
2025-12-22 01:41:36,271 | INFO | Test - Points (EXACT): total_masked=96963 correct=58513 right_rate=60.3457%
2025-12-22 01:41:40,704 | INFO | - Epoch 116, ExpID 13223 best_epoch=113 improved=0
2025-12-22 01:41:40,704 | INFO | Train - Loss (last batch): 0.00247
2025-12-22 01:41:40,704 | INFO | Val - Loss, MSE, MAE: 0.00290, 0.00290, 0.03250
2025-12-22 01:41:40,704 | INFO | Test - Best epoch, Loss, MSE, MAE: 113, 0.00276, 0.00276, 0.03162
2025-12-22 01:41:40,704 | INFO | Test - Points (EXACT): total_masked=96963 correct=58513 right_rate=60.3457%
2025-12-22 01:41:45,155 | INFO | - Epoch 117, ExpID 13223 best_epoch=113 improved=0
2025-12-22 01:41:45,155 | INFO | Train - Loss (last batch): 0.00275
2025-12-22 01:41:45,155 | INFO | Val - Loss, MSE, MAE: 0.00290, 0.00290, 0.03243
2025-12-22 01:41:45,156 | INFO | Test - Best epoch, Loss, MSE, MAE: 113, 0.00276, 0.00276, 0.03162
2025-12-22 01:41:45,156 | INFO | Test - Points (EXACT): total_masked=96963 correct=58513 right_rate=60.3457%
2025-12-22 01:41:49,607 | INFO | - Epoch 118, ExpID 13223 best_epoch=113 improved=0
2025-12-22 01:41:49,608 | INFO | Train - Loss (last batch): 0.00232
2025-12-22 01:41:49,608 | INFO | Val - Loss, MSE, MAE: 0.00290, 0.00290, 0.03222
2025-12-22 01:41:49,608 | INFO | Test - Best epoch, Loss, MSE, MAE: 113, 0.00276, 0.00276, 0.03162
2025-12-22 01:41:49,608 | INFO | Test - Points (EXACT): total_masked=96963 correct=58513 right_rate=60.3457%
2025-12-22 01:41:54,057 | INFO | - Epoch 119, ExpID 13223 best_epoch=113 improved=0
2025-12-22 01:41:54,057 | INFO | Train - Loss (last batch): 0.00290
2025-12-22 01:41:54,057 | INFO | Val - Loss, MSE, MAE: 0.00293, 0.00293, 0.03305
2025-12-22 01:41:54,057 | INFO | Test - Best epoch, Loss, MSE, MAE: 113, 0.00276, 0.00276, 0.03162
2025-12-22 01:41:54,057 | INFO | Test - Points (EXACT): total_masked=96963 correct=58513 right_rate=60.3457%
2025-12-22 01:41:58,489 | INFO | - Epoch 120, ExpID 13223 best_epoch=113 improved=0
2025-12-22 01:41:58,489 | INFO | Train - Loss (last batch): 0.00249
2025-12-22 01:41:58,489 | INFO | Val - Loss, MSE, MAE: 0.00290, 0.00290, 0.03232
2025-12-22 01:41:58,489 | INFO | Test - Best epoch, Loss, MSE, MAE: 113, 0.00276, 0.00276, 0.03162
2025-12-22 01:41:58,489 | INFO | Test - Points (EXACT): total_masked=96963 correct=58513 right_rate=60.3457%
2025-12-22 01:42:03,483 | INFO | - Epoch 121, ExpID 13223 best_epoch=121 improved=1
2025-12-22 01:42:03,483 | INFO | Train - Loss (last batch): 0.00280
2025-12-22 01:42:03,483 | INFO | Val - Loss, MSE, MAE: 0.00289, 0.00289, 0.03203
2025-12-22 01:42:03,483 | INFO | Test - Best epoch, Loss, MSE, MAE: 121, 0.00276, 0.00276, 0.03164
2025-12-22 01:42:03,483 | INFO | Test - Points (EXACT): total_masked=96963 correct=58437 right_rate=60.2673%
2025-12-22 01:42:08,483 | INFO | - Epoch 122, ExpID 13223 best_epoch=122 improved=1
2025-12-22 01:42:08,483 | INFO | Train - Loss (last batch): 0.00271
2025-12-22 01:42:08,483 | INFO | Val - Loss, MSE, MAE: 0.00289, 0.00289, 0.03214
2025-12-22 01:42:08,483 | INFO | Test - Best epoch, Loss, MSE, MAE: 122, 0.00276, 0.00276, 0.03171
2025-12-22 01:42:08,483 | INFO | Test - Points (EXACT): total_masked=96963 correct=58315 right_rate=60.1415%
2025-12-22 01:42:12,928 | INFO | - Epoch 123, ExpID 13223 best_epoch=122 improved=0
2025-12-22 01:42:12,928 | INFO | Train - Loss (last batch): 0.00261
2025-12-22 01:42:12,928 | INFO | Val - Loss, MSE, MAE: 0.00289, 0.00289, 0.03238
2025-12-22 01:42:12,928 | INFO | Test - Best epoch, Loss, MSE, MAE: 122, 0.00276, 0.00276, 0.03171
2025-12-22 01:42:12,928 | INFO | Test - Points (EXACT): total_masked=96963 correct=58315 right_rate=60.1415%
2025-12-22 01:42:17,377 | INFO | - Epoch 124, ExpID 13223 best_epoch=122 improved=0
2025-12-22 01:42:17,377 | INFO | Train - Loss (last batch): 0.00233
2025-12-22 01:42:17,377 | INFO | Val - Loss, MSE, MAE: 0.00300, 0.00300, 0.03424
2025-12-22 01:42:17,377 | INFO | Test - Best epoch, Loss, MSE, MAE: 122, 0.00276, 0.00276, 0.03171
2025-12-22 01:42:17,377 | INFO | Test - Points (EXACT): total_masked=96963 correct=58315 right_rate=60.1415%
2025-12-22 01:42:21,814 | INFO | - Epoch 125, ExpID 13223 best_epoch=122 improved=0
2025-12-22 01:42:21,814 | INFO | Train - Loss (last batch): 0.00259
2025-12-22 01:42:21,814 | INFO | Val - Loss, MSE, MAE: 0.00291, 0.00291, 0.03265
2025-12-22 01:42:21,814 | INFO | Test - Best epoch, Loss, MSE, MAE: 122, 0.00276, 0.00276, 0.03171
2025-12-22 01:42:21,814 | INFO | Test - Points (EXACT): total_masked=96963 correct=58315 right_rate=60.1415%
2025-12-22 01:42:26,253 | INFO | - Epoch 126, ExpID 13223 best_epoch=122 improved=0
2025-12-22 01:42:26,253 | INFO | Train - Loss (last batch): 0.00233
2025-12-22 01:42:26,253 | INFO | Val - Loss, MSE, MAE: 0.00292, 0.00292, 0.03277
2025-12-22 01:42:26,253 | INFO | Test - Best epoch, Loss, MSE, MAE: 122, 0.00276, 0.00276, 0.03171
2025-12-22 01:42:26,254 | INFO | Test - Points (EXACT): total_masked=96963 correct=58315 right_rate=60.1415%
2025-12-22 01:42:30,704 | INFO | - Epoch 127, ExpID 13223 best_epoch=122 improved=0
2025-12-22 01:42:30,704 | INFO | Train - Loss (last batch): 0.00253
2025-12-22 01:42:30,704 | INFO | Val - Loss, MSE, MAE: 0.00295, 0.00295, 0.03328
2025-12-22 01:42:30,704 | INFO | Test - Best epoch, Loss, MSE, MAE: 122, 0.00276, 0.00276, 0.03171
2025-12-22 01:42:30,704 | INFO | Test - Points (EXACT): total_masked=96963 correct=58315 right_rate=60.1415%
2025-12-22 01:42:35,156 | INFO | - Epoch 128, ExpID 13223 best_epoch=122 improved=0
2025-12-22 01:42:35,156 | INFO | Train - Loss (last batch): 0.00254
2025-12-22 01:42:35,156 | INFO | Val - Loss, MSE, MAE: 0.00291, 0.00291, 0.03272
2025-12-22 01:42:35,156 | INFO | Test - Best epoch, Loss, MSE, MAE: 122, 0.00276, 0.00276, 0.03171
2025-12-22 01:42:35,156 | INFO | Test - Points (EXACT): total_masked=96963 correct=58315 right_rate=60.1415%
2025-12-22 01:42:39,608 | INFO | - Epoch 129, ExpID 13223 best_epoch=122 improved=0
2025-12-22 01:42:39,608 | INFO | Train - Loss (last batch): 0.00281
2025-12-22 01:42:39,608 | INFO | Val - Loss, MSE, MAE: 0.00301, 0.00301, 0.03445
2025-12-22 01:42:39,608 | INFO | Test - Best epoch, Loss, MSE, MAE: 122, 0.00276, 0.00276, 0.03171
2025-12-22 01:42:39,608 | INFO | Test - Points (EXACT): total_masked=96963 correct=58315 right_rate=60.1415%
2025-12-22 01:42:44,600 | INFO | - Epoch 130, ExpID 13223 best_epoch=130 improved=1
2025-12-22 01:42:44,600 | INFO | Train - Loss (last batch): 0.00262
2025-12-22 01:42:44,600 | INFO | Val - Loss, MSE, MAE: 0.00289, 0.00289, 0.03227
2025-12-22 01:42:44,600 | INFO | Test - Best epoch, Loss, MSE, MAE: 130, 0.00276, 0.00276, 0.03180
2025-12-22 01:42:44,600 | INFO | Test - Points (EXACT): total_masked=96963 correct=58051 right_rate=59.8692%
2025-12-22 01:42:49,600 | INFO | - Epoch 131, ExpID 13223 best_epoch=131 improved=1
2025-12-22 01:42:49,600 | INFO | Train - Loss (last batch): 0.00325
2025-12-22 01:42:49,600 | INFO | Val - Loss, MSE, MAE: 0.00288, 0.00288, 0.03198
2025-12-22 01:42:49,600 | INFO | Test - Best epoch, Loss, MSE, MAE: 131, 0.00275, 0.00275, 0.03163
2025-12-22 01:42:49,600 | INFO | Test - Points (EXACT): total_masked=96963 correct=58404 right_rate=60.2333%
2025-12-22 01:42:54,589 | INFO | - Epoch 132, ExpID 13223 best_epoch=132 improved=1
2025-12-22 01:42:54,589 | INFO | Train - Loss (last batch): 0.00278
2025-12-22 01:42:54,589 | INFO | Val - Loss, MSE, MAE: 0.00287, 0.00287, 0.03203
2025-12-22 01:42:54,589 | INFO | Test - Best epoch, Loss, MSE, MAE: 132, 0.00275, 0.00275, 0.03163
2025-12-22 01:42:54,589 | INFO | Test - Points (EXACT): total_masked=96963 correct=58351 right_rate=60.1786%
2025-12-22 01:42:59,032 | INFO | - Epoch 133, ExpID 13223 best_epoch=132 improved=0
2025-12-22 01:42:59,032 | INFO | Train - Loss (last batch): 0.00252
2025-12-22 01:42:59,032 | INFO | Val - Loss, MSE, MAE: 0.00288, 0.00288, 0.03208
2025-12-22 01:42:59,032 | INFO | Test - Best epoch, Loss, MSE, MAE: 132, 0.00275, 0.00275, 0.03163
2025-12-22 01:42:59,032 | INFO | Test - Points (EXACT): total_masked=96963 correct=58351 right_rate=60.1786%
2025-12-22 01:43:03,466 | INFO | - Epoch 134, ExpID 13223 best_epoch=132 improved=0
2025-12-22 01:43:03,466 | INFO | Train - Loss (last batch): 0.00252
2025-12-22 01:43:03,466 | INFO | Val - Loss, MSE, MAE: 0.00288, 0.00288, 0.03200
2025-12-22 01:43:03,467 | INFO | Test - Best epoch, Loss, MSE, MAE: 132, 0.00275, 0.00275, 0.03163
2025-12-22 01:43:03,467 | INFO | Test - Points (EXACT): total_masked=96963 correct=58351 right_rate=60.1786%
2025-12-22 01:43:07,908 | INFO | - Epoch 135, ExpID 13223 best_epoch=132 improved=0
2025-12-22 01:43:07,908 | INFO | Train - Loss (last batch): 0.00278
2025-12-22 01:43:07,908 | INFO | Val - Loss, MSE, MAE: 0.00289, 0.00289, 0.03245
2025-12-22 01:43:07,908 | INFO | Test - Best epoch, Loss, MSE, MAE: 132, 0.00275, 0.00275, 0.03163
2025-12-22 01:43:07,908 | INFO | Test - Points (EXACT): total_masked=96963 correct=58351 right_rate=60.1786%
2025-12-22 01:43:12,368 | INFO | - Epoch 136, ExpID 13223 best_epoch=132 improved=0
2025-12-22 01:43:12,368 | INFO | Train - Loss (last batch): 0.00220
2025-12-22 01:43:12,368 | INFO | Val - Loss, MSE, MAE: 0.00288, 0.00288, 0.03203
2025-12-22 01:43:12,368 | INFO | Test - Best epoch, Loss, MSE, MAE: 132, 0.00275, 0.00275, 0.03163
2025-12-22 01:43:12,368 | INFO | Test - Points (EXACT): total_masked=96963 correct=58351 right_rate=60.1786%
2025-12-22 01:43:16,818 | INFO | - Epoch 137, ExpID 13223 best_epoch=132 improved=0
2025-12-22 01:43:16,818 | INFO | Train - Loss (last batch): 0.00244
2025-12-22 01:43:16,818 | INFO | Val - Loss, MSE, MAE: 0.00288, 0.00288, 0.03205
2025-12-22 01:43:16,818 | INFO | Test - Best epoch, Loss, MSE, MAE: 132, 0.00275, 0.00275, 0.03163
2025-12-22 01:43:16,818 | INFO | Test - Points (EXACT): total_masked=96963 correct=58351 right_rate=60.1786%
2025-12-22 01:43:21,806 | INFO | - Epoch 138, ExpID 13223 best_epoch=138 improved=1
2025-12-22 01:43:21,806 | INFO | Train - Loss (last batch): 0.00271
2025-12-22 01:43:21,807 | INFO | Val - Loss, MSE, MAE: 0.00286, 0.00286, 0.03198
2025-12-22 01:43:21,807 | INFO | Test - Best epoch, Loss, MSE, MAE: 138, 0.00274, 0.00274, 0.03162
2025-12-22 01:43:21,807 | INFO | Test - Points (EXACT): total_masked=96963 correct=58397 right_rate=60.2261%
2025-12-22 01:43:26,248 | INFO | - Epoch 139, ExpID 13223 best_epoch=138 improved=0
2025-12-22 01:43:26,248 | INFO | Train - Loss (last batch): 0.00240
2025-12-22 01:43:26,248 | INFO | Val - Loss, MSE, MAE: 0.00287, 0.00287, 0.03203
2025-12-22 01:43:26,248 | INFO | Test - Best epoch, Loss, MSE, MAE: 138, 0.00274, 0.00274, 0.03162
2025-12-22 01:43:26,248 | INFO | Test - Points (EXACT): total_masked=96963 correct=58397 right_rate=60.2261%
2025-12-22 01:43:30,703 | INFO | - Epoch 140, ExpID 13223 best_epoch=138 improved=0
2025-12-22 01:43:30,703 | INFO | Train - Loss (last batch): 0.00266
2025-12-22 01:43:30,703 | INFO | Val - Loss, MSE, MAE: 0.00287, 0.00287, 0.03196
2025-12-22 01:43:30,703 | INFO | Test - Best epoch, Loss, MSE, MAE: 138, 0.00274, 0.00274, 0.03162
2025-12-22 01:43:30,703 | INFO | Test - Points (EXACT): total_masked=96963 correct=58397 right_rate=60.2261%
2025-12-22 01:43:35,693 | INFO | - Epoch 141, ExpID 13223 best_epoch=141 improved=1
2025-12-22 01:43:35,693 | INFO | Train - Loss (last batch): 0.00214
2025-12-22 01:43:35,693 | INFO | Val - Loss, MSE, MAE: 0.00285, 0.00285, 0.03192
2025-12-22 01:43:35,693 | INFO | Test - Best epoch, Loss, MSE, MAE: 141, 0.00274, 0.00274, 0.03159
2025-12-22 01:43:35,693 | INFO | Test - Points (EXACT): total_masked=96963 correct=58424 right_rate=60.2539%
2025-12-22 01:43:40,140 | INFO | - Epoch 142, ExpID 13223 best_epoch=141 improved=0
2025-12-22 01:43:40,140 | INFO | Train - Loss (last batch): 0.00236
2025-12-22 01:43:40,140 | INFO | Val - Loss, MSE, MAE: 0.00286, 0.00286, 0.03195
2025-12-22 01:43:40,140 | INFO | Test - Best epoch, Loss, MSE, MAE: 141, 0.00274, 0.00274, 0.03159
2025-12-22 01:43:40,140 | INFO | Test - Points (EXACT): total_masked=96963 correct=58424 right_rate=60.2539%
2025-12-22 01:43:44,593 | INFO | - Epoch 143, ExpID 13223 best_epoch=141 improved=0
2025-12-22 01:43:44,593 | INFO | Train - Loss (last batch): 0.00242
2025-12-22 01:43:44,593 | INFO | Val - Loss, MSE, MAE: 0.00290, 0.00290, 0.03256
2025-12-22 01:43:44,593 | INFO | Test - Best epoch, Loss, MSE, MAE: 141, 0.00274, 0.00274, 0.03159
2025-12-22 01:43:44,593 | INFO | Test - Points (EXACT): total_masked=96963 correct=58424 right_rate=60.2539%
2025-12-22 01:43:49,033 | INFO | - Epoch 144, ExpID 13223 best_epoch=141 improved=0
2025-12-22 01:43:49,033 | INFO | Train - Loss (last batch): 0.00359
2025-12-22 01:43:49,033 | INFO | Val - Loss, MSE, MAE: 0.00297, 0.00297, 0.03388
2025-12-22 01:43:49,033 | INFO | Test - Best epoch, Loss, MSE, MAE: 141, 0.00274, 0.00274, 0.03159
2025-12-22 01:43:49,033 | INFO | Test - Points (EXACT): total_masked=96963 correct=58424 right_rate=60.2539%
2025-12-22 01:43:53,476 | INFO | - Epoch 145, ExpID 13223 best_epoch=141 improved=0
2025-12-22 01:43:53,476 | INFO | Train - Loss (last batch): 0.00218
2025-12-22 01:43:53,476 | INFO | Val - Loss, MSE, MAE: 0.00288, 0.00288, 0.03193
2025-12-22 01:43:53,476 | INFO | Test - Best epoch, Loss, MSE, MAE: 141, 0.00274, 0.00274, 0.03159
2025-12-22 01:43:53,476 | INFO | Test - Points (EXACT): total_masked=96963 correct=58424 right_rate=60.2539%
2025-12-22 01:43:57,933 | INFO | - Epoch 146, ExpID 13223 best_epoch=141 improved=0
2025-12-22 01:43:57,933 | INFO | Train - Loss (last batch): 0.00274
2025-12-22 01:43:57,933 | INFO | Val - Loss, MSE, MAE: 0.00288, 0.00288, 0.03238
2025-12-22 01:43:57,933 | INFO | Test - Best epoch, Loss, MSE, MAE: 141, 0.00274, 0.00274, 0.03159
2025-12-22 01:43:57,933 | INFO | Test - Points (EXACT): total_masked=96963 correct=58424 right_rate=60.2539%
2025-12-22 01:44:02,360 | INFO | - Epoch 147, ExpID 13223 best_epoch=141 improved=0
2025-12-22 01:44:02,360 | INFO | Train - Loss (last batch): 0.00286
2025-12-22 01:44:02,360 | INFO | Val - Loss, MSE, MAE: 0.00290, 0.00290, 0.03263
2025-12-22 01:44:02,360 | INFO | Test - Best epoch, Loss, MSE, MAE: 141, 0.00274, 0.00274, 0.03159
2025-12-22 01:44:02,360 | INFO | Test - Points (EXACT): total_masked=96963 correct=58424 right_rate=60.2539%
2025-12-22 01:44:06,811 | INFO | - Epoch 148, ExpID 13223 best_epoch=141 improved=0
2025-12-22 01:44:06,811 | INFO | Train - Loss (last batch): 0.00223
2025-12-22 01:44:06,811 | INFO | Val - Loss, MSE, MAE: 0.00287, 0.00287, 0.03228
2025-12-22 01:44:06,811 | INFO | Test - Best epoch, Loss, MSE, MAE: 141, 0.00274, 0.00274, 0.03159
2025-12-22 01:44:06,811 | INFO | Test - Points (EXACT): total_masked=96963 correct=58424 right_rate=60.2539%
2025-12-22 01:44:11,242 | INFO | - Epoch 149, ExpID 13223 best_epoch=141 improved=0
2025-12-22 01:44:11,242 | INFO | Train - Loss (last batch): 0.00232
2025-12-22 01:44:11,243 | INFO | Val - Loss, MSE, MAE: 0.00285, 0.00285, 0.03191
2025-12-22 01:44:11,243 | INFO | Test - Best epoch, Loss, MSE, MAE: 141, 0.00274, 0.00274, 0.03159
2025-12-22 01:44:11,243 | INFO | Test - Points (EXACT): total_masked=96963 correct=58424 right_rate=60.2539%
2025-12-22 01:44:15,692 | INFO | - Epoch 150, ExpID 13223 best_epoch=141 improved=0
2025-12-22 01:44:15,693 | INFO | Train - Loss (last batch): 0.00206
2025-12-22 01:44:15,693 | INFO | Val - Loss, MSE, MAE: 0.00287, 0.00287, 0.03198
2025-12-22 01:44:15,693 | INFO | Test - Best epoch, Loss, MSE, MAE: 141, 0.00274, 0.00274, 0.03159
2025-12-22 01:44:15,693 | INFO | Test - Points (EXACT): total_masked=96963 correct=58424 right_rate=60.2539%
2025-12-22 01:44:20,136 | INFO | - Epoch 151, ExpID 13223 best_epoch=141 improved=0
2025-12-22 01:44:20,136 | INFO | Train - Loss (last batch): 0.00229
2025-12-22 01:44:20,136 | INFO | Val - Loss, MSE, MAE: 0.00287, 0.00287, 0.03222
2025-12-22 01:44:20,136 | INFO | Test - Best epoch, Loss, MSE, MAE: 141, 0.00274, 0.00274, 0.03159
2025-12-22 01:44:20,136 | INFO | Test - Points (EXACT): total_masked=96963 correct=58424 right_rate=60.2539%
2025-12-22 01:44:24,578 | INFO | - Epoch 152, ExpID 13223 best_epoch=141 improved=0
2025-12-22 01:44:24,578 | INFO | Train - Loss (last batch): 0.00303
2025-12-22 01:44:24,578 | INFO | Val - Loss, MSE, MAE: 0.00290, 0.00290, 0.03264
2025-12-22 01:44:24,578 | INFO | Test - Best epoch, Loss, MSE, MAE: 141, 0.00274, 0.00274, 0.03159
2025-12-22 01:44:24,578 | INFO | Test - Points (EXACT): total_masked=96963 correct=58424 right_rate=60.2539%
2025-12-22 01:44:29,012 | INFO | - Epoch 153, ExpID 13223 best_epoch=141 improved=0
2025-12-22 01:44:29,012 | INFO | Train - Loss (last batch): 0.00219
2025-12-22 01:44:29,012 | INFO | Val - Loss, MSE, MAE: 0.00288, 0.00288, 0.03235
2025-12-22 01:44:29,012 | INFO | Test - Best epoch, Loss, MSE, MAE: 141, 0.00274, 0.00274, 0.03159
2025-12-22 01:44:29,012 | INFO | Test - Points (EXACT): total_masked=96963 correct=58424 right_rate=60.2539%
2025-12-22 01:44:33,455 | INFO | - Epoch 154, ExpID 13223 best_epoch=141 improved=0
2025-12-22 01:44:33,455 | INFO | Train - Loss (last batch): 0.00241
2025-12-22 01:44:33,455 | INFO | Val - Loss, MSE, MAE: 0.00287, 0.00287, 0.03216
2025-12-22 01:44:33,455 | INFO | Test - Best epoch, Loss, MSE, MAE: 141, 0.00274, 0.00274, 0.03159
2025-12-22 01:44:33,455 | INFO | Test - Points (EXACT): total_masked=96963 correct=58424 right_rate=60.2539%
2025-12-22 01:44:37,906 | INFO | - Epoch 155, ExpID 13223 best_epoch=141 improved=0
2025-12-22 01:44:37,906 | INFO | Train - Loss (last batch): 0.00247
2025-12-22 01:44:37,906 | INFO | Val - Loss, MSE, MAE: 0.00286, 0.00286, 0.03197
2025-12-22 01:44:37,906 | INFO | Test - Best epoch, Loss, MSE, MAE: 141, 0.00274, 0.00274, 0.03159
2025-12-22 01:44:37,906 | INFO | Test - Points (EXACT): total_masked=96963 correct=58424 right_rate=60.2539%
2025-12-22 01:44:42,353 | INFO | - Epoch 156, ExpID 13223 best_epoch=141 improved=0
2025-12-22 01:44:42,353 | INFO | Train - Loss (last batch): 0.00307
2025-12-22 01:44:42,353 | INFO | Val - Loss, MSE, MAE: 0.00286, 0.00286, 0.03189
2025-12-22 01:44:42,353 | INFO | Test - Best epoch, Loss, MSE, MAE: 141, 0.00274, 0.00274, 0.03159
2025-12-22 01:44:42,353 | INFO | Test - Points (EXACT): total_masked=96963 correct=58424 right_rate=60.2539%
2025-12-22 01:44:46,808 | INFO | - Epoch 157, ExpID 13223 best_epoch=141 improved=0
2025-12-22 01:44:46,808 | INFO | Train - Loss (last batch): 0.00224
2025-12-22 01:44:46,809 | INFO | Val - Loss, MSE, MAE: 0.00290, 0.00290, 0.03271
2025-12-22 01:44:46,809 | INFO | Test - Best epoch, Loss, MSE, MAE: 141, 0.00274, 0.00274, 0.03159
2025-12-22 01:44:46,809 | INFO | Test - Points (EXACT): total_masked=96963 correct=58424 right_rate=60.2539%
2025-12-22 01:44:51,230 | INFO | - Epoch 158, ExpID 13223 best_epoch=141 improved=0
2025-12-22 01:44:51,230 | INFO | Train - Loss (last batch): 0.00280
2025-12-22 01:44:51,231 | INFO | Val - Loss, MSE, MAE: 0.00286, 0.00286, 0.03182
2025-12-22 01:44:51,231 | INFO | Test - Best epoch, Loss, MSE, MAE: 141, 0.00274, 0.00274, 0.03159
2025-12-22 01:44:51,231 | INFO | Test - Points (EXACT): total_masked=96963 correct=58424 right_rate=60.2539%
2025-12-22 01:44:55,651 | INFO | - Epoch 159, ExpID 13223 best_epoch=141 improved=0
2025-12-22 01:44:55,651 | INFO | Train - Loss (last batch): 0.00222
2025-12-22 01:44:55,651 | INFO | Val - Loss, MSE, MAE: 0.00289, 0.00289, 0.03266
2025-12-22 01:44:55,651 | INFO | Test - Best epoch, Loss, MSE, MAE: 141, 0.00274, 0.00274, 0.03159
2025-12-22 01:44:55,651 | INFO | Test - Points (EXACT): total_masked=96963 correct=58424 right_rate=60.2539%
2025-12-22 01:45:00,070 | INFO | - Epoch 160, ExpID 13223 best_epoch=141 improved=0
2025-12-22 01:45:00,070 | INFO | Train - Loss (last batch): 0.00281
2025-12-22 01:45:00,070 | INFO | Val - Loss, MSE, MAE: 0.00286, 0.00286, 0.03210
2025-12-22 01:45:00,070 | INFO | Test - Best epoch, Loss, MSE, MAE: 141, 0.00274, 0.00274, 0.03159
2025-12-22 01:45:00,070 | INFO | Test - Points (EXACT): total_masked=96963 correct=58424 right_rate=60.2539%
2025-12-22 01:45:04,483 | INFO | - Epoch 161, ExpID 13223 best_epoch=141 improved=0
2025-12-22 01:45:04,483 | INFO | Train - Loss (last batch): 0.00220
2025-12-22 01:45:04,483 | INFO | Val - Loss, MSE, MAE: 0.00287, 0.00287, 0.03225
2025-12-22 01:45:04,483 | INFO | Test - Best epoch, Loss, MSE, MAE: 141, 0.00274, 0.00274, 0.03159
2025-12-22 01:45:04,483 | INFO | Test - Points (EXACT): total_masked=96963 correct=58424 right_rate=60.2539%
2025-12-22 01:45:08,907 | INFO | - Epoch 162, ExpID 13223 best_epoch=141 improved=0
2025-12-22 01:45:08,907 | INFO | Train - Loss (last batch): 0.00284
2025-12-22 01:45:08,907 | INFO | Val - Loss, MSE, MAE: 0.00286, 0.00286, 0.03203
2025-12-22 01:45:08,907 | INFO | Test - Best epoch, Loss, MSE, MAE: 141, 0.00274, 0.00274, 0.03159
2025-12-22 01:45:08,907 | INFO | Test - Points (EXACT): total_masked=96963 correct=58424 right_rate=60.2539%
2025-12-22 01:45:13,876 | INFO | - Epoch 163, ExpID 13223 best_epoch=163 improved=1
2025-12-22 01:45:13,876 | INFO | Train - Loss (last batch): 0.00227
2025-12-22 01:45:13,876 | INFO | Val - Loss, MSE, MAE: 0.00285, 0.00285, 0.03191
2025-12-22 01:45:13,876 | INFO | Test - Best epoch, Loss, MSE, MAE: 163, 0.00273, 0.00273, 0.03155
2025-12-22 01:45:13,876 | INFO | Test - Points (EXACT): total_masked=96963 correct=58291 right_rate=60.1167%
2025-12-22 01:45:18,291 | INFO | - Epoch 164, ExpID 13223 best_epoch=163 improved=0
2025-12-22 01:45:18,291 | INFO | Train - Loss (last batch): 0.00223
2025-12-22 01:45:18,291 | INFO | Val - Loss, MSE, MAE: 0.00291, 0.00291, 0.03301
2025-12-22 01:45:18,291 | INFO | Test - Best epoch, Loss, MSE, MAE: 163, 0.00273, 0.00273, 0.03155
2025-12-22 01:45:18,291 | INFO | Test - Points (EXACT): total_masked=96963 correct=58291 right_rate=60.1167%
2025-12-22 01:45:22,716 | INFO | - Epoch 165, ExpID 13223 best_epoch=163 improved=0
2025-12-22 01:45:22,716 | INFO | Train - Loss (last batch): 0.00247
2025-12-22 01:45:22,716 | INFO | Val - Loss, MSE, MAE: 0.00288, 0.00288, 0.03247
2025-12-22 01:45:22,716 | INFO | Test - Best epoch, Loss, MSE, MAE: 163, 0.00273, 0.00273, 0.03155
2025-12-22 01:45:22,716 | INFO | Test - Points (EXACT): total_masked=96963 correct=58291 right_rate=60.1167%
2025-12-22 01:45:27,134 | INFO | - Epoch 166, ExpID 13223 best_epoch=163 improved=0
2025-12-22 01:45:27,134 | INFO | Train - Loss (last batch): 0.00325
2025-12-22 01:45:27,134 | INFO | Val - Loss, MSE, MAE: 0.00287, 0.00287, 0.03214
2025-12-22 01:45:27,134 | INFO | Test - Best epoch, Loss, MSE, MAE: 163, 0.00273, 0.00273, 0.03155
2025-12-22 01:45:27,134 | INFO | Test - Points (EXACT): total_masked=96963 correct=58291 right_rate=60.1167%
2025-12-22 01:45:31,542 | INFO | - Epoch 167, ExpID 13223 best_epoch=163 improved=0
2025-12-22 01:45:31,542 | INFO | Train - Loss (last batch): 0.00254
2025-12-22 01:45:31,542 | INFO | Val - Loss, MSE, MAE: 0.00287, 0.00287, 0.03224
2025-12-22 01:45:31,542 | INFO | Test - Best epoch, Loss, MSE, MAE: 163, 0.00273, 0.00273, 0.03155
2025-12-22 01:45:31,542 | INFO | Test - Points (EXACT): total_masked=96963 correct=58291 right_rate=60.1167%
2025-12-22 01:45:36,501 | INFO | - Epoch 168, ExpID 13223 best_epoch=168 improved=1
2025-12-22 01:45:36,501 | INFO | Train - Loss (last batch): 0.00273
2025-12-22 01:45:36,501 | INFO | Val - Loss, MSE, MAE: 0.00285, 0.00285, 0.03186
2025-12-22 01:45:36,501 | INFO | Test - Best epoch, Loss, MSE, MAE: 168, 0.00273, 0.00273, 0.03151
2025-12-22 01:45:36,501 | INFO | Test - Points (EXACT): total_masked=96963 correct=58376 right_rate=60.2044%
2025-12-22 01:45:40,912 | INFO | - Epoch 169, ExpID 13223 best_epoch=168 improved=0
2025-12-22 01:45:40,912 | INFO | Train - Loss (last batch): 0.00242
2025-12-22 01:45:40,912 | INFO | Val - Loss, MSE, MAE: 0.00286, 0.00286, 0.03226
2025-12-22 01:45:40,912 | INFO | Test - Best epoch, Loss, MSE, MAE: 168, 0.00273, 0.00273, 0.03151
2025-12-22 01:45:40,912 | INFO | Test - Points (EXACT): total_masked=96963 correct=58376 right_rate=60.2044%
2025-12-22 01:45:45,323 | INFO | - Epoch 170, ExpID 13223 best_epoch=168 improved=0
2025-12-22 01:45:45,323 | INFO | Train - Loss (last batch): 0.00280
2025-12-22 01:45:45,323 | INFO | Val - Loss, MSE, MAE: 0.00287, 0.00287, 0.03221
2025-12-22 01:45:45,323 | INFO | Test - Best epoch, Loss, MSE, MAE: 168, 0.00273, 0.00273, 0.03151
2025-12-22 01:45:45,323 | INFO | Test - Points (EXACT): total_masked=96963 correct=58376 right_rate=60.2044%
2025-12-22 01:45:49,737 | INFO | - Epoch 171, ExpID 13223 best_epoch=168 improved=0
2025-12-22 01:45:49,737 | INFO | Train - Loss (last batch): 0.00182
2025-12-22 01:45:49,737 | INFO | Val - Loss, MSE, MAE: 0.00285, 0.00285, 0.03190
2025-12-22 01:45:49,737 | INFO | Test - Best epoch, Loss, MSE, MAE: 168, 0.00273, 0.00273, 0.03151
2025-12-22 01:45:49,737 | INFO | Test - Points (EXACT): total_masked=96963 correct=58376 right_rate=60.2044%
2025-12-22 01:45:54,705 | INFO | - Epoch 172, ExpID 13223 best_epoch=172 improved=1
2025-12-22 01:45:54,705 | INFO | Train - Loss (last batch): 0.00314
2025-12-22 01:45:54,705 | INFO | Val - Loss, MSE, MAE: 0.00285, 0.00285, 0.03187
2025-12-22 01:45:54,705 | INFO | Test - Best epoch, Loss, MSE, MAE: 172, 0.00273, 0.00273, 0.03152
2025-12-22 01:45:54,705 | INFO | Test - Points (EXACT): total_masked=96963 correct=58336 right_rate=60.1632%
2025-12-22 01:45:59,129 | INFO | - Epoch 173, ExpID 13223 best_epoch=172 improved=0
2025-12-22 01:45:59,129 | INFO | Train - Loss (last batch): 0.00219
2025-12-22 01:45:59,129 | INFO | Val - Loss, MSE, MAE: 0.00287, 0.00287, 0.03220
2025-12-22 01:45:59,129 | INFO | Test - Best epoch, Loss, MSE, MAE: 172, 0.00273, 0.00273, 0.03152
2025-12-22 01:45:59,129 | INFO | Test - Points (EXACT): total_masked=96963 correct=58336 right_rate=60.1632%
2025-12-22 01:46:03,547 | INFO | - Epoch 174, ExpID 13223 best_epoch=172 improved=0
2025-12-22 01:46:03,547 | INFO | Train - Loss (last batch): 0.00242
2025-12-22 01:46:03,547 | INFO | Val - Loss, MSE, MAE: 0.00285, 0.00285, 0.03180
2025-12-22 01:46:03,547 | INFO | Test - Best epoch, Loss, MSE, MAE: 172, 0.00273, 0.00273, 0.03152
2025-12-22 01:46:03,547 | INFO | Test - Points (EXACT): total_masked=96963 correct=58336 right_rate=60.1632%
2025-12-22 01:46:08,489 | INFO | - Epoch 175, ExpID 13223 best_epoch=175 improved=1
2025-12-22 01:46:08,489 | INFO | Train - Loss (last batch): 0.00280
2025-12-22 01:46:08,489 | INFO | Val - Loss, MSE, MAE: 0.00284, 0.00284, 0.03179
2025-12-22 01:46:08,489 | INFO | Test - Best epoch, Loss, MSE, MAE: 175, 0.00273, 0.00273, 0.03148
2025-12-22 01:46:08,490 | INFO | Test - Points (EXACT): total_masked=96963 correct=58474 right_rate=60.3055%
2025-12-22 01:46:12,896 | INFO | - Epoch 176, ExpID 13223 best_epoch=175 improved=0
2025-12-22 01:46:12,896 | INFO | Train - Loss (last batch): 0.00217
2025-12-22 01:46:12,896 | INFO | Val - Loss, MSE, MAE: 0.00285, 0.00285, 0.03177
2025-12-22 01:46:12,896 | INFO | Test - Best epoch, Loss, MSE, MAE: 175, 0.00273, 0.00273, 0.03148
2025-12-22 01:46:12,896 | INFO | Test - Points (EXACT): total_masked=96963 correct=58474 right_rate=60.3055%
2025-12-22 01:46:17,308 | INFO | - Epoch 177, ExpID 13223 best_epoch=175 improved=0
2025-12-22 01:46:17,308 | INFO | Train - Loss (last batch): 0.00214
2025-12-22 01:46:17,308 | INFO | Val - Loss, MSE, MAE: 0.00287, 0.00287, 0.03234
2025-12-22 01:46:17,308 | INFO | Test - Best epoch, Loss, MSE, MAE: 175, 0.00273, 0.00273, 0.03148
2025-12-22 01:46:17,308 | INFO | Test - Points (EXACT): total_masked=96963 correct=58474 right_rate=60.3055%
2025-12-22 01:46:21,723 | INFO | - Epoch 178, ExpID 13223 best_epoch=175 improved=0
2025-12-22 01:46:21,723 | INFO | Train - Loss (last batch): 0.00216
2025-12-22 01:46:21,723 | INFO | Val - Loss, MSE, MAE: 0.00285, 0.00285, 0.03184
2025-12-22 01:46:21,723 | INFO | Test - Best epoch, Loss, MSE, MAE: 175, 0.00273, 0.00273, 0.03148
2025-12-22 01:46:21,723 | INFO | Test - Points (EXACT): total_masked=96963 correct=58474 right_rate=60.3055%
2025-12-22 01:46:26,151 | INFO | - Epoch 179, ExpID 13223 best_epoch=175 improved=0
2025-12-22 01:46:26,151 | INFO | Train - Loss (last batch): 0.00193
2025-12-22 01:46:26,151 | INFO | Val - Loss, MSE, MAE: 0.00288, 0.00288, 0.03258
2025-12-22 01:46:26,151 | INFO | Test - Best epoch, Loss, MSE, MAE: 175, 0.00273, 0.00273, 0.03148
2025-12-22 01:46:26,151 | INFO | Test - Points (EXACT): total_masked=96963 correct=58474 right_rate=60.3055%
2025-12-22 01:46:30,554 | INFO | - Epoch 180, ExpID 13223 best_epoch=175 improved=0
2025-12-22 01:46:30,555 | INFO | Train - Loss (last batch): 0.00252
2025-12-22 01:46:30,555 | INFO | Val - Loss, MSE, MAE: 0.00284, 0.00284, 0.03172
2025-12-22 01:46:30,555 | INFO | Test - Best epoch, Loss, MSE, MAE: 175, 0.00273, 0.00273, 0.03148
2025-12-22 01:46:30,555 | INFO | Test - Points (EXACT): total_masked=96963 correct=58474 right_rate=60.3055%
2025-12-22 01:46:34,964 | INFO | - Epoch 181, ExpID 13223 best_epoch=175 improved=0
2025-12-22 01:46:34,964 | INFO | Train - Loss (last batch): 0.00216
2025-12-22 01:46:34,964 | INFO | Val - Loss, MSE, MAE: 0.00286, 0.00286, 0.03212
2025-12-22 01:46:34,964 | INFO | Test - Best epoch, Loss, MSE, MAE: 175, 0.00273, 0.00273, 0.03148
2025-12-22 01:46:34,964 | INFO | Test - Points (EXACT): total_masked=96963 correct=58474 right_rate=60.3055%
2025-12-22 01:46:39,370 | INFO | - Epoch 182, ExpID 13223 best_epoch=175 improved=0
2025-12-22 01:46:39,370 | INFO | Train - Loss (last batch): 0.00196
2025-12-22 01:46:39,370 | INFO | Val - Loss, MSE, MAE: 0.00288, 0.00288, 0.03253
2025-12-22 01:46:39,370 | INFO | Test - Best epoch, Loss, MSE, MAE: 175, 0.00273, 0.00273, 0.03148
2025-12-22 01:46:39,370 | INFO | Test - Points (EXACT): total_masked=96963 correct=58474 right_rate=60.3055%
2025-12-22 01:46:43,777 | INFO | - Epoch 183, ExpID 13223 best_epoch=175 improved=0
2025-12-22 01:46:43,777 | INFO | Train - Loss (last batch): 0.00218
2025-12-22 01:46:43,777 | INFO | Val - Loss, MSE, MAE: 0.00287, 0.00287, 0.03235
2025-12-22 01:46:43,777 | INFO | Test - Best epoch, Loss, MSE, MAE: 175, 0.00273, 0.00273, 0.03148
2025-12-22 01:46:43,777 | INFO | Test - Points (EXACT): total_masked=96963 correct=58474 right_rate=60.3055%
2025-12-22 01:46:48,202 | INFO | - Epoch 184, ExpID 13223 best_epoch=175 improved=0
2025-12-22 01:46:48,202 | INFO | Train - Loss (last batch): 0.00212
2025-12-22 01:46:48,202 | INFO | Val - Loss, MSE, MAE: 0.00284, 0.00284, 0.03181
2025-12-22 01:46:48,202 | INFO | Test - Best epoch, Loss, MSE, MAE: 175, 0.00273, 0.00273, 0.03148
2025-12-22 01:46:48,202 | INFO | Test - Points (EXACT): total_masked=96963 correct=58474 right_rate=60.3055%
2025-12-22 01:46:52,631 | INFO | - Epoch 185, ExpID 13223 best_epoch=175 improved=0
2025-12-22 01:46:52,631 | INFO | Train - Loss (last batch): 0.00286
2025-12-22 01:46:52,631 | INFO | Val - Loss, MSE, MAE: 0.00285, 0.00285, 0.03181
2025-12-22 01:46:52,631 | INFO | Test - Best epoch, Loss, MSE, MAE: 175, 0.00273, 0.00273, 0.03148
2025-12-22 01:46:52,631 | INFO | Test - Points (EXACT): total_masked=96963 correct=58474 right_rate=60.3055%
2025-12-22 01:46:57,046 | INFO | - Epoch 186, ExpID 13223 best_epoch=175 improved=0
2025-12-22 01:46:57,047 | INFO | Train - Loss (last batch): 0.00279
2025-12-22 01:46:57,047 | INFO | Val - Loss, MSE, MAE: 0.00285, 0.00285, 0.03184
2025-12-22 01:46:57,047 | INFO | Test - Best epoch, Loss, MSE, MAE: 175, 0.00273, 0.00273, 0.03148
2025-12-22 01:46:57,047 | INFO | Test - Points (EXACT): total_masked=96963 correct=58474 right_rate=60.3055%
2025-12-22 01:47:01,470 | INFO | - Epoch 187, ExpID 13223 best_epoch=175 improved=0
2025-12-22 01:47:01,470 | INFO | Train - Loss (last batch): 0.00291
2025-12-22 01:47:01,470 | INFO | Val - Loss, MSE, MAE: 0.00286, 0.00286, 0.03204
2025-12-22 01:47:01,470 | INFO | Test - Best epoch, Loss, MSE, MAE: 175, 0.00273, 0.00273, 0.03148
2025-12-22 01:47:01,470 | INFO | Test - Points (EXACT): total_masked=96963 correct=58474 right_rate=60.3055%
2025-12-22 01:47:05,879 | INFO | - Epoch 188, ExpID 13223 best_epoch=175 improved=0
2025-12-22 01:47:05,879 | INFO | Train - Loss (last batch): 0.00228
2025-12-22 01:47:05,879 | INFO | Val - Loss, MSE, MAE: 0.00285, 0.00285, 0.03186
2025-12-22 01:47:05,879 | INFO | Test - Best epoch, Loss, MSE, MAE: 175, 0.00273, 0.00273, 0.03148
2025-12-22 01:47:05,879 | INFO | Test - Points (EXACT): total_masked=96963 correct=58474 right_rate=60.3055%
2025-12-22 01:47:10,177 | INFO | - Epoch 189, ExpID 13223 best_epoch=175 improved=0
2025-12-22 01:47:10,178 | INFO | Train - Loss (last batch): 0.00278
2025-12-22 01:47:10,178 | INFO | Val - Loss, MSE, MAE: 0.00286, 0.00286, 0.03206
2025-12-22 01:47:10,178 | INFO | Test - Best epoch, Loss, MSE, MAE: 175, 0.00273, 0.00273, 0.03148
2025-12-22 01:47:10,178 | INFO | Test - Points (EXACT): total_masked=96963 correct=58474 right_rate=60.3055%
2025-12-22 01:47:14,464 | INFO | - Epoch 190, ExpID 13223 best_epoch=175 improved=0
2025-12-22 01:47:14,464 | INFO | Train - Loss (last batch): 0.00295
2025-12-22 01:47:14,465 | INFO | Val - Loss, MSE, MAE: 0.00286, 0.00286, 0.03205
2025-12-22 01:47:14,465 | INFO | Test - Best epoch, Loss, MSE, MAE: 175, 0.00273, 0.00273, 0.03148
2025-12-22 01:47:14,465 | INFO | Test - Points (EXACT): total_masked=96963 correct=58474 right_rate=60.3055%
2025-12-22 01:47:18,893 | INFO | - Epoch 191, ExpID 13223 best_epoch=175 improved=0
2025-12-22 01:47:18,893 | INFO | Train - Loss (last batch): 0.00219
2025-12-22 01:47:18,893 | INFO | Val - Loss, MSE, MAE: 0.00285, 0.00285, 0.03199
2025-12-22 01:47:18,893 | INFO | Test - Best epoch, Loss, MSE, MAE: 175, 0.00273, 0.00273, 0.03148
2025-12-22 01:47:18,893 | INFO | Test - Points (EXACT): total_masked=96963 correct=58474 right_rate=60.3055%
2025-12-22 01:47:23,307 | INFO | - Epoch 192, ExpID 13223 best_epoch=175 improved=0
2025-12-22 01:47:23,307 | INFO | Train - Loss (last batch): 0.00240
2025-12-22 01:47:23,307 | INFO | Val - Loss, MSE, MAE: 0.00287, 0.00287, 0.03221
2025-12-22 01:47:23,307 | INFO | Test - Best epoch, Loss, MSE, MAE: 175, 0.00273, 0.00273, 0.03148
2025-12-22 01:47:23,307 | INFO | Test - Points (EXACT): total_masked=96963 correct=58474 right_rate=60.3055%
2025-12-22 01:47:27,719 | INFO | - Epoch 193, ExpID 13223 best_epoch=175 improved=0
2025-12-22 01:47:27,719 | INFO | Train - Loss (last batch): 0.00197
2025-12-22 01:47:27,719 | INFO | Val - Loss, MSE, MAE: 0.00286, 0.00286, 0.03211
2025-12-22 01:47:27,719 | INFO | Test - Best epoch, Loss, MSE, MAE: 175, 0.00273, 0.00273, 0.03148
2025-12-22 01:47:27,719 | INFO | Test - Points (EXACT): total_masked=96963 correct=58474 right_rate=60.3055%
2025-12-22 01:47:32,674 | INFO | - Epoch 194, ExpID 13223 best_epoch=194 improved=1
2025-12-22 01:47:32,674 | INFO | Train - Loss (last batch): 0.00225
2025-12-22 01:47:32,675 | INFO | Val - Loss, MSE, MAE: 0.00284, 0.00284, 0.03175
2025-12-22 01:47:32,675 | INFO | Test - Best epoch, Loss, MSE, MAE: 194, 0.00273, 0.00273, 0.03144
2025-12-22 01:47:32,675 | INFO | Test - Points (EXACT): total_masked=96963 correct=58543 right_rate=60.3766%
2025-12-22 01:47:37,087 | INFO | - Epoch 195, ExpID 13223 best_epoch=194 improved=0
2025-12-22 01:47:37,087 | INFO | Train - Loss (last batch): 0.00202
2025-12-22 01:47:37,087 | INFO | Val - Loss, MSE, MAE: 0.00286, 0.00286, 0.03205
2025-12-22 01:47:37,087 | INFO | Test - Best epoch, Loss, MSE, MAE: 194, 0.00273, 0.00273, 0.03144
2025-12-22 01:47:37,087 | INFO | Test - Points (EXACT): total_masked=96963 correct=58543 right_rate=60.3766%
2025-12-22 01:47:41,509 | INFO | - Epoch 196, ExpID 13223 best_epoch=194 improved=0
2025-12-22 01:47:41,509 | INFO | Train - Loss (last batch): 0.00219
2025-12-22 01:47:41,509 | INFO | Val - Loss, MSE, MAE: 0.00286, 0.00286, 0.03220
2025-12-22 01:47:41,509 | INFO | Test - Best epoch, Loss, MSE, MAE: 194, 0.00273, 0.00273, 0.03144
2025-12-22 01:47:41,509 | INFO | Test - Points (EXACT): total_masked=96963 correct=58543 right_rate=60.3766%
2025-12-22 01:47:45,911 | INFO | - Epoch 197, ExpID 13223 best_epoch=194 improved=0
2025-12-22 01:47:45,911 | INFO | Train - Loss (last batch): 0.00246
2025-12-22 01:47:45,911 | INFO | Val - Loss, MSE, MAE: 0.00285, 0.00285, 0.03193
2025-12-22 01:47:45,911 | INFO | Test - Best epoch, Loss, MSE, MAE: 194, 0.00273, 0.00273, 0.03144
2025-12-22 01:47:45,911 | INFO | Test - Points (EXACT): total_masked=96963 correct=58543 right_rate=60.3766%
2025-12-22 01:47:50,332 | INFO | - Epoch 198, ExpID 13223 best_epoch=194 improved=0
2025-12-22 01:47:50,332 | INFO | Train - Loss (last batch): 0.00237
2025-12-22 01:47:50,332 | INFO | Val - Loss, MSE, MAE: 0.00286, 0.00286, 0.03210
2025-12-22 01:47:50,332 | INFO | Test - Best epoch, Loss, MSE, MAE: 194, 0.00273, 0.00273, 0.03144
2025-12-22 01:47:50,332 | INFO | Test - Points (EXACT): total_masked=96963 correct=58543 right_rate=60.3766%
2025-12-22 01:47:54,743 | INFO | - Epoch 199, ExpID 13223 best_epoch=194 improved=0
2025-12-22 01:47:54,743 | INFO | Train - Loss (last batch): 0.00222
2025-12-22 01:47:54,743 | INFO | Val - Loss, MSE, MAE: 0.00285, 0.00285, 0.03199
2025-12-22 01:47:54,743 | INFO | Test - Best epoch, Loss, MSE, MAE: 194, 0.00273, 0.00273, 0.03144
2025-12-22 01:47:54,743 | INFO | Test - Points (EXACT): total_masked=96963 correct=58543 right_rate=60.3766%
2025-12-22 01:47:59,172 | INFO | - Epoch 200, ExpID 13223 best_epoch=194 improved=0
2025-12-22 01:47:59,172 | INFO | Train - Loss (last batch): 0.00252
2025-12-22 01:47:59,172 | INFO | Val - Loss, MSE, MAE: 0.00285, 0.00285, 0.03196
2025-12-22 01:47:59,172 | INFO | Test - Best epoch, Loss, MSE, MAE: 194, 0.00273, 0.00273, 0.03144
2025-12-22 01:47:59,172 | INFO | Test - Points (EXACT): total_masked=96963 correct=58543 right_rate=60.3766%
2025-12-22 01:48:03,585 | INFO | - Epoch 201, ExpID 13223 best_epoch=194 improved=0
2025-12-22 01:48:03,585 | INFO | Train - Loss (last batch): 0.00240
2025-12-22 01:48:03,585 | INFO | Val - Loss, MSE, MAE: 0.00287, 0.00287, 0.03227
2025-12-22 01:48:03,585 | INFO | Test - Best epoch, Loss, MSE, MAE: 194, 0.00273, 0.00273, 0.03144
2025-12-22 01:48:03,585 | INFO | Test - Points (EXACT): total_masked=96963 correct=58543 right_rate=60.3766%
2025-12-22 01:48:07,993 | INFO | - Epoch 202, ExpID 13223 best_epoch=194 improved=0
2025-12-22 01:48:07,994 | INFO | Train - Loss (last batch): 0.00241
2025-12-22 01:48:07,994 | INFO | Val - Loss, MSE, MAE: 0.00286, 0.00286, 0.03201
2025-12-22 01:48:07,994 | INFO | Test - Best epoch, Loss, MSE, MAE: 194, 0.00273, 0.00273, 0.03144
2025-12-22 01:48:07,994 | INFO | Test - Points (EXACT): total_masked=96963 correct=58543 right_rate=60.3766%
2025-12-22 01:48:12,406 | INFO | - Epoch 203, ExpID 13223 best_epoch=194 improved=0
2025-12-22 01:48:12,406 | INFO | Train - Loss (last batch): 0.00275
2025-12-22 01:48:12,406 | INFO | Val - Loss, MSE, MAE: 0.00285, 0.00285, 0.03192
2025-12-22 01:48:12,406 | INFO | Test - Best epoch, Loss, MSE, MAE: 194, 0.00273, 0.00273, 0.03144
2025-12-22 01:48:12,406 | INFO | Test - Points (EXACT): total_masked=96963 correct=58543 right_rate=60.3766%
2025-12-22 01:48:16,835 | INFO | - Epoch 204, ExpID 13223 best_epoch=194 improved=0
2025-12-22 01:48:16,836 | INFO | Train - Loss (last batch): 0.00226
2025-12-22 01:48:16,836 | INFO | Val - Loss, MSE, MAE: 0.00285, 0.00285, 0.03203
2025-12-22 01:48:16,836 | INFO | Test - Best epoch, Loss, MSE, MAE: 194, 0.00273, 0.00273, 0.03144
2025-12-22 01:48:16,836 | INFO | Test - Points (EXACT): total_masked=96963 correct=58543 right_rate=60.3766%
2025-12-22 01:48:21,254 | INFO | - Epoch 205, ExpID 13223 best_epoch=194 improved=0
2025-12-22 01:48:21,254 | INFO | Train - Loss (last batch): 0.00179
2025-12-22 01:48:21,254 | INFO | Val - Loss, MSE, MAE: 0.00285, 0.00285, 0.03202
2025-12-22 01:48:21,254 | INFO | Test - Best epoch, Loss, MSE, MAE: 194, 0.00273, 0.00273, 0.03144
2025-12-22 01:48:21,254 | INFO | Test - Points (EXACT): total_masked=96963 correct=58543 right_rate=60.3766%
2025-12-22 01:48:25,673 | INFO | - Epoch 206, ExpID 13223 best_epoch=194 improved=0
2025-12-22 01:48:25,673 | INFO | Train - Loss (last batch): 0.00266
2025-12-22 01:48:25,673 | INFO | Val - Loss, MSE, MAE: 0.00286, 0.00286, 0.03217
2025-12-22 01:48:25,673 | INFO | Test - Best epoch, Loss, MSE, MAE: 194, 0.00273, 0.00273, 0.03144
2025-12-22 01:48:25,673 | INFO | Test - Points (EXACT): total_masked=96963 correct=58543 right_rate=60.3766%
2025-12-22 01:48:30,088 | INFO | - Epoch 207, ExpID 13223 best_epoch=194 improved=0
2025-12-22 01:48:30,088 | INFO | Train - Loss (last batch): 0.00277
2025-12-22 01:48:30,088 | INFO | Val - Loss, MSE, MAE: 0.00285, 0.00285, 0.03199
2025-12-22 01:48:30,088 | INFO | Test - Best epoch, Loss, MSE, MAE: 194, 0.00273, 0.00273, 0.03144
2025-12-22 01:48:30,088 | INFO | Test - Points (EXACT): total_masked=96963 correct=58543 right_rate=60.3766%
2025-12-22 01:48:34,509 | INFO | - Epoch 208, ExpID 13223 best_epoch=194 improved=0
2025-12-22 01:48:34,509 | INFO | Train - Loss (last batch): 0.00311
2025-12-22 01:48:34,509 | INFO | Val - Loss, MSE, MAE: 0.00285, 0.00285, 0.03194
2025-12-22 01:48:34,509 | INFO | Test - Best epoch, Loss, MSE, MAE: 194, 0.00273, 0.00273, 0.03144
2025-12-22 01:48:34,509 | INFO | Test - Points (EXACT): total_masked=96963 correct=58543 right_rate=60.3766%
2025-12-22 01:48:38,928 | INFO | - Epoch 209, ExpID 13223 best_epoch=194 improved=0
2025-12-22 01:48:38,929 | INFO | Train - Loss (last batch): 0.00282
2025-12-22 01:48:38,929 | INFO | Val - Loss, MSE, MAE: 0.00285, 0.00285, 0.03195
2025-12-22 01:48:38,929 | INFO | Test - Best epoch, Loss, MSE, MAE: 194, 0.00273, 0.00273, 0.03144
2025-12-22 01:48:38,929 | INFO | Test - Points (EXACT): total_masked=96963 correct=58543 right_rate=60.3766%
2025-12-22 01:48:43,343 | INFO | - Epoch 210, ExpID 13223 best_epoch=194 improved=0
2025-12-22 01:48:43,343 | INFO | Train - Loss (last batch): 0.00192
2025-12-22 01:48:43,343 | INFO | Val - Loss, MSE, MAE: 0.00286, 0.00286, 0.03211
2025-12-22 01:48:43,344 | INFO | Test - Best epoch, Loss, MSE, MAE: 194, 0.00273, 0.00273, 0.03144
2025-12-22 01:48:43,344 | INFO | Test - Points (EXACT): total_masked=96963 correct=58543 right_rate=60.3766%
2025-12-22 01:48:47,751 | INFO | - Epoch 211, ExpID 13223 best_epoch=194 improved=0
2025-12-22 01:48:47,751 | INFO | Train - Loss (last batch): 0.00305
2025-12-22 01:48:47,751 | INFO | Val - Loss, MSE, MAE: 0.00286, 0.00286, 0.03206
2025-12-22 01:48:47,751 | INFO | Test - Best epoch, Loss, MSE, MAE: 194, 0.00273, 0.00273, 0.03144
2025-12-22 01:48:47,751 | INFO | Test - Points (EXACT): total_masked=96963 correct=58543 right_rate=60.3766%
2025-12-22 01:48:52,176 | INFO | - Epoch 212, ExpID 13223 best_epoch=194 improved=0
2025-12-22 01:48:52,176 | INFO | Train - Loss (last batch): 0.00232
2025-12-22 01:48:52,176 | INFO | Val - Loss, MSE, MAE: 0.00285, 0.00285, 0.03187
2025-12-22 01:48:52,176 | INFO | Test - Best epoch, Loss, MSE, MAE: 194, 0.00273, 0.00273, 0.03144
2025-12-22 01:48:52,176 | INFO | Test - Points (EXACT): total_masked=96963 correct=58543 right_rate=60.3766%
2025-12-22 01:48:56,585 | INFO | - Epoch 213, ExpID 13223 best_epoch=194 improved=0
2025-12-22 01:48:56,585 | INFO | Train - Loss (last batch): 0.00254
2025-12-22 01:48:56,585 | INFO | Val - Loss, MSE, MAE: 0.00285, 0.00285, 0.03182
2025-12-22 01:48:56,585 | INFO | Test - Best epoch, Loss, MSE, MAE: 194, 0.00273, 0.00273, 0.03144
2025-12-22 01:48:56,585 | INFO | Test - Points (EXACT): total_masked=96963 correct=58543 right_rate=60.3766%
2025-12-22 01:49:01,021 | INFO | - Epoch 214, ExpID 13223 best_epoch=194 improved=0
2025-12-22 01:49:01,021 | INFO | Train - Loss (last batch): 0.00200
2025-12-22 01:49:01,021 | INFO | Val - Loss, MSE, MAE: 0.00285, 0.00285, 0.03200
2025-12-22 01:49:01,021 | INFO | Test - Best epoch, Loss, MSE, MAE: 194, 0.00273, 0.00273, 0.03144
2025-12-22 01:49:01,021 | INFO | Test - Points (EXACT): total_masked=96963 correct=58543 right_rate=60.3766%
2025-12-22 01:49:05,439 | INFO | - Epoch 215, ExpID 13223 best_epoch=194 improved=0
2025-12-22 01:49:05,440 | INFO | Train - Loss (last batch): 0.00265
2025-12-22 01:49:05,440 | INFO | Val - Loss, MSE, MAE: 0.00285, 0.00285, 0.03188
2025-12-22 01:49:05,440 | INFO | Test - Best epoch, Loss, MSE, MAE: 194, 0.00273, 0.00273, 0.03144
2025-12-22 01:49:05,440 | INFO | Test - Points (EXACT): total_masked=96963 correct=58543 right_rate=60.3766%
2025-12-22 01:49:09,854 | INFO | - Epoch 216, ExpID 13223 best_epoch=194 improved=0
2025-12-22 01:49:09,854 | INFO | Train - Loss (last batch): 0.00241
2025-12-22 01:49:09,854 | INFO | Val - Loss, MSE, MAE: 0.00285, 0.00285, 0.03193
2025-12-22 01:49:09,854 | INFO | Test - Best epoch, Loss, MSE, MAE: 194, 0.00273, 0.00273, 0.03144
2025-12-22 01:49:09,854 | INFO | Test - Points (EXACT): total_masked=96963 correct=58543 right_rate=60.3766%
2025-12-22 01:49:14,277 | INFO | - Epoch 217, ExpID 13223 best_epoch=194 improved=0
2025-12-22 01:49:14,277 | INFO | Train - Loss (last batch): 0.00286
2025-12-22 01:49:14,277 | INFO | Val - Loss, MSE, MAE: 0.00285, 0.00285, 0.03192
2025-12-22 01:49:14,277 | INFO | Test - Best epoch, Loss, MSE, MAE: 194, 0.00273, 0.00273, 0.03144
2025-12-22 01:49:14,277 | INFO | Test - Points (EXACT): total_masked=96963 correct=58543 right_rate=60.3766%
2025-12-22 01:49:18,702 | INFO | - Epoch 218, ExpID 13223 best_epoch=194 improved=0
2025-12-22 01:49:18,702 | INFO | Train - Loss (last batch): 0.00309
2025-12-22 01:49:18,702 | INFO | Val - Loss, MSE, MAE: 0.00285, 0.00285, 0.03188
2025-12-22 01:49:18,702 | INFO | Test - Best epoch, Loss, MSE, MAE: 194, 0.00273, 0.00273, 0.03144
2025-12-22 01:49:18,702 | INFO | Test - Points (EXACT): total_masked=96963 correct=58543 right_rate=60.3766%
2025-12-22 01:49:23,136 | INFO | - Epoch 219, ExpID 13223 best_epoch=194 improved=0
2025-12-22 01:49:23,136 | INFO | Train - Loss (last batch): 0.00309
2025-12-22 01:49:23,136 | INFO | Val - Loss, MSE, MAE: 0.00285, 0.00285, 0.03196
2025-12-22 01:49:23,136 | INFO | Test - Best epoch, Loss, MSE, MAE: 194, 0.00273, 0.00273, 0.03144
2025-12-22 01:49:23,136 | INFO | Test - Points (EXACT): total_masked=96963 correct=58543 right_rate=60.3766%
2025-12-22 01:49:27,553 | INFO | - Epoch 220, ExpID 13223 best_epoch=194 improved=0
2025-12-22 01:49:27,553 | INFO | Train - Loss (last batch): 0.00360
2025-12-22 01:49:27,553 | INFO | Val - Loss, MSE, MAE: 0.00286, 0.00286, 0.03213
2025-12-22 01:49:27,553 | INFO | Test - Best epoch, Loss, MSE, MAE: 194, 0.00273, 0.00273, 0.03144
2025-12-22 01:49:27,553 | INFO | Test - Points (EXACT): total_masked=96963 correct=58543 right_rate=60.3766%
2025-12-22 01:49:31,973 | INFO | - Epoch 221, ExpID 13223 best_epoch=194 improved=0
2025-12-22 01:49:31,974 | INFO | Train - Loss (last batch): 0.00397
2025-12-22 01:49:31,974 | INFO | Val - Loss, MSE, MAE: 0.00285, 0.00285, 0.03189
2025-12-22 01:49:31,974 | INFO | Test - Best epoch, Loss, MSE, MAE: 194, 0.00273, 0.00273, 0.03144
2025-12-22 01:49:31,974 | INFO | Test - Points (EXACT): total_masked=96963 correct=58543 right_rate=60.3766%
2025-12-22 01:49:36,382 | INFO | - Epoch 222, ExpID 13223 best_epoch=194 improved=0
2025-12-22 01:49:36,382 | INFO | Train - Loss (last batch): 0.00250
2025-12-22 01:49:36,382 | INFO | Val - Loss, MSE, MAE: 0.00285, 0.00285, 0.03185
2025-12-22 01:49:36,382 | INFO | Test - Best epoch, Loss, MSE, MAE: 194, 0.00273, 0.00273, 0.03144
2025-12-22 01:49:36,383 | INFO | Test - Points (EXACT): total_masked=96963 correct=58543 right_rate=60.3766%
2025-12-22 01:49:40,800 | INFO | - Epoch 223, ExpID 13223 best_epoch=194 improved=0
2025-12-22 01:49:40,800 | INFO | Train - Loss (last batch): 0.00227
2025-12-22 01:49:40,800 | INFO | Val - Loss, MSE, MAE: 0.00286, 0.00286, 0.03209
2025-12-22 01:49:40,800 | INFO | Test - Best epoch, Loss, MSE, MAE: 194, 0.00273, 0.00273, 0.03144
2025-12-22 01:49:40,800 | INFO | Test - Points (EXACT): total_masked=96963 correct=58543 right_rate=60.3766%
2025-12-22 01:49:45,220 | INFO | - Epoch 224, ExpID 13223 best_epoch=194 improved=0
2025-12-22 01:49:45,221 | INFO | Train - Loss (last batch): 0.00315
2025-12-22 01:49:45,221 | INFO | Val - Loss, MSE, MAE: 0.00286, 0.00286, 0.03213
2025-12-22 01:49:45,221 | INFO | Test - Best epoch, Loss, MSE, MAE: 194, 0.00273, 0.00273, 0.03144
2025-12-22 01:49:45,221 | INFO | Test - Points (EXACT): total_masked=96963 correct=58543 right_rate=60.3766%
2025-12-22 01:49:49,639 | INFO | - Epoch 225, ExpID 13223 best_epoch=194 improved=0
2025-12-22 01:49:49,639 | INFO | Train - Loss (last batch): 0.00266
2025-12-22 01:49:49,639 | INFO | Val - Loss, MSE, MAE: 0.00285, 0.00285, 0.03204
2025-12-22 01:49:49,639 | INFO | Test - Best epoch, Loss, MSE, MAE: 194, 0.00273, 0.00273, 0.03144
2025-12-22 01:49:49,639 | INFO | Test - Points (EXACT): total_masked=96963 correct=58543 right_rate=60.3766%
2025-12-22 01:49:54,063 | INFO | - Epoch 226, ExpID 13223 best_epoch=194 improved=0
2025-12-22 01:49:54,063 | INFO | Train - Loss (last batch): 0.00285
2025-12-22 01:49:54,063 | INFO | Val - Loss, MSE, MAE: 0.00285, 0.00285, 0.03184
2025-12-22 01:49:54,064 | INFO | Test - Best epoch, Loss, MSE, MAE: 194, 0.00273, 0.00273, 0.03144
2025-12-22 01:49:54,064 | INFO | Test - Points (EXACT): total_masked=96963 correct=58543 right_rate=60.3766%
2025-12-22 01:49:58,470 | INFO | - Epoch 227, ExpID 13223 best_epoch=194 improved=0
2025-12-22 01:49:58,470 | INFO | Train - Loss (last batch): 0.00222
2025-12-22 01:49:58,470 | INFO | Val - Loss, MSE, MAE: 0.00286, 0.00286, 0.03211
2025-12-22 01:49:58,470 | INFO | Test - Best epoch, Loss, MSE, MAE: 194, 0.00273, 0.00273, 0.03144
2025-12-22 01:49:58,470 | INFO | Test - Points (EXACT): total_masked=96963 correct=58543 right_rate=60.3766%
2025-12-22 01:50:02,883 | INFO | - Epoch 228, ExpID 13223 best_epoch=194 improved=0
2025-12-22 01:50:02,883 | INFO | Train - Loss (last batch): 0.00248
2025-12-22 01:50:02,883 | INFO | Val - Loss, MSE, MAE: 0.00285, 0.00285, 0.03191
2025-12-22 01:50:02,883 | INFO | Test - Best epoch, Loss, MSE, MAE: 194, 0.00273, 0.00273, 0.03144
2025-12-22 01:50:02,883 | INFO | Test - Points (EXACT): total_masked=96963 correct=58543 right_rate=60.3766%
2025-12-22 01:50:07,297 | INFO | - Epoch 229, ExpID 13223 best_epoch=194 improved=0
2025-12-22 01:50:07,297 | INFO | Train - Loss (last batch): 0.00302
2025-12-22 01:50:07,297 | INFO | Val - Loss, MSE, MAE: 0.00285, 0.00285, 0.03190
2025-12-22 01:50:07,297 | INFO | Test - Best epoch, Loss, MSE, MAE: 194, 0.00273, 0.00273, 0.03144
2025-12-22 01:50:07,297 | INFO | Test - Points (EXACT): total_masked=96963 correct=58543 right_rate=60.3766%
2025-12-22 01:50:11,702 | INFO | - Epoch 230, ExpID 13223 best_epoch=194 improved=0
2025-12-22 01:50:11,702 | INFO | Train - Loss (last batch): 0.00253
2025-12-22 01:50:11,702 | INFO | Val - Loss, MSE, MAE: 0.00285, 0.00285, 0.03204
2025-12-22 01:50:11,702 | INFO | Test - Best epoch, Loss, MSE, MAE: 194, 0.00273, 0.00273, 0.03144
2025-12-22 01:50:11,702 | INFO | Test - Points (EXACT): total_masked=96963 correct=58543 right_rate=60.3766%
2025-12-22 01:50:16,116 | INFO | - Epoch 231, ExpID 13223 best_epoch=194 improved=0
2025-12-22 01:50:16,117 | INFO | Train - Loss (last batch): 0.00206
2025-12-22 01:50:16,117 | INFO | Val - Loss, MSE, MAE: 0.00286, 0.00286, 0.03206
2025-12-22 01:50:16,117 | INFO | Test - Best epoch, Loss, MSE, MAE: 194, 0.00273, 0.00273, 0.03144
2025-12-22 01:50:16,117 | INFO | Test - Points (EXACT): total_masked=96963 correct=58543 right_rate=60.3766%
2025-12-22 01:50:20,523 | INFO | - Epoch 232, ExpID 13223 best_epoch=194 improved=0
2025-12-22 01:50:20,523 | INFO | Train - Loss (last batch): 0.00243
2025-12-22 01:50:20,523 | INFO | Val - Loss, MSE, MAE: 0.00286, 0.00286, 0.03205
2025-12-22 01:50:20,523 | INFO | Test - Best epoch, Loss, MSE, MAE: 194, 0.00273, 0.00273, 0.03144
2025-12-22 01:50:20,523 | INFO | Test - Points (EXACT): total_masked=96963 correct=58543 right_rate=60.3766%
2025-12-22 01:50:24,932 | INFO | - Epoch 233, ExpID 13223 best_epoch=194 improved=0
2025-12-22 01:50:24,932 | INFO | Train - Loss (last batch): 0.00230
2025-12-22 01:50:24,932 | INFO | Val - Loss, MSE, MAE: 0.00285, 0.00285, 0.03202
2025-12-22 01:50:24,932 | INFO | Test - Best epoch, Loss, MSE, MAE: 194, 0.00273, 0.00273, 0.03144
2025-12-22 01:50:24,932 | INFO | Test - Points (EXACT): total_masked=96963 correct=58543 right_rate=60.3766%
2025-12-22 01:50:29,355 | INFO | - Epoch 234, ExpID 13223 best_epoch=194 improved=0
2025-12-22 01:50:29,355 | INFO | Train - Loss (last batch): 0.00272
2025-12-22 01:50:29,355 | INFO | Val - Loss, MSE, MAE: 0.00285, 0.00285, 0.03197
2025-12-22 01:50:29,355 | INFO | Test - Best epoch, Loss, MSE, MAE: 194, 0.00273, 0.00273, 0.03144
2025-12-22 01:50:29,355 | INFO | Test - Points (EXACT): total_masked=96963 correct=58543 right_rate=60.3766%
