2025-12-22 01:31:15,271 | INFO | TOP_ERR | split=test epoch=0 rank=1/10 b=37 t=28 var_idx=6 tp=1.313000 y_true=0.992233 y_pred=0.121453 diff=-0.870780 abs_err=0.870780
2025-12-22 01:31:15,272 | INFO | TOP_ERR | split=test epoch=0 rank=2/10 b=17 t=6 var_idx=8 tp=1.063000 y_true=0.996759 y_pred=0.154541 diff=-0.842218 abs_err=0.842218
2025-12-22 01:31:15,272 | INFO | TOP_ERR | split=test epoch=0 rank=3/10 b=17 t=2 var_idx=8 tp=1.027000 y_true=0.996743 y_pred=0.154715 diff=-0.842028 abs_err=0.842028
2025-12-22 01:31:15,272 | INFO | TOP_ERR | split=test epoch=0 rank=4/10 b=51 t=26 var_idx=6 tp=1.329000 y_true=0.920993 y_pred=0.120881 diff=-0.800112 abs_err=0.800112
2025-12-22 01:31:15,272 | INFO | TOP_ERR | split=test epoch=0 rank=5/10 b=38 t=6 var_idx=6 tp=1.088000 y_true=0.919100 y_pred=0.125747 diff=-0.793353 abs_err=0.793353
2025-12-22 01:31:15,272 | INFO | TOP_ERR | split=test epoch=0 rank=6/10 b=38 t=16 var_idx=6 tp=1.196000 y_true=0.916062 y_pred=0.123501 diff=-0.792561 abs_err=0.792561
2025-12-22 01:31:15,272 | INFO | TOP_ERR | split=test epoch=0 rank=7/10 b=48 t=9 var_idx=6 tp=1.106333 y_true=0.913059 y_pred=0.125518 diff=-0.787540 abs_err=0.787540
2025-12-22 01:31:15,272 | INFO | TOP_ERR | split=test epoch=0 rank=8/10 b=52 t=1 var_idx=6 tp=1.031667 y_true=0.908828 y_pred=0.126582 diff=-0.782246 abs_err=0.782246
2025-12-22 01:31:15,272 | INFO | TOP_ERR | split=test epoch=0 rank=9/10 b=51 t=8 var_idx=9 tp=1.085667 y_true=0.918792 y_pred=0.142583 diff=-0.776209 abs_err=0.776209
2025-12-22 01:31:15,273 | INFO | TOP_ERR | split=test epoch=0 rank=10/10 b=54 t=9 var_idx=6 tp=1.121667 y_true=0.898450 y_pred=0.125085 diff=-0.773364 abs_err=0.773364
2025-12-22 01:31:15,273 | INFO | TOP_BEST | split=test epoch=0 rank=1/3 b=42 t=23 var_idx=7 tp=1.268333 y_true=0.195090 y_pred=0.199722 diff=0.004633 abs_err=0.004633
2025-12-22 01:31:15,273 | INFO | TOP_BEST | split=test epoch=0 rank=2/3 b=54 t=18 var_idx=7 tp=1.230000 y_true=0.194296 y_pred=0.199354 diff=0.005059 abs_err=0.005059
2025-12-22 01:31:15,273 | INFO | TOP_BEST | split=test epoch=0 rank=3/3 b=49 t=7 var_idx=10 tp=1.106333 y_true=0.209475 y_pred=0.216521 diff=0.007046 abs_err=0.007046
2025-12-22 01:31:15,273 | INFO | TOP_OK | split=test epoch=0 none_found (no exact matches)
2025-12-22 01:31:19,864 | INFO | TOP_ERR | split=test epoch=1 rank=1/10 b=17 t=6 var_idx=6 tp=1.063000 y_true=0.053281 y_pred=0.602518 diff=0.549237 abs_err=0.549237
2025-12-22 01:31:19,865 | INFO | TOP_ERR | split=test epoch=1 rank=2/10 b=17 t=2 var_idx=6 tp=1.027000 y_true=0.054539 y_pred=0.603492 diff=0.548954 abs_err=0.548954
2025-12-22 01:31:19,865 | INFO | TOP_ERR | split=test epoch=1 rank=3/10 b=63 t=25 var_idx=9 tp=1.266333 y_true=0.174672 y_pred=0.590868 diff=0.416196 abs_err=0.416196
2025-12-22 01:31:19,865 | INFO | TOP_ERR | split=test epoch=1 rank=4/10 b=37 t=28 var_idx=6 tp=1.313000 y_true=0.992233 y_pred=0.592621 diff=-0.399612 abs_err=0.399612
2025-12-22 01:31:19,865 | INFO | TOP_ERR | split=test epoch=1 rank=5/10 b=55 t=1 var_idx=11 tp=1.013667 y_true=0.160785 y_pred=0.559610 diff=0.398825 abs_err=0.398825
2025-12-22 01:31:19,865 | INFO | TOP_ERR | split=test epoch=1 rank=6/10 b=17 t=6 var_idx=7 tp=1.063000 y_true=0.869900 y_pred=0.474492 diff=-0.395408 abs_err=0.395408
2025-12-22 01:31:19,865 | INFO | TOP_ERR | split=test epoch=1 rank=7/10 b=17 t=2 var_idx=7 tp=1.027000 y_true=0.869051 y_pred=0.475574 diff=-0.393477 abs_err=0.393477
2025-12-22 01:31:19,865 | INFO | TOP_ERR | split=test epoch=1 rank=8/10 b=17 t=6 var_idx=8 tp=1.063000 y_true=0.996759 y_pred=0.617216 diff=-0.379543 abs_err=0.379543
2025-12-22 01:31:19,865 | INFO | TOP_ERR | split=test epoch=1 rank=9/10 b=17 t=2 var_idx=8 tp=1.027000 y_true=0.996743 y_pred=0.617463 diff=-0.379280 abs_err=0.379280
2025-12-22 01:31:19,865 | INFO | TOP_ERR | split=test epoch=1 rank=10/10 b=63 t=31 var_idx=6 tp=1.329333 y_true=0.235266 y_pred=0.587937 diff=0.352671 abs_err=0.352671
2025-12-22 01:31:19,866 | INFO | TOP_BEST | split=test epoch=1 rank=1/3 b=8 t=0 var_idx=4 tp=1.004000 y_true=0.511403 y_pred=0.511402 diff=-0.000001 abs_err=0.000001
2025-12-22 01:31:19,866 | INFO | TOP_BEST | split=test epoch=1 rank=2/3 b=62 t=12 var_idx=7 tp=1.158000 y_true=0.472518 y_pred=0.472501 diff=-0.000016 abs_err=0.000016
2025-12-22 01:31:19,866 | INFO | TOP_BEST | split=test epoch=1 rank=3/3 b=12 t=13 var_idx=0 tp=1.157333 y_true=0.559104 y_pred=0.559143 diff=0.000039 abs_err=0.000039
2025-12-22 01:31:19,866 | INFO | TOP_OK | split=test epoch=1 none_found (no exact matches)
2025-12-22 01:31:24,447 | INFO | TOP_ERR | split=test epoch=2 rank=1/10 b=17 t=6 var_idx=6 tp=1.063000 y_true=0.053281 y_pred=0.655148 diff=0.601867 abs_err=0.601867
2025-12-22 01:31:24,447 | INFO | TOP_ERR | split=test epoch=2 rank=2/10 b=17 t=2 var_idx=6 tp=1.027000 y_true=0.054539 y_pred=0.655438 diff=0.600899 abs_err=0.600899
2025-12-22 01:31:24,448 | INFO | TOP_ERR | split=test epoch=2 rank=3/10 b=17 t=6 var_idx=8 tp=1.063000 y_true=0.996759 y_pred=0.602922 diff=-0.393836 abs_err=0.393836
2025-12-22 01:31:24,448 | INFO | TOP_ERR | split=test epoch=2 rank=4/10 b=17 t=2 var_idx=8 tp=1.027000 y_true=0.996743 y_pred=0.603395 diff=-0.393348 abs_err=0.393348
2025-12-22 01:31:24,448 | INFO | TOP_ERR | split=test epoch=2 rank=5/10 b=17 t=6 var_idx=7 tp=1.063000 y_true=0.869900 y_pred=0.476733 diff=-0.393167 abs_err=0.393167
2025-12-22 01:31:24,448 | INFO | TOP_ERR | split=test epoch=2 rank=6/10 b=55 t=1 var_idx=11 tp=1.013667 y_true=0.160785 y_pred=0.551841 diff=0.391056 abs_err=0.391056
2025-12-22 01:31:24,448 | INFO | TOP_ERR | split=test epoch=2 rank=7/10 b=17 t=2 var_idx=7 tp=1.027000 y_true=0.869051 y_pred=0.478025 diff=-0.391026 abs_err=0.391026
2025-12-22 01:31:24,448 | INFO | TOP_ERR | split=test epoch=2 rank=8/10 b=63 t=25 var_idx=9 tp=1.266333 y_true=0.174672 y_pred=0.548501 diff=0.373829 abs_err=0.373829
2025-12-22 01:31:24,448 | INFO | TOP_ERR | split=test epoch=2 rank=9/10 b=37 t=28 var_idx=6 tp=1.313000 y_true=0.992233 y_pred=0.619135 diff=-0.373098 abs_err=0.373098
2025-12-22 01:31:24,448 | INFO | TOP_ERR | split=test epoch=2 rank=10/10 b=37 t=28 var_idx=7 tp=1.313000 y_true=0.136750 y_pred=0.488386 diff=0.351637 abs_err=0.351637
2025-12-22 01:31:24,449 | INFO | TOP_BEST | split=test epoch=2 rank=1/3 b=8 t=30 var_idx=10 tp=1.319333 y_true=0.475528 y_pred=0.475537 diff=0.000008 abs_err=0.000008
2025-12-22 01:31:24,449 | INFO | TOP_BEST | split=test epoch=2 rank=2/3 b=31 t=9 var_idx=9 tp=1.126667 y_true=0.537999 y_pred=0.538015 diff=0.000016 abs_err=0.000016
2025-12-22 01:31:24,449 | INFO | TOP_BEST | split=test epoch=2 rank=3/3 b=58 t=7 var_idx=7 tp=1.086000 y_true=0.454086 y_pred=0.454051 diff=-0.000035 abs_err=0.000035
2025-12-22 01:31:24,449 | INFO | TOP_OK | split=test epoch=2 none_found (no exact matches)
2025-12-22 01:31:29,039 | INFO | TOP_ERR | split=test epoch=3 rank=1/10 b=17 t=6 var_idx=6 tp=1.063000 y_true=0.053281 y_pred=0.657513 diff=0.604232 abs_err=0.604232
2025-12-22 01:31:29,039 | INFO | TOP_ERR | split=test epoch=3 rank=2/10 b=17 t=2 var_idx=6 tp=1.027000 y_true=0.054539 y_pred=0.658028 diff=0.603489 abs_err=0.603489
2025-12-22 01:31:29,039 | INFO | TOP_ERR | split=test epoch=3 rank=3/10 b=17 t=6 var_idx=7 tp=1.063000 y_true=0.869900 y_pred=0.373072 diff=-0.496827 abs_err=0.496827
2025-12-22 01:31:29,039 | INFO | TOP_ERR | split=test epoch=3 rank=4/10 b=17 t=2 var_idx=7 tp=1.027000 y_true=0.869051 y_pred=0.373937 diff=-0.495114 abs_err=0.495114
2025-12-22 01:31:29,040 | INFO | TOP_ERR | split=test epoch=3 rank=5/10 b=31 t=11 var_idx=3 tp=1.144667 y_true=0.259034 y_pred=0.655932 diff=0.396898 abs_err=0.396898
2025-12-22 01:31:29,040 | INFO | TOP_ERR | split=test epoch=3 rank=6/10 b=55 t=1 var_idx=11 tp=1.013667 y_true=0.160785 y_pred=0.535827 diff=0.375042 abs_err=0.375042
2025-12-22 01:31:29,040 | INFO | TOP_ERR | split=test epoch=3 rank=7/10 b=17 t=6 var_idx=8 tp=1.063000 y_true=0.996759 y_pred=0.628900 diff=-0.367859 abs_err=0.367859
2025-12-22 01:31:29,040 | INFO | TOP_ERR | split=test epoch=3 rank=8/10 b=17 t=2 var_idx=8 tp=1.027000 y_true=0.996743 y_pred=0.629373 diff=-0.367370 abs_err=0.367370
2025-12-22 01:31:29,040 | INFO | TOP_ERR | split=test epoch=3 rank=9/10 b=37 t=28 var_idx=6 tp=1.313000 y_true=0.992233 y_pred=0.636550 diff=-0.355683 abs_err=0.355683
2025-12-22 01:31:29,040 | INFO | TOP_ERR | split=test epoch=3 rank=10/10 b=63 t=25 var_idx=9 tp=1.266333 y_true=0.174672 y_pred=0.529432 diff=0.354760 abs_err=0.354760
2025-12-22 01:31:29,041 | INFO | TOP_BEST | split=test epoch=3 rank=1/3 b=28 t=15 var_idx=11 tp=1.153667 y_true=0.585643 y_pred=0.585687 diff=0.000044 abs_err=0.000044
2025-12-22 01:31:29,041 | INFO | TOP_BEST | split=test epoch=3 rank=2/3 b=18 t=4 var_idx=0 tp=1.036000 y_true=0.551875 y_pred=0.551931 diff=0.000056 abs_err=0.000056
2025-12-22 01:31:29,041 | INFO | TOP_BEST | split=test epoch=3 rank=3/3 b=36 t=27 var_idx=11 tp=1.295000 y_true=0.587831 y_pred=0.587914 diff=0.000082 abs_err=0.000082
2025-12-22 01:31:29,041 | INFO | TOP_OK | split=test epoch=3 none_found (no exact matches)
2025-12-22 01:31:33,635 | INFO | TOP_ERR | split=test epoch=4 rank=1/10 b=17 t=6 var_idx=6 tp=1.063000 y_true=0.053281 y_pred=0.706106 diff=0.652825 abs_err=0.652825
2025-12-22 01:31:33,635 | INFO | TOP_ERR | split=test epoch=4 rank=2/10 b=17 t=2 var_idx=6 tp=1.027000 y_true=0.054539 y_pred=0.706387 diff=0.651848 abs_err=0.651848
2025-12-22 01:31:33,635 | INFO | TOP_ERR | split=test epoch=4 rank=3/10 b=17 t=6 var_idx=7 tp=1.063000 y_true=0.869900 y_pred=0.367502 diff=-0.502398 abs_err=0.502398
2025-12-22 01:31:33,635 | INFO | TOP_ERR | split=test epoch=4 rank=4/10 b=17 t=2 var_idx=7 tp=1.027000 y_true=0.869051 y_pred=0.368167 diff=-0.500884 abs_err=0.500884
2025-12-22 01:31:33,635 | INFO | TOP_ERR | split=test epoch=4 rank=5/10 b=31 t=11 var_idx=3 tp=1.144667 y_true=0.259034 y_pred=0.657136 diff=0.398102 abs_err=0.398102
2025-12-22 01:31:33,635 | INFO | TOP_ERR | split=test epoch=4 rank=6/10 b=17 t=6 var_idx=8 tp=1.063000 y_true=0.996759 y_pred=0.608765 diff=-0.387994 abs_err=0.387994
2025-12-22 01:31:33,636 | INFO | TOP_ERR | split=test epoch=4 rank=7/10 b=17 t=2 var_idx=8 tp=1.027000 y_true=0.996743 y_pred=0.609231 diff=-0.387512 abs_err=0.387512
2025-12-22 01:31:33,636 | INFO | TOP_ERR | split=test epoch=4 rank=8/10 b=55 t=1 var_idx=11 tp=1.013667 y_true=0.160785 y_pred=0.526468 diff=0.365683 abs_err=0.365683
2025-12-22 01:31:33,636 | INFO | TOP_ERR | split=test epoch=4 rank=9/10 b=10 t=22 var_idx=10 tp=1.265333 y_true=0.166149 y_pred=0.514414 diff=0.348265 abs_err=0.348265
2025-12-22 01:31:33,636 | INFO | TOP_ERR | split=test epoch=4 rank=10/10 b=31 t=11 var_idx=4 tp=1.144667 y_true=0.237305 y_pred=0.583518 diff=0.346213 abs_err=0.346213
2025-12-22 01:31:33,636 | INFO | TOP_BEST | split=test epoch=4 rank=1/3 b=2 t=16 var_idx=8 tp=1.187000 y_true=0.477069 y_pred=0.477080 diff=0.000011 abs_err=0.000011
2025-12-22 01:31:33,637 | INFO | TOP_BEST | split=test epoch=4 rank=2/3 b=2 t=12 var_idx=1 tp=1.142000 y_true=0.452773 y_pred=0.452762 diff=-0.000011 abs_err=0.000011
2025-12-22 01:31:33,637 | INFO | TOP_BEST | split=test epoch=4 rank=3/3 b=46 t=17 var_idx=4 tp=1.187333 y_true=0.360312 y_pred=0.360300 diff=-0.000011 abs_err=0.000011
2025-12-22 01:31:33,637 | INFO | TOP_OK | split=test epoch=4 none_found (no exact matches)
2025-12-22 01:31:38,230 | INFO | TOP_ERR | split=test epoch=5 rank=1/10 b=17 t=6 var_idx=6 tp=1.063000 y_true=0.053281 y_pred=0.710479 diff=0.657198 abs_err=0.657198
2025-12-22 01:31:38,231 | INFO | TOP_ERR | split=test epoch=5 rank=2/10 b=17 t=2 var_idx=6 tp=1.027000 y_true=0.054539 y_pred=0.710945 diff=0.656406 abs_err=0.656406
2025-12-22 01:31:38,231 | INFO | TOP_ERR | split=test epoch=5 rank=3/10 b=17 t=6 var_idx=7 tp=1.063000 y_true=0.869900 y_pred=0.387433 diff=-0.482466 abs_err=0.482466
2025-12-22 01:31:38,231 | INFO | TOP_ERR | split=test epoch=5 rank=4/10 b=17 t=2 var_idx=7 tp=1.027000 y_true=0.869051 y_pred=0.388109 diff=-0.480942 abs_err=0.480942
2025-12-22 01:31:38,231 | INFO | TOP_ERR | split=test epoch=5 rank=5/10 b=31 t=11 var_idx=3 tp=1.144667 y_true=0.259034 y_pred=0.659929 diff=0.400894 abs_err=0.400894
2025-12-22 01:31:38,231 | INFO | TOP_ERR | split=test epoch=5 rank=6/10 b=55 t=1 var_idx=11 tp=1.013667 y_true=0.160785 y_pred=0.541919 diff=0.381135 abs_err=0.381135
2025-12-22 01:31:38,231 | INFO | TOP_ERR | split=test epoch=5 rank=7/10 b=55 t=1 var_idx=9 tp=1.013667 y_true=0.507220 y_pred=0.888012 diff=0.380792 abs_err=0.380792
2025-12-22 01:31:38,231 | INFO | TOP_ERR | split=test epoch=5 rank=8/10 b=55 t=4 var_idx=9 tp=1.049667 y_true=0.505953 y_pred=0.886707 diff=0.380754 abs_err=0.380754
2025-12-22 01:31:38,231 | INFO | TOP_ERR | split=test epoch=5 rank=9/10 b=17 t=6 var_idx=8 tp=1.063000 y_true=0.996759 y_pred=0.635955 diff=-0.360804 abs_err=0.360804
2025-12-22 01:31:38,231 | INFO | TOP_ERR | split=test epoch=5 rank=10/10 b=17 t=2 var_idx=8 tp=1.027000 y_true=0.996743 y_pred=0.636468 diff=-0.360275 abs_err=0.360275
2025-12-22 01:31:38,232 | INFO | TOP_BEST | split=test epoch=5 rank=1/3 b=36 t=9 var_idx=7 tp=1.106000 y_true=0.512396 y_pred=0.512391 diff=-0.000005 abs_err=0.000005
2025-12-22 01:31:38,232 | INFO | TOP_BEST | split=test epoch=5 rank=2/3 b=31 t=9 var_idx=11 tp=1.126667 y_true=0.575308 y_pred=0.575316 diff=0.000008 abs_err=0.000008
2025-12-22 01:31:38,232 | INFO | TOP_BEST | split=test epoch=5 rank=3/3 b=41 t=10 var_idx=9 tp=1.142000 y_true=0.874205 y_pred=0.874197 diff=-0.000009 abs_err=0.000009
2025-12-22 01:31:38,232 | INFO | TOP_OK | split=test epoch=5 none_found (no exact matches)
2025-12-22 01:31:42,818 | INFO | TOP_ERR | split=test epoch=6 rank=1/10 b=17 t=6 var_idx=6 tp=1.063000 y_true=0.053281 y_pred=0.709342 diff=0.656061 abs_err=0.656061
2025-12-22 01:31:42,819 | INFO | TOP_ERR | split=test epoch=6 rank=2/10 b=17 t=2 var_idx=6 tp=1.027000 y_true=0.054539 y_pred=0.709892 diff=0.655353 abs_err=0.655353
2025-12-22 01:31:42,819 | INFO | TOP_ERR | split=test epoch=6 rank=3/10 b=17 t=6 var_idx=7 tp=1.063000 y_true=0.869900 y_pred=0.405755 diff=-0.464145 abs_err=0.464145
2025-12-22 01:31:42,819 | INFO | TOP_ERR | split=test epoch=6 rank=4/10 b=17 t=2 var_idx=7 tp=1.027000 y_true=0.869051 y_pred=0.406561 diff=-0.462490 abs_err=0.462490
2025-12-22 01:31:42,819 | INFO | TOP_ERR | split=test epoch=6 rank=5/10 b=31 t=11 var_idx=3 tp=1.144667 y_true=0.259034 y_pred=0.672663 diff=0.413629 abs_err=0.413629
2025-12-22 01:31:42,819 | INFO | TOP_ERR | split=test epoch=6 rank=6/10 b=55 t=1 var_idx=11 tp=1.013667 y_true=0.160785 y_pred=0.549121 diff=0.388336 abs_err=0.388336
2025-12-22 01:31:42,819 | INFO | TOP_ERR | split=test epoch=6 rank=7/10 b=31 t=11 var_idx=4 tp=1.144667 y_true=0.237305 y_pred=0.608781 diff=0.371476 abs_err=0.371476
2025-12-22 01:31:42,819 | INFO | TOP_ERR | split=test epoch=6 rank=8/10 b=37 t=28 var_idx=6 tp=1.313000 y_true=0.992233 y_pred=0.630373 diff=-0.361860 abs_err=0.361860
2025-12-22 01:31:42,820 | INFO | TOP_ERR | split=test epoch=6 rank=9/10 b=55 t=1 var_idx=9 tp=1.013667 y_true=0.507220 y_pred=0.859991 diff=0.352771 abs_err=0.352771
2025-12-22 01:31:42,820 | INFO | TOP_ERR | split=test epoch=6 rank=10/10 b=55 t=4 var_idx=9 tp=1.049667 y_true=0.505953 y_pred=0.858687 diff=0.352734 abs_err=0.352734
2025-12-22 01:31:42,820 | INFO | TOP_BEST | split=test epoch=6 rank=1/3 b=0 t=9 var_idx=9 tp=1.106000 y_true=0.410110 y_pred=0.410116 diff=0.000005 abs_err=0.000005
2025-12-22 01:31:42,820 | INFO | TOP_BEST | split=test epoch=6 rank=2/3 b=8 t=24 var_idx=4 tp=1.256333 y_true=0.564918 y_pred=0.564925 diff=0.000008 abs_err=0.000008
2025-12-22 01:31:42,820 | INFO | TOP_BEST | split=test epoch=6 rank=3/3 b=51 t=3 var_idx=3 tp=1.031667 y_true=0.623244 y_pred=0.623213 diff=-0.000030 abs_err=0.000030
2025-12-22 01:31:42,820 | INFO | TOP_OK | split=test epoch=6 none_found (no exact matches)
2025-12-22 01:31:47,453 | INFO | TOP_ERR | split=test epoch=7 rank=1/10 b=17 t=6 var_idx=6 tp=1.063000 y_true=0.053281 y_pred=0.751181 diff=0.697900 abs_err=0.697900
2025-12-22 01:31:47,453 | INFO | TOP_ERR | split=test epoch=7 rank=2/10 b=17 t=2 var_idx=6 tp=1.027000 y_true=0.054539 y_pred=0.751846 diff=0.697308 abs_err=0.697308
2025-12-22 01:31:47,453 | INFO | TOP_ERR | split=test epoch=7 rank=3/10 b=17 t=6 var_idx=7 tp=1.063000 y_true=0.869900 y_pred=0.422481 diff=-0.447418 abs_err=0.447418
2025-12-22 01:31:47,453 | INFO | TOP_ERR | split=test epoch=7 rank=4/10 b=17 t=2 var_idx=7 tp=1.027000 y_true=0.869051 y_pred=0.423248 diff=-0.445803 abs_err=0.445803
2025-12-22 01:31:47,454 | INFO | TOP_ERR | split=test epoch=7 rank=5/10 b=31 t=11 var_idx=3 tp=1.144667 y_true=0.259034 y_pred=0.691925 diff=0.432890 abs_err=0.432890
2025-12-22 01:31:47,454 | INFO | TOP_ERR | split=test epoch=7 rank=6/10 b=55 t=1 var_idx=11 tp=1.013667 y_true=0.160785 y_pred=0.573923 diff=0.413138 abs_err=0.413138
2025-12-22 01:31:47,454 | INFO | TOP_ERR | split=test epoch=7 rank=7/10 b=31 t=11 var_idx=4 tp=1.144667 y_true=0.237305 y_pred=0.620049 diff=0.382744 abs_err=0.382744
2025-12-22 01:31:47,454 | INFO | TOP_ERR | split=test epoch=7 rank=8/10 b=37 t=28 var_idx=6 tp=1.313000 y_true=0.992233 y_pred=0.633333 diff=-0.358900 abs_err=0.358900
2025-12-22 01:31:47,454 | INFO | TOP_ERR | split=test epoch=7 rank=9/10 b=10 t=22 var_idx=10 tp=1.265333 y_true=0.166149 y_pred=0.524425 diff=0.358276 abs_err=0.358276
2025-12-22 01:31:47,454 | INFO | TOP_ERR | split=test epoch=7 rank=10/10 b=33 t=5 var_idx=3 tp=1.054667 y_true=0.713170 y_pred=0.354952 diff=-0.358218 abs_err=0.358218
2025-12-22 01:31:47,455 | INFO | TOP_BEST | split=test epoch=7 rank=1/3 b=40 t=26 var_idx=0 tp=1.304333 y_true=0.561493 y_pred=0.561507 diff=0.000014 abs_err=0.000014
2025-12-22 01:31:47,455 | INFO | TOP_BEST | split=test epoch=7 rank=2/3 b=47 t=10 var_idx=7 tp=1.115333 y_true=0.341738 y_pred=0.341758 diff=0.000020 abs_err=0.000020
2025-12-22 01:31:47,455 | INFO | TOP_BEST | split=test epoch=7 rank=3/3 b=30 t=16 var_idx=0 tp=1.180667 y_true=0.588516 y_pred=0.588487 diff=-0.000030 abs_err=0.000030
2025-12-22 01:31:47,455 | INFO | TOP_OK | split=test epoch=7 none_found (no exact matches)
2025-12-22 01:31:52,135 | INFO | TOP_ERR | split=test epoch=8 rank=1/10 b=17 t=6 var_idx=6 tp=1.063000 y_true=0.053281 y_pred=0.742449 diff=0.689168 abs_err=0.689168
2025-12-22 01:31:52,135 | INFO | TOP_ERR | split=test epoch=8 rank=2/10 b=17 t=2 var_idx=6 tp=1.027000 y_true=0.054539 y_pred=0.743162 diff=0.688623 abs_err=0.688623
2025-12-22 01:31:52,135 | INFO | TOP_ERR | split=test epoch=8 rank=3/10 b=31 t=11 var_idx=3 tp=1.144667 y_true=0.259034 y_pred=0.701219 diff=0.442185 abs_err=0.442185
2025-12-22 01:31:52,135 | INFO | TOP_ERR | split=test epoch=8 rank=4/10 b=17 t=6 var_idx=7 tp=1.063000 y_true=0.869900 y_pred=0.433140 diff=-0.436759 abs_err=0.436759
2025-12-22 01:31:52,135 | INFO | TOP_ERR | split=test epoch=8 rank=5/10 b=17 t=2 var_idx=7 tp=1.027000 y_true=0.869051 y_pred=0.433822 diff=-0.435229 abs_err=0.435229
2025-12-22 01:31:52,136 | INFO | TOP_ERR | split=test epoch=8 rank=6/10 b=55 t=1 var_idx=11 tp=1.013667 y_true=0.160785 y_pred=0.573687 diff=0.412902 abs_err=0.412902
2025-12-22 01:31:52,136 | INFO | TOP_ERR | split=test epoch=8 rank=7/10 b=31 t=11 var_idx=4 tp=1.144667 y_true=0.237305 y_pred=0.626085 diff=0.388780 abs_err=0.388780
2025-12-22 01:31:52,136 | INFO | TOP_ERR | split=test epoch=8 rank=8/10 b=33 t=5 var_idx=3 tp=1.054667 y_true=0.713170 y_pred=0.328258 diff=-0.384912 abs_err=0.384912
2025-12-22 01:31:52,136 | INFO | TOP_ERR | split=test epoch=8 rank=9/10 b=37 t=28 var_idx=6 tp=1.313000 y_true=0.992233 y_pred=0.607613 diff=-0.384620 abs_err=0.384620
2025-12-22 01:31:52,136 | INFO | TOP_ERR | split=test epoch=8 rank=10/10 b=33 t=11 var_idx=3 tp=1.126667 y_true=0.709735 y_pred=0.326747 diff=-0.382988 abs_err=0.382988
2025-12-22 01:31:52,137 | INFO | TOP_BEST | split=test epoch=8 rank=1/3 b=2 t=19 var_idx=1 tp=1.214000 y_true=0.453458 y_pred=0.453440 diff=-0.000018 abs_err=0.000018
2025-12-22 01:31:52,137 | INFO | TOP_BEST | split=test epoch=8 rank=2/3 b=2 t=15 var_idx=1 tp=1.178000 y_true=0.454075 y_pred=0.454097 diff=0.000022 abs_err=0.000022
2025-12-22 01:31:52,137 | INFO | TOP_BEST | split=test epoch=8 rank=3/3 b=18 t=2 var_idx=6 tp=1.018000 y_true=0.607720 y_pred=0.607753 diff=0.000032 abs_err=0.000032
2025-12-22 01:31:52,137 | INFO | TOP_OK | split=test epoch=8 none_found (no exact matches)
2025-12-22 01:32:00,903 | INFO | TOP_ERR | split=test epoch=10 rank=1/10 b=17 t=6 var_idx=6 tp=1.063000 y_true=0.053281 y_pred=0.745610 diff=0.692329 abs_err=0.692329
2025-12-22 01:32:00,903 | INFO | TOP_ERR | split=test epoch=10 rank=2/10 b=17 t=2 var_idx=6 tp=1.027000 y_true=0.054539 y_pred=0.746474 diff=0.691935 abs_err=0.691935
2025-12-22 01:32:00,903 | INFO | TOP_ERR | split=test epoch=10 rank=3/10 b=31 t=11 var_idx=3 tp=1.144667 y_true=0.259034 y_pred=0.703997 diff=0.444963 abs_err=0.444963
2025-12-22 01:32:00,904 | INFO | TOP_ERR | split=test epoch=10 rank=4/10 b=17 t=6 var_idx=7 tp=1.063000 y_true=0.869900 y_pred=0.427933 diff=-0.441967 abs_err=0.441967
2025-12-22 01:32:00,904 | INFO | TOP_ERR | split=test epoch=10 rank=5/10 b=17 t=2 var_idx=7 tp=1.027000 y_true=0.869051 y_pred=0.428614 diff=-0.440437 abs_err=0.440437
2025-12-22 01:32:00,904 | INFO | TOP_ERR | split=test epoch=10 rank=6/10 b=55 t=1 var_idx=11 tp=1.013667 y_true=0.160785 y_pred=0.569613 diff=0.408828 abs_err=0.408828
2025-12-22 01:32:00,904 | INFO | TOP_ERR | split=test epoch=10 rank=7/10 b=31 t=11 var_idx=4 tp=1.144667 y_true=0.237305 y_pred=0.634947 diff=0.397642 abs_err=0.397642
2025-12-22 01:32:00,904 | INFO | TOP_ERR | split=test epoch=10 rank=8/10 b=37 t=28 var_idx=6 tp=1.313000 y_true=0.992233 y_pred=0.609298 diff=-0.382935 abs_err=0.382935
2025-12-22 01:32:00,904 | INFO | TOP_ERR | split=test epoch=10 rank=9/10 b=33 t=5 var_idx=3 tp=1.054667 y_true=0.713170 y_pred=0.331351 diff=-0.381819 abs_err=0.381819
2025-12-22 01:32:00,904 | INFO | TOP_ERR | split=test epoch=10 rank=10/10 b=33 t=11 var_idx=3 tp=1.126667 y_true=0.709735 y_pred=0.330058 diff=-0.379677 abs_err=0.379677
2025-12-22 01:32:00,905 | INFO | TOP_BEST | split=test epoch=10 rank=1/3 b=31 t=22 var_idx=8 tp=1.261667 y_true=0.639474 y_pred=0.639469 diff=-0.000005 abs_err=0.000005
2025-12-22 01:32:00,905 | INFO | TOP_BEST | split=test epoch=10 rank=2/3 b=42 t=3 var_idx=0 tp=1.034000 y_true=0.572348 y_pred=0.572339 diff=-0.000009 abs_err=0.000009
2025-12-22 01:32:00,905 | INFO | TOP_BEST | split=test epoch=10 rank=3/3 b=23 t=9 var_idx=10 tp=1.090333 y_true=0.661932 y_pred=0.661917 diff=-0.000014 abs_err=0.000014
2025-12-22 01:32:00,905 | INFO | TOP_OK | split=test epoch=10 none_found (no exact matches)
2025-12-22 01:32:09,566 | INFO | TOP_ERR | split=test epoch=12 rank=1/10 b=17 t=6 var_idx=6 tp=1.063000 y_true=0.053281 y_pred=0.747709 diff=0.694428 abs_err=0.694428
2025-12-22 01:32:09,566 | INFO | TOP_ERR | split=test epoch=12 rank=2/10 b=17 t=2 var_idx=6 tp=1.027000 y_true=0.054539 y_pred=0.748467 diff=0.693928 abs_err=0.693928
2025-12-22 01:32:09,567 | INFO | TOP_ERR | split=test epoch=12 rank=3/10 b=31 t=11 var_idx=3 tp=1.144667 y_true=0.259034 y_pred=0.692268 diff=0.433233 abs_err=0.433233
2025-12-22 01:32:09,567 | INFO | TOP_ERR | split=test epoch=12 rank=4/10 b=17 t=6 var_idx=7 tp=1.063000 y_true=0.869900 y_pred=0.438346 diff=-0.431553 abs_err=0.431553
2025-12-22 01:32:09,567 | INFO | TOP_ERR | split=test epoch=12 rank=5/10 b=17 t=2 var_idx=7 tp=1.027000 y_true=0.869051 y_pred=0.439027 diff=-0.430024 abs_err=0.430024
2025-12-22 01:32:09,567 | INFO | TOP_ERR | split=test epoch=12 rank=6/10 b=55 t=1 var_idx=11 tp=1.013667 y_true=0.160785 y_pred=0.572700 diff=0.411915 abs_err=0.411915
2025-12-22 01:32:09,567 | INFO | TOP_ERR | split=test epoch=12 rank=7/10 b=31 t=11 var_idx=4 tp=1.144667 y_true=0.237305 y_pred=0.627884 diff=0.390578 abs_err=0.390578
2025-12-22 01:32:09,567 | INFO | TOP_ERR | split=test epoch=12 rank=8/10 b=37 t=28 var_idx=6 tp=1.313000 y_true=0.992233 y_pred=0.608760 diff=-0.383473 abs_err=0.383473
2025-12-22 01:32:09,567 | INFO | TOP_ERR | split=test epoch=12 rank=9/10 b=33 t=5 var_idx=3 tp=1.054667 y_true=0.713170 y_pred=0.331723 diff=-0.381447 abs_err=0.381447
2025-12-22 01:32:09,567 | INFO | TOP_ERR | split=test epoch=12 rank=10/10 b=33 t=11 var_idx=3 tp=1.126667 y_true=0.709735 y_pred=0.330472 diff=-0.379263 abs_err=0.379263
2025-12-22 01:32:09,568 | INFO | TOP_BEST | split=test epoch=12 rank=1/3 b=27 t=23 var_idx=0 tp=1.243667 y_true=0.600990 y_pred=0.600987 diff=-0.000003 abs_err=0.000003
2025-12-22 01:32:09,568 | INFO | TOP_BEST | split=test epoch=12 rank=2/3 b=35 t=7 var_idx=7 tp=1.078667 y_true=0.557902 y_pred=0.557905 diff=0.000003 abs_err=0.000003
2025-12-22 01:32:09,568 | INFO | TOP_BEST | split=test epoch=12 rank=3/3 b=10 t=27 var_idx=0 tp=1.319333 y_true=0.429646 y_pred=0.429632 diff=-0.000014 abs_err=0.000014
2025-12-22 01:32:09,568 | INFO | TOP_OK | split=test epoch=12 none_found (no exact matches)
2025-12-22 01:32:14,192 | INFO | TOP_ERR | split=test epoch=13 rank=1/10 b=17 t=6 var_idx=6 tp=1.063000 y_true=0.053281 y_pred=0.743734 diff=0.690453 abs_err=0.690453
2025-12-22 01:32:14,192 | INFO | TOP_ERR | split=test epoch=13 rank=2/10 b=17 t=2 var_idx=6 tp=1.027000 y_true=0.054539 y_pred=0.744513 diff=0.689974 abs_err=0.689974
2025-12-22 01:32:14,192 | INFO | TOP_ERR | split=test epoch=13 rank=3/10 b=17 t=6 var_idx=7 tp=1.063000 y_true=0.869900 y_pred=0.433236 diff=-0.436664 abs_err=0.436664
2025-12-22 01:32:14,192 | INFO | TOP_ERR | split=test epoch=13 rank=4/10 b=17 t=2 var_idx=7 tp=1.027000 y_true=0.869051 y_pred=0.433916 diff=-0.435134 abs_err=0.435134
2025-12-22 01:32:14,192 | INFO | TOP_ERR | split=test epoch=13 rank=5/10 b=31 t=11 var_idx=3 tp=1.144667 y_true=0.259034 y_pred=0.693535 diff=0.434501 abs_err=0.434501
2025-12-22 01:32:14,192 | INFO | TOP_ERR | split=test epoch=13 rank=6/10 b=55 t=1 var_idx=11 tp=1.013667 y_true=0.160785 y_pred=0.567855 diff=0.407070 abs_err=0.407070
2025-12-22 01:32:14,192 | INFO | TOP_ERR | split=test epoch=13 rank=7/10 b=37 t=28 var_idx=6 tp=1.313000 y_true=0.992233 y_pred=0.601791 diff=-0.390442 abs_err=0.390442
2025-12-22 01:32:14,193 | INFO | TOP_ERR | split=test epoch=13 rank=8/10 b=33 t=5 var_idx=3 tp=1.054667 y_true=0.713170 y_pred=0.328712 diff=-0.384458 abs_err=0.384458
2025-12-22 01:32:14,193 | INFO | TOP_ERR | split=test epoch=13 rank=9/10 b=31 t=11 var_idx=4 tp=1.144667 y_true=0.237305 y_pred=0.621365 diff=0.384059 abs_err=0.384059
2025-12-22 01:32:14,193 | INFO | TOP_ERR | split=test epoch=13 rank=10/10 b=33 t=11 var_idx=3 tp=1.126667 y_true=0.709735 y_pred=0.327461 diff=-0.382274 abs_err=0.382274
2025-12-22 01:32:14,193 | INFO | TOP_BEST | split=test epoch=13 rank=1/3 b=7 t=22 var_idx=2 tp=1.274333 y_true=0.363619 y_pred=0.363613 diff=-0.000006 abs_err=0.000006
2025-12-22 01:32:14,193 | INFO | TOP_BEST | split=test epoch=13 rank=2/3 b=47 t=19 var_idx=1 tp=1.205333 y_true=0.311335 y_pred=0.311358 diff=0.000023 abs_err=0.000023
2025-12-22 01:32:14,194 | INFO | TOP_BEST | split=test epoch=13 rank=3/3 b=4 t=24 var_idx=9 tp=1.286333 y_true=0.384146 y_pred=0.384193 diff=0.000047 abs_err=0.000047
2025-12-22 01:32:14,194 | INFO | TOP_OK | split=test epoch=13 none_found (no exact matches)
2025-12-22 01:32:22,945 | INFO | TOP_ERR | split=test epoch=15 rank=1/10 b=17 t=6 var_idx=6 tp=1.063000 y_true=0.053281 y_pred=0.738196 diff=0.684915 abs_err=0.684915
2025-12-22 01:32:22,945 | INFO | TOP_ERR | split=test epoch=15 rank=2/10 b=17 t=2 var_idx=6 tp=1.027000 y_true=0.054539 y_pred=0.738974 diff=0.684435 abs_err=0.684435
2025-12-22 01:32:22,946 | INFO | TOP_ERR | split=test epoch=15 rank=3/10 b=31 t=11 var_idx=3 tp=1.144667 y_true=0.259034 y_pred=0.704764 diff=0.445730 abs_err=0.445730
2025-12-22 01:32:22,946 | INFO | TOP_ERR | split=test epoch=15 rank=4/10 b=17 t=6 var_idx=7 tp=1.063000 y_true=0.869900 y_pred=0.444867 diff=-0.425033 abs_err=0.425033
2025-12-22 01:32:22,946 | INFO | TOP_ERR | split=test epoch=15 rank=5/10 b=17 t=2 var_idx=7 tp=1.027000 y_true=0.869051 y_pred=0.445536 diff=-0.423515 abs_err=0.423515
2025-12-22 01:32:22,946 | INFO | TOP_ERR | split=test epoch=15 rank=6/10 b=55 t=1 var_idx=11 tp=1.013667 y_true=0.160785 y_pred=0.573011 diff=0.412226 abs_err=0.412226
2025-12-22 01:32:22,946 | INFO | TOP_ERR | split=test epoch=15 rank=7/10 b=37 t=28 var_idx=6 tp=1.313000 y_true=0.992233 y_pred=0.598487 diff=-0.393746 abs_err=0.393746
2025-12-22 01:32:22,946 | INFO | TOP_ERR | split=test epoch=15 rank=8/10 b=31 t=11 var_idx=4 tp=1.144667 y_true=0.237305 y_pred=0.615426 diff=0.378120 abs_err=0.378120
2025-12-22 01:32:22,946 | INFO | TOP_ERR | split=test epoch=15 rank=9/10 b=33 t=5 var_idx=3 tp=1.054667 y_true=0.713170 y_pred=0.336329 diff=-0.376841 abs_err=0.376841
2025-12-22 01:32:22,946 | INFO | TOP_ERR | split=test epoch=15 rank=10/10 b=33 t=11 var_idx=3 tp=1.126667 y_true=0.709735 y_pred=0.334908 diff=-0.374827 abs_err=0.374827
2025-12-22 01:32:22,947 | INFO | TOP_BEST | split=test epoch=15 rank=1/3 b=23 t=24 var_idx=2 tp=1.243667 y_true=0.350295 y_pred=0.350294 diff=-0.000002 abs_err=0.000002
2025-12-22 01:32:22,947 | INFO | TOP_BEST | split=test epoch=15 rank=2/3 b=23 t=29 var_idx=11 tp=1.306667 y_true=0.594437 y_pred=0.594444 diff=0.000007 abs_err=0.000007
2025-12-22 01:32:22,947 | INFO | TOP_BEST | split=test epoch=15 rank=3/3 b=47 t=13 var_idx=3 tp=1.142333 y_true=0.611977 y_pred=0.611986 diff=0.000009 abs_err=0.000009
2025-12-22 01:32:22,947 | INFO | TOP_OK | split=test epoch=15 none_found (no exact matches)
2025-12-22 01:32:27,575 | INFO | TOP_ERR | split=test epoch=16 rank=1/10 b=17 t=6 var_idx=6 tp=1.063000 y_true=0.053281 y_pred=0.733950 diff=0.680669 abs_err=0.680669
2025-12-22 01:32:27,575 | INFO | TOP_ERR | split=test epoch=16 rank=2/10 b=17 t=2 var_idx=6 tp=1.027000 y_true=0.054539 y_pred=0.734727 diff=0.680189 abs_err=0.680189
2025-12-22 01:32:27,575 | INFO | TOP_ERR | split=test epoch=16 rank=3/10 b=31 t=11 var_idx=3 tp=1.144667 y_true=0.259034 y_pred=0.686238 diff=0.427204 abs_err=0.427204
2025-12-22 01:32:27,575 | INFO | TOP_ERR | split=test epoch=16 rank=4/10 b=17 t=6 var_idx=7 tp=1.063000 y_true=0.869900 y_pred=0.446638 diff=-0.423262 abs_err=0.423262
2025-12-22 01:32:27,575 | INFO | TOP_ERR | split=test epoch=16 rank=5/10 b=17 t=2 var_idx=7 tp=1.027000 y_true=0.869051 y_pred=0.447307 diff=-0.421744 abs_err=0.421744
2025-12-22 01:32:27,576 | INFO | TOP_ERR | split=test epoch=16 rank=6/10 b=55 t=1 var_idx=11 tp=1.013667 y_true=0.160785 y_pred=0.571227 diff=0.410442 abs_err=0.410442
2025-12-22 01:32:27,576 | INFO | TOP_ERR | split=test epoch=16 rank=7/10 b=37 t=28 var_idx=6 tp=1.313000 y_true=0.992233 y_pred=0.593752 diff=-0.398481 abs_err=0.398481
2025-12-22 01:32:27,576 | INFO | TOP_ERR | split=test epoch=16 rank=8/10 b=33 t=5 var_idx=3 tp=1.054667 y_true=0.713170 y_pred=0.337416 diff=-0.375754 abs_err=0.375754
2025-12-22 01:32:27,576 | INFO | TOP_ERR | split=test epoch=16 rank=9/10 b=33 t=11 var_idx=3 tp=1.126667 y_true=0.709735 y_pred=0.335995 diff=-0.373741 abs_err=0.373741
2025-12-22 01:32:27,576 | INFO | TOP_ERR | split=test epoch=16 rank=10/10 b=31 t=11 var_idx=4 tp=1.144667 y_true=0.237305 y_pred=0.605939 diff=0.368634 abs_err=0.368634
2025-12-22 01:32:27,577 | INFO | TOP_BEST | split=test epoch=16 rank=1/3 b=20 t=12 var_idx=0 tp=1.126333 y_true=0.567553 y_pred=0.567553 diff=-0.000001 abs_err=0.000001
2025-12-22 01:32:27,577 | INFO | TOP_BEST | split=test epoch=16 rank=2/3 b=50 t=14 var_idx=6 tp=1.157667 y_true=0.852087 y_pred=0.852093 diff=0.000005 abs_err=0.000005
2025-12-22 01:32:27,577 | INFO | TOP_BEST | split=test epoch=16 rank=3/3 b=29 t=22 var_idx=0 tp=1.225667 y_true=0.593605 y_pred=0.593611 diff=0.000006 abs_err=0.000006
2025-12-22 01:32:27,577 | INFO | TOP_OK | split=test epoch=16 none_found (no exact matches)
2025-12-22 01:32:45,123 | INFO | TOP_ERR | split=test epoch=20 rank=1/10 b=17 t=6 var_idx=6 tp=1.063000 y_true=0.053281 y_pred=0.726850 diff=0.673569 abs_err=0.673569
2025-12-22 01:32:45,123 | INFO | TOP_ERR | split=test epoch=20 rank=2/10 b=17 t=2 var_idx=6 tp=1.027000 y_true=0.054539 y_pred=0.727399 diff=0.672860 abs_err=0.672860
2025-12-22 01:32:45,123 | INFO | TOP_ERR | split=test epoch=20 rank=3/10 b=31 t=11 var_idx=3 tp=1.144667 y_true=0.259034 y_pred=0.694121 diff=0.435087 abs_err=0.435087
2025-12-22 01:32:45,124 | INFO | TOP_ERR | split=test epoch=20 rank=4/10 b=17 t=6 var_idx=7 tp=1.063000 y_true=0.869900 y_pred=0.446191 diff=-0.423708 abs_err=0.423708
2025-12-22 01:32:45,124 | INFO | TOP_ERR | split=test epoch=20 rank=5/10 b=17 t=2 var_idx=7 tp=1.027000 y_true=0.869051 y_pred=0.446860 diff=-0.422191 abs_err=0.422191
2025-12-22 01:32:45,124 | INFO | TOP_ERR | split=test epoch=20 rank=6/10 b=55 t=1 var_idx=11 tp=1.013667 y_true=0.160785 y_pred=0.569343 diff=0.408558 abs_err=0.408558
2025-12-22 01:32:45,124 | INFO | TOP_ERR | split=test epoch=20 rank=7/10 b=37 t=28 var_idx=6 tp=1.313000 y_true=0.992233 y_pred=0.585329 diff=-0.406904 abs_err=0.406904
2025-12-22 01:32:45,124 | INFO | TOP_ERR | split=test epoch=20 rank=8/10 b=33 t=5 var_idx=3 tp=1.054667 y_true=0.713170 y_pred=0.345799 diff=-0.367371 abs_err=0.367371
2025-12-22 01:32:45,124 | INFO | TOP_ERR | split=test epoch=20 rank=9/10 b=33 t=11 var_idx=3 tp=1.126667 y_true=0.709735 y_pred=0.344379 diff=-0.365356 abs_err=0.365356
2025-12-22 01:32:45,124 | INFO | TOP_ERR | split=test epoch=20 rank=10/10 b=31 t=11 var_idx=4 tp=1.144667 y_true=0.237305 y_pred=0.597115 diff=0.359809 abs_err=0.359809
2025-12-22 01:32:45,125 | INFO | TOP_BEST | split=test epoch=20 rank=1/3 b=49 t=16 var_idx=6 tp=1.205333 y_true=0.833407 y_pred=0.833411 diff=0.000004 abs_err=0.000004
2025-12-22 01:32:45,125 | INFO | TOP_BEST | split=test epoch=20 rank=2/3 b=8 t=0 var_idx=4 tp=1.004000 y_true=0.511403 y_pred=0.511415 diff=0.000013 abs_err=0.000013
2025-12-22 01:32:45,125 | INFO | TOP_BEST | split=test epoch=20 rank=3/3 b=26 t=2 var_idx=8 tp=1.018333 y_true=0.650479 y_pred=0.650457 diff=-0.000022 abs_err=0.000022
2025-12-22 01:32:45,125 | INFO | TOP_OK | split=test epoch=20 none_found (no exact matches)
2025-12-22 01:32:49,789 | INFO | TOP_ERR | split=test epoch=21 rank=1/10 b=17 t=6 var_idx=6 tp=1.063000 y_true=0.053281 y_pred=0.723841 diff=0.670560 abs_err=0.670560
2025-12-22 01:32:49,789 | INFO | TOP_ERR | split=test epoch=21 rank=2/10 b=17 t=2 var_idx=6 tp=1.027000 y_true=0.054539 y_pred=0.724391 diff=0.669852 abs_err=0.669852
2025-12-22 01:32:49,789 | INFO | TOP_ERR | split=test epoch=21 rank=3/10 b=31 t=11 var_idx=3 tp=1.144667 y_true=0.259034 y_pred=0.699180 diff=0.440146 abs_err=0.440146
2025-12-22 01:32:49,790 | INFO | TOP_ERR | split=test epoch=21 rank=4/10 b=17 t=6 var_idx=7 tp=1.063000 y_true=0.869900 y_pred=0.448210 diff=-0.421689 abs_err=0.421689
2025-12-22 01:32:49,790 | INFO | TOP_ERR | split=test epoch=21 rank=5/10 b=17 t=2 var_idx=7 tp=1.027000 y_true=0.869051 y_pred=0.448879 diff=-0.420172 abs_err=0.420172
2025-12-22 01:32:49,790 | INFO | TOP_ERR | split=test epoch=21 rank=6/10 b=55 t=1 var_idx=11 tp=1.013667 y_true=0.160785 y_pred=0.572991 diff=0.412206 abs_err=0.412206
2025-12-22 01:32:49,790 | INFO | TOP_ERR | split=test epoch=21 rank=7/10 b=37 t=28 var_idx=6 tp=1.313000 y_true=0.992233 y_pred=0.584886 diff=-0.407347 abs_err=0.407347
2025-12-22 01:32:49,790 | INFO | TOP_ERR | split=test epoch=21 rank=8/10 b=33 t=5 var_idx=3 tp=1.054667 y_true=0.713170 y_pred=0.353098 diff=-0.360072 abs_err=0.360072
2025-12-22 01:32:49,790 | INFO | TOP_ERR | split=test epoch=21 rank=9/10 b=33 t=11 var_idx=3 tp=1.126667 y_true=0.709735 y_pred=0.351679 diff=-0.358056 abs_err=0.358056
2025-12-22 01:32:49,790 | INFO | TOP_ERR | split=test epoch=21 rank=10/10 b=31 t=11 var_idx=4 tp=1.144667 y_true=0.237305 y_pred=0.591376 diff=0.354071 abs_err=0.354071
2025-12-22 01:32:49,791 | INFO | TOP_BEST | split=test epoch=21 rank=1/3 b=48 t=31 var_idx=11 tp=1.331333 y_true=0.541007 y_pred=0.541011 diff=0.000005 abs_err=0.000005
2025-12-22 01:32:49,791 | INFO | TOP_BEST | split=test epoch=21 rank=2/3 b=29 t=15 var_idx=2 tp=1.153667 y_true=0.413055 y_pred=0.413068 diff=0.000013 abs_err=0.000013
2025-12-22 01:32:49,791 | INFO | TOP_BEST | split=test epoch=21 rank=3/3 b=59 t=9 var_idx=1 tp=1.095000 y_true=0.390277 y_pred=0.390295 diff=0.000018 abs_err=0.000018
2025-12-22 01:32:49,791 | INFO | TOP_OK | split=test epoch=21 none_found (no exact matches)
2025-12-22 01:33:02,744 | INFO | TOP_ERR | split=test epoch=24 rank=1/10 b=17 t=6 var_idx=6 tp=1.063000 y_true=0.053281 y_pred=0.731720 diff=0.678439 abs_err=0.678439
2025-12-22 01:33:02,744 | INFO | TOP_ERR | split=test epoch=24 rank=2/10 b=17 t=2 var_idx=6 tp=1.027000 y_true=0.054539 y_pred=0.732275 diff=0.677737 abs_err=0.677737
2025-12-22 01:33:02,744 | INFO | TOP_ERR | split=test epoch=24 rank=3/10 b=31 t=11 var_idx=3 tp=1.144667 y_true=0.259034 y_pred=0.703168 diff=0.444134 abs_err=0.444134
2025-12-22 01:33:02,745 | INFO | TOP_ERR | split=test epoch=24 rank=4/10 b=17 t=6 var_idx=7 tp=1.063000 y_true=0.869900 y_pred=0.450378 diff=-0.419522 abs_err=0.419522
2025-12-22 01:33:02,745 | INFO | TOP_ERR | split=test epoch=24 rank=5/10 b=17 t=2 var_idx=7 tp=1.027000 y_true=0.869051 y_pred=0.451025 diff=-0.418026 abs_err=0.418026
2025-12-22 01:33:02,745 | INFO | TOP_ERR | split=test epoch=24 rank=6/10 b=55 t=1 var_idx=11 tp=1.013667 y_true=0.160785 y_pred=0.567291 diff=0.406506 abs_err=0.406506
2025-12-22 01:33:02,745 | INFO | TOP_ERR | split=test epoch=24 rank=7/10 b=37 t=28 var_idx=6 tp=1.313000 y_true=0.992233 y_pred=0.591345 diff=-0.400888 abs_err=0.400888
2025-12-22 01:33:02,745 | INFO | TOP_ERR | split=test epoch=24 rank=8/10 b=33 t=5 var_idx=3 tp=1.054667 y_true=0.713170 y_pred=0.358967 diff=-0.354203 abs_err=0.354203
2025-12-22 01:33:02,745 | INFO | TOP_ERR | split=test epoch=24 rank=9/10 b=33 t=11 var_idx=3 tp=1.126667 y_true=0.709735 y_pred=0.357605 diff=-0.352130 abs_err=0.352130
2025-12-22 01:33:02,745 | INFO | TOP_ERR | split=test epoch=24 rank=10/10 b=31 t=11 var_idx=4 tp=1.144667 y_true=0.237305 y_pred=0.589173 diff=0.351868 abs_err=0.351868
2025-12-22 01:33:02,746 | INFO | TOP_BEST | split=test epoch=24 rank=1/3 b=24 t=25 var_idx=8 tp=1.252667 y_true=0.635936 y_pred=0.635953 diff=0.000017 abs_err=0.000017
2025-12-22 01:33:02,746 | INFO | TOP_BEST | split=test epoch=24 rank=2/3 b=9 t=22 var_idx=5 tp=1.247333 y_true=0.532448 y_pred=0.532425 diff=-0.000023 abs_err=0.000023
2025-12-22 01:33:02,746 | INFO | TOP_BEST | split=test epoch=24 rank=3/3 b=25 t=17 var_idx=10 tp=1.180667 y_true=0.646519 y_pred=0.646578 diff=0.000059 abs_err=0.000059
2025-12-22 01:33:02,746 | INFO | TOP_OK | split=test epoch=24 none_found (no exact matches)
2025-12-22 01:33:16,145 | INFO | TOP_ERR | split=test epoch=27 rank=1/10 b=17 t=6 var_idx=6 tp=1.063000 y_true=0.053281 y_pred=0.719204 diff=0.665923 abs_err=0.665923
2025-12-22 01:33:16,145 | INFO | TOP_ERR | split=test epoch=27 rank=2/10 b=17 t=2 var_idx=6 tp=1.027000 y_true=0.054539 y_pred=0.719753 diff=0.665215 abs_err=0.665215
2025-12-22 01:33:16,145 | INFO | TOP_ERR | split=test epoch=27 rank=3/10 b=31 t=11 var_idx=3 tp=1.144667 y_true=0.259034 y_pred=0.706393 diff=0.447359 abs_err=0.447359
2025-12-22 01:33:16,145 | INFO | TOP_ERR | split=test epoch=27 rank=4/10 b=55 t=1 var_idx=11 tp=1.013667 y_true=0.160785 y_pred=0.573268 diff=0.412484 abs_err=0.412484
2025-12-22 01:33:16,145 | INFO | TOP_ERR | split=test epoch=27 rank=5/10 b=17 t=6 var_idx=7 tp=1.063000 y_true=0.869900 y_pred=0.458314 diff=-0.411586 abs_err=0.411586
2025-12-22 01:33:16,145 | INFO | TOP_ERR | split=test epoch=27 rank=6/10 b=37 t=28 var_idx=6 tp=1.313000 y_true=0.992233 y_pred=0.581443 diff=-0.410790 abs_err=0.410790
2025-12-22 01:33:16,146 | INFO | TOP_ERR | split=test epoch=27 rank=7/10 b=17 t=2 var_idx=7 tp=1.027000 y_true=0.869051 y_pred=0.458960 diff=-0.410090 abs_err=0.410090
2025-12-22 01:33:16,146 | INFO | TOP_ERR | split=test epoch=27 rank=8/10 b=33 t=5 var_idx=3 tp=1.054667 y_true=0.713170 y_pred=0.362929 diff=-0.350241 abs_err=0.350241
2025-12-22 01:33:16,146 | INFO | TOP_ERR | split=test epoch=27 rank=9/10 b=33 t=11 var_idx=3 tp=1.126667 y_true=0.709735 y_pred=0.361589 diff=-0.348146 abs_err=0.348146
2025-12-22 01:33:16,146 | INFO | TOP_ERR | split=test epoch=27 rank=10/10 b=31 t=11 var_idx=4 tp=1.144667 y_true=0.237305 y_pred=0.582665 diff=0.345359 abs_err=0.345359
2025-12-22 01:33:16,146 | INFO | TOP_BEST | split=test epoch=27 rank=1/3 b=52 t=8 var_idx=5 tp=1.130667 y_true=0.595410 y_pred=0.595408 diff=-0.000001 abs_err=0.000001
2025-12-22 01:33:16,147 | INFO | TOP_BEST | split=test epoch=27 rank=2/3 b=37 t=3 var_idx=0 tp=1.042667 y_true=0.566545 y_pred=0.566537 diff=-0.000009 abs_err=0.000009
2025-12-22 01:33:16,147 | INFO | TOP_BEST | split=test epoch=27 rank=3/3 b=48 t=25 var_idx=2 tp=1.268333 y_true=0.489194 y_pred=0.489210 diff=0.000016 abs_err=0.000016
2025-12-22 01:33:16,147 | INFO | TOP_OK | split=test epoch=27 none_found (no exact matches)
2025-12-22 01:33:24,933 | INFO | TOP_ERR | split=test epoch=29 rank=1/10 b=17 t=6 var_idx=6 tp=1.063000 y_true=0.053281 y_pred=0.720103 diff=0.666822 abs_err=0.666822
2025-12-22 01:33:24,934 | INFO | TOP_ERR | split=test epoch=29 rank=2/10 b=17 t=2 var_idx=6 tp=1.027000 y_true=0.054539 y_pred=0.720453 diff=0.665915 abs_err=0.665915
2025-12-22 01:33:24,934 | INFO | TOP_ERR | split=test epoch=29 rank=3/10 b=31 t=11 var_idx=3 tp=1.144667 y_true=0.259034 y_pred=0.700875 diff=0.441841 abs_err=0.441841
2025-12-22 01:33:24,934 | INFO | TOP_ERR | split=test epoch=29 rank=4/10 b=37 t=28 var_idx=6 tp=1.313000 y_true=0.992233 y_pred=0.583135 diff=-0.409098 abs_err=0.409098
2025-12-22 01:33:24,934 | INFO | TOP_ERR | split=test epoch=29 rank=5/10 b=55 t=1 var_idx=11 tp=1.013667 y_true=0.160785 y_pred=0.568286 diff=0.407501 abs_err=0.407501
2025-12-22 01:33:24,934 | INFO | TOP_ERR | split=test epoch=29 rank=6/10 b=17 t=6 var_idx=7 tp=1.063000 y_true=0.869900 y_pred=0.463477 diff=-0.406422 abs_err=0.406422
2025-12-22 01:33:24,934 | INFO | TOP_ERR | split=test epoch=29 rank=7/10 b=17 t=2 var_idx=7 tp=1.027000 y_true=0.869051 y_pred=0.464123 diff=-0.404927 abs_err=0.404927
2025-12-22 01:33:24,934 | INFO | TOP_ERR | split=test epoch=29 rank=8/10 b=33 t=5 var_idx=3 tp=1.054667 y_true=0.713170 y_pred=0.367706 diff=-0.345464 abs_err=0.345464
2025-12-22 01:33:24,934 | INFO | TOP_ERR | split=test epoch=29 rank=9/10 b=33 t=11 var_idx=3 tp=1.126667 y_true=0.709735 y_pred=0.366366 diff=-0.343369 abs_err=0.343369
2025-12-22 01:33:24,935 | INFO | TOP_ERR | split=test epoch=29 rank=10/10 b=31 t=11 var_idx=4 tp=1.144667 y_true=0.237305 y_pred=0.577480 diff=0.340174 abs_err=0.340174
2025-12-22 01:33:24,935 | INFO | TOP_BEST | split=test epoch=29 rank=1/3 b=15 t=15 var_idx=2 tp=1.166333 y_true=0.435665 y_pred=0.435663 diff=-0.000001 abs_err=0.000001
2025-12-22 01:33:24,935 | INFO | TOP_BEST | split=test epoch=29 rank=2/3 b=28 t=28 var_idx=10 tp=1.297667 y_true=0.631334 y_pred=0.631352 diff=0.000018 abs_err=0.000018
2025-12-22 01:33:24,935 | INFO | TOP_BEST | split=test epoch=29 rank=3/3 b=4 t=15 var_idx=10 tp=1.178333 y_true=0.430242 y_pred=0.430266 diff=0.000024 abs_err=0.000024
2025-12-22 01:33:24,935 | INFO | TOP_OK | split=test epoch=29 none_found (no exact matches)
2025-12-22 01:33:33,739 | INFO | TOP_ERR | split=test epoch=31 rank=1/10 b=17 t=6 var_idx=6 tp=1.063000 y_true=0.053281 y_pred=0.719082 diff=0.665801 abs_err=0.665801
2025-12-22 01:33:33,739 | INFO | TOP_ERR | split=test epoch=31 rank=2/10 b=17 t=2 var_idx=6 tp=1.027000 y_true=0.054539 y_pred=0.719552 diff=0.665013 abs_err=0.665013
2025-12-22 01:33:33,739 | INFO | TOP_ERR | split=test epoch=31 rank=3/10 b=31 t=11 var_idx=3 tp=1.144667 y_true=0.259034 y_pred=0.706653 diff=0.447618 abs_err=0.447618
2025-12-22 01:33:33,739 | INFO | TOP_ERR | split=test epoch=31 rank=4/10 b=37 t=28 var_idx=6 tp=1.313000 y_true=0.992233 y_pred=0.578551 diff=-0.413682 abs_err=0.413682
2025-12-22 01:33:33,740 | INFO | TOP_ERR | split=test epoch=31 rank=5/10 b=17 t=6 var_idx=7 tp=1.063000 y_true=0.869900 y_pred=0.456494 diff=-0.413406 abs_err=0.413406
2025-12-22 01:33:33,740 | INFO | TOP_ERR | split=test epoch=31 rank=6/10 b=17 t=2 var_idx=7 tp=1.027000 y_true=0.869051 y_pred=0.457140 diff=-0.411911 abs_err=0.411911
2025-12-22 01:33:33,740 | INFO | TOP_ERR | split=test epoch=31 rank=7/10 b=55 t=1 var_idx=11 tp=1.013667 y_true=0.160785 y_pred=0.559278 diff=0.398494 abs_err=0.398494
2025-12-22 01:33:33,740 | INFO | TOP_ERR | split=test epoch=31 rank=8/10 b=33 t=5 var_idx=3 tp=1.054667 y_true=0.713170 y_pred=0.365857 diff=-0.347313 abs_err=0.347313
2025-12-22 01:33:33,740 | INFO | TOP_ERR | split=test epoch=31 rank=9/10 b=33 t=11 var_idx=3 tp=1.126667 y_true=0.709735 y_pred=0.364518 diff=-0.345217 abs_err=0.345217
2025-12-22 01:33:33,740 | INFO | TOP_ERR | split=test epoch=31 rank=10/10 b=31 t=11 var_idx=4 tp=1.144667 y_true=0.237305 y_pred=0.573079 diff=0.335773 abs_err=0.335773
2025-12-22 01:33:33,741 | INFO | TOP_BEST | split=test epoch=31 rank=1/3 b=25 t=10 var_idx=10 tp=1.108333 y_true=0.649371 y_pred=0.649358 diff=-0.000013 abs_err=0.000013
2025-12-22 01:33:33,741 | INFO | TOP_BEST | split=test epoch=31 rank=2/3 b=21 t=25 var_idx=11 tp=1.252333 y_true=0.581963 y_pred=0.581947 diff=-0.000016 abs_err=0.000016
2025-12-22 01:33:33,741 | INFO | TOP_BEST | split=test epoch=31 rank=3/3 b=47 t=19 var_idx=1 tp=1.205333 y_true=0.311335 y_pred=0.311368 diff=0.000033 abs_err=0.000033
2025-12-22 01:33:33,741 | INFO | TOP_OK | split=test epoch=31 none_found (no exact matches)
2025-12-22 01:33:42,550 | INFO | TOP_ERR | split=test epoch=33 rank=1/10 b=17 t=6 var_idx=6 tp=1.063000 y_true=0.053281 y_pred=0.720641 diff=0.667360 abs_err=0.667360
2025-12-22 01:33:42,550 | INFO | TOP_ERR | split=test epoch=33 rank=2/10 b=17 t=2 var_idx=6 tp=1.027000 y_true=0.054539 y_pred=0.720850 diff=0.666312 abs_err=0.666312
2025-12-22 01:33:42,551 | INFO | TOP_ERR | split=test epoch=33 rank=3/10 b=31 t=11 var_idx=3 tp=1.144667 y_true=0.259034 y_pred=0.707306 diff=0.448272 abs_err=0.448272
2025-12-22 01:33:42,551 | INFO | TOP_ERR | split=test epoch=33 rank=4/10 b=37 t=28 var_idx=6 tp=1.313000 y_true=0.992233 y_pred=0.578568 diff=-0.413665 abs_err=0.413665
2025-12-22 01:33:42,551 | INFO | TOP_ERR | split=test epoch=33 rank=5/10 b=17 t=6 var_idx=7 tp=1.063000 y_true=0.869900 y_pred=0.458217 diff=-0.411682 abs_err=0.411682
2025-12-22 01:33:42,551 | INFO | TOP_ERR | split=test epoch=33 rank=6/10 b=17 t=2 var_idx=7 tp=1.027000 y_true=0.869051 y_pred=0.458862 diff=-0.410188 abs_err=0.410188
2025-12-22 01:33:42,551 | INFO | TOP_ERR | split=test epoch=33 rank=7/10 b=55 t=1 var_idx=11 tp=1.013667 y_true=0.160785 y_pred=0.558115 diff=0.397330 abs_err=0.397330
2025-12-22 01:33:42,551 | INFO | TOP_ERR | split=test epoch=33 rank=8/10 b=33 t=5 var_idx=3 tp=1.054667 y_true=0.713170 y_pred=0.365803 diff=-0.347367 abs_err=0.347367
2025-12-22 01:33:42,551 | INFO | TOP_ERR | split=test epoch=33 rank=9/10 b=33 t=11 var_idx=3 tp=1.126667 y_true=0.709735 y_pred=0.364464 diff=-0.345271 abs_err=0.345271
2025-12-22 01:33:42,551 | INFO | TOP_ERR | split=test epoch=33 rank=10/10 b=31 t=11 var_idx=4 tp=1.144667 y_true=0.237305 y_pred=0.568492 diff=0.331187 abs_err=0.331187
2025-12-22 01:33:42,552 | INFO | TOP_BEST | split=test epoch=33 rank=1/3 b=34 t=27 var_idx=1 tp=1.286000 y_true=0.497274 y_pred=0.497277 diff=0.000003 abs_err=0.000003
2025-12-22 01:33:42,552 | INFO | TOP_BEST | split=test epoch=33 rank=2/3 b=53 t=6 var_idx=6 tp=1.094667 y_true=0.846865 y_pred=0.846879 diff=0.000014 abs_err=0.000014
2025-12-22 01:33:42,552 | INFO | TOP_BEST | split=test epoch=33 rank=3/3 b=3 t=27 var_idx=1 tp=1.313333 y_true=0.476852 y_pred=0.476825 diff=-0.000027 abs_err=0.000027
2025-12-22 01:33:42,552 | INFO | TOP_OK | split=test epoch=33 none_found (no exact matches)
2025-12-22 01:33:51,364 | INFO | TOP_ERR | split=test epoch=35 rank=1/10 b=17 t=6 var_idx=6 tp=1.063000 y_true=0.053281 y_pred=0.717962 diff=0.664681 abs_err=0.664681
2025-12-22 01:33:51,364 | INFO | TOP_ERR | split=test epoch=35 rank=2/10 b=17 t=2 var_idx=6 tp=1.027000 y_true=0.054539 y_pred=0.718227 diff=0.663689 abs_err=0.663689
2025-12-22 01:33:51,364 | INFO | TOP_ERR | split=test epoch=35 rank=3/10 b=31 t=11 var_idx=3 tp=1.144667 y_true=0.259034 y_pred=0.702259 diff=0.443225 abs_err=0.443225
2025-12-22 01:33:51,365 | INFO | TOP_ERR | split=test epoch=35 rank=4/10 b=37 t=28 var_idx=6 tp=1.313000 y_true=0.992233 y_pred=0.576761 diff=-0.415472 abs_err=0.415472
2025-12-22 01:33:51,365 | INFO | TOP_ERR | split=test epoch=35 rank=5/10 b=17 t=6 var_idx=7 tp=1.063000 y_true=0.869900 y_pred=0.455543 diff=-0.414357 abs_err=0.414357
2025-12-22 01:33:51,365 | INFO | TOP_ERR | split=test epoch=35 rank=6/10 b=17 t=2 var_idx=7 tp=1.027000 y_true=0.869051 y_pred=0.456188 diff=-0.412863 abs_err=0.412863
2025-12-22 01:33:51,365 | INFO | TOP_ERR | split=test epoch=35 rank=7/10 b=55 t=1 var_idx=11 tp=1.013667 y_true=0.160785 y_pred=0.557036 diff=0.396251 abs_err=0.396251
2025-12-22 01:33:51,365 | INFO | TOP_ERR | split=test epoch=35 rank=8/10 b=33 t=5 var_idx=3 tp=1.054667 y_true=0.713170 y_pred=0.369395 diff=-0.343775 abs_err=0.343775
2025-12-22 01:33:51,365 | INFO | TOP_ERR | split=test epoch=35 rank=9/10 b=33 t=11 var_idx=3 tp=1.126667 y_true=0.709735 y_pred=0.368057 diff=-0.341679 abs_err=0.341679
2025-12-22 01:33:51,365 | INFO | TOP_ERR | split=test epoch=35 rank=10/10 b=31 t=11 var_idx=4 tp=1.144667 y_true=0.237305 y_pred=0.566811 diff=0.329505 abs_err=0.329505
2025-12-22 01:33:51,366 | INFO | TOP_BEST | split=test epoch=35 rank=1/3 b=25 t=13 var_idx=6 tp=1.135333 y_true=0.508979 y_pred=0.508994 diff=0.000015 abs_err=0.000015
2025-12-22 01:33:51,366 | INFO | TOP_BEST | split=test epoch=35 rank=2/3 b=5 t=22 var_idx=9 tp=1.241333 y_true=0.383949 y_pred=0.383929 diff=-0.000021 abs_err=0.000021
2025-12-22 01:33:51,366 | INFO | TOP_BEST | split=test epoch=35 rank=3/3 b=25 t=20 var_idx=6 tp=1.207667 y_true=0.507616 y_pred=0.507648 diff=0.000033 abs_err=0.000033
2025-12-22 01:33:51,366 | INFO | TOP_OK | split=test epoch=35 none_found (no exact matches)
2025-12-22 01:34:04,301 | INFO | TOP_ERR | split=test epoch=38 rank=1/10 b=17 t=6 var_idx=6 tp=1.063000 y_true=0.053281 y_pred=0.718826 diff=0.665545 abs_err=0.665545
2025-12-22 01:34:04,301 | INFO | TOP_ERR | split=test epoch=38 rank=2/10 b=17 t=2 var_idx=6 tp=1.027000 y_true=0.054539 y_pred=0.719079 diff=0.664540 abs_err=0.664540
2025-12-22 01:34:04,301 | INFO | TOP_ERR | split=test epoch=38 rank=3/10 b=31 t=11 var_idx=3 tp=1.144667 y_true=0.259034 y_pred=0.701030 diff=0.441996 abs_err=0.441996
2025-12-22 01:34:04,301 | INFO | TOP_ERR | split=test epoch=38 rank=4/10 b=17 t=6 var_idx=7 tp=1.063000 y_true=0.869900 y_pred=0.453298 diff=-0.416602 abs_err=0.416602
2025-12-22 01:34:04,301 | INFO | TOP_ERR | split=test epoch=38 rank=5/10 b=37 t=28 var_idx=6 tp=1.313000 y_true=0.992233 y_pred=0.575763 diff=-0.416470 abs_err=0.416470
2025-12-22 01:34:04,301 | INFO | TOP_ERR | split=test epoch=38 rank=6/10 b=17 t=2 var_idx=7 tp=1.027000 y_true=0.869051 y_pred=0.453942 diff=-0.415109 abs_err=0.415109
2025-12-22 01:34:04,301 | INFO | TOP_ERR | split=test epoch=38 rank=7/10 b=55 t=1 var_idx=11 tp=1.013667 y_true=0.160785 y_pred=0.550282 diff=0.389497 abs_err=0.389497
2025-12-22 01:34:04,301 | INFO | TOP_ERR | split=test epoch=38 rank=8/10 b=33 t=5 var_idx=3 tp=1.054667 y_true=0.713170 y_pred=0.367555 diff=-0.345615 abs_err=0.345615
2025-12-22 01:34:04,302 | INFO | TOP_ERR | split=test epoch=38 rank=9/10 b=33 t=11 var_idx=3 tp=1.126667 y_true=0.709735 y_pred=0.366218 diff=-0.343517 abs_err=0.343517
2025-12-22 01:34:04,302 | INFO | TOP_ERR | split=test epoch=38 rank=10/10 b=10 t=22 var_idx=10 tp=1.265333 y_true=0.166149 y_pred=0.490752 diff=0.324602 abs_err=0.324602
2025-12-22 01:34:04,302 | INFO | TOP_BEST | split=test epoch=38 rank=1/3 b=38 t=26 var_idx=5 tp=1.331333 y_true=0.580036 y_pred=0.580026 diff=-0.000010 abs_err=0.000010
2025-12-22 01:34:04,302 | INFO | TOP_BEST | split=test epoch=38 rank=2/3 b=22 t=5 var_idx=6 tp=1.054333 y_true=0.528859 y_pred=0.528886 diff=0.000027 abs_err=0.000027
2025-12-22 01:34:04,302 | INFO | TOP_BEST | split=test epoch=38 rank=3/3 b=59 t=0 var_idx=6 tp=1.004667 y_true=0.702680 y_pred=0.702721 diff=0.000041 abs_err=0.000041
2025-12-22 01:34:04,302 | INFO | TOP_OK | split=test epoch=38 none_found (no exact matches)
2025-12-22 01:34:17,377 | INFO | TOP_ERR | split=test epoch=41 rank=1/10 b=17 t=6 var_idx=6 tp=1.063000 y_true=0.053281 y_pred=0.722378 diff=0.669097 abs_err=0.669097
2025-12-22 01:34:17,377 | INFO | TOP_ERR | split=test epoch=41 rank=2/10 b=17 t=2 var_idx=6 tp=1.027000 y_true=0.054539 y_pred=0.722511 diff=0.667972 abs_err=0.667972
2025-12-22 01:34:17,377 | INFO | TOP_ERR | split=test epoch=41 rank=3/10 b=31 t=11 var_idx=3 tp=1.144667 y_true=0.259034 y_pred=0.703262 diff=0.444228 abs_err=0.444228
2025-12-22 01:34:17,377 | INFO | TOP_ERR | split=test epoch=41 rank=4/10 b=17 t=6 var_idx=7 tp=1.063000 y_true=0.869900 y_pred=0.456061 diff=-0.413839 abs_err=0.413839
2025-12-22 01:34:17,377 | INFO | TOP_ERR | split=test epoch=41 rank=5/10 b=37 t=28 var_idx=6 tp=1.313000 y_true=0.992233 y_pred=0.579304 diff=-0.412929 abs_err=0.412929
2025-12-22 01:34:17,378 | INFO | TOP_ERR | split=test epoch=41 rank=6/10 b=17 t=2 var_idx=7 tp=1.027000 y_true=0.869051 y_pred=0.456709 diff=-0.412342 abs_err=0.412342
2025-12-22 01:34:17,378 | INFO | TOP_ERR | split=test epoch=41 rank=7/10 b=55 t=1 var_idx=11 tp=1.013667 y_true=0.160785 y_pred=0.552256 diff=0.391471 abs_err=0.391471
2025-12-22 01:34:17,378 | INFO | TOP_ERR | split=test epoch=41 rank=8/10 b=33 t=5 var_idx=3 tp=1.054667 y_true=0.713170 y_pred=0.369145 diff=-0.344025 abs_err=0.344025
2025-12-22 01:34:17,378 | INFO | TOP_ERR | split=test epoch=41 rank=9/10 b=33 t=11 var_idx=3 tp=1.126667 y_true=0.709735 y_pred=0.367809 diff=-0.341926 abs_err=0.341926
2025-12-22 01:34:17,378 | INFO | TOP_ERR | split=test epoch=41 rank=10/10 b=10 t=22 var_idx=10 tp=1.265333 y_true=0.166149 y_pred=0.491916 diff=0.325766 abs_err=0.325766
2025-12-22 01:34:17,379 | INFO | TOP_BEST | split=test epoch=41 rank=1/3 b=4 t=9 var_idx=3 tp=1.115000 y_true=0.605719 y_pred=0.605713 diff=-0.000006 abs_err=0.000006
2025-12-22 01:34:17,379 | INFO | TOP_BEST | split=test epoch=41 rank=2/3 b=23 t=20 var_idx=1 tp=1.207333 y_true=0.479535 y_pred=0.479555 diff=0.000020 abs_err=0.000020
2025-12-22 01:34:17,379 | INFO | TOP_BEST | split=test epoch=41 rank=3/3 b=32 t=20 var_idx=10 tp=1.225667 y_true=0.652897 y_pred=0.652875 diff=-0.000022 abs_err=0.000022
2025-12-22 01:34:17,379 | INFO | TOP_OK | split=test epoch=41 none_found (no exact matches)
2025-12-22 01:34:22,042 | INFO | TOP_ERR | split=test epoch=42 rank=1/10 b=17 t=6 var_idx=6 tp=1.063000 y_true=0.053281 y_pred=0.720607 diff=0.667326 abs_err=0.667326
2025-12-22 01:34:22,043 | INFO | TOP_ERR | split=test epoch=42 rank=2/10 b=17 t=2 var_idx=6 tp=1.027000 y_true=0.054539 y_pred=0.720714 diff=0.666175 abs_err=0.666175
2025-12-22 01:34:22,043 | INFO | TOP_ERR | split=test epoch=42 rank=3/10 b=31 t=11 var_idx=3 tp=1.144667 y_true=0.259034 y_pred=0.700339 diff=0.441305 abs_err=0.441305
2025-12-22 01:34:22,043 | INFO | TOP_ERR | split=test epoch=42 rank=4/10 b=37 t=28 var_idx=6 tp=1.313000 y_true=0.992233 y_pred=0.579738 diff=-0.412495 abs_err=0.412495
2025-12-22 01:34:22,043 | INFO | TOP_ERR | split=test epoch=42 rank=5/10 b=17 t=6 var_idx=7 tp=1.063000 y_true=0.869900 y_pred=0.465911 diff=-0.403988 abs_err=0.403988
2025-12-22 01:34:22,043 | INFO | TOP_ERR | split=test epoch=42 rank=6/10 b=17 t=2 var_idx=7 tp=1.027000 y_true=0.869051 y_pred=0.466560 diff=-0.402491 abs_err=0.402491
2025-12-22 01:34:22,043 | INFO | TOP_ERR | split=test epoch=42 rank=7/10 b=55 t=1 var_idx=11 tp=1.013667 y_true=0.160785 y_pred=0.552424 diff=0.391639 abs_err=0.391639
2025-12-22 01:34:22,043 | INFO | TOP_ERR | split=test epoch=42 rank=8/10 b=33 t=5 var_idx=3 tp=1.054667 y_true=0.713170 y_pred=0.372779 diff=-0.340391 abs_err=0.340391
2025-12-22 01:34:22,043 | INFO | TOP_ERR | split=test epoch=42 rank=9/10 b=33 t=11 var_idx=3 tp=1.126667 y_true=0.709735 y_pred=0.371444 diff=-0.338291 abs_err=0.338291
2025-12-22 01:34:22,044 | INFO | TOP_ERR | split=test epoch=42 rank=10/10 b=10 t=22 var_idx=10 tp=1.265333 y_true=0.166149 y_pred=0.496094 diff=0.329945 abs_err=0.329945
2025-12-22 01:34:22,044 | INFO | TOP_BEST | split=test epoch=42 rank=1/3 b=43 t=4 var_idx=2 tp=1.097000 y_true=0.483887 y_pred=0.483876 diff=-0.000010 abs_err=0.000010
2025-12-22 01:34:22,044 | INFO | TOP_BEST | split=test epoch=42 rank=2/3 b=8 t=13 var_idx=10 tp=1.139333 y_true=0.457529 y_pred=0.457494 diff=-0.000034 abs_err=0.000034
2025-12-22 01:34:22,044 | INFO | TOP_BEST | split=test epoch=42 rank=3/3 b=50 t=3 var_idx=2 tp=1.034333 y_true=0.494293 y_pred=0.494234 diff=-0.000059 abs_err=0.000059
2025-12-22 01:34:22,044 | INFO | TOP_OK | split=test epoch=42 none_found (no exact matches)
2025-12-22 01:34:26,802 | INFO | TOP_ERR | split=test epoch=43 rank=1/10 b=17 t=6 var_idx=6 tp=1.063000 y_true=0.053281 y_pred=0.719477 diff=0.666195 abs_err=0.666195
2025-12-22 01:34:26,802 | INFO | TOP_ERR | split=test epoch=43 rank=2/10 b=17 t=2 var_idx=6 tp=1.027000 y_true=0.054539 y_pred=0.719754 diff=0.665216 abs_err=0.665216
2025-12-22 01:34:26,802 | INFO | TOP_ERR | split=test epoch=43 rank=3/10 b=31 t=11 var_idx=3 tp=1.144667 y_true=0.259034 y_pred=0.699363 diff=0.440329 abs_err=0.440329
2025-12-22 01:34:26,802 | INFO | TOP_ERR | split=test epoch=43 rank=4/10 b=37 t=28 var_idx=6 tp=1.313000 y_true=0.992233 y_pred=0.573399 diff=-0.418834 abs_err=0.418834
2025-12-22 01:34:26,803 | INFO | TOP_ERR | split=test epoch=43 rank=5/10 b=17 t=6 var_idx=7 tp=1.063000 y_true=0.869900 y_pred=0.457249 diff=-0.412650 abs_err=0.412650
2025-12-22 01:34:26,803 | INFO | TOP_ERR | split=test epoch=43 rank=6/10 b=17 t=2 var_idx=7 tp=1.027000 y_true=0.869051 y_pred=0.457893 diff=-0.411158 abs_err=0.411158
2025-12-22 01:34:26,803 | INFO | TOP_ERR | split=test epoch=43 rank=7/10 b=55 t=1 var_idx=11 tp=1.013667 y_true=0.160785 y_pred=0.551476 diff=0.390691 abs_err=0.390691
2025-12-22 01:34:26,803 | INFO | TOP_ERR | split=test epoch=43 rank=8/10 b=33 t=5 var_idx=3 tp=1.054667 y_true=0.713170 y_pred=0.369022 diff=-0.344148 abs_err=0.344148
2025-12-22 01:34:26,803 | INFO | TOP_ERR | split=test epoch=43 rank=9/10 b=33 t=11 var_idx=3 tp=1.126667 y_true=0.709735 y_pred=0.367473 diff=-0.342262 abs_err=0.342262
2025-12-22 01:34:26,803 | INFO | TOP_ERR | split=test epoch=43 rank=10/10 b=10 t=22 var_idx=10 tp=1.265333 y_true=0.166149 y_pred=0.488248 diff=0.322098 abs_err=0.322098
2025-12-22 01:34:26,804 | INFO | TOP_BEST | split=test epoch=43 rank=1/3 b=7 t=14 var_idx=4 tp=1.157333 y_true=0.499263 y_pred=0.499250 diff=-0.000013 abs_err=0.000013
2025-12-22 01:34:26,804 | INFO | TOP_BEST | split=test epoch=43 rank=2/3 b=24 t=19 var_idx=11 tp=1.189333 y_true=0.587210 y_pred=0.587255 diff=0.000044 abs_err=0.000044
2025-12-22 01:34:26,804 | INFO | TOP_BEST | split=test epoch=43 rank=3/3 b=4 t=12 var_idx=3 tp=1.151000 y_true=0.601245 y_pred=0.601291 diff=0.000046 abs_err=0.000046
2025-12-22 01:34:26,804 | INFO | TOP_OK | split=test epoch=43 none_found (no exact matches)
2025-12-22 01:34:43,955 | INFO | TOP_ERR | split=test epoch=47 rank=1/10 b=17 t=6 var_idx=6 tp=1.063000 y_true=0.053281 y_pred=0.720183 diff=0.666902 abs_err=0.666902
2025-12-22 01:34:43,955 | INFO | TOP_ERR | split=test epoch=47 rank=2/10 b=17 t=2 var_idx=6 tp=1.027000 y_true=0.054539 y_pred=0.720290 diff=0.665751 abs_err=0.665751
2025-12-22 01:34:43,955 | INFO | TOP_ERR | split=test epoch=47 rank=3/10 b=31 t=11 var_idx=3 tp=1.144667 y_true=0.259034 y_pred=0.702218 diff=0.443184 abs_err=0.443184
2025-12-22 01:34:43,955 | INFO | TOP_ERR | split=test epoch=47 rank=4/10 b=17 t=6 var_idx=7 tp=1.063000 y_true=0.869900 y_pred=0.456020 diff=-0.413880 abs_err=0.413880
2025-12-22 01:34:43,955 | INFO | TOP_ERR | split=test epoch=47 rank=5/10 b=37 t=28 var_idx=6 tp=1.313000 y_true=0.992233 y_pred=0.578526 diff=-0.413707 abs_err=0.413707
2025-12-22 01:34:43,955 | INFO | TOP_ERR | split=test epoch=47 rank=6/10 b=17 t=2 var_idx=7 tp=1.027000 y_true=0.869051 y_pred=0.456312 diff=-0.412739 abs_err=0.412739
2025-12-22 01:34:43,956 | INFO | TOP_ERR | split=test epoch=47 rank=7/10 b=55 t=1 var_idx=11 tp=1.013667 y_true=0.160785 y_pred=0.551568 diff=0.390783 abs_err=0.390783
2025-12-22 01:34:43,956 | INFO | TOP_ERR | split=test epoch=47 rank=8/10 b=33 t=5 var_idx=3 tp=1.054667 y_true=0.713170 y_pred=0.367065 diff=-0.346105 abs_err=0.346105
2025-12-22 01:34:43,956 | INFO | TOP_ERR | split=test epoch=47 rank=9/10 b=33 t=11 var_idx=3 tp=1.126667 y_true=0.709735 y_pred=0.365875 diff=-0.343860 abs_err=0.343860
2025-12-22 01:34:43,956 | INFO | TOP_ERR | split=test epoch=47 rank=10/10 b=31 t=11 var_idx=4 tp=1.144667 y_true=0.237305 y_pred=0.565119 diff=0.327813 abs_err=0.327813
2025-12-22 01:34:43,956 | INFO | TOP_BEST | split=test epoch=47 rank=1/3 b=36 t=6 var_idx=8 tp=1.070000 y_true=0.691625 y_pred=0.691628 diff=0.000003 abs_err=0.000003
2025-12-22 01:34:43,957 | INFO | TOP_BEST | split=test epoch=47 rank=2/3 b=4 t=9 var_idx=3 tp=1.115000 y_true=0.605719 y_pred=0.605710 diff=-0.000009 abs_err=0.000009
2025-12-22 01:34:43,957 | INFO | TOP_BEST | split=test epoch=47 rank=3/3 b=60 t=7 var_idx=7 tp=1.104000 y_true=0.480487 y_pred=0.480470 diff=-0.000017 abs_err=0.000017
2025-12-22 01:34:43,957 | INFO | TOP_OK | split=test epoch=47 rank=1/3 b=60 t=1 var_idx=5 tp=1.014333 y_true=0.593162 y_pred=0.593162
2025-12-22 01:34:48,631 | INFO | TOP_ERR | split=test epoch=48 rank=1/10 b=17 t=6 var_idx=6 tp=1.063000 y_true=0.053281 y_pred=0.717634 diff=0.664353 abs_err=0.664353
2025-12-22 01:34:48,631 | INFO | TOP_ERR | split=test epoch=48 rank=2/10 b=17 t=2 var_idx=6 tp=1.027000 y_true=0.054539 y_pred=0.717798 diff=0.663260 abs_err=0.663260
2025-12-22 01:34:48,631 | INFO | TOP_ERR | split=test epoch=48 rank=3/10 b=31 t=11 var_idx=3 tp=1.144667 y_true=0.259034 y_pred=0.698494 diff=0.439460 abs_err=0.439460
2025-12-22 01:34:48,632 | INFO | TOP_ERR | split=test epoch=48 rank=4/10 b=37 t=28 var_idx=6 tp=1.313000 y_true=0.992233 y_pred=0.574650 diff=-0.417583 abs_err=0.417583
2025-12-22 01:34:48,632 | INFO | TOP_ERR | split=test epoch=48 rank=5/10 b=17 t=6 var_idx=7 tp=1.063000 y_true=0.869900 y_pred=0.460029 diff=-0.409871 abs_err=0.409871
2025-12-22 01:34:48,632 | INFO | TOP_ERR | split=test epoch=48 rank=6/10 b=17 t=2 var_idx=7 tp=1.027000 y_true=0.869051 y_pred=0.460496 diff=-0.408555 abs_err=0.408555
2025-12-22 01:34:48,632 | INFO | TOP_ERR | split=test epoch=48 rank=7/10 b=55 t=1 var_idx=11 tp=1.013667 y_true=0.160785 y_pred=0.547120 diff=0.386335 abs_err=0.386335
2025-12-22 01:34:48,632 | INFO | TOP_ERR | split=test epoch=48 rank=8/10 b=33 t=5 var_idx=3 tp=1.054667 y_true=0.713170 y_pred=0.366590 diff=-0.346580 abs_err=0.346580
2025-12-22 01:34:48,632 | INFO | TOP_ERR | split=test epoch=48 rank=9/10 b=33 t=11 var_idx=3 tp=1.126667 y_true=0.709735 y_pred=0.365400 diff=-0.344335 abs_err=0.344335
2025-12-22 01:34:48,632 | INFO | TOP_ERR | split=test epoch=48 rank=10/10 b=10 t=22 var_idx=10 tp=1.265333 y_true=0.166149 y_pred=0.490400 diff=0.324251 abs_err=0.324251
2025-12-22 01:34:48,633 | INFO | TOP_BEST | split=test epoch=48 rank=1/3 b=9 t=0 var_idx=0 tp=1.004000 y_true=0.499351 y_pred=0.499348 diff=-0.000003 abs_err=0.000003
2025-12-22 01:34:48,633 | INFO | TOP_BEST | split=test epoch=48 rank=2/3 b=23 t=26 var_idx=2 tp=1.279667 y_true=0.357747 y_pred=0.357743 diff=-0.000004 abs_err=0.000004
2025-12-22 01:34:48,633 | INFO | TOP_BEST | split=test epoch=48 rank=3/3 b=24 t=30 var_idx=1 tp=1.306667 y_true=0.494105 y_pred=0.494100 diff=-0.000005 abs_err=0.000005
2025-12-22 01:34:48,633 | INFO | TOP_OK | split=test epoch=48 none_found (no exact matches)
2025-12-22 01:35:01,638 | INFO | TOP_ERR | split=test epoch=51 rank=1/10 b=17 t=6 var_idx=6 tp=1.063000 y_true=0.053281 y_pred=0.719780 diff=0.666499 abs_err=0.666499
2025-12-22 01:35:01,638 | INFO | TOP_ERR | split=test epoch=51 rank=2/10 b=17 t=2 var_idx=6 tp=1.027000 y_true=0.054539 y_pred=0.719926 diff=0.665388 abs_err=0.665388
2025-12-22 01:35:01,638 | INFO | TOP_ERR | split=test epoch=51 rank=3/10 b=31 t=11 var_idx=3 tp=1.144667 y_true=0.259034 y_pred=0.700269 diff=0.441235 abs_err=0.441235
2025-12-22 01:35:01,639 | INFO | TOP_ERR | split=test epoch=51 rank=4/10 b=37 t=28 var_idx=6 tp=1.313000 y_true=0.992233 y_pred=0.577608 diff=-0.414625 abs_err=0.414625
2025-12-22 01:35:01,639 | INFO | TOP_ERR | split=test epoch=51 rank=5/10 b=17 t=6 var_idx=7 tp=1.063000 y_true=0.869900 y_pred=0.460370 diff=-0.409529 abs_err=0.409529
2025-12-22 01:35:01,639 | INFO | TOP_ERR | split=test epoch=51 rank=6/10 b=17 t=2 var_idx=7 tp=1.027000 y_true=0.869051 y_pred=0.460691 diff=-0.408359 abs_err=0.408359
2025-12-22 01:35:01,639 | INFO | TOP_ERR | split=test epoch=51 rank=7/10 b=55 t=1 var_idx=11 tp=1.013667 y_true=0.160785 y_pred=0.541460 diff=0.380676 abs_err=0.380676
2025-12-22 01:35:01,639 | INFO | TOP_ERR | split=test epoch=51 rank=8/10 b=33 t=5 var_idx=3 tp=1.054667 y_true=0.713170 y_pred=0.365624 diff=-0.347546 abs_err=0.347546
2025-12-22 01:35:01,639 | INFO | TOP_ERR | split=test epoch=51 rank=9/10 b=33 t=11 var_idx=3 tp=1.126667 y_true=0.709735 y_pred=0.364434 diff=-0.345302 abs_err=0.345302
2025-12-22 01:35:01,639 | INFO | TOP_ERR | split=test epoch=51 rank=10/10 b=31 t=11 var_idx=4 tp=1.144667 y_true=0.237305 y_pred=0.559997 diff=0.322692 abs_err=0.322692
2025-12-22 01:35:01,640 | INFO | TOP_BEST | split=test epoch=51 rank=1/3 b=45 t=20 var_idx=1 tp=1.223333 y_true=0.374189 y_pred=0.374184 diff=-0.000004 abs_err=0.000004
2025-12-22 01:35:01,640 | INFO | TOP_BEST | split=test epoch=51 rank=2/3 b=24 t=30 var_idx=1 tp=1.306667 y_true=0.494105 y_pred=0.494090 diff=-0.000015 abs_err=0.000015
2025-12-22 01:35:01,640 | INFO | TOP_BEST | split=test epoch=51 rank=3/3 b=32 t=23 var_idx=10 tp=1.261667 y_true=0.651632 y_pred=0.651605 diff=-0.000027 abs_err=0.000027
2025-12-22 01:35:01,640 | INFO | TOP_OK | split=test epoch=51 none_found (no exact matches)
2025-12-22 01:35:10,463 | INFO | TOP_ERR | split=test epoch=53 rank=1/10 b=17 t=6 var_idx=6 tp=1.063000 y_true=0.053281 y_pred=0.711824 diff=0.658543 abs_err=0.658543
2025-12-22 01:35:10,463 | INFO | TOP_ERR | split=test epoch=53 rank=2/10 b=17 t=2 var_idx=6 tp=1.027000 y_true=0.054539 y_pred=0.711892 diff=0.657354 abs_err=0.657354
2025-12-22 01:35:10,463 | INFO | TOP_ERR | split=test epoch=53 rank=3/10 b=31 t=11 var_idx=3 tp=1.144667 y_true=0.259034 y_pred=0.697107 diff=0.438073 abs_err=0.438073
2025-12-22 01:35:10,463 | INFO | TOP_ERR | split=test epoch=53 rank=4/10 b=37 t=28 var_idx=6 tp=1.313000 y_true=0.992233 y_pred=0.571236 diff=-0.420997 abs_err=0.420997
2025-12-22 01:35:10,464 | INFO | TOP_ERR | split=test epoch=53 rank=5/10 b=17 t=6 var_idx=7 tp=1.063000 y_true=0.869900 y_pred=0.462087 diff=-0.407813 abs_err=0.407813
2025-12-22 01:35:10,464 | INFO | TOP_ERR | split=test epoch=53 rank=6/10 b=17 t=2 var_idx=7 tp=1.027000 y_true=0.869051 y_pred=0.462554 diff=-0.406497 abs_err=0.406497
2025-12-22 01:35:10,464 | INFO | TOP_ERR | split=test epoch=53 rank=7/10 b=55 t=1 var_idx=11 tp=1.013667 y_true=0.160785 y_pred=0.540232 diff=0.379447 abs_err=0.379447
2025-12-22 01:35:10,464 | INFO | TOP_ERR | split=test epoch=53 rank=8/10 b=33 t=5 var_idx=3 tp=1.054667 y_true=0.713170 y_pred=0.366257 diff=-0.346913 abs_err=0.346913
2025-12-22 01:35:10,464 | INFO | TOP_ERR | split=test epoch=53 rank=9/10 b=33 t=11 var_idx=3 tp=1.126667 y_true=0.709735 y_pred=0.365068 diff=-0.344667 abs_err=0.344667
2025-12-22 01:35:10,464 | INFO | TOP_ERR | split=test epoch=53 rank=10/10 b=10 t=22 var_idx=10 tp=1.265333 y_true=0.166149 y_pred=0.489485 diff=0.323336 abs_err=0.323336
2025-12-22 01:35:10,465 | INFO | TOP_BEST | split=test epoch=53 rank=1/3 b=32 t=10 var_idx=8 tp=1.108667 y_true=0.639515 y_pred=0.639476 diff=-0.000039 abs_err=0.000039
2025-12-22 01:35:10,465 | INFO | TOP_BEST | split=test epoch=53 rank=2/3 b=4 t=3 var_idx=3 tp=1.043000 y_true=0.600008 y_pred=0.600051 diff=0.000043 abs_err=0.000043
2025-12-22 01:35:10,465 | INFO | TOP_BEST | split=test epoch=53 rank=3/3 b=2 t=13 var_idx=9 tp=1.160000 y_true=0.392779 y_pred=0.392823 diff=0.000044 abs_err=0.000044
2025-12-22 01:35:10,465 | INFO | TOP_OK | split=test epoch=53 none_found (no exact matches)
2025-12-22 01:35:27,598 | INFO | TOP_ERR | split=test epoch=57 rank=1/10 b=17 t=6 var_idx=6 tp=1.063000 y_true=0.053281 y_pred=0.718417 diff=0.665135 abs_err=0.665136
2025-12-22 01:35:27,598 | INFO | TOP_ERR | split=test epoch=57 rank=2/10 b=17 t=2 var_idx=6 tp=1.027000 y_true=0.054539 y_pred=0.718565 diff=0.664026 abs_err=0.664026
2025-12-22 01:35:27,599 | INFO | TOP_ERR | split=test epoch=57 rank=3/10 b=31 t=11 var_idx=3 tp=1.144667 y_true=0.259034 y_pred=0.703286 diff=0.444252 abs_err=0.444252
2025-12-22 01:35:27,599 | INFO | TOP_ERR | split=test epoch=57 rank=4/10 b=37 t=28 var_idx=6 tp=1.313000 y_true=0.992233 y_pred=0.578554 diff=-0.413679 abs_err=0.413679
2025-12-22 01:35:27,599 | INFO | TOP_ERR | split=test epoch=57 rank=5/10 b=17 t=6 var_idx=7 tp=1.063000 y_true=0.869900 y_pred=0.463153 diff=-0.406746 abs_err=0.406746
2025-12-22 01:35:27,599 | INFO | TOP_ERR | split=test epoch=57 rank=6/10 b=17 t=2 var_idx=7 tp=1.027000 y_true=0.869051 y_pred=0.463419 diff=-0.405632 abs_err=0.405632
2025-12-22 01:35:27,599 | INFO | TOP_ERR | split=test epoch=57 rank=7/10 b=55 t=1 var_idx=11 tp=1.013667 y_true=0.160785 y_pred=0.544370 diff=0.383585 abs_err=0.383585
2025-12-22 01:35:27,599 | INFO | TOP_ERR | split=test epoch=57 rank=8/10 b=33 t=5 var_idx=3 tp=1.054667 y_true=0.713170 y_pred=0.372136 diff=-0.341034 abs_err=0.341034
2025-12-22 01:35:27,599 | INFO | TOP_ERR | split=test epoch=57 rank=9/10 b=33 t=11 var_idx=3 tp=1.126667 y_true=0.709735 y_pred=0.370948 diff=-0.338787 abs_err=0.338787
2025-12-22 01:35:27,599 | INFO | TOP_ERR | split=test epoch=57 rank=10/10 b=10 t=22 var_idx=10 tp=1.265333 y_true=0.166149 y_pred=0.489572 diff=0.323422 abs_err=0.323422
2025-12-22 01:35:27,600 | INFO | TOP_BEST | split=test epoch=57 rank=1/3 b=59 t=1 var_idx=9 tp=1.013667 y_true=0.710631 y_pred=0.710624 diff=-0.000006 abs_err=0.000006
2025-12-22 01:35:27,600 | INFO | TOP_BEST | split=test epoch=57 rank=2/3 b=15 t=25 var_idx=2 tp=1.274667 y_true=0.433265 y_pred=0.433256 diff=-0.000009 abs_err=0.000009
2025-12-22 01:35:27,600 | INFO | TOP_BEST | split=test epoch=57 rank=3/3 b=26 t=3 var_idx=10 tp=1.027333 y_true=0.638677 y_pred=0.638663 diff=-0.000014 abs_err=0.000014
2025-12-22 01:35:27,600 | INFO | TOP_OK | split=test epoch=57 none_found (no exact matches)
2025-12-22 01:35:53,048 | INFO | TOP_ERR | split=test epoch=63 rank=1/10 b=17 t=6 var_idx=6 tp=1.063000 y_true=0.053281 y_pred=0.715365 diff=0.662084 abs_err=0.662084
2025-12-22 01:35:53,049 | INFO | TOP_ERR | split=test epoch=63 rank=2/10 b=17 t=2 var_idx=6 tp=1.027000 y_true=0.054539 y_pred=0.715552 diff=0.661014 abs_err=0.661014
2025-12-22 01:35:53,049 | INFO | TOP_ERR | split=test epoch=63 rank=3/10 b=31 t=11 var_idx=3 tp=1.144667 y_true=0.259034 y_pred=0.688258 diff=0.429224 abs_err=0.429224
2025-12-22 01:35:53,049 | INFO | TOP_ERR | split=test epoch=63 rank=4/10 b=37 t=28 var_idx=6 tp=1.313000 y_true=0.992233 y_pred=0.580190 diff=-0.412043 abs_err=0.412043
2025-12-22 01:35:53,049 | INFO | TOP_ERR | split=test epoch=63 rank=5/10 b=17 t=6 var_idx=7 tp=1.063000 y_true=0.869900 y_pred=0.458633 diff=-0.411266 abs_err=0.411266
2025-12-22 01:35:53,049 | INFO | TOP_ERR | split=test epoch=63 rank=6/10 b=17 t=2 var_idx=7 tp=1.027000 y_true=0.869051 y_pred=0.458828 diff=-0.410223 abs_err=0.410223
2025-12-22 01:35:53,049 | INFO | TOP_ERR | split=test epoch=63 rank=7/10 b=55 t=1 var_idx=11 tp=1.013667 y_true=0.160785 y_pred=0.553397 diff=0.392612 abs_err=0.392612
2025-12-22 01:35:53,049 | INFO | TOP_ERR | split=test epoch=63 rank=8/10 b=33 t=5 var_idx=3 tp=1.054667 y_true=0.713170 y_pred=0.374009 diff=-0.339161 abs_err=0.339161
2025-12-22 01:35:53,049 | INFO | TOP_ERR | split=test epoch=63 rank=9/10 b=33 t=11 var_idx=3 tp=1.126667 y_true=0.709735 y_pred=0.372821 diff=-0.336914 abs_err=0.336914
2025-12-22 01:35:53,049 | INFO | TOP_ERR | split=test epoch=63 rank=10/10 b=40 t=23 var_idx=10 tp=1.259000 y_true=0.636779 y_pred=0.314478 diff=-0.322301 abs_err=0.322301
2025-12-22 01:35:53,050 | INFO | TOP_BEST | split=test epoch=63 rank=1/3 b=61 t=2 var_idx=8 tp=1.023000 y_true=0.683446 y_pred=0.683438 diff=-0.000008 abs_err=0.000008
2025-12-22 01:35:53,050 | INFO | TOP_BEST | split=test epoch=63 rank=2/3 b=14 t=1 var_idx=9 tp=1.013333 y_true=0.661281 y_pred=0.661273 diff=-0.000008 abs_err=0.000008
2025-12-22 01:35:53,050 | INFO | TOP_BEST | split=test epoch=63 rank=3/3 b=22 t=5 var_idx=8 tp=1.054333 y_true=0.657160 y_pred=0.657149 diff=-0.000010 abs_err=0.000010
2025-12-22 01:35:53,050 | INFO | TOP_OK | split=test epoch=63 none_found (no exact matches)
2025-12-22 01:35:57,756 | INFO | TOP_ERR | split=test epoch=64 rank=1/10 b=17 t=6 var_idx=6 tp=1.063000 y_true=0.053281 y_pred=0.712397 diff=0.659116 abs_err=0.659116
2025-12-22 01:35:57,756 | INFO | TOP_ERR | split=test epoch=64 rank=2/10 b=17 t=2 var_idx=6 tp=1.027000 y_true=0.054539 y_pred=0.712631 diff=0.658093 abs_err=0.658093
2025-12-22 01:35:57,756 | INFO | TOP_ERR | split=test epoch=64 rank=3/10 b=31 t=11 var_idx=3 tp=1.144667 y_true=0.259034 y_pred=0.692109 diff=0.433075 abs_err=0.433075
2025-12-22 01:35:57,756 | INFO | TOP_ERR | split=test epoch=64 rank=4/10 b=37 t=28 var_idx=6 tp=1.313000 y_true=0.992233 y_pred=0.579135 diff=-0.413098 abs_err=0.413098
2025-12-22 01:35:57,756 | INFO | TOP_ERR | split=test epoch=64 rank=5/10 b=17 t=6 var_idx=7 tp=1.063000 y_true=0.869900 y_pred=0.463153 diff=-0.406747 abs_err=0.406747
2025-12-22 01:35:57,756 | INFO | TOP_ERR | split=test epoch=64 rank=6/10 b=17 t=2 var_idx=7 tp=1.027000 y_true=0.869051 y_pred=0.463347 diff=-0.405704 abs_err=0.405704
2025-12-22 01:35:57,757 | INFO | TOP_ERR | split=test epoch=64 rank=7/10 b=55 t=1 var_idx=11 tp=1.013667 y_true=0.160785 y_pred=0.542298 diff=0.381514 abs_err=0.381514
2025-12-22 01:35:57,757 | INFO | TOP_ERR | split=test epoch=64 rank=8/10 b=33 t=5 var_idx=3 tp=1.054667 y_true=0.713170 y_pred=0.379388 diff=-0.333782 abs_err=0.333782
2025-12-22 01:35:57,757 | INFO | TOP_ERR | split=test epoch=64 rank=9/10 b=33 t=11 var_idx=3 tp=1.126667 y_true=0.709735 y_pred=0.378201 diff=-0.331534 abs_err=0.331534
2025-12-22 01:35:57,757 | INFO | TOP_ERR | split=test epoch=64 rank=10/10 b=31 t=11 var_idx=4 tp=1.144667 y_true=0.237305 y_pred=0.561944 diff=0.324639 abs_err=0.324639
2025-12-22 01:35:57,757 | INFO | TOP_BEST | split=test epoch=64 rank=1/3 b=28 t=28 var_idx=11 tp=1.297667 y_true=0.583467 y_pred=0.583488 diff=0.000021 abs_err=0.000021
2025-12-22 01:35:57,758 | INFO | TOP_BEST | split=test epoch=64 rank=2/3 b=46 t=17 var_idx=3 tp=1.187333 y_true=0.600214 y_pred=0.600193 diff=-0.000021 abs_err=0.000021
2025-12-22 01:35:57,758 | INFO | TOP_BEST | split=test epoch=64 rank=3/3 b=31 t=26 var_idx=9 tp=1.306667 y_true=0.545772 y_pred=0.545804 diff=0.000032 abs_err=0.000032
2025-12-22 01:35:57,758 | INFO | TOP_OK | split=test epoch=64 none_found (no exact matches)
2025-12-22 01:36:48,226 | INFO | TOP_ERR | split=test epoch=76 rank=1/10 b=17 t=6 var_idx=6 tp=1.063000 y_true=0.053281 y_pred=0.707998 diff=0.654717 abs_err=0.654717
2025-12-22 01:36:48,226 | INFO | TOP_ERR | split=test epoch=76 rank=2/10 b=17 t=2 var_idx=6 tp=1.027000 y_true=0.054539 y_pred=0.708234 diff=0.653695 abs_err=0.653695
2025-12-22 01:36:48,226 | INFO | TOP_ERR | split=test epoch=76 rank=3/10 b=31 t=11 var_idx=3 tp=1.144667 y_true=0.259034 y_pred=0.683086 diff=0.424052 abs_err=0.424052
2025-12-22 01:36:48,226 | INFO | TOP_ERR | split=test epoch=76 rank=4/10 b=37 t=28 var_idx=6 tp=1.313000 y_true=0.992233 y_pred=0.576851 diff=-0.415382 abs_err=0.415382
2025-12-22 01:36:48,226 | INFO | TOP_ERR | split=test epoch=76 rank=5/10 b=17 t=6 var_idx=7 tp=1.063000 y_true=0.869900 y_pred=0.456919 diff=-0.412981 abs_err=0.412981
2025-12-22 01:36:48,227 | INFO | TOP_ERR | split=test epoch=76 rank=6/10 b=17 t=2 var_idx=7 tp=1.027000 y_true=0.869051 y_pred=0.457151 diff=-0.411900 abs_err=0.411900
2025-12-22 01:36:48,227 | INFO | TOP_ERR | split=test epoch=76 rank=7/10 b=55 t=1 var_idx=11 tp=1.013667 y_true=0.160785 y_pred=0.545226 diff=0.384441 abs_err=0.384441
2025-12-22 01:36:48,227 | INFO | TOP_ERR | split=test epoch=76 rank=8/10 b=33 t=5 var_idx=3 tp=1.054667 y_true=0.713170 y_pred=0.385353 diff=-0.327817 abs_err=0.327817
2025-12-22 01:36:48,227 | INFO | TOP_ERR | split=test epoch=76 rank=9/10 b=33 t=11 var_idx=3 tp=1.126667 y_true=0.709735 y_pred=0.384517 diff=-0.325218 abs_err=0.325218
2025-12-22 01:36:48,227 | INFO | TOP_ERR | split=test epoch=76 rank=10/10 b=19 t=1 var_idx=9 tp=1.018000 y_true=0.860309 y_pred=0.538369 diff=-0.321940 abs_err=0.321940
2025-12-22 01:36:48,228 | INFO | TOP_BEST | split=test epoch=76 rank=1/3 b=6 t=23 var_idx=0 tp=1.247333 y_true=0.514309 y_pred=0.514313 diff=0.000003 abs_err=0.000003
2025-12-22 01:36:48,228 | INFO | TOP_BEST | split=test epoch=76 rank=2/3 b=41 t=21 var_idx=3 tp=1.268333 y_true=0.621403 y_pred=0.621415 diff=0.000012 abs_err=0.000012
2025-12-22 01:36:48,228 | INFO | TOP_BEST | split=test epoch=76 rank=3/3 b=35 t=24 var_idx=9 tp=1.268000 y_true=0.598008 y_pred=0.597989 diff=-0.000019 abs_err=0.000019
2025-12-22 01:36:48,228 | INFO | TOP_OK | split=test epoch=76 none_found (no exact matches)
2025-12-22 01:36:52,913 | INFO | TOP_ERR | split=test epoch=77 rank=1/10 b=17 t=6 var_idx=6 tp=1.063000 y_true=0.053281 y_pred=0.701046 diff=0.647765 abs_err=0.647765
2025-12-22 01:36:52,914 | INFO | TOP_ERR | split=test epoch=77 rank=2/10 b=17 t=2 var_idx=6 tp=1.027000 y_true=0.054539 y_pred=0.701173 diff=0.646635 abs_err=0.646635
2025-12-22 01:36:52,914 | INFO | TOP_ERR | split=test epoch=77 rank=3/10 b=31 t=11 var_idx=3 tp=1.144667 y_true=0.259034 y_pred=0.690225 diff=0.431191 abs_err=0.431191
2025-12-22 01:36:52,914 | INFO | TOP_ERR | split=test epoch=77 rank=4/10 b=37 t=28 var_idx=6 tp=1.313000 y_true=0.992233 y_pred=0.574338 diff=-0.417895 abs_err=0.417895
2025-12-22 01:36:52,914 | INFO | TOP_ERR | split=test epoch=77 rank=5/10 b=17 t=6 var_idx=7 tp=1.063000 y_true=0.869900 y_pred=0.462797 diff=-0.407103 abs_err=0.407103
2025-12-22 01:36:52,914 | INFO | TOP_ERR | split=test epoch=77 rank=6/10 b=17 t=2 var_idx=7 tp=1.027000 y_true=0.869051 y_pred=0.462989 diff=-0.406061 abs_err=0.406061
2025-12-22 01:36:52,914 | INFO | TOP_ERR | split=test epoch=77 rank=7/10 b=55 t=1 var_idx=11 tp=1.013667 y_true=0.160785 y_pred=0.550006 diff=0.389221 abs_err=0.389221
2025-12-22 01:36:52,914 | INFO | TOP_ERR | split=test epoch=77 rank=8/10 b=19 t=1 var_idx=9 tp=1.018000 y_true=0.860309 y_pred=0.536402 diff=-0.323907 abs_err=0.323907
2025-12-22 01:36:52,915 | INFO | TOP_ERR | split=test epoch=77 rank=9/10 b=33 t=5 var_idx=3 tp=1.054667 y_true=0.713170 y_pred=0.390574 diff=-0.322596 abs_err=0.322596
2025-12-22 01:36:52,915 | INFO | TOP_ERR | split=test epoch=77 rank=10/10 b=10 t=22 var_idx=10 tp=1.265333 y_true=0.166149 y_pred=0.488078 diff=0.321929 abs_err=0.321929
2025-12-22 01:36:52,915 | INFO | TOP_BEST | split=test epoch=77 rank=1/3 b=55 t=22 var_idx=1 tp=1.239000 y_true=0.358485 y_pred=0.358485 diff=-0.000000 abs_err=0.000000
2025-12-22 01:36:52,915 | INFO | TOP_BEST | split=test epoch=77 rank=2/3 b=31 t=6 var_idx=10 tp=1.090667 y_true=0.640226 y_pred=0.640229 diff=0.000004 abs_err=0.000004
2025-12-22 01:36:52,915 | INFO | TOP_BEST | split=test epoch=77 rank=3/3 b=62 t=3 var_idx=8 tp=1.050000 y_true=0.705832 y_pred=0.705826 diff=-0.000007 abs_err=0.000007
2025-12-22 01:36:52,915 | INFO | TOP_OK | split=test epoch=77 none_found (no exact matches)
2025-12-22 01:37:22,399 | INFO | TOP_ERR | split=test epoch=84 rank=1/10 b=17 t=6 var_idx=6 tp=1.063000 y_true=0.053281 y_pred=0.696549 diff=0.643268 abs_err=0.643268
2025-12-22 01:37:22,399 | INFO | TOP_ERR | split=test epoch=84 rank=2/10 b=17 t=2 var_idx=6 tp=1.027000 y_true=0.054539 y_pred=0.696676 diff=0.642137 abs_err=0.642137
2025-12-22 01:37:22,399 | INFO | TOP_ERR | split=test epoch=84 rank=3/10 b=31 t=11 var_idx=3 tp=1.144667 y_true=0.259034 y_pred=0.685252 diff=0.426217 abs_err=0.426217
2025-12-22 01:37:22,399 | INFO | TOP_ERR | split=test epoch=84 rank=4/10 b=37 t=28 var_idx=6 tp=1.313000 y_true=0.992233 y_pred=0.569398 diff=-0.422835 abs_err=0.422835
2025-12-22 01:37:22,399 | INFO | TOP_ERR | split=test epoch=84 rank=5/10 b=17 t=6 var_idx=7 tp=1.063000 y_true=0.869900 y_pred=0.463072 diff=-0.406828 abs_err=0.406828
2025-12-22 01:37:22,400 | INFO | TOP_ERR | split=test epoch=84 rank=6/10 b=17 t=2 var_idx=7 tp=1.027000 y_true=0.869051 y_pred=0.463329 diff=-0.405722 abs_err=0.405722
2025-12-22 01:37:22,400 | INFO | TOP_ERR | split=test epoch=84 rank=7/10 b=55 t=1 var_idx=11 tp=1.013667 y_true=0.160785 y_pred=0.542325 diff=0.381540 abs_err=0.381540
2025-12-22 01:37:22,400 | INFO | TOP_ERR | split=test epoch=84 rank=8/10 b=19 t=1 var_idx=9 tp=1.018000 y_true=0.860309 y_pred=0.532436 diff=-0.327873 abs_err=0.327873
2025-12-22 01:37:22,400 | INFO | TOP_ERR | split=test epoch=84 rank=9/10 b=33 t=5 var_idx=3 tp=1.054667 y_true=0.713170 y_pred=0.390806 diff=-0.322364 abs_err=0.322364
2025-12-22 01:37:22,400 | INFO | TOP_ERR | split=test epoch=84 rank=10/10 b=33 t=11 var_idx=3 tp=1.126667 y_true=0.709735 y_pred=0.389971 diff=-0.319764 abs_err=0.319764
2025-12-22 01:37:22,401 | INFO | TOP_BEST | split=test epoch=84 rank=1/3 b=32 t=10 var_idx=8 tp=1.108667 y_true=0.639515 y_pred=0.639507 diff=-0.000008 abs_err=0.000008
2025-12-22 01:37:22,401 | INFO | TOP_BEST | split=test epoch=84 rank=2/3 b=28 t=0 var_idx=6 tp=1.000333 y_true=0.519174 y_pred=0.519184 diff=0.000010 abs_err=0.000010
2025-12-22 01:37:22,401 | INFO | TOP_BEST | split=test epoch=84 rank=3/3 b=58 t=21 var_idx=2 tp=1.248000 y_true=0.412472 y_pred=0.412458 diff=-0.000014 abs_err=0.000014
2025-12-22 01:37:22,401 | INFO | TOP_OK | split=test epoch=84 none_found (no exact matches)
2025-12-22 01:37:31,252 | INFO | TOP_ERR | split=test epoch=86 rank=1/10 b=17 t=6 var_idx=6 tp=1.063000 y_true=0.053281 y_pred=0.696230 diff=0.642948 abs_err=0.642949
2025-12-22 01:37:31,252 | INFO | TOP_ERR | split=test epoch=86 rank=2/10 b=17 t=2 var_idx=6 tp=1.027000 y_true=0.054539 y_pred=0.696356 diff=0.641817 abs_err=0.641817
2025-12-22 01:37:31,252 | INFO | TOP_ERR | split=test epoch=86 rank=3/10 b=31 t=11 var_idx=3 tp=1.144667 y_true=0.259034 y_pred=0.685317 diff=0.426283 abs_err=0.426283
2025-12-22 01:37:31,252 | INFO | TOP_ERR | split=test epoch=86 rank=4/10 b=37 t=28 var_idx=6 tp=1.313000 y_true=0.992233 y_pred=0.568857 diff=-0.423376 abs_err=0.423376
2025-12-22 01:37:31,252 | INFO | TOP_ERR | split=test epoch=86 rank=5/10 b=17 t=6 var_idx=7 tp=1.063000 y_true=0.869900 y_pred=0.458898 diff=-0.411001 abs_err=0.411001
2025-12-22 01:37:31,253 | INFO | TOP_ERR | split=test epoch=86 rank=6/10 b=17 t=2 var_idx=7 tp=1.027000 y_true=0.869051 y_pred=0.459095 diff=-0.409955 abs_err=0.409955
2025-12-22 01:37:31,253 | INFO | TOP_ERR | split=test epoch=86 rank=7/10 b=55 t=1 var_idx=11 tp=1.013667 y_true=0.160785 y_pred=0.537313 diff=0.376528 abs_err=0.376528
2025-12-22 01:37:31,253 | INFO | TOP_ERR | split=test epoch=86 rank=8/10 b=19 t=1 var_idx=9 tp=1.018000 y_true=0.860309 y_pred=0.528745 diff=-0.331564 abs_err=0.331564
2025-12-22 01:37:31,253 | INFO | TOP_ERR | split=test epoch=86 rank=9/10 b=33 t=5 var_idx=3 tp=1.054667 y_true=0.713170 y_pred=0.391377 diff=-0.321793 abs_err=0.321793
2025-12-22 01:37:31,253 | INFO | TOP_ERR | split=test epoch=86 rank=10/10 b=31 t=11 var_idx=4 tp=1.144667 y_true=0.237305 y_pred=0.558288 diff=0.320983 abs_err=0.320983
2025-12-22 01:37:31,253 | INFO | TOP_BEST | split=test epoch=86 rank=1/3 b=8 t=21 var_idx=5 tp=1.220333 y_true=0.535475 y_pred=0.535473 diff=-0.000002 abs_err=0.000002
2025-12-22 01:37:31,254 | INFO | TOP_BEST | split=test epoch=86 rank=2/3 b=60 t=1 var_idx=9 tp=1.041000 y_true=0.668542 y_pred=0.668532 diff=-0.000010 abs_err=0.000010
2025-12-22 01:37:31,254 | INFO | TOP_BEST | split=test epoch=86 rank=3/3 b=46 t=17 var_idx=3 tp=1.187333 y_true=0.600214 y_pred=0.600192 diff=-0.000022 abs_err=0.000022
2025-12-22 01:37:31,254 | INFO | TOP_OK | split=test epoch=86 none_found (no exact matches)
2025-12-22 01:37:56,752 | INFO | TOP_ERR | split=test epoch=92 rank=1/10 b=17 t=6 var_idx=6 tp=1.063000 y_true=0.053281 y_pred=0.695951 diff=0.642670 abs_err=0.642670
2025-12-22 01:37:56,752 | INFO | TOP_ERR | split=test epoch=92 rank=2/10 b=17 t=2 var_idx=6 tp=1.027000 y_true=0.054539 y_pred=0.696077 diff=0.641538 abs_err=0.641538
2025-12-22 01:37:56,752 | INFO | TOP_ERR | split=test epoch=92 rank=3/10 b=31 t=11 var_idx=3 tp=1.144667 y_true=0.259034 y_pred=0.685619 diff=0.426585 abs_err=0.426585
2025-12-22 01:37:56,752 | INFO | TOP_ERR | split=test epoch=92 rank=4/10 b=37 t=28 var_idx=6 tp=1.313000 y_true=0.992233 y_pred=0.569288 diff=-0.422945 abs_err=0.422945
2025-12-22 01:37:56,752 | INFO | TOP_ERR | split=test epoch=92 rank=5/10 b=17 t=6 var_idx=7 tp=1.063000 y_true=0.869900 y_pred=0.464268 diff=-0.405631 abs_err=0.405631
2025-12-22 01:37:56,752 | INFO | TOP_ERR | split=test epoch=92 rank=6/10 b=17 t=2 var_idx=7 tp=1.027000 y_true=0.869051 y_pred=0.464379 diff=-0.404671 abs_err=0.404671
2025-12-22 01:37:56,753 | INFO | TOP_ERR | split=test epoch=92 rank=7/10 b=55 t=1 var_idx=11 tp=1.013667 y_true=0.160785 y_pred=0.541660 diff=0.380876 abs_err=0.380876
2025-12-22 01:37:56,753 | INFO | TOP_ERR | split=test epoch=92 rank=8/10 b=19 t=1 var_idx=9 tp=1.018000 y_true=0.860309 y_pred=0.530700 diff=-0.329610 abs_err=0.329610
2025-12-22 01:37:56,753 | INFO | TOP_ERR | split=test epoch=92 rank=9/10 b=31 t=11 var_idx=4 tp=1.144667 y_true=0.237305 y_pred=0.558005 diff=0.320700 abs_err=0.320700
2025-12-22 01:37:56,753 | INFO | TOP_ERR | split=test epoch=92 rank=10/10 b=33 t=5 var_idx=3 tp=1.054667 y_true=0.713170 y_pred=0.394919 diff=-0.318251 abs_err=0.318251
2025-12-22 01:37:56,753 | INFO | TOP_BEST | split=test epoch=92 rank=1/3 b=13 t=16 var_idx=6 tp=1.193333 y_true=0.538386 y_pred=0.538385 diff=-0.000001 abs_err=0.000001
2025-12-22 01:37:56,754 | INFO | TOP_BEST | split=test epoch=92 rank=2/3 b=5 t=29 var_idx=10 tp=1.313333 y_true=0.436354 y_pred=0.436351 diff=-0.000003 abs_err=0.000003
2025-12-22 01:37:56,754 | INFO | TOP_BEST | split=test epoch=92 rank=3/3 b=2 t=12 var_idx=1 tp=1.142000 y_true=0.452773 y_pred=0.452763 diff=-0.000009 abs_err=0.000009
2025-12-22 01:37:56,754 | INFO | TOP_OK | split=test epoch=92 none_found (no exact matches)
2025-12-22 01:38:18,098 | INFO | TOP_ERR | split=test epoch=97 rank=1/10 b=17 t=6 var_idx=6 tp=1.063000 y_true=0.053281 y_pred=0.696489 diff=0.643208 abs_err=0.643208
2025-12-22 01:38:18,098 | INFO | TOP_ERR | split=test epoch=97 rank=2/10 b=17 t=2 var_idx=6 tp=1.027000 y_true=0.054539 y_pred=0.696614 diff=0.642075 abs_err=0.642075
2025-12-22 01:38:18,098 | INFO | TOP_ERR | split=test epoch=97 rank=3/10 b=31 t=11 var_idx=3 tp=1.144667 y_true=0.259034 y_pred=0.689694 diff=0.430660 abs_err=0.430660
2025-12-22 01:38:18,098 | INFO | TOP_ERR | split=test epoch=97 rank=4/10 b=37 t=28 var_idx=6 tp=1.313000 y_true=0.992233 y_pred=0.572087 diff=-0.420146 abs_err=0.420146
2025-12-22 01:38:18,098 | INFO | TOP_ERR | split=test epoch=97 rank=5/10 b=17 t=6 var_idx=7 tp=1.063000 y_true=0.869900 y_pred=0.469569 diff=-0.400331 abs_err=0.400331
2025-12-22 01:38:18,098 | INFO | TOP_ERR | split=test epoch=97 rank=6/10 b=17 t=2 var_idx=7 tp=1.027000 y_true=0.869051 y_pred=0.469721 diff=-0.399330 abs_err=0.399330
2025-12-22 01:38:18,098 | INFO | TOP_ERR | split=test epoch=97 rank=7/10 b=55 t=1 var_idx=11 tp=1.013667 y_true=0.160785 y_pred=0.538812 diff=0.378028 abs_err=0.378027
2025-12-22 01:38:18,099 | INFO | TOP_ERR | split=test epoch=97 rank=8/10 b=19 t=1 var_idx=9 tp=1.018000 y_true=0.860309 y_pred=0.527990 diff=-0.332319 abs_err=0.332319
2025-12-22 01:38:18,099 | INFO | TOP_ERR | split=test epoch=97 rank=9/10 b=31 t=11 var_idx=4 tp=1.144667 y_true=0.237305 y_pred=0.556271 diff=0.318965 abs_err=0.318965
2025-12-22 01:38:18,099 | INFO | TOP_ERR | split=test epoch=97 rank=10/10 b=10 t=22 var_idx=10 tp=1.265333 y_true=0.166149 y_pred=0.484737 diff=0.318588 abs_err=0.318588
2025-12-22 01:38:18,099 | INFO | TOP_BEST | split=test epoch=97 rank=1/3 b=20 t=25 var_idx=4 tp=1.279333 y_true=0.558791 y_pred=0.558781 diff=-0.000009 abs_err=0.000009
2025-12-22 01:38:18,099 | INFO | TOP_BEST | split=test epoch=97 rank=2/3 b=25 t=8 var_idx=0 tp=1.081333 y_true=0.582125 y_pred=0.582116 diff=-0.000010 abs_err=0.000010
2025-12-22 01:38:18,100 | INFO | TOP_BEST | split=test epoch=97 rank=3/3 b=60 t=5 var_idx=10 tp=1.077000 y_true=0.491462 y_pred=0.491476 diff=0.000014 abs_err=0.000014
2025-12-22 01:38:18,100 | INFO | TOP_OK | split=test epoch=97 none_found (no exact matches)
2025-12-22 01:38:31,108 | INFO | TOP_ERR | split=test epoch=100 rank=1/10 b=17 t=6 var_idx=6 tp=1.063000 y_true=0.053281 y_pred=0.699647 diff=0.646366 abs_err=0.646366
2025-12-22 01:38:31,108 | INFO | TOP_ERR | split=test epoch=100 rank=2/10 b=17 t=2 var_idx=6 tp=1.027000 y_true=0.054539 y_pred=0.699772 diff=0.645234 abs_err=0.645234
2025-12-22 01:38:31,108 | INFO | TOP_ERR | split=test epoch=100 rank=3/10 b=31 t=11 var_idx=3 tp=1.144667 y_true=0.259034 y_pred=0.687410 diff=0.428376 abs_err=0.428376
2025-12-22 01:38:31,108 | INFO | TOP_ERR | split=test epoch=100 rank=4/10 b=37 t=28 var_idx=6 tp=1.313000 y_true=0.992233 y_pred=0.575477 diff=-0.416756 abs_err=0.416756
2025-12-22 01:38:31,108 | INFO | TOP_ERR | split=test epoch=100 rank=5/10 b=17 t=6 var_idx=7 tp=1.063000 y_true=0.869900 y_pred=0.466446 diff=-0.403453 abs_err=0.403453
2025-12-22 01:38:31,108 | INFO | TOP_ERR | split=test epoch=100 rank=6/10 b=17 t=2 var_idx=7 tp=1.027000 y_true=0.869051 y_pred=0.466603 diff=-0.402447 abs_err=0.402447
2025-12-22 01:38:31,108 | INFO | TOP_ERR | split=test epoch=100 rank=7/10 b=55 t=1 var_idx=11 tp=1.013667 y_true=0.160785 y_pred=0.543450 diff=0.382665 abs_err=0.382665
2025-12-22 01:38:31,108 | INFO | TOP_ERR | split=test epoch=100 rank=8/10 b=19 t=1 var_idx=9 tp=1.018000 y_true=0.860309 y_pred=0.532332 diff=-0.327977 abs_err=0.327977
2025-12-22 01:38:31,109 | INFO | TOP_ERR | split=test epoch=100 rank=9/10 b=31 t=11 var_idx=4 tp=1.144667 y_true=0.237305 y_pred=0.561533 diff=0.324228 abs_err=0.324228
2025-12-22 01:38:31,109 | INFO | TOP_ERR | split=test epoch=100 rank=10/10 b=10 t=22 var_idx=10 tp=1.265333 y_true=0.166149 y_pred=0.486039 diff=0.319889 abs_err=0.319889
2025-12-22 01:38:31,109 | INFO | TOP_BEST | split=test epoch=100 rank=1/3 b=63 t=13 var_idx=3 tp=1.140000 y_true=0.439651 y_pred=0.439650 diff=-0.000001 abs_err=0.000001
2025-12-22 01:38:31,109 | INFO | TOP_BEST | split=test epoch=100 rank=2/3 b=25 t=8 var_idx=0 tp=1.081333 y_true=0.582125 y_pred=0.582119 diff=-0.000007 abs_err=0.000007
2025-12-22 01:38:31,109 | INFO | TOP_BEST | split=test epoch=100 rank=3/3 b=23 t=12 var_idx=11 tp=1.126333 y_true=0.582483 y_pred=0.582494 diff=0.000010 abs_err=0.000010
2025-12-22 01:38:31,109 | INFO | TOP_OK | split=test epoch=100 none_found (no exact matches)
2025-12-22 01:39:00,709 | INFO | TOP_ERR | split=test epoch=107 rank=1/10 b=17 t=6 var_idx=6 tp=1.063000 y_true=0.053281 y_pred=0.695189 diff=0.641908 abs_err=0.641908
2025-12-22 01:39:00,709 | INFO | TOP_ERR | split=test epoch=107 rank=2/10 b=17 t=2 var_idx=6 tp=1.027000 y_true=0.054539 y_pred=0.695499 diff=0.640960 abs_err=0.640960
2025-12-22 01:39:00,709 | INFO | TOP_ERR | split=test epoch=107 rank=3/10 b=31 t=11 var_idx=3 tp=1.144667 y_true=0.259034 y_pred=0.683343 diff=0.424309 abs_err=0.424309
2025-12-22 01:39:00,709 | INFO | TOP_ERR | split=test epoch=107 rank=4/10 b=37 t=28 var_idx=6 tp=1.313000 y_true=0.992233 y_pred=0.571992 diff=-0.420241 abs_err=0.420241
2025-12-22 01:39:00,709 | INFO | TOP_ERR | split=test epoch=107 rank=5/10 b=17 t=6 var_idx=7 tp=1.063000 y_true=0.869900 y_pred=0.464727 diff=-0.405173 abs_err=0.405173
2025-12-22 01:39:00,709 | INFO | TOP_ERR | split=test epoch=107 rank=6/10 b=17 t=2 var_idx=7 tp=1.027000 y_true=0.869051 y_pred=0.464879 diff=-0.404172 abs_err=0.404172
2025-12-22 01:39:00,709 | INFO | TOP_ERR | split=test epoch=107 rank=7/10 b=55 t=1 var_idx=11 tp=1.013667 y_true=0.160785 y_pred=0.539072 diff=0.378288 abs_err=0.378288
2025-12-22 01:39:00,710 | INFO | TOP_ERR | split=test epoch=107 rank=8/10 b=19 t=1 var_idx=9 tp=1.018000 y_true=0.860309 y_pred=0.535474 diff=-0.324835 abs_err=0.324835
2025-12-22 01:39:00,710 | INFO | TOP_ERR | split=test epoch=107 rank=9/10 b=31 t=11 var_idx=4 tp=1.144667 y_true=0.237305 y_pred=0.556345 diff=0.319039 abs_err=0.319039
2025-12-22 01:39:00,710 | INFO | TOP_ERR | split=test epoch=107 rank=10/10 b=10 t=22 var_idx=10 tp=1.265333 y_true=0.166149 y_pred=0.484807 diff=0.318658 abs_err=0.318658
2025-12-22 01:39:00,711 | INFO | TOP_BEST | split=test epoch=107 rank=1/3 b=50 t=4 var_idx=8 tp=1.052333 y_true=0.561345 y_pred=0.561349 diff=0.000004 abs_err=0.000004
2025-12-22 01:39:00,711 | INFO | TOP_BEST | split=test epoch=107 rank=2/3 b=37 t=23 var_idx=0 tp=1.259000 y_true=0.554806 y_pred=0.554822 diff=0.000016 abs_err=0.000016
2025-12-22 01:39:00,711 | INFO | TOP_BEST | split=test epoch=107 rank=3/3 b=41 t=8 var_idx=3 tp=1.124000 y_true=0.626077 y_pred=0.626093 diff=0.000017 abs_err=0.000017
2025-12-22 01:39:00,711 | INFO | TOP_OK | split=test epoch=107 none_found (no exact matches)
2025-12-22 01:39:09,544 | INFO | TOP_ERR | split=test epoch=109 rank=1/10 b=17 t=6 var_idx=6 tp=1.063000 y_true=0.053281 y_pred=0.697546 diff=0.644265 abs_err=0.644265
2025-12-22 01:39:09,544 | INFO | TOP_ERR | split=test epoch=109 rank=2/10 b=17 t=2 var_idx=6 tp=1.027000 y_true=0.054539 y_pred=0.697856 diff=0.643318 abs_err=0.643318
2025-12-22 01:39:09,545 | INFO | TOP_ERR | split=test epoch=109 rank=3/10 b=31 t=11 var_idx=3 tp=1.144667 y_true=0.259034 y_pred=0.687809 diff=0.428774 abs_err=0.428774
2025-12-22 01:39:09,545 | INFO | TOP_ERR | split=test epoch=109 rank=4/10 b=37 t=28 var_idx=6 tp=1.313000 y_true=0.992233 y_pred=0.574969 diff=-0.417264 abs_err=0.417264
2025-12-22 01:39:09,545 | INFO | TOP_ERR | split=test epoch=109 rank=5/10 b=17 t=6 var_idx=7 tp=1.063000 y_true=0.869900 y_pred=0.469704 diff=-0.400195 abs_err=0.400195
2025-12-22 01:39:09,545 | INFO | TOP_ERR | split=test epoch=109 rank=6/10 b=17 t=2 var_idx=7 tp=1.027000 y_true=0.869051 y_pred=0.470036 diff=-0.399015 abs_err=0.399015
2025-12-22 01:39:09,545 | INFO | TOP_ERR | split=test epoch=109 rank=7/10 b=55 t=1 var_idx=11 tp=1.013667 y_true=0.160785 y_pred=0.538278 diff=0.377493 abs_err=0.377493
2025-12-22 01:39:09,545 | INFO | TOP_ERR | split=test epoch=109 rank=8/10 b=19 t=1 var_idx=9 tp=1.018000 y_true=0.860309 y_pred=0.533765 diff=-0.326544 abs_err=0.326544
2025-12-22 01:39:09,545 | INFO | TOP_ERR | split=test epoch=109 rank=9/10 b=31 t=11 var_idx=4 tp=1.144667 y_true=0.237305 y_pred=0.558829 diff=0.321524 abs_err=0.321524
2025-12-22 01:39:09,545 | INFO | TOP_ERR | split=test epoch=109 rank=10/10 b=10 t=22 var_idx=10 tp=1.265333 y_true=0.166149 y_pred=0.485026 diff=0.318877 abs_err=0.318877
2025-12-22 01:39:09,546 | INFO | TOP_BEST | split=test epoch=109 rank=1/3 b=0 t=24 var_idx=0 tp=1.268000 y_true=0.494243 y_pred=0.494235 diff=-0.000007 abs_err=0.000007
2025-12-22 01:39:09,546 | INFO | TOP_BEST | split=test epoch=109 rank=2/3 b=48 t=13 var_idx=11 tp=1.151333 y_true=0.523545 y_pred=0.523537 diff=-0.000008 abs_err=0.000008
2025-12-22 01:39:09,546 | INFO | TOP_BEST | split=test epoch=109 rank=3/3 b=2 t=0 var_idx=9 tp=1.016000 y_true=0.394065 y_pred=0.394076 diff=0.000012 abs_err=0.000012
2025-12-22 01:39:09,546 | INFO | TOP_OK | split=test epoch=109 none_found (no exact matches)
2025-12-22 01:39:14,222 | INFO | TOP_ERR | split=test epoch=110 rank=1/10 b=17 t=6 var_idx=6 tp=1.063000 y_true=0.053281 y_pred=0.698303 diff=0.645022 abs_err=0.645022
2025-12-22 01:39:14,222 | INFO | TOP_ERR | split=test epoch=110 rank=2/10 b=17 t=2 var_idx=6 tp=1.027000 y_true=0.054539 y_pred=0.698613 diff=0.644075 abs_err=0.644075
2025-12-22 01:39:14,222 | INFO | TOP_ERR | split=test epoch=110 rank=3/10 b=31 t=11 var_idx=3 tp=1.144667 y_true=0.259034 y_pred=0.689311 diff=0.430276 abs_err=0.430276
2025-12-22 01:39:14,222 | INFO | TOP_ERR | split=test epoch=110 rank=4/10 b=37 t=28 var_idx=6 tp=1.313000 y_true=0.992233 y_pred=0.577205 diff=-0.415028 abs_err=0.415028
2025-12-22 01:39:14,222 | INFO | TOP_ERR | split=test epoch=110 rank=5/10 b=17 t=6 var_idx=7 tp=1.063000 y_true=0.869900 y_pred=0.467305 diff=-0.402595 abs_err=0.402595
2025-12-22 01:39:14,222 | INFO | TOP_ERR | split=test epoch=110 rank=6/10 b=17 t=2 var_idx=7 tp=1.027000 y_true=0.869051 y_pred=0.467456 diff=-0.401595 abs_err=0.401595
2025-12-22 01:39:14,223 | INFO | TOP_ERR | split=test epoch=110 rank=7/10 b=55 t=1 var_idx=11 tp=1.013667 y_true=0.160785 y_pred=0.540180 diff=0.379395 abs_err=0.379395
2025-12-22 01:39:14,223 | INFO | TOP_ERR | split=test epoch=110 rank=8/10 b=19 t=1 var_idx=9 tp=1.018000 y_true=0.860309 y_pred=0.534071 diff=-0.326238 abs_err=0.326238
2025-12-22 01:39:14,223 | INFO | TOP_ERR | split=test epoch=110 rank=9/10 b=31 t=11 var_idx=4 tp=1.144667 y_true=0.237305 y_pred=0.557318 diff=0.320013 abs_err=0.320013
2025-12-22 01:39:14,223 | INFO | TOP_ERR | split=test epoch=110 rank=10/10 b=10 t=22 var_idx=10 tp=1.265333 y_true=0.166149 y_pred=0.482265 diff=0.316115 abs_err=0.316115
2025-12-22 01:39:14,223 | INFO | TOP_BEST | split=test epoch=110 rank=1/3 b=25 t=27 var_idx=6 tp=1.279667 y_true=0.514716 y_pred=0.514731 diff=0.000015 abs_err=0.000015
2025-12-22 01:39:14,224 | INFO | TOP_BEST | split=test epoch=110 rank=2/3 b=10 t=8 var_idx=7 tp=1.112333 y_true=0.464422 y_pred=0.464390 diff=-0.000032 abs_err=0.000032
2025-12-22 01:39:14,224 | INFO | TOP_BEST | split=test epoch=110 rank=3/3 b=34 t=6 var_idx=0 tp=1.069667 y_true=0.572334 y_pred=0.572367 diff=0.000034 abs_err=0.000034
2025-12-22 01:39:14,224 | INFO | TOP_OK | split=test epoch=110 none_found (no exact matches)
2025-12-22 01:39:43,851 | INFO | TOP_ERR | split=test epoch=117 rank=1/10 b=17 t=6 var_idx=6 tp=1.063000 y_true=0.053281 y_pred=0.692687 diff=0.639406 abs_err=0.639406
2025-12-22 01:39:43,851 | INFO | TOP_ERR | split=test epoch=117 rank=2/10 b=17 t=2 var_idx=6 tp=1.027000 y_true=0.054539 y_pred=0.692996 diff=0.638457 abs_err=0.638457
2025-12-22 01:39:43,852 | INFO | TOP_ERR | split=test epoch=117 rank=3/10 b=31 t=11 var_idx=3 tp=1.144667 y_true=0.259034 y_pred=0.682371 diff=0.423337 abs_err=0.423337
2025-12-22 01:39:43,852 | INFO | TOP_ERR | split=test epoch=117 rank=4/10 b=37 t=28 var_idx=6 tp=1.313000 y_true=0.992233 y_pred=0.570551 diff=-0.421682 abs_err=0.421682
2025-12-22 01:39:43,852 | INFO | TOP_ERR | split=test epoch=117 rank=5/10 b=17 t=6 var_idx=7 tp=1.063000 y_true=0.869900 y_pred=0.468546 diff=-0.401354 abs_err=0.401354
2025-12-22 01:39:43,852 | INFO | TOP_ERR | split=test epoch=117 rank=6/10 b=17 t=2 var_idx=7 tp=1.027000 y_true=0.869051 y_pred=0.468697 diff=-0.400354 abs_err=0.400354
2025-12-22 01:39:43,852 | INFO | TOP_ERR | split=test epoch=117 rank=7/10 b=55 t=1 var_idx=11 tp=1.013667 y_true=0.160785 y_pred=0.531178 diff=0.370394 abs_err=0.370394
2025-12-22 01:39:43,852 | INFO | TOP_ERR | split=test epoch=117 rank=8/10 b=19 t=1 var_idx=9 tp=1.018000 y_true=0.860309 y_pred=0.526834 diff=-0.333475 abs_err=0.333475
2025-12-22 01:39:43,852 | INFO | TOP_ERR | split=test epoch=117 rank=9/10 b=31 t=11 var_idx=4 tp=1.144667 y_true=0.237305 y_pred=0.556543 diff=0.319238 abs_err=0.319238
2025-12-22 01:39:43,852 | INFO | TOP_ERR | split=test epoch=117 rank=10/10 b=10 t=22 var_idx=10 tp=1.265333 y_true=0.166149 y_pred=0.481059 diff=0.314909 abs_err=0.314909
2025-12-22 01:39:43,853 | INFO | TOP_BEST | split=test epoch=117 rank=1/3 b=14 t=24 var_idx=10 tp=1.265667 y_true=0.551178 y_pred=0.551176 diff=-0.000002 abs_err=0.000002
2025-12-22 01:39:43,853 | INFO | TOP_BEST | split=test epoch=117 rank=2/3 b=37 t=23 var_idx=0 tp=1.259000 y_true=0.554806 y_pred=0.554809 diff=0.000003 abs_err=0.000003
2025-12-22 01:39:43,853 | INFO | TOP_BEST | split=test epoch=117 rank=3/3 b=50 t=3 var_idx=2 tp=1.034333 y_true=0.494293 y_pred=0.494303 diff=0.000010 abs_err=0.000010
2025-12-22 01:39:43,853 | INFO | TOP_OK | split=test epoch=117 none_found (no exact matches)
2025-12-22 01:40:13,284 | INFO | TOP_ERR | split=test epoch=124 rank=1/10 b=17 t=6 var_idx=6 tp=1.063000 y_true=0.053281 y_pred=0.690926 diff=0.637645 abs_err=0.637645
2025-12-22 01:40:13,284 | INFO | TOP_ERR | split=test epoch=124 rank=2/10 b=17 t=2 var_idx=6 tp=1.027000 y_true=0.054539 y_pred=0.691235 diff=0.636696 abs_err=0.636696
2025-12-22 01:40:13,285 | INFO | TOP_ERR | split=test epoch=124 rank=3/10 b=37 t=28 var_idx=6 tp=1.313000 y_true=0.992233 y_pred=0.573150 diff=-0.419083 abs_err=0.419083
2025-12-22 01:40:13,285 | INFO | TOP_ERR | split=test epoch=124 rank=4/10 b=31 t=11 var_idx=3 tp=1.144667 y_true=0.259034 y_pred=0.675680 diff=0.416646 abs_err=0.416646
2025-12-22 01:40:13,285 | INFO | TOP_ERR | split=test epoch=124 rank=5/10 b=17 t=6 var_idx=7 tp=1.063000 y_true=0.869900 y_pred=0.468429 diff=-0.401470 abs_err=0.401470
2025-12-22 01:40:13,285 | INFO | TOP_ERR | split=test epoch=124 rank=6/10 b=17 t=2 var_idx=7 tp=1.027000 y_true=0.869051 y_pred=0.468709 diff=-0.400342 abs_err=0.400342
2025-12-22 01:40:13,285 | INFO | TOP_ERR | split=test epoch=124 rank=7/10 b=55 t=1 var_idx=11 tp=1.013667 y_true=0.160785 y_pred=0.536371 diff=0.375586 abs_err=0.375586
2025-12-22 01:40:13,285 | INFO | TOP_ERR | split=test epoch=124 rank=8/10 b=19 t=1 var_idx=9 tp=1.018000 y_true=0.860309 y_pred=0.529568 diff=-0.330741 abs_err=0.330741
2025-12-22 01:40:13,285 | INFO | TOP_ERR | split=test epoch=124 rank=9/10 b=31 t=11 var_idx=4 tp=1.144667 y_true=0.237305 y_pred=0.557437 diff=0.320132 abs_err=0.320132
2025-12-22 01:40:13,285 | INFO | TOP_ERR | split=test epoch=124 rank=10/10 b=10 t=22 var_idx=10 tp=1.265333 y_true=0.166149 y_pred=0.481119 diff=0.314969 abs_err=0.314969
2025-12-22 01:40:13,286 | INFO | TOP_BEST | split=test epoch=124 rank=1/3 b=55 t=2 var_idx=0 tp=1.022667 y_true=0.638346 y_pred=0.638352 diff=0.000006 abs_err=0.000006
2025-12-22 01:40:13,286 | INFO | TOP_BEST | split=test epoch=124 rank=2/3 b=2 t=17 var_idx=9 tp=1.196000 y_true=0.390411 y_pred=0.390437 diff=0.000026 abs_err=0.000026
2025-12-22 01:40:13,286 | INFO | TOP_BEST | split=test epoch=124 rank=3/3 b=22 t=22 var_idx=6 tp=1.234333 y_true=0.521996 y_pred=0.522030 diff=0.000034 abs_err=0.000034
2025-12-22 01:40:13,286 | INFO | TOP_OK | split=test epoch=124 none_found (no exact matches)
2025-12-22 01:40:26,291 | INFO | TOP_ERR | split=test epoch=127 rank=1/10 b=17 t=6 var_idx=6 tp=1.063000 y_true=0.053281 y_pred=0.693443 diff=0.640161 abs_err=0.640162
2025-12-22 01:40:26,292 | INFO | TOP_ERR | split=test epoch=127 rank=2/10 b=17 t=2 var_idx=6 tp=1.027000 y_true=0.054539 y_pred=0.693751 diff=0.639213 abs_err=0.639213
2025-12-22 01:40:26,292 | INFO | TOP_ERR | split=test epoch=127 rank=3/10 b=31 t=11 var_idx=3 tp=1.144667 y_true=0.259034 y_pred=0.678711 diff=0.419677 abs_err=0.419677
2025-12-22 01:40:26,292 | INFO | TOP_ERR | split=test epoch=127 rank=4/10 b=37 t=28 var_idx=6 tp=1.313000 y_true=0.992233 y_pred=0.575517 diff=-0.416716 abs_err=0.416716
2025-12-22 01:40:26,292 | INFO | TOP_ERR | split=test epoch=127 rank=5/10 b=17 t=6 var_idx=7 tp=1.063000 y_true=0.869900 y_pred=0.466873 diff=-0.403027 abs_err=0.403027
2025-12-22 01:40:26,292 | INFO | TOP_ERR | split=test epoch=127 rank=6/10 b=17 t=2 var_idx=7 tp=1.027000 y_true=0.869051 y_pred=0.467232 diff=-0.401819 abs_err=0.401819
2025-12-22 01:40:26,292 | INFO | TOP_ERR | split=test epoch=127 rank=7/10 b=55 t=1 var_idx=11 tp=1.013667 y_true=0.160785 y_pred=0.536232 diff=0.375447 abs_err=0.375447
2025-12-22 01:40:26,292 | INFO | TOP_ERR | split=test epoch=127 rank=8/10 b=19 t=1 var_idx=9 tp=1.018000 y_true=0.860309 y_pred=0.532204 diff=-0.328105 abs_err=0.328105
2025-12-22 01:40:26,292 | INFO | TOP_ERR | split=test epoch=127 rank=9/10 b=31 t=11 var_idx=4 tp=1.144667 y_true=0.237305 y_pred=0.558929 diff=0.321623 abs_err=0.321623
2025-12-22 01:40:26,292 | INFO | TOP_ERR | split=test epoch=127 rank=10/10 b=10 t=22 var_idx=10 tp=1.265333 y_true=0.166149 y_pred=0.482061 diff=0.315912 abs_err=0.315912
2025-12-22 01:40:26,293 | INFO | TOP_BEST | split=test epoch=127 rank=1/3 b=48 t=27 var_idx=9 tp=1.295333 y_true=0.779484 y_pred=0.779482 diff=-0.000001 abs_err=0.000001
2025-12-22 01:40:26,293 | INFO | TOP_BEST | split=test epoch=127 rank=2/3 b=25 t=20 var_idx=6 tp=1.207667 y_true=0.507616 y_pred=0.507610 diff=-0.000005 abs_err=0.000005
2025-12-22 01:40:26,293 | INFO | TOP_BEST | split=test epoch=127 rank=3/3 b=22 t=22 var_idx=6 tp=1.234333 y_true=0.521996 y_pred=0.522008 diff=0.000012 abs_err=0.000012
2025-12-22 01:40:26,293 | INFO | TOP_OK | split=test epoch=127 none_found (no exact matches)
2025-12-22 01:40:47,470 | INFO | TOP_ERR | split=test epoch=132 rank=1/10 b=17 t=6 var_idx=6 tp=1.063000 y_true=0.053281 y_pred=0.690627 diff=0.637346 abs_err=0.637346
2025-12-22 01:40:47,470 | INFO | TOP_ERR | split=test epoch=132 rank=2/10 b=17 t=2 var_idx=6 tp=1.027000 y_true=0.054539 y_pred=0.690935 diff=0.636397 abs_err=0.636397
2025-12-22 01:40:47,470 | INFO | TOP_ERR | split=test epoch=132 rank=3/10 b=31 t=11 var_idx=3 tp=1.144667 y_true=0.259034 y_pred=0.686055 diff=0.427021 abs_err=0.427021
2025-12-22 01:40:47,470 | INFO | TOP_ERR | split=test epoch=132 rank=4/10 b=37 t=28 var_idx=6 tp=1.313000 y_true=0.992233 y_pred=0.574713 diff=-0.417520 abs_err=0.417520
2025-12-22 01:40:47,470 | INFO | TOP_ERR | split=test epoch=132 rank=5/10 b=17 t=6 var_idx=7 tp=1.063000 y_true=0.869900 y_pred=0.464929 diff=-0.404971 abs_err=0.404971
2025-12-22 01:40:47,470 | INFO | TOP_ERR | split=test epoch=132 rank=6/10 b=17 t=2 var_idx=7 tp=1.027000 y_true=0.869051 y_pred=0.465083 diff=-0.403967 abs_err=0.403967
2025-12-22 01:40:47,471 | INFO | TOP_ERR | split=test epoch=132 rank=7/10 b=55 t=1 var_idx=11 tp=1.013667 y_true=0.160785 y_pred=0.539751 diff=0.378967 abs_err=0.378967
2025-12-22 01:40:47,471 | INFO | TOP_ERR | split=test epoch=132 rank=8/10 b=19 t=1 var_idx=9 tp=1.018000 y_true=0.860309 y_pred=0.532515 diff=-0.327794 abs_err=0.327794
2025-12-22 01:40:47,471 | INFO | TOP_ERR | split=test epoch=132 rank=9/10 b=31 t=11 var_idx=4 tp=1.144667 y_true=0.237305 y_pred=0.555194 diff=0.317889 abs_err=0.317889
2025-12-22 01:40:47,471 | INFO | TOP_ERR | split=test epoch=132 rank=10/10 b=32 t=28 var_idx=3 tp=1.316000 y_true=0.241737 y_pred=0.557531 diff=0.315794 abs_err=0.315794
2025-12-22 01:40:47,471 | INFO | TOP_BEST | split=test epoch=132 rank=1/3 b=41 t=7 var_idx=2 tp=1.115000 y_true=0.473202 y_pred=0.473191 diff=-0.000011 abs_err=0.000011
2025-12-22 01:40:47,471 | INFO | TOP_BEST | split=test epoch=132 rank=2/3 b=5 t=6 var_idx=4 tp=1.070000 y_true=0.498141 y_pred=0.498129 diff=-0.000011 abs_err=0.000011
2025-12-22 01:40:47,472 | INFO | TOP_BEST | split=test epoch=132 rank=3/3 b=57 t=11 var_idx=7 tp=1.131000 y_true=0.368597 y_pred=0.368583 diff=-0.000013 abs_err=0.000013
2025-12-22 01:40:47,472 | INFO | TOP_OK | split=test epoch=132 none_found (no exact matches)
2025-12-22 01:41:12,830 | INFO | TOP_ERR | split=test epoch=138 rank=1/10 b=17 t=6 var_idx=6 tp=1.063000 y_true=0.053281 y_pred=0.685392 diff=0.632111 abs_err=0.632111
2025-12-22 01:41:12,830 | INFO | TOP_ERR | split=test epoch=138 rank=2/10 b=17 t=2 var_idx=6 tp=1.027000 y_true=0.054539 y_pred=0.685700 diff=0.631161 abs_err=0.631161
2025-12-22 01:41:12,830 | INFO | TOP_ERR | split=test epoch=138 rank=3/10 b=31 t=11 var_idx=3 tp=1.144667 y_true=0.259034 y_pred=0.680707 diff=0.421673 abs_err=0.421673
2025-12-22 01:41:12,830 | INFO | TOP_ERR | split=test epoch=138 rank=4/10 b=37 t=28 var_idx=6 tp=1.313000 y_true=0.992233 y_pred=0.571913 diff=-0.420320 abs_err=0.420320
2025-12-22 01:41:12,830 | INFO | TOP_ERR | split=test epoch=138 rank=5/10 b=17 t=6 var_idx=7 tp=1.063000 y_true=0.869900 y_pred=0.468269 diff=-0.401631 abs_err=0.401631
2025-12-22 01:41:12,831 | INFO | TOP_ERR | split=test epoch=138 rank=6/10 b=17 t=2 var_idx=7 tp=1.027000 y_true=0.869051 y_pred=0.468599 diff=-0.400451 abs_err=0.400451
2025-12-22 01:41:12,831 | INFO | TOP_ERR | split=test epoch=138 rank=7/10 b=55 t=1 var_idx=11 tp=1.013667 y_true=0.160785 y_pred=0.529888 diff=0.369104 abs_err=0.369104
2025-12-22 01:41:12,831 | INFO | TOP_ERR | split=test epoch=138 rank=8/10 b=19 t=1 var_idx=9 tp=1.018000 y_true=0.860309 y_pred=0.537929 diff=-0.322380 abs_err=0.322380
2025-12-22 01:41:12,831 | INFO | TOP_ERR | split=test epoch=138 rank=9/10 b=31 t=11 var_idx=4 tp=1.144667 y_true=0.237305 y_pred=0.557442 diff=0.320137 abs_err=0.320137
2025-12-22 01:41:12,831 | INFO | TOP_ERR | split=test epoch=138 rank=10/10 b=32 t=28 var_idx=3 tp=1.316000 y_true=0.241737 y_pred=0.559635 diff=0.317898 abs_err=0.317898
2025-12-22 01:41:12,831 | INFO | TOP_BEST | split=test epoch=138 rank=1/3 b=58 t=2 var_idx=1 tp=1.031667 y_true=0.364152 y_pred=0.364133 diff=-0.000019 abs_err=0.000019
2025-12-22 01:41:12,832 | INFO | TOP_BEST | split=test epoch=138 rank=2/3 b=5 t=26 var_idx=9 tp=1.277333 y_true=0.383835 y_pred=0.383802 diff=-0.000032 abs_err=0.000032
2025-12-22 01:41:12,832 | INFO | TOP_BEST | split=test epoch=138 rank=3/3 b=61 t=25 var_idx=10 tp=1.284000 y_true=0.470312 y_pred=0.470352 diff=0.000040 abs_err=0.000040
2025-12-22 01:41:12,832 | INFO | TOP_OK | split=test epoch=138 none_found (no exact matches)
2025-12-22 01:41:21,609 | INFO | TOP_ERR | split=test epoch=140 rank=1/10 b=17 t=6 var_idx=6 tp=1.063000 y_true=0.053281 y_pred=0.681841 diff=0.628560 abs_err=0.628560
2025-12-22 01:41:21,609 | INFO | TOP_ERR | split=test epoch=140 rank=2/10 b=17 t=2 var_idx=6 tp=1.027000 y_true=0.054539 y_pred=0.682149 diff=0.627611 abs_err=0.627611
2025-12-22 01:41:21,609 | INFO | TOP_ERR | split=test epoch=140 rank=3/10 b=31 t=11 var_idx=3 tp=1.144667 y_true=0.259034 y_pred=0.684659 diff=0.425625 abs_err=0.425625
2025-12-22 01:41:21,609 | INFO | TOP_ERR | split=test epoch=140 rank=4/10 b=37 t=28 var_idx=6 tp=1.313000 y_true=0.992233 y_pred=0.567898 diff=-0.424335 abs_err=0.424335
2025-12-22 01:41:21,610 | INFO | TOP_ERR | split=test epoch=140 rank=5/10 b=17 t=6 var_idx=7 tp=1.063000 y_true=0.869900 y_pred=0.470594 diff=-0.399305 abs_err=0.399305
2025-12-22 01:41:21,610 | INFO | TOP_ERR | split=test epoch=140 rank=6/10 b=17 t=2 var_idx=7 tp=1.027000 y_true=0.869051 y_pred=0.470892 diff=-0.398159 abs_err=0.398159
2025-12-22 01:41:21,610 | INFO | TOP_ERR | split=test epoch=140 rank=7/10 b=55 t=1 var_idx=11 tp=1.013667 y_true=0.160785 y_pred=0.536646 diff=0.375861 abs_err=0.375861
2025-12-22 01:41:21,610 | INFO | TOP_ERR | split=test epoch=140 rank=8/10 b=19 t=1 var_idx=9 tp=1.018000 y_true=0.860309 y_pred=0.528532 diff=-0.331777 abs_err=0.331777
2025-12-22 01:41:21,610 | INFO | TOP_ERR | split=test epoch=140 rank=9/10 b=32 t=28 var_idx=3 tp=1.316000 y_true=0.241737 y_pred=0.563425 diff=0.321688 abs_err=0.321688
2025-12-22 01:41:21,610 | INFO | TOP_ERR | split=test epoch=140 rank=10/10 b=31 t=11 var_idx=4 tp=1.144667 y_true=0.237305 y_pred=0.553688 diff=0.316383 abs_err=0.316383
2025-12-22 01:41:21,611 | INFO | TOP_BEST | split=test epoch=140 rank=1/3 b=42 t=7 var_idx=4 tp=1.079000 y_true=0.429353 y_pred=0.429366 diff=0.000014 abs_err=0.000014
2025-12-22 01:41:21,611 | INFO | TOP_BEST | split=test epoch=140 rank=2/3 b=15 t=13 var_idx=9 tp=1.148333 y_true=0.652491 y_pred=0.652477 diff=-0.000014 abs_err=0.000014
2025-12-22 01:41:21,611 | INFO | TOP_BEST | split=test epoch=140 rank=3/3 b=34 t=3 var_idx=0 tp=1.033667 y_true=0.571912 y_pred=0.571933 diff=0.000021 abs_err=0.000021
2025-12-22 01:41:21,611 | INFO | TOP_OK | split=test epoch=140 none_found (no exact matches)
2025-12-22 01:41:55,218 | INFO | TOP_ERR | split=test epoch=148 rank=1/10 b=17 t=6 var_idx=6 tp=1.063000 y_true=0.053281 y_pred=0.684917 diff=0.631636 abs_err=0.631636
2025-12-22 01:41:55,218 | INFO | TOP_ERR | split=test epoch=148 rank=2/10 b=17 t=2 var_idx=6 tp=1.027000 y_true=0.054539 y_pred=0.685224 diff=0.630686 abs_err=0.630686
2025-12-22 01:41:55,218 | INFO | TOP_ERR | split=test epoch=148 rank=3/10 b=31 t=11 var_idx=3 tp=1.144667 y_true=0.259034 y_pred=0.691807 diff=0.432773 abs_err=0.432773
2025-12-22 01:41:55,218 | INFO | TOP_ERR | split=test epoch=148 rank=4/10 b=37 t=28 var_idx=6 tp=1.313000 y_true=0.992233 y_pred=0.575073 diff=-0.417160 abs_err=0.417160
2025-12-22 01:41:55,218 | INFO | TOP_ERR | split=test epoch=148 rank=5/10 b=17 t=6 var_idx=7 tp=1.063000 y_true=0.869900 y_pred=0.464966 diff=-0.404933 abs_err=0.404933
2025-12-22 01:41:55,218 | INFO | TOP_ERR | split=test epoch=148 rank=6/10 b=17 t=2 var_idx=7 tp=1.027000 y_true=0.869051 y_pred=0.465296 diff=-0.403754 abs_err=0.403754
2025-12-22 01:41:55,218 | INFO | TOP_ERR | split=test epoch=148 rank=7/10 b=55 t=1 var_idx=11 tp=1.013667 y_true=0.160785 y_pred=0.534528 diff=0.373743 abs_err=0.373743
2025-12-22 01:41:55,219 | INFO | TOP_ERR | split=test epoch=148 rank=8/10 b=32 t=28 var_idx=3 tp=1.316000 y_true=0.241737 y_pred=0.572091 diff=0.330354 abs_err=0.330354
2025-12-22 01:41:55,219 | INFO | TOP_ERR | split=test epoch=148 rank=9/10 b=19 t=1 var_idx=9 tp=1.018000 y_true=0.860309 y_pred=0.536920 diff=-0.323389 abs_err=0.323389
2025-12-22 01:41:55,219 | INFO | TOP_ERR | split=test epoch=148 rank=10/10 b=32 t=3 var_idx=3 tp=1.027667 y_true=0.256621 y_pred=0.574505 diff=0.317884 abs_err=0.317884
2025-12-22 01:41:55,219 | INFO | TOP_BEST | split=test epoch=148 rank=1/3 b=25 t=21 var_idx=9 tp=1.216667 y_true=0.556377 y_pred=0.556372 diff=-0.000005 abs_err=0.000005
2025-12-22 01:41:55,219 | INFO | TOP_BEST | split=test epoch=148 rank=2/3 b=25 t=25 var_idx=0 tp=1.261667 y_true=0.583613 y_pred=0.583592 diff=-0.000021 abs_err=0.000021
2025-12-22 01:41:55,220 | INFO | TOP_BEST | split=test epoch=148 rank=3/3 b=60 t=18 var_idx=7 tp=1.212000 y_true=0.479791 y_pred=0.479819 diff=0.000028 abs_err=0.000028
2025-12-22 01:41:55,220 | INFO | TOP_OK | split=test epoch=148 none_found (no exact matches)
2025-12-22 01:42:08,150 | INFO | TOP_ERR | split=test epoch=151 rank=1/10 b=17 t=6 var_idx=6 tp=1.063000 y_true=0.053281 y_pred=0.687396 diff=0.634115 abs_err=0.634115
2025-12-22 01:42:08,150 | INFO | TOP_ERR | split=test epoch=151 rank=2/10 b=17 t=2 var_idx=6 tp=1.027000 y_true=0.054539 y_pred=0.687704 diff=0.633165 abs_err=0.633165
2025-12-22 01:42:08,150 | INFO | TOP_ERR | split=test epoch=151 rank=3/10 b=31 t=11 var_idx=3 tp=1.144667 y_true=0.259034 y_pred=0.676952 diff=0.417918 abs_err=0.417918
2025-12-22 01:42:08,151 | INFO | TOP_ERR | split=test epoch=151 rank=4/10 b=37 t=28 var_idx=6 tp=1.313000 y_true=0.992233 y_pred=0.577806 diff=-0.414427 abs_err=0.414427
2025-12-22 01:42:08,151 | INFO | TOP_ERR | split=test epoch=151 rank=5/10 b=17 t=6 var_idx=7 tp=1.063000 y_true=0.869900 y_pred=0.466278 diff=-0.403622 abs_err=0.403622
2025-12-22 01:42:08,151 | INFO | TOP_ERR | split=test epoch=151 rank=6/10 b=17 t=2 var_idx=7 tp=1.027000 y_true=0.869051 y_pred=0.466607 diff=-0.402444 abs_err=0.402444
2025-12-22 01:42:08,151 | INFO | TOP_ERR | split=test epoch=151 rank=7/10 b=55 t=1 var_idx=11 tp=1.013667 y_true=0.160785 y_pred=0.534011 diff=0.373226 abs_err=0.373226
2025-12-22 01:42:08,151 | INFO | TOP_ERR | split=test epoch=151 rank=8/10 b=19 t=1 var_idx=9 tp=1.018000 y_true=0.860309 y_pred=0.533736 diff=-0.326573 abs_err=0.326573
2025-12-22 01:42:08,151 | INFO | TOP_ERR | split=test epoch=151 rank=9/10 b=32 t=28 var_idx=3 tp=1.316000 y_true=0.241737 y_pred=0.568284 diff=0.326547 abs_err=0.326547
2025-12-22 01:42:08,151 | INFO | TOP_ERR | split=test epoch=151 rank=10/10 b=31 t=11 var_idx=4 tp=1.144667 y_true=0.237305 y_pred=0.555462 diff=0.318157 abs_err=0.318157
2025-12-22 01:42:08,152 | INFO | TOP_BEST | split=test epoch=151 rank=1/3 b=19 t=11 var_idx=8 tp=1.117333 y_true=0.602384 y_pred=0.602381 diff=-0.000003 abs_err=0.000003
2025-12-22 01:42:08,152 | INFO | TOP_BEST | split=test epoch=151 rank=2/3 b=3 t=27 var_idx=2 tp=1.313333 y_true=0.382625 y_pred=0.382621 diff=-0.000004 abs_err=0.000004
2025-12-22 01:42:08,152 | INFO | TOP_BEST | split=test epoch=151 rank=3/3 b=11 t=9 var_idx=1 tp=1.094333 y_true=0.409761 y_pred=0.409783 diff=0.000022 abs_err=0.000022
2025-12-22 01:42:08,152 | INFO | TOP_OK | split=test epoch=151 none_found (no exact matches)
2025-12-22 01:42:50,056 | INFO | TOP_ERR | split=test epoch=161 rank=1/10 b=17 t=6 var_idx=6 tp=1.063000 y_true=0.053281 y_pred=0.677995 diff=0.624714 abs_err=0.624714
2025-12-22 01:42:50,056 | INFO | TOP_ERR | split=test epoch=161 rank=2/10 b=17 t=2 var_idx=6 tp=1.027000 y_true=0.054539 y_pred=0.678302 diff=0.623763 abs_err=0.623763
2025-12-22 01:42:50,057 | INFO | TOP_ERR | split=test epoch=161 rank=3/10 b=37 t=28 var_idx=6 tp=1.313000 y_true=0.992233 y_pred=0.569726 diff=-0.422507 abs_err=0.422507
2025-12-22 01:42:50,057 | INFO | TOP_ERR | split=test epoch=161 rank=4/10 b=31 t=11 var_idx=3 tp=1.144667 y_true=0.259034 y_pred=0.681035 diff=0.422001 abs_err=0.422001
2025-12-22 01:42:50,057 | INFO | TOP_ERR | split=test epoch=161 rank=5/10 b=17 t=6 var_idx=7 tp=1.063000 y_true=0.869900 y_pred=0.468038 diff=-0.401862 abs_err=0.401862
2025-12-22 01:42:50,057 | INFO | TOP_ERR | split=test epoch=161 rank=6/10 b=17 t=2 var_idx=7 tp=1.027000 y_true=0.869051 y_pred=0.468325 diff=-0.400726 abs_err=0.400726
2025-12-22 01:42:50,057 | INFO | TOP_ERR | split=test epoch=161 rank=7/10 b=55 t=1 var_idx=11 tp=1.013667 y_true=0.160785 y_pred=0.531831 diff=0.371046 abs_err=0.371046
2025-12-22 01:42:50,057 | INFO | TOP_ERR | split=test epoch=161 rank=8/10 b=32 t=28 var_idx=3 tp=1.316000 y_true=0.241737 y_pred=0.574664 diff=0.332927 abs_err=0.332927
2025-12-22 01:42:50,057 | INFO | TOP_ERR | split=test epoch=161 rank=9/10 b=19 t=1 var_idx=9 tp=1.018000 y_true=0.860309 y_pred=0.532216 diff=-0.328094 abs_err=0.328094
2025-12-22 01:42:50,057 | INFO | TOP_ERR | split=test epoch=161 rank=10/10 b=32 t=3 var_idx=3 tp=1.027667 y_true=0.256621 y_pred=0.577075 diff=0.320454 abs_err=0.320454
2025-12-22 01:42:50,058 | INFO | TOP_BEST | split=test epoch=161 rank=1/3 b=3 t=12 var_idx=6 tp=1.142000 y_true=0.328492 y_pred=0.328491 diff=-0.000001 abs_err=0.000001
2025-12-22 01:42:50,058 | INFO | TOP_BEST | split=test epoch=161 rank=2/3 b=59 t=31 var_idx=8 tp=1.329000 y_true=0.700967 y_pred=0.700960 diff=-0.000006 abs_err=0.000006
2025-12-22 01:42:50,058 | INFO | TOP_BEST | split=test epoch=161 rank=3/3 b=58 t=13 var_idx=6 tp=1.158000 y_true=0.690300 y_pred=0.690291 diff=-0.000008 abs_err=0.000008
2025-12-22 01:42:50,058 | INFO | TOP_OK | split=test epoch=161 none_found (no exact matches)
2025-12-22 01:43:02,973 | INFO | TOP_ERR | split=test epoch=164 rank=1/10 b=17 t=6 var_idx=6 tp=1.063000 y_true=0.053281 y_pred=0.674598 diff=0.621317 abs_err=0.621317
2025-12-22 01:43:02,973 | INFO | TOP_ERR | split=test epoch=164 rank=2/10 b=17 t=2 var_idx=6 tp=1.027000 y_true=0.054539 y_pred=0.674905 diff=0.620366 abs_err=0.620366
2025-12-22 01:43:02,973 | INFO | TOP_ERR | split=test epoch=164 rank=3/10 b=37 t=28 var_idx=6 tp=1.313000 y_true=0.992233 y_pred=0.567787 diff=-0.424446 abs_err=0.424446
2025-12-22 01:43:02,973 | INFO | TOP_ERR | split=test epoch=164 rank=4/10 b=31 t=11 var_idx=3 tp=1.144667 y_true=0.259034 y_pred=0.675601 diff=0.416567 abs_err=0.416567
2025-12-22 01:43:02,973 | INFO | TOP_ERR | split=test epoch=164 rank=5/10 b=17 t=6 var_idx=7 tp=1.063000 y_true=0.869900 y_pred=0.467769 diff=-0.402131 abs_err=0.402131
2025-12-22 01:43:02,973 | INFO | TOP_ERR | split=test epoch=164 rank=6/10 b=17 t=2 var_idx=7 tp=1.027000 y_true=0.869051 y_pred=0.468056 diff=-0.400995 abs_err=0.400995
2025-12-22 01:43:02,974 | INFO | TOP_ERR | split=test epoch=164 rank=7/10 b=55 t=1 var_idx=11 tp=1.013667 y_true=0.160785 y_pred=0.533968 diff=0.373184 abs_err=0.373184
2025-12-22 01:43:02,974 | INFO | TOP_ERR | split=test epoch=164 rank=8/10 b=32 t=28 var_idx=3 tp=1.316000 y_true=0.241737 y_pred=0.575325 diff=0.333588 abs_err=0.333588
2025-12-22 01:43:02,974 | INFO | TOP_ERR | split=test epoch=164 rank=9/10 b=19 t=1 var_idx=9 tp=1.018000 y_true=0.860309 y_pred=0.533453 diff=-0.326856 abs_err=0.326856
2025-12-22 01:43:02,974 | INFO | TOP_ERR | split=test epoch=164 rank=10/10 b=32 t=3 var_idx=3 tp=1.027667 y_true=0.256621 y_pred=0.577810 diff=0.321189 abs_err=0.321189
2025-12-22 01:43:02,974 | INFO | TOP_BEST | split=test epoch=164 rank=1/3 b=54 t=7 var_idx=0 tp=1.103667 y_true=0.583070 y_pred=0.583085 diff=0.000015 abs_err=0.000015
2025-12-22 01:43:02,975 | INFO | TOP_BEST | split=test epoch=164 rank=2/3 b=56 t=6 var_idx=8 tp=1.067667 y_true=0.579272 y_pred=0.579253 diff=-0.000019 abs_err=0.000019
2025-12-22 01:43:02,975 | INFO | TOP_BEST | split=test epoch=164 rank=3/3 b=55 t=10 var_idx=7 tp=1.112667 y_true=0.368728 y_pred=0.368706 diff=-0.000023 abs_err=0.000023
2025-12-22 01:43:02,975 | INFO | TOP_OK | split=test epoch=164 none_found (no exact matches)
2025-12-22 01:43:11,774 | INFO | TOP_ERR | split=test epoch=166 rank=1/10 b=17 t=6 var_idx=6 tp=1.063000 y_true=0.053281 y_pred=0.678797 diff=0.625515 abs_err=0.625516
2025-12-22 01:43:11,775 | INFO | TOP_ERR | split=test epoch=166 rank=2/10 b=17 t=2 var_idx=6 tp=1.027000 y_true=0.054539 y_pred=0.679103 diff=0.624565 abs_err=0.624565
2025-12-22 01:43:11,775 | INFO | TOP_ERR | split=test epoch=166 rank=3/10 b=37 t=28 var_idx=6 tp=1.313000 y_true=0.992233 y_pred=0.571683 diff=-0.420550 abs_err=0.420550
2025-12-22 01:43:11,775 | INFO | TOP_ERR | split=test epoch=166 rank=4/10 b=31 t=11 var_idx=3 tp=1.144667 y_true=0.259034 y_pred=0.677449 diff=0.418415 abs_err=0.418415
2025-12-22 01:43:11,775 | INFO | TOP_ERR | split=test epoch=166 rank=5/10 b=17 t=6 var_idx=7 tp=1.063000 y_true=0.869900 y_pred=0.466980 diff=-0.402920 abs_err=0.402920
2025-12-22 01:43:11,775 | INFO | TOP_ERR | split=test epoch=166 rank=6/10 b=17 t=2 var_idx=7 tp=1.027000 y_true=0.869051 y_pred=0.467309 diff=-0.401741 abs_err=0.401741
2025-12-22 01:43:11,775 | INFO | TOP_ERR | split=test epoch=166 rank=7/10 b=55 t=1 var_idx=11 tp=1.013667 y_true=0.160785 y_pred=0.539394 diff=0.378609 abs_err=0.378609
2025-12-22 01:43:11,775 | INFO | TOP_ERR | split=test epoch=166 rank=8/10 b=32 t=28 var_idx=3 tp=1.316000 y_true=0.241737 y_pred=0.575078 diff=0.333341 abs_err=0.333341
2025-12-22 01:43:11,775 | INFO | TOP_ERR | split=test epoch=166 rank=9/10 b=19 t=1 var_idx=9 tp=1.018000 y_true=0.860309 y_pred=0.534509 diff=-0.325800 abs_err=0.325800
2025-12-22 01:43:11,776 | INFO | TOP_ERR | split=test epoch=166 rank=10/10 b=32 t=3 var_idx=3 tp=1.027667 y_true=0.256621 y_pred=0.577538 diff=0.320917 abs_err=0.320917
2025-12-22 01:43:11,776 | INFO | TOP_BEST | split=test epoch=166 rank=1/3 b=56 t=18 var_idx=9 tp=1.185000 y_true=0.713404 y_pred=0.713402 diff=-0.000002 abs_err=0.000002
2025-12-22 01:43:11,776 | INFO | TOP_BEST | split=test epoch=166 rank=2/3 b=34 t=6 var_idx=0 tp=1.069667 y_true=0.572334 y_pred=0.572343 diff=0.000010 abs_err=0.000010
2025-12-22 01:43:11,776 | INFO | TOP_BEST | split=test epoch=166 rank=3/3 b=63 t=5 var_idx=2 tp=1.059000 y_true=0.408886 y_pred=0.408856 diff=-0.000029 abs_err=0.000029
2025-12-22 01:43:11,776 | INFO | TOP_OK | split=test epoch=166 none_found (no exact matches)
2025-12-22 01:43:16,427 | INFO | TOP_ERR | split=test epoch=167 rank=1/10 b=17 t=6 var_idx=6 tp=1.063000 y_true=0.053281 y_pred=0.681942 diff=0.628661 abs_err=0.628661
2025-12-22 01:43:16,427 | INFO | TOP_ERR | split=test epoch=167 rank=2/10 b=17 t=2 var_idx=6 tp=1.027000 y_true=0.054539 y_pred=0.682266 diff=0.627728 abs_err=0.627728
2025-12-22 01:43:16,427 | INFO | TOP_ERR | split=test epoch=167 rank=3/10 b=31 t=11 var_idx=3 tp=1.144667 y_true=0.259034 y_pred=0.677288 diff=0.418254 abs_err=0.418254
2025-12-22 01:43:16,427 | INFO | TOP_ERR | split=test epoch=167 rank=4/10 b=37 t=28 var_idx=6 tp=1.313000 y_true=0.992233 y_pred=0.574000 diff=-0.418233 abs_err=0.418233
2025-12-22 01:43:16,428 | INFO | TOP_ERR | split=test epoch=167 rank=5/10 b=17 t=6 var_idx=7 tp=1.063000 y_true=0.869900 y_pred=0.471001 diff=-0.398899 abs_err=0.398899
2025-12-22 01:43:16,428 | INFO | TOP_ERR | split=test epoch=167 rank=6/10 b=17 t=2 var_idx=7 tp=1.027000 y_true=0.869051 y_pred=0.471326 diff=-0.397725 abs_err=0.397725
2025-12-22 01:43:16,428 | INFO | TOP_ERR | split=test epoch=167 rank=7/10 b=55 t=1 var_idx=11 tp=1.013667 y_true=0.160785 y_pred=0.531626 diff=0.370841 abs_err=0.370841
2025-12-22 01:43:16,428 | INFO | TOP_ERR | split=test epoch=167 rank=8/10 b=32 t=28 var_idx=3 tp=1.316000 y_true=0.241737 y_pred=0.577445 diff=0.335708 abs_err=0.335708
2025-12-22 01:43:16,428 | INFO | TOP_ERR | split=test epoch=167 rank=9/10 b=19 t=1 var_idx=9 tp=1.018000 y_true=0.860309 y_pred=0.533183 diff=-0.327127 abs_err=0.327127
2025-12-22 01:43:16,428 | INFO | TOP_ERR | split=test epoch=167 rank=10/10 b=32 t=3 var_idx=3 tp=1.027667 y_true=0.256621 y_pred=0.579934 diff=0.323312 abs_err=0.323312
2025-12-22 01:43:16,429 | INFO | TOP_BEST | split=test epoch=167 rank=1/3 b=36 t=0 var_idx=9 tp=1.006667 y_true=0.591524 y_pred=0.591527 diff=0.000002 abs_err=0.000002
2025-12-22 01:43:16,429 | INFO | TOP_BEST | split=test epoch=167 rank=2/3 b=41 t=2 var_idx=0 tp=1.043000 y_true=0.572170 y_pred=0.572157 diff=-0.000013 abs_err=0.000013
2025-12-22 01:43:16,429 | INFO | TOP_BEST | split=test epoch=167 rank=3/3 b=0 t=10 var_idx=5 tp=1.115000 y_true=0.532306 y_pred=0.532323 diff=0.000016 abs_err=0.000016
2025-12-22 01:43:16,429 | INFO | TOP_OK | split=test epoch=167 none_found (no exact matches)
2025-12-22 01:43:42,052 | INFO | TOP_ERR | split=test epoch=173 rank=1/10 b=17 t=6 var_idx=6 tp=1.063000 y_true=0.053281 y_pred=0.679728 diff=0.626447 abs_err=0.626447
2025-12-22 01:43:42,052 | INFO | TOP_ERR | split=test epoch=173 rank=2/10 b=17 t=2 var_idx=6 tp=1.027000 y_true=0.054539 y_pred=0.680035 diff=0.625496 abs_err=0.625496
2025-12-22 01:43:42,052 | INFO | TOP_ERR | split=test epoch=173 rank=3/10 b=31 t=11 var_idx=3 tp=1.144667 y_true=0.259034 y_pred=0.684155 diff=0.425121 abs_err=0.425121
2025-12-22 01:43:42,053 | INFO | TOP_ERR | split=test epoch=173 rank=4/10 b=37 t=28 var_idx=6 tp=1.313000 y_true=0.992233 y_pred=0.573712 diff=-0.418521 abs_err=0.418521
2025-12-22 01:43:42,053 | INFO | TOP_ERR | split=test epoch=173 rank=5/10 b=17 t=6 var_idx=7 tp=1.063000 y_true=0.869900 y_pred=0.468430 diff=-0.401469 abs_err=0.401469
2025-12-22 01:43:42,053 | INFO | TOP_ERR | split=test epoch=173 rank=6/10 b=17 t=2 var_idx=7 tp=1.027000 y_true=0.869051 y_pred=0.468760 diff=-0.400291 abs_err=0.400291
2025-12-22 01:43:42,053 | INFO | TOP_ERR | split=test epoch=173 rank=7/10 b=55 t=1 var_idx=11 tp=1.013667 y_true=0.160785 y_pred=0.531943 diff=0.371158 abs_err=0.371158
2025-12-22 01:43:42,053 | INFO | TOP_ERR | split=test epoch=173 rank=8/10 b=32 t=28 var_idx=3 tp=1.316000 y_true=0.241737 y_pred=0.581107 diff=0.339370 abs_err=0.339370
2025-12-22 01:43:42,053 | INFO | TOP_ERR | split=test epoch=173 rank=9/10 b=32 t=3 var_idx=3 tp=1.027667 y_true=0.256621 y_pred=0.583516 diff=0.326895 abs_err=0.326895
2025-12-22 01:43:42,053 | INFO | TOP_ERR | split=test epoch=173 rank=10/10 b=19 t=1 var_idx=9 tp=1.018000 y_true=0.860309 y_pred=0.537935 diff=-0.322374 abs_err=0.322374
2025-12-22 01:43:42,054 | INFO | TOP_BEST | split=test epoch=173 rank=1/3 b=31 t=22 var_idx=8 tp=1.261667 y_true=0.639474 y_pred=0.639465 diff=-0.000009 abs_err=0.000009
2025-12-22 01:43:42,054 | INFO | TOP_BEST | split=test epoch=173 rank=2/3 b=40 t=5 var_idx=2 tp=1.052000 y_true=0.480307 y_pred=0.480295 diff=-0.000012 abs_err=0.000012
2025-12-22 01:43:42,054 | INFO | TOP_BEST | split=test epoch=173 rank=3/3 b=63 t=27 var_idx=3 tp=1.284333 y_true=0.427911 y_pred=0.427926 diff=0.000015 abs_err=0.000015
2025-12-22 01:43:42,054 | INFO | TOP_OK | split=test epoch=173 none_found (no exact matches)
2025-12-22 01:45:09,696 | INFO | TOP_ERR | split=test epoch=194 rank=1/10 b=17 t=6 var_idx=6 tp=1.063000 y_true=0.053281 y_pred=0.670738 diff=0.617457 abs_err=0.617457
2025-12-22 01:45:09,697 | INFO | TOP_ERR | split=test epoch=194 rank=2/10 b=17 t=2 var_idx=6 tp=1.027000 y_true=0.054539 y_pred=0.671079 diff=0.616540 abs_err=0.616540
2025-12-22 01:45:09,697 | INFO | TOP_ERR | split=test epoch=194 rank=3/10 b=37 t=28 var_idx=6 tp=1.313000 y_true=0.992233 y_pred=0.568917 diff=-0.423316 abs_err=0.423316
2025-12-22 01:45:09,697 | INFO | TOP_ERR | split=test epoch=194 rank=4/10 b=31 t=11 var_idx=3 tp=1.144667 y_true=0.259034 y_pred=0.676605 diff=0.417571 abs_err=0.417571
2025-12-22 01:45:09,697 | INFO | TOP_ERR | split=test epoch=194 rank=5/10 b=17 t=6 var_idx=7 tp=1.063000 y_true=0.869900 y_pred=0.465759 diff=-0.404141 abs_err=0.404141
2025-12-22 01:45:09,697 | INFO | TOP_ERR | split=test epoch=194 rank=6/10 b=17 t=2 var_idx=7 tp=1.027000 y_true=0.869051 y_pred=0.465853 diff=-0.403198 abs_err=0.403198
2025-12-22 01:45:09,697 | INFO | TOP_ERR | split=test epoch=194 rank=7/10 b=55 t=1 var_idx=11 tp=1.013667 y_true=0.160785 y_pred=0.535295 diff=0.374510 abs_err=0.374510
2025-12-22 01:45:09,697 | INFO | TOP_ERR | split=test epoch=194 rank=8/10 b=32 t=28 var_idx=3 tp=1.316000 y_true=0.241737 y_pred=0.581465 diff=0.339728 abs_err=0.339728
2025-12-22 01:45:09,697 | INFO | TOP_ERR | split=test epoch=194 rank=9/10 b=32 t=3 var_idx=3 tp=1.027667 y_true=0.256621 y_pred=0.583872 diff=0.327251 abs_err=0.327251
2025-12-22 01:45:09,698 | INFO | TOP_ERR | split=test epoch=194 rank=10/10 b=19 t=1 var_idx=9 tp=1.018000 y_true=0.860309 y_pred=0.536582 diff=-0.323727 abs_err=0.323727
2025-12-22 01:45:09,698 | INFO | TOP_BEST | split=test epoch=194 rank=1/3 b=60 t=5 var_idx=10 tp=1.077000 y_true=0.491462 y_pred=0.491464 diff=0.000002 abs_err=0.000002
2025-12-22 01:45:09,698 | INFO | TOP_BEST | split=test epoch=194 rank=2/3 b=21 t=7 var_idx=11 tp=1.072333 y_true=0.585490 y_pred=0.585495 diff=0.000004 abs_err=0.000004
2025-12-22 01:45:09,698 | INFO | TOP_BEST | split=test epoch=194 rank=3/3 b=53 t=2 var_idx=9 tp=1.031667 y_true=0.844277 y_pred=0.844293 diff=0.000016 abs_err=0.000016
2025-12-22 01:45:09,698 | INFO | TOP_OK | split=test epoch=194 none_found (no exact matches)
2025-12-22 01:45:30,611 | INFO | TOP_ERR | split=test epoch=199 rank=1/10 b=17 t=6 var_idx=6 tp=1.063000 y_true=0.053281 y_pred=0.673572 diff=0.620291 abs_err=0.620291
2025-12-22 01:45:30,611 | INFO | TOP_ERR | split=test epoch=199 rank=2/10 b=17 t=2 var_idx=6 tp=1.027000 y_true=0.054539 y_pred=0.673913 diff=0.619374 abs_err=0.619374
2025-12-22 01:45:30,611 | INFO | TOP_ERR | split=test epoch=199 rank=3/10 b=37 t=28 var_idx=6 tp=1.313000 y_true=0.992233 y_pred=0.571506 diff=-0.420727 abs_err=0.420727
2025-12-22 01:45:30,611 | INFO | TOP_ERR | split=test epoch=199 rank=4/10 b=31 t=11 var_idx=3 tp=1.144667 y_true=0.259034 y_pred=0.678689 diff=0.419655 abs_err=0.419655
2025-12-22 01:45:30,611 | INFO | TOP_ERR | split=test epoch=199 rank=5/10 b=17 t=6 var_idx=7 tp=1.063000 y_true=0.869900 y_pred=0.466692 diff=-0.403207 abs_err=0.403207
2025-12-22 01:45:30,611 | INFO | TOP_ERR | split=test epoch=199 rank=6/10 b=17 t=2 var_idx=7 tp=1.027000 y_true=0.869051 y_pred=0.466832 diff=-0.402219 abs_err=0.402219
2025-12-22 01:45:30,612 | INFO | TOP_ERR | split=test epoch=199 rank=7/10 b=55 t=1 var_idx=11 tp=1.013667 y_true=0.160785 y_pred=0.536093 diff=0.375308 abs_err=0.375308
2025-12-22 01:45:30,612 | INFO | TOP_ERR | split=test epoch=199 rank=8/10 b=32 t=28 var_idx=3 tp=1.316000 y_true=0.241737 y_pred=0.583630 diff=0.341893 abs_err=0.341893
2025-12-22 01:45:30,612 | INFO | TOP_ERR | split=test epoch=199 rank=9/10 b=32 t=3 var_idx=3 tp=1.027667 y_true=0.256621 y_pred=0.586037 diff=0.329416 abs_err=0.329416
2025-12-22 01:45:30,612 | INFO | TOP_ERR | split=test epoch=199 rank=10/10 b=19 t=1 var_idx=9 tp=1.018000 y_true=0.860309 y_pred=0.537579 diff=-0.322730 abs_err=0.322730
2025-12-22 01:45:30,612 | INFO | TOP_BEST | split=test epoch=199 rank=1/3 b=55 t=28 var_idx=9 tp=1.302000 y_true=0.764017 y_pred=0.764016 diff=-0.000001 abs_err=0.000001
2025-12-22 01:45:30,613 | INFO | TOP_BEST | split=test epoch=199 rank=2/3 b=32 t=1 var_idx=10 tp=1.009667 y_true=0.644519 y_pred=0.644518 diff=-0.000001 abs_err=0.000001
2025-12-22 01:45:30,613 | INFO | TOP_BEST | split=test epoch=199 rank=3/3 b=50 t=4 var_idx=6 tp=1.052333 y_true=0.820740 y_pred=0.820745 diff=0.000005 abs_err=0.000005
2025-12-22 01:45:30,613 | INFO | TOP_OK | split=test epoch=199 none_found (no exact matches)
2025-12-22 01:45:55,608 | INFO | TOP_ERR | split=test epoch=205 rank=1/10 b=17 t=6 var_idx=6 tp=1.063000 y_true=0.053281 y_pred=0.673702 diff=0.620421 abs_err=0.620421
2025-12-22 01:45:55,609 | INFO | TOP_ERR | split=test epoch=205 rank=2/10 b=17 t=2 var_idx=6 tp=1.027000 y_true=0.054539 y_pred=0.674043 diff=0.619504 abs_err=0.619504
2025-12-22 01:45:55,609 | INFO | TOP_ERR | split=test epoch=205 rank=3/10 b=31 t=11 var_idx=3 tp=1.144667 y_true=0.259034 y_pred=0.679435 diff=0.420401 abs_err=0.420401
2025-12-22 01:45:55,609 | INFO | TOP_ERR | split=test epoch=205 rank=4/10 b=37 t=28 var_idx=6 tp=1.313000 y_true=0.992233 y_pred=0.571961 diff=-0.420272 abs_err=0.420272
2025-12-22 01:45:55,609 | INFO | TOP_ERR | split=test epoch=205 rank=5/10 b=17 t=6 var_idx=7 tp=1.063000 y_true=0.869900 y_pred=0.467305 diff=-0.402595 abs_err=0.402595
2025-12-22 01:45:55,609 | INFO | TOP_ERR | split=test epoch=205 rank=6/10 b=17 t=2 var_idx=7 tp=1.027000 y_true=0.869051 y_pred=0.467405 diff=-0.401646 abs_err=0.401646
2025-12-22 01:45:55,609 | INFO | TOP_ERR | split=test epoch=205 rank=7/10 b=55 t=1 var_idx=11 tp=1.013667 y_true=0.160785 y_pred=0.536282 diff=0.375497 abs_err=0.375497
2025-12-22 01:45:55,609 | INFO | TOP_ERR | split=test epoch=205 rank=8/10 b=32 t=28 var_idx=3 tp=1.316000 y_true=0.241737 y_pred=0.584316 diff=0.342579 abs_err=0.342579
2025-12-22 01:45:55,609 | INFO | TOP_ERR | split=test epoch=205 rank=9/10 b=32 t=3 var_idx=3 tp=1.027667 y_true=0.256621 y_pred=0.586723 diff=0.330102 abs_err=0.330102
2025-12-22 01:45:55,610 | INFO | TOP_ERR | split=test epoch=205 rank=10/10 b=19 t=1 var_idx=9 tp=1.018000 y_true=0.860309 y_pred=0.537657 diff=-0.322652 abs_err=0.322652
2025-12-22 01:45:55,610 | INFO | TOP_BEST | split=test epoch=205 rank=1/3 b=55 t=13 var_idx=5 tp=1.139667 y_true=0.613067 y_pred=0.613062 diff=-0.000005 abs_err=0.000005
2025-12-22 01:45:55,610 | INFO | TOP_BEST | split=test epoch=205 rank=2/3 b=21 t=27 var_idx=6 tp=1.279667 y_true=0.516781 y_pred=0.516773 diff=-0.000008 abs_err=0.000008
2025-12-22 01:45:55,610 | INFO | TOP_BEST | split=test epoch=205 rank=3/3 b=4 t=4 var_idx=0 tp=1.052000 y_true=0.518707 y_pred=0.518689 diff=-0.000018 abs_err=0.000018
2025-12-22 01:45:55,610 | INFO | TOP_OK | split=test epoch=205 none_found (no exact matches)
2025-12-22 01:46:12,442 | INFO | TOP_ERR | split=test epoch=209 rank=1/10 b=17 t=6 var_idx=6 tp=1.063000 y_true=0.053281 y_pred=0.672916 diff=0.619635 abs_err=0.619635
2025-12-22 01:46:12,442 | INFO | TOP_ERR | split=test epoch=209 rank=2/10 b=17 t=2 var_idx=6 tp=1.027000 y_true=0.054539 y_pred=0.673256 diff=0.618718 abs_err=0.618718
2025-12-22 01:46:12,442 | INFO | TOP_ERR | split=test epoch=209 rank=3/10 b=37 t=28 var_idx=6 tp=1.313000 y_true=0.992233 y_pred=0.570984 diff=-0.421249 abs_err=0.421249
2025-12-22 01:46:12,442 | INFO | TOP_ERR | split=test epoch=209 rank=4/10 b=31 t=11 var_idx=3 tp=1.144667 y_true=0.259034 y_pred=0.677059 diff=0.418024 abs_err=0.418024
2025-12-22 01:46:12,442 | INFO | TOP_ERR | split=test epoch=209 rank=5/10 b=17 t=6 var_idx=7 tp=1.063000 y_true=0.869900 y_pred=0.466160 diff=-0.403740 abs_err=0.403740
2025-12-22 01:46:12,442 | INFO | TOP_ERR | split=test epoch=209 rank=6/10 b=17 t=2 var_idx=7 tp=1.027000 y_true=0.869051 y_pred=0.466254 diff=-0.402797 abs_err=0.402797
2025-12-22 01:46:12,442 | INFO | TOP_ERR | split=test epoch=209 rank=7/10 b=55 t=1 var_idx=11 tp=1.013667 y_true=0.160785 y_pred=0.535228 diff=0.374444 abs_err=0.374444
2025-12-22 01:46:12,443 | INFO | TOP_ERR | split=test epoch=209 rank=8/10 b=32 t=28 var_idx=3 tp=1.316000 y_true=0.241737 y_pred=0.582994 diff=0.341257 abs_err=0.341257
2025-12-22 01:46:12,443 | INFO | TOP_ERR | split=test epoch=209 rank=9/10 b=32 t=3 var_idx=3 tp=1.027667 y_true=0.256621 y_pred=0.585401 diff=0.328779 abs_err=0.328779
2025-12-22 01:46:12,443 | INFO | TOP_ERR | split=test epoch=209 rank=10/10 b=19 t=1 var_idx=9 tp=1.018000 y_true=0.860309 y_pred=0.536053 diff=-0.324257 abs_err=0.324257
2025-12-22 01:46:12,443 | INFO | TOP_BEST | split=test epoch=209 rank=1/3 b=1 t=10 var_idx=4 tp=1.106000 y_true=0.519196 y_pred=0.519194 diff=-0.000002 abs_err=0.000002
2025-12-22 01:46:12,443 | INFO | TOP_BEST | split=test epoch=209 rank=2/3 b=25 t=15 var_idx=0 tp=1.153333 y_true=0.581213 y_pred=0.581205 diff=-0.000008 abs_err=0.000008
2025-12-22 01:46:12,443 | INFO | TOP_BEST | split=test epoch=209 rank=3/3 b=8 t=21 var_idx=5 tp=1.220333 y_true=0.535475 y_pred=0.535486 diff=0.000011 abs_err=0.000011
2025-12-22 01:46:12,444 | INFO | TOP_OK | split=test epoch=209 none_found (no exact matches)
2025-12-22 01:46:57,923 | INFO | TOP_ERR | split=test epoch=220 rank=1/10 b=17 t=6 var_idx=6 tp=1.063000 y_true=0.053281 y_pred=0.673498 diff=0.620217 abs_err=0.620217
2025-12-22 01:46:57,923 | INFO | TOP_ERR | split=test epoch=220 rank=2/10 b=17 t=2 var_idx=6 tp=1.027000 y_true=0.054539 y_pred=0.673839 diff=0.619300 abs_err=0.619300
2025-12-22 01:46:57,923 | INFO | TOP_ERR | split=test epoch=220 rank=3/10 b=37 t=28 var_idx=6 tp=1.313000 y_true=0.992233 y_pred=0.571922 diff=-0.420311 abs_err=0.420311
2025-12-22 01:46:57,923 | INFO | TOP_ERR | split=test epoch=220 rank=4/10 b=31 t=11 var_idx=3 tp=1.144667 y_true=0.259034 y_pred=0.678586 diff=0.419552 abs_err=0.419552
2025-12-22 01:46:57,923 | INFO | TOP_ERR | split=test epoch=220 rank=5/10 b=17 t=6 var_idx=7 tp=1.063000 y_true=0.869900 y_pred=0.467105 diff=-0.402795 abs_err=0.402795
2025-12-22 01:46:57,923 | INFO | TOP_ERR | split=test epoch=220 rank=6/10 b=17 t=2 var_idx=7 tp=1.027000 y_true=0.869051 y_pred=0.467200 diff=-0.401851 abs_err=0.401851
2025-12-22 01:46:57,923 | INFO | TOP_ERR | split=test epoch=220 rank=7/10 b=55 t=1 var_idx=11 tp=1.013667 y_true=0.160785 y_pred=0.535661 diff=0.374876 abs_err=0.374876
2025-12-22 01:46:57,924 | INFO | TOP_ERR | split=test epoch=220 rank=8/10 b=32 t=28 var_idx=3 tp=1.316000 y_true=0.241737 y_pred=0.584485 diff=0.342748 abs_err=0.342748
2025-12-22 01:46:57,924 | INFO | TOP_ERR | split=test epoch=220 rank=9/10 b=32 t=3 var_idx=3 tp=1.027667 y_true=0.256621 y_pred=0.586920 diff=0.330299 abs_err=0.330299
2025-12-22 01:46:57,924 | INFO | TOP_ERR | split=test epoch=220 rank=10/10 b=19 t=1 var_idx=9 tp=1.018000 y_true=0.860309 y_pred=0.537027 diff=-0.323282 abs_err=0.323282
2025-12-22 01:46:57,924 | INFO | TOP_BEST | split=test epoch=220 rank=1/3 b=50 t=4 var_idx=6 tp=1.052333 y_true=0.820740 y_pred=0.820741 diff=0.000001 abs_err=0.000001
2025-12-22 01:46:57,924 | INFO | TOP_BEST | split=test epoch=220 rank=2/3 b=22 t=2 var_idx=9 tp=1.027333 y_true=0.555164 y_pred=0.555174 diff=0.000010 abs_err=0.000010
2025-12-22 01:46:57,924 | INFO | TOP_BEST | split=test epoch=220 rank=3/3 b=11 t=7 var_idx=11 tp=1.076333 y_true=0.597475 y_pred=0.597455 diff=-0.000020 abs_err=0.000020
2025-12-22 01:46:57,925 | INFO | TOP_OK | split=test epoch=220 none_found (no exact matches)
2025-12-22 01:47:18,916 | INFO | TOP_ERR | split=test epoch=225 rank=1/10 b=17 t=6 var_idx=6 tp=1.063000 y_true=0.053281 y_pred=0.673239 diff=0.619958 abs_err=0.619958
2025-12-22 01:47:18,916 | INFO | TOP_ERR | split=test epoch=225 rank=2/10 b=17 t=2 var_idx=6 tp=1.027000 y_true=0.054539 y_pred=0.673580 diff=0.619041 abs_err=0.619041
2025-12-22 01:47:18,916 | INFO | TOP_ERR | split=test epoch=225 rank=3/10 b=37 t=28 var_idx=6 tp=1.313000 y_true=0.992233 y_pred=0.571671 diff=-0.420562 abs_err=0.420562
2025-12-22 01:47:18,916 | INFO | TOP_ERR | split=test epoch=225 rank=4/10 b=31 t=11 var_idx=3 tp=1.144667 y_true=0.259034 y_pred=0.678123 diff=0.419089 abs_err=0.419089
2025-12-22 01:47:18,917 | INFO | TOP_ERR | split=test epoch=225 rank=5/10 b=17 t=6 var_idx=7 tp=1.063000 y_true=0.869900 y_pred=0.466127 diff=-0.403773 abs_err=0.403773
2025-12-22 01:47:18,917 | INFO | TOP_ERR | split=test epoch=225 rank=6/10 b=17 t=2 var_idx=7 tp=1.027000 y_true=0.869051 y_pred=0.466220 diff=-0.402830 abs_err=0.402830
2025-12-22 01:47:18,917 | INFO | TOP_ERR | split=test epoch=225 rank=7/10 b=55 t=1 var_idx=11 tp=1.013667 y_true=0.160785 y_pred=0.535647 diff=0.374863 abs_err=0.374862
2025-12-22 01:47:18,917 | INFO | TOP_ERR | split=test epoch=225 rank=8/10 b=32 t=28 var_idx=3 tp=1.316000 y_true=0.241737 y_pred=0.584230 diff=0.342493 abs_err=0.342493
2025-12-22 01:47:18,917 | INFO | TOP_ERR | split=test epoch=225 rank=9/10 b=32 t=3 var_idx=3 tp=1.027667 y_true=0.256621 y_pred=0.586639 diff=0.330018 abs_err=0.330018
2025-12-22 01:47:18,917 | INFO | TOP_ERR | split=test epoch=225 rank=10/10 b=19 t=1 var_idx=9 tp=1.018000 y_true=0.860309 y_pred=0.536655 diff=-0.323654 abs_err=0.323654
2025-12-22 01:47:18,918 | INFO | TOP_BEST | split=test epoch=225 rank=1/3 b=13 t=11 var_idx=11 tp=1.130333 y_true=0.633676 y_pred=0.633674 diff=-0.000002 abs_err=0.000002
2025-12-22 01:47:18,918 | INFO | TOP_BEST | split=test epoch=225 rank=2/3 b=21 t=27 var_idx=6 tp=1.279667 y_true=0.516781 y_pred=0.516784 diff=0.000003 abs_err=0.000003
2025-12-22 01:47:18,918 | INFO | TOP_BEST | split=test epoch=225 rank=3/3 b=40 t=5 var_idx=2 tp=1.052000 y_true=0.480307 y_pred=0.480289 diff=-0.000018 abs_err=0.000018
2025-12-22 01:47:18,918 | INFO | TOP_OK | split=test epoch=225 none_found (no exact matches)
2025-12-22 01:48:32,940 | INFO | TOP_ERR | split=test epoch=243 rank=1/10 b=17 t=6 var_idx=6 tp=1.063000 y_true=0.053281 y_pred=0.672740 diff=0.619459 abs_err=0.619459
2025-12-22 01:48:32,940 | INFO | TOP_ERR | split=test epoch=243 rank=2/10 b=17 t=2 var_idx=6 tp=1.027000 y_true=0.054539 y_pred=0.673081 diff=0.618542 abs_err=0.618542
2025-12-22 01:48:32,940 | INFO | TOP_ERR | split=test epoch=243 rank=3/10 b=37 t=28 var_idx=6 tp=1.313000 y_true=0.992233 y_pred=0.571217 diff=-0.421016 abs_err=0.421016
2025-12-22 01:48:32,940 | INFO | TOP_ERR | split=test epoch=243 rank=4/10 b=31 t=11 var_idx=3 tp=1.144667 y_true=0.259034 y_pred=0.678626 diff=0.419592 abs_err=0.419592
2025-12-22 01:48:32,940 | INFO | TOP_ERR | split=test epoch=243 rank=5/10 b=17 t=6 var_idx=7 tp=1.063000 y_true=0.869900 y_pred=0.466287 diff=-0.403613 abs_err=0.403613
2025-12-22 01:48:32,941 | INFO | TOP_ERR | split=test epoch=243 rank=6/10 b=17 t=2 var_idx=7 tp=1.027000 y_true=0.869051 y_pred=0.466392 diff=-0.402659 abs_err=0.402659
2025-12-22 01:48:32,941 | INFO | TOP_ERR | split=test epoch=243 rank=7/10 b=55 t=1 var_idx=11 tp=1.013667 y_true=0.160785 y_pred=0.535322 diff=0.374537 abs_err=0.374537
2025-12-22 01:48:32,941 | INFO | TOP_ERR | split=test epoch=243 rank=8/10 b=32 t=28 var_idx=3 tp=1.316000 y_true=0.241737 y_pred=0.584294 diff=0.342557 abs_err=0.342557
2025-12-22 01:48:32,941 | INFO | TOP_ERR | split=test epoch=243 rank=9/10 b=32 t=3 var_idx=3 tp=1.027667 y_true=0.256621 y_pred=0.586700 diff=0.330079 abs_err=0.330079
2025-12-22 01:48:32,941 | INFO | TOP_ERR | split=test epoch=243 rank=10/10 b=19 t=1 var_idx=9 tp=1.018000 y_true=0.860309 y_pred=0.537306 diff=-0.323003 abs_err=0.323003
2025-12-22 01:48:32,941 | INFO | TOP_BEST | split=test epoch=243 rank=1/3 b=11 t=22 var_idx=2 tp=1.238333 y_true=0.409093 y_pred=0.409099 diff=0.000007 abs_err=0.000007
2025-12-22 01:48:32,942 | INFO | TOP_BEST | split=test epoch=243 rank=2/3 b=6 t=24 var_idx=10 tp=1.265333 y_true=0.437740 y_pred=0.437730 diff=-0.000010 abs_err=0.000010
2025-12-22 01:48:32,942 | INFO | TOP_BEST | split=test epoch=243 rank=3/3 b=39 t=23 var_idx=6 tp=1.259000 y_true=0.825031 y_pred=0.825020 diff=-0.000011 abs_err=0.000011
2025-12-22 01:48:32,942 | INFO | TOP_OK | split=test epoch=243 none_found (no exact matches)
2025-12-22 01:48:53,907 | INFO | TOP_ERR | split=test epoch=248 rank=1/10 b=17 t=6 var_idx=6 tp=1.063000 y_true=0.053281 y_pred=0.673189 diff=0.619908 abs_err=0.619908
2025-12-22 01:48:53,908 | INFO | TOP_ERR | split=test epoch=248 rank=2/10 b=17 t=2 var_idx=6 tp=1.027000 y_true=0.054539 y_pred=0.673530 diff=0.618991 abs_err=0.618991
2025-12-22 01:48:53,908 | INFO | TOP_ERR | split=test epoch=248 rank=3/10 b=37 t=28 var_idx=6 tp=1.313000 y_true=0.992233 y_pred=0.571954 diff=-0.420279 abs_err=0.420279
2025-12-22 01:48:53,908 | INFO | TOP_ERR | split=test epoch=248 rank=4/10 b=31 t=11 var_idx=3 tp=1.144667 y_true=0.259034 y_pred=0.678462 diff=0.419428 abs_err=0.419428
2025-12-22 01:48:53,908 | INFO | TOP_ERR | split=test epoch=248 rank=5/10 b=17 t=6 var_idx=7 tp=1.063000 y_true=0.869900 y_pred=0.466551 diff=-0.403349 abs_err=0.403349
2025-12-22 01:48:53,908 | INFO | TOP_ERR | split=test epoch=248 rank=6/10 b=17 t=2 var_idx=7 tp=1.027000 y_true=0.869051 y_pred=0.466700 diff=-0.402351 abs_err=0.402351
2025-12-22 01:48:53,908 | INFO | TOP_ERR | split=test epoch=248 rank=7/10 b=55 t=1 var_idx=11 tp=1.013667 y_true=0.160785 y_pred=0.535568 diff=0.374783 abs_err=0.374783
2025-12-22 01:48:53,908 | INFO | TOP_ERR | split=test epoch=248 rank=8/10 b=32 t=28 var_idx=3 tp=1.316000 y_true=0.241737 y_pred=0.584614 diff=0.342877 abs_err=0.342877
2025-12-22 01:48:53,908 | INFO | TOP_ERR | split=test epoch=248 rank=9/10 b=32 t=3 var_idx=3 tp=1.027667 y_true=0.256621 y_pred=0.587020 diff=0.330399 abs_err=0.330399
2025-12-22 01:48:53,908 | INFO | TOP_ERR | split=test epoch=248 rank=10/10 b=19 t=1 var_idx=9 tp=1.018000 y_true=0.860309 y_pred=0.536919 diff=-0.323390 abs_err=0.323390
2025-12-22 01:48:53,909 | INFO | TOP_BEST | split=test epoch=248 rank=1/3 b=30 t=27 var_idx=6 tp=1.306667 y_true=0.521474 y_pred=0.521476 diff=0.000003 abs_err=0.000003
2025-12-22 01:48:53,909 | INFO | TOP_BEST | split=test epoch=248 rank=2/3 b=22 t=24 var_idx=0 tp=1.252667 y_true=0.574127 y_pred=0.574122 diff=-0.000005 abs_err=0.000005
2025-12-22 01:48:53,909 | INFO | TOP_BEST | split=test epoch=248 rank=3/3 b=14 t=14 var_idx=6 tp=1.148333 y_true=0.596428 y_pred=0.596441 diff=0.000013 abs_err=0.000013
2025-12-22 01:48:53,909 | INFO | TOP_OK | split=test epoch=248 rank=1/3 b=45 t=24 var_idx=0 tp=1.261333 y_true=0.501067 y_pred=0.501067
