INFO | EPOCH_009 | RANDOM 15 masked points (true, pred, diff, abs_err):
INFO | EPOCH_009 | [B=47, T=9, D=5] true=0.627270 pred=0.885477 diff=+0.258207 abs_err=0.258207
INFO | EPOCH_009 | [B=53, T=11, D=9] true=1.626727 pred=1.524014 diff=-0.102713 abs_err=0.102713
INFO | EPOCH_009 | [B=50, T=24, D=8] true=0.250360 pred=0.487315 diff=+0.236955 abs_err=0.236955
INFO | EPOCH_009 | [B=40, T=0, D=7] true=1.445439 pred=1.721454 diff=+0.276016 abs_err=0.276016
INFO | EPOCH_009 | [B=34, T=18, D=7] true=1.148207 pred=1.354141 diff=+0.205934 abs_err=0.205934
INFO | EPOCH_009 | [B=35, T=18, D=9] true=2.216741 pred=1.996281 diff=-0.220459 abs_err=0.220459
INFO | EPOCH_009 | [B=54, T=19, D=5] true=0.639238 pred=0.613596 diff=-0.025642 abs_err=0.025642
INFO | EPOCH_009 | [B=59, T=5, D=3] true=2.767415 pred=2.754803 diff=-0.012612 abs_err=0.012612
INFO | EPOCH_009 | [B=23, T=9, D=5] true=0.026703 pred=0.167350 diff=+0.140647 abs_err=0.140647
INFO | EPOCH_009 | [B=1, T=29, D=3] true=1.720781 pred=2.043360 diff=+0.322579 abs_err=0.322579
INFO | EPOCH_009 | [B=18, T=13, D=11] true=0.680897 pred=0.600608 diff=-0.080289 abs_err=0.080289
INFO | EPOCH_009 | [B=29, T=21, D=6] true=4.669146 pred=4.749773 diff=+0.080627 abs_err=0.080627
INFO | EPOCH_009 | [B=26, T=10, D=10] true=1.538313 pred=1.454976 diff=-0.083337 abs_err=0.083337
INFO | EPOCH_009 | [B=29, T=10, D=5] true=0.285864 pred=0.140424 diff=-0.145440 abs_err=0.145440
INFO | EPOCH_009 | [B=38, T=9, D=5] true=0.198798 pred=0.134108 diff=-0.064691 abs_err=0.064691
INFO | EPOCH_009 | TOP 5 WORST masked points (largest abs_err):
INFO | EPOCH_009 | [B=26, T=8, D=6] true=1.595185 pred=4.675386 diff=+3.080201 abs_err=3.080201
INFO | EPOCH_009 | [B=44, T=20, D=6] true=0.108967 pred=2.854158 diff=+2.745190 abs_err=2.745190
INFO | EPOCH_009 | [B=44, T=18, D=6] true=0.127504 pred=2.853740 diff=+2.726235 abs_err=2.726235
INFO | EPOCH_009 | [B=39, T=11, D=6] true=1.873883 pred=4.358461 diff=+2.484579 abs_err=2.484579
INFO | EPOCH_009 | [B=9, T=18, D=6] true=3.577968 pred=1.170522 diff=-2.407446 abs_err=2.407446
INFO | EPOCH_009 | TOP 5 BEST/CORRECT masked points (smallest abs_err):
INFO | EPOCH_009 | [B=37, T=5, D=4] true=1.539656 pred=1.539657 diff=+0.000001 abs_err=0.000001
INFO | EPOCH_009 | [B=8, T=12, D=3] true=1.826014 pred=1.826004 diff=-0.000010 abs_err=0.000010
INFO | EPOCH_009 | [B=57, T=0, D=4] true=1.441603 pred=1.441565 diff=-0.000038 abs_err=0.000038
INFO | EPOCH_009 | [B=3, T=21, D=5] true=0.238956 pred=0.238909 diff=-0.000047 abs_err=0.000047
INFO | EPOCH_009 | [B=28, T=14, D=3] true=3.628996 pred=3.629045 diff=+0.000049 abs_err=0.000049
INFO | EPOCH_019 | RANDOM 15 masked points (true, pred, diff, abs_err):
INFO | EPOCH_019 | [B=62, T=0, D=2] true=-0.047254 pred=0.094013 diff=+0.141267 abs_err=0.141267
INFO | EPOCH_019 | [B=42, T=24, D=10] true=2.123599 pred=1.766159 diff=-0.357440 abs_err=0.357440
INFO | EPOCH_019 | [B=49, T=11, D=6] true=3.566688 pred=3.548349 diff=-0.018339 abs_err=0.018339
INFO | EPOCH_019 | [B=30, T=9, D=10] true=1.415996 pred=1.491970 diff=+0.075974 abs_err=0.075974
INFO | EPOCH_019 | [B=49, T=4, D=1] true=2.443527 pred=1.738102 diff=-0.705425 abs_err=0.705425
INFO | EPOCH_019 | [B=29, T=15, D=1] true=1.415971 pred=1.775413 diff=+0.359443 abs_err=0.359443
INFO | EPOCH_019 | [B=33, T=4, D=4] true=1.510291 pred=1.595771 diff=+0.085480 abs_err=0.085480
INFO | EPOCH_019 | [B=6, T=9, D=9] true=3.477813 pred=3.414066 diff=-0.063746 abs_err=0.063746
INFO | EPOCH_019 | [B=58, T=27, D=9] true=2.921625 pred=2.931401 diff=+0.009776 abs_err=0.009776
INFO | EPOCH_019 | [B=18, T=26, D=6] true=2.736954 pred=2.768624 diff=+0.031671 abs_err=0.031671
INFO | EPOCH_019 | [B=56, T=0, D=3] true=2.082506 pred=2.203253 diff=+0.120747 abs_err=0.120747
INFO | EPOCH_019 | [B=33, T=1, D=2] true=0.315655 pred=0.484057 diff=+0.168402 abs_err=0.168402
INFO | EPOCH_019 | [B=24, T=27, D=11] true=0.644640 pred=0.593932 diff=-0.050708 abs_err=0.050708
INFO | EPOCH_019 | [B=23, T=4, D=11] true=0.536907 pred=0.572663 diff=+0.035756 abs_err=0.035756
INFO | EPOCH_019 | [B=33, T=9, D=5] true=0.211479 pred=0.336663 diff=+0.125184 abs_err=0.125184
INFO | EPOCH_019 | TOP 5 WORST masked points (largest abs_err):
INFO | EPOCH_019 | [B=47, T=24, D=6] true=1.678643 pred=4.623902 diff=+2.945260 abs_err=2.945260
INFO | EPOCH_019 | [B=14, T=11, D=6] true=0.115726 pred=3.042622 diff=+2.926897 abs_err=2.926897
INFO | EPOCH_019 | [B=14, T=5, D=6] true=0.146037 pred=3.043123 diff=+2.897086 abs_err=2.897086
INFO | EPOCH_019 | [B=47, T=28, D=9] true=1.413674 pred=4.058527 diff=+2.644853 abs_err=2.644853
INFO | EPOCH_019 | [B=7, T=7, D=0] true=3.767489 pred=1.373626 diff=-2.393864 abs_err=2.393864
INFO | EPOCH_019 | TOP 5 BEST/CORRECT masked points (smallest abs_err):
INFO | EPOCH_019 | [B=33, T=20, D=11] true=0.305881 pred=0.305875 diff=-0.000006 abs_err=0.000006
INFO | EPOCH_019 | [B=11, T=22, D=4] true=1.639497 pred=1.639490 diff=-0.000007 abs_err=0.000007
INFO | EPOCH_019 | [B=31, T=26, D=9] true=1.585006 pred=1.585016 diff=+0.000010 abs_err=0.000010
INFO | EPOCH_019 | [B=22, T=11, D=5] true=0.468439 pred=0.468422 diff=-0.000017 abs_err=0.000017
INFO | EPOCH_019 | [B=36, T=17, D=0] true=2.964053 pred=2.964079 diff=+0.000026 abs_err=0.000026
INFO | EPOCH_029 | RANDOM 15 masked points (true, pred, diff, abs_err):
INFO | EPOCH_029 | [B=34, T=9, D=3] true=2.920918 pred=3.032689 diff=+0.111770 abs_err=0.111770
INFO | EPOCH_029 | [B=42, T=17, D=1] true=1.146467 pred=1.009116 diff=-0.137351 abs_err=0.137351
INFO | EPOCH_029 | [B=56, T=13, D=11] true=0.314162 pred=1.221235 diff=+0.907073 abs_err=0.907073
INFO | EPOCH_029 | [B=42, T=29, D=3] true=2.786059 pred=2.794394 diff=+0.008335 abs_err=0.008335
INFO | EPOCH_029 | [B=52, T=3, D=9] true=3.067523 pred=3.065673 diff=-0.001850 abs_err=0.001850
INFO | EPOCH_029 | [B=29, T=2, D=11] true=0.684973 pred=0.676040 diff=-0.008933 abs_err=0.008933
INFO | EPOCH_029 | [B=24, T=13, D=4] true=2.130442 pred=2.119706 diff=-0.010736 abs_err=0.010736
INFO | EPOCH_029 | [B=16, T=22, D=3] true=1.600835 pred=2.463888 diff=+0.863053 abs_err=0.863053
INFO | EPOCH_029 | [B=13, T=7, D=0] true=2.410899 pred=2.764731 diff=+0.353832 abs_err=0.353832
INFO | EPOCH_029 | [B=35, T=12, D=3] true=2.780965 pred=2.756476 diff=-0.024489 abs_err=0.024489
INFO | EPOCH_029 | [B=27, T=6, D=6] true=3.436007 pred=3.584673 diff=+0.148666 abs_err=0.148666
INFO | EPOCH_029 | [B=17, T=24, D=5] true=0.113847 pred=0.331699 diff=+0.217852 abs_err=0.217852
INFO | EPOCH_029 | [B=60, T=9, D=6] true=1.652762 pred=2.108560 diff=+0.455798 abs_err=0.455798
INFO | EPOCH_029 | [B=42, T=25, D=11] true=0.086927 pred=0.227337 diff=+0.140410 abs_err=0.140410
INFO | EPOCH_029 | [B=43, T=23, D=5] true=0.403782 pred=0.090680 diff=-0.313102 abs_err=0.313102
INFO | EPOCH_029 | TOP 5 WORST masked points (largest abs_err):
INFO | EPOCH_029 | [B=55, T=27, D=9] true=1.255944 pred=3.997070 diff=+2.741126 abs_err=2.741126
INFO | EPOCH_029 | [B=0, T=28, D=9] true=3.682978 pred=1.348681 diff=-2.334297 abs_err=2.334297
INFO | EPOCH_029 | [B=6, T=22, D=9] true=3.751000 pred=1.491456 diff=-2.259544 abs_err=2.259544
INFO | EPOCH_029 | [B=6, T=29, D=9] true=3.729564 pred=1.492063 diff=-2.237501 abs_err=2.237501
INFO | EPOCH_029 | [B=45, T=4, D=0] true=0.990548 pred=3.216746 diff=+2.226198 abs_err=2.226198
INFO | EPOCH_029 | TOP 5 BEST/CORRECT masked points (smallest abs_err):
INFO | EPOCH_029 | [B=43, T=19, D=3] true=2.795888 pred=2.795889 diff=+0.000001 abs_err=0.000001
INFO | EPOCH_029 | [B=20, T=8, D=4] true=1.828531 pred=1.828528 diff=-0.000003 abs_err=0.000003
INFO | EPOCH_029 | [B=19, T=8, D=4] true=2.103773 pred=2.103812 diff=+0.000038 abs_err=0.000038
INFO | EPOCH_029 | [B=57, T=22, D=11] true=0.801533 pred=0.801604 diff=+0.000071 abs_err=0.000071
INFO | EPOCH_029 | [B=40, T=22, D=9] true=1.594028 pred=1.593955 diff=-0.000072 abs_err=0.000072
INFO | EPOCH_039 | RANDOM 15 masked points (true, pred, diff, abs_err):
INFO | EPOCH_039 | [B=42, T=21, D=10] true=1.236063 pred=1.393403 diff=+0.157340 abs_err=0.157340
INFO | EPOCH_039 | [B=61, T=29, D=6] true=2.735356 pred=2.652523 diff=-0.082833 abs_err=0.082833
INFO | EPOCH_039 | [B=33, T=12, D=8] true=1.005708 pred=0.944392 diff=-0.061316 abs_err=0.061316
INFO | EPOCH_039 | [B=43, T=17, D=3] true=3.368973 pred=3.309171 diff=-0.059803 abs_err=0.059803
INFO | EPOCH_039 | [B=42, T=8, D=11] true=1.258240 pred=0.186369 diff=-1.071872 abs_err=1.071872
INFO | EPOCH_039 | [B=42, T=12, D=0] true=3.348459 pred=3.350662 diff=+0.002203 abs_err=0.002203
INFO | EPOCH_039 | [B=30, T=0, D=2] true=0.050455 pred=0.140514 diff=+0.090059 abs_err=0.090059
INFO | EPOCH_039 | [B=52, T=18, D=11] true=0.262025 pred=0.367541 diff=+0.105516 abs_err=0.105516
INFO | EPOCH_039 | [B=51, T=22, D=7] true=1.317256 pred=1.209070 diff=-0.108186 abs_err=0.108186
INFO | EPOCH_039 | [B=37, T=11, D=7] true=1.253938 pred=1.558135 diff=+0.304196 abs_err=0.304196
INFO | EPOCH_039 | [B=34, T=5, D=9] true=4.329258 pred=4.203782 diff=-0.125476 abs_err=0.125476
INFO | EPOCH_039 | [B=32, T=6, D=6] true=2.859606 pred=2.933589 diff=+0.073984 abs_err=0.073984
INFO | EPOCH_039 | [B=34, T=0, D=4] true=1.328949 pred=1.342516 diff=+0.013567 abs_err=0.013567
INFO | EPOCH_039 | [B=31, T=21, D=2] true=0.188284 pred=0.152639 diff=-0.035645 abs_err=0.035645
INFO | EPOCH_039 | [B=50, T=19, D=5] true=0.592027 pred=0.229990 diff=-0.362037 abs_err=0.362037
INFO | EPOCH_039 | TOP 5 WORST masked points (largest abs_err):
INFO | EPOCH_039 | [B=17, T=6, D=6] true=0.042953 pred=3.987382 diff=+3.944429 abs_err=3.944429
INFO | EPOCH_039 | [B=17, T=2, D=6] true=0.050544 pred=3.989040 diff=+3.938495 abs_err=3.938495
INFO | EPOCH_039 | [B=46, T=13, D=6] true=0.022954 pred=3.249491 diff=+3.226537 abs_err=3.226537
INFO | EPOCH_039 | [B=46, T=10, D=6] true=0.025506 pred=3.251689 diff=+3.226182 abs_err=3.226182
INFO | EPOCH_039 | [B=37, T=28, D=6] true=5.711285 pred=3.189833 diff=-2.521452 abs_err=2.521452
INFO | EPOCH_039 | TOP 5 BEST/CORRECT masked points (smallest abs_err):
INFO | EPOCH_039 | [B=62, T=13, D=9] true=2.924861 pred=2.924860 diff=-0.000000 abs_err=0.000000
INFO | EPOCH_039 | [B=39, T=0, D=7] true=1.372839 pred=1.372826 diff=-0.000013 abs_err=0.000013
INFO | EPOCH_039 | [B=45, T=30, D=11] true=0.329281 pred=0.329294 diff=+0.000014 abs_err=0.000014
INFO | EPOCH_039 | [B=13, T=18, D=0] true=2.519966 pred=2.520005 diff=+0.000040 abs_err=0.000040
INFO | EPOCH_039 | [B=31, T=15, D=8] true=0.977484 pred=0.977527 diff=+0.000043 abs_err=0.000043
INFO | EPOCH_049 | RANDOM 15 masked points (true, pred, diff, abs_err):
INFO | EPOCH_049 | [B=52, T=1, D=10] true=1.342328 pred=1.283700 diff=-0.058627 abs_err=0.058627
INFO | EPOCH_049 | [B=44, T=8, D=7] true=3.667841 pred=2.149111 diff=-1.518730 abs_err=1.518730
INFO | EPOCH_049 | [B=51, T=20, D=4] true=1.066295 pred=1.482434 diff=+0.416139 abs_err=0.416139
INFO | EPOCH_049 | [B=21, T=25, D=7] true=1.580043 pred=1.539606 diff=-0.040437 abs_err=0.040437
INFO | EPOCH_049 | [B=32, T=18, D=10] true=2.557846 pred=2.583862 diff=+0.026016 abs_err=0.026016
INFO | EPOCH_049 | [B=61, T=14, D=8] true=0.087576 pred=0.229120 diff=+0.141543 abs_err=0.141543
INFO | EPOCH_049 | [B=3, T=26, D=1] true=1.205310 pred=1.225171 diff=+0.019860 abs_err=0.019860
INFO | EPOCH_049 | [B=14, T=4, D=0] true=2.155492 pred=2.048269 diff=-0.107223 abs_err=0.107223
INFO | EPOCH_049 | [B=7, T=2, D=8] true=0.833226 pred=0.896812 diff=+0.063586 abs_err=0.063586
INFO | EPOCH_049 | [B=3, T=30, D=10] true=1.244931 pred=1.908645 diff=+0.663714 abs_err=0.663714
INFO | EPOCH_049 | [B=7, T=15, D=1] true=1.212801 pred=1.166713 diff=-0.046088 abs_err=0.046088
INFO | EPOCH_049 | [B=6, T=13, D=11] true=0.575743 pred=0.688896 diff=+0.113153 abs_err=0.113153
INFO | EPOCH_049 | [B=10, T=2, D=1] true=1.720483 pred=1.472079 diff=-0.248405 abs_err=0.248405
INFO | EPOCH_049 | [B=12, T=15, D=9] true=3.336527 pred=2.559129 diff=-0.777398 abs_err=0.777398
INFO | EPOCH_049 | [B=51, T=4, D=7] true=1.299854 pred=1.301907 diff=+0.002053 abs_err=0.002053
INFO | EPOCH_049 | TOP 5 WORST masked points (largest abs_err):
INFO | EPOCH_049 | [B=26, T=5, D=9] true=0.757862 pred=3.536503 diff=+2.778641 abs_err=2.778641
INFO | EPOCH_049 | [B=49, T=14, D=10] true=0.506230 pred=2.813855 diff=+2.307625 abs_err=2.307625
INFO | EPOCH_049 | [B=53, T=23, D=9] true=3.769167 pred=1.607852 diff=-2.161316 abs_err=2.161316
INFO | EPOCH_049 | [B=51, T=26, D=0] true=3.701226 pred=1.549296 diff=-2.151931 abs_err=2.151931
INFO | EPOCH_049 | [B=53, T=25, D=9] true=3.762194 pred=1.610536 diff=-2.151658 abs_err=2.151658
INFO | EPOCH_049 | TOP 5 BEST/CORRECT masked points (smallest abs_err):
INFO | EPOCH_049 | [B=21, T=18, D=2] true=0.112414 pred=0.112356 diff=-0.000058 abs_err=0.000058
INFO | EPOCH_049 | [B=41, T=9, D=4] true=1.851485 pred=1.851417 diff=-0.000069 abs_err=0.000069
INFO | EPOCH_049 | [B=45, T=0, D=11] true=0.748368 pred=0.748439 diff=+0.000072 abs_err=0.000072
INFO | EPOCH_049 | [B=39, T=27, D=8] true=0.994037 pred=0.994112 diff=+0.000075 abs_err=0.000075
INFO | EPOCH_049 | [B=9, T=14, D=8] true=0.775167 pred=0.775245 diff=+0.000077 abs_err=0.000077
INFO | EPOCH_059 | RANDOM 15 masked points (true, pred, diff, abs_err):
INFO | EPOCH_059 | [B=44, T=24, D=5] true=-0.107444 pred=0.192153 diff=+0.299597 abs_err=0.299597
INFO | EPOCH_059 | [B=12, T=9, D=4] true=1.584067 pred=1.446809 diff=-0.137257 abs_err=0.137257
INFO | EPOCH_059 | [B=60, T=31, D=9] true=2.818807 pred=3.013038 diff=+0.194230 abs_err=0.194230
INFO | EPOCH_059 | [B=35, T=6, D=3] true=3.160465 pred=3.172940 diff=+0.012475 abs_err=0.012475
INFO | EPOCH_059 | [B=26, T=6, D=11] true=0.852659 pred=0.856395 diff=+0.003736 abs_err=0.003736
INFO | EPOCH_059 | [B=34, T=3, D=3] true=3.037707 pred=3.613226 diff=+0.575519 abs_err=0.575519
INFO | EPOCH_059 | [B=3, T=21, D=7] true=0.945307 pred=1.327240 diff=+0.381933 abs_err=0.381933
INFO | EPOCH_059 | [B=39, T=2, D=5] true=0.417780 pred=0.388288 diff=-0.029492 abs_err=0.029492
INFO | EPOCH_059 | [B=53, T=10, D=4] true=1.392902 pred=1.486210 diff=+0.093308 abs_err=0.093308
INFO | EPOCH_059 | [B=22, T=30, D=5] true=0.423086 pred=0.497242 diff=+0.074156 abs_err=0.074156
INFO | EPOCH_059 | [B=50, T=1, D=0] true=2.738587 pred=2.635377 diff=-0.103210 abs_err=0.103210
INFO | EPOCH_059 | [B=52, T=19, D=1] true=1.829972 pred=1.638225 diff=-0.191747 abs_err=0.191747
INFO | EPOCH_059 | [B=9, T=22, D=8] true=-0.183899 pred=0.258482 diff=+0.442381 abs_err=0.442381
INFO | EPOCH_059 | [B=13, T=16, D=9] true=4.180791 pred=4.317789 diff=+0.136997 abs_err=0.136997
INFO | EPOCH_059 | [B=20, T=9, D=4] true=1.341486 pred=1.345760 diff=+0.004274 abs_err=0.004274
INFO | EPOCH_059 | TOP 5 WORST masked points (largest abs_err):
INFO | EPOCH_059 | [B=35, T=20, D=3] true=0.534949 pred=3.173224 diff=+2.638275 abs_err=2.638275
INFO | EPOCH_059 | [B=51, T=24, D=6] true=3.759710 pred=1.387689 diff=-2.372021 abs_err=2.372021
INFO | EPOCH_059 | [B=63, T=23, D=3] true=1.364607 pred=3.545612 diff=+2.181004 abs_err=2.181004
INFO | EPOCH_059 | [B=1, T=15, D=3] true=1.012525 pred=3.107570 diff=+2.095044 abs_err=2.095044
INFO | EPOCH_059 | [B=46, T=14, D=2] true=2.224028 pred=0.154174 diff=-2.069854 abs_err=2.069854
INFO | EPOCH_059 | TOP 5 BEST/CORRECT masked points (smallest abs_err):
INFO | EPOCH_059 | [B=21, T=15, D=2] true=0.386559 pred=0.386568 diff=+0.000009 abs_err=0.000009
INFO | EPOCH_059 | [B=22, T=7, D=4] true=1.375299 pred=1.375288 diff=-0.000011 abs_err=0.000011
INFO | EPOCH_059 | [B=59, T=11, D=7] true=1.588707 pred=1.588732 diff=+0.000024 abs_err=0.000024
INFO | EPOCH_059 | [B=32, T=1, D=0] true=3.045714 pred=3.045646 diff=-0.000068 abs_err=0.000068
INFO | EPOCH_059 | [B=33, T=23, D=2] true=0.211046 pred=0.211119 diff=+0.000073 abs_err=0.000073
INFO | EPOCH_069 | RANDOM 15 masked points (true, pred, diff, abs_err):
INFO | EPOCH_069 | [B=47, T=16, D=3] true=1.611941 pred=1.752172 diff=+0.140232 abs_err=0.140232
INFO | EPOCH_069 | [B=14, T=19, D=4] true=1.749521 pred=2.058997 diff=+0.309475 abs_err=0.309475
INFO | EPOCH_069 | [B=8, T=29, D=11] true=0.729212 pred=0.828440 diff=+0.099228 abs_err=0.099228
INFO | EPOCH_069 | [B=49, T=18, D=2] true=0.330599 pred=0.299101 diff=-0.031497 abs_err=0.031497
INFO | EPOCH_069 | [B=35, T=19, D=3] true=2.662234 pred=3.212693 diff=+0.550458 abs_err=0.550458
INFO | EPOCH_069 | [B=53, T=31, D=7] true=2.222585 pred=2.262096 diff=+0.039511 abs_err=0.039511
INFO | EPOCH_069 | [B=5, T=0, D=3] true=3.293720 pred=3.341742 diff=+0.048022 abs_err=0.048022
INFO | EPOCH_069 | [B=39, T=13, D=2] true=0.464605 pred=0.474217 diff=+0.009613 abs_err=0.009613
INFO | EPOCH_069 | [B=61, T=27, D=5] true=0.233516 pred=0.257275 diff=+0.023759 abs_err=0.023759
INFO | EPOCH_069 | [B=59, T=9, D=5] true=-0.096977 pred=0.038515 diff=+0.135492 abs_err=0.135492
INFO | EPOCH_069 | [B=27, T=1, D=3] true=3.882000 pred=3.920562 diff=+0.038562 abs_err=0.038562
INFO | EPOCH_069 | [B=8, T=0, D=3] true=3.428159 pred=3.347366 diff=-0.080793 abs_err=0.080793
INFO | EPOCH_069 | [B=1, T=29, D=0] true=3.279133 pred=3.209097 diff=-0.070036 abs_err=0.070036
INFO | EPOCH_069 | [B=5, T=27, D=7] true=1.650637 pred=1.538479 diff=-0.112158 abs_err=0.112158
INFO | EPOCH_069 | [B=18, T=20, D=9] true=2.952117 pred=3.110975 diff=+0.158857 abs_err=0.158857
INFO | EPOCH_069 | TOP 5 WORST masked points (largest abs_err):
INFO | EPOCH_069 | [B=7, T=3, D=0] true=5.087778 pred=2.557450 diff=-2.530329 abs_err=2.530329
INFO | EPOCH_069 | [B=7, T=3, D=2] true=2.372046 pred=0.131976 diff=-2.240070 abs_err=2.240070
INFO | EPOCH_069 | [B=39, T=23, D=3] true=1.330343 pred=3.563750 diff=+2.233407 abs_err=2.233407
INFO | EPOCH_069 | [B=22, T=25, D=5] true=-2.117338 pred=0.016305 diff=+2.133643 abs_err=2.133643
INFO | EPOCH_069 | [B=58, T=19, D=6] true=3.603509 pred=1.534356 diff=-2.069153 abs_err=2.069153
INFO | EPOCH_069 | TOP 5 BEST/CORRECT masked points (smallest abs_err):
INFO | EPOCH_069 | [B=11, T=2, D=0] true=3.071796 pred=3.071810 diff=+0.000014 abs_err=0.000014
INFO | EPOCH_069 | [B=6, T=1, D=10] true=1.326958 pred=1.326940 diff=-0.000018 abs_err=0.000018
INFO | EPOCH_069 | [B=41, T=20, D=7] true=2.355422 pred=2.355448 diff=+0.000026 abs_err=0.000026
INFO | EPOCH_069 | [B=41, T=18, D=4] true=1.697762 pred=1.697723 diff=-0.000040 abs_err=0.000040
INFO | EPOCH_069 | [B=27, T=7, D=9] true=3.048250 pred=3.048295 diff=+0.000045 abs_err=0.000045
INFO | EPOCH_079 | RANDOM 15 masked points (true, pred, diff, abs_err):
INFO | EPOCH_079 | [B=56, T=29, D=7] true=1.864883 pred=1.594835 diff=-0.270048 abs_err=0.270048
INFO | EPOCH_079 | [B=43, T=8, D=2] true=0.246798 pred=0.272851 diff=+0.026054 abs_err=0.026054
INFO | EPOCH_079 | [B=40, T=13, D=1] true=2.247114 pred=2.309653 diff=+0.062538 abs_err=0.062538
INFO | EPOCH_079 | [B=55, T=9, D=4] true=1.111115 pred=1.439868 diff=+0.328754 abs_err=0.328754
INFO | EPOCH_079 | [B=19, T=25, D=3] true=0.721989 pred=1.934623 diff=+1.212634 abs_err=1.212634
INFO | EPOCH_079 | [B=30, T=3, D=3] true=3.298886 pred=3.413205 diff=+0.114318 abs_err=0.114318
INFO | EPOCH_079 | [B=24, T=22, D=3] true=2.874750 pred=2.820452 diff=-0.054298 abs_err=0.054298
INFO | EPOCH_079 | [B=61, T=17, D=5] true=0.347884 pred=0.472292 diff=+0.124408 abs_err=0.124408
INFO | EPOCH_079 | [B=6, T=27, D=10] true=1.174944 pred=1.061895 diff=-0.113049 abs_err=0.113049
INFO | EPOCH_079 | [B=44, T=16, D=11] true=0.656324 pred=0.856796 diff=+0.200471 abs_err=0.200471
INFO | EPOCH_079 | [B=52, T=31, D=3] true=3.894582 pred=3.913049 diff=+0.018467 abs_err=0.018467
INFO | EPOCH_079 | [B=36, T=31, D=5] true=0.492200 pred=0.494259 diff=+0.002059 abs_err=0.002059
INFO | EPOCH_079 | [B=15, T=15, D=5] true=0.179906 pred=0.386120 diff=+0.206214 abs_err=0.206214
INFO | EPOCH_079 | [B=32, T=5, D=6] true=1.274492 pred=1.257506 diff=-0.016986 abs_err=0.016986
INFO | EPOCH_079 | [B=9, T=4, D=4] true=1.351807 pred=1.330849 diff=-0.020958 abs_err=0.020958
INFO | EPOCH_079 | TOP 5 WORST masked points (largest abs_err):
INFO | EPOCH_079 | [B=25, T=9, D=9] true=3.972294 pred=1.902259 diff=-2.070035 abs_err=2.070035
INFO | EPOCH_079 | [B=49, T=9, D=10] true=0.435262 pred=2.445681 diff=+2.010419 abs_err=2.010419
INFO | EPOCH_079 | [B=49, T=15, D=10] true=0.483593 pred=2.452821 diff=+1.969228 abs_err=1.969228
INFO | EPOCH_079 | [B=29, T=4, D=10] true=0.463057 pred=2.393429 diff=+1.930372 abs_err=1.930372
INFO | EPOCH_079 | [B=49, T=19, D=10] true=0.552831 pred=2.456265 diff=+1.903435 abs_err=1.903435
INFO | EPOCH_079 | TOP 5 BEST/CORRECT masked points (smallest abs_err):
INFO | EPOCH_079 | [B=19, T=4, D=5] true=0.259249 pred=0.259241 diff=-0.000008 abs_err=0.000008
INFO | EPOCH_079 | [B=44, T=18, D=1] true=2.429215 pred=2.429203 diff=-0.000011 abs_err=0.000011
INFO | EPOCH_079 | [B=34, T=4, D=9] true=1.722885 pred=1.722896 diff=+0.000011 abs_err=0.000011
INFO | EPOCH_079 | [B=6, T=20, D=6] true=4.914542 pred=4.914528 diff=-0.000014 abs_err=0.000014
INFO | EPOCH_079 | [B=16, T=23, D=7] true=1.868130 pred=1.868155 diff=+0.000025 abs_err=0.000025
INFO | EPOCH_089 | RANDOM 15 masked points (true, pred, diff, abs_err):
INFO | EPOCH_089 | [B=17, T=5, D=7] true=1.997254 pred=1.841907 diff=-0.155347 abs_err=0.155347
INFO | EPOCH_089 | [B=14, T=1, D=1] true=1.548890 pred=1.475682 diff=-0.073208 abs_err=0.073208
INFO | EPOCH_089 | [B=48, T=15, D=4] true=2.162551 pred=1.758134 diff=-0.404417 abs_err=0.404417
INFO | EPOCH_089 | [B=32, T=18, D=6] true=1.562236 pred=1.391153 diff=-0.171082 abs_err=0.171082
INFO | EPOCH_089 | [B=46, T=16, D=1] true=1.903916 pred=1.537291 diff=-0.366625 abs_err=0.366625
INFO | EPOCH_089 | [B=23, T=19, D=3] true=3.319011 pred=3.225203 diff=-0.093809 abs_err=0.093809
INFO | EPOCH_089 | [B=11, T=20, D=6] true=1.225728 pred=1.713294 diff=+0.487566 abs_err=0.487566
INFO | EPOCH_089 | [B=20, T=24, D=10] true=2.415269 pred=2.485378 diff=+0.070109 abs_err=0.070109
INFO | EPOCH_089 | [B=62, T=10, D=4] true=2.596431 pred=2.526415 diff=-0.070015 abs_err=0.070015
INFO | EPOCH_089 | [B=47, T=22, D=0] true=1.778673 pred=2.713722 diff=+0.935049 abs_err=0.935049
INFO | EPOCH_089 | [B=15, T=16, D=9] true=1.812154 pred=1.662383 diff=-0.149770 abs_err=0.149770
INFO | EPOCH_089 | [B=29, T=29, D=3] true=3.360370 pred=3.048989 diff=-0.311381 abs_err=0.311381
INFO | EPOCH_089 | [B=20, T=8, D=3] true=2.432340 pred=1.756041 diff=-0.676298 abs_err=0.676298
INFO | EPOCH_089 | [B=54, T=17, D=1] true=2.749676 pred=2.617430 diff=-0.132246 abs_err=0.132246
INFO | EPOCH_089 | [B=53, T=23, D=11] true=0.405473 pred=0.343752 diff=-0.061722 abs_err=0.061722
INFO | EPOCH_089 | TOP 5 WORST masked points (largest abs_err):
INFO | EPOCH_089 | [B=44, T=20, D=6] true=0.108967 pred=2.656015 diff=+2.547048 abs_err=2.547048
INFO | EPOCH_089 | [B=44, T=18, D=6] true=0.127504 pred=2.655841 diff=+2.528337 abs_err=2.528337
INFO | EPOCH_089 | [B=9, T=8, D=6] true=3.547465 pred=1.022211 diff=-2.525254 abs_err=2.525254
INFO | EPOCH_089 | [B=28, T=19, D=11] true=-1.985981 pred=0.516604 diff=+2.502585 abs_err=2.502585
INFO | EPOCH_089 | [B=9, T=18, D=6] true=3.577968 pred=1.075416 diff=-2.502552 abs_err=2.502552
INFO | EPOCH_089 | TOP 5 BEST/CORRECT masked points (smallest abs_err):
INFO | EPOCH_089 | [B=55, T=29, D=10] true=2.405742 pred=2.405761 diff=+0.000018 abs_err=0.000018
INFO | EPOCH_089 | [B=55, T=10, D=1] true=2.567076 pred=2.567105 diff=+0.000029 abs_err=0.000029
INFO | EPOCH_089 | [B=23, T=31, D=2] true=0.371107 pred=0.371063 diff=-0.000044 abs_err=0.000044
INFO | EPOCH_089 | [B=12, T=7, D=5] true=0.283507 pred=0.283438 diff=-0.000069 abs_err=0.000069
INFO | EPOCH_089 | [B=13, T=17, D=11] true=0.517765 pred=0.517677 diff=-0.000088 abs_err=0.000088
INFO | EPOCH_099 | RANDOM 15 masked points (true, pred, diff, abs_err):
INFO | EPOCH_099 | [B=33, T=9, D=4] true=2.075699 pred=2.057189 diff=-0.018510 abs_err=0.018510
INFO | EPOCH_099 | [B=4, T=6, D=11] true=0.618682 pred=0.567174 diff=-0.051508 abs_err=0.051508
INFO | EPOCH_099 | [B=20, T=30, D=4] true=2.248312 pred=2.209307 diff=-0.039005 abs_err=0.039005
INFO | EPOCH_099 | [B=3, T=0, D=2] true=0.090124 pred=0.162968 diff=+0.072844 abs_err=0.072844
INFO | EPOCH_099 | [B=45, T=24, D=10] true=1.507328 pred=1.423650 diff=-0.083678 abs_err=0.083678
INFO | EPOCH_099 | [B=29, T=21, D=11] true=0.508238 pred=0.565624 diff=+0.057386 abs_err=0.057386
INFO | EPOCH_099 | [B=40, T=23, D=6] true=2.777683 pred=2.956438 diff=+0.178754 abs_err=0.178754
INFO | EPOCH_099 | [B=18, T=3, D=7] true=2.474683 pred=2.482671 diff=+0.007988 abs_err=0.007988
INFO | EPOCH_099 | [B=46, T=5, D=4] true=1.822887 pred=1.704968 diff=-0.117918 abs_err=0.117918
INFO | EPOCH_099 | [B=42, T=7, D=8] true=1.037671 pred=0.975478 diff=-0.062192 abs_err=0.062192
INFO | EPOCH_099 | [B=6, T=19, D=11] true=0.429109 pred=0.417005 diff=-0.012104 abs_err=0.012104
INFO | EPOCH_099 | [B=19, T=13, D=4] true=1.601870 pred=1.547724 diff=-0.054147 abs_err=0.054147
INFO | EPOCH_099 | [B=36, T=23, D=2] true=-0.224443 pred=0.257327 diff=+0.481770 abs_err=0.481770
INFO | EPOCH_099 | [B=37, T=13, D=4] true=1.682965 pred=1.720653 diff=+0.037688 abs_err=0.037688
INFO | EPOCH_099 | [B=27, T=27, D=1] true=1.726079 pred=1.809409 diff=+0.083330 abs_err=0.083330
INFO | EPOCH_099 | TOP 5 WORST masked points (largest abs_err):
INFO | EPOCH_099 | [B=14, T=11, D=6] true=0.115726 pred=2.929073 diff=+2.813347 abs_err=2.813347
INFO | EPOCH_099 | [B=14, T=5, D=6] true=0.146037 pred=2.928809 diff=+2.782773 abs_err=2.782773
INFO | EPOCH_099 | [B=26, T=8, D=6] true=1.595185 pred=4.318333 diff=+2.723148 abs_err=2.723148
INFO | EPOCH_099 | [B=53, T=1, D=10] true=3.218401 pred=0.761211 diff=-2.457190 abs_err=2.457190
INFO | EPOCH_099 | [B=12, T=20, D=11] true=2.590584 pred=0.179483 diff=-2.411101 abs_err=2.411101
INFO | EPOCH_099 | TOP 5 BEST/CORRECT masked points (smallest abs_err):
INFO | EPOCH_099 | [B=54, T=19, D=5] true=0.120774 pred=0.120779 diff=+0.000005 abs_err=0.000005
INFO | EPOCH_099 | [B=36, T=30, D=0] true=2.002381 pred=2.002389 diff=+0.000008 abs_err=0.000008
INFO | EPOCH_099 | [B=54, T=10, D=2] true=0.238485 pred=0.238500 diff=+0.000015 abs_err=0.000015
INFO | EPOCH_099 | [B=21, T=27, D=4] true=2.234315 pred=2.234339 diff=+0.000024 abs_err=0.000024
INFO | EPOCH_099 | [B=30, T=2, D=5] true=0.519971 pred=0.520004 diff=+0.000033 abs_err=0.000033
INFO | EPOCH_109 | RANDOM 15 masked points (true, pred, diff, abs_err):
INFO | EPOCH_109 | [B=26, T=2, D=5] true=-0.152521 pred=0.079161 diff=+0.231682 abs_err=0.231682
INFO | EPOCH_109 | [B=29, T=8, D=11] true=0.449968 pred=0.611610 diff=+0.161642 abs_err=0.161642
INFO | EPOCH_109 | [B=24, T=23, D=2] true=0.311823 pred=0.409752 diff=+0.097928 abs_err=0.097928
INFO | EPOCH_109 | [B=9, T=11, D=5] true=0.449186 pred=0.453047 diff=+0.003861 abs_err=0.003861
INFO | EPOCH_109 | [B=18, T=19, D=5] true=0.179784 pred=0.255734 diff=+0.075950 abs_err=0.075950
INFO | EPOCH_109 | [B=2, T=22, D=11] true=1.017967 pred=0.955384 diff=-0.062583 abs_err=0.062583
INFO | EPOCH_109 | [B=53, T=7, D=5] true=0.003153 pred=0.220853 diff=+0.217700 abs_err=0.217700
INFO | EPOCH_109 | [B=58, T=27, D=0] true=1.905097 pred=2.604848 diff=+0.699751 abs_err=0.699751
INFO | EPOCH_109 | [B=12, T=25, D=5] true=0.355749 pred=0.448959 diff=+0.093211 abs_err=0.093211
INFO | EPOCH_109 | [B=52, T=19, D=2] true=-0.023354 pred=0.118042 diff=+0.141396 abs_err=0.141396
INFO | EPOCH_109 | [B=42, T=23, D=5] true=0.075830 pred=0.142589 diff=+0.066759 abs_err=0.066759
INFO | EPOCH_109 | [B=36, T=7, D=9] true=3.929164 pred=4.101973 diff=+0.172809 abs_err=0.172809
INFO | EPOCH_109 | [B=22, T=27, D=4] true=1.184278 pred=1.658401 diff=+0.474123 abs_err=0.474123
INFO | EPOCH_109 | [B=6, T=8, D=6] true=1.076628 pred=1.158324 diff=+0.081696 abs_err=0.081696
INFO | EPOCH_109 | [B=52, T=9, D=1] true=1.908099 pred=1.731247 diff=-0.176852 abs_err=0.176852
INFO | EPOCH_109 | TOP 5 WORST masked points (largest abs_err):
INFO | EPOCH_109 | [B=47, T=24, D=6] true=1.678643 pred=4.756655 diff=+3.078012 abs_err=3.078012
INFO | EPOCH_109 | [B=47, T=28, D=9] true=1.413674 pred=4.122477 diff=+2.708804 abs_err=2.708804
INFO | EPOCH_109 | [B=7, T=7, D=0] true=3.767489 pred=1.498664 diff=-2.268826 abs_err=2.268826
INFO | EPOCH_109 | [B=45, T=4, D=0] true=0.990548 pred=3.191815 diff=+2.201267 abs_err=2.201267
INFO | EPOCH_109 | [B=60, T=7, D=9] true=3.882581 pred=1.683734 diff=-2.198847 abs_err=2.198847
INFO | EPOCH_109 | TOP 5 BEST/CORRECT masked points (smallest abs_err):
INFO | EPOCH_109 | [B=3, T=2, D=11] true=1.061896 pred=1.061866 diff=-0.000031 abs_err=0.000031
INFO | EPOCH_109 | [B=11, T=25, D=3] true=2.470796 pred=2.470827 diff=+0.000032 abs_err=0.000032
INFO | EPOCH_109 | [B=24, T=28, D=5] true=0.313993 pred=0.314033 diff=+0.000039 abs_err=0.000039
INFO | EPOCH_109 | [B=16, T=1, D=9] true=2.828726 pred=2.828660 diff=-0.000066 abs_err=0.000066
INFO | EPOCH_109 | [B=52, T=14, D=3] true=2.394051 pred=2.394174 diff=+0.000123 abs_err=0.000123
INFO | EPOCH_119 | RANDOM 15 masked points (true, pred, diff, abs_err):
INFO | EPOCH_119 | [B=34, T=14, D=5] true=-0.133231 pred=0.173620 diff=+0.306851 abs_err=0.306851
INFO | EPOCH_119 | [B=17, T=16, D=11] true=0.463974 pred=0.599926 diff=+0.135952 abs_err=0.135952
INFO | EPOCH_119 | [B=24, T=13, D=2] true=-0.082466 pred=-0.046704 diff=+0.035761 abs_err=0.035761
INFO | EPOCH_119 | [B=33, T=1, D=8] true=0.580895 pred=0.820111 diff=+0.239216 abs_err=0.239216
INFO | EPOCH_119 | [B=6, T=3, D=4] true=1.423838 pred=1.387861 diff=-0.035977 abs_err=0.035977
INFO | EPOCH_119 | [B=8, T=3, D=3] true=3.377589 pred=3.304475 diff=-0.073115 abs_err=0.073115
INFO | EPOCH_119 | [B=3, T=28, D=11] true=0.233914 pred=0.366037 diff=+0.132122 abs_err=0.132122
INFO | EPOCH_119 | [B=13, T=1, D=0] true=2.846418 pred=2.949827 diff=+0.103408 abs_err=0.103408
INFO | EPOCH_119 | [B=50, T=11, D=11] true=0.518573 pred=0.314056 diff=-0.204517 abs_err=0.204517
INFO | EPOCH_119 | [B=54, T=3, D=6] true=4.867504 pred=4.750038 diff=-0.117466 abs_err=0.117466
INFO | EPOCH_119 | [B=34, T=23, D=9] true=3.200991 pred=2.912679 diff=-0.288312 abs_err=0.288312
INFO | EPOCH_119 | [B=52, T=23, D=1] true=2.215749 pred=1.834084 diff=-0.381665 abs_err=0.381665
INFO | EPOCH_119 | [B=33, T=7, D=9] true=2.784018 pred=2.875764 diff=+0.091746 abs_err=0.091746
INFO | EPOCH_119 | [B=38, T=22, D=4] true=1.314261 pred=1.447849 diff=+0.133589 abs_err=0.133589
INFO | EPOCH_119 | [B=10, T=8, D=4] true=1.440868 pred=1.156464 diff=-0.284404 abs_err=0.284404
INFO | EPOCH_119 | TOP 5 WORST masked points (largest abs_err):
INFO | EPOCH_119 | [B=17, T=2, D=6] true=0.050544 pred=3.700842 diff=+3.650298 abs_err=3.650298
INFO | EPOCH_119 | [B=17, T=6, D=6] true=0.042953 pred=3.693210 diff=+3.650258 abs_err=3.650258
INFO | EPOCH_119 | [B=37, T=28, D=6] true=5.711285 pred=3.108427 diff=-2.602859 abs_err=2.602859
INFO | EPOCH_119 | [B=55, T=27, D=9] true=1.255944 pred=3.516684 diff=+2.260741 abs_err=2.260741
INFO | EPOCH_119 | [B=32, T=28, D=3] true=1.292231 pred=3.369692 diff=+2.077461 abs_err=2.077461
INFO | EPOCH_119 | TOP 5 BEST/CORRECT masked points (smallest abs_err):
INFO | EPOCH_119 | [B=57, T=0, D=0] true=3.275797 pred=3.275831 diff=+0.000034 abs_err=0.000034
INFO | EPOCH_119 | [B=39, T=13, D=8] true=0.328367 pred=0.328404 diff=+0.000037 abs_err=0.000037
INFO | EPOCH_119 | [B=1, T=0, D=2] true=-0.102324 pred=-0.102384 diff=-0.000059 abs_err=0.000059
INFO | EPOCH_119 | [B=24, T=11, D=7] true=2.448124 pred=2.448049 diff=-0.000075 abs_err=0.000075
INFO | EPOCH_119 | [B=10, T=4, D=5] true=0.109958 pred=0.110070 diff=+0.000112 abs_err=0.000112
INFO | EPOCH_129 | RANDOM 15 masked points (true, pred, diff, abs_err):
INFO | EPOCH_129 | [B=8, T=7, D=2] true=0.175422 pred=0.268785 diff=+0.093364 abs_err=0.093364
INFO | EPOCH_129 | [B=19, T=8, D=11] true=0.674949 pred=0.540088 diff=-0.134861 abs_err=0.134861
INFO | EPOCH_129 | [B=12, T=15, D=8] true=0.249060 pred=0.329363 diff=+0.080303 abs_err=0.080303
INFO | EPOCH_129 | [B=18, T=22, D=7] true=1.525464 pred=1.443410 diff=-0.082054 abs_err=0.082054
INFO | EPOCH_129 | [B=38, T=18, D=9] true=4.340091 pred=4.184024 diff=-0.156067 abs_err=0.156067
INFO | EPOCH_129 | [B=36, T=0, D=10] true=1.368468 pred=1.439264 diff=+0.070796 abs_err=0.070796
INFO | EPOCH_129 | [B=40, T=27, D=10] true=2.842610 pred=2.777278 diff=-0.065332 abs_err=0.065332
INFO | EPOCH_129 | [B=48, T=28, D=5] true=-0.000927 pred=0.272479 diff=+0.273407 abs_err=0.273407
INFO | EPOCH_129 | [B=9, T=13, D=2] true=0.153986 pred=0.256332 diff=+0.102346 abs_err=0.102346
INFO | EPOCH_129 | [B=8, T=8, D=4] true=2.395990 pred=2.313518 diff=-0.082473 abs_err=0.082473
INFO | EPOCH_129 | [B=9, T=7, D=1] true=2.516585 pred=2.457129 diff=-0.059456 abs_err=0.059456
INFO | EPOCH_129 | [B=47, T=14, D=0] true=2.469204 pred=2.460965 diff=-0.008239 abs_err=0.008239
INFO | EPOCH_129 | [B=35, T=1, D=9] true=1.686673 pred=1.649613 diff=-0.037060 abs_err=0.037060
INFO | EPOCH_129 | [B=5, T=9, D=7] true=1.519288 pred=1.354203 diff=-0.165085 abs_err=0.165085
INFO | EPOCH_129 | [B=12, T=28, D=2] true=0.500543 pred=0.453219 diff=-0.047324 abs_err=0.047324
INFO | EPOCH_129 | TOP 5 WORST masked points (largest abs_err):
INFO | EPOCH_129 | [B=46, T=10, D=6] true=0.025506 pred=3.159269 diff=+3.133763 abs_err=3.133763
INFO | EPOCH_129 | [B=46, T=13, D=6] true=0.022954 pred=3.155045 diff=+3.132091 abs_err=3.132091
INFO | EPOCH_129 | [B=26, T=5, D=9] true=0.757862 pred=3.521863 diff=+2.764001 abs_err=2.764001
INFO | EPOCH_129 | [B=49, T=14, D=10] true=0.506230 pred=2.767281 diff=+2.261051 abs_err=2.261051
INFO | EPOCH_129 | [B=49, T=13, D=2] true=2.202316 pred=-0.037299 diff=-2.239614 abs_err=2.239614
INFO | EPOCH_129 | TOP 5 BEST/CORRECT masked points (smallest abs_err):
INFO | EPOCH_129 | [B=10, T=0, D=11] true=0.752426 pred=0.752466 diff=+0.000040 abs_err=0.000040
INFO | EPOCH_129 | [B=52, T=18, D=5] true=0.184325 pred=0.184277 diff=-0.000048 abs_err=0.000048
INFO | EPOCH_129 | [B=4, T=5, D=6] true=2.796081 pred=2.796152 diff=+0.000071 abs_err=0.000071
INFO | EPOCH_129 | [B=32, T=13, D=7] true=1.476587 pred=1.476504 diff=-0.000083 abs_err=0.000083
INFO | EPOCH_129 | [B=23, T=31, D=7] true=1.861295 pred=1.861208 diff=-0.000088 abs_err=0.000088
INFO | EPOCH_139 | RANDOM 15 masked points (true, pred, diff, abs_err):
INFO | EPOCH_139 | [B=63, T=25, D=7] true=2.111240 pred=1.701045 diff=-0.410195 abs_err=0.410195
INFO | EPOCH_139 | [B=29, T=18, D=9] true=3.122408 pred=2.953988 diff=-0.168420 abs_err=0.168420
INFO | EPOCH_139 | [B=26, T=32, D=3] true=2.100668 pred=2.183854 diff=+0.083186 abs_err=0.083186
INFO | EPOCH_139 | [B=8, T=28, D=6] true=4.273119 pred=3.758380 diff=-0.514739 abs_err=0.514739
INFO | EPOCH_139 | [B=55, T=7, D=1] true=1.723307 pred=1.805258 diff=+0.081951 abs_err=0.081951
INFO | EPOCH_139 | [B=6, T=25, D=3] true=3.419514 pred=3.475731 diff=+0.056217 abs_err=0.056217
INFO | EPOCH_139 | [B=61, T=14, D=1] true=1.321992 pred=1.468910 diff=+0.146918 abs_err=0.146918
INFO | EPOCH_139 | [B=4, T=10, D=1] true=1.929912 pred=1.912162 diff=-0.017750 abs_err=0.017750
INFO | EPOCH_139 | [B=28, T=25, D=4] true=1.879745 pred=1.863937 diff=-0.015807 abs_err=0.015807
INFO | EPOCH_139 | [B=2, T=18, D=11] true=0.771883 pred=0.870070 diff=+0.098187 abs_err=0.098187
INFO | EPOCH_139 | [B=10, T=12, D=6] true=2.197686 pred=2.380591 diff=+0.182905 abs_err=0.182905
INFO | EPOCH_139 | [B=54, T=13, D=0] true=2.153965 pred=2.108342 diff=-0.045623 abs_err=0.045623
INFO | EPOCH_139 | [B=5, T=0, D=3] true=3.467121 pred=3.467792 diff=+0.000671 abs_err=0.000671
INFO | EPOCH_139 | [B=40, T=27, D=5] true=0.346225 pred=0.372727 diff=+0.026502 abs_err=0.026502
INFO | EPOCH_139 | [B=58, T=24, D=6] true=3.127714 pred=3.102453 diff=-0.025260 abs_err=0.025260
INFO | EPOCH_139 | TOP 5 WORST masked points (largest abs_err):
INFO | EPOCH_139 | [B=51, T=24, D=6] true=3.759710 pred=1.525202 diff=-2.234508 abs_err=2.234508
INFO | EPOCH_139 | [B=51, T=26, D=0] true=3.701226 pred=1.566192 diff=-2.135035 abs_err=2.135035
INFO | EPOCH_139 | [B=36, T=17, D=9] true=3.693735 pred=1.627409 diff=-2.066326 abs_err=2.066326
INFO | EPOCH_139 | [B=58, T=14, D=3] true=1.426142 pred=3.479527 diff=+2.053386 abs_err=2.053386
INFO | EPOCH_139 | [B=63, T=23, D=3] true=1.364607 pred=3.413289 diff=+2.048682 abs_err=2.048682
INFO | EPOCH_139 | TOP 5 BEST/CORRECT masked points (smallest abs_err):
INFO | EPOCH_139 | [B=29, T=4, D=1] true=1.890899 pred=1.890904 diff=+0.000005 abs_err=0.000005
INFO | EPOCH_139 | [B=54, T=27, D=9] true=1.968117 pred=1.968109 diff=-0.000009 abs_err=0.000009
INFO | EPOCH_139 | [B=4, T=19, D=11] true=0.319198 pred=0.319209 diff=+0.000011 abs_err=0.000011
INFO | EPOCH_139 | [B=16, T=6, D=3] true=3.287696 pred=3.287669 diff=-0.000028 abs_err=0.000028
INFO | EPOCH_139 | [B=46, T=20, D=5] true=0.200440 pred=0.200400 diff=-0.000040 abs_err=0.000040
INFO | EPOCH_149 | RANDOM 15 masked points (true, pred, diff, abs_err):
INFO | EPOCH_149 | [B=9, T=27, D=7] true=1.269838 pred=1.317280 diff=+0.047441 abs_err=0.047441
INFO | EPOCH_149 | [B=40, T=7, D=3] true=2.710387 pred=2.673594 diff=-0.036793 abs_err=0.036793
INFO | EPOCH_149 | [B=29, T=3, D=7] true=1.328639 pred=1.388606 diff=+0.059966 abs_err=0.059966
INFO | EPOCH_149 | [B=9, T=9, D=9] true=2.971333 pred=2.950852 diff=-0.020481 abs_err=0.020481
INFO | EPOCH_149 | [B=29, T=0, D=4] true=1.426226 pred=1.435056 diff=+0.008830 abs_err=0.008830
INFO | EPOCH_149 | [B=46, T=9, D=4] true=2.442017 pred=2.151655 diff=-0.290362 abs_err=0.290362
INFO | EPOCH_149 | [B=58, T=10, D=5] true=0.489082 pred=0.452350 diff=-0.036732 abs_err=0.036732
INFO | EPOCH_149 | [B=17, T=9, D=3] true=3.898346 pred=3.776033 diff=-0.122313 abs_err=0.122313
INFO | EPOCH_149 | [B=58, T=12, D=8] true=0.687404 pred=0.476151 diff=-0.211253 abs_err=0.211253
INFO | EPOCH_149 | [B=53, T=24, D=7] true=2.357746 pred=2.200653 diff=-0.157094 abs_err=0.157094
INFO | EPOCH_149 | [B=30, T=5, D=7] true=1.438447 pred=1.416348 diff=-0.022099 abs_err=0.022099
INFO | EPOCH_149 | [B=32, T=15, D=6] true=3.064976 pred=2.578383 diff=-0.486594 abs_err=0.486594
INFO | EPOCH_149 | [B=13, T=24, D=9] true=3.062854 pred=3.124395 diff=+0.061542 abs_err=0.061542
INFO | EPOCH_149 | [B=42, T=14, D=11] true=0.603078 pred=0.697017 diff=+0.093939 abs_err=0.093939
INFO | EPOCH_149 | [B=53, T=7, D=3] true=3.021121 pred=3.037407 diff=+0.016286 abs_err=0.016286
INFO | EPOCH_149 | TOP 5 WORST masked points (largest abs_err):
INFO | EPOCH_149 | [B=35, T=20, D=3] true=0.534949 pred=3.134195 diff=+2.599246 abs_err=2.599246
INFO | EPOCH_149 | [B=46, T=14, D=2] true=2.224028 pred=0.087783 diff=-2.136245 abs_err=2.136245
INFO | EPOCH_149 | [B=41, T=23, D=9] true=3.702519 pred=1.648274 diff=-2.054245 abs_err=2.054245
INFO | EPOCH_149 | [B=1, T=15, D=3] true=1.012525 pred=3.066605 diff=+2.054080 abs_err=2.054080
INFO | EPOCH_149 | [B=37, T=25, D=0] true=0.800751 pred=2.843326 diff=+2.042574 abs_err=2.042574
INFO | EPOCH_149 | TOP 5 BEST/CORRECT masked points (smallest abs_err):
INFO | EPOCH_149 | [B=30, T=20, D=3] true=3.439053 pred=3.439055 diff=+0.000002 abs_err=0.000002
INFO | EPOCH_149 | [B=32, T=26, D=9] true=3.979584 pred=3.979576 diff=-0.000008 abs_err=0.000008
INFO | EPOCH_149 | [B=9, T=12, D=1] true=1.360568 pred=1.360576 diff=+0.000008 abs_err=0.000008
INFO | EPOCH_149 | [B=24, T=5, D=1] true=1.451038 pred=1.451053 diff=+0.000015 abs_err=0.000015
INFO | EPOCH_149 | [B=14, T=2, D=11] true=0.239420 pred=0.239435 diff=+0.000015 abs_err=0.000015
INFO | EPOCH_159 | RANDOM 15 masked points (true, pred, diff, abs_err):
INFO | EPOCH_159 | [B=1, T=13, D=0] true=2.258127 pred=2.500476 diff=+0.242349 abs_err=0.242349
INFO | EPOCH_159 | [B=23, T=17, D=9] true=2.205830 pred=2.597684 diff=+0.391854 abs_err=0.391854
INFO | EPOCH_159 | [B=43, T=20, D=0] true=2.767627 pred=2.710408 diff=-0.057219 abs_err=0.057219
INFO | EPOCH_159 | [B=11, T=18, D=1] true=1.574110 pred=1.617301 diff=+0.043191 abs_err=0.043191
INFO | EPOCH_159 | [B=23, T=16, D=1] true=1.683967 pred=1.852566 diff=+0.168599 abs_err=0.168599
INFO | EPOCH_159 | [B=8, T=18, D=3] true=2.053612 pred=2.392183 diff=+0.338571 abs_err=0.338571
INFO | EPOCH_159 | [B=30, T=14, D=2] true=0.544087 pred=0.415409 diff=-0.128677 abs_err=0.128677
INFO | EPOCH_159 | [B=53, T=5, D=5] true=0.198522 pred=0.154046 diff=-0.044476 abs_err=0.044476
INFO | EPOCH_159 | [B=11, T=4, D=6] true=2.908777 pred=2.757617 diff=-0.151160 abs_err=0.151160
INFO | EPOCH_159 | [B=53, T=23, D=7] true=1.243162 pred=1.329626 diff=+0.086464 abs_err=0.086464
INFO | EPOCH_159 | [B=46, T=22, D=2] true=0.097631 pred=0.691175 diff=+0.593544 abs_err=0.593544
INFO | EPOCH_159 | [B=60, T=14, D=4] true=1.405782 pred=1.395858 diff=-0.009924 abs_err=0.009924
INFO | EPOCH_159 | [B=14, T=8, D=11] true=0.184970 pred=0.237987 diff=+0.053017 abs_err=0.053017
INFO | EPOCH_159 | [B=60, T=11, D=3] true=1.409441 pred=1.622582 diff=+0.213141 abs_err=0.213141
INFO | EPOCH_159 | [B=63, T=2, D=4] true=1.253984 pred=1.293394 diff=+0.039410 abs_err=0.039410
INFO | EPOCH_159 | TOP 5 WORST masked points (largest abs_err):
INFO | EPOCH_159 | [B=7, T=3, D=0] true=5.087778 pred=2.496386 diff=-2.591392 abs_err=2.591392
INFO | EPOCH_159 | [B=7, T=3, D=2] true=2.372046 pred=-0.013918 diff=-2.385964 abs_err=2.385964
INFO | EPOCH_159 | [B=58, T=19, D=6] true=3.603509 pred=1.343180 diff=-2.260329 abs_err=2.260329
INFO | EPOCH_159 | [B=60, T=21, D=6] true=1.315996 pred=3.435703 diff=+2.119707 abs_err=2.119707
INFO | EPOCH_159 | [B=60, T=15, D=6] true=1.323426 pred=3.419738 diff=+2.096312 abs_err=2.096312
INFO | EPOCH_159 | TOP 5 BEST/CORRECT masked points (smallest abs_err):
INFO | EPOCH_159 | [B=19, T=1, D=0] true=3.570039 pred=3.570030 diff=-0.000009 abs_err=0.000009
INFO | EPOCH_159 | [B=2, T=19, D=1] true=1.505453 pred=1.505434 diff=-0.000019 abs_err=0.000019
INFO | EPOCH_159 | [B=41, T=13, D=11] true=0.940916 pred=0.940896 diff=-0.000021 abs_err=0.000021
INFO | EPOCH_159 | [B=29, T=12, D=10] true=2.276493 pred=2.276470 diff=-0.000022 abs_err=0.000022
INFO | EPOCH_159 | [B=12, T=27, D=10] true=1.314425 pred=1.314464 diff=+0.000039 abs_err=0.000039
INFO | EPOCH_169 | RANDOM 15 masked points (true, pred, diff, abs_err):
INFO | EPOCH_169 | [B=45, T=5, D=11] true=0.916145 pred=0.813346 diff=-0.102799 abs_err=0.102799
INFO | EPOCH_169 | [B=14, T=8, D=11] true=0.872473 pred=0.570305 diff=-0.302167 abs_err=0.302167
INFO | EPOCH_169 | [B=11, T=6, D=0] true=3.630370 pred=3.460930 diff=-0.169440 abs_err=0.169440
INFO | EPOCH_169 | [B=48, T=22, D=3] true=2.267440 pred=2.254314 diff=-0.013125 abs_err=0.013125
INFO | EPOCH_169 | [B=47, T=0, D=7] true=1.355017 pred=1.330881 diff=-0.024135 abs_err=0.024135
INFO | EPOCH_169 | [B=2, T=18, D=9] true=2.387378 pred=2.016309 diff=-0.371069 abs_err=0.371069
INFO | EPOCH_169 | [B=18, T=13, D=8] true=0.263045 pred=0.510872 diff=+0.247828 abs_err=0.247828
INFO | EPOCH_169 | [B=24, T=23, D=9] true=2.978814 pred=3.077132 diff=+0.098318 abs_err=0.098318
INFO | EPOCH_169 | [B=14, T=3, D=3] true=3.501604 pred=3.405135 diff=-0.096469 abs_err=0.096469
INFO | EPOCH_169 | [B=44, T=2, D=10] true=1.850505 pred=1.175276 diff=-0.675229 abs_err=0.675229
INFO | EPOCH_169 | [B=23, T=11, D=11] true=0.922087 pred=0.858308 diff=-0.063780 abs_err=0.063780
INFO | EPOCH_169 | [B=63, T=28, D=8] true=1.243757 pred=1.135099 diff=-0.108657 abs_err=0.108657
INFO | EPOCH_169 | [B=2, T=21, D=4] true=1.231986 pred=1.296335 diff=+0.064349 abs_err=0.064349
INFO | EPOCH_169 | [B=15, T=1, D=3] true=2.510056 pred=2.654511 diff=+0.144456 abs_err=0.144456
INFO | EPOCH_169 | [B=51, T=20, D=9] true=3.297305 pred=3.388014 diff=+0.090709 abs_err=0.090709
INFO | EPOCH_169 | TOP 5 WORST masked points (largest abs_err):
INFO | EPOCH_169 | [B=28, T=19, D=11] true=-1.985981 pred=0.610987 diff=+2.596968 abs_err=2.596968
INFO | EPOCH_169 | [B=43, T=7, D=11] true=2.397161 pred=-0.061375 diff=-2.458537 abs_err=2.458537
INFO | EPOCH_169 | [B=33, T=10, D=9] true=3.742375 pred=1.304426 diff=-2.437949 abs_err=2.437949
INFO | EPOCH_169 | [B=45, T=19, D=9] true=3.510067 pred=1.116490 diff=-2.393577 abs_err=2.393577
INFO | EPOCH_169 | [B=28, T=19, D=10] true=3.777889 pred=1.528266 diff=-2.249623 abs_err=2.249623
INFO | EPOCH_169 | TOP 5 BEST/CORRECT masked points (smallest abs_err):
INFO | EPOCH_169 | [B=25, T=7, D=3] true=3.162151 pred=3.162156 diff=+0.000005 abs_err=0.000005
INFO | EPOCH_169 | [B=50, T=19, D=8] true=0.637633 pred=0.637654 diff=+0.000021 abs_err=0.000021
INFO | EPOCH_169 | [B=58, T=18, D=3] true=3.839286 pred=3.839352 diff=+0.000066 abs_err=0.000066
INFO | EPOCH_169 | [B=22, T=24, D=4] true=1.729918 pred=1.729994 diff=+0.000075 abs_err=0.000075
INFO | EPOCH_169 | [B=32, T=10, D=3] true=3.286151 pred=3.286056 diff=-0.000095 abs_err=0.000095
INFO | EPOCH_179 | RANDOM 15 masked points (true, pred, diff, abs_err):
INFO | EPOCH_179 | [B=33, T=16, D=5] true=0.102782 pred=0.101267 diff=-0.001516 abs_err=0.001516
INFO | EPOCH_179 | [B=29, T=20, D=3] true=3.188368 pred=3.200259 diff=+0.011890 abs_err=0.011890
INFO | EPOCH_179 | [B=54, T=9, D=7] true=1.428277 pred=1.492854 diff=+0.064577 abs_err=0.064577
INFO | EPOCH_179 | [B=1, T=32, D=7] true=1.333114 pred=1.470047 diff=+0.136933 abs_err=0.136933
INFO | EPOCH_179 | [B=48, T=7, D=5] true=0.790484 pred=0.719264 diff=-0.071220 abs_err=0.071220
INFO | EPOCH_179 | [B=63, T=4, D=1] true=1.360864 pred=1.405216 diff=+0.044352 abs_err=0.044352
INFO | EPOCH_179 | [B=23, T=25, D=6] true=4.762866 pred=4.707207 diff=-0.055659 abs_err=0.055659
INFO | EPOCH_179 | [B=10, T=21, D=2] true=0.220085 pred=0.253816 diff=+0.033731 abs_err=0.033731
INFO | EPOCH_179 | [B=63, T=14, D=5] true=0.309743 pred=0.346534 diff=+0.036790 abs_err=0.036790
INFO | EPOCH_179 | [B=39, T=2, D=5] true=0.089423 pred=0.080783 diff=-0.008640 abs_err=0.008640
INFO | EPOCH_179 | [B=37, T=21, D=4] true=1.564772 pred=1.537326 diff=-0.027446 abs_err=0.027446
INFO | EPOCH_179 | [B=29, T=29, D=5] true=-0.005894 pred=0.389605 diff=+0.395499 abs_err=0.395499
INFO | EPOCH_179 | [B=15, T=7, D=3] true=1.823113 pred=1.722797 diff=-0.100316 abs_err=0.100316
INFO | EPOCH_179 | [B=57, T=24, D=5] true=0.414006 pred=0.379320 diff=-0.034687 abs_err=0.034687
INFO | EPOCH_179 | [B=32, T=20, D=0] true=1.822188 pred=2.295433 diff=+0.473245 abs_err=0.473245
INFO | EPOCH_179 | TOP 5 WORST masked points (largest abs_err):
INFO | EPOCH_179 | [B=26, T=8, D=6] true=1.595185 pred=4.386627 diff=+2.791442 abs_err=2.791442
INFO | EPOCH_179 | [B=44, T=20, D=6] true=0.108967 pred=2.800141 diff=+2.691173 abs_err=2.691173
INFO | EPOCH_179 | [B=44, T=18, D=6] true=0.127504 pred=2.801245 diff=+2.673741 abs_err=2.673741
INFO | EPOCH_179 | [B=9, T=18, D=6] true=3.577968 pred=0.910435 diff=-2.667533 abs_err=2.667533
INFO | EPOCH_179 | [B=9, T=8, D=6] true=3.547465 pred=0.902272 diff=-2.645194 abs_err=2.645194
INFO | EPOCH_179 | TOP 5 BEST/CORRECT masked points (smallest abs_err):
INFO | EPOCH_179 | [B=31, T=6, D=1] true=1.855169 pred=1.855194 diff=+0.000026 abs_err=0.000026
INFO | EPOCH_179 | [B=34, T=9, D=2] true=0.423480 pred=0.423530 diff=+0.000050 abs_err=0.000050
INFO | EPOCH_179 | [B=51, T=22, D=4] true=2.246806 pred=2.246742 diff=-0.000064 abs_err=0.000064
INFO | EPOCH_179 | [B=52, T=16, D=2] true=0.366708 pred=0.366804 diff=+0.000096 abs_err=0.000096
INFO | EPOCH_179 | [B=63, T=15, D=11] true=0.576303 pred=0.576197 diff=-0.000106 abs_err=0.000106
INFO | EPOCH_189 | RANDOM 15 masked points (true, pred, diff, abs_err):
INFO | EPOCH_189 | [B=9, T=11, D=11] true=0.942283 pred=0.959687 diff=+0.017404 abs_err=0.017404
INFO | EPOCH_189 | [B=32, T=30, D=10] true=1.263219 pred=1.376473 diff=+0.113254 abs_err=0.113254
INFO | EPOCH_189 | [B=30, T=3, D=2] true=0.417112 pred=0.401758 diff=-0.015353 abs_err=0.015353
INFO | EPOCH_189 | [B=42, T=19, D=2] true=0.268280 pred=0.342422 diff=+0.074142 abs_err=0.074142
INFO | EPOCH_189 | [B=35, T=6, D=11] true=0.749563 pred=0.857867 diff=+0.108305 abs_err=0.108305
INFO | EPOCH_189 | [B=59, T=17, D=10] true=1.752541 pred=1.644974 diff=-0.107567 abs_err=0.107567
INFO | EPOCH_189 | [B=62, T=14, D=0] true=2.454699 pred=2.141899 diff=-0.312800 abs_err=0.312800
INFO | EPOCH_189 | [B=6, T=8, D=1] true=1.371251 pred=1.359603 diff=-0.011647 abs_err=0.011647
INFO | EPOCH_189 | [B=63, T=25, D=4] true=2.310207 pred=1.955667 diff=-0.354540 abs_err=0.354540
INFO | EPOCH_189 | [B=23, T=16, D=7] true=2.445556 pred=2.449027 diff=+0.003471 abs_err=0.003471
INFO | EPOCH_189 | [B=9, T=2, D=10] true=1.408418 pred=1.448169 diff=+0.039751 abs_err=0.039751
INFO | EPOCH_189 | [B=19, T=6, D=1] true=2.424891 pred=2.431875 diff=+0.006984 abs_err=0.006984
INFO | EPOCH_189 | [B=43, T=3, D=2] true=-0.149014 pred=0.185294 diff=+0.334308 abs_err=0.334308
INFO | EPOCH_189 | [B=39, T=11, D=3] true=2.663859 pred=2.506604 diff=-0.157255 abs_err=0.157255
INFO | EPOCH_189 | [B=62, T=24, D=3] true=1.984740 pred=1.923730 diff=-0.061010 abs_err=0.061010
INFO | EPOCH_189 | TOP 5 WORST masked points (largest abs_err):
INFO | EPOCH_189 | [B=47, T=24, D=6] true=1.678643 pred=4.635618 diff=+2.956975 abs_err=2.956975
INFO | EPOCH_189 | [B=14, T=5, D=6] true=0.146037 pred=2.853794 diff=+2.707757 abs_err=2.707757
INFO | EPOCH_189 | [B=14, T=11, D=6] true=0.115726 pred=2.807355 diff=+2.691629 abs_err=2.691629
INFO | EPOCH_189 | [B=47, T=28, D=9] true=1.413674 pred=4.035484 diff=+2.621811 abs_err=2.621811
INFO | EPOCH_189 | [B=53, T=1, D=11] true=-1.173275 pred=1.183990 diff=+2.357265 abs_err=2.357265
INFO | EPOCH_189 | TOP 5 BEST/CORRECT masked points (smallest abs_err):
INFO | EPOCH_189 | [B=24, T=22, D=4] true=1.519330 pred=1.519328 diff=-0.000002 abs_err=0.000002
INFO | EPOCH_189 | [B=18, T=2, D=10] true=2.143893 pred=2.143911 diff=+0.000018 abs_err=0.000018
INFO | EPOCH_189 | [B=0, T=30, D=7] true=1.433310 pred=1.433286 diff=-0.000024 abs_err=0.000024
INFO | EPOCH_189 | [B=43, T=18, D=5] true=0.055763 pred=0.055725 diff=-0.000038 abs_err=0.000038
INFO | EPOCH_189 | [B=50, T=16, D=3] true=2.269099 pred=2.269146 diff=+0.000046 abs_err=0.000046
INFO | EPOCH_199 | RANDOM 15 masked points (true, pred, diff, abs_err):
INFO | EPOCH_199 | [B=53, T=14, D=4] true=1.791367 pred=1.801008 diff=+0.009641 abs_err=0.009641
INFO | EPOCH_199 | [B=9, T=7, D=4] true=2.293356 pred=2.039080 diff=-0.254276 abs_err=0.254276
INFO | EPOCH_199 | [B=3, T=1, D=10] true=2.295346 pred=2.272647 diff=-0.022699 abs_err=0.022699
INFO | EPOCH_199 | [B=24, T=17, D=0] true=3.073921 pred=3.194037 diff=+0.120116 abs_err=0.120116
INFO | EPOCH_199 | [B=42, T=4, D=7] true=1.330662 pred=1.224164 diff=-0.106498 abs_err=0.106498
INFO | EPOCH_199 | [B=33, T=7, D=5] true=0.048142 pred=0.109249 diff=+0.061107 abs_err=0.061107
INFO | EPOCH_199 | [B=53, T=8, D=9] true=2.355920 pred=2.124210 diff=-0.231709 abs_err=0.231709
INFO | EPOCH_199 | [B=39, T=11, D=10] true=1.884774 pred=2.026940 diff=+0.142165 abs_err=0.142165
INFO | EPOCH_199 | [B=27, T=9, D=2] true=-0.248696 pred=-0.145745 diff=+0.102951 abs_err=0.102951
INFO | EPOCH_199 | [B=22, T=8, D=6] true=2.664065 pred=2.900909 diff=+0.236844 abs_err=0.236844
INFO | EPOCH_199 | [B=1, T=26, D=3] true=3.387005 pred=3.063347 diff=-0.323658 abs_err=0.323658
INFO | EPOCH_199 | [B=41, T=5, D=2] true=0.557470 pred=0.449321 diff=-0.108149 abs_err=0.108149
INFO | EPOCH_199 | [B=3, T=12, D=2] true=-0.153502 pred=-0.038867 diff=+0.114634 abs_err=0.114634
INFO | EPOCH_199 | [B=39, T=10, D=8] true=0.186926 pred=0.237437 diff=+0.050511 abs_err=0.050511
INFO | EPOCH_199 | [B=14, T=2, D=11] true=0.538722 pred=0.566881 diff=+0.028159 abs_err=0.028159
INFO | EPOCH_199 | TOP 5 WORST masked points (largest abs_err):
INFO | EPOCH_199 | [B=0, T=28, D=9] true=3.682978 pred=1.444712 diff=-2.238266 abs_err=2.238266
INFO | EPOCH_199 | [B=33, T=14, D=9] true=3.548971 pred=1.422606 diff=-2.126366 abs_err=2.126366
INFO | EPOCH_199 | [B=45, T=4, D=0] true=0.990548 pred=3.115516 diff=+2.124968 abs_err=2.124968
INFO | EPOCH_199 | [B=10, T=28, D=9] true=3.511252 pred=1.395558 diff=-2.115694 abs_err=2.115694
INFO | EPOCH_199 | [B=45, T=21, D=1] true=3.038777 pred=0.944687 diff=-2.094090 abs_err=2.094090
INFO | EPOCH_199 | TOP 5 BEST/CORRECT masked points (smallest abs_err):
INFO | EPOCH_199 | [B=28, T=8, D=4] true=1.187874 pred=1.187856 diff=-0.000017 abs_err=0.000017
INFO | EPOCH_199 | [B=41, T=29, D=11] true=0.572821 pred=0.572795 diff=-0.000026 abs_err=0.000026
INFO | EPOCH_199 | [B=28, T=10, D=7] true=1.331834 pred=1.331799 diff=-0.000034 abs_err=0.000034
INFO | EPOCH_199 | [B=31, T=15, D=0] true=2.907570 pred=2.907534 diff=-0.000035 abs_err=0.000035
INFO | EPOCH_199 | [B=31, T=19, D=0] true=2.907854 pred=2.907818 diff=-0.000036 abs_err=0.000036
INFO | EPOCH_209 | RANDOM 15 masked points (true, pred, diff, abs_err):
INFO | EPOCH_209 | [B=43, T=8, D=0] true=3.250776 pred=3.209954 diff=-0.040823 abs_err=0.040823
INFO | EPOCH_209 | [B=4, T=1, D=0] true=2.991469 pred=2.890084 diff=-0.101385 abs_err=0.101385
INFO | EPOCH_209 | [B=58, T=27, D=10] true=1.680574 pred=1.377956 diff=-0.302617 abs_err=0.302617
INFO | EPOCH_209 | [B=38, T=19, D=8] true=0.271332 pred=0.277578 diff=+0.006246 abs_err=0.006246
INFO | EPOCH_209 | [B=18, T=28, D=6] true=3.116310 pred=3.078904 diff=-0.037405 abs_err=0.037405
INFO | EPOCH_209 | [B=5, T=13, D=4] true=1.764795 pred=1.740635 diff=-0.024161 abs_err=0.024161
INFO | EPOCH_209 | [B=22, T=17, D=5] true=0.165953 pred=0.207616 diff=+0.041664 abs_err=0.041664
INFO | EPOCH_209 | [B=32, T=28, D=0] true=3.462036 pred=3.328494 diff=-0.133542 abs_err=0.133542
INFO | EPOCH_209 | [B=53, T=14, D=1] true=1.242716 pred=1.288757 diff=+0.046041 abs_err=0.046041
INFO | EPOCH_209 | [B=28, T=28, D=10] true=2.326905 pred=2.207454 diff=-0.119451 abs_err=0.119451
INFO | EPOCH_209 | [B=41, T=2, D=11] true=0.128202 pred=0.180380 diff=+0.052178 abs_err=0.052178
INFO | EPOCH_209 | [B=0, T=1, D=1] true=2.448137 pred=2.259433 diff=-0.188704 abs_err=0.188704
INFO | EPOCH_209 | [B=40, T=23, D=0] true=3.359760 pred=3.317375 diff=-0.042385 abs_err=0.042385
INFO | EPOCH_209 | [B=10, T=2, D=0] true=2.390772 pred=2.555038 diff=+0.164266 abs_err=0.164266
INFO | EPOCH_209 | [B=55, T=17, D=10] true=1.387470 pred=1.277279 diff=-0.110192 abs_err=0.110192
INFO | EPOCH_209 | TOP 5 WORST masked points (largest abs_err):
INFO | EPOCH_209 | [B=17, T=2, D=6] true=0.050544 pred=3.674015 diff=+3.623470 abs_err=3.623470
INFO | EPOCH_209 | [B=17, T=6, D=6] true=0.042953 pred=3.648951 diff=+3.605998 abs_err=3.605998
INFO | EPOCH_209 | [B=46, T=10, D=6] true=0.025506 pred=3.205498 diff=+3.179992 abs_err=3.179992
INFO | EPOCH_209 | [B=46, T=13, D=6] true=0.022954 pred=3.184616 diff=+3.161662 abs_err=3.161662
INFO | EPOCH_209 | [B=37, T=28, D=6] true=5.711285 pred=3.150667 diff=-2.560618 abs_err=2.560618
INFO | EPOCH_209 | TOP 5 BEST/CORRECT masked points (smallest abs_err):
INFO | EPOCH_209 | [B=12, T=8, D=1] true=2.542224 pred=2.542221 diff=-0.000003 abs_err=0.000003
INFO | EPOCH_209 | [B=58, T=0, D=5] true=0.842838 pred=0.842855 diff=+0.000017 abs_err=0.000017
INFO | EPOCH_209 | [B=26, T=28, D=4] true=1.902254 pred=1.902280 diff=+0.000026 abs_err=0.000026
INFO | EPOCH_209 | [B=35, T=4, D=7] true=1.440307 pred=1.440251 diff=-0.000055 abs_err=0.000055
INFO | EPOCH_209 | [B=49, T=22, D=3] true=3.377567 pred=3.377506 diff=-0.000061 abs_err=0.000061
INFO | EPOCH_219 | RANDOM 15 masked points (true, pred, diff, abs_err):
INFO | EPOCH_219 | [B=18, T=27, D=7] true=1.889734 pred=1.927877 diff=+0.038143 abs_err=0.038143
INFO | EPOCH_219 | [B=46, T=2, D=9] true=3.183732 pred=3.186556 diff=+0.002824 abs_err=0.002824
INFO | EPOCH_219 | [B=62, T=1, D=10] true=1.235978 pred=1.265931 diff=+0.029953 abs_err=0.029953
INFO | EPOCH_219 | [B=46, T=18, D=3] true=3.229183 pred=3.227406 diff=-0.001778 abs_err=0.001778
INFO | EPOCH_219 | [B=35, T=27, D=9] true=1.052107 pred=1.677784 diff=+0.625678 abs_err=0.625678
INFO | EPOCH_219 | [B=55, T=1, D=6] true=2.558880 pred=2.337591 diff=-0.221289 abs_err=0.221289
INFO | EPOCH_219 | [B=42, T=19, D=2] true=0.249573 pred=0.291647 diff=+0.042074 abs_err=0.042074
INFO | EPOCH_219 | [B=26, T=1, D=7] true=1.919253 pred=1.672137 diff=-0.247116 abs_err=0.247116
INFO | EPOCH_219 | [B=2, T=31, D=8] true=0.194987 pred=0.253526 diff=+0.058539 abs_err=0.058539
INFO | EPOCH_219 | [B=33, T=16, D=3] true=3.513509 pred=3.357568 diff=-0.155942 abs_err=0.155942
INFO | EPOCH_219 | [B=36, T=16, D=5] true=0.251477 pred=0.285787 diff=+0.034310 abs_err=0.034310
INFO | EPOCH_219 | [B=13, T=17, D=1] true=1.626102 pred=1.294487 diff=-0.331615 abs_err=0.331615
INFO | EPOCH_219 | [B=55, T=1, D=10] true=1.700246 pred=1.518645 diff=-0.181601 abs_err=0.181601
INFO | EPOCH_219 | [B=49, T=10, D=7] true=2.458401 pred=2.411582 diff=-0.046819 abs_err=0.046819
INFO | EPOCH_219 | [B=32, T=7, D=10] true=2.165364 pred=2.401919 diff=+0.236555 abs_err=0.236555
INFO | EPOCH_219 | TOP 5 WORST masked points (largest abs_err):
INFO | EPOCH_219 | [B=26, T=5, D=9] true=0.757862 pred=3.624332 diff=+2.866470 abs_err=2.866470
INFO | EPOCH_219 | [B=49, T=14, D=10] true=0.506230 pred=2.805956 diff=+2.299726 abs_err=2.299726
INFO | EPOCH_219 | [B=49, T=14, D=11] true=2.130419 pred=-0.069149 diff=-2.199568 abs_err=2.199568
INFO | EPOCH_219 | [B=55, T=13, D=9] true=0.115999 pred=2.273977 diff=+2.157978 abs_err=2.157978
INFO | EPOCH_219 | [B=47, T=23, D=3] true=1.117670 pred=3.206288 diff=+2.088617 abs_err=2.088617
INFO | EPOCH_219 | TOP 5 BEST/CORRECT masked points (smallest abs_err):
INFO | EPOCH_219 | [B=45, T=11, D=2] true=0.215478 pred=0.215502 diff=+0.000025 abs_err=0.000025
INFO | EPOCH_219 | [B=3, T=18, D=2] true=-0.068149 pred=-0.068213 diff=-0.000064 abs_err=0.000064
INFO | EPOCH_219 | [B=16, T=28, D=5] true=0.270359 pred=0.270438 diff=+0.000079 abs_err=0.000079
INFO | EPOCH_219 | [B=32, T=19, D=5] true=0.277946 pred=0.277854 diff=-0.000093 abs_err=0.000093
INFO | EPOCH_219 | [B=15, T=21, D=6] true=3.259968 pred=3.260118 diff=+0.000150 abs_err=0.000150
INFO | EPOCH_229 | RANDOM 15 masked points (true, pred, diff, abs_err):
INFO | EPOCH_229 | [B=42, T=4, D=2] true=-0.137353 pred=0.041579 diff=+0.178932 abs_err=0.178932
INFO | EPOCH_229 | [B=59, T=7, D=0] true=3.194268 pred=3.116335 diff=-0.077932 abs_err=0.077932
INFO | EPOCH_229 | [B=28, T=29, D=3] true=3.394046 pred=3.437614 diff=+0.043568 abs_err=0.043568
INFO | EPOCH_229 | [B=50, T=28, D=9] true=1.565392 pred=1.853362 diff=+0.287970 abs_err=0.287970
INFO | EPOCH_229 | [B=13, T=14, D=3] true=3.366652 pred=3.351694 diff=-0.014957 abs_err=0.014957
INFO | EPOCH_229 | [B=12, T=21, D=0] true=3.371156 pred=3.182540 diff=-0.188616 abs_err=0.188616
INFO | EPOCH_229 | [B=61, T=16, D=8] true=1.384898 pred=1.146919 diff=-0.237978 abs_err=0.237978
INFO | EPOCH_229 | [B=47, T=0, D=7] true=1.710989 pred=1.599559 diff=-0.111430 abs_err=0.111430
INFO | EPOCH_229 | [B=22, T=21, D=4] true=1.429411 pred=1.389853 diff=-0.039558 abs_err=0.039558
INFO | EPOCH_229 | [B=30, T=28, D=1] true=1.378938 pred=1.386442 diff=+0.007504 abs_err=0.007504
INFO | EPOCH_229 | [B=46, T=21, D=0] true=2.844957 pred=2.824157 diff=-0.020800 abs_err=0.020800
INFO | EPOCH_229 | [B=32, T=16, D=1] true=1.664616 pred=1.321576 diff=-0.343040 abs_err=0.343040
INFO | EPOCH_229 | [B=3, T=13, D=6] true=4.936509 pred=4.766565 diff=-0.169944 abs_err=0.169944
INFO | EPOCH_229 | [B=36, T=19, D=4] true=2.354621 pred=2.124738 diff=-0.229884 abs_err=0.229884
INFO | EPOCH_229 | [B=27, T=7, D=5] true=0.262039 pred=0.196532 diff=-0.065507 abs_err=0.065507
INFO | EPOCH_229 | TOP 5 WORST masked points (largest abs_err):
INFO | EPOCH_229 | [B=35, T=20, D=3] true=0.534949 pred=3.227409 diff=+2.692460 abs_err=2.692460
INFO | EPOCH_229 | [B=51, T=24, D=6] true=3.759710 pred=1.596789 diff=-2.162921 abs_err=2.162921
INFO | EPOCH_229 | [B=44, T=11, D=3] true=0.967067 pred=3.095672 diff=+2.128604 abs_err=2.128604
INFO | EPOCH_229 | [B=46, T=14, D=2] true=2.224028 pred=0.104802 diff=-2.119226 abs_err=2.119226
INFO | EPOCH_229 | [B=1, T=15, D=3] true=1.012525 pred=3.101860 diff=+2.089335 abs_err=2.089335
INFO | EPOCH_229 | TOP 5 BEST/CORRECT masked points (smallest abs_err):
INFO | EPOCH_229 | [B=16, T=20, D=5] true=0.210016 pred=0.210008 diff=-0.000008 abs_err=0.000008
INFO | EPOCH_229 | [B=61, T=15, D=9] true=2.846629 pred=2.846644 diff=+0.000015 abs_err=0.000015
INFO | EPOCH_229 | [B=40, T=4, D=7] true=2.320876 pred=2.320895 diff=+0.000019 abs_err=0.000019
INFO | EPOCH_229 | [B=56, T=3, D=8] true=0.918214 pred=0.918159 diff=-0.000055 abs_err=0.000055
INFO | EPOCH_229 | [B=32, T=14, D=8] true=0.199064 pred=0.199121 diff=+0.000057 abs_err=0.000057
INFO | EPOCH_239 | RANDOM 15 masked points (true, pred, diff, abs_err):
INFO | EPOCH_239 | [B=31, T=18, D=3] true=4.177955 pred=3.974733 diff=-0.203222 abs_err=0.203222
INFO | EPOCH_239 | [B=51, T=6, D=6] true=0.868886 pred=0.882468 diff=+0.013583 abs_err=0.013583
INFO | EPOCH_239 | [B=23, T=8, D=4] true=1.934857 pred=1.927053 diff=-0.007804 abs_err=0.007804
INFO | EPOCH_239 | [B=27, T=5, D=4] true=1.460874 pred=1.508844 diff=+0.047970 abs_err=0.047970
INFO | EPOCH_239 | [B=1, T=27, D=6] true=2.713804 pred=2.735579 diff=+0.021775 abs_err=0.021775
INFO | EPOCH_239 | [B=54, T=23, D=10] true=2.223065 pred=2.230273 diff=+0.007208 abs_err=0.007208
INFO | EPOCH_239 | [B=10, T=20, D=8] true=1.302198 pred=1.093944 diff=-0.208254 abs_err=0.208254
INFO | EPOCH_239 | [B=27, T=17, D=11] true=0.515587 pred=0.361992 diff=-0.153595 abs_err=0.153595
INFO | EPOCH_239 | [B=28, T=3, D=11] true=0.508653 pred=0.470020 diff=-0.038634 abs_err=0.038634
INFO | EPOCH_239 | [B=57, T=18, D=5] true=-0.005743 pred=0.072786 diff=+0.078529 abs_err=0.078529
INFO | EPOCH_239 | [B=51, T=8, D=2] true=0.154712 pred=0.215750 diff=+0.061038 abs_err=0.061038
INFO | EPOCH_239 | [B=10, T=10, D=4] true=1.252482 pred=1.242006 diff=-0.010476 abs_err=0.010476
INFO | EPOCH_239 | [B=44, T=6, D=9] true=3.661004 pred=3.356476 diff=-0.304528 abs_err=0.304528
INFO | EPOCH_239 | [B=60, T=16, D=0] true=2.884378 pred=2.865996 diff=-0.018382 abs_err=0.018382
INFO | EPOCH_239 | [B=19, T=11, D=3] true=3.700805 pred=3.817116 diff=+0.116311 abs_err=0.116311
INFO | EPOCH_239 | TOP 5 WORST masked points (largest abs_err):
INFO | EPOCH_239 | [B=7, T=3, D=0] true=5.087778 pred=2.396589 diff=-2.691189 abs_err=2.691189
INFO | EPOCH_239 | [B=7, T=3, D=2] true=2.372046 pred=-0.024934 diff=-2.396980 abs_err=2.396980
INFO | EPOCH_239 | [B=58, T=19, D=6] true=3.603509 pred=1.383486 diff=-2.220023 abs_err=2.220023
INFO | EPOCH_239 | [B=22, T=25, D=5] true=-2.117338 pred=0.050755 diff=+2.168093 abs_err=2.168093
INFO | EPOCH_239 | [B=41, T=5, D=9] true=3.705069 pred=1.605715 diff=-2.099355 abs_err=2.099355
INFO | EPOCH_239 | TOP 5 BEST/CORRECT masked points (smallest abs_err):
INFO | EPOCH_239 | [B=12, T=10, D=4] true=1.754879 pred=1.754859 diff=-0.000021 abs_err=0.000021
INFO | EPOCH_239 | [B=6, T=21, D=0] true=2.223416 pred=2.223443 diff=+0.000027 abs_err=0.000027
INFO | EPOCH_239 | [B=29, T=1, D=2] true=0.437220 pred=0.437265 diff=+0.000045 abs_err=0.000045
INFO | EPOCH_239 | [B=58, T=5, D=5] true=0.013206 pred=0.013154 diff=-0.000052 abs_err=0.000052
INFO | EPOCH_239 | [B=25, T=25, D=11] true=0.502029 pred=0.502083 diff=+0.000054 abs_err=0.000054
INFO | EPOCH_249 | RANDOM 15 masked points (true, pred, diff, abs_err):
INFO | EPOCH_249 | [B=21, T=16, D=8] true=1.298931 pred=1.274778 diff=-0.024153 abs_err=0.024153
INFO | EPOCH_249 | [B=63, T=14, D=10] true=1.998094 pred=1.968174 diff=-0.029921 abs_err=0.029921
INFO | EPOCH_249 | [B=16, T=15, D=5] true=0.018283 pred=0.130594 diff=+0.112311 abs_err=0.112311
INFO | EPOCH_249 | [B=18, T=6, D=4] true=1.501872 pred=1.671466 diff=+0.169594 abs_err=0.169594
INFO | EPOCH_249 | [B=44, T=29, D=5] true=0.600130 pred=0.414743 diff=-0.185386 abs_err=0.185386
INFO | EPOCH_249 | [B=23, T=23, D=7] true=1.816288 pred=1.919246 diff=+0.102958 abs_err=0.102958
INFO | EPOCH_249 | [B=50, T=9, D=5] true=0.312083 pred=-0.016881 diff=-0.328964 abs_err=0.328964
INFO | EPOCH_249 | [B=39, T=9, D=8] true=0.695604 pred=0.609712 diff=-0.085892 abs_err=0.085892
INFO | EPOCH_249 | [B=16, T=12, D=0] true=3.401216 pred=3.408452 diff=+0.007236 abs_err=0.007236
INFO | EPOCH_249 | [B=26, T=12, D=6] true=3.275950 pred=3.218082 diff=-0.057868 abs_err=0.057868
INFO | EPOCH_249 | [B=24, T=1, D=4] true=1.924262 pred=1.788924 diff=-0.135337 abs_err=0.135337
INFO | EPOCH_249 | [B=33, T=1, D=6] true=1.182051 pred=1.458598 diff=+0.276548 abs_err=0.276548
INFO | EPOCH_249 | [B=33, T=19, D=10] true=0.605386 pred=1.387621 diff=+0.782236 abs_err=0.782236
INFO | EPOCH_249 | [B=49, T=21, D=4] true=1.950257 pred=2.294831 diff=+0.344573 abs_err=0.344573
INFO | EPOCH_249 | [B=16, T=12, D=2] true=0.021878 pred=0.253375 diff=+0.231497 abs_err=0.231497
INFO | EPOCH_249 | TOP 5 WORST masked points (largest abs_err):
INFO | EPOCH_249 | [B=25, T=9, D=9] true=3.972294 pred=1.872517 diff=-2.099777 abs_err=2.099777
INFO | EPOCH_249 | [B=9, T=2, D=10] true=-0.290220 pred=1.669187 diff=+1.959407 abs_err=1.959407
INFO | EPOCH_249 | [B=60, T=3, D=10] true=-0.373290 pred=1.507040 diff=+1.880330 abs_err=1.880330
INFO | EPOCH_249 | [B=29, T=4, D=11] true=1.946152 pred=0.074827 diff=-1.871325 abs_err=1.871325
INFO | EPOCH_249 | [B=29, T=7, D=11] true=1.896756 pred=0.065310 diff=-1.831446 abs_err=1.831446
INFO | EPOCH_249 | TOP 5 BEST/CORRECT masked points (smallest abs_err):
INFO | EPOCH_249 | [B=42, T=1, D=0] true=2.751080 pred=2.751092 diff=+0.000013 abs_err=0.000013
INFO | EPOCH_249 | [B=53, T=26, D=7] true=1.581611 pred=1.581598 diff=-0.000013 abs_err=0.000013
INFO | EPOCH_249 | [B=10, T=2, D=4] true=1.135567 pred=1.135588 diff=+0.000021 abs_err=0.000021
INFO | EPOCH_249 | [B=52, T=7, D=5] true=0.183837 pred=0.183863 diff=+0.000026 abs_err=0.000026
INFO | EPOCH_249 | [B=14, T=25, D=9] true=4.129891 pred=4.129933 diff=+0.000042 abs_err=0.000042
INFO | EPOCH_259 | RANDOM 15 masked points (true, pred, diff, abs_err):
INFO | EPOCH_259 | [B=6, T=0, D=4] true=1.119649 pred=1.168460 diff=+0.048811 abs_err=0.048811
INFO | EPOCH_259 | [B=59, T=15, D=6] true=1.155587 pred=1.236396 diff=+0.080809 abs_err=0.080809
INFO | EPOCH_259 | [B=37, T=28, D=2] true=0.132679 pred=0.091945 diff=-0.040733 abs_err=0.040733
INFO | EPOCH_259 | [B=48, T=16, D=6] true=1.285115 pred=1.649928 diff=+0.364813 abs_err=0.364813
INFO | EPOCH_259 | [B=36, T=7, D=6] true=4.993888 pred=4.438061 diff=-0.555827 abs_err=0.555827
INFO | EPOCH_259 | [B=17, T=16, D=7] true=1.254852 pred=1.433672 diff=+0.178820 abs_err=0.178820
INFO | EPOCH_259 | [B=40, T=15, D=0] true=3.032347 pred=3.155654 diff=+0.123307 abs_err=0.123307
INFO | EPOCH_259 | [B=17, T=18, D=2] true=0.358090 pred=0.256781 diff=-0.101308 abs_err=0.101308
INFO | EPOCH_259 | [B=23, T=17, D=2] true=0.425512 pred=0.388912 diff=-0.036600 abs_err=0.036600
INFO | EPOCH_259 | [B=15, T=15, D=8] true=0.576152 pred=0.942077 diff=+0.365925 abs_err=0.365925
INFO | EPOCH_259 | [B=19, T=15, D=10] true=2.430091 pred=2.427792 diff=-0.002300 abs_err=0.002300
INFO | EPOCH_259 | [B=47, T=23, D=9] true=1.841430 pred=2.152099 diff=+0.310669 abs_err=0.310669
INFO | EPOCH_259 | [B=48, T=21, D=8] true=1.256838 pred=1.382453 diff=+0.125616 abs_err=0.125616
INFO | EPOCH_259 | [B=7, T=0, D=1] true=1.275931 pred=1.254645 diff=-0.021286 abs_err=0.021286
INFO | EPOCH_259 | [B=3, T=17, D=0] true=2.505780 pred=2.761452 diff=+0.255672 abs_err=0.255672
INFO | EPOCH_259 | TOP 5 WORST masked points (largest abs_err):
INFO | EPOCH_259 | [B=14, T=23, D=6] true=3.583014 pred=0.844368 diff=-2.738646 abs_err=2.738646
INFO | EPOCH_259 | [B=28, T=19, D=11] true=-1.985981 pred=0.627640 diff=+2.613620 abs_err=2.613620
INFO | EPOCH_259 | [B=43, T=7, D=11] true=2.397161 pred=-0.179414 diff=-2.576575 abs_err=2.576575
INFO | EPOCH_259 | [B=44, T=20, D=6] true=0.108967 pred=2.590198 diff=+2.481231 abs_err=2.481231
INFO | EPOCH_259 | [B=44, T=18, D=6] true=0.127504 pred=2.602108 diff=+2.474603 abs_err=2.474603
INFO | EPOCH_259 | TOP 5 BEST/CORRECT masked points (smallest abs_err):
INFO | EPOCH_259 | [B=22, T=18, D=7] true=1.334330 pred=1.334361 diff=+0.000031 abs_err=0.000031
INFO | EPOCH_259 | [B=42, T=3, D=11] true=0.827592 pred=0.827537 diff=-0.000055 abs_err=0.000055
INFO | EPOCH_259 | [B=6, T=5, D=7] true=1.868724 pred=1.868630 diff=-0.000094 abs_err=0.000094
INFO | EPOCH_259 | [B=8, T=4, D=0] true=2.753448 pred=2.753349 diff=-0.000099 abs_err=0.000099
INFO | EPOCH_259 | [B=61, T=26, D=7] true=2.502498 pred=2.502398 diff=-0.000099 abs_err=0.000099
INFO | EPOCH_269 | RANDOM 15 masked points (true, pred, diff, abs_err):
INFO | EPOCH_269 | [B=28, T=25, D=8] true=0.457035 pred=0.692607 diff=+0.235572 abs_err=0.235572
INFO | EPOCH_269 | [B=28, T=11, D=3] true=2.806080 pred=2.835066 diff=+0.028986 abs_err=0.028986
INFO | EPOCH_269 | [B=48, T=3, D=3] true=3.207887 pred=3.267289 diff=+0.059401 abs_err=0.059401
INFO | EPOCH_269 | [B=14, T=18, D=0] true=2.656079 pred=3.279797 diff=+0.623718 abs_err=0.623718
INFO | EPOCH_269 | [B=34, T=5, D=7] true=1.942786 pred=1.681606 diff=-0.261180 abs_err=0.261180
INFO | EPOCH_269 | [B=50, T=8, D=3] true=3.188455 pred=3.280353 diff=+0.091898 abs_err=0.091898
INFO | EPOCH_269 | [B=52, T=28, D=3] true=3.249704 pred=3.246082 diff=-0.003622 abs_err=0.003622
INFO | EPOCH_269 | [B=12, T=2, D=1] true=1.327713 pred=1.409737 diff=+0.082024 abs_err=0.082024
INFO | EPOCH_269 | [B=63, T=8, D=9] true=3.488430 pred=3.413225 diff=-0.075205 abs_err=0.075205
INFO | EPOCH_269 | [B=15, T=9, D=0] true=2.070138 pred=2.417530 diff=+0.347393 abs_err=0.347393
INFO | EPOCH_269 | [B=56, T=22, D=2] true=0.223041 pred=0.316295 diff=+0.093254 abs_err=0.093254
INFO | EPOCH_269 | [B=47, T=17, D=1] true=1.403806 pred=1.393653 diff=-0.010154 abs_err=0.010154
INFO | EPOCH_269 | [B=59, T=20, D=10] true=1.888349 pred=1.914359 diff=+0.026011 abs_err=0.026011
INFO | EPOCH_269 | [B=44, T=30, D=9] true=3.191846 pred=2.923030 diff=-0.268816 abs_err=0.268816
INFO | EPOCH_269 | [B=14, T=19, D=4] true=2.190587 pred=1.904662 diff=-0.285925 abs_err=0.285925
INFO | EPOCH_269 | TOP 5 WORST masked points (largest abs_err):
INFO | EPOCH_269 | [B=26, T=8, D=6] true=1.595185 pred=4.456990 diff=+2.861805 abs_err=2.861805
INFO | EPOCH_269 | [B=14, T=5, D=6] true=0.146037 pred=2.877145 diff=+2.731108 abs_err=2.731108
INFO | EPOCH_269 | [B=14, T=11, D=6] true=0.115726 pred=2.830812 diff=+2.715086 abs_err=2.715086
INFO | EPOCH_269 | [B=53, T=1, D=11] true=-1.173275 pred=1.395123 diff=+2.568398 abs_err=2.568398
INFO | EPOCH_269 | [B=63, T=15, D=6] true=0.098340 pred=2.555720 diff=+2.457379 abs_err=2.457379
INFO | EPOCH_269 | TOP 5 BEST/CORRECT masked points (smallest abs_err):
INFO | EPOCH_269 | [B=25, T=15, D=4] true=1.646841 pred=1.646838 diff=-0.000003 abs_err=0.000003
INFO | EPOCH_269 | [B=6, T=25, D=2] true=0.504299 pred=0.504314 diff=+0.000015 abs_err=0.000015
INFO | EPOCH_269 | [B=24, T=0, D=3] true=3.372377 pred=3.372405 diff=+0.000028 abs_err=0.000028
INFO | EPOCH_269 | [B=55, T=23, D=2] true=0.522544 pred=0.522573 diff=+0.000030 abs_err=0.000030
INFO | EPOCH_269 | [B=52, T=2, D=11] true=0.897554 pred=0.897497 diff=-0.000057 abs_err=0.000057
INFO | EPOCH_279 | RANDOM 15 masked points (true, pred, diff, abs_err):
INFO | EPOCH_279 | [B=33, T=29, D=2] true=0.363824 pred=0.519559 diff=+0.155735 abs_err=0.155735
INFO | EPOCH_279 | [B=17, T=31, D=5] true=0.167961 pred=0.173923 diff=+0.005962 abs_err=0.005962
INFO | EPOCH_279 | [B=0, T=9, D=0] true=2.621813 pred=2.552507 diff=-0.069305 abs_err=0.069305
INFO | EPOCH_279 | [B=41, T=19, D=4] true=1.038303 pred=1.134437 diff=+0.096135 abs_err=0.096135
INFO | EPOCH_279 | [B=63, T=19, D=10] true=1.098155 pred=1.155436 diff=+0.057281 abs_err=0.057281
INFO | EPOCH_279 | [B=20, T=30, D=7] true=1.666227 pred=1.232885 diff=-0.433342 abs_err=0.433342
INFO | EPOCH_279 | [B=47, T=19, D=0] true=2.990619 pred=2.882725 diff=-0.107894 abs_err=0.107894
INFO | EPOCH_279 | [B=63, T=23, D=1] true=2.957569 pred=2.395683 diff=-0.561886 abs_err=0.561886
INFO | EPOCH_279 | [B=55, T=22, D=7] true=2.045471 pred=1.700574 diff=-0.344898 abs_err=0.344898
INFO | EPOCH_279 | [B=2, T=16, D=6] true=0.889793 pred=1.148706 diff=+0.258914 abs_err=0.258914
INFO | EPOCH_279 | [B=34, T=19, D=10] true=1.576912 pred=1.375075 diff=-0.201838 abs_err=0.201838
INFO | EPOCH_279 | [B=18, T=7, D=4] true=1.833343 pred=1.508750 diff=-0.324593 abs_err=0.324593
INFO | EPOCH_279 | [B=28, T=3, D=7] true=1.855481 pred=1.818566 diff=-0.036915 abs_err=0.036915
INFO | EPOCH_279 | [B=0, T=13, D=7] true=1.625468 pred=1.773908 diff=+0.148441 abs_err=0.148441
INFO | EPOCH_279 | [B=4, T=11, D=11] true=0.350528 pred=0.797763 diff=+0.447235 abs_err=0.447235
INFO | EPOCH_279 | TOP 5 WORST masked points (largest abs_err):
INFO | EPOCH_279 | [B=47, T=24, D=6] true=1.678643 pred=4.575158 diff=+2.896515 abs_err=2.896515
INFO | EPOCH_279 | [B=47, T=28, D=9] true=1.413674 pred=4.093781 diff=+2.680108 abs_err=2.680108
INFO | EPOCH_279 | [B=45, T=4, D=0] true=0.990548 pred=3.148364 diff=+2.157816 abs_err=2.157816
INFO | EPOCH_279 | [B=15, T=17, D=9] true=3.643659 pred=1.520745 diff=-2.122914 abs_err=2.122914
INFO | EPOCH_279 | [B=0, T=28, D=9] true=3.682978 pred=1.568143 diff=-2.114835 abs_err=2.114835
INFO | EPOCH_279 | TOP 5 BEST/CORRECT masked points (smallest abs_err):
INFO | EPOCH_279 | [B=55, T=9, D=2] true=0.118504 pred=0.118483 diff=-0.000022 abs_err=0.000022
INFO | EPOCH_279 | [B=57, T=27, D=10] true=1.682227 pred=1.682271 diff=+0.000044 abs_err=0.000044
INFO | EPOCH_279 | [B=63, T=16, D=11] true=0.771373 pred=0.771427 diff=+0.000054 abs_err=0.000054
INFO | EPOCH_279 | [B=22, T=18, D=2] true=0.414850 pred=0.414916 diff=+0.000066 abs_err=0.000066
INFO | EPOCH_279 | [B=33, T=14, D=5] true=0.389472 pred=0.389389 diff=-0.000082 abs_err=0.000082
INFO | EPOCH_289 | RANDOM 15 masked points (true, pred, diff, abs_err):
INFO | EPOCH_289 | [B=37, T=15, D=1] true=2.164214 pred=2.067081 diff=-0.097133 abs_err=0.097133
INFO | EPOCH_289 | [B=58, T=20, D=10] true=1.810708 pred=1.355954 diff=-0.454754 abs_err=0.454754
INFO | EPOCH_289 | [B=8, T=29, D=1] true=1.665910 pred=1.725075 diff=+0.059165 abs_err=0.059165
INFO | EPOCH_289 | [B=55, T=14, D=5] true=-0.024474 pred=0.114001 diff=+0.138475 abs_err=0.138475
INFO | EPOCH_289 | [B=14, T=10, D=4] true=2.062874 pred=1.943850 diff=-0.119024 abs_err=0.119024
INFO | EPOCH_289 | [B=41, T=6, D=0] true=2.742267 pred=2.760725 diff=+0.018458 abs_err=0.018458
INFO | EPOCH_289 | [B=52, T=0, D=4] true=1.756895 pred=1.787714 diff=+0.030819 abs_err=0.030819
INFO | EPOCH_289 | [B=24, T=14, D=7] true=2.451096 pred=2.516575 diff=+0.065479 abs_err=0.065479
INFO | EPOCH_289 | [B=62, T=10, D=7] true=1.625344 pred=1.813933 diff=+0.188588 abs_err=0.188588
INFO | EPOCH_289 | [B=8, T=17, D=5] true=0.698132 pred=0.517107 diff=-0.181025 abs_err=0.181025
INFO | EPOCH_289 | [B=45, T=17, D=9] true=3.556304 pred=1.646875 diff=-1.909430 abs_err=1.909430
INFO | EPOCH_289 | [B=60, T=4, D=4] true=2.041826 pred=2.025252 diff=-0.016574 abs_err=0.016574
INFO | EPOCH_289 | [B=43, T=1, D=4] true=2.297096 pred=2.219007 diff=-0.078088 abs_err=0.078088
INFO | EPOCH_289 | [B=5, T=6, D=3] true=3.426328 pred=3.104231 diff=-0.322098 abs_err=0.322098
INFO | EPOCH_289 | [B=16, T=25, D=1] true=1.925891 pred=1.874763 diff=-0.051128 abs_err=0.051128
INFO | EPOCH_289 | TOP 5 WORST masked points (largest abs_err):
INFO | EPOCH_289 | [B=17, T=2, D=6] true=0.050544 pred=3.575096 diff=+3.524552 abs_err=3.524552
INFO | EPOCH_289 | [B=17, T=6, D=6] true=0.042953 pred=3.542630 diff=+3.499677 abs_err=3.499677
INFO | EPOCH_289 | [B=37, T=28, D=6] true=5.711285 pred=3.120430 diff=-2.590855 abs_err=2.590855
INFO | EPOCH_289 | [B=48, T=2, D=9] true=3.596051 pred=1.619764 diff=-1.976287 abs_err=1.976287
INFO | EPOCH_289 | [B=33, T=14, D=9] true=3.548971 pred=1.622030 diff=-1.926942 abs_err=1.926942
INFO | EPOCH_289 | TOP 5 BEST/CORRECT masked points (smallest abs_err):
INFO | EPOCH_289 | [B=21, T=25, D=9] true=3.275185 pred=3.275198 diff=+0.000012 abs_err=0.000012
INFO | EPOCH_289 | [B=36, T=21, D=3] true=2.707203 pred=2.707234 diff=+0.000031 abs_err=0.000031
INFO | EPOCH_289 | [B=22, T=19, D=8] true=0.978353 pred=0.978435 diff=+0.000082 abs_err=0.000082
INFO | EPOCH_289 | [B=3, T=16, D=1] true=1.732975 pred=1.732872 diff=-0.000103 abs_err=0.000103
INFO | EPOCH_289 | [B=10, T=27, D=9] true=2.903160 pred=2.903269 diff=+0.000109 abs_err=0.000109
INFO | EPOCH_299 | RANDOM 15 masked points (true, pred, diff, abs_err):
INFO | EPOCH_299 | [B=14, T=0, D=8] true=0.772000 pred=0.806774 diff=+0.034774 abs_err=0.034774
INFO | EPOCH_299 | [B=25, T=23, D=9] true=3.508796 pred=4.182505 diff=+0.673708 abs_err=0.673708
INFO | EPOCH_299 | [B=6, T=12, D=9] true=1.435191 pred=1.383446 diff=-0.051746 abs_err=0.051746
INFO | EPOCH_299 | [B=21, T=28, D=3] true=2.373908 pred=1.938218 diff=-0.435690 abs_err=0.435690
INFO | EPOCH_299 | [B=12, T=19, D=3] true=4.194034 pred=4.224537 diff=+0.030503 abs_err=0.030503
INFO | EPOCH_299 | [B=14, T=1, D=9] true=1.482288 pred=1.883531 diff=+0.401243 abs_err=0.401243
INFO | EPOCH_299 | [B=49, T=7, D=7] true=1.641528 pred=1.796920 diff=+0.155392 abs_err=0.155392
INFO | EPOCH_299 | [B=11, T=22, D=4] true=2.032915 pred=2.163866 diff=+0.130951 abs_err=0.130951
INFO | EPOCH_299 | [B=47, T=6, D=8] true=-0.260275 pred=0.151160 diff=+0.411435 abs_err=0.411435
INFO | EPOCH_299 | [B=36, T=9, D=8] true=-0.121161 pred=0.296639 diff=+0.417800 abs_err=0.417800
INFO | EPOCH_299 | [B=27, T=17, D=6] true=3.580197 pred=3.665118 diff=+0.084921 abs_err=0.084921
INFO | EPOCH_299 | [B=15, T=0, D=7] true=2.398306 pred=2.508631 diff=+0.110325 abs_err=0.110325
INFO | EPOCH_299 | [B=42, T=21, D=8] true=0.042688 pred=0.078101 diff=+0.035413 abs_err=0.035413
INFO | EPOCH_299 | [B=44, T=9, D=11] true=-0.248573 pred=-0.271635 diff=-0.023062 abs_err=0.023062
INFO | EPOCH_299 | [B=35, T=4, D=7] true=2.796137 pred=2.534009 diff=-0.262127 abs_err=0.262127
INFO | EPOCH_299 | TOP 5 WORST masked points (largest abs_err):
INFO | EPOCH_299 | [B=46, T=10, D=6] true=0.025506 pred=3.223522 diff=+3.198016 abs_err=3.198016
INFO | EPOCH_299 | [B=46, T=13, D=6] true=0.022954 pred=3.192518 diff=+3.169564 abs_err=3.169564
INFO | EPOCH_299 | [B=26, T=5, D=9] true=0.757862 pred=3.584218 diff=+2.826356 abs_err=2.826356
INFO | EPOCH_299 | [B=49, T=13, D=0] true=5.045780 pred=2.650201 diff=-2.395578 abs_err=2.395578
INFO | EPOCH_299 | [B=49, T=14, D=10] true=0.506230 pred=2.766328 diff=+2.260098 abs_err=2.260098
INFO | EPOCH_299 | TOP 5 BEST/CORRECT masked points (smallest abs_err):
INFO | EPOCH_299 | [B=15, T=8, D=9] true=3.473186 pred=3.473186 diff=-0.000000 abs_err=0.000000
INFO | EPOCH_299 | [B=3, T=15, D=3] true=2.396630 pred=2.396636 diff=+0.000006 abs_err=0.000006
INFO | EPOCH_299 | [B=34, T=11, D=2] true=0.431309 pred=0.431261 diff=-0.000047 abs_err=0.000047
INFO | EPOCH_299 | [B=9, T=10, D=4] true=1.432622 pred=1.432569 diff=-0.000053 abs_err=0.000053
INFO | EPOCH_299 | [B=34, T=27, D=4] true=1.333216 pred=1.333277 diff=+0.000061 abs_err=0.000061
INFO | EPOCH_009 | RANDOM 15 masked points (true, pred, diff, abs_err):
INFO | EPOCH_009 | [B=6, T=22, D=6] true=1.464899 pred=1.119126 diff=-0.345772 abs_err=0.345772
INFO | EPOCH_009 | [B=25, T=26, D=6] true=4.446414 pred=4.216698 diff=-0.229716 abs_err=0.229716
INFO | EPOCH_009 | [B=54, T=12, D=5] true=0.617375 pred=0.618122 diff=+0.000747 abs_err=0.000747
INFO | EPOCH_009 | [B=31, T=27, D=2] true=0.256111 pred=0.015233 diff=-0.240878 abs_err=0.240878
INFO | EPOCH_009 | [B=4, T=17, D=6] true=1.732495 pred=1.676837 diff=-0.055658 abs_err=0.055658
INFO | EPOCH_009 | [B=57, T=18, D=2] true=0.060469 pred=0.329958 diff=+0.269490 abs_err=0.269490
INFO | EPOCH_009 | [B=1, T=5, D=8] true=0.524670 pred=0.510763 diff=-0.013906 abs_err=0.013906
INFO | EPOCH_009 | [B=38, T=29, D=3] true=2.962107 pred=2.998843 diff=+0.036736 abs_err=0.036736
INFO | EPOCH_009 | [B=35, T=20, D=6] true=2.376660 pred=1.680914 diff=-0.695746 abs_err=0.695746
INFO | EPOCH_009 | [B=53, T=11, D=11] true=0.449516 pred=0.329766 diff=-0.119750 abs_err=0.119750
INFO | EPOCH_009 | [B=44, T=11, D=6] true=2.748708 pred=2.633673 diff=-0.115034 abs_err=0.115034
INFO | EPOCH_009 | [B=12, T=20, D=9] true=1.653303 pred=1.352293 diff=-0.301010 abs_err=0.301010
INFO | EPOCH_009 | [B=34, T=13, D=5] true=0.184806 pred=0.005535 diff=-0.179271 abs_err=0.179271
INFO | EPOCH_009 | [B=51, T=12, D=4] true=1.035437 pred=0.955585 diff=-0.079853 abs_err=0.079853
INFO | EPOCH_009 | [B=19, T=7, D=1] true=1.506192 pred=1.218029 diff=-0.288162 abs_err=0.288162
INFO | EPOCH_009 | TOP 5 WORST masked points (largest abs_err):
INFO | EPOCH_009 | [B=26, T=8, D=6] true=1.595185 pred=4.415245 diff=+2.820060 abs_err=2.820060
INFO | EPOCH_009 | [B=44, T=20, D=6] true=0.108967 pred=2.632077 diff=+2.523109 abs_err=2.523109
INFO | EPOCH_009 | [B=44, T=18, D=6] true=0.127504 pred=2.630330 diff=+2.502826 abs_err=2.502826
INFO | EPOCH_009 | [B=16, T=0, D=6] true=3.570038 pred=1.125308 diff=-2.444730 abs_err=2.444730
INFO | EPOCH_009 | [B=12, T=20, D=11] true=2.590584 pred=0.180810 diff=-2.409774 abs_err=2.409774
INFO | EPOCH_009 | TOP 5 BEST/CORRECT masked points (smallest abs_err):
INFO | EPOCH_009 | [B=28, T=0, D=7] true=1.751123 pred=1.751131 diff=+0.000008 abs_err=0.000008
INFO | EPOCH_009 | [B=12, T=8, D=4] true=1.450524 pred=1.450534 diff=+0.000010 abs_err=0.000010
INFO | EPOCH_009 | [B=23, T=6, D=0] true=3.562550 pred=3.562535 diff=-0.000015 abs_err=0.000015
INFO | EPOCH_009 | [B=60, T=25, D=5] true=0.379432 pred=0.379416 diff=-0.000017 abs_err=0.000017
INFO | EPOCH_009 | [B=28, T=17, D=4] true=0.889914 pred=0.889969 diff=+0.000055 abs_err=0.000055
INFO | EPOCH_019 | RANDOM 15 masked points (true, pred, diff, abs_err):
INFO | EPOCH_019 | [B=28, T=16, D=0] true=2.669898 pred=2.555383 diff=-0.114515 abs_err=0.114515
INFO | EPOCH_019 | [B=43, T=2, D=3] true=3.282876 pred=3.151068 diff=-0.131808 abs_err=0.131808
INFO | EPOCH_019 | [B=17, T=21, D=0] true=2.656545 pred=2.289695 diff=-0.366851 abs_err=0.366851
INFO | EPOCH_019 | [B=23, T=17, D=1] true=2.483824 pred=2.317714 diff=-0.166109 abs_err=0.166109
INFO | EPOCH_019 | [B=41, T=21, D=0] true=2.895227 pred=2.962269 diff=+0.067042 abs_err=0.067042
INFO | EPOCH_019 | [B=52, T=6, D=9] true=4.774171 pred=4.906654 diff=+0.132483 abs_err=0.132483
INFO | EPOCH_019 | [B=50, T=18, D=2] true=0.112387 pred=-0.056339 diff=-0.168726 abs_err=0.168726
INFO | EPOCH_019 | [B=44, T=23, D=1] true=1.509624 pred=1.424184 diff=-0.085440 abs_err=0.085440
INFO | EPOCH_019 | [B=47, T=26, D=3] true=3.524219 pred=3.379512 diff=-0.144707 abs_err=0.144707
INFO | EPOCH_019 | [B=7, T=15, D=11] true=0.495429 pred=0.414114 diff=-0.081315 abs_err=0.081315
INFO | EPOCH_019 | [B=60, T=7, D=9] true=3.882581 pred=1.750273 diff=-2.132308 abs_err=2.132308
INFO | EPOCH_019 | [B=55, T=16, D=1] true=1.589409 pred=1.635721 diff=+0.046312 abs_err=0.046312
INFO | EPOCH_019 | [B=34, T=12, D=9] true=4.140152 pred=4.108202 diff=-0.031950 abs_err=0.031950
INFO | EPOCH_019 | [B=41, T=11, D=8] true=0.209851 pred=0.324687 diff=+0.114836 abs_err=0.114836
INFO | EPOCH_019 | [B=41, T=1, D=2] true=-0.198591 pred=0.198671 diff=+0.397262 abs_err=0.397262
INFO | EPOCH_019 | TOP 5 WORST masked points (largest abs_err):
INFO | EPOCH_019 | [B=47, T=28, D=9] true=1.413674 pred=4.116908 diff=+2.703234 abs_err=2.703234
INFO | EPOCH_019 | [B=47, T=24, D=6] true=1.678643 pred=4.352642 diff=+2.673999 abs_err=2.673999
INFO | EPOCH_019 | [B=14, T=11, D=6] true=0.115726 pred=2.697840 diff=+2.582114 abs_err=2.582114
INFO | EPOCH_019 | [B=14, T=5, D=6] true=0.146037 pred=2.694080 diff=+2.548044 abs_err=2.548044
INFO | EPOCH_019 | [B=7, T=7, D=0] true=3.767489 pred=1.243628 diff=-2.523861 abs_err=2.523861
INFO | EPOCH_019 | TOP 5 BEST/CORRECT masked points (smallest abs_err):
INFO | EPOCH_019 | [B=61, T=20, D=2] true=-0.016455 pred=-0.016424 diff=+0.000032 abs_err=0.000032
INFO | EPOCH_019 | [B=58, T=14, D=4] true=1.404819 pred=1.404884 diff=+0.000065 abs_err=0.000065
INFO | EPOCH_019 | [B=26, T=22, D=10] true=2.154752 pred=2.154840 diff=+0.000089 abs_err=0.000089
INFO | EPOCH_019 | [B=44, T=0, D=11] true=0.230858 pred=0.230957 diff=+0.000099 abs_err=0.000099
INFO | EPOCH_019 | [B=62, T=19, D=10] true=2.168105 pred=2.168241 diff=+0.000136 abs_err=0.000136
INFO | EPOCH_029 | RANDOM 15 masked points (true, pred, diff, abs_err):
INFO | EPOCH_029 | [B=5, T=24, D=5] true=0.297749 pred=0.261593 diff=-0.036156 abs_err=0.036156
INFO | EPOCH_029 | [B=9, T=2, D=8] true=0.238237 pred=0.346714 diff=+0.108477 abs_err=0.108477
INFO | EPOCH_029 | [B=60, T=19, D=1] true=1.819129 pred=1.732753 diff=-0.086377 abs_err=0.086377
INFO | EPOCH_029 | [B=54, T=19, D=3] true=3.939931 pred=3.351532 diff=-0.588399 abs_err=0.588399
INFO | EPOCH_029 | [B=26, T=11, D=9] true=3.740304 pred=3.498075 diff=-0.242229 abs_err=0.242229
INFO | EPOCH_029 | [B=63, T=28, D=0] true=2.905535 pred=2.681870 diff=-0.223665 abs_err=0.223665
INFO | EPOCH_029 | [B=6, T=0, D=1] true=2.239956 pred=2.474570 diff=+0.234614 abs_err=0.234614
INFO | EPOCH_029 | [B=61, T=7, D=11] true=0.161963 pred=0.033036 diff=-0.128927 abs_err=0.128927
INFO | EPOCH_029 | [B=53, T=22, D=8] true=1.243658 pred=1.417361 diff=+0.173703 abs_err=0.173703
INFO | EPOCH_029 | [B=2, T=21, D=1] true=1.697614 pred=1.820423 diff=+0.122809 abs_err=0.122809
INFO | EPOCH_029 | [B=54, T=15, D=7] true=1.590926 pred=1.467490 diff=-0.123436 abs_err=0.123436
INFO | EPOCH_029 | [B=32, T=0, D=10] true=1.574547 pred=1.487107 diff=-0.087440 abs_err=0.087440
INFO | EPOCH_029 | [B=56, T=3, D=3] true=4.157321 pred=3.844913 diff=-0.312408 abs_err=0.312408
INFO | EPOCH_029 | [B=7, T=22, D=1] true=1.853258 pred=1.749159 diff=-0.104099 abs_err=0.104099
INFO | EPOCH_029 | [B=32, T=14, D=4] true=1.004286 pred=1.032553 diff=+0.028267 abs_err=0.028267
INFO | EPOCH_029 | TOP 5 WORST masked points (largest abs_err):
INFO | EPOCH_029 | [B=55, T=27, D=9] true=1.255944 pred=3.804022 diff=+2.548079 abs_err=2.548079
INFO | EPOCH_029 | [B=0, T=28, D=9] true=3.682978 pred=1.297800 diff=-2.385178 abs_err=2.385178
INFO | EPOCH_029 | [B=8, T=0, D=9] true=3.707034 pred=1.408251 diff=-2.298783 abs_err=2.298783
INFO | EPOCH_029 | [B=6, T=22, D=9] true=3.751000 pred=1.454176 diff=-2.296824 abs_err=2.296824
INFO | EPOCH_029 | [B=6, T=29, D=9] true=3.729564 pred=1.458544 diff=-2.271020 abs_err=2.271020
INFO | EPOCH_029 | TOP 5 BEST/CORRECT masked points (smallest abs_err):
INFO | EPOCH_029 | [B=34, T=9, D=2] true=0.336364 pred=0.336359 diff=-0.000005 abs_err=0.000005
INFO | EPOCH_029 | [B=10, T=25, D=11] true=0.403007 pred=0.402967 diff=-0.000040 abs_err=0.000040
INFO | EPOCH_029 | [B=39, T=28, D=4] true=1.023056 pred=1.023013 diff=-0.000043 abs_err=0.000043
INFO | EPOCH_029 | [B=15, T=22, D=1] true=1.891926 pred=1.891860 diff=-0.000066 abs_err=0.000066
INFO | EPOCH_029 | [B=4, T=30, D=8] true=0.973928 pred=0.974013 diff=+0.000086 abs_err=0.000086
INFO | EPOCH_039 | RANDOM 15 masked points (true, pred, diff, abs_err):
INFO | EPOCH_039 | [B=46, T=10, D=4] true=1.130413 pred=1.243229 diff=+0.112816 abs_err=0.112816
INFO | EPOCH_039 | [B=3, T=26, D=6] true=1.030951 pred=1.449511 diff=+0.418560 abs_err=0.418560
INFO | EPOCH_039 | [B=7, T=12, D=8] true=0.328792 pred=0.473521 diff=+0.144729 abs_err=0.144729
INFO | EPOCH_039 | [B=34, T=14, D=4] true=1.327878 pred=1.386872 diff=+0.058994 abs_err=0.058994
INFO | EPOCH_039 | [B=12, T=21, D=2] true=0.373063 pred=0.495139 diff=+0.122076 abs_err=0.122076
INFO | EPOCH_039 | [B=33, T=18, D=7] true=1.448474 pred=1.523392 diff=+0.074919 abs_err=0.074919
INFO | EPOCH_039 | [B=14, T=0, D=8] true=1.541367 pred=1.449013 diff=-0.092354 abs_err=0.092354
INFO | EPOCH_039 | [B=18, T=24, D=5] true=0.356688 pred=0.529881 diff=+0.173192 abs_err=0.173192
INFO | EPOCH_039 | [B=55, T=28, D=11] true=0.199039 pred=0.516005 diff=+0.316966 abs_err=0.316966
INFO | EPOCH_039 | [B=11, T=22, D=2] true=0.137227 pred=0.165716 diff=+0.028489 abs_err=0.028489
INFO | EPOCH_039 | [B=26, T=21, D=8] true=0.146230 pred=1.341806 diff=+1.195575 abs_err=1.195575
INFO | EPOCH_039 | [B=31, T=16, D=11] true=0.240962 pred=0.453215 diff=+0.212253 abs_err=0.212253
INFO | EPOCH_039 | [B=6, T=3, D=3] true=2.417330 pred=2.399318 diff=-0.018012 abs_err=0.018012
INFO | EPOCH_039 | [B=11, T=3, D=9] true=2.280108 pred=2.445759 diff=+0.165652 abs_err=0.165652
INFO | EPOCH_039 | [B=36, T=7, D=11] true=0.041010 pred=0.353342 diff=+0.312332 abs_err=0.312332
INFO | EPOCH_039 | TOP 5 WORST masked points (largest abs_err):
INFO | EPOCH_039 | [B=17, T=6, D=6] true=0.042953 pred=4.088542 diff=+4.045588 abs_err=4.045588
INFO | EPOCH_039 | [B=17, T=2, D=6] true=0.050544 pred=4.087739 diff=+4.037194 abs_err=4.037194
INFO | EPOCH_039 | [B=46, T=13, D=6] true=0.022954 pred=3.425748 diff=+3.402794 abs_err=3.402794
INFO | EPOCH_039 | [B=46, T=10, D=6] true=0.025506 pred=3.424630 diff=+3.399123 abs_err=3.399123
INFO | EPOCH_039 | [B=31, T=11, D=3] true=1.384696 pred=3.837866 diff=+2.453170 abs_err=2.453170
INFO | EPOCH_039 | TOP 5 BEST/CORRECT masked points (smallest abs_err):
INFO | EPOCH_039 | [B=7, T=5, D=5] true=0.459968 pred=0.459992 diff=+0.000024 abs_err=0.000024
INFO | EPOCH_039 | [B=13, T=7, D=11] true=1.000023 pred=1.000093 diff=+0.000070 abs_err=0.000070
INFO | EPOCH_039 | [B=17, T=24, D=8] true=1.163889 pred=1.163964 diff=+0.000075 abs_err=0.000075
INFO | EPOCH_039 | [B=28, T=4, D=1] true=1.383742 pred=1.383845 diff=+0.000103 abs_err=0.000103
INFO | EPOCH_039 | [B=46, T=8, D=9] true=4.316792 pred=4.316940 diff=+0.000148 abs_err=0.000148
INFO | EPOCH_049 | RANDOM 15 masked points (true, pred, diff, abs_err):
INFO | EPOCH_049 | [B=33, T=12, D=10] true=2.681259 pred=2.628966 diff=-0.052293 abs_err=0.052293
INFO | EPOCH_049 | [B=13, T=10, D=0] true=4.075788 pred=4.277279 diff=+0.201491 abs_err=0.201491
INFO | EPOCH_049 | [B=36, T=0, D=7] true=2.368448 pred=2.230991 diff=-0.137457 abs_err=0.137457
INFO | EPOCH_049 | [B=29, T=23, D=1] true=1.858306 pred=1.880011 diff=+0.021705 abs_err=0.021705
INFO | EPOCH_049 | [B=44, T=16, D=9] true=0.980950 pred=1.109352 diff=+0.128403 abs_err=0.128403
INFO | EPOCH_049 | [B=0, T=5, D=6] true=1.317364 pred=1.368371 diff=+0.051006 abs_err=0.051006
INFO | EPOCH_049 | [B=56, T=5, D=2] true=-0.263343 pred=0.051785 diff=+0.315128 abs_err=0.315128
INFO | EPOCH_049 | [B=57, T=1, D=10] true=0.984750 pred=1.168301 diff=+0.183551 abs_err=0.183551
INFO | EPOCH_049 | [B=11, T=11, D=9] true=3.475356 pred=3.321971 diff=-0.153385 abs_err=0.153385
INFO | EPOCH_049 | [B=42, T=30, D=1] true=2.114852 pred=1.971486 diff=-0.143366 abs_err=0.143366
INFO | EPOCH_049 | [B=0, T=21, D=2] true=0.005834 pred=0.042161 diff=+0.036327 abs_err=0.036327
INFO | EPOCH_049 | [B=0, T=2, D=7] true=1.219202 pred=1.147954 diff=-0.071248 abs_err=0.071248
INFO | EPOCH_049 | [B=1, T=19, D=9] true=2.944756 pred=2.812731 diff=-0.132025 abs_err=0.132025
INFO | EPOCH_049 | [B=47, T=12, D=8] true=-0.141607 pred=0.074271 diff=+0.215878 abs_err=0.215878
INFO | EPOCH_049 | [B=13, T=5, D=11] true=1.061728 pred=0.815951 diff=-0.245777 abs_err=0.245777
INFO | EPOCH_049 | TOP 5 WORST masked points (largest abs_err):
INFO | EPOCH_049 | [B=26, T=5, D=9] true=0.757862 pred=3.426776 diff=+2.668914 abs_err=2.668914
INFO | EPOCH_049 | [B=49, T=14, D=11] true=2.130419 pred=-0.239872 diff=-2.370290 abs_err=2.370290
INFO | EPOCH_049 | [B=51, T=26, D=0] true=3.701226 pred=1.417699 diff=-2.283527 abs_err=2.283527
INFO | EPOCH_049 | [B=53, T=23, D=9] true=3.769167 pred=1.505057 diff=-2.264110 abs_err=2.264110
INFO | EPOCH_049 | [B=53, T=25, D=9] true=3.762194 pred=1.508731 diff=-2.253463 abs_err=2.253463
INFO | EPOCH_049 | TOP 5 BEST/CORRECT masked points (smallest abs_err):
INFO | EPOCH_049 | [B=60, T=16, D=0] true=2.159819 pred=2.159811 diff=-0.000008 abs_err=0.000008
INFO | EPOCH_049 | [B=58, T=0, D=1] true=1.400948 pred=1.400931 diff=-0.000017 abs_err=0.000017
INFO | EPOCH_049 | [B=41, T=19, D=0] true=2.401465 pred=2.401378 diff=-0.000087 abs_err=0.000087
INFO | EPOCH_049 | [B=56, T=29, D=1] true=1.358336 pred=1.358245 diff=-0.000091 abs_err=0.000091
INFO | EPOCH_049 | [B=43, T=19, D=2] true=0.264234 pred=0.264337 diff=+0.000103 abs_err=0.000103
INFO | EPOCH_059 | RANDOM 15 masked points (true, pred, diff, abs_err):
INFO | EPOCH_059 | [B=5, T=9, D=10] true=1.264377 pred=1.220002 diff=-0.044375 abs_err=0.044375
INFO | EPOCH_059 | [B=28, T=0, D=9] true=4.213305 pred=4.216584 diff=+0.003278 abs_err=0.003278
INFO | EPOCH_059 | [B=17, T=6, D=6] true=4.436995 pred=4.669265 diff=+0.232270 abs_err=0.232270
INFO | EPOCH_059 | [B=54, T=16, D=5] true=0.486690 pred=0.302924 diff=-0.183767 abs_err=0.183767
INFO | EPOCH_059 | [B=18, T=23, D=3] true=3.467726 pred=3.378186 diff=-0.089540 abs_err=0.089540
INFO | EPOCH_059 | [B=23, T=9, D=6] true=4.694814 pred=4.515145 diff=-0.179669 abs_err=0.179669
INFO | EPOCH_059 | [B=19, T=4, D=11] true=0.207082 pred=0.293845 diff=+0.086763 abs_err=0.086763
INFO | EPOCH_059 | [B=34, T=8, D=6] true=0.822476 pred=1.150139 diff=+0.327663 abs_err=0.327663
INFO | EPOCH_059 | [B=24, T=17, D=11] true=0.231654 pred=0.247508 diff=+0.015855 abs_err=0.015855
INFO | EPOCH_059 | [B=11, T=14, D=6] true=4.371546 pred=4.454176 diff=+0.082630 abs_err=0.082630
INFO | EPOCH_059 | [B=29, T=18, D=2] true=0.364292 pred=0.406854 diff=+0.042562 abs_err=0.042562
INFO | EPOCH_059 | [B=55, T=1, D=9] true=2.054159 pred=1.959165 diff=-0.094995 abs_err=0.094995
INFO | EPOCH_059 | [B=16, T=22, D=0] true=3.557517 pred=3.514996 diff=-0.042521 abs_err=0.042521
INFO | EPOCH_059 | [B=57, T=18, D=3] true=3.641652 pred=2.397161 diff=-1.244491 abs_err=1.244491
INFO | EPOCH_059 | [B=42, T=27, D=2] true=0.507414 pred=0.200411 diff=-0.307003 abs_err=0.307003
INFO | EPOCH_059 | TOP 5 WORST masked points (largest abs_err):
INFO | EPOCH_059 | [B=35, T=20, D=3] true=0.534949 pred=3.226204 diff=+2.691255 abs_err=2.691255
INFO | EPOCH_059 | [B=51, T=24, D=6] true=3.759710 pred=1.402976 diff=-2.356735 abs_err=2.356735
INFO | EPOCH_059 | [B=46, T=14, D=2] true=2.224028 pred=0.100170 diff=-2.123858 abs_err=2.123858
INFO | EPOCH_059 | [B=36, T=17, D=9] true=3.693735 pred=1.573722 diff=-2.120013 abs_err=2.120013
INFO | EPOCH_059 | [B=46, T=18, D=9] true=1.615467 pred=3.700947 diff=+2.085480 abs_err=2.085480
INFO | EPOCH_059 | TOP 5 BEST/CORRECT masked points (smallest abs_err):
INFO | EPOCH_059 | [B=22, T=11, D=1] true=1.296916 pred=1.296945 diff=+0.000030 abs_err=0.000030
INFO | EPOCH_059 | [B=14, T=19, D=10] true=1.078730 pred=1.078763 diff=+0.000033 abs_err=0.000033
INFO | EPOCH_059 | [B=37, T=2, D=6] true=1.181722 pred=1.181765 diff=+0.000043 abs_err=0.000043
INFO | EPOCH_059 | [B=13, T=14, D=3] true=3.366652 pred=3.366695 diff=+0.000044 abs_err=0.000044
INFO | EPOCH_059 | [B=30, T=29, D=10] true=2.129968 pred=2.130012 diff=+0.000044 abs_err=0.000044
INFO | EPOCH_069 | RANDOM 15 masked points (true, pred, diff, abs_err):
INFO | EPOCH_069 | [B=58, T=18, D=11] true=0.495924 pred=0.422769 diff=-0.073156 abs_err=0.073156
INFO | EPOCH_069 | [B=4, T=0, D=6] true=2.689578 pred=2.737664 diff=+0.048086 abs_err=0.048086
INFO | EPOCH_069 | [B=17, T=21, D=2] true=0.260926 pred=0.253551 diff=-0.007376 abs_err=0.007376
INFO | EPOCH_069 | [B=58, T=9, D=10] true=2.219425 pred=2.323232 diff=+0.103807 abs_err=0.103807
INFO | EPOCH_069 | [B=41, T=26, D=2] true=0.015414 pred=0.105790 diff=+0.090376 abs_err=0.090376
INFO | EPOCH_069 | [B=25, T=21, D=6] true=2.837464 pred=2.561878 diff=-0.275585 abs_err=0.275585
INFO | EPOCH_069 | [B=62, T=3, D=11] true=0.333607 pred=0.353102 diff=+0.019495 abs_err=0.019495
INFO | EPOCH_069 | [B=55, T=29, D=7] true=1.341860 pred=1.356542 diff=+0.014683 abs_err=0.014683
INFO | EPOCH_069 | [B=53, T=3, D=4] true=1.351310 pred=1.475822 diff=+0.124513 abs_err=0.124513
INFO | EPOCH_069 | [B=1, T=27, D=1] true=1.715527 pred=1.932215 diff=+0.216689 abs_err=0.216689
INFO | EPOCH_069 | [B=6, T=2, D=5] true=0.333988 pred=0.423452 diff=+0.089464 abs_err=0.089464
INFO | EPOCH_069 | [B=43, T=29, D=0] true=1.639276 pred=1.794417 diff=+0.155141 abs_err=0.155141
INFO | EPOCH_069 | [B=9, T=13, D=6] true=2.682453 pred=2.554687 diff=-0.127767 abs_err=0.127767
INFO | EPOCH_069 | [B=13, T=11, D=2] true=0.276101 pred=0.226494 diff=-0.049608 abs_err=0.049608
INFO | EPOCH_069 | [B=1, T=31, D=5] true=0.495070 pred=0.535655 diff=+0.040586 abs_err=0.040586
INFO | EPOCH_069 | TOP 5 WORST masked points (largest abs_err):
INFO | EPOCH_069 | [B=7, T=3, D=0] true=5.087778 pred=2.399527 diff=-2.688251 abs_err=2.688251
INFO | EPOCH_069 | [B=39, T=23, D=3] true=1.330343 pred=3.839311 diff=+2.508968 abs_err=2.508968
INFO | EPOCH_069 | [B=58, T=19, D=6] true=3.603509 pred=1.263303 diff=-2.340206 abs_err=2.340206
INFO | EPOCH_069 | [B=22, T=25, D=5] true=-2.117338 pred=0.212997 diff=+2.330335 abs_err=2.330335
INFO | EPOCH_069 | [B=7, T=3, D=2] true=2.372046 pred=0.123470 diff=-2.248576 abs_err=2.248576
INFO | EPOCH_069 | TOP 5 BEST/CORRECT masked points (smallest abs_err):
INFO | EPOCH_069 | [B=29, T=11, D=4] true=2.037326 pred=2.037313 diff=-0.000013 abs_err=0.000013
INFO | EPOCH_069 | [B=58, T=5, D=4] true=1.409433 pred=1.409484 diff=+0.000051 abs_err=0.000051
INFO | EPOCH_069 | [B=11, T=5, D=5] true=0.182888 pred=0.182952 diff=+0.000063 abs_err=0.000063
INFO | EPOCH_069 | [B=52, T=0, D=6] true=1.494593 pred=1.494493 diff=-0.000101 abs_err=0.000101
INFO | EPOCH_069 | [B=27, T=17, D=7] true=1.341396 pred=1.341287 diff=-0.000109 abs_err=0.000109
INFO | EPOCH_079 | RANDOM 15 masked points (true, pred, diff, abs_err):
INFO | EPOCH_079 | [B=0, T=18, D=3] true=3.654985 pred=3.700548 diff=+0.045562 abs_err=0.045562
INFO | EPOCH_079 | [B=61, T=8, D=9] true=4.164839 pred=4.218752 diff=+0.053913 abs_err=0.053913
INFO | EPOCH_079 | [B=58, T=16, D=9] true=3.357717 pred=3.360900 diff=+0.003183 abs_err=0.003183
INFO | EPOCH_079 | [B=61, T=19, D=6] true=3.662037 pred=3.375351 diff=-0.286687 abs_err=0.286687
INFO | EPOCH_079 | [B=4, T=0, D=8] true=0.620275 pred=0.529136 diff=-0.091139 abs_err=0.091139
INFO | EPOCH_079 | [B=45, T=10, D=6] true=2.990322 pred=2.736655 diff=-0.253667 abs_err=0.253667
INFO | EPOCH_079 | [B=15, T=15, D=3] true=3.530305 pred=3.574958 diff=+0.044653 abs_err=0.044653
INFO | EPOCH_079 | [B=39, T=22, D=3] true=3.306843 pred=3.324140 diff=+0.017297 abs_err=0.017297
INFO | EPOCH_079 | [B=24, T=8, D=5] true=-0.072910 pred=0.075682 diff=+0.148592 abs_err=0.148592
INFO | EPOCH_079 | [B=15, T=29, D=11] true=0.734903 pred=0.520920 diff=-0.213983 abs_err=0.213983
INFO | EPOCH_079 | [B=41, T=5, D=0] true=2.754249 pred=2.712433 diff=-0.041816 abs_err=0.041816
INFO | EPOCH_079 | [B=53, T=13, D=6] true=1.654796 pred=1.760814 diff=+0.106018 abs_err=0.106018
INFO | EPOCH_079 | [B=14, T=16, D=2] true=0.432013 pred=0.347178 diff=-0.084836 abs_err=0.084836
INFO | EPOCH_079 | [B=29, T=20, D=7] true=2.126720 pred=2.220736 diff=+0.094016 abs_err=0.094016
INFO | EPOCH_079 | [B=32, T=14, D=3] true=2.494854 pred=2.506584 diff=+0.011730 abs_err=0.011730
INFO | EPOCH_079 | TOP 5 WORST masked points (largest abs_err):
INFO | EPOCH_079 | [B=25, T=9, D=9] true=3.972294 pred=1.795906 diff=-2.176388 abs_err=2.176388
INFO | EPOCH_079 | [B=29, T=4, D=10] true=0.463057 pred=2.375422 diff=+1.912366 abs_err=1.912366
INFO | EPOCH_079 | [B=29, T=7, D=10] true=0.487208 pred=2.375182 diff=+1.887974 abs_err=1.887974
INFO | EPOCH_079 | [B=41, T=26, D=9] true=3.495204 pred=1.635094 diff=-1.860110 abs_err=1.860110
INFO | EPOCH_079 | [B=49, T=15, D=11] true=2.076173 pred=0.246090 diff=-1.830082 abs_err=1.830082
INFO | EPOCH_079 | TOP 5 BEST/CORRECT masked points (smallest abs_err):
INFO | EPOCH_079 | [B=45, T=13, D=8] true=1.030870 pred=1.030854 diff=-0.000015 abs_err=0.000015
INFO | EPOCH_079 | [B=55, T=29, D=10] true=1.346920 pred=1.346948 diff=+0.000028 abs_err=0.000028
INFO | EPOCH_079 | [B=18, T=27, D=1] true=1.969559 pred=1.969589 diff=+0.000031 abs_err=0.000031
INFO | EPOCH_079 | [B=12, T=30, D=10] true=1.281666 pred=1.281703 diff=+0.000037 abs_err=0.000037
INFO | EPOCH_079 | [B=1, T=15, D=9] true=4.221032 pred=4.220991 diff=-0.000041 abs_err=0.000041
INFO | EPOCH_089 | RANDOM 15 masked points (true, pred, diff, abs_err):
INFO | EPOCH_089 | [B=44, T=13, D=11] true=-0.003851 pred=0.216086 diff=+0.219937 abs_err=0.219937
INFO | EPOCH_089 | [B=18, T=16, D=1] true=1.276758 pred=1.469773 diff=+0.193015 abs_err=0.193015
INFO | EPOCH_089 | [B=13, T=22, D=3] true=2.543846 pred=2.642605 diff=+0.098759 abs_err=0.098759
INFO | EPOCH_089 | [B=15, T=11, D=7] true=1.969330 pred=2.011398 diff=+0.042068 abs_err=0.042068
INFO | EPOCH_089 | [B=30, T=22, D=10] true=1.467279 pred=1.461648 diff=-0.005631 abs_err=0.005631
INFO | EPOCH_089 | [B=31, T=7, D=2] true=0.584450 pred=0.423551 diff=-0.160899 abs_err=0.160899
INFO | EPOCH_089 | [B=50, T=22, D=10] true=2.318935 pred=2.382422 diff=+0.063487 abs_err=0.063487
INFO | EPOCH_089 | [B=12, T=0, D=3] true=2.719193 pred=2.566919 diff=-0.152274 abs_err=0.152274
INFO | EPOCH_089 | [B=44, T=12, D=4] true=1.573253 pred=1.653008 diff=+0.079755 abs_err=0.079755
INFO | EPOCH_089 | [B=4, T=29, D=6] true=1.525613 pred=1.036703 diff=-0.488909 abs_err=0.488909
INFO | EPOCH_089 | [B=17, T=1, D=9] true=1.609052 pred=1.545767 diff=-0.063285 abs_err=0.063285
INFO | EPOCH_089 | [B=20, T=26, D=3] true=2.167377 pred=2.286542 diff=+0.119165 abs_err=0.119165
INFO | EPOCH_089 | [B=39, T=24, D=4] true=1.544933 pred=1.620337 diff=+0.075404 abs_err=0.075404
INFO | EPOCH_089 | [B=18, T=22, D=4] true=1.632138 pred=1.350770 diff=-0.281368 abs_err=0.281368
INFO | EPOCH_089 | [B=20, T=21, D=5] true=-0.367490 pred=-0.015160 diff=+0.352330 abs_err=0.352330
INFO | EPOCH_089 | TOP 5 WORST masked points (largest abs_err):
INFO | EPOCH_089 | [B=44, T=20, D=6] true=0.108967 pred=2.675347 diff=+2.566379 abs_err=2.566379
INFO | EPOCH_089 | [B=44, T=18, D=6] true=0.127504 pred=2.674837 diff=+2.547332 abs_err=2.547332
INFO | EPOCH_089 | [B=28, T=19, D=11] true=-1.985981 pred=0.553111 diff=+2.539092 abs_err=2.539092
INFO | EPOCH_089 | [B=43, T=7, D=11] true=2.397161 pred=-0.064596 diff=-2.461758 abs_err=2.461758
INFO | EPOCH_089 | [B=33, T=10, D=9] true=3.742375 pred=1.365011 diff=-2.377364 abs_err=2.377364
INFO | EPOCH_089 | TOP 5 BEST/CORRECT masked points (smallest abs_err):
INFO | EPOCH_089 | [B=13, T=28, D=7] true=1.709554 pred=1.709568 diff=+0.000014 abs_err=0.000014
INFO | EPOCH_089 | [B=16, T=17, D=3] true=1.737160 pred=1.737083 diff=-0.000077 abs_err=0.000077
INFO | EPOCH_089 | [B=16, T=15, D=7] true=1.991243 pred=1.991342 diff=+0.000098 abs_err=0.000098
INFO | EPOCH_089 | [B=55, T=4, D=7] true=2.523960 pred=2.523844 diff=-0.000117 abs_err=0.000117
INFO | EPOCH_089 | [B=14, T=18, D=11] true=0.471511 pred=0.471629 diff=+0.000117 abs_err=0.000117
INFO | EPOCH_099 | RANDOM 15 masked points (true, pred, diff, abs_err):
INFO | EPOCH_099 | [B=54, T=30, D=0] true=1.809696 pred=1.740521 diff=-0.069175 abs_err=0.069175
INFO | EPOCH_099 | [B=34, T=1, D=8] true=1.246577 pred=1.068182 diff=-0.178395 abs_err=0.178395
INFO | EPOCH_099 | [B=14, T=8, D=5] true=0.491060 pred=0.370940 diff=-0.120120 abs_err=0.120120
INFO | EPOCH_099 | [B=61, T=18, D=10] true=2.083615 pred=1.561280 diff=-0.522335 abs_err=0.522335
INFO | EPOCH_099 | [B=39, T=13, D=1] true=1.244251 pred=1.769001 diff=+0.524750 abs_err=0.524750
INFO | EPOCH_099 | [B=58, T=10, D=0] true=2.533041 pred=2.477428 diff=-0.055614 abs_err=0.055614
INFO | EPOCH_099 | [B=20, T=25, D=2] true=0.449449 pred=0.335647 diff=-0.113802 abs_err=0.113802
INFO | EPOCH_099 | [B=58, T=3, D=7] true=1.666294 pred=1.706302 diff=+0.040007 abs_err=0.040007
INFO | EPOCH_099 | [B=6, T=14, D=9] true=3.205303 pred=2.257769 diff=-0.947534 abs_err=0.947534
INFO | EPOCH_099 | [B=1, T=6, D=6] true=3.410108 pred=3.259843 diff=-0.150265 abs_err=0.150265
INFO | EPOCH_099 | [B=13, T=18, D=5] true=0.421337 pred=0.354766 diff=-0.066571 abs_err=0.066571
INFO | EPOCH_099 | [B=29, T=13, D=0] true=2.689022 pred=2.562376 diff=-0.126646 abs_err=0.126646
INFO | EPOCH_099 | [B=3, T=25, D=4] true=1.022736 pred=0.897818 diff=-0.124918 abs_err=0.124918
INFO | EPOCH_099 | [B=14, T=2, D=6] true=4.384666 pred=4.069082 diff=-0.315584 abs_err=0.315584
INFO | EPOCH_099 | [B=37, T=0, D=2] true=0.120157 pred=0.143741 diff=+0.023585 abs_err=0.023585
INFO | EPOCH_099 | TOP 5 WORST masked points (largest abs_err):
INFO | EPOCH_099 | [B=26, T=8, D=6] true=1.595185 pred=4.244156 diff=+2.648971 abs_err=2.648971
INFO | EPOCH_099 | [B=14, T=11, D=6] true=0.115726 pred=2.654925 diff=+2.539200 abs_err=2.539200
INFO | EPOCH_099 | [B=14, T=5, D=6] true=0.146037 pred=2.656623 diff=+2.510586 abs_err=2.510586
INFO | EPOCH_099 | [B=47, T=22, D=9] true=5.246898 pred=2.869205 diff=-2.377693 abs_err=2.377693
INFO | EPOCH_099 | [B=12, T=20, D=11] true=2.590584 pred=0.246347 diff=-2.344237 abs_err=2.344237
INFO | EPOCH_099 | TOP 5 BEST/CORRECT masked points (smallest abs_err):
INFO | EPOCH_099 | [B=2, T=12, D=8] true=0.568914 pred=0.568954 diff=+0.000040 abs_err=0.000040
INFO | EPOCH_099 | [B=18, T=20, D=10] true=1.202966 pred=1.203046 diff=+0.000080 abs_err=0.000080
INFO | EPOCH_099 | [B=16, T=2, D=9] true=1.593753 pred=1.593987 diff=+0.000234 abs_err=0.000234
INFO | EPOCH_099 | [B=61, T=3, D=2] true=0.018404 pred=0.018143 diff=-0.000260 abs_err=0.000260
INFO | EPOCH_099 | [B=61, T=3, D=1] true=1.966871 pred=1.967165 diff=+0.000294 abs_err=0.000294
INFO | EPOCH_109 | RANDOM 15 masked points (true, pred, diff, abs_err):
INFO | EPOCH_109 | [B=31, T=10, D=11] true=0.618987 pred=0.493423 diff=-0.125563 abs_err=0.125563
INFO | EPOCH_109 | [B=26, T=26, D=10] true=2.124843 pred=2.223847 diff=+0.099005 abs_err=0.099005
INFO | EPOCH_109 | [B=48, T=0, D=10] true=1.456491 pred=1.606017 diff=+0.149526 abs_err=0.149526
INFO | EPOCH_109 | [B=54, T=5, D=10] true=1.421883 pred=1.410047 diff=-0.011836 abs_err=0.011836
INFO | EPOCH_109 | [B=19, T=23, D=3] true=1.711898 pred=1.855081 diff=+0.143182 abs_err=0.143182
INFO | EPOCH_109 | [B=32, T=14, D=3] true=2.921023 pred=2.970284 diff=+0.049261 abs_err=0.049261
INFO | EPOCH_109 | [B=30, T=12, D=5] true=0.081215 pred=-0.003577 diff=-0.084792 abs_err=0.084792
INFO | EPOCH_109 | [B=8, T=30, D=1] true=2.709805 pred=2.063629 diff=-0.646176 abs_err=0.646176
INFO | EPOCH_109 | [B=6, T=26, D=3] true=2.569654 pred=2.411477 diff=-0.158177 abs_err=0.158177
INFO | EPOCH_109 | [B=63, T=3, D=8] true=0.513275 pred=0.692845 diff=+0.179570 abs_err=0.179570
INFO | EPOCH_109 | [B=9, T=26, D=4] true=2.230992 pred=2.092451 diff=-0.138541 abs_err=0.138541
INFO | EPOCH_109 | [B=32, T=10, D=9] true=3.975546 pred=4.027987 diff=+0.052441 abs_err=0.052441
INFO | EPOCH_109 | [B=23, T=15, D=1] true=1.554637 pred=1.347360 diff=-0.207276 abs_err=0.207276
INFO | EPOCH_109 | [B=60, T=4, D=10] true=1.156896 pred=1.170712 diff=+0.013816 abs_err=0.013816
INFO | EPOCH_109 | [B=19, T=19, D=2] true=0.449350 pred=0.364361 diff=-0.084988 abs_err=0.084988
INFO | EPOCH_109 | TOP 5 WORST masked points (largest abs_err):
INFO | EPOCH_109 | [B=47, T=24, D=6] true=1.678643 pred=4.611510 diff=+2.932867 abs_err=2.932867
INFO | EPOCH_109 | [B=47, T=28, D=9] true=1.413674 pred=4.119950 diff=+2.706277 abs_err=2.706277
INFO | EPOCH_109 | [B=45, T=4, D=0] true=0.990548 pred=3.230198 diff=+2.239650 abs_err=2.239650
INFO | EPOCH_109 | [B=7, T=7, D=0] true=3.767489 pred=1.606416 diff=-2.161074 abs_err=2.161074
INFO | EPOCH_109 | [B=0, T=28, D=9] true=3.682978 pred=1.545439 diff=-2.137538 abs_err=2.137538
INFO | EPOCH_109 | TOP 5 BEST/CORRECT masked points (smallest abs_err):
INFO | EPOCH_109 | [B=49, T=6, D=9] true=3.498241 pred=3.498243 diff=+0.000002 abs_err=0.000002
INFO | EPOCH_109 | [B=30, T=27, D=8] true=0.246507 pred=0.246492 diff=-0.000015 abs_err=0.000015
INFO | EPOCH_109 | [B=50, T=14, D=9] true=2.978017 pred=2.978047 diff=+0.000030 abs_err=0.000030
INFO | EPOCH_109 | [B=0, T=14, D=11] true=0.396816 pred=0.396778 diff=-0.000038 abs_err=0.000038
INFO | EPOCH_109 | [B=47, T=20, D=0] true=3.054335 pred=3.054275 diff=-0.000060 abs_err=0.000060
INFO | EPOCH_119 | RANDOM 15 masked points (true, pred, diff, abs_err):
INFO | EPOCH_119 | [B=11, T=3, D=9] true=2.280108 pred=2.422171 diff=+0.142063 abs_err=0.142063
INFO | EPOCH_119 | [B=61, T=21, D=9] true=2.132847 pred=2.503050 diff=+0.370203 abs_err=0.370203
INFO | EPOCH_119 | [B=57, T=17, D=6] true=3.980524 pred=3.603979 diff=-0.376545 abs_err=0.376545
INFO | EPOCH_119 | [B=0, T=7, D=10] true=1.210753 pred=1.101158 diff=-0.109594 abs_err=0.109594
INFO | EPOCH_119 | [B=42, T=17, D=9] true=4.496449 pred=4.287354 diff=-0.209095 abs_err=0.209095
INFO | EPOCH_119 | [B=9, T=9, D=6] true=2.997962 pred=2.681038 diff=-0.316924 abs_err=0.316924
INFO | EPOCH_119 | [B=50, T=12, D=1] true=1.403283 pred=1.336597 diff=-0.066686 abs_err=0.066686
INFO | EPOCH_119 | [B=25, T=0, D=8] true=0.033292 pred=0.100528 diff=+0.067236 abs_err=0.067236
INFO | EPOCH_119 | [B=33, T=18, D=2] true=0.636992 pred=0.559668 diff=-0.077324 abs_err=0.077324
INFO | EPOCH_119 | [B=6, T=0, D=10] true=1.430547 pred=1.432365 diff=+0.001818 abs_err=0.001818
INFO | EPOCH_119 | [B=15, T=25, D=1] true=1.781449 pred=1.920112 diff=+0.138663 abs_err=0.138663
INFO | EPOCH_119 | [B=5, T=23, D=3] true=3.378483 pred=3.010715 diff=-0.367768 abs_err=0.367768
INFO | EPOCH_119 | [B=22, T=19, D=5] true=-0.002162 pred=0.070595 diff=+0.072757 abs_err=0.072757
INFO | EPOCH_119 | [B=54, T=26, D=3] true=3.996880 pred=3.308571 diff=-0.688309 abs_err=0.688309
INFO | EPOCH_119 | [B=2, T=0, D=9] true=2.124507 pred=2.118259 diff=-0.006248 abs_err=0.006248
INFO | EPOCH_119 | TOP 5 WORST masked points (largest abs_err):
INFO | EPOCH_119 | [B=17, T=6, D=6] true=0.042953 pred=3.619220 diff=+3.576267 abs_err=3.576267
INFO | EPOCH_119 | [B=17, T=2, D=6] true=0.050544 pred=3.621809 diff=+3.571264 abs_err=3.571264
INFO | EPOCH_119 | [B=37, T=28, D=6] true=5.711285 pred=3.055740 diff=-2.655545 abs_err=2.655545
INFO | EPOCH_119 | [B=55, T=27, D=9] true=1.255944 pred=3.664214 diff=+2.408270 abs_err=2.408270
INFO | EPOCH_119 | [B=31, T=11, D=3] true=1.384696 pred=3.712018 diff=+2.327322 abs_err=2.327322
INFO | EPOCH_119 | TOP 5 BEST/CORRECT masked points (smallest abs_err):
INFO | EPOCH_119 | [B=28, T=5, D=0] true=3.199394 pred=3.199390 diff=-0.000004 abs_err=0.000004
INFO | EPOCH_119 | [B=12, T=13, D=0] true=3.069037 pred=3.069024 diff=-0.000013 abs_err=0.000013
INFO | EPOCH_119 | [B=15, T=6, D=11] true=0.797425 pred=0.797438 diff=+0.000014 abs_err=0.000014
INFO | EPOCH_119 | [B=55, T=4, D=10] true=1.849642 pred=1.849598 diff=-0.000044 abs_err=0.000044
INFO | EPOCH_119 | [B=59, T=27, D=9] true=2.506748 pred=2.506701 diff=-0.000047 abs_err=0.000047
INFO | EPOCH_129 | RANDOM 15 masked points (true, pred, diff, abs_err):
INFO | EPOCH_129 | [B=50, T=3, D=5] true=0.492538 pred=0.308123 diff=-0.184416 abs_err=0.184416
INFO | EPOCH_129 | [B=7, T=10, D=2] true=0.324712 pred=0.193990 diff=-0.130722 abs_err=0.130722
INFO | EPOCH_129 | [B=45, T=18, D=6] true=3.377639 pred=3.401266 diff=+0.023627 abs_err=0.023627
INFO | EPOCH_129 | [B=51, T=12, D=0] true=3.001993 pred=2.892843 diff=-0.109150 abs_err=0.109150
INFO | EPOCH_129 | [B=35, T=0, D=6] true=4.440224 pred=4.476805 diff=+0.036581 abs_err=0.036581
INFO | EPOCH_129 | [B=33, T=13, D=2] true=0.427968 pred=0.421736 diff=-0.006232 abs_err=0.006232
INFO | EPOCH_129 | [B=53, T=26, D=9] true=2.916962 pred=2.798335 diff=-0.118627 abs_err=0.118627
INFO | EPOCH_129 | [B=3, T=25, D=8] true=1.066814 pred=0.852290 diff=-0.214524 abs_err=0.214524
INFO | EPOCH_129 | [B=58, T=12, D=9] true=2.914979 pred=2.886091 diff=-0.028887 abs_err=0.028887
INFO | EPOCH_129 | [B=41, T=23, D=8] true=0.210549 pred=0.144239 diff=-0.066309 abs_err=0.066309
INFO | EPOCH_129 | [B=46, T=6, D=7] true=2.622532 pred=2.112522 diff=-0.510010 abs_err=0.510010
INFO | EPOCH_129 | [B=6, T=15, D=3] true=4.195580 pred=3.429973 diff=-0.765607 abs_err=0.765607
INFO | EPOCH_129 | [B=63, T=17, D=9] true=1.645573 pred=1.907445 diff=+0.261872 abs_err=0.261872
INFO | EPOCH_129 | [B=33, T=28, D=7] true=1.478142 pred=1.404651 diff=-0.073492 abs_err=0.073492
INFO | EPOCH_129 | [B=11, T=15, D=2] true=0.448355 pred=0.314456 diff=-0.133899 abs_err=0.133899
INFO | EPOCH_129 | TOP 5 WORST masked points (largest abs_err):
INFO | EPOCH_129 | [B=46, T=13, D=6] true=0.022954 pred=3.193516 diff=+3.170562 abs_err=3.170562
INFO | EPOCH_129 | [B=46, T=10, D=6] true=0.025506 pred=3.194048 diff=+3.168542 abs_err=3.168542
INFO | EPOCH_129 | [B=26, T=5, D=9] true=0.757862 pred=3.501236 diff=+2.743374 abs_err=2.743374
INFO | EPOCH_129 | [B=17, T=16, D=6] true=3.318204 pred=0.944308 diff=-2.373896 abs_err=2.373896
INFO | EPOCH_129 | [B=49, T=14, D=11] true=2.130419 pred=-0.170707 diff=-2.301126 abs_err=2.301126
INFO | EPOCH_129 | TOP 5 BEST/CORRECT masked points (smallest abs_err):
INFO | EPOCH_129 | [B=20, T=8, D=8] true=0.729847 pred=0.729857 diff=+0.000010 abs_err=0.000010
INFO | EPOCH_129 | [B=57, T=18, D=7] true=1.245830 pred=1.245845 diff=+0.000014 abs_err=0.000014
INFO | EPOCH_129 | [B=29, T=7, D=3] true=3.250576 pred=3.250544 diff=-0.000032 abs_err=0.000032
INFO | EPOCH_129 | [B=59, T=14, D=6] true=2.734946 pred=2.734987 diff=+0.000041 abs_err=0.000041
INFO | EPOCH_129 | [B=27, T=17, D=11] true=0.345378 pred=0.345314 diff=-0.000064 abs_err=0.000064
INFO | EPOCH_139 | RANDOM 15 masked points (true, pred, diff, abs_err):
INFO | EPOCH_139 | [B=5, T=21, D=8] true=0.044017 pred=0.086405 diff=+0.042388 abs_err=0.042388
INFO | EPOCH_139 | [B=39, T=5, D=1] true=2.436924 pred=2.354542 diff=-0.082383 abs_err=0.082383
INFO | EPOCH_139 | [B=60, T=4, D=9] true=3.609800 pred=3.300176 diff=-0.309624 abs_err=0.309624
INFO | EPOCH_139 | [B=49, T=27, D=11] true=0.981111 pred=0.809793 diff=-0.171319 abs_err=0.171319
INFO | EPOCH_139 | [B=25, T=19, D=1] true=1.954979 pred=1.765149 diff=-0.189830 abs_err=0.189830
INFO | EPOCH_139 | [B=42, T=3, D=8] true=0.202914 pred=0.203799 diff=+0.000886 abs_err=0.000886
INFO | EPOCH_139 | [B=34, T=25, D=4] true=2.602520 pred=2.297534 diff=-0.304986 abs_err=0.304986
INFO | EPOCH_139 | [B=37, T=0, D=5] true=0.484960 pred=0.368476 diff=-0.116484 abs_err=0.116484
INFO | EPOCH_139 | [B=11, T=5, D=7] true=1.407728 pred=1.464815 diff=+0.057087 abs_err=0.057087
INFO | EPOCH_139 | [B=46, T=13, D=3] true=2.557845 pred=2.638056 diff=+0.080210 abs_err=0.080210
INFO | EPOCH_139 | [B=0, T=18, D=0] true=2.299730 pred=2.326818 diff=+0.027088 abs_err=0.027088
INFO | EPOCH_139 | [B=57, T=8, D=2] true=-0.054329 pred=0.287159 diff=+0.341488 abs_err=0.341488
INFO | EPOCH_139 | [B=32, T=13, D=1] true=2.351579 pred=2.410457 diff=+0.058878 abs_err=0.058878
INFO | EPOCH_139 | [B=29, T=29, D=9] true=1.616038 pred=1.944470 diff=+0.328433 abs_err=0.328433
INFO | EPOCH_139 | [B=35, T=16, D=0] true=3.353330 pred=3.279239 diff=-0.074091 abs_err=0.074091
INFO | EPOCH_139 | TOP 5 WORST masked points (largest abs_err):
INFO | EPOCH_139 | [B=43, T=10, D=6] true=4.541086 pred=2.190400 diff=-2.350686 abs_err=2.350686
INFO | EPOCH_139 | [B=51, T=24, D=6] true=3.759710 pred=1.494480 diff=-2.265230 abs_err=2.265230
INFO | EPOCH_139 | [B=53, T=23, D=9] true=3.769167 pred=1.602251 diff=-2.166916 abs_err=2.166916
INFO | EPOCH_139 | [B=53, T=25, D=9] true=3.762194 pred=1.604983 diff=-2.157210 abs_err=2.157210
INFO | EPOCH_139 | [B=51, T=26, D=0] true=3.701226 pred=1.554496 diff=-2.146730 abs_err=2.146730
INFO | EPOCH_139 | TOP 5 BEST/CORRECT masked points (smallest abs_err):
INFO | EPOCH_139 | [B=59, T=8, D=9] true=3.120036 pred=3.120033 diff=-0.000003 abs_err=0.000003
INFO | EPOCH_139 | [B=12, T=10, D=7] true=1.283572 pred=1.283578 diff=+0.000006 abs_err=0.000006
INFO | EPOCH_139 | [B=34, T=13, D=4] true=1.654062 pred=1.654068 diff=+0.000006 abs_err=0.000006
INFO | EPOCH_139 | [B=20, T=24, D=9] true=3.138774 pred=3.138837 diff=+0.000062 abs_err=0.000062
INFO | EPOCH_139 | [B=13, T=1, D=7] true=1.803621 pred=1.803690 diff=+0.000069 abs_err=0.000069
INFO | EPOCH_149 | RANDOM 15 masked points (true, pred, diff, abs_err):
INFO | EPOCH_149 | [B=52, T=17, D=10] true=2.270497 pred=2.305004 diff=+0.034507 abs_err=0.034507
INFO | EPOCH_149 | [B=45, T=25, D=2] true=-0.257988 pred=0.041090 diff=+0.299078 abs_err=0.299078
INFO | EPOCH_149 | [B=14, T=9, D=3] true=3.910390 pred=3.810151 diff=-0.100240 abs_err=0.100240
INFO | EPOCH_149 | [B=32, T=14, D=11] true=0.784962 pred=0.433370 diff=-0.351592 abs_err=0.351592
INFO | EPOCH_149 | [B=54, T=1, D=11] true=0.252882 pred=0.833193 diff=+0.580311 abs_err=0.580311
INFO | EPOCH_149 | [B=52, T=13, D=9] true=3.701963 pred=2.012510 diff=-1.689453 abs_err=1.689453
INFO | EPOCH_149 | [B=41, T=1, D=2] true=0.346291 pred=0.388342 diff=+0.042052 abs_err=0.042052
INFO | EPOCH_149 | [B=63, T=11, D=8] true=0.641550 pred=0.536761 diff=-0.104789 abs_err=0.104789
INFO | EPOCH_149 | [B=50, T=24, D=1] true=1.460079 pred=1.506362 diff=+0.046283 abs_err=0.046283
INFO | EPOCH_149 | [B=14, T=19, D=10] true=1.078730 pred=1.136060 diff=+0.057330 abs_err=0.057330
INFO | EPOCH_149 | [B=37, T=10, D=6] true=1.912133 pred=2.490111 diff=+0.577978 abs_err=0.577978
INFO | EPOCH_149 | [B=7, T=5, D=10] true=1.271100 pred=1.270043 diff=-0.001056 abs_err=0.001056
INFO | EPOCH_149 | [B=16, T=17, D=3] true=3.883819 pred=3.817287 diff=-0.066532 abs_err=0.066532
INFO | EPOCH_149 | [B=30, T=0, D=1] true=1.381926 pred=1.387456 diff=+0.005530 abs_err=0.005530
INFO | EPOCH_149 | [B=11, T=29, D=5] true=0.215400 pred=0.158742 diff=-0.056659 abs_err=0.056659
INFO | EPOCH_149 | TOP 5 WORST masked points (largest abs_err):
INFO | EPOCH_149 | [B=35, T=20, D=3] true=0.534949 pred=3.247114 diff=+2.712165 abs_err=2.712165
INFO | EPOCH_149 | [B=37, T=25, D=0] true=0.800751 pred=2.903349 diff=+2.102598 abs_err=2.102598
INFO | EPOCH_149 | [B=0, T=1, D=3] true=1.405513 pred=3.475947 diff=+2.070434 abs_err=2.070434
INFO | EPOCH_149 | [B=46, T=14, D=2] true=2.224028 pred=0.154110 diff=-2.069918 abs_err=2.069918
INFO | EPOCH_149 | [B=0, T=5, D=3] true=1.426706 pred=3.476794 diff=+2.050088 abs_err=2.050088
INFO | EPOCH_149 | TOP 5 BEST/CORRECT masked points (smallest abs_err):
INFO | EPOCH_149 | [B=39, T=24, D=0] true=2.820920 pred=2.820924 diff=+0.000004 abs_err=0.000004
INFO | EPOCH_149 | [B=26, T=27, D=5] true=0.142126 pred=0.142121 diff=-0.000005 abs_err=0.000005
INFO | EPOCH_149 | [B=58, T=4, D=0] true=3.268385 pred=3.268380 diff=-0.000005 abs_err=0.000005
INFO | EPOCH_149 | [B=38, T=10, D=11] true=0.408621 pred=0.408615 diff=-0.000006 abs_err=0.000006
INFO | EPOCH_149 | [B=21, T=16, D=4] true=1.446795 pred=1.446803 diff=+0.000008 abs_err=0.000008
INFO | EPOCH_159 | RANDOM 15 masked points (true, pred, diff, abs_err):
INFO | EPOCH_159 | [B=27, T=3, D=6] true=2.471968 pred=2.491342 diff=+0.019374 abs_err=0.019374
INFO | EPOCH_159 | [B=54, T=27, D=4] true=1.401107 pred=1.396393 diff=-0.004714 abs_err=0.004714
INFO | EPOCH_159 | [B=57, T=7, D=5] true=0.069156 pred=0.046738 diff=-0.022418 abs_err=0.022418
INFO | EPOCH_159 | [B=52, T=12, D=5] true=0.185873 pred=0.184688 diff=-0.001185 abs_err=0.001185
INFO | EPOCH_159 | [B=37, T=25, D=2] true=-0.065765 pred=0.092342 diff=+0.158107 abs_err=0.158107
INFO | EPOCH_159 | [B=4, T=19, D=6] true=2.054052 pred=2.023725 diff=-0.030327 abs_err=0.030327
INFO | EPOCH_159 | [B=26, T=15, D=1] true=1.740480 pred=1.810093 diff=+0.069613 abs_err=0.069613
INFO | EPOCH_159 | [B=60, T=17, D=1] true=1.585976 pred=1.540650 diff=-0.045326 abs_err=0.045326
INFO | EPOCH_159 | [B=11, T=18, D=0] true=3.285857 pred=3.265301 diff=-0.020556 abs_err=0.020556
INFO | EPOCH_159 | [B=58, T=21, D=3] true=3.205836 pred=3.367652 diff=+0.161816 abs_err=0.161816
INFO | EPOCH_159 | [B=56, T=13, D=10] true=1.478218 pred=1.373247 diff=-0.104971 abs_err=0.104971
INFO | EPOCH_159 | [B=0, T=16, D=10] true=1.352445 pred=1.379131 diff=+0.026686 abs_err=0.026686
INFO | EPOCH_159 | [B=4, T=1, D=5] true=0.230305 pred=0.231089 diff=+0.000784 abs_err=0.000784
INFO | EPOCH_159 | [B=15, T=15, D=4] true=1.978406 pred=1.845541 diff=-0.132865 abs_err=0.132865
INFO | EPOCH_159 | [B=29, T=8, D=5] true=0.491407 pred=0.259385 diff=-0.232022 abs_err=0.232022
INFO | EPOCH_159 | TOP 5 WORST masked points (largest abs_err):
INFO | EPOCH_159 | [B=7, T=3, D=0] true=5.087778 pred=2.328449 diff=-2.759329 abs_err=2.759329
INFO | EPOCH_159 | [B=25, T=9, D=9] true=3.972294 pred=1.662581 diff=-2.309713 abs_err=2.309713
INFO | EPOCH_159 | [B=58, T=19, D=6] true=3.603509 pred=1.317320 diff=-2.286189 abs_err=2.286189
INFO | EPOCH_159 | [B=7, T=3, D=2] true=2.372046 pred=0.102722 diff=-2.269324 abs_err=2.269324
INFO | EPOCH_159 | [B=60, T=8, D=6] true=1.323833 pred=3.525065 diff=+2.201232 abs_err=2.201232
INFO | EPOCH_159 | TOP 5 BEST/CORRECT masked points (smallest abs_err):
INFO | EPOCH_159 | [B=23, T=9, D=7] true=1.787338 pred=1.787320 diff=-0.000017 abs_err=0.000017
INFO | EPOCH_159 | [B=6, T=23, D=10] true=1.321314 pred=1.321281 diff=-0.000034 abs_err=0.000034
INFO | EPOCH_159 | [B=59, T=20, D=10] true=1.351230 pred=1.351186 diff=-0.000044 abs_err=0.000044
INFO | EPOCH_159 | [B=35, T=28, D=11] true=0.235892 pred=0.235956 diff=+0.000065 abs_err=0.000065
INFO | EPOCH_159 | [B=56, T=30, D=0] true=1.763559 pred=1.763672 diff=+0.000112 abs_err=0.000112
INFO | EPOCH_169 | RANDOM 15 masked points (true, pred, diff, abs_err):
INFO | EPOCH_169 | [B=7, T=9, D=0] true=3.577623 pred=3.471468 diff=-0.106155 abs_err=0.106155
INFO | EPOCH_169 | [B=19, T=12, D=11] true=-0.092207 pred=0.283281 diff=+0.375488 abs_err=0.375488
INFO | EPOCH_169 | [B=15, T=0, D=6] true=3.643654 pred=3.746638 diff=+0.102983 abs_err=0.102983
INFO | EPOCH_169 | [B=44, T=7, D=11] true=0.768783 pred=0.788523 diff=+0.019740 abs_err=0.019740
INFO | EPOCH_169 | [B=32, T=16, D=6] true=2.629261 pred=2.763970 diff=+0.134709 abs_err=0.134709
INFO | EPOCH_169 | [B=48, T=24, D=9] true=3.453104 pred=3.085127 diff=-0.367976 abs_err=0.367976
INFO | EPOCH_169 | [B=29, T=23, D=6] true=2.799972 pred=2.833809 diff=+0.033838 abs_err=0.033838
INFO | EPOCH_169 | [B=6, T=15, D=9] true=1.677453 pred=1.685732 diff=+0.008279 abs_err=0.008279
INFO | EPOCH_169 | [B=31, T=29, D=1] true=1.898180 pred=1.632177 diff=-0.266003 abs_err=0.266003
INFO | EPOCH_169 | [B=49, T=25, D=3] true=3.870973 pred=3.840678 diff=-0.030295 abs_err=0.030295
INFO | EPOCH_169 | [B=47, T=9, D=2] true=0.348134 pred=0.079557 diff=-0.268577 abs_err=0.268577
INFO | EPOCH_169 | [B=31, T=26, D=11] true=0.015594 pred=0.105456 diff=+0.089862 abs_err=0.089862
INFO | EPOCH_169 | [B=16, T=20, D=8] true=1.340098 pred=0.974113 diff=-0.365985 abs_err=0.365985
INFO | EPOCH_169 | [B=16, T=23, D=4] true=2.635060 pred=2.487122 diff=-0.147938 abs_err=0.147938
INFO | EPOCH_169 | [B=12, T=15, D=0] true=2.720323 pred=2.694952 diff=-0.025371 abs_err=0.025371
INFO | EPOCH_169 | TOP 5 WORST masked points (largest abs_err):
INFO | EPOCH_169 | [B=28, T=19, D=11] true=-1.985981 pred=0.594754 diff=+2.580735 abs_err=2.580735
INFO | EPOCH_169 | [B=43, T=7, D=11] true=2.397161 pred=-0.064407 diff=-2.461569 abs_err=2.461569
INFO | EPOCH_169 | [B=33, T=10, D=9] true=3.742375 pred=1.357156 diff=-2.385219 abs_err=2.385219
INFO | EPOCH_169 | [B=28, T=19, D=10] true=3.777889 pred=1.450537 diff=-2.327352 abs_err=2.327352
INFO | EPOCH_169 | [B=44, T=6, D=0] true=3.616072 pred=1.344206 diff=-2.271866 abs_err=2.271866
INFO | EPOCH_169 | TOP 5 BEST/CORRECT masked points (smallest abs_err):
INFO | EPOCH_169 | [B=37, T=17, D=8] true=1.059328 pred=1.059301 diff=-0.000026 abs_err=0.000026
INFO | EPOCH_169 | [B=50, T=30, D=5] true=0.195420 pred=0.195387 diff=-0.000033 abs_err=0.000033
INFO | EPOCH_169 | [B=36, T=18, D=3] true=3.303132 pred=3.303093 diff=-0.000039 abs_err=0.000039
INFO | EPOCH_169 | [B=6, T=9, D=9] true=1.669726 pred=1.669766 diff=+0.000040 abs_err=0.000040
INFO | EPOCH_169 | [B=47, T=19, D=3] true=3.598387 pred=3.598429 diff=+0.000042 abs_err=0.000042
INFO | EPOCH_179 | RANDOM 15 masked points (true, pred, diff, abs_err):
INFO | EPOCH_179 | [B=21, T=7, D=11] true=-0.108622 pred=0.370528 diff=+0.479150 abs_err=0.479150
INFO | EPOCH_179 | [B=50, T=8, D=9] true=1.569699 pred=1.795396 diff=+0.225698 abs_err=0.225698
INFO | EPOCH_179 | [B=38, T=1, D=0] true=2.327729 pred=2.366072 diff=+0.038343 abs_err=0.038343
INFO | EPOCH_179 | [B=41, T=7, D=10] true=1.584392 pred=1.272702 diff=-0.311689 abs_err=0.311689
INFO | EPOCH_179 | [B=2, T=12, D=5] true=-0.100500 pred=-0.090597 diff=+0.009902 abs_err=0.009902
INFO | EPOCH_179 | [B=35, T=27, D=8] true=1.362364 pred=1.020731 diff=-0.341633 abs_err=0.341633
INFO | EPOCH_179 | [B=3, T=5, D=6] true=1.585119 pred=1.524424 diff=-0.060695 abs_err=0.060695
INFO | EPOCH_179 | [B=57, T=11, D=3] true=2.438384 pred=2.626282 diff=+0.187898 abs_err=0.187898
INFO | EPOCH_179 | [B=62, T=6, D=4] true=1.082293 pred=0.903145 diff=-0.179148 abs_err=0.179148
INFO | EPOCH_179 | [B=27, T=16, D=5] true=0.328264 pred=0.476899 diff=+0.148635 abs_err=0.148635
INFO | EPOCH_179 | [B=25, T=22, D=11] true=0.463358 pred=0.180865 diff=-0.282493 abs_err=0.282493
INFO | EPOCH_179 | [B=49, T=29, D=8] true=0.454260 pred=0.292057 diff=-0.162203 abs_err=0.162203
INFO | EPOCH_179 | [B=36, T=23, D=7] true=1.391295 pred=1.289158 diff=-0.102137 abs_err=0.102137
INFO | EPOCH_179 | [B=28, T=6, D=7] true=1.062800 pred=1.189193 diff=+0.126394 abs_err=0.126394
INFO | EPOCH_179 | [B=36, T=19, D=0] true=3.171698 pred=3.181917 diff=+0.010219 abs_err=0.010219
INFO | EPOCH_179 | TOP 5 WORST masked points (largest abs_err):
INFO | EPOCH_179 | [B=26, T=8, D=6] true=1.595185 pred=4.283922 diff=+2.688737 abs_err=2.688737
INFO | EPOCH_179 | [B=44, T=20, D=6] true=0.108967 pred=2.629770 diff=+2.520803 abs_err=2.520803
INFO | EPOCH_179 | [B=44, T=18, D=6] true=0.127504 pred=2.638040 diff=+2.510535 abs_err=2.510535
INFO | EPOCH_179 | [B=9, T=8, D=6] true=3.547465 pred=1.215383 diff=-2.332082 abs_err=2.332082
INFO | EPOCH_179 | [B=9, T=18, D=6] true=3.577968 pred=1.249600 diff=-2.328368 abs_err=2.328368
INFO | EPOCH_179 | TOP 5 BEST/CORRECT masked points (smallest abs_err):
INFO | EPOCH_179 | [B=63, T=27, D=6] true=1.219894 pred=1.219883 diff=-0.000011 abs_err=0.000011
INFO | EPOCH_179 | [B=25, T=23, D=5] true=0.325513 pred=0.325488 diff=-0.000025 abs_err=0.000025
INFO | EPOCH_179 | [B=31, T=23, D=5] true=-0.030901 pred=-0.030970 diff=-0.000069 abs_err=0.000069
INFO | EPOCH_179 | [B=15, T=11, D=10] true=1.258740 pred=1.258813 diff=+0.000073 abs_err=0.000073
INFO | EPOCH_179 | [B=0, T=25, D=7] true=2.362504 pred=2.362581 diff=+0.000077 abs_err=0.000077
INFO | EPOCH_189 | RANDOM 15 masked points (true, pred, diff, abs_err):
INFO | EPOCH_189 | [B=33, T=24, D=9] true=1.873103 pred=1.648193 diff=-0.224910 abs_err=0.224910
INFO | EPOCH_189 | [B=62, T=19, D=10] true=2.168105 pred=2.250044 diff=+0.081939 abs_err=0.081939
INFO | EPOCH_189 | [B=12, T=2, D=1] true=1.997763 pred=1.858413 diff=-0.139349 abs_err=0.139349
INFO | EPOCH_189 | [B=22, T=22, D=6] true=2.792894 pred=2.791759 diff=-0.001136 abs_err=0.001136
INFO | EPOCH_189 | [B=43, T=12, D=3] true=2.337407 pred=2.329505 diff=-0.007902 abs_err=0.007902
INFO | EPOCH_189 | [B=19, T=14, D=3] true=2.730254 pred=2.762938 diff=+0.032685 abs_err=0.032685
INFO | EPOCH_189 | [B=8, T=0, D=5] true=0.361081 pred=0.408435 diff=+0.047354 abs_err=0.047354
INFO | EPOCH_189 | [B=58, T=8, D=9] true=2.301178 pred=2.107926 diff=-0.193253 abs_err=0.193253
INFO | EPOCH_189 | [B=4, T=21, D=10] true=1.524919 pred=1.489374 diff=-0.035545 abs_err=0.035545
INFO | EPOCH_189 | [B=6, T=7, D=2] true=0.164943 pred=0.065930 diff=-0.099013 abs_err=0.099013
INFO | EPOCH_189 | [B=51, T=28, D=11] true=0.259347 pred=0.555304 diff=+0.295957 abs_err=0.295957
INFO | EPOCH_189 | [B=18, T=25, D=2] true=0.362260 pred=0.418423 diff=+0.056164 abs_err=0.056164
INFO | EPOCH_189 | [B=29, T=0, D=2] true=0.384512 pred=0.369040 diff=-0.015472 abs_err=0.015472
INFO | EPOCH_189 | [B=33, T=13, D=11] true=0.235319 pred=0.307025 diff=+0.071706 abs_err=0.071706
INFO | EPOCH_189 | [B=26, T=13, D=5] true=0.592144 pred=0.505162 diff=-0.086981 abs_err=0.086981
INFO | EPOCH_189 | TOP 5 WORST masked points (largest abs_err):
INFO | EPOCH_189 | [B=47, T=24, D=6] true=1.678643 pred=4.596763 diff=+2.918120 abs_err=2.918120
INFO | EPOCH_189 | [B=47, T=28, D=9] true=1.413674 pred=4.087371 diff=+2.673698 abs_err=2.673698
INFO | EPOCH_189 | [B=63, T=15, D=6] true=0.098340 pred=2.482867 diff=+2.384526 abs_err=2.384526
INFO | EPOCH_189 | [B=14, T=11, D=6] true=0.115726 pred=2.496475 diff=+2.380750 abs_err=2.380750
INFO | EPOCH_189 | [B=14, T=5, D=6] true=0.146037 pred=2.508940 diff=+2.362903 abs_err=2.362903
INFO | EPOCH_189 | TOP 5 BEST/CORRECT masked points (smallest abs_err):
INFO | EPOCH_189 | [B=27, T=8, D=10] true=2.202142 pred=2.202125 diff=-0.000017 abs_err=0.000017
INFO | EPOCH_189 | [B=41, T=14, D=1] true=1.489438 pred=1.489488 diff=+0.000050 abs_err=0.000050
INFO | EPOCH_189 | [B=0, T=19, D=10] true=1.560704 pred=1.560803 diff=+0.000098 abs_err=0.000098
INFO | EPOCH_189 | [B=11, T=12, D=6] true=3.603762 pred=3.603907 diff=+0.000145 abs_err=0.000145
INFO | EPOCH_189 | [B=18, T=17, D=2] true=0.397081 pred=0.397239 diff=+0.000158 abs_err=0.000158
INFO | EPOCH_199 | RANDOM 15 masked points (true, pred, diff, abs_err):
INFO | EPOCH_199 | [B=28, T=8, D=5] true=-0.049302 pred=0.063010 diff=+0.112312 abs_err=0.112312
INFO | EPOCH_199 | [B=57, T=8, D=6] true=2.732990 pred=3.232491 diff=+0.499501 abs_err=0.499501
INFO | EPOCH_199 | [B=55, T=0, D=10] true=1.836409 pred=1.850987 diff=+0.014578 abs_err=0.014578
INFO | EPOCH_199 | [B=45, T=16, D=4] true=1.424216 pred=1.151480 diff=-0.272737 abs_err=0.272737
INFO | EPOCH_199 | [B=61, T=26, D=4] true=2.279094 pred=1.928859 diff=-0.350235 abs_err=0.350235
INFO | EPOCH_199 | [B=34, T=19, D=10] true=1.576912 pred=1.384065 diff=-0.192848 abs_err=0.192848
INFO | EPOCH_199 | [B=46, T=12, D=7] true=1.059446 pred=1.100652 diff=+0.041206 abs_err=0.041206
INFO | EPOCH_199 | [B=2, T=17, D=10] true=2.153577 pred=2.277162 diff=+0.123585 abs_err=0.123585
INFO | EPOCH_199 | [B=22, T=1, D=6] true=2.594976 pred=2.733768 diff=+0.138792 abs_err=0.138792
INFO | EPOCH_199 | [B=28, T=26, D=1] true=1.426335 pred=1.303965 diff=-0.122370 abs_err=0.122370
INFO | EPOCH_199 | [B=61, T=7, D=4] true=1.461033 pred=1.400896 diff=-0.060136 abs_err=0.060136
INFO | EPOCH_199 | [B=41, T=0, D=0] true=2.752295 pred=2.763893 diff=+0.011598 abs_err=0.011598
INFO | EPOCH_199 | [B=25, T=6, D=10] true=1.380953 pred=1.397375 diff=+0.016422 abs_err=0.016422
INFO | EPOCH_199 | [B=10, T=27, D=2] true=0.366180 pred=0.494291 diff=+0.128111 abs_err=0.128111
INFO | EPOCH_199 | [B=46, T=16, D=2] true=0.537055 pred=0.479744 diff=-0.057311 abs_err=0.057311
INFO | EPOCH_199 | TOP 5 WORST masked points (largest abs_err):
INFO | EPOCH_199 | [B=55, T=27, D=9] true=1.255944 pred=3.595416 diff=+2.339472 abs_err=2.339472
INFO | EPOCH_199 | [B=45, T=4, D=0] true=0.990548 pred=3.173978 diff=+2.183430 abs_err=2.183430
INFO | EPOCH_199 | [B=15, T=17, D=9] true=3.643659 pred=1.544462 diff=-2.099197 abs_err=2.099197
INFO | EPOCH_199 | [B=0, T=28, D=9] true=3.682978 pred=1.612430 diff=-2.070548 abs_err=2.070548
INFO | EPOCH_199 | [B=8, T=0, D=9] true=3.707034 pred=1.638620 diff=-2.068414 abs_err=2.068414
INFO | EPOCH_199 | TOP 5 BEST/CORRECT masked points (smallest abs_err):
INFO | EPOCH_199 | [B=40, T=20, D=9] true=1.618452 pred=1.618456 diff=+0.000004 abs_err=0.000004
INFO | EPOCH_199 | [B=31, T=9, D=8] true=0.217706 pred=0.217715 diff=+0.000009 abs_err=0.000009
INFO | EPOCH_199 | [B=56, T=21, D=3] true=3.038962 pred=3.038999 diff=+0.000037 abs_err=0.000037
INFO | EPOCH_199 | [B=51, T=26, D=9] true=3.003368 pred=3.003423 diff=+0.000055 abs_err=0.000055
INFO | EPOCH_199 | [B=18, T=7, D=11] true=0.552198 pred=0.552128 diff=-0.000070 abs_err=0.000070
INFO | EPOCH_209 | RANDOM 15 masked points (true, pred, diff, abs_err):
INFO | EPOCH_209 | [B=59, T=5, D=9] true=2.953632 pred=2.902562 diff=-0.051070 abs_err=0.051070
INFO | EPOCH_209 | [B=61, T=4, D=2] true=0.142406 pred=0.047917 diff=-0.094489 abs_err=0.094489
INFO | EPOCH_209 | [B=60, T=30, D=10] true=1.386361 pred=1.365380 diff=-0.020980 abs_err=0.020980
INFO | EPOCH_209 | [B=20, T=18, D=11] true=0.680934 pred=0.359921 diff=-0.321013 abs_err=0.321013
INFO | EPOCH_209 | [B=30, T=5, D=11] true=0.103529 pred=0.184615 diff=+0.081085 abs_err=0.081085
INFO | EPOCH_209 | [B=23, T=25, D=11] true=0.643813 pred=0.857151 diff=+0.213339 abs_err=0.213339
INFO | EPOCH_209 | [B=11, T=12, D=0] true=2.407120 pred=2.394927 diff=-0.012193 abs_err=0.012193
INFO | EPOCH_209 | [B=3, T=20, D=3] true=3.229619 pred=3.110323 diff=-0.119296 abs_err=0.119296
INFO | EPOCH_209 | [B=1, T=27, D=2] true=0.163369 pred=-0.106742 diff=-0.270111 abs_err=0.270111
INFO | EPOCH_209 | [B=32, T=23, D=9] true=2.917846 pred=2.876447 diff=-0.041399 abs_err=0.041399
INFO | EPOCH_209 | [B=42, T=23, D=9] true=4.263399 pred=4.174652 diff=-0.088747 abs_err=0.088747
INFO | EPOCH_209 | [B=5, T=0, D=2] true=0.556033 pred=0.568109 diff=+0.012075 abs_err=0.012075
INFO | EPOCH_209 | [B=25, T=1, D=2] true=-0.102957 pred=-0.089374 diff=+0.013582 abs_err=0.013582
INFO | EPOCH_209 | [B=18, T=10, D=2] true=0.573522 pred=0.479839 diff=-0.093683 abs_err=0.093683
INFO | EPOCH_209 | [B=47, T=26, D=8] true=1.023757 pred=1.077950 diff=+0.054194 abs_err=0.054194
INFO | EPOCH_209 | TOP 5 WORST masked points (largest abs_err):
INFO | EPOCH_209 | [B=17, T=2, D=6] true=0.050544 pred=3.749527 diff=+3.698983 abs_err=3.698983
INFO | EPOCH_209 | [B=17, T=6, D=6] true=0.042953 pred=3.736342 diff=+3.693389 abs_err=3.693389
INFO | EPOCH_209 | [B=46, T=10, D=6] true=0.025506 pred=3.198616 diff=+3.173110 abs_err=3.173110
INFO | EPOCH_209 | [B=46, T=13, D=6] true=0.022954 pred=3.187232 diff=+3.164278 abs_err=3.164278
INFO | EPOCH_209 | [B=37, T=28, D=6] true=5.711285 pred=3.085703 diff=-2.625582 abs_err=2.625582
INFO | EPOCH_209 | TOP 5 BEST/CORRECT masked points (smallest abs_err):
INFO | EPOCH_209 | [B=29, T=30, D=2] true=0.165869 pred=0.165872 diff=+0.000003 abs_err=0.000003
INFO | EPOCH_209 | [B=49, T=3, D=2] true=-0.081373 pred=-0.081384 diff=-0.000011 abs_err=0.000011
INFO | EPOCH_209 | [B=62, T=1, D=2] true=0.085239 pred=0.085214 diff=-0.000025 abs_err=0.000025
INFO | EPOCH_209 | [B=41, T=6, D=6] true=4.462629 pred=4.462655 diff=+0.000026 abs_err=0.000026
INFO | EPOCH_209 | [B=32, T=20, D=7] true=1.446694 pred=1.446664 diff=-0.000029 abs_err=0.000029
INFO | EPOCH_219 | RANDOM 15 masked points (true, pred, diff, abs_err):
INFO | EPOCH_219 | [B=33, T=5, D=7] true=2.483461 pred=2.349988 diff=-0.133473 abs_err=0.133473
INFO | EPOCH_219 | [B=1, T=25, D=1] true=1.825398 pred=1.966936 diff=+0.141538 abs_err=0.141538
INFO | EPOCH_219 | [B=0, T=16, D=6] true=0.746919 pred=1.403257 diff=+0.656338 abs_err=0.656338
INFO | EPOCH_219 | [B=44, T=2, D=10] true=2.954888 pred=2.621713 diff=-0.333175 abs_err=0.333175
INFO | EPOCH_219 | [B=39, T=14, D=8] true=0.973569 pred=0.911953 diff=-0.061616 abs_err=0.061616
INFO | EPOCH_219 | [B=23, T=19, D=8] true=1.212671 pred=0.803390 diff=-0.409281 abs_err=0.409281
INFO | EPOCH_219 | [B=12, T=18, D=1] true=1.081795 pred=1.294807 diff=+0.213012 abs_err=0.213012
INFO | EPOCH_219 | [B=24, T=10, D=11] true=0.681762 pred=0.603718 diff=-0.078044 abs_err=0.078044
INFO | EPOCH_219 | [B=60, T=27, D=2] true=0.123915 pred=0.105037 diff=-0.018878 abs_err=0.018878
INFO | EPOCH_219 | [B=44, T=13, D=9] true=1.840501 pred=1.272501 diff=-0.568000 abs_err=0.568000
INFO | EPOCH_219 | [B=5, T=0, D=5] true=0.196243 pred=0.099770 diff=-0.096473 abs_err=0.096473
INFO | EPOCH_219 | [B=43, T=21, D=8] true=0.533732 pred=0.085059 diff=-0.448673 abs_err=0.448673
INFO | EPOCH_219 | [B=1, T=27, D=1] true=1.196617 pred=1.276653 diff=+0.080036 abs_err=0.080036
INFO | EPOCH_219 | [B=55, T=7, D=3] true=2.903612 pred=2.309760 diff=-0.593852 abs_err=0.593852
INFO | EPOCH_219 | [B=3, T=30, D=11] true=0.168316 pred=0.679577 diff=+0.511260 abs_err=0.511260
INFO | EPOCH_219 | TOP 5 WORST masked points (largest abs_err):
INFO | EPOCH_219 | [B=26, T=5, D=9] true=0.757862 pred=3.520828 diff=+2.762966 abs_err=2.762966
INFO | EPOCH_219 | [B=49, T=14, D=10] true=0.506230 pred=2.826285 diff=+2.320055 abs_err=2.320055
INFO | EPOCH_219 | [B=53, T=23, D=9] true=3.769167 pred=1.632488 diff=-2.136679 abs_err=2.136679
INFO | EPOCH_219 | [B=53, T=25, D=9] true=3.762194 pred=1.639324 diff=-2.122869 abs_err=2.122869
INFO | EPOCH_219 | [B=53, T=6, D=9] true=3.672971 pred=1.603886 diff=-2.069085 abs_err=2.069085
INFO | EPOCH_219 | TOP 5 BEST/CORRECT masked points (smallest abs_err):
INFO | EPOCH_219 | [B=41, T=15, D=0] true=2.484590 pred=2.484585 diff=-0.000005 abs_err=0.000005
INFO | EPOCH_219 | [B=44, T=10, D=0] true=3.323489 pred=3.323482 diff=-0.000007 abs_err=0.000007
INFO | EPOCH_219 | [B=23, T=18, D=2] true=0.104593 pred=0.104604 diff=+0.000011 abs_err=0.000011
INFO | EPOCH_219 | [B=34, T=29, D=0] true=3.371318 pred=3.371293 diff=-0.000025 abs_err=0.000025
INFO | EPOCH_219 | [B=15, T=1, D=11] true=0.634552 pred=0.634499 diff=-0.000053 abs_err=0.000053
INFO | EPOCH_229 | RANDOM 15 masked points (true, pred, diff, abs_err):
INFO | EPOCH_229 | [B=57, T=17, D=4] true=1.535828 pred=1.475332 diff=-0.060496 abs_err=0.060496
INFO | EPOCH_229 | [B=14, T=20, D=11] true=0.099847 pred=0.227715 diff=+0.127868 abs_err=0.127868
INFO | EPOCH_229 | [B=9, T=26, D=0] true=2.997651 pred=3.263956 diff=+0.266304 abs_err=0.266304
INFO | EPOCH_229 | [B=24, T=12, D=1] true=1.402370 pred=1.337886 diff=-0.064484 abs_err=0.064484
INFO | EPOCH_229 | [B=23, T=3, D=5] true=0.443380 pred=0.384016 diff=-0.059364 abs_err=0.059364
INFO | EPOCH_229 | [B=25, T=4, D=3] true=2.441947 pred=2.418404 diff=-0.023544 abs_err=0.023544
INFO | EPOCH_229 | [B=24, T=7, D=3] true=2.917781 pred=2.853853 diff=-0.063928 abs_err=0.063928
INFO | EPOCH_229 | [B=36, T=10, D=4] true=2.287920 pred=2.105184 diff=-0.182736 abs_err=0.182736
INFO | EPOCH_229 | [B=30, T=15, D=9] true=1.597973 pred=1.812871 diff=+0.214897 abs_err=0.214897
INFO | EPOCH_229 | [B=59, T=3, D=2] true=0.035052 pred=-0.049078 diff=-0.084131 abs_err=0.084131
INFO | EPOCH_229 | [B=33, T=14, D=1] true=1.854000 pred=1.697875 diff=-0.156125 abs_err=0.156125
INFO | EPOCH_229 | [B=42, T=1, D=11] true=0.566316 pred=0.723731 diff=+0.157415 abs_err=0.157415
INFO | EPOCH_229 | [B=26, T=23, D=11] true=0.776283 pred=0.749545 diff=-0.026738 abs_err=0.026738
INFO | EPOCH_229 | [B=33, T=25, D=7] true=1.308475 pred=1.398033 diff=+0.089558 abs_err=0.089558
INFO | EPOCH_229 | [B=63, T=5, D=4] true=1.571414 pred=1.491899 diff=-0.079515 abs_err=0.079515
INFO | EPOCH_229 | TOP 5 WORST masked points (largest abs_err):
INFO | EPOCH_229 | [B=35, T=20, D=3] true=0.534949 pred=3.185957 diff=+2.651008 abs_err=2.651008
INFO | EPOCH_229 | [B=38, T=21, D=9] true=1.636152 pred=3.991842 diff=+2.355690 abs_err=2.355690
INFO | EPOCH_229 | [B=46, T=18, D=9] true=1.615467 pred=3.818409 diff=+2.202943 abs_err=2.202943
INFO | EPOCH_229 | [B=42, T=12, D=9] true=1.532275 pred=3.693904 diff=+2.161629 abs_err=2.161629
INFO | EPOCH_229 | [B=42, T=8, D=9] true=1.529425 pred=3.690951 diff=+2.161526 abs_err=2.161526
INFO | EPOCH_229 | TOP 5 BEST/CORRECT masked points (smallest abs_err):
INFO | EPOCH_229 | [B=10, T=12, D=10] true=1.059245 pred=1.059220 diff=-0.000026 abs_err=0.000026
INFO | EPOCH_229 | [B=6, T=25, D=1] true=1.270752 pred=1.270703 diff=-0.000049 abs_err=0.000049
INFO | EPOCH_229 | [B=13, T=7, D=5] true=0.457535 pred=0.457589 diff=+0.000055 abs_err=0.000055
INFO | EPOCH_229 | [B=25, T=15, D=4] true=1.876271 pred=1.876338 diff=+0.000067 abs_err=0.000067
INFO | EPOCH_229 | [B=23, T=5, D=11] true=0.263811 pred=0.263736 diff=-0.000075 abs_err=0.000075
INFO | EPOCH_239 | RANDOM 15 masked points (true, pred, diff, abs_err):
INFO | EPOCH_239 | [B=4, T=25, D=4] true=1.274265 pred=1.396361 diff=+0.122096 abs_err=0.122096
INFO | EPOCH_239 | [B=25, T=20, D=4] true=1.466702 pred=1.422840 diff=-0.043862 abs_err=0.043862
INFO | EPOCH_239 | [B=48, T=25, D=11] true=0.124711 pred=0.457350 diff=+0.332639 abs_err=0.332639
INFO | EPOCH_239 | [B=35, T=27, D=4] true=1.498544 pred=2.054044 diff=+0.555499 abs_err=0.555499
INFO | EPOCH_239 | [B=26, T=5, D=11] true=0.494564 pred=0.478003 diff=-0.016561 abs_err=0.016561
INFO | EPOCH_239 | [B=1, T=25, D=2] true=0.516197 pred=0.483143 diff=-0.033054 abs_err=0.033054
INFO | EPOCH_239 | [B=39, T=24, D=8] true=1.312488 pred=1.268900 diff=-0.043589 abs_err=0.043589
INFO | EPOCH_239 | [B=52, T=6, D=9] true=1.136429 pred=1.231658 diff=+0.095229 abs_err=0.095229
INFO | EPOCH_239 | [B=6, T=6, D=3] true=3.293507 pred=3.395379 diff=+0.101872 abs_err=0.101872
INFO | EPOCH_239 | [B=15, T=24, D=4] true=1.427607 pred=1.432218 diff=+0.004611 abs_err=0.004611
INFO | EPOCH_239 | [B=20, T=1, D=4] true=1.491770 pred=1.434916 diff=-0.056854 abs_err=0.056854
INFO | EPOCH_239 | [B=42, T=21, D=8] true=0.486539 pred=0.255450 diff=-0.231089 abs_err=0.231089
INFO | EPOCH_239 | [B=36, T=7, D=0] true=2.297208 pred=2.327840 diff=+0.030632 abs_err=0.030632
INFO | EPOCH_239 | [B=13, T=11, D=1] true=1.418136 pred=1.515802 diff=+0.097666 abs_err=0.097666
INFO | EPOCH_239 | [B=57, T=8, D=7] true=1.568943 pred=1.342364 diff=-0.226579 abs_err=0.226579
INFO | EPOCH_239 | TOP 5 WORST masked points (largest abs_err):
INFO | EPOCH_239 | [B=7, T=3, D=0] true=5.087778 pred=2.453420 diff=-2.634358 abs_err=2.634358
INFO | EPOCH_239 | [B=7, T=3, D=2] true=2.372046 pred=0.094873 diff=-2.277173 abs_err=2.277173
INFO | EPOCH_239 | [B=58, T=19, D=6] true=3.603509 pred=1.351230 diff=-2.252279 abs_err=2.252279
INFO | EPOCH_239 | [B=60, T=8, D=6] true=1.323833 pred=3.505473 diff=+2.181640 abs_err=2.181640
INFO | EPOCH_239 | [B=60, T=21, D=6] true=1.315996 pred=3.491241 diff=+2.175245 abs_err=2.175245
INFO | EPOCH_239 | TOP 5 BEST/CORRECT masked points (smallest abs_err):
INFO | EPOCH_239 | [B=37, T=8, D=10] true=1.395824 pred=1.395792 diff=-0.000031 abs_err=0.000031
INFO | EPOCH_239 | [B=61, T=24, D=4] true=2.020574 pred=2.020525 diff=-0.000048 abs_err=0.000048
INFO | EPOCH_239 | [B=62, T=12, D=3] true=2.346106 pred=2.346179 diff=+0.000073 abs_err=0.000073
INFO | EPOCH_239 | [B=35, T=12, D=5] true=0.274588 pred=0.274504 diff=-0.000084 abs_err=0.000084
INFO | EPOCH_239 | [B=52, T=6, D=10] true=1.395317 pred=1.395402 diff=+0.000085 abs_err=0.000085
INFO | EPOCH_249 | RANDOM 15 masked points (true, pred, diff, abs_err):
INFO | EPOCH_249 | [B=20, T=7, D=0] true=3.552740 pred=3.475364 diff=-0.077376 abs_err=0.077376
INFO | EPOCH_249 | [B=50, T=10, D=2] true=0.349501 pred=0.135110 diff=-0.214391 abs_err=0.214391
INFO | EPOCH_249 | [B=56, T=4, D=3] true=2.641490 pred=2.641207 diff=-0.000283 abs_err=0.000283
INFO | EPOCH_249 | [B=30, T=17, D=1] true=2.399269 pred=2.249364 diff=-0.149905 abs_err=0.149905
INFO | EPOCH_249 | [B=14, T=0, D=6] true=4.613681 pred=4.814469 diff=+0.200788 abs_err=0.200788
INFO | EPOCH_249 | [B=54, T=9, D=9] true=3.277544 pred=3.291759 diff=+0.014216 abs_err=0.014216
INFO | EPOCH_249 | [B=0, T=0, D=8] true=0.435418 pred=0.339746 diff=-0.095673 abs_err=0.095673
INFO | EPOCH_249 | [B=5, T=12, D=10] true=-0.039075 pred=1.187299 diff=+1.226374 abs_err=1.226374
INFO | EPOCH_249 | [B=56, T=18, D=3] true=2.582533 pred=2.847808 diff=+0.265275 abs_err=0.265275
INFO | EPOCH_249 | [B=1, T=13, D=3] true=3.682382 pred=3.660191 diff=-0.022192 abs_err=0.022192
INFO | EPOCH_249 | [B=36, T=3, D=10] true=2.106117 pred=2.244705 diff=+0.138588 abs_err=0.138588
INFO | EPOCH_249 | [B=61, T=2, D=3] true=3.420981 pred=3.379015 diff=-0.041966 abs_err=0.041966
INFO | EPOCH_249 | [B=51, T=15, D=3] true=3.867124 pred=3.804224 diff=-0.062900 abs_err=0.062900
INFO | EPOCH_249 | [B=12, T=24, D=9] true=4.326332 pred=4.261534 diff=-0.064798 abs_err=0.064798
INFO | EPOCH_249 | [B=16, T=25, D=2] true=-0.141048 pred=0.143270 diff=+0.284318 abs_err=0.284318
INFO | EPOCH_249 | TOP 5 WORST masked points (largest abs_err):
INFO | EPOCH_249 | [B=25, T=9, D=9] true=3.972294 pred=1.673526 diff=-2.298769 abs_err=2.298769
INFO | EPOCH_249 | [B=29, T=4, D=10] true=0.463057 pred=2.406583 diff=+1.943527 abs_err=1.943527
INFO | EPOCH_249 | [B=29, T=7, D=10] true=0.487208 pred=2.416233 diff=+1.929024 abs_err=1.929024
INFO | EPOCH_249 | [B=41, T=26, D=9] true=3.495204 pred=1.619279 diff=-1.875925 abs_err=1.875925
INFO | EPOCH_249 | [B=35, T=24, D=9] true=3.480727 pred=1.642787 diff=-1.837939 abs_err=1.837939
INFO | EPOCH_249 | TOP 5 BEST/CORRECT masked points (smallest abs_err):
INFO | EPOCH_249 | [B=52, T=0, D=4] true=1.538367 pred=1.538404 diff=+0.000037 abs_err=0.000037
INFO | EPOCH_249 | [B=34, T=5, D=6] true=2.851695 pred=2.851646 diff=-0.000049 abs_err=0.000049
INFO | EPOCH_249 | [B=0, T=24, D=4] true=1.225029 pred=1.224980 diff=-0.000050 abs_err=0.000050
INFO | EPOCH_249 | [B=32, T=9, D=1] true=2.291811 pred=2.291735 diff=-0.000076 abs_err=0.000076
INFO | EPOCH_249 | [B=4, T=29, D=5] true=0.346485 pred=0.346409 diff=-0.000077 abs_err=0.000077
INFO | EPOCH_259 | RANDOM 15 masked points (true, pred, diff, abs_err):
INFO | EPOCH_259 | [B=36, T=13, D=8] true=0.463858 pred=0.312741 diff=-0.151117 abs_err=0.151117
INFO | EPOCH_259 | [B=12, T=29, D=0] true=2.753760 pred=2.705019 diff=-0.048741 abs_err=0.048741
INFO | EPOCH_259 | [B=12, T=30, D=11] true=0.300700 pred=0.319889 diff=+0.019189 abs_err=0.019189
INFO | EPOCH_259 | [B=25, T=23, D=5] true=0.188080 pred=0.015506 diff=-0.172574 abs_err=0.172574
INFO | EPOCH_259 | [B=20, T=28, D=9] true=2.718783 pred=2.169396 diff=-0.549387 abs_err=0.549387
INFO | EPOCH_259 | [B=29, T=28, D=6] true=4.883039 pred=4.499844 diff=-0.383194 abs_err=0.383194
INFO | EPOCH_259 | [B=43, T=19, D=4] true=1.740971 pred=1.084065 diff=-0.656906 abs_err=0.656906
INFO | EPOCH_259 | [B=1, T=28, D=7] true=1.344104 pred=1.352618 diff=+0.008513 abs_err=0.008513
INFO | EPOCH_259 | [B=44, T=30, D=6] true=1.684510 pred=2.254769 diff=+0.570259 abs_err=0.570259
INFO | EPOCH_259 | [B=0, T=30, D=6] true=3.425810 pred=3.118358 diff=-0.307452 abs_err=0.307452
INFO | EPOCH_259 | [B=10, T=31, D=9] true=1.746708 pred=1.743730 diff=-0.002978 abs_err=0.002978
INFO | EPOCH_259 | [B=53, T=16, D=4] true=2.392789 pred=2.317996 diff=-0.074792 abs_err=0.074792
INFO | EPOCH_259 | [B=20, T=5, D=3] true=2.317213 pred=1.781911 diff=-0.535302 abs_err=0.535302
INFO | EPOCH_259 | [B=35, T=0, D=6] true=2.400741 pred=2.333328 diff=-0.067413 abs_err=0.067413
INFO | EPOCH_259 | [B=24, T=23, D=2] true=0.394706 pred=0.349723 diff=-0.044983 abs_err=0.044983
INFO | EPOCH_259 | TOP 5 WORST masked points (largest abs_err):
INFO | EPOCH_259 | [B=28, T=19, D=11] true=-1.985981 pred=0.495687 diff=+2.481668 abs_err=2.481668
INFO | EPOCH_259 | [B=44, T=7, D=6] true=4.005664 pred=1.539508 diff=-2.466156 abs_err=2.466156
INFO | EPOCH_259 | [B=43, T=7, D=11] true=2.397161 pred=-0.050655 diff=-2.447816 abs_err=2.447816
INFO | EPOCH_259 | [B=9, T=8, D=6] true=3.547465 pred=1.138534 diff=-2.408932 abs_err=2.408932
INFO | EPOCH_259 | [B=9, T=18, D=6] true=3.577968 pred=1.174448 diff=-2.403520 abs_err=2.403520
INFO | EPOCH_259 | TOP 5 BEST/CORRECT masked points (smallest abs_err):
INFO | EPOCH_259 | [B=13, T=18, D=2] true=0.113100 pred=0.113096 diff=-0.000004 abs_err=0.000004
INFO | EPOCH_259 | [B=34, T=6, D=5] true=0.094743 pred=0.094794 diff=+0.000051 abs_err=0.000051
INFO | EPOCH_259 | [B=38, T=8, D=9] true=1.942862 pred=1.942946 diff=+0.000084 abs_err=0.000084
INFO | EPOCH_259 | [B=60, T=16, D=2] true=0.390931 pred=0.390834 diff=-0.000097 abs_err=0.000097
INFO | EPOCH_259 | [B=57, T=13, D=6] true=1.169178 pred=1.169051 diff=-0.000126 abs_err=0.000126
INFO | EPOCH_269 | RANDOM 15 masked points (true, pred, diff, abs_err):
INFO | EPOCH_269 | [B=17, T=12, D=1] true=1.437583 pred=1.402022 diff=-0.035560 abs_err=0.035560
INFO | EPOCH_269 | [B=12, T=2, D=0] true=3.235355 pred=3.162193 diff=-0.073162 abs_err=0.073162
INFO | EPOCH_269 | [B=26, T=26, D=5] true=0.522849 pred=0.274646 diff=-0.248203 abs_err=0.248203
INFO | EPOCH_269 | [B=18, T=18, D=1] true=1.423319 pred=1.391620 diff=-0.031699 abs_err=0.031699
INFO | EPOCH_269 | [B=28, T=2, D=9] true=4.086701 pred=3.859564 diff=-0.227137 abs_err=0.227137
INFO | EPOCH_269 | [B=43, T=22, D=1] true=1.488967 pred=1.477050 diff=-0.011917 abs_err=0.011917
INFO | EPOCH_269 | [B=41, T=3, D=6] true=2.742636 pred=2.778487 diff=+0.035851 abs_err=0.035851
INFO | EPOCH_269 | [B=18, T=17, D=7] true=1.160353 pred=0.970695 diff=-0.189658 abs_err=0.189658
INFO | EPOCH_269 | [B=19, T=15, D=3] true=3.357537 pred=3.346253 diff=-0.011284 abs_err=0.011284
INFO | EPOCH_269 | [B=17, T=29, D=11] true=0.525318 pred=0.488014 diff=-0.037304 abs_err=0.037304
INFO | EPOCH_269 | [B=43, T=9, D=6] true=2.727886 pred=2.748380 diff=+0.020494 abs_err=0.020494
INFO | EPOCH_269 | [B=6, T=9, D=7] true=1.873407 pred=1.545026 diff=-0.328381 abs_err=0.328381
INFO | EPOCH_269 | [B=4, T=30, D=6] true=1.941947 pred=1.941947 diff=+0.000001 abs_err=0.000001
INFO | EPOCH_269 | [B=58, T=7, D=0] true=2.444794 pred=2.663359 diff=+0.218564 abs_err=0.218564
INFO | EPOCH_269 | [B=31, T=20, D=4] true=2.210506 pred=2.227202 diff=+0.016695 abs_err=0.016695
INFO | EPOCH_269 | TOP 5 WORST masked points (largest abs_err):
INFO | EPOCH_269 | [B=26, T=8, D=6] true=1.595185 pred=4.288451 diff=+2.693266 abs_err=2.693266
INFO | EPOCH_269 | [B=14, T=11, D=6] true=0.115726 pred=2.552160 diff=+2.436435 abs_err=2.436435
INFO | EPOCH_269 | [B=63, T=15, D=6] true=0.098340 pred=2.533684 diff=+2.435344 abs_err=2.435344
INFO | EPOCH_269 | [B=14, T=5, D=6] true=0.146037 pred=2.581139 diff=+2.435103 abs_err=2.435103
INFO | EPOCH_269 | [B=53, T=1, D=10] true=3.218401 pred=0.792905 diff=-2.425495 abs_err=2.425495
INFO | EPOCH_269 | TOP 5 BEST/CORRECT masked points (smallest abs_err):
INFO | EPOCH_269 | [B=4, T=30, D=6] true=1.941947 pred=1.941947 diff=+0.000001 abs_err=0.000001
INFO | EPOCH_269 | [B=32, T=13, D=9] true=1.630268 pred=1.630258 diff=-0.000010 abs_err=0.000010
INFO | EPOCH_269 | [B=2, T=27, D=4] true=0.989101 pred=0.989111 diff=+0.000010 abs_err=0.000010
INFO | EPOCH_269 | [B=6, T=25, D=1] true=1.371563 pred=1.371552 diff=-0.000011 abs_err=0.000011
INFO | EPOCH_269 | [B=28, T=7, D=8] true=0.541114 pred=0.541145 diff=+0.000031 abs_err=0.000031
INFO | EPOCH_279 | RANDOM 15 masked points (true, pred, diff, abs_err):
INFO | EPOCH_279 | [B=6, T=23, D=4] true=1.651956 pred=1.772713 diff=+0.120756 abs_err=0.120756
INFO | EPOCH_279 | [B=49, T=27, D=6] true=4.308629 pred=4.088383 diff=-0.220246 abs_err=0.220246
INFO | EPOCH_279 | [B=40, T=18, D=2] true=0.362340 pred=0.262032 diff=-0.100309 abs_err=0.100309
INFO | EPOCH_279 | [B=33, T=31, D=5] true=0.347359 pred=0.234814 diff=-0.112546 abs_err=0.112546
INFO | EPOCH_279 | [B=8, T=7, D=6] true=1.642150 pred=1.360690 diff=-0.281460 abs_err=0.281460
INFO | EPOCH_279 | [B=23, T=18, D=3] true=2.940578 pred=2.919832 diff=-0.020746 abs_err=0.020746
INFO | EPOCH_279 | [B=41, T=16, D=10] true=1.300530 pred=1.245965 diff=-0.054565 abs_err=0.054565
INFO | EPOCH_279 | [B=27, T=18, D=11] true=0.659772 pred=0.563897 diff=-0.095875 abs_err=0.095875
INFO | EPOCH_279 | [B=61, T=13, D=9] true=2.823476 pred=2.775676 diff=-0.047800 abs_err=0.047800
INFO | EPOCH_279 | [B=63, T=9, D=2] true=-0.098447 pred=-0.096932 diff=+0.001515 abs_err=0.001515
INFO | EPOCH_279 | [B=58, T=0, D=0] true=3.268625 pred=3.187256 diff=-0.081369 abs_err=0.081369
INFO | EPOCH_279 | [B=57, T=21, D=7] true=1.203418 pred=1.369230 diff=+0.165812 abs_err=0.165812
INFO | EPOCH_279 | [B=53, T=12, D=8] true=0.642621 pred=0.486333 diff=-0.156288 abs_err=0.156288
INFO | EPOCH_279 | [B=9, T=29, D=9] true=1.367999 pred=2.142021 diff=+0.774023 abs_err=0.774023
INFO | EPOCH_279 | [B=34, T=25, D=9] true=4.170080 pred=4.136473 diff=-0.033607 abs_err=0.033607
INFO | EPOCH_279 | TOP 5 WORST masked points (largest abs_err):
INFO | EPOCH_279 | [B=47, T=24, D=6] true=1.678643 pred=4.422202 diff=+2.743559 abs_err=2.743559
INFO | EPOCH_279 | [B=47, T=28, D=9] true=1.413674 pred=4.023832 diff=+2.610158 abs_err=2.610158
INFO | EPOCH_279 | [B=7, T=7, D=0] true=3.767489 pred=1.325801 diff=-2.441688 abs_err=2.441688
INFO | EPOCH_279 | [B=15, T=17, D=9] true=3.643659 pred=1.473025 diff=-2.170634 abs_err=2.170634
INFO | EPOCH_279 | [B=0, T=28, D=9] true=3.682978 pred=1.544900 diff=-2.138078 abs_err=2.138078
INFO | EPOCH_279 | TOP 5 BEST/CORRECT masked points (smallest abs_err):
INFO | EPOCH_279 | [B=0, T=23, D=2] true=0.365194 pred=0.365193 diff=-0.000001 abs_err=0.000001
INFO | EPOCH_279 | [B=14, T=3, D=10] true=2.059200 pred=2.059192 diff=-0.000008 abs_err=0.000008
INFO | EPOCH_279 | [B=2, T=1, D=3] true=2.465080 pred=2.465050 diff=-0.000030 abs_err=0.000030
INFO | EPOCH_279 | [B=19, T=17, D=1] true=1.423823 pred=1.423861 diff=+0.000038 abs_err=0.000038
INFO | EPOCH_279 | [B=4, T=18, D=4] true=1.822969 pred=1.823030 diff=+0.000061 abs_err=0.000061
INFO | EPOCH_289 | RANDOM 15 masked points (true, pred, diff, abs_err):
INFO | EPOCH_289 | [B=43, T=17, D=4] true=1.389522 pred=1.346685 diff=-0.042837 abs_err=0.042837
INFO | EPOCH_289 | [B=1, T=26, D=5] true=0.807918 pred=0.469585 diff=-0.338332 abs_err=0.338332
INFO | EPOCH_289 | [B=51, T=8, D=10] true=0.444181 pred=1.328853 diff=+0.884672 abs_err=0.884672
INFO | EPOCH_289 | [B=46, T=16, D=0] true=2.763166 pred=2.741715 diff=-0.021450 abs_err=0.021450
INFO | EPOCH_289 | [B=44, T=1, D=6] true=5.097549 pred=4.483067 diff=-0.614482 abs_err=0.614482
INFO | EPOCH_289 | [B=7, T=13, D=11] true=0.311147 pred=0.289618 diff=-0.021529 abs_err=0.021529
INFO | EPOCH_289 | [B=28, T=1, D=1] true=1.958006 pred=1.663813 diff=-0.294192 abs_err=0.294192
INFO | EPOCH_289 | [B=10, T=18, D=3] true=3.540358 pred=3.139261 diff=-0.401098 abs_err=0.401098
INFO | EPOCH_289 | [B=52, T=25, D=5] true=0.245498 pred=-0.021721 diff=-0.267218 abs_err=0.267218
INFO | EPOCH_289 | [B=8, T=28, D=3] true=3.016558 pred=3.113481 diff=+0.096923 abs_err=0.096923
INFO | EPOCH_289 | [B=59, T=14, D=3] true=3.340621 pred=3.057949 diff=-0.282672 abs_err=0.282672
INFO | EPOCH_289 | [B=38, T=11, D=10] true=1.145172 pred=1.292022 diff=+0.146851 abs_err=0.146851
INFO | EPOCH_289 | [B=8, T=20, D=9] true=2.535703 pred=2.087169 diff=-0.448533 abs_err=0.448533
INFO | EPOCH_289 | [B=8, T=5, D=0] true=3.234412 pred=3.201094 diff=-0.033318 abs_err=0.033318
INFO | EPOCH_289 | [B=23, T=6, D=2] true=-0.198690 pred=-0.119767 diff=+0.078923 abs_err=0.078923
INFO | EPOCH_289 | TOP 5 WORST masked points (largest abs_err):
INFO | EPOCH_289 | [B=17, T=2, D=6] true=0.050544 pred=3.633068 diff=+3.582524 abs_err=3.582524
INFO | EPOCH_289 | [B=17, T=6, D=6] true=0.042953 pred=3.602937 diff=+3.559984 abs_err=3.559984
INFO | EPOCH_289 | [B=37, T=28, D=6] true=5.711285 pred=3.057909 diff=-2.653377 abs_err=2.653377
INFO | EPOCH_289 | [B=55, T=27, D=9] true=1.255944 pred=3.562919 diff=+2.306975 abs_err=2.306975
INFO | EPOCH_289 | [B=31, T=11, D=3] true=1.384696 pred=3.581749 diff=+2.197053 abs_err=2.197053
INFO | EPOCH_289 | TOP 5 BEST/CORRECT masked points (smallest abs_err):
INFO | EPOCH_289 | [B=27, T=2, D=2] true=0.071255 pred=0.071258 diff=+0.000003 abs_err=0.000003
INFO | EPOCH_289 | [B=16, T=23, D=11] true=0.557909 pred=0.557898 diff=-0.000011 abs_err=0.000011
INFO | EPOCH_289 | [B=61, T=18, D=7] true=1.787644 pred=1.787623 diff=-0.000021 abs_err=0.000021
INFO | EPOCH_289 | [B=50, T=21, D=11] true=0.424300 pred=0.424322 diff=+0.000022 abs_err=0.000022
INFO | EPOCH_289 | [B=6, T=17, D=10] true=1.464416 pred=1.464440 diff=+0.000024 abs_err=0.000024
INFO | EPOCH_299 | RANDOM 15 masked points (true, pred, diff, abs_err):
INFO | EPOCH_299 | [B=36, T=18, D=4] true=1.310390 pred=1.301580 diff=-0.008810 abs_err=0.008810
INFO | EPOCH_299 | [B=20, T=1, D=2] true=0.315824 pred=0.160706 diff=-0.155118 abs_err=0.155118
INFO | EPOCH_299 | [B=31, T=12, D=5] true=0.440633 pred=0.388016 diff=-0.052617 abs_err=0.052617
INFO | EPOCH_299 | [B=24, T=24, D=11] true=0.602358 pred=0.624853 diff=+0.022494 abs_err=0.022494
INFO | EPOCH_299 | [B=22, T=25, D=8] true=1.215994 pred=1.052719 diff=-0.163275 abs_err=0.163275
INFO | EPOCH_299 | [B=37, T=26, D=8] true=0.547959 pred=0.127269 diff=-0.420690 abs_err=0.420690
INFO | EPOCH_299 | [B=9, T=25, D=6] true=0.995186 pred=1.095890 diff=+0.100704 abs_err=0.100704
INFO | EPOCH_299 | [B=62, T=15, D=4] true=1.275380 pred=1.152905 diff=-0.122475 abs_err=0.122475
INFO | EPOCH_299 | [B=52, T=1, D=7] true=2.502379 pred=2.448476 diff=-0.053904 abs_err=0.053904
INFO | EPOCH_299 | [B=9, T=4, D=7] true=1.547132 pred=1.256158 diff=-0.290974 abs_err=0.290974
INFO | EPOCH_299 | [B=61, T=9, D=0] true=2.072005 pred=2.027990 diff=-0.044015 abs_err=0.044015
INFO | EPOCH_299 | [B=52, T=27, D=1] true=1.890891 pred=2.285838 diff=+0.394947 abs_err=0.394947
INFO | EPOCH_299 | [B=3, T=4, D=2] true=0.758276 pred=0.512995 diff=-0.245281 abs_err=0.245281
INFO | EPOCH_299 | [B=59, T=15, D=1] true=1.583770 pred=1.649331 diff=+0.065562 abs_err=0.065562
INFO | EPOCH_299 | [B=6, T=22, D=4] true=2.344697 pred=2.320582 diff=-0.024114 abs_err=0.024114
INFO | EPOCH_299 | TOP 5 WORST masked points (largest abs_err):
INFO | EPOCH_299 | [B=46, T=10, D=6] true=0.025506 pred=3.341107 diff=+3.315600 abs_err=3.315600
INFO | EPOCH_299 | [B=46, T=13, D=6] true=0.022954 pred=3.318657 diff=+3.295703 abs_err=3.295703
INFO | EPOCH_299 | [B=26, T=5, D=9] true=0.757862 pred=3.557858 diff=+2.799997 abs_err=2.799997
INFO | EPOCH_299 | [B=17, T=16, D=6] true=3.318204 pred=1.018099 diff=-2.300105 abs_err=2.300105
INFO | EPOCH_299 | [B=10, T=5, D=9] true=3.700634 pred=1.432721 diff=-2.267913 abs_err=2.267913
INFO | EPOCH_299 | TOP 5 BEST/CORRECT masked points (smallest abs_err):
INFO | EPOCH_299 | [B=21, T=30, D=11] true=0.699548 pred=0.699544 diff=-0.000004 abs_err=0.000004
INFO | EPOCH_299 | [B=20, T=9, D=11] true=0.654124 pred=0.654171 diff=+0.000047 abs_err=0.000047
INFO | EPOCH_299 | [B=0, T=2, D=7] true=1.219202 pred=1.219146 diff=-0.000056 abs_err=0.000056
INFO | EPOCH_299 | [B=1, T=23, D=2] true=0.509009 pred=0.509068 diff=+0.000059 abs_err=0.000059
INFO | EPOCH_299 | [B=0, T=12, D=6] true=1.097473 pred=1.097390 diff=-0.000083 abs_err=0.000083
INFO | EPOCH_009 | RANDOM 15 masked points (true, pred, diff, abs_err):
INFO | EPOCH_009 | [B=27, T=10, D=0] true=3.497432 pred=3.534691 diff=+0.037259 abs_err=0.037259
INFO | EPOCH_009 | [B=13, T=14, D=1] true=1.382381 pred=1.362057 diff=-0.020323 abs_err=0.020323
INFO | EPOCH_009 | [B=61, T=8, D=2] true=0.335993 pred=0.403845 diff=+0.067852 abs_err=0.067852
INFO | EPOCH_009 | [B=42, T=1, D=6] true=3.097621 pred=3.187025 diff=+0.089404 abs_err=0.089404
INFO | EPOCH_009 | [B=45, T=9, D=4] true=2.056696 pred=1.898713 diff=-0.157983 abs_err=0.157983
INFO | EPOCH_009 | [B=20, T=3, D=1] true=1.299790 pred=1.217495 diff=-0.082296 abs_err=0.082296
INFO | EPOCH_009 | [B=52, T=5, D=0] true=2.488270 pred=2.766130 diff=+0.277860 abs_err=0.277860
INFO | EPOCH_009 | [B=0, T=3, D=1] true=1.189205 pred=1.287240 diff=+0.098035 abs_err=0.098035
INFO | EPOCH_009 | [B=58, T=29, D=4] true=0.925389 pred=1.129623 diff=+0.204234 abs_err=0.204234
INFO | EPOCH_009 | [B=61, T=26, D=6] true=1.294461 pred=1.147100 diff=-0.147361 abs_err=0.147361
INFO | EPOCH_009 | [B=50, T=4, D=2] true=0.364383 pred=0.327490 diff=-0.036893 abs_err=0.036893
INFO | EPOCH_009 | [B=16, T=13, D=2] true=0.360005 pred=0.294930 diff=-0.065076 abs_err=0.065076
INFO | EPOCH_009 | [B=1, T=0, D=4] true=1.991915 pred=2.198303 diff=+0.206387 abs_err=0.206387
INFO | EPOCH_009 | [B=28, T=17, D=4] true=0.889914 pred=0.958865 diff=+0.068951 abs_err=0.068951
INFO | EPOCH_009 | [B=27, T=11, D=7] true=1.593351 pred=1.589053 diff=-0.004297 abs_err=0.004297
INFO | EPOCH_009 | TOP 5 WORST masked points (largest abs_err):
INFO | EPOCH_009 | [B=26, T=8, D=6] true=1.595185 pred=4.495787 diff=+2.900602 abs_err=2.900602
INFO | EPOCH_009 | [B=44, T=20, D=6] true=0.108967 pred=2.818708 diff=+2.709741 abs_err=2.709741
INFO | EPOCH_009 | [B=44, T=18, D=6] true=0.127504 pred=2.814417 diff=+2.686912 abs_err=2.686912
INFO | EPOCH_009 | [B=16, T=0, D=6] true=3.570038 pred=1.044801 diff=-2.525237 abs_err=2.525237
INFO | EPOCH_009 | [B=18, T=11, D=6] true=3.456601 pred=0.987891 diff=-2.468710 abs_err=2.468710
INFO | EPOCH_009 | TOP 5 BEST/CORRECT masked points (smallest abs_err):
INFO | EPOCH_009 | [B=63, T=18, D=3] true=3.966936 pred=3.966941 diff=+0.000005 abs_err=0.000005
INFO | EPOCH_009 | [B=5, T=15, D=2] true=0.147622 pred=0.147647 diff=+0.000025 abs_err=0.000025
INFO | EPOCH_009 | [B=12, T=21, D=1] true=1.383111 pred=1.383159 diff=+0.000048 abs_err=0.000048
INFO | EPOCH_009 | [B=52, T=24, D=3] true=2.766205 pred=2.766279 diff=+0.000074 abs_err=0.000074
INFO | EPOCH_009 | [B=37, T=18, D=3] true=2.183439 pred=2.183515 diff=+0.000076 abs_err=0.000076
INFO | EPOCH_019 | RANDOM 15 masked points (true, pred, diff, abs_err):
INFO | EPOCH_019 | [B=47, T=11, D=11] true=0.186275 pred=0.282412 diff=+0.096137 abs_err=0.096137
INFO | EPOCH_019 | [B=40, T=11, D=11] true=-0.111107 pred=0.215929 diff=+0.327036 abs_err=0.327036
INFO | EPOCH_019 | [B=46, T=11, D=11] true=-0.042275 pred=0.009800 diff=+0.052075 abs_err=0.052075
INFO | EPOCH_019 | [B=20, T=30, D=6] true=2.801849 pred=2.923793 diff=+0.121944 abs_err=0.121944
INFO | EPOCH_019 | [B=20, T=9, D=2] true=0.447655 pred=0.408541 diff=-0.039114 abs_err=0.039114
INFO | EPOCH_019 | [B=36, T=19, D=7] true=1.898492 pred=2.054694 diff=+0.156203 abs_err=0.156203
INFO | EPOCH_019 | [B=56, T=0, D=11] true=0.674248 pred=0.725250 diff=+0.051002 abs_err=0.051002
INFO | EPOCH_019 | [B=34, T=24, D=4] true=1.699327 pred=1.956012 diff=+0.256686 abs_err=0.256686
INFO | EPOCH_019 | [B=62, T=6, D=1] true=1.824339 pred=1.788357 diff=-0.035982 abs_err=0.035982
INFO | EPOCH_019 | [B=33, T=10, D=0] true=2.387957 pred=2.510601 diff=+0.122644 abs_err=0.122644
INFO | EPOCH_019 | [B=59, T=1, D=9] true=2.017721 pred=1.947118 diff=-0.070603 abs_err=0.070603
INFO | EPOCH_019 | [B=33, T=4, D=1] true=2.087074 pred=2.260528 diff=+0.173454 abs_err=0.173454
INFO | EPOCH_019 | [B=49, T=13, D=11] true=2.273408 pred=1.077628 diff=-1.195780 abs_err=1.195780
INFO | EPOCH_019 | [B=33, T=18, D=5] true=0.372655 pred=0.340800 diff=-0.031855 abs_err=0.031855
INFO | EPOCH_019 | [B=19, T=7, D=1] true=1.328653 pred=1.440602 diff=+0.111949 abs_err=0.111949
INFO | EPOCH_019 | TOP 5 WORST masked points (largest abs_err):
INFO | EPOCH_019 | [B=47, T=24, D=6] true=1.678643 pred=4.619699 diff=+2.941057 abs_err=2.941057
INFO | EPOCH_019 | [B=14, T=11, D=6] true=0.115726 pred=2.991799 diff=+2.876073 abs_err=2.876073
INFO | EPOCH_019 | [B=14, T=5, D=6] true=0.146037 pred=2.985576 diff=+2.839539 abs_err=2.839539
INFO | EPOCH_019 | [B=47, T=28, D=9] true=1.413674 pred=4.233227 diff=+2.819553 abs_err=2.819553
INFO | EPOCH_019 | [B=53, T=1, D=11] true=-1.173275 pred=1.539283 diff=+2.712558 abs_err=2.712558
INFO | EPOCH_019 | TOP 5 BEST/CORRECT masked points (smallest abs_err):
INFO | EPOCH_019 | [B=63, T=0, D=11] true=0.429740 pred=0.429736 diff=-0.000004 abs_err=0.000004
INFO | EPOCH_019 | [B=21, T=25, D=0] true=2.685647 pred=2.685627 diff=-0.000020 abs_err=0.000020
INFO | EPOCH_019 | [B=23, T=31, D=0] true=2.671850 pred=2.671822 diff=-0.000028 abs_err=0.000028
INFO | EPOCH_019 | [B=22, T=21, D=10] true=2.344250 pred=2.344206 diff=-0.000044 abs_err=0.000044
INFO | EPOCH_019 | [B=7, T=3, D=7] true=1.436778 pred=1.436727 diff=-0.000051 abs_err=0.000051
INFO | EPOCH_029 | RANDOM 15 masked points (true, pred, diff, abs_err):
INFO | EPOCH_029 | [B=25, T=1, D=1] true=1.701264 pred=1.678587 diff=-0.022677 abs_err=0.022677
INFO | EPOCH_029 | [B=0, T=21, D=11] true=0.569251 pred=0.783040 diff=+0.213789 abs_err=0.213789
INFO | EPOCH_029 | [B=16, T=16, D=0] true=2.314398 pred=2.401833 diff=+0.087435 abs_err=0.087435
INFO | EPOCH_029 | [B=22, T=6, D=3] true=2.425226 pred=2.573876 diff=+0.148650 abs_err=0.148650
INFO | EPOCH_029 | [B=13, T=19, D=11] true=0.551642 pred=0.540170 diff=-0.011472 abs_err=0.011472
INFO | EPOCH_029 | [B=48, T=18, D=8] true=0.800642 pred=0.796611 diff=-0.004031 abs_err=0.004031
INFO | EPOCH_029 | [B=15, T=1, D=3] true=3.144182 pred=3.172228 diff=+0.028046 abs_err=0.028046
INFO | EPOCH_029 | [B=29, T=9, D=2] true=-0.106058 pred=-0.058635 diff=+0.047423 abs_err=0.047423
INFO | EPOCH_029 | [B=18, T=12, D=4] true=2.075572 pred=2.049107 diff=-0.026465 abs_err=0.026465
INFO | EPOCH_029 | [B=37, T=28, D=3] true=2.773632 pred=2.749490 diff=-0.024142 abs_err=0.024142
INFO | EPOCH_029 | [B=43, T=25, D=10] true=1.917692 pred=1.995053 diff=+0.077361 abs_err=0.077361
INFO | EPOCH_029 | [B=59, T=17, D=5] true=0.433248 pred=0.357551 diff=-0.075697 abs_err=0.075697
INFO | EPOCH_029 | [B=57, T=9, D=9] true=2.818044 pred=2.997392 diff=+0.179348 abs_err=0.179348
INFO | EPOCH_029 | [B=15, T=13, D=10] true=1.327280 pred=1.335938 diff=+0.008658 abs_err=0.008658
INFO | EPOCH_029 | [B=40, T=22, D=9] true=1.594028 pred=1.591724 diff=-0.002303 abs_err=0.002303
INFO | EPOCH_029 | TOP 5 WORST masked points (largest abs_err):
INFO | EPOCH_029 | [B=55, T=27, D=9] true=1.255944 pred=3.628083 diff=+2.372139 abs_err=2.372139
INFO | EPOCH_029 | [B=45, T=4, D=0] true=0.990548 pred=3.227796 diff=+2.237248 abs_err=2.237248
INFO | EPOCH_029 | [B=0, T=28, D=9] true=3.682978 pred=1.489327 diff=-2.193650 abs_err=2.193650
INFO | EPOCH_029 | [B=15, T=17, D=9] true=3.643659 pred=1.498038 diff=-2.145620 abs_err=2.145620
INFO | EPOCH_029 | [B=8, T=0, D=9] true=3.707034 pred=1.609055 diff=-2.097979 abs_err=2.097979
INFO | EPOCH_029 | TOP 5 BEST/CORRECT masked points (smallest abs_err):
INFO | EPOCH_029 | [B=21, T=9, D=4] true=2.040959 pred=2.040973 diff=+0.000014 abs_err=0.000014
INFO | EPOCH_029 | [B=40, T=27, D=5] true=0.421275 pred=0.421293 diff=+0.000019 abs_err=0.000019
INFO | EPOCH_029 | [B=41, T=30, D=4] true=1.071670 pred=1.071689 diff=+0.000020 abs_err=0.000020
INFO | EPOCH_029 | [B=36, T=9, D=2] true=0.480594 pred=0.480619 diff=+0.000025 abs_err=0.000025
INFO | EPOCH_029 | [B=11, T=26, D=1] true=2.760505 pred=2.760457 diff=-0.000048 abs_err=0.000048
INFO | EPOCH_039 | RANDOM 15 masked points (true, pred, diff, abs_err):
INFO | EPOCH_039 | [B=21, T=23, D=3] true=3.189170 pred=3.200407 diff=+0.011238 abs_err=0.011238
INFO | EPOCH_039 | [B=0, T=28, D=0] true=2.812397 pred=2.811464 diff=-0.000934 abs_err=0.000934
INFO | EPOCH_039 | [B=57, T=6, D=1] true=1.640192 pred=1.168750 diff=-0.471442 abs_err=0.471442
INFO | EPOCH_039 | [B=34, T=6, D=1] true=1.857864 pred=1.877310 diff=+0.019446 abs_err=0.019446
INFO | EPOCH_039 | [B=44, T=3, D=0] true=3.240793 pred=3.490111 diff=+0.249319 abs_err=0.249319
INFO | EPOCH_039 | [B=38, T=4, D=8] true=0.042898 pred=0.162806 diff=+0.119908 abs_err=0.119908
INFO | EPOCH_039 | [B=55, T=25, D=1] true=1.232303 pred=1.256267 diff=+0.023964 abs_err=0.023964
INFO | EPOCH_039 | [B=28, T=3, D=7] true=2.617126 pred=2.576805 diff=-0.040321 abs_err=0.040321
INFO | EPOCH_039 | [B=24, T=18, D=8] true=1.004797 pred=1.010944 diff=+0.006146 abs_err=0.006146
INFO | EPOCH_039 | [B=24, T=28, D=8] true=0.990347 pred=1.010875 diff=+0.020527 abs_err=0.020527
INFO | EPOCH_039 | [B=35, T=20, D=10] true=2.048369 pred=1.897257 diff=-0.151112 abs_err=0.151112
INFO | EPOCH_039 | [B=20, T=24, D=6] true=1.920727 pred=1.688998 diff=-0.231729 abs_err=0.231729
INFO | EPOCH_039 | [B=61, T=15, D=5] true=0.949160 pred=0.833604 diff=-0.115556 abs_err=0.115556
INFO | EPOCH_039 | [B=9, T=11, D=7] true=2.309995 pred=2.494180 diff=+0.184185 abs_err=0.184185
INFO | EPOCH_039 | [B=47, T=0, D=8] true=1.113854 pred=1.241787 diff=+0.127932 abs_err=0.127932
INFO | EPOCH_039 | TOP 5 WORST masked points (largest abs_err):
INFO | EPOCH_039 | [B=17, T=6, D=6] true=0.042953 pred=3.764502 diff=+3.721550 abs_err=3.721550
INFO | EPOCH_039 | [B=17, T=2, D=6] true=0.050544 pred=3.764283 diff=+3.713739 abs_err=3.713739
INFO | EPOCH_039 | [B=46, T=13, D=6] true=0.022954 pred=3.454985 diff=+3.432031 abs_err=3.432031
INFO | EPOCH_039 | [B=46, T=10, D=6] true=0.025506 pred=3.455093 diff=+3.429587 abs_err=3.429587
INFO | EPOCH_039 | [B=37, T=28, D=6] true=5.711285 pred=3.265522 diff=-2.445763 abs_err=2.445763
INFO | EPOCH_039 | TOP 5 BEST/CORRECT masked points (smallest abs_err):
INFO | EPOCH_039 | [B=58, T=10, D=1] true=1.226772 pred=1.226719 diff=-0.000054 abs_err=0.000054
INFO | EPOCH_039 | [B=32, T=1, D=9] true=2.917140 pred=2.917204 diff=+0.000064 abs_err=0.000064
INFO | EPOCH_039 | [B=36, T=4, D=2] true=0.192431 pred=0.192362 diff=-0.000069 abs_err=0.000069
INFO | EPOCH_039 | [B=20, T=13, D=0] true=1.716218 pred=1.716291 diff=+0.000073 abs_err=0.000073
INFO | EPOCH_039 | [B=28, T=19, D=7] true=1.442681 pred=1.442765 diff=+0.000085 abs_err=0.000085
INFO | EPOCH_049 | RANDOM 15 masked points (true, pred, diff, abs_err):
INFO | EPOCH_049 | [B=26, T=28, D=3] true=3.758737 pred=3.899743 diff=+0.141007 abs_err=0.141007
INFO | EPOCH_049 | [B=14, T=21, D=8] true=0.702296 pred=0.853739 diff=+0.151443 abs_err=0.151443
INFO | EPOCH_049 | [B=8, T=21, D=9] true=1.791509 pred=1.845398 diff=+0.053889 abs_err=0.053889
INFO | EPOCH_049 | [B=45, T=28, D=9] true=3.174787 pred=3.402025 diff=+0.227237 abs_err=0.227237
INFO | EPOCH_049 | [B=50, T=24, D=4] true=1.381427 pred=1.733857 diff=+0.352431 abs_err=0.352431
INFO | EPOCH_049 | [B=7, T=9, D=6] true=3.288005 pred=3.300859 diff=+0.012854 abs_err=0.012854
INFO | EPOCH_049 | [B=40, T=4, D=0] true=2.469965 pred=2.481894 diff=+0.011929 abs_err=0.011929
INFO | EPOCH_049 | [B=39, T=11, D=2] true=0.407219 pred=0.432757 diff=+0.025538 abs_err=0.025538
INFO | EPOCH_049 | [B=53, T=23, D=10] true=1.610218 pred=1.477015 diff=-0.133203 abs_err=0.133203
INFO | EPOCH_049 | [B=25, T=6, D=3] true=3.258336 pred=2.981452 diff=-0.276884 abs_err=0.276884
INFO | EPOCH_049 | [B=35, T=12, D=10] true=2.429111 pred=2.350088 diff=-0.079023 abs_err=0.079023
INFO | EPOCH_049 | [B=9, T=28, D=9] true=3.469590 pred=3.538695 diff=+0.069104 abs_err=0.069104
INFO | EPOCH_049 | [B=58, T=26, D=11] true=0.391456 pred=0.359735 diff=-0.031721 abs_err=0.031721
INFO | EPOCH_049 | [B=48, T=7, D=1] true=2.273562 pred=2.428139 diff=+0.154577 abs_err=0.154577
INFO | EPOCH_049 | [B=38, T=32, D=6] true=1.254677 pred=1.186693 diff=-0.067983 abs_err=0.067983
INFO | EPOCH_049 | TOP 5 WORST masked points (largest abs_err):
INFO | EPOCH_049 | [B=26, T=5, D=9] true=0.757862 pred=3.604756 diff=+2.846894 abs_err=2.846894
INFO | EPOCH_049 | [B=49, T=14, D=10] true=0.506230 pred=2.822016 diff=+2.315787 abs_err=2.315787
INFO | EPOCH_049 | [B=49, T=14, D=11] true=2.130419 pred=-0.077925 diff=-2.208344 abs_err=2.208344
INFO | EPOCH_049 | [B=53, T=23, D=9] true=3.769167 pred=1.566454 diff=-2.202713 abs_err=2.202713
INFO | EPOCH_049 | [B=53, T=25, D=9] true=3.762194 pred=1.567546 diff=-2.194648 abs_err=2.194648
INFO | EPOCH_049 | TOP 5 BEST/CORRECT masked points (smallest abs_err):
INFO | EPOCH_049 | [B=41, T=0, D=7] true=2.523508 pred=2.523541 diff=+0.000034 abs_err=0.000034
INFO | EPOCH_049 | [B=16, T=19, D=8] true=0.817102 pred=0.817060 diff=-0.000043 abs_err=0.000043
INFO | EPOCH_049 | [B=54, T=2, D=10] true=1.472071 pred=1.472140 diff=+0.000069 abs_err=0.000069
INFO | EPOCH_049 | [B=31, T=3, D=3] true=3.190767 pred=3.190675 diff=-0.000093 abs_err=0.000093
INFO | EPOCH_049 | [B=33, T=0, D=0] true=2.488919 pred=2.489023 diff=+0.000103 abs_err=0.000103
INFO | EPOCH_059 | RANDOM 15 masked points (true, pred, diff, abs_err):
INFO | EPOCH_059 | [B=36, T=29, D=9] true=3.843127 pred=3.916778 diff=+0.073652 abs_err=0.073652
INFO | EPOCH_059 | [B=39, T=3, D=1] true=1.729036 pred=1.710317 diff=-0.018719 abs_err=0.018719
INFO | EPOCH_059 | [B=51, T=14, D=10] true=1.374384 pred=1.449496 diff=+0.075112 abs_err=0.075112
INFO | EPOCH_059 | [B=34, T=20, D=11] true=0.294545 pred=0.235308 diff=-0.059237 abs_err=0.059237
INFO | EPOCH_059 | [B=15, T=1, D=1] true=1.407985 pred=1.429980 diff=+0.021995 abs_err=0.021995
INFO | EPOCH_059 | [B=33, T=18, D=0] true=2.771213 pred=2.780373 diff=+0.009160 abs_err=0.009160
INFO | EPOCH_059 | [B=18, T=0, D=3] true=3.418831 pred=3.469201 diff=+0.050370 abs_err=0.050370
INFO | EPOCH_059 | [B=58, T=1, D=9] true=2.801842 pred=2.876242 diff=+0.074401 abs_err=0.074401
INFO | EPOCH_059 | [B=41, T=19, D=3] true=3.409420 pred=3.302682 diff=-0.106738 abs_err=0.106738
INFO | EPOCH_059 | [B=37, T=12, D=7] true=2.441355 pred=2.309499 diff=-0.131856 abs_err=0.131856
INFO | EPOCH_059 | [B=4, T=12, D=4] true=1.492349 pred=1.298643 diff=-0.193706 abs_err=0.193706
INFO | EPOCH_059 | [B=4, T=3, D=0] true=2.747998 pred=2.876666 diff=+0.128668 abs_err=0.128668
INFO | EPOCH_059 | [B=17, T=18, D=0] true=3.196224 pred=3.337133 diff=+0.140908 abs_err=0.140908
INFO | EPOCH_059 | [B=26, T=1, D=0] true=2.152460 pred=2.277856 diff=+0.125396 abs_err=0.125396
INFO | EPOCH_059 | [B=18, T=19, D=5] true=0.482474 pred=0.447261 diff=-0.035212 abs_err=0.035212
INFO | EPOCH_059 | TOP 5 WORST masked points (largest abs_err):
INFO | EPOCH_059 | [B=35, T=20, D=3] true=0.534949 pred=3.279740 diff=+2.744791 abs_err=2.744791
INFO | EPOCH_059 | [B=63, T=23, D=3] true=1.364607 pred=3.550127 diff=+2.185519 abs_err=2.185519
INFO | EPOCH_059 | [B=1, T=15, D=3] true=1.012525 pred=3.147622 diff=+2.135096 abs_err=2.135096
INFO | EPOCH_059 | [B=51, T=24, D=6] true=3.759710 pred=1.636199 diff=-2.123512 abs_err=2.123512
INFO | EPOCH_059 | [B=46, T=14, D=2] true=2.224028 pred=0.110610 diff=-2.113418 abs_err=2.113418
INFO | EPOCH_059 | TOP 5 BEST/CORRECT masked points (smallest abs_err):
INFO | EPOCH_059 | [B=55, T=13, D=2] true=0.232254 pred=0.232264 diff=+0.000010 abs_err=0.000010
INFO | EPOCH_059 | [B=14, T=14, D=3] true=3.430295 pred=3.430305 diff=+0.000010 abs_err=0.000010
INFO | EPOCH_059 | [B=47, T=3, D=10] true=1.683889 pred=1.683872 diff=-0.000016 abs_err=0.000016
INFO | EPOCH_059 | [B=4, T=25, D=3] true=2.933331 pred=2.933356 diff=+0.000024 abs_err=0.000024
INFO | EPOCH_059 | [B=34, T=23, D=1] true=2.403344 pred=2.403309 diff=-0.000036 abs_err=0.000036
INFO | EPOCH_069 | RANDOM 15 masked points (true, pred, diff, abs_err):
INFO | EPOCH_069 | [B=41, T=9, D=6] true=2.015423 pred=2.020004 diff=+0.004581 abs_err=0.004581
INFO | EPOCH_069 | [B=56, T=22, D=0] true=2.889475 pred=2.908804 diff=+0.019329 abs_err=0.019329
INFO | EPOCH_069 | [B=61, T=11, D=0] true=2.597404 pred=2.830879 diff=+0.233474 abs_err=0.233474
INFO | EPOCH_069 | [B=34, T=21, D=11] true=0.890773 pred=0.738596 diff=-0.152177 abs_err=0.152177
INFO | EPOCH_069 | [B=62, T=29, D=10] true=1.365183 pred=1.481770 diff=+0.116587 abs_err=0.116587
INFO | EPOCH_069 | [B=4, T=3, D=9] true=2.866201 pred=2.931529 diff=+0.065327 abs_err=0.065327
INFO | EPOCH_069 | [B=10, T=14, D=2] true=0.417585 pred=0.451081 diff=+0.033496 abs_err=0.033496
INFO | EPOCH_069 | [B=55, T=7, D=9] true=1.778463 pred=2.864434 diff=+1.085971 abs_err=1.085971
INFO | EPOCH_069 | [B=4, T=14, D=4] true=1.581067 pred=1.667354 diff=+0.086287 abs_err=0.086287
INFO | EPOCH_069 | [B=40, T=1, D=0] true=2.798493 pred=2.795017 diff=-0.003475 abs_err=0.003475
INFO | EPOCH_069 | [B=56, T=18, D=1] true=2.394830 pred=2.285764 diff=-0.109066 abs_err=0.109066
INFO | EPOCH_069 | [B=0, T=24, D=8] true=0.941494 pred=0.955960 diff=+0.014466 abs_err=0.014466
INFO | EPOCH_069 | [B=25, T=19, D=10] true=1.275991 pred=1.330003 diff=+0.054012 abs_err=0.054012
INFO | EPOCH_069 | [B=47, T=32, D=10] true=2.406557 pred=2.351257 diff=-0.055300 abs_err=0.055300
INFO | EPOCH_069 | [B=21, T=18, D=3] true=3.834226 pred=3.471780 diff=-0.362446 abs_err=0.362446
INFO | EPOCH_069 | TOP 5 WORST masked points (largest abs_err):
INFO | EPOCH_069 | [B=7, T=3, D=0] true=5.087778 pred=2.434132 diff=-2.653646 abs_err=2.653646
INFO | EPOCH_069 | [B=60, T=21, D=6] true=1.315996 pred=3.914556 diff=+2.598560 abs_err=2.598560
INFO | EPOCH_069 | [B=60, T=8, D=6] true=1.323833 pred=3.917953 diff=+2.594121 abs_err=2.594121
INFO | EPOCH_069 | [B=60, T=15, D=6] true=1.323426 pred=3.916651 diff=+2.593225 abs_err=2.593225
INFO | EPOCH_069 | [B=60, T=28, D=6] true=1.497608 pred=3.911658 diff=+2.414050 abs_err=2.414050
INFO | EPOCH_069 | TOP 5 BEST/CORRECT masked points (smallest abs_err):
INFO | EPOCH_069 | [B=22, T=13, D=1] true=1.952844 pred=1.952846 diff=+0.000002 abs_err=0.000002
INFO | EPOCH_069 | [B=16, T=9, D=7] true=1.406027 pred=1.406032 diff=+0.000005 abs_err=0.000005
INFO | EPOCH_069 | [B=23, T=23, D=2] true=0.183160 pred=0.183155 diff=-0.000005 abs_err=0.000005
INFO | EPOCH_069 | [B=48, T=12, D=4] true=1.522900 pred=1.522923 diff=+0.000023 abs_err=0.000023
INFO | EPOCH_069 | [B=2, T=2, D=8] true=0.900953 pred=0.900918 diff=-0.000035 abs_err=0.000035
INFO | EPOCH_079 | RANDOM 15 masked points (true, pred, diff, abs_err):
INFO | EPOCH_079 | [B=41, T=10, D=3] true=3.265178 pred=3.352919 diff=+0.087741 abs_err=0.087741
INFO | EPOCH_079 | [B=5, T=9, D=7] true=1.590597 pred=1.649383 diff=+0.058786 abs_err=0.058786
INFO | EPOCH_079 | [B=45, T=17, D=3] true=3.503987 pred=3.420244 diff=-0.083743 abs_err=0.083743
INFO | EPOCH_079 | [B=8, T=5, D=1] true=1.568704 pred=1.383222 diff=-0.185482 abs_err=0.185482
INFO | EPOCH_079 | [B=29, T=28, D=3] true=3.293267 pred=3.314817 diff=+0.021550 abs_err=0.021550
INFO | EPOCH_079 | [B=63, T=12, D=4] true=1.229982 pred=1.309970 diff=+0.079988 abs_err=0.079988
INFO | EPOCH_079 | [B=5, T=14, D=3] true=3.696794 pred=3.667909 diff=-0.028885 abs_err=0.028885
INFO | EPOCH_079 | [B=13, T=10, D=1] true=2.049051 pred=1.717346 diff=-0.331705 abs_err=0.331705
INFO | EPOCH_079 | [B=11, T=27, D=7] true=1.582979 pred=1.646599 diff=+0.063620 abs_err=0.063620
INFO | EPOCH_079 | [B=57, T=8, D=8] true=0.700104 pred=0.718724 diff=+0.018620 abs_err=0.018620
INFO | EPOCH_079 | [B=61, T=21, D=3] true=3.707058 pred=3.614974 diff=-0.092084 abs_err=0.092084
INFO | EPOCH_079 | [B=38, T=23, D=10] true=2.412222 pred=2.315304 diff=-0.096919 abs_err=0.096919
INFO | EPOCH_079 | [B=4, T=22, D=4] true=1.270667 pred=1.323481 diff=+0.052814 abs_err=0.052814
INFO | EPOCH_079 | [B=3, T=13, D=7] true=1.521106 pred=1.551483 diff=+0.030377 abs_err=0.030377
INFO | EPOCH_079 | [B=47, T=25, D=3] true=3.587625 pred=3.587022 diff=-0.000603 abs_err=0.000603
INFO | EPOCH_079 | TOP 5 WORST masked points (largest abs_err):
INFO | EPOCH_079 | [B=25, T=9, D=9] true=3.972294 pred=1.825310 diff=-2.146984 abs_err=2.146984
INFO | EPOCH_079 | [B=35, T=24, D=9] true=3.480727 pred=1.635954 diff=-1.844773 abs_err=1.844773
INFO | EPOCH_079 | [B=41, T=26, D=9] true=3.495204 pred=1.656864 diff=-1.838340 abs_err=1.838340
INFO | EPOCH_079 | [B=29, T=4, D=10] true=0.463057 pred=2.291101 diff=+1.828044 abs_err=1.828044
INFO | EPOCH_079 | [B=29, T=7, D=10] true=0.487208 pred=2.288648 diff=+1.801440 abs_err=1.801440
INFO | EPOCH_079 | TOP 5 BEST/CORRECT masked points (smallest abs_err):
INFO | EPOCH_079 | [B=37, T=21, D=4] true=1.434140 pred=1.434140 diff=-0.000000 abs_err=0.000000
INFO | EPOCH_079 | [B=51, T=10, D=11] true=0.658504 pred=0.658477 diff=-0.000026 abs_err=0.000026
INFO | EPOCH_079 | [B=63, T=30, D=1] true=1.909250 pred=1.909220 diff=-0.000030 abs_err=0.000030
INFO | EPOCH_079 | [B=15, T=17, D=9] true=4.222391 pred=4.222344 diff=-0.000047 abs_err=0.000047
INFO | EPOCH_079 | [B=40, T=10, D=3] true=2.631340 pred=2.631257 diff=-0.000083 abs_err=0.000083
INFO | EPOCH_089 | RANDOM 15 masked points (true, pred, diff, abs_err):
INFO | EPOCH_089 | [B=0, T=27, D=4] true=1.682811 pred=1.472421 diff=-0.210391 abs_err=0.210391
INFO | EPOCH_089 | [B=1, T=19, D=5] true=-0.323044 pred=0.007613 diff=+0.330657 abs_err=0.330657
INFO | EPOCH_089 | [B=57, T=29, D=11] true=0.460244 pred=0.450411 diff=-0.009833 abs_err=0.009833
INFO | EPOCH_089 | [B=48, T=9, D=8] true=1.110625 pred=1.310966 diff=+0.200342 abs_err=0.200342
INFO | EPOCH_089 | [B=3, T=1, D=4] true=2.740071 pred=2.459599 diff=-0.280473 abs_err=0.280473
INFO | EPOCH_089 | [B=23, T=21, D=5] true=0.359689 pred=0.184214 diff=-0.175475 abs_err=0.175475
INFO | EPOCH_089 | [B=6, T=6, D=5] true=-0.326857 pred=-0.101030 diff=+0.225827 abs_err=0.225827
INFO | EPOCH_089 | [B=28, T=21, D=9] true=4.542820 pred=4.290617 diff=-0.252203 abs_err=0.252203
INFO | EPOCH_089 | [B=14, T=9, D=9] true=1.789229 pred=1.740610 diff=-0.048619 abs_err=0.048619
INFO | EPOCH_089 | [B=3, T=12, D=8] true=0.690049 pred=0.670746 diff=-0.019303 abs_err=0.019303
INFO | EPOCH_089 | [B=16, T=19, D=8] true=0.592656 pred=0.505590 diff=-0.087066 abs_err=0.087066
INFO | EPOCH_089 | [B=29, T=23, D=4] true=1.881169 pred=1.746763 diff=-0.134406 abs_err=0.134406
INFO | EPOCH_089 | [B=32, T=22, D=3] true=1.284699 pred=1.596657 diff=+0.311958 abs_err=0.311958
INFO | EPOCH_089 | [B=41, T=3, D=8] true=0.713396 pred=0.696460 diff=-0.016936 abs_err=0.016936
INFO | EPOCH_089 | [B=22, T=19, D=3] true=3.208235 pred=3.359553 diff=+0.151318 abs_err=0.151318
INFO | EPOCH_089 | TOP 5 WORST masked points (largest abs_err):
INFO | EPOCH_089 | [B=44, T=20, D=6] true=0.108967 pred=2.714939 diff=+2.605971 abs_err=2.605971
INFO | EPOCH_089 | [B=44, T=18, D=6] true=0.127504 pred=2.716788 diff=+2.589284 abs_err=2.589284
INFO | EPOCH_089 | [B=43, T=7, D=11] true=2.397161 pred=-0.171408 diff=-2.568570 abs_err=2.568570
INFO | EPOCH_089 | [B=28, T=19, D=11] true=-1.985981 pred=0.567167 diff=+2.553148 abs_err=2.553148
INFO | EPOCH_089 | [B=18, T=11, D=6] true=3.456601 pred=0.993768 diff=-2.462833 abs_err=2.462833
INFO | EPOCH_089 | TOP 5 BEST/CORRECT masked points (smallest abs_err):
INFO | EPOCH_089 | [B=60, T=16, D=2] true=0.390931 pred=0.390930 diff=-0.000001 abs_err=0.000001
INFO | EPOCH_089 | [B=18, T=9, D=2] true=0.548629 pred=0.548636 diff=+0.000007 abs_err=0.000007
INFO | EPOCH_089 | [B=61, T=2, D=7] true=2.515652 pred=2.515637 diff=-0.000015 abs_err=0.000015
INFO | EPOCH_089 | [B=6, T=25, D=11] true=0.312503 pred=0.312524 diff=+0.000021 abs_err=0.000021
INFO | EPOCH_089 | [B=63, T=18, D=3] true=2.475372 pred=2.475327 diff=-0.000046 abs_err=0.000046
INFO | EPOCH_099 | RANDOM 15 masked points (true, pred, diff, abs_err):
INFO | EPOCH_099 | [B=25, T=18, D=11] true=0.145368 pred=0.279486 diff=+0.134119 abs_err=0.134119
INFO | EPOCH_099 | [B=1, T=16, D=4] true=1.678769 pred=2.188715 diff=+0.509947 abs_err=0.509947
INFO | EPOCH_099 | [B=10, T=24, D=6] true=4.360353 pred=4.108624 diff=-0.251729 abs_err=0.251729
INFO | EPOCH_099 | [B=58, T=11, D=0] true=4.169044 pred=3.993000 diff=-0.176043 abs_err=0.176043
INFO | EPOCH_099 | [B=56, T=2, D=9] true=2.598122 pred=2.387044 diff=-0.211078 abs_err=0.211078
INFO | EPOCH_099 | [B=9, T=7, D=6] true=3.228740 pred=3.390835 diff=+0.162095 abs_err=0.162095
INFO | EPOCH_099 | [B=36, T=31, D=8] true=1.427056 pred=1.240440 diff=-0.186616 abs_err=0.186616
INFO | EPOCH_099 | [B=56, T=17, D=4] true=1.417842 pred=1.432487 diff=+0.014645 abs_err=0.014645
INFO | EPOCH_099 | [B=58, T=2, D=4] true=0.918336 pred=1.237168 diff=+0.318831 abs_err=0.318831
INFO | EPOCH_099 | [B=55, T=28, D=2] true=0.286998 pred=0.227562 diff=-0.059436 abs_err=0.059436
INFO | EPOCH_099 | [B=61, T=20, D=2] true=0.523549 pred=0.497864 diff=-0.025684 abs_err=0.025684
INFO | EPOCH_099 | [B=7, T=8, D=3] true=3.158716 pred=2.967376 diff=-0.191340 abs_err=0.191340
INFO | EPOCH_099 | [B=46, T=20, D=5] true=0.793752 pred=0.774580 diff=-0.019172 abs_err=0.019172
INFO | EPOCH_099 | [B=14, T=19, D=5] true=0.183266 pred=0.253813 diff=+0.070547 abs_err=0.070547
INFO | EPOCH_099 | [B=51, T=29, D=2] true=0.045234 pred=0.081443 diff=+0.036209 abs_err=0.036209
INFO | EPOCH_099 | TOP 5 WORST masked points (largest abs_err):
INFO | EPOCH_099 | [B=26, T=8, D=6] true=1.595185 pred=4.499739 diff=+2.904554 abs_err=2.904554
INFO | EPOCH_099 | [B=53, T=1, D=11] true=-1.173275 pred=1.436331 diff=+2.609606 abs_err=2.609606
INFO | EPOCH_099 | [B=14, T=11, D=6] true=0.115726 pred=2.692225 diff=+2.576499 abs_err=2.576499
INFO | EPOCH_099 | [B=14, T=5, D=6] true=0.146037 pred=2.694784 diff=+2.548748 abs_err=2.548748
INFO | EPOCH_099 | [B=63, T=15, D=6] true=0.098340 pred=2.435505 diff=+2.337165 abs_err=2.337165
INFO | EPOCH_099 | TOP 5 BEST/CORRECT masked points (smallest abs_err):
INFO | EPOCH_099 | [B=30, T=2, D=5] true=0.519971 pred=0.519958 diff=-0.000013 abs_err=0.000013
INFO | EPOCH_099 | [B=51, T=22, D=1] true=1.513672 pred=1.513705 diff=+0.000033 abs_err=0.000033
INFO | EPOCH_099 | [B=46, T=23, D=7] true=1.426844 pred=1.426808 diff=-0.000037 abs_err=0.000037
INFO | EPOCH_099 | [B=21, T=15, D=2] true=0.310621 pred=0.310555 diff=-0.000066 abs_err=0.000066
INFO | EPOCH_099 | [B=23, T=11, D=1] true=1.416376 pred=1.416442 diff=+0.000066 abs_err=0.000066
INFO | EPOCH_109 | RANDOM 15 masked points (true, pred, diff, abs_err):
INFO | EPOCH_109 | [B=48, T=6, D=8] true=0.617846 pred=0.838842 diff=+0.220996 abs_err=0.220996
INFO | EPOCH_109 | [B=27, T=15, D=10] true=1.506583 pred=1.425188 diff=-0.081395 abs_err=0.081395
INFO | EPOCH_109 | [B=58, T=4, D=6] true=2.405924 pred=2.265043 diff=-0.140880 abs_err=0.140880
INFO | EPOCH_109 | [B=51, T=8, D=9] true=3.887051 pred=3.873433 diff=-0.013618 abs_err=0.013618
INFO | EPOCH_109 | [B=57, T=6, D=10] true=1.771844 pred=1.786160 diff=+0.014316 abs_err=0.014316
INFO | EPOCH_109 | [B=22, T=9, D=9] true=2.761883 pred=2.816780 diff=+0.054898 abs_err=0.054898
INFO | EPOCH_109 | [B=25, T=14, D=0] true=3.055650 pred=3.000724 diff=-0.054926 abs_err=0.054926
INFO | EPOCH_109 | [B=53, T=9, D=4] true=1.743734 pred=1.717593 diff=-0.026141 abs_err=0.026141
INFO | EPOCH_109 | [B=25, T=14, D=5] true=0.338312 pred=0.311388 diff=-0.026924 abs_err=0.026924
INFO | EPOCH_109 | [B=18, T=29, D=3] true=1.778126 pred=1.993514 diff=+0.215388 abs_err=0.215388
INFO | EPOCH_109 | [B=61, T=12, D=8] true=0.729185 pred=0.723283 diff=-0.005902 abs_err=0.005902
INFO | EPOCH_109 | [B=24, T=23, D=9] true=3.241061 pred=3.182999 diff=-0.058062 abs_err=0.058062
INFO | EPOCH_109 | [B=35, T=9, D=10] true=1.388701 pred=1.391989 diff=+0.003288 abs_err=0.003288
INFO | EPOCH_109 | [B=5, T=23, D=10] true=2.103659 pred=2.158449 diff=+0.054790 abs_err=0.054790
INFO | EPOCH_109 | [B=5, T=9, D=1] true=1.486168 pred=1.360806 diff=-0.125362 abs_err=0.125362
INFO | EPOCH_109 | TOP 5 WORST masked points (largest abs_err):
INFO | EPOCH_109 | [B=47, T=24, D=6] true=1.678643 pred=4.624055 diff=+2.945412 abs_err=2.945412
INFO | EPOCH_109 | [B=47, T=28, D=9] true=1.413674 pred=4.138029 diff=+2.724355 abs_err=2.724355
INFO | EPOCH_109 | [B=45, T=4, D=0] true=0.990548 pred=3.248843 diff=+2.258296 abs_err=2.258296
INFO | EPOCH_109 | [B=8, T=0, D=9] true=3.707034 pred=1.541336 diff=-2.165698 abs_err=2.165698
INFO | EPOCH_109 | [B=7, T=7, D=0] true=3.767489 pred=1.630972 diff=-2.136518 abs_err=2.136518
INFO | EPOCH_109 | TOP 5 BEST/CORRECT masked points (smallest abs_err):
INFO | EPOCH_109 | [B=39, T=7, D=10] true=1.519427 pred=1.519426 diff=-0.000001 abs_err=0.000001
INFO | EPOCH_109 | [B=12, T=10, D=6] true=1.090194 pred=1.090185 diff=-0.000009 abs_err=0.000009
INFO | EPOCH_109 | [B=58, T=5, D=2] true=-0.075074 pred=-0.075051 diff=+0.000023 abs_err=0.000023
INFO | EPOCH_109 | [B=5, T=17, D=11] true=1.009836 pred=1.009795 diff=-0.000041 abs_err=0.000041
INFO | EPOCH_109 | [B=53, T=1, D=11] true=0.911239 pred=0.911293 diff=+0.000055 abs_err=0.000055
INFO | EPOCH_119 | RANDOM 15 masked points (true, pred, diff, abs_err):
INFO | EPOCH_119 | [B=7, T=6, D=1] true=1.895913 pred=1.718331 diff=-0.177582 abs_err=0.177582
INFO | EPOCH_119 | [B=51, T=4, D=6] true=4.902371 pred=4.801603 diff=-0.100768 abs_err=0.100768
INFO | EPOCH_119 | [B=12, T=21, D=5] true=0.171432 pred=0.219069 diff=+0.047637 abs_err=0.047637
INFO | EPOCH_119 | [B=15, T=14, D=4] true=2.249605 pred=1.708627 diff=-0.540979 abs_err=0.540979
INFO | EPOCH_119 | [B=37, T=13, D=0] true=2.763741 pred=2.740223 diff=-0.023518 abs_err=0.023518
INFO | EPOCH_119 | [B=60, T=30, D=9] true=2.716051 pred=2.067290 diff=-0.648761 abs_err=0.648761
INFO | EPOCH_119 | [B=44, T=2, D=6] true=1.121247 pred=1.003102 diff=-0.118145 abs_err=0.118145
INFO | EPOCH_119 | [B=60, T=2, D=1] true=1.618116 pred=1.337630 diff=-0.280486 abs_err=0.280486
INFO | EPOCH_119 | [B=11, T=25, D=2] true=0.151307 pred=0.104010 diff=-0.047298 abs_err=0.047298
INFO | EPOCH_119 | [B=39, T=13, D=7] true=0.996404 pred=1.205860 diff=+0.209456 abs_err=0.209456
INFO | EPOCH_119 | [B=31, T=15, D=8] true=0.977484 pred=0.922340 diff=-0.055144 abs_err=0.055144
INFO | EPOCH_119 | [B=42, T=8, D=3] true=2.747658 pred=2.736580 diff=-0.011078 abs_err=0.011078
INFO | EPOCH_119 | [B=26, T=15, D=2] true=-0.222782 pred=-0.208946 diff=+0.013837 abs_err=0.013837
INFO | EPOCH_119 | [B=18, T=21, D=8] true=1.025074 pred=1.163992 diff=+0.138918 abs_err=0.138918
INFO | EPOCH_119 | [B=25, T=2, D=7] true=2.432064 pred=2.437737 diff=+0.005673 abs_err=0.005673
INFO | EPOCH_119 | TOP 5 WORST masked points (largest abs_err):
INFO | EPOCH_119 | [B=17, T=6, D=6] true=0.042953 pred=3.381443 diff=+3.338490 abs_err=3.338490
INFO | EPOCH_119 | [B=17, T=2, D=6] true=0.050544 pred=3.383458 diff=+3.332914 abs_err=3.332914
INFO | EPOCH_119 | [B=55, T=27, D=9] true=1.255944 pred=3.764893 diff=+2.508949 abs_err=2.508949
INFO | EPOCH_119 | [B=37, T=28, D=6] true=5.711285 pred=3.275868 diff=-2.435417 abs_err=2.435417
INFO | EPOCH_119 | [B=31, T=11, D=3] true=1.384696 pred=3.580909 diff=+2.196213 abs_err=2.196213
INFO | EPOCH_119 | TOP 5 BEST/CORRECT masked points (smallest abs_err):
INFO | EPOCH_119 | [B=6, T=5, D=0] true=2.949174 pred=2.949121 diff=-0.000052 abs_err=0.000052
INFO | EPOCH_119 | [B=28, T=0, D=8] true=1.010670 pred=1.010617 diff=-0.000053 abs_err=0.000053
INFO | EPOCH_119 | [B=42, T=19, D=3] true=3.298645 pred=3.298591 diff=-0.000054 abs_err=0.000054
INFO | EPOCH_119 | [B=39, T=12, D=5] true=0.407952 pred=0.408017 diff=+0.000065 abs_err=0.000065
INFO | EPOCH_119 | [B=43, T=4, D=3] true=2.731166 pred=2.731280 diff=+0.000114 abs_err=0.000114
INFO | EPOCH_129 | RANDOM 15 masked points (true, pred, diff, abs_err):
INFO | EPOCH_129 | [B=62, T=20, D=10] true=1.350944 pred=1.364391 diff=+0.013447 abs_err=0.013447
INFO | EPOCH_129 | [B=29, T=23, D=1] true=1.858306 pred=1.939622 diff=+0.081316 abs_err=0.081316
INFO | EPOCH_129 | [B=17, T=3, D=1] true=1.108750 pred=1.227748 diff=+0.118998 abs_err=0.118998
INFO | EPOCH_129 | [B=48, T=10, D=11] true=0.848191 pred=0.805367 diff=-0.042823 abs_err=0.042823
INFO | EPOCH_129 | [B=25, T=29, D=9] true=3.714792 pred=3.376076 diff=-0.338716 abs_err=0.338716
INFO | EPOCH_129 | [B=2, T=22, D=10] true=1.259293 pred=1.369750 diff=+0.110456 abs_err=0.110456
INFO | EPOCH_129 | [B=37, T=12, D=9] true=1.286625 pred=1.502447 diff=+0.215821 abs_err=0.215821
INFO | EPOCH_129 | [B=14, T=6, D=2] true=0.437591 pred=0.392139 diff=-0.045452 abs_err=0.045452
INFO | EPOCH_129 | [B=23, T=14, D=7] true=1.930238 pred=1.776653 diff=-0.153585 abs_err=0.153585
INFO | EPOCH_129 | [B=45, T=14, D=5] true=0.371189 pred=0.355841 diff=-0.015348 abs_err=0.015348
INFO | EPOCH_129 | [B=31, T=17, D=1] true=1.354188 pred=1.387269 diff=+0.033081 abs_err=0.033081
INFO | EPOCH_129 | [B=10, T=26, D=9] true=3.471913 pred=3.482057 diff=+0.010144 abs_err=0.010144
INFO | EPOCH_129 | [B=51, T=17, D=7] true=2.445713 pred=2.379893 diff=-0.065820 abs_err=0.065820
INFO | EPOCH_129 | [B=56, T=18, D=2] true=0.450650 pred=0.551371 diff=+0.100720 abs_err=0.100720
INFO | EPOCH_129 | [B=39, T=21, D=0] true=2.518339 pred=2.562058 diff=+0.043720 abs_err=0.043720
INFO | EPOCH_129 | TOP 5 WORST masked points (largest abs_err):
INFO | EPOCH_129 | [B=46, T=10, D=6] true=0.025506 pred=3.340259 diff=+3.314752 abs_err=3.314752
INFO | EPOCH_129 | [B=46, T=13, D=6] true=0.022954 pred=3.331054 diff=+3.308100 abs_err=3.308100
INFO | EPOCH_129 | [B=26, T=5, D=9] true=0.757862 pred=3.534517 diff=+2.776655 abs_err=2.776655
INFO | EPOCH_129 | [B=49, T=14, D=11] true=2.130419 pred=-0.088226 diff=-2.218645 abs_err=2.218645
INFO | EPOCH_129 | [B=49, T=13, D=2] true=2.202316 pred=0.050006 diff=-2.152309 abs_err=2.152309
INFO | EPOCH_129 | TOP 5 BEST/CORRECT masked points (smallest abs_err):
INFO | EPOCH_129 | [B=27, T=31, D=6] true=3.622179 pred=3.622173 diff=-0.000006 abs_err=0.000006
INFO | EPOCH_129 | [B=45, T=4, D=7] true=1.951282 pred=1.951303 diff=+0.000021 abs_err=0.000021
INFO | EPOCH_129 | [B=33, T=19, D=1] true=2.323306 pred=2.323275 diff=-0.000030 abs_err=0.000030
INFO | EPOCH_129 | [B=49, T=20, D=6] true=2.780211 pred=2.780242 diff=+0.000031 abs_err=0.000031
INFO | EPOCH_129 | [B=17, T=10, D=6] true=1.167206 pred=1.167263 diff=+0.000057 abs_err=0.000057
INFO | EPOCH_139 | RANDOM 15 masked points (true, pred, diff, abs_err):
INFO | EPOCH_139 | [B=4, T=23, D=2] true=-0.215275 pred=-0.111329 diff=+0.103946 abs_err=0.103946
INFO | EPOCH_139 | [B=33, T=10, D=9] true=1.595106 pred=1.648134 diff=+0.053028 abs_err=0.053028
INFO | EPOCH_139 | [B=29, T=27, D=7] true=2.328082 pred=2.321434 diff=-0.006648 abs_err=0.006648
INFO | EPOCH_139 | [B=8, T=5, D=4] true=1.181803 pred=1.276945 diff=+0.095142 abs_err=0.095142
INFO | EPOCH_139 | [B=31, T=14, D=1] true=2.444588 pred=1.950950 diff=-0.493639 abs_err=0.493639
INFO | EPOCH_139 | [B=58, T=2, D=7] true=1.634350 pred=1.453974 diff=-0.180375 abs_err=0.180375
INFO | EPOCH_139 | [B=51, T=9, D=0] true=1.398149 pred=1.516459 diff=+0.118309 abs_err=0.118309
INFO | EPOCH_139 | [B=41, T=1, D=5] true=0.371216 pred=0.363967 diff=-0.007248 abs_err=0.007248
INFO | EPOCH_139 | [B=20, T=7, D=11] true=0.745427 pred=0.788580 diff=+0.043152 abs_err=0.043152
INFO | EPOCH_139 | [B=25, T=10, D=11] true=0.744157 pred=0.774607 diff=+0.030450 abs_err=0.030450
INFO | EPOCH_139 | [B=19, T=25, D=2] true=0.327720 pred=0.328050 diff=+0.000329 abs_err=0.000329
INFO | EPOCH_139 | [B=31, T=2, D=11] true=0.333014 pred=0.639083 diff=+0.306068 abs_err=0.306068
INFO | EPOCH_139 | [B=10, T=0, D=4] true=1.280714 pred=1.324677 diff=+0.043964 abs_err=0.043964
INFO | EPOCH_139 | [B=7, T=1, D=6] true=1.160382 pred=1.082055 diff=-0.078327 abs_err=0.078327
INFO | EPOCH_139 | [B=8, T=24, D=9] true=1.985237 pred=1.817682 diff=-0.167556 abs_err=0.167556
INFO | EPOCH_139 | TOP 5 WORST masked points (largest abs_err):
INFO | EPOCH_139 | [B=51, T=26, D=0] true=3.701226 pred=1.546247 diff=-2.154979 abs_err=2.154979
INFO | EPOCH_139 | [B=53, T=9, D=6] true=3.705956 pred=1.604058 diff=-2.101898 abs_err=2.101898
INFO | EPOCH_139 | [B=51, T=24, D=6] true=3.759710 pred=1.664872 diff=-2.094838 abs_err=2.094838
INFO | EPOCH_139 | [B=36, T=17, D=9] true=3.693735 pred=1.598925 diff=-2.094810 abs_err=2.094810
INFO | EPOCH_139 | [B=63, T=23, D=3] true=1.364607 pred=3.444137 diff=+2.079530 abs_err=2.079530
INFO | EPOCH_139 | TOP 5 BEST/CORRECT masked points (smallest abs_err):
INFO | EPOCH_139 | [B=9, T=0, D=2] true=0.302403 pred=0.302423 diff=+0.000020 abs_err=0.000020
INFO | EPOCH_139 | [B=1, T=10, D=11] true=0.155024 pred=0.155049 diff=+0.000025 abs_err=0.000025
INFO | EPOCH_139 | [B=39, T=16, D=2] true=0.227206 pred=0.227235 diff=+0.000029 abs_err=0.000029
INFO | EPOCH_139 | [B=41, T=7, D=11] true=0.638343 pred=0.638384 diff=+0.000041 abs_err=0.000041
INFO | EPOCH_139 | [B=20, T=28, D=11] true=0.789062 pred=0.789012 diff=-0.000050 abs_err=0.000050
INFO | EPOCH_149 | RANDOM 15 masked points (true, pred, diff, abs_err):
INFO | EPOCH_149 | [B=41, T=23, D=1] true=1.698259 pred=1.914714 diff=+0.216455 abs_err=0.216455
INFO | EPOCH_149 | [B=6, T=17, D=1] true=1.362083 pred=1.357647 diff=-0.004436 abs_err=0.004436
INFO | EPOCH_149 | [B=17, T=18, D=1] true=1.411858 pred=1.448092 diff=+0.036234 abs_err=0.036234
INFO | EPOCH_149 | [B=7, T=23, D=6] true=3.061156 pred=3.079869 diff=+0.018713 abs_err=0.018713
INFO | EPOCH_149 | [B=49, T=20, D=8] true=0.297563 pred=0.334186 diff=+0.036623 abs_err=0.036623
INFO | EPOCH_149 | [B=27, T=4, D=6] true=3.039322 pred=3.131751 diff=+0.092429 abs_err=0.092429
INFO | EPOCH_149 | [B=26, T=8, D=1] true=1.421260 pred=1.483315 diff=+0.062055 abs_err=0.062055
INFO | EPOCH_149 | [B=61, T=7, D=5] true=0.386369 pred=0.486058 diff=+0.099689 abs_err=0.099689
INFO | EPOCH_149 | [B=25, T=29, D=3] true=3.376667 pred=3.428431 diff=+0.051764 abs_err=0.051764
INFO | EPOCH_149 | [B=44, T=24, D=3] true=2.739056 pred=2.714547 diff=-0.024509 abs_err=0.024509
INFO | EPOCH_149 | [B=55, T=14, D=10] true=1.274664 pred=1.427483 diff=+0.152819 abs_err=0.152819
INFO | EPOCH_149 | [B=1, T=12, D=10] true=1.402832 pred=1.462566 diff=+0.059734 abs_err=0.059734
INFO | EPOCH_149 | [B=30, T=27, D=10] true=1.497840 pred=1.396815 diff=-0.101025 abs_err=0.101025
INFO | EPOCH_149 | [B=21, T=21, D=0] true=3.537138 pred=3.559931 diff=+0.022794 abs_err=0.022794
INFO | EPOCH_149 | [B=11, T=15, D=9] true=4.357696 pred=4.197508 diff=-0.160188 abs_err=0.160188
INFO | EPOCH_149 | TOP 5 WORST masked points (largest abs_err):
INFO | EPOCH_149 | [B=35, T=20, D=3] true=0.534949 pred=3.342400 diff=+2.807450 abs_err=2.807450
INFO | EPOCH_149 | [B=37, T=25, D=0] true=0.800751 pred=2.957325 diff=+2.156574 abs_err=2.156574
INFO | EPOCH_149 | [B=35, T=13, D=3] true=1.276481 pred=3.342881 diff=+2.066400 abs_err=2.066400
INFO | EPOCH_149 | [B=61, T=15, D=10] true=0.352888 pred=2.353781 diff=+2.000893 abs_err=2.000893
INFO | EPOCH_149 | [B=46, T=14, D=2] true=2.224028 pred=0.236119 diff=-1.987908 abs_err=1.987908
INFO | EPOCH_149 | TOP 5 BEST/CORRECT masked points (smallest abs_err):
INFO | EPOCH_149 | [B=24, T=4, D=2] true=0.559782 pred=0.559788 diff=+0.000006 abs_err=0.000006
INFO | EPOCH_149 | [B=38, T=21, D=5] true=0.357185 pred=0.357195 diff=+0.000010 abs_err=0.000010
INFO | EPOCH_149 | [B=23, T=16, D=5] true=0.446715 pred=0.446740 diff=+0.000026 abs_err=0.000026
INFO | EPOCH_149 | [B=45, T=13, D=4] true=2.254034 pred=2.254067 diff=+0.000033 abs_err=0.000033
INFO | EPOCH_149 | [B=24, T=4, D=4] true=1.391948 pred=1.391914 diff=-0.000034 abs_err=0.000034
INFO | EPOCH_159 | RANDOM 15 masked points (true, pred, diff, abs_err):
INFO | EPOCH_159 | [B=34, T=24, D=8] true=1.313461 pred=1.341403 diff=+0.027942 abs_err=0.027942
INFO | EPOCH_159 | [B=61, T=10, D=5] true=0.346043 pred=0.342068 diff=-0.003975 abs_err=0.003975
INFO | EPOCH_159 | [B=47, T=7, D=4] true=1.919162 pred=1.894276 diff=-0.024885 abs_err=0.024885
INFO | EPOCH_159 | [B=24, T=16, D=8] true=0.091108 pred=0.150233 diff=+0.059125 abs_err=0.059125
INFO | EPOCH_159 | [B=2, T=23, D=5] true=0.207167 pred=0.292355 diff=+0.085188 abs_err=0.085188
INFO | EPOCH_159 | [B=39, T=20, D=4] true=1.986344 pred=1.942301 diff=-0.044043 abs_err=0.044043
INFO | EPOCH_159 | [B=56, T=17, D=1] true=1.590416 pred=1.518420 diff=-0.071996 abs_err=0.071996
INFO | EPOCH_159 | [B=57, T=31, D=5] true=-0.063893 pred=0.085963 diff=+0.149856 abs_err=0.149856
INFO | EPOCH_159 | [B=56, T=16, D=11] true=0.585347 pred=0.584856 diff=-0.000491 abs_err=0.000491
INFO | EPOCH_159 | [B=38, T=25, D=2] true=-0.175077 pred=0.041426 diff=+0.216503 abs_err=0.216503
INFO | EPOCH_159 | [B=43, T=2, D=3] true=2.692285 pred=2.602381 diff=-0.089904 abs_err=0.089904
INFO | EPOCH_159 | [B=36, T=5, D=4] true=2.511137 pred=2.427102 diff=-0.084034 abs_err=0.084034
INFO | EPOCH_159 | [B=21, T=12, D=10] true=2.024648 pred=1.994901 diff=-0.029748 abs_err=0.029748
INFO | EPOCH_159 | [B=49, T=18, D=3] true=1.703745 pred=1.633229 diff=-0.070516 abs_err=0.070516
INFO | EPOCH_159 | [B=63, T=30, D=9] true=4.046141 pred=3.030459 diff=-1.015682 abs_err=1.015682
INFO | EPOCH_159 | TOP 5 WORST masked points (largest abs_err):
INFO | EPOCH_159 | [B=7, T=3, D=0] true=5.087778 pred=2.303618 diff=-2.784160 abs_err=2.784160
INFO | EPOCH_159 | [B=60, T=8, D=6] true=1.323833 pred=3.750028 diff=+2.426196 abs_err=2.426196
INFO | EPOCH_159 | [B=60, T=15, D=6] true=1.323426 pred=3.741645 diff=+2.418219 abs_err=2.418219
INFO | EPOCH_159 | [B=60, T=21, D=6] true=1.315996 pred=3.733004 diff=+2.417008 abs_err=2.417008
INFO | EPOCH_159 | [B=7, T=3, D=2] true=2.372046 pred=0.073064 diff=-2.298982 abs_err=2.298982
INFO | EPOCH_159 | TOP 5 BEST/CORRECT masked points (smallest abs_err):
INFO | EPOCH_159 | [B=30, T=23, D=10] true=2.253027 pred=2.253013 diff=-0.000015 abs_err=0.000015
INFO | EPOCH_159 | [B=25, T=6, D=8] true=0.822402 pred=0.822380 diff=-0.000022 abs_err=0.000022
INFO | EPOCH_159 | [B=42, T=11, D=10] true=1.501954 pred=1.501907 diff=-0.000047 abs_err=0.000047
INFO | EPOCH_159 | [B=32, T=1, D=1] true=1.986155 pred=1.986107 diff=-0.000049 abs_err=0.000049
INFO | EPOCH_159 | [B=32, T=0, D=0] true=2.650609 pred=2.650541 diff=-0.000068 abs_err=0.000068
INFO | EPOCH_169 | RANDOM 15 masked points (true, pred, diff, abs_err):
INFO | EPOCH_169 | [B=44, T=21, D=1] true=1.730219 pred=1.679756 diff=-0.050462 abs_err=0.050462
INFO | EPOCH_169 | [B=14, T=2, D=9] true=1.746709 pred=1.654567 diff=-0.092143 abs_err=0.092143
INFO | EPOCH_169 | [B=23, T=2, D=0] true=2.120713 pred=2.228506 diff=+0.107793 abs_err=0.107793
INFO | EPOCH_169 | [B=12, T=24, D=8] true=0.569534 pred=0.475313 diff=-0.094220 abs_err=0.094220
INFO | EPOCH_169 | [B=35, T=22, D=9] true=3.047339 pred=3.036801 diff=-0.010538 abs_err=0.010538
INFO | EPOCH_169 | [B=57, T=21, D=6] true=3.187338 pred=3.628857 diff=+0.441519 abs_err=0.441519
INFO | EPOCH_169 | [B=15, T=3, D=11] true=0.250273 pred=0.294099 diff=+0.043825 abs_err=0.043825
INFO | EPOCH_169 | [B=8, T=11, D=5] true=0.523183 pred=0.414372 diff=-0.108811 abs_err=0.108811
INFO | EPOCH_169 | [B=6, T=9, D=4] true=1.246645 pred=1.247320 diff=+0.000675 abs_err=0.000675
INFO | EPOCH_169 | [B=18, T=2, D=3] true=2.544966 pred=2.569748 diff=+0.024782 abs_err=0.024782
INFO | EPOCH_169 | [B=25, T=9, D=8] true=1.126317 pred=1.287776 diff=+0.161460 abs_err=0.161460
INFO | EPOCH_169 | [B=58, T=29, D=1] true=1.285126 pred=1.344964 diff=+0.059838 abs_err=0.059838
INFO | EPOCH_169 | [B=25, T=15, D=9] true=1.927388 pred=2.090118 diff=+0.162730 abs_err=0.162730
INFO | EPOCH_169 | [B=42, T=15, D=7] true=2.783698 pred=0.754238 diff=-2.029459 abs_err=2.029459
INFO | EPOCH_169 | [B=14, T=26, D=7] true=1.279437 pred=1.559997 diff=+0.280560 abs_err=0.280560
INFO | EPOCH_169 | TOP 5 WORST masked points (largest abs_err):
INFO | EPOCH_169 | [B=28, T=19, D=11] true=-1.985981 pred=0.549726 diff=+2.535707 abs_err=2.535707
INFO | EPOCH_169 | [B=33, T=10, D=9] true=3.742375 pred=1.244552 diff=-2.497823 abs_err=2.497823
INFO | EPOCH_169 | [B=43, T=7, D=11] true=2.397161 pred=-0.082755 diff=-2.479917 abs_err=2.479917
INFO | EPOCH_169 | [B=28, T=19, D=10] true=3.777889 pred=1.368191 diff=-2.409698 abs_err=2.409698
INFO | EPOCH_169 | [B=44, T=7, D=6] true=4.005664 pred=1.656935 diff=-2.348729 abs_err=2.348729
INFO | EPOCH_169 | TOP 5 BEST/CORRECT masked points (smallest abs_err):
INFO | EPOCH_169 | [B=51, T=20, D=9] true=3.297305 pred=3.297285 diff=-0.000020 abs_err=0.000020
INFO | EPOCH_169 | [B=61, T=19, D=8] true=0.484681 pred=0.484654 diff=-0.000027 abs_err=0.000027
INFO | EPOCH_169 | [B=15, T=22, D=2] true=0.606259 pred=0.606303 diff=+0.000044 abs_err=0.000044
INFO | EPOCH_169 | [B=11, T=25, D=7] true=1.979396 pred=1.979441 diff=+0.000045 abs_err=0.000045
INFO | EPOCH_169 | [B=3, T=0, D=8] true=0.437365 pred=0.437425 diff=+0.000060 abs_err=0.000060
INFO | EPOCH_179 | RANDOM 15 masked points (true, pred, diff, abs_err):
INFO | EPOCH_179 | [B=36, T=23, D=1] true=1.642886 pred=1.689538 diff=+0.046652 abs_err=0.046652
INFO | EPOCH_179 | [B=12, T=6, D=6] true=1.151616 pred=1.451048 diff=+0.299432 abs_err=0.299432
INFO | EPOCH_179 | [B=44, T=31, D=8] true=1.024022 pred=1.052940 diff=+0.028918 abs_err=0.028918
INFO | EPOCH_179 | [B=53, T=8, D=1] true=2.493245 pred=2.663997 diff=+0.170753 abs_err=0.170753
INFO | EPOCH_179 | [B=54, T=28, D=2] true=0.356068 pred=0.364509 diff=+0.008441 abs_err=0.008441
INFO | EPOCH_179 | [B=42, T=20, D=1] true=1.464524 pred=1.428340 diff=-0.036184 abs_err=0.036184
INFO | EPOCH_179 | [B=6, T=27, D=11] true=0.591387 pred=0.467826 diff=-0.123561 abs_err=0.123561
INFO | EPOCH_179 | [B=25, T=19, D=1] true=1.076017 pred=1.034871 diff=-0.041146 abs_err=0.041146
INFO | EPOCH_179 | [B=25, T=30, D=0] true=3.412467 pred=3.376422 diff=-0.036045 abs_err=0.036045
INFO | EPOCH_179 | [B=61, T=19, D=5] true=0.364869 pred=0.394844 diff=+0.029974 abs_err=0.029974
INFO | EPOCH_179 | [B=20, T=18, D=1] true=1.319103 pred=1.328669 diff=+0.009566 abs_err=0.009566
INFO | EPOCH_179 | [B=42, T=4, D=2] true=0.183072 pred=0.113248 diff=-0.069824 abs_err=0.069824
INFO | EPOCH_179 | [B=18, T=3, D=2] true=0.315008 pred=0.343823 diff=+0.028815 abs_err=0.028815
INFO | EPOCH_179 | [B=55, T=28, D=5] true=0.570063 pred=0.551987 diff=-0.018076 abs_err=0.018076
INFO | EPOCH_179 | [B=55, T=15, D=11] true=0.869517 pred=0.809372 diff=-0.060145 abs_err=0.060145
INFO | EPOCH_179 | TOP 5 WORST masked points (largest abs_err):
INFO | EPOCH_179 | [B=26, T=8, D=6] true=1.595185 pred=4.596098 diff=+3.000913 abs_err=3.000913
INFO | EPOCH_179 | [B=19, T=25, D=6] true=3.670713 pred=1.241281 diff=-2.429432 abs_err=2.429432
INFO | EPOCH_179 | [B=19, T=11, D=6] true=3.608013 pred=1.211906 diff=-2.396107 abs_err=2.396107
INFO | EPOCH_179 | [B=19, T=28, D=6] true=3.644612 pred=1.250875 diff=-2.393738 abs_err=2.393738
INFO | EPOCH_179 | [B=39, T=11, D=6] true=1.873883 pred=4.230141 diff=+2.356258 abs_err=2.356258
INFO | EPOCH_179 | TOP 5 BEST/CORRECT masked points (smallest abs_err):
INFO | EPOCH_179 | [B=15, T=20, D=11] true=0.513976 pred=0.513975 diff=-0.000001 abs_err=0.000001
INFO | EPOCH_179 | [B=3, T=8, D=5] true=0.131560 pred=0.131572 diff=+0.000012 abs_err=0.000012
INFO | EPOCH_179 | [B=6, T=3, D=3] true=2.510184 pred=2.510201 diff=+0.000017 abs_err=0.000017
INFO | EPOCH_179 | [B=50, T=5, D=8] true=1.049951 pred=1.049919 diff=-0.000032 abs_err=0.000032
INFO | EPOCH_179 | [B=15, T=17, D=2] true=0.195643 pred=0.195591 diff=-0.000052 abs_err=0.000052
INFO | EPOCH_189 | RANDOM 15 masked points (true, pred, diff, abs_err):
INFO | EPOCH_189 | [B=53, T=28, D=1] true=1.764572 pred=1.399048 diff=-0.365524 abs_err=0.365524
INFO | EPOCH_189 | [B=23, T=10, D=10] true=2.051704 pred=2.015709 diff=-0.035995 abs_err=0.035995
INFO | EPOCH_189 | [B=5, T=4, D=10] true=1.525062 pred=1.509212 diff=-0.015850 abs_err=0.015850
INFO | EPOCH_189 | [B=14, T=20, D=3] true=2.661522 pred=2.626332 diff=-0.035190 abs_err=0.035190
INFO | EPOCH_189 | [B=15, T=9, D=2] true=0.163783 pred=0.192027 diff=+0.028244 abs_err=0.028244
INFO | EPOCH_189 | [B=33, T=6, D=10] true=1.340587 pred=1.176409 diff=-0.164177 abs_err=0.164177
INFO | EPOCH_189 | [B=26, T=11, D=2] true=0.292792 pred=0.446293 diff=+0.153501 abs_err=0.153501
INFO | EPOCH_189 | [B=44, T=28, D=7] true=2.165498 pred=2.071566 diff=-0.093932 abs_err=0.093932
INFO | EPOCH_189 | [B=17, T=2, D=1] true=1.206722 pred=1.182460 diff=-0.024262 abs_err=0.024262
INFO | EPOCH_189 | [B=4, T=11, D=9] true=3.484759 pred=3.463600 diff=-0.021158 abs_err=0.021158
INFO | EPOCH_189 | [B=30, T=18, D=1] true=2.504166 pred=2.485155 diff=-0.019012 abs_err=0.019012
INFO | EPOCH_189 | [B=21, T=24, D=8] true=0.266880 pred=0.294414 diff=+0.027535 abs_err=0.027535
INFO | EPOCH_189 | [B=59, T=12, D=1] true=2.155285 pred=2.151572 diff=-0.003712 abs_err=0.003712
INFO | EPOCH_189 | [B=44, T=21, D=4] true=1.613905 pred=1.626207 diff=+0.012302 abs_err=0.012302
INFO | EPOCH_189 | [B=60, T=10, D=11] true=0.673263 pred=0.816793 diff=+0.143530 abs_err=0.143530
INFO | EPOCH_189 | TOP 5 WORST masked points (largest abs_err):
INFO | EPOCH_189 | [B=47, T=24, D=6] true=1.678643 pred=4.529683 diff=+2.851040 abs_err=2.851040
INFO | EPOCH_189 | [B=47, T=28, D=9] true=1.413674 pred=4.170290 diff=+2.756616 abs_err=2.756616
INFO | EPOCH_189 | [B=53, T=1, D=11] true=-1.173275 pred=1.347683 diff=+2.520958 abs_err=2.520958
INFO | EPOCH_189 | [B=63, T=15, D=6] true=0.098340 pred=2.473914 diff=+2.375574 abs_err=2.375574
INFO | EPOCH_189 | [B=14, T=5, D=6] true=0.146037 pred=2.342043 diff=+2.196007 abs_err=2.196007
INFO | EPOCH_189 | TOP 5 BEST/CORRECT masked points (smallest abs_err):
INFO | EPOCH_189 | [B=5, T=5, D=8] true=0.643451 pred=0.643448 diff=-0.000003 abs_err=0.000003
INFO | EPOCH_189 | [B=15, T=16, D=5] true=0.172120 pred=0.172147 diff=+0.000027 abs_err=0.000027
INFO | EPOCH_189 | [B=3, T=11, D=0] true=1.854045 pred=1.854077 diff=+0.000032 abs_err=0.000032
INFO | EPOCH_189 | [B=3, T=11, D=4] true=0.997995 pred=0.997962 diff=-0.000033 abs_err=0.000033
INFO | EPOCH_189 | [B=47, T=27, D=1] true=1.516405 pred=1.516445 diff=+0.000040 abs_err=0.000040
INFO | EPOCH_199 | RANDOM 15 masked points (true, pred, diff, abs_err):
INFO | EPOCH_199 | [B=49, T=8, D=8] true=0.608472 pred=0.937571 diff=+0.329099 abs_err=0.329099
INFO | EPOCH_199 | [B=41, T=23, D=5] true=0.413495 pred=0.415536 diff=+0.002041 abs_err=0.002041
INFO | EPOCH_199 | [B=49, T=17, D=7] true=2.441752 pred=2.466655 diff=+0.024904 abs_err=0.024904
INFO | EPOCH_199 | [B=4, T=13, D=2] true=0.373367 pred=0.440670 diff=+0.067303 abs_err=0.067303
INFO | EPOCH_199 | [B=20, T=6, D=0] true=1.995973 pred=2.066431 diff=+0.070458 abs_err=0.070458
INFO | EPOCH_199 | [B=28, T=27, D=10] true=1.632391 pred=1.563963 diff=-0.068428 abs_err=0.068428
INFO | EPOCH_199 | [B=53, T=23, D=5] true=0.427049 pred=-0.024835 diff=-0.451884 abs_err=0.451884
INFO | EPOCH_199 | [B=52, T=16, D=6] true=2.244898 pred=1.661766 diff=-0.583132 abs_err=0.583132
INFO | EPOCH_199 | [B=5, T=3, D=5] true=0.430118 pred=0.252495 diff=-0.177622 abs_err=0.177622
INFO | EPOCH_199 | [B=9, T=19, D=9] true=2.913064 pred=2.833202 diff=-0.079863 abs_err=0.079863
INFO | EPOCH_199 | [B=54, T=20, D=2] true=0.532720 pred=0.700460 diff=+0.167740 abs_err=0.167740
INFO | EPOCH_199 | [B=54, T=22, D=5] true=0.189051 pred=0.367546 diff=+0.178495 abs_err=0.178495
INFO | EPOCH_199 | [B=15, T=25, D=4] true=1.799649 pred=2.008507 diff=+0.208858 abs_err=0.208858
INFO | EPOCH_199 | [B=58, T=0, D=10] true=1.937624 pred=2.016984 diff=+0.079360 abs_err=0.079360
INFO | EPOCH_199 | [B=26, T=10, D=10] true=1.171118 pred=1.240610 diff=+0.069492 abs_err=0.069492
INFO | EPOCH_199 | TOP 5 WORST masked points (largest abs_err):
INFO | EPOCH_199 | [B=55, T=27, D=9] true=1.255944 pred=3.639408 diff=+2.383465 abs_err=2.383465
INFO | EPOCH_199 | [B=8, T=0, D=9] true=3.707034 pred=1.489234 diff=-2.217800 abs_err=2.217800
INFO | EPOCH_199 | [B=45, T=4, D=0] true=0.990548 pred=3.208109 diff=+2.217561 abs_err=2.217561
INFO | EPOCH_199 | [B=8, T=3, D=9] true=3.632441 pred=1.491960 diff=-2.140481 abs_err=2.140481
INFO | EPOCH_199 | [B=45, T=21, D=1] true=3.038777 pred=0.942297 diff=-2.096480 abs_err=2.096480
INFO | EPOCH_199 | TOP 5 BEST/CORRECT masked points (smallest abs_err):
INFO | EPOCH_199 | [B=1, T=7, D=0] true=2.618505 pred=2.618506 diff=+0.000001 abs_err=0.000001
INFO | EPOCH_199 | [B=43, T=26, D=3] true=2.763485 pred=2.763469 diff=-0.000016 abs_err=0.000016
INFO | EPOCH_199 | [B=41, T=16, D=4] true=1.062508 pred=1.062525 diff=+0.000017 abs_err=0.000017
INFO | EPOCH_199 | [B=43, T=12, D=1] true=2.165186 pred=2.165162 diff=-0.000024 abs_err=0.000024
INFO | EPOCH_199 | [B=18, T=15, D=3] true=3.149657 pred=3.149622 diff=-0.000035 abs_err=0.000035
INFO | EPOCH_209 | RANDOM 15 masked points (true, pred, diff, abs_err):
INFO | EPOCH_209 | [B=62, T=14, D=1] true=1.182654 pred=1.250671 diff=+0.068017 abs_err=0.068017
INFO | EPOCH_209 | [B=29, T=26, D=0] true=3.285274 pred=3.371114 diff=+0.085840 abs_err=0.085840
INFO | EPOCH_209 | [B=60, T=28, D=9] true=2.883687 pred=3.380323 diff=+0.496636 abs_err=0.496636
INFO | EPOCH_209 | [B=53, T=27, D=0] true=3.346373 pred=3.260147 diff=-0.086226 abs_err=0.086226
INFO | EPOCH_209 | [B=7, T=8, D=7] true=2.447789 pred=2.355658 diff=-0.092132 abs_err=0.092132
INFO | EPOCH_209 | [B=46, T=10, D=7] true=3.403411 pred=2.093945 diff=-1.309466 abs_err=1.309466
INFO | EPOCH_209 | [B=29, T=23, D=6] true=2.961390 pred=2.916458 diff=-0.044932 abs_err=0.044932
INFO | EPOCH_209 | [B=45, T=21, D=5] true=0.218998 pred=0.306848 diff=+0.087850 abs_err=0.087850
INFO | EPOCH_209 | [B=51, T=13, D=0] true=3.379595 pred=3.301823 diff=-0.077772 abs_err=0.077772
INFO | EPOCH_209 | [B=45, T=29, D=8] true=0.161747 pred=0.312433 diff=+0.150685 abs_err=0.150685
INFO | EPOCH_209 | [B=23, T=23, D=11] true=0.652650 pred=0.676249 diff=+0.023599 abs_err=0.023599
INFO | EPOCH_209 | [B=52, T=1, D=0] true=2.997776 pred=3.098867 diff=+0.101091 abs_err=0.101091
INFO | EPOCH_209 | [B=14, T=6, D=2] true=0.556634 pred=0.272343 diff=-0.284291 abs_err=0.284291
INFO | EPOCH_209 | [B=34, T=4, D=8] true=0.594154 pred=-0.030784 diff=-0.624938 abs_err=0.624938
INFO | EPOCH_209 | [B=54, T=12, D=6] true=5.066864 pred=4.749218 diff=-0.317646 abs_err=0.317646
INFO | EPOCH_209 | TOP 5 WORST masked points (largest abs_err):
INFO | EPOCH_209 | [B=17, T=2, D=6] true=0.050544 pred=3.684107 diff=+3.633563 abs_err=3.633563
INFO | EPOCH_209 | [B=17, T=6, D=6] true=0.042953 pred=3.655878 diff=+3.612925 abs_err=3.612925
INFO | EPOCH_209 | [B=46, T=10, D=6] true=0.025506 pred=3.427219 diff=+3.401713 abs_err=3.401713
INFO | EPOCH_209 | [B=46, T=13, D=6] true=0.022954 pred=3.423119 diff=+3.400164 abs_err=3.400164
INFO | EPOCH_209 | [B=37, T=28, D=6] true=5.711285 pred=3.301375 diff=-2.409910 abs_err=2.409910
INFO | EPOCH_209 | TOP 5 BEST/CORRECT masked points (smallest abs_err):
INFO | EPOCH_209 | [B=5, T=25, D=7] true=2.404674 pred=2.404677 diff=+0.000003 abs_err=0.000003
INFO | EPOCH_209 | [B=40, T=2, D=3] true=3.304869 pred=3.304874 diff=+0.000005 abs_err=0.000005
INFO | EPOCH_209 | [B=26, T=17, D=7] true=1.366832 pred=1.366797 diff=-0.000035 abs_err=0.000035
INFO | EPOCH_209 | [B=34, T=6, D=0] true=3.344549 pred=3.344482 diff=-0.000067 abs_err=0.000067
INFO | EPOCH_209 | [B=17, T=0, D=11] true=0.825345 pred=0.825265 diff=-0.000080 abs_err=0.000080
INFO | EPOCH_219 | RANDOM 15 masked points (true, pred, diff, abs_err):
INFO | EPOCH_219 | [B=0, T=23, D=8] true=-0.638499 pred=0.261249 diff=+0.899747 abs_err=0.899747
INFO | EPOCH_219 | [B=34, T=25, D=11] true=0.632929 pred=0.695342 diff=+0.062413 abs_err=0.062413
INFO | EPOCH_219 | [B=12, T=12, D=9] true=2.462488 pred=2.630022 diff=+0.167534 abs_err=0.167534
INFO | EPOCH_219 | [B=15, T=26, D=1] true=1.142283 pred=1.551350 diff=+0.409067 abs_err=0.409067
INFO | EPOCH_219 | [B=31, T=11, D=5] true=0.057671 pred=-0.062215 diff=-0.119886 abs_err=0.119886
INFO | EPOCH_219 | [B=57, T=30, D=5] true=0.522568 pred=0.333135 diff=-0.189433 abs_err=0.189433
INFO | EPOCH_219 | [B=50, T=11, D=5] true=0.161625 pred=0.272249 diff=+0.110624 abs_err=0.110624
INFO | EPOCH_219 | [B=16, T=9, D=8] true=1.323122 pred=1.271297 diff=-0.051825 abs_err=0.051825
INFO | EPOCH_219 | [B=10, T=1, D=11] true=0.749997 pred=0.882518 diff=+0.132521 abs_err=0.132521
INFO | EPOCH_219 | [B=57, T=10, D=3] true=2.090568 pred=1.632366 diff=-0.458202 abs_err=0.458202
INFO | EPOCH_219 | [B=28, T=24, D=11] true=0.706049 pred=0.729207 diff=+0.023157 abs_err=0.023157
INFO | EPOCH_219 | [B=4, T=19, D=8] true=0.907287 pred=1.010575 diff=+0.103287 abs_err=0.103287
INFO | EPOCH_219 | [B=23, T=23, D=3] true=3.284602 pred=3.035754 diff=-0.248848 abs_err=0.248848
INFO | EPOCH_219 | [B=21, T=9, D=6] true=3.861827 pred=3.543077 diff=-0.318751 abs_err=0.318751
INFO | EPOCH_219 | [B=17, T=0, D=0] true=4.417220 pred=4.425315 diff=+0.008095 abs_err=0.008095
INFO | EPOCH_219 | TOP 5 WORST masked points (largest abs_err):
INFO | EPOCH_219 | [B=26, T=5, D=9] true=0.757862 pred=3.647964 diff=+2.890102 abs_err=2.890102
INFO | EPOCH_219 | [B=51, T=26, D=0] true=3.701226 pred=1.457379 diff=-2.243848 abs_err=2.243848
INFO | EPOCH_219 | [B=49, T=14, D=10] true=0.506230 pred=2.729026 diff=+2.222796 abs_err=2.222796
INFO | EPOCH_219 | [B=47, T=23, D=3] true=1.117670 pred=3.159445 diff=+2.041775 abs_err=2.041775
INFO | EPOCH_219 | [B=44, T=11, D=3] true=1.084860 pred=3.126611 diff=+2.041751 abs_err=2.041751
INFO | EPOCH_219 | TOP 5 BEST/CORRECT masked points (smallest abs_err):
INFO | EPOCH_219 | [B=53, T=28, D=10] true=1.448815 pred=1.448801 diff=-0.000014 abs_err=0.000014
INFO | EPOCH_219 | [B=44, T=17, D=1] true=2.340822 pred=2.340801 diff=-0.000021 abs_err=0.000021
INFO | EPOCH_219 | [B=59, T=17, D=8] true=0.276915 pred=0.276943 diff=+0.000028 abs_err=0.000028
INFO | EPOCH_219 | [B=5, T=8, D=0] true=3.765755 pred=3.765711 diff=-0.000044 abs_err=0.000044
INFO | EPOCH_219 | [B=40, T=2, D=7] true=2.573214 pred=2.573157 diff=-0.000057 abs_err=0.000057
INFO | EPOCH_229 | RANDOM 15 masked points (true, pred, diff, abs_err):
INFO | EPOCH_229 | [B=24, T=4, D=3] true=3.384374 pred=3.393295 diff=+0.008921 abs_err=0.008921
INFO | EPOCH_229 | [B=14, T=9, D=10] true=1.083726 pred=1.079361 diff=-0.004365 abs_err=0.004365
INFO | EPOCH_229 | [B=33, T=22, D=1] true=2.388248 pred=2.367620 diff=-0.020628 abs_err=0.020628
INFO | EPOCH_229 | [B=53, T=4, D=5] true=0.425347 pred=0.456332 diff=+0.030985 abs_err=0.030985
INFO | EPOCH_229 | [B=61, T=8, D=2] true=0.379670 pred=0.309700 diff=-0.069970 abs_err=0.069970
INFO | EPOCH_229 | [B=1, T=15, D=5] true=0.945339 pred=0.203156 diff=-0.742183 abs_err=0.742183
INFO | EPOCH_229 | [B=4, T=19, D=2] true=0.256054 pred=0.283422 diff=+0.027369 abs_err=0.027369
INFO | EPOCH_229 | [B=36, T=18, D=6] true=1.177647 pred=1.289661 diff=+0.112014 abs_err=0.112014
INFO | EPOCH_229 | [B=12, T=24, D=11] true=0.404300 pred=0.367844 diff=-0.036457 abs_err=0.036457
INFO | EPOCH_229 | [B=34, T=21, D=7] true=2.178459 pred=2.256480 diff=+0.078021 abs_err=0.078021
INFO | EPOCH_229 | [B=43, T=25, D=0] true=2.932148 pred=2.811098 diff=-0.121050 abs_err=0.121050
INFO | EPOCH_229 | [B=7, T=9, D=6] true=3.034267 pred=3.158399 diff=+0.124132 abs_err=0.124132
INFO | EPOCH_229 | [B=36, T=5, D=10] true=1.261814 pred=1.595813 diff=+0.333999 abs_err=0.333999
INFO | EPOCH_229 | [B=60, T=18, D=3] true=3.085871 pred=3.132169 diff=+0.046299 abs_err=0.046299
INFO | EPOCH_229 | [B=57, T=1, D=2] true=0.567273 pred=0.457627 diff=-0.109646 abs_err=0.109646
INFO | EPOCH_229 | TOP 5 WORST masked points (largest abs_err):
INFO | EPOCH_229 | [B=35, T=20, D=3] true=0.534949 pred=3.338645 diff=+2.803695 abs_err=2.803695
INFO | EPOCH_229 | [B=46, T=14, D=0] true=5.050667 pred=2.843135 diff=-2.207532 abs_err=2.207532
INFO | EPOCH_229 | [B=35, T=13, D=3] true=1.276481 pred=3.338392 diff=+2.061911 abs_err=2.061911
INFO | EPOCH_229 | [B=36, T=17, D=9] true=3.693735 pred=1.632048 diff=-2.061687 abs_err=2.061687
INFO | EPOCH_229 | [B=36, T=28, D=9] true=3.660822 pred=1.636053 diff=-2.024769 abs_err=2.024769
INFO | EPOCH_229 | TOP 5 BEST/CORRECT masked points (smallest abs_err):
INFO | EPOCH_229 | [B=16, T=1, D=5] true=0.476723 pred=0.476737 diff=+0.000014 abs_err=0.000014
INFO | EPOCH_229 | [B=32, T=2, D=7] true=2.299705 pred=2.299690 diff=-0.000015 abs_err=0.000015
INFO | EPOCH_229 | [B=39, T=9, D=5] true=0.465258 pred=0.465274 diff=+0.000016 abs_err=0.000016
INFO | EPOCH_229 | [B=21, T=8, D=11] true=0.250414 pred=0.250385 diff=-0.000030 abs_err=0.000030
INFO | EPOCH_229 | [B=25, T=11, D=3] true=3.395210 pred=3.395177 diff=-0.000033 abs_err=0.000033
INFO | EPOCH_239 | RANDOM 15 masked points (true, pred, diff, abs_err):
INFO | EPOCH_239 | [B=42, T=27, D=10] true=2.442600 pred=2.310921 diff=-0.131680 abs_err=0.131680
INFO | EPOCH_239 | [B=46, T=4, D=5] true=-0.055366 pred=0.071708 diff=+0.127074 abs_err=0.127074
INFO | EPOCH_239 | [B=10, T=25, D=9] true=3.035127 pred=3.035239 diff=+0.000112 abs_err=0.000112
INFO | EPOCH_239 | [B=17, T=24, D=11] true=0.397331 pred=0.475388 diff=+0.078057 abs_err=0.078057
INFO | EPOCH_239 | [B=44, T=8, D=0] true=2.823162 pred=2.811067 diff=-0.012095 abs_err=0.012095
INFO | EPOCH_239 | [B=47, T=21, D=9] true=1.094295 pred=1.207389 diff=+0.113093 abs_err=0.113093
INFO | EPOCH_239 | [B=53, T=14, D=5] true=0.528942 pred=0.537489 diff=+0.008547 abs_err=0.008547
INFO | EPOCH_239 | [B=21, T=0, D=4] true=1.837809 pred=1.807035 diff=-0.030773 abs_err=0.030773
INFO | EPOCH_239 | [B=8, T=16, D=6] true=2.944350 pred=2.980670 diff=+0.036321 abs_err=0.036321
INFO | EPOCH_239 | [B=42, T=21, D=6] true=1.079709 pred=1.495321 diff=+0.415612 abs_err=0.415612
INFO | EPOCH_239 | [B=4, T=0, D=6] true=2.109071 pred=2.030494 diff=-0.078577 abs_err=0.078577
INFO | EPOCH_239 | [B=2, T=3, D=3] true=2.295514 pred=2.350868 diff=+0.055355 abs_err=0.055355
INFO | EPOCH_239 | [B=42, T=26, D=3] true=1.594517 pred=1.676003 diff=+0.081487 abs_err=0.081487
INFO | EPOCH_239 | [B=43, T=8, D=11] true=0.844400 pred=0.945636 diff=+0.101236 abs_err=0.101236
INFO | EPOCH_239 | [B=39, T=26, D=0] true=3.017533 pred=2.977293 diff=-0.040239 abs_err=0.040239
INFO | EPOCH_239 | TOP 5 WORST masked points (largest abs_err):
INFO | EPOCH_239 | [B=7, T=3, D=0] true=5.087778 pred=2.275050 diff=-2.812728 abs_err=2.812728
INFO | EPOCH_239 | [B=22, T=25, D=5] true=-2.117338 pred=0.255569 diff=+2.372906 abs_err=2.372906
INFO | EPOCH_239 | [B=60, T=8, D=6] true=1.323833 pred=3.690336 diff=+2.366503 abs_err=2.366503
INFO | EPOCH_239 | [B=60, T=15, D=6] true=1.323426 pred=3.678637 diff=+2.355211 abs_err=2.355211
INFO | EPOCH_239 | [B=60, T=21, D=6] true=1.315996 pred=3.665818 diff=+2.349822 abs_err=2.349822
INFO | EPOCH_239 | TOP 5 BEST/CORRECT masked points (smallest abs_err):
INFO | EPOCH_239 | [B=29, T=29, D=1] true=1.747232 pred=1.747258 diff=+0.000026 abs_err=0.000026
INFO | EPOCH_239 | [B=62, T=4, D=6] true=2.046330 pred=2.046271 diff=-0.000059 abs_err=0.000059
INFO | EPOCH_239 | [B=29, T=22, D=9] true=3.118408 pred=3.118348 diff=-0.000060 abs_err=0.000060
INFO | EPOCH_239 | [B=49, T=13, D=11] true=0.554471 pred=0.554386 diff=-0.000085 abs_err=0.000085
INFO | EPOCH_239 | [B=11, T=7, D=10] true=1.939900 pred=1.940003 diff=+0.000103 abs_err=0.000103
INFO | EPOCH_249 | RANDOM 15 masked points (true, pred, diff, abs_err):
INFO | EPOCH_249 | [B=51, T=26, D=3] true=3.891387 pred=3.814228 diff=-0.077159 abs_err=0.077159
INFO | EPOCH_249 | [B=18, T=25, D=5] true=0.200244 pred=0.222301 diff=+0.022056 abs_err=0.022056
INFO | EPOCH_249 | [B=56, T=17, D=6] true=2.672545 pred=3.176566 diff=+0.504021 abs_err=0.504021
INFO | EPOCH_249 | [B=10, T=9, D=7] true=1.839551 pred=1.446669 diff=-0.392882 abs_err=0.392882
INFO | EPOCH_249 | [B=13, T=9, D=5] true=0.470993 pred=0.296916 diff=-0.174077 abs_err=0.174077
INFO | EPOCH_249 | [B=2, T=22, D=1] true=1.439175 pred=1.487870 diff=+0.048695 abs_err=0.048695
INFO | EPOCH_249 | [B=63, T=11, D=11] true=0.977413 pred=0.814136 diff=-0.163277 abs_err=0.163277
INFO | EPOCH_249 | [B=62, T=23, D=4] true=1.833033 pred=1.885344 diff=+0.052310 abs_err=0.052310
INFO | EPOCH_249 | [B=14, T=0, D=0] true=3.642865 pred=3.562254 diff=-0.080611 abs_err=0.080611
INFO | EPOCH_249 | [B=26, T=1, D=3] true=2.462897 pred=2.492676 diff=+0.029780 abs_err=0.029780
INFO | EPOCH_249 | [B=47, T=25, D=4] true=1.773431 pred=1.807743 diff=+0.034312 abs_err=0.034312
INFO | EPOCH_249 | [B=52, T=10, D=6] true=3.624693 pred=3.582966 diff=-0.041727 abs_err=0.041727
INFO | EPOCH_249 | [B=48, T=3, D=6] true=1.468322 pred=1.383660 diff=-0.084662 abs_err=0.084662
INFO | EPOCH_249 | [B=63, T=14, D=7] true=1.575605 pred=1.634351 diff=+0.058746 abs_err=0.058746
INFO | EPOCH_249 | [B=46, T=13, D=4] true=1.872738 pred=1.960235 diff=+0.087497 abs_err=0.087497
INFO | EPOCH_249 | TOP 5 WORST masked points (largest abs_err):
INFO | EPOCH_249 | [B=25, T=9, D=9] true=3.972294 pred=1.673218 diff=-2.299076 abs_err=2.299076
INFO | EPOCH_249 | [B=49, T=15, D=11] true=2.076173 pred=0.032882 diff=-2.043291 abs_err=2.043291
INFO | EPOCH_249 | [B=49, T=19, D=11] true=2.046684 pred=0.030431 diff=-2.016254 abs_err=2.016254
INFO | EPOCH_249 | [B=49, T=9, D=11] true=2.033089 pred=0.037154 diff=-1.995936 abs_err=1.995936
INFO | EPOCH_249 | [B=49, T=22, D=11] true=1.918596 pred=0.027771 diff=-1.890825 abs_err=1.890825
INFO | EPOCH_249 | TOP 5 BEST/CORRECT masked points (smallest abs_err):
INFO | EPOCH_249 | [B=25, T=5, D=9] true=3.146727 pred=3.146741 diff=+0.000014 abs_err=0.000014
INFO | EPOCH_249 | [B=21, T=8, D=10] true=2.007975 pred=2.008000 diff=+0.000026 abs_err=0.000026
INFO | EPOCH_249 | [B=27, T=23, D=11] true=0.878450 pred=0.878411 diff=-0.000039 abs_err=0.000039
INFO | EPOCH_249 | [B=5, T=28, D=9] true=4.083954 pred=4.083908 diff=-0.000047 abs_err=0.000047
INFO | EPOCH_249 | [B=42, T=12, D=3] true=3.288497 pred=3.288557 diff=+0.000060 abs_err=0.000060
INFO | EPOCH_259 | RANDOM 15 masked points (true, pred, diff, abs_err):
INFO | EPOCH_259 | [B=17, T=19, D=7] true=1.991721 pred=2.040121 diff=+0.048400 abs_err=0.048400
INFO | EPOCH_259 | [B=26, T=30, D=9] true=3.957063 pred=4.112164 diff=+0.155101 abs_err=0.155101
INFO | EPOCH_259 | [B=31, T=7, D=1] true=1.184798 pred=0.937850 diff=-0.246948 abs_err=0.246948
INFO | EPOCH_259 | [B=15, T=6, D=0] true=1.810532 pred=1.739452 diff=-0.071080 abs_err=0.071080
INFO | EPOCH_259 | [B=55, T=11, D=6] true=1.246506 pred=1.187380 diff=-0.059126 abs_err=0.059126
INFO | EPOCH_259 | [B=7, T=16, D=10] true=1.290622 pred=1.454619 diff=+0.163997 abs_err=0.163997
INFO | EPOCH_259 | [B=39, T=3, D=11] true=0.632326 pred=0.544535 diff=-0.087791 abs_err=0.087791
INFO | EPOCH_259 | [B=11, T=7, D=2] true=0.342215 pred=0.159137 diff=-0.183078 abs_err=0.183078
INFO | EPOCH_259 | [B=45, T=14, D=2] true=0.234275 pred=0.135597 diff=-0.098678 abs_err=0.098678
INFO | EPOCH_259 | [B=1, T=10, D=11] true=1.168182 pred=0.817842 diff=-0.350340 abs_err=0.350340
INFO | EPOCH_259 | [B=4, T=11, D=5] true=-0.135367 pred=0.078608 diff=+0.213976 abs_err=0.213976
INFO | EPOCH_259 | [B=61, T=8, D=1] true=2.594409 pred=2.519688 diff=-0.074722 abs_err=0.074722
INFO | EPOCH_259 | [B=36, T=9, D=10] true=1.359826 pred=1.084974 diff=-0.274852 abs_err=0.274852
INFO | EPOCH_259 | [B=7, T=7, D=7] true=1.778083 pred=1.711671 diff=-0.066412 abs_err=0.066412
INFO | EPOCH_259 | [B=22, T=11, D=6] true=1.943376 pred=1.685670 diff=-0.257706 abs_err=0.257706
INFO | EPOCH_259 | TOP 5 WORST masked points (largest abs_err):
INFO | EPOCH_259 | [B=28, T=19, D=11] true=-1.985981 pred=0.609159 diff=+2.595140 abs_err=2.595140
INFO | EPOCH_259 | [B=10, T=5, D=6] true=3.547001 pred=0.973528 diff=-2.573474 abs_err=2.573474
INFO | EPOCH_259 | [B=10, T=12, D=6] true=3.585814 pred=1.020453 diff=-2.565361 abs_err=2.565361
INFO | EPOCH_259 | [B=43, T=7, D=11] true=2.397161 pred=-0.167294 diff=-2.564455 abs_err=2.564455
INFO | EPOCH_259 | [B=13, T=25, D=6] true=3.481149 pred=0.975105 diff=-2.506044 abs_err=2.506044
INFO | EPOCH_259 | TOP 5 BEST/CORRECT masked points (smallest abs_err):
INFO | EPOCH_259 | [B=19, T=5, D=3] true=1.568939 pred=1.568959 diff=+0.000020 abs_err=0.000020
INFO | EPOCH_259 | [B=7, T=27, D=10] true=1.466887 pred=1.466860 diff=-0.000027 abs_err=0.000027
INFO | EPOCH_259 | [B=37, T=19, D=9] true=1.724153 pred=1.724126 diff=-0.000027 abs_err=0.000027
INFO | EPOCH_259 | [B=38, T=6, D=3] true=3.118990 pred=3.118934 diff=-0.000056 abs_err=0.000056
INFO | EPOCH_259 | [B=23, T=15, D=5] true=0.217866 pred=0.218029 diff=+0.000162 abs_err=0.000162
INFO | EPOCH_269 | RANDOM 15 masked points (true, pred, diff, abs_err):
INFO | EPOCH_269 | [B=8, T=2, D=6] true=3.446065 pred=3.399234 diff=-0.046830 abs_err=0.046830
INFO | EPOCH_269 | [B=57, T=8, D=9] true=3.121639 pred=3.071102 diff=-0.050537 abs_err=0.050537
INFO | EPOCH_269 | [B=0, T=15, D=4] true=2.246024 pred=2.447314 diff=+0.201290 abs_err=0.201290
INFO | EPOCH_269 | [B=47, T=9, D=1] true=1.536605 pred=1.583791 diff=+0.047186 abs_err=0.047186
INFO | EPOCH_269 | [B=31, T=27, D=2] true=0.256111 pred=0.125119 diff=-0.130992 abs_err=0.130992
INFO | EPOCH_269 | [B=37, T=11, D=1] true=1.914036 pred=1.498731 diff=-0.415306 abs_err=0.415306
INFO | EPOCH_269 | [B=35, T=25, D=11] true=0.546506 pred=0.197526 diff=-0.348980 abs_err=0.348980
INFO | EPOCH_269 | [B=42, T=17, D=2] true=0.411771 pred=0.361752 diff=-0.050019 abs_err=0.050019
INFO | EPOCH_269 | [B=59, T=8, D=3] true=4.078390 pred=4.197984 diff=+0.119594 abs_err=0.119594
INFO | EPOCH_269 | [B=8, T=26, D=2] true=0.612943 pred=0.521684 diff=-0.091259 abs_err=0.091259
INFO | EPOCH_269 | [B=5, T=3, D=1] true=1.338623 pred=1.387282 diff=+0.048659 abs_err=0.048659
INFO | EPOCH_269 | [B=54, T=23, D=0] true=3.011099 pred=3.096880 diff=+0.085782 abs_err=0.085782
INFO | EPOCH_269 | [B=24, T=11, D=6] true=1.152442 pred=1.237363 diff=+0.084921 abs_err=0.084921
INFO | EPOCH_269 | [B=60, T=0, D=4] true=1.725151 pred=1.509157 diff=-0.215994 abs_err=0.215994
INFO | EPOCH_269 | [B=41, T=21, D=9] true=2.590436 pred=2.862845 diff=+0.272409 abs_err=0.272409
INFO | EPOCH_269 | TOP 5 WORST masked points (largest abs_err):
INFO | EPOCH_269 | [B=26, T=8, D=6] true=1.595185 pred=4.631908 diff=+3.036723 abs_err=3.036723
INFO | EPOCH_269 | [B=53, T=1, D=11] true=-1.173275 pred=1.529261 diff=+2.702536 abs_err=2.702536
INFO | EPOCH_269 | [B=10, T=17, D=11] true=2.587692 pred=0.388623 diff=-2.199069 abs_err=2.199069
INFO | EPOCH_269 | [B=12, T=20, D=11] true=2.590584 pred=0.405171 diff=-2.185413 abs_err=2.185413
INFO | EPOCH_269 | [B=14, T=5, D=6] true=0.146037 pred=2.245819 diff=+2.099782 abs_err=2.099782
INFO | EPOCH_269 | TOP 5 BEST/CORRECT masked points (smallest abs_err):
INFO | EPOCH_269 | [B=26, T=21, D=1] true=2.478844 pred=2.478843 diff=-0.000001 abs_err=0.000001
INFO | EPOCH_269 | [B=21, T=0, D=5] true=0.487275 pred=0.487260 diff=-0.000015 abs_err=0.000015
INFO | EPOCH_269 | [B=21, T=25, D=1] true=2.437221 pred=2.437265 diff=+0.000044 abs_err=0.000044
INFO | EPOCH_269 | [B=40, T=13, D=2] true=0.226620 pred=0.226667 diff=+0.000047 abs_err=0.000047
INFO | EPOCH_269 | [B=18, T=29, D=3] true=2.776133 pred=2.776079 diff=-0.000054 abs_err=0.000054
INFO | EPOCH_279 | RANDOM 15 masked points (true, pred, diff, abs_err):
INFO | EPOCH_279 | [B=52, T=16, D=7] true=1.495564 pred=1.754469 diff=+0.258905 abs_err=0.258905
INFO | EPOCH_279 | [B=11, T=22, D=5] true=0.473639 pred=0.506111 diff=+0.032473 abs_err=0.032473
INFO | EPOCH_279 | [B=4, T=4, D=10] true=1.980915 pred=2.257372 diff=+0.276458 abs_err=0.276458
INFO | EPOCH_279 | [B=39, T=10, D=10] true=1.420440 pred=1.383788 diff=-0.036652 abs_err=0.036652
INFO | EPOCH_279 | [B=8, T=21, D=7] true=1.850186 pred=2.000680 diff=+0.150495 abs_err=0.150495
INFO | EPOCH_279 | [B=27, T=8, D=11] true=0.502580 pred=0.574504 diff=+0.071924 abs_err=0.071924
INFO | EPOCH_279 | [B=12, T=13, D=1] true=2.706822 pred=2.727588 diff=+0.020766 abs_err=0.020766
INFO | EPOCH_279 | [B=1, T=21, D=3] true=3.267364 pred=3.331069 diff=+0.063705 abs_err=0.063705
INFO | EPOCH_279 | [B=29, T=17, D=5] true=-0.122045 pred=0.090739 diff=+0.212784 abs_err=0.212784
INFO | EPOCH_279 | [B=8, T=6, D=7] true=2.310936 pred=2.308707 diff=-0.002229 abs_err=0.002229
INFO | EPOCH_279 | [B=28, T=23, D=9] true=2.570214 pred=2.799664 diff=+0.229451 abs_err=0.229451
INFO | EPOCH_279 | [B=24, T=16, D=11] true=1.043856 pred=0.872905 diff=-0.170950 abs_err=0.170950
INFO | EPOCH_279 | [B=41, T=23, D=5] true=0.058737 pred=0.032254 diff=-0.026482 abs_err=0.026482
INFO | EPOCH_279 | [B=37, T=3, D=1] true=1.309625 pred=1.302642 diff=-0.006982 abs_err=0.006982
INFO | EPOCH_279 | [B=4, T=1, D=5] true=0.243894 pred=0.265853 diff=+0.021959 abs_err=0.021959
INFO | EPOCH_279 | TOP 5 WORST masked points (largest abs_err):
INFO | EPOCH_279 | [B=47, T=24, D=6] true=1.678643 pred=4.579669 diff=+2.901026 abs_err=2.901026
INFO | EPOCH_279 | [B=47, T=28, D=9] true=1.413674 pred=4.126371 diff=+2.712698 abs_err=2.712698
INFO | EPOCH_279 | [B=8, T=0, D=9] true=3.707034 pred=1.484196 diff=-2.222838 abs_err=2.222838
INFO | EPOCH_279 | [B=7, T=7, D=0] true=3.767489 pred=1.575260 diff=-2.192230 abs_err=2.192230
INFO | EPOCH_279 | [B=45, T=4, D=0] true=0.990548 pred=3.179143 diff=+2.188595 abs_err=2.188595
INFO | EPOCH_279 | TOP 5 BEST/CORRECT masked points (smallest abs_err):
INFO | EPOCH_279 | [B=27, T=13, D=2] true=0.266273 pred=0.266262 diff=-0.000010 abs_err=0.000010
INFO | EPOCH_279 | [B=7, T=27, D=5] true=0.387687 pred=0.387705 diff=+0.000018 abs_err=0.000018
INFO | EPOCH_279 | [B=63, T=14, D=2] true=-0.158450 pred=-0.158430 diff=+0.000020 abs_err=0.000020
INFO | EPOCH_279 | [B=21, T=22, D=1] true=1.327209 pred=1.327251 diff=+0.000042 abs_err=0.000042
INFO | EPOCH_279 | [B=21, T=5, D=7] true=2.492355 pred=2.492397 diff=+0.000042 abs_err=0.000042
INFO | EPOCH_289 | RANDOM 15 masked points (true, pred, diff, abs_err):
INFO | EPOCH_289 | [B=58, T=13, D=8] true=1.079519 pred=0.859148 diff=-0.220371 abs_err=0.220371
INFO | EPOCH_289 | [B=34, T=24, D=9] true=1.611113 pred=1.855780 diff=+0.244668 abs_err=0.244668
INFO | EPOCH_289 | [B=49, T=19, D=4] true=1.685952 pred=1.798739 diff=+0.112788 abs_err=0.112788
INFO | EPOCH_289 | [B=43, T=0, D=10] true=1.906512 pred=1.948146 diff=+0.041633 abs_err=0.041633
INFO | EPOCH_289 | [B=63, T=28, D=1] true=1.474435 pred=1.631351 diff=+0.156916 abs_err=0.156916
INFO | EPOCH_289 | [B=48, T=0, D=4] true=2.157736 pred=2.185285 diff=+0.027549 abs_err=0.027549
INFO | EPOCH_289 | [B=48, T=24, D=7] true=2.695003 pred=2.294776 diff=-0.400227 abs_err=0.400227
INFO | EPOCH_289 | [B=12, T=11, D=10] true=1.840425 pred=1.522158 diff=-0.318267 abs_err=0.318267
INFO | EPOCH_289 | [B=27, T=5, D=11] true=0.705738 pred=0.681556 diff=-0.024182 abs_err=0.024182
INFO | EPOCH_289 | [B=28, T=27, D=11] true=0.389160 pred=0.381592 diff=-0.007569 abs_err=0.007569
INFO | EPOCH_289 | [B=27, T=17, D=4] true=1.995664 pred=1.954320 diff=-0.041344 abs_err=0.041344
INFO | EPOCH_289 | [B=46, T=4, D=3] true=2.795496 pred=2.737479 diff=-0.058017 abs_err=0.058017
INFO | EPOCH_289 | [B=61, T=9, D=6] true=2.889556 pred=3.157718 diff=+0.268162 abs_err=0.268162
INFO | EPOCH_289 | [B=42, T=27, D=1] true=2.115516 pred=2.143100 diff=+0.027584 abs_err=0.027584
INFO | EPOCH_289 | [B=15, T=14, D=5] true=0.160973 pred=0.164301 diff=+0.003328 abs_err=0.003328
INFO | EPOCH_289 | TOP 5 WORST masked points (largest abs_err):
INFO | EPOCH_289 | [B=17, T=2, D=6] true=0.050544 pred=3.798798 diff=+3.748254 abs_err=3.748254
INFO | EPOCH_289 | [B=17, T=6, D=6] true=0.042953 pred=3.752882 diff=+3.709929 abs_err=3.709929
INFO | EPOCH_289 | [B=37, T=28, D=6] true=5.711285 pred=3.325389 diff=-2.385896 abs_err=2.385896
INFO | EPOCH_289 | [B=55, T=27, D=9] true=1.255944 pred=3.638549 diff=+2.382605 abs_err=2.382605
INFO | EPOCH_289 | [B=31, T=11, D=3] true=1.384696 pred=3.446795 diff=+2.062099 abs_err=2.062099
INFO | EPOCH_289 | TOP 5 BEST/CORRECT masked points (smallest abs_err):
INFO | EPOCH_289 | [B=47, T=0, D=8] true=0.283823 pred=0.283837 diff=+0.000014 abs_err=0.000014
INFO | EPOCH_289 | [B=8, T=11, D=2] true=-0.002740 pred=-0.002725 diff=+0.000015 abs_err=0.000015
INFO | EPOCH_289 | [B=25, T=3, D=1] true=1.931676 pred=1.931697 diff=+0.000021 abs_err=0.000021
INFO | EPOCH_289 | [B=0, T=13, D=11] true=0.311331 pred=0.311299 diff=-0.000032 abs_err=0.000032
INFO | EPOCH_289 | [B=24, T=31, D=4] true=1.932516 pred=1.932559 diff=+0.000043 abs_err=0.000043
INFO | EPOCH_299 | RANDOM 15 masked points (true, pred, diff, abs_err):
INFO | EPOCH_299 | [B=20, T=5, D=5] true=0.362929 pred=0.239695 diff=-0.123234 abs_err=0.123234
INFO | EPOCH_299 | [B=25, T=16, D=0] true=3.611514 pred=3.607230 diff=-0.004284 abs_err=0.004284
INFO | EPOCH_299 | [B=36, T=26, D=10] true=1.537849 pred=1.414197 diff=-0.123652 abs_err=0.123652
INFO | EPOCH_299 | [B=0, T=21, D=0] true=2.181386 pred=1.638358 diff=-0.543029 abs_err=0.543029
INFO | EPOCH_299 | [B=46, T=15, D=0] true=2.421419 pred=2.580471 diff=+0.159053 abs_err=0.159053
INFO | EPOCH_299 | [B=15, T=22, D=11] true=0.703710 pred=0.659885 diff=-0.043825 abs_err=0.043825
INFO | EPOCH_299 | [B=12, T=19, D=6] true=1.098418 pred=1.044453 diff=-0.053965 abs_err=0.053965
INFO | EPOCH_299 | [B=53, T=13, D=5] true=0.058026 pred=0.260878 diff=+0.202852 abs_err=0.202852
INFO | EPOCH_299 | [B=57, T=14, D=1] true=1.184558 pred=1.255949 diff=+0.071391 abs_err=0.071391
INFO | EPOCH_299 | [B=63, T=25, D=2] true=-0.084497 pred=0.263789 diff=+0.348287 abs_err=0.348287
INFO | EPOCH_299 | [B=40, T=20, D=5] true=0.469509 pred=0.486841 diff=+0.017332 abs_err=0.017332
INFO | EPOCH_299 | [B=16, T=0, D=9] true=3.468065 pred=3.490765 diff=+0.022701 abs_err=0.022701
INFO | EPOCH_299 | [B=5, T=17, D=4] true=1.277562 pred=1.275580 diff=-0.001982 abs_err=0.001982
INFO | EPOCH_299 | [B=60, T=15, D=8] true=0.898909 pred=1.004457 diff=+0.105548 abs_err=0.105548
INFO | EPOCH_299 | [B=58, T=22, D=11] true=0.139215 pred=0.246134 diff=+0.106919 abs_err=0.106919
INFO | EPOCH_299 | TOP 5 WORST masked points (largest abs_err):
INFO | EPOCH_299 | [B=46, T=10, D=6] true=0.025506 pred=3.402151 diff=+3.376645 abs_err=3.376645
INFO | EPOCH_299 | [B=46, T=13, D=6] true=0.022954 pred=3.395757 diff=+3.372803 abs_err=3.372803
INFO | EPOCH_299 | [B=26, T=5, D=9] true=0.757862 pred=3.713452 diff=+2.955590 abs_err=2.955590
INFO | EPOCH_299 | [B=49, T=13, D=2] true=2.202316 pred=-0.231876 diff=-2.434192 abs_err=2.434192
INFO | EPOCH_299 | [B=49, T=14, D=10] true=0.506230 pred=2.849890 diff=+2.343660 abs_err=2.343660
INFO | EPOCH_299 | TOP 5 BEST/CORRECT masked points (smallest abs_err):
INFO | EPOCH_299 | [B=5, T=13, D=11] true=0.563429 pred=0.563423 diff=-0.000006 abs_err=0.000006
INFO | EPOCH_299 | [B=38, T=14, D=6] true=1.242815 pred=1.242779 diff=-0.000036 abs_err=0.000036
INFO | EPOCH_299 | [B=28, T=0, D=10] true=1.866342 pred=1.866258 diff=-0.000084 abs_err=0.000084
INFO | EPOCH_299 | [B=11, T=10, D=7] true=1.535996 pred=1.536087 diff=+0.000090 abs_err=0.000090
INFO | EPOCH_299 | [B=29, T=22, D=10] true=1.342677 pred=1.342565 diff=-0.000112 abs_err=0.000112
INFO | EPOCH_009 | RANDOM 15 masked points (true, pred, diff, abs_err):
INFO | EPOCH_009 | [B=23, T=23, D=10] true=0.868822 pred=1.205926 diff=+0.337104 abs_err=0.337104
INFO | EPOCH_009 | [B=31, T=1, D=6] true=4.345087 pred=4.687475 diff=+0.342389 abs_err=0.342389
INFO | EPOCH_009 | [B=14, T=20, D=3] true=3.374150 pred=3.343858 diff=-0.030291 abs_err=0.030291
INFO | EPOCH_009 | [B=40, T=28, D=5] true=0.457322 pred=0.195049 diff=-0.262273 abs_err=0.262273
INFO | EPOCH_009 | [B=48, T=20, D=7] true=2.364028 pred=2.465709 diff=+0.101681 abs_err=0.101681
INFO | EPOCH_009 | [B=36, T=5, D=1] true=1.690940 pred=1.587550 diff=-0.103391 abs_err=0.103391
INFO | EPOCH_009 | [B=61, T=11, D=9] true=1.461476 pred=1.560872 diff=+0.099395 abs_err=0.099395
INFO | EPOCH_009 | [B=1, T=3, D=0] true=2.149547 pred=2.062140 diff=-0.087407 abs_err=0.087407
INFO | EPOCH_009 | [B=6, T=2, D=6] true=2.284018 pred=2.172318 diff=-0.111700 abs_err=0.111700
INFO | EPOCH_009 | [B=63, T=12, D=0] true=2.799217 pred=2.794031 diff=-0.005186 abs_err=0.005186
INFO | EPOCH_009 | [B=0, T=19, D=3] true=2.525799 pred=2.488683 diff=-0.037117 abs_err=0.037117
INFO | EPOCH_009 | [B=47, T=8, D=8] true=1.055480 pred=1.030324 diff=-0.025156 abs_err=0.025156
INFO | EPOCH_009 | [B=2, T=0, D=1] true=1.217134 pred=1.099492 diff=-0.117643 abs_err=0.117643
INFO | EPOCH_009 | [B=6, T=28, D=11] true=0.905993 pred=0.816750 diff=-0.089243 abs_err=0.089243
INFO | EPOCH_009 | [B=47, T=29, D=9] true=1.482974 pred=1.871351 diff=+0.388377 abs_err=0.388377
INFO | EPOCH_009 | TOP 5 WORST masked points (largest abs_err):
INFO | EPOCH_009 | [B=26, T=8, D=6] true=1.595185 pred=4.419398 diff=+2.824213 abs_err=2.824213
INFO | EPOCH_009 | [B=44, T=20, D=6] true=0.108967 pred=2.725541 diff=+2.616574 abs_err=2.616574
INFO | EPOCH_009 | [B=44, T=18, D=6] true=0.127504 pred=2.721462 diff=+2.593958 abs_err=2.593958
INFO | EPOCH_009 | [B=16, T=0, D=6] true=3.570038 pred=1.073429 diff=-2.496609 abs_err=2.496609
INFO | EPOCH_009 | [B=16, T=3, D=6] true=3.513163 pred=1.079337 diff=-2.433826 abs_err=2.433826
INFO | EPOCH_009 | TOP 5 BEST/CORRECT masked points (smallest abs_err):
INFO | EPOCH_009 | [B=22, T=2, D=5] true=0.431976 pred=0.431982 diff=+0.000006 abs_err=0.000006
INFO | EPOCH_009 | [B=6, T=6, D=5] true=0.138939 pred=0.138925 diff=-0.000014 abs_err=0.000014
INFO | EPOCH_009 | [B=2, T=4, D=0] true=2.077257 pred=2.077225 diff=-0.000032 abs_err=0.000032
INFO | EPOCH_009 | [B=16, T=22, D=0] true=3.548354 pred=3.548308 diff=-0.000046 abs_err=0.000046
INFO | EPOCH_009 | [B=27, T=5, D=4] true=0.807122 pred=0.807174 diff=+0.000052 abs_err=0.000052
INFO | EPOCH_019 | RANDOM 15 masked points (true, pred, diff, abs_err):
INFO | EPOCH_019 | [B=42, T=29, D=6] true=2.971751 pred=2.931964 diff=-0.039787 abs_err=0.039787
INFO | EPOCH_019 | [B=39, T=1, D=3] true=3.244062 pred=3.324211 diff=+0.080149 abs_err=0.080149
INFO | EPOCH_019 | [B=36, T=11, D=4] true=1.499065 pred=1.729511 diff=+0.230446 abs_err=0.230446
INFO | EPOCH_019 | [B=34, T=8, D=10] true=1.370861 pred=1.324611 diff=-0.046250 abs_err=0.046250
INFO | EPOCH_019 | [B=32, T=17, D=11] true=0.124477 pred=0.732006 diff=+0.607529 abs_err=0.607529
INFO | EPOCH_019 | [B=20, T=18, D=5] true=0.267494 pred=0.309896 diff=+0.042403 abs_err=0.042403
INFO | EPOCH_019 | [B=35, T=23, D=10] true=1.385821 pred=1.362683 diff=-0.023138 abs_err=0.023138
INFO | EPOCH_019 | [B=53, T=27, D=9] true=3.660142 pred=3.712174 diff=+0.052032 abs_err=0.052032
INFO | EPOCH_019 | [B=59, T=21, D=5] true=0.049477 pred=0.187282 diff=+0.137805 abs_err=0.137805
INFO | EPOCH_019 | [B=6, T=26, D=2] true=0.087687 pred=0.100447 diff=+0.012760 abs_err=0.012760
INFO | EPOCH_019 | [B=7, T=32, D=2] true=0.587099 pred=0.507743 diff=-0.079356 abs_err=0.079356
INFO | EPOCH_019 | [B=11, T=9, D=9] true=2.759776 pred=2.973185 diff=+0.213409 abs_err=0.213409
INFO | EPOCH_019 | [B=2, T=24, D=9] true=3.490680 pred=3.441768 diff=-0.048912 abs_err=0.048912
INFO | EPOCH_019 | [B=31, T=10, D=9] true=1.609127 pred=1.549853 diff=-0.059274 abs_err=0.059274
INFO | EPOCH_019 | [B=57, T=3, D=9] true=2.898660 pred=2.673501 diff=-0.225159 abs_err=0.225159
INFO | EPOCH_019 | TOP 5 WORST masked points (largest abs_err):
INFO | EPOCH_019 | [B=14, T=11, D=6] true=0.115726 pred=2.902655 diff=+2.786930 abs_err=2.786930
INFO | EPOCH_019 | [B=47, T=28, D=9] true=1.413674 pred=4.200122 diff=+2.786449 abs_err=2.786449
INFO | EPOCH_019 | [B=14, T=5, D=6] true=0.146037 pred=2.895165 diff=+2.749128 abs_err=2.749128
INFO | EPOCH_019 | [B=47, T=24, D=6] true=1.678643 pred=4.384244 diff=+2.705602 abs_err=2.705602
INFO | EPOCH_019 | [B=53, T=1, D=11] true=-1.173275 pred=1.364898 diff=+2.538173 abs_err=2.538173
INFO | EPOCH_019 | TOP 5 BEST/CORRECT masked points (smallest abs_err):
INFO | EPOCH_019 | [B=29, T=18, D=9] true=1.624951 pred=1.624939 diff=-0.000012 abs_err=0.000012
INFO | EPOCH_019 | [B=26, T=26, D=10] true=2.329201 pred=2.329162 diff=-0.000039 abs_err=0.000039
INFO | EPOCH_019 | [B=24, T=16, D=2] true=0.399969 pred=0.400014 diff=+0.000045 abs_err=0.000045
INFO | EPOCH_019 | [B=14, T=13, D=11] true=0.525065 pred=0.525008 diff=-0.000057 abs_err=0.000057
INFO | EPOCH_019 | [B=39, T=14, D=5] true=0.037951 pred=0.038009 diff=+0.000058 abs_err=0.000058
INFO | EPOCH_029 | RANDOM 15 masked points (true, pred, diff, abs_err):
INFO | EPOCH_029 | [B=62, T=19, D=9] true=2.028568 pred=2.123224 diff=+0.094656 abs_err=0.094656
INFO | EPOCH_029 | [B=57, T=14, D=0] true=3.729032 pred=3.751037 diff=+0.022005 abs_err=0.022005
INFO | EPOCH_029 | [B=51, T=18, D=7] true=2.260707 pred=2.317467 diff=+0.056761 abs_err=0.056761
INFO | EPOCH_029 | [B=46, T=6, D=1] true=1.102701 pred=1.367776 diff=+0.265075 abs_err=0.265075
INFO | EPOCH_029 | [B=28, T=12, D=0] true=2.953350 pred=2.997312 diff=+0.043962 abs_err=0.043962
INFO | EPOCH_029 | [B=2, T=4, D=6] true=2.614448 pred=2.747002 diff=+0.132554 abs_err=0.132554
INFO | EPOCH_029 | [B=21, T=1, D=10] true=1.299306 pred=1.325001 diff=+0.025695 abs_err=0.025695
INFO | EPOCH_029 | [B=6, T=0, D=1] true=2.239956 pred=2.577903 diff=+0.337947 abs_err=0.337947
INFO | EPOCH_029 | [B=39, T=23, D=8] true=0.184952 pred=0.265013 diff=+0.080061 abs_err=0.080061
INFO | EPOCH_029 | [B=5, T=9, D=11] true=0.444247 pred=0.493896 diff=+0.049649 abs_err=0.049649
INFO | EPOCH_029 | [B=26, T=18, D=0] true=2.754192 pred=3.043985 diff=+0.289793 abs_err=0.289793
INFO | EPOCH_029 | [B=14, T=19, D=0] true=2.847631 pred=2.912234 diff=+0.064603 abs_err=0.064603
INFO | EPOCH_029 | [B=17, T=9, D=7] true=1.966065 pred=2.310054 diff=+0.343989 abs_err=0.343989
INFO | EPOCH_029 | [B=44, T=8, D=8] true=0.313779 pred=0.367042 diff=+0.053263 abs_err=0.053263
INFO | EPOCH_029 | [B=40, T=16, D=10] true=2.371264 pred=1.955664 diff=-0.415600 abs_err=0.415600
INFO | EPOCH_029 | TOP 5 WORST masked points (largest abs_err):
INFO | EPOCH_029 | [B=55, T=27, D=9] true=1.255944 pred=3.831055 diff=+2.575112 abs_err=2.575112
INFO | EPOCH_029 | [B=45, T=4, D=0] true=0.990548 pred=3.272319 diff=+2.281771 abs_err=2.281771
INFO | EPOCH_029 | [B=0, T=28, D=9] true=3.682978 pred=1.550360 diff=-2.132617 abs_err=2.132617
INFO | EPOCH_029 | [B=15, T=17, D=9] true=3.643659 pred=1.545765 diff=-2.097894 abs_err=2.097894
INFO | EPOCH_029 | [B=8, T=0, D=9] true=3.707034 pred=1.644007 diff=-2.063027 abs_err=2.063027
INFO | EPOCH_029 | TOP 5 BEST/CORRECT masked points (smallest abs_err):
INFO | EPOCH_029 | [B=0, T=11, D=4] true=2.298988 pred=2.298980 diff=-0.000008 abs_err=0.000008
INFO | EPOCH_029 | [B=4, T=13, D=0] true=3.290137 pred=3.290156 diff=+0.000019 abs_err=0.000019
INFO | EPOCH_029 | [B=56, T=0, D=10] true=1.869960 pred=1.869922 diff=-0.000038 abs_err=0.000038
INFO | EPOCH_029 | [B=37, T=23, D=4] true=1.055646 pred=1.055694 diff=+0.000048 abs_err=0.000048
INFO | EPOCH_029 | [B=0, T=22, D=3] true=2.521726 pred=2.521781 diff=+0.000055 abs_err=0.000055
INFO | EPOCH_039 | RANDOM 15 masked points (true, pred, diff, abs_err):
INFO | EPOCH_039 | [B=20, T=1, D=10] true=2.405333 pred=2.207289 diff=-0.198044 abs_err=0.198044
INFO | EPOCH_039 | [B=23, T=3, D=0] true=3.290734 pred=3.333956 diff=+0.043222 abs_err=0.043222
INFO | EPOCH_039 | [B=32, T=9, D=4] true=1.300722 pred=1.321562 diff=+0.020840 abs_err=0.020840
INFO | EPOCH_039 | [B=17, T=21, D=4] true=1.881008 pred=2.541201 diff=+0.660193 abs_err=0.660193
INFO | EPOCH_039 | [B=21, T=29, D=8] true=1.028039 pred=1.013935 diff=-0.014104 abs_err=0.014104
INFO | EPOCH_039 | [B=35, T=8, D=9] true=4.367198 pred=4.316973 diff=-0.050226 abs_err=0.050226
INFO | EPOCH_039 | [B=12, T=13, D=0] true=3.143121 pred=2.431076 diff=-0.712044 abs_err=0.712044
INFO | EPOCH_039 | [B=58, T=5, D=0] true=3.870393 pred=3.860986 diff=-0.009406 abs_err=0.009406
INFO | EPOCH_039 | [B=58, T=15, D=8] true=1.167294 pred=0.779075 diff=-0.388218 abs_err=0.388218
INFO | EPOCH_039 | [B=8, T=1, D=1] true=2.325552 pred=2.431298 diff=+0.105746 abs_err=0.105746
INFO | EPOCH_039 | [B=25, T=10, D=6] true=3.119823 pred=3.592121 diff=+0.472299 abs_err=0.472299
INFO | EPOCH_039 | [B=57, T=11, D=5] true=0.886513 pred=0.728976 diff=-0.157537 abs_err=0.157537
INFO | EPOCH_039 | [B=0, T=14, D=0] true=1.981051 pred=1.845101 diff=-0.135950 abs_err=0.135950
INFO | EPOCH_039 | [B=5, T=13, D=11] true=0.563429 pred=0.528692 diff=-0.034737 abs_err=0.034737
INFO | EPOCH_039 | [B=61, T=10, D=11] true=0.044066 pred=0.768754 diff=+0.724688 abs_err=0.724688
INFO | EPOCH_039 | TOP 5 WORST masked points (largest abs_err):
INFO | EPOCH_039 | [B=17, T=6, D=6] true=0.042953 pred=3.997696 diff=+3.954743 abs_err=3.954743
INFO | EPOCH_039 | [B=17, T=2, D=6] true=0.050544 pred=3.995414 diff=+3.944870 abs_err=3.944870
INFO | EPOCH_039 | [B=46, T=13, D=6] true=0.022954 pred=3.453130 diff=+3.430176 abs_err=3.430176
INFO | EPOCH_039 | [B=46, T=10, D=6] true=0.025506 pred=3.451216 diff=+3.425710 abs_err=3.425710
INFO | EPOCH_039 | [B=37, T=28, D=6] true=5.711285 pred=3.252465 diff=-2.458820 abs_err=2.458820
INFO | EPOCH_039 | TOP 5 BEST/CORRECT masked points (smallest abs_err):
INFO | EPOCH_039 | [B=3, T=26, D=5] true=-0.186920 pred=-0.186926 diff=-0.000006 abs_err=0.000006
INFO | EPOCH_039 | [B=24, T=4, D=10] true=1.598787 pred=1.598748 diff=-0.000039 abs_err=0.000039
INFO | EPOCH_039 | [B=33, T=19, D=7] true=2.573200 pred=2.573249 diff=+0.000049 abs_err=0.000049
INFO | EPOCH_039 | [B=0, T=0, D=3] true=3.028125 pred=3.028190 diff=+0.000066 abs_err=0.000066
INFO | EPOCH_039 | [B=57, T=26, D=7] true=1.229102 pred=1.229036 diff=-0.000066 abs_err=0.000066
INFO | EPOCH_049 | RANDOM 15 masked points (true, pred, diff, abs_err):
INFO | EPOCH_049 | [B=26, T=0, D=5] true=0.537976 pred=0.474795 diff=-0.063180 abs_err=0.063180
INFO | EPOCH_049 | [B=10, T=10, D=0] true=2.024622 pred=2.128121 diff=+0.103499 abs_err=0.103499
INFO | EPOCH_049 | [B=14, T=28, D=3] true=2.425767 pred=1.746977 diff=-0.678790 abs_err=0.678790
INFO | EPOCH_049 | [B=46, T=17, D=6] true=0.966181 pred=1.005728 diff=+0.039547 abs_err=0.039547
INFO | EPOCH_049 | [B=33, T=26, D=2] true=0.524422 pred=0.510580 diff=-0.013842 abs_err=0.013842
INFO | EPOCH_049 | [B=58, T=12, D=1] true=1.426262 pred=1.687125 diff=+0.260863 abs_err=0.260863
INFO | EPOCH_049 | [B=17, T=17, D=2] true=0.466936 pred=0.418165 diff=-0.048771 abs_err=0.048771
INFO | EPOCH_049 | [B=61, T=14, D=6] true=1.870904 pred=1.811574 diff=-0.059330 abs_err=0.059330
INFO | EPOCH_049 | [B=33, T=27, D=7] true=2.702833 pred=2.419979 diff=-0.282854 abs_err=0.282854
INFO | EPOCH_049 | [B=21, T=19, D=4] true=2.244680 pred=2.135253 diff=-0.109427 abs_err=0.109427
INFO | EPOCH_049 | [B=40, T=14, D=1] true=2.410910 pred=2.382777 diff=-0.028133 abs_err=0.028133
INFO | EPOCH_049 | [B=13, T=28, D=5] true=-0.052446 pred=0.586250 diff=+0.638696 abs_err=0.638696
INFO | EPOCH_049 | [B=52, T=27, D=2] true=0.242381 pred=0.413962 diff=+0.171581 abs_err=0.171581
INFO | EPOCH_049 | [B=6, T=15, D=4] true=1.342446 pred=1.215207 diff=-0.127239 abs_err=0.127239
INFO | EPOCH_049 | [B=38, T=12, D=9] true=1.136321 pred=1.383810 diff=+0.247489 abs_err=0.247489
INFO | EPOCH_049 | TOP 5 WORST masked points (largest abs_err):
INFO | EPOCH_049 | [B=26, T=5, D=9] true=0.757862 pred=3.620739 diff=+2.862877 abs_err=2.862877
INFO | EPOCH_049 | [B=49, T=14, D=10] true=0.506230 pred=2.946265 diff=+2.440035 abs_err=2.440035
INFO | EPOCH_049 | [B=30, T=20, D=6] true=0.614586 pred=2.898529 diff=+2.283943 abs_err=2.283943
INFO | EPOCH_049 | [B=49, T=14, D=11] true=2.130419 pred=-0.044496 diff=-2.174915 abs_err=2.174915
INFO | EPOCH_049 | [B=47, T=23, D=3] true=1.117670 pred=3.245204 diff=+2.127534 abs_err=2.127534
INFO | EPOCH_049 | TOP 5 BEST/CORRECT masked points (smallest abs_err):
INFO | EPOCH_049 | [B=23, T=9, D=7] true=1.647749 pred=1.647760 diff=+0.000011 abs_err=0.000011
INFO | EPOCH_049 | [B=27, T=22, D=1] true=1.846195 pred=1.846242 diff=+0.000047 abs_err=0.000047
INFO | EPOCH_049 | [B=50, T=2, D=1] true=2.450441 pred=2.450367 diff=-0.000073 abs_err=0.000073
INFO | EPOCH_049 | [B=53, T=4, D=8] true=1.132847 pred=1.132758 diff=-0.000089 abs_err=0.000089
INFO | EPOCH_049 | [B=58, T=8, D=10] true=1.552577 pred=1.552702 diff=+0.000125 abs_err=0.000125
INFO | EPOCH_059 | RANDOM 15 masked points (true, pred, diff, abs_err):
INFO | EPOCH_059 | [B=0, T=1, D=4] true=0.854701 pred=0.941400 diff=+0.086699 abs_err=0.086699
INFO | EPOCH_059 | [B=53, T=10, D=3] true=3.018839 pred=3.093914 diff=+0.075075 abs_err=0.075075
INFO | EPOCH_059 | [B=61, T=10, D=6] true=2.724144 pred=2.799539 diff=+0.075395 abs_err=0.075395
INFO | EPOCH_059 | [B=20, T=7, D=7] true=1.367684 pred=1.364366 diff=-0.003318 abs_err=0.003318
INFO | EPOCH_059 | [B=55, T=28, D=10] true=1.788599 pred=2.017460 diff=+0.228861 abs_err=0.228861
INFO | EPOCH_059 | [B=57, T=5, D=11] true=1.165192 pred=0.831547 diff=-0.333645 abs_err=0.333645
INFO | EPOCH_059 | [B=49, T=9, D=11] true=0.689002 pred=0.737964 diff=+0.048961 abs_err=0.048961
INFO | EPOCH_059 | [B=26, T=9, D=11] true=0.794443 pred=0.798267 diff=+0.003824 abs_err=0.003824
INFO | EPOCH_059 | [B=51, T=1, D=4] true=1.521931 pred=1.482783 diff=-0.039148 abs_err=0.039148
INFO | EPOCH_059 | [B=46, T=24, D=2] true=0.538290 pred=0.411898 diff=-0.126391 abs_err=0.126391
INFO | EPOCH_059 | [B=43, T=12, D=4] true=1.662091 pred=2.210981 diff=+0.548890 abs_err=0.548890
INFO | EPOCH_059 | [B=20, T=25, D=5] true=0.444882 pred=0.508914 diff=+0.064032 abs_err=0.064032
INFO | EPOCH_059 | [B=1, T=27, D=10] true=1.332935 pred=1.271777 diff=-0.061158 abs_err=0.061158
INFO | EPOCH_059 | [B=63, T=8, D=8] true=1.290000 pred=1.275964 diff=-0.014036 abs_err=0.014036
INFO | EPOCH_059 | [B=63, T=20, D=2] true=0.587585 pred=0.496565 diff=-0.091021 abs_err=0.091021
INFO | EPOCH_059 | TOP 5 WORST masked points (largest abs_err):
INFO | EPOCH_059 | [B=35, T=20, D=3] true=0.534949 pred=3.261850 diff=+2.726901 abs_err=2.726901
INFO | EPOCH_059 | [B=51, T=24, D=6] true=3.759710 pred=1.508501 diff=-2.251209 abs_err=2.251209
INFO | EPOCH_059 | [B=1, T=15, D=3] true=1.012525 pred=3.230368 diff=+2.217843 abs_err=2.217843
INFO | EPOCH_059 | [B=46, T=14, D=2] true=2.224028 pred=0.076533 diff=-2.147495 abs_err=2.147495
INFO | EPOCH_059 | [B=63, T=23, D=3] true=1.364607 pred=3.497676 diff=+2.133069 abs_err=2.133069
INFO | EPOCH_059 | TOP 5 BEST/CORRECT masked points (smallest abs_err):
INFO | EPOCH_059 | [B=1, T=10, D=10] true=1.262947 pred=1.262994 diff=+0.000047 abs_err=0.000047
INFO | EPOCH_059 | [B=5, T=13, D=11] true=0.375989 pred=0.375942 diff=-0.000047 abs_err=0.000047
INFO | EPOCH_059 | [B=19, T=31, D=1] true=1.415476 pred=1.415425 diff=-0.000051 abs_err=0.000051
INFO | EPOCH_059 | [B=24, T=16, D=1] true=1.415112 pred=1.415177 diff=+0.000065 abs_err=0.000065
INFO | EPOCH_059 | [B=41, T=0, D=6] true=1.256912 pred=1.256990 diff=+0.000079 abs_err=0.000079
INFO | EPOCH_069 | RANDOM 15 masked points (true, pred, diff, abs_err):
INFO | EPOCH_069 | [B=15, T=1, D=7] true=1.415397 pred=1.435830 diff=+0.020433 abs_err=0.020433
INFO | EPOCH_069 | [B=16, T=15, D=9] true=2.994944 pred=3.081878 diff=+0.086934 abs_err=0.086934
INFO | EPOCH_069 | [B=61, T=24, D=4] true=2.020574 pred=2.101372 diff=+0.080798 abs_err=0.080798
INFO | EPOCH_069 | [B=51, T=22, D=5] true=0.371941 pred=0.450150 diff=+0.078208 abs_err=0.078208
INFO | EPOCH_069 | [B=12, T=13, D=7] true=2.002473 pred=2.212945 diff=+0.210471 abs_err=0.210471
INFO | EPOCH_069 | [B=32, T=21, D=1] true=2.161882 pred=2.074309 diff=-0.087573 abs_err=0.087573
INFO | EPOCH_069 | [B=19, T=0, D=9] true=2.962033 pred=3.116549 diff=+0.154516 abs_err=0.154516
INFO | EPOCH_069 | [B=29, T=12, D=0] true=4.158781 pred=4.139770 diff=-0.019011 abs_err=0.019011
INFO | EPOCH_069 | [B=20, T=1, D=3] true=1.624408 pred=3.603842 diff=+1.979434 abs_err=1.979434
INFO | EPOCH_069 | [B=15, T=14, D=3] true=3.883056 pred=3.951803 diff=+0.068747 abs_err=0.068747
INFO | EPOCH_069 | [B=21, T=21, D=6] true=3.275423 pred=3.094195 diff=-0.181228 abs_err=0.181228
INFO | EPOCH_069 | [B=23, T=7, D=8] true=0.498758 pred=0.697164 diff=+0.198406 abs_err=0.198406
INFO | EPOCH_069 | [B=4, T=21, D=7] true=1.576944 pred=1.401338 diff=-0.175606 abs_err=0.175606
INFO | EPOCH_069 | [B=31, T=0, D=11] true=0.777206 pred=0.734682 diff=-0.042525 abs_err=0.042525
INFO | EPOCH_069 | [B=52, T=31, D=11] true=0.572186 pred=0.599512 diff=+0.027326 abs_err=0.027326
INFO | EPOCH_069 | TOP 5 WORST masked points (largest abs_err):
INFO | EPOCH_069 | [B=39, T=23, D=3] true=1.330343 pred=4.007048 diff=+2.676705 abs_err=2.676705
INFO | EPOCH_069 | [B=7, T=3, D=0] true=5.087778 pred=2.434244 diff=-2.653534 abs_err=2.653534
INFO | EPOCH_069 | [B=60, T=21, D=6] true=1.315996 pred=3.764993 diff=+2.448997 abs_err=2.448997
INFO | EPOCH_069 | [B=60, T=15, D=6] true=1.323426 pred=3.763968 diff=+2.440542 abs_err=2.440542
INFO | EPOCH_069 | [B=60, T=8, D=6] true=1.323833 pred=3.761937 diff=+2.438105 abs_err=2.438105
INFO | EPOCH_069 | TOP 5 BEST/CORRECT masked points (smallest abs_err):
INFO | EPOCH_069 | [B=58, T=8, D=2] true=0.189438 pred=0.189425 diff=-0.000013 abs_err=0.000013
INFO | EPOCH_069 | [B=16, T=16, D=6] true=3.046932 pred=3.046947 diff=+0.000014 abs_err=0.000014
INFO | EPOCH_069 | [B=20, T=0, D=6] true=2.819375 pred=2.819393 diff=+0.000018 abs_err=0.000018
INFO | EPOCH_069 | [B=53, T=10, D=6] true=0.828620 pred=0.828644 diff=+0.000024 abs_err=0.000024
INFO | EPOCH_069 | [B=60, T=5, D=1] true=2.461354 pred=2.461389 diff=+0.000035 abs_err=0.000035
INFO | EPOCH_079 | RANDOM 15 masked points (true, pred, diff, abs_err):
INFO | EPOCH_079 | [B=31, T=4, D=11] true=0.159710 pred=0.464358 diff=+0.304648 abs_err=0.304648
INFO | EPOCH_079 | [B=0, T=1, D=3] true=3.724732 pred=3.722003 diff=-0.002729 abs_err=0.002729
INFO | EPOCH_079 | [B=46, T=13, D=3] true=2.514006 pred=2.544212 diff=+0.030205 abs_err=0.030205
INFO | EPOCH_079 | [B=25, T=25, D=4] true=1.882771 pred=1.938750 diff=+0.055979 abs_err=0.055979
INFO | EPOCH_079 | [B=13, T=11, D=10] true=1.543794 pred=1.292330 diff=-0.251464 abs_err=0.251464
INFO | EPOCH_079 | [B=6, T=29, D=3] true=3.664396 pred=3.699256 diff=+0.034860 abs_err=0.034860
INFO | EPOCH_079 | [B=16, T=21, D=5] true=0.043036 pred=0.256911 diff=+0.213875 abs_err=0.213875
INFO | EPOCH_079 | [B=59, T=18, D=11] true=0.516806 pred=0.758792 diff=+0.241987 abs_err=0.241987
INFO | EPOCH_079 | [B=53, T=20, D=3] true=3.874282 pred=3.814810 diff=-0.059472 abs_err=0.059472
INFO | EPOCH_079 | [B=50, T=16, D=4] true=1.525820 pred=1.556483 diff=+0.030663 abs_err=0.030663
INFO | EPOCH_079 | [B=14, T=27, D=3] true=3.555663 pred=3.701695 diff=+0.146032 abs_err=0.146032
INFO | EPOCH_079 | [B=7, T=25, D=11] true=0.158000 pred=0.100905 diff=-0.057095 abs_err=0.057095
INFO | EPOCH_079 | [B=18, T=17, D=9] true=3.713660 pred=3.717217 diff=+0.003557 abs_err=0.003557
INFO | EPOCH_079 | [B=10, T=15, D=7] true=1.429389 pred=1.726862 diff=+0.297473 abs_err=0.297473
INFO | EPOCH_079 | [B=63, T=20, D=3] true=3.435125 pred=3.449775 diff=+0.014651 abs_err=0.014651
INFO | EPOCH_079 | TOP 5 WORST masked points (largest abs_err):
INFO | EPOCH_079 | [B=25, T=9, D=9] true=3.972294 pred=1.765489 diff=-2.206806 abs_err=2.206806
INFO | EPOCH_079 | [B=29, T=4, D=10] true=0.463057 pred=2.539144 diff=+2.076088 abs_err=2.076088
INFO | EPOCH_079 | [B=29, T=7, D=10] true=0.487208 pred=2.538820 diff=+2.051611 abs_err=2.051611
INFO | EPOCH_079 | [B=41, T=26, D=9] true=3.495204 pred=1.613907 diff=-1.881297 abs_err=1.881297
INFO | EPOCH_079 | [B=28, T=13, D=10] true=0.457716 pred=2.329186 diff=+1.871471 abs_err=1.871471
INFO | EPOCH_079 | TOP 5 BEST/CORRECT masked points (smallest abs_err):
INFO | EPOCH_079 | [B=51, T=20, D=9] true=3.297305 pred=3.297292 diff=-0.000013 abs_err=0.000013
INFO | EPOCH_079 | [B=5, T=6, D=8] true=0.435055 pred=0.435035 diff=-0.000021 abs_err=0.000021
INFO | EPOCH_079 | [B=57, T=17, D=8] true=0.770080 pred=0.770126 diff=+0.000046 abs_err=0.000046
INFO | EPOCH_079 | [B=29, T=20, D=8] true=1.042368 pred=1.042420 diff=+0.000052 abs_err=0.000052
INFO | EPOCH_079 | [B=52, T=15, D=2] true=0.458806 pred=0.458688 diff=-0.000118 abs_err=0.000118
INFO | EPOCH_089 | RANDOM 15 masked points (true, pred, diff, abs_err):
INFO | EPOCH_089 | [B=0, T=7, D=0] true=2.608631 pred=2.442595 diff=-0.166036 abs_err=0.166036
INFO | EPOCH_089 | [B=26, T=5, D=6] true=4.684985 pred=4.553510 diff=-0.131475 abs_err=0.131475
INFO | EPOCH_089 | [B=46, T=22, D=2] true=0.098429 pred=0.205069 diff=+0.106640 abs_err=0.106640
INFO | EPOCH_089 | [B=42, T=18, D=6] true=1.904721 pred=1.611609 diff=-0.293113 abs_err=0.293113
INFO | EPOCH_089 | [B=56, T=16, D=6] true=1.235873 pred=1.198287 diff=-0.037585 abs_err=0.037585
INFO | EPOCH_089 | [B=31, T=1, D=4] true=1.993754 pred=1.877142 diff=-0.116612 abs_err=0.116612
INFO | EPOCH_089 | [B=13, T=28, D=8] true=0.696705 pred=0.898181 diff=+0.201477 abs_err=0.201477
INFO | EPOCH_089 | [B=5, T=11, D=4] true=1.198261 pred=1.239286 diff=+0.041026 abs_err=0.041026
INFO | EPOCH_089 | [B=57, T=0, D=4] true=2.388660 pred=2.374408 diff=-0.014252 abs_err=0.014252
INFO | EPOCH_089 | [B=0, T=1, D=7] true=1.348188 pred=1.170751 diff=-0.177437 abs_err=0.177437
INFO | EPOCH_089 | [B=21, T=25, D=10] true=2.335463 pred=2.396011 diff=+0.060548 abs_err=0.060548
INFO | EPOCH_089 | [B=41, T=24, D=6] true=3.229584 pred=3.010458 diff=-0.219126 abs_err=0.219126
INFO | EPOCH_089 | [B=3, T=2, D=7] true=1.180873 pred=1.497812 diff=+0.316939 abs_err=0.316939
INFO | EPOCH_089 | [B=59, T=16, D=5] true=0.644229 pred=0.536727 diff=-0.107502 abs_err=0.107502
INFO | EPOCH_089 | [B=20, T=21, D=10] true=2.462653 pred=2.507403 diff=+0.044750 abs_err=0.044750
INFO | EPOCH_089 | TOP 5 WORST masked points (largest abs_err):
INFO | EPOCH_089 | [B=44, T=20, D=6] true=0.108967 pred=2.774788 diff=+2.665820 abs_err=2.665820
INFO | EPOCH_089 | [B=44, T=18, D=6] true=0.127504 pred=2.774258 diff=+2.646753 abs_err=2.646753
INFO | EPOCH_089 | [B=28, T=19, D=11] true=-1.985981 pred=0.554543 diff=+2.540524 abs_err=2.540524
INFO | EPOCH_089 | [B=43, T=7, D=11] true=2.397161 pred=-0.076412 diff=-2.473573 abs_err=2.473573
INFO | EPOCH_089 | [B=33, T=10, D=9] true=3.742375 pred=1.327946 diff=-2.414428 abs_err=2.414428
INFO | EPOCH_089 | TOP 5 BEST/CORRECT masked points (smallest abs_err):
INFO | EPOCH_089 | [B=63, T=27, D=6] true=1.219894 pred=1.219922 diff=+0.000028 abs_err=0.000028
INFO | EPOCH_089 | [B=32, T=3, D=5] true=0.200922 pred=0.200961 diff=+0.000039 abs_err=0.000039
INFO | EPOCH_089 | [B=9, T=7, D=1] true=2.537486 pred=2.537530 diff=+0.000044 abs_err=0.000044
INFO | EPOCH_089 | [B=11, T=18, D=11] true=0.351605 pred=0.351653 diff=+0.000048 abs_err=0.000048
INFO | EPOCH_089 | [B=35, T=16, D=2] true=0.004999 pred=0.005048 diff=+0.000050 abs_err=0.000050
INFO | EPOCH_099 | RANDOM 15 masked points (true, pred, diff, abs_err):
INFO | EPOCH_099 | [B=36, T=3, D=7] true=1.614367 pred=1.621613 diff=+0.007246 abs_err=0.007246
INFO | EPOCH_099 | [B=18, T=17, D=1] true=2.394591 pred=2.452713 diff=+0.058123 abs_err=0.058123
INFO | EPOCH_099 | [B=49, T=3, D=6] true=2.765324 pred=2.732055 diff=-0.033269 abs_err=0.033269
INFO | EPOCH_099 | [B=8, T=19, D=1] true=1.557380 pred=1.413826 diff=-0.143555 abs_err=0.143555
INFO | EPOCH_099 | [B=53, T=12, D=8] true=1.029833 pred=0.983247 diff=-0.046586 abs_err=0.046586
INFO | EPOCH_099 | [B=41, T=19, D=7] true=1.395944 pred=1.302188 diff=-0.093756 abs_err=0.093756
INFO | EPOCH_099 | [B=27, T=21, D=6] true=4.009436 pred=3.981488 diff=-0.027948 abs_err=0.027948
INFO | EPOCH_099 | [B=4, T=29, D=2] true=0.269739 pred=0.141640 diff=-0.128099 abs_err=0.128099
INFO | EPOCH_099 | [B=11, T=17, D=5] true=0.486483 pred=0.388401 diff=-0.098082 abs_err=0.098082
INFO | EPOCH_099 | [B=54, T=23, D=5] true=0.148006 pred=0.111446 diff=-0.036560 abs_err=0.036560
INFO | EPOCH_099 | [B=12, T=10, D=5] true=0.424215 pred=0.416951 diff=-0.007264 abs_err=0.007264
INFO | EPOCH_099 | [B=44, T=12, D=4] true=0.999123 pred=1.098524 diff=+0.099401 abs_err=0.099401
INFO | EPOCH_099 | [B=59, T=19, D=0] true=2.592831 pred=2.680065 diff=+0.087234 abs_err=0.087234
INFO | EPOCH_099 | [B=43, T=19, D=7] true=2.132015 pred=2.090592 diff=-0.041423 abs_err=0.041423
INFO | EPOCH_099 | [B=15, T=23, D=2] true=0.182720 pred=0.154886 diff=-0.027834 abs_err=0.027834
INFO | EPOCH_099 | TOP 5 WORST masked points (largest abs_err):
INFO | EPOCH_099 | [B=26, T=8, D=6] true=1.595185 pred=4.382970 diff=+2.787785 abs_err=2.787785
INFO | EPOCH_099 | [B=14, T=11, D=6] true=0.115726 pred=2.734819 diff=+2.619093 abs_err=2.619093
INFO | EPOCH_099 | [B=14, T=5, D=6] true=0.146037 pred=2.733524 diff=+2.587488 abs_err=2.587488
INFO | EPOCH_099 | [B=53, T=1, D=11] true=-1.173275 pred=1.261629 diff=+2.434904 abs_err=2.434904
INFO | EPOCH_099 | [B=63, T=15, D=6] true=0.098340 pred=2.461976 diff=+2.363636 abs_err=2.363636
INFO | EPOCH_099 | TOP 5 BEST/CORRECT masked points (smallest abs_err):
INFO | EPOCH_099 | [B=63, T=1, D=5] true=0.425027 pred=0.425034 diff=+0.000007 abs_err=0.000007
INFO | EPOCH_099 | [B=11, T=20, D=10] true=1.539780 pred=1.539759 diff=-0.000021 abs_err=0.000021
INFO | EPOCH_099 | [B=62, T=5, D=8] true=1.126142 pred=1.126166 diff=+0.000025 abs_err=0.000025
INFO | EPOCH_099 | [B=62, T=28, D=10] true=1.595761 pred=1.595794 diff=+0.000034 abs_err=0.000034
INFO | EPOCH_099 | [B=43, T=22, D=6] true=2.784847 pred=2.784885 diff=+0.000038 abs_err=0.000038
INFO | EPOCH_109 | RANDOM 15 masked points (true, pred, diff, abs_err):
INFO | EPOCH_109 | [B=3, T=5, D=9] true=1.434901 pred=1.504843 diff=+0.069942 abs_err=0.069942
INFO | EPOCH_109 | [B=25, T=26, D=1] true=1.781896 pred=1.517441 diff=-0.264455 abs_err=0.264455
INFO | EPOCH_109 | [B=34, T=9, D=5] true=-0.059913 pred=0.089705 diff=+0.149618 abs_err=0.149618
INFO | EPOCH_109 | [B=63, T=1, D=3] true=2.359633 pred=2.134267 diff=-0.225366 abs_err=0.225366
INFO | EPOCH_109 | [B=49, T=11, D=0] true=3.403345 pred=3.382732 diff=-0.020613 abs_err=0.020613
INFO | EPOCH_109 | [B=8, T=6, D=6] true=0.946654 pred=0.976895 diff=+0.030240 abs_err=0.030240
INFO | EPOCH_109 | [B=55, T=21, D=2] true=0.051068 pred=0.063048 diff=+0.011979 abs_err=0.011979
INFO | EPOCH_109 | [B=21, T=10, D=2] true=0.123395 pred=0.179654 diff=+0.056259 abs_err=0.056259
INFO | EPOCH_109 | [B=22, T=31, D=4] true=1.156488 pred=1.539346 diff=+0.382858 abs_err=0.382858
INFO | EPOCH_109 | [B=30, T=12, D=5] true=0.081215 pred=0.023501 diff=-0.057714 abs_err=0.057714
INFO | EPOCH_109 | [B=51, T=2, D=3] true=3.372511 pred=3.447685 diff=+0.075174 abs_err=0.075174
INFO | EPOCH_109 | [B=4, T=5, D=5] true=0.280198 pred=0.280127 diff=-0.000071 abs_err=0.000071
INFO | EPOCH_109 | [B=7, T=21, D=2] true=0.304012 pred=0.124878 diff=-0.179134 abs_err=0.179134
INFO | EPOCH_109 | [B=55, T=9, D=1] true=2.169151 pred=2.046556 diff=-0.122595 abs_err=0.122595
INFO | EPOCH_109 | [B=21, T=20, D=5] true=0.474963 pred=0.331478 diff=-0.143485 abs_err=0.143485
INFO | EPOCH_109 | TOP 5 WORST masked points (largest abs_err):
INFO | EPOCH_109 | [B=47, T=24, D=6] true=1.678643 pred=4.552814 diff=+2.874172 abs_err=2.874172
INFO | EPOCH_109 | [B=47, T=28, D=9] true=1.413674 pred=4.197061 diff=+2.783388 abs_err=2.783388
INFO | EPOCH_109 | [B=7, T=7, D=0] true=3.767489 pred=1.403721 diff=-2.363769 abs_err=2.363769
INFO | EPOCH_109 | [B=45, T=4, D=0] true=0.990548 pred=3.204037 diff=+2.213489 abs_err=2.213489
INFO | EPOCH_109 | [B=15, T=17, D=9] true=3.643659 pred=1.494239 diff=-2.149420 abs_err=2.149420
INFO | EPOCH_109 | TOP 5 BEST/CORRECT masked points (smallest abs_err):
INFO | EPOCH_109 | [B=34, T=24, D=7] true=1.347005 pred=1.347029 diff=+0.000025 abs_err=0.000025
INFO | EPOCH_109 | [B=57, T=8, D=1] true=1.776221 pred=1.776188 diff=-0.000033 abs_err=0.000033
INFO | EPOCH_109 | [B=58, T=29, D=0] true=3.179171 pred=3.179131 diff=-0.000041 abs_err=0.000041
INFO | EPOCH_109 | [B=38, T=7, D=1] true=1.341277 pred=1.341231 diff=-0.000046 abs_err=0.000046
INFO | EPOCH_109 | [B=4, T=5, D=5] true=0.280198 pred=0.280127 diff=-0.000071 abs_err=0.000071
INFO | EPOCH_119 | RANDOM 15 masked points (true, pred, diff, abs_err):
INFO | EPOCH_119 | [B=6, T=4, D=4] true=1.692780 pred=1.702257 diff=+0.009477 abs_err=0.009477
INFO | EPOCH_119 | [B=57, T=6, D=1] true=1.640192 pred=1.172669 diff=-0.467523 abs_err=0.467523
INFO | EPOCH_119 | [B=55, T=23, D=2] true=0.201953 pred=0.307269 diff=+0.105315 abs_err=0.105315
INFO | EPOCH_119 | [B=14, T=8, D=6] true=3.682958 pred=3.476504 diff=-0.206454 abs_err=0.206454
INFO | EPOCH_119 | [B=51, T=7, D=7] true=1.230797 pred=1.089165 diff=-0.141632 abs_err=0.141632
INFO | EPOCH_119 | [B=58, T=8, D=9] true=4.011429 pred=3.377651 diff=-0.633778 abs_err=0.633778
INFO | EPOCH_119 | [B=3, T=16, D=0] true=3.145891 pred=3.179867 diff=+0.033976 abs_err=0.033976
INFO | EPOCH_119 | [B=8, T=24, D=3] true=2.922771 pred=3.131837 diff=+0.209065 abs_err=0.209065
INFO | EPOCH_119 | [B=50, T=11, D=9] true=4.473432 pred=4.293281 diff=-0.180151 abs_err=0.180151
INFO | EPOCH_119 | [B=58, T=7, D=7] true=1.536483 pred=1.388142 diff=-0.148341 abs_err=0.148341
INFO | EPOCH_119 | [B=15, T=10, D=11] true=0.588019 pred=0.547976 diff=-0.040043 abs_err=0.040043
INFO | EPOCH_119 | [B=24, T=12, D=9] true=3.252517 pred=3.215877 diff=-0.036641 abs_err=0.036641
INFO | EPOCH_119 | [B=21, T=29, D=3] true=3.156639 pred=3.092943 diff=-0.063696 abs_err=0.063696
INFO | EPOCH_119 | [B=44, T=4, D=3] true=3.343612 pred=3.264630 diff=-0.078983 abs_err=0.078983
INFO | EPOCH_119 | [B=39, T=12, D=4] true=1.461227 pred=1.382913 diff=-0.078314 abs_err=0.078314
INFO | EPOCH_119 | TOP 5 WORST masked points (largest abs_err):
INFO | EPOCH_119 | [B=17, T=6, D=6] true=0.042953 pred=3.559492 diff=+3.516539 abs_err=3.516539
INFO | EPOCH_119 | [B=17, T=2, D=6] true=0.050544 pred=3.561675 diff=+3.511131 abs_err=3.511131
INFO | EPOCH_119 | [B=37, T=28, D=6] true=5.711285 pred=3.102355 diff=-2.608931 abs_err=2.608931
INFO | EPOCH_119 | [B=55, T=27, D=9] true=1.255944 pred=3.673763 diff=+2.417819 abs_err=2.417819
INFO | EPOCH_119 | [B=31, T=11, D=3] true=1.384696 pred=3.632185 diff=+2.247488 abs_err=2.247488
INFO | EPOCH_119 | TOP 5 BEST/CORRECT masked points (smallest abs_err):
INFO | EPOCH_119 | [B=17, T=8, D=9] true=3.281712 pred=3.281718 diff=+0.000005 abs_err=0.000005
INFO | EPOCH_119 | [B=45, T=23, D=8] true=0.301340 pred=0.301327 diff=-0.000014 abs_err=0.000014
INFO | EPOCH_119 | [B=32, T=2, D=9] true=2.422696 pred=2.422680 diff=-0.000015 abs_err=0.000015
INFO | EPOCH_119 | [B=32, T=3, D=4] true=2.034144 pred=2.034091 diff=-0.000053 abs_err=0.000053
INFO | EPOCH_119 | [B=28, T=29, D=2] true=-0.099461 pred=-0.099382 diff=+0.000080 abs_err=0.000080
INFO | EPOCH_129 | RANDOM 15 masked points (true, pred, diff, abs_err):
INFO | EPOCH_129 | [B=54, T=27, D=2] true=0.559847 pred=0.466759 diff=-0.093088 abs_err=0.093088
INFO | EPOCH_129 | [B=32, T=14, D=10] true=2.767452 pred=2.744155 diff=-0.023297 abs_err=0.023297
INFO | EPOCH_129 | [B=26, T=30, D=9] true=3.649124 pred=3.591816 diff=-0.057307 abs_err=0.057307
INFO | EPOCH_129 | [B=14, T=30, D=0] true=4.054718 pred=4.303688 diff=+0.248971 abs_err=0.248971
INFO | EPOCH_129 | [B=21, T=24, D=2] true=0.219540 pred=0.319300 diff=+0.099760 abs_err=0.099760
INFO | EPOCH_129 | [B=46, T=31, D=7] true=3.449074 pred=2.103064 diff=-1.346009 abs_err=1.346009
INFO | EPOCH_129 | [B=5, T=20, D=2] true=0.244140 pred=0.451955 diff=+0.207815 abs_err=0.207815
INFO | EPOCH_129 | [B=23, T=2, D=7] true=1.616538 pred=1.581303 diff=-0.035234 abs_err=0.035234
INFO | EPOCH_129 | [B=28, T=28, D=1] true=1.276293 pred=1.331730 diff=+0.055437 abs_err=0.055437
INFO | EPOCH_129 | [B=60, T=25, D=6] true=1.669475 pred=1.272862 diff=-0.396613 abs_err=0.396613
INFO | EPOCH_129 | [B=59, T=13, D=6] true=0.980723 pred=1.285270 diff=+0.304547 abs_err=0.304547
INFO | EPOCH_129 | [B=38, T=21, D=7] true=2.334332 pred=2.476917 diff=+0.142584 abs_err=0.142584
INFO | EPOCH_129 | [B=49, T=1, D=0] true=2.757179 pred=2.576219 diff=-0.180959 abs_err=0.180959
INFO | EPOCH_129 | [B=40, T=30, D=6] true=1.260716 pred=1.127100 diff=-0.133616 abs_err=0.133616
INFO | EPOCH_129 | [B=36, T=10, D=11] true=0.209527 pred=0.244607 diff=+0.035080 abs_err=0.035080
INFO | EPOCH_129 | TOP 5 WORST masked points (largest abs_err):
INFO | EPOCH_129 | [B=46, T=10, D=6] true=0.025506 pred=3.385773 diff=+3.360267 abs_err=3.360267
INFO | EPOCH_129 | [B=46, T=13, D=6] true=0.022954 pred=3.383075 diff=+3.360120 abs_err=3.360120
INFO | EPOCH_129 | [B=26, T=5, D=9] true=0.757862 pred=3.598567 diff=+2.840705 abs_err=2.840705
INFO | EPOCH_129 | [B=17, T=16, D=6] true=3.318204 pred=1.021036 diff=-2.297168 abs_err=2.297168
INFO | EPOCH_129 | [B=49, T=14, D=10] true=0.506230 pred=2.781923 diff=+2.275693 abs_err=2.275693
INFO | EPOCH_129 | TOP 5 BEST/CORRECT masked points (smallest abs_err):
INFO | EPOCH_129 | [B=8, T=8, D=3] true=4.208664 pred=4.208628 diff=-0.000036 abs_err=0.000036
INFO | EPOCH_129 | [B=15, T=15, D=9] true=3.482260 pred=3.482326 diff=+0.000066 abs_err=0.000066
INFO | EPOCH_129 | [B=9, T=16, D=1] true=2.408057 pred=2.407990 diff=-0.000067 abs_err=0.000067
INFO | EPOCH_129 | [B=59, T=12, D=10] true=1.383914 pred=1.383841 diff=-0.000073 abs_err=0.000073
INFO | EPOCH_129 | [B=1, T=4, D=8] true=0.935608 pred=0.935534 diff=-0.000074 abs_err=0.000074
INFO | EPOCH_139 | RANDOM 15 masked points (true, pred, diff, abs_err):
INFO | EPOCH_139 | [B=25, T=5, D=2] true=-0.100883 pred=0.104346 diff=+0.205228 abs_err=0.205228
INFO | EPOCH_139 | [B=35, T=9, D=2] true=0.283166 pred=0.369230 diff=+0.086064 abs_err=0.086064
INFO | EPOCH_139 | [B=30, T=21, D=8] true=0.974412 pred=0.983053 diff=+0.008641 abs_err=0.008641
INFO | EPOCH_139 | [B=0, T=25, D=10] true=1.278620 pred=1.219540 diff=-0.059079 abs_err=0.059079
INFO | EPOCH_139 | [B=47, T=19, D=5] true=0.368348 pred=0.289532 diff=-0.078816 abs_err=0.078816
INFO | EPOCH_139 | [B=35, T=19, D=10] true=2.406503 pred=2.266144 diff=-0.140360 abs_err=0.140360
INFO | EPOCH_139 | [B=27, T=20, D=10] true=1.964768 pred=1.848644 diff=-0.116125 abs_err=0.116125
INFO | EPOCH_139 | [B=62, T=14, D=5] true=0.352365 pred=0.442389 diff=+0.090024 abs_err=0.090024
INFO | EPOCH_139 | [B=63, T=4, D=2] true=0.276973 pred=0.414281 diff=+0.137308 abs_err=0.137308
INFO | EPOCH_139 | [B=21, T=15, D=0] true=3.292096 pred=3.298733 diff=+0.006637 abs_err=0.006637
INFO | EPOCH_139 | [B=13, T=26, D=9] true=3.325027 pred=3.170257 diff=-0.154771 abs_err=0.154771
INFO | EPOCH_139 | [B=34, T=16, D=3] true=3.504745 pred=3.460058 diff=-0.044687 abs_err=0.044687
INFO | EPOCH_139 | [B=34, T=9, D=3] true=2.556774 pred=2.383394 diff=-0.173380 abs_err=0.173380
INFO | EPOCH_139 | [B=47, T=3, D=0] true=3.458228 pred=3.181632 diff=-0.276596 abs_err=0.276596
INFO | EPOCH_139 | [B=56, T=1, D=1] true=1.414584 pred=1.434020 diff=+0.019436 abs_err=0.019436
INFO | EPOCH_139 | TOP 5 WORST masked points (largest abs_err):
INFO | EPOCH_139 | [B=51, T=24, D=6] true=3.759710 pred=1.624359 diff=-2.135351 abs_err=2.135351
INFO | EPOCH_139 | [B=51, T=26, D=0] true=3.701226 pred=1.576233 diff=-2.124994 abs_err=2.124994
INFO | EPOCH_139 | [B=53, T=9, D=6] true=3.705956 pred=1.585176 diff=-2.120780 abs_err=2.120780
INFO | EPOCH_139 | [B=58, T=14, D=3] true=1.426142 pred=3.515874 diff=+2.089732 abs_err=2.089732
INFO | EPOCH_139 | [B=63, T=23, D=3] true=1.364607 pred=3.448634 diff=+2.084027 abs_err=2.084027
INFO | EPOCH_139 | TOP 5 BEST/CORRECT masked points (smallest abs_err):
INFO | EPOCH_139 | [B=44, T=6, D=2] true=0.498536 pred=0.498562 diff=+0.000026 abs_err=0.000026
INFO | EPOCH_139 | [B=57, T=21, D=10] true=1.231242 pred=1.231275 diff=+0.000033 abs_err=0.000033
INFO | EPOCH_139 | [B=3, T=21, D=3] true=2.289209 pred=2.289263 diff=+0.000055 abs_err=0.000055
INFO | EPOCH_139 | [B=32, T=1, D=1] true=2.550004 pred=2.550060 diff=+0.000056 abs_err=0.000056
INFO | EPOCH_139 | [B=59, T=15, D=10] true=1.894634 pred=1.894572 diff=-0.000062 abs_err=0.000062
INFO | EPOCH_149 | RANDOM 15 masked points (true, pred, diff, abs_err):
INFO | EPOCH_149 | [B=0, T=13, D=0] true=3.473228 pred=3.494724 diff=+0.021496 abs_err=0.021496
INFO | EPOCH_149 | [B=11, T=29, D=10] true=1.280824 pred=1.193228 diff=-0.087596 abs_err=0.087596
INFO | EPOCH_149 | [B=9, T=0, D=6] true=3.528522 pred=3.478892 diff=-0.049630 abs_err=0.049630
INFO | EPOCH_149 | [B=56, T=4, D=5] true=0.636966 pred=0.464107 diff=-0.172860 abs_err=0.172860
INFO | EPOCH_149 | [B=61, T=19, D=10] true=1.406731 pred=1.435749 diff=+0.029017 abs_err=0.029017
INFO | EPOCH_149 | [B=62, T=14, D=0] true=3.241684 pred=3.257258 diff=+0.015574 abs_err=0.015574
INFO | EPOCH_149 | [B=1, T=27, D=6] true=2.713804 pred=2.722924 diff=+0.009120 abs_err=0.009120
INFO | EPOCH_149 | [B=56, T=7, D=5] true=0.404021 pred=0.464381 diff=+0.060360 abs_err=0.060360
INFO | EPOCH_149 | [B=0, T=16, D=11] true=0.685873 pred=0.752086 diff=+0.066213 abs_err=0.066213
INFO | EPOCH_149 | [B=0, T=11, D=3] true=3.046288 pred=3.098894 diff=+0.052606 abs_err=0.052606
INFO | EPOCH_149 | [B=15, T=7, D=11] true=0.420941 pred=0.418364 diff=-0.002577 abs_err=0.002577
INFO | EPOCH_149 | [B=0, T=1, D=0] true=3.308061 pred=3.259931 diff=-0.048131 abs_err=0.048131
INFO | EPOCH_149 | [B=63, T=16, D=3] true=3.133891 pred=3.078100 diff=-0.055791 abs_err=0.055791
INFO | EPOCH_149 | [B=62, T=17, D=2] true=0.463578 pred=0.509823 diff=+0.046245 abs_err=0.046245
INFO | EPOCH_149 | [B=49, T=12, D=10] true=2.430308 pred=2.302269 diff=-0.128039 abs_err=0.128039
INFO | EPOCH_149 | TOP 5 WORST masked points (largest abs_err):
INFO | EPOCH_149 | [B=35, T=20, D=3] true=0.534949 pred=3.183020 diff=+2.648071 abs_err=2.648071
INFO | EPOCH_149 | [B=46, T=14, D=2] true=2.224028 pred=-0.004032 diff=-2.228060 abs_err=2.228060
INFO | EPOCH_149 | [B=37, T=25, D=0] true=0.800751 pred=2.946758 diff=+2.146007 abs_err=2.146007
INFO | EPOCH_149 | [B=0, T=1, D=3] true=1.405513 pred=3.542633 diff=+2.137120 abs_err=2.137120
INFO | EPOCH_149 | [B=0, T=5, D=3] true=1.426706 pred=3.542343 diff=+2.115637 abs_err=2.115637
INFO | EPOCH_149 | TOP 5 BEST/CORRECT masked points (smallest abs_err):
INFO | EPOCH_149 | [B=29, T=2, D=9] true=3.071638 pred=3.071645 diff=+0.000007 abs_err=0.000007
INFO | EPOCH_149 | [B=5, T=20, D=9] true=3.531002 pred=3.531009 diff=+0.000007 abs_err=0.000007
INFO | EPOCH_149 | [B=42, T=0, D=1] true=2.241057 pred=2.241082 diff=+0.000025 abs_err=0.000025
INFO | EPOCH_149 | [B=16, T=20, D=4] true=1.447016 pred=1.447045 diff=+0.000030 abs_err=0.000030
INFO | EPOCH_149 | [B=44, T=22, D=10] true=2.241060 pred=2.241017 diff=-0.000042 abs_err=0.000042
INFO | EPOCH_159 | RANDOM 15 masked points (true, pred, diff, abs_err):
INFO | EPOCH_159 | [B=22, T=11, D=1] true=1.938681 pred=1.904142 diff=-0.034539 abs_err=0.034539
INFO | EPOCH_159 | [B=10, T=13, D=2] true=0.029551 pred=0.332805 diff=+0.303254 abs_err=0.303254
INFO | EPOCH_159 | [B=43, T=30, D=4] true=1.240677 pred=1.645737 diff=+0.405061 abs_err=0.405061
INFO | EPOCH_159 | [B=63, T=26, D=3] true=3.701192 pred=3.580963 diff=-0.120229 abs_err=0.120229
INFO | EPOCH_159 | [B=15, T=6, D=4] true=2.057087 pred=1.915260 diff=-0.141827 abs_err=0.141827
INFO | EPOCH_159 | [B=54, T=6, D=6] true=0.726061 pred=0.745250 diff=+0.019189 abs_err=0.019189
INFO | EPOCH_159 | [B=55, T=7, D=1] true=1.548996 pred=1.544914 diff=-0.004082 abs_err=0.004082
INFO | EPOCH_159 | [B=55, T=22, D=8] true=0.974566 pred=1.028723 diff=+0.054157 abs_err=0.054157
INFO | EPOCH_159 | [B=56, T=12, D=2] true=0.316279 pred=0.200070 diff=-0.116209 abs_err=0.116209
INFO | EPOCH_159 | [B=25, T=10, D=0] true=2.186654 pred=2.304693 diff=+0.118039 abs_err=0.118039
INFO | EPOCH_159 | [B=9, T=22, D=3] true=3.620939 pred=3.584517 diff=-0.036422 abs_err=0.036422
INFO | EPOCH_159 | [B=14, T=27, D=2] true=-0.160485 pred=-0.011905 diff=+0.148581 abs_err=0.148581
INFO | EPOCH_159 | [B=32, T=23, D=10] true=2.298269 pred=2.086385 diff=-0.211884 abs_err=0.211884
INFO | EPOCH_159 | [B=42, T=6, D=1] true=1.603548 pred=1.559716 diff=-0.043832 abs_err=0.043832
INFO | EPOCH_159 | [B=38, T=11, D=11] true=0.745617 pred=0.872882 diff=+0.127265 abs_err=0.127265
INFO | EPOCH_159 | TOP 5 WORST masked points (largest abs_err):
INFO | EPOCH_159 | [B=7, T=3, D=0] true=5.087778 pred=2.325877 diff=-2.761901 abs_err=2.761901
INFO | EPOCH_159 | [B=58, T=19, D=6] true=3.603509 pred=1.234883 diff=-2.368626 abs_err=2.368626
INFO | EPOCH_159 | [B=7, T=3, D=2] true=2.372046 pred=0.057311 diff=-2.314735 abs_err=2.314735
INFO | EPOCH_159 | [B=25, T=9, D=9] true=3.972294 pred=1.686849 diff=-2.285445 abs_err=2.285445
INFO | EPOCH_159 | [B=29, T=4, D=10] true=0.463057 pred=2.643209 diff=+2.180152 abs_err=2.180152
INFO | EPOCH_159 | TOP 5 BEST/CORRECT masked points (smallest abs_err):
INFO | EPOCH_159 | [B=46, T=11, D=10] true=2.298015 pred=2.298046 diff=+0.000030 abs_err=0.000030
INFO | EPOCH_159 | [B=27, T=5, D=5] true=0.083719 pred=0.083753 diff=+0.000033 abs_err=0.000033
INFO | EPOCH_159 | [B=50, T=12, D=7] true=2.323263 pred=2.323331 diff=+0.000067 abs_err=0.000067
INFO | EPOCH_159 | [B=25, T=5, D=10] true=2.085501 pred=2.085570 diff=+0.000069 abs_err=0.000069
INFO | EPOCH_159 | [B=45, T=10, D=7] true=2.305151 pred=2.305071 diff=-0.000080 abs_err=0.000080
INFO | EPOCH_169 | RANDOM 15 masked points (true, pred, diff, abs_err):
INFO | EPOCH_169 | [B=3, T=15, D=5] true=0.459777 pred=0.406775 diff=-0.053002 abs_err=0.053002
INFO | EPOCH_169 | [B=8, T=31, D=3] true=2.698590 pred=2.634196 diff=-0.064394 abs_err=0.064394
INFO | EPOCH_169 | [B=57, T=22, D=3] true=3.864186 pred=3.836003 diff=-0.028183 abs_err=0.028183
INFO | EPOCH_169 | [B=38, T=20, D=8] true=-0.123419 pred=0.154404 diff=+0.277822 abs_err=0.277822
INFO | EPOCH_169 | [B=48, T=15, D=6] true=3.568448 pred=3.212747 diff=-0.355700 abs_err=0.355700
INFO | EPOCH_169 | [B=2, T=13, D=3] true=2.591623 pred=2.915835 diff=+0.324212 abs_err=0.324212
INFO | EPOCH_169 | [B=57, T=20, D=11] true=0.725807 pred=0.675747 diff=-0.050060 abs_err=0.050060
INFO | EPOCH_169 | [B=43, T=26, D=1] true=1.334196 pred=1.364817 diff=+0.030621 abs_err=0.030621
INFO | EPOCH_169 | [B=0, T=2, D=8] true=1.137961 pred=1.337221 diff=+0.199260 abs_err=0.199260
INFO | EPOCH_169 | [B=17, T=25, D=8] true=1.398414 pred=1.315659 diff=-0.082755 abs_err=0.082755
INFO | EPOCH_169 | [B=6, T=16, D=7] true=1.617187 pred=1.721498 diff=+0.104311 abs_err=0.104311
INFO | EPOCH_169 | [B=45, T=25, D=10] true=1.671865 pred=1.528254 diff=-0.143612 abs_err=0.143612
INFO | EPOCH_169 | [B=26, T=0, D=9] true=3.324821 pred=3.477590 diff=+0.152769 abs_err=0.152769
INFO | EPOCH_169 | [B=10, T=17, D=11] true=0.302368 pred=0.364330 diff=+0.061961 abs_err=0.061961
INFO | EPOCH_169 | [B=23, T=0, D=7] true=2.290267 pred=2.206232 diff=-0.084035 abs_err=0.084035
INFO | EPOCH_169 | TOP 5 WORST masked points (largest abs_err):
INFO | EPOCH_169 | [B=43, T=7, D=11] true=2.397161 pred=-0.113997 diff=-2.511158 abs_err=2.511158
INFO | EPOCH_169 | [B=28, T=19, D=11] true=-1.985981 pred=0.514613 diff=+2.500594 abs_err=2.500594
INFO | EPOCH_169 | [B=33, T=10, D=9] true=3.742375 pred=1.351120 diff=-2.391254 abs_err=2.391254
INFO | EPOCH_169 | [B=44, T=7, D=6] true=4.005664 pred=1.705954 diff=-2.299710 abs_err=2.299710
INFO | EPOCH_169 | [B=28, T=19, D=10] true=3.777889 pred=1.520178 diff=-2.257711 abs_err=2.257711
INFO | EPOCH_169 | TOP 5 BEST/CORRECT masked points (smallest abs_err):
INFO | EPOCH_169 | [B=1, T=23, D=5] true=0.245313 pred=0.245299 diff=-0.000015 abs_err=0.000015
INFO | EPOCH_169 | [B=44, T=22, D=4] true=1.396753 pred=1.396729 diff=-0.000024 abs_err=0.000024
INFO | EPOCH_169 | [B=41, T=6, D=4] true=1.429947 pred=1.429977 diff=+0.000031 abs_err=0.000031
INFO | EPOCH_169 | [B=36, T=31, D=3] true=3.286958 pred=3.286927 diff=-0.000032 abs_err=0.000032
INFO | EPOCH_169 | [B=37, T=10, D=1] true=1.322048 pred=1.322014 diff=-0.000034 abs_err=0.000034
INFO | EPOCH_179 | RANDOM 15 masked points (true, pred, diff, abs_err):
INFO | EPOCH_179 | [B=23, T=6, D=3] true=3.226311 pred=3.293301 diff=+0.066991 abs_err=0.066991
INFO | EPOCH_179 | [B=32, T=26, D=8] true=0.440936 pred=0.361390 diff=-0.079546 abs_err=0.079546
INFO | EPOCH_179 | [B=60, T=15, D=10] true=2.347691 pred=2.347340 diff=-0.000350 abs_err=0.000350
INFO | EPOCH_179 | [B=34, T=23, D=0] true=2.028314 pred=2.009444 diff=-0.018870 abs_err=0.018870
INFO | EPOCH_179 | [B=26, T=22, D=4] true=1.794016 pred=1.818983 diff=+0.024966 abs_err=0.024966
INFO | EPOCH_179 | [B=33, T=13, D=4] true=1.935977 pred=1.781075 diff=-0.154902 abs_err=0.154902
INFO | EPOCH_179 | [B=24, T=11, D=1] true=1.404839 pred=1.352904 diff=-0.051935 abs_err=0.051935
INFO | EPOCH_179 | [B=61, T=21, D=7] true=1.410555 pred=1.365852 diff=-0.044703 abs_err=0.044703
INFO | EPOCH_179 | [B=0, T=4, D=6] true=2.071340 pred=2.489433 diff=+0.418093 abs_err=0.418093
INFO | EPOCH_179 | [B=59, T=13, D=10] true=2.387854 pred=2.360041 diff=-0.027812 abs_err=0.027812
INFO | EPOCH_179 | [B=41, T=30, D=7] true=1.399353 pred=1.267596 diff=-0.131757 abs_err=0.131757
INFO | EPOCH_179 | [B=43, T=25, D=7] true=1.252211 pred=1.250923 diff=-0.001288 abs_err=0.001288
INFO | EPOCH_179 | [B=1, T=18, D=8] true=0.552953 pred=0.535471 diff=-0.017483 abs_err=0.017483
INFO | EPOCH_179 | [B=22, T=2, D=7] true=1.376579 pred=1.258694 diff=-0.117886 abs_err=0.117886
INFO | EPOCH_179 | [B=57, T=9, D=2] true=0.418385 pred=0.436637 diff=+0.018253 abs_err=0.018253
INFO | EPOCH_179 | TOP 5 WORST masked points (largest abs_err):
INFO | EPOCH_179 | [B=26, T=8, D=6] true=1.595185 pred=4.247363 diff=+2.652178 abs_err=2.652178
INFO | EPOCH_179 | [B=44, T=20, D=6] true=0.108967 pred=2.757171 diff=+2.648204 abs_err=2.648204
INFO | EPOCH_179 | [B=44, T=18, D=6] true=0.127504 pred=2.758894 diff=+2.631390 abs_err=2.631390
INFO | EPOCH_179 | [B=12, T=20, D=11] true=2.590584 pred=0.318319 diff=-2.272265 abs_err=2.272265
INFO | EPOCH_179 | [B=10, T=17, D=11] true=2.587692 pred=0.328121 diff=-2.259571 abs_err=2.259571
INFO | EPOCH_179 | TOP 5 BEST/CORRECT masked points (smallest abs_err):
INFO | EPOCH_179 | [B=9, T=3, D=7] true=1.237605 pred=1.237622 diff=+0.000017 abs_err=0.000017
INFO | EPOCH_179 | [B=45, T=4, D=10] true=1.817932 pred=1.817912 diff=-0.000021 abs_err=0.000021
INFO | EPOCH_179 | [B=22, T=22, D=5] true=0.403883 pred=0.403911 diff=+0.000028 abs_err=0.000028
INFO | EPOCH_179 | [B=43, T=8, D=2] true=0.346554 pred=0.346597 diff=+0.000044 abs_err=0.000044
INFO | EPOCH_179 | [B=57, T=13, D=6] true=1.169178 pred=1.169116 diff=-0.000062 abs_err=0.000062
INFO | EPOCH_189 | RANDOM 15 masked points (true, pred, diff, abs_err):
INFO | EPOCH_189 | [B=30, T=6, D=8] true=0.268190 pred=0.253912 diff=-0.014278 abs_err=0.014278
INFO | EPOCH_189 | [B=31, T=30, D=8] true=1.066578 pred=1.470418 diff=+0.403841 abs_err=0.403841
INFO | EPOCH_189 | [B=31, T=23, D=9] true=1.366066 pred=1.581873 diff=+0.215807 abs_err=0.215807
INFO | EPOCH_189 | [B=50, T=1, D=9] true=5.260503 pred=4.287651 diff=-0.972853 abs_err=0.972853
INFO | EPOCH_189 | [B=5, T=0, D=10] true=1.569603 pred=1.498366 diff=-0.071237 abs_err=0.071237
INFO | EPOCH_189 | [B=14, T=0, D=4] true=1.583008 pred=1.748146 diff=+0.165138 abs_err=0.165138
INFO | EPOCH_189 | [B=17, T=0, D=10] true=2.192518 pred=2.126908 diff=-0.065610 abs_err=0.065610
INFO | EPOCH_189 | [B=55, T=13, D=10] true=1.354913 pred=2.009984 diff=+0.655071 abs_err=0.655071
INFO | EPOCH_189 | [B=6, T=24, D=3] true=3.992805 pred=4.053039 diff=+0.060235 abs_err=0.060235
INFO | EPOCH_189 | [B=45, T=17, D=7] true=1.379621 pred=1.366254 diff=-0.013367 abs_err=0.013367
INFO | EPOCH_189 | [B=15, T=12, D=3] true=2.216514 pred=2.162324 diff=-0.054190 abs_err=0.054190
INFO | EPOCH_189 | [B=38, T=23, D=3] true=2.540933 pred=2.644717 diff=+0.103784 abs_err=0.103784
INFO | EPOCH_189 | [B=50, T=5, D=9] true=4.013190 pred=3.941917 diff=-0.071273 abs_err=0.071273
INFO | EPOCH_189 | [B=5, T=9, D=1] true=1.486168 pred=1.584608 diff=+0.098439 abs_err=0.098439
INFO | EPOCH_189 | [B=27, T=25, D=11] true=0.367965 pred=0.656684 diff=+0.288719 abs_err=0.288719
INFO | EPOCH_189 | TOP 5 WORST masked points (largest abs_err):
INFO | EPOCH_189 | [B=47, T=24, D=6] true=1.678643 pred=4.650701 diff=+2.972058 abs_err=2.972058
INFO | EPOCH_189 | [B=47, T=28, D=9] true=1.413674 pred=4.149945 diff=+2.736272 abs_err=2.736272
INFO | EPOCH_189 | [B=53, T=1, D=11] true=-1.173275 pred=1.507897 diff=+2.681172 abs_err=2.681172
INFO | EPOCH_189 | [B=63, T=15, D=6] true=0.098340 pred=2.427698 diff=+2.329358 abs_err=2.329358
INFO | EPOCH_189 | [B=53, T=1, D=10] true=3.218401 pred=0.927701 diff=-2.290700 abs_err=2.290700
INFO | EPOCH_189 | TOP 5 BEST/CORRECT masked points (smallest abs_err):
INFO | EPOCH_189 | [B=54, T=19, D=3] true=2.260354 pred=2.260354 diff=+0.000001 abs_err=0.000001
INFO | EPOCH_189 | [B=29, T=22, D=5] true=0.479110 pred=0.479123 diff=+0.000013 abs_err=0.000013
INFO | EPOCH_189 | [B=23, T=6, D=9] true=2.772028 pred=2.772043 diff=+0.000015 abs_err=0.000015
INFO | EPOCH_189 | [B=20, T=21, D=4] true=2.215139 pred=2.215085 diff=-0.000054 abs_err=0.000054
INFO | EPOCH_189 | [B=34, T=30, D=2] true=0.456970 pred=0.456887 diff=-0.000084 abs_err=0.000084
INFO | EPOCH_199 | RANDOM 15 masked points (true, pred, diff, abs_err):
INFO | EPOCH_199 | [B=20, T=7, D=2] true=-0.209694 pred=-0.120986 diff=+0.088708 abs_err=0.088708
INFO | EPOCH_199 | [B=35, T=6, D=0] true=2.749307 pred=2.787010 diff=+0.037703 abs_err=0.037703
INFO | EPOCH_199 | [B=4, T=30, D=8] true=0.973928 pred=0.832768 diff=-0.141160 abs_err=0.141160
INFO | EPOCH_199 | [B=47, T=22, D=2] true=0.024804 pred=0.025362 diff=+0.000557 abs_err=0.000557
INFO | EPOCH_199 | [B=0, T=22, D=5] true=0.531992 pred=0.315545 diff=-0.216447 abs_err=0.216447
INFO | EPOCH_199 | [B=25, T=1, D=9] true=3.213217 pred=3.109276 diff=-0.103941 abs_err=0.103941
INFO | EPOCH_199 | [B=39, T=4, D=9] true=1.584785 pred=1.637367 diff=+0.052582 abs_err=0.052582
INFO | EPOCH_199 | [B=8, T=0, D=11] true=1.300420 pred=0.416391 diff=-0.884028 abs_err=0.884028
INFO | EPOCH_199 | [B=17, T=25, D=10] true=1.385059 pred=1.322025 diff=-0.063034 abs_err=0.063034
INFO | EPOCH_199 | [B=46, T=22, D=1] true=2.115978 pred=2.101645 diff=-0.014333 abs_err=0.014333
INFO | EPOCH_199 | [B=41, T=29, D=9] true=1.563040 pred=1.686102 diff=+0.123062 abs_err=0.123062
INFO | EPOCH_199 | [B=5, T=14, D=0] true=3.164791 pred=3.131450 diff=-0.033340 abs_err=0.033340
INFO | EPOCH_199 | [B=28, T=5, D=3] true=2.896347 pred=2.841444 diff=-0.054904 abs_err=0.054904
INFO | EPOCH_199 | [B=23, T=24, D=2] true=0.242488 pred=0.303915 diff=+0.061426 abs_err=0.061426
INFO | EPOCH_199 | [B=47, T=5, D=4] true=1.093755 pred=1.255952 diff=+0.162197 abs_err=0.162197
INFO | EPOCH_199 | TOP 5 WORST masked points (largest abs_err):
INFO | EPOCH_199 | [B=55, T=27, D=9] true=1.255944 pred=3.680872 diff=+2.424928 abs_err=2.424928
INFO | EPOCH_199 | [B=15, T=17, D=9] true=3.643659 pred=1.491576 diff=-2.152083 abs_err=2.152083
INFO | EPOCH_199 | [B=45, T=4, D=0] true=0.990548 pred=3.141979 diff=+2.151431 abs_err=2.151431
INFO | EPOCH_199 | [B=0, T=28, D=9] true=3.682978 pred=1.567176 diff=-2.115802 abs_err=2.115802
INFO | EPOCH_199 | [B=8, T=0, D=9] true=3.707034 pred=1.604484 diff=-2.102551 abs_err=2.102551
INFO | EPOCH_199 | TOP 5 BEST/CORRECT masked points (smallest abs_err):
INFO | EPOCH_199 | [B=25, T=3, D=2] true=-0.179431 pred=-0.179437 diff=-0.000006 abs_err=0.000006
INFO | EPOCH_199 | [B=35, T=29, D=1] true=1.179963 pred=1.179974 diff=+0.000011 abs_err=0.000011
INFO | EPOCH_199 | [B=29, T=26, D=11] true=0.471483 pred=0.471556 diff=+0.000073 abs_err=0.000073
INFO | EPOCH_199 | [B=26, T=17, D=9] true=3.195834 pred=3.195931 diff=+0.000097 abs_err=0.000097
INFO | EPOCH_199 | [B=41, T=4, D=2] true=0.455758 pred=0.455870 diff=+0.000112 abs_err=0.000112
INFO | EPOCH_209 | RANDOM 15 masked points (true, pred, diff, abs_err):
INFO | EPOCH_209 | [B=51, T=10, D=6] true=3.034203 pred=3.086697 diff=+0.052494 abs_err=0.052494
INFO | EPOCH_209 | [B=27, T=20, D=10] true=1.468020 pred=1.285885 diff=-0.182135 abs_err=0.182135
INFO | EPOCH_209 | [B=44, T=11, D=5] true=0.450400 pred=0.361052 diff=-0.089348 abs_err=0.089348
INFO | EPOCH_209 | [B=38, T=24, D=9] true=4.219289 pred=4.305095 diff=+0.085806 abs_err=0.085806
INFO | EPOCH_209 | [B=15, T=8, D=10] true=2.710284 pred=2.479416 diff=-0.230868 abs_err=0.230868
INFO | EPOCH_209 | [B=33, T=17, D=5] true=0.414716 pred=0.441110 diff=+0.026394 abs_err=0.026394
INFO | EPOCH_209 | [B=31, T=7, D=1] true=1.747665 pred=1.920929 diff=+0.173264 abs_err=0.173264
INFO | EPOCH_209 | [B=8, T=11, D=0] true=1.984129 pred=2.247829 diff=+0.263700 abs_err=0.263700
INFO | EPOCH_209 | [B=46, T=11, D=8] true=0.306727 pred=0.312300 diff=+0.005572 abs_err=0.005572
INFO | EPOCH_209 | [B=33, T=4, D=2] true=-0.271133 pred=-0.146274 diff=+0.124858 abs_err=0.124858
INFO | EPOCH_209 | [B=41, T=18, D=6] true=4.577883 pred=4.530973 diff=-0.046910 abs_err=0.046910
INFO | EPOCH_209 | [B=36, T=26, D=6] true=3.203583 pred=3.064974 diff=-0.138608 abs_err=0.138608
INFO | EPOCH_209 | [B=36, T=24, D=1] true=1.658062 pred=2.025750 diff=+0.367689 abs_err=0.367689
INFO | EPOCH_209 | [B=34, T=20, D=0] true=3.104405 pred=3.232375 diff=+0.127970 abs_err=0.127970
INFO | EPOCH_209 | [B=55, T=3, D=11] true=0.968442 pred=0.822457 diff=-0.145985 abs_err=0.145985
INFO | EPOCH_209 | TOP 5 WORST masked points (largest abs_err):
INFO | EPOCH_209 | [B=46, T=10, D=6] true=0.025506 pred=3.382602 diff=+3.357096 abs_err=3.357096
INFO | EPOCH_209 | [B=46, T=13, D=6] true=0.022954 pred=3.352778 diff=+3.329824 abs_err=3.329824
INFO | EPOCH_209 | [B=17, T=2, D=6] true=0.050544 pred=3.360286 diff=+3.309741 abs_err=3.309741
INFO | EPOCH_209 | [B=17, T=6, D=6] true=0.042953 pred=3.333357 diff=+3.290404 abs_err=3.290404
INFO | EPOCH_209 | [B=37, T=28, D=6] true=5.711285 pred=2.987564 diff=-2.723721 abs_err=2.723721
INFO | EPOCH_209 | TOP 5 BEST/CORRECT masked points (smallest abs_err):
INFO | EPOCH_209 | [B=35, T=30, D=3] true=3.268579 pred=3.268578 diff=-0.000001 abs_err=0.000001
INFO | EPOCH_209 | [B=52, T=20, D=7] true=1.249674 pred=1.249677 diff=+0.000002 abs_err=0.000002
INFO | EPOCH_209 | [B=41, T=17, D=5] true=0.445690 pred=0.445674 diff=-0.000015 abs_err=0.000015
INFO | EPOCH_209 | [B=36, T=21, D=7] true=1.485858 pred=1.485839 diff=-0.000019 abs_err=0.000019
INFO | EPOCH_209 | [B=1, T=16, D=9] true=2.124485 pred=2.124436 diff=-0.000048 abs_err=0.000048
INFO | EPOCH_219 | RANDOM 15 masked points (true, pred, diff, abs_err):
INFO | EPOCH_219 | [B=52, T=17, D=2] true=0.168081 pred=0.360191 diff=+0.192110 abs_err=0.192110
INFO | EPOCH_219 | [B=13, T=20, D=2] true=0.381006 pred=0.339558 diff=-0.041448 abs_err=0.041448
INFO | EPOCH_219 | [B=1, T=24, D=3] true=3.362631 pred=3.523659 diff=+0.161028 abs_err=0.161028
INFO | EPOCH_219 | [B=47, T=8, D=1] true=2.344441 pred=2.355917 diff=+0.011476 abs_err=0.011476
INFO | EPOCH_219 | [B=2, T=9, D=2] true=-0.002175 pred=-0.005023 diff=-0.002848 abs_err=0.002848
INFO | EPOCH_219 | [B=39, T=5, D=10] true=2.065104 pred=2.190373 diff=+0.125269 abs_err=0.125269
INFO | EPOCH_219 | [B=47, T=1, D=8] true=1.265654 pred=1.302518 diff=+0.036864 abs_err=0.036864
INFO | EPOCH_219 | [B=47, T=20, D=7] true=1.897586 pred=1.730606 diff=-0.166980 abs_err=0.166980
INFO | EPOCH_219 | [B=33, T=24, D=7] true=3.117419 pred=2.339210 diff=-0.778209 abs_err=0.778209
INFO | EPOCH_219 | [B=49, T=19, D=2] true=0.326552 pred=0.391192 diff=+0.064640 abs_err=0.064640
INFO | EPOCH_219 | [B=6, T=30, D=8] true=0.725988 pred=0.958127 diff=+0.232139 abs_err=0.232139
INFO | EPOCH_219 | [B=43, T=9, D=6] true=1.106762 pred=1.185983 diff=+0.079221 abs_err=0.079221
INFO | EPOCH_219 | [B=29, T=24, D=10] true=1.959110 pred=1.903637 diff=-0.055472 abs_err=0.055472
INFO | EPOCH_219 | [B=57, T=15, D=2] true=0.422628 pred=0.364840 diff=-0.057787 abs_err=0.057787
INFO | EPOCH_219 | [B=39, T=4, D=0] true=2.513468 pred=2.540958 diff=+0.027490 abs_err=0.027490
INFO | EPOCH_219 | TOP 5 WORST masked points (largest abs_err):
INFO | EPOCH_219 | [B=26, T=5, D=9] true=0.757862 pred=3.537477 diff=+2.779615 abs_err=2.779615
INFO | EPOCH_219 | [B=49, T=14, D=10] true=0.506230 pred=2.832590 diff=+2.326360 abs_err=2.326360
INFO | EPOCH_219 | [B=49, T=14, D=11] true=2.130419 pred=-0.180778 diff=-2.311197 abs_err=2.311197
INFO | EPOCH_219 | [B=51, T=26, D=0] true=3.701226 pred=1.480347 diff=-2.220879 abs_err=2.220879
INFO | EPOCH_219 | [B=55, T=13, D=9] true=0.115999 pred=2.224146 diff=+2.108147 abs_err=2.108147
INFO | EPOCH_219 | TOP 5 BEST/CORRECT masked points (smallest abs_err):
INFO | EPOCH_219 | [B=55, T=2, D=10] true=1.541166 pred=1.541138 diff=-0.000028 abs_err=0.000028
INFO | EPOCH_219 | [B=2, T=22, D=9] true=2.995878 pred=2.995906 diff=+0.000028 abs_err=0.000028
INFO | EPOCH_219 | [B=1, T=13, D=1] true=1.198876 pred=1.198927 diff=+0.000051 abs_err=0.000051
INFO | EPOCH_219 | [B=3, T=1, D=2] true=0.459938 pred=0.459872 diff=-0.000067 abs_err=0.000067
INFO | EPOCH_219 | [B=16, T=22, D=5] true=0.312128 pred=0.312195 diff=+0.000067 abs_err=0.000067
INFO | EPOCH_229 | RANDOM 15 masked points (true, pred, diff, abs_err):
INFO | EPOCH_229 | [B=7, T=16, D=8] true=1.440054 pred=1.279141 diff=-0.160913 abs_err=0.160913
INFO | EPOCH_229 | [B=55, T=22, D=8] true=0.960067 pred=0.817128 diff=-0.142939 abs_err=0.142939
INFO | EPOCH_229 | [B=29, T=4, D=0] true=2.842083 pred=2.797492 diff=-0.044591 abs_err=0.044591
INFO | EPOCH_229 | [B=40, T=26, D=11] true=0.729285 pred=0.813219 diff=+0.083934 abs_err=0.083934
INFO | EPOCH_229 | [B=20, T=13, D=10] true=1.031259 pred=1.130533 diff=+0.099273 abs_err=0.099273
INFO | EPOCH_229 | [B=28, T=31, D=9] true=1.986550 pred=2.355968 diff=+0.369418 abs_err=0.369418
INFO | EPOCH_229 | [B=53, T=25, D=0] true=2.166174 pred=2.046060 diff=-0.120114 abs_err=0.120114
INFO | EPOCH_229 | [B=29, T=28, D=2] true=0.339441 pred=0.480695 diff=+0.141253 abs_err=0.141253
INFO | EPOCH_229 | [B=55, T=27, D=2] true=0.498388 pred=0.466507 diff=-0.031881 abs_err=0.031881
INFO | EPOCH_229 | [B=13, T=15, D=6] true=4.531474 pred=4.593803 diff=+0.062329 abs_err=0.062329
INFO | EPOCH_229 | [B=16, T=6, D=2] true=0.586684 pred=0.570523 diff=-0.016160 abs_err=0.016160
INFO | EPOCH_229 | [B=54, T=9, D=4] true=1.483723 pred=1.476225 diff=-0.007499 abs_err=0.007499
INFO | EPOCH_229 | [B=30, T=23, D=3] true=2.320556 pred=2.212291 diff=-0.108264 abs_err=0.108264
INFO | EPOCH_229 | [B=41, T=22, D=10] true=2.488968 pred=2.357341 diff=-0.131627 abs_err=0.131627
INFO | EPOCH_229 | [B=38, T=4, D=7] true=2.539100 pred=2.441347 diff=-0.097754 abs_err=0.097754
INFO | EPOCH_229 | TOP 5 WORST masked points (largest abs_err):
INFO | EPOCH_229 | [B=35, T=20, D=3] true=0.534949 pred=3.205688 diff=+2.670738 abs_err=2.670738
INFO | EPOCH_229 | [B=46, T=14, D=2] true=2.224028 pred=-0.000899 diff=-2.224927 abs_err=2.224927
INFO | EPOCH_229 | [B=63, T=23, D=3] true=1.364607 pred=3.480816 diff=+2.116209 abs_err=2.116209
INFO | EPOCH_229 | [B=51, T=24, D=6] true=3.759710 pred=1.703298 diff=-2.056412 abs_err=2.056412
INFO | EPOCH_229 | [B=44, T=11, D=3] true=0.967067 pred=3.011137 diff=+2.044070 abs_err=2.044070
INFO | EPOCH_229 | TOP 5 BEST/CORRECT masked points (smallest abs_err):
INFO | EPOCH_229 | [B=54, T=14, D=9] true=1.971881 pred=1.971891 diff=+0.000010 abs_err=0.000010
INFO | EPOCH_229 | [B=39, T=6, D=0] true=3.768412 pred=3.768398 diff=-0.000015 abs_err=0.000015
INFO | EPOCH_229 | [B=58, T=2, D=8] true=0.961293 pred=0.961312 diff=+0.000019 abs_err=0.000019
INFO | EPOCH_229 | [B=44, T=6, D=2] true=0.498536 pred=0.498560 diff=+0.000024 abs_err=0.000024
INFO | EPOCH_229 | [B=40, T=8, D=4] true=2.290851 pred=2.290876 diff=+0.000024 abs_err=0.000024
INFO | EPOCH_239 | RANDOM 15 masked points (true, pred, diff, abs_err):
INFO | EPOCH_239 | [B=18, T=1, D=8] true=0.487467 pred=0.558570 diff=+0.071103 abs_err=0.071103
INFO | EPOCH_239 | [B=44, T=26, D=1] true=2.764421 pred=1.581272 diff=-1.183149 abs_err=1.183149
INFO | EPOCH_239 | [B=24, T=21, D=1] true=1.781145 pred=1.631490 diff=-0.149655 abs_err=0.149655
INFO | EPOCH_239 | [B=41, T=26, D=0] true=1.966568 pred=2.180577 diff=+0.214008 abs_err=0.214008
INFO | EPOCH_239 | [B=18, T=10, D=4] true=1.509620 pred=1.445571 diff=-0.064050 abs_err=0.064050
INFO | EPOCH_239 | [B=48, T=2, D=9] true=1.796114 pred=2.275974 diff=+0.479860 abs_err=0.479860
INFO | EPOCH_239 | [B=47, T=31, D=2] true=0.276991 pred=0.435109 diff=+0.158118 abs_err=0.158118
INFO | EPOCH_239 | [B=17, T=27, D=2] true=0.253975 pred=0.306982 diff=+0.053007 abs_err=0.053007
INFO | EPOCH_239 | [B=53, T=8, D=1] true=2.280432 pred=2.284595 diff=+0.004163 abs_err=0.004163
INFO | EPOCH_239 | [B=28, T=14, D=4] true=1.498137 pred=1.474034 diff=-0.024103 abs_err=0.024103
INFO | EPOCH_239 | [B=59, T=0, D=9] true=1.442833 pred=1.475780 diff=+0.032946 abs_err=0.032946
INFO | EPOCH_239 | [B=26, T=11, D=2] true=0.209483 pred=0.188016 diff=-0.021467 abs_err=0.021467
INFO | EPOCH_239 | [B=7, T=3, D=9] true=2.945228 pred=2.944665 diff=-0.000563 abs_err=0.000563
INFO | EPOCH_239 | [B=63, T=23, D=10] true=-0.322588 pred=1.247581 diff=+1.570168 abs_err=1.570168
INFO | EPOCH_239 | [B=8, T=9, D=10] true=1.369604 pred=1.408605 diff=+0.039001 abs_err=0.039001
INFO | EPOCH_239 | TOP 5 WORST masked points (largest abs_err):
INFO | EPOCH_239 | [B=7, T=3, D=0] true=5.087778 pred=2.394517 diff=-2.693261 abs_err=2.693261
INFO | EPOCH_239 | [B=60, T=15, D=6] true=1.323426 pred=3.693183 diff=+2.369757 abs_err=2.369757
INFO | EPOCH_239 | [B=60, T=8, D=6] true=1.323833 pred=3.692911 diff=+2.369078 abs_err=2.369078
INFO | EPOCH_239 | [B=7, T=3, D=2] true=2.372046 pred=0.017488 diff=-2.354558 abs_err=2.354558
INFO | EPOCH_239 | [B=60, T=21, D=6] true=1.315996 pred=3.665771 diff=+2.349775 abs_err=2.349775
INFO | EPOCH_239 | TOP 5 BEST/CORRECT masked points (smallest abs_err):
INFO | EPOCH_239 | [B=35, T=3, D=9] true=2.869376 pred=2.869373 diff=-0.000004 abs_err=0.000004
INFO | EPOCH_239 | [B=15, T=19, D=8] true=0.718337 pred=0.718340 diff=+0.000004 abs_err=0.000004
INFO | EPOCH_239 | [B=29, T=16, D=7] true=1.405264 pred=1.405278 diff=+0.000014 abs_err=0.000014
INFO | EPOCH_239 | [B=16, T=27, D=7] true=1.939407 pred=1.939435 diff=+0.000029 abs_err=0.000029
INFO | EPOCH_239 | [B=47, T=31, D=0] true=2.849391 pred=2.849431 diff=+0.000040 abs_err=0.000040
INFO | EPOCH_249 | RANDOM 15 masked points (true, pred, diff, abs_err):
INFO | EPOCH_249 | [B=10, T=23, D=11] true=0.273667 pred=0.276782 diff=+0.003114 abs_err=0.003114
INFO | EPOCH_249 | [B=19, T=18, D=4] true=1.659019 pred=1.719765 diff=+0.060746 abs_err=0.060746
INFO | EPOCH_249 | [B=22, T=24, D=5] true=-0.101009 pred=0.069340 diff=+0.170349 abs_err=0.170349
INFO | EPOCH_249 | [B=51, T=19, D=3] true=2.224567 pred=2.178216 diff=-0.046351 abs_err=0.046351
INFO | EPOCH_249 | [B=43, T=29, D=4] true=1.386491 pred=1.438481 diff=+0.051989 abs_err=0.051989
INFO | EPOCH_249 | [B=47, T=29, D=11] true=0.171539 pred=0.403517 diff=+0.231978 abs_err=0.231978
INFO | EPOCH_249 | [B=14, T=31, D=3] true=3.228962 pred=3.366109 diff=+0.137146 abs_err=0.137146
INFO | EPOCH_249 | [B=25, T=7, D=4] true=1.292396 pred=1.670453 diff=+0.378056 abs_err=0.378056
INFO | EPOCH_249 | [B=24, T=31, D=6] true=2.929327 pred=3.033675 diff=+0.104348 abs_err=0.104348
INFO | EPOCH_249 | [B=51, T=27, D=9] true=3.242310 pred=3.276933 diff=+0.034623 abs_err=0.034623
INFO | EPOCH_249 | [B=60, T=24, D=5] true=0.337695 pred=0.252263 diff=-0.085432 abs_err=0.085432
INFO | EPOCH_249 | [B=12, T=16, D=0] true=3.529580 pred=3.567716 diff=+0.038136 abs_err=0.038136
INFO | EPOCH_249 | [B=22, T=7, D=6] true=3.356965 pred=3.436203 diff=+0.079237 abs_err=0.079237
INFO | EPOCH_249 | [B=26, T=8, D=1] true=1.941239 pred=1.945958 diff=+0.004719 abs_err=0.004719
INFO | EPOCH_249 | [B=6, T=20, D=9] true=4.093072 pred=4.109584 diff=+0.016512 abs_err=0.016512
INFO | EPOCH_249 | TOP 5 WORST masked points (largest abs_err):
INFO | EPOCH_249 | [B=25, T=9, D=9] true=3.972294 pred=1.793202 diff=-2.179092 abs_err=2.179092
INFO | EPOCH_249 | [B=49, T=15, D=11] true=2.076173 pred=0.023088 diff=-2.053085 abs_err=2.053085
INFO | EPOCH_249 | [B=49, T=19, D=11] true=2.046684 pred=0.007824 diff=-2.038860 abs_err=2.038860
INFO | EPOCH_249 | [B=29, T=4, D=10] true=0.463057 pred=2.452642 diff=+1.989585 abs_err=1.989585
INFO | EPOCH_249 | [B=49, T=9, D=11] true=2.033089 pred=0.053338 diff=-1.979752 abs_err=1.979752
INFO | EPOCH_249 | TOP 5 BEST/CORRECT masked points (smallest abs_err):
INFO | EPOCH_249 | [B=55, T=17, D=4] true=1.510867 pred=1.510883 diff=+0.000016 abs_err=0.000016
INFO | EPOCH_249 | [B=42, T=8, D=5] true=0.415777 pred=0.415758 diff=-0.000019 abs_err=0.000019
INFO | EPOCH_249 | [B=42, T=18, D=0] true=2.755484 pred=2.755436 diff=-0.000048 abs_err=0.000048
INFO | EPOCH_249 | [B=58, T=15, D=2] true=0.441621 pred=0.441572 diff=-0.000049 abs_err=0.000049
INFO | EPOCH_249 | [B=56, T=5, D=7] true=1.528807 pred=1.528747 diff=-0.000060 abs_err=0.000060
INFO | EPOCH_259 | RANDOM 15 masked points (true, pred, diff, abs_err):
INFO | EPOCH_259 | [B=11, T=20, D=4] true=2.397716 pred=2.603395 diff=+0.205679 abs_err=0.205679
INFO | EPOCH_259 | [B=34, T=5, D=8] true=0.536724 pred=0.337568 diff=-0.199157 abs_err=0.199157
INFO | EPOCH_259 | [B=42, T=8, D=6] true=2.981486 pred=2.843026 diff=-0.138459 abs_err=0.138459
INFO | EPOCH_259 | [B=30, T=9, D=9] true=1.911962 pred=1.485371 diff=-0.426592 abs_err=0.426592
INFO | EPOCH_259 | [B=35, T=8, D=9] true=2.418891 pred=1.898061 diff=-0.520829 abs_err=0.520829
INFO | EPOCH_259 | [B=52, T=17, D=6] true=1.317358 pred=1.106064 diff=-0.211294 abs_err=0.211294
INFO | EPOCH_259 | [B=8, T=21, D=3] true=2.555012 pred=2.649946 diff=+0.094934 abs_err=0.094934
INFO | EPOCH_259 | [B=35, T=12, D=10] true=1.617460 pred=1.307071 diff=-0.310389 abs_err=0.310389
INFO | EPOCH_259 | [B=2, T=3, D=0] true=2.658928 pred=2.938403 diff=+0.279475 abs_err=0.279475
INFO | EPOCH_259 | [B=45, T=2, D=5] true=-0.110653 pred=-0.189224 diff=-0.078571 abs_err=0.078571
INFO | EPOCH_259 | [B=34, T=11, D=4] true=1.050547 pred=1.121565 diff=+0.071019 abs_err=0.071019
INFO | EPOCH_259 | [B=8, T=18, D=8] true=0.657819 pred=1.080204 diff=+0.422385 abs_err=0.422385
INFO | EPOCH_259 | [B=32, T=7, D=4] true=1.167355 pred=1.080858 diff=-0.086497 abs_err=0.086497
INFO | EPOCH_259 | [B=42, T=24, D=0] true=2.843723 pred=2.962074 diff=+0.118351 abs_err=0.118351
INFO | EPOCH_259 | [B=46, T=9, D=7] true=1.764703 pred=1.848251 diff=+0.083548 abs_err=0.083548
INFO | EPOCH_259 | TOP 5 WORST masked points (largest abs_err):
INFO | EPOCH_259 | [B=43, T=7, D=11] true=2.397161 pred=-0.170416 diff=-2.567577 abs_err=2.567577
INFO | EPOCH_259 | [B=28, T=19, D=11] true=-1.985981 pred=0.551273 diff=+2.537254 abs_err=2.537254
INFO | EPOCH_259 | [B=39, T=11, D=6] true=1.873883 pred=4.259594 diff=+2.385711 abs_err=2.385711
INFO | EPOCH_259 | [B=33, T=10, D=9] true=3.742375 pred=1.379274 diff=-2.363101 abs_err=2.363101
INFO | EPOCH_259 | [B=9, T=18, D=6] true=3.577968 pred=1.242227 diff=-2.335741 abs_err=2.335741
INFO | EPOCH_259 | TOP 5 BEST/CORRECT masked points (smallest abs_err):
INFO | EPOCH_259 | [B=0, T=20, D=2] true=0.112232 pred=0.112226 diff=-0.000005 abs_err=0.000005
INFO | EPOCH_259 | [B=36, T=3, D=1] true=0.964107 pred=0.964129 diff=+0.000023 abs_err=0.000023
INFO | EPOCH_259 | [B=13, T=16, D=1] true=2.528064 pred=2.527982 diff=-0.000081 abs_err=0.000081
INFO | EPOCH_259 | [B=7, T=24, D=11] true=0.315040 pred=0.315131 diff=+0.000091 abs_err=0.000091
INFO | EPOCH_259 | [B=45, T=8, D=7] true=1.741244 pred=1.741093 diff=-0.000151 abs_err=0.000151
INFO | EPOCH_269 | RANDOM 15 masked points (true, pred, diff, abs_err):
INFO | EPOCH_269 | [B=19, T=17, D=3] true=3.362458 pred=3.377432 diff=+0.014974 abs_err=0.014974
INFO | EPOCH_269 | [B=15, T=26, D=8] true=0.629802 pred=1.236032 diff=+0.606230 abs_err=0.606230
INFO | EPOCH_269 | [B=40, T=7, D=6] true=2.757561 pred=3.043536 diff=+0.285975 abs_err=0.285975
INFO | EPOCH_269 | [B=34, T=2, D=3] true=1.534203 pred=1.689383 diff=+0.155180 abs_err=0.155180
INFO | EPOCH_269 | [B=3, T=6, D=2] true=0.267173 pred=0.175490 diff=-0.091684 abs_err=0.091684
INFO | EPOCH_269 | [B=58, T=13, D=9] true=2.871763 pred=2.778022 diff=-0.093742 abs_err=0.093742
INFO | EPOCH_269 | [B=22, T=4, D=3] true=2.796299 pred=2.756935 diff=-0.039364 abs_err=0.039364
INFO | EPOCH_269 | [B=35, T=10, D=5] true=0.423745 pred=0.122794 diff=-0.300951 abs_err=0.300951
INFO | EPOCH_269 | [B=15, T=14, D=1] true=2.011966 pred=1.584721 diff=-0.427245 abs_err=0.427245
INFO | EPOCH_269 | [B=61, T=6, D=0] true=2.185103 pred=2.388061 diff=+0.202958 abs_err=0.202958
INFO | EPOCH_269 | [B=50, T=5, D=6] true=2.764995 pred=2.750502 diff=-0.014493 abs_err=0.014493
INFO | EPOCH_269 | [B=17, T=22, D=4] true=1.580220 pred=1.599872 diff=+0.019652 abs_err=0.019652
INFO | EPOCH_269 | [B=30, T=6, D=3] true=3.587100 pred=3.613645 diff=+0.026545 abs_err=0.026545
INFO | EPOCH_269 | [B=45, T=20, D=4] true=1.056984 pred=1.051407 diff=-0.005577 abs_err=0.005577
INFO | EPOCH_269 | [B=34, T=12, D=4] true=1.956976 pred=1.960928 diff=+0.003952 abs_err=0.003952
INFO | EPOCH_269 | TOP 5 WORST masked points (largest abs_err):
INFO | EPOCH_269 | [B=26, T=8, D=6] true=1.595185 pred=4.409858 diff=+2.814673 abs_err=2.814673
INFO | EPOCH_269 | [B=53, T=1, D=11] true=-1.173275 pred=1.374607 diff=+2.547882 abs_err=2.547882
INFO | EPOCH_269 | [B=14, T=5, D=6] true=0.146037 pred=2.587880 diff=+2.441844 abs_err=2.441844
INFO | EPOCH_269 | [B=14, T=11, D=6] true=0.115726 pred=2.544156 diff=+2.428430 abs_err=2.428430
INFO | EPOCH_269 | [B=63, T=15, D=6] true=0.098340 pred=2.456820 diff=+2.358480 abs_err=2.358480
INFO | EPOCH_269 | TOP 5 BEST/CORRECT masked points (smallest abs_err):
INFO | EPOCH_269 | [B=45, T=22, D=8] true=1.030912 pred=1.030909 diff=-0.000003 abs_err=0.000003
INFO | EPOCH_269 | [B=5, T=9, D=0] true=4.131011 pred=4.130995 diff=-0.000016 abs_err=0.000016
INFO | EPOCH_269 | [B=55, T=15, D=11] true=0.869517 pred=0.869483 diff=-0.000033 abs_err=0.000033
INFO | EPOCH_269 | [B=25, T=24, D=1] true=2.454529 pred=2.454485 diff=-0.000043 abs_err=0.000043
INFO | EPOCH_269 | [B=4, T=21, D=10] true=1.524919 pred=1.524870 diff=-0.000048 abs_err=0.000048
INFO | EPOCH_279 | RANDOM 15 masked points (true, pred, diff, abs_err):
INFO | EPOCH_279 | [B=22, T=9, D=9] true=2.599700 pred=2.802373 diff=+0.202673 abs_err=0.202673
INFO | EPOCH_279 | [B=28, T=30, D=6] true=4.681960 pred=4.656238 diff=-0.025722 abs_err=0.025722
INFO | EPOCH_279 | [B=28, T=21, D=4] true=1.580991 pred=1.702885 diff=+0.121894 abs_err=0.121894
INFO | EPOCH_279 | [B=18, T=8, D=2] true=0.321329 pred=0.455840 diff=+0.134512 abs_err=0.134512
INFO | EPOCH_279 | [B=41, T=9, D=10] true=1.577029 pred=1.410078 diff=-0.166951 abs_err=0.166951
INFO | EPOCH_279 | [B=40, T=23, D=9] true=4.122311 pred=4.242833 diff=+0.120522 abs_err=0.120522
INFO | EPOCH_279 | [B=13, T=23, D=4] true=1.812720 pred=1.666949 diff=-0.145771 abs_err=0.145771
INFO | EPOCH_279 | [B=14, T=13, D=3] true=2.405248 pred=2.718375 diff=+0.313127 abs_err=0.313127
INFO | EPOCH_279 | [B=14, T=19, D=4] true=1.954486 pred=2.066072 diff=+0.111586 abs_err=0.111586
INFO | EPOCH_279 | [B=53, T=25, D=2] true=0.042413 pred=0.024768 diff=-0.017646 abs_err=0.017646
INFO | EPOCH_279 | [B=16, T=10, D=10] true=2.086114 pred=2.074585 diff=-0.011528 abs_err=0.011528
INFO | EPOCH_279 | [B=10, T=7, D=1] true=3.160687 pred=2.839645 diff=-0.321042 abs_err=0.321042
INFO | EPOCH_279 | [B=5, T=18, D=1] true=2.615017 pred=2.484270 diff=-0.130747 abs_err=0.130747
INFO | EPOCH_279 | [B=15, T=23, D=3] true=2.534430 pred=2.577790 diff=+0.043360 abs_err=0.043360
INFO | EPOCH_279 | [B=52, T=12, D=5] true=0.146421 pred=0.188142 diff=+0.041721 abs_err=0.041721
INFO | EPOCH_279 | TOP 5 WORST masked points (largest abs_err):
INFO | EPOCH_279 | [B=47, T=24, D=6] true=1.678643 pred=4.532775 diff=+2.854132 abs_err=2.854132
INFO | EPOCH_279 | [B=47, T=28, D=9] true=1.413674 pred=4.128126 diff=+2.714453 abs_err=2.714453
INFO | EPOCH_279 | [B=7, T=7, D=0] true=3.767489 pred=1.239584 diff=-2.527906 abs_err=2.527906
INFO | EPOCH_279 | [B=0, T=28, D=9] true=3.682978 pred=1.434834 diff=-2.248143 abs_err=2.248143
INFO | EPOCH_279 | [B=8, T=0, D=9] true=3.707034 pred=1.526806 diff=-2.180228 abs_err=2.180228
INFO | EPOCH_279 | TOP 5 BEST/CORRECT masked points (smallest abs_err):
INFO | EPOCH_279 | [B=28, T=17, D=9] true=3.962433 pred=3.962470 diff=+0.000037 abs_err=0.000037
INFO | EPOCH_279 | [B=46, T=22, D=0] true=2.952459 pred=2.952500 diff=+0.000041 abs_err=0.000041
INFO | EPOCH_279 | [B=48, T=19, D=6] true=4.242146 pred=4.242190 diff=+0.000045 abs_err=0.000045
INFO | EPOCH_279 | [B=20, T=20, D=11] true=0.553695 pred=0.553635 diff=-0.000061 abs_err=0.000061
INFO | EPOCH_279 | [B=33, T=0, D=4] true=1.023843 pred=1.023783 diff=-0.000061 abs_err=0.000061
INFO | EPOCH_289 | RANDOM 15 masked points (true, pred, diff, abs_err):
INFO | EPOCH_289 | [B=49, T=18, D=2] true=0.487147 pred=0.504444 diff=+0.017297 abs_err=0.017297
INFO | EPOCH_289 | [B=36, T=8, D=1] true=2.012091 pred=2.044965 diff=+0.032873 abs_err=0.032873
INFO | EPOCH_289 | [B=49, T=2, D=3] true=2.623564 pred=2.704488 diff=+0.080924 abs_err=0.080924
INFO | EPOCH_289 | [B=33, T=11, D=4] true=1.976700 pred=2.404494 diff=+0.427794 abs_err=0.427794
INFO | EPOCH_289 | [B=16, T=16, D=11] true=0.620738 pred=0.579982 diff=-0.040756 abs_err=0.040756
INFO | EPOCH_289 | [B=27, T=27, D=1] true=1.941736 pred=1.940869 diff=-0.000867 abs_err=0.000867
INFO | EPOCH_289 | [B=40, T=19, D=11] true=-0.114032 pred=-0.121447 diff=-0.007415 abs_err=0.007415
INFO | EPOCH_289 | [B=57, T=10, D=5] true=-0.044739 pred=0.107592 diff=+0.152331 abs_err=0.152331
INFO | EPOCH_289 | [B=39, T=4, D=11] true=0.014383 pred=0.101314 diff=+0.086931 abs_err=0.086931
INFO | EPOCH_289 | [B=47, T=22, D=1] true=2.164505 pred=2.168275 diff=+0.003770 abs_err=0.003770
INFO | EPOCH_289 | [B=3, T=3, D=9] true=2.125345 pred=2.122414 diff=-0.002931 abs_err=0.002931
INFO | EPOCH_289 | [B=31, T=1, D=10] true=2.476353 pred=2.426958 diff=-0.049396 abs_err=0.049396
INFO | EPOCH_289 | [B=47, T=9, D=0] true=2.751778 pred=2.794391 diff=+0.042614 abs_err=0.042614
INFO | EPOCH_289 | [B=8, T=29, D=2] true=0.177850 pred=0.051873 diff=-0.125978 abs_err=0.125978
INFO | EPOCH_289 | [B=3, T=12, D=6] true=1.704367 pred=1.737427 diff=+0.033061 abs_err=0.033061
INFO | EPOCH_289 | TOP 5 WORST masked points (largest abs_err):
INFO | EPOCH_289 | [B=17, T=2, D=6] true=0.050544 pred=3.691586 diff=+3.641042 abs_err=3.641042
INFO | EPOCH_289 | [B=17, T=6, D=6] true=0.042953 pred=3.617726 diff=+3.574773 abs_err=3.574773
INFO | EPOCH_289 | [B=55, T=27, D=9] true=1.255944 pred=3.795276 diff=+2.539332 abs_err=2.539332
INFO | EPOCH_289 | [B=37, T=28, D=6] true=5.711285 pred=3.212925 diff=-2.498360 abs_err=2.498360
INFO | EPOCH_289 | [B=31, T=11, D=3] true=1.384696 pred=3.698867 diff=+2.314171 abs_err=2.314171
INFO | EPOCH_289 | TOP 5 BEST/CORRECT masked points (smallest abs_err):
INFO | EPOCH_289 | [B=60, T=12, D=1] true=1.744645 pred=1.744638 diff=-0.000006 abs_err=0.000006
INFO | EPOCH_289 | [B=16, T=17, D=4] true=2.081196 pred=2.081184 diff=-0.000012 abs_err=0.000012
INFO | EPOCH_289 | [B=26, T=5, D=7] true=2.548520 pred=2.548505 diff=-0.000015 abs_err=0.000015
INFO | EPOCH_289 | [B=42, T=26, D=4] true=2.308760 pred=2.308788 diff=+0.000028 abs_err=0.000028
INFO | EPOCH_289 | [B=5, T=19, D=9] true=2.077063 pred=2.077106 diff=+0.000043 abs_err=0.000043
INFO | EPOCH_299 | RANDOM 15 masked points (true, pred, diff, abs_err):
INFO | EPOCH_299 | [B=3, T=27, D=5] true=0.712657 pred=0.496811 diff=-0.215847 abs_err=0.215847
INFO | EPOCH_299 | [B=18, T=20, D=2] true=0.463250 pred=0.244325 diff=-0.218926 abs_err=0.218926
INFO | EPOCH_299 | [B=14, T=19, D=11] true=0.743992 pred=0.613517 diff=-0.130475 abs_err=0.130475
INFO | EPOCH_299 | [B=2, T=13, D=4] true=1.281660 pred=1.108768 diff=-0.172893 abs_err=0.172893
INFO | EPOCH_299 | [B=36, T=27, D=9] true=1.123721 pred=1.551642 diff=+0.427921 abs_err=0.427921
INFO | EPOCH_299 | [B=21, T=17, D=0] true=1.906277 pred=1.870818 diff=-0.035459 abs_err=0.035459
INFO | EPOCH_299 | [B=56, T=16, D=4] true=1.008608 pred=1.198912 diff=+0.190304 abs_err=0.190304
INFO | EPOCH_299 | [B=27, T=1, D=11] true=0.723136 pred=0.682147 diff=-0.040989 abs_err=0.040989
INFO | EPOCH_299 | [B=37, T=18, D=8] true=-0.096791 pred=0.195220 diff=+0.292011 abs_err=0.292011
INFO | EPOCH_299 | [B=17, T=13, D=7] true=2.732227 pred=2.328677 diff=-0.403549 abs_err=0.403549
INFO | EPOCH_299 | [B=41, T=11, D=8] true=0.182016 pred=0.195164 diff=+0.013149 abs_err=0.013149
INFO | EPOCH_299 | [B=21, T=29, D=6] true=3.306629 pred=3.218245 diff=-0.088385 abs_err=0.088385
INFO | EPOCH_299 | [B=30, T=0, D=6] true=4.423113 pred=4.426379 diff=+0.003266 abs_err=0.003266
INFO | EPOCH_299 | [B=1, T=24, D=8] true=0.562715 pred=0.207279 diff=-0.355436 abs_err=0.355436
INFO | EPOCH_299 | [B=10, T=13, D=2] true=0.350221 pred=0.284078 diff=-0.066144 abs_err=0.066144
INFO | EPOCH_299 | TOP 5 WORST masked points (largest abs_err):
INFO | EPOCH_299 | [B=46, T=10, D=6] true=0.025506 pred=3.396943 diff=+3.371437 abs_err=3.371437
INFO | EPOCH_299 | [B=46, T=13, D=6] true=0.022954 pred=3.377489 diff=+3.354535 abs_err=3.354535
INFO | EPOCH_299 | [B=26, T=5, D=9] true=0.757862 pred=3.506252 diff=+2.748390 abs_err=2.748390
INFO | EPOCH_299 | [B=49, T=14, D=11] true=2.130419 pred=-0.221140 diff=-2.351559 abs_err=2.351559
INFO | EPOCH_299 | [B=17, T=16, D=6] true=3.318204 pred=1.012388 diff=-2.305816 abs_err=2.305816
INFO | EPOCH_299 | TOP 5 BEST/CORRECT masked points (smallest abs_err):
INFO | EPOCH_299 | [B=39, T=10, D=0] true=3.346271 pred=3.346250 diff=-0.000021 abs_err=0.000021
INFO | EPOCH_299 | [B=33, T=1, D=6] true=4.417012 pred=4.416989 diff=-0.000023 abs_err=0.000023
INFO | EPOCH_299 | [B=0, T=19, D=2] true=0.524661 pred=0.524621 diff=-0.000039 abs_err=0.000039
INFO | EPOCH_299 | [B=59, T=18, D=8] true=0.930086 pred=0.930033 diff=-0.000053 abs_err=0.000053
INFO | EPOCH_299 | [B=2, T=14, D=7] true=1.219587 pred=1.219505 diff=-0.000082 abs_err=0.000082
INFO | EPOCH_009 | RANDOM 15 masked points (true, pred, diff, abs_err):
INFO | EPOCH_009 | [B=8, T=8, D=3] true=1.923137 pred=1.624445 diff=-0.298692 abs_err=0.298692
INFO | EPOCH_009 | [B=30, T=28, D=10] true=1.869238 pred=2.465186 diff=+0.595948 abs_err=0.595948
INFO | EPOCH_009 | [B=22, T=16, D=3] true=3.704694 pred=2.996919 diff=-0.707775 abs_err=0.707775
INFO | EPOCH_009 | [B=46, T=16, D=8] true=1.032536 pred=1.000431 diff=-0.032105 abs_err=0.032105
INFO | EPOCH_009 | [B=35, T=9, D=2] true=0.386476 pred=0.086990 diff=-0.299485 abs_err=0.299485
INFO | EPOCH_009 | [B=61, T=16, D=4] true=0.979247 pred=0.898451 diff=-0.080796 abs_err=0.080796
INFO | EPOCH_009 | [B=13, T=25, D=8] true=1.328250 pred=1.003518 diff=-0.324733 abs_err=0.324733
INFO | EPOCH_009 | [B=7, T=9, D=10] true=1.400543 pred=1.397799 diff=-0.002745 abs_err=0.002745
INFO | EPOCH_009 | [B=24, T=24, D=7] true=1.174765 pred=0.921851 diff=-0.252914 abs_err=0.252914
INFO | EPOCH_009 | [B=17, T=23, D=7] true=0.401777 pred=1.482948 diff=+1.081171 abs_err=1.081171
INFO | EPOCH_009 | [B=18, T=20, D=10] true=1.202966 pred=1.268129 diff=+0.065163 abs_err=0.065163
INFO | EPOCH_009 | [B=20, T=14, D=3] true=3.362846 pred=3.330122 diff=-0.032724 abs_err=0.032724
INFO | EPOCH_009 | [B=14, T=10, D=5] true=0.492536 pred=0.479787 diff=-0.012749 abs_err=0.012749
INFO | EPOCH_009 | [B=15, T=16, D=11] true=-0.057972 pred=0.166749 diff=+0.224722 abs_err=0.224722
INFO | EPOCH_009 | [B=7, T=13, D=2] true=0.364857 pred=0.098872 diff=-0.265985 abs_err=0.265985
INFO | EPOCH_009 | TOP 5 WORST masked points (largest abs_err):
INFO | EPOCH_009 | [B=26, T=8, D=6] true=1.595185 pred=4.486047 diff=+2.890862 abs_err=2.890862
INFO | EPOCH_009 | [B=16, T=0, D=6] true=3.570038 pred=0.899747 diff=-2.670291 abs_err=2.670291
INFO | EPOCH_009 | [B=16, T=3, D=6] true=3.513163 pred=0.905601 diff=-2.607562 abs_err=2.607562
INFO | EPOCH_009 | [B=18, T=11, D=6] true=3.456601 pred=0.888665 diff=-2.567936 abs_err=2.567936
INFO | EPOCH_009 | [B=44, T=20, D=6] true=0.108967 pred=2.670003 diff=+2.561036 abs_err=2.561036
INFO | EPOCH_009 | TOP 5 BEST/CORRECT masked points (smallest abs_err):
INFO | EPOCH_009 | [B=36, T=22, D=10] true=1.238380 pred=1.238379 diff=-0.000001 abs_err=0.000001
INFO | EPOCH_009 | [B=63, T=0, D=8] true=0.352939 pred=0.352965 diff=+0.000027 abs_err=0.000027
INFO | EPOCH_009 | [B=34, T=16, D=11] true=0.881639 pred=0.881676 diff=+0.000036 abs_err=0.000036
INFO | EPOCH_009 | [B=52, T=13, D=7] true=2.338309 pred=2.338243 diff=-0.000065 abs_err=0.000065
INFO | EPOCH_009 | [B=6, T=8, D=1] true=1.173711 pred=1.173632 diff=-0.000079 abs_err=0.000079
INFO | EPOCH_019 | RANDOM 15 masked points (true, pred, diff, abs_err):
INFO | EPOCH_019 | [B=7, T=3, D=8] true=0.718693 pred=0.562241 diff=-0.156452 abs_err=0.156452
INFO | EPOCH_019 | [B=22, T=14, D=0] true=2.343152 pred=2.196197 diff=-0.146955 abs_err=0.146955
INFO | EPOCH_019 | [B=22, T=22, D=5] true=0.511542 pred=0.426479 diff=-0.085063 abs_err=0.085063
INFO | EPOCH_019 | [B=19, T=6, D=4] true=1.149235 pred=1.422394 diff=+0.273159 abs_err=0.273159
INFO | EPOCH_019 | [B=38, T=15, D=3] true=2.279005 pred=2.526333 diff=+0.247328 abs_err=0.247328
INFO | EPOCH_019 | [B=30, T=14, D=4] true=2.209387 pred=2.118792 diff=-0.090595 abs_err=0.090595
INFO | EPOCH_019 | [B=57, T=29, D=1] true=1.498381 pred=1.695464 diff=+0.197084 abs_err=0.197084
INFO | EPOCH_019 | [B=11, T=30, D=2] true=-0.278205 pred=-0.141430 diff=+0.136774 abs_err=0.136774
INFO | EPOCH_019 | [B=15, T=9, D=2] true=0.163783 pred=0.110525 diff=-0.053258 abs_err=0.053258
INFO | EPOCH_019 | [B=37, T=0, D=0] true=2.304810 pred=1.897162 diff=-0.407647 abs_err=0.407647
INFO | EPOCH_019 | [B=1, T=15, D=0] true=4.151891 pred=3.947155 diff=-0.204736 abs_err=0.204736
INFO | EPOCH_019 | [B=36, T=22, D=10] true=1.300073 pred=1.314997 diff=+0.014924 abs_err=0.014924
INFO | EPOCH_019 | [B=41, T=18, D=11] true=0.040789 pred=0.196306 diff=+0.155517 abs_err=0.155517
INFO | EPOCH_019 | [B=5, T=12, D=3] true=1.744181 pred=1.586642 diff=-0.157540 abs_err=0.157540
INFO | EPOCH_019 | [B=14, T=6, D=1] true=1.569726 pred=1.656408 diff=+0.086682 abs_err=0.086682
INFO | EPOCH_019 | TOP 5 WORST masked points (largest abs_err):
INFO | EPOCH_019 | [B=47, T=24, D=6] true=1.678643 pred=4.588212 diff=+2.909569 abs_err=2.909569
INFO | EPOCH_019 | [B=14, T=11, D=6] true=0.115726 pred=2.862856 diff=+2.747130 abs_err=2.747130
INFO | EPOCH_019 | [B=14, T=5, D=6] true=0.146037 pred=2.864964 diff=+2.718927 abs_err=2.718927
INFO | EPOCH_019 | [B=47, T=28, D=9] true=1.413674 pred=3.947236 diff=+2.533563 abs_err=2.533563
INFO | EPOCH_019 | [B=47, T=22, D=9] true=5.246898 pred=2.805484 diff=-2.441414 abs_err=2.441414
INFO | EPOCH_019 | TOP 5 BEST/CORRECT masked points (smallest abs_err):
INFO | EPOCH_019 | [B=30, T=13, D=11] true=0.463779 pred=0.463807 diff=+0.000028 abs_err=0.000028
INFO | EPOCH_019 | [B=44, T=10, D=11] true=0.166723 pred=0.166645 diff=-0.000078 abs_err=0.000078
INFO | EPOCH_019 | [B=24, T=20, D=7] true=2.336631 pred=2.336730 diff=+0.000099 abs_err=0.000099
INFO | EPOCH_019 | [B=10, T=22, D=10] true=1.774327 pred=1.774431 diff=+0.000104 abs_err=0.000104
INFO | EPOCH_019 | [B=29, T=16, D=6] true=1.153219 pred=1.153346 diff=+0.000127 abs_err=0.000127
INFO | EPOCH_029 | RANDOM 15 masked points (true, pred, diff, abs_err):
INFO | EPOCH_029 | [B=63, T=21, D=0] true=2.708221 pred=2.747886 diff=+0.039665 abs_err=0.039665
INFO | EPOCH_029 | [B=28, T=1, D=0] true=3.205954 pred=3.023031 diff=-0.182923 abs_err=0.182923
INFO | EPOCH_029 | [B=9, T=3, D=11] true=0.400679 pred=0.449296 diff=+0.048617 abs_err=0.048617
INFO | EPOCH_029 | [B=47, T=21, D=5] true=0.641908 pred=0.366161 diff=-0.275747 abs_err=0.275747
INFO | EPOCH_029 | [B=33, T=32, D=4] true=1.078716 pred=1.066525 diff=-0.012192 abs_err=0.012192
INFO | EPOCH_029 | [B=62, T=11, D=0] true=2.801587 pred=2.918647 diff=+0.117061 abs_err=0.117061
INFO | EPOCH_029 | [B=47, T=17, D=6] true=4.273974 pred=4.212123 diff=-0.061851 abs_err=0.061851
INFO | EPOCH_029 | [B=12, T=24, D=1] true=1.937148 pred=1.798690 diff=-0.138458 abs_err=0.138458
INFO | EPOCH_029 | [B=34, T=28, D=3] true=2.786690 pred=2.544059 diff=-0.242632 abs_err=0.242632
INFO | EPOCH_029 | [B=22, T=32, D=1] true=1.349379 pred=1.345459 diff=-0.003920 abs_err=0.003920
INFO | EPOCH_029 | [B=47, T=13, D=10] true=2.396892 pred=2.111871 diff=-0.285021 abs_err=0.285021
INFO | EPOCH_029 | [B=31, T=6, D=11] true=0.571372 pred=0.464796 diff=-0.106576 abs_err=0.106576
INFO | EPOCH_029 | [B=35, T=22, D=0] true=2.893668 pred=3.003993 diff=+0.110325 abs_err=0.110325
INFO | EPOCH_029 | [B=4, T=24, D=6] true=2.646777 pred=2.608827 diff=-0.037951 abs_err=0.037951
INFO | EPOCH_029 | [B=10, T=15, D=0] true=3.306703 pred=3.166409 diff=-0.140295 abs_err=0.140295
INFO | EPOCH_029 | TOP 5 WORST masked points (largest abs_err):
INFO | EPOCH_029 | [B=55, T=27, D=9] true=1.255944 pred=3.729211 diff=+2.473267 abs_err=2.473267
INFO | EPOCH_029 | [B=6, T=22, D=9] true=3.751000 pred=1.599672 diff=-2.151328 abs_err=2.151328
INFO | EPOCH_029 | [B=0, T=28, D=9] true=3.682978 pred=1.543482 diff=-2.139496 abs_err=2.139496
INFO | EPOCH_029 | [B=45, T=4, D=0] true=0.990548 pred=3.118678 diff=+2.128130 abs_err=2.128130
INFO | EPOCH_029 | [B=8, T=0, D=9] true=3.707034 pred=1.583902 diff=-2.123132 abs_err=2.123132
INFO | EPOCH_029 | TOP 5 BEST/CORRECT masked points (smallest abs_err):
INFO | EPOCH_029 | [B=3, T=20, D=7] true=1.072610 pred=1.072605 diff=-0.000005 abs_err=0.000005
INFO | EPOCH_029 | [B=46, T=16, D=1] true=2.181799 pred=2.181793 diff=-0.000006 abs_err=0.000006
INFO | EPOCH_029 | [B=33, T=22, D=0] true=2.909411 pred=2.909424 diff=+0.000013 abs_err=0.000013
INFO | EPOCH_029 | [B=37, T=11, D=6] true=4.649587 pred=4.649610 diff=+0.000023 abs_err=0.000023
INFO | EPOCH_029 | [B=58, T=3, D=8] true=0.191835 pred=0.191803 diff=-0.000031 abs_err=0.000031
INFO | EPOCH_039 | RANDOM 15 masked points (true, pred, diff, abs_err):
INFO | EPOCH_039 | [B=54, T=12, D=1] true=1.242727 pred=1.295314 diff=+0.052588 abs_err=0.052588
INFO | EPOCH_039 | [B=11, T=27, D=4] true=2.001513 pred=1.644410 diff=-0.357103 abs_err=0.357103
INFO | EPOCH_039 | [B=28, T=2, D=2] true=0.159374 pred=0.091489 diff=-0.067885 abs_err=0.067885
INFO | EPOCH_039 | [B=48, T=16, D=6] true=3.211327 pred=3.082367 diff=-0.128960 abs_err=0.128960
INFO | EPOCH_039 | [B=53, T=28, D=4] true=1.058432 pred=1.369632 diff=+0.311200 abs_err=0.311200
INFO | EPOCH_039 | [B=59, T=16, D=0] true=3.804520 pred=3.872863 diff=+0.068342 abs_err=0.068342
INFO | EPOCH_039 | [B=50, T=14, D=8] true=1.070377 pred=1.047303 diff=-0.023074 abs_err=0.023074
INFO | EPOCH_039 | [B=14, T=12, D=4] true=2.048575 pred=1.651893 diff=-0.396681 abs_err=0.396681
INFO | EPOCH_039 | [B=27, T=18, D=6] true=2.877424 pred=2.943532 diff=+0.066108 abs_err=0.066108
INFO | EPOCH_039 | [B=9, T=27, D=2] true=0.452600 pred=0.522449 diff=+0.069848 abs_err=0.069848
INFO | EPOCH_039 | [B=43, T=17, D=5] true=0.369330 pred=0.468219 diff=+0.098889 abs_err=0.098889
INFO | EPOCH_039 | [B=10, T=19, D=3] true=2.291903 pred=2.364916 diff=+0.073012 abs_err=0.073012
INFO | EPOCH_039 | [B=32, T=6, D=6] true=4.395222 pred=4.516343 diff=+0.121121 abs_err=0.121121
INFO | EPOCH_039 | [B=30, T=26, D=1] true=1.394289 pred=1.415533 diff=+0.021244 abs_err=0.021244
INFO | EPOCH_039 | [B=53, T=12, D=6] true=4.755143 pred=4.599747 diff=-0.155396 abs_err=0.155396
INFO | EPOCH_039 | TOP 5 WORST masked points (largest abs_err):
INFO | EPOCH_039 | [B=17, T=6, D=6] true=0.042953 pred=4.094713 diff=+4.051760 abs_err=4.051760
INFO | EPOCH_039 | [B=17, T=2, D=6] true=0.050544 pred=4.097446 diff=+4.046902 abs_err=4.046902
INFO | EPOCH_039 | [B=46, T=13, D=6] true=0.022954 pred=3.334928 diff=+3.311974 abs_err=3.311974
INFO | EPOCH_039 | [B=46, T=10, D=6] true=0.025506 pred=3.336321 diff=+3.310814 abs_err=3.310814
INFO | EPOCH_039 | [B=37, T=28, D=6] true=5.711285 pred=3.270320 diff=-2.440965 abs_err=2.440965
INFO | EPOCH_039 | TOP 5 BEST/CORRECT masked points (smallest abs_err):
INFO | EPOCH_039 | [B=54, T=3, D=4] true=1.242594 pred=1.242576 diff=-0.000018 abs_err=0.000018
INFO | EPOCH_039 | [B=1, T=23, D=4] true=1.934455 pred=1.934518 diff=+0.000063 abs_err=0.000063
INFO | EPOCH_039 | [B=39, T=5, D=4] true=1.523375 pred=1.523263 diff=-0.000112 abs_err=0.000112
INFO | EPOCH_039 | [B=36, T=26, D=10] true=1.537849 pred=1.537963 diff=+0.000114 abs_err=0.000114
INFO | EPOCH_039 | [B=23, T=13, D=5] true=0.267295 pred=0.267422 diff=+0.000127 abs_err=0.000127
INFO | EPOCH_049 | RANDOM 15 masked points (true, pred, diff, abs_err):
INFO | EPOCH_049 | [B=34, T=13, D=10] true=2.969392 pred=2.564662 diff=-0.404730 abs_err=0.404730
INFO | EPOCH_049 | [B=51, T=12, D=1] true=2.745738 pred=2.569803 diff=-0.175934 abs_err=0.175934
INFO | EPOCH_049 | [B=32, T=25, D=9] true=1.367625 pred=1.746799 diff=+0.379173 abs_err=0.379173
INFO | EPOCH_049 | [B=38, T=5, D=7] true=2.388947 pred=2.347519 diff=-0.041428 abs_err=0.041428
INFO | EPOCH_049 | [B=15, T=6, D=3] true=4.191235 pred=4.033566 diff=-0.157669 abs_err=0.157669
INFO | EPOCH_049 | [B=58, T=21, D=8] true=0.263931 pred=0.259954 diff=-0.003977 abs_err=0.003977
INFO | EPOCH_049 | [B=62, T=24, D=7] true=0.995568 pred=1.333139 diff=+0.337571 abs_err=0.337571
INFO | EPOCH_049 | [B=47, T=20, D=2] true=0.467316 pred=0.343137 diff=-0.124179 abs_err=0.124179
INFO | EPOCH_049 | [B=8, T=18, D=7] true=1.179497 pred=1.308816 diff=+0.129319 abs_err=0.129319
INFO | EPOCH_049 | [B=20, T=13, D=8] true=0.677175 pred=0.912682 diff=+0.235507 abs_err=0.235507
INFO | EPOCH_049 | [B=58, T=18, D=5] true=0.273237 pred=0.397459 diff=+0.124222 abs_err=0.124222
INFO | EPOCH_049 | [B=60, T=2, D=10] true=0.577363 pred=1.526687 diff=+0.949323 abs_err=0.949323
INFO | EPOCH_049 | [B=52, T=4, D=5] true=0.540531 pred=0.248201 diff=-0.292331 abs_err=0.292331
INFO | EPOCH_049 | [B=56, T=20, D=8] true=0.099084 pred=0.336187 diff=+0.237103 abs_err=0.237103
INFO | EPOCH_049 | [B=59, T=26, D=10] true=1.274188 pred=1.289939 diff=+0.015751 abs_err=0.015751
INFO | EPOCH_049 | TOP 5 WORST masked points (largest abs_err):
INFO | EPOCH_049 | [B=26, T=5, D=9] true=0.757862 pred=3.491844 diff=+2.733982 abs_err=2.733982
INFO | EPOCH_049 | [B=53, T=23, D=9] true=3.769167 pred=1.611873 diff=-2.157294 abs_err=2.157294
INFO | EPOCH_049 | [B=53, T=25, D=9] true=3.762194 pred=1.622630 diff=-2.139563 abs_err=2.139563
INFO | EPOCH_049 | [B=49, T=14, D=10] true=0.506230 pred=2.634418 diff=+2.128188 abs_err=2.128188
INFO | EPOCH_049 | [B=53, T=6, D=9] true=3.672971 pred=1.550267 diff=-2.122704 abs_err=2.122704
INFO | EPOCH_049 | TOP 5 BEST/CORRECT masked points (smallest abs_err):
INFO | EPOCH_049 | [B=45, T=23, D=4] true=1.902338 pred=1.902338 diff=+0.000000 abs_err=0.000000
INFO | EPOCH_049 | [B=34, T=22, D=6] true=1.003103 pred=1.003113 diff=+0.000010 abs_err=0.000010
INFO | EPOCH_049 | [B=59, T=22, D=1] true=1.403395 pred=1.403378 diff=-0.000017 abs_err=0.000017
INFO | EPOCH_049 | [B=57, T=5, D=3] true=3.044668 pred=3.044695 diff=+0.000027 abs_err=0.000027
INFO | EPOCH_049 | [B=63, T=10, D=4] true=0.944509 pred=0.944453 diff=-0.000055 abs_err=0.000055
INFO | EPOCH_059 | RANDOM 15 masked points (true, pred, diff, abs_err):
INFO | EPOCH_059 | [B=56, T=23, D=2] true=0.195536 pred=0.250591 diff=+0.055055 abs_err=0.055055
INFO | EPOCH_059 | [B=0, T=12, D=4] true=0.842883 pred=0.854754 diff=+0.011871 abs_err=0.011871
INFO | EPOCH_059 | [B=40, T=25, D=1] true=2.129628 pred=1.775400 diff=-0.354228 abs_err=0.354228
INFO | EPOCH_059 | [B=26, T=27, D=10] true=1.883699 pred=1.619974 diff=-0.263725 abs_err=0.263725
INFO | EPOCH_059 | [B=35, T=22, D=4] true=2.129098 pred=2.424252 diff=+0.295154 abs_err=0.295154
INFO | EPOCH_059 | [B=24, T=0, D=11] true=0.801173 pred=0.749566 diff=-0.051607 abs_err=0.051607
INFO | EPOCH_059 | [B=10, T=2, D=10] true=1.221784 pred=1.093258 diff=-0.128525 abs_err=0.128525
INFO | EPOCH_059 | [B=19, T=14, D=11] true=1.180915 pred=0.785496 diff=-0.395420 abs_err=0.395420
INFO | EPOCH_059 | [B=63, T=13, D=2] true=0.529871 pred=0.461239 diff=-0.068632 abs_err=0.068632
INFO | EPOCH_059 | [B=9, T=15, D=8] true=-0.275955 pred=0.136793 diff=+0.412749 abs_err=0.412749
INFO | EPOCH_059 | [B=40, T=24, D=3] true=3.503489 pred=3.564945 diff=+0.061456 abs_err=0.061456
INFO | EPOCH_059 | [B=34, T=10, D=2] true=0.229226 pred=0.279723 diff=+0.050497 abs_err=0.050497
INFO | EPOCH_059 | [B=23, T=6, D=4] true=1.613388 pred=1.340117 diff=-0.273271 abs_err=0.273271
INFO | EPOCH_059 | [B=23, T=16, D=2] true=0.352704 pred=0.264711 diff=-0.087993 abs_err=0.087993
INFO | EPOCH_059 | [B=42, T=3, D=5] true=0.335190 pred=0.408337 diff=+0.073147 abs_err=0.073147
INFO | EPOCH_059 | TOP 5 WORST masked points (largest abs_err):
INFO | EPOCH_059 | [B=35, T=20, D=3] true=0.534949 pred=3.150782 diff=+2.615833 abs_err=2.615833
INFO | EPOCH_059 | [B=51, T=24, D=6] true=3.759710 pred=1.367720 diff=-2.391990 abs_err=2.391990
INFO | EPOCH_059 | [B=63, T=23, D=3] true=1.364607 pred=3.484326 diff=+2.119719 abs_err=2.119719
INFO | EPOCH_059 | [B=46, T=14, D=2] true=2.224028 pred=0.130622 diff=-2.093406 abs_err=2.093406
INFO | EPOCH_059 | [B=1, T=15, D=3] true=1.012525 pred=3.057617 diff=+2.045092 abs_err=2.045092
INFO | EPOCH_059 | TOP 5 BEST/CORRECT masked points (smallest abs_err):
INFO | EPOCH_059 | [B=29, T=25, D=0] true=3.149056 pred=3.149056 diff=+0.000000 abs_err=0.000000
INFO | EPOCH_059 | [B=33, T=1, D=2] true=0.153490 pred=0.153496 diff=+0.000006 abs_err=0.000006
INFO | EPOCH_059 | [B=7, T=22, D=10] true=1.227133 pred=1.227151 diff=+0.000018 abs_err=0.000018
INFO | EPOCH_059 | [B=51, T=26, D=0] true=2.617309 pred=2.617331 diff=+0.000022 abs_err=0.000022
INFO | EPOCH_059 | [B=6, T=26, D=11] true=0.914821 pred=0.914845 diff=+0.000024 abs_err=0.000024
INFO | EPOCH_069 | RANDOM 15 masked points (true, pred, diff, abs_err):
INFO | EPOCH_069 | [B=15, T=26, D=2] true=0.258241 pred=0.006394 diff=-0.251847 abs_err=0.251847
INFO | EPOCH_069 | [B=45, T=19, D=0] true=0.422081 pred=1.031596 diff=+0.609515 abs_err=0.609515
INFO | EPOCH_069 | [B=53, T=17, D=11] true=0.569476 pred=0.612518 diff=+0.043042 abs_err=0.043042
INFO | EPOCH_069 | [B=5, T=9, D=10] true=1.364046 pred=1.443899 diff=+0.079854 abs_err=0.079854
INFO | EPOCH_069 | [B=44, T=6, D=10] true=2.224000 pred=2.371546 diff=+0.147547 abs_err=0.147547
INFO | EPOCH_069 | [B=34, T=13, D=2] true=-0.195162 pred=-0.054955 diff=+0.140207 abs_err=0.140207
INFO | EPOCH_069 | [B=57, T=1, D=0] true=2.901326 pred=2.869061 diff=-0.032264 abs_err=0.032264
INFO | EPOCH_069 | [B=31, T=1, D=2] true=0.017461 pred=0.320209 diff=+0.302748 abs_err=0.302748
INFO | EPOCH_069 | [B=45, T=24, D=8] true=0.818655 pred=0.757509 diff=-0.061146 abs_err=0.061146
INFO | EPOCH_069 | [B=44, T=25, D=9] true=1.060182 pred=1.490233 diff=+0.430051 abs_err=0.430051
INFO | EPOCH_069 | [B=28, T=4, D=1] true=1.771338 pred=1.807345 diff=+0.036007 abs_err=0.036007
INFO | EPOCH_069 | [B=37, T=12, D=0] true=3.020034 pred=2.846559 diff=-0.173475 abs_err=0.173475
INFO | EPOCH_069 | [B=6, T=25, D=6] true=2.895621 pred=2.593076 diff=-0.302545 abs_err=0.302545
INFO | EPOCH_069 | [B=48, T=29, D=2] true=0.270235 pred=0.356768 diff=+0.086533 abs_err=0.086533
INFO | EPOCH_069 | [B=20, T=29, D=11] true=0.479279 pred=0.559272 diff=+0.079993 abs_err=0.079993
INFO | EPOCH_069 | TOP 5 WORST masked points (largest abs_err):
INFO | EPOCH_069 | [B=7, T=3, D=0] true=5.087778 pred=2.512187 diff=-2.575591 abs_err=2.575591
INFO | EPOCH_069 | [B=60, T=21, D=6] true=1.315996 pred=3.824361 diff=+2.508365 abs_err=2.508365
INFO | EPOCH_069 | [B=60, T=15, D=6] true=1.323426 pred=3.822976 diff=+2.499550 abs_err=2.499550
INFO | EPOCH_069 | [B=60, T=8, D=6] true=1.323833 pred=3.821079 diff=+2.497246 abs_err=2.497246
INFO | EPOCH_069 | [B=39, T=23, D=3] true=1.330343 pred=3.697423 diff=+2.367080 abs_err=2.367080
INFO | EPOCH_069 | TOP 5 BEST/CORRECT masked points (smallest abs_err):
INFO | EPOCH_069 | [B=1, T=10, D=9] true=2.111953 pred=2.111963 diff=+0.000009 abs_err=0.000009
INFO | EPOCH_069 | [B=49, T=31, D=3] true=2.711841 pred=2.711865 diff=+0.000024 abs_err=0.000024
INFO | EPOCH_069 | [B=63, T=22, D=7] true=1.471886 pred=1.471912 diff=+0.000026 abs_err=0.000026
INFO | EPOCH_069 | [B=29, T=24, D=5] true=0.341421 pred=0.341381 diff=-0.000040 abs_err=0.000040
INFO | EPOCH_069 | [B=26, T=31, D=2] true=0.204568 pred=0.204527 diff=-0.000041 abs_err=0.000041
INFO | EPOCH_079 | RANDOM 15 masked points (true, pred, diff, abs_err):
INFO | EPOCH_079 | [B=60, T=12, D=10] true=1.463305 pred=1.412524 diff=-0.050781 abs_err=0.050781
INFO | EPOCH_079 | [B=13, T=4, D=11] true=0.229573 pred=0.585459 diff=+0.355885 abs_err=0.355885
INFO | EPOCH_079 | [B=27, T=5, D=5] true=0.215333 pred=0.301474 diff=+0.086141 abs_err=0.086141
INFO | EPOCH_079 | [B=53, T=14, D=4] true=1.680774 pred=1.809855 diff=+0.129081 abs_err=0.129081
INFO | EPOCH_079 | [B=35, T=12, D=11] true=1.216608 pred=1.081162 diff=-0.135446 abs_err=0.135446
INFO | EPOCH_079 | [B=33, T=20, D=6] true=2.775656 pred=2.779813 diff=+0.004157 abs_err=0.004157
INFO | EPOCH_079 | [B=49, T=3, D=7] true=2.325116 pred=2.310783 diff=-0.014333 abs_err=0.014333
INFO | EPOCH_079 | [B=32, T=11, D=0] true=3.403226 pred=3.442689 diff=+0.039463 abs_err=0.039463
INFO | EPOCH_079 | [B=2, T=26, D=10] true=1.192743 pred=1.227125 diff=+0.034382 abs_err=0.034382
INFO | EPOCH_079 | [B=60, T=25, D=4] true=1.394591 pred=1.347500 diff=-0.047091 abs_err=0.047091
INFO | EPOCH_079 | [B=49, T=20, D=0] true=3.756605 pred=3.716823 diff=-0.039782 abs_err=0.039782
INFO | EPOCH_079 | [B=32, T=1, D=11] true=0.970575 pred=0.914292 diff=-0.056283 abs_err=0.056283
INFO | EPOCH_079 | [B=17, T=24, D=3] true=2.448761 pred=2.762775 diff=+0.314014 abs_err=0.314014
INFO | EPOCH_079 | [B=18, T=19, D=6] true=1.475799 pred=2.122118 diff=+0.646319 abs_err=0.646319
INFO | EPOCH_079 | [B=57, T=13, D=0] true=3.691152 pred=3.637076 diff=-0.054076 abs_err=0.054076
INFO | EPOCH_079 | TOP 5 WORST masked points (largest abs_err):
INFO | EPOCH_079 | [B=25, T=9, D=9] true=3.972294 pred=1.824091 diff=-2.148203 abs_err=2.148203
INFO | EPOCH_079 | [B=29, T=4, D=10] true=0.463057 pred=2.354351 diff=+1.891294 abs_err=1.891294
INFO | EPOCH_079 | [B=29, T=7, D=10] true=0.487208 pred=2.349495 diff=+1.862287 abs_err=1.862287
INFO | EPOCH_079 | [B=28, T=13, D=10] true=0.457716 pred=2.258484 diff=+1.800769 abs_err=1.800769
INFO | EPOCH_079 | [B=41, T=26, D=9] true=3.495204 pred=1.748696 diff=-1.746508 abs_err=1.746508
INFO | EPOCH_079 | TOP 5 BEST/CORRECT masked points (smallest abs_err):
INFO | EPOCH_079 | [B=39, T=12, D=3] true=2.634545 pred=2.634543 diff=-0.000001 abs_err=0.000001
INFO | EPOCH_079 | [B=1, T=3, D=1] true=1.602142 pred=1.602136 diff=-0.000006 abs_err=0.000006
INFO | EPOCH_079 | [B=48, T=25, D=7] true=1.441639 pred=1.441645 diff=+0.000006 abs_err=0.000006
INFO | EPOCH_079 | [B=4, T=23, D=2] true=0.247230 pred=0.247206 diff=-0.000024 abs_err=0.000024
INFO | EPOCH_079 | [B=27, T=12, D=8] true=0.776253 pred=0.776219 diff=-0.000034 abs_err=0.000034
INFO | EPOCH_089 | RANDOM 15 masked points (true, pred, diff, abs_err):
INFO | EPOCH_089 | [B=20, T=16, D=9] true=2.632362 pred=2.355572 diff=-0.276791 abs_err=0.276791
INFO | EPOCH_089 | [B=11, T=12, D=11] true=0.507927 pred=0.587855 diff=+0.079928 abs_err=0.079928
INFO | EPOCH_089 | [B=13, T=10, D=9] true=1.794272 pred=1.675795 diff=-0.118476 abs_err=0.118476
INFO | EPOCH_089 | [B=9, T=11, D=8] true=0.717531 pred=0.679354 diff=-0.038177 abs_err=0.038177
INFO | EPOCH_089 | [B=17, T=20, D=3] true=1.614590 pred=1.846063 diff=+0.231472 abs_err=0.231472
INFO | EPOCH_089 | [B=55, T=0, D=2] true=0.380267 pred=0.361604 diff=-0.018663 abs_err=0.018663
INFO | EPOCH_089 | [B=9, T=15, D=11] true=0.280067 pred=0.299080 diff=+0.019013 abs_err=0.019013
INFO | EPOCH_089 | [B=30, T=23, D=6] true=1.521074 pred=1.324653 diff=-0.196421 abs_err=0.196421
INFO | EPOCH_089 | [B=62, T=27, D=11] true=0.418445 pred=0.439718 diff=+0.021273 abs_err=0.021273
INFO | EPOCH_089 | [B=24, T=26, D=8] true=1.164517 pred=0.891358 diff=-0.273159 abs_err=0.273159
INFO | EPOCH_089 | [B=35, T=25, D=4] true=1.652008 pred=1.464037 diff=-0.187970 abs_err=0.187970
INFO | EPOCH_089 | [B=16, T=2, D=0] true=1.725808 pred=1.810331 diff=+0.084522 abs_err=0.084522
INFO | EPOCH_089 | [B=15, T=13, D=10] true=1.154483 pred=1.422475 diff=+0.267992 abs_err=0.267992
INFO | EPOCH_089 | [B=24, T=3, D=1] true=1.856502 pred=1.816469 diff=-0.040033 abs_err=0.040033
INFO | EPOCH_089 | [B=15, T=23, D=5] true=0.005933 pred=0.102880 diff=+0.096947 abs_err=0.096947
INFO | EPOCH_089 | TOP 5 WORST masked points (largest abs_err):
INFO | EPOCH_089 | [B=9, T=18, D=6] true=3.577968 pred=0.969489 diff=-2.608479 abs_err=2.608479
INFO | EPOCH_089 | [B=28, T=19, D=11] true=-1.985981 pred=0.607270 diff=+2.593251 abs_err=2.593251
INFO | EPOCH_089 | [B=9, T=8, D=6] true=3.547465 pred=0.969253 diff=-2.578212 abs_err=2.578212
INFO | EPOCH_089 | [B=44, T=20, D=6] true=0.108967 pred=2.651929 diff=+2.542962 abs_err=2.542962
INFO | EPOCH_089 | [B=44, T=18, D=6] true=0.127504 pred=2.656991 diff=+2.529487 abs_err=2.529487
INFO | EPOCH_089 | TOP 5 BEST/CORRECT masked points (smallest abs_err):
INFO | EPOCH_089 | [B=36, T=19, D=2] true=0.494784 pred=0.494814 diff=+0.000030 abs_err=0.000030
INFO | EPOCH_089 | [B=10, T=13, D=4] true=1.098076 pred=1.098118 diff=+0.000043 abs_err=0.000043
INFO | EPOCH_089 | [B=12, T=23, D=3] true=1.858387 pred=1.858449 diff=+0.000062 abs_err=0.000062
INFO | EPOCH_089 | [B=43, T=4, D=7] true=1.290524 pred=1.290610 diff=+0.000086 abs_err=0.000086
INFO | EPOCH_089 | [B=63, T=0, D=8] true=0.352939 pred=0.352837 diff=-0.000102 abs_err=0.000102
INFO | EPOCH_099 | RANDOM 15 masked points (true, pred, diff, abs_err):
INFO | EPOCH_099 | [B=37, T=15, D=9] true=2.457353 pred=2.409222 diff=-0.048131 abs_err=0.048131
INFO | EPOCH_099 | [B=45, T=12, D=7] true=1.401618 pred=1.357100 diff=-0.044517 abs_err=0.044517
INFO | EPOCH_099 | [B=13, T=1, D=10] true=1.937760 pred=1.764541 diff=-0.173219 abs_err=0.173219
INFO | EPOCH_099 | [B=61, T=15, D=7] true=1.382499 pred=1.328930 diff=-0.053569 abs_err=0.053569
INFO | EPOCH_099 | [B=48, T=4, D=1] true=1.404665 pred=1.479212 diff=+0.074547 abs_err=0.074547
INFO | EPOCH_099 | [B=32, T=19, D=7] true=1.644820 pred=1.634537 diff=-0.010283 abs_err=0.010283
INFO | EPOCH_099 | [B=12, T=8, D=3] true=3.473114 pred=3.344754 diff=-0.128360 abs_err=0.128360
INFO | EPOCH_099 | [B=23, T=22, D=4] true=2.328849 pred=2.098413 diff=-0.230437 abs_err=0.230437
INFO | EPOCH_099 | [B=34, T=6, D=0] true=2.124115 pred=2.265383 diff=+0.141269 abs_err=0.141269
INFO | EPOCH_099 | [B=5, T=5, D=2] true=0.290719 pred=0.138547 diff=-0.152172 abs_err=0.152172
INFO | EPOCH_099 | [B=61, T=13, D=3] true=3.996557 pred=3.822735 diff=-0.173822 abs_err=0.173822
INFO | EPOCH_099 | [B=42, T=12, D=0] true=1.826070 pred=1.996490 diff=+0.170420 abs_err=0.170420
INFO | EPOCH_099 | [B=30, T=25, D=2] true=0.043740 pred=0.403934 diff=+0.360194 abs_err=0.360194
INFO | EPOCH_099 | [B=53, T=16, D=5] true=0.936177 pred=0.606423 diff=-0.329754 abs_err=0.329754
INFO | EPOCH_099 | [B=50, T=1, D=10] true=1.233876 pred=1.955482 diff=+0.721606 abs_err=0.721606
INFO | EPOCH_099 | TOP 5 WORST masked points (largest abs_err):
INFO | EPOCH_099 | [B=26, T=8, D=6] true=1.595185 pred=4.234560 diff=+2.639375 abs_err=2.639375
INFO | EPOCH_099 | [B=14, T=11, D=6] true=0.115726 pred=2.695820 diff=+2.580095 abs_err=2.580095
INFO | EPOCH_099 | [B=14, T=5, D=6] true=0.146037 pred=2.704836 diff=+2.558800 abs_err=2.558800
INFO | EPOCH_099 | [B=47, T=22, D=9] true=5.246898 pred=2.796316 diff=-2.450581 abs_err=2.450581
INFO | EPOCH_099 | [B=53, T=1, D=10] true=3.218401 pred=0.836111 diff=-2.382290 abs_err=2.382290
INFO | EPOCH_099 | TOP 5 BEST/CORRECT masked points (smallest abs_err):
INFO | EPOCH_099 | [B=21, T=20, D=1] true=1.320082 pred=1.320093 diff=+0.000011 abs_err=0.000011
INFO | EPOCH_099 | [B=15, T=14, D=2] true=0.320936 pred=0.320921 diff=-0.000015 abs_err=0.000015
INFO | EPOCH_099 | [B=20, T=23, D=2] true=0.358178 pred=0.358197 diff=+0.000019 abs_err=0.000019
INFO | EPOCH_099 | [B=57, T=27, D=4] true=1.325328 pred=1.325356 diff=+0.000027 abs_err=0.000027
INFO | EPOCH_099 | [B=21, T=27, D=5] true=0.506424 pred=0.506454 diff=+0.000030 abs_err=0.000030
INFO | EPOCH_109 | RANDOM 15 masked points (true, pred, diff, abs_err):
INFO | EPOCH_109 | [B=3, T=23, D=9] true=1.527093 pred=2.012965 diff=+0.485872 abs_err=0.485872
INFO | EPOCH_109 | [B=41, T=30, D=3] true=2.934288 pred=2.998331 diff=+0.064042 abs_err=0.064042
INFO | EPOCH_109 | [B=37, T=27, D=2] true=0.587237 pred=0.457748 diff=-0.129489 abs_err=0.129489
INFO | EPOCH_109 | [B=41, T=10, D=3] true=2.956971 pred=2.990988 diff=+0.034017 abs_err=0.034017
INFO | EPOCH_109 | [B=26, T=4, D=7] true=2.429926 pred=2.270252 diff=-0.159675 abs_err=0.159675
INFO | EPOCH_109 | [B=0, T=18, D=4] true=1.712168 pred=1.977767 diff=+0.265599 abs_err=0.265599
INFO | EPOCH_109 | [B=55, T=23, D=11] true=0.624344 pred=0.714652 diff=+0.090308 abs_err=0.090308
INFO | EPOCH_109 | [B=29, T=10, D=0] true=2.801656 pred=2.984884 diff=+0.183228 abs_err=0.183228
INFO | EPOCH_109 | [B=11, T=10, D=11] true=1.317637 pred=0.544116 diff=-0.773521 abs_err=0.773521
INFO | EPOCH_109 | [B=49, T=11, D=4] true=2.309758 pred=1.892067 diff=-0.417691 abs_err=0.417691
INFO | EPOCH_109 | [B=17, T=26, D=5] true=0.304289 pred=0.184213 diff=-0.120076 abs_err=0.120076
INFO | EPOCH_109 | [B=29, T=25, D=7] true=1.221507 pred=1.323672 diff=+0.102165 abs_err=0.102165
INFO | EPOCH_109 | [B=16, T=16, D=1] true=1.521661 pred=2.237106 diff=+0.715445 abs_err=0.715445
INFO | EPOCH_109 | [B=38, T=3, D=3] true=3.333724 pred=3.319714 diff=-0.014010 abs_err=0.014010
INFO | EPOCH_109 | [B=54, T=32, D=1] true=1.482600 pred=1.754428 diff=+0.271828 abs_err=0.271828
INFO | EPOCH_109 | TOP 5 WORST masked points (largest abs_err):
INFO | EPOCH_109 | [B=47, T=24, D=6] true=1.678643 pred=4.487870 diff=+2.809227 abs_err=2.809227
INFO | EPOCH_109 | [B=47, T=28, D=9] true=1.413674 pred=4.015985 diff=+2.602312 abs_err=2.602312
INFO | EPOCH_109 | [B=45, T=4, D=0] true=0.990548 pred=3.128518 diff=+2.137970 abs_err=2.137970
INFO | EPOCH_109 | [B=7, T=7, D=0] true=3.767489 pred=1.679357 diff=-2.088132 abs_err=2.088132
INFO | EPOCH_109 | [B=60, T=7, D=9] true=3.882581 pred=1.866774 diff=-2.015807 abs_err=2.015807
INFO | EPOCH_109 | TOP 5 BEST/CORRECT masked points (smallest abs_err):
INFO | EPOCH_109 | [B=12, T=28, D=1] true=2.635426 pred=2.635411 diff=-0.000015 abs_err=0.000015
INFO | EPOCH_109 | [B=41, T=1, D=2] true=0.353972 pred=0.353992 diff=+0.000020 abs_err=0.000020
INFO | EPOCH_109 | [B=3, T=24, D=3] true=2.451934 pred=2.451898 diff=-0.000036 abs_err=0.000036
INFO | EPOCH_109 | [B=49, T=15, D=5] true=0.129213 pred=0.129170 diff=-0.000043 abs_err=0.000043
INFO | EPOCH_109 | [B=36, T=21, D=2] true=0.501978 pred=0.502076 diff=+0.000098 abs_err=0.000098
INFO | EPOCH_119 | RANDOM 15 masked points (true, pred, diff, abs_err):
INFO | EPOCH_119 | [B=35, T=17, D=7] true=1.986970 pred=1.990798 diff=+0.003829 abs_err=0.003829
INFO | EPOCH_119 | [B=60, T=28, D=0] true=3.057400 pred=2.950183 diff=-0.107218 abs_err=0.107218
INFO | EPOCH_119 | [B=6, T=2, D=2] true=-0.194397 pred=0.049909 diff=+0.244306 abs_err=0.244306
INFO | EPOCH_119 | [B=48, T=21, D=2] true=0.445132 pred=0.460190 diff=+0.015058 abs_err=0.015058
INFO | EPOCH_119 | [B=1, T=5, D=9] true=2.933452 pred=2.956438 diff=+0.022985 abs_err=0.022985
INFO | EPOCH_119 | [B=30, T=26, D=0] true=3.274898 pred=3.272410 diff=-0.002488 abs_err=0.002488
INFO | EPOCH_119 | [B=55, T=18, D=11] true=0.828989 pred=0.825615 diff=-0.003373 abs_err=0.003373
INFO | EPOCH_119 | [B=41, T=21, D=3] true=3.321779 pred=3.192716 diff=-0.129063 abs_err=0.129063
INFO | EPOCH_119 | [B=28, T=29, D=2] true=0.108283 pred=0.027743 diff=-0.080539 abs_err=0.080539
INFO | EPOCH_119 | [B=15, T=25, D=0] true=3.580895 pred=3.322375 diff=-0.258520 abs_err=0.258520
INFO | EPOCH_119 | [B=47, T=5, D=4] true=2.234154 pred=2.143822 diff=-0.090333 abs_err=0.090333
INFO | EPOCH_119 | [B=46, T=16, D=1] true=1.100238 pred=1.352920 diff=+0.252682 abs_err=0.252682
INFO | EPOCH_119 | [B=29, T=14, D=9] true=3.294315 pred=3.004339 diff=-0.289975 abs_err=0.289975
INFO | EPOCH_119 | [B=47, T=31, D=10] true=1.988450 pred=2.031129 diff=+0.042680 abs_err=0.042680
INFO | EPOCH_119 | [B=30, T=2, D=11] true=0.663264 pred=0.634890 diff=-0.028375 abs_err=0.028375
INFO | EPOCH_119 | TOP 5 WORST masked points (largest abs_err):
INFO | EPOCH_119 | [B=17, T=2, D=6] true=0.050544 pred=3.622580 diff=+3.572035 abs_err=3.572035
INFO | EPOCH_119 | [B=17, T=6, D=6] true=0.042953 pred=3.597918 diff=+3.554965 abs_err=3.554965
INFO | EPOCH_119 | [B=37, T=28, D=6] true=5.711285 pred=3.125112 diff=-2.586173 abs_err=2.586173
INFO | EPOCH_119 | [B=32, T=28, D=3] true=1.292231 pred=3.679844 diff=+2.387612 abs_err=2.387612
INFO | EPOCH_119 | [B=32, T=3, D=3] true=1.371797 pred=3.700404 diff=+2.328607 abs_err=2.328607
INFO | EPOCH_119 | TOP 5 BEST/CORRECT masked points (smallest abs_err):
INFO | EPOCH_119 | [B=11, T=2, D=2] true=0.126138 pred=0.126153 diff=+0.000014 abs_err=0.000014
INFO | EPOCH_119 | [B=2, T=13, D=10] true=1.491227 pred=1.491207 diff=-0.000020 abs_err=0.000020
INFO | EPOCH_119 | [B=5, T=4, D=7] true=1.076625 pred=1.076647 diff=+0.000022 abs_err=0.000022
INFO | EPOCH_119 | [B=63, T=22, D=11] true=0.745430 pred=0.745401 diff=-0.000029 abs_err=0.000029
INFO | EPOCH_119 | [B=26, T=25, D=10] true=1.272211 pred=1.272162 diff=-0.000049 abs_err=0.000049
INFO | EPOCH_129 | RANDOM 15 masked points (true, pred, diff, abs_err):
INFO | EPOCH_129 | [B=5, T=13, D=7] true=1.501810 pred=1.405226 diff=-0.096584 abs_err=0.096584
INFO | EPOCH_129 | [B=44, T=21, D=2] true=0.356923 pred=0.417419 diff=+0.060495 abs_err=0.060495
INFO | EPOCH_129 | [B=12, T=21, D=10] true=1.641223 pred=1.333851 diff=-0.307371 abs_err=0.307371
INFO | EPOCH_129 | [B=45, T=10, D=1] true=1.860253 pred=1.867547 diff=+0.007295 abs_err=0.007295
INFO | EPOCH_129 | [B=47, T=11, D=4] true=2.264342 pred=2.440020 diff=+0.175678 abs_err=0.175678
INFO | EPOCH_129 | [B=51, T=5, D=1] true=2.734976 pred=2.557846 diff=-0.177130 abs_err=0.177130
INFO | EPOCH_129 | [B=4, T=7, D=0] true=3.731907 pred=3.435679 diff=-0.296229 abs_err=0.296229
INFO | EPOCH_129 | [B=46, T=24, D=8] true=-0.166132 pred=0.358453 diff=+0.524585 abs_err=0.524585
INFO | EPOCH_129 | [B=45, T=3, D=11] true=-0.387648 pred=-0.172403 diff=+0.215246 abs_err=0.215246
INFO | EPOCH_129 | [B=30, T=16, D=2] true=0.216427 pred=0.251260 diff=+0.034833 abs_err=0.034833
INFO | EPOCH_129 | [B=41, T=23, D=4] true=2.273292 pred=2.319349 diff=+0.046056 abs_err=0.046056
INFO | EPOCH_129 | [B=34, T=21, D=4] true=1.333875 pred=1.301420 diff=-0.032455 abs_err=0.032455
INFO | EPOCH_129 | [B=26, T=1, D=8] true=1.368514 pred=1.253223 diff=-0.115290 abs_err=0.115290
INFO | EPOCH_129 | [B=3, T=1, D=1] true=1.181898 pred=1.252956 diff=+0.071059 abs_err=0.071059
INFO | EPOCH_129 | [B=30, T=22, D=2] true=0.340641 pred=0.081516 diff=-0.259126 abs_err=0.259126
INFO | EPOCH_129 | TOP 5 WORST masked points (largest abs_err):
INFO | EPOCH_129 | [B=46, T=10, D=6] true=0.025506 pred=3.149542 diff=+3.124036 abs_err=3.124036
INFO | EPOCH_129 | [B=46, T=13, D=6] true=0.022954 pred=3.119028 diff=+3.096074 abs_err=3.096074
INFO | EPOCH_129 | [B=26, T=5, D=9] true=0.757862 pred=3.543216 diff=+2.785355 abs_err=2.785355
INFO | EPOCH_129 | [B=49, T=14, D=11] true=2.130419 pred=-0.097651 diff=-2.228070 abs_err=2.228070
INFO | EPOCH_129 | [B=49, T=14, D=10] true=0.506230 pred=2.734063 diff=+2.227833 abs_err=2.227833
INFO | EPOCH_129 | TOP 5 BEST/CORRECT masked points (smallest abs_err):
INFO | EPOCH_129 | [B=32, T=27, D=10] true=1.376795 pred=1.376815 diff=+0.000020 abs_err=0.000020
INFO | EPOCH_129 | [B=10, T=15, D=10] true=1.345312 pred=1.345339 diff=+0.000028 abs_err=0.000028
INFO | EPOCH_129 | [B=22, T=8, D=9] true=2.163707 pred=2.163671 diff=-0.000036 abs_err=0.000036
INFO | EPOCH_129 | [B=16, T=3, D=7] true=2.533091 pred=2.533138 diff=+0.000047 abs_err=0.000047
INFO | EPOCH_129 | [B=43, T=9, D=1] true=1.377293 pred=1.377354 diff=+0.000062 abs_err=0.000062
INFO | EPOCH_139 | RANDOM 15 masked points (true, pred, diff, abs_err):
INFO | EPOCH_139 | [B=26, T=30, D=9] true=2.313679 pred=1.822914 diff=-0.490765 abs_err=0.490765
INFO | EPOCH_139 | [B=44, T=9, D=4] true=2.124662 pred=2.047784 diff=-0.076878 abs_err=0.076878
INFO | EPOCH_139 | [B=55, T=19, D=9] true=2.910775 pred=2.859172 diff=-0.051603 abs_err=0.051603
INFO | EPOCH_139 | [B=44, T=9, D=11] true=0.672431 pred=0.740149 diff=+0.067718 abs_err=0.067718
INFO | EPOCH_139 | [B=23, T=16, D=1] true=1.618078 pred=1.297987 diff=-0.320091 abs_err=0.320091
INFO | EPOCH_139 | [B=21, T=14, D=4] true=1.210203 pred=1.212676 diff=+0.002472 abs_err=0.002472
INFO | EPOCH_139 | [B=16, T=26, D=4] true=1.883925 pred=1.502539 diff=-0.381386 abs_err=0.381386
INFO | EPOCH_139 | [B=9, T=21, D=3] true=3.345795 pred=3.378019 diff=+0.032224 abs_err=0.032224
INFO | EPOCH_139 | [B=14, T=7, D=6] true=4.597677 pred=4.489676 diff=-0.108001 abs_err=0.108001
INFO | EPOCH_139 | [B=52, T=6, D=4] true=1.099287 pred=1.246962 diff=+0.147675 abs_err=0.147675
INFO | EPOCH_139 | [B=20, T=31, D=0] true=3.370023 pred=3.409208 diff=+0.039186 abs_err=0.039186
INFO | EPOCH_139 | [B=50, T=4, D=2] true=0.077613 pred=0.022203 diff=-0.055411 abs_err=0.055411
INFO | EPOCH_139 | [B=42, T=15, D=10] true=1.975433 pred=2.290282 diff=+0.314849 abs_err=0.314849
INFO | EPOCH_139 | [B=41, T=13, D=5] true=0.346983 pred=0.413551 diff=+0.066568 abs_err=0.066568
INFO | EPOCH_139 | [B=2, T=30, D=1] true=1.306189 pred=1.309953 diff=+0.003764 abs_err=0.003764
INFO | EPOCH_139 | TOP 5 WORST masked points (largest abs_err):
INFO | EPOCH_139 | [B=51, T=24, D=6] true=3.759710 pred=1.554528 diff=-2.205182 abs_err=2.205182
INFO | EPOCH_139 | [B=36, T=17, D=9] true=3.693735 pred=1.520691 diff=-2.173044 abs_err=2.173044
INFO | EPOCH_139 | [B=40, T=3, D=9] true=1.512941 pred=3.673480 diff=+2.160539 abs_err=2.160539
INFO | EPOCH_139 | [B=40, T=0, D=9] true=1.520459 pred=3.672234 diff=+2.151775 abs_err=2.151775
INFO | EPOCH_139 | [B=63, T=23, D=3] true=1.364607 pred=3.485638 diff=+2.121031 abs_err=2.121031
INFO | EPOCH_139 | TOP 5 BEST/CORRECT masked points (smallest abs_err):
INFO | EPOCH_139 | [B=41, T=4, D=3] true=2.522939 pred=2.522924 diff=-0.000014 abs_err=0.000014
INFO | EPOCH_139 | [B=26, T=11, D=7] true=2.394232 pred=2.394216 diff=-0.000016 abs_err=0.000016
INFO | EPOCH_139 | [B=27, T=12, D=3] true=3.328825 pred=3.328843 diff=+0.000018 abs_err=0.000018
INFO | EPOCH_139 | [B=44, T=22, D=5] true=0.371457 pred=0.371484 diff=+0.000027 abs_err=0.000027
INFO | EPOCH_139 | [B=20, T=18, D=11] true=0.825029 pred=0.825057 diff=+0.000028 abs_err=0.000028
INFO | EPOCH_149 | RANDOM 15 masked points (true, pred, diff, abs_err):
INFO | EPOCH_149 | [B=27, T=13, D=10] true=1.126300 pred=1.150580 diff=+0.024280 abs_err=0.024280
INFO | EPOCH_149 | [B=2, T=26, D=4] true=1.482679 pred=1.510721 diff=+0.028042 abs_err=0.028042
INFO | EPOCH_149 | [B=50, T=7, D=1] true=2.269195 pred=2.279394 diff=+0.010199 abs_err=0.010199
INFO | EPOCH_149 | [B=27, T=7, D=10] true=1.335979 pred=1.360273 diff=+0.024295 abs_err=0.024295
INFO | EPOCH_149 | [B=20, T=8, D=2] true=0.194285 pred=0.227215 diff=+0.032930 abs_err=0.032930
INFO | EPOCH_149 | [B=45, T=7, D=3] true=2.749603 pred=2.701319 diff=-0.048284 abs_err=0.048284
INFO | EPOCH_149 | [B=26, T=22, D=10] true=1.331425 pred=1.342556 diff=+0.011130 abs_err=0.011130
INFO | EPOCH_149 | [B=8, T=2, D=11] true=0.834529 pred=0.745195 diff=-0.089334 abs_err=0.089334
INFO | EPOCH_149 | [B=29, T=14, D=1] true=1.395296 pred=1.576371 diff=+0.181075 abs_err=0.181075
INFO | EPOCH_149 | [B=54, T=13, D=9] true=3.701689 pred=2.253409 diff=-1.448280 abs_err=1.448280
INFO | EPOCH_149 | [B=4, T=1, D=5] true=0.346710 pred=0.433283 diff=+0.086573 abs_err=0.086573
INFO | EPOCH_149 | [B=59, T=25, D=8] true=0.881154 pred=0.891148 diff=+0.009995 abs_err=0.009995
INFO | EPOCH_149 | [B=35, T=17, D=8] true=1.561302 pred=1.161024 diff=-0.400278 abs_err=0.400278
INFO | EPOCH_149 | [B=29, T=29, D=11] true=0.046492 pred=0.411255 diff=+0.364763 abs_err=0.364763
INFO | EPOCH_149 | [B=11, T=2, D=5] true=0.437728 pred=0.457173 diff=+0.019445 abs_err=0.019445
INFO | EPOCH_149 | TOP 5 WORST masked points (largest abs_err):
INFO | EPOCH_149 | [B=35, T=20, D=3] true=0.534949 pred=3.186225 diff=+2.651275 abs_err=2.651275
INFO | EPOCH_149 | [B=37, T=25, D=0] true=0.800751 pred=2.890760 diff=+2.090009 abs_err=2.090009
INFO | EPOCH_149 | [B=46, T=14, D=2] true=2.224028 pred=0.217452 diff=-2.006576 abs_err=2.006576
INFO | EPOCH_149 | [B=1, T=15, D=3] true=1.012525 pred=3.016407 diff=+2.003882 abs_err=2.003882
INFO | EPOCH_149 | [B=61, T=15, D=10] true=0.352888 pred=2.344662 diff=+1.991773 abs_err=1.991773
INFO | EPOCH_149 | TOP 5 BEST/CORRECT masked points (smallest abs_err):
INFO | EPOCH_149 | [B=47, T=19, D=5] true=0.465281 pred=0.465284 diff=+0.000003 abs_err=0.000003
INFO | EPOCH_149 | [B=1, T=7, D=4] true=1.554112 pred=1.554102 diff=-0.000010 abs_err=0.000010
INFO | EPOCH_149 | [B=61, T=17, D=3] true=2.416659 pred=2.416644 diff=-0.000014 abs_err=0.000014
INFO | EPOCH_149 | [B=14, T=5, D=0] true=3.508645 pred=3.508614 diff=-0.000031 abs_err=0.000031
INFO | EPOCH_149 | [B=60, T=7, D=6] true=2.737231 pred=2.737200 diff=-0.000031 abs_err=0.000031
INFO | EPOCH_159 | RANDOM 15 masked points (true, pred, diff, abs_err):
INFO | EPOCH_159 | [B=36, T=2, D=6] true=1.158092 pred=1.215780 diff=+0.057687 abs_err=0.057687
INFO | EPOCH_159 | [B=13, T=0, D=3] true=3.724627 pred=3.759337 diff=+0.034709 abs_err=0.034709
INFO | EPOCH_159 | [B=43, T=9, D=4] true=2.367667 pred=2.504386 diff=+0.136719 abs_err=0.136719
INFO | EPOCH_159 | [B=26, T=25, D=2] true=0.451154 pred=0.486921 diff=+0.035767 abs_err=0.035767
INFO | EPOCH_159 | [B=44, T=4, D=4] true=2.392775 pred=2.280911 diff=-0.111864 abs_err=0.111864
INFO | EPOCH_159 | [B=28, T=13, D=5] true=0.070326 pred=0.037888 diff=-0.032438 abs_err=0.032438
INFO | EPOCH_159 | [B=51, T=2, D=2] true=0.496003 pred=0.463601 diff=-0.032402 abs_err=0.032402
INFO | EPOCH_159 | [B=47, T=10, D=0] true=2.521241 pred=2.526144 diff=+0.004904 abs_err=0.004904
INFO | EPOCH_159 | [B=30, T=7, D=7] true=1.992171 pred=2.147975 diff=+0.155804 abs_err=0.155804
INFO | EPOCH_159 | [B=23, T=15, D=3] true=4.142201 pred=4.081061 diff=-0.061140 abs_err=0.061140
INFO | EPOCH_159 | [B=5, T=12, D=1] true=1.408817 pred=1.354028 diff=-0.054789 abs_err=0.054789
INFO | EPOCH_159 | [B=26, T=12, D=3] true=2.433503 pred=2.494465 diff=+0.060962 abs_err=0.060962
INFO | EPOCH_159 | [B=34, T=8, D=1] true=2.762655 pred=2.458779 diff=-0.303876 abs_err=0.303876
INFO | EPOCH_159 | [B=31, T=5, D=2] true=0.692221 pred=0.481889 diff=-0.210332 abs_err=0.210332
INFO | EPOCH_159 | [B=13, T=0, D=3] true=3.521794 pred=3.333295 diff=-0.188498 abs_err=0.188498
INFO | EPOCH_159 | TOP 5 WORST masked points (largest abs_err):
INFO | EPOCH_159 | [B=7, T=3, D=0] true=5.087778 pred=2.452227 diff=-2.635551 abs_err=2.635551
INFO | EPOCH_159 | [B=22, T=25, D=5] true=-2.117338 pred=0.401858 diff=+2.519196 abs_err=2.519196
INFO | EPOCH_159 | [B=60, T=15, D=6] true=1.323426 pred=3.678429 diff=+2.355003 abs_err=2.355003
INFO | EPOCH_159 | [B=60, T=8, D=6] true=1.323833 pred=3.678724 diff=+2.354891 abs_err=2.354891
INFO | EPOCH_159 | [B=60, T=21, D=6] true=1.315996 pred=3.670791 diff=+2.354795 abs_err=2.354795
INFO | EPOCH_159 | TOP 5 BEST/CORRECT masked points (smallest abs_err):
INFO | EPOCH_159 | [B=2, T=18, D=11] true=0.976249 pred=0.976245 diff=-0.000004 abs_err=0.000004
INFO | EPOCH_159 | [B=8, T=4, D=6] true=4.748374 pred=4.748368 diff=-0.000006 abs_err=0.000006
INFO | EPOCH_159 | [B=7, T=28, D=8] true=1.173934 pred=1.173943 diff=+0.000009 abs_err=0.000009
INFO | EPOCH_159 | [B=3, T=21, D=11] true=0.937216 pred=0.937188 diff=-0.000029 abs_err=0.000029
INFO | EPOCH_159 | [B=31, T=30, D=8] true=0.302965 pred=0.302934 diff=-0.000031 abs_err=0.000031
INFO | EPOCH_169 | RANDOM 15 masked points (true, pred, diff, abs_err):
INFO | EPOCH_169 | [B=34, T=9, D=0] true=1.503981 pred=1.445086 diff=-0.058895 abs_err=0.058895
INFO | EPOCH_169 | [B=37, T=8, D=4] true=1.529828 pred=1.562512 diff=+0.032684 abs_err=0.032684
INFO | EPOCH_169 | [B=57, T=25, D=4] true=1.528112 pred=1.517715 diff=-0.010397 abs_err=0.010397
INFO | EPOCH_169 | [B=14, T=28, D=1] true=1.705917 pred=1.987238 diff=+0.281321 abs_err=0.281321
INFO | EPOCH_169 | [B=30, T=24, D=11] true=0.779982 pred=0.931534 diff=+0.151551 abs_err=0.151551
INFO | EPOCH_169 | [B=9, T=9, D=9] true=4.644578 pred=4.010707 diff=-0.633872 abs_err=0.633872
INFO | EPOCH_169 | [B=38, T=2, D=5] true=0.386409 pred=0.432333 diff=+0.045924 abs_err=0.045924
INFO | EPOCH_169 | [B=6, T=1, D=7] true=1.616749 pred=1.724609 diff=+0.107861 abs_err=0.107861
INFO | EPOCH_169 | [B=63, T=4, D=11] true=0.905977 pred=0.722782 diff=-0.183195 abs_err=0.183195
INFO | EPOCH_169 | [B=53, T=19, D=6] true=3.650530 pred=3.523735 diff=-0.126795 abs_err=0.126795
INFO | EPOCH_169 | [B=16, T=21, D=5] true=0.043036 pred=0.204269 diff=+0.161234 abs_err=0.161234
INFO | EPOCH_169 | [B=36, T=0, D=5] true=-0.035386 pred=-0.115860 diff=-0.080474 abs_err=0.080474
INFO | EPOCH_169 | [B=50, T=6, D=5] true=0.181501 pred=0.245116 diff=+0.063615 abs_err=0.063615
INFO | EPOCH_169 | [B=18, T=21, D=2] true=0.704726 pred=0.559602 diff=-0.145124 abs_err=0.145124
INFO | EPOCH_169 | [B=49, T=9, D=3] true=3.060455 pred=2.775963 diff=-0.284492 abs_err=0.284492
INFO | EPOCH_169 | TOP 5 WORST masked points (largest abs_err):
INFO | EPOCH_169 | [B=28, T=19, D=11] true=-1.985981 pred=0.570617 diff=+2.556598 abs_err=2.556598
INFO | EPOCH_169 | [B=34, T=27, D=9] true=3.679060 pred=1.301458 diff=-2.377602 abs_err=2.377602
INFO | EPOCH_169 | [B=44, T=7, D=6] true=4.005664 pred=1.633079 diff=-2.372585 abs_err=2.372585
INFO | EPOCH_169 | [B=33, T=10, D=9] true=3.742375 pred=1.374817 diff=-2.367558 abs_err=2.367558
INFO | EPOCH_169 | [B=44, T=6, D=0] true=3.616072 pred=1.332564 diff=-2.283508 abs_err=2.283508
INFO | EPOCH_169 | TOP 5 BEST/CORRECT masked points (smallest abs_err):
INFO | EPOCH_169 | [B=4, T=30, D=1] true=1.541220 pred=1.541221 diff=+0.000000 abs_err=0.000000
INFO | EPOCH_169 | [B=41, T=22, D=3] true=0.770669 pred=0.770691 diff=+0.000023 abs_err=0.000023
INFO | EPOCH_169 | [B=32, T=31, D=4] true=1.437032 pred=1.437087 diff=+0.000054 abs_err=0.000054
INFO | EPOCH_169 | [B=33, T=10, D=9] true=3.035309 pred=3.035408 diff=+0.000099 abs_err=0.000099
INFO | EPOCH_169 | [B=10, T=1, D=7] true=1.953727 pred=1.953593 diff=-0.000134 abs_err=0.000134
INFO | EPOCH_179 | RANDOM 15 masked points (true, pred, diff, abs_err):
INFO | EPOCH_179 | [B=38, T=4, D=8] true=1.197677 pred=1.026230 diff=-0.171447 abs_err=0.171447
INFO | EPOCH_179 | [B=6, T=6, D=3] true=1.773413 pred=1.753441 diff=-0.019972 abs_err=0.019972
INFO | EPOCH_179 | [B=59, T=26, D=2] true=0.428691 pred=0.388368 diff=-0.040322 abs_err=0.040322
INFO | EPOCH_179 | [B=34, T=17, D=0] true=1.802863 pred=1.926355 diff=+0.123492 abs_err=0.123492
INFO | EPOCH_179 | [B=61, T=15, D=8] true=0.697681 pred=0.641249 diff=-0.056432 abs_err=0.056432
INFO | EPOCH_179 | [B=14, T=0, D=10] true=1.562876 pred=1.234130 diff=-0.328746 abs_err=0.328746
INFO | EPOCH_179 | [B=0, T=17, D=7] true=1.545451 pred=1.174432 diff=-0.371019 abs_err=0.371019
INFO | EPOCH_179 | [B=29, T=19, D=7] true=1.853187 pred=1.679083 diff=-0.174104 abs_err=0.174104
INFO | EPOCH_179 | [B=10, T=0, D=0] true=2.233357 pred=2.038132 diff=-0.195226 abs_err=0.195226
INFO | EPOCH_179 | [B=60, T=17, D=7] true=2.433442 pred=2.358839 diff=-0.074603 abs_err=0.074603
INFO | EPOCH_179 | [B=56, T=21, D=4] true=1.388893 pred=1.371343 diff=-0.017550 abs_err=0.017550
INFO | EPOCH_179 | [B=42, T=10, D=1] true=1.430371 pred=1.418403 diff=-0.011967 abs_err=0.011967
INFO | EPOCH_179 | [B=8, T=17, D=1] true=1.195319 pred=1.369858 diff=+0.174539 abs_err=0.174539
INFO | EPOCH_179 | [B=56, T=18, D=11] true=0.343357 pred=0.554891 diff=+0.211535 abs_err=0.211535
INFO | EPOCH_179 | [B=31, T=5, D=7] true=1.206510 pred=1.235231 diff=+0.028721 abs_err=0.028721
INFO | EPOCH_179 | TOP 5 WORST masked points (largest abs_err):
INFO | EPOCH_179 | [B=26, T=8, D=6] true=1.595185 pred=4.360824 diff=+2.765639 abs_err=2.765639
INFO | EPOCH_179 | [B=9, T=18, D=6] true=3.577968 pred=1.236647 diff=-2.341321 abs_err=2.341321
INFO | EPOCH_179 | [B=39, T=11, D=6] true=1.873883 pred=4.178998 diff=+2.305115 abs_err=2.305115
INFO | EPOCH_179 | [B=9, T=8, D=6] true=3.547465 pred=1.280796 diff=-2.266670 abs_err=2.266670
INFO | EPOCH_179 | [B=44, T=18, D=6] true=0.127504 pred=2.384240 diff=+2.256735 abs_err=2.256735
INFO | EPOCH_179 | TOP 5 BEST/CORRECT masked points (smallest abs_err):
INFO | EPOCH_179 | [B=16, T=17, D=2] true=0.347448 pred=0.347460 diff=+0.000013 abs_err=0.000013
INFO | EPOCH_179 | [B=60, T=3, D=7] true=1.404240 pred=1.404227 diff=-0.000013 abs_err=0.000013
INFO | EPOCH_179 | [B=48, T=11, D=9] true=3.005378 pred=3.005311 diff=-0.000067 abs_err=0.000067
INFO | EPOCH_179 | [B=43, T=3, D=6] true=2.745586 pred=2.745677 diff=+0.000090 abs_err=0.000090
INFO | EPOCH_179 | [B=40, T=19, D=2] true=0.307125 pred=0.307216 diff=+0.000091 abs_err=0.000091
INFO | EPOCH_189 | RANDOM 15 masked points (true, pred, diff, abs_err):
INFO | EPOCH_189 | [B=27, T=7, D=9] true=1.693237 pred=1.664757 diff=-0.028481 abs_err=0.028481
INFO | EPOCH_189 | [B=0, T=10, D=11] true=0.745111 pred=1.018126 diff=+0.273015 abs_err=0.273015
INFO | EPOCH_189 | [B=56, T=23, D=9] true=2.610412 pred=2.411465 diff=-0.198947 abs_err=0.198947
INFO | EPOCH_189 | [B=38, T=2, D=5] true=0.838564 pred=0.114763 diff=-0.723800 abs_err=0.723800
INFO | EPOCH_189 | [B=10, T=3, D=0] true=3.685311 pred=3.673819 diff=-0.011492 abs_err=0.011492
INFO | EPOCH_189 | [B=57, T=8, D=0] true=2.945075 pred=3.099205 diff=+0.154130 abs_err=0.154130
INFO | EPOCH_189 | [B=28, T=27, D=4] true=2.236957 pred=2.195731 diff=-0.041226 abs_err=0.041226
INFO | EPOCH_189 | [B=30, T=14, D=4] true=2.209387 pred=2.197120 diff=-0.012267 abs_err=0.012267
INFO | EPOCH_189 | [B=57, T=12, D=9] true=2.746392 pred=2.343154 diff=-0.403239 abs_err=0.403239
INFO | EPOCH_189 | [B=61, T=7, D=11] true=0.830106 pred=0.862446 diff=+0.032341 abs_err=0.032341
INFO | EPOCH_189 | [B=21, T=24, D=6] true=1.172140 pred=1.237137 diff=+0.064997 abs_err=0.064997
INFO | EPOCH_189 | [B=22, T=9, D=10] true=2.055351 pred=1.992327 diff=-0.063024 abs_err=0.063024
INFO | EPOCH_189 | [B=50, T=24, D=1] true=1.512065 pred=1.332435 diff=-0.179629 abs_err=0.179629
INFO | EPOCH_189 | [B=20, T=2, D=0] true=2.270028 pred=2.407958 diff=+0.137930 abs_err=0.137930
INFO | EPOCH_189 | [B=8, T=28, D=11] true=1.013232 pred=0.938997 diff=-0.074236 abs_err=0.074236
INFO | EPOCH_189 | TOP 5 WORST masked points (largest abs_err):
INFO | EPOCH_189 | [B=47, T=24, D=6] true=1.678643 pred=4.542893 diff=+2.864251 abs_err=2.864251
INFO | EPOCH_189 | [B=47, T=28, D=9] true=1.413674 pred=4.194739 diff=+2.781066 abs_err=2.781066
INFO | EPOCH_189 | [B=7, T=7, D=0] true=3.767489 pred=1.193989 diff=-2.573500 abs_err=2.573500
INFO | EPOCH_189 | [B=63, T=15, D=6] true=0.098340 pred=2.510190 diff=+2.411849 abs_err=2.411849
INFO | EPOCH_189 | [B=53, T=1, D=11] true=-1.173275 pred=1.209279 diff=+2.382554 abs_err=2.382554
INFO | EPOCH_189 | TOP 5 BEST/CORRECT masked points (smallest abs_err):
INFO | EPOCH_189 | [B=39, T=12, D=2] true=0.355853 pred=0.355859 diff=+0.000006 abs_err=0.000006
INFO | EPOCH_189 | [B=13, T=7, D=1] true=1.870818 pred=1.870868 diff=+0.000050 abs_err=0.000050
INFO | EPOCH_189 | [B=35, T=10, D=4] true=1.401155 pred=1.401087 diff=-0.000067 abs_err=0.000067
INFO | EPOCH_189 | [B=44, T=5, D=0] true=1.976092 pred=1.976169 diff=+0.000077 abs_err=0.000077
INFO | EPOCH_189 | [B=29, T=8, D=4] true=2.244843 pred=2.244931 diff=+0.000087 abs_err=0.000087
INFO | EPOCH_199 | RANDOM 15 masked points (true, pred, diff, abs_err):
INFO | EPOCH_199 | [B=14, T=0, D=0] true=2.846129 pred=2.896219 diff=+0.050090 abs_err=0.050090
INFO | EPOCH_199 | [B=32, T=25, D=2] true=0.691852 pred=0.433885 diff=-0.257967 abs_err=0.257967
INFO | EPOCH_199 | [B=36, T=5, D=3] true=2.934366 pred=2.997585 diff=+0.063220 abs_err=0.063220
INFO | EPOCH_199 | [B=24, T=20, D=8] true=1.350476 pred=1.217350 diff=-0.133126 abs_err=0.133126
INFO | EPOCH_199 | [B=4, T=13, D=2] true=0.373367 pred=0.407029 diff=+0.033661 abs_err=0.033661
INFO | EPOCH_199 | [B=4, T=15, D=5] true=0.441624 pred=0.299393 diff=-0.142231 abs_err=0.142231
INFO | EPOCH_199 | [B=8, T=10, D=11] true=0.066667 pred=0.501736 diff=+0.435069 abs_err=0.435069
INFO | EPOCH_199 | [B=41, T=7, D=6] true=1.140744 pred=1.163383 diff=+0.022639 abs_err=0.022639
INFO | EPOCH_199 | [B=59, T=25, D=0] true=3.000080 pred=3.382090 diff=+0.382010 abs_err=0.382010
INFO | EPOCH_199 | [B=61, T=18, D=10] true=1.936303 pred=2.160925 diff=+0.224622 abs_err=0.224622
INFO | EPOCH_199 | [B=59, T=7, D=8] true=0.910532 pred=0.967851 diff=+0.057319 abs_err=0.057319
INFO | EPOCH_199 | [B=51, T=6, D=1] true=1.705581 pred=1.823980 diff=+0.118400 abs_err=0.118400
INFO | EPOCH_199 | [B=6, T=13, D=3] true=3.393704 pred=3.149726 diff=-0.243978 abs_err=0.243978
INFO | EPOCH_199 | [B=48, T=15, D=0] true=3.360790 pred=3.286737 diff=-0.074053 abs_err=0.074053
INFO | EPOCH_199 | [B=18, T=0, D=11] true=0.548522 pred=0.558825 diff=+0.010302 abs_err=0.010302
INFO | EPOCH_199 | TOP 5 WORST masked points (largest abs_err):
INFO | EPOCH_199 | [B=45, T=4, D=0] true=0.990548 pred=3.168212 diff=+2.177664 abs_err=2.177664
INFO | EPOCH_199 | [B=3, T=27, D=9] true=3.570496 pred=1.453641 diff=-2.116855 abs_err=2.116855
INFO | EPOCH_199 | [B=47, T=11, D=9] true=3.588855 pred=1.511208 diff=-2.077647 abs_err=2.077647
INFO | EPOCH_199 | [B=33, T=14, D=9] true=3.548971 pred=1.479588 diff=-2.069384 abs_err=2.069384
INFO | EPOCH_199 | [B=0, T=28, D=9] true=3.682978 pred=1.631253 diff=-2.051725 abs_err=2.051725
INFO | EPOCH_199 | TOP 5 BEST/CORRECT masked points (smallest abs_err):
INFO | EPOCH_199 | [B=37, T=16, D=4] true=1.035548 pred=1.035570 diff=+0.000023 abs_err=0.000023
INFO | EPOCH_199 | [B=12, T=24, D=11] true=0.377245 pred=0.377218 diff=-0.000027 abs_err=0.000027
INFO | EPOCH_199 | [B=22, T=29, D=8] true=1.389609 pred=1.389637 diff=+0.000028 abs_err=0.000028
INFO | EPOCH_199 | [B=37, T=22, D=9] true=4.001120 pred=4.001090 diff=-0.000030 abs_err=0.000030
INFO | EPOCH_199 | [B=54, T=8, D=7] true=1.567578 pred=1.567628 diff=+0.000050 abs_err=0.000050
INFO | EPOCH_209 | RANDOM 15 masked points (true, pred, diff, abs_err):
INFO | EPOCH_209 | [B=15, T=25, D=3] true=2.272958 pred=2.393331 diff=+0.120373 abs_err=0.120373
INFO | EPOCH_209 | [B=14, T=23, D=1] true=1.916557 pred=1.958336 diff=+0.041779 abs_err=0.041779
INFO | EPOCH_209 | [B=13, T=3, D=11] true=1.115789 pred=0.330264 diff=-0.785525 abs_err=0.785525
INFO | EPOCH_209 | [B=43, T=5, D=9] true=3.965964 pred=4.167807 diff=+0.201844 abs_err=0.201844
INFO | EPOCH_209 | [B=17, T=17, D=0] true=3.158588 pred=3.470294 diff=+0.311707 abs_err=0.311707
INFO | EPOCH_209 | [B=34, T=19, D=10] true=1.954021 pred=2.416373 diff=+0.462352 abs_err=0.462352
INFO | EPOCH_209 | [B=31, T=18, D=3] true=3.783848 pred=3.523198 diff=-0.260650 abs_err=0.260650
INFO | EPOCH_209 | [B=63, T=16, D=6] true=2.739493 pred=2.740152 diff=+0.000659 abs_err=0.000659
INFO | EPOCH_209 | [B=49, T=15, D=0] true=3.052179 pred=3.001018 diff=-0.051160 abs_err=0.051160
INFO | EPOCH_209 | [B=31, T=23, D=11] true=0.657978 pred=0.638916 diff=-0.019062 abs_err=0.019062
INFO | EPOCH_209 | [B=23, T=16, D=0] true=2.811031 pred=2.509872 diff=-0.301158 abs_err=0.301158
INFO | EPOCH_209 | [B=24, T=19, D=11] true=0.718846 pred=0.683082 diff=-0.035764 abs_err=0.035764
INFO | EPOCH_209 | [B=47, T=11, D=2] true=0.311322 pred=0.292947 diff=-0.018376 abs_err=0.018376
INFO | EPOCH_209 | [B=6, T=16, D=3] true=2.374726 pred=2.466522 diff=+0.091796 abs_err=0.091796
INFO | EPOCH_209 | [B=57, T=27, D=10] true=1.353494 pred=1.388453 diff=+0.034959 abs_err=0.034959
INFO | EPOCH_209 | TOP 5 WORST masked points (largest abs_err):
INFO | EPOCH_209 | [B=17, T=2, D=6] true=0.050544 pred=4.029276 diff=+3.978732 abs_err=3.978732
INFO | EPOCH_209 | [B=17, T=6, D=6] true=0.042953 pred=4.020174 diff=+3.977221 abs_err=3.977221
INFO | EPOCH_209 | [B=46, T=10, D=6] true=0.025506 pred=3.327660 diff=+3.302154 abs_err=3.302154
INFO | EPOCH_209 | [B=46, T=13, D=6] true=0.022954 pred=3.319638 diff=+3.296684 abs_err=3.296684
INFO | EPOCH_209 | [B=37, T=28, D=6] true=5.711285 pred=3.142607 diff=-2.568678 abs_err=2.568678
INFO | EPOCH_209 | TOP 5 BEST/CORRECT masked points (smallest abs_err):
INFO | EPOCH_209 | [B=4, T=21, D=7] true=2.436782 pred=2.436750 diff=-0.000031 abs_err=0.000031
INFO | EPOCH_209 | [B=16, T=11, D=0] true=2.505854 pred=2.505888 diff=+0.000033 abs_err=0.000033
INFO | EPOCH_209 | [B=41, T=4, D=5] true=0.402910 pred=0.402874 diff=-0.000036 abs_err=0.000036
INFO | EPOCH_209 | [B=51, T=18, D=9] true=3.181166 pred=3.181130 diff=-0.000037 abs_err=0.000037
INFO | EPOCH_209 | [B=4, T=3, D=2] true=0.638628 pred=0.638685 diff=+0.000057 abs_err=0.000057
INFO | EPOCH_219 | RANDOM 15 masked points (true, pred, diff, abs_err):
INFO | EPOCH_219 | [B=47, T=14, D=8] true=1.386880 pred=1.003125 diff=-0.383755 abs_err=0.383755
INFO | EPOCH_219 | [B=6, T=14, D=1] true=1.211423 pred=1.262065 diff=+0.050643 abs_err=0.050643
INFO | EPOCH_219 | [B=58, T=26, D=2] true=0.308312 pred=0.273047 diff=-0.035265 abs_err=0.035265
INFO | EPOCH_219 | [B=43, T=11, D=1] true=2.371081 pred=2.312166 diff=-0.058915 abs_err=0.058915
INFO | EPOCH_219 | [B=31, T=8, D=0] true=3.827223 pred=3.903420 diff=+0.076197 abs_err=0.076197
INFO | EPOCH_219 | [B=21, T=8, D=4] true=2.123373 pred=2.005315 diff=-0.118058 abs_err=0.118058
INFO | EPOCH_219 | [B=37, T=24, D=2] true=0.462474 pred=0.413339 diff=-0.049135 abs_err=0.049135
INFO | EPOCH_219 | [B=34, T=17, D=2] true=0.532905 pred=0.479104 diff=-0.053801 abs_err=0.053801
INFO | EPOCH_219 | [B=52, T=30, D=0] true=1.795695 pred=2.581121 diff=+0.785426 abs_err=0.785426
INFO | EPOCH_219 | [B=34, T=7, D=11] true=0.693247 pred=0.579988 diff=-0.113259 abs_err=0.113259
INFO | EPOCH_219 | [B=27, T=15, D=4] true=1.634409 pred=1.731582 diff=+0.097173 abs_err=0.097173
INFO | EPOCH_219 | [B=37, T=10, D=2] true=0.330573 pred=0.407642 diff=+0.077068 abs_err=0.077068
INFO | EPOCH_219 | [B=48, T=7, D=1] true=2.273562 pred=2.284884 diff=+0.011322 abs_err=0.011322
INFO | EPOCH_219 | [B=45, T=17, D=11] true=0.767928 pred=0.702074 diff=-0.065854 abs_err=0.065854
INFO | EPOCH_219 | [B=2, T=0, D=6] true=2.738797 pred=2.686898 diff=-0.051899 abs_err=0.051899
INFO | EPOCH_219 | TOP 5 WORST masked points (largest abs_err):
INFO | EPOCH_219 | [B=26, T=5, D=9] true=0.757862 pred=3.431481 diff=+2.673619 abs_err=2.673619
INFO | EPOCH_219 | [B=49, T=14, D=11] true=2.130419 pred=-0.365655 diff=-2.496074 abs_err=2.496074
INFO | EPOCH_219 | [B=49, T=14, D=10] true=0.506230 pred=2.688859 diff=+2.182630 abs_err=2.182630
INFO | EPOCH_219 | [B=55, T=13, D=9] true=0.115999 pred=2.281165 diff=+2.165166 abs_err=2.165166
INFO | EPOCH_219 | [B=51, T=26, D=0] true=3.701226 pred=1.672436 diff=-2.028790 abs_err=2.028790
INFO | EPOCH_219 | TOP 5 BEST/CORRECT masked points (smallest abs_err):
INFO | EPOCH_219 | [B=4, T=14, D=2] true=0.430885 pred=0.430854 diff=-0.000031 abs_err=0.000031
INFO | EPOCH_219 | [B=29, T=12, D=8] true=1.134300 pred=1.134238 diff=-0.000062 abs_err=0.000062
INFO | EPOCH_219 | [B=4, T=3, D=1] true=1.204619 pred=1.204531 diff=-0.000088 abs_err=0.000088
INFO | EPOCH_219 | [B=33, T=19, D=2] true=0.448020 pred=0.447931 diff=-0.000089 abs_err=0.000089
INFO | EPOCH_219 | [B=54, T=26, D=2] true=0.220530 pred=0.220647 diff=+0.000118 abs_err=0.000118
INFO | EPOCH_229 | RANDOM 15 masked points (true, pred, diff, abs_err):
INFO | EPOCH_229 | [B=29, T=26, D=10] true=2.194103 pred=2.160616 diff=-0.033487 abs_err=0.033487
INFO | EPOCH_229 | [B=6, T=11, D=1] true=1.301639 pred=1.237864 diff=-0.063775 abs_err=0.063775
INFO | EPOCH_229 | [B=46, T=19, D=6] true=2.725126 pred=2.657356 diff=-0.067770 abs_err=0.067770
INFO | EPOCH_229 | [B=32, T=9, D=5] true=0.391620 pred=0.362649 diff=-0.028970 abs_err=0.028970
INFO | EPOCH_229 | [B=8, T=3, D=11] true=0.465038 pred=0.466392 diff=+0.001354 abs_err=0.001354
INFO | EPOCH_229 | [B=23, T=28, D=8] true=1.158269 pred=1.063870 diff=-0.094399 abs_err=0.094399
INFO | EPOCH_229 | [B=19, T=24, D=1] true=1.413974 pred=1.451858 diff=+0.037884 abs_err=0.037884
INFO | EPOCH_229 | [B=30, T=3, D=2] true=0.315796 pred=0.421919 diff=+0.106123 abs_err=0.106123
INFO | EPOCH_229 | [B=31, T=2, D=7] true=2.235494 pred=2.401619 diff=+0.166125 abs_err=0.166125
INFO | EPOCH_229 | [B=28, T=9, D=5] true=0.200892 pred=0.247612 diff=+0.046719 abs_err=0.046719
INFO | EPOCH_229 | [B=17, T=23, D=4] true=1.370867 pred=1.360106 diff=-0.010761 abs_err=0.010761
INFO | EPOCH_229 | [B=27, T=7, D=2] true=0.029159 pred=0.196432 diff=+0.167273 abs_err=0.167273
INFO | EPOCH_229 | [B=14, T=14, D=5] true=0.603507 pred=0.624351 diff=+0.020844 abs_err=0.020844
INFO | EPOCH_229 | [B=61, T=16, D=6] true=3.936892 pred=3.933733 diff=-0.003159 abs_err=0.003159
INFO | EPOCH_229 | [B=31, T=15, D=11] true=0.349362 pred=0.452208 diff=+0.102846 abs_err=0.102846
INFO | EPOCH_229 | TOP 5 WORST masked points (largest abs_err):
INFO | EPOCH_229 | [B=35, T=20, D=3] true=0.534949 pred=3.257647 diff=+2.722697 abs_err=2.722697
INFO | EPOCH_229 | [B=39, T=24, D=9] true=3.586820 pred=1.184695 diff=-2.402124 abs_err=2.402124
INFO | EPOCH_229 | [B=39, T=21, D=9] true=3.590918 pred=1.231605 diff=-2.359313 abs_err=2.359313
INFO | EPOCH_229 | [B=39, T=17, D=9] true=3.588557 pred=1.304280 diff=-2.284277 abs_err=2.284277
INFO | EPOCH_229 | [B=51, T=24, D=6] true=3.759710 pred=1.496068 diff=-2.263642 abs_err=2.263642
INFO | EPOCH_229 | TOP 5 BEST/CORRECT masked points (smallest abs_err):
INFO | EPOCH_229 | [B=18, T=28, D=8] true=0.209071 pred=0.209062 diff=-0.000009 abs_err=0.000009
INFO | EPOCH_229 | [B=39, T=13, D=11] true=0.846081 pred=0.846071 diff=-0.000010 abs_err=0.000010
INFO | EPOCH_229 | [B=26, T=5, D=1] true=1.414042 pred=1.414103 diff=+0.000062 abs_err=0.000062
INFO | EPOCH_229 | [B=14, T=2, D=9] true=4.189087 pred=4.189019 diff=-0.000068 abs_err=0.000068
INFO | EPOCH_229 | [B=30, T=20, D=4] true=1.867193 pred=1.867275 diff=+0.000081 abs_err=0.000081
INFO | EPOCH_239 | RANDOM 15 masked points (true, pred, diff, abs_err):
INFO | EPOCH_239 | [B=49, T=19, D=6] true=0.814833 pred=0.836372 diff=+0.021539 abs_err=0.021539
INFO | EPOCH_239 | [B=17, T=26, D=5] true=0.165460 pred=0.266910 diff=+0.101449 abs_err=0.101449
INFO | EPOCH_239 | [B=24, T=3, D=7] true=2.441763 pred=2.290625 diff=-0.151138 abs_err=0.151138
INFO | EPOCH_239 | [B=15, T=24, D=5] true=0.166173 pred=0.296900 diff=+0.130727 abs_err=0.130727
INFO | EPOCH_239 | [B=52, T=7, D=6] true=1.394522 pred=1.459144 diff=+0.064621 abs_err=0.064621
INFO | EPOCH_239 | [B=41, T=19, D=9] true=3.676243 pred=1.771974 diff=-1.904269 abs_err=1.904269
INFO | EPOCH_239 | [B=38, T=19, D=10] true=2.273633 pred=2.214541 diff=-0.059092 abs_err=0.059092
INFO | EPOCH_239 | [B=29, T=7, D=4] true=2.032105 pred=1.978014 diff=-0.054090 abs_err=0.054090
INFO | EPOCH_239 | [B=0, T=18, D=3] true=3.124750 pred=3.094764 diff=-0.029987 abs_err=0.029987
INFO | EPOCH_239 | [B=29, T=28, D=2] true=-0.184666 pred=0.285944 diff=+0.470610 abs_err=0.470610
INFO | EPOCH_239 | [B=48, T=19, D=5] true=-0.137203 pred=0.047842 diff=+0.185044 abs_err=0.185044
INFO | EPOCH_239 | [B=47, T=11, D=11] true=1.235082 pred=0.654195 diff=-0.580887 abs_err=0.580887
INFO | EPOCH_239 | [B=62, T=22, D=7] true=2.151869 pred=2.138539 diff=-0.013331 abs_err=0.013331
INFO | EPOCH_239 | [B=19, T=5, D=1] true=1.554051 pred=1.574768 diff=+0.020717 abs_err=0.020717
INFO | EPOCH_239 | [B=24, T=15, D=9] true=3.011438 pred=3.036589 diff=+0.025151 abs_err=0.025151
INFO | EPOCH_239 | TOP 5 WORST masked points (largest abs_err):
INFO | EPOCH_239 | [B=7, T=3, D=0] true=5.087778 pred=2.373741 diff=-2.714037 abs_err=2.714037
INFO | EPOCH_239 | [B=22, T=25, D=5] true=-2.117338 pred=0.324547 diff=+2.441885 abs_err=2.441885
INFO | EPOCH_239 | [B=7, T=3, D=2] true=2.372046 pred=0.024870 diff=-2.347176 abs_err=2.347176
INFO | EPOCH_239 | [B=58, T=19, D=6] true=3.603509 pred=1.280161 diff=-2.323348 abs_err=2.323348
INFO | EPOCH_239 | [B=22, T=18, D=5] true=-1.852973 pred=0.322893 diff=+2.175866 abs_err=2.175866
INFO | EPOCH_239 | TOP 5 BEST/CORRECT masked points (smallest abs_err):
INFO | EPOCH_239 | [B=13, T=8, D=2] true=-0.035275 pred=-0.035245 diff=+0.000029 abs_err=0.000029
INFO | EPOCH_239 | [B=51, T=2, D=2] true=0.342236 pred=0.342276 diff=+0.000040 abs_err=0.000040
INFO | EPOCH_239 | [B=57, T=3, D=2] true=0.028934 pred=0.028978 diff=+0.000044 abs_err=0.000044
INFO | EPOCH_239 | [B=28, T=4, D=3] true=3.879023 pred=3.879073 diff=+0.000050 abs_err=0.000050
INFO | EPOCH_239 | [B=12, T=4, D=5] true=0.248288 pred=0.248189 diff=-0.000100 abs_err=0.000100
INFO | EPOCH_249 | RANDOM 15 masked points (true, pred, diff, abs_err):
INFO | EPOCH_249 | [B=60, T=20, D=7] true=1.737563 pred=1.422953 diff=-0.314610 abs_err=0.314610
INFO | EPOCH_249 | [B=16, T=27, D=6] true=2.904047 pred=2.960223 diff=+0.056176 abs_err=0.056176
INFO | EPOCH_249 | [B=7, T=18, D=4] true=1.233376 pred=1.263701 diff=+0.030325 abs_err=0.030325
INFO | EPOCH_249 | [B=51, T=6, D=7] true=1.461941 pred=1.525512 diff=+0.063571 abs_err=0.063571
INFO | EPOCH_249 | [B=32, T=25, D=1] true=1.345806 pred=1.312301 diff=-0.033505 abs_err=0.033505
INFO | EPOCH_249 | [B=52, T=6, D=7] true=1.582231 pred=1.618232 diff=+0.036000 abs_err=0.036000
INFO | EPOCH_249 | [B=14, T=13, D=4] true=1.489895 pred=1.237374 diff=-0.252521 abs_err=0.252521
INFO | EPOCH_249 | [B=30, T=8, D=4] true=2.256748 pred=2.456857 diff=+0.200109 abs_err=0.200109
INFO | EPOCH_249 | [B=52, T=26, D=10] true=1.670907 pred=1.950196 diff=+0.279288 abs_err=0.279288
INFO | EPOCH_249 | [B=61, T=15, D=10] true=1.255488 pred=1.416317 diff=+0.160829 abs_err=0.160829
INFO | EPOCH_249 | [B=36, T=24, D=1] true=2.460249 pred=2.495694 diff=+0.035445 abs_err=0.035445
INFO | EPOCH_249 | [B=41, T=24, D=4] true=2.466788 pred=2.455435 diff=-0.011353 abs_err=0.011353
INFO | EPOCH_249 | [B=39, T=22, D=4] true=1.438740 pred=1.420822 diff=-0.017918 abs_err=0.017918
INFO | EPOCH_249 | [B=40, T=19, D=11] true=-0.058252 pred=0.069848 diff=+0.128100 abs_err=0.128100
INFO | EPOCH_249 | [B=2, T=5, D=8] true=0.699094 pred=0.450018 diff=-0.249075 abs_err=0.249075
INFO | EPOCH_249 | TOP 5 WORST masked points (largest abs_err):
INFO | EPOCH_249 | [B=25, T=9, D=9] true=3.972294 pred=1.643910 diff=-2.328384 abs_err=2.328384
INFO | EPOCH_249 | [B=29, T=4, D=10] true=0.463057 pred=2.490285 diff=+2.027228 abs_err=2.027228
INFO | EPOCH_249 | [B=29, T=7, D=10] true=0.487208 pred=2.475244 diff=+1.988036 abs_err=1.988036
INFO | EPOCH_249 | [B=35, T=24, D=9] true=3.480727 pred=1.600389 diff=-1.880338 abs_err=1.880338
INFO | EPOCH_249 | [B=28, T=13, D=10] true=0.457716 pred=2.300225 diff=+1.842509 abs_err=1.842509
INFO | EPOCH_249 | TOP 5 BEST/CORRECT masked points (smallest abs_err):
INFO | EPOCH_249 | [B=23, T=27, D=11] true=0.709540 pred=0.709540 diff=-0.000000 abs_err=0.000000
INFO | EPOCH_249 | [B=37, T=0, D=10] true=0.610700 pred=0.610705 diff=+0.000006 abs_err=0.000006
INFO | EPOCH_249 | [B=38, T=6, D=5] true=0.413477 pred=0.413443 diff=-0.000034 abs_err=0.000034
INFO | EPOCH_249 | [B=39, T=25, D=1] true=2.260977 pred=2.260935 diff=-0.000041 abs_err=0.000041
INFO | EPOCH_249 | [B=52, T=15, D=4] true=1.880397 pred=1.880469 diff=+0.000073 abs_err=0.000073
INFO | EPOCH_259 | RANDOM 15 masked points (true, pred, diff, abs_err):
INFO | EPOCH_259 | [B=5, T=25, D=3] true=2.717296 pred=2.578963 diff=-0.138333 abs_err=0.138333
INFO | EPOCH_259 | [B=36, T=10, D=7] true=1.063266 pred=1.141931 diff=+0.078665 abs_err=0.078665
INFO | EPOCH_259 | [B=5, T=13, D=3] true=2.709577 pred=2.576057 diff=-0.133519 abs_err=0.133519
INFO | EPOCH_259 | [B=45, T=14, D=1] true=1.576784 pred=1.657814 diff=+0.081030 abs_err=0.081030
INFO | EPOCH_259 | [B=41, T=28, D=10] true=1.418239 pred=1.269440 diff=-0.148799 abs_err=0.148799
INFO | EPOCH_259 | [B=39, T=21, D=1] true=1.184482 pred=1.387156 diff=+0.202674 abs_err=0.202674
INFO | EPOCH_259 | [B=34, T=26, D=5] true=0.095759 pred=0.099127 diff=+0.003368 abs_err=0.003368
INFO | EPOCH_259 | [B=55, T=12, D=3] true=2.681784 pred=2.649746 diff=-0.032038 abs_err=0.032038
INFO | EPOCH_259 | [B=6, T=15, D=11] true=0.291880 pred=0.377628 diff=+0.085748 abs_err=0.085748
INFO | EPOCH_259 | [B=55, T=4, D=7] true=2.523960 pred=2.456381 diff=-0.067579 abs_err=0.067579
INFO | EPOCH_259 | [B=30, T=26, D=10] true=1.167050 pred=1.609199 diff=+0.442149 abs_err=0.442149
INFO | EPOCH_259 | [B=52, T=23, D=1] true=2.736539 pred=2.520701 diff=-0.215838 abs_err=0.215838
INFO | EPOCH_259 | [B=50, T=11, D=4] true=2.413138 pred=2.329709 diff=-0.083429 abs_err=0.083429
INFO | EPOCH_259 | [B=42, T=26, D=2] true=0.378673 pred=0.191990 diff=-0.186683 abs_err=0.186683
INFO | EPOCH_259 | [B=54, T=10, D=4] true=2.499597 pred=2.554059 diff=+0.054461 abs_err=0.054461
INFO | EPOCH_259 | TOP 5 WORST masked points (largest abs_err):
INFO | EPOCH_259 | [B=28, T=19, D=11] true=-1.985981 pred=0.559928 diff=+2.545909 abs_err=2.545909
INFO | EPOCH_259 | [B=33, T=10, D=9] true=3.742375 pred=1.337155 diff=-2.405220 abs_err=2.405220
INFO | EPOCH_259 | [B=43, T=7, D=11] true=2.397161 pred=0.052846 diff=-2.344316 abs_err=2.344316
INFO | EPOCH_259 | [B=9, T=18, D=6] true=3.577968 pred=1.256088 diff=-2.321880 abs_err=2.321880
INFO | EPOCH_259 | [B=44, T=7, D=6] true=4.005664 pred=1.692097 diff=-2.313566 abs_err=2.313566
INFO | EPOCH_259 | TOP 5 BEST/CORRECT masked points (smallest abs_err):
INFO | EPOCH_259 | [B=32, T=18, D=10] true=1.585567 pred=1.585564 diff=-0.000003 abs_err=0.000003
INFO | EPOCH_259 | [B=13, T=15, D=7] true=1.708639 pred=1.708644 diff=+0.000005 abs_err=0.000005
INFO | EPOCH_259 | [B=17, T=21, D=0] true=2.723406 pred=2.723465 diff=+0.000060 abs_err=0.000060
INFO | EPOCH_259 | [B=29, T=25, D=3] true=1.807596 pred=1.807668 diff=+0.000073 abs_err=0.000073
INFO | EPOCH_259 | [B=12, T=1, D=0] true=2.741228 pred=2.741313 diff=+0.000085 abs_err=0.000085
INFO | EPOCH_269 | RANDOM 15 masked points (true, pred, diff, abs_err):
INFO | EPOCH_269 | [B=22, T=19, D=11] true=0.198477 pred=0.639441 diff=+0.440964 abs_err=0.440964
INFO | EPOCH_269 | [B=0, T=1, D=4] true=1.006174 pred=0.950543 diff=-0.055631 abs_err=0.055631
INFO | EPOCH_269 | [B=50, T=11, D=1] true=0.914755 pred=1.422265 diff=+0.507510 abs_err=0.507510
INFO | EPOCH_269 | [B=63, T=28, D=4] true=1.010212 pred=1.045670 diff=+0.035458 abs_err=0.035458
INFO | EPOCH_269 | [B=52, T=0, D=5] true=-0.000359 pred=0.050022 diff=+0.050382 abs_err=0.050382
INFO | EPOCH_269 | [B=51, T=26, D=2] true=0.091348 pred=0.093027 diff=+0.001679 abs_err=0.001679
INFO | EPOCH_269 | [B=52, T=1, D=7] true=2.293650 pred=2.050042 diff=-0.243608 abs_err=0.243608
INFO | EPOCH_269 | [B=55, T=21, D=3] true=3.710025 pred=3.284205 diff=-0.425820 abs_err=0.425820
INFO | EPOCH_269 | [B=28, T=26, D=9] true=1.617959 pred=1.702639 diff=+0.084679 abs_err=0.084679
INFO | EPOCH_269 | [B=27, T=15, D=5] true=0.110262 pred=0.300462 diff=+0.190200 abs_err=0.190200
INFO | EPOCH_269 | [B=50, T=2, D=4] true=1.088352 pred=0.993293 diff=-0.095059 abs_err=0.095059
INFO | EPOCH_269 | [B=20, T=16, D=1] true=1.446982 pred=1.317389 diff=-0.129592 abs_err=0.129592
INFO | EPOCH_269 | [B=8, T=22, D=2] true=0.443989 pred=0.507506 diff=+0.063516 abs_err=0.063516
INFO | EPOCH_269 | [B=13, T=22, D=10] true=1.844034 pred=1.851111 diff=+0.007077 abs_err=0.007077
INFO | EPOCH_269 | [B=39, T=9, D=3] true=2.532286 pred=2.527375 diff=-0.004911 abs_err=0.004911
INFO | EPOCH_269 | TOP 5 WORST masked points (largest abs_err):
INFO | EPOCH_269 | [B=26, T=8, D=6] true=1.595185 pred=4.675351 diff=+3.080166 abs_err=3.080166
INFO | EPOCH_269 | [B=48, T=24, D=11] true=2.310704 pred=-0.399247 diff=-2.709952 abs_err=2.709952
INFO | EPOCH_269 | [B=53, T=1, D=11] true=-1.173275 pred=1.389835 diff=+2.563110 abs_err=2.563110
INFO | EPOCH_269 | [B=63, T=15, D=6] true=0.098340 pred=2.466644 diff=+2.368303 abs_err=2.368303
INFO | EPOCH_269 | [B=14, T=11, D=6] true=0.115726 pred=2.416825 diff=+2.301100 abs_err=2.301100
INFO | EPOCH_269 | TOP 5 BEST/CORRECT masked points (smallest abs_err):
INFO | EPOCH_269 | [B=14, T=7, D=2] true=0.512197 pred=0.512190 diff=-0.000007 abs_err=0.000007
INFO | EPOCH_269 | [B=9, T=4, D=4] true=1.036413 pred=1.036391 diff=-0.000021 abs_err=0.000021
INFO | EPOCH_269 | [B=49, T=20, D=6] true=2.785169 pred=2.785146 diff=-0.000023 abs_err=0.000023
INFO | EPOCH_269 | [B=26, T=11, D=7] true=1.406560 pred=1.406506 diff=-0.000054 abs_err=0.000054
INFO | EPOCH_269 | [B=4, T=14, D=1] true=1.350985 pred=1.351043 diff=+0.000059 abs_err=0.000059
INFO | EPOCH_279 | RANDOM 15 masked points (true, pred, diff, abs_err):
INFO | EPOCH_279 | [B=58, T=27, D=1] true=1.465847 pred=1.696488 diff=+0.230642 abs_err=0.230642
INFO | EPOCH_279 | [B=17, T=13, D=11] true=0.199609 pred=0.291125 diff=+0.091516 abs_err=0.091516
INFO | EPOCH_279 | [B=7, T=13, D=4] true=1.436786 pred=1.654167 diff=+0.217380 abs_err=0.217380
INFO | EPOCH_279 | [B=55, T=0, D=9] true=3.642274 pred=3.482219 diff=-0.160055 abs_err=0.160055
INFO | EPOCH_279 | [B=59, T=28, D=3] true=1.898762 pred=2.046047 diff=+0.147286 abs_err=0.147286
INFO | EPOCH_279 | [B=5, T=14, D=4] true=1.894988 pred=1.874676 diff=-0.020312 abs_err=0.020312
INFO | EPOCH_279 | [B=21, T=2, D=9] true=2.774082 pred=2.754055 diff=-0.020027 abs_err=0.020027
INFO | EPOCH_279 | [B=11, T=3, D=5] true=-0.216450 pred=-0.008699 diff=+0.207751 abs_err=0.207751
INFO | EPOCH_279 | [B=60, T=30, D=1] true=1.671852 pred=1.699493 diff=+0.027641 abs_err=0.027641
INFO | EPOCH_279 | [B=43, T=22, D=10] true=1.320782 pred=1.345412 diff=+0.024630 abs_err=0.024630
INFO | EPOCH_279 | [B=17, T=28, D=11] true=0.559062 pred=0.566228 diff=+0.007166 abs_err=0.007166
INFO | EPOCH_279 | [B=55, T=20, D=3] true=2.804195 pred=2.674093 diff=-0.130102 abs_err=0.130102
INFO | EPOCH_279 | [B=54, T=11, D=11] true=0.444728 pred=0.536043 diff=+0.091315 abs_err=0.091315
INFO | EPOCH_279 | [B=1, T=20, D=5] true=0.515471 pred=0.488271 diff=-0.027200 abs_err=0.027200
INFO | EPOCH_279 | [B=39, T=6, D=0] true=3.036971 pred=2.969015 diff=-0.067956 abs_err=0.067956
INFO | EPOCH_279 | TOP 5 WORST masked points (largest abs_err):
INFO | EPOCH_279 | [B=47, T=24, D=6] true=1.678643 pred=4.539536 diff=+2.860893 abs_err=2.860893
INFO | EPOCH_279 | [B=47, T=28, D=9] true=1.413674 pred=4.063121 diff=+2.649447 abs_err=2.649447
INFO | EPOCH_279 | [B=7, T=7, D=0] true=3.767489 pred=1.133809 diff=-2.633680 abs_err=2.633680
INFO | EPOCH_279 | [B=3, T=27, D=9] true=3.570496 pred=1.396926 diff=-2.173570 abs_err=2.173570
INFO | EPOCH_279 | [B=45, T=4, D=0] true=0.990548 pred=3.155245 diff=+2.164697 abs_err=2.164697
INFO | EPOCH_279 | TOP 5 BEST/CORRECT masked points (smallest abs_err):
INFO | EPOCH_279 | [B=2, T=23, D=5] true=0.074870 pred=0.074861 diff=-0.000009 abs_err=0.000009
INFO | EPOCH_279 | [B=41, T=15, D=9] true=3.967645 pred=3.967632 diff=-0.000014 abs_err=0.000014
INFO | EPOCH_279 | [B=42, T=29, D=9] true=4.087378 pred=4.087359 diff=-0.000019 abs_err=0.000019
INFO | EPOCH_279 | [B=3, T=29, D=2] true=0.189641 pred=0.189697 diff=+0.000056 abs_err=0.000056
INFO | EPOCH_279 | [B=50, T=9, D=3] true=3.459341 pred=3.459281 diff=-0.000060 abs_err=0.000060
INFO | EPOCH_289 | RANDOM 15 masked points (true, pred, diff, abs_err):
INFO | EPOCH_289 | [B=17, T=24, D=6] true=3.427621 pred=3.456321 diff=+0.028700 abs_err=0.028700
INFO | EPOCH_289 | [B=15, T=3, D=8] true=0.408315 pred=0.408256 diff=-0.000059 abs_err=0.000059
INFO | EPOCH_289 | [B=46, T=27, D=0] true=2.763122 pred=2.775099 diff=+0.011977 abs_err=0.011977
INFO | EPOCH_289 | [B=6, T=22, D=4] true=1.593138 pred=1.720522 diff=+0.127384 abs_err=0.127384
INFO | EPOCH_289 | [B=3, T=27, D=2] true=0.033789 pred=0.084850 diff=+0.051061 abs_err=0.051061
INFO | EPOCH_289 | [B=47, T=27, D=3] true=3.218741 pred=3.351763 diff=+0.133022 abs_err=0.133022
INFO | EPOCH_289 | [B=63, T=17, D=8] true=1.097035 pred=0.866385 diff=-0.230650 abs_err=0.230650
INFO | EPOCH_289 | [B=34, T=2, D=0] true=2.958898 pred=2.851249 diff=-0.107649 abs_err=0.107649
INFO | EPOCH_289 | [B=53, T=17, D=3] true=3.364793 pred=3.448056 diff=+0.083264 abs_err=0.083264
INFO | EPOCH_289 | [B=47, T=29, D=0] true=2.746367 pred=2.721607 diff=-0.024760 abs_err=0.024760
INFO | EPOCH_289 | [B=23, T=19, D=10] true=2.454054 pred=2.328869 diff=-0.125185 abs_err=0.125185
INFO | EPOCH_289 | [B=53, T=6, D=2] true=0.298938 pred=0.240823 diff=-0.058115 abs_err=0.058115
INFO | EPOCH_289 | [B=23, T=12, D=2] true=-0.230826 pred=-0.245495 diff=-0.014669 abs_err=0.014669
INFO | EPOCH_289 | [B=25, T=27, D=1] true=1.930433 pred=1.925078 diff=-0.005355 abs_err=0.005355
INFO | EPOCH_289 | [B=17, T=7, D=11] true=0.916737 pred=0.813197 diff=-0.103541 abs_err=0.103541
INFO | EPOCH_289 | TOP 5 WORST masked points (largest abs_err):
INFO | EPOCH_289 | [B=17, T=2, D=6] true=0.050544 pred=3.937578 diff=+3.887034 abs_err=3.887034
INFO | EPOCH_289 | [B=17, T=6, D=6] true=0.042953 pred=3.928148 diff=+3.885195 abs_err=3.885195
INFO | EPOCH_289 | [B=37, T=28, D=6] true=5.711285 pred=3.113771 diff=-2.597514 abs_err=2.597514
INFO | EPOCH_289 | [B=32, T=28, D=3] true=1.292231 pred=3.881150 diff=+2.588919 abs_err=2.588919
INFO | EPOCH_289 | [B=32, T=3, D=3] true=1.371797 pred=3.952041 diff=+2.580244 abs_err=2.580244
INFO | EPOCH_289 | TOP 5 BEST/CORRECT masked points (smallest abs_err):
INFO | EPOCH_289 | [B=14, T=4, D=10] true=2.022212 pred=2.022213 diff=+0.000002 abs_err=0.000002
INFO | EPOCH_289 | [B=29, T=3, D=0] true=3.205395 pred=3.205441 diff=+0.000046 abs_err=0.000046
INFO | EPOCH_289 | [B=15, T=3, D=8] true=0.408315 pred=0.408256 diff=-0.000059 abs_err=0.000059
INFO | EPOCH_289 | [B=5, T=20, D=4] true=1.764413 pred=1.764473 diff=+0.000060 abs_err=0.000060
INFO | EPOCH_289 | [B=20, T=9, D=10] true=1.359269 pred=1.359352 diff=+0.000084 abs_err=0.000084
INFO | EPOCH_299 | RANDOM 15 masked points (true, pred, diff, abs_err):
INFO | EPOCH_299 | [B=15, T=16, D=9] true=1.402488 pred=1.697936 diff=+0.295449 abs_err=0.295449
INFO | EPOCH_299 | [B=26, T=3, D=7] true=1.304673 pred=1.420372 diff=+0.115698 abs_err=0.115698
INFO | EPOCH_299 | [B=48, T=27, D=0] true=2.943245 pred=2.955444 diff=+0.012199 abs_err=0.012199
INFO | EPOCH_299 | [B=33, T=11, D=6] true=4.411243 pred=4.524610 diff=+0.113367 abs_err=0.113367
INFO | EPOCH_299 | [B=29, T=3, D=11] true=0.787297 pred=0.828243 diff=+0.040945 abs_err=0.040945
INFO | EPOCH_299 | [B=0, T=21, D=2] true=0.441779 pred=0.105640 diff=-0.336140 abs_err=0.336140
INFO | EPOCH_299 | [B=10, T=3, D=1] true=2.684030 pred=2.475039 diff=-0.208990 abs_err=0.208990
INFO | EPOCH_299 | [B=31, T=4, D=11] true=0.359924 pred=0.339654 diff=-0.020270 abs_err=0.020270
INFO | EPOCH_299 | [B=24, T=22, D=3] true=3.492873 pred=3.211878 diff=-0.280995 abs_err=0.280995
INFO | EPOCH_299 | [B=2, T=30, D=0] true=3.196815 pred=3.375193 diff=+0.178378 abs_err=0.178378
INFO | EPOCH_299 | [B=12, T=19, D=4] true=1.418699 pred=1.359648 diff=-0.059051 abs_err=0.059051
INFO | EPOCH_299 | [B=13, T=4, D=0] true=4.107491 pred=4.371647 diff=+0.264156 abs_err=0.264156
INFO | EPOCH_299 | [B=5, T=4, D=11] true=0.651284 pred=0.779261 diff=+0.127977 abs_err=0.127977
INFO | EPOCH_299 | [B=4, T=8, D=6] true=0.977768 pred=1.087971 diff=+0.110203 abs_err=0.110203
INFO | EPOCH_299 | [B=28, T=13, D=9] true=3.787324 pred=3.586248 diff=-0.201077 abs_err=0.201077
INFO | EPOCH_299 | TOP 5 WORST masked points (largest abs_err):
INFO | EPOCH_299 | [B=46, T=10, D=6] true=0.025506 pred=3.383259 diff=+3.357752 abs_err=3.357752
INFO | EPOCH_299 | [B=46, T=13, D=6] true=0.022954 pred=3.371883 diff=+3.348929 abs_err=3.348929
INFO | EPOCH_299 | [B=26, T=5, D=9] true=0.757862 pred=3.555607 diff=+2.797745 abs_err=2.797745
INFO | EPOCH_299 | [B=49, T=14, D=11] true=2.130419 pred=-0.231383 diff=-2.361801 abs_err=2.361801
INFO | EPOCH_299 | [B=55, T=13, D=9] true=0.115999 pred=2.364108 diff=+2.248109 abs_err=2.248109
INFO | EPOCH_299 | TOP 5 BEST/CORRECT masked points (smallest abs_err):
INFO | EPOCH_299 | [B=52, T=0, D=10] true=1.302006 pred=1.302027 diff=+0.000021 abs_err=0.000021
INFO | EPOCH_299 | [B=34, T=7, D=3] true=3.271741 pred=3.271699 diff=-0.000043 abs_err=0.000043
INFO | EPOCH_299 | [B=2, T=10, D=2] true=0.490246 pred=0.490202 diff=-0.000043 abs_err=0.000043
INFO | EPOCH_299 | [B=15, T=24, D=1] true=2.616646 pred=2.616589 diff=-0.000056 abs_err=0.000056
INFO | EPOCH_299 | [B=13, T=22, D=7] true=1.583711 pred=1.583778 diff=+0.000067 abs_err=0.000067
